storm_id,year,basin,name,datetime_utc,latitude,longitude,max_wind_kt,central_pressure_hpa,pressure_drop_hpa,grade,step,target_time_24h,wind_24h_kt,delta_v_24h_kt,RI_24h,wind_6h_change,target_time_minus_6h,wind_minus_6h_kt,delta_v_minus_6h_kt,target_time_minus_12h,wind_minus_12h_kt,delta_v_minus_12h_kt,target_time_minus_24h,wind_minus_24h_kt,delta_v_minus_24h_kt
1982-001,1982,BOB,,1982-05-01 03:00:00,14.0,82.5,25.0,,3.0,D,0,1982-05-02 03:00:00,45.0,20.0,0.0,,1982-04-30 21:00:00,,,1982-04-30 15:00:00,,,1982-04-30 03:00:00,,
1982-001,1982,BOB,,1982-05-01 06:00:00,14.5,82.5,30.0,,5.0,DD,1,1982-05-02 06:00:00,50.0,20.0,0.0,5.0,1982-05-01 00:00:00,,,1982-04-30 18:00:00,,,1982-04-30 06:00:00,,
1982-001,1982,BOB,,1982-05-01 12:00:00,15.0,82.0,35.0,,6.0,CS,2,1982-05-02 12:00:00,55.0,20.0,0.0,5.0,1982-05-01 06:00:00,30.0,5.0,1982-05-01 00:00:00,,,1982-04-30 12:00:00,,
1982-001,1982,BOB,,1982-05-01 18:00:00,15.5,82.5,40.0,,8.0,CS,3,1982-05-02 18:00:00,55.0,15.0,0.0,5.0,1982-05-01 12:00:00,35.0,5.0,1982-05-01 06:00:00,30.0,10.0,1982-04-30 18:00:00,,
1982-001,1982,BOB,,1982-05-02 00:00:00,16.0,83.0,45.0,,10.0,CS,4,1982-05-03 00:00:00,60.0,15.0,0.0,5.0,1982-05-01 18:00:00,40.0,5.0,1982-05-01 12:00:00,35.0,10.0,1982-05-01 00:00:00,,
1982-001,1982,BOB,,1982-05-02 03:00:00,16.5,83.5,45.0,,10.042650267804008,CS,5,1982-05-03 03:00:00,65.0,20.0,0.0,0.0,1982-05-01 21:00:00,,,1982-05-01 15:00:00,,,1982-05-01 03:00:00,25.0,20.0
1982-001,1982,BOB,,1982-05-02 06:00:00,16.5,84.0,50.0,,12.398333663955565,SCS,6,1982-05-03 06:00:00,80.0,30.0,1.0,5.0,1982-05-02 00:00:00,45.0,5.0,1982-05-01 18:00:00,40.0,10.0,1982-05-01 06:00:00,30.0,20.0
1982-001,1982,BOB,,1982-05-02 12:00:00,16.5,84.5,55.0,,15.001983733386234,SCS,7,1982-05-03 12:00:00,90.0,35.0,1.0,5.0,1982-05-02 06:00:00,50.0,5.0,1982-05-02 00:00:00,45.0,10.0,1982-05-01 12:00:00,35.0,20.0
1982-001,1982,BOB,,1982-05-02 18:00:00,17.0,85.0,55.0,,15.001983733386234,SCS,8,1982-05-03 18:00:00,105.0,50.0,1.0,0.0,1982-05-02 12:00:00,55.0,0.0,1982-05-02 06:00:00,50.0,5.0,1982-05-01 18:00:00,40.0,15.0
1982-001,1982,BOB,,1982-05-03 00:00:00,17.0,86.0,60.0,,17.853600476096013,SCS,9,1982-05-04 00:00:00,115.0,55.0,1.0,5.0,1982-05-02 18:00:00,55.0,5.0,1982-05-02 12:00:00,55.0,5.0,1982-05-02 00:00:00,45.0,15.0
1982-001,1982,BOB,,1982-05-03 03:00:00,17.0,86.5,65.0,,20.953183892084905,VSCS,10,1982-05-04 03:00:00,115.0,50.0,1.0,5.0,1982-05-02 21:00:00,,,1982-05-02 15:00:00,,,1982-05-02 03:00:00,45.0,20.0
1982-001,1982,BOB,,1982-05-03 06:00:00,17.5,87.5,80.0,,31.73973417972625,VSCS,11,1982-05-04 06:00:00,115.0,35.0,1.0,15.0,1982-05-03 00:00:00,60.0,20.0,1982-05-02 18:00:00,55.0,25.0,1982-05-02 06:00:00,50.0,30.0
1982-001,1982,BOB,,1982-05-03 12:00:00,17.5,88.5,90.0,,40.17060107121603,VSCS,12,1982-05-04 12:00:00,115.0,25.0,0.0,10.0,1982-05-03 06:00:00,80.0,10.0,1982-05-03 00:00:00,60.0,30.0,1982-05-02 12:00:00,55.0,35.0
1982-001,1982,BOB,,1982-05-03 18:00:00,17.5,90.0,105.0,,54.67665145804404,VSCS,13,1982-05-04 18:00:00,115.0,10.0,0.0,15.0,1982-05-03 12:00:00,90.0,15.0,1982-05-03 06:00:00,80.0,25.0,1982-05-02 18:00:00,55.0,50.0
1982-001,1982,BOB,,1982-05-04 00:00:00,17.5,91.0,115.0,,65.58718508232494,VSCS,14,1982-05-05 00:00:00,,,,10.0,1982-05-03 18:00:00,105.0,10.0,1982-05-03 12:00:00,90.0,25.0,1982-05-03 00:00:00,60.0,55.0
1982-001,1982,BOB,,1982-05-04 03:00:00,17.5,91.5,115.0,,65.58718508232494,VSCS,15,1982-05-05 03:00:00,30.0,-85.0,0.0,0.0,1982-05-03 21:00:00,,,1982-05-03 15:00:00,,,1982-05-03 03:00:00,65.0,50.0
1982-001,1982,BOB,,1982-05-04 06:00:00,17.5,92.0,115.0,,65.58718508232494,VSCS,16,1982-05-05 06:00:00,,,,0.0,1982-05-04 00:00:00,115.0,0.0,1982-05-03 18:00:00,105.0,10.0,1982-05-03 06:00:00,80.0,35.0
1982-001,1982,BOB,,1982-05-04 12:00:00,17.5,93.5,115.0,,65.58718508232494,VSCS,17,1982-05-05 12:00:00,,,,0.0,1982-05-04 06:00:00,115.0,0.0,1982-05-04 00:00:00,115.0,0.0,1982-05-03 12:00:00,90.0,25.0
1982-001,1982,BOB,,1982-05-04 18:00:00,17.3,94.5,115.0,,65.58718508232494,VSCS,18,1982-05-05 18:00:00,,,,0.0,1982-05-04 12:00:00,115.0,0.0,1982-05-04 06:00:00,115.0,0.0,1982-05-03 18:00:00,105.0,10.0
1982-001,1982,BOB,,1982-05-05 03:00:00,17.2,98.5,30.0,,4.463400119024003,DD,19,1982-05-06 03:00:00,,,,-85.0,1982-05-04 21:00:00,,,1982-05-04 15:00:00,,,1982-05-04 03:00:00,115.0,-85.0
1982-002,1982,BOB,,1982-05-31 12:00:00,14.5,91.5,25.0,990.0,3.0995834159888913,D,0,1982-06-01 12:00:00,40.0,15.0,0.0,,1982-05-31 06:00:00,,,1982-05-31 00:00:00,,,1982-05-30 12:00:00,,
1982-002,1982,BOB,,1982-05-31 18:00:00,19.0,91.3,30.0,988.0,4.463400119024003,DD,1,1982-06-01 18:00:00,40.0,10.0,0.0,5.0,1982-05-31 12:00:00,25.0,5.0,1982-05-31 06:00:00,,,1982-05-30 18:00:00,,
1982-002,1982,BOB,,1982-06-01 00:00:00,15.5,91.0,35.0,986.0,6.075183495338227,CS,2,1982-06-02 00:00:00,40.0,5.0,0.0,5.0,1982-05-31 18:00:00,30.0,5.0,1982-05-31 12:00:00,25.0,10.0,1982-05-31 00:00:00,,
1982-002,1982,BOB,,1982-06-01 03:00:00,16.0,91.0,40.0,984.0,7.934933544931562,CS,3,1982-06-02 03:00:00,45.0,5.0,0.0,5.0,1982-05-31 21:00:00,,,1982-05-31 15:00:00,,,1982-05-31 03:00:00,,
1982-002,1982,BOB,,1982-06-01 06:00:00,16.5,91.0,40.0,984.0,7.934933544931562,CS,4,1982-06-02 06:00:00,45.0,5.0,0.0,0.0,1982-06-01 00:00:00,35.0,5.0,1982-05-31 18:00:00,30.0,10.0,1982-05-31 06:00:00,,
1982-002,1982,BOB,,1982-06-01 12:00:00,16.5,90.5,40.0,984.0,7.934933544931562,CS,5,1982-06-02 12:00:00,45.0,5.0,0.0,0.0,1982-06-01 06:00:00,40.0,0.0,1982-06-01 00:00:00,35.0,5.0,1982-05-31 12:00:00,25.0,15.0
1982-002,1982,BOB,,1982-06-01 18:00:00,17.0,90.0,40.0,984.0,7.934933544931562,CS,6,1982-06-02 18:00:00,50.0,10.0,0.0,0.0,1982-06-01 12:00:00,40.0,0.0,1982-06-01 06:00:00,40.0,0.0,1982-05-31 18:00:00,30.0,10.0
1982-002,1982,BOB,,1982-06-02 00:00:00,19.0,88.5,40.0,984.0,7.934933544931562,CS,7,1982-06-03 00:00:00,55.0,15.0,0.0,0.0,1982-06-01 18:00:00,40.0,0.0,1982-06-01 12:00:00,40.0,0.0,1982-06-01 00:00:00,35.0,5.0
1982-002,1982,BOB,,1982-06-02 03:00:00,17.5,89.5,45.0,982.0,10.042650267804008,CS,8,1982-06-03 03:00:00,65.0,20.0,0.0,5.0,1982-06-01 21:00:00,,,1982-06-01 15:00:00,,,1982-06-01 03:00:00,40.0,5.0
1982-002,1982,BOB,,1982-06-02 06:00:00,17.5,89.5,45.0,982.0,10.042650267804008,CS,9,1982-06-03 06:00:00,80.0,35.0,1.0,0.0,1982-06-02 00:00:00,40.0,5.0,1982-06-01 18:00:00,40.0,5.0,1982-06-01 06:00:00,40.0,5.0
1982-002,1982,BOB,,1982-06-02 12:00:00,18.0,89.0,45.0,982.0,10.042650267804008,SCS,10,1982-06-03 12:00:00,90.0,45.0,1.0,0.0,1982-06-02 06:00:00,45.0,0.0,1982-06-02 00:00:00,40.0,5.0,1982-06-01 12:00:00,40.0,5.0
1982-002,1982,BOB,,1982-06-02 18:00:00,18.5,88.5,50.0,979.0,13.0,SCS,11,1982-06-03 18:00:00,90.0,40.0,1.0,5.0,1982-06-02 12:00:00,45.0,5.0,1982-06-02 06:00:00,45.0,5.0,1982-06-01 18:00:00,40.0,10.0
1982-002,1982,BOB,,1982-06-03 00:00:00,19.0,88.5,55.0,976.0,16.0,SCS,12,1982-06-04 00:00:00,65.0,10.0,0.0,5.0,1982-06-02 18:00:00,50.0,5.0,1982-06-02 12:00:00,45.0,10.0,1982-06-02 00:00:00,40.0,15.0
1982-002,1982,BOB,,1982-06-03 03:00:00,19.0,88.0,65.0,972.0,22.0,VSCS,13,1982-06-04 03:00:00,45.0,-20.0,0.0,10.0,1982-06-02 21:00:00,,,1982-06-02 15:00:00,,,1982-06-02 03:00:00,45.0,20.0
1982-002,1982,BOB,,1982-06-03 06:00:00,19.5,87.5,80.0,960.0,31.73973417972625,VSCS,14,1982-06-04 06:00:00,35.0,-45.0,0.0,15.0,1982-06-03 00:00:00,55.0,25.0,1982-06-02 18:00:00,50.0,30.0,1982-06-02 06:00:00,45.0,35.0
1982-002,1982,BOB,,1982-06-03 09:00:00,19.5,87.5,90.0,952.0,40.17060107121603,VSCS,15,1982-06-04 09:00:00,,,,10.0,1982-06-03 03:00:00,65.0,25.0,1982-06-02 21:00:00,,,1982-06-02 09:00:00,,
1982-002,1982,BOB,,1982-06-03 12:00:00,20.0,87.0,90.0,952.0,40.0,VSCS,16,1982-06-04 12:00:00,30.0,-60.0,0.0,0.0,1982-06-03 06:00:00,80.0,10.0,1982-06-03 00:00:00,55.0,35.0,1982-06-02 12:00:00,45.0,45.0
1982-002,1982,BOB,,1982-06-03 18:00:00,21.0,86.5,90.0,952.0,40.17060107121603,VSCS,17,1982-06-04 18:00:00,30.0,-60.0,0.0,0.0,1982-06-03 12:00:00,90.0,0.0,1982-06-03 06:00:00,80.0,10.0,1982-06-02 18:00:00,50.0,40.0
1982-002,1982,BOB,,1982-06-04 00:00:00,21.5,86.0,65.0,970.0,22.0,VSCS,18,1982-06-05 00:00:00,25.0,-40.0,0.0,-25.0,1982-06-03 18:00:00,90.0,-25.0,1982-06-03 12:00:00,90.0,-25.0,1982-06-03 00:00:00,55.0,10.0
1982-002,1982,BOB,,1982-06-04 03:00:00,22.0,85.5,45.0,982.0,10.0,CS,19,1982-06-05 03:00:00,20.0,-25.0,0.0,-20.0,1982-06-03 21:00:00,,,1982-06-03 15:00:00,,,1982-06-03 03:00:00,65.0,-20.0
1982-002,1982,BOB,,1982-06-04 06:00:00,22.5,85.0,35.0,986.0,6.0,CS,20,1982-06-05 06:00:00,,,,-10.0,1982-06-04 00:00:00,65.0,-30.0,1982-06-03 18:00:00,90.0,-55.0,1982-06-03 06:00:00,80.0,-45.0
1982-002,1982,BOB,,1982-06-04 12:00:00,23.0,84.0,30.0,988.0,4.463400119024003,DD,21,1982-06-05 12:00:00,,,,-5.0,1982-06-04 06:00:00,35.0,-5.0,1982-06-04 00:00:00,65.0,-35.0,1982-06-03 12:00:00,90.0,-60.0
1982-002,1982,BOB,,1982-06-04 18:00:00,24.0,82.5,30.0,988.0,4.463400119024003,DD,22,1982-06-05 18:00:00,,,,0.0,1982-06-04 12:00:00,30.0,0.0,1982-06-04 06:00:00,35.0,-5.0,1982-06-03 18:00:00,90.0,-60.0
1982-002,1982,BOB,,1982-06-05 00:00:00,24.5,81.0,25.0,990.0,3.0,D,23,1982-06-06 00:00:00,,,,-5.0,1982-06-04 18:00:00,30.0,-5.0,1982-06-04 12:00:00,30.0,-5.0,1982-06-04 00:00:00,65.0,-40.0
1982-002,1982,BOB,,1982-06-05 03:00:00,25.0,81.5,20.0,991.0,3.0,D,24,1982-06-06 03:00:00,,,,-5.0,1982-06-04 21:00:00,,,1982-06-04 15:00:00,,,1982-06-04 03:00:00,45.0,-25.0
1982-003,1982,BOB,,1982-07-18 03:00:00,18.0,88.0,25.0,,4.0,D,0,1982-07-19 03:00:00,30.0,5.0,0.0,,1982-07-17 21:00:00,,,1982-07-17 15:00:00,,,1982-07-17 03:00:00,,
1982-003,1982,BOB,,1982-07-18 12:00:00,18.3,87.0,30.0,,5.0,DD,1,1982-07-19 12:00:00,25.0,-5.0,0.0,5.0,1982-07-18 06:00:00,,,1982-07-18 00:00:00,,,1982-07-17 12:00:00,,
1982-003,1982,BOB,,1982-07-18 18:00:00,18.4,86.5,30.0,,5.0,DD,2,1982-07-19 18:00:00,,,,0.0,1982-07-18 12:00:00,30.0,0.0,1982-07-18 06:00:00,,,1982-07-17 18:00:00,,
1982-003,1982,BOB,,1982-07-19 00:00:00,18.5,86.0,30.0,,5.0,DD,3,1982-07-20 00:00:00,20.0,-10.0,0.0,0.0,1982-07-18 18:00:00,30.0,0.0,1982-07-18 12:00:00,30.0,0.0,1982-07-18 00:00:00,,
1982-003,1982,BOB,,1982-07-19 03:00:00,18.5,86.0,30.0,,5.0,DD,4,1982-07-20 03:00:00,,,,0.0,1982-07-18 21:00:00,,,1982-07-18 15:00:00,,,1982-07-18 03:00:00,25.0,5.0
1982-003,1982,BOB,,1982-07-19 06:00:00,18.7,85.8,30.0,,5.0,DD,5,1982-07-20 06:00:00,,,,0.0,1982-07-19 00:00:00,30.0,0.0,1982-07-18 18:00:00,30.0,0.0,1982-07-18 06:00:00,,
1982-003,1982,BOB,,1982-07-19 12:00:00,19.0,85.5,25.0,,4.0,D,6,1982-07-20 12:00:00,,,,-5.0,1982-07-19 06:00:00,30.0,-5.0,1982-07-19 00:00:00,30.0,-5.0,1982-07-18 12:00:00,30.0,-5.0
1982-003,1982,BOB,,1982-07-20 00:00:00,19.5,85.0,20.0,,3.0,D,7,1982-07-21 00:00:00,,,,-5.0,1982-07-19 18:00:00,,,1982-07-19 12:00:00,25.0,-5.0,1982-07-19 00:00:00,30.0,-10.0
1982-004,1982,BOB,,1982-08-12 03:00:00,20.0,88.5,25.0,,3.0995834159888913,D,0,1982-08-13 03:00:00,,,,,1982-08-11 21:00:00,,,1982-08-11 15:00:00,,,1982-08-11 03:00:00,,
1982-004,1982,BOB,,1982-08-12 12:00:00,20.5,87.5,25.0,,3.0995834159888913,D,1,1982-08-13 12:00:00,,,,0.0,1982-08-12 06:00:00,,,1982-08-12 00:00:00,,,1982-08-11 12:00:00,,
1982-004,1982,BOB,,1982-08-12 18:00:00,20.5,87.0,25.0,,3.0995834159888913,D,2,1982-08-13 18:00:00,,,,0.0,1982-08-12 12:00:00,25.0,0.0,1982-08-12 06:00:00,,,1982-08-11 18:00:00,,
1982-005,1982,BOB,,1982-08-18 03:00:00,21.0,88.0,25.0,,3.0,D,0,1982-08-19 03:00:00,25.0,0.0,0.0,,1982-08-17 21:00:00,,,1982-08-17 15:00:00,,,1982-08-17 03:00:00,,
1982-005,1982,BOB,,1982-08-18 12:00:00,21.5,87.5,25.0,,3.0,D,1,1982-08-19 12:00:00,25.0,0.0,0.0,0.0,1982-08-18 06:00:00,,,1982-08-18 00:00:00,,,1982-08-17 12:00:00,,
1982-005,1982,BOB,,1982-08-19 03:00:00,22.0,86.5,25.0,,3.0,D,2,1982-08-20 03:00:00,,,,0.0,1982-08-18 21:00:00,,,1982-08-18 15:00:00,,,1982-08-18 03:00:00,25.0,0.0
1982-005,1982,BOB,,1982-08-19 12:00:00,22.2,86.0,25.0,,3.0,D,3,1982-08-20 12:00:00,,,,0.0,1982-08-19 06:00:00,,,1982-08-19 00:00:00,,,1982-08-18 12:00:00,25.0,0.0
1982-006,1982,BOB,,1982-08-27 03:00:00,19.0,88.5,25.0,,3.0,D,0,1982-08-28 03:00:00,25.0,0.0,0.0,,1982-08-26 21:00:00,,,1982-08-26 15:00:00,,,1982-08-26 03:00:00,,
1982-006,1982,BOB,,1982-08-27 12:00:00,20.0,88.0,25.0,,4.0,D,1,1982-08-28 12:00:00,25.0,0.0,0.0,0.0,1982-08-27 06:00:00,,,1982-08-27 00:00:00,,,1982-08-26 12:00:00,,
1982-006,1982,BOB,,1982-08-28 03:00:00,21.0,88.0,25.0,,4.0,D,2,1982-08-29 03:00:00,25.0,0.0,0.0,0.0,1982-08-27 21:00:00,,,1982-08-27 15:00:00,,,1982-08-27 03:00:00,25.0,0.0
1982-006,1982,BOB,,1982-08-28 12:00:00,21.2,87.7,25.0,,4.0,D,3,1982-08-29 12:00:00,25.0,0.0,0.0,0.0,1982-08-28 06:00:00,,,1982-08-28 00:00:00,,,1982-08-27 12:00:00,25.0,0.0
1982-006,1982,BOB,,1982-08-29 03:00:00,20.5,85.5,25.0,,4.0,D,4,1982-08-30 03:00:00,25.0,0.0,0.0,0.0,1982-08-28 21:00:00,,,1982-08-28 15:00:00,,,1982-08-28 03:00:00,25.0,0.0
1982-006,1982,BOB,,1982-08-29 12:00:00,21.0,85.0,25.0,,4.0,D,5,1982-08-30 12:00:00,25.0,0.0,0.0,0.0,1982-08-29 06:00:00,,,1982-08-29 00:00:00,,,1982-08-28 12:00:00,25.0,0.0
1982-006,1982,BOB,,1982-08-30 03:00:00,22.0,85.0,25.0,,4.0,D,6,1982-08-31 03:00:00,25.0,0.0,0.0,0.0,1982-08-29 21:00:00,,,1982-08-29 15:00:00,,,1982-08-29 03:00:00,25.0,0.0
1982-006,1982,BOB,,1982-08-30 12:00:00,23.0,85.0,25.0,,4.0,D,7,1982-08-31 12:00:00,25.0,0.0,0.0,0.0,1982-08-30 06:00:00,,,1982-08-30 00:00:00,,,1982-08-29 12:00:00,25.0,0.0
1982-006,1982,BOB,,1982-08-31 03:00:00,24.0,84.5,25.0,,4.0,D,8,1982-09-01 03:00:00,20.0,-5.0,0.0,0.0,1982-08-30 21:00:00,,,1982-08-30 15:00:00,,,1982-08-30 03:00:00,25.0,0.0
1982-006,1982,BOB,,1982-08-31 12:00:00,25.0,82.0,25.0,,4.0,D,9,1982-09-01 12:00:00,20.0,-5.0,0.0,0.0,1982-08-31 06:00:00,,,1982-08-31 00:00:00,,,1982-08-30 12:00:00,25.0,0.0
1982-006,1982,BOB,,1982-09-01 03:00:00,25.0,81.5,20.0,,3.0,D,10,1982-09-02 03:00:00,20.0,0.0,0.0,-5.0,1982-08-31 21:00:00,,,1982-08-31 15:00:00,,,1982-08-31 03:00:00,25.0,-5.0
1982-006,1982,BOB,,1982-09-01 12:00:00,25.0,81.3,20.0,,3.0,D,11,1982-09-02 12:00:00,20.0,0.0,0.0,0.0,1982-09-01 06:00:00,,,1982-09-01 00:00:00,,,1982-08-31 12:00:00,25.0,-5.0
1982-006,1982,BOB,,1982-09-02 03:00:00,25.0,81.0,20.0,,3.0,D,12,1982-09-03 03:00:00,,,,0.0,1982-09-01 21:00:00,,,1982-09-01 15:00:00,,,1982-09-01 03:00:00,20.0,0.0
1982-006,1982,BOB,,1982-09-02 12:00:00,25.5,80.0,20.0,,3.0,D,13,1982-09-03 12:00:00,,,,0.0,1982-09-02 06:00:00,,,1982-09-02 00:00:00,,,1982-09-01 12:00:00,20.0,0.0
1982-007,1982,BOB,,1982-09-09 03:00:00,18.0,89.0,25.0,,3.0,D,0,1982-09-10 03:00:00,25.0,0.0,0.0,,1982-09-08 21:00:00,,,1982-09-08 15:00:00,,,1982-09-08 03:00:00,,
1982-007,1982,BOB,,1982-09-09 12:00:00,18.5,87.0,25.0,,3.0,D,1,1982-09-10 12:00:00,,,,0.0,1982-09-09 06:00:00,,,1982-09-09 00:00:00,,,1982-09-08 12:00:00,,
1982-007,1982,BOB,,1982-09-10 03:00:00,20.5,85.5,25.0,,3.0,D,2,1982-09-11 03:00:00,,,,0.0,1982-09-09 21:00:00,,,1982-09-09 15:00:00,,,1982-09-09 03:00:00,25.0,0.0
1982-008,1982,BOB,,1982-09-29 00:00:00,22.0,91.5,30.0,,3.0,DD,0,1982-09-30 00:00:00,,,,,1982-09-28 18:00:00,,,1982-09-28 12:00:00,,,1982-09-28 00:00:00,,
1982-008,1982,BOB,,1982-09-29 03:00:00,22.5,92.0,30.0,,3.0,DD,1,1982-09-30 03:00:00,,,,0.0,1982-09-28 21:00:00,,,1982-09-28 15:00:00,,,1982-09-28 03:00:00,,
1982-009,1982,BOB,,1982-10-15 03:00:00,15.5,86.5,30.0,,5.0,DD,0,1982-10-16 03:00:00,50.0,20.0,0.0,,1982-10-14 21:00:00,,,1982-10-14 15:00:00,,,1982-10-14 03:00:00,,
1982-009,1982,BOB,,1982-10-15 12:00:00,16.0,85.5,35.0,,7.0,CS,1,1982-10-16 12:00:00,40.0,5.0,0.0,5.0,1982-10-15 06:00:00,,,1982-10-15 00:00:00,,,1982-10-14 12:00:00,,
1982-009,1982,BOB,,1982-10-15 18:00:00,16.3,84.5,45.0,,10.0,CS,2,1982-10-16 18:00:00,25.0,-20.0,0.0,10.0,1982-10-15 12:00:00,35.0,10.0,1982-10-15 06:00:00,,,1982-10-14 18:00:00,,
1982-009,1982,BOB,,1982-10-16 00:00:00,16.5,83.5,55.0,,16.0,SCS,3,1982-10-17 00:00:00,,,,10.0,1982-10-15 18:00:00,45.0,10.0,1982-10-15 12:00:00,35.0,20.0,1982-10-15 00:00:00,,
1982-009,1982,BOB,,1982-10-16 03:00:00,16.5,83.0,50.0,,14.0,SCS,4,1982-10-17 03:00:00,,,,-5.0,1982-10-15 21:00:00,,,1982-10-15 15:00:00,,,1982-10-15 03:00:00,30.0,20.0
1982-009,1982,BOB,,1982-10-16 12:00:00,17.0,82.5,40.0,,8.0,CS,5,1982-10-17 12:00:00,,,,-10.0,1982-10-16 06:00:00,,,1982-10-16 00:00:00,55.0,-15.0,1982-10-15 12:00:00,35.0,5.0
1982-009,1982,BOB,,1982-10-16 18:00:00,17.1,82.5,25.0,,4.0,DD,6,1982-10-17 18:00:00,,,,-15.0,1982-10-16 12:00:00,40.0,-15.0,1982-10-16 06:00:00,,,1982-10-15 18:00:00,45.0,-20.0
1982-010,1982,BOB,,1982-10-16 12:00:00,9.4,84.0,25.0,990.0,3.0,D,0,1982-10-17 12:00:00,30.0,5.0,0.0,,1982-10-16 06:00:00,,,1982-10-16 00:00:00,,,1982-10-15 12:00:00,,
1982-010,1982,BOB,,1982-10-17 03:00:00,,83.0,30.0,992.0,4.0,DD,1,1982-10-18 03:00:00,55.0,25.0,0.0,5.0,1982-10-16 21:00:00,,,1982-10-16 15:00:00,,,1982-10-16 03:00:00,,
1982-010,1982,BOB,,1982-10-17 12:00:00,11.0,82.5,30.0,992.0,4.0,DD,2,1982-10-18 12:00:00,55.0,25.0,0.0,0.0,1982-10-17 06:00:00,,,1982-10-17 00:00:00,,,1982-10-16 12:00:00,25.0,5.0
1982-010,1982,BOB,,1982-10-17 18:00:00,12.0,82.0,35.0,994.0,6.0,CS,3,1982-10-18 18:00:00,50.0,15.0,0.0,5.0,1982-10-17 12:00:00,30.0,5.0,1982-10-17 06:00:00,,,1982-10-16 18:00:00,,
1982-010,1982,BOB,,1982-10-18 00:00:00,12.5,81.5,50.0,986.0,14.0,SCS,4,1982-10-19 00:00:00,30.0,-20.0,0.0,15.0,1982-10-17 18:00:00,35.0,15.0,1982-10-17 12:00:00,30.0,20.0,1982-10-17 00:00:00,,
1982-010,1982,BOB,,1982-10-18 03:00:00,12.7,81.5,55.0,982.0,18.0,SCS,5,1982-10-19 03:00:00,30.0,-25.0,0.0,5.0,1982-10-17 21:00:00,,,1982-10-17 15:00:00,,,1982-10-17 03:00:00,30.0,25.0
1982-010,1982,BOB,,1982-10-18 12:00:00,14.0,80.5,55.0,982.0,18.0,SCS,6,1982-10-19 12:00:00,25.0,-30.0,0.0,0.0,1982-10-18 06:00:00,,,1982-10-18 00:00:00,50.0,5.0,1982-10-17 12:00:00,30.0,25.0
1982-010,1982,BOB,,1982-10-18 18:00:00,14.5,80.0,50.0,986.0,14.0,SCS,7,1982-10-19 18:00:00,,,,-5.0,1982-10-18 12:00:00,55.0,-5.0,1982-10-18 06:00:00,,,1982-10-17 18:00:00,35.0,15.0
1982-010,1982,BOB,,1982-10-19 00:00:00,15.0,79.5,30.0,995.0,5.0,DD,8,1982-10-20 00:00:00,,,,-20.0,1982-10-18 18:00:00,50.0,-20.0,1982-10-18 12:00:00,55.0,-25.0,1982-10-18 00:00:00,50.0,-20.0
1982-010,1982,BOB,,1982-10-19 03:00:00,15.0,79.0,30.0,996.0,4.0,DD,9,1982-10-20 03:00:00,20.0,-10.0,0.0,0.0,1982-10-18 21:00:00,,,1982-10-18 15:00:00,,,1982-10-18 03:00:00,55.0,-25.0
1982-010,1982,BOB,,1982-10-19 12:00:00,16.0,78.5,25.0,997.0,3.0,D,10,1982-10-20 12:00:00,20.0,-5.0,0.0,-5.0,1982-10-19 06:00:00,,,1982-10-19 00:00:00,30.0,-5.0,1982-10-18 12:00:00,55.0,-30.0
1982-010,1982,BOB,,1982-10-20 03:00:00,17.0,78.5,20.0,998.0,3.0,D,11,1982-10-21 03:00:00,20.0,0.0,0.0,-5.0,1982-10-19 21:00:00,,,1982-10-19 15:00:00,,,1982-10-19 03:00:00,30.0,-10.0
1982-010,1982,BOB,,1982-10-20 12:00:00,18.0,78.3,20.0,998.0,3.0,D,12,1982-10-21 12:00:00,20.0,0.0,0.0,0.0,1982-10-20 06:00:00,,,1982-10-20 00:00:00,,,1982-10-19 12:00:00,25.0,-5.0
1982-010,1982,BOB,,1982-10-21 03:00:00,19.0,79.2,20.0,998.0,3.0,D,13,1982-10-22 03:00:00,,,,0.0,1982-10-20 21:00:00,,,1982-10-20 15:00:00,,,1982-10-20 03:00:00,20.0,0.0
1982-010,1982,BOB,,1982-10-21 12:00:00,21.0,81.0,20.0,998.0,3.0,D,14,1982-10-22 12:00:00,,,,0.0,1982-10-21 06:00:00,,,1982-10-21 00:00:00,,,1982-10-20 12:00:00,20.0,0.0
1982-011,1982,BOB,,1982-11-28 03:00:00,7.0,88.0,25.0,,3.0,D,0,1982-11-29 03:00:00,25.0,0.0,0.0,,1982-11-27 21:00:00,,,1982-11-27 15:00:00,,,1982-11-27 03:00:00,,
1982-011,1982,BOB,,1982-11-28 12:00:00,7.5,85.5,30.0,,5.0,DD,1,1982-11-29 12:00:00,,,,5.0,1982-11-28 06:00:00,,,1982-11-28 00:00:00,,,1982-11-27 12:00:00,,
1982-011,1982,BOB,,1982-11-29 03:00:00,8.5,83.5,25.0,,4.0,D,2,1982-11-30 03:00:00,,,,-5.0,1982-11-28 21:00:00,,,1982-11-28 15:00:00,,,1982-11-28 03:00:00,25.0,0.0
1982-012,1982,BOB,,1982-12-02 12:00:00,7.5,84.0,25.0,,3.0,,0,1982-12-03 12:00:00,25.0,0.0,0.0,,1982-12-02 06:00:00,,,1982-12-02 00:00:00,,,1982-12-01 12:00:00,,
1982-012,1982,BOB,,1982-12-03 03:00:00,9.0,82.0,25.0,,3.0,,1,1982-12-04 03:00:00,,,,0.0,1982-12-02 21:00:00,,,1982-12-02 15:00:00,,,1982-12-02 03:00:00,,
1982-012,1982,BOB,,1982-12-03 12:00:00,9.5,79.5,25.0,,3.0,,2,1982-12-04 12:00:00,,,,0.0,1982-12-03 06:00:00,,,1982-12-03 00:00:00,,,1982-12-02 12:00:00,25.0,0.0
1982-012,1982,BOB,,1982-12-04 00:00:00,9.7,79.0,25.0,,3.0,,3,1982-12-05 00:00:00,,,,0.0,1982-12-03 18:00:00,,,1982-12-03 12:00:00,25.0,0.0,1982-12-03 00:00:00,,
1983-002,1983,BOB,,1983-06-24 03:00:00,18.0,87.0,30.0,,4.463400119024003,DD,0,1983-06-25 03:00:00,30.0,0.0,0.0,,1983-06-23 21:00:00,,,1983-06-23 15:00:00,,,1983-06-23 03:00:00,,
1983-002,1983,BOB,,1983-06-24 12:00:00,18.0,86.5,30.0,,4.463400119024003,DD,1,1983-06-25 12:00:00,30.0,0.0,0.0,0.0,1983-06-24 06:00:00,,,1983-06-24 00:00:00,,,1983-06-23 12:00:00,,
1983-002,1983,BOB,,1983-06-24 18:00:00,18.5,86.0,30.0,,4.463400119024003,DD,2,1983-06-25 18:00:00,30.0,0.0,0.0,0.0,1983-06-24 12:00:00,30.0,0.0,1983-06-24 06:00:00,,,1983-06-23 18:00:00,,
1983-002,1983,BOB,,1983-06-25 03:00:00,19.0,85.5,30.0,,4.463400119024003,DD,3,1983-06-26 03:00:00,25.0,-5.0,0.0,0.0,1983-06-24 21:00:00,,,1983-06-24 15:00:00,,,1983-06-24 03:00:00,30.0,0.0
1983-002,1983,BOB,,1983-06-25 12:00:00,19.5,85.0,30.0,,4.463400119024003,DD,4,1983-06-26 12:00:00,25.0,-5.0,0.0,0.0,1983-06-25 06:00:00,,,1983-06-25 00:00:00,,,1983-06-24 12:00:00,30.0,0.0
1983-002,1983,BOB,,1983-06-25 18:00:00,19.5,84.5,30.0,,4.463400119024003,DD,5,1983-06-26 18:00:00,,,,0.0,1983-06-25 12:00:00,30.0,0.0,1983-06-25 06:00:00,,,1983-06-24 18:00:00,30.0,0.0
1983-002,1983,BOB,,1983-06-26 03:00:00,20.0,83.5,25.0,,3.0995834159888913,D,6,1983-06-27 03:00:00,25.0,0.0,0.0,-5.0,1983-06-25 21:00:00,,,1983-06-25 15:00:00,,,1983-06-25 03:00:00,30.0,-5.0
1983-002,1983,BOB,,1983-06-26 12:00:00,21.0,83.0,25.0,,3.0995834159888913,D,7,1983-06-27 12:00:00,25.0,0.0,0.0,0.0,1983-06-26 06:00:00,,,1983-06-26 00:00:00,,,1983-06-25 12:00:00,30.0,-5.0
1983-002,1983,BOB,,1983-06-27 03:00:00,22.0,81.0,25.0,,3.0995834159888913,D,8,1983-06-28 03:00:00,,,,0.0,1983-06-26 21:00:00,,,1983-06-26 15:00:00,,,1983-06-26 03:00:00,25.0,0.0
1983-002,1983,BOB,,1983-06-27 12:00:00,23.5,78.0,25.0,,3.0995834159888913,D,9,1983-06-28 12:00:00,,,,0.0,1983-06-27 06:00:00,,,1983-06-27 00:00:00,,,1983-06-26 12:00:00,25.0,0.0
1983-005,1983,BOB,HERBERT,1983-10-14 03:00:00,19.0,91.0,25.0,,3.0995834159888913,D,0,1983-10-15 03:00:00,55.0,30.0,1.0,,1983-10-13 21:00:00,,,1983-10-13 15:00:00,,,1983-10-13 03:00:00,,
1983-005,1983,BOB,HERBERT,1983-10-14 12:00:00,19.5,90.5,55.0,,15.001983733386234,CS,1,1983-10-15 12:00:00,40.0,-15.0,0.0,30.0,1983-10-14 06:00:00,,,1983-10-14 00:00:00,,,1983-10-13 12:00:00,,
1983-005,1983,BOB,HERBERT,1983-10-15 03:00:00,21.5,91.5,55.0,,15.001983733386234,CS,2,1983-10-16 03:00:00,,,,0.0,1983-10-14 21:00:00,,,1983-10-14 15:00:00,,,1983-10-14 03:00:00,25.0,30.0
1983-005,1983,BOB,HERBERT,1983-10-15 12:00:00,21.5,91.5,40.0,,7.934933544931562,CS,3,1983-10-16 12:00:00,,,,-15.0,1983-10-15 06:00:00,,,1983-10-15 00:00:00,,,1983-10-14 12:00:00,55.0,-15.0
1983-006,1983,BOB,,1983-11-06 03:00:00,12.0,88.5,25.0,,3.0995834159888913,D,0,1983-11-07 03:00:00,45.0,20.0,0.0,,1983-11-05 21:00:00,,,1983-11-05 15:00:00,,,1983-11-05 03:00:00,,
1983-006,1983,BOB,,1983-11-06 12:00:00,13.0,87.5,40.0,,7.934933544931562,DD,1,1983-11-07 12:00:00,45.0,5.0,0.0,15.0,1983-11-06 06:00:00,,,1983-11-06 00:00:00,,,1983-11-05 12:00:00,,
1983-006,1983,BOB,,1983-11-07 03:00:00,15.5,88.5,45.0,,10.042650267804008,CS,2,1983-11-08 03:00:00,65.0,20.0,0.0,5.0,1983-11-06 21:00:00,,,1983-11-06 15:00:00,,,1983-11-06 03:00:00,25.0,20.0
1983-006,1983,BOB,,1983-11-07 12:00:00,15.5,88.5,45.0,,10.042650267804008,CS,3,1983-11-08 12:00:00,90.0,45.0,1.0,0.0,1983-11-07 06:00:00,,,1983-11-07 00:00:00,,,1983-11-06 12:00:00,40.0,5.0
1983-006,1983,BOB,,1983-11-08 03:00:00,17.0,89.0,65.0,,20.953183892084905,SCS,4,1983-11-09 03:00:00,90.0,25.0,0.0,20.0,1983-11-07 21:00:00,,,1983-11-07 15:00:00,,,1983-11-07 03:00:00,45.0,20.0
1983-006,1983,BOB,,1983-11-08 12:00:00,18.5,90.0,90.0,,40.17060107121603,SCS,5,1983-11-09 12:00:00,,,,25.0,1983-11-08 06:00:00,,,1983-11-08 00:00:00,,,1983-11-07 12:00:00,45.0,45.0
1983-006,1983,BOB,,1983-11-09 03:00:00,19.5,91.0,90.0,,40.17060107121603,SCS,6,1983-11-10 03:00:00,,,,0.0,1983-11-08 21:00:00,,,1983-11-08 15:00:00,,,1983-11-08 03:00:00,65.0,25.0
1984-002,1984,BOB,,1984-07-31 03:00:00,20.0,88.5,25.0,,3.0995834159888913,D,0,1984-08-01 03:00:00,25.0,0.0,0.0,,1984-07-30 21:00:00,,,1984-07-30 15:00:00,,,1984-07-30 03:00:00,,
1984-002,1984,BOB,,1984-07-31 12:00:00,20.0,86.5,25.0,,3.0995834159888913,D,1,1984-08-01 12:00:00,25.0,0.0,0.0,0.0,1984-07-31 06:00:00,,,1984-07-31 00:00:00,,,1984-07-30 12:00:00,,
1984-002,1984,BOB,,1984-08-01 03:00:00,20.5,85.0,25.0,,3.0995834159888913,D,2,1984-08-02 03:00:00,25.0,0.0,0.0,0.0,1984-07-31 21:00:00,,,1984-07-31 15:00:00,,,1984-07-31 03:00:00,25.0,0.0
1984-002,1984,BOB,,1984-08-01 12:00:00,21.0,84.0,25.0,,3.0995834159888913,D,3,1984-08-02 12:00:00,25.0,0.0,0.0,0.0,1984-08-01 06:00:00,,,1984-08-01 00:00:00,,,1984-07-31 12:00:00,25.0,0.0
1984-002,1984,BOB,,1984-08-02 03:00:00,22.0,82.0,25.0,,3.0995834159888913,D,4,1984-08-03 03:00:00,25.0,0.0,0.0,0.0,1984-08-01 21:00:00,,,1984-08-01 15:00:00,,,1984-08-01 03:00:00,25.0,0.0
1984-002,1984,BOB,,1984-08-02 12:00:00,23.0,80.5,25.0,,3.0995834159888913,D,5,1984-08-03 12:00:00,25.0,0.0,0.0,0.0,1984-08-02 06:00:00,,,1984-08-02 00:00:00,,,1984-08-01 12:00:00,25.0,0.0
1984-002,1984,BOB,,1984-08-03 03:00:00,23.5,79.0,25.0,,3.0995834159888913,D,6,1984-08-04 03:00:00,25.0,0.0,0.0,0.0,1984-08-02 21:00:00,,,1984-08-02 15:00:00,,,1984-08-02 03:00:00,25.0,0.0
1984-002,1984,BOB,,1984-08-03 12:00:00,24.0,77.0,25.0,,3.0995834159888913,D,7,1984-08-04 12:00:00,25.0,0.0,0.0,0.0,1984-08-03 06:00:00,,,1984-08-03 00:00:00,,,1984-08-02 12:00:00,25.0,0.0
1984-002,1984,BOB,,1984-08-03 18:00:00,24.5,76.0,25.0,,3.0995834159888913,D,8,1984-08-04 18:00:00,,,,0.0,1984-08-03 12:00:00,25.0,0.0,1984-08-03 06:00:00,,,1984-08-02 18:00:00,,
1984-002,1984,BOB,,1984-08-04 03:00:00,25.0,75.0,25.0,,3.0995834159888913,D,9,1984-08-05 03:00:00,25.0,0.0,0.0,0.0,1984-08-03 21:00:00,,,1984-08-03 15:00:00,,,1984-08-03 03:00:00,25.0,0.0
1984-002,1984,BOB,,1984-08-04 12:00:00,26.0,73.0,25.0,,3.0995834159888913,D,10,1984-08-05 12:00:00,25.0,0.0,0.0,0.0,1984-08-04 06:00:00,,,1984-08-04 00:00:00,,,1984-08-03 12:00:00,25.0,0.0
1984-002,1984,BOB,,1984-08-05 03:00:00,25.5,71.5,25.0,,3.0995834159888913,D,11,1984-08-06 03:00:00,25.0,0.0,0.0,0.0,1984-08-04 21:00:00,,,1984-08-04 15:00:00,,,1984-08-04 03:00:00,25.0,0.0
1984-002,1984,BOB,,1984-08-05 12:00:00,25.5,70.5,25.0,,3.0995834159888913,D,12,1984-08-06 12:00:00,25.0,0.0,0.0,0.0,1984-08-05 06:00:00,,,1984-08-05 00:00:00,,,1984-08-04 12:00:00,25.0,0.0
1984-002,1984,BOB,,1984-08-06 03:00:00,25.5,69.0,25.0,,3.0995834159888913,D,13,1984-08-07 03:00:00,25.0,0.0,0.0,0.0,1984-08-05 21:00:00,,,1984-08-05 15:00:00,,,1984-08-05 03:00:00,25.0,0.0
1984-002,1984,BOB,,1984-08-06 12:00:00,25.0,67.0,25.0,,3.0995834159888913,D,14,1984-08-07 12:00:00,25.0,0.0,0.0,0.0,1984-08-06 06:00:00,,,1984-08-06 00:00:00,,,1984-08-05 12:00:00,25.0,0.0
1984-002,1984,BOB,,1984-08-07 03:00:00,25.5,69.0,25.0,,3.0995834159888913,D,15,1984-08-08 03:00:00,,,,0.0,1984-08-06 21:00:00,,,1984-08-06 15:00:00,,,1984-08-06 03:00:00,25.0,0.0
1984-002,1984,BOB,,1984-08-07 12:00:00,25.0,67.0,25.0,,3.0995834159888913,D,16,1984-08-08 12:00:00,,,,0.0,1984-08-07 06:00:00,,,1984-08-07 00:00:00,,,1984-08-06 12:00:00,25.0,0.0
1984-002,1984,BOB,,1984-08-07 18:00:00,25.0,67.0,25.0,,3.0995834159888913,D,17,1984-08-08 18:00:00,,,,0.0,1984-08-07 12:00:00,25.0,0.0,1984-08-07 06:00:00,,,1984-08-06 18:00:00,,
1984-003,1984,BOB,,1984-08-15 00:00:00,19.5,90.5,25.0,,3.0995834159888913,D,0,1984-08-16 00:00:00,,,,,1984-08-14 18:00:00,,,1984-08-14 12:00:00,,,1984-08-14 00:00:00,,
1984-003,1984,BOB,,1984-08-15 03:00:00,20.0,90.0,25.0,,3.0995834159888913,D,1,1984-08-16 03:00:00,25.0,0.0,0.0,0.0,1984-08-14 21:00:00,,,1984-08-14 15:00:00,,,1984-08-14 03:00:00,,
1984-003,1984,BOB,,1984-08-15 12:00:00,21.0,87.0,25.0,,3.0995834159888913,D,2,1984-08-16 12:00:00,25.0,0.0,0.0,0.0,1984-08-15 06:00:00,,,1984-08-15 00:00:00,25.0,0.0,1984-08-14 12:00:00,,
1984-003,1984,BOB,,1984-08-16 03:00:00,21.7,86.5,25.0,,3.0995834159888913,D,3,1984-08-17 03:00:00,25.0,0.0,0.0,0.0,1984-08-15 21:00:00,,,1984-08-15 15:00:00,,,1984-08-15 03:00:00,25.0,0.0
1984-003,1984,BOB,,1984-08-16 12:00:00,22.0,85.5,25.0,,3.0995834159888913,D,4,1984-08-17 12:00:00,25.0,0.0,0.0,0.0,1984-08-16 06:00:00,,,1984-08-16 00:00:00,,,1984-08-15 12:00:00,25.0,0.0
1984-003,1984,BOB,,1984-08-17 03:00:00,23.0,84.0,25.0,,3.0995834159888913,D,5,1984-08-18 03:00:00,25.0,0.0,0.0,0.0,1984-08-16 21:00:00,,,1984-08-16 15:00:00,,,1984-08-16 03:00:00,25.0,0.0
1984-003,1984,BOB,,1984-08-17 12:00:00,24.0,82.5,25.0,,3.0995834159888913,D,6,1984-08-18 12:00:00,25.0,0.0,0.0,0.0,1984-08-17 06:00:00,,,1984-08-17 00:00:00,,,1984-08-16 12:00:00,25.0,0.0
1984-003,1984,BOB,,1984-08-18 03:00:00,23.5,80.5,25.0,,3.0995834159888913,D,7,1984-08-19 03:00:00,25.0,0.0,0.0,0.0,1984-08-17 21:00:00,,,1984-08-17 15:00:00,,,1984-08-17 03:00:00,25.0,0.0
1984-003,1984,BOB,,1984-08-18 12:00:00,23.5,78.5,25.0,,3.0995834159888913,D,8,1984-08-19 12:00:00,25.0,0.0,0.0,0.0,1984-08-18 06:00:00,,,1984-08-18 00:00:00,,,1984-08-17 12:00:00,25.0,0.0
1984-003,1984,BOB,,1984-08-19 03:00:00,24.5,78.5,25.0,,3.0995834159888913,D,9,1984-08-20 03:00:00,,,,0.0,1984-08-18 21:00:00,,,1984-08-18 15:00:00,,,1984-08-18 03:00:00,25.0,0.0
1984-003,1984,BOB,,1984-08-19 12:00:00,25.5,78.5,25.0,,3.0995834159888913,D,10,1984-08-20 12:00:00,,,,0.0,1984-08-19 06:00:00,,,1984-08-19 00:00:00,,,1984-08-18 12:00:00,25.0,0.0
1984-004,1984,BOB,,1984-10-13 00:00:00,19.0,88.0,25.0,,3.0995834159888913,D,0,1984-10-14 00:00:00,,,,,1984-10-12 18:00:00,,,1984-10-12 12:00:00,,,1984-10-12 00:00:00,,
1984-004,1984,BOB,,1984-10-13 03:00:00,19.5,87.5,25.0,,3.0995834159888913,D,1,1984-10-14 03:00:00,55.0,30.0,1.0,0.0,1984-10-12 21:00:00,,,1984-10-12 15:00:00,,,1984-10-12 03:00:00,,
1984-004,1984,BOB,,1984-10-13 12:00:00,20.5,87.5,65.0,,20.953183892084905,SCS,2,1984-10-14 12:00:00,35.0,-30.0,0.0,40.0,1984-10-13 06:00:00,,,1984-10-13 00:00:00,25.0,40.0,1984-10-12 12:00:00,,
1984-004,1984,BOB,,1984-10-14 03:00:00,20.7,86.8,55.0,,15.001983733386234,SCS,3,1984-10-15 03:00:00,25.0,-30.0,0.0,-10.0,1984-10-13 21:00:00,,,1984-10-13 15:00:00,,,1984-10-13 03:00:00,25.0,30.0
1984-004,1984,BOB,,1984-10-14 12:00:00,21.5,86.0,35.0,,8.0,CS,4,1984-10-15 12:00:00,20.0,-15.0,0.0,-20.0,1984-10-14 06:00:00,,,1984-10-14 00:00:00,,,1984-10-13 12:00:00,65.0,-30.0
1984-004,1984,BOB,,1984-10-15 03:00:00,22.5,85.0,25.0,,4.0,D,5,1984-10-16 03:00:00,,,,-10.0,1984-10-14 21:00:00,,,1984-10-14 15:00:00,,,1984-10-14 03:00:00,55.0,-30.0
1984-004,1984,BOB,,1984-10-15 12:00:00,23.5,84.5,20.0,,3.0,D,6,1984-10-16 12:00:00,,,,-5.0,1984-10-15 06:00:00,,,1984-10-15 00:00:00,,,1984-10-14 12:00:00,35.0,-15.0
1984-005,1984,BOB,,1984-11-09 12:00:00,9.5,87.5,25.0,,3.0995834159888913,D,0,1984-11-10 12:00:00,30.0,5.0,0.0,,1984-11-09 06:00:00,,,1984-11-09 00:00:00,,,1984-11-08 12:00:00,,
1984-005,1984,BOB,,1984-11-10 03:00:00,9.5,87.5,30.0,,5.0,DD,1,1984-11-11 03:00:00,30.0,0.0,0.0,5.0,1984-11-09 21:00:00,,,1984-11-09 15:00:00,,,1984-11-09 03:00:00,,
1984-005,1984,BOB,,1984-11-10 12:00:00,10.0,86.0,30.0,,5.0,DD,2,1984-11-11 12:00:00,40.0,10.0,0.0,0.0,1984-11-10 06:00:00,,,1984-11-10 00:00:00,,,1984-11-09 12:00:00,25.0,5.0
1984-005,1984,BOB,,1984-11-10 18:00:00,10.0,84.0,30.0,,5.0,DD,3,1984-11-11 18:00:00,,,,0.0,1984-11-10 12:00:00,30.0,0.0,1984-11-10 06:00:00,,,1984-11-09 18:00:00,,
1984-005,1984,BOB,,1984-11-11 03:00:00,10.5,82.5,30.0,,5.0,DD,4,1984-11-12 03:00:00,55.0,25.0,0.0,0.0,1984-11-10 21:00:00,,,1984-11-10 15:00:00,,,1984-11-10 03:00:00,30.0,0.0
1984-005,1984,BOB,,1984-11-11 06:00:00,10.8,82.0,35.0,,6.075183495338227,DD,5,1984-11-12 06:00:00,,,,5.0,1984-11-11 00:00:00,,,1984-11-10 18:00:00,30.0,5.0,1984-11-10 06:00:00,,
1984-005,1984,BOB,,1984-11-11 12:00:00,11.0,81.5,40.0,,8.0,CS,6,1984-11-12 12:00:00,90.0,50.0,1.0,5.0,1984-11-11 06:00:00,35.0,5.0,1984-11-11 00:00:00,,,1984-11-10 12:00:00,30.0,10.0
1984-005,1984,BOB,,1984-11-12 03:00:00,12.0,80.5,55.0,,15.001983733386234,SCS,7,1984-11-13 03:00:00,90.0,35.0,1.0,15.0,1984-11-11 21:00:00,,,1984-11-11 15:00:00,,,1984-11-11 03:00:00,30.0,25.0
1984-005,1984,BOB,,1984-11-12 12:00:00,12.5,80.5,90.0,,40.17060107121603,SCS,8,1984-11-13 12:00:00,102.0,12.0,0.0,35.0,1984-11-12 06:00:00,,,1984-11-12 00:00:00,,,1984-11-11 12:00:00,40.0,50.0
1984-005,1984,BOB,,1984-11-13 03:00:00,13.5,80.5,90.0,,40.17060107121603,SCS,9,1984-11-14 03:00:00,115.0,25.0,0.0,0.0,1984-11-12 21:00:00,,,1984-11-12 15:00:00,,,1984-11-12 03:00:00,55.0,35.0
1984-005,1984,BOB,,1984-11-13 12:00:00,13.5,80.3,102.0,,51.59690537591748,SCS,10,1984-11-14 12:00:00,65.0,-37.0,0.0,12.0,1984-11-13 06:00:00,,,1984-11-13 00:00:00,,,1984-11-12 12:00:00,90.0,12.0
1984-005,1984,BOB,,1984-11-13 18:00:00,13.5,80.0,115.0,,65.58718508232494,SCS,11,1984-11-14 18:00:00,,,,13.0,1984-11-13 12:00:00,102.0,13.0,1984-11-13 06:00:00,,,1984-11-12 18:00:00,,
1984-005,1984,BOB,,1984-11-14 03:00:00,13.5,80.0,115.0,,65.58718508232494,SCS,12,1984-11-15 03:00:00,,,,0.0,1984-11-13 21:00:00,,,1984-11-13 15:00:00,,,1984-11-13 03:00:00,90.0,25.0
1984-005,1984,BOB,,1984-11-14 12:00:00,13.5,79.5,65.0,,20.953183892084905,CS,13,1984-11-15 12:00:00,,,,-50.0,1984-11-14 06:00:00,,,1984-11-14 00:00:00,,,1984-11-13 12:00:00,102.0,-37.0
1984-006,1984,BOB,,1984-11-27 12:00:00,8.5,85.5,25.0,,3.0995834159888913,D,0,1984-11-28 12:00:00,30.0,5.0,0.0,,1984-11-27 06:00:00,,,1984-11-27 00:00:00,,,1984-11-26 12:00:00,,
1984-006,1984,BOB,,1984-11-28 03:00:00,9.0,85.0,25.0,,3.0995834159888913,D,1,1984-11-29 03:00:00,,,,0.0,1984-11-27 21:00:00,,,1984-11-27 15:00:00,,,1984-11-27 03:00:00,,
1984-006,1984,BOB,,1984-11-28 12:00:00,9.5,84.5,30.0,,4.463400119024003,DD,2,1984-11-29 12:00:00,,,,5.0,1984-11-28 06:00:00,,,1984-11-28 00:00:00,,,1984-11-27 12:00:00,25.0,5.0
1984-006,1984,BOB,,1984-11-28 15:00:00,9.5,84.5,35.0,,6.075183495338227,DD,3,1984-11-29 15:00:00,,,,5.0,1984-11-28 09:00:00,,,1984-11-28 03:00:00,25.0,10.0,1984-11-27 15:00:00,,
1984-006,1984,BOB,,1984-11-29 09:00:00,9.5,84.5,45.0,,10.042650267804008,CS,4,1984-11-30 09:00:00,,,,10.0,1984-11-29 03:00:00,,,1984-11-28 21:00:00,,,1984-11-28 09:00:00,,
1984-006,1984,BOB,,1984-11-30 00:00:00,9.5,84.5,55.0,,15.001983733386234,CS,5,1984-12-01 00:00:00,,,,10.0,1984-11-29 18:00:00,,,1984-11-29 12:00:00,,,1984-11-29 00:00:00,,
1984-006,1984,BOB,,1984-11-30 03:00:00,9.5,84.5,115.0,,65.58718508232494,SCS,6,1984-12-01 03:00:00,115.0,0.0,0.0,60.0,1984-11-29 21:00:00,,,1984-11-29 15:00:00,,,1984-11-29 03:00:00,,
1984-006,1984,BOB,,1984-12-01 03:00:00,10.8,80.5,115.0,,65.58718508232494,SCS,7,1984-12-02 03:00:00,25.0,-90.0,0.0,0.0,1984-11-30 21:00:00,,,1984-11-30 15:00:00,,,1984-11-30 03:00:00,115.0,0.0
1984-006,1984,BOB,,1984-12-01 12:00:00,11.0,79.0,55.0,,15.001983733386234,CS,8,1984-12-02 12:00:00,,,,-60.0,1984-12-01 06:00:00,,,1984-12-01 00:00:00,,,1984-11-30 12:00:00,,
1984-006,1984,BOB,,1984-12-01 18:00:00,11.5,77.5,30.0,,4.463400119024003,DD,9,1984-12-02 18:00:00,,,,-25.0,1984-12-01 12:00:00,55.0,-25.0,1984-12-01 06:00:00,,,1984-11-30 18:00:00,,
1984-006,1984,BOB,,1984-12-02 03:00:00,11.5,74.0,25.0,,3.0995834159888913,D,10,1984-12-03 03:00:00,,,,-5.0,1984-12-01 21:00:00,,,1984-12-01 15:00:00,,,1984-12-01 03:00:00,115.0,-90.0
1985-001,1985,BOB,,1985-05-21 21:00:00,16.0,89.0,25.0,,3.0995834159888913,D,0,1985-05-22 21:00:00,,,,,1985-05-21 15:00:00,,,1985-05-21 09:00:00,,,1985-05-20 21:00:00,,
1985-001,1985,BOB,,1985-05-22 03:00:00,16.0,89.0,25.0,,3.0995834159888913,D,1,1985-05-23 03:00:00,40.0,15.0,0.0,0.0,1985-05-21 21:00:00,25.0,0.0,1985-05-21 15:00:00,,,1985-05-21 03:00:00,,
1985-001,1985,BOB,,1985-05-22 03:30:00,16.0,89.0,25.0,,3.0995834159888913,D,2,1985-05-23 03:30:00,,,,0.0,1985-05-21 21:30:00,,,1985-05-21 15:30:00,,,1985-05-21 03:30:00,,
1985-001,1985,BOB,,1985-05-22 12:00:00,16.0,89.0,35.0,,6.075183495338227,CS,3,1985-05-23 12:00:00,,,,10.0,1985-05-22 06:00:00,,,1985-05-22 00:00:00,,,1985-05-21 12:00:00,,
1985-001,1985,BOB,,1985-05-23 03:00:00,16.5,87.5,40.0,,7.934933544931562,CS,4,1985-05-24 03:00:00,45.0,5.0,0.0,5.0,1985-05-22 21:00:00,,,1985-05-22 15:00:00,,,1985-05-22 03:00:00,25.0,15.0
1985-001,1985,BOB,,1985-05-23 06:00:00,16.5,87.5,45.0,,10.042650267804008,CS,5,1985-05-24 06:00:00,,,,5.0,1985-05-23 00:00:00,,,1985-05-22 18:00:00,,,1985-05-22 06:00:00,,
1985-001,1985,BOB,,1985-05-24 03:00:00,19.0,89.0,45.0,,10.042650267804008,CS,6,1985-05-25 03:00:00,50.0,5.0,0.0,0.0,1985-05-23 21:00:00,,,1985-05-23 15:00:00,,,1985-05-23 03:00:00,40.0,5.0
1985-001,1985,BOB,,1985-05-24 12:00:00,20.5,90.0,55.0,,15.001983733386234,SCS,7,1985-05-25 12:00:00,35.0,-20.0,0.0,10.0,1985-05-24 06:00:00,,,1985-05-24 00:00:00,,,1985-05-23 12:00:00,,
1985-001,1985,BOB,,1985-05-24 18:00:00,20.5,90.0,55.0,,15.001983733386234,SCS,8,1985-05-25 18:00:00,25.0,-30.0,0.0,0.0,1985-05-24 12:00:00,55.0,0.0,1985-05-24 06:00:00,,,1985-05-23 18:00:00,,
1985-001,1985,BOB,,1985-05-24 20:00:00,20.5,90.0,55.0,,15.001983733386234,SCS,9,1985-05-25 20:00:00,,,,0.0,1985-05-24 14:00:00,,,1985-05-24 08:00:00,,,1985-05-23 20:00:00,,
1985-001,1985,BOB,,1985-05-24 22:00:00,20.5,90.0,65.0,,20.953183892084905,VSCS,10,1985-05-25 22:00:00,,,,10.0,1985-05-24 16:00:00,,,1985-05-24 10:00:00,,,1985-05-23 22:00:00,,
1985-001,1985,BOB,,1985-05-25 03:00:00,23.0,91.5,50.0,,12.398333663955565,SCS,11,1985-05-26 03:00:00,,,,-15.0,1985-05-24 21:00:00,,,1985-05-24 15:00:00,,,1985-05-24 03:00:00,45.0,5.0
1985-001,1985,BOB,,1985-05-25 12:00:00,24.0,92.6,35.0,,6.075183495338227,CS,12,1985-05-26 12:00:00,,,,-15.0,1985-05-25 06:00:00,,,1985-05-25 00:00:00,,,1985-05-24 12:00:00,55.0,-20.0
1985-001,1985,BOB,,1985-05-25 18:00:00,25.0,92.6,25.0,,3.0995834159888913,D,13,1985-05-26 18:00:00,,,,-10.0,1985-05-25 12:00:00,35.0,-10.0,1985-05-25 06:00:00,,,1985-05-24 18:00:00,55.0,-30.0
1985-003,1985,BOB,,1985-08-01 03:00:00,20.0,88.0,25.0,,3.0995834159888913,D,0,1985-08-02 03:00:00,,,,,1985-07-31 21:00:00,,,1985-07-31 15:00:00,,,1985-07-31 03:00:00,,
1985-003,1985,BOB,,1985-08-01 12:00:00,20.5,87.5,25.0,,3.0995834159888913,D,1,1985-08-02 12:00:00,,,,0.0,1985-08-01 06:00:00,,,1985-08-01 00:00:00,,,1985-07-31 12:00:00,,
1985-003,1985,BOB,,1985-08-01 18:00:00,20.5,87.5,25.0,,3.0995834159888913,D,2,1985-08-02 18:00:00,,,,0.0,1985-08-01 12:00:00,25.0,0.0,1985-08-01 06:00:00,,,1985-07-31 18:00:00,,
1985-003,1985,BOB,,1985-08-02 00:00:00,20.5,87.5,25.0,,3.0995834159888913,D,3,1985-08-03 00:00:00,,,,0.0,1985-08-01 18:00:00,25.0,0.0,1985-08-01 12:00:00,25.0,0.0,1985-08-01 00:00:00,,
1985-004,1985,BOB,,1985-08-06 03:00:00,20.5,88.0,25.0,,3.0995834159888913,D,0,1985-08-07 03:00:00,25.0,0.0,0.0,,1985-08-05 21:00:00,,,1985-08-05 15:00:00,,,1985-08-05 03:00:00,,
1985-004,1985,BOB,,1985-08-06 06:00:00,21.5,87.0,25.0,,3.0995834159888913,D,1,1985-08-07 06:00:00,,,,0.0,1985-08-06 00:00:00,,,1985-08-05 18:00:00,,,1985-08-05 06:00:00,,
1985-004,1985,BOB,,1985-08-06 12:00:00,22.5,86.0,25.0,,3.0995834159888913,D,2,1985-08-07 12:00:00,20.0,-5.0,0.0,0.0,1985-08-06 06:00:00,25.0,0.0,1985-08-06 00:00:00,,,1985-08-05 12:00:00,,
1985-004,1985,BOB,,1985-08-07 03:00:00,23.0,84.5,25.0,,3.0995834159888913,D,3,1985-08-08 03:00:00,20.0,-5.0,0.0,0.0,1985-08-06 21:00:00,,,1985-08-06 15:00:00,,,1985-08-06 03:00:00,25.0,0.0
1985-004,1985,BOB,,1985-08-07 12:00:00,23.5,83.5,20.0,,1.9837333862328905,D,4,1985-08-08 12:00:00,20.0,0.0,0.0,-5.0,1985-08-07 06:00:00,,,1985-08-07 00:00:00,,,1985-08-06 12:00:00,25.0,-5.0
1985-004,1985,BOB,,1985-08-08 03:00:00,23.5,82.0,20.0,,1.9837333862328905,D,5,1985-08-09 03:00:00,20.0,0.0,0.0,0.0,1985-08-07 21:00:00,,,1985-08-07 15:00:00,,,1985-08-07 03:00:00,25.0,-5.0
1985-004,1985,BOB,,1985-08-08 12:00:00,24.0,81.0,20.0,,1.9837333862328905,D,6,1985-08-09 12:00:00,,,,0.0,1985-08-08 06:00:00,,,1985-08-08 00:00:00,,,1985-08-07 12:00:00,20.0,0.0
1985-004,1985,BOB,,1985-08-09 03:00:00,24.0,79.0,20.0,,1.9837333862328905,D,7,1985-08-10 03:00:00,,,,0.0,1985-08-08 21:00:00,,,1985-08-08 15:00:00,,,1985-08-08 03:00:00,20.0,0.0
1985-005,1985,BOB,,1985-08-14 03:00:00,18.5,88.0,25.0,,3.0995834159888913,D,0,1985-08-15 03:00:00,,,,,1985-08-13 21:00:00,,,1985-08-13 15:00:00,,,1985-08-13 03:00:00,,
1985-005,1985,BOB,,1985-08-14 06:00:00,19.0,87.5,25.0,,3.0995834159888913,D,1,1985-08-15 06:00:00,,,,0.0,1985-08-14 00:00:00,,,1985-08-13 18:00:00,,,1985-08-13 06:00:00,,
1985-005,1985,BOB,,1985-08-14 12:00:00,19.5,87.0,25.0,,3.0995834159888913,D,2,1985-08-15 12:00:00,,,,0.0,1985-08-14 06:00:00,25.0,0.0,1985-08-14 00:00:00,,,1985-08-13 12:00:00,,
1985-005,1985,BOB,,1985-08-15 00:00:00,20.5,86.5,25.0,,3.0995834159888913,D,3,1985-08-16 00:00:00,,,,0.0,1985-08-14 18:00:00,,,1985-08-14 12:00:00,25.0,0.0,1985-08-14 00:00:00,,
1985-006,1985,BOB,,1985-09-19 03:00:00,17.5,90.0,25.0,,3.0995834159888913,D,0,1985-09-20 03:00:00,35.0,10.0,0.0,,1985-09-18 21:00:00,,,1985-09-18 15:00:00,,,1985-09-18 03:00:00,,
1985-006,1985,BOB,,1985-09-19 12:00:00,18.5,88.5,25.0,,3.0995834159888913,D,1,1985-09-20 12:00:00,45.0,20.0,0.0,0.0,1985-09-19 06:00:00,,,1985-09-19 00:00:00,,,1985-09-18 12:00:00,,
1985-006,1985,BOB,,1985-09-19 18:00:00,18.5,88.0,30.0,,4.463400119024003,DD,2,1985-09-20 18:00:00,35.0,5.0,0.0,5.0,1985-09-19 12:00:00,25.0,5.0,1985-09-19 06:00:00,,,1985-09-18 18:00:00,,
1985-006,1985,BOB,,1985-09-20 00:00:00,21.9,87.5,30.0,,4.463400119024003,DD,3,1985-09-21 00:00:00,30.0,0.0,0.0,0.0,1985-09-19 18:00:00,30.0,0.0,1985-09-19 12:00:00,25.0,5.0,1985-09-19 00:00:00,,
1985-006,1985,BOB,,1985-09-20 03:00:00,19.5,87.0,35.0,,6.075183495338227,CS,4,1985-09-21 03:00:00,30.0,-5.0,0.0,5.0,1985-09-19 21:00:00,,,1985-09-19 15:00:00,,,1985-09-19 03:00:00,25.0,10.0
1985-006,1985,BOB,,1985-09-20 06:00:00,19.5,86.5,40.0,,7.934933544931562,CS,5,1985-09-21 06:00:00,,,,5.0,1985-09-20 00:00:00,30.0,10.0,1985-09-19 18:00:00,30.0,10.0,1985-09-19 06:00:00,,
1985-006,1985,BOB,,1985-09-20 12:00:00,19.8,86.2,45.0,,10.042650267804008,CS,6,1985-09-21 12:00:00,25.0,-20.0,0.0,5.0,1985-09-20 06:00:00,40.0,5.0,1985-09-20 00:00:00,30.0,15.0,1985-09-19 12:00:00,25.0,20.0
1985-006,1985,BOB,,1985-09-20 18:00:00,20.5,85.5,35.0,,6.075183495338227,CS,7,1985-09-21 18:00:00,,,,-10.0,1985-09-20 12:00:00,45.0,-10.0,1985-09-20 06:00:00,40.0,-5.0,1985-09-19 18:00:00,30.0,5.0
1985-006,1985,BOB,,1985-09-21 00:00:00,21.0,84.0,30.0,,4.463400119024003,DD,8,1985-09-22 00:00:00,,,,-5.0,1985-09-20 18:00:00,35.0,-5.0,1985-09-20 12:00:00,45.0,-15.0,1985-09-20 00:00:00,30.0,0.0
1985-006,1985,BOB,,1985-09-21 03:00:00,21.5,83.0,30.0,,4.463400119024003,DD,9,1985-09-22 03:00:00,,,,0.0,1985-09-20 21:00:00,,,1985-09-20 15:00:00,,,1985-09-20 03:00:00,35.0,-5.0
1985-006,1985,BOB,,1985-09-21 12:00:00,22.0,82.0,25.0,,3.0995834159888913,D,10,1985-09-22 12:00:00,,,,-5.0,1985-09-21 06:00:00,,,1985-09-21 00:00:00,30.0,-5.0,1985-09-20 12:00:00,45.0,-20.0
1985-007,1985,BOB,,1985-10-01 03:00:00,14.0,83.5,25.0,,,D,0,1985-10-02 03:00:00,25.0,0.0,0.0,,1985-09-30 21:00:00,,,1985-09-30 15:00:00,,,1985-09-30 03:00:00,,
1985-007,1985,BOB,,1985-10-01 12:00:00,14.5,82.0,25.0,,3.0995834159888913,D,1,1985-10-02 12:00:00,,,,0.0,1985-10-01 06:00:00,,,1985-10-01 00:00:00,,,1985-09-30 12:00:00,,
1985-007,1985,BOB,,1985-10-02 03:00:00,15.5,80.5,25.0,,3.0995834159888913,D,2,1985-10-03 03:00:00,,,,0.0,1985-10-01 21:00:00,,,1985-10-01 15:00:00,,,1985-10-01 03:00:00,25.0,0.0
1985-009,1985,BOB,,1985-10-09 03:00:00,12.5,90.0,25.0,,3.0995834159888913,D,0,1985-10-10 03:00:00,35.0,10.0,0.0,,1985-10-08 21:00:00,,,1985-10-08 15:00:00,,,1985-10-08 03:00:00,,
1985-009,1985,BOB,,1985-10-09 18:00:00,14.0,87.5,35.0,,6.075183495338227,DD,1,1985-10-10 18:00:00,,,,10.0,1985-10-09 12:00:00,,,1985-10-09 06:00:00,,,1985-10-08 18:00:00,,
1985-009,1985,BOB,,1985-10-10 03:00:00,16.0,85.5,35.0,,6.075183495338227,DD,2,1985-10-11 03:00:00,40.0,5.0,0.0,0.0,1985-10-09 21:00:00,,,1985-10-09 15:00:00,,,1985-10-09 03:00:00,25.0,10.0
1985-009,1985,BOB,,1985-10-10 12:00:00,16.5,84.5,40.0,,7.934933544931562,CS,3,1985-10-11 12:00:00,,,,5.0,1985-10-10 06:00:00,,,1985-10-10 00:00:00,,,1985-10-09 12:00:00,,
1985-009,1985,BOB,,1985-10-10 15:00:00,16.5,84.5,45.0,,10.042650267804008,CS,4,1985-10-11 15:00:00,,,,5.0,1985-10-10 09:00:00,,,1985-10-10 03:00:00,35.0,10.0,1985-10-09 15:00:00,,
1985-009,1985,BOB,,1985-10-10 21:00:00,16.5,84.5,45.0,,10.042650267804008,CS,5,1985-10-11 21:00:00,,,,0.0,1985-10-10 15:00:00,45.0,0.0,1985-10-10 09:00:00,,,1985-10-09 21:00:00,,
1985-009,1985,BOB,,1985-10-11 03:00:00,18.0,83.0,40.0,,7.934933544931562,CS,6,1985-10-12 03:00:00,,,,-5.0,1985-10-10 21:00:00,45.0,-5.0,1985-10-10 15:00:00,45.0,-5.0,1985-10-10 03:00:00,35.0,5.0
1985-009,1985,BOB,,1985-10-12 12:00:00,19.3,81.5,35.0,,6.075183495338227,DD,7,1985-10-13 12:00:00,35.0,0.0,0.0,-5.0,1985-10-12 06:00:00,,,1985-10-12 00:00:00,,,1985-10-11 12:00:00,,
1985-009,1985,BOB,,1985-10-13 12:00:00,22.0,79.0,35.0,,6.075183495338227,DD,8,1985-10-14 12:00:00,,,,0.0,1985-10-13 06:00:00,,,1985-10-13 00:00:00,,,1985-10-12 12:00:00,35.0,0.0
1985-010,1985,BOB,,1985-10-13 12:00:00,13.5,93.0,25.0,,3.0995834159888913,D,0,1985-10-14 12:00:00,30.0,5.0,0.0,,1985-10-13 06:00:00,,,1985-10-13 00:00:00,,,1985-10-12 12:00:00,,
1985-010,1985,BOB,,1985-10-14 03:00:00,16.0,89.5,30.0,,4.463400119024003,DD,1,1985-10-15 03:00:00,35.0,5.0,0.0,5.0,1985-10-13 21:00:00,,,1985-10-13 15:00:00,,,1985-10-13 03:00:00,,
1985-010,1985,BOB,,1985-10-14 12:00:00,17.5,89.0,30.0,,4.463400119024003,DD,2,1985-10-15 12:00:00,45.0,15.0,0.0,0.0,1985-10-14 06:00:00,,,1985-10-14 00:00:00,,,1985-10-13 12:00:00,25.0,5.0
1985-010,1985,BOB,,1985-10-14 15:00:00,17.5,89.0,35.0,,6.075183495338227,CS,3,1985-10-15 15:00:00,,,,5.0,1985-10-14 09:00:00,,,1985-10-14 03:00:00,30.0,5.0,1985-10-13 15:00:00,,
1985-010,1985,BOB,,1985-10-15 03:00:00,19.5,87.5,35.0,,6.075183495338227,CS,4,1985-10-16 03:00:00,35.0,0.0,0.0,0.0,1985-10-14 21:00:00,,,1985-10-14 15:00:00,35.0,0.0,1985-10-14 03:00:00,30.0,5.0
1985-010,1985,BOB,,1985-10-15 12:00:00,20.5,87.5,45.0,,10.042650267804008,SCS,5,1985-10-16 12:00:00,,,,10.0,1985-10-15 06:00:00,,,1985-10-15 00:00:00,,,1985-10-14 12:00:00,30.0,15.0
1985-010,1985,BOB,,1985-10-16 03:00:00,21.6,86.8,35.0,,6.075183495338227,CS,6,1985-10-17 03:00:00,30.0,-5.0,0.0,-10.0,1985-10-15 21:00:00,,,1985-10-15 15:00:00,,,1985-10-15 03:00:00,35.0,0.0
1985-010,1985,BOB,,1985-10-17 03:00:00,24.5,85.5,30.0,,4.463400119024003,DD,7,1985-10-18 03:00:00,,,,-5.0,1985-10-16 21:00:00,,,1985-10-16 15:00:00,,,1985-10-16 03:00:00,35.0,-5.0
1985-011,1985,BOB,,1985-11-12 03:00:00,12.5,81.0,25.0,,3.0995834159888913,D,0,1985-11-13 03:00:00,,,,,1985-11-11 21:00:00,,,1985-11-11 15:00:00,,,1985-11-11 03:00:00,,
1985-011,1985,BOB,,1985-11-12 12:00:00,12.5,80.1,25.0,,3.0995834159888913,D,1,1985-11-13 12:00:00,,,,0.0,1985-11-12 06:00:00,,,1985-11-12 00:00:00,,,1985-11-11 12:00:00,,
1985-012,1985,BOB,,1985-11-15 03:00:00,13.0,86.0,25.0,,3.0995834159888913,D,0,1985-11-16 03:00:00,,,,,1985-11-14 21:00:00,,,1985-11-14 15:00:00,,,1985-11-14 03:00:00,,
1985-012,1985,BOB,,1985-11-15 12:00:00,13.5,85.5,30.0,,4.463400119024003,DD,1,1985-11-16 12:00:00,35.0,5.0,0.0,5.0,1985-11-15 06:00:00,,,1985-11-15 00:00:00,,,1985-11-14 12:00:00,,
1985-012,1985,BOB,,1985-11-16 12:00:00,13.5,84.0,35.0,,6.075183495338227,CS,2,1985-11-17 12:00:00,25.0,-10.0,0.0,5.0,1985-11-16 06:00:00,,,1985-11-16 00:00:00,,,1985-11-15 12:00:00,30.0,5.0
1985-012,1985,BOB,,1985-11-17 01:00:00,13.5,84.0,35.0,,6.075183495338227,CS,3,1985-11-18 01:00:00,,,,0.0,1985-11-16 19:00:00,,,1985-11-16 13:00:00,,,1985-11-16 01:00:00,,
1985-012,1985,BOB,,1985-11-17 03:00:00,14.0,82.5,35.0,,6.075183495338227,CS,4,1985-11-18 03:00:00,,,,0.0,1985-11-16 21:00:00,,,1985-11-16 15:00:00,,,1985-11-16 03:00:00,,
1985-012,1985,BOB,,1985-11-17 12:00:00,15.0,81.5,25.0,,3.0995834159888913,D,5,1985-11-18 12:00:00,,,,-10.0,1985-11-17 06:00:00,,,1985-11-17 00:00:00,,,1985-11-16 12:00:00,35.0,-10.0
1985-013,1985,BOB,,1985-12-11 12:00:00,8.0,88.0,30.0,,4.463400119024003,DD,0,1985-12-12 12:00:00,35.0,5.0,0.0,,1985-12-11 06:00:00,,,1985-12-11 00:00:00,,,1985-12-10 12:00:00,,
1985-013,1985,BOB,,1985-12-12 03:00:00,8.5,87.0,30.0,,4.463400119024003,DD,1,1985-12-13 03:00:00,35.0,5.0,0.0,0.0,1985-12-11 21:00:00,,,1985-12-11 15:00:00,,,1985-12-11 03:00:00,,
1985-013,1985,BOB,,1985-12-12 12:00:00,10.0,84.5,35.0,,6.075183495338227,CS,2,1985-12-13 12:00:00,35.0,0.0,0.0,5.0,1985-12-12 06:00:00,,,1985-12-12 00:00:00,,,1985-12-11 12:00:00,30.0,5.0
1985-013,1985,BOB,,1985-12-13 03:00:00,11.5,82.5,35.0,,6.075183495338227,CS,3,1985-12-14 03:00:00,25.0,-10.0,0.0,0.0,1985-12-12 21:00:00,,,1985-12-12 15:00:00,,,1985-12-12 03:00:00,30.0,5.0
1985-013,1985,BOB,,1985-12-13 12:00:00,13.0,81.0,35.0,,6.075183495338227,CS,4,1985-12-14 12:00:00,,,,0.0,1985-12-13 06:00:00,,,1985-12-13 00:00:00,,,1985-12-12 12:00:00,35.0,0.0
1985-013,1985,BOB,,1985-12-14 03:00:00,14.0,79.5,25.0,,3.0995834159888913,D,5,1985-12-15 03:00:00,,,,-10.0,1985-12-13 21:00:00,,,1985-12-13 15:00:00,,,1985-12-13 03:00:00,35.0,-10.0
1986-001,1986,BOB,,1986-01-07 12:00:00,5.5,83.0,30.0,,4.463400119024003,DD,0,1986-01-08 12:00:00,25.0,-5.0,0.0,,1986-01-07 06:00:00,,,1986-01-07 00:00:00,,,1986-01-06 12:00:00,,
1986-001,1986,BOB,,1986-01-08 03:00:00,6.0,82.5,30.0,,4.463400119024003,DD,1,1986-01-09 03:00:00,,,,0.0,1986-01-07 21:00:00,,,1986-01-07 15:00:00,,,1986-01-07 03:00:00,,
1986-001,1986,BOB,,1986-01-08 12:00:00,6.0,82.5,25.0,,3.0995834159888913,D,2,1986-01-09 12:00:00,,,,-5.0,1986-01-08 06:00:00,,,1986-01-08 00:00:00,,,1986-01-07 12:00:00,30.0,-5.0
1986-004,1986,BOB,,1986-08-10 12:00:00,18.0,88.0,25.0,,3.0995834159888913,D,0,1986-08-11 12:00:00,25.0,0.0,0.0,,1986-08-10 06:00:00,,,1986-08-10 00:00:00,,,1986-08-09 12:00:00,,
1986-004,1986,BOB,,1986-08-11 03:00:00,18.0,86.5,25.0,,3.0995834159888913,D,1,1986-08-12 03:00:00,25.0,0.0,0.0,0.0,1986-08-10 21:00:00,,,1986-08-10 15:00:00,,,1986-08-10 03:00:00,,
1986-004,1986,BOB,,1986-08-11 12:00:00,18.0,85.5,25.0,,3.0995834159888913,D,2,1986-08-12 12:00:00,30.0,5.0,0.0,0.0,1986-08-11 06:00:00,,,1986-08-11 00:00:00,,,1986-08-10 12:00:00,25.0,0.0
1986-004,1986,BOB,,1986-08-12 03:00:00,18.0,84.5,25.0,,3.0995834159888913,D,3,1986-08-13 03:00:00,30.0,5.0,0.0,0.0,1986-08-11 21:00:00,,,1986-08-11 15:00:00,,,1986-08-11 03:00:00,25.0,0.0
1986-004,1986,BOB,,1986-08-12 12:00:00,18.7,84.0,30.0,,4.463400119024003,DD,4,1986-08-13 12:00:00,25.0,-5.0,0.0,5.0,1986-08-12 06:00:00,,,1986-08-12 00:00:00,,,1986-08-11 12:00:00,25.0,5.0
1986-004,1986,BOB,,1986-08-13 03:00:00,19.4,83.4,30.0,,4.463400119024003,DD,5,1986-08-14 03:00:00,25.0,-5.0,0.0,0.0,1986-08-12 21:00:00,,,1986-08-12 15:00:00,,,1986-08-12 03:00:00,25.0,5.0
1986-004,1986,BOB,,1986-08-13 12:00:00,20.4,82.7,25.0,,3.0995834159888913,D,6,1986-08-14 12:00:00,25.0,0.0,0.0,-5.0,1986-08-13 06:00:00,,,1986-08-13 00:00:00,,,1986-08-12 12:00:00,30.0,-5.0
1986-004,1986,BOB,,1986-08-14 03:00:00,21.3,81.9,25.0,,3.0995834159888913,D,7,1986-08-15 03:00:00,,,,0.0,1986-08-13 21:00:00,,,1986-08-13 15:00:00,,,1986-08-13 03:00:00,30.0,-5.0
1986-004,1986,BOB,,1986-08-14 12:00:00,22.3,80.8,25.0,,3.0995834159888913,D,8,1986-08-15 12:00:00,,,,0.0,1986-08-14 06:00:00,,,1986-08-14 00:00:00,,,1986-08-13 12:00:00,25.0,0.0
1986-005,1986,BOB,,1986-08-19 03:00:00,21.2,88.0,25.0,,3.0995834159888913,D,0,1986-08-20 03:00:00,25.0,0.0,0.0,,1986-08-18 21:00:00,,,1986-08-18 15:00:00,,,1986-08-18 03:00:00,,
1986-005,1986,BOB,,1986-08-19 12:00:00,21.3,87.3,25.0,,3.0995834159888913,D,1,1986-08-20 12:00:00,25.0,0.0,0.0,0.0,1986-08-19 06:00:00,,,1986-08-19 00:00:00,,,1986-08-18 12:00:00,,
1986-005,1986,BOB,,1986-08-20 03:00:00,21.5,86.1,25.0,,3.0995834159888913,D,2,1986-08-21 03:00:00,,,,0.0,1986-08-19 21:00:00,,,1986-08-19 15:00:00,,,1986-08-19 03:00:00,25.0,0.0
1986-005,1986,BOB,,1986-08-20 12:00:00,22.1,85.4,25.0,,3.0995834159888913,D,3,1986-08-21 12:00:00,,,,0.0,1986-08-20 06:00:00,,,1986-08-20 00:00:00,,,1986-08-19 12:00:00,25.0,0.0
1986-006,1986,BOB,,1986-09-24 03:00:00,20.5,88.0,25.0,,3.0995834159888913,D,0,1986-09-25 03:00:00,25.0,0.0,0.0,,1986-09-23 21:00:00,,,1986-09-23 15:00:00,,,1986-09-23 03:00:00,,
1986-006,1986,BOB,,1986-09-25 03:00:00,21.0,87.5,25.0,,3.0995834159888913,D,1,1986-09-26 03:00:00,25.0,0.0,0.0,0.0,1986-09-24 21:00:00,,,1986-09-24 15:00:00,,,1986-09-24 03:00:00,25.0,0.0
1986-006,1986,BOB,,1986-09-25 12:00:00,21.5,86.7,25.0,,3.0995834159888913,D,2,1986-09-26 12:00:00,25.0,0.0,0.0,0.0,1986-09-25 06:00:00,,,1986-09-25 00:00:00,,,1986-09-24 12:00:00,,
1986-006,1986,BOB,,1986-09-26 03:00:00,22.3,87.2,25.0,,3.0995834159888913,D,3,1986-09-27 03:00:00,,,,0.0,1986-09-25 21:00:00,,,1986-09-25 15:00:00,,,1986-09-25 03:00:00,25.0,0.0
1986-006,1986,BOB,,1986-09-26 12:00:00,23.5,86.5,25.0,,3.0995834159888913,D,4,1986-09-27 12:00:00,,,,0.0,1986-09-26 06:00:00,,,1986-09-26 00:00:00,,,1986-09-25 12:00:00,25.0,0.0
1986-007,1986,BOB,,1986-11-07 03:00:00,14.0,82.0,25.0,,3.0995834159888913,D,0,1986-11-08 03:00:00,25.0,0.0,0.0,,1986-11-06 21:00:00,,,1986-11-06 15:00:00,,,1986-11-06 03:00:00,,
1986-007,1986,BOB,,1986-11-07 12:00:00,15.0,82.0,25.0,,3.0995834159888913,D,1,1986-11-08 12:00:00,30.0,5.0,0.0,0.0,1986-11-07 06:00:00,,,1986-11-07 00:00:00,,,1986-11-06 12:00:00,,
1986-007,1986,BOB,,1986-11-08 03:00:00,18.5,85.0,25.0,,3.0995834159888913,D,2,1986-11-09 03:00:00,45.0,20.0,0.0,0.0,1986-11-07 21:00:00,,,1986-11-07 15:00:00,,,1986-11-07 03:00:00,25.0,0.0
1986-007,1986,BOB,,1986-11-08 12:00:00,19.5,86.0,30.0,,4.463400119024003,DD,3,1986-11-09 12:00:00,25.0,-5.0,0.0,5.0,1986-11-08 06:00:00,,,1986-11-08 00:00:00,,,1986-11-07 12:00:00,25.0,5.0
1986-007,1986,BOB,,1986-11-09 03:00:00,21.7,89.5,45.0,,10.042650267804008,CS,4,1986-11-10 03:00:00,,,,15.0,1986-11-08 21:00:00,,,1986-11-08 15:00:00,,,1986-11-08 03:00:00,25.0,20.0
1986-007,1986,BOB,,1986-11-09 12:00:00,23.1,90.9,25.0,,3.0995834159888913,D,5,1986-11-10 12:00:00,,,,-20.0,1986-11-09 06:00:00,,,1986-11-09 00:00:00,,,1986-11-08 12:00:00,30.0,-5.0
1987-001,1987,BOB,,1987-01-30 03:00:00,5.5,88.5,25.0,999.0,3.0,D,0,1987-01-31 03:00:00,30.0,5.0,0.0,,1987-01-29 21:00:00,,,1987-01-29 15:00:00,,,1987-01-29 03:00:00,,
1987-001,1987,BOB,,1987-01-30 12:00:00,6.0,88.5,25.0,998.0,4.0,D,1,1987-01-31 12:00:00,45.0,20.0,0.0,0.0,1987-01-30 06:00:00,,,1987-01-30 00:00:00,,,1987-01-29 12:00:00,,
1987-001,1987,BOB,,1987-01-31 00:00:00,6.5,87.5,30.0,996.0,5.0,DD,2,1987-02-01 00:00:00,50.0,20.0,0.0,5.0,1987-01-30 18:00:00,,,1987-01-30 12:00:00,25.0,5.0,1987-01-30 00:00:00,,
1987-001,1987,BOB,,1987-01-31 03:00:00,7.0,87.0,30.0,994.0,6.0,DD,3,1987-02-01 03:00:00,55.0,25.0,0.0,0.0,1987-01-30 21:00:00,,,1987-01-30 15:00:00,,,1987-01-30 03:00:00,25.0,5.0
1987-001,1987,BOB,,1987-01-31 06:00:00,7.0,86.5,35.0,992.0,8.0,CS,4,1987-02-01 06:00:00,65.0,30.0,1.0,5.0,1987-01-31 00:00:00,30.0,5.0,1987-01-30 18:00:00,,,1987-01-30 06:00:00,,
1987-001,1987,BOB,,1987-01-31 12:00:00,7.5,86.0,45.0,988.0,12.0,CS,5,1987-02-01 12:00:00,70.0,25.0,0.0,10.0,1987-01-31 06:00:00,35.0,10.0,1987-01-31 00:00:00,30.0,15.0,1987-01-30 12:00:00,25.0,20.0
1987-001,1987,BOB,,1987-02-01 00:00:00,8.0,85.5,50.0,986.0,14.0,SCS,6,1987-02-02 00:00:00,75.0,25.0,0.0,5.0,1987-01-31 18:00:00,,,1987-01-31 12:00:00,45.0,5.0,1987-01-31 00:00:00,30.0,20.0
1987-001,1987,BOB,,1987-02-01 03:00:00,8.0,85.5,55.0,984.0,16.0,SCS,7,1987-02-02 03:00:00,,,,5.0,1987-01-31 21:00:00,,,1987-01-31 15:00:00,,,1987-01-31 03:00:00,30.0,25.0
1987-001,1987,BOB,,1987-02-01 06:00:00,8.5,85.5,65.0,978.0,22.0,VSCS,8,1987-02-02 06:00:00,75.0,10.0,0.0,10.0,1987-02-01 00:00:00,50.0,15.0,1987-01-31 18:00:00,,,1987-01-31 06:00:00,35.0,30.0
1987-001,1987,BOB,,1987-02-01 12:00:00,10.0,86.0,70.0,974.0,30.0,VSCS,9,1987-02-02 12:00:00,70.0,0.0,0.0,5.0,1987-02-01 06:00:00,65.0,5.0,1987-02-01 00:00:00,50.0,20.0,1987-01-31 12:00:00,45.0,25.0
1987-001,1987,BOB,,1987-02-02 00:00:00,12.5,87.0,75.0,970.0,30.0,VSCS,10,1987-02-03 00:00:00,50.0,-25.0,0.0,5.0,1987-02-01 18:00:00,,,1987-02-01 12:00:00,70.0,5.0,1987-02-01 00:00:00,50.0,25.0
1987-001,1987,BOB,,1987-02-02 06:00:00,13.5,88.0,75.0,970.0,30.0,VSCS,11,1987-02-03 06:00:00,,,,0.0,1987-02-02 00:00:00,75.0,0.0,1987-02-01 18:00:00,,,1987-02-01 06:00:00,65.0,10.0
1987-001,1987,BOB,,1987-02-02 12:00:00,14.5,88.5,70.0,974.0,26.0,VSCS,12,1987-02-03 12:00:00,30.0,-40.0,0.0,-5.0,1987-02-02 06:00:00,75.0,-5.0,1987-02-02 00:00:00,75.0,-5.0,1987-02-01 12:00:00,70.0,0.0
1987-001,1987,BOB,,1987-02-02 18:00:00,15.0,89.0,60.0,980.0,20.0,SCS,13,1987-02-03 18:00:00,,,,-10.0,1987-02-02 12:00:00,70.0,-10.0,1987-02-02 06:00:00,75.0,-15.0,1987-02-01 18:00:00,,
1987-001,1987,BOB,,1987-02-03 00:00:00,15.5,89.5,50.0,986.0,14.0,SCS,14,1987-02-04 00:00:00,30.0,-20.0,0.0,-10.0,1987-02-02 18:00:00,60.0,-10.0,1987-02-02 12:00:00,70.0,-20.0,1987-02-02 00:00:00,75.0,-25.0
1987-001,1987,BOB,,1987-02-03 03:00:00,16.0,89.5,40.0,992.0,8.0,CS,15,1987-02-04 03:00:00,25.0,-15.0,0.0,-10.0,1987-02-02 21:00:00,,,1987-02-02 15:00:00,,,1987-02-02 03:00:00,,
1987-001,1987,BOB,,1987-02-03 12:00:00,17.0,90.0,30.0,994.0,6.0,DD,16,1987-02-04 12:00:00,25.0,-5.0,0.0,-10.0,1987-02-03 06:00:00,,,1987-02-03 00:00:00,50.0,-20.0,1987-02-02 12:00:00,70.0,-40.0
1987-001,1987,BOB,,1987-02-04 00:00:00,19.0,90.5,30.0,996.0,5.0,DD,17,1987-02-05 00:00:00,,,,0.0,1987-02-03 18:00:00,,,1987-02-03 12:00:00,30.0,0.0,1987-02-03 00:00:00,50.0,-20.0
1987-001,1987,BOB,,1987-02-04 03:00:00,19.5,91.0,25.0,997.0,4.0,D,18,1987-02-05 03:00:00,,,,-5.0,1987-02-03 21:00:00,,,1987-02-03 15:00:00,,,1987-02-03 03:00:00,40.0,-15.0
1987-001,1987,BOB,,1987-02-04 06:00:00,20.0,91.0,25.0,998.0,3.0,D,19,1987-02-05 06:00:00,,,,0.0,1987-02-04 00:00:00,30.0,-5.0,1987-02-03 18:00:00,,,1987-02-03 06:00:00,,
1987-001,1987,BOB,,1987-02-04 12:00:00,21.0,91.0,25.0,998.0,3.0,D,20,1987-02-05 12:00:00,,,,0.0,1987-02-04 06:00:00,25.0,0.0,1987-02-04 00:00:00,30.0,-5.0,1987-02-03 12:00:00,30.0,-5.0
1987-002,1987,BOB,,1987-06-01 03:00:00,16.0,92.0,25.0,990.0,3.0,D,0,1987-06-02 03:00:00,25.0,0.0,0.0,,1987-05-31 21:00:00,,,1987-05-31 15:00:00,,,1987-05-31 03:00:00,,
1987-002,1987,BOB,,1987-06-01 12:00:00,16.0,91.0,25.0,988.0,4.0,D,1,1987-06-02 12:00:00,30.0,5.0,0.0,0.0,1987-06-01 06:00:00,,,1987-06-01 00:00:00,,,1987-05-31 12:00:00,,
1987-002,1987,BOB,,1987-06-02 03:00:00,16.5,90.0,25.0,988.0,4.0,D,2,1987-06-03 03:00:00,30.0,5.0,0.0,0.0,1987-06-01 21:00:00,,,1987-06-01 15:00:00,,,1987-06-01 03:00:00,25.0,0.0
1987-002,1987,BOB,,1987-06-02 06:00:00,16.5,89.0,30.0,988.0,4.0,D,3,1987-06-03 06:00:00,,,,5.0,1987-06-02 00:00:00,,,1987-06-01 18:00:00,,,1987-06-01 06:00:00,,
1987-002,1987,BOB,,1987-06-02 12:00:00,17.0,88.0,30.0,987.0,5.0,DD,4,1987-06-03 12:00:00,30.0,0.0,0.0,0.0,1987-06-02 06:00:00,30.0,0.0,1987-06-02 00:00:00,,,1987-06-01 12:00:00,25.0,5.0
1987-002,1987,BOB,,1987-06-03 03:00:00,18.0,87.7,30.0,987.0,5.0,DD,5,1987-06-04 03:00:00,35.0,5.0,0.0,0.0,1987-06-02 21:00:00,,,1987-06-02 15:00:00,,,1987-06-02 03:00:00,25.0,5.0
1987-002,1987,BOB,,1987-06-03 12:00:00,19.0,88.0,30.0,986.0,6.0,DD,6,1987-06-04 12:00:00,45.0,15.0,0.0,0.0,1987-06-03 06:00:00,,,1987-06-03 00:00:00,,,1987-06-02 12:00:00,30.0,0.0
1987-002,1987,BOB,,1987-06-04 00:00:00,20.0,90.0,35.0,984.0,7.0,CS,7,1987-06-05 00:00:00,,,,5.0,1987-06-03 18:00:00,,,1987-06-03 12:00:00,30.0,5.0,1987-06-03 00:00:00,,
1987-002,1987,BOB,,1987-06-04 03:00:00,20.5,90.5,35.0,984.0,7.0,CS,8,1987-06-05 03:00:00,30.0,-5.0,0.0,0.0,1987-06-03 21:00:00,,,1987-06-03 15:00:00,,,1987-06-03 03:00:00,30.0,5.0
1987-002,1987,BOB,,1987-06-04 06:00:00,21.0,90.5,40.0,984.0,7.0,CS,9,1987-06-05 06:00:00,25.0,-15.0,0.0,5.0,1987-06-04 00:00:00,35.0,5.0,1987-06-03 18:00:00,,,1987-06-03 06:00:00,,
1987-002,1987,BOB,,1987-06-04 12:00:00,22.0,90.5,45.0,980.0,10.0,CS,10,1987-06-05 12:00:00,,,,5.0,1987-06-04 06:00:00,40.0,5.0,1987-06-04 00:00:00,35.0,10.0,1987-06-03 12:00:00,30.0,15.0
1987-002,1987,BOB,,1987-06-05 03:00:00,24.0,91.5,30.0,986.0,6.0,DD,11,1987-06-06 03:00:00,,,,-15.0,1987-06-04 21:00:00,,,1987-06-04 15:00:00,,,1987-06-04 03:00:00,35.0,-5.0
1987-002,1987,BOB,,1987-06-05 06:00:00,24.5,92.0,25.0,988.0,4.0,D,12,1987-06-06 06:00:00,,,,-5.0,1987-06-05 00:00:00,,,1987-06-04 18:00:00,,,1987-06-04 06:00:00,40.0,-15.0
1987-003,1987,BOB,,1987-08-26 03:00:00,24.0,90.0,25.0,990.0,4.0,D,0,1987-08-27 03:00:00,25.0,0.0,0.0,,1987-08-25 21:00:00,,,1987-08-25 15:00:00,,,1987-08-25 03:00:00,,
1987-003,1987,BOB,,1987-08-26 12:00:00,24.5,88.5,25.0,990.0,4.0,D,1,1987-08-27 12:00:00,25.0,0.0,0.0,0.0,1987-08-26 06:00:00,,,1987-08-26 00:00:00,,,1987-08-25 12:00:00,,
1987-003,1987,BOB,,1987-08-27 03:00:00,24.5,87.5,25.0,990.0,4.0,D,2,1987-08-28 03:00:00,25.0,0.0,0.0,0.0,1987-08-26 21:00:00,,,1987-08-26 15:00:00,,,1987-08-26 03:00:00,25.0,0.0
1987-003,1987,BOB,,1987-08-27 12:00:00,24.8,85.5,25.0,990.0,4.0,D,3,1987-08-28 12:00:00,25.0,0.0,0.0,0.0,1987-08-27 06:00:00,,,1987-08-27 00:00:00,,,1987-08-26 12:00:00,25.0,0.0
1987-003,1987,BOB,,1987-08-28 03:00:00,23.5,84.0,25.0,990.0,4.0,D,4,1987-08-29 03:00:00,25.0,0.0,0.0,0.0,1987-08-27 21:00:00,,,1987-08-27 15:00:00,,,1987-08-27 03:00:00,25.0,0.0
1987-003,1987,BOB,,1987-08-28 12:00:00,24.0,82.0,25.0,990.0,3.0,D,5,1987-08-29 12:00:00,25.0,0.0,0.0,0.0,1987-08-28 06:00:00,,,1987-08-28 00:00:00,,,1987-08-27 12:00:00,25.0,0.0
1987-003,1987,BOB,,1987-08-29 03:00:00,24.0,79.5,25.0,990.0,3.0,D,6,1987-08-30 03:00:00,,,,0.0,1987-08-28 21:00:00,,,1987-08-28 15:00:00,,,1987-08-28 03:00:00,25.0,0.0
1987-003,1987,BOB,,1987-08-29 12:00:00,25.0,78.5,25.0,990.0,3.0,D,7,1987-08-30 12:00:00,,,,0.0,1987-08-29 06:00:00,,,1987-08-29 00:00:00,,,1987-08-28 12:00:00,25.0,0.0
1987-004,1987,BOB,,1987-09-11 12:00:00,23.0,85.5,25.0,993.0,3.0,D,0,1987-09-12 12:00:00,25.0,0.0,0.0,,1987-09-11 06:00:00,,,1987-09-11 00:00:00,,,1987-09-10 12:00:00,,
1987-004,1987,BOB,,1987-09-12 03:00:00,23.5,84.5,25.0,993.0,3.0,D,1,1987-09-13 03:00:00,,,,0.0,1987-09-11 21:00:00,,,1987-09-11 15:00:00,,,1987-09-11 03:00:00,,
1987-004,1987,BOB,,1987-09-12 12:00:00,24.0,84.5,25.0,993.0,3.0,D,2,1987-09-13 12:00:00,,,,0.0,1987-09-12 06:00:00,,,1987-09-12 00:00:00,,,1987-09-11 12:00:00,25.0,0.0
1987-005,1987,BOB,,1987-09-15 03:00:00,23.0,82.0,25.0,997.0,4.0,D,0,1987-09-16 03:00:00,25.0,0.0,0.0,,1987-09-14 21:00:00,,,1987-09-14 15:00:00,,,1987-09-14 03:00:00,,
1987-005,1987,BOB,,1987-09-15 12:00:00,23.5,81.5,25.0,997.0,4.0,D,1,1987-09-16 12:00:00,25.0,0.0,0.0,0.0,1987-09-15 06:00:00,,,1987-09-15 00:00:00,,,1987-09-14 12:00:00,,
1987-005,1987,BOB,,1987-09-16 03:00:00,23.7,80.0,25.0,997.0,4.0,D,2,1987-09-17 03:00:00,,,,0.0,1987-09-15 21:00:00,,,1987-09-15 15:00:00,,,1987-09-15 03:00:00,25.0,0.0
1987-005,1987,BOB,,1987-09-16 12:00:00,24.5,78.5,25.0,998.0,3.0,D,3,1987-09-17 12:00:00,,,,0.0,1987-09-16 06:00:00,,,1987-09-16 00:00:00,,,1987-09-15 12:00:00,25.0,0.0
1987-006,1987,BOB,,1987-10-14 03:00:00,13.0,87.5,25.0,1000.0,3.0,D,0,1987-10-15 03:00:00,35.0,10.0,0.0,,1987-10-13 21:00:00,,,1987-10-13 15:00:00,,,1987-10-13 03:00:00,,
1987-006,1987,BOB,,1987-10-14 12:00:00,14.0,86.5,30.0,998.0,5.0,DD,1,1987-10-15 12:00:00,45.0,15.0,0.0,5.0,1987-10-14 06:00:00,,,1987-10-14 00:00:00,,,1987-10-13 12:00:00,,
1987-006,1987,BOB,,1987-10-15 03:00:00,14.5,83.0,35.0,996.0,6.0,CS,2,1987-10-16 03:00:00,30.0,-5.0,0.0,5.0,1987-10-14 21:00:00,,,1987-10-14 15:00:00,,,1987-10-14 03:00:00,25.0,10.0
1987-006,1987,BOB,,1987-10-15 12:00:00,15.0,82.0,45.0,994.0,8.0,CS,3,1987-10-16 12:00:00,25.0,-20.0,0.0,10.0,1987-10-15 06:00:00,,,1987-10-15 00:00:00,,,1987-10-14 12:00:00,30.0,15.0
1987-006,1987,BOB,,1987-10-16 00:00:00,15.7,80.5,40.0,994.0,8.0,CS,4,1987-10-17 00:00:00,,,,-5.0,1987-10-15 18:00:00,,,1987-10-15 12:00:00,45.0,-5.0,1987-10-15 00:00:00,,
1987-006,1987,BOB,,1987-10-16 03:00:00,16.0,80.0,30.0,996.0,5.0,DD,5,1987-10-17 03:00:00,25.0,-5.0,0.0,-10.0,1987-10-15 21:00:00,,,1987-10-15 15:00:00,,,1987-10-15 03:00:00,35.0,-5.0
1987-006,1987,BOB,,1987-10-16 12:00:00,16.5,78.0,25.0,997.0,3.0,D,6,1987-10-17 12:00:00,25.0,0.0,0.0,-5.0,1987-10-16 06:00:00,,,1987-10-16 00:00:00,40.0,-15.0,1987-10-15 12:00:00,45.0,-20.0
1987-006,1987,BOB,,1987-10-17 03:00:00,17.5,76.0,25.0,998.0,3.0,D,7,1987-10-18 03:00:00,20.0,-5.0,0.0,0.0,1987-10-16 21:00:00,,,1987-10-16 15:00:00,,,1987-10-16 03:00:00,30.0,-5.0
1987-006,1987,BOB,,1987-10-17 12:00:00,19.0,75.0,25.0,998.0,3.0,D,8,1987-10-18 12:00:00,20.0,-5.0,0.0,0.0,1987-10-17 06:00:00,,,1987-10-17 00:00:00,,,1987-10-16 12:00:00,25.0,0.0
1987-006,1987,BOB,,1987-10-18 03:00:00,20.5,74.5,20.0,998.0,3.0,D,9,1987-10-19 03:00:00,20.0,0.0,0.0,-5.0,1987-10-17 21:00:00,,,1987-10-17 15:00:00,,,1987-10-17 03:00:00,25.0,-5.0
1987-006,1987,BOB,,1987-10-18 12:00:00,22.0,76.0,20.0,998.0,3.0,D,10,1987-10-19 12:00:00,20.0,0.0,0.0,0.0,1987-10-18 06:00:00,,,1987-10-18 00:00:00,,,1987-10-17 12:00:00,25.0,-5.0
1987-006,1987,BOB,,1987-10-19 03:00:00,24.5,80.0,20.0,998.0,3.0,D,11,1987-10-20 03:00:00,,,,0.0,1987-10-18 21:00:00,,,1987-10-18 15:00:00,,,1987-10-18 03:00:00,20.0,0.0
1987-006,1987,BOB,,1987-10-19 12:00:00,25.5,84.0,20.0,998.0,3.0,D,12,1987-10-20 12:00:00,,,,0.0,1987-10-19 06:00:00,,,1987-10-19 00:00:00,,,1987-10-18 12:00:00,20.0,0.0
1987-007,1987,BOB,,1987-10-31 03:00:00,11.5,86.5,25.0,997.0,3.0,D,0,1987-11-01 03:00:00,40.0,15.0,0.0,,1987-10-30 21:00:00,,,1987-10-30 15:00:00,,,1987-10-30 03:00:00,,
1987-007,1987,BOB,,1987-10-31 06:00:00,12.0,86.0,30.0,995.0,5.0,DD,1,1987-11-01 06:00:00,,,,5.0,1987-10-31 00:00:00,,,1987-10-30 18:00:00,,,1987-10-30 06:00:00,,
1987-007,1987,BOB,,1987-10-31 12:00:00,12.5,85.5,35.0,993.0,7.0,CS,2,1987-11-01 12:00:00,45.0,10.0,0.0,5.0,1987-10-31 06:00:00,30.0,5.0,1987-10-31 00:00:00,,,1987-10-30 12:00:00,,
1987-007,1987,BOB,,1987-10-31 18:00:00,13.0,85.5,35.0,993.0,7.0,CS,3,1987-11-01 18:00:00,45.0,10.0,0.0,0.0,1987-10-31 12:00:00,35.0,0.0,1987-10-31 06:00:00,30.0,5.0,1987-10-30 18:00:00,,
1987-007,1987,BOB,,1987-11-01 00:00:00,13.5,85.0,40.0,992.0,8.0,CS,4,1987-11-02 00:00:00,50.0,10.0,0.0,5.0,1987-10-31 18:00:00,35.0,5.0,1987-10-31 12:00:00,35.0,5.0,1987-10-31 00:00:00,,
1987-007,1987,BOB,,1987-11-01 03:00:00,13.5,85.0,40.0,990.0,10.0,CS,5,1987-11-02 03:00:00,55.0,15.0,0.0,0.0,1987-10-31 21:00:00,,,1987-10-31 15:00:00,,,1987-10-31 03:00:00,25.0,15.0
1987-007,1987,BOB,,1987-11-01 12:00:00,13.5,84.0,45.0,988.0,12.0,CS,6,1987-11-02 12:00:00,55.0,10.0,0.0,5.0,1987-11-01 06:00:00,,,1987-11-01 00:00:00,40.0,5.0,1987-10-31 12:00:00,35.0,10.0
1987-007,1987,BOB,,1987-11-01 18:00:00,13.5,83.5,45.0,988.0,12.0,CS,7,1987-11-02 18:00:00,55.0,10.0,0.0,0.0,1987-11-01 12:00:00,45.0,0.0,1987-11-01 06:00:00,,,1987-10-31 18:00:00,35.0,10.0
1987-007,1987,BOB,,1987-11-02 00:00:00,13.5,82.5,50.0,986.0,14.0,SCS,8,1987-11-03 00:00:00,50.0,0.0,0.0,5.0,1987-11-01 18:00:00,45.0,5.0,1987-11-01 12:00:00,45.0,5.0,1987-11-01 00:00:00,40.0,10.0
1987-007,1987,BOB,,1987-11-02 03:00:00,13.5,82.0,55.0,984.0,16.0,SCS,9,1987-11-03 03:00:00,45.0,-10.0,0.0,5.0,1987-11-01 21:00:00,,,1987-11-01 15:00:00,,,1987-11-01 03:00:00,40.0,15.0
1987-007,1987,BOB,,1987-11-02 06:00:00,14.0,81.5,55.0,984.0,16.0,SCS,10,1987-11-03 06:00:00,35.0,-20.0,0.0,0.0,1987-11-02 00:00:00,50.0,5.0,1987-11-01 18:00:00,45.0,10.0,1987-11-01 06:00:00,,
1987-007,1987,BOB,,1987-11-02 12:00:00,14.5,81.0,55.0,984.0,16.0,SCS,11,1987-11-03 12:00:00,25.0,-30.0,0.0,0.0,1987-11-02 06:00:00,55.0,0.0,1987-11-02 00:00:00,50.0,5.0,1987-11-01 12:00:00,45.0,10.0
1987-007,1987,BOB,,1987-11-02 18:00:00,14.5,80.5,55.0,984.0,16.0,SCS,12,1987-11-03 18:00:00,,,,0.0,1987-11-02 12:00:00,55.0,0.0,1987-11-02 06:00:00,55.0,0.0,1987-11-01 18:00:00,45.0,10.0
1987-007,1987,BOB,,1987-11-03 00:00:00,14.5,79.5,50.0,986.0,14.0,SCS,13,1987-11-04 00:00:00,,,,-5.0,1987-11-02 18:00:00,55.0,-5.0,1987-11-02 12:00:00,55.0,-5.0,1987-11-02 00:00:00,50.0,0.0
1987-007,1987,BOB,,1987-11-03 03:00:00,14.5,79.0,45.0,988.0,12.0,CS,14,1987-11-04 03:00:00,,,,-5.0,1987-11-02 21:00:00,,,1987-11-02 15:00:00,,,1987-11-02 03:00:00,55.0,-10.0
1987-007,1987,BOB,,1987-11-03 06:00:00,15.0,78.5,35.0,992.0,8.0,CS,15,1987-11-04 06:00:00,,,,-10.0,1987-11-03 00:00:00,50.0,-15.0,1987-11-02 18:00:00,55.0,-20.0,1987-11-02 06:00:00,55.0,-20.0
1987-007,1987,BOB,,1987-11-03 12:00:00,15.5,78.0,25.0,996.0,4.0,D,16,1987-11-04 12:00:00,,,,-10.0,1987-11-03 06:00:00,35.0,-10.0,1987-11-03 00:00:00,50.0,-25.0,1987-11-02 12:00:00,55.0,-30.0
1987-008,1987,BOB,,1987-11-11 06:00:00,14.5,89.0,25.0,1002.0,3.0,D,0,1987-11-12 06:00:00,45.0,20.0,0.0,,1987-11-11 00:00:00,,,1987-11-10 18:00:00,,,1987-11-10 06:00:00,,
1987-008,1987,BOB,,1987-11-11 12:00:00,14.5,88.0,25.0,1002.0,3.0,D,1,1987-11-12 12:00:00,55.0,30.0,1.0,0.0,1987-11-11 06:00:00,25.0,0.0,1987-11-11 00:00:00,,,1987-11-10 12:00:00,,
1987-008,1987,BOB,,1987-11-11 18:00:00,14.5,86.5,30.0,1000.0,5.0,DD,2,1987-11-12 18:00:00,50.0,20.0,0.0,5.0,1987-11-11 12:00:00,25.0,5.0,1987-11-11 06:00:00,25.0,5.0,1987-11-10 18:00:00,,
1987-008,1987,BOB,,1987-11-12 00:00:00,14.5,85.0,30.0,1000.0,5.0,DD,3,1987-11-13 00:00:00,45.0,15.0,0.0,0.0,1987-11-11 18:00:00,30.0,0.0,1987-11-11 12:00:00,25.0,5.0,1987-11-11 00:00:00,,
1987-008,1987,BOB,,1987-11-12 03:00:00,14.5,84.5,35.0,997.0,6.0,CS,4,1987-11-13 03:00:00,30.0,-5.0,0.0,5.0,1987-11-11 21:00:00,,,1987-11-11 15:00:00,,,1987-11-11 03:00:00,,
1987-008,1987,BOB,,1987-11-12 06:00:00,15.0,83.0,45.0,994.0,10.0,CS,5,1987-11-13 06:00:00,25.0,-20.0,0.0,10.0,1987-11-12 00:00:00,30.0,15.0,1987-11-11 18:00:00,30.0,15.0,1987-11-11 06:00:00,25.0,20.0
1987-008,1987,BOB,,1987-11-12 12:00:00,15.5,82.0,55.0,990.0,15.0,SCS,6,1987-11-13 12:00:00,,,,10.0,1987-11-12 06:00:00,45.0,10.0,1987-11-12 00:00:00,30.0,25.0,1987-11-11 12:00:00,25.0,30.0
1987-008,1987,BOB,,1987-11-12 18:00:00,15.7,81.5,50.0,992.0,13.0,SCS,7,1987-11-13 18:00:00,,,,-5.0,1987-11-12 12:00:00,55.0,-5.0,1987-11-12 06:00:00,45.0,5.0,1987-11-11 18:00:00,30.0,20.0
1987-008,1987,BOB,,1987-11-13 00:00:00,16.0,81.0,45.0,994.0,10.0,CS,8,1987-11-14 00:00:00,,,,-5.0,1987-11-12 18:00:00,50.0,-5.0,1987-11-12 12:00:00,55.0,-10.0,1987-11-12 00:00:00,30.0,15.0
1987-008,1987,BOB,,1987-11-13 03:00:00,16.5,80.5,30.0,998.0,5.0,DD,9,1987-11-14 03:00:00,,,,-15.0,1987-11-12 21:00:00,,,1987-11-12 15:00:00,,,1987-11-12 03:00:00,35.0,-5.0
1987-008,1987,BOB,,1987-11-13 06:00:00,17.0,80.0,25.0,1000.0,3.0,D,10,1987-11-14 06:00:00,,,,-5.0,1987-11-13 00:00:00,45.0,-20.0,1987-11-12 18:00:00,50.0,-25.0,1987-11-12 06:00:00,45.0,-20.0
1987-009,1987,BOB,,1987-12-19 12:00:00,10.5,82.0,25.0,,,D,0,1987-12-20 12:00:00,25.0,0.0,0.0,,1987-12-19 06:00:00,,,1987-12-19 00:00:00,,,1987-12-18 12:00:00,,
1987-009,1987,BOB,,1987-12-19 18:00:00,10.5,82.0,25.0,,,D,1,1987-12-20 18:00:00,25.0,0.0,0.0,0.0,1987-12-19 12:00:00,25.0,0.0,1987-12-19 06:00:00,,,1987-12-18 18:00:00,,
1987-009,1987,BOB,,1987-12-20 00:00:00,10.5,82.0,25.0,,,D,2,1987-12-21 00:00:00,25.0,0.0,0.0,0.0,1987-12-19 18:00:00,25.0,0.0,1987-12-19 12:00:00,25.0,0.0,1987-12-19 00:00:00,,
1987-009,1987,BOB,,1987-12-20 03:00:00,10.5,82.0,25.0,,,D,3,1987-12-21 03:00:00,30.0,5.0,0.0,0.0,1987-12-19 21:00:00,,,1987-12-19 15:00:00,,,1987-12-19 03:00:00,,
1987-009,1987,BOB,,1987-12-20 12:00:00,11.0,82.5,25.0,,,D,4,1987-12-21 12:00:00,30.0,5.0,0.0,0.0,1987-12-20 06:00:00,,,1987-12-20 00:00:00,25.0,0.0,1987-12-19 12:00:00,25.0,0.0
1987-009,1987,BOB,,1987-12-20 18:00:00,11.5,83.5,25.0,,,D,5,1987-12-21 18:00:00,30.0,5.0,0.0,0.0,1987-12-20 12:00:00,25.0,0.0,1987-12-20 06:00:00,,,1987-12-19 18:00:00,25.0,0.0
1987-009,1987,BOB,,1987-12-21 00:00:00,12.0,84.0,25.0,,,D,6,1987-12-22 00:00:00,30.0,5.0,0.0,0.0,1987-12-20 18:00:00,25.0,0.0,1987-12-20 12:00:00,25.0,0.0,1987-12-20 00:00:00,25.0,0.0
1987-009,1987,BOB,,1987-12-21 03:00:00,12.0,84.5,30.0,,,DD,7,1987-12-22 03:00:00,25.0,-5.0,0.0,5.0,1987-12-20 21:00:00,,,1987-12-20 15:00:00,,,1987-12-20 03:00:00,25.0,5.0
1987-009,1987,BOB,,1987-12-21 06:00:00,12.0,89.5,30.0,,,DD,8,1987-12-22 06:00:00,25.0,-5.0,0.0,0.0,1987-12-21 00:00:00,25.0,5.0,1987-12-20 18:00:00,25.0,5.0,1987-12-20 06:00:00,,
1987-009,1987,BOB,,1987-12-21 12:00:00,12.0,84.5,30.0,,,DD,9,1987-12-22 12:00:00,25.0,-5.0,0.0,0.0,1987-12-21 06:00:00,30.0,0.0,1987-12-21 00:00:00,25.0,5.0,1987-12-20 12:00:00,25.0,5.0
1987-009,1987,BOB,,1987-12-21 18:00:00,11.5,84.0,30.0,,,DD,10,1987-12-22 18:00:00,25.0,-5.0,0.0,0.0,1987-12-21 12:00:00,30.0,0.0,1987-12-21 06:00:00,30.0,0.0,1987-12-20 18:00:00,25.0,5.0
1987-009,1987,BOB,,1987-12-22 00:00:00,10.5,83.0,30.0,,,DD,11,1987-12-23 00:00:00,,,,0.0,1987-12-21 18:00:00,30.0,0.0,1987-12-21 12:00:00,30.0,0.0,1987-12-21 00:00:00,25.0,5.0
1987-009,1987,BOB,,1987-12-22 03:00:00,10.0,82.0,25.0,,,D,12,1987-12-23 03:00:00,,,,-5.0,1987-12-21 21:00:00,,,1987-12-21 15:00:00,,,1987-12-21 03:00:00,30.0,-5.0
1987-009,1987,BOB,,1987-12-22 06:00:00,10.0,82.0,25.0,,,D,13,1987-12-23 06:00:00,,,,0.0,1987-12-22 00:00:00,30.0,-5.0,1987-12-21 18:00:00,30.0,-5.0,1987-12-21 06:00:00,30.0,-5.0
1987-009,1987,BOB,,1987-12-22 12:00:00,10.0,81.5,25.0,,,D,14,1987-12-23 12:00:00,,,,0.0,1987-12-22 06:00:00,25.0,0.0,1987-12-22 00:00:00,30.0,-5.0,1987-12-21 12:00:00,30.0,-5.0
1987-009,1987,BOB,,1987-12-22 18:00:00,10.0,81.0,25.0,,,D,15,1987-12-23 18:00:00,,,,0.0,1987-12-22 12:00:00,25.0,0.0,1987-12-22 06:00:00,25.0,0.0,1987-12-21 18:00:00,30.0,-5.0
1988-001,1988,BOB,,1988-06-08 12:00:00,21.0,88.5,25.0,,3.0995834159888913,D,0,1988-06-09 12:00:00,30.0,5.0,0.0,,1988-06-08 06:00:00,,,1988-06-08 00:00:00,,,1988-06-07 12:00:00,,
1988-001,1988,BOB,,1988-06-09 03:00:00,22.0,87.6,30.0,,4.463400119024003,DD,1,1988-06-10 03:00:00,25.0,-5.0,0.0,5.0,1988-06-08 21:00:00,,,1988-06-08 15:00:00,,,1988-06-08 03:00:00,,
1988-001,1988,BOB,,1988-06-09 12:00:00,22.4,86.8,30.0,,4.463400119024003,DD,2,1988-06-10 12:00:00,,,,0.0,1988-06-09 06:00:00,,,1988-06-09 00:00:00,,,1988-06-08 12:00:00,25.0,5.0
1988-001,1988,BOB,,1988-06-10 03:00:00,23.1,85.4,25.0,,3.0995834159888913,D,3,1988-06-11 03:00:00,,,,-5.0,1988-06-09 21:00:00,,,1988-06-09 15:00:00,,,1988-06-09 03:00:00,30.0,-5.0
1988-003,1988,BOB,,1988-07-17 03:00:00,18.0,86.0,25.0,,3.0995834159888913,D,0,1988-07-18 03:00:00,25.0,0.0,0.0,,1988-07-16 21:00:00,,,1988-07-16 15:00:00,,,1988-07-16 03:00:00,,
1988-003,1988,BOB,,1988-07-17 12:00:00,18.3,85.9,25.0,,3.0995834159888913,D,1,1988-07-18 12:00:00,25.0,0.0,0.0,0.0,1988-07-17 06:00:00,,,1988-07-17 00:00:00,,,1988-07-16 12:00:00,,
1988-003,1988,BOB,,1988-07-18 03:00:00,19.4,84.2,25.0,,3.0995834159888913,D,2,1988-07-19 03:00:00,,,,0.0,1988-07-17 21:00:00,,,1988-07-17 15:00:00,,,1988-07-17 03:00:00,25.0,0.0
1988-003,1988,BOB,,1988-07-18 12:00:00,22.1,79.3,25.0,,3.0995834159888913,D,3,1988-07-19 12:00:00,,,,0.0,1988-07-18 06:00:00,,,1988-07-18 00:00:00,,,1988-07-17 12:00:00,25.0,0.0
1988-004,1988,BOB,,1988-08-02 00:00:00,21.5,89.6,25.0,,3.0995834159888913,D,0,1988-08-03 00:00:00,,,,,1988-08-01 18:00:00,,,1988-08-01 12:00:00,,,1988-08-01 00:00:00,,
1988-004,1988,BOB,,1988-08-02 03:00:00,21.6,89.2,25.0,,3.0995834159888913,D,1,1988-08-03 03:00:00,25.0,0.0,0.0,0.0,1988-08-01 21:00:00,,,1988-08-01 15:00:00,,,1988-08-01 03:00:00,,
1988-004,1988,BOB,,1988-08-02 12:00:00,21.5,88.5,25.0,,3.0995834159888913,D,2,1988-08-03 12:00:00,25.0,0.0,0.0,0.0,1988-08-02 06:00:00,,,1988-08-02 00:00:00,25.0,0.0,1988-08-01 12:00:00,,
1988-004,1988,BOB,,1988-08-03 03:00:00,22.2,85.6,25.0,,3.0995834159888913,D,3,1988-08-04 03:00:00,25.0,0.0,0.0,0.0,1988-08-02 21:00:00,,,1988-08-02 15:00:00,,,1988-08-02 03:00:00,25.0,0.0
1988-004,1988,BOB,,1988-08-03 12:00:00,22.9,83.4,25.0,,3.0995834159888913,D,4,1988-08-04 12:00:00,25.0,0.0,0.0,0.0,1988-08-03 06:00:00,,,1988-08-03 00:00:00,,,1988-08-02 12:00:00,25.0,0.0
1988-004,1988,BOB,,1988-08-04 03:00:00,24.1,79.8,25.0,,3.0995834159888913,D,5,1988-08-05 03:00:00,30.0,5.0,0.0,0.0,1988-08-03 21:00:00,,,1988-08-03 15:00:00,,,1988-08-03 03:00:00,25.0,0.0
1988-004,1988,BOB,,1988-08-04 12:00:00,24.4,78.0,25.0,,3.0995834159888913,D,6,1988-08-05 12:00:00,30.0,5.0,0.0,0.0,1988-08-04 06:00:00,,,1988-08-04 00:00:00,,,1988-08-03 12:00:00,25.0,0.0
1988-004,1988,BOB,,1988-08-05 03:00:00,25.0,75.1,30.0,,4.463400119024003,DD,7,1988-08-06 03:00:00,25.0,-5.0,0.0,5.0,1988-08-04 21:00:00,,,1988-08-04 15:00:00,,,1988-08-04 03:00:00,25.0,5.0
1988-004,1988,BOB,,1988-08-05 12:00:00,25.6,75.3,30.0,,4.463400119024003,DD,8,1988-08-06 12:00:00,,,,0.0,1988-08-05 06:00:00,,,1988-08-05 00:00:00,,,1988-08-04 12:00:00,25.0,5.0
1988-004,1988,BOB,,1988-08-06 03:00:00,26.5,75.6,25.0,,3.0995834159888913,D,9,1988-08-07 03:00:00,,,,-5.0,1988-08-05 21:00:00,,,1988-08-05 15:00:00,,,1988-08-05 03:00:00,30.0,-5.0
1988-005,1988,BOB,,1988-10-01 03:00:00,17.5,84.5,30.0,,4.463400119024003,DD,0,1988-10-02 03:00:00,25.0,-5.0,0.0,,1988-09-30 21:00:00,,,1988-09-30 15:00:00,,,1988-09-30 03:00:00,,
1988-005,1988,BOB,,1988-10-01 12:00:00,18.3,82.9,25.0,,3.0995834159888913,D,1,1988-10-02 12:00:00,25.0,0.0,0.0,-5.0,1988-10-01 06:00:00,,,1988-10-01 00:00:00,,,1988-09-30 12:00:00,,
1988-005,1988,BOB,,1988-10-02 03:00:00,19.6,80.1,25.0,,3.0995834159888913,D,2,1988-10-03 03:00:00,25.0,0.0,0.0,0.0,1988-10-01 21:00:00,,,1988-10-01 15:00:00,,,1988-10-01 03:00:00,30.0,-5.0
1988-005,1988,BOB,,1988-10-02 12:00:00,19.9,78.4,25.0,,3.0995834159888913,D,3,1988-10-03 12:00:00,,,,0.0,1988-10-02 06:00:00,,,1988-10-02 00:00:00,,,1988-10-01 12:00:00,25.0,0.0
1988-005,1988,BOB,,1988-10-03 03:00:00,20.4,75.5,25.0,,3.0995834159888913,D,4,1988-10-04 03:00:00,,,,0.0,1988-10-02 21:00:00,,,1988-10-02 15:00:00,,,1988-10-02 03:00:00,25.0,0.0
1988-006,1988,BOB,,1988-10-18 18:00:00,21.0,89.5,25.0,,3.0995834159888913,D,0,1988-10-19 18:00:00,,,,,1988-10-18 12:00:00,,,1988-10-18 06:00:00,,,1988-10-17 18:00:00,,
1988-006,1988,BOB,,1988-10-19 00:00:00,21.5,89.7,55.0,,15.001983733386234,CS,1,1988-10-20 00:00:00,,,,30.0,1988-10-18 18:00:00,25.0,30.0,1988-10-18 12:00:00,,,1988-10-18 00:00:00,,
1988-006,1988,BOB,,1988-10-19 12:00:00,23.5,91.0,30.0,,4.463400119024003,DD,2,1988-10-20 12:00:00,,,,-25.0,1988-10-19 06:00:00,,,1988-10-19 00:00:00,55.0,-25.0,1988-10-18 12:00:00,,
1988-006,1988,BOB,,1988-10-20 03:00:00,25.6,91.0,25.0,,3.0995834159888913,D,3,1988-10-21 03:00:00,,,,-5.0,1988-10-19 21:00:00,,,1988-10-19 15:00:00,,,1988-10-19 03:00:00,,
1988-007,1988,BOB,,1988-11-15 03:00:00,9.5,87.0,25.0,,3.0995834159888913,D,0,1988-11-16 03:00:00,30.0,5.0,0.0,,1988-11-14 21:00:00,,,1988-11-14 15:00:00,,,1988-11-14 03:00:00,,
1988-007,1988,BOB,,1988-11-15 12:00:00,10.0,87.5,30.0,,4.463400119024003,DD,1,1988-11-16 12:00:00,55.0,25.0,0.0,5.0,1988-11-15 06:00:00,,,1988-11-15 00:00:00,,,1988-11-14 12:00:00,,
1988-007,1988,BOB,,1988-11-16 03:00:00,10.5,88.5,30.0,,4.463400119024003,DD,2,1988-11-17 03:00:00,,,,0.0,1988-11-15 21:00:00,,,1988-11-15 15:00:00,,,1988-11-15 03:00:00,25.0,5.0
1988-007,1988,BOB,,1988-11-16 12:00:00,11.7,90.7,55.0,,15.001983733386234,CS,3,1988-11-17 12:00:00,,,,25.0,1988-11-16 06:00:00,,,1988-11-16 00:00:00,,,1988-11-15 12:00:00,30.0,25.0
1988-007,1988,BOB,,1988-11-17 06:00:00,16.0,91.0,110.0,,60.00793493354494,SCS,4,1988-11-18 06:00:00,,,,55.0,1988-11-17 00:00:00,,,1988-11-16 18:00:00,,,1988-11-16 06:00:00,,
1988-007,1988,BOB,,1988-11-17 18:00:00,17.1,91.1,55.0,,15.001983733386234,CS,5,1988-11-18 18:00:00,,,,-55.0,1988-11-17 12:00:00,,,1988-11-17 06:00:00,110.0,-55.0,1988-11-16 18:00:00,,
1988-007,1988,BOB,,1988-11-18 03:00:00,19.8,91.2,55.0,,15.001983733386234,CS,6,1988-11-19 03:00:00,,,,0.0,1988-11-17 21:00:00,,,1988-11-17 15:00:00,,,1988-11-17 03:00:00,,
1988-007,1988,BOB,,1988-11-18 12:00:00,18.3,92.0,30.0,,4.463400119024003,DD,7,1988-11-19 12:00:00,,,,-25.0,1988-11-18 06:00:00,,,1988-11-18 00:00:00,,,1988-11-17 12:00:00,,
1988-008,1988,BOB,,1988-11-23 12:00:00,9.0,94.0,25.0,,3.0995834159888913,D,0,1988-11-24 12:00:00,30.0,5.0,0.0,,1988-11-23 06:00:00,,,1988-11-23 00:00:00,,,1988-11-22 12:00:00,,
1988-008,1988,BOB,,1988-11-24 03:00:00,10.0,94.0,25.0,,3.0995834159888913,D,1,1988-11-25 03:00:00,55.0,30.0,1.0,0.0,1988-11-23 21:00:00,,,1988-11-23 15:00:00,,,1988-11-23 03:00:00,,
1988-008,1988,BOB,,1988-11-24 12:00:00,11.0,93.5,30.0,,4.463400119024003,DD,2,1988-11-25 12:00:00,110.0,80.0,1.0,5.0,1988-11-24 06:00:00,,,1988-11-24 00:00:00,,,1988-11-23 12:00:00,25.0,5.0
1988-008,1988,BOB,,1988-11-25 03:00:00,11.5,92.0,55.0,,15.001983733386234,CS,3,1988-11-26 03:00:00,,,,25.0,1988-11-24 21:00:00,,,1988-11-24 15:00:00,,,1988-11-24 03:00:00,25.0,30.0
1988-008,1988,BOB,,1988-11-25 06:00:00,11.5,92.0,110.0,,60.00793493354494,SCS,4,1988-11-26 06:00:00,110.0,0.0,0.0,55.0,1988-11-25 00:00:00,,,1988-11-24 18:00:00,,,1988-11-24 06:00:00,,
1988-008,1988,BOB,,1988-11-25 12:00:00,11.5,90.5,110.0,,60.00793493354494,SCS,5,1988-11-26 12:00:00,110.0,0.0,0.0,0.0,1988-11-25 06:00:00,110.0,0.0,1988-11-25 00:00:00,,,1988-11-24 12:00:00,30.0,80.0
1988-008,1988,BOB,,1988-11-26 06:00:00,11.5,90.5,110.0,,60.00793493354494,SCS,6,1988-11-27 06:00:00,,,,0.0,1988-11-26 00:00:00,,,1988-11-25 18:00:00,,,1988-11-25 06:00:00,110.0,0.0
1988-008,1988,BOB,,1988-11-26 12:00:00,12.5,88.0,110.0,,60.00793493354494,SCS,7,1988-11-27 12:00:00,,,,0.0,1988-11-26 06:00:00,110.0,0.0,1988-11-26 00:00:00,,,1988-11-25 12:00:00,110.0,0.0
1988-008,1988,BOB,,1988-11-27 03:00:00,13.5,87.5,110.0,,60.00793493354494,SCS,8,1988-11-28 03:00:00,110.0,0.0,0.0,0.0,1988-11-26 21:00:00,,,1988-11-26 15:00:00,,,1988-11-26 03:00:00,,
1988-008,1988,BOB,,1988-11-28 03:00:00,19.0,85.8,110.0,,60.00793493354494,SCS,9,1988-11-29 03:00:00,115.0,5.0,0.0,0.0,1988-11-27 21:00:00,,,1988-11-27 15:00:00,,,1988-11-27 03:00:00,110.0,0.0
1988-008,1988,BOB,,1988-11-28 09:00:00,19.3,86.2,110.0,,60.00793493354494,SCS,10,1988-11-29 09:00:00,,,,0.0,1988-11-28 03:00:00,110.0,0.0,1988-11-27 21:00:00,,,1988-11-27 09:00:00,,
1988-008,1988,BOB,,1988-11-29 03:00:00,19.6,87.8,115.0,,65.58718508232494,SCS,11,1988-11-30 03:00:00,,,,5.0,1988-11-28 21:00:00,,,1988-11-28 15:00:00,,,1988-11-28 03:00:00,110.0,5.0
1988-008,1988,BOB,,1988-11-29 20:00:00,22.5,89.4,115.0,,65.58718508232494,SCS,12,1988-11-30 20:00:00,,,,0.0,1988-11-29 14:00:00,,,1988-11-29 08:00:00,,,1988-11-28 20:00:00,,
1988-008,1988,BOB,,1988-11-30 00:00:00,23.4,90.3,55.0,,15.001983733386234,CS,13,1988-12-01 00:00:00,,,,-60.0,1988-11-29 18:00:00,,,1988-11-29 12:00:00,,,1988-11-29 00:00:00,,
1988-009,1988,BOB,,1988-12-06 12:00:00,8.0,90.0,25.0,,3.0995834159888913,D,0,1988-12-07 12:00:00,25.0,0.0,0.0,,1988-12-06 06:00:00,,,1988-12-06 00:00:00,,,1988-12-05 12:00:00,,
1988-009,1988,BOB,,1988-12-07 03:00:00,10.0,88.5,25.0,,3.0995834159888913,D,1,1988-12-08 03:00:00,30.0,5.0,0.0,0.0,1988-12-06 21:00:00,,,1988-12-06 15:00:00,,,1988-12-06 03:00:00,,
1988-009,1988,BOB,,1988-12-07 12:00:00,11.0,89.5,25.0,,3.0995834159888913,D,2,1988-12-08 12:00:00,25.0,0.0,0.0,0.0,1988-12-07 06:00:00,,,1988-12-07 00:00:00,,,1988-12-06 12:00:00,25.0,0.0
1988-009,1988,BOB,,1988-12-08 03:00:00,11.5,90.0,30.0,,4.463400119024003,DD,3,1988-12-09 03:00:00,,,,5.0,1988-12-07 21:00:00,,,1988-12-07 15:00:00,,,1988-12-07 03:00:00,25.0,5.0
1988-009,1988,BOB,,1988-12-08 12:00:00,12.5,91.0,25.0,,3.0995834159888913,D,4,1988-12-09 12:00:00,,,,-5.0,1988-12-08 06:00:00,,,1988-12-08 00:00:00,,,1988-12-07 12:00:00,25.0,0.0
1989-001,1989,BOB,,1989-05-23 03:00:00,17.5,90.6,25.0,,3.0995834159888913,D,0,1989-05-24 03:00:00,55.0,30.0,1.0,,1989-05-22 21:00:00,,,1989-05-22 15:00:00,,,1989-05-22 03:00:00,,
1989-001,1989,BOB,,1989-05-23 12:00:00,18.8,90.4,30.0,,4.463400119024003,DD,1,1989-05-24 12:00:00,55.0,25.0,0.0,5.0,1989-05-23 06:00:00,,,1989-05-23 00:00:00,,,1989-05-22 12:00:00,,
1989-001,1989,BOB,,1989-05-24 03:00:00,19.5,89.7,55.0,,15.001983733386234,CS,2,1989-05-25 03:00:00,55.0,0.0,0.0,25.0,1989-05-23 21:00:00,,,1989-05-23 15:00:00,,,1989-05-23 03:00:00,25.0,30.0
1989-001,1989,BOB,,1989-05-24 12:00:00,19.5,89.1,55.0,,15.001983733386234,CS,3,1989-05-25 12:00:00,,,,0.0,1989-05-24 06:00:00,,,1989-05-24 00:00:00,,,1989-05-23 12:00:00,30.0,25.0
1989-001,1989,BOB,,1989-05-25 03:00:00,19.6,88.1,55.0,,15.001983733386234,CS,4,1989-05-26 03:00:00,115.0,60.0,1.0,0.0,1989-05-24 21:00:00,,,1989-05-24 15:00:00,,,1989-05-24 03:00:00,55.0,0.0
1989-001,1989,BOB,,1989-05-26 03:00:00,20.6,87.5,115.0,,65.58718508232494,SCS,5,1989-05-27 03:00:00,55.0,-60.0,0.0,60.0,1989-05-25 21:00:00,,,1989-05-25 15:00:00,,,1989-05-25 03:00:00,55.0,60.0
1989-001,1989,BOB,,1989-05-26 12:00:00,21.5,87.2,115.0,,65.58718508232494,SCS,6,1989-05-27 12:00:00,25.0,-90.0,0.0,0.0,1989-05-26 06:00:00,,,1989-05-26 00:00:00,,,1989-05-25 12:00:00,,
1989-001,1989,BOB,,1989-05-27 03:00:00,23.5,86.8,55.0,,15.001983733386234,CS,7,1989-05-28 03:00:00,,,,-60.0,1989-05-26 21:00:00,,,1989-05-26 15:00:00,,,1989-05-26 03:00:00,115.0,-60.0
1989-001,1989,BOB,,1989-05-27 12:00:00,24.6,87.8,25.0,,3.0995834159888913,D,8,1989-05-28 12:00:00,,,,-30.0,1989-05-27 06:00:00,,,1989-05-27 00:00:00,,,1989-05-26 12:00:00,115.0,-90.0
1989-003,1989,BOB,,1989-06-12 03:00:00,19.5,88.0,25.0,,3.0995834159888913,D,0,1989-06-13 03:00:00,25.0,0.0,0.0,,1989-06-11 21:00:00,,,1989-06-11 15:00:00,,,1989-06-11 03:00:00,,
1989-003,1989,BOB,,1989-06-12 12:00:00,19.5,87.5,25.0,,3.0995834159888913,D,1,1989-06-13 12:00:00,30.0,5.0,0.0,0.0,1989-06-12 06:00:00,,,1989-06-12 00:00:00,,,1989-06-11 12:00:00,,
1989-003,1989,BOB,,1989-06-13 03:00:00,20.0,86.9,25.0,,3.0995834159888913,D,2,1989-06-14 03:00:00,30.0,5.0,0.0,0.0,1989-06-12 21:00:00,,,1989-06-12 15:00:00,,,1989-06-12 03:00:00,25.0,0.0
1989-003,1989,BOB,,1989-06-13 12:00:00,21.4,86.9,30.0,,4.463400119024003,DD,3,1989-06-14 12:00:00,25.0,-5.0,0.0,5.0,1989-06-13 06:00:00,,,1989-06-13 00:00:00,,,1989-06-12 12:00:00,25.0,5.0
1989-003,1989,BOB,,1989-06-14 03:00:00,22.9,87.9,30.0,,4.463400119024003,DD,4,1989-06-15 03:00:00,,,,0.0,1989-06-13 21:00:00,,,1989-06-13 15:00:00,,,1989-06-13 03:00:00,25.0,5.0
1989-003,1989,BOB,,1989-06-14 12:00:00,25.0,87.2,25.0,,3.0995834159888913,D,5,1989-06-15 12:00:00,,,,-5.0,1989-06-14 06:00:00,,,1989-06-14 00:00:00,,,1989-06-13 12:00:00,30.0,-5.0
1989-004,1989,BOB,,1989-06-20 03:00:00,11.2,88.2,25.0,,3.0995834159888913,D,0,1989-06-21 03:00:00,,,,,1989-06-19 21:00:00,,,1989-06-19 15:00:00,,,1989-06-19 03:00:00,,
1989-005,1989,BOB,,1989-07-21 12:00:00,18.0,86.7,25.0,,3.0995834159888913,D,0,1989-07-22 12:00:00,45.0,20.0,0.0,,1989-07-21 06:00:00,,,1989-07-21 00:00:00,,,1989-07-20 12:00:00,,
1989-005,1989,BOB,,1989-07-22 03:00:00,18.0,86.0,30.0,,4.463400119024003,DD,1,1989-07-23 03:00:00,30.0,0.0,0.0,5.0,1989-07-21 21:00:00,,,1989-07-21 15:00:00,,,1989-07-21 03:00:00,,
1989-005,1989,BOB,,1989-07-22 12:00:00,18.0,85.0,45.0,,10.042650267804008,CS,2,1989-07-23 12:00:00,30.0,-15.0,0.0,15.0,1989-07-22 06:00:00,,,1989-07-22 00:00:00,,,1989-07-21 12:00:00,25.0,20.0
1989-005,1989,BOB,,1989-07-23 03:00:00,18.6,82.0,30.0,,4.463400119024003,DD,3,1989-07-24 03:00:00,30.0,0.0,0.0,-15.0,1989-07-22 21:00:00,,,1989-07-22 15:00:00,,,1989-07-22 03:00:00,30.0,0.0
1989-005,1989,BOB,,1989-07-23 12:00:00,19.5,78.0,30.0,,4.463400119024003,DD,4,1989-07-24 12:00:00,30.0,0.0,0.0,0.0,1989-07-23 06:00:00,,,1989-07-23 00:00:00,,,1989-07-22 12:00:00,45.0,-15.0
1989-005,1989,BOB,,1989-07-24 03:00:00,20.5,77.0,30.0,,4.463400119024003,DD,5,1989-07-25 03:00:00,25.0,-5.0,0.0,0.0,1989-07-23 21:00:00,,,1989-07-23 15:00:00,,,1989-07-23 03:00:00,30.0,0.0
1989-005,1989,BOB,,1989-07-24 12:00:00,22.3,74.1,30.0,,4.463400119024003,DD,6,1989-07-25 12:00:00,25.0,-5.0,0.0,0.0,1989-07-24 06:00:00,,,1989-07-24 00:00:00,,,1989-07-23 12:00:00,30.0,0.0
1989-005,1989,BOB,,1989-07-25 03:00:00,23.6,72.6,25.0,,3.0995834159888913,D,7,1989-07-26 03:00:00,,,,-5.0,1989-07-24 21:00:00,,,1989-07-24 15:00:00,,,1989-07-24 03:00:00,30.0,-5.0
1989-005,1989,BOB,,1989-07-25 12:00:00,24.8,70.9,25.0,,3.0995834159888913,D,8,1989-07-26 12:00:00,,,,0.0,1989-07-25 06:00:00,,,1989-07-25 00:00:00,,,1989-07-24 12:00:00,30.0,-5.0
1989-006,1989,BOB,,1989-08-16 03:00:00,16.5,86.0,25.0,,3.0995834159888913,D,0,1989-08-17 03:00:00,30.0,5.0,0.0,,1989-08-15 21:00:00,,,1989-08-15 15:00:00,,,1989-08-15 03:00:00,,
1989-006,1989,BOB,,1989-08-16 12:00:00,17.0,85.0,25.0,,3.0995834159888913,D,1,1989-08-17 12:00:00,25.0,0.0,0.0,0.0,1989-08-16 06:00:00,,,1989-08-16 00:00:00,,,1989-08-15 12:00:00,,
1989-006,1989,BOB,,1989-08-17 03:00:00,18.0,84.5,30.0,,4.463400119024003,DD,2,1989-08-18 03:00:00,,,,5.0,1989-08-16 21:00:00,,,1989-08-16 15:00:00,,,1989-08-16 03:00:00,25.0,5.0
1989-006,1989,BOB,,1989-08-17 12:00:00,19.2,83.3,25.0,,3.0995834159888913,D,3,1989-08-18 12:00:00,,,,-5.0,1989-08-17 06:00:00,,,1989-08-17 00:00:00,,,1989-08-16 12:00:00,25.0,0.0
1989-007,1989,BOB,,1989-10-17 03:00:00,17.5,89.5,25.0,,3.0995834159888913,D,0,1989-10-18 03:00:00,25.0,0.0,0.0,,1989-10-16 21:00:00,,,1989-10-16 15:00:00,,,1989-10-16 03:00:00,,
1989-007,1989,BOB,,1989-10-17 12:00:00,20.0,88.0,25.0,,3.0995834159888913,D,1,1989-10-18 12:00:00,,,,0.0,1989-10-17 06:00:00,,,1989-10-17 00:00:00,,,1989-10-16 12:00:00,,
1989-007,1989,BOB,,1989-10-18 03:00:00,23.2,89.7,25.0,,3.0995834159888913,D,2,1989-10-19 03:00:00,,,,0.0,1989-10-17 21:00:00,,,1989-10-17 15:00:00,,,1989-10-17 03:00:00,25.0,0.0
1989-008,1989,BOB,,1989-11-01 03:00:00,8.0,103.0,25.0,,3.0995834159888913,D,0,1989-11-02 03:00:00,45.0,20.0,0.0,,1989-10-31 21:00:00,,,1989-10-31 15:00:00,,,1989-10-31 03:00:00,,
1989-008,1989,BOB,,1989-11-01 12:00:00,8.0,102.5,25.0,,3.0995834159888913,D,1,1989-11-02 12:00:00,40.0,15.0,0.0,0.0,1989-11-01 06:00:00,,,1989-11-01 00:00:00,,,1989-10-31 12:00:00,,
1989-008,1989,BOB,,1989-11-02 03:00:00,8.5,102.5,45.0,,10.042650267804008,CS,2,1989-11-03 03:00:00,65.0,20.0,0.0,20.0,1989-11-01 21:00:00,,,1989-11-01 15:00:00,,,1989-11-01 03:00:00,25.0,20.0
1989-008,1989,BOB,,1989-11-02 12:00:00,9.0,102.0,40.0,,7.934933544931562,CS,3,1989-11-03 12:00:00,,,,-5.0,1989-11-02 06:00:00,,,1989-11-02 00:00:00,,,1989-11-01 12:00:00,25.0,15.0
1989-008,1989,BOB,,1989-11-03 03:00:00,9.5,101.5,65.0,,20.953183892084905,CS,4,1989-11-04 03:00:00,115.0,50.0,1.0,25.0,1989-11-02 21:00:00,,,1989-11-02 15:00:00,,,1989-11-02 03:00:00,45.0,20.0
1989-008,1989,BOB,,1989-11-04 03:00:00,11.0,99.5,115.0,,65.58718508232494,SCS,5,1989-11-05 03:00:00,,,,50.0,1989-11-03 21:00:00,,,1989-11-03 15:00:00,,,1989-11-03 03:00:00,65.0,50.0
1989-008,1989,BOB,,1989-11-04 12:00:00,11.0,98.0,115.0,,65.58718508232494,SCS,6,1989-11-05 12:00:00,115.0,0.0,0.0,0.0,1989-11-04 06:00:00,,,1989-11-04 00:00:00,,,1989-11-03 12:00:00,,
1989-008,1989,BOB,,1989-11-05 12:00:00,40.8,74.6,115.0,,65.58718508232494,SCS,7,1989-11-06 12:00:00,,,,0.0,1989-11-05 06:00:00,,,1989-11-05 00:00:00,,,1989-11-04 12:00:00,115.0,0.0
1989-008,1989,BOB,,1989-11-06 03:00:00,13.0,92.0,110.0,,60.00793493354494,SCS,8,1989-11-07 03:00:00,,,,-5.0,1989-11-05 21:00:00,,,1989-11-05 15:00:00,,,1989-11-05 03:00:00,,
1989-008,1989,BOB,,1989-11-08 03:00:00,14.5,83.4,115.0,,65.58718508232494,SCS,9,1989-11-09 03:00:00,25.0,-90.0,0.0,5.0,1989-11-07 21:00:00,,,1989-11-07 15:00:00,,,1989-11-07 03:00:00,,
1989-008,1989,BOB,,1989-11-08 12:00:00,14.7,81.3,115.0,,65.58718508232494,SCS,10,1989-11-09 12:00:00,,,,0.0,1989-11-08 06:00:00,,,1989-11-08 00:00:00,,,1989-11-07 12:00:00,,
1989-008,1989,BOB,,1989-11-09 03:00:00,15.2,78.8,25.0,,3.0995834159888913,D,11,1989-11-10 03:00:00,,,,-90.0,1989-11-08 21:00:00,,,1989-11-08 15:00:00,,,1989-11-08 03:00:00,115.0,-90.0
1989-009,1989,BOB,,1989-11-11 03:00:00,10.5,84.0,25.0,,3.0995834159888913,D,0,1989-11-12 03:00:00,,,,,1989-11-10 21:00:00,,,1989-11-10 15:00:00,,,1989-11-10 03:00:00,,
1989-010,1989,BOB,,1989-11-16 12:00:00,10.5,85.0,25.0,,3.0995834159888913,D,0,1989-11-17 12:00:00,30.0,5.0,0.0,,1989-11-16 06:00:00,,,1989-11-16 00:00:00,,,1989-11-15 12:00:00,,
1989-010,1989,BOB,,1989-11-17 03:00:00,10.5,84.5,30.0,,4.463400119024003,DD,1,1989-11-18 03:00:00,30.0,0.0,0.0,5.0,1989-11-16 21:00:00,,,1989-11-16 15:00:00,,,1989-11-16 03:00:00,,
1989-010,1989,BOB,,1989-11-17 12:00:00,10.0,84.0,30.0,,4.463400119024003,DD,2,1989-11-18 12:00:00,30.0,0.0,0.0,0.0,1989-11-17 06:00:00,,,1989-11-17 00:00:00,,,1989-11-16 12:00:00,25.0,5.0
1989-010,1989,BOB,,1989-11-18 03:00:00,10.0,84.0,30.0,,4.463400119024003,DD,3,1989-11-19 03:00:00,30.0,0.0,0.0,0.0,1989-11-17 21:00:00,,,1989-11-17 15:00:00,,,1989-11-17 03:00:00,30.0,0.0
1989-010,1989,BOB,,1989-11-18 12:00:00,9.0,83.5,30.0,,4.463400119024003,DD,4,1989-11-19 12:00:00,30.0,0.0,0.0,0.0,1989-11-18 06:00:00,,,1989-11-18 00:00:00,,,1989-11-17 12:00:00,30.0,0.0
1989-010,1989,BOB,,1989-11-19 03:00:00,9.0,83.0,30.0,,4.463400119024003,DD,5,1989-11-20 03:00:00,30.0,0.0,0.0,0.0,1989-11-18 21:00:00,,,1989-11-18 15:00:00,,,1989-11-18 03:00:00,30.0,0.0
1989-010,1989,BOB,,1989-11-19 12:00:00,9.5,83.5,30.0,,4.463400119024003,DD,6,1989-11-20 12:00:00,,,,0.0,1989-11-19 06:00:00,,,1989-11-19 00:00:00,,,1989-11-18 12:00:00,30.0,0.0
1989-010,1989,BOB,,1989-11-20 03:00:00,9.5,85.0,30.0,,4.463400119024003,DD,7,1989-11-21 03:00:00,,,,0.0,1989-11-19 21:00:00,,,1989-11-19 15:00:00,,,1989-11-19 03:00:00,30.0,0.0
1990-001,1990,BOB,,1990-05-04 06:00:00,8.5,87.0,25.0,1002.0,4.0,D,0,1990-05-05 06:00:00,35.0,10.0,0.0,,1990-05-04 00:00:00,,,1990-05-03 18:00:00,,,1990-05-03 06:00:00,,
1990-001,1990,BOB,,1990-05-04 12:00:00,9.5,87.0,25.0,1000.0,4.0,D,1,1990-05-05 12:00:00,45.0,20.0,0.0,0.0,1990-05-04 06:00:00,25.0,0.0,1990-05-04 00:00:00,,,1990-05-03 12:00:00,,
1990-001,1990,BOB,,1990-05-04 18:00:00,9.5,86.0,25.0,1002.0,4.0,D,2,1990-05-05 18:00:00,55.0,30.0,1.0,0.0,1990-05-04 12:00:00,25.0,0.0,1990-05-04 06:00:00,25.0,0.0,1990-05-03 18:00:00,,
1990-001,1990,BOB,,1990-05-05 00:00:00,10.0,85.5,30.0,998.0,6.0,DD,3,1990-05-06 00:00:00,55.0,25.0,0.0,5.0,1990-05-04 18:00:00,25.0,5.0,1990-05-04 12:00:00,25.0,5.0,1990-05-04 00:00:00,,
1990-001,1990,BOB,,1990-05-05 06:00:00,10.0,85.0,35.0,999.0,7.0,CS,4,1990-05-06 06:00:00,77.0,42.0,1.0,5.0,1990-05-05 00:00:00,30.0,5.0,1990-05-04 18:00:00,25.0,10.0,1990-05-04 06:00:00,25.0,10.0
1990-001,1990,BOB,,1990-05-05 12:00:00,10.1,84.7,45.0,994.0,10.0,CS,5,1990-05-06 12:00:00,77.0,32.0,1.0,10.0,1990-05-05 06:00:00,35.0,10.0,1990-05-05 00:00:00,30.0,15.0,1990-05-04 12:00:00,25.0,20.0
1990-001,1990,BOB,,1990-05-05 18:00:00,10.3,83.9,55.0,991.0,15.0,SCS,6,1990-05-06 18:00:00,77.0,22.0,0.0,10.0,1990-05-05 12:00:00,45.0,10.0,1990-05-05 06:00:00,35.0,20.0,1990-05-04 18:00:00,25.0,30.0
1990-001,1990,BOB,,1990-05-06 00:00:00,10.3,83.3,55.0,991.0,15.0,SCS,7,1990-05-07 00:00:00,90.0,35.0,1.0,0.0,1990-05-05 18:00:00,55.0,0.0,1990-05-05 12:00:00,45.0,10.0,1990-05-05 00:00:00,30.0,25.0
1990-001,1990,BOB,,1990-05-06 06:00:00,10.0,83.2,77.0,976.0,29.4,VSCS,8,1990-05-07 06:00:00,115.0,38.0,1.0,22.0,1990-05-06 00:00:00,55.0,22.0,1990-05-05 18:00:00,55.0,22.0,1990-05-05 06:00:00,35.0,42.0
1990-001,1990,BOB,,1990-05-06 12:00:00,10.2,82.9,77.0,976.0,29.4,VSCS,9,1990-05-07 12:00:00,115.0,38.0,1.0,0.0,1990-05-06 06:00:00,77.0,0.0,1990-05-06 00:00:00,55.0,22.0,1990-05-05 12:00:00,45.0,32.0
1990-001,1990,BOB,,1990-05-06 18:00:00,10.3,82.5,77.0,976.0,29.4,VSCS,10,1990-05-07 18:00:00,102.0,25.0,0.0,0.0,1990-05-06 12:00:00,77.0,0.0,1990-05-06 06:00:00,77.0,0.0,1990-05-05 18:00:00,55.0,22.0
1990-001,1990,BOB,,1990-05-07 00:00:00,11.3,82.3,90.0,964.0,40.2,ESCS,11,1990-05-08 00:00:00,127.0,37.0,1.0,13.0,1990-05-06 18:00:00,77.0,13.0,1990-05-06 12:00:00,77.0,13.0,1990-05-06 00:00:00,55.0,35.0
1990-001,1990,BOB,,1990-05-07 06:00:00,11.3,81.8,115.0,940.0,65.6,ESCS,12,1990-05-08 06:00:00,127.0,12.0,0.0,25.0,1990-05-07 00:00:00,90.0,25.0,1990-05-06 18:00:00,77.0,38.0,1990-05-06 06:00:00,77.0,38.0
1990-001,1990,BOB,,1990-05-07 12:00:00,11.4,81.7,115.0,938.0,65.6,ESCS,13,1990-05-08 12:00:00,127.0,12.0,0.0,0.0,1990-05-07 06:00:00,115.0,0.0,1990-05-07 00:00:00,90.0,25.0,1990-05-06 12:00:00,77.0,38.0
1990-001,1990,BOB,,1990-05-07 18:00:00,14.5,80.8,102.0,950.0,51.6,ESCS,14,1990-05-08 18:00:00,102.0,0.0,0.0,-13.0,1990-05-07 12:00:00,115.0,-13.0,1990-05-07 06:00:00,115.0,-13.0,1990-05-06 18:00:00,77.0,25.0
1990-001,1990,BOB,,1990-05-08 00:00:00,13.3,81.8,127.0,924.0,80.0,SuCS,15,1990-05-09 00:00:00,90.0,-37.0,0.0,25.0,1990-05-07 18:00:00,102.0,25.0,1990-05-07 12:00:00,115.0,12.0,1990-05-07 00:00:00,90.0,37.0
1990-001,1990,BOB,,1990-05-08 06:00:00,13.6,81.4,127.0,924.0,80.0,SuCS,16,1990-05-09 06:00:00,90.0,-37.0,0.0,0.0,1990-05-08 00:00:00,127.0,0.0,1990-05-07 18:00:00,102.0,25.0,1990-05-07 06:00:00,115.0,12.0
1990-001,1990,BOB,,1990-05-08 12:00:00,13.9,81.1,127.0,920.0,80.0,SuCS,17,1990-05-09 12:00:00,90.0,-37.0,0.0,0.0,1990-05-08 06:00:00,127.0,0.0,1990-05-08 00:00:00,127.0,0.0,1990-05-07 12:00:00,115.0,12.0
1990-001,1990,BOB,,1990-05-08 18:00:00,14.5,80.8,102.0,950.0,51.6,ESCS,18,1990-05-09 18:00:00,65.0,-37.0,0.0,-25.0,1990-05-08 12:00:00,127.0,-25.0,1990-05-08 06:00:00,127.0,-25.0,1990-05-07 18:00:00,102.0,0.0
1990-001,1990,BOB,,1990-05-09 00:00:00,15.1,81.0,90.0,960.0,40.2,ESCS,19,1990-05-10 00:00:00,40.0,-50.0,0.0,-12.0,1990-05-08 18:00:00,102.0,-12.0,1990-05-08 12:00:00,127.0,-37.0,1990-05-08 00:00:00,127.0,-37.0
1990-001,1990,BOB,,1990-05-09 06:00:00,15.4,80.9,90.0,960.0,40.2,ESCS,20,1990-05-10 06:00:00,27.0,-63.0,0.0,0.0,1990-05-09 00:00:00,90.0,0.0,1990-05-08 18:00:00,102.0,-12.0,1990-05-08 06:00:00,127.0,-37.0
1990-001,1990,BOB,,1990-05-09 12:00:00,15.9,81.0,90.0,956.0,40.2,ESCS,21,1990-05-10 12:00:00,16.0,-74.0,0.0,0.0,1990-05-09 06:00:00,90.0,0.0,1990-05-09 00:00:00,90.0,0.0,1990-05-08 12:00:00,127.0,-37.0
1990-001,1990,BOB,,1990-05-09 18:00:00,16.0,80.5,65.0,,,VSCS,22,1990-05-10 18:00:00,,,,-25.0,1990-05-09 12:00:00,90.0,-25.0,1990-05-09 06:00:00,90.0,-25.0,1990-05-08 18:00:00,102.0,-37.0
1990-001,1990,BOB,,1990-05-10 00:00:00,16.5,80.0,40.0,,,VSCS,23,1990-05-11 00:00:00,,,,-25.0,1990-05-09 18:00:00,65.0,-25.0,1990-05-09 12:00:00,90.0,-50.0,1990-05-09 00:00:00,90.0,-50.0
1990-001,1990,BOB,,1990-05-10 06:00:00,16.5,79.5,27.0,,,SCS,24,1990-05-11 06:00:00,,,,-13.0,1990-05-10 00:00:00,40.0,-13.0,1990-05-09 18:00:00,65.0,-38.0,1990-05-09 06:00:00,90.0,-63.0
1990-001,1990,BOB,,1990-05-10 12:00:00,17.0,79.0,16.0,,,D,25,1990-05-11 12:00:00,,,,-11.0,1990-05-10 06:00:00,27.0,-11.0,1990-05-10 00:00:00,40.0,-24.0,1990-05-09 12:00:00,90.0,-74.0
1990-002,1990,BOB,,1990-06-13 12:00:00,21.0,89.0,27.0,991.0,,D,0,1990-06-14 12:00:00,33.0,6.0,0.0,,1990-06-13 06:00:00,,,1990-06-13 00:00:00,,,1990-06-12 12:00:00,,
1990-002,1990,BOB,,1990-06-13 18:00:00,21.5,88.5,27.0,994.0,,D,1,1990-06-14 18:00:00,27.0,0.0,0.0,0.0,1990-06-13 12:00:00,27.0,0.0,1990-06-13 06:00:00,,,1990-06-12 18:00:00,,
1990-002,1990,BOB,,1990-06-14 00:00:00,21.5,88.0,27.0,992.0,,D,2,1990-06-15 00:00:00,27.0,0.0,0.0,0.0,1990-06-13 18:00:00,27.0,0.0,1990-06-13 12:00:00,27.0,0.0,1990-06-13 00:00:00,,
1990-002,1990,BOB,,1990-06-14 06:00:00,22.0,87.0,27.0,991.0,,D,3,1990-06-15 06:00:00,27.0,0.0,0.0,0.0,1990-06-14 00:00:00,27.0,0.0,1990-06-13 18:00:00,27.0,0.0,1990-06-13 06:00:00,,
1990-002,1990,BOB,,1990-06-14 12:00:00,22.0,87.0,33.0,990.0,,DD,4,1990-06-15 12:00:00,,,,6.0,1990-06-14 06:00:00,27.0,6.0,1990-06-14 00:00:00,27.0,6.0,1990-06-13 12:00:00,27.0,6.0
1990-002,1990,BOB,,1990-06-14 18:00:00,22.0,86.0,27.0,995.0,,D,5,1990-06-15 18:00:00,,,,-6.0,1990-06-14 12:00:00,33.0,-6.0,1990-06-14 06:00:00,27.0,0.0,1990-06-13 18:00:00,27.0,0.0
1990-002,1990,BOB,,1990-06-15 00:00:00,22.0,85.0,27.0,995.0,,D,6,1990-06-16 00:00:00,,,,0.0,1990-06-14 18:00:00,27.0,0.0,1990-06-14 12:00:00,33.0,-6.0,1990-06-14 00:00:00,27.0,0.0
1990-002,1990,BOB,,1990-06-15 06:00:00,22.0,84.0,27.0,997.0,,D,7,1990-06-16 06:00:00,,,,0.0,1990-06-15 00:00:00,27.0,0.0,1990-06-14 18:00:00,27.0,0.0,1990-06-14 06:00:00,27.0,0.0
1990-003,1990,BOB,,1990-08-14 12:00:00,19.0,87.5,27.0,994.0,,D,0,1990-08-15 12:00:00,27.0,0.0,0.0,,1990-08-14 06:00:00,,,1990-08-14 00:00:00,,,1990-08-13 12:00:00,,
1990-003,1990,BOB,,1990-08-14 18:00:00,19.0,86.5,27.0,994.0,,D,1,1990-08-15 18:00:00,27.0,0.0,0.0,0.0,1990-08-14 12:00:00,27.0,0.0,1990-08-14 06:00:00,,,1990-08-13 18:00:00,,
1990-003,1990,BOB,,1990-08-15 00:00:00,19.0,86.0,27.0,993.0,,D,2,1990-08-16 00:00:00,27.0,0.0,0.0,0.0,1990-08-14 18:00:00,27.0,0.0,1990-08-14 12:00:00,27.0,0.0,1990-08-14 00:00:00,,
1990-003,1990,BOB,,1990-08-15 06:00:00,19.5,85.0,27.0,995.0,,D,3,1990-08-16 06:00:00,27.0,0.0,0.0,0.0,1990-08-15 00:00:00,27.0,0.0,1990-08-14 18:00:00,27.0,0.0,1990-08-14 06:00:00,,
1990-003,1990,BOB,,1990-08-15 12:00:00,20.5,83.5,27.0,995.0,,D,4,1990-08-16 12:00:00,27.0,0.0,0.0,0.0,1990-08-15 06:00:00,27.0,0.0,1990-08-15 00:00:00,27.0,0.0,1990-08-14 12:00:00,27.0,0.0
1990-003,1990,BOB,,1990-08-15 18:00:00,21.5,82.5,27.0,995.0,,D,5,1990-08-16 18:00:00,27.0,0.0,0.0,0.0,1990-08-15 12:00:00,27.0,0.0,1990-08-15 06:00:00,27.0,0.0,1990-08-14 18:00:00,27.0,0.0
1990-003,1990,BOB,,1990-08-16 00:00:00,21.5,81.5,27.0,995.0,,D,6,1990-08-17 00:00:00,27.0,0.0,0.0,0.0,1990-08-15 18:00:00,27.0,0.0,1990-08-15 12:00:00,27.0,0.0,1990-08-15 00:00:00,27.0,0.0
1990-003,1990,BOB,,1990-08-16 06:00:00,22.0,80.5,27.0,996.0,,D,7,1990-08-17 06:00:00,,,,0.0,1990-08-16 00:00:00,27.0,0.0,1990-08-15 18:00:00,27.0,0.0,1990-08-15 06:00:00,27.0,0.0
1990-003,1990,BOB,,1990-08-16 12:00:00,22.0,79.0,27.0,995.0,,D,8,1990-08-17 12:00:00,,,,0.0,1990-08-16 06:00:00,27.0,0.0,1990-08-16 00:00:00,27.0,0.0,1990-08-15 12:00:00,27.0,0.0
1990-003,1990,BOB,,1990-08-16 18:00:00,22.5,77.5,27.0,997.0,,D,9,1990-08-17 18:00:00,,,,0.0,1990-08-16 12:00:00,27.0,0.0,1990-08-16 06:00:00,27.0,0.0,1990-08-15 18:00:00,27.0,0.0
1990-003,1990,BOB,,1990-08-17 00:00:00,23.0,77.5,27.0,997.0,,D,10,1990-08-18 00:00:00,,,,0.0,1990-08-16 18:00:00,27.0,0.0,1990-08-16 12:00:00,27.0,0.0,1990-08-16 00:00:00,27.0,0.0
1990-004,1990,BOB,,1990-08-20 06:00:00,20.0,88.5,27.0,996.0,,D,0,1990-08-21 06:00:00,27.0,0.0,0.0,,1990-08-20 00:00:00,,,1990-08-19 18:00:00,,,1990-08-19 06:00:00,,
1990-004,1990,BOB,,1990-08-20 12:00:00,20.5,88.5,27.0,995.0,,D,1,1990-08-21 12:00:00,27.0,0.0,0.0,0.0,1990-08-20 06:00:00,27.0,0.0,1990-08-20 00:00:00,,,1990-08-19 12:00:00,,
1990-004,1990,BOB,,1990-08-20 18:00:00,20.5,87.5,27.0,995.0,,D,2,1990-08-21 18:00:00,27.0,0.0,0.0,0.0,1990-08-20 12:00:00,27.0,0.0,1990-08-20 06:00:00,27.0,0.0,1990-08-19 18:00:00,,
1990-004,1990,BOB,,1990-08-21 00:00:00,20.5,86.0,27.0,991.0,,D,3,1990-08-22 00:00:00,27.0,0.0,0.0,0.0,1990-08-20 18:00:00,27.0,0.0,1990-08-20 12:00:00,27.0,0.0,1990-08-20 00:00:00,,
1990-004,1990,BOB,,1990-08-21 06:00:00,20.5,86.0,27.0,986.0,,D,4,1990-08-22 06:00:00,27.0,0.0,0.0,0.0,1990-08-21 00:00:00,27.0,0.0,1990-08-20 18:00:00,27.0,0.0,1990-08-20 06:00:00,27.0,0.0
1990-004,1990,BOB,,1990-08-21 12:00:00,20.5,84.0,27.0,991.0,,D,5,1990-08-22 12:00:00,27.0,0.0,0.0,0.0,1990-08-21 06:00:00,27.0,0.0,1990-08-21 00:00:00,27.0,0.0,1990-08-20 12:00:00,27.0,0.0
1990-004,1990,BOB,,1990-08-21 18:00:00,20.5,83.0,27.0,996.0,,D,6,1990-08-22 18:00:00,27.0,0.0,0.0,0.0,1990-08-21 12:00:00,27.0,0.0,1990-08-21 06:00:00,27.0,0.0,1990-08-20 18:00:00,27.0,0.0
1990-004,1990,BOB,,1990-08-22 00:00:00,21.0,82.0,27.0,994.0,,D,7,1990-08-23 00:00:00,27.0,0.0,0.0,0.0,1990-08-21 18:00:00,27.0,0.0,1990-08-21 12:00:00,27.0,0.0,1990-08-21 00:00:00,27.0,0.0
1990-004,1990,BOB,,1990-08-22 06:00:00,21.5,81.0,27.0,996.0,,D,8,1990-08-23 06:00:00,27.0,0.0,0.0,0.0,1990-08-22 00:00:00,27.0,0.0,1990-08-21 18:00:00,27.0,0.0,1990-08-21 06:00:00,27.0,0.0
1990-004,1990,BOB,,1990-08-22 12:00:00,21.5,80.5,27.0,994.0,,D,9,1990-08-23 12:00:00,27.0,0.0,0.0,0.0,1990-08-22 06:00:00,27.0,0.0,1990-08-22 00:00:00,27.0,0.0,1990-08-21 12:00:00,27.0,0.0
1990-004,1990,BOB,,1990-08-22 18:00:00,22.0,79.0,27.0,995.0,,D,10,1990-08-23 18:00:00,27.0,0.0,0.0,0.0,1990-08-22 12:00:00,27.0,0.0,1990-08-22 06:00:00,27.0,0.0,1990-08-21 18:00:00,27.0,0.0
1990-004,1990,BOB,,1990-08-23 00:00:00,22.5,77.5,27.0,995.0,,D,11,1990-08-24 00:00:00,27.0,0.0,0.0,0.0,1990-08-22 18:00:00,27.0,0.0,1990-08-22 12:00:00,27.0,0.0,1990-08-22 00:00:00,27.0,0.0
1990-004,1990,BOB,,1990-08-23 06:00:00,23.0,77.5,27.0,996.0,,D,12,1990-08-24 06:00:00,27.0,0.0,0.0,0.0,1990-08-23 00:00:00,27.0,0.0,1990-08-22 18:00:00,27.0,0.0,1990-08-22 06:00:00,27.0,0.0
1990-004,1990,BOB,,1990-08-23 12:00:00,23.5,77.0,27.0,994.0,,D,13,1990-08-24 12:00:00,27.0,0.0,0.0,0.0,1990-08-23 06:00:00,27.0,0.0,1990-08-23 00:00:00,27.0,0.0,1990-08-22 12:00:00,27.0,0.0
1990-004,1990,BOB,,1990-08-23 18:00:00,24.0,75.0,27.0,996.0,,D,14,1990-08-24 18:00:00,,,,0.0,1990-08-23 12:00:00,27.0,0.0,1990-08-23 06:00:00,27.0,0.0,1990-08-22 18:00:00,27.0,0.0
1990-004,1990,BOB,,1990-08-24 00:00:00,24.0,73.5,27.0,997.0,,D,15,1990-08-25 00:00:00,,,,0.0,1990-08-23 18:00:00,27.0,0.0,1990-08-23 12:00:00,27.0,0.0,1990-08-23 00:00:00,27.0,0.0
1990-004,1990,BOB,,1990-08-24 06:00:00,25.0,72.5,27.0,997.0,,D,16,1990-08-25 06:00:00,,,,0.0,1990-08-24 00:00:00,27.0,0.0,1990-08-23 18:00:00,27.0,0.0,1990-08-23 06:00:00,27.0,0.0
1990-004,1990,BOB,,1990-08-24 12:00:00,25.5,72.5,27.0,994.0,,D,17,1990-08-25 12:00:00,,,,0.0,1990-08-24 06:00:00,27.0,0.0,1990-08-24 00:00:00,27.0,0.0,1990-08-23 12:00:00,27.0,0.0
1990-005,1990,BOB,,1990-09-03 06:00:00,22.5,88.2,27.0,995.0,,D,0,1990-09-04 06:00:00,27.0,0.0,0.0,,1990-09-03 00:00:00,,,1990-09-02 18:00:00,,,1990-09-02 06:00:00,,
1990-005,1990,BOB,,1990-09-03 12:00:00,22.5,87.0,27.0,995.0,,D,1,1990-09-04 12:00:00,27.0,0.0,0.0,0.0,1990-09-03 06:00:00,27.0,0.0,1990-09-03 00:00:00,,,1990-09-02 12:00:00,,
1990-005,1990,BOB,,1990-09-03 18:00:00,22.5,86.0,27.0,996.0,,D,2,1990-09-04 18:00:00,27.0,0.0,0.0,0.0,1990-09-03 12:00:00,27.0,0.0,1990-09-03 06:00:00,27.0,0.0,1990-09-02 18:00:00,,
1990-005,1990,BOB,,1990-09-04 00:00:00,22.5,85.0,27.0,995.0,,D,3,1990-09-05 00:00:00,,,,0.0,1990-09-03 18:00:00,27.0,0.0,1990-09-03 12:00:00,27.0,0.0,1990-09-03 00:00:00,,
1990-005,1990,BOB,,1990-09-04 06:00:00,22.5,84.5,27.0,996.0,,D,4,1990-09-05 06:00:00,,,,0.0,1990-09-04 00:00:00,27.0,0.0,1990-09-03 18:00:00,27.0,0.0,1990-09-03 06:00:00,27.0,0.0
1990-005,1990,BOB,,1990-09-04 12:00:00,22.5,84.0,27.0,995.0,,D,5,1990-09-05 12:00:00,,,,0.0,1990-09-04 06:00:00,27.0,0.0,1990-09-04 00:00:00,27.0,0.0,1990-09-03 12:00:00,27.0,0.0
1990-005,1990,BOB,,1990-09-04 18:00:00,23.0,83.0,27.0,997.0,,D,6,1990-09-05 18:00:00,,,,0.0,1990-09-04 12:00:00,27.0,0.0,1990-09-04 06:00:00,27.0,0.0,1990-09-03 18:00:00,27.0,0.0
1990-006,1990,BOB,,1990-10-06 18:00:00,18.0,90.0,27.0,1002.0,,D,0,1990-10-07 18:00:00,27.0,0.0,0.0,,1990-10-06 12:00:00,,,1990-10-06 06:00:00,,,1990-10-05 18:00:00,,
1990-006,1990,BOB,,1990-10-07 00:00:00,20.0,88.5,33.0,1000.0,,DD,1,1990-10-08 00:00:00,27.0,-6.0,0.0,6.0,1990-10-06 18:00:00,27.0,6.0,1990-10-06 12:00:00,,,1990-10-06 00:00:00,,
1990-006,1990,BOB,,1990-10-07 06:00:00,20.5,88.0,33.0,1000.0,,DD,2,1990-10-08 06:00:00,27.0,-6.0,0.0,0.0,1990-10-07 00:00:00,33.0,0.0,1990-10-06 18:00:00,27.0,6.0,1990-10-06 06:00:00,,
1990-006,1990,BOB,,1990-10-07 12:00:00,21.0,87.5,27.0,998.0,,D,3,1990-10-08 12:00:00,27.0,0.0,0.0,-6.0,1990-10-07 06:00:00,33.0,-6.0,1990-10-07 00:00:00,33.0,-6.0,1990-10-06 12:00:00,,
1990-006,1990,BOB,,1990-10-07 18:00:00,21.0,87.0,27.0,999.0,,D,4,1990-10-08 18:00:00,,,,0.0,1990-10-07 12:00:00,27.0,0.0,1990-10-07 06:00:00,33.0,-6.0,1990-10-06 18:00:00,27.0,0.0
1990-006,1990,BOB,,1990-10-08 00:00:00,21.5,87.5,27.0,999.0,,D,5,1990-10-09 00:00:00,,,,0.0,1990-10-07 18:00:00,27.0,0.0,1990-10-07 12:00:00,27.0,0.0,1990-10-07 00:00:00,33.0,-6.0
1990-006,1990,BOB,,1990-10-08 06:00:00,22.0,87.5,27.0,1000.0,,D,6,1990-10-09 06:00:00,,,,0.0,1990-10-08 00:00:00,27.0,0.0,1990-10-07 18:00:00,27.0,0.0,1990-10-07 06:00:00,33.0,-6.0
1990-006,1990,BOB,,1990-10-08 12:00:00,22.5,87.5,27.0,999.0,,D,7,1990-10-09 12:00:00,,,,0.0,1990-10-08 06:00:00,27.0,0.0,1990-10-08 00:00:00,27.0,0.0,1990-10-07 12:00:00,27.0,0.0
1990-007,1990,BOB,,1990-10-31 12:00:00,10.5,87.5,27.0,1004.0,,D,0,1990-11-01 12:00:00,27.0,0.0,0.0,,1990-10-31 06:00:00,,,1990-10-31 00:00:00,,,1990-10-30 12:00:00,,
1990-007,1990,BOB,,1990-10-31 18:00:00,10.5,87.0,27.0,1004.0,,D,1,1990-11-01 18:00:00,33.0,6.0,0.0,0.0,1990-10-31 12:00:00,27.0,0.0,1990-10-31 06:00:00,,,1990-10-30 18:00:00,,
1990-007,1990,BOB,,1990-11-01 00:00:00,12.0,86.5,27.0,1003.0,,D,2,1990-11-02 00:00:00,33.0,6.0,0.0,0.0,1990-10-31 18:00:00,27.0,0.0,1990-10-31 12:00:00,27.0,0.0,1990-10-31 00:00:00,,
1990-007,1990,BOB,,1990-11-01 06:00:00,13.5,86.0,27.0,1003.0,,D,3,1990-11-02 06:00:00,33.0,6.0,0.0,0.0,1990-11-01 00:00:00,27.0,0.0,1990-10-31 18:00:00,27.0,0.0,1990-10-31 06:00:00,,
1990-007,1990,BOB,,1990-11-01 12:00:00,14.0,86.5,27.0,1002.0,,D,4,1990-11-02 12:00:00,33.0,6.0,0.0,0.0,1990-11-01 06:00:00,27.0,0.0,1990-11-01 00:00:00,27.0,0.0,1990-10-31 12:00:00,27.0,0.0
1990-007,1990,BOB,,1990-11-01 18:00:00,16.0,85.5,33.0,1001.0,,DD,5,1990-11-02 18:00:00,33.0,0.0,0.0,6.0,1990-11-01 12:00:00,27.0,6.0,1990-11-01 06:00:00,27.0,6.0,1990-10-31 18:00:00,27.0,6.0
1990-007,1990,BOB,,1990-11-02 00:00:00,16.0,85.0,33.0,1001.0,,DD,6,1990-11-03 00:00:00,33.0,0.0,0.0,0.0,1990-11-01 18:00:00,33.0,0.0,1990-11-01 12:00:00,27.0,6.0,1990-11-01 00:00:00,27.0,6.0
1990-007,1990,BOB,,1990-11-02 06:00:00,17.0,84.5,33.0,1001.0,,DD,7,1990-11-03 06:00:00,33.0,0.0,0.0,0.0,1990-11-02 00:00:00,33.0,0.0,1990-11-01 18:00:00,33.0,0.0,1990-11-01 06:00:00,27.0,6.0
1990-007,1990,BOB,,1990-11-02 12:00:00,17.0,84.5,33.0,1002.0,,DD,8,1990-11-03 12:00:00,27.0,-6.0,0.0,0.0,1990-11-02 06:00:00,33.0,0.0,1990-11-02 00:00:00,33.0,0.0,1990-11-01 12:00:00,27.0,6.0
1990-007,1990,BOB,,1990-11-02 18:00:00,17.5,84.0,33.0,1003.0,,DD,9,1990-11-03 18:00:00,27.0,-6.0,0.0,0.0,1990-11-02 12:00:00,33.0,0.0,1990-11-02 06:00:00,33.0,0.0,1990-11-01 18:00:00,33.0,0.0
1990-007,1990,BOB,,1990-11-03 00:00:00,18.0,84.5,33.0,1001.0,,DD,10,1990-11-04 00:00:00,27.0,-6.0,0.0,0.0,1990-11-02 18:00:00,33.0,0.0,1990-11-02 12:00:00,33.0,0.0,1990-11-02 00:00:00,33.0,0.0
1990-007,1990,BOB,,1990-11-03 06:00:00,17.5,84.5,33.0,1001.0,,DD,11,1990-11-04 06:00:00,27.0,-6.0,0.0,0.0,1990-11-03 00:00:00,33.0,0.0,1990-11-02 18:00:00,33.0,0.0,1990-11-02 06:00:00,33.0,0.0
1990-007,1990,BOB,,1990-11-03 12:00:00,18.5,84.5,27.0,1001.0,,D,12,1990-11-04 12:00:00,,,,-6.0,1990-11-03 06:00:00,33.0,-6.0,1990-11-03 00:00:00,33.0,-6.0,1990-11-02 12:00:00,33.0,-6.0
1990-007,1990,BOB,,1990-11-03 18:00:00,18.5,85.0,27.0,1001.0,,D,13,1990-11-04 18:00:00,,,,0.0,1990-11-03 12:00:00,27.0,0.0,1990-11-03 06:00:00,33.0,-6.0,1990-11-02 18:00:00,33.0,-6.0
1990-007,1990,BOB,,1990-11-04 00:00:00,19.0,84.5,27.0,1001.0,,D,14,1990-11-05 00:00:00,,,,0.0,1990-11-03 18:00:00,27.0,0.0,1990-11-03 12:00:00,27.0,0.0,1990-11-03 00:00:00,33.0,-6.0
1990-007,1990,BOB,,1990-11-04 06:00:00,19.0,84.5,27.0,1003.0,,D,15,1990-11-05 06:00:00,,,,0.0,1990-11-04 00:00:00,27.0,0.0,1990-11-03 18:00:00,27.0,0.0,1990-11-03 06:00:00,33.0,-6.0
1990-008,1990,BOB,,1990-11-14 00:00:00,14.0,82.0,27.0,1010.0,,D,0,1990-11-15 00:00:00,,,,,1990-11-13 18:00:00,,,1990-11-13 12:00:00,,,1990-11-13 00:00:00,,
1990-008,1990,BOB,,1990-11-14 06:00:00,14.0,81.0,27.0,1010.0,,D,1,1990-11-15 06:00:00,,,,0.0,1990-11-14 00:00:00,27.0,0.0,1990-11-13 18:00:00,,,1990-11-13 06:00:00,,
1990-008,1990,BOB,,1990-11-14 12:00:00,14.0,80.5,27.0,1008.0,,D,2,1990-11-15 12:00:00,,,,0.0,1990-11-14 06:00:00,27.0,0.0,1990-11-14 00:00:00,27.0,0.0,1990-11-13 12:00:00,,
1990-008,1990,BOB,,1990-11-14 18:00:00,14.5,80.0,27.0,1009.0,,D,3,1990-11-15 18:00:00,,,,0.0,1990-11-14 12:00:00,27.0,0.0,1990-11-14 06:00:00,27.0,0.0,1990-11-13 18:00:00,,
1990-010,1990,BOB,,1990-12-14 12:00:00,8.0,88.0,27.0,,,D,0,1990-12-15 12:00:00,33.0,6.0,0.0,,1990-12-14 06:00:00,,,1990-12-14 00:00:00,,,1990-12-13 12:00:00,,
1990-010,1990,BOB,,1990-12-14 18:00:00,8.5,87.5,27.0,,,D,1,1990-12-15 18:00:00,35.0,8.0,0.0,0.0,1990-12-14 12:00:00,27.0,0.0,1990-12-14 06:00:00,,,1990-12-13 18:00:00,,
1990-010,1990,BOB,,1990-12-15 00:00:00,9.0,87.0,33.0,,,DD,2,1990-12-16 00:00:00,35.0,2.0,0.0,6.0,1990-12-14 18:00:00,27.0,6.0,1990-12-14 12:00:00,27.0,6.0,1990-12-14 00:00:00,,
1990-010,1990,BOB,,1990-12-15 06:00:00,9.8,86.5,33.0,,,DD,3,1990-12-16 06:00:00,35.0,2.0,0.0,0.0,1990-12-15 00:00:00,33.0,0.0,1990-12-14 18:00:00,27.0,6.0,1990-12-14 06:00:00,,
1990-010,1990,BOB,,1990-12-15 12:00:00,10.5,86.0,33.0,,,DD,4,1990-12-16 12:00:00,45.0,12.0,0.0,0.0,1990-12-15 06:00:00,33.0,0.0,1990-12-15 00:00:00,33.0,0.0,1990-12-14 12:00:00,27.0,6.0
1990-010,1990,BOB,,1990-12-15 18:00:00,11.0,85.5,35.0,,,CS,5,1990-12-16 18:00:00,45.0,10.0,0.0,2.0,1990-12-15 12:00:00,33.0,2.0,1990-12-15 06:00:00,33.0,2.0,1990-12-14 18:00:00,27.0,8.0
1990-010,1990,BOB,,1990-12-16 00:00:00,12.0,85.0,35.0,,,CS,6,1990-12-17 00:00:00,45.0,10.0,0.0,0.0,1990-12-15 18:00:00,35.0,0.0,1990-12-15 12:00:00,33.0,2.0,1990-12-15 00:00:00,33.0,2.0
1990-010,1990,BOB,,1990-12-16 06:00:00,13.0,85.5,35.0,,,CS,7,1990-12-17 06:00:00,55.0,20.0,0.0,0.0,1990-12-16 00:00:00,35.0,0.0,1990-12-15 18:00:00,35.0,0.0,1990-12-15 06:00:00,33.0,2.0
1990-010,1990,BOB,,1990-12-16 12:00:00,14.0,85.5,45.0,,,CS,8,1990-12-17 12:00:00,55.0,10.0,0.0,10.0,1990-12-16 06:00:00,35.0,10.0,1990-12-16 00:00:00,35.0,10.0,1990-12-15 12:00:00,33.0,12.0
1990-010,1990,BOB,,1990-12-16 18:00:00,14.5,86.0,45.0,,,CS,9,1990-12-17 18:00:00,55.0,10.0,0.0,0.0,1990-12-16 12:00:00,45.0,0.0,1990-12-16 06:00:00,35.0,10.0,1990-12-15 18:00:00,35.0,10.0
1990-010,1990,BOB,,1990-12-17 00:00:00,15.5,86.0,45.0,,,CS,10,1990-12-18 00:00:00,27.0,-18.0,0.0,0.0,1990-12-16 18:00:00,45.0,0.0,1990-12-16 12:00:00,45.0,0.0,1990-12-16 00:00:00,35.0,10.0
1990-010,1990,BOB,,1990-12-17 06:00:00,17.0,86.5,55.0,,,SCS,11,1990-12-18 06:00:00,27.0,-28.0,0.0,10.0,1990-12-17 00:00:00,45.0,10.0,1990-12-16 18:00:00,45.0,10.0,1990-12-16 06:00:00,35.0,20.0
1990-010,1990,BOB,,1990-12-17 12:00:00,18.0,87.0,55.0,,,SCS,12,1990-12-18 12:00:00,16.0,-39.0,0.0,0.0,1990-12-17 06:00:00,55.0,0.0,1990-12-17 00:00:00,45.0,10.0,1990-12-16 12:00:00,45.0,10.0
1990-010,1990,BOB,,1990-12-17 18:00:00,19.5,89.0,55.0,,,SCS,13,1990-12-18 18:00:00,,,,0.0,1990-12-17 12:00:00,55.0,0.0,1990-12-17 06:00:00,55.0,0.0,1990-12-16 18:00:00,45.0,10.0
1990-010,1990,BOB,,1990-12-18 00:00:00,20.5,90.5,27.0,,,CS,14,1990-12-19 00:00:00,,,,-28.0,1990-12-17 18:00:00,55.0,-28.0,1990-12-17 12:00:00,55.0,-28.0,1990-12-17 00:00:00,45.0,-18.0
1990-010,1990,BOB,,1990-12-18 06:00:00,21.0,91.0,27.0,,,CS,15,1990-12-19 06:00:00,,,,0.0,1990-12-18 00:00:00,27.0,0.0,1990-12-17 18:00:00,55.0,-28.0,1990-12-17 06:00:00,55.0,-28.0
1990-010,1990,BOB,,1990-12-18 12:00:00,20.0,92.0,16.0,,,D,16,1990-12-19 12:00:00,,,,-11.0,1990-12-18 06:00:00,27.0,-11.0,1990-12-18 00:00:00,27.0,-11.0,1990-12-17 12:00:00,55.0,-39.0
1991-001,1991,BOB,,1991-04-24 12:00:00,9.5,89.0,25.0,1002.0,4.0,D,0,1991-04-25 12:00:00,35.0,10.0,0.0,,1991-04-24 06:00:00,,,1991-04-24 00:00:00,,,1991-04-23 12:00:00,,
1991-001,1991,BOB,,1991-04-24 18:00:00,10.0,89.0,25.0,1002.0,4.0,D,1,1991-04-25 18:00:00,35.0,10.0,0.0,0.0,1991-04-24 12:00:00,25.0,0.0,1991-04-24 06:00:00,,,1991-04-23 18:00:00,,
1991-001,1991,BOB,,1991-04-25 00:00:00,10.5,89.0,25.0,1002.0,4.0,D,2,1991-04-26 00:00:00,45.0,20.0,0.0,0.0,1991-04-24 18:00:00,25.0,0.0,1991-04-24 12:00:00,25.0,0.0,1991-04-24 00:00:00,,
1991-001,1991,BOB,,1991-04-25 06:00:00,11.0,88.5,30.0,1000.0,6.0,DD,3,1991-04-26 06:00:00,55.0,25.0,0.0,5.0,1991-04-25 00:00:00,25.0,5.0,1991-04-24 18:00:00,25.0,5.0,1991-04-24 06:00:00,,
1991-001,1991,BOB,,1991-04-25 12:00:00,11.0,88.0,35.0,996.0,8.0,CS,4,1991-04-26 12:00:00,55.0,20.0,0.0,5.0,1991-04-25 06:00:00,30.0,5.0,1991-04-25 00:00:00,25.0,10.0,1991-04-24 12:00:00,25.0,10.0
1991-001,1991,BOB,,1991-04-25 18:00:00,11.0,88.0,35.0,998.0,8.0,CS,5,1991-04-26 18:00:00,55.0,20.0,0.0,0.0,1991-04-25 12:00:00,35.0,0.0,1991-04-25 06:00:00,30.0,5.0,1991-04-24 18:00:00,25.0,10.0
1991-001,1991,BOB,,1991-04-26 00:00:00,11.0,87.5,45.0,994.0,10.0,CS,6,1991-04-27 00:00:00,55.0,10.0,0.0,10.0,1991-04-25 18:00:00,35.0,10.0,1991-04-25 12:00:00,35.0,10.0,1991-04-25 00:00:00,25.0,20.0
1991-001,1991,BOB,,1991-04-26 06:00:00,11.0,87.5,55.0,991.0,15.0,SCS,7,1991-04-27 06:00:00,77.0,22.0,0.0,10.0,1991-04-26 00:00:00,45.0,10.0,1991-04-25 18:00:00,35.0,20.0,1991-04-25 06:00:00,30.0,25.0
1991-001,1991,BOB,,1991-04-26 12:00:00,11.5,87.5,55.0,987.0,15.0,SCS,8,1991-04-27 12:00:00,77.0,22.0,0.0,0.0,1991-04-26 06:00:00,55.0,0.0,1991-04-26 00:00:00,45.0,10.0,1991-04-25 12:00:00,35.0,20.0
1991-001,1991,BOB,,1991-04-26 18:00:00,11.5,87.0,55.0,991.0,15.0,SCS,9,1991-04-27 18:00:00,77.0,22.0,0.0,0.0,1991-04-26 12:00:00,55.0,0.0,1991-04-26 06:00:00,55.0,0.0,1991-04-25 18:00:00,35.0,20.0
1991-001,1991,BOB,,1991-04-27 00:00:00,12.0,87.0,55.0,989.0,15.0,SCS,10,1991-04-28 00:00:00,77.0,22.0,0.0,0.0,1991-04-26 18:00:00,55.0,0.0,1991-04-26 12:00:00,55.0,0.0,1991-04-26 00:00:00,45.0,10.0
1991-001,1991,BOB,,1991-04-27 06:00:00,13.5,87.0,77.0,974.0,29.4,VSCS,11,1991-04-28 06:00:00,102.0,25.0,0.0,22.0,1991-04-27 00:00:00,55.0,22.0,1991-04-26 18:00:00,55.0,22.0,1991-04-26 06:00:00,55.0,22.0
1991-001,1991,BOB,,1991-04-27 12:00:00,14.5,87.0,77.0,972.0,29.4,VSCS,12,1991-04-28 12:00:00,102.0,25.0,0.0,0.0,1991-04-27 06:00:00,77.0,0.0,1991-04-27 00:00:00,55.0,22.0,1991-04-26 12:00:00,55.0,22.0
1991-001,1991,BOB,,1991-04-27 18:00:00,14.5,87.0,77.0,974.0,29.4,VSCS,13,1991-04-28 18:00:00,115.0,38.0,1.0,0.0,1991-04-27 12:00:00,77.0,0.0,1991-04-27 06:00:00,77.0,0.0,1991-04-26 18:00:00,55.0,22.0
1991-001,1991,BOB,,1991-04-28 00:00:00,15.0,87.2,77.0,972.0,29.4,VSCS,14,1991-04-29 00:00:00,127.0,50.0,1.0,0.0,1991-04-27 18:00:00,77.0,0.0,1991-04-27 12:00:00,77.0,0.0,1991-04-27 00:00:00,55.0,22.0
1991-001,1991,BOB,,1991-04-28 06:00:00,16.0,87.8,102.0,952.0,51.6,ESCS,15,1991-04-29 06:00:00,127.0,25.0,0.0,25.0,1991-04-28 00:00:00,77.0,25.0,1991-04-27 18:00:00,77.0,25.0,1991-04-27 06:00:00,77.0,25.0
1991-001,1991,BOB,,1991-04-28 12:00:00,16.5,88.0,102.0,950.0,51.6,ESCS,16,1991-04-29 12:00:00,127.0,25.0,0.0,0.0,1991-04-28 06:00:00,102.0,0.0,1991-04-28 00:00:00,77.0,25.0,1991-04-27 12:00:00,77.0,25.0
1991-001,1991,BOB,,1991-04-28 18:00:00,17.5,88.5,115.0,934.0,65.6,ESCS,17,1991-04-29 18:00:00,127.0,12.0,0.0,13.0,1991-04-28 12:00:00,102.0,13.0,1991-04-28 06:00:00,102.0,13.0,1991-04-27 18:00:00,77.0,38.0
1991-001,1991,BOB,,1991-04-29 00:00:00,18.5,89.0,127.0,920.0,80.0,SuCS,18,1991-04-30 00:00:00,30.0,-97.0,0.0,12.0,1991-04-28 18:00:00,115.0,12.0,1991-04-28 12:00:00,102.0,25.0,1991-04-28 00:00:00,77.0,50.0
1991-001,1991,BOB,,1991-04-29 06:00:00,20.0,90.0,127.0,922.0,80.0,SuCS,19,1991-04-30 06:00:00,,,,0.0,1991-04-29 00:00:00,127.0,0.0,1991-04-28 18:00:00,115.0,12.0,1991-04-28 06:00:00,102.0,25.0
1991-001,1991,BOB,,1991-04-29 12:00:00,20.5,90.5,127.0,918.0,80.0,SuCS,20,1991-04-30 12:00:00,,,,0.0,1991-04-29 06:00:00,127.0,0.0,1991-04-29 00:00:00,127.0,0.0,1991-04-28 12:00:00,102.0,25.0
1991-001,1991,BOB,,1991-04-29 18:00:00,22.0,91.5,127.0,920.0,80.0,SuCS,21,1991-04-30 18:00:00,,,,0.0,1991-04-29 12:00:00,127.0,0.0,1991-04-29 06:00:00,127.0,0.0,1991-04-28 18:00:00,115.0,12.0
1991-001,1991,BOB,,1991-04-30 00:00:00,23.7,92.7,30.0,994.0,6.0,DD,22,1991-05-01 00:00:00,,,,-97.0,1991-04-29 18:00:00,127.0,-97.0,1991-04-29 12:00:00,127.0,-97.0,1991-04-29 00:00:00,127.0,-97.0
1991-002,1991,BOB,,1991-05-31 06:00:00,15.0,89.5,25.0,998.0,4.0,D,0,1991-06-01 06:00:00,35.0,10.0,0.0,,1991-05-31 00:00:00,,,1991-05-30 18:00:00,,,1991-05-30 06:00:00,,
1991-002,1991,BOB,,1991-05-31 12:00:00,16.0,89.0,30.0,996.0,6.0,DD,1,1991-06-01 12:00:00,45.0,15.0,0.0,5.0,1991-05-31 06:00:00,25.0,5.0,1991-05-31 00:00:00,,,1991-05-30 12:00:00,,
1991-002,1991,BOB,,1991-05-31 18:00:00,16.5,88.7,30.0,996.0,6.0,DD,2,1991-06-01 18:00:00,45.0,15.0,0.0,0.0,1991-05-31 12:00:00,30.0,0.0,1991-05-31 06:00:00,25.0,5.0,1991-05-30 18:00:00,,
1991-002,1991,BOB,,1991-06-01 00:00:00,17.0,88.5,35.0,994.0,7.0,CS,3,1991-06-02 00:00:00,45.0,10.0,0.0,5.0,1991-05-31 18:00:00,30.0,5.0,1991-05-31 12:00:00,30.0,5.0,1991-05-31 00:00:00,,
1991-002,1991,BOB,,1991-06-01 06:00:00,19.0,89.0,35.0,994.0,8.0,CS,4,1991-06-02 06:00:00,25.0,-10.0,0.0,0.0,1991-06-01 00:00:00,35.0,0.0,1991-05-31 18:00:00,30.0,5.0,1991-05-31 06:00:00,25.0,10.0
1991-002,1991,BOB,,1991-06-01 12:00:00,19.5,89.5,45.0,990.0,10.0,CS,5,1991-06-02 12:00:00,,,,10.0,1991-06-01 06:00:00,35.0,10.0,1991-06-01 00:00:00,35.0,10.0,1991-05-31 12:00:00,30.0,15.0
1991-002,1991,BOB,,1991-06-01 18:00:00,20.0,89.5,45.0,992.0,10.0,CS,6,1991-06-02 18:00:00,,,,0.0,1991-06-01 12:00:00,45.0,0.0,1991-06-01 06:00:00,35.0,10.0,1991-05-31 18:00:00,30.0,15.0
1991-002,1991,BOB,,1991-06-02 00:00:00,22.5,91.0,45.0,990.0,10.0,CS,7,1991-06-03 00:00:00,,,,0.0,1991-06-01 18:00:00,45.0,0.0,1991-06-01 12:00:00,45.0,0.0,1991-06-01 00:00:00,35.0,10.0
1991-002,1991,BOB,,1991-06-02 06:00:00,25.0,93.0,25.0,996.0,6.0,D,8,1991-06-03 06:00:00,,,,-20.0,1991-06-02 00:00:00,45.0,-20.0,1991-06-01 18:00:00,45.0,-20.0,1991-06-01 06:00:00,35.0,-10.0
1991-003,1991,BOB,,1991-07-27 06:00:00,20.5,89.0,25.0,992.0,4.0,D,0,1991-07-28 06:00:00,25.0,0.0,0.0,,1991-07-27 00:00:00,,,1991-07-26 18:00:00,,,1991-07-26 06:00:00,,
1991-003,1991,BOB,,1991-07-27 12:00:00,20.5,88.8,25.0,988.0,4.0,D,1,1991-07-28 12:00:00,30.0,5.0,0.0,0.0,1991-07-27 06:00:00,25.0,0.0,1991-07-27 00:00:00,,,1991-07-26 12:00:00,,
1991-003,1991,BOB,,1991-07-27 18:00:00,20.5,88.5,25.0,992.0,4.0,D,2,1991-07-28 18:00:00,30.0,5.0,0.0,0.0,1991-07-27 12:00:00,25.0,0.0,1991-07-27 06:00:00,25.0,0.0,1991-07-26 18:00:00,,
1991-003,1991,BOB,,1991-07-28 00:00:00,20.5,88.2,25.0,988.0,4.0,D,3,1991-07-29 00:00:00,30.0,5.0,0.0,0.0,1991-07-27 18:00:00,25.0,0.0,1991-07-27 12:00:00,25.0,0.0,1991-07-27 00:00:00,,
1991-003,1991,BOB,,1991-07-28 06:00:00,20.5,87.8,25.0,987.0,5.0,D,4,1991-07-29 06:00:00,30.0,5.0,0.0,0.0,1991-07-28 00:00:00,25.0,0.0,1991-07-27 18:00:00,25.0,0.0,1991-07-27 06:00:00,25.0,0.0
1991-003,1991,BOB,,1991-07-28 12:00:00,20.5,87.5,30.0,984.0,6.0,DD,5,1991-07-29 12:00:00,30.0,0.0,0.0,5.0,1991-07-28 06:00:00,25.0,5.0,1991-07-28 00:00:00,25.0,5.0,1991-07-27 12:00:00,25.0,5.0
1991-003,1991,BOB,,1991-07-28 18:00:00,21.0,87.0,30.0,986.0,6.0,DD,6,1991-07-29 18:00:00,30.0,0.0,0.0,0.0,1991-07-28 12:00:00,30.0,0.0,1991-07-28 06:00:00,25.0,5.0,1991-07-27 18:00:00,25.0,5.0
1991-003,1991,BOB,,1991-07-29 00:00:00,21.5,86.5,30.0,986.0,6.0,DD,7,1991-07-30 00:00:00,30.0,0.0,0.0,0.0,1991-07-28 18:00:00,30.0,0.0,1991-07-28 12:00:00,30.0,0.0,1991-07-28 00:00:00,25.0,5.0
1991-003,1991,BOB,,1991-07-29 06:00:00,21.5,84.2,30.0,990.0,6.0,DD,8,1991-07-30 06:00:00,30.0,0.0,0.0,0.0,1991-07-29 00:00:00,30.0,0.0,1991-07-28 18:00:00,30.0,0.0,1991-07-28 06:00:00,25.0,5.0
1991-003,1991,BOB,,1991-07-29 12:00:00,22.0,82.0,30.0,988.0,6.0,DD,9,1991-07-30 12:00:00,30.0,0.0,0.0,0.0,1991-07-29 06:00:00,30.0,0.0,1991-07-29 00:00:00,30.0,0.0,1991-07-28 12:00:00,30.0,0.0
1991-003,1991,BOB,,1991-07-29 18:00:00,22.2,81.0,30.0,990.0,6.0,DD,10,1991-07-30 18:00:00,30.0,0.0,0.0,0.0,1991-07-29 12:00:00,30.0,0.0,1991-07-29 06:00:00,30.0,0.0,1991-07-28 18:00:00,30.0,0.0
1991-003,1991,BOB,,1991-07-30 00:00:00,22.5,80.0,30.0,988.0,6.0,DD,11,1991-07-31 00:00:00,25.0,-5.0,0.0,0.0,1991-07-29 18:00:00,30.0,0.0,1991-07-29 12:00:00,30.0,0.0,1991-07-29 00:00:00,30.0,0.0
1991-003,1991,BOB,,1991-07-30 06:00:00,22.7,79.0,30.0,992.0,6.0,DD,12,1991-07-31 06:00:00,25.0,-5.0,0.0,0.0,1991-07-30 00:00:00,30.0,0.0,1991-07-29 18:00:00,30.0,0.0,1991-07-29 06:00:00,30.0,0.0
1991-003,1991,BOB,,1991-07-30 12:00:00,23.0,78.0,30.0,990.0,6.0,DD,13,1991-07-31 12:00:00,25.0,-5.0,0.0,0.0,1991-07-30 06:00:00,30.0,0.0,1991-07-30 00:00:00,30.0,0.0,1991-07-29 12:00:00,30.0,0.0
1991-003,1991,BOB,,1991-07-30 18:00:00,24.0,77.5,30.0,992.0,6.0,DD,14,1991-07-31 18:00:00,25.0,-5.0,0.0,0.0,1991-07-30 12:00:00,30.0,0.0,1991-07-30 06:00:00,30.0,0.0,1991-07-29 18:00:00,30.0,0.0
1991-003,1991,BOB,,1991-07-31 00:00:00,24.5,77.0,25.0,990.0,4.0,D,15,1991-08-01 00:00:00,,,,-5.0,1991-07-30 18:00:00,30.0,-5.0,1991-07-30 12:00:00,30.0,-5.0,1991-07-30 00:00:00,30.0,-5.0
1991-003,1991,BOB,,1991-07-31 06:00:00,24.5,76.5,25.0,992.0,4.0,D,16,1991-08-01 06:00:00,,,,0.0,1991-07-31 00:00:00,25.0,0.0,1991-07-30 18:00:00,30.0,-5.0,1991-07-30 06:00:00,30.0,-5.0
1991-003,1991,BOB,,1991-07-31 12:00:00,25.2,76.3,25.0,990.0,4.0,D,17,1991-08-01 12:00:00,,,,0.0,1991-07-31 06:00:00,25.0,0.0,1991-07-31 00:00:00,25.0,0.0,1991-07-30 12:00:00,30.0,-5.0
1991-003,1991,BOB,,1991-07-31 18:00:00,26.0,76.7,25.0,992.0,4.0,D,18,1991-08-01 18:00:00,,,,0.0,1991-07-31 12:00:00,25.0,0.0,1991-07-31 06:00:00,25.0,0.0,1991-07-30 18:00:00,30.0,-5.0
1991-004,1991,BOB,,1991-08-22 00:00:00,20.7,88.2,25.0,994.0,4.0,D,0,1991-08-23 00:00:00,25.0,0.0,0.0,,1991-08-21 18:00:00,,,1991-08-21 12:00:00,,,1991-08-21 00:00:00,,
1991-004,1991,BOB,,1991-08-22 06:00:00,21.3,87.5,25.0,996.0,4.0,D,1,1991-08-23 06:00:00,25.0,0.0,0.0,0.0,1991-08-22 00:00:00,25.0,0.0,1991-08-21 18:00:00,,,1991-08-21 06:00:00,,
1991-004,1991,BOB,,1991-08-22 12:00:00,22.5,86.0,25.0,994.0,4.0,D,2,1991-08-23 12:00:00,25.0,0.0,0.0,0.0,1991-08-22 06:00:00,25.0,0.0,1991-08-22 00:00:00,25.0,0.0,1991-08-21 12:00:00,,
1991-004,1991,BOB,,1991-08-22 18:00:00,22.5,84.0,25.0,996.0,4.0,D,3,1991-08-23 18:00:00,25.0,0.0,0.0,0.0,1991-08-22 12:00:00,25.0,0.0,1991-08-22 06:00:00,25.0,0.0,1991-08-21 18:00:00,,
1991-004,1991,BOB,,1991-08-23 00:00:00,22.7,83.0,25.0,994.0,4.0,D,4,1991-08-24 00:00:00,25.0,0.0,0.0,0.0,1991-08-22 18:00:00,25.0,0.0,1991-08-22 12:00:00,25.0,0.0,1991-08-22 00:00:00,25.0,0.0
1991-004,1991,BOB,,1991-08-23 06:00:00,23.0,81.5,25.0,994.0,4.0,D,5,1991-08-24 06:00:00,25.0,0.0,0.0,0.0,1991-08-23 00:00:00,25.0,0.0,1991-08-22 18:00:00,25.0,0.0,1991-08-22 06:00:00,25.0,0.0
1991-004,1991,BOB,,1991-08-23 12:00:00,23.8,80.2,25.0,992.0,4.0,D,6,1991-08-24 12:00:00,25.0,0.0,0.0,0.0,1991-08-23 06:00:00,25.0,0.0,1991-08-23 00:00:00,25.0,0.0,1991-08-22 12:00:00,25.0,0.0
1991-004,1991,BOB,,1991-08-23 18:00:00,24.0,80.0,25.0,994.0,4.0,D,7,1991-08-24 18:00:00,25.0,0.0,0.0,0.0,1991-08-23 12:00:00,25.0,0.0,1991-08-23 06:00:00,25.0,0.0,1991-08-22 18:00:00,25.0,0.0
1991-004,1991,BOB,,1991-08-24 00:00:00,24.5,79.8,25.0,994.0,4.0,D,8,1991-08-25 00:00:00,25.0,0.0,0.0,0.0,1991-08-23 18:00:00,25.0,0.0,1991-08-23 12:00:00,25.0,0.0,1991-08-23 00:00:00,25.0,0.0
1991-004,1991,BOB,,1991-08-24 06:00:00,24.5,79.8,25.0,994.0,4.0,D,9,1991-08-25 06:00:00,25.0,0.0,0.0,0.0,1991-08-24 00:00:00,25.0,0.0,1991-08-23 18:00:00,25.0,0.0,1991-08-23 06:00:00,25.0,0.0
1991-004,1991,BOB,,1991-08-24 12:00:00,24.5,79.8,25.0,992.0,4.0,D,10,1991-08-25 12:00:00,25.0,0.0,0.0,0.0,1991-08-24 06:00:00,25.0,0.0,1991-08-24 00:00:00,25.0,0.0,1991-08-23 12:00:00,25.0,0.0
1991-004,1991,BOB,,1991-08-24 18:00:00,25.0,78.6,25.0,994.0,4.0,D,11,1991-08-25 18:00:00,25.0,0.0,0.0,0.0,1991-08-24 12:00:00,25.0,0.0,1991-08-24 06:00:00,25.0,0.0,1991-08-23 18:00:00,25.0,0.0
1991-004,1991,BOB,,1991-08-25 00:00:00,26.2,78.5,25.0,992.0,4.0,D,12,1991-08-26 00:00:00,25.0,0.0,0.0,0.0,1991-08-24 18:00:00,25.0,0.0,1991-08-24 12:00:00,25.0,0.0,1991-08-24 00:00:00,25.0,0.0
1991-004,1991,BOB,,1991-08-25 06:00:00,26.8,78.5,25.0,994.0,4.0,D,13,1991-08-26 06:00:00,,,,0.0,1991-08-25 00:00:00,25.0,0.0,1991-08-24 18:00:00,25.0,0.0,1991-08-24 06:00:00,25.0,0.0
1991-004,1991,BOB,,1991-08-25 12:00:00,27.0,78.5,25.0,992.0,4.0,D,14,1991-08-26 12:00:00,,,,0.0,1991-08-25 06:00:00,25.0,0.0,1991-08-25 00:00:00,25.0,0.0,1991-08-24 12:00:00,25.0,0.0
1991-004,1991,BOB,,1991-08-25 18:00:00,27.5,78.5,25.0,994.0,4.0,D,15,1991-08-26 18:00:00,,,,0.0,1991-08-25 12:00:00,25.0,0.0,1991-08-25 06:00:00,25.0,0.0,1991-08-24 18:00:00,25.0,0.0
1991-004,1991,BOB,,1991-08-26 00:00:00,27.5,78.5,25.0,996.0,4.0,D,16,1991-08-27 00:00:00,,,,0.0,1991-08-25 18:00:00,25.0,0.0,1991-08-25 12:00:00,25.0,0.0,1991-08-25 00:00:00,25.0,0.0
1991-005,1991,BOB,,1991-09-21 06:00:00,15.5,83.5,25.0,1000.0,4.0,D,0,1991-09-22 06:00:00,25.0,0.0,0.0,,1991-09-21 00:00:00,,,1991-09-20 18:00:00,,,1991-09-20 06:00:00,,
1991-005,1991,BOB,,1991-09-21 12:00:00,16.0,82.5,25.0,1000.0,4.0,D,1,1991-09-22 12:00:00,,,,0.0,1991-09-21 06:00:00,25.0,0.0,1991-09-21 00:00:00,,,1991-09-20 12:00:00,,
1991-005,1991,BOB,,1991-09-21 18:00:00,16.5,81.5,25.0,1000.0,4.0,D,2,1991-09-22 18:00:00,,,,0.0,1991-09-21 12:00:00,25.0,0.0,1991-09-21 06:00:00,25.0,0.0,1991-09-20 18:00:00,,
1991-005,1991,BOB,,1991-09-22 00:00:00,17.0,81.0,25.0,1000.0,4.0,D,3,1991-09-23 00:00:00,,,,0.0,1991-09-21 18:00:00,25.0,0.0,1991-09-21 12:00:00,25.0,0.0,1991-09-21 00:00:00,,
1991-005,1991,BOB,,1991-09-22 06:00:00,18.0,80.5,25.0,1000.0,4.0,D,4,1991-09-23 06:00:00,,,,0.0,1991-09-22 00:00:00,25.0,0.0,1991-09-21 18:00:00,25.0,0.0,1991-09-21 06:00:00,25.0,0.0
1991-006,1991,BOB,,1991-10-12 12:00:00,18.0,87.0,25.0,1000.0,4.0,D,0,1991-10-13 12:00:00,25.0,0.0,0.0,,1991-10-12 06:00:00,,,1991-10-12 00:00:00,,,1991-10-11 12:00:00,,
1991-006,1991,BOB,,1991-10-12 18:00:00,18.5,87.0,25.0,1000.0,4.0,D,1,1991-10-13 18:00:00,25.0,0.0,0.0,0.0,1991-10-12 12:00:00,25.0,0.0,1991-10-12 06:00:00,,,1991-10-11 18:00:00,,
1991-006,1991,BOB,,1991-10-13 00:00:00,19.5,88.0,25.0,1000.0,4.0,D,2,1991-10-14 00:00:00,25.0,0.0,0.0,0.0,1991-10-12 18:00:00,25.0,0.0,1991-10-12 12:00:00,25.0,0.0,1991-10-12 00:00:00,,
1991-006,1991,BOB,,1991-10-13 06:00:00,20.5,88.7,25.0,998.0,4.0,D,3,1991-10-14 06:00:00,,,,0.0,1991-10-13 00:00:00,25.0,0.0,1991-10-12 18:00:00,25.0,0.0,1991-10-12 06:00:00,,
1991-006,1991,BOB,,1991-10-13 12:00:00,21.0,89.5,25.0,1000.0,4.0,D,4,1991-10-14 12:00:00,,,,0.0,1991-10-13 06:00:00,25.0,0.0,1991-10-13 00:00:00,25.0,0.0,1991-10-12 12:00:00,25.0,0.0
1991-006,1991,BOB,,1991-10-13 18:00:00,21.5,89.7,25.0,1002.0,4.0,D,5,1991-10-14 18:00:00,,,,0.0,1991-10-13 12:00:00,25.0,0.0,1991-10-13 06:00:00,25.0,0.0,1991-10-12 18:00:00,25.0,0.0
1991-006,1991,BOB,,1991-10-14 00:00:00,22.0,90.0,25.0,1002.0,4.0,D,6,1991-10-15 00:00:00,,,,0.0,1991-10-13 18:00:00,25.0,0.0,1991-10-13 12:00:00,25.0,0.0,1991-10-13 00:00:00,25.0,0.0
1991-007,1991,BOB,,1991-10-28 06:00:00,10.5,82.0,25.0,1002.0,4.0,D,0,1991-10-29 06:00:00,25.0,0.0,0.0,,1991-10-28 00:00:00,,,1991-10-27 18:00:00,,,1991-10-27 06:00:00,,
1991-007,1991,BOB,,1991-10-28 12:00:00,11.0,81.5,25.0,1000.0,4.0,D,1,1991-10-29 12:00:00,25.0,0.0,0.0,0.0,1991-10-28 06:00:00,25.0,0.0,1991-10-28 00:00:00,,,1991-10-27 12:00:00,,
1991-007,1991,BOB,,1991-10-28 18:00:00,11.5,81.0,25.0,1000.0,4.0,D,2,1991-10-29 18:00:00,25.0,0.0,0.0,0.0,1991-10-28 12:00:00,25.0,0.0,1991-10-28 06:00:00,25.0,0.0,1991-10-27 18:00:00,,
1991-007,1991,BOB,,1991-10-29 00:00:00,12.0,80.5,25.0,998.0,4.0,D,3,1991-10-30 00:00:00,25.0,0.0,0.0,0.0,1991-10-28 18:00:00,25.0,0.0,1991-10-28 12:00:00,25.0,0.0,1991-10-28 00:00:00,,
1991-007,1991,BOB,,1991-10-29 06:00:00,12.5,79.5,25.0,1000.0,4.0,D,4,1991-10-30 06:00:00,25.0,0.0,0.0,0.0,1991-10-29 00:00:00,25.0,0.0,1991-10-28 18:00:00,25.0,0.0,1991-10-28 06:00:00,25.0,0.0
1991-007,1991,BOB,,1991-10-29 12:00:00,12.5,79.0,25.0,998.0,4.0,D,5,1991-10-30 12:00:00,,,,0.0,1991-10-29 06:00:00,25.0,0.0,1991-10-29 00:00:00,25.0,0.0,1991-10-28 12:00:00,25.0,0.0
1991-007,1991,BOB,,1991-10-29 18:00:00,13.0,78.5,25.0,1000.0,4.0,D,6,1991-10-30 18:00:00,,,,0.0,1991-10-29 12:00:00,25.0,0.0,1991-10-29 06:00:00,25.0,0.0,1991-10-28 18:00:00,25.0,0.0
1991-007,1991,BOB,,1991-10-30 00:00:00,13.0,78.0,25.0,1000.0,4.0,D,7,1991-10-31 00:00:00,,,,0.0,1991-10-29 18:00:00,25.0,0.0,1991-10-29 12:00:00,25.0,0.0,1991-10-29 00:00:00,25.0,0.0
1991-007,1991,BOB,,1991-10-30 06:00:00,13.0,77.5,25.0,1000.0,4.0,D,8,1991-10-31 06:00:00,,,,0.0,1991-10-30 00:00:00,25.0,0.0,1991-10-29 18:00:00,25.0,0.0,1991-10-29 06:00:00,25.0,0.0
1991-008,1991,BOB,,1991-11-11 12:00:00,11.0,87.5,25.0,1006.0,4.0,D,0,1991-11-12 12:00:00,25.0,0.0,0.0,,1991-11-11 06:00:00,,,1991-11-11 00:00:00,,,1991-11-10 12:00:00,,
1991-008,1991,BOB,,1991-11-11 18:00:00,11.0,87.5,25.0,1006.0,4.0,D,1,1991-11-12 18:00:00,25.0,0.0,0.0,0.0,1991-11-11 12:00:00,25.0,0.0,1991-11-11 06:00:00,,,1991-11-10 18:00:00,,
1991-008,1991,BOB,,1991-11-12 00:00:00,11.0,87.0,25.0,1006.0,4.0,D,2,1991-11-13 00:00:00,25.0,0.0,0.0,0.0,1991-11-11 18:00:00,25.0,0.0,1991-11-11 12:00:00,25.0,0.0,1991-11-11 00:00:00,,
1991-008,1991,BOB,,1991-11-12 06:00:00,11.0,86.5,25.0,1004.0,4.0,D,3,1991-11-13 06:00:00,30.0,5.0,0.0,0.0,1991-11-12 00:00:00,25.0,0.0,1991-11-11 18:00:00,25.0,0.0,1991-11-11 06:00:00,,
1991-008,1991,BOB,,1991-11-12 12:00:00,11.0,86.0,25.0,1004.0,4.0,D,4,1991-11-13 12:00:00,35.0,10.0,0.0,0.0,1991-11-12 06:00:00,25.0,0.0,1991-11-12 00:00:00,25.0,0.0,1991-11-11 12:00:00,25.0,0.0
1991-008,1991,BOB,,1991-11-12 18:00:00,11.0,85.0,25.0,1004.0,4.0,D,5,1991-11-13 18:00:00,35.0,10.0,0.0,0.0,1991-11-12 12:00:00,25.0,0.0,1991-11-12 06:00:00,25.0,0.0,1991-11-11 18:00:00,25.0,0.0
1991-008,1991,BOB,,1991-11-13 00:00:00,11.0,84.5,25.0,1004.0,4.0,D,6,1991-11-14 00:00:00,35.0,10.0,0.0,0.0,1991-11-12 18:00:00,25.0,0.0,1991-11-12 12:00:00,25.0,0.0,1991-11-12 00:00:00,25.0,0.0
1991-008,1991,BOB,,1991-11-13 06:00:00,11.0,83.5,30.0,1004.0,6.0,DD,7,1991-11-14 06:00:00,45.0,15.0,0.0,5.0,1991-11-13 00:00:00,25.0,5.0,1991-11-12 18:00:00,25.0,5.0,1991-11-12 06:00:00,25.0,5.0
1991-008,1991,BOB,,1991-11-13 12:00:00,11.0,83.0,35.0,1000.0,8.0,CS,8,1991-11-14 12:00:00,45.0,10.0,0.0,5.0,1991-11-13 06:00:00,30.0,5.0,1991-11-13 00:00:00,25.0,10.0,1991-11-12 12:00:00,25.0,10.0
1991-008,1991,BOB,,1991-11-13 18:00:00,11.0,82.0,35.0,1000.0,8.0,CS,9,1991-11-14 18:00:00,45.0,10.0,0.0,0.0,1991-11-13 12:00:00,35.0,0.0,1991-11-13 06:00:00,30.0,5.0,1991-11-12 18:00:00,25.0,10.0
1991-008,1991,BOB,,1991-11-14 00:00:00,11.0,81.0,35.0,1000.0,8.0,CS,10,1991-11-15 00:00:00,35.0,0.0,0.0,0.0,1991-11-13 18:00:00,35.0,0.0,1991-11-13 12:00:00,35.0,0.0,1991-11-13 00:00:00,25.0,10.0
1991-008,1991,BOB,,1991-11-14 06:00:00,10.5,80.5,45.0,1000.0,10.0,CS,11,1991-11-15 06:00:00,30.0,-15.0,0.0,10.0,1991-11-14 00:00:00,35.0,10.0,1991-11-13 18:00:00,35.0,10.0,1991-11-13 06:00:00,30.0,15.0
1991-008,1991,BOB,,1991-11-14 12:00:00,11.0,80.5,45.0,998.0,10.0,CS,12,1991-11-15 12:00:00,25.0,-20.0,0.0,0.0,1991-11-14 06:00:00,45.0,0.0,1991-11-14 00:00:00,35.0,10.0,1991-11-13 12:00:00,35.0,10.0
1991-008,1991,BOB,,1991-11-14 18:00:00,11.2,80.0,45.0,998.0,10.0,CS,13,1991-11-15 18:00:00,,,,0.0,1991-11-14 12:00:00,45.0,0.0,1991-11-14 06:00:00,45.0,0.0,1991-11-13 18:00:00,35.0,10.0
1991-008,1991,BOB,,1991-11-15 00:00:00,11.5,79.7,35.0,1000.0,8.0,CS,14,1991-11-16 00:00:00,,,,-10.0,1991-11-14 18:00:00,45.0,-10.0,1991-11-14 12:00:00,45.0,-10.0,1991-11-14 00:00:00,35.0,0.0
1991-008,1991,BOB,,1991-11-15 06:00:00,12.0,79.3,30.0,1002.0,6.0,DD,15,1991-11-16 06:00:00,,,,-5.0,1991-11-15 00:00:00,35.0,-5.0,1991-11-14 18:00:00,45.0,-15.0,1991-11-14 06:00:00,45.0,-15.0
1991-008,1991,BOB,,1991-11-15 12:00:00,12.5,79.0,25.0,1000.0,4.0,D,16,1991-11-16 12:00:00,,,,-5.0,1991-11-15 06:00:00,30.0,-5.0,1991-11-15 00:00:00,35.0,-10.0,1991-11-14 12:00:00,45.0,-20.0
1992-001,1992,BOB,,1992-05-16 06:00:00,11.5,87.5,25.0,1002.0,4.0,D,0,1992-05-17 06:00:00,30.0,5.0,0.0,,1992-05-16 00:00:00,,,1992-05-15 18:00:00,,,1992-05-15 06:00:00,,
1992-001,1992,BOB,,1992-05-16 12:00:00,12.0,87.0,25.0,1000.0,4.0,D,1,1992-05-17 12:00:00,30.0,5.0,0.0,0.0,1992-05-16 06:00:00,25.0,0.0,1992-05-16 00:00:00,,,1992-05-15 12:00:00,,
1992-001,1992,BOB,,1992-05-16 18:00:00,12.5,87.0,25.0,1000.0,4.0,D,2,1992-05-17 18:00:00,30.0,5.0,0.0,0.0,1992-05-16 12:00:00,25.0,0.0,1992-05-16 06:00:00,25.0,0.0,1992-05-15 18:00:00,,
1992-001,1992,BOB,,1992-05-17 00:00:00,12.5,87.0,25.0,998.0,4.0,D,3,1992-05-18 00:00:00,30.0,5.0,0.0,0.0,1992-05-16 18:00:00,25.0,0.0,1992-05-16 12:00:00,25.0,0.0,1992-05-16 00:00:00,,
1992-001,1992,BOB,,1992-05-17 06:00:00,14.0,87.0,30.0,996.0,6.0,DD,4,1992-05-18 06:00:00,35.0,5.0,0.0,5.0,1992-05-17 00:00:00,25.0,5.0,1992-05-16 18:00:00,25.0,5.0,1992-05-16 06:00:00,25.0,5.0
1992-001,1992,BOB,,1992-05-17 12:00:00,14.5,87.5,30.0,996.0,6.0,DD,5,1992-05-18 12:00:00,35.0,5.0,0.0,0.0,1992-05-17 06:00:00,30.0,0.0,1992-05-17 00:00:00,25.0,5.0,1992-05-16 12:00:00,25.0,5.0
1992-001,1992,BOB,,1992-05-17 18:00:00,14.5,88.0,30.0,996.0,6.0,DD,6,1992-05-18 18:00:00,35.0,5.0,0.0,0.0,1992-05-17 12:00:00,30.0,0.0,1992-05-17 06:00:00,30.0,0.0,1992-05-16 18:00:00,25.0,5.0
1992-001,1992,BOB,,1992-05-18 00:00:00,14.5,88.0,30.0,994.0,8.0,DD,7,1992-05-19 00:00:00,35.0,5.0,0.0,0.0,1992-05-17 18:00:00,30.0,0.0,1992-05-17 12:00:00,30.0,0.0,1992-05-17 00:00:00,25.0,5.0
1992-001,1992,BOB,,1992-05-18 06:00:00,15.5,89.5,35.0,994.0,10.0,CS,8,1992-05-19 06:00:00,35.0,0.0,0.0,5.0,1992-05-18 00:00:00,30.0,5.0,1992-05-17 18:00:00,30.0,5.0,1992-05-17 06:00:00,30.0,5.0
1992-001,1992,BOB,,1992-05-18 12:00:00,16.5,91.0,35.0,992.0,10.0,CS,9,1992-05-19 12:00:00,25.0,-10.0,0.0,0.0,1992-05-18 06:00:00,35.0,0.0,1992-05-18 00:00:00,30.0,5.0,1992-05-17 12:00:00,30.0,5.0
1992-001,1992,BOB,,1992-05-18 18:00:00,17.0,91.5,35.0,994.0,10.0,CS,10,1992-05-19 18:00:00,,,,0.0,1992-05-18 12:00:00,35.0,0.0,1992-05-18 06:00:00,35.0,0.0,1992-05-17 18:00:00,30.0,5.0
1992-001,1992,BOB,,1992-05-19 00:00:00,17.5,92.5,35.0,992.0,10.0,CS,11,1992-05-20 00:00:00,,,,0.0,1992-05-18 18:00:00,35.0,0.0,1992-05-18 12:00:00,35.0,0.0,1992-05-18 00:00:00,30.0,5.0
1992-001,1992,BOB,,1992-05-19 06:00:00,19.0,94.0,35.0,994.0,8.0,CS,12,1992-05-20 06:00:00,,,,0.0,1992-05-19 00:00:00,35.0,0.0,1992-05-18 18:00:00,35.0,0.0,1992-05-18 06:00:00,35.0,0.0
1992-001,1992,BOB,,1992-05-19 12:00:00,19.5,94.5,25.0,998.0,4.0,D,13,1992-05-20 12:00:00,,,,-10.0,1992-05-19 06:00:00,35.0,-10.0,1992-05-19 00:00:00,35.0,-10.0,1992-05-18 12:00:00,35.0,-10.0
1992-003,1992,BOB,,1992-06-17 00:00:00,19.0,89.0,,992.0,2.0,D,0,1992-06-18 00:00:00,30.0,,,,1992-06-16 18:00:00,,,1992-06-16 12:00:00,,,1992-06-16 00:00:00,,
1992-003,1992,BOB,,1992-06-17 06:00:00,19.5,88.0,30.0,988.0,6.0,DD,1,1992-06-18 06:00:00,25.0,-5.0,0.0,,1992-06-17 00:00:00,,,1992-06-16 18:00:00,,,1992-06-16 06:00:00,,
1992-003,1992,BOB,,1992-06-17 12:00:00,19.5,87.0,30.0,984.0,8.0,DD,2,1992-06-18 12:00:00,25.0,-5.0,0.0,0.0,1992-06-17 06:00:00,30.0,0.0,1992-06-17 00:00:00,,,1992-06-16 12:00:00,,
1992-003,1992,BOB,,1992-06-17 18:00:00,20.0,86.5,30.0,980.0,12.0,DD,3,1992-06-18 18:00:00,25.0,-5.0,0.0,0.0,1992-06-17 12:00:00,30.0,0.0,1992-06-17 06:00:00,30.0,0.0,1992-06-16 18:00:00,,
1992-003,1992,BOB,,1992-06-18 00:00:00,21.0,86.0,30.0,984.0,8.0,DD,4,1992-06-19 00:00:00,25.0,-5.0,0.0,0.0,1992-06-17 18:00:00,30.0,0.0,1992-06-17 12:00:00,30.0,0.0,1992-06-17 00:00:00,,
1992-003,1992,BOB,,1992-06-18 06:00:00,21.0,84.5,25.0,990.0,4.0,D,5,1992-06-19 06:00:00,25.0,0.0,0.0,-5.0,1992-06-18 00:00:00,30.0,-5.0,1992-06-17 18:00:00,30.0,-5.0,1992-06-17 06:00:00,30.0,-5.0
1992-003,1992,BOB,,1992-06-18 12:00:00,21.0,83.5,25.0,990.0,4.0,D,6,1992-06-19 12:00:00,25.0,0.0,0.0,0.0,1992-06-18 06:00:00,25.0,0.0,1992-06-18 00:00:00,30.0,-5.0,1992-06-17 12:00:00,30.0,-5.0
1992-003,1992,BOB,,1992-06-18 18:00:00,21.0,83.0,25.0,992.0,4.0,D,7,1992-06-19 18:00:00,25.0,0.0,0.0,0.0,1992-06-18 12:00:00,25.0,0.0,1992-06-18 06:00:00,25.0,0.0,1992-06-17 18:00:00,30.0,-5.0
1992-003,1992,BOB,,1992-06-19 00:00:00,21.0,82.5,25.0,990.0,4.0,D,8,1992-06-20 00:00:00,25.0,0.0,0.0,0.0,1992-06-18 18:00:00,25.0,0.0,1992-06-18 12:00:00,25.0,0.0,1992-06-18 00:00:00,30.0,-5.0
1992-003,1992,BOB,,1992-06-19 06:00:00,21.0,81.0,25.0,990.0,4.0,D,9,1992-06-20 06:00:00,25.0,0.0,0.0,0.0,1992-06-19 00:00:00,25.0,0.0,1992-06-18 18:00:00,25.0,0.0,1992-06-18 06:00:00,25.0,0.0
1992-003,1992,BOB,,1992-06-19 12:00:00,21.0,80.0,25.0,988.0,4.0,D,10,1992-06-20 12:00:00,,,,0.0,1992-06-19 06:00:00,25.0,0.0,1992-06-19 00:00:00,25.0,0.0,1992-06-18 12:00:00,25.0,0.0
1992-003,1992,BOB,,1992-06-19 18:00:00,21.0,79.5,25.0,990.0,4.0,D,11,1992-06-20 18:00:00,,,,0.0,1992-06-19 12:00:00,25.0,0.0,1992-06-19 06:00:00,25.0,0.0,1992-06-18 18:00:00,25.0,0.0
1992-003,1992,BOB,,1992-06-20 00:00:00,21.0,79.0,25.0,990.0,4.0,D,12,1992-06-21 00:00:00,,,,0.0,1992-06-19 18:00:00,25.0,0.0,1992-06-19 12:00:00,25.0,0.0,1992-06-19 00:00:00,25.0,0.0
1992-003,1992,BOB,,1992-06-20 06:00:00,21.0,77.5,25.0,990.0,4.0,D,13,1992-06-21 06:00:00,,,,0.0,1992-06-20 00:00:00,25.0,0.0,1992-06-19 18:00:00,25.0,0.0,1992-06-19 06:00:00,25.0,0.0
1992-003,1992,BOB,,1992-06-20 12:00:00,21.5,76.5,,988.0,2.0,,14,1992-06-21 12:00:00,,,,,1992-06-20 06:00:00,25.0,,1992-06-20 00:00:00,25.0,,1992-06-19 12:00:00,25.0,
1992-004,1992,BOB,,1992-07-26 00:00:00,20.0,88.5,25.0,990.0,4.0,D,0,1992-07-27 00:00:00,30.0,5.0,0.0,,1992-07-25 18:00:00,,,1992-07-25 12:00:00,,,1992-07-25 00:00:00,,
1992-004,1992,BOB,,1992-07-26 06:00:00,20.5,87.5,30.0,986.0,6.0,DD,1,1992-07-27 06:00:00,30.0,0.0,0.0,5.0,1992-07-26 00:00:00,25.0,5.0,1992-07-25 18:00:00,,,1992-07-25 06:00:00,,
1992-004,1992,BOB,,1992-07-26 12:00:00,20.5,87.5,30.0,986.0,8.0,DD,2,1992-07-27 12:00:00,30.0,0.0,0.0,0.0,1992-07-26 06:00:00,30.0,0.0,1992-07-26 00:00:00,25.0,5.0,1992-07-25 12:00:00,,
1992-004,1992,BOB,,1992-07-26 18:00:00,20.5,87.0,30.0,984.0,10.0,DD,3,1992-07-27 18:00:00,30.0,0.0,0.0,0.0,1992-07-26 12:00:00,30.0,0.0,1992-07-26 06:00:00,30.0,0.0,1992-07-25 18:00:00,,
1992-004,1992,BOB,,1992-07-27 00:00:00,21.0,86.0,30.0,986.0,6.0,DD,4,1992-07-28 00:00:00,30.0,0.0,0.0,0.0,1992-07-26 18:00:00,30.0,0.0,1992-07-26 12:00:00,30.0,0.0,1992-07-26 00:00:00,25.0,5.0
1992-004,1992,BOB,,1992-07-27 06:00:00,21.5,85.0,30.0,988.0,6.0,DD,5,1992-07-28 06:00:00,30.0,0.0,0.0,0.0,1992-07-27 00:00:00,30.0,0.0,1992-07-26 18:00:00,30.0,0.0,1992-07-26 06:00:00,30.0,0.0
1992-004,1992,BOB,,1992-07-27 12:00:00,22.0,83.5,30.0,988.0,6.0,DD,6,1992-07-28 12:00:00,30.0,0.0,0.0,0.0,1992-07-27 06:00:00,30.0,0.0,1992-07-27 00:00:00,30.0,0.0,1992-07-26 12:00:00,30.0,0.0
1992-004,1992,BOB,,1992-07-27 18:00:00,22.0,83.0,30.0,988.0,6.0,DD,7,1992-07-28 18:00:00,30.0,0.0,0.0,0.0,1992-07-27 12:00:00,30.0,0.0,1992-07-27 06:00:00,30.0,0.0,1992-07-26 18:00:00,30.0,0.0
1992-004,1992,BOB,,1992-07-28 00:00:00,22.0,83.0,30.0,988.0,6.0,DD,8,1992-07-29 00:00:00,30.0,0.0,0.0,0.0,1992-07-27 18:00:00,30.0,0.0,1992-07-27 12:00:00,30.0,0.0,1992-07-27 00:00:00,30.0,0.0
1992-004,1992,BOB,,1992-07-28 06:00:00,22.5,82.5,30.0,992.0,6.0,DD,9,1992-07-29 06:00:00,30.0,0.0,0.0,0.0,1992-07-28 00:00:00,30.0,0.0,1992-07-27 18:00:00,30.0,0.0,1992-07-27 06:00:00,30.0,0.0
1992-004,1992,BOB,,1992-07-28 12:00:00,23.0,80.0,30.0,994.0,6.0,DD,10,1992-07-29 12:00:00,25.0,-5.0,0.0,0.0,1992-07-28 06:00:00,30.0,0.0,1992-07-28 00:00:00,30.0,0.0,1992-07-27 12:00:00,30.0,0.0
1992-004,1992,BOB,,1992-07-28 18:00:00,23.5,79.0,30.0,994.0,6.0,DD,11,1992-07-29 18:00:00,25.0,-5.0,0.0,0.0,1992-07-28 12:00:00,30.0,0.0,1992-07-28 06:00:00,30.0,0.0,1992-07-27 18:00:00,30.0,0.0
1992-004,1992,BOB,,1992-07-29 00:00:00,23.5,78.0,30.0,994.0,6.0,DD,12,1992-07-30 00:00:00,25.0,-5.0,0.0,0.0,1992-07-28 18:00:00,30.0,0.0,1992-07-28 12:00:00,30.0,0.0,1992-07-28 00:00:00,30.0,0.0
1992-004,1992,BOB,,1992-07-29 06:00:00,24.5,76.5,30.0,994.0,6.0,DD,13,1992-07-30 06:00:00,25.0,-5.0,0.0,0.0,1992-07-29 00:00:00,30.0,0.0,1992-07-28 18:00:00,30.0,0.0,1992-07-28 06:00:00,30.0,0.0
1992-004,1992,BOB,,1992-07-29 12:00:00,25.0,76.0,25.0,994.0,4.0,D,14,1992-07-30 12:00:00,,,,-5.0,1992-07-29 06:00:00,30.0,-5.0,1992-07-29 00:00:00,30.0,-5.0,1992-07-28 12:00:00,30.0,-5.0
1992-004,1992,BOB,,1992-07-29 18:00:00,25.5,75.0,25.0,996.0,4.0,D,15,1992-07-30 18:00:00,,,,0.0,1992-07-29 12:00:00,25.0,0.0,1992-07-29 06:00:00,30.0,-5.0,1992-07-28 18:00:00,30.0,-5.0
1992-004,1992,BOB,,1992-07-30 00:00:00,26.0,74.0,25.0,994.0,4.0,D,16,1992-07-31 00:00:00,,,,0.0,1992-07-29 18:00:00,25.0,0.0,1992-07-29 12:00:00,25.0,0.0,1992-07-29 00:00:00,30.0,-5.0
1992-004,1992,BOB,,1992-07-30 06:00:00,26.5,72.5,25.0,994.0,4.0,D,17,1992-07-31 06:00:00,,,,0.0,1992-07-30 00:00:00,25.0,0.0,1992-07-29 18:00:00,25.0,0.0,1992-07-29 06:00:00,30.0,-5.0
1992-004,1992,BOB,,1992-07-30 12:00:00,27.0,71.0,,994.0,2.0,,18,1992-07-31 12:00:00,,,,,1992-07-30 06:00:00,25.0,,1992-07-30 00:00:00,25.0,,1992-07-29 12:00:00,25.0,
1992-006,1992,BOB,,1992-10-07 00:00:00,14.0,87.0,,1002.0,2.0,,0,1992-10-08 00:00:00,30.0,,,,1992-10-06 18:00:00,,,1992-10-06 12:00:00,,,1992-10-06 00:00:00,,
1992-006,1992,BOB,,1992-10-07 06:00:00,14.0,87.0,,1002.0,2.0,,1,1992-10-08 06:00:00,30.0,,,,1992-10-07 00:00:00,,,1992-10-06 18:00:00,,,1992-10-06 06:00:00,,
1992-006,1992,BOB,,1992-10-07 12:00:00,14.0,85.5,25.0,1000.0,4.0,D,2,1992-10-08 12:00:00,30.0,5.0,0.0,,1992-10-07 06:00:00,,,1992-10-07 00:00:00,,,1992-10-06 12:00:00,,
1992-006,1992,BOB,,1992-10-07 18:00:00,14.0,85.0,30.0,1000.0,6.0,DD,3,1992-10-08 18:00:00,30.0,0.0,0.0,5.0,1992-10-07 12:00:00,25.0,5.0,1992-10-07 06:00:00,,,1992-10-06 18:00:00,,
1992-006,1992,BOB,,1992-10-08 00:00:00,14.5,83.5,30.0,1000.0,6.0,DD,4,1992-10-09 00:00:00,30.0,0.0,0.0,0.0,1992-10-07 18:00:00,30.0,0.0,1992-10-07 12:00:00,25.0,5.0,1992-10-07 00:00:00,,
1992-006,1992,BOB,,1992-10-08 06:00:00,15.0,82.5,30.0,1000.0,6.0,DD,5,1992-10-09 06:00:00,25.0,-5.0,0.0,0.0,1992-10-08 00:00:00,30.0,0.0,1992-10-07 18:00:00,30.0,0.0,1992-10-07 06:00:00,,
1992-006,1992,BOB,,1992-10-08 12:00:00,15.5,82.0,30.0,998.0,6.0,DD,6,1992-10-09 12:00:00,,,,0.0,1992-10-08 06:00:00,30.0,0.0,1992-10-08 00:00:00,30.0,0.0,1992-10-07 12:00:00,25.0,5.0
1992-006,1992,BOB,,1992-10-08 18:00:00,15.5,81.5,30.0,998.0,6.0,DD,7,1992-10-09 18:00:00,,,,0.0,1992-10-08 12:00:00,30.0,0.0,1992-10-08 06:00:00,30.0,0.0,1992-10-07 18:00:00,30.0,0.0
1992-006,1992,BOB,,1992-10-09 00:00:00,16.5,81.0,30.0,998.0,6.0,DD,8,1992-10-10 00:00:00,,,,0.0,1992-10-08 18:00:00,30.0,0.0,1992-10-08 12:00:00,30.0,0.0,1992-10-08 00:00:00,30.0,0.0
1992-006,1992,BOB,,1992-10-09 06:00:00,17.5,80.5,25.0,1002.0,4.0,D,9,1992-10-10 06:00:00,,,,-5.0,1992-10-09 00:00:00,30.0,-5.0,1992-10-08 18:00:00,30.0,-5.0,1992-10-08 06:00:00,30.0,-5.0
1992-007,1992,BOB,,1992-10-20 12:00:00,19.0,89.0,25.0,1000.0,4.0,D,0,1992-10-21 12:00:00,35.0,10.0,0.0,,1992-10-20 06:00:00,,,1992-10-20 00:00:00,,,1992-10-19 12:00:00,,
1992-007,1992,BOB,,1992-10-20 18:00:00,19.5,89.0,25.0,1002.0,4.0,D,1,1992-10-21 18:00:00,35.0,10.0,0.0,0.0,1992-10-20 12:00:00,25.0,0.0,1992-10-20 06:00:00,,,1992-10-19 18:00:00,,
1992-007,1992,BOB,,1992-10-21 00:00:00,19.5,89.5,30.0,1000.0,6.0,DD,2,1992-10-22 00:00:00,25.0,-5.0,0.0,5.0,1992-10-20 18:00:00,25.0,5.0,1992-10-20 12:00:00,25.0,5.0,1992-10-20 00:00:00,,
1992-007,1992,BOB,,1992-10-21 06:00:00,20.5,90.5,35.0,998.0,8.0,CS,3,1992-10-22 06:00:00,,,,5.0,1992-10-21 00:00:00,30.0,5.0,1992-10-20 18:00:00,25.0,10.0,1992-10-20 06:00:00,,
1992-007,1992,BOB,,1992-10-21 12:00:00,21.0,91.5,35.0,996.0,8.0,CS,4,1992-10-22 12:00:00,,,,0.0,1992-10-21 06:00:00,35.0,0.0,1992-10-21 00:00:00,30.0,5.0,1992-10-20 12:00:00,25.0,10.0
1992-007,1992,BOB,,1992-10-21 18:00:00,21.0,92.0,35.0,998.0,8.0,CS,5,1992-10-22 18:00:00,,,,0.0,1992-10-21 12:00:00,35.0,0.0,1992-10-21 06:00:00,35.0,0.0,1992-10-20 18:00:00,25.0,10.0
1992-007,1992,BOB,,1992-10-22 00:00:00,22.0,94.0,25.0,1000.0,4.0,D,6,1992-10-23 00:00:00,,,,-10.0,1992-10-21 18:00:00,35.0,-10.0,1992-10-21 12:00:00,35.0,-10.0,1992-10-21 00:00:00,30.0,-5.0
1992-008,1992,BOB,,1992-11-03 06:00:00,15.0,90.0,30.0,1000.0,6.0,DD,0,1992-11-04 06:00:00,35.0,5.0,0.0,,1992-11-03 00:00:00,,,1992-11-02 18:00:00,,,1992-11-02 06:00:00,,
1992-008,1992,BOB,,1992-11-03 12:00:00,15.5,89.5,30.0,998.0,6.0,DD,1,1992-11-04 12:00:00,35.0,5.0,0.0,0.0,1992-11-03 06:00:00,30.0,0.0,1992-11-03 00:00:00,,,1992-11-02 12:00:00,,
1992-008,1992,BOB,,1992-11-03 18:00:00,15.5,89.0,30.0,1000.0,6.0,DD,2,1992-11-04 18:00:00,35.0,5.0,0.0,0.0,1992-11-03 12:00:00,30.0,0.0,1992-11-03 06:00:00,30.0,0.0,1992-11-02 18:00:00,,
1992-008,1992,BOB,,1992-11-04 00:00:00,15.5,89.0,35.0,998.0,8.0,CS,3,1992-11-05 00:00:00,45.0,10.0,0.0,5.0,1992-11-03 18:00:00,30.0,5.0,1992-11-03 12:00:00,30.0,5.0,1992-11-03 00:00:00,,
1992-008,1992,BOB,,1992-11-04 06:00:00,15.5,87.5,35.0,998.0,8.0,CS,4,1992-11-05 06:00:00,45.0,10.0,0.0,0.0,1992-11-04 00:00:00,35.0,0.0,1992-11-03 18:00:00,30.0,5.0,1992-11-03 06:00:00,30.0,5.0
1992-008,1992,BOB,,1992-11-04 12:00:00,15.5,87.5,35.0,998.0,8.0,CS,5,1992-11-05 12:00:00,45.0,10.0,0.0,0.0,1992-11-04 06:00:00,35.0,0.0,1992-11-04 00:00:00,35.0,0.0,1992-11-03 12:00:00,30.0,5.0
1992-008,1992,BOB,,1992-11-04 18:00:00,15.5,87.5,35.0,1000.0,8.0,CS,6,1992-11-05 18:00:00,45.0,10.0,0.0,0.0,1992-11-04 12:00:00,35.0,0.0,1992-11-04 06:00:00,35.0,0.0,1992-11-03 18:00:00,30.0,5.0
1992-008,1992,BOB,,1992-11-05 00:00:00,16.0,86.5,45.0,998.0,10.0,CS,7,1992-11-06 00:00:00,45.0,0.0,0.0,10.0,1992-11-04 18:00:00,35.0,10.0,1992-11-04 12:00:00,35.0,10.0,1992-11-04 00:00:00,35.0,10.0
1992-008,1992,BOB,,1992-11-05 06:00:00,16.0,86.0,45.0,998.0,10.0,CS,8,1992-11-06 06:00:00,45.0,0.0,0.0,0.0,1992-11-05 00:00:00,45.0,0.0,1992-11-04 18:00:00,35.0,10.0,1992-11-04 06:00:00,35.0,10.0
1992-008,1992,BOB,,1992-11-05 12:00:00,16.0,86.0,45.0,996.0,10.0,CS,9,1992-11-06 12:00:00,35.0,-10.0,0.0,0.0,1992-11-05 06:00:00,45.0,0.0,1992-11-05 00:00:00,45.0,0.0,1992-11-04 12:00:00,35.0,10.0
1992-008,1992,BOB,,1992-11-05 18:00:00,16.0,86.0,45.0,998.0,10.0,CS,10,1992-11-06 18:00:00,30.0,-15.0,0.0,0.0,1992-11-05 12:00:00,45.0,0.0,1992-11-05 06:00:00,45.0,0.0,1992-11-04 18:00:00,35.0,10.0
1992-008,1992,BOB,,1992-11-06 00:00:00,16.5,85.5,45.0,1000.0,10.0,CS,11,1992-11-07 00:00:00,30.0,-15.0,0.0,0.0,1992-11-05 18:00:00,45.0,0.0,1992-11-05 12:00:00,45.0,0.0,1992-11-05 00:00:00,45.0,0.0
1992-008,1992,BOB,,1992-11-06 06:00:00,16.5,85.5,45.0,1000.0,10.0,CS,12,1992-11-07 06:00:00,,,,0.0,1992-11-06 00:00:00,45.0,0.0,1992-11-05 18:00:00,45.0,0.0,1992-11-05 06:00:00,45.0,0.0
1992-008,1992,BOB,,1992-11-06 12:00:00,16.5,85.5,35.0,1000.0,8.0,CS,13,1992-11-07 12:00:00,,,,-10.0,1992-11-06 06:00:00,45.0,-10.0,1992-11-06 00:00:00,45.0,-10.0,1992-11-05 12:00:00,45.0,-10.0
1992-008,1992,BOB,,1992-11-06 18:00:00,16.5,84.5,30.0,1002.0,6.0,DD,14,1992-11-07 18:00:00,,,,-5.0,1992-11-06 12:00:00,35.0,-5.0,1992-11-06 06:00:00,45.0,-15.0,1992-11-05 18:00:00,45.0,-15.0
1992-008,1992,BOB,,1992-11-07 00:00:00,16.0,83.0,30.0,1004.0,6.0,DD,15,1992-11-08 00:00:00,,,,0.0,1992-11-06 18:00:00,30.0,0.0,1992-11-06 12:00:00,35.0,-5.0,1992-11-06 00:00:00,45.0,-15.0
1992-009,1992,BOB,,1992-11-11 06:00:00,7.5,85.5,30.0,1002.0,6.0,DD,0,1992-11-12 06:00:00,35.0,5.0,0.0,,1992-11-11 00:00:00,,,1992-11-10 18:00:00,,,1992-11-10 06:00:00,,
1992-009,1992,BOB,,1992-11-11 12:00:00,7.5,84.5,45.0,998.0,10.0,CS,1,1992-11-12 12:00:00,35.0,-10.0,0.0,15.0,1992-11-11 06:00:00,30.0,15.0,1992-11-11 00:00:00,,,1992-11-10 12:00:00,,
1992-009,1992,BOB,,1992-11-11 18:00:00,7.5,83.5,45.0,998.0,10.0,CS,2,1992-11-12 18:00:00,35.0,-10.0,0.0,0.0,1992-11-11 12:00:00,45.0,0.0,1992-11-11 06:00:00,30.0,15.0,1992-11-10 18:00:00,,
1992-009,1992,BOB,,1992-11-12 00:00:00,7.0,82.5,45.0,996.0,12.0,CS,3,1992-11-13 00:00:00,35.0,-10.0,0.0,0.0,1992-11-11 18:00:00,45.0,0.0,1992-11-11 12:00:00,45.0,0.0,1992-11-11 00:00:00,,
1992-009,1992,BOB,,1992-11-12 06:00:00,7.0,81.5,35.0,1002.0,8.0,CS,4,1992-11-13 06:00:00,55.0,20.0,0.0,-10.0,1992-11-12 00:00:00,45.0,-10.0,1992-11-11 18:00:00,45.0,-10.0,1992-11-11 06:00:00,30.0,5.0
1992-009,1992,BOB,,1992-11-12 12:00:00,7.5,80.0,35.0,1000.0,8.0,CS,5,1992-11-13 12:00:00,45.0,10.0,0.0,0.0,1992-11-12 06:00:00,35.0,0.0,1992-11-12 00:00:00,45.0,-10.0,1992-11-11 12:00:00,45.0,-10.0
1992-009,1992,BOB,,1992-11-12 18:00:00,7.5,79.5,35.0,998.0,8.0,CS,6,1992-11-13 18:00:00,30.0,-5.0,0.0,0.0,1992-11-12 12:00:00,35.0,0.0,1992-11-12 06:00:00,35.0,0.0,1992-11-11 18:00:00,45.0,-10.0
1992-009,1992,BOB,,1992-11-13 00:00:00,7.5,79.0,35.0,1000.0,8.0,CS,7,1992-11-14 00:00:00,30.0,-5.0,0.0,0.0,1992-11-12 18:00:00,35.0,0.0,1992-11-12 12:00:00,35.0,0.0,1992-11-12 00:00:00,45.0,-10.0
1992-009,1992,BOB,,1992-11-13 06:00:00,8.0,78.5,55.0,994.0,16.0,SCS,8,1992-11-14 06:00:00,25.0,-30.0,0.0,20.0,1992-11-13 00:00:00,35.0,20.0,1992-11-12 18:00:00,35.0,20.0,1992-11-12 06:00:00,35.0,20.0
1992-009,1992,BOB,,1992-11-13 12:00:00,9.0,77.5,45.0,996.0,10.0,CS,9,1992-11-14 12:00:00,25.0,-20.0,0.0,-10.0,1992-11-13 06:00:00,55.0,-10.0,1992-11-13 00:00:00,35.0,10.0,1992-11-12 12:00:00,35.0,10.0
1992-009,1992,BOB,,1992-11-13 18:00:00,9.5,77.5,30.0,1000.0,6.0,DD,10,1992-11-14 18:00:00,25.0,-5.0,0.0,-15.0,1992-11-13 12:00:00,45.0,-15.0,1992-11-13 06:00:00,55.0,-25.0,1992-11-12 18:00:00,35.0,-5.0
1992-009,1992,BOB,,1992-11-14 00:00:00,9.8,77.0,30.0,1000.0,6.0,DD,11,1992-11-15 00:00:00,25.0,-5.0,0.0,0.0,1992-11-13 18:00:00,30.0,0.0,1992-11-13 12:00:00,45.0,-15.0,1992-11-13 00:00:00,35.0,-5.0
1992-009,1992,BOB,,1992-11-14 06:00:00,10.5,76.5,25.0,1002.0,4.0,D,12,1992-11-15 06:00:00,30.0,5.0,0.0,-5.0,1992-11-14 00:00:00,30.0,-5.0,1992-11-13 18:00:00,30.0,-5.0,1992-11-13 06:00:00,55.0,-30.0
1992-009,1992,BOB,,1992-11-14 12:00:00,10.5,76.0,25.0,1002.0,4.0,D,13,1992-11-15 12:00:00,30.0,5.0,0.0,0.0,1992-11-14 06:00:00,25.0,0.0,1992-11-14 00:00:00,30.0,-5.0,1992-11-13 12:00:00,45.0,-20.0
1992-009,1992,BOB,,1992-11-14 18:00:00,10.5,75.5,25.0,1004.0,4.0,D,14,1992-11-15 18:00:00,30.0,5.0,0.0,0.0,1992-11-14 12:00:00,25.0,0.0,1992-11-14 06:00:00,25.0,0.0,1992-11-13 18:00:00,30.0,-5.0
1992-009,1992,BOB,,1992-11-15 00:00:00,10.5,75.0,25.0,1002.0,4.0,D,15,1992-11-16 00:00:00,30.0,5.0,0.0,0.0,1992-11-14 18:00:00,25.0,0.0,1992-11-14 12:00:00,25.0,0.0,1992-11-14 00:00:00,30.0,-5.0
1992-009,1992,BOB,,1992-11-15 06:00:00,11.0,74.5,30.0,1000.0,6.0,DD,16,1992-11-16 06:00:00,30.0,0.0,0.0,5.0,1992-11-15 00:00:00,25.0,5.0,1992-11-14 18:00:00,25.0,5.0,1992-11-14 06:00:00,25.0,5.0
1992-009,1992,BOB,,1992-11-15 12:00:00,11.5,74.5,30.0,1000.0,6.0,DD,17,1992-11-16 12:00:00,30.0,0.0,0.0,0.0,1992-11-15 06:00:00,30.0,0.0,1992-11-15 00:00:00,25.0,5.0,1992-11-14 12:00:00,25.0,5.0
1992-009,1992,BOB,,1992-11-15 18:00:00,12.0,74.5,30.0,1002.0,6.0,DD,18,1992-11-16 18:00:00,30.0,0.0,0.0,0.0,1992-11-15 12:00:00,30.0,0.0,1992-11-15 06:00:00,30.0,0.0,1992-11-14 18:00:00,25.0,5.0
1992-009,1992,BOB,,1992-11-16 00:00:00,12.5,74.5,30.0,1000.0,6.0,DD,19,1992-11-17 00:00:00,30.0,0.0,0.0,0.0,1992-11-15 18:00:00,30.0,0.0,1992-11-15 12:00:00,30.0,0.0,1992-11-15 00:00:00,25.0,5.0
1992-009,1992,BOB,,1992-11-16 06:00:00,12.5,74.5,30.0,1002.0,6.0,DD,20,1992-11-17 06:00:00,25.0,-5.0,0.0,0.0,1992-11-16 00:00:00,30.0,0.0,1992-11-15 18:00:00,30.0,0.0,1992-11-15 06:00:00,30.0,0.0
1992-009,1992,BOB,,1992-11-16 12:00:00,13.5,74.5,30.0,1000.0,6.0,DD,21,1992-11-17 12:00:00,,,,0.0,1992-11-16 06:00:00,30.0,0.0,1992-11-16 00:00:00,30.0,0.0,1992-11-15 12:00:00,30.0,0.0
1992-009,1992,BOB,,1992-11-16 18:00:00,13.5,74.5,30.0,1002.0,6.0,DD,22,1992-11-17 18:00:00,,,,0.0,1992-11-16 12:00:00,30.0,0.0,1992-11-16 06:00:00,30.0,0.0,1992-11-15 18:00:00,30.0,0.0
1992-009,1992,BOB,,1992-11-17 00:00:00,14.0,74.5,30.0,1000.0,6.0,DD,23,1992-11-18 00:00:00,,,,0.0,1992-11-16 18:00:00,30.0,0.0,1992-11-16 12:00:00,30.0,0.0,1992-11-16 00:00:00,30.0,0.0
1992-009,1992,BOB,,1992-11-17 06:00:00,14.5,74.5,25.0,1002.0,4.0,D,24,1992-11-18 06:00:00,,,,-5.0,1992-11-17 00:00:00,30.0,-5.0,1992-11-16 18:00:00,30.0,-5.0,1992-11-16 06:00:00,30.0,-5.0
1992-010,1992,BOB,,1992-11-16 06:00:00,9.5,95.5,25.0,1004.0,4.0,D,0,1992-11-17 06:00:00,45.0,20.0,0.0,,1992-11-16 00:00:00,,,1992-11-15 18:00:00,,,1992-11-15 06:00:00,,
1992-010,1992,BOB,,1992-11-16 12:00:00,9.5,94.5,25.0,1002.0,4.0,D,1,1992-11-17 12:00:00,55.0,30.0,1.0,0.0,1992-11-16 06:00:00,25.0,0.0,1992-11-16 00:00:00,,,1992-11-15 12:00:00,,
1992-010,1992,BOB,,1992-11-16 18:00:00,9.5,93.5,30.0,1000.0,6.0,DD,2,1992-11-17 18:00:00,65.0,35.0,1.0,5.0,1992-11-16 12:00:00,25.0,5.0,1992-11-16 06:00:00,25.0,5.0,1992-11-15 18:00:00,,
1992-010,1992,BOB,,1992-11-17 00:00:00,9.5,92.0,35.0,1000.0,8.0,CS,3,1992-11-18 00:00:00,77.0,42.0,1.0,5.0,1992-11-16 18:00:00,30.0,5.0,1992-11-16 12:00:00,25.0,10.0,1992-11-16 00:00:00,,
1992-010,1992,BOB,,1992-11-17 06:00:00,9.5,90.5,45.0,996.0,10.0,CS,4,1992-11-18 06:00:00,77.0,32.0,1.0,10.0,1992-11-17 00:00:00,35.0,10.0,1992-11-16 18:00:00,30.0,15.0,1992-11-16 06:00:00,25.0,20.0
1992-010,1992,BOB,,1992-11-17 12:00:00,10.0,90.0,55.0,990.0,16.0,SCS,5,1992-11-18 12:00:00,77.0,22.0,0.0,10.0,1992-11-17 06:00:00,45.0,10.0,1992-11-17 00:00:00,35.0,20.0,1992-11-16 12:00:00,25.0,30.0
1992-010,1992,BOB,,1992-11-17 18:00:00,10.5,89.5,65.0,986.0,22.0,VSCS,6,1992-11-18 18:00:00,77.0,12.0,0.0,10.0,1992-11-17 12:00:00,55.0,10.0,1992-11-17 06:00:00,45.0,20.0,1992-11-16 18:00:00,30.0,35.0
1992-010,1992,BOB,,1992-11-18 00:00:00,11.0,88.5,77.0,978.0,30.0,VSCS,7,1992-11-19 00:00:00,90.0,13.0,0.0,12.0,1992-11-17 18:00:00,65.0,12.0,1992-11-17 12:00:00,55.0,22.0,1992-11-17 00:00:00,35.0,42.0
1992-010,1992,BOB,,1992-11-18 06:00:00,12.0,87.8,77.0,976.0,30.0,VSCS,8,1992-11-19 06:00:00,102.0,25.0,0.0,0.0,1992-11-18 00:00:00,77.0,0.0,1992-11-17 18:00:00,65.0,12.0,1992-11-17 06:00:00,45.0,32.0
1992-010,1992,BOB,,1992-11-18 12:00:00,13.5,87.5,77.0,974.0,30.0,VSCS,9,1992-11-19 12:00:00,102.0,25.0,0.0,0.0,1992-11-18 06:00:00,77.0,0.0,1992-11-18 00:00:00,77.0,0.0,1992-11-17 12:00:00,55.0,22.0
1992-010,1992,BOB,,1992-11-18 18:00:00,14.5,87.5,77.0,974.0,30.0,VSCS,10,1992-11-19 18:00:00,102.0,25.0,0.0,0.0,1992-11-18 12:00:00,77.0,0.0,1992-11-18 06:00:00,77.0,0.0,1992-11-17 18:00:00,65.0,12.0
1992-010,1992,BOB,,1992-11-19 00:00:00,16.0,87.5,90.0,966.0,40.0,ESCS,11,1992-11-20 00:00:00,102.0,12.0,0.0,13.0,1992-11-18 18:00:00,77.0,13.0,1992-11-18 12:00:00,77.0,13.0,1992-11-18 00:00:00,77.0,13.0
1992-010,1992,BOB,,1992-11-19 06:00:00,16.5,87.5,102.0,952.0,52.0,ESCS,12,1992-11-20 06:00:00,102.0,0.0,0.0,12.0,1992-11-19 00:00:00,90.0,12.0,1992-11-18 18:00:00,77.0,25.0,1992-11-18 06:00:00,77.0,25.0
1992-010,1992,BOB,,1992-11-19 12:00:00,17.5,88.5,102.0,952.0,52.0,ESCS,13,1992-11-20 12:00:00,90.0,-12.0,0.0,0.0,1992-11-19 06:00:00,102.0,0.0,1992-11-19 00:00:00,90.0,12.0,1992-11-18 12:00:00,77.0,25.0
1992-010,1992,BOB,,1992-11-19 18:00:00,18.0,88.5,102.0,954.0,52.0,ESCS,14,1992-11-20 18:00:00,90.0,-12.0,0.0,0.0,1992-11-19 12:00:00,102.0,0.0,1992-11-19 06:00:00,102.0,0.0,1992-11-18 18:00:00,77.0,25.0
1992-010,1992,BOB,,1992-11-20 00:00:00,18.5,89.0,102.0,954.0,52.0,ESCS,15,1992-11-21 00:00:00,90.0,-12.0,0.0,0.0,1992-11-19 18:00:00,102.0,0.0,1992-11-19 12:00:00,102.0,0.0,1992-11-19 00:00:00,90.0,12.0
1992-010,1992,BOB,,1992-11-20 06:00:00,19.0,89.5,102.0,956.0,52.0,ESCS,16,1992-11-21 06:00:00,45.0,-57.0,0.0,0.0,1992-11-20 00:00:00,102.0,0.0,1992-11-19 18:00:00,102.0,0.0,1992-11-19 06:00:00,102.0,0.0
1992-010,1992,BOB,,1992-11-20 12:00:00,19.5,90.0,90.0,968.0,40.0,ESCS,17,1992-11-21 12:00:00,35.0,-55.0,0.0,-12.0,1992-11-20 06:00:00,102.0,-12.0,1992-11-20 00:00:00,102.0,-12.0,1992-11-19 12:00:00,102.0,-12.0
1992-010,1992,BOB,,1992-11-20 18:00:00,19.5,91.0,90.0,972.0,40.0,ESCS,18,1992-11-21 18:00:00,,,,0.0,1992-11-20 12:00:00,90.0,0.0,1992-11-20 06:00:00,102.0,-12.0,1992-11-19 18:00:00,102.0,-12.0
1992-010,1992,BOB,,1992-11-21 00:00:00,20.0,91.5,90.0,972.0,40.0,ESCS,19,1992-11-22 00:00:00,,,,0.0,1992-11-20 18:00:00,90.0,0.0,1992-11-20 12:00:00,90.0,0.0,1992-11-20 00:00:00,102.0,-12.0
1992-010,1992,BOB,,1992-11-21 06:00:00,20.0,92.5,45.0,1000.0,10.0,CS,20,1992-11-22 06:00:00,,,,-45.0,1992-11-21 00:00:00,90.0,-45.0,1992-11-20 18:00:00,90.0,-45.0,1992-11-20 06:00:00,102.0,-57.0
1992-010,1992,BOB,,1992-11-21 12:00:00,20.5,93.5,35.0,1000.0,8.0,CS,21,1992-11-22 12:00:00,,,,-10.0,1992-11-21 06:00:00,45.0,-10.0,1992-11-21 00:00:00,90.0,-55.0,1992-11-20 12:00:00,90.0,-55.0
1993-003,1993,BOB,,1993-12-01 06:00:00,7.0,91.0,25.0,1002.0,4.0,D,0,1993-12-02 06:00:00,30.0,5.0,0.0,,1993-12-01 00:00:00,,,1993-11-30 18:00:00,,,1993-11-30 06:00:00,,
1993-003,1993,BOB,,1993-12-01 12:00:00,8.0,89.0,30.0,1000.0,6.0,DD,1,1993-12-02 12:00:00,45.0,15.0,0.0,5.0,1993-12-01 06:00:00,25.0,5.0,1993-12-01 00:00:00,,,1993-11-30 12:00:00,,
1993-003,1993,BOB,,1993-12-01 18:00:00,8.0,88.0,30.0,1002.0,6.0,DD,2,1993-12-02 18:00:00,45.0,15.0,0.0,0.0,1993-12-01 12:00:00,30.0,0.0,1993-12-01 06:00:00,25.0,5.0,1993-11-30 18:00:00,,
1993-003,1993,BOB,,1993-12-02 00:00:00,8.0,87.5,30.0,1002.0,6.0,DD,3,1993-12-03 00:00:00,45.0,15.0,0.0,0.0,1993-12-01 18:00:00,30.0,0.0,1993-12-01 12:00:00,30.0,0.0,1993-12-01 00:00:00,,
1993-003,1993,BOB,,1993-12-02 03:00:00,8.0,87.0,30.0,1000.0,6.0,DD,4,1993-12-03 03:00:00,55.0,25.0,0.0,0.0,1993-12-01 21:00:00,,,1993-12-01 15:00:00,,,1993-12-01 03:00:00,,
1993-003,1993,BOB,,1993-12-02 06:00:00,8.5,86.5,30.0,1002.0,6.0,DD,5,1993-12-03 06:00:00,55.0,25.0,0.0,0.0,1993-12-02 00:00:00,30.0,0.0,1993-12-01 18:00:00,30.0,0.0,1993-12-01 06:00:00,25.0,5.0
1993-003,1993,BOB,,1993-12-02 12:00:00,9.0,85.5,45.0,996.0,10.0,CS,6,1993-12-03 12:00:00,65.0,20.0,0.0,15.0,1993-12-02 06:00:00,30.0,15.0,1993-12-02 00:00:00,30.0,15.0,1993-12-01 12:00:00,30.0,15.0
1993-003,1993,BOB,,1993-12-02 18:00:00,9.0,85.0,45.0,996.0,10.0,CS,7,1993-12-03 18:00:00,65.0,20.0,0.0,0.0,1993-12-02 12:00:00,45.0,0.0,1993-12-02 06:00:00,30.0,15.0,1993-12-01 18:00:00,30.0,15.0
1993-003,1993,BOB,,1993-12-03 00:00:00,9.5,84.5,45.0,994.0,10.0,CS,8,1993-12-04 00:00:00,77.0,32.0,1.0,0.0,1993-12-02 18:00:00,45.0,0.0,1993-12-02 12:00:00,45.0,0.0,1993-12-02 00:00:00,30.0,15.0
1993-003,1993,BOB,,1993-12-03 03:00:00,9.5,83.5,55.0,988.0,16.0,SCS,9,1993-12-04 03:00:00,77.0,22.0,0.0,10.0,1993-12-02 21:00:00,,,1993-12-02 15:00:00,,,1993-12-02 03:00:00,30.0,25.0
1993-003,1993,BOB,,1993-12-03 06:00:00,9.5,83.0,55.0,988.0,16.0,SCS,10,1993-12-04 06:00:00,90.0,35.0,1.0,0.0,1993-12-03 00:00:00,45.0,10.0,1993-12-02 18:00:00,45.0,10.0,1993-12-02 06:00:00,30.0,25.0
1993-003,1993,BOB,,1993-12-03 12:00:00,10.0,82.0,65.0,982.0,22.0,VSCS,11,1993-12-04 12:00:00,30.0,-35.0,0.0,10.0,1993-12-03 06:00:00,55.0,10.0,1993-12-03 00:00:00,45.0,20.0,1993-12-02 12:00:00,45.0,20.0
1993-003,1993,BOB,,1993-12-03 18:00:00,10.5,81.5,65.0,982.0,22.0,VSCS,12,1993-12-04 18:00:00,,,,0.0,1993-12-03 12:00:00,65.0,0.0,1993-12-03 06:00:00,55.0,10.0,1993-12-02 18:00:00,45.0,20.0
1993-003,1993,BOB,,1993-12-04 00:00:00,10.8,80.8,77.0,976.0,30.0,VSCS,13,1993-12-05 00:00:00,,,,12.0,1993-12-03 18:00:00,65.0,12.0,1993-12-03 12:00:00,65.0,12.0,1993-12-03 00:00:00,45.0,32.0
1993-003,1993,BOB,,1993-12-04 03:00:00,11.0,80.0,77.0,976.0,30.0,VSCS,14,1993-12-05 03:00:00,,,,0.0,1993-12-03 21:00:00,,,1993-12-03 15:00:00,,,1993-12-03 03:00:00,55.0,22.0
1993-003,1993,BOB,,1993-12-04 06:00:00,11.5,79.0,90.0,968.0,40.0,ESCS,15,1993-12-05 06:00:00,,,,13.0,1993-12-04 00:00:00,77.0,13.0,1993-12-03 18:00:00,65.0,25.0,1993-12-03 06:00:00,55.0,35.0
1993-003,1993,BOB,,1993-12-04 12:00:00,12.0,78.5,30.0,998.0,6.0,DD,16,1993-12-05 12:00:00,,,,-60.0,1993-12-04 06:00:00,90.0,-60.0,1993-12-04 00:00:00,77.0,-47.0,1993-12-03 12:00:00,65.0,-35.0
1993-004,1993,BOB,,1993-12-19 00:00:00,8.5,83.5,25.0,1008.0,4.0,D,0,1993-12-20 00:00:00,25.0,0.0,0.0,,1993-12-18 18:00:00,,,1993-12-18 12:00:00,,,1993-12-18 00:00:00,,
1993-004,1993,BOB,,1993-12-19 03:00:00,8.5,83.5,25.0,1008.0,4.0,D,1,1993-12-20 03:00:00,25.0,0.0,0.0,0.0,1993-12-18 21:00:00,,,1993-12-18 15:00:00,,,1993-12-18 03:00:00,,
1993-004,1993,BOB,,1993-12-19 06:00:00,9.0,82.5,25.0,1008.0,4.0,D,2,1993-12-20 06:00:00,25.0,0.0,0.0,0.0,1993-12-19 00:00:00,25.0,0.0,1993-12-18 18:00:00,,,1993-12-18 06:00:00,,
1993-004,1993,BOB,,1993-12-19 12:00:00,9.5,82.0,30.0,1006.0,6.0,DD,3,1993-12-20 12:00:00,,,,5.0,1993-12-19 06:00:00,25.0,5.0,1993-12-19 00:00:00,25.0,5.0,1993-12-18 12:00:00,,
1993-004,1993,BOB,,1993-12-19 18:00:00,10.0,81.0,30.0,1008.0,6.0,DD,4,1993-12-20 18:00:00,,,,0.0,1993-12-19 12:00:00,30.0,0.0,1993-12-19 06:00:00,25.0,5.0,1993-12-18 18:00:00,,
1993-004,1993,BOB,,1993-12-20 00:00:00,10.5,80.5,25.0,1008.0,4.0,D,5,1993-12-21 00:00:00,,,,-5.0,1993-12-19 18:00:00,30.0,-5.0,1993-12-19 12:00:00,30.0,-5.0,1993-12-19 00:00:00,25.0,0.0
1993-004,1993,BOB,,1993-12-20 03:00:00,11.0,80.5,25.0,1008.0,4.0,D,6,1993-12-21 03:00:00,,,,0.0,1993-12-19 21:00:00,,,1993-12-19 15:00:00,,,1993-12-19 03:00:00,25.0,0.0
1993-004,1993,BOB,,1993-12-20 06:00:00,11.0,80.5,25.0,1008.0,4.0,D,7,1993-12-21 06:00:00,,,,0.0,1993-12-20 00:00:00,25.0,0.0,1993-12-19 18:00:00,30.0,-5.0,1993-12-19 06:00:00,25.0,0.0
1993-004,1993,BOB,,1993-12-20 09:00:00,11.0,80.5,25.0,1008.0,4.0,D,8,1993-12-21 09:00:00,,,,0.0,1993-12-20 03:00:00,25.0,0.0,1993-12-19 21:00:00,,,1993-12-19 09:00:00,,
1994-001,1994,BOB,,1994-03-21 12:00:00,9.0,90.5,25.0,,,,0,1994-03-22 12:00:00,25.0,0.0,0.0,,1994-03-21 06:00:00,,,1994-03-21 00:00:00,,,1994-03-20 12:00:00,,
1994-001,1994,BOB,,1994-03-21 18:00:00,10.0,90.0,25.0,,,,1,1994-03-22 18:00:00,25.0,0.0,0.0,0.0,1994-03-21 12:00:00,25.0,0.0,1994-03-21 06:00:00,,,1994-03-20 18:00:00,,
1994-001,1994,BOB,,1994-03-22 00:00:00,11.5,89.5,25.0,,,,2,1994-03-23 00:00:00,25.0,0.0,0.0,0.0,1994-03-21 18:00:00,25.0,0.0,1994-03-21 12:00:00,25.0,0.0,1994-03-21 00:00:00,,
1994-001,1994,BOB,,1994-03-22 06:00:00,12.5,90.5,25.0,,,,3,1994-03-23 06:00:00,25.0,0.0,0.0,0.0,1994-03-22 00:00:00,25.0,0.0,1994-03-21 18:00:00,25.0,0.0,1994-03-21 06:00:00,,
1994-001,1994,BOB,,1994-03-22 12:00:00,13.0,90.5,25.0,,,,4,1994-03-23 12:00:00,25.0,0.0,0.0,0.0,1994-03-22 06:00:00,25.0,0.0,1994-03-22 00:00:00,25.0,0.0,1994-03-21 12:00:00,25.0,0.0
1994-001,1994,BOB,,1994-03-22 18:00:00,13.0,90.5,25.0,,,,5,1994-03-23 18:00:00,25.0,0.0,0.0,0.0,1994-03-22 12:00:00,25.0,0.0,1994-03-22 06:00:00,25.0,0.0,1994-03-21 18:00:00,25.0,0.0
1994-001,1994,BOB,,1994-03-23 00:00:00,13.5,91.0,25.0,,,,6,1994-03-24 00:00:00,25.0,0.0,0.0,0.0,1994-03-22 18:00:00,25.0,0.0,1994-03-22 12:00:00,25.0,0.0,1994-03-22 00:00:00,25.0,0.0
1994-001,1994,BOB,,1994-03-23 06:00:00,13.5,91.0,25.0,,,,7,1994-03-24 06:00:00,25.0,0.0,0.0,0.0,1994-03-23 00:00:00,25.0,0.0,1994-03-22 18:00:00,25.0,0.0,1994-03-22 06:00:00,25.0,0.0
1994-001,1994,BOB,,1994-03-23 12:00:00,13.5,91.5,25.0,,,,8,1994-03-24 12:00:00,,,,0.0,1994-03-23 06:00:00,25.0,0.0,1994-03-23 00:00:00,25.0,0.0,1994-03-22 12:00:00,25.0,0.0
1994-001,1994,BOB,,1994-03-23 18:00:00,13.5,91.5,25.0,,,,9,1994-03-24 18:00:00,,,,0.0,1994-03-23 12:00:00,25.0,0.0,1994-03-23 06:00:00,25.0,0.0,1994-03-22 18:00:00,25.0,0.0
1994-001,1994,BOB,,1994-03-24 00:00:00,14.0,92.0,25.0,,,,10,1994-03-25 00:00:00,,,,0.0,1994-03-23 18:00:00,25.0,0.0,1994-03-23 12:00:00,25.0,0.0,1994-03-23 00:00:00,25.0,0.0
1994-001,1994,BOB,,1994-03-24 06:00:00,14.0,92.5,25.0,,,,11,1994-03-25 06:00:00,,,,0.0,1994-03-24 00:00:00,25.0,0.0,1994-03-23 18:00:00,25.0,0.0,1994-03-23 06:00:00,25.0,0.0
1994-002,1994,BOB,,1994-04-29 00:00:00,8.5,92.0,25.0,1002.0,4.0,D,0,1994-04-30 00:00:00,45.0,20.0,0.0,,1994-04-28 18:00:00,,,1994-04-28 12:00:00,,,1994-04-28 00:00:00,,
1994-002,1994,BOB,,1994-04-29 03:00:00,9.0,91.5,30.0,1001.0,5.0,DD,1,1994-04-30 03:00:00,45.0,15.0,0.0,5.0,1994-04-28 21:00:00,,,1994-04-28 15:00:00,,,1994-04-28 03:00:00,,
1994-002,1994,BOB,,1994-04-29 06:00:00,9.3,91.3,30.0,1001.0,5.0,DD,2,1994-04-30 06:00:00,45.0,15.0,0.0,0.0,1994-04-29 00:00:00,25.0,5.0,1994-04-28 18:00:00,,,1994-04-28 06:00:00,,
1994-002,1994,BOB,,1994-04-29 12:00:00,10.0,91.0,35.0,998.0,8.0,CS,3,1994-04-30 12:00:00,55.0,20.0,0.0,5.0,1994-04-29 06:00:00,30.0,5.0,1994-04-29 00:00:00,25.0,10.0,1994-04-28 12:00:00,,
1994-002,1994,BOB,,1994-04-29 18:00:00,10.4,90.7,45.0,994.0,10.0,CS,4,1994-04-30 18:00:00,55.0,10.0,0.0,10.0,1994-04-29 12:00:00,35.0,10.0,1994-04-29 06:00:00,30.0,15.0,1994-04-28 18:00:00,,
1994-002,1994,BOB,,1994-04-30 00:00:00,10.8,90.6,45.0,994.0,10.0,CS,5,1994-05-01 00:00:00,60.0,15.0,0.0,0.0,1994-04-29 18:00:00,45.0,0.0,1994-04-29 12:00:00,35.0,10.0,1994-04-29 00:00:00,25.0,20.0
1994-002,1994,BOB,,1994-04-30 03:00:00,11.0,90.5,45.0,994.0,10.0,CS,6,1994-05-01 03:00:00,60.0,15.0,0.0,0.0,1994-04-29 21:00:00,,,1994-04-29 15:00:00,,,1994-04-29 03:00:00,30.0,15.0
1994-002,1994,BOB,,1994-04-30 06:00:00,11.5,90.4,45.0,994.0,10.0,CS,7,1994-05-01 06:00:00,60.0,15.0,0.0,0.0,1994-04-30 00:00:00,45.0,0.0,1994-04-29 18:00:00,45.0,0.0,1994-04-29 06:00:00,30.0,15.0
1994-002,1994,BOB,,1994-04-30 12:00:00,12.0,90.5,55.0,988.0,16.0,SCS,8,1994-05-01 12:00:00,77.0,22.0,0.0,10.0,1994-04-30 06:00:00,45.0,10.0,1994-04-30 00:00:00,45.0,10.0,1994-04-29 12:00:00,35.0,20.0
1994-002,1994,BOB,,1994-04-30 18:00:00,13.0,90.2,55.0,988.0,16.0,SCS,9,1994-05-01 18:00:00,90.0,35.0,1.0,0.0,1994-04-30 12:00:00,55.0,0.0,1994-04-30 06:00:00,45.0,10.0,1994-04-29 18:00:00,45.0,10.0
1994-002,1994,BOB,,1994-05-01 00:00:00,13.5,90.1,60.0,986.0,18.0,VSCS,10,1994-05-02 00:00:00,102.0,42.0,1.0,5.0,1994-04-30 18:00:00,55.0,5.0,1994-04-30 12:00:00,55.0,5.0,1994-04-30 00:00:00,45.0,15.0
1994-002,1994,BOB,,1994-05-01 03:00:00,14.0,90.0,60.0,986.0,18.0,VSCS,11,1994-05-02 03:00:00,102.0,42.0,1.0,0.0,1994-04-30 21:00:00,,,1994-04-30 15:00:00,,,1994-04-30 03:00:00,45.0,15.0
1994-002,1994,BOB,,1994-05-01 06:00:00,15.0,90.1,60.0,986.0,18.0,VSCS,12,1994-05-02 06:00:00,102.0,42.0,1.0,0.0,1994-05-01 00:00:00,60.0,0.0,1994-04-30 18:00:00,55.0,5.0,1994-04-30 06:00:00,45.0,15.0
1994-002,1994,BOB,,1994-05-01 12:00:00,16.0,90.4,77.0,972.0,32.0,VSCS,13,1994-05-02 12:00:00,115.0,38.0,1.0,17.0,1994-05-01 06:00:00,60.0,17.0,1994-05-01 00:00:00,60.0,17.0,1994-04-30 12:00:00,55.0,22.0
1994-002,1994,BOB,,1994-05-01 18:00:00,17.0,90.5,90.0,962.0,42.0,ESCS,14,1994-05-02 18:00:00,,,,13.0,1994-05-01 12:00:00,77.0,13.0,1994-05-01 06:00:00,60.0,30.0,1994-04-30 18:00:00,55.0,35.0
1994-002,1994,BOB,,1994-05-02 00:00:00,18.5,91.2,102.0,952.0,52.0,ESCS,15,1994-05-03 00:00:00,,,,12.0,1994-05-01 18:00:00,90.0,12.0,1994-05-01 12:00:00,77.0,25.0,1994-05-01 00:00:00,60.0,42.0
1994-002,1994,BOB,,1994-05-02 03:00:00,19.0,91.4,102.0,952.0,54.0,ESCS,16,1994-05-03 03:00:00,,,,0.0,1994-05-01 21:00:00,,,1994-05-01 15:00:00,,,1994-05-01 03:00:00,60.0,42.0
1994-002,1994,BOB,,1994-05-02 06:00:00,19.5,91.5,102.0,948.0,58.0,ESCS,17,1994-05-03 06:00:00,,,,0.0,1994-05-02 00:00:00,102.0,0.0,1994-05-01 18:00:00,90.0,12.0,1994-05-01 06:00:00,60.0,42.0
1994-002,1994,BOB,,1994-05-02 12:00:00,20.6,92.0,115.0,940.0,66.0,ESCS,18,1994-05-03 12:00:00,,,,13.0,1994-05-02 06:00:00,102.0,13.0,1994-05-02 00:00:00,102.0,13.0,1994-05-01 12:00:00,77.0,38.0
1994-002,1994,BOB,,1994-05-02 17:00:00,21.5,92.5,,,,,19,1994-05-03 17:00:00,,,,,1994-05-02 11:00:00,,,1994-05-02 05:00:00,,,1994-05-01 17:00:00,,
1994-004,1994,BOB,,1994-10-29 03:00:00,9.5,85.0,25.0,1006.0,4.0,D,0,1994-10-30 03:00:00,35.0,10.0,0.0,,1994-10-28 21:00:00,,,1994-10-28 15:00:00,,,1994-10-28 03:00:00,,
1994-004,1994,BOB,,1994-10-29 06:00:00,10.0,84.5,25.0,1004.0,4.0,D,1,1994-10-30 06:00:00,45.0,20.0,0.0,0.0,1994-10-29 00:00:00,,,1994-10-28 18:00:00,,,1994-10-28 06:00:00,,
1994-004,1994,BOB,,1994-10-29 12:00:00,10.5,84.5,30.0,1003.0,5.0,DD,2,1994-10-30 12:00:00,55.0,25.0,0.0,5.0,1994-10-29 06:00:00,25.0,5.0,1994-10-29 00:00:00,,,1994-10-28 12:00:00,,
1994-004,1994,BOB,,1994-10-29 18:00:00,11.0,84.0,30.0,1005.0,5.0,DD,3,1994-10-30 18:00:00,60.0,30.0,1.0,0.0,1994-10-29 12:00:00,30.0,0.0,1994-10-29 06:00:00,25.0,5.0,1994-10-28 18:00:00,,
1994-004,1994,BOB,,1994-10-30 00:00:00,11.5,83.0,30.0,1004.0,6.0,DD,4,1994-10-31 00:00:00,60.0,30.0,1.0,0.0,1994-10-29 18:00:00,30.0,0.0,1994-10-29 12:00:00,30.0,0.0,1994-10-29 00:00:00,,
1994-004,1994,BOB,,1994-10-30 03:00:00,12.0,82.0,35.0,1002.0,8.0,CS,5,1994-10-31 03:00:00,55.0,20.0,0.0,5.0,1994-10-29 21:00:00,,,1994-10-29 15:00:00,,,1994-10-29 03:00:00,25.0,10.0
1994-004,1994,BOB,,1994-10-30 06:00:00,12.2,81.5,45.0,1000.0,10.0,CS,6,1994-10-31 06:00:00,35.0,-10.0,0.0,10.0,1994-10-30 00:00:00,30.0,15.0,1994-10-29 18:00:00,30.0,15.0,1994-10-29 06:00:00,25.0,20.0
1994-004,1994,BOB,,1994-10-30 12:00:00,12.3,81.0,55.0,992.0,16.0,SCS,7,1994-10-31 12:00:00,30.0,-25.0,0.0,10.0,1994-10-30 06:00:00,45.0,10.0,1994-10-30 00:00:00,30.0,25.0,1994-10-29 12:00:00,30.0,25.0
1994-004,1994,BOB,,1994-10-30 18:00:00,12.7,80.5,60.0,990.0,18.0,SCS,8,1994-10-31 18:00:00,,,,5.0,1994-10-30 12:00:00,55.0,5.0,1994-10-30 06:00:00,45.0,15.0,1994-10-29 18:00:00,30.0,30.0
1994-004,1994,BOB,,1994-10-31 00:00:00,13.0,80.3,60.0,988.0,20.0,SCS,9,1994-11-01 00:00:00,,,,0.0,1994-10-30 18:00:00,60.0,0.0,1994-10-30 12:00:00,55.0,5.0,1994-10-30 00:00:00,30.0,30.0
1994-004,1994,BOB,,1994-10-31 03:00:00,13.2,80.0,55.0,,,SCS,10,1994-11-01 03:00:00,,,,-5.0,1994-10-30 21:00:00,,,1994-10-30 15:00:00,,,1994-10-30 03:00:00,35.0,20.0
1994-004,1994,BOB,,1994-10-31 06:00:00,13.6,79.5,35.0,,,CS,11,1994-11-01 06:00:00,,,,-20.0,1994-10-31 00:00:00,60.0,-25.0,1994-10-30 18:00:00,60.0,-25.0,1994-10-30 06:00:00,45.0,-10.0
1994-004,1994,BOB,,1994-10-31 12:00:00,14.0,78.5,30.0,,,DD,12,1994-11-01 12:00:00,,,,-5.0,1994-10-31 06:00:00,35.0,-5.0,1994-10-31 00:00:00,60.0,-30.0,1994-10-30 12:00:00,55.0,-25.0
1994-004,1994,BOB,,1994-10-31 18:00:00,14.5,78.0,,,,,13,1994-11-01 18:00:00,,,,,1994-10-31 12:00:00,30.0,,1994-10-31 06:00:00,35.0,,1994-10-30 18:00:00,60.0,
1995-001,1995,BOB,,1995-05-05 21:00:00,11.0,80.5,25.0,998.0,4.0,D,0,1995-05-06 21:00:00,,,,,1995-05-05 15:00:00,,,1995-05-05 09:00:00,,,1995-05-04 21:00:00,,
1995-001,1995,BOB,,1995-05-06 00:00:00,11.5,80.5,25.0,998.0,4.0,D,1,1995-05-07 00:00:00,,,,0.0,1995-05-05 18:00:00,,,1995-05-05 12:00:00,,,1995-05-05 00:00:00,,
1995-001,1995,BOB,,1995-05-06 03:00:00,11.5,80.5,25.0,998.0,4.0,D,2,1995-05-07 03:00:00,,,,0.0,1995-05-05 21:00:00,25.0,0.0,1995-05-05 15:00:00,,,1995-05-05 03:00:00,,
1995-001,1995,BOB,,1995-05-06 06:00:00,11.5,80.5,25.0,997.0,5.0,D,3,1995-05-07 06:00:00,,,,0.0,1995-05-06 00:00:00,25.0,0.0,1995-05-05 18:00:00,,,1995-05-05 06:00:00,,
1995-001,1995,BOB,,1995-05-06 09:00:00,11.5,80.0,30.0,996.0,6.0,DD,4,1995-05-07 09:00:00,,,,5.0,1995-05-06 03:00:00,25.0,5.0,1995-05-05 21:00:00,25.0,5.0,1995-05-05 09:00:00,,
1995-001,1995,BOB,,1995-05-06 12:00:00,12.0,79.5,,,,D,5,1995-05-07 12:00:00,,,,,1995-05-06 06:00:00,25.0,,1995-05-06 00:00:00,25.0,,1995-05-05 12:00:00,,
1995-001,1995,BOB,,1995-05-06 18:00:00,12.5,78.5,,,,D,6,1995-05-07 18:00:00,,,,,1995-05-06 12:00:00,,,1995-05-06 06:00:00,25.0,,1995-05-05 18:00:00,,
1995-002,1995,BOB,,1995-05-08 09:00:00,14.5,81.5,25.0,998.0,4.0,D,0,1995-05-09 09:00:00,30.0,5.0,0.0,,1995-05-08 03:00:00,,,1995-05-07 21:00:00,,,1995-05-07 09:00:00,,
1995-002,1995,BOB,,1995-05-08 12:00:00,15.0,81.5,25.0,998.0,4.0,D,1,1995-05-09 12:00:00,30.0,5.0,0.0,0.0,1995-05-08 06:00:00,,,1995-05-08 00:00:00,,,1995-05-07 12:00:00,,
1995-002,1995,BOB,,1995-05-08 18:00:00,15.5,81.5,25.0,998.0,4.0,D,2,1995-05-09 18:00:00,30.0,5.0,0.0,0.0,1995-05-08 12:00:00,25.0,0.0,1995-05-08 06:00:00,,,1995-05-07 18:00:00,,
1995-002,1995,BOB,,1995-05-09 00:00:00,15.5,81.5,25.0,998.0,4.0,D,3,1995-05-10 00:00:00,25.0,0.0,0.0,0.0,1995-05-08 18:00:00,25.0,0.0,1995-05-08 12:00:00,25.0,0.0,1995-05-08 00:00:00,,
1995-002,1995,BOB,,1995-05-09 03:00:00,16.0,82.5,25.0,998.0,4.0,D,4,1995-05-10 03:00:00,25.0,0.0,0.0,0.0,1995-05-08 21:00:00,,,1995-05-08 15:00:00,,,1995-05-08 03:00:00,,
1995-002,1995,BOB,,1995-05-09 06:00:00,16.5,82.5,25.0,997.0,5.0,D,5,1995-05-10 06:00:00,25.0,0.0,0.0,0.0,1995-05-09 00:00:00,25.0,0.0,1995-05-08 18:00:00,25.0,0.0,1995-05-08 06:00:00,,
1995-002,1995,BOB,,1995-05-09 09:00:00,16.5,82.5,30.0,996.0,6.0,DD,6,1995-05-10 09:00:00,25.0,-5.0,0.0,5.0,1995-05-09 03:00:00,25.0,5.0,1995-05-08 21:00:00,,,1995-05-08 09:00:00,25.0,5.0
1995-002,1995,BOB,,1995-05-09 12:00:00,16.5,82.5,30.0,996.0,6.0,DD,7,1995-05-10 12:00:00,,,,0.0,1995-05-09 06:00:00,25.0,5.0,1995-05-09 00:00:00,25.0,5.0,1995-05-08 12:00:00,25.0,5.0
1995-002,1995,BOB,,1995-05-09 18:00:00,17.5,82.5,30.0,,,DD,8,1995-05-10 18:00:00,,,,0.0,1995-05-09 12:00:00,30.0,0.0,1995-05-09 06:00:00,25.0,5.0,1995-05-08 18:00:00,25.0,5.0
1995-002,1995,BOB,,1995-05-10 00:00:00,18.0,82.5,25.0,,,D,9,1995-05-11 00:00:00,,,,-5.0,1995-05-09 18:00:00,30.0,-5.0,1995-05-09 12:00:00,30.0,-5.0,1995-05-09 00:00:00,25.0,0.0
1995-002,1995,BOB,,1995-05-10 03:00:00,18.5,82.5,25.0,,,D,10,1995-05-11 03:00:00,,,,0.0,1995-05-09 21:00:00,,,1995-05-09 15:00:00,,,1995-05-09 03:00:00,25.0,0.0
1995-002,1995,BOB,,1995-05-10 06:00:00,19.0,82.5,25.0,,,D,11,1995-05-11 06:00:00,,,,0.0,1995-05-10 00:00:00,25.0,0.0,1995-05-09 18:00:00,30.0,-5.0,1995-05-09 06:00:00,25.0,0.0
1995-002,1995,BOB,,1995-05-10 09:00:00,19.0,83.5,25.0,,,D,12,1995-05-11 09:00:00,,,,0.0,1995-05-10 03:00:00,25.0,0.0,1995-05-09 21:00:00,,,1995-05-09 09:00:00,30.0,-5.0
1995-003,1995,BOB,,1995-05-14 18:00:00,19.5,86.5,25.0,998.0,4.0,D,0,1995-05-15 18:00:00,30.0,5.0,0.0,,1995-05-14 12:00:00,,,1995-05-14 06:00:00,,,1995-05-13 18:00:00,,
1995-003,1995,BOB,,1995-05-15 00:00:00,20.0,86.8,25.0,997.0,5.0,D,1,1995-05-16 00:00:00,30.0,5.0,0.0,0.0,1995-05-14 18:00:00,25.0,0.0,1995-05-14 12:00:00,,,1995-05-14 00:00:00,,
1995-003,1995,BOB,,1995-05-15 03:00:00,20.5,87.0,30.0,996.0,6.0,DD,2,1995-05-16 03:00:00,30.0,0.0,0.0,5.0,1995-05-14 21:00:00,,,1995-05-14 15:00:00,,,1995-05-14 03:00:00,,
1995-003,1995,BOB,,1995-05-15 06:00:00,21.0,87.3,30.0,996.0,6.0,DD,3,1995-05-16 06:00:00,30.0,0.0,0.0,0.0,1995-05-15 00:00:00,25.0,5.0,1995-05-14 18:00:00,25.0,5.0,1995-05-14 06:00:00,,
1995-003,1995,BOB,,1995-05-15 12:00:00,21.5,87.5,30.0,996.0,6.0,DD,4,1995-05-16 12:00:00,30.0,0.0,0.0,0.0,1995-05-15 06:00:00,30.0,0.0,1995-05-15 00:00:00,25.0,5.0,1995-05-14 12:00:00,,
1995-003,1995,BOB,,1995-05-15 18:00:00,21.5,88.0,30.0,996.0,6.0,DD,5,1995-05-16 18:00:00,30.0,0.0,0.0,0.0,1995-05-15 12:00:00,30.0,0.0,1995-05-15 06:00:00,30.0,0.0,1995-05-14 18:00:00,25.0,5.0
1995-003,1995,BOB,,1995-05-16 00:00:00,22.0,88.5,30.0,996.0,6.0,DD,6,1995-05-17 00:00:00,30.0,0.0,0.0,0.0,1995-05-15 18:00:00,30.0,0.0,1995-05-15 12:00:00,30.0,0.0,1995-05-15 00:00:00,25.0,5.0
1995-003,1995,BOB,,1995-05-16 03:00:00,22.0,88.5,30.0,996.0,6.0,DD,7,1995-05-17 03:00:00,30.0,0.0,0.0,0.0,1995-05-15 21:00:00,,,1995-05-15 15:00:00,,,1995-05-15 03:00:00,30.0,0.0
1995-003,1995,BOB,,1995-05-16 06:00:00,22.5,89.5,30.0,,,DD,8,1995-05-17 06:00:00,25.0,-5.0,0.0,0.0,1995-05-16 00:00:00,30.0,0.0,1995-05-15 18:00:00,30.0,0.0,1995-05-15 06:00:00,30.0,0.0
1995-003,1995,BOB,,1995-05-16 12:00:00,23.0,89.5,30.0,,,DD,9,1995-05-17 12:00:00,25.0,-5.0,0.0,0.0,1995-05-16 06:00:00,30.0,0.0,1995-05-16 00:00:00,30.0,0.0,1995-05-15 12:00:00,30.0,0.0
1995-003,1995,BOB,,1995-05-16 18:00:00,23.7,90.5,30.0,,,DD,10,1995-05-17 18:00:00,25.0,-5.0,0.0,0.0,1995-05-16 12:00:00,30.0,0.0,1995-05-16 06:00:00,30.0,0.0,1995-05-15 18:00:00,30.0,0.0
1995-003,1995,BOB,,1995-05-17 00:00:00,24.0,91.0,30.0,,,DD,11,1995-05-18 00:00:00,,,,0.0,1995-05-16 18:00:00,30.0,0.0,1995-05-16 12:00:00,30.0,0.0,1995-05-16 00:00:00,30.0,0.0
1995-003,1995,BOB,,1995-05-17 03:00:00,24.5,91.5,30.0,,,DD,12,1995-05-18 03:00:00,,,,0.0,1995-05-16 21:00:00,,,1995-05-16 15:00:00,,,1995-05-16 03:00:00,30.0,0.0
1995-003,1995,BOB,,1995-05-17 06:00:00,25.0,92.0,25.0,,,D,13,1995-05-18 06:00:00,,,,-5.0,1995-05-17 00:00:00,30.0,-5.0,1995-05-16 18:00:00,30.0,-5.0,1995-05-16 06:00:00,30.0,-5.0
1995-003,1995,BOB,,1995-05-17 12:00:00,25.5,92.5,25.0,,,D,14,1995-05-18 12:00:00,,,,0.0,1995-05-17 06:00:00,25.0,0.0,1995-05-17 00:00:00,30.0,-5.0,1995-05-16 12:00:00,30.0,-5.0
1995-003,1995,BOB,,1995-05-17 18:00:00,26.0,93.0,25.0,,,D,15,1995-05-18 18:00:00,,,,0.0,1995-05-17 12:00:00,25.0,0.0,1995-05-17 06:00:00,25.0,0.0,1995-05-16 18:00:00,30.0,-5.0
1995-003,1995,BOB,,1995-05-18 00:00:00,26.0,93.0,,,,D,16,1995-05-19 00:00:00,,,,,1995-05-17 18:00:00,25.0,,1995-05-17 12:00:00,25.0,,1995-05-17 00:00:00,30.0,
1995-004,1995,BOB,,1995-09-16 03:00:00,19.0,90.0,25.0,998.0,4.0,D,0,1995-09-17 03:00:00,25.0,0.0,0.0,,1995-09-15 21:00:00,,,1995-09-15 15:00:00,,,1995-09-15 03:00:00,,
1995-004,1995,BOB,,1995-09-16 06:00:00,19.5,89.5,25.0,998.0,4.0,D,1,1995-09-17 06:00:00,25.0,0.0,0.0,0.0,1995-09-16 00:00:00,,,1995-09-15 18:00:00,,,1995-09-15 06:00:00,,
1995-004,1995,BOB,,1995-09-16 12:00:00,20.0,89.0,25.0,998.0,4.0,D,2,1995-09-17 12:00:00,25.0,0.0,0.0,0.0,1995-09-16 06:00:00,25.0,0.0,1995-09-16 00:00:00,,,1995-09-15 12:00:00,,
1995-004,1995,BOB,,1995-09-16 18:00:00,21.0,88.0,25.0,998.0,4.0,D,3,1995-09-17 18:00:00,,,,0.0,1995-09-16 12:00:00,25.0,0.0,1995-09-16 06:00:00,25.0,0.0,1995-09-15 18:00:00,,
1995-004,1995,BOB,,1995-09-17 00:00:00,21.0,87.5,25.0,998.0,4.0,D,4,1995-09-18 00:00:00,,,,0.0,1995-09-16 18:00:00,25.0,0.0,1995-09-16 12:00:00,25.0,0.0,1995-09-16 00:00:00,,
1995-004,1995,BOB,,1995-09-17 03:00:00,21.8,86.8,25.0,,,D,5,1995-09-18 03:00:00,,,,0.0,1995-09-16 21:00:00,,,1995-09-16 15:00:00,,,1995-09-16 03:00:00,25.0,0.0
1995-004,1995,BOB,,1995-09-17 06:00:00,22.0,86.5,25.0,,,D,6,1995-09-18 06:00:00,,,,0.0,1995-09-17 00:00:00,25.0,0.0,1995-09-16 18:00:00,25.0,0.0,1995-09-16 06:00:00,25.0,0.0
1995-004,1995,BOB,,1995-09-17 12:00:00,23.4,85.3,25.0,,,D,7,1995-09-18 12:00:00,,,,0.0,1995-09-17 06:00:00,25.0,0.0,1995-09-17 00:00:00,25.0,0.0,1995-09-16 12:00:00,25.0,0.0
1995-005,1995,BOB,,1995-09-26 03:00:00,21.5,87.5,25.0,1000.0,4.0,D,0,1995-09-27 03:00:00,,,,,1995-09-25 21:00:00,,,1995-09-25 15:00:00,,,1995-09-25 03:00:00,,
1995-005,1995,BOB,,1995-09-26 06:00:00,21.8,87.0,,,,D,1,1995-09-27 06:00:00,,,,,1995-09-26 00:00:00,,,1995-09-25 18:00:00,,,1995-09-25 06:00:00,,
1995-005,1995,BOB,,1995-09-26 12:00:00,22.0,86.5,,,,D,2,1995-09-27 12:00:00,,,,,1995-09-26 06:00:00,,,1995-09-26 00:00:00,,,1995-09-25 12:00:00,,
1995-005,1995,BOB,,1995-09-26 18:00:00,22.5,86.0,,,,D,3,1995-09-27 18:00:00,,,,,1995-09-26 12:00:00,,,1995-09-26 06:00:00,,,1995-09-25 18:00:00,,
1995-005,1995,BOB,,1995-09-27 00:00:00,23.0,86.0,,,,D,4,1995-09-28 00:00:00,,,,,1995-09-26 18:00:00,,,1995-09-26 12:00:00,,,1995-09-26 00:00:00,,
1995-005,1995,BOB,,1995-09-27 03:00:00,23.0,86.0,,,,D,5,1995-09-28 03:00:00,,,,,1995-09-26 21:00:00,,,1995-09-26 15:00:00,,,1995-09-26 03:00:00,25.0,
1995-005,1995,BOB,,1995-09-27 06:00:00,23.5,86.5,,,,D,6,1995-09-28 06:00:00,,,,,1995-09-27 00:00:00,,,1995-09-26 18:00:00,,,1995-09-26 06:00:00,,
1995-005,1995,BOB,,1995-09-27 12:00:00,24.0,87.0,,,,D,7,1995-09-28 12:00:00,,,,,1995-09-27 06:00:00,,,1995-09-27 00:00:00,,,1995-09-26 12:00:00,,
1995-005,1995,BOB,,1995-09-27 18:00:00,24.0,87.0,,,,D,8,1995-09-28 18:00:00,,,,,1995-09-27 12:00:00,,,1995-09-27 06:00:00,,,1995-09-26 18:00:00,,
1995-005,1995,BOB,,1995-09-28 00:00:00,24.0,87.0,,,,D,9,1995-09-29 00:00:00,,,,,1995-09-27 18:00:00,,,1995-09-27 12:00:00,,,1995-09-27 00:00:00,,
1995-005,1995,BOB,,1995-09-28 03:00:00,24.0,87.0,,,,D,10,1995-09-29 03:00:00,,,,,1995-09-27 21:00:00,,,1995-09-27 15:00:00,,,1995-09-27 03:00:00,,
1995-007,1995,BOB,,1995-11-07 03:00:00,11.0,91.5,25.0,1000.0,4.0,D,0,1995-11-08 03:00:00,45.0,20.0,0.0,,1995-11-06 21:00:00,,,1995-11-06 15:00:00,,,1995-11-06 03:00:00,,
1995-007,1995,BOB,,1995-11-07 06:00:00,11.5,91.0,25.0,1000.0,4.0,D,1,1995-11-08 06:00:00,45.0,20.0,0.0,0.0,1995-11-07 00:00:00,,,1995-11-06 18:00:00,,,1995-11-06 06:00:00,,
1995-007,1995,BOB,,1995-11-07 12:00:00,12.5,89.5,30.0,996.0,6.0,DD,2,1995-11-08 12:00:00,55.0,25.0,0.0,5.0,1995-11-07 06:00:00,25.0,5.0,1995-11-07 00:00:00,,,1995-11-06 12:00:00,,
1995-007,1995,BOB,,1995-11-07 18:00:00,13.0,89.0,30.0,996.0,6.0,DD,3,1995-11-08 18:00:00,65.0,35.0,1.0,0.0,1995-11-07 12:00:00,30.0,0.0,1995-11-07 06:00:00,25.0,5.0,1995-11-06 18:00:00,,
1995-007,1995,BOB,,1995-11-08 00:00:00,13.0,88.5,35.0,996.0,8.0,CS,4,1995-11-09 00:00:00,65.0,30.0,1.0,5.0,1995-11-07 18:00:00,30.0,5.0,1995-11-07 12:00:00,30.0,5.0,1995-11-07 00:00:00,,
1995-007,1995,BOB,,1995-11-08 03:00:00,13.5,87.5,45.0,996.0,10.0,CS,5,1995-11-09 03:00:00,77.0,32.0,1.0,10.0,1995-11-07 21:00:00,,,1995-11-07 15:00:00,,,1995-11-07 03:00:00,25.0,20.0
1995-007,1995,BOB,,1995-11-08 06:00:00,14.0,86.5,45.0,996.0,10.0,CS,6,1995-11-09 06:00:00,,,,0.0,1995-11-08 00:00:00,35.0,10.0,1995-11-07 18:00:00,30.0,15.0,1995-11-07 06:00:00,25.0,20.0
1995-007,1995,BOB,,1995-11-08 12:00:00,15.5,85.5,55.0,990.0,16.0,SCS,7,1995-11-09 12:00:00,,,,10.0,1995-11-08 06:00:00,45.0,10.0,1995-11-08 00:00:00,35.0,20.0,1995-11-07 12:00:00,30.0,25.0
1995-007,1995,BOB,,1995-11-08 18:00:00,17.0,85.2,65.0,984.0,22.0,VSCS,8,1995-11-09 18:00:00,,,,10.0,1995-11-08 12:00:00,55.0,10.0,1995-11-08 06:00:00,45.0,20.0,1995-11-07 18:00:00,30.0,35.0
1995-007,1995,BOB,,1995-11-09 00:00:00,18.0,85.1,65.0,984.0,22.0,VSCS,9,1995-11-10 00:00:00,,,,0.0,1995-11-08 18:00:00,65.0,0.0,1995-11-08 12:00:00,55.0,10.0,1995-11-08 00:00:00,35.0,30.0
1995-007,1995,BOB,,1995-11-09 03:00:00,19.0,85.0,77.0,978.0,30.0,VSCS,10,1995-11-10 03:00:00,,,,12.0,1995-11-08 21:00:00,,,1995-11-08 15:00:00,,,1995-11-08 03:00:00,45.0,32.0
1995-007,1995,BOB,,1995-11-09 06:00:00,19.5,85.0,,,,SCS,11,1995-11-10 06:00:00,,,,,1995-11-09 00:00:00,65.0,,1995-11-08 18:00:00,65.0,,1995-11-08 06:00:00,45.0,
1995-007,1995,BOB,,1995-11-09 12:00:00,21.0,85.0,,,,CS,12,1995-11-10 12:00:00,,,,,1995-11-09 06:00:00,,,1995-11-09 00:00:00,65.0,,1995-11-08 12:00:00,55.0,
1995-007,1995,BOB,,1995-11-09 18:00:00,22.5,85.0,,,,CS,13,1995-11-10 18:00:00,,,,,1995-11-09 12:00:00,,,1995-11-09 06:00:00,,,1995-11-08 18:00:00,65.0,
1995-007,1995,BOB,,1995-11-10 00:00:00,24.0,85.0,,,,CS,14,1995-11-11 00:00:00,,,,,1995-11-09 18:00:00,,,1995-11-09 12:00:00,,,1995-11-09 00:00:00,65.0,
1995-007,1995,BOB,,1995-11-10 03:00:00,24.5,85.0,,,,DD,15,1995-11-11 03:00:00,,,,,1995-11-09 21:00:00,,,1995-11-09 15:00:00,,,1995-11-09 03:00:00,77.0,
1995-007,1995,BOB,,1995-11-10 06:00:00,25.5,85.0,,,,DD,16,1995-11-11 06:00:00,,,,,1995-11-10 00:00:00,,,1995-11-09 18:00:00,,,1995-11-09 06:00:00,,
1995-007,1995,BOB,,1995-11-10 09:00:00,26.5,85.0,,,,D,17,1995-11-11 09:00:00,,,,,1995-11-10 03:00:00,,,1995-11-09 21:00:00,,,1995-11-09 09:00:00,,
1995-008,1995,BOB,,1995-11-21 12:00:00,6.5,91.0,25.0,1002.0,4.0,D,0,1995-11-22 12:00:00,35.0,10.0,0.0,,1995-11-21 06:00:00,,,1995-11-21 00:00:00,,,1995-11-20 12:00:00,,
1995-008,1995,BOB,,1995-11-21 18:00:00,7.0,90.5,25.0,1002.0,4.0,D,1,1995-11-22 18:00:00,45.0,20.0,0.0,0.0,1995-11-21 12:00:00,25.0,0.0,1995-11-21 06:00:00,,,1995-11-20 18:00:00,,
1995-008,1995,BOB,,1995-11-22 00:00:00,7.5,90.0,25.0,1002.0,4.0,D,2,1995-11-23 00:00:00,45.0,20.0,0.0,0.0,1995-11-21 18:00:00,25.0,0.0,1995-11-21 12:00:00,25.0,0.0,1995-11-21 00:00:00,,
1995-008,1995,BOB,,1995-11-22 03:00:00,7.5,90.0,30.0,1000.0,6.0,DD,3,1995-11-23 03:00:00,55.0,25.0,0.0,5.0,1995-11-21 21:00:00,,,1995-11-21 15:00:00,,,1995-11-21 03:00:00,,
1995-008,1995,BOB,,1995-11-22 06:00:00,8.0,89.0,30.0,1000.0,6.0,DD,4,1995-11-23 06:00:00,55.0,25.0,0.0,0.0,1995-11-22 00:00:00,25.0,5.0,1995-11-21 18:00:00,25.0,5.0,1995-11-21 06:00:00,,
1995-008,1995,BOB,,1995-11-22 12:00:00,8.5,88.5,35.0,998.0,8.0,CS,5,1995-11-23 12:00:00,55.0,20.0,0.0,5.0,1995-11-22 06:00:00,30.0,5.0,1995-11-22 00:00:00,25.0,10.0,1995-11-21 12:00:00,25.0,10.0
1995-008,1995,BOB,,1995-11-22 18:00:00,9.5,87.5,45.0,994.0,12.0,CS,6,1995-11-23 18:00:00,65.0,20.0,0.0,10.0,1995-11-22 12:00:00,35.0,10.0,1995-11-22 06:00:00,30.0,15.0,1995-11-21 18:00:00,25.0,20.0
1995-008,1995,BOB,,1995-11-23 00:00:00,10.0,86.5,45.0,994.0,12.0,CS,7,1995-11-24 00:00:00,77.0,32.0,1.0,0.0,1995-11-22 18:00:00,45.0,0.0,1995-11-22 12:00:00,35.0,10.0,1995-11-22 00:00:00,25.0,20.0
1995-008,1995,BOB,,1995-11-23 03:00:00,10.0,86.0,55.0,990.0,16.0,SCS,8,1995-11-24 03:00:00,90.0,35.0,1.0,10.0,1995-11-22 21:00:00,,,1995-11-22 15:00:00,,,1995-11-22 03:00:00,30.0,25.0
1995-008,1995,BOB,,1995-11-23 06:00:00,10.5,85.5,55.0,990.0,16.0,SCS,9,1995-11-24 06:00:00,90.0,35.0,1.0,0.0,1995-11-23 00:00:00,45.0,10.0,1995-11-22 18:00:00,45.0,10.0,1995-11-22 06:00:00,30.0,25.0
1995-008,1995,BOB,,1995-11-23 12:00:00,11.0,85.0,55.0,988.0,18.0,SCS,10,1995-11-24 12:00:00,102.0,47.0,1.0,0.0,1995-11-23 06:00:00,55.0,0.0,1995-11-23 00:00:00,45.0,10.0,1995-11-22 12:00:00,35.0,20.0
1995-008,1995,BOB,,1995-11-23 18:00:00,12.0,85.0,65.0,984.0,22.0,VSCS,11,1995-11-24 18:00:00,90.0,25.0,0.0,10.0,1995-11-23 12:00:00,55.0,10.0,1995-11-23 06:00:00,55.0,10.0,1995-11-22 18:00:00,45.0,20.0
1995-008,1995,BOB,,1995-11-24 00:00:00,13.5,85.0,77.0,976.0,30.0,VSCS,12,1995-11-25 00:00:00,77.0,0.0,0.0,12.0,1995-11-23 18:00:00,65.0,12.0,1995-11-23 12:00:00,55.0,22.0,1995-11-23 00:00:00,45.0,32.0
1995-008,1995,BOB,,1995-11-24 03:00:00,14.5,85.0,90.0,964.0,42.0,ESCS,13,1995-11-25 03:00:00,77.0,-13.0,0.0,13.0,1995-11-23 21:00:00,,,1995-11-23 15:00:00,,,1995-11-23 03:00:00,55.0,35.0
1995-008,1995,BOB,,1995-11-24 06:00:00,15.0,85.0,90.0,960.0,46.0,ESCS,14,1995-11-25 06:00:00,65.0,-25.0,0.0,0.0,1995-11-24 00:00:00,77.0,13.0,1995-11-23 18:00:00,65.0,25.0,1995-11-23 06:00:00,55.0,35.0
1995-008,1995,BOB,,1995-11-24 12:00:00,16.5,86.5,102.0,956.0,5.2,ESCS,15,1995-11-25 12:00:00,,,,12.0,1995-11-24 06:00:00,90.0,12.0,1995-11-24 00:00:00,77.0,25.0,1995-11-23 12:00:00,55.0,47.0
1995-008,1995,BOB,,1995-11-24 18:00:00,18.0,88.8,90.0,962.0,46.0,ESCS,16,1995-11-25 18:00:00,,,,-12.0,1995-11-24 12:00:00,102.0,-12.0,1995-11-24 06:00:00,90.0,0.0,1995-11-23 18:00:00,65.0,25.0
1995-008,1995,BOB,,1995-11-25 00:00:00,19.0,89.0,77.0,970.0,36.0,VSCS,17,1995-11-26 00:00:00,,,,-13.0,1995-11-24 18:00:00,90.0,-13.0,1995-11-24 12:00:00,102.0,-25.0,1995-11-24 00:00:00,77.0,0.0
1995-008,1995,BOB,,1995-11-25 03:00:00,20.0,90.5,77.0,972.0,34.0,VSCS,18,1995-11-26 03:00:00,,,,0.0,1995-11-24 21:00:00,,,1995-11-24 15:00:00,,,1995-11-24 03:00:00,90.0,-13.0
1995-008,1995,BOB,,1995-11-25 06:00:00,21.0,92.0,65.0,978.0,28.0,SCS,19,1995-11-26 06:00:00,,,,-12.0,1995-11-25 00:00:00,77.0,-12.0,1995-11-24 18:00:00,90.0,-25.0,1995-11-24 06:00:00,90.0,-25.0
1995-008,1995,BOB,,1995-11-25 09:00:00,21.5,93.5,,,,,20,1995-11-26 09:00:00,,,,,1995-11-25 03:00:00,77.0,,1995-11-24 21:00:00,,,1995-11-24 09:00:00,,
1996-001,1996,BOB,,1996-05-07 03:00:00,19.0,89.0,15.0,1004.0,,D,0,1996-05-08 03:00:00,,,,,1996-05-06 21:00:00,,,1996-05-06 15:00:00,,,1996-05-06 03:00:00,,
1996-001,1996,BOB,,1996-05-07 06:00:00,19.0,89.0,25.0,1002.0,,D,1,1996-05-08 06:00:00,,,,10.0,1996-05-07 00:00:00,,,1996-05-06 18:00:00,,,1996-05-06 06:00:00,,
1996-001,1996,BOB,,1996-05-07 12:00:00,20.0,89.5,25.0,1002.0,,D,2,1996-05-08 12:00:00,,,,0.0,1996-05-07 06:00:00,25.0,0.0,1996-05-07 00:00:00,,,1996-05-06 12:00:00,,
1996-001,1996,BOB,,1996-05-07 18:00:00,20.5,90.5,30.0,1000.0,,DD,3,1996-05-08 18:00:00,,,,5.0,1996-05-07 12:00:00,25.0,5.0,1996-05-07 06:00:00,25.0,5.0,1996-05-06 18:00:00,,
1996-001,1996,BOB,,1996-05-08 00:00:00,21.5,92.5,30.0,1000.0,,DD,4,1996-05-09 00:00:00,,,,0.0,1996-05-07 18:00:00,30.0,0.0,1996-05-07 12:00:00,25.0,5.0,1996-05-07 00:00:00,,
1996-002,1996,BOB,,1996-06-12 12:00:00,11.0,86.0,25.0,998.0,,D,0,1996-06-13 12:00:00,30.0,5.0,0.0,,1996-06-12 06:00:00,,,1996-06-12 00:00:00,,,1996-06-11 12:00:00,,
1996-002,1996,BOB,,1996-06-12 18:00:00,11.5,85.0,25.0,998.0,,D,1,1996-06-13 18:00:00,30.0,5.0,0.0,0.0,1996-06-12 12:00:00,25.0,0.0,1996-06-12 06:00:00,,,1996-06-11 18:00:00,,
1996-002,1996,BOB,,1996-06-13 00:00:00,12.0,84.0,25.0,998.0,,D,2,1996-06-14 00:00:00,35.0,10.0,0.0,0.0,1996-06-12 18:00:00,25.0,0.0,1996-06-12 12:00:00,25.0,0.0,1996-06-12 00:00:00,,
1996-002,1996,BOB,,1996-06-13 03:00:00,12.5,83.0,30.0,996.0,,DD,3,1996-06-14 03:00:00,35.0,5.0,0.0,5.0,1996-06-12 21:00:00,,,1996-06-12 15:00:00,,,1996-06-12 03:00:00,,
1996-002,1996,BOB,,1996-06-13 06:00:00,12.7,83.0,30.0,996.0,,DD,4,1996-06-14 06:00:00,35.0,5.0,0.0,0.0,1996-06-13 00:00:00,25.0,5.0,1996-06-12 18:00:00,25.0,5.0,1996-06-12 06:00:00,,
1996-002,1996,BOB,,1996-06-13 12:00:00,13.0,82.0,30.0,996.0,,DD,5,1996-06-14 12:00:00,35.0,5.0,0.0,0.0,1996-06-13 06:00:00,30.0,0.0,1996-06-13 00:00:00,25.0,5.0,1996-06-12 12:00:00,25.0,5.0
1996-002,1996,BOB,,1996-06-13 18:00:00,13.5,81.0,30.0,996.0,,DD,6,1996-06-14 18:00:00,35.0,5.0,0.0,0.0,1996-06-13 12:00:00,30.0,0.0,1996-06-13 06:00:00,30.0,0.0,1996-06-12 18:00:00,25.0,5.0
1996-002,1996,BOB,,1996-06-14 00:00:00,13.5,80.5,35.0,994.0,,CS,7,1996-06-15 00:00:00,35.0,0.0,0.0,5.0,1996-06-13 18:00:00,30.0,5.0,1996-06-13 12:00:00,30.0,5.0,1996-06-13 00:00:00,25.0,10.0
1996-002,1996,BOB,,1996-06-14 03:00:00,14.0,80.5,35.0,994.0,,CS,8,1996-06-15 03:00:00,35.0,0.0,0.0,0.0,1996-06-13 21:00:00,,,1996-06-13 15:00:00,,,1996-06-13 03:00:00,30.0,5.0
1996-002,1996,BOB,,1996-06-14 06:00:00,14.5,80.8,35.0,994.0,,CS,9,1996-06-15 06:00:00,35.0,0.0,0.0,0.0,1996-06-14 00:00:00,35.0,0.0,1996-06-13 18:00:00,30.0,5.0,1996-06-13 06:00:00,30.0,5.0
1996-002,1996,BOB,,1996-06-14 12:00:00,15.0,81.0,35.0,994.0,,CS,10,1996-06-15 12:00:00,45.0,10.0,0.0,0.0,1996-06-14 06:00:00,35.0,0.0,1996-06-14 00:00:00,35.0,0.0,1996-06-13 12:00:00,30.0,5.0
1996-002,1996,BOB,,1996-06-14 18:00:00,16.0,82.0,35.0,994.0,,CS,11,1996-06-15 18:00:00,45.0,10.0,0.0,0.0,1996-06-14 12:00:00,35.0,0.0,1996-06-14 06:00:00,35.0,0.0,1996-06-13 18:00:00,30.0,5.0
1996-002,1996,BOB,,1996-06-15 00:00:00,16.5,82.5,35.0,994.0,,CS,12,1996-06-16 00:00:00,45.0,10.0,0.0,0.0,1996-06-14 18:00:00,35.0,0.0,1996-06-14 12:00:00,35.0,0.0,1996-06-14 00:00:00,35.0,0.0
1996-002,1996,BOB,,1996-06-15 03:00:00,16.5,82.5,35.0,994.0,,CS,13,1996-06-16 03:00:00,45.0,10.0,0.0,0.0,1996-06-14 21:00:00,,,1996-06-14 15:00:00,,,1996-06-14 03:00:00,35.0,0.0
1996-002,1996,BOB,,1996-06-15 06:00:00,16.8,83.0,35.0,992.0,,CS,14,1996-06-16 06:00:00,,,,0.0,1996-06-15 00:00:00,35.0,0.0,1996-06-14 18:00:00,35.0,0.0,1996-06-14 06:00:00,35.0,0.0
1996-002,1996,BOB,,1996-06-15 12:00:00,17.0,83.5,45.0,992.0,,CS,15,1996-06-16 12:00:00,,,,10.0,1996-06-15 06:00:00,35.0,10.0,1996-06-15 00:00:00,35.0,10.0,1996-06-14 12:00:00,35.0,10.0
1996-002,1996,BOB,,1996-06-15 18:00:00,17.0,83.5,45.0,992.0,,CS,16,1996-06-16 18:00:00,,,,0.0,1996-06-15 12:00:00,45.0,0.0,1996-06-15 06:00:00,35.0,10.0,1996-06-14 18:00:00,35.0,10.0
1996-002,1996,BOB,,1996-06-16 00:00:00,17.3,83.5,45.0,992.0,,CS,17,1996-06-17 00:00:00,,,,0.0,1996-06-15 18:00:00,45.0,0.0,1996-06-15 12:00:00,45.0,0.0,1996-06-15 00:00:00,35.0,10.0
1996-002,1996,BOB,,1996-06-16 03:00:00,17.5,83.5,45.0,992.0,,CS,18,1996-06-17 03:00:00,,,,0.0,1996-06-15 21:00:00,,,1996-06-15 15:00:00,,,1996-06-15 03:00:00,35.0,10.0
1996-002,1996,BOB,,1996-06-16 06:00:00,17.7,83.4,,,,CS,19,1996-06-17 06:00:00,,,,,1996-06-16 00:00:00,45.0,,1996-06-15 18:00:00,45.0,,1996-06-15 06:00:00,35.0,
1996-005,1996,BOB,,1996-10-01 03:00:00,15.0,82.0,25.0,1002.0,,D,0,1996-10-02 03:00:00,,,,,1996-09-30 21:00:00,,,1996-09-30 15:00:00,,,1996-09-30 03:00:00,,
1996-005,1996,BOB,,1996-10-01 06:00:00,15.0,81.5,25.0,1002.0,,D,1,1996-10-02 06:00:00,,,,0.0,1996-10-01 00:00:00,,,1996-09-30 18:00:00,,,1996-09-30 06:00:00,,
1996-005,1996,BOB,,1996-10-01 12:00:00,15.0,80.5,25.0,1000.0,,D,2,1996-10-02 12:00:00,,,,0.0,1996-10-01 06:00:00,25.0,0.0,1996-10-01 00:00:00,,,1996-09-30 12:00:00,,
1996-005,1996,BOB,,1996-10-01 18:00:00,15.0,80.0,25.0,1000.0,,D,3,1996-10-02 18:00:00,,,,0.0,1996-10-01 12:00:00,25.0,0.0,1996-10-01 06:00:00,25.0,0.0,1996-09-30 18:00:00,,
1996-005,1996,BOB,,1996-10-02 00:00:00,15.5,79.5,,,,D,4,1996-10-03 00:00:00,,,,,1996-10-01 18:00:00,25.0,,1996-10-01 12:00:00,25.0,,1996-10-01 00:00:00,,
1996-005,1996,BOB,,1996-10-02 03:00:00,15.5,79.0,,,,D,5,1996-10-03 03:00:00,,,,,1996-10-01 21:00:00,,,1996-10-01 15:00:00,,,1996-10-01 03:00:00,25.0,
1996-005,1996,BOB,,1996-10-02 06:00:00,16.0,78.5,,,,D,6,1996-10-03 06:00:00,,,,,1996-10-02 00:00:00,,,1996-10-01 18:00:00,25.0,,1996-10-01 06:00:00,25.0,
1996-007,1996,BOB,,1996-10-27 03:00:00,15.0,86.0,25.0,1000.0,,D,0,1996-10-28 03:00:00,30.0,5.0,0.0,,1996-10-26 21:00:00,,,1996-10-26 15:00:00,,,1996-10-26 03:00:00,,
1996-007,1996,BOB,,1996-10-27 06:00:00,15.5,85.5,25.0,1000.0,,D,1,1996-10-28 06:00:00,30.0,5.0,0.0,0.0,1996-10-27 00:00:00,,,1996-10-26 18:00:00,,,1996-10-26 06:00:00,,
1996-007,1996,BOB,,1996-10-27 12:00:00,16.0,85.5,25.0,1000.0,,D,2,1996-10-28 12:00:00,30.0,5.0,0.0,0.0,1996-10-27 06:00:00,25.0,0.0,1996-10-27 00:00:00,,,1996-10-26 12:00:00,,
1996-007,1996,BOB,,1996-10-27 18:00:00,17.0,86.0,30.0,998.0,,DD,3,1996-10-28 18:00:00,30.0,0.0,0.0,5.0,1996-10-27 12:00:00,25.0,5.0,1996-10-27 06:00:00,25.0,5.0,1996-10-26 18:00:00,,
1996-007,1996,BOB,,1996-10-28 00:00:00,18.0,87.0,30.0,998.0,,DD,4,1996-10-29 00:00:00,,,,0.0,1996-10-27 18:00:00,30.0,0.0,1996-10-27 12:00:00,25.0,5.0,1996-10-27 00:00:00,,
1996-007,1996,BOB,,1996-10-28 03:00:00,19.0,87.5,30.0,998.0,,DD,5,1996-10-29 03:00:00,,,,0.0,1996-10-27 21:00:00,,,1996-10-27 15:00:00,,,1996-10-27 03:00:00,25.0,5.0
1996-007,1996,BOB,,1996-10-28 06:00:00,20.0,88.0,30.0,998.0,,DD,6,1996-10-29 06:00:00,,,,0.0,1996-10-28 00:00:00,30.0,0.0,1996-10-27 18:00:00,30.0,0.0,1996-10-27 06:00:00,25.0,5.0
1996-007,1996,BOB,,1996-10-28 12:00:00,21.5,89.0,30.0,998.0,,DD,7,1996-10-29 12:00:00,,,,0.0,1996-10-28 06:00:00,30.0,0.0,1996-10-28 00:00:00,30.0,0.0,1996-10-27 12:00:00,25.0,5.0
1996-007,1996,BOB,,1996-10-28 18:00:00,22.0,89.5,30.0,998.0,,DD,8,1996-10-29 18:00:00,,,,0.0,1996-10-28 12:00:00,30.0,0.0,1996-10-28 06:00:00,30.0,0.0,1996-10-27 18:00:00,30.0,0.0
1996-007,1996,BOB,,1996-10-29 00:00:00,23.5,90.0,,,,D,9,1996-10-30 00:00:00,,,,,1996-10-28 18:00:00,30.0,,1996-10-28 12:00:00,30.0,,1996-10-28 00:00:00,30.0,
1996-008,1996,BOB,,1996-11-04 15:00:00,16.0,88.0,25.0,1002.0,,D,0,1996-11-05 15:00:00,,,,,1996-11-04 09:00:00,,,1996-11-04 03:00:00,,,1996-11-03 15:00:00,,
1996-008,1996,BOB,,1996-11-04 18:00:00,16.0,87.5,25.0,1002.0,,D,1,1996-11-05 18:00:00,45.0,20.0,0.0,0.0,1996-11-04 12:00:00,,,1996-11-04 06:00:00,,,1996-11-03 18:00:00,,
1996-008,1996,BOB,,1996-11-05 00:00:00,16.0,87.0,25.0,1002.0,,D,2,1996-11-06 00:00:00,45.0,20.0,0.0,0.0,1996-11-04 18:00:00,25.0,0.0,1996-11-04 12:00:00,,,1996-11-04 00:00:00,,
1996-008,1996,BOB,,1996-11-05 03:00:00,16.0,86.5,30.0,1000.0,,DD,3,1996-11-06 03:00:00,55.0,25.0,0.0,5.0,1996-11-04 21:00:00,,,1996-11-04 15:00:00,25.0,5.0,1996-11-04 03:00:00,,
1996-008,1996,BOB,,1996-11-05 06:00:00,16.0,86.5,30.0,1000.0,,DD,4,1996-11-06 06:00:00,65.0,35.0,1.0,0.0,1996-11-05 00:00:00,25.0,5.0,1996-11-04 18:00:00,25.0,5.0,1996-11-04 06:00:00,,
1996-008,1996,BOB,,1996-11-05 09:00:00,16.0,86.0,35.0,992.0,,CS,5,1996-11-06 09:00:00,77.0,42.0,1.0,5.0,1996-11-05 03:00:00,30.0,5.0,1996-11-04 21:00:00,,,1996-11-04 09:00:00,,
1996-008,1996,BOB,,1996-11-05 12:00:00,16.0,85.5,45.0,992.0,,CS,6,1996-11-06 12:00:00,77.0,32.0,1.0,10.0,1996-11-05 06:00:00,30.0,15.0,1996-11-05 00:00:00,25.0,20.0,1996-11-04 12:00:00,,
1996-008,1996,BOB,,1996-11-05 18:00:00,16.0,85.0,45.0,992.0,,CS,7,1996-11-06 18:00:00,55.0,10.0,0.0,0.0,1996-11-05 12:00:00,45.0,0.0,1996-11-05 06:00:00,30.0,15.0,1996-11-04 18:00:00,25.0,20.0
1996-008,1996,BOB,,1996-11-06 00:00:00,16.0,84.5,45.0,992.0,,CS,8,1996-11-07 00:00:00,,,,0.0,1996-11-05 18:00:00,45.0,0.0,1996-11-05 12:00:00,45.0,0.0,1996-11-05 00:00:00,25.0,20.0
1996-008,1996,BOB,,1996-11-06 01:00:00,16.1,84.1,55.0,990.0,,SCS,9,1996-11-07 01:00:00,,,,10.0,1996-11-05 19:00:00,,,1996-11-05 13:00:00,,,1996-11-05 01:00:00,,
1996-008,1996,BOB,,1996-11-06 03:00:00,16.1,83.8,55.0,990.0,,SCS,10,1996-11-07 03:00:00,,,,0.0,1996-11-05 21:00:00,,,1996-11-05 15:00:00,,,1996-11-05 03:00:00,30.0,25.0
1996-008,1996,BOB,,1996-11-06 06:00:00,16.2,83.5,65.0,988.0,,VSCS,11,1996-11-07 06:00:00,,,,10.0,1996-11-06 00:00:00,45.0,20.0,1996-11-05 18:00:00,45.0,20.0,1996-11-05 06:00:00,30.0,35.0
1996-008,1996,BOB,,1996-11-06 09:00:00,16.3,83.0,77.0,988.0,,VSCS,12,1996-11-07 09:00:00,,,,12.0,1996-11-06 03:00:00,55.0,22.0,1996-11-05 21:00:00,,,1996-11-05 09:00:00,35.0,42.0
1996-008,1996,BOB,,1996-11-06 12:00:00,16.4,82.6,77.0,988.0,,VSCS,13,1996-11-07 12:00:00,,,,0.0,1996-11-06 06:00:00,65.0,12.0,1996-11-06 00:00:00,45.0,32.0,1996-11-05 12:00:00,45.0,32.0
1996-008,1996,BOB,,1996-11-06 18:00:00,16.7,82.0,55.0,990.0,,SCS,14,1996-11-07 18:00:00,,,,-22.0,1996-11-06 12:00:00,77.0,-22.0,1996-11-06 06:00:00,65.0,-10.0,1996-11-05 18:00:00,45.0,10.0
1996-008,1996,BOB,,1996-11-07 00:00:00,16.8,81.0,,,,CS,15,1996-11-08 00:00:00,,,,,1996-11-06 18:00:00,55.0,,1996-11-06 12:00:00,77.0,,1996-11-06 00:00:00,45.0,
1996-008,1996,BOB,,1996-11-07 03:00:00,17.0,80.0,,,,DD,16,1996-11-08 03:00:00,,,,,1996-11-06 21:00:00,,,1996-11-06 15:00:00,,,1996-11-06 03:00:00,55.0,
1996-008,1996,BOB,,1996-11-07 06:00:00,17.5,79.0,,,,D,17,1996-11-08 06:00:00,,,,,1996-11-07 00:00:00,,,1996-11-06 18:00:00,55.0,,1996-11-06 06:00:00,65.0,
1996-009,1996,BOB,,1996-11-28 03:00:00,11.5,86.5,25.0,1004.0,,D,0,1996-11-29 03:00:00,30.0,5.0,0.0,,1996-11-27 21:00:00,,,1996-11-27 15:00:00,,,1996-11-27 03:00:00,,
1996-009,1996,BOB,,1996-11-28 06:00:00,12.0,86.0,25.0,1004.0,,D,1,1996-11-29 06:00:00,30.0,5.0,0.0,0.0,1996-11-28 00:00:00,,,1996-11-27 18:00:00,,,1996-11-27 06:00:00,,
1996-009,1996,BOB,,1996-11-28 12:00:00,12.5,85.5,25.0,1004.0,,D,2,1996-11-29 12:00:00,30.0,5.0,0.0,0.0,1996-11-28 06:00:00,25.0,0.0,1996-11-28 00:00:00,,,1996-11-27 12:00:00,,
1996-009,1996,BOB,,1996-11-28 18:00:00,13.0,85.5,25.0,1004.0,,D,3,1996-11-29 18:00:00,30.0,5.0,0.0,0.0,1996-11-28 12:00:00,25.0,0.0,1996-11-28 06:00:00,25.0,0.0,1996-11-27 18:00:00,,
1996-009,1996,BOB,,1996-11-29 00:00:00,13.0,85.5,25.0,1004.0,,D,4,1996-11-30 00:00:00,30.0,5.0,0.0,0.0,1996-11-28 18:00:00,25.0,0.0,1996-11-28 12:00:00,25.0,0.0,1996-11-28 00:00:00,,
1996-009,1996,BOB,,1996-11-29 03:00:00,12.5,85.0,30.0,1002.0,,DD,5,1996-11-30 03:00:00,30.0,0.0,0.0,5.0,1996-11-28 21:00:00,,,1996-11-28 15:00:00,,,1996-11-28 03:00:00,25.0,5.0
1996-009,1996,BOB,,1996-11-29 06:00:00,13.0,85.5,30.0,1002.0,,DD,6,1996-11-30 06:00:00,30.0,0.0,0.0,0.0,1996-11-29 00:00:00,25.0,5.0,1996-11-28 18:00:00,25.0,5.0,1996-11-28 06:00:00,25.0,5.0
1996-009,1996,BOB,,1996-11-29 12:00:00,13.5,86.0,30.0,1002.0,,DD,7,1996-11-30 12:00:00,25.0,-5.0,0.0,0.0,1996-11-29 06:00:00,30.0,0.0,1996-11-29 00:00:00,25.0,5.0,1996-11-28 12:00:00,25.0,5.0
1996-009,1996,BOB,,1996-11-29 18:00:00,14.0,87.0,30.0,1002.0,,DD,8,1996-11-30 18:00:00,25.0,-5.0,0.0,0.0,1996-11-29 12:00:00,30.0,0.0,1996-11-29 06:00:00,30.0,0.0,1996-11-28 18:00:00,25.0,5.0
1996-009,1996,BOB,,1996-11-30 00:00:00,14.5,87.5,30.0,1002.0,,DD,9,1996-12-01 00:00:00,25.0,-5.0,0.0,0.0,1996-11-29 18:00:00,30.0,0.0,1996-11-29 12:00:00,30.0,0.0,1996-11-29 00:00:00,25.0,5.0
1996-009,1996,BOB,,1996-11-30 03:00:00,14.5,87.5,30.0,1002.0,,DD,10,1996-12-01 03:00:00,25.0,-5.0,0.0,0.0,1996-11-29 21:00:00,,,1996-11-29 15:00:00,,,1996-11-29 03:00:00,30.0,0.0
1996-009,1996,BOB,,1996-11-30 06:00:00,15.0,88.0,30.0,1002.0,,DD,11,1996-12-01 06:00:00,25.0,-5.0,0.0,0.0,1996-11-30 00:00:00,30.0,0.0,1996-11-29 18:00:00,30.0,0.0,1996-11-29 06:00:00,30.0,0.0
1996-009,1996,BOB,,1996-11-30 12:00:00,15.5,88.5,25.0,1004.0,,D,12,1996-12-01 12:00:00,30.0,5.0,0.0,-5.0,1996-11-30 06:00:00,30.0,-5.0,1996-11-30 00:00:00,30.0,-5.0,1996-11-29 12:00:00,30.0,-5.0
1996-009,1996,BOB,,1996-11-30 18:00:00,15.0,89.0,25.0,1004.0,,D,13,1996-12-01 18:00:00,30.0,5.0,0.0,0.0,1996-11-30 12:00:00,25.0,0.0,1996-11-30 06:00:00,30.0,-5.0,1996-11-29 18:00:00,30.0,-5.0
1996-009,1996,BOB,,1996-12-01 00:00:00,14.5,89.0,25.0,1004.0,,D,14,1996-12-02 00:00:00,35.0,10.0,0.0,0.0,1996-11-30 18:00:00,25.0,0.0,1996-11-30 12:00:00,25.0,0.0,1996-11-30 00:00:00,30.0,-5.0
1996-009,1996,BOB,,1996-12-01 03:00:00,14.5,89.0,25.0,1004.0,,D,15,1996-12-02 03:00:00,35.0,10.0,0.0,0.0,1996-11-30 21:00:00,,,1996-11-30 15:00:00,,,1996-11-30 03:00:00,30.0,-5.0
1996-009,1996,BOB,,1996-12-01 06:00:00,14.5,88.5,25.0,1004.0,,D,16,1996-12-02 06:00:00,35.0,10.0,0.0,0.0,1996-12-01 00:00:00,25.0,0.0,1996-11-30 18:00:00,25.0,0.0,1996-11-30 06:00:00,30.0,-5.0
1996-009,1996,BOB,,1996-12-01 12:00:00,14.5,88.5,30.0,1002.0,,DD,17,1996-12-02 12:00:00,35.0,5.0,0.0,5.0,1996-12-01 06:00:00,25.0,5.0,1996-12-01 00:00:00,25.0,5.0,1996-11-30 12:00:00,25.0,5.0
1996-009,1996,BOB,,1996-12-01 18:00:00,14.5,88.0,30.0,1002.0,,DD,18,1996-12-02 18:00:00,35.0,5.0,0.0,0.0,1996-12-01 12:00:00,30.0,0.0,1996-12-01 06:00:00,25.0,5.0,1996-11-30 18:00:00,25.0,5.0
1996-009,1996,BOB,,1996-12-02 00:00:00,14.0,87.0,35.0,996.0,,CS,19,1996-12-03 00:00:00,45.0,10.0,0.0,5.0,1996-12-01 18:00:00,30.0,5.0,1996-12-01 12:00:00,30.0,5.0,1996-12-01 00:00:00,25.0,10.0
1996-009,1996,BOB,,1996-12-02 03:00:00,14.0,87.0,35.0,996.0,,CS,20,1996-12-03 03:00:00,55.0,20.0,0.0,0.0,1996-12-01 21:00:00,,,1996-12-01 15:00:00,,,1996-12-01 03:00:00,25.0,10.0
1996-009,1996,BOB,,1996-12-02 06:00:00,14.0,87.0,35.0,994.0,,CS,21,1996-12-03 06:00:00,55.0,20.0,0.0,0.0,1996-12-02 00:00:00,35.0,0.0,1996-12-01 18:00:00,30.0,5.0,1996-12-01 06:00:00,25.0,10.0
1996-009,1996,BOB,,1996-12-02 12:00:00,14.0,86.0,35.0,994.0,,CS,22,1996-12-03 12:00:00,65.0,30.0,1.0,0.0,1996-12-02 06:00:00,35.0,0.0,1996-12-02 00:00:00,35.0,0.0,1996-12-01 12:00:00,30.0,5.0
1996-009,1996,BOB,,1996-12-02 18:00:00,14.0,85.5,35.0,994.0,,CS,23,1996-12-03 18:00:00,65.0,30.0,1.0,0.0,1996-12-02 12:00:00,35.0,0.0,1996-12-02 06:00:00,35.0,0.0,1996-12-01 18:00:00,30.0,5.0
1996-009,1996,BOB,,1996-12-03 00:00:00,14.0,85.0,45.0,994.0,,CS,24,1996-12-04 00:00:00,65.0,20.0,0.0,10.0,1996-12-02 18:00:00,35.0,10.0,1996-12-02 12:00:00,35.0,10.0,1996-12-02 00:00:00,35.0,10.0
1996-009,1996,BOB,,1996-12-03 03:00:00,14.0,84.5,55.0,992.0,,SCS,25,1996-12-04 03:00:00,65.0,10.0,0.0,10.0,1996-12-02 21:00:00,,,1996-12-02 15:00:00,,,1996-12-02 03:00:00,35.0,20.0
1996-009,1996,BOB,,1996-12-03 06:00:00,14.3,84.0,55.0,992.0,,SCS,26,1996-12-04 06:00:00,65.0,10.0,0.0,0.0,1996-12-03 00:00:00,45.0,10.0,1996-12-02 18:00:00,35.0,20.0,1996-12-02 06:00:00,35.0,20.0
1996-009,1996,BOB,,1996-12-03 12:00:00,14.5,83.5,65.0,988.0,,VSCS,27,1996-12-04 12:00:00,65.0,0.0,0.0,10.0,1996-12-03 06:00:00,55.0,10.0,1996-12-03 00:00:00,45.0,20.0,1996-12-02 12:00:00,35.0,30.0
1996-009,1996,BOB,,1996-12-03 18:00:00,14.7,83.0,65.0,986.0,,VSCS,28,1996-12-04 18:00:00,65.0,0.0,0.0,0.0,1996-12-03 12:00:00,65.0,0.0,1996-12-03 06:00:00,55.0,10.0,1996-12-02 18:00:00,35.0,30.0
1996-009,1996,BOB,,1996-12-04 00:00:00,14.7,83.0,65.0,986.0,,VSCS,29,1996-12-05 00:00:00,55.0,-10.0,0.0,0.0,1996-12-03 18:00:00,65.0,0.0,1996-12-03 12:00:00,65.0,0.0,1996-12-03 00:00:00,45.0,20.0
1996-009,1996,BOB,,1996-12-04 03:00:00,14.8,82.2,65.0,986.0,,VSCS,30,1996-12-05 03:00:00,55.0,-10.0,0.0,0.0,1996-12-03 21:00:00,,,1996-12-03 15:00:00,,,1996-12-03 03:00:00,55.0,10.0
1996-009,1996,BOB,,1996-12-04 06:00:00,15.1,82.0,65.0,986.0,,VSCS,31,1996-12-05 06:00:00,45.0,-20.0,0.0,0.0,1996-12-04 00:00:00,65.0,0.0,1996-12-03 18:00:00,65.0,0.0,1996-12-03 06:00:00,55.0,10.0
1996-009,1996,BOB,,1996-12-04 12:00:00,15.3,81.4,65.0,984.0,,VSCS,32,1996-12-05 12:00:00,45.0,-20.0,0.0,0.0,1996-12-04 06:00:00,65.0,0.0,1996-12-04 00:00:00,65.0,0.0,1996-12-03 12:00:00,65.0,0.0
1996-009,1996,BOB,,1996-12-04 18:00:00,15.5,81.4,65.0,990.0,,VSCS,33,1996-12-05 18:00:00,45.0,-20.0,0.0,0.0,1996-12-04 12:00:00,65.0,0.0,1996-12-04 06:00:00,65.0,0.0,1996-12-03 18:00:00,65.0,0.0
1996-009,1996,BOB,,1996-12-05 00:00:00,15.0,81.3,55.0,992.0,,SCS,34,1996-12-06 00:00:00,45.0,-10.0,0.0,-10.0,1996-12-04 18:00:00,65.0,-10.0,1996-12-04 12:00:00,65.0,-10.0,1996-12-04 00:00:00,65.0,-10.0
1996-009,1996,BOB,,1996-12-05 03:00:00,14.5,82.0,55.0,994.0,,SCS,35,1996-12-06 03:00:00,45.0,-10.0,0.0,0.0,1996-12-04 21:00:00,,,1996-12-04 15:00:00,,,1996-12-04 03:00:00,65.0,-10.0
1996-009,1996,BOB,,1996-12-05 06:00:00,14.5,81.7,45.0,994.0,,CS,36,1996-12-06 06:00:00,45.0,0.0,0.0,-10.0,1996-12-05 00:00:00,55.0,-10.0,1996-12-04 18:00:00,65.0,-20.0,1996-12-04 06:00:00,65.0,-20.0
1996-009,1996,BOB,,1996-12-05 12:00:00,14.3,81.7,45.0,994.0,,CS,37,1996-12-06 12:00:00,45.0,0.0,0.0,0.0,1996-12-05 06:00:00,45.0,0.0,1996-12-05 00:00:00,55.0,-10.0,1996-12-04 12:00:00,65.0,-20.0
1996-009,1996,BOB,,1996-12-05 18:00:00,14.0,81.5,45.0,994.0,,CS,38,1996-12-06 18:00:00,,,,0.0,1996-12-05 12:00:00,45.0,0.0,1996-12-05 06:00:00,45.0,0.0,1996-12-04 18:00:00,65.0,-20.0
1996-009,1996,BOB,,1996-12-06 00:00:00,13.7,81.2,45.0,994.0,,CS,39,1996-12-07 00:00:00,,,,0.0,1996-12-05 18:00:00,45.0,0.0,1996-12-05 12:00:00,45.0,0.0,1996-12-05 00:00:00,55.0,-10.0
1996-009,1996,BOB,,1996-12-06 03:00:00,13.7,81.1,45.0,994.0,,CS,40,1996-12-07 03:00:00,,,,0.0,1996-12-05 21:00:00,,,1996-12-05 15:00:00,,,1996-12-05 03:00:00,55.0,-10.0
1996-009,1996,BOB,,1996-12-06 06:00:00,13.5,80.7,45.0,994.0,,CS,41,1996-12-07 06:00:00,,,,0.0,1996-12-06 00:00:00,45.0,0.0,1996-12-05 18:00:00,45.0,0.0,1996-12-05 06:00:00,45.0,0.0
1996-009,1996,BOB,,1996-12-06 12:00:00,13.2,80.5,45.0,994.0,,CS,42,1996-12-07 12:00:00,,,,0.0,1996-12-06 06:00:00,45.0,0.0,1996-12-06 00:00:00,45.0,0.0,1996-12-05 12:00:00,45.0,0.0
1996-009,1996,BOB,,1996-12-06 18:00:00,12.0,80.0,,,,CS,43,1996-12-07 18:00:00,,,,,1996-12-06 12:00:00,45.0,,1996-12-06 06:00:00,45.0,,1996-12-05 18:00:00,45.0,
1997-001,1997,BOB,,1997-05-15 06:00:00,6.5,90.5,25.0,1000.0,4.0,D,0,1997-05-16 06:00:00,35.0,10.0,0.0,,1997-05-15 00:00:00,,,1997-05-14 18:00:00,,,1997-05-14 06:00:00,,
1997-001,1997,BOB,,1997-05-15 09:00:00,7.0,90.5,25.0,1000.0,4.0,D,1,1997-05-16 09:00:00,35.0,10.0,0.0,0.0,1997-05-15 03:00:00,,,1997-05-14 21:00:00,,,1997-05-14 09:00:00,,
1997-001,1997,BOB,,1997-05-15 12:00:00,7.5,90.5,30.0,1000.0,4.0,DD,2,1997-05-16 12:00:00,35.0,5.0,0.0,5.0,1997-05-15 06:00:00,25.0,5.0,1997-05-15 00:00:00,,,1997-05-14 12:00:00,,
1997-001,1997,BOB,,1997-05-15 18:00:00,8.0,90.5,30.0,1002.0,5.0,DD,3,1997-05-16 18:00:00,35.0,5.0,0.0,0.0,1997-05-15 12:00:00,30.0,0.0,1997-05-15 06:00:00,25.0,5.0,1997-05-14 18:00:00,,
1997-001,1997,BOB,,1997-05-16 00:00:00,8.5,90.5,30.0,1002.0,6.0,DD,4,1997-05-17 00:00:00,35.0,5.0,0.0,0.0,1997-05-15 18:00:00,30.0,0.0,1997-05-15 12:00:00,30.0,0.0,1997-05-15 00:00:00,,
1997-001,1997,BOB,,1997-05-16 03:00:00,9.0,90.5,35.0,1001.0,7.0,CS,5,1997-05-17 03:00:00,35.0,0.0,0.0,5.0,1997-05-15 21:00:00,,,1997-05-15 15:00:00,,,1997-05-15 03:00:00,,
1997-001,1997,BOB,,1997-05-16 06:00:00,9.2,90.5,35.0,1001.0,7.0,CS,6,1997-05-17 06:00:00,45.0,10.0,0.0,0.0,1997-05-16 00:00:00,30.0,5.0,1997-05-15 18:00:00,30.0,5.0,1997-05-15 06:00:00,25.0,10.0
1997-001,1997,BOB,,1997-05-16 09:00:00,9.5,90.5,35.0,1001.0,7.0,CS,7,1997-05-17 09:00:00,55.0,20.0,0.0,0.0,1997-05-16 03:00:00,35.0,0.0,1997-05-15 21:00:00,,,1997-05-15 09:00:00,25.0,10.0
1997-001,1997,BOB,,1997-05-16 12:00:00,10.0,91.0,35.0,999.0,7.0,CS,8,1997-05-17 12:00:00,55.0,20.0,0.0,0.0,1997-05-16 06:00:00,35.0,0.0,1997-05-16 00:00:00,30.0,5.0,1997-05-15 12:00:00,30.0,5.0
1997-001,1997,BOB,,1997-05-16 18:00:00,10.5,91.3,35.0,999.0,7.0,CS,9,1997-05-17 18:00:00,55.0,20.0,0.0,0.0,1997-05-16 12:00:00,35.0,0.0,1997-05-16 06:00:00,35.0,0.0,1997-05-15 18:00:00,30.0,5.0
1997-001,1997,BOB,,1997-05-17 00:00:00,11.0,91.4,35.0,998.0,8.0,CS,10,1997-05-18 00:00:00,55.0,20.0,0.0,0.0,1997-05-16 18:00:00,35.0,0.0,1997-05-16 12:00:00,35.0,0.0,1997-05-16 00:00:00,30.0,5.0
1997-001,1997,BOB,,1997-05-17 03:00:00,12.0,91.5,35.0,998.0,8.0,CS,11,1997-05-18 03:00:00,65.0,30.0,1.0,0.0,1997-05-16 21:00:00,,,1997-05-16 15:00:00,,,1997-05-16 03:00:00,35.0,0.0
1997-001,1997,BOB,,1997-05-17 06:00:00,13.0,91.5,45.0,992.0,12.0,CS,12,1997-05-18 06:00:00,65.0,20.0,0.0,10.0,1997-05-17 00:00:00,35.0,10.0,1997-05-16 18:00:00,35.0,10.0,1997-05-16 06:00:00,35.0,10.0
1997-001,1997,BOB,,1997-05-17 09:00:00,13.5,91.5,55.0,986.0,16.0,SCS,13,1997-05-18 09:00:00,65.0,10.0,0.0,10.0,1997-05-17 03:00:00,35.0,20.0,1997-05-16 21:00:00,,,1997-05-16 09:00:00,35.0,20.0
1997-001,1997,BOB,,1997-05-17 12:00:00,14.0,91.0,55.0,986.0,16.0,SCS,14,1997-05-18 12:00:00,65.0,10.0,0.0,0.0,1997-05-17 06:00:00,45.0,10.0,1997-05-17 00:00:00,35.0,20.0,1997-05-16 12:00:00,35.0,20.0
1997-001,1997,BOB,,1997-05-17 18:00:00,15.0,91.0,55.0,986.0,16.0,SCS,15,1997-05-18 18:00:00,77.0,22.0,0.0,0.0,1997-05-17 12:00:00,55.0,0.0,1997-05-17 06:00:00,45.0,10.0,1997-05-16 18:00:00,35.0,20.0
1997-001,1997,BOB,,1997-05-18 00:00:00,16.0,91.0,55.0,986.0,16.0,SCS,16,1997-05-19 00:00:00,90.0,35.0,1.0,0.0,1997-05-17 18:00:00,55.0,0.0,1997-05-17 12:00:00,55.0,0.0,1997-05-17 00:00:00,35.0,20.0
1997-001,1997,BOB,,1997-05-18 03:00:00,16.5,90.5,65.0,980.0,22.0,VSCS,17,1997-05-19 03:00:00,90.0,25.0,0.0,10.0,1997-05-17 21:00:00,,,1997-05-17 15:00:00,,,1997-05-17 03:00:00,35.0,30.0
1997-001,1997,BOB,,1997-05-18 06:00:00,17.0,90.5,65.0,980.0,22.0,VSCS,18,1997-05-19 06:00:00,90.0,25.0,0.0,0.0,1997-05-18 00:00:00,55.0,10.0,1997-05-17 18:00:00,55.0,10.0,1997-05-17 06:00:00,45.0,20.0
1997-001,1997,BOB,,1997-05-18 09:00:00,17.5,90.5,65.0,980.0,22.0,VSCS,19,1997-05-19 09:00:00,90.0,25.0,0.0,0.0,1997-05-18 03:00:00,65.0,0.0,1997-05-17 21:00:00,,,1997-05-17 09:00:00,55.0,10.0
1997-001,1997,BOB,,1997-05-18 12:00:00,18.0,90.5,65.0,980.0,22.0,VSCS,20,1997-05-19 12:00:00,90.0,25.0,0.0,0.0,1997-05-18 06:00:00,65.0,0.0,1997-05-18 00:00:00,55.0,10.0,1997-05-17 12:00:00,55.0,10.0
1997-001,1997,BOB,,1997-05-18 18:00:00,19.3,90.3,77.0,974.0,30.0,VSCS,21,1997-05-19 18:00:00,,,,12.0,1997-05-18 12:00:00,65.0,12.0,1997-05-18 06:00:00,65.0,12.0,1997-05-17 18:00:00,55.0,22.0
1997-001,1997,BOB,,1997-05-19 00:00:00,20.0,90.8,90.0,968.0,42.0,ESCS,22,1997-05-20 00:00:00,,,,13.0,1997-05-18 18:00:00,77.0,13.0,1997-05-18 12:00:00,65.0,25.0,1997-05-18 00:00:00,55.0,35.0
1997-001,1997,BOB,,1997-05-19 03:00:00,20.3,91.2,90.0,964.0,42.0,ESCS,23,1997-05-20 03:00:00,,,,0.0,1997-05-18 21:00:00,,,1997-05-18 15:00:00,,,1997-05-18 03:00:00,65.0,25.0
1997-001,1997,BOB,,1997-05-19 06:00:00,20.3,91.3,90.0,964.0,42.0,ESCS,24,1997-05-20 06:00:00,,,,0.0,1997-05-19 00:00:00,90.0,0.0,1997-05-18 18:00:00,77.0,13.0,1997-05-18 06:00:00,65.0,25.0
1997-001,1997,BOB,,1997-05-19 09:00:00,21.6,91.5,90.0,964.0,42.0,ESCS,25,1997-05-20 09:00:00,,,,0.0,1997-05-19 03:00:00,90.0,0.0,1997-05-18 21:00:00,,,1997-05-18 09:00:00,65.0,25.0
1997-001,1997,BOB,,1997-05-19 12:00:00,22.1,91.8,90.0,964.0,42.0,ESCS,26,1997-05-20 12:00:00,,,,0.0,1997-05-19 06:00:00,90.0,0.0,1997-05-19 00:00:00,90.0,0.0,1997-05-18 12:00:00,65.0,25.0
1997-002,1997,BOB,,1997-06-26 03:00:00,21.0,89.5,25.0,990.0,4.0,D,0,1997-06-27 03:00:00,,,,,1997-06-25 21:00:00,,,1997-06-25 15:00:00,,,1997-06-25 03:00:00,,
1997-002,1997,BOB,,1997-06-26 06:00:00,21.0,89.0,25.0,990.0,4.0,D,1,1997-06-27 06:00:00,,,,0.0,1997-06-26 00:00:00,,,1997-06-25 18:00:00,,,1997-06-25 06:00:00,,
1997-002,1997,BOB,,1997-06-26 12:00:00,21.5,88.5,30.0,986.0,5.0,DD,2,1997-06-27 12:00:00,,,,5.0,1997-06-26 06:00:00,25.0,5.0,1997-06-26 00:00:00,,,1997-06-25 12:00:00,,
1997-002,1997,BOB,,1997-06-26 18:00:00,21.5,88.5,30.0,986.0,6.0,DD,3,1997-06-27 18:00:00,,,,0.0,1997-06-26 12:00:00,30.0,0.0,1997-06-26 06:00:00,25.0,5.0,1997-06-25 18:00:00,,
1997-002,1997,BOB,,1997-06-27 00:00:00,22.0,88.0,30.0,985.0,6.0,DD,4,1997-06-28 00:00:00,,,,0.0,1997-06-26 18:00:00,30.0,0.0,1997-06-26 12:00:00,30.0,0.0,1997-06-26 00:00:00,,
1997-002,1997,BOB,,1997-06-27 03:00:00,22.5,87.5,,,,DD,5,1997-06-28 03:00:00,,,,,1997-06-26 21:00:00,,,1997-06-26 15:00:00,,,1997-06-26 03:00:00,25.0,
1997-002,1997,BOB,,1997-06-27 06:00:00,22.5,87.0,,,,DD,6,1997-06-28 06:00:00,,,,,1997-06-27 00:00:00,30.0,,1997-06-26 18:00:00,30.0,,1997-06-26 06:00:00,25.0,
1997-002,1997,BOB,,1997-06-27 12:00:00,23.0,86.5,,,,DD,7,1997-06-28 12:00:00,,,,,1997-06-27 06:00:00,,,1997-06-27 00:00:00,30.0,,1997-06-26 12:00:00,30.0,
1997-002,1997,BOB,,1997-06-27 18:00:00,23.0,86.0,,,,DD,8,1997-06-28 18:00:00,,,,,1997-06-27 12:00:00,,,1997-06-27 06:00:00,,,1997-06-26 18:00:00,30.0,
1997-002,1997,BOB,,1997-06-28 00:00:00,23.0,86.0,,,,DD,9,1997-06-29 00:00:00,,,,,1997-06-27 18:00:00,,,1997-06-27 12:00:00,,,1997-06-27 00:00:00,30.0,
1997-002,1997,BOB,,1997-06-28 03:00:00,23.5,86.0,,,,DD,10,1997-06-29 03:00:00,,,,,1997-06-27 21:00:00,,,1997-06-27 15:00:00,,,1997-06-27 03:00:00,,
1997-002,1997,BOB,,1997-06-28 06:00:00,24.0,85.5,,,,DD,11,1997-06-29 06:00:00,,,,,1997-06-28 00:00:00,,,1997-06-27 18:00:00,,,1997-06-27 06:00:00,,
1997-002,1997,BOB,,1997-06-28 12:00:00,24.0,86.0,,,,DD,12,1997-06-29 12:00:00,,,,,1997-06-28 06:00:00,,,1997-06-28 00:00:00,,,1997-06-27 12:00:00,,
1997-002,1997,BOB,,1997-06-28 18:00:00,24.0,86.0,,,,DD,13,1997-06-29 18:00:00,,,,,1997-06-28 12:00:00,,,1997-06-28 06:00:00,,,1997-06-27 18:00:00,,
1997-002,1997,BOB,,1997-06-29 00:00:00,24.5,85.5,,,,DD,14,1997-06-30 00:00:00,,,,,1997-06-28 18:00:00,,,1997-06-28 12:00:00,,,1997-06-28 00:00:00,,
1997-002,1997,BOB,,1997-06-29 03:00:00,24.5,85.5,,,,DD,15,1997-06-30 03:00:00,,,,,1997-06-28 21:00:00,,,1997-06-28 15:00:00,,,1997-06-28 03:00:00,,
1997-002,1997,BOB,,1997-06-29 06:00:00,25.0,85.5,,,,DD,16,1997-06-30 06:00:00,,,,,1997-06-29 00:00:00,,,1997-06-28 18:00:00,,,1997-06-28 06:00:00,,
1997-002,1997,BOB,,1997-06-29 12:00:00,25.5,85.5,,,,DD,17,1997-06-30 12:00:00,,,,,1997-06-29 06:00:00,,,1997-06-29 00:00:00,,,1997-06-28 12:00:00,,
1997-002,1997,BOB,,1997-06-29 18:00:00,26.0,85.0,,,,D,18,1997-06-30 18:00:00,,,,,1997-06-29 12:00:00,,,1997-06-29 06:00:00,,,1997-06-28 18:00:00,,
1997-003,1997,BOB,,1997-07-29 03:00:00,21.0,89.0,25.0,1006.0,4.0,D,0,1997-07-30 03:00:00,30.0,5.0,0.0,,1997-07-28 21:00:00,,,1997-07-28 15:00:00,,,1997-07-28 03:00:00,,
1997-003,1997,BOB,,1997-07-29 06:00:00,21.0,89.0,25.0,1006.0,4.0,D,1,1997-07-30 06:00:00,30.0,5.0,0.0,0.0,1997-07-29 00:00:00,,,1997-07-28 18:00:00,,,1997-07-28 06:00:00,,
1997-003,1997,BOB,,1997-07-29 12:00:00,21.0,87.5,25.0,1006.0,4.0,D,2,1997-07-30 12:00:00,,,,0.0,1997-07-29 06:00:00,25.0,0.0,1997-07-29 00:00:00,,,1997-07-28 12:00:00,,
1997-003,1997,BOB,,1997-07-29 18:00:00,21.0,87.5,25.0,1006.0,4.0,D,3,1997-07-30 18:00:00,,,,0.0,1997-07-29 12:00:00,25.0,0.0,1997-07-29 06:00:00,25.0,0.0,1997-07-28 18:00:00,,
1997-003,1997,BOB,,1997-07-30 00:00:00,21.0,87.5,25.0,1004.0,6.0,D,4,1997-07-31 00:00:00,,,,0.0,1997-07-29 18:00:00,25.0,0.0,1997-07-29 12:00:00,25.0,0.0,1997-07-29 00:00:00,,
1997-003,1997,BOB,,1997-07-30 03:00:00,21.0,87.5,30.0,1002.0,6.0,DD,5,1997-07-31 03:00:00,,,,5.0,1997-07-29 21:00:00,,,1997-07-29 15:00:00,,,1997-07-29 03:00:00,25.0,5.0
1997-003,1997,BOB,,1997-07-30 06:00:00,21.0,87.0,30.0,1002.0,6.0,DD,6,1997-07-31 06:00:00,,,,0.0,1997-07-30 00:00:00,25.0,5.0,1997-07-29 18:00:00,25.0,5.0,1997-07-29 06:00:00,25.0,5.0
1997-003,1997,BOB,,1997-07-30 12:00:00,21.5,86.5,,,,DD,7,1997-07-31 12:00:00,,,,,1997-07-30 06:00:00,30.0,,1997-07-30 00:00:00,25.0,,1997-07-29 12:00:00,25.0,
1997-003,1997,BOB,,1997-07-30 18:00:00,21.5,86.5,,,,DD,8,1997-07-31 18:00:00,,,,,1997-07-30 12:00:00,,,1997-07-30 06:00:00,30.0,,1997-07-29 18:00:00,25.0,
1997-003,1997,BOB,,1997-07-31 00:00:00,21.5,86.5,,,,DD,9,1997-08-01 00:00:00,,,,,1997-07-30 18:00:00,,,1997-07-30 12:00:00,,,1997-07-30 00:00:00,25.0,
1997-003,1997,BOB,,1997-07-31 03:00:00,22.0,86.0,,,,DD,10,1997-08-01 03:00:00,,,,,1997-07-30 21:00:00,,,1997-07-30 15:00:00,,,1997-07-30 03:00:00,30.0,
1997-003,1997,BOB,,1997-07-31 06:00:00,22.0,86.0,,,,DD,11,1997-08-01 06:00:00,,,,,1997-07-31 00:00:00,,,1997-07-30 18:00:00,,,1997-07-30 06:00:00,30.0,
1997-003,1997,BOB,,1997-07-31 12:00:00,22.5,85.0,,,,DD,12,1997-08-01 12:00:00,,,,,1997-07-31 06:00:00,,,1997-07-31 00:00:00,,,1997-07-30 12:00:00,,
1997-003,1997,BOB,,1997-07-31 18:00:00,23.0,83.0,,,,DD,13,1997-08-01 18:00:00,,,,,1997-07-31 12:00:00,,,1997-07-31 06:00:00,,,1997-07-30 18:00:00,,
1997-003,1997,BOB,,1997-08-01 00:00:00,24.0,82.0,,,,DD,14,1997-08-02 00:00:00,,,,,1997-07-31 18:00:00,,,1997-07-31 12:00:00,,,1997-07-31 00:00:00,,
1997-003,1997,BOB,,1997-08-01 03:00:00,24.5,80.5,,,,DD,15,1997-08-02 03:00:00,,,,,1997-07-31 21:00:00,,,1997-07-31 15:00:00,,,1997-07-31 03:00:00,,
1997-003,1997,BOB,,1997-08-01 06:00:00,25.0,79.0,,,,DD,16,1997-08-02 06:00:00,,,,,1997-08-01 00:00:00,,,1997-07-31 18:00:00,,,1997-07-31 06:00:00,,
1997-003,1997,BOB,,1997-08-01 12:00:00,26.0,78.5,,,,DD,17,1997-08-02 12:00:00,,,,,1997-08-01 06:00:00,,,1997-08-01 00:00:00,,,1997-07-31 12:00:00,,
1997-003,1997,BOB,,1997-08-02 00:00:00,26.5,78.0,,,,DD,18,1997-08-03 00:00:00,,,,,1997-08-01 18:00:00,,,1997-08-01 12:00:00,,,1997-08-01 00:00:00,,
1997-003,1997,BOB,,1997-08-02 03:00:00,27.5,77.5,,,,DD,19,1997-08-03 03:00:00,,,,,1997-08-01 21:00:00,,,1997-08-01 15:00:00,,,1997-08-01 03:00:00,,
1997-003,1997,BOB,,1997-08-02 06:00:00,28.0,77.0,,,,D,20,1997-08-03 06:00:00,,,,,1997-08-02 00:00:00,,,1997-08-01 18:00:00,,,1997-08-01 06:00:00,,
1997-004,1997,BOB,,1997-08-04 06:00:00,20.0,91.0,25.0,988.0,4.0,D,0,1997-08-05 06:00:00,,,,,1997-08-04 00:00:00,,,1997-08-03 18:00:00,,,1997-08-03 06:00:00,,
1997-004,1997,BOB,,1997-08-04 09:00:00,21.5,90.0,25.0,990.0,4.0,D,1,1997-08-05 09:00:00,,,,0.0,1997-08-04 03:00:00,,,1997-08-03 21:00:00,,,1997-08-03 09:00:00,,
1997-004,1997,BOB,,1997-08-04 12:00:00,21.0,89.5,25.0,990.0,4.0,D,2,1997-08-05 12:00:00,,,,0.0,1997-08-04 06:00:00,25.0,0.0,1997-08-04 00:00:00,,,1997-08-03 12:00:00,,
1997-004,1997,BOB,,1997-08-04 18:00:00,21.5,89.5,25.0,990.0,4.0,D,3,1997-08-05 18:00:00,,,,0.0,1997-08-04 12:00:00,25.0,0.0,1997-08-04 06:00:00,25.0,0.0,1997-08-03 18:00:00,,
1997-004,1997,BOB,,1997-08-05 00:00:00,24.0,81.5,,,,DD,6,1997-08-06 00:00:00,,,,,1997-08-04 18:00:00,25.0,,1997-08-04 12:00:00,25.0,,1997-08-04 00:00:00,,
1997-004,1997,BOB,,1997-08-05 03:00:00,25.5,78.5,,,,DD,9,1997-08-06 03:00:00,,,,,1997-08-04 21:00:00,,,1997-08-04 15:00:00,,,1997-08-04 03:00:00,,
1997-004,1997,BOB,,1997-08-05 06:00:00,25.0,78.5,,,,D,12,1997-08-06 06:00:00,,,,,1997-08-05 00:00:00,,,1997-08-04 18:00:00,25.0,,1997-08-04 06:00:00,25.0,
1997-004,1997,BOB,,1997-08-05 09:00:00,25.5,76.5,,,,D,15,1997-08-06 09:00:00,,,,,1997-08-05 03:00:00,,,1997-08-04 21:00:00,,,1997-08-04 09:00:00,25.0,
1997-004,1997,BOB,,1997-08-05 12:00:00,26.0,76.0,,,,D,18,1997-08-06 12:00:00,,,,,1997-08-05 06:00:00,,,1997-08-05 00:00:00,,,1997-08-04 12:00:00,25.0,
1997-004,1997,BOB,,1997-08-05 18:00:00,26.5,74.0,,,,D,21,1997-08-06 18:00:00,,,,,1997-08-05 12:00:00,,,1997-08-05 06:00:00,,,1997-08-04 18:00:00,25.0,
1997-005,1997,BOB,,1997-08-20 03:00:00,20.5,87.5,25.0,992.0,4.0,D,0,1997-08-21 03:00:00,,,,,1997-08-19 21:00:00,,,1997-08-19 15:00:00,,,1997-08-19 03:00:00,,
1997-005,1997,BOB,,1997-08-20 06:00:00,20.5,87.0,30.0,990.0,6.0,DD,1,1997-08-21 06:00:00,,,,5.0,1997-08-20 00:00:00,,,1997-08-19 18:00:00,,,1997-08-19 06:00:00,,
1997-005,1997,BOB,,1997-08-20 12:00:00,20.5,86.5,,,,DD,2,1997-08-21 12:00:00,,,,,1997-08-20 06:00:00,30.0,,1997-08-20 00:00:00,,,1997-08-19 12:00:00,,
1997-005,1997,BOB,,1997-08-20 18:00:00,21.0,85.5,,,,DD,3,1997-08-21 18:00:00,,,,,1997-08-20 12:00:00,,,1997-08-20 06:00:00,30.0,,1997-08-19 18:00:00,,
1997-005,1997,BOB,,1997-08-21 00:00:00,21.0,85.0,,,,DD,4,1997-08-22 00:00:00,,,,,1997-08-20 18:00:00,,,1997-08-20 12:00:00,,,1997-08-20 00:00:00,,
1997-005,1997,BOB,,1997-08-21 03:00:00,21.0,84.5,,,,DD,5,1997-08-22 03:00:00,,,,,1997-08-20 21:00:00,,,1997-08-20 15:00:00,,,1997-08-20 03:00:00,25.0,
1997-005,1997,BOB,,1997-08-21 06:00:00,21.0,84.0,,,,DD,6,1997-08-22 06:00:00,,,,,1997-08-21 00:00:00,,,1997-08-20 18:00:00,,,1997-08-20 06:00:00,30.0,
1997-005,1997,BOB,,1997-08-21 12:00:00,21.0,83.0,,,,DD,7,1997-08-22 12:00:00,,,,,1997-08-21 06:00:00,,,1997-08-21 00:00:00,,,1997-08-20 12:00:00,,
1997-005,1997,BOB,,1997-08-21 18:00:00,21.5,82.0,,,,DD,8,1997-08-22 18:00:00,,,,,1997-08-21 12:00:00,,,1997-08-21 06:00:00,,,1997-08-20 18:00:00,,
1997-005,1997,BOB,,1997-08-22 00:00:00,21.5,81.0,,,,DD,9,1997-08-23 00:00:00,,,,,1997-08-21 18:00:00,,,1997-08-21 12:00:00,,,1997-08-21 00:00:00,,
1997-005,1997,BOB,,1997-08-22 03:00:00,21.5,81.0,,,,DD,10,1997-08-23 03:00:00,,,,,1997-08-21 21:00:00,,,1997-08-21 15:00:00,,,1997-08-21 03:00:00,,
1997-005,1997,BOB,,1997-08-22 06:00:00,21.5,80.5,,,,DD,11,1997-08-23 06:00:00,,,,,1997-08-22 00:00:00,,,1997-08-21 18:00:00,,,1997-08-21 06:00:00,,
1997-005,1997,BOB,,1997-08-22 12:00:00,22.0,79.5,,,,DD,12,1997-08-23 12:00:00,,,,,1997-08-22 06:00:00,,,1997-08-22 00:00:00,,,1997-08-21 12:00:00,,
1997-005,1997,BOB,,1997-08-22 18:00:00,22.5,79.0,,,,DD,13,1997-08-23 18:00:00,,,,,1997-08-22 12:00:00,,,1997-08-22 06:00:00,,,1997-08-21 18:00:00,,
1997-005,1997,BOB,,1997-08-23 00:00:00,23.0,78.5,,,,DD,14,1997-08-24 00:00:00,,,,,1997-08-22 18:00:00,,,1997-08-22 12:00:00,,,1997-08-22 00:00:00,,
1997-005,1997,BOB,,1997-08-23 03:00:00,23.0,78.0,,,,DD,15,1997-08-24 03:00:00,,,,,1997-08-22 21:00:00,,,1997-08-22 15:00:00,,,1997-08-22 03:00:00,,
1997-005,1997,BOB,,1997-08-23 06:00:00,23.0,77.5,,,,DD,16,1997-08-24 06:00:00,,,,,1997-08-23 00:00:00,,,1997-08-22 18:00:00,,,1997-08-22 06:00:00,,
1997-005,1997,BOB,,1997-08-23 12:00:00,23.5,77.0,,,,DD,17,1997-08-24 12:00:00,,,,,1997-08-23 06:00:00,,,1997-08-23 00:00:00,,,1997-08-22 12:00:00,,
1997-005,1997,BOB,,1997-08-23 18:00:00,24.0,77.0,,,,DD,18,1997-08-24 18:00:00,,,,,1997-08-23 12:00:00,,,1997-08-23 06:00:00,,,1997-08-22 18:00:00,,
1997-005,1997,BOB,,1997-08-24 00:00:00,24.5,77.0,,,,DD,19,1997-08-25 00:00:00,,,,,1997-08-23 18:00:00,,,1997-08-23 12:00:00,,,1997-08-23 00:00:00,,
1997-005,1997,BOB,,1997-08-24 03:00:00,24.5,76.5,,,,DD,20,1997-08-25 03:00:00,,,,,1997-08-23 21:00:00,,,1997-08-23 15:00:00,,,1997-08-23 03:00:00,,
1997-005,1997,BOB,,1997-08-24 06:00:00,24.5,76.5,,,,DD,21,1997-08-25 06:00:00,,,,,1997-08-24 00:00:00,,,1997-08-23 18:00:00,,,1997-08-23 06:00:00,,
1997-005,1997,BOB,,1997-08-24 12:00:00,25.0,76.0,,,,DD,22,1997-08-25 12:00:00,,,,,1997-08-24 06:00:00,,,1997-08-24 00:00:00,,,1997-08-23 12:00:00,,
1997-005,1997,BOB,,1997-08-24 18:00:00,25.5,75.5,,,,DD,23,1997-08-25 18:00:00,,,,,1997-08-24 12:00:00,,,1997-08-24 06:00:00,,,1997-08-23 18:00:00,,
1997-005,1997,BOB,,1997-08-25 00:00:00,26.0,75.0,,,,DD,24,1997-08-26 00:00:00,,,,,1997-08-24 18:00:00,,,1997-08-24 12:00:00,,,1997-08-24 00:00:00,,
1997-005,1997,BOB,,1997-08-25 03:00:00,26.0,75.0,,,,DD,25,1997-08-26 03:00:00,,,,,1997-08-24 21:00:00,,,1997-08-24 15:00:00,,,1997-08-24 03:00:00,,
1997-005,1997,BOB,,1997-08-25 06:00:00,26.0,75.0,,,,DD,26,1997-08-26 06:00:00,,,,,1997-08-25 00:00:00,,,1997-08-24 18:00:00,,,1997-08-24 06:00:00,,
1997-005,1997,BOB,,1997-08-25 12:00:00,26.5,74.5,,,,DD,27,1997-08-26 12:00:00,,,,,1997-08-25 06:00:00,,,1997-08-25 00:00:00,,,1997-08-24 12:00:00,,
1997-005,1997,BOB,,1997-08-25 18:00:00,27.0,74.5,,,,DD,28,1997-08-26 18:00:00,,,,,1997-08-25 12:00:00,,,1997-08-25 06:00:00,,,1997-08-24 18:00:00,,
1997-005,1997,BOB,,1997-08-26 00:00:00,27.0,74.0,,,,DD,29,1997-08-27 00:00:00,,,,,1997-08-25 18:00:00,,,1997-08-25 12:00:00,,,1997-08-25 00:00:00,,
1997-005,1997,BOB,,1997-08-26 03:00:00,27.0,74.0,,,,DD,30,1997-08-27 03:00:00,,,,,1997-08-25 21:00:00,,,1997-08-25 15:00:00,,,1997-08-25 03:00:00,,
1997-005,1997,BOB,,1997-08-26 06:00:00,27.0,74.0,,,,DD,31,1997-08-27 06:00:00,,,,,1997-08-26 00:00:00,,,1997-08-25 18:00:00,,,1997-08-25 06:00:00,,
1997-005,1997,BOB,,1997-08-26 12:00:00,27.5,74.0,,,,DD,32,1997-08-27 12:00:00,,,,,1997-08-26 06:00:00,,,1997-08-26 00:00:00,,,1997-08-25 12:00:00,,
1997-005,1997,BOB,,1997-08-26 18:00:00,29.0,74.0,,,,D,33,1997-08-27 18:00:00,,,,,1997-08-26 12:00:00,,,1997-08-26 06:00:00,,,1997-08-25 18:00:00,,
1997-005,1997,BOB,,1997-08-27 03:00:00,31.0,74.0,,,,D,34,1997-08-28 03:00:00,,,,,1997-08-26 21:00:00,,,1997-08-26 15:00:00,,,1997-08-26 03:00:00,,
1997-005,1997,BOB,,1997-08-27 06:00:00,31.0,74.0,,,,D,35,1997-08-28 06:00:00,,,,,1997-08-27 00:00:00,,,1997-08-26 18:00:00,,,1997-08-26 06:00:00,,
1997-006,1997,BOB,,1997-08-28 03:00:00,19.5,87.0,25.0,994.0,4.0,D,0,1997-08-29 03:00:00,,,,,1997-08-27 21:00:00,,,1997-08-27 15:00:00,,,1997-08-27 03:00:00,,
1997-006,1997,BOB,,1997-08-28 06:00:00,19.5,86.0,25.0,994.0,4.0,D,1,1997-08-29 06:00:00,,,,0.0,1997-08-28 00:00:00,,,1997-08-27 18:00:00,,,1997-08-27 06:00:00,,
1997-006,1997,BOB,,1997-08-28 09:00:00,20.5,85.5,,,,D,2,1997-08-29 09:00:00,,,,,1997-08-28 03:00:00,25.0,,1997-08-27 21:00:00,,,1997-08-27 09:00:00,,
1997-006,1997,BOB,,1997-08-28 12:00:00,21.5,85.0,,,,D,3,1997-08-29 12:00:00,,,,,1997-08-28 06:00:00,25.0,,1997-08-28 00:00:00,,,1997-08-27 12:00:00,,
1997-006,1997,BOB,,1997-08-28 18:00:00,22.0,84.5,,,,D,4,1997-08-29 18:00:00,,,,,1997-08-28 12:00:00,,,1997-08-28 06:00:00,25.0,,1997-08-27 18:00:00,,
1997-006,1997,BOB,,1997-08-29 00:00:00,22.5,84.5,,,,D,5,1997-08-30 00:00:00,,,,,1997-08-28 18:00:00,,,1997-08-28 12:00:00,,,1997-08-28 00:00:00,,
1997-006,1997,BOB,,1997-08-29 03:00:00,23.0,84.0,,,,D,6,1997-08-30 03:00:00,,,,,1997-08-28 21:00:00,,,1997-08-28 15:00:00,,,1997-08-28 03:00:00,25.0,
1997-006,1997,BOB,,1997-08-29 09:00:00,23.0,84.0,,,,D,7,1997-08-30 09:00:00,,,,,1997-08-29 03:00:00,,,1997-08-28 21:00:00,,,1997-08-28 09:00:00,,
1997-006,1997,BOB,,1997-08-29 12:00:00,23.5,84.0,,,,D,8,1997-08-30 12:00:00,,,,,1997-08-29 06:00:00,,,1997-08-29 00:00:00,,,1997-08-28 12:00:00,,
1997-006,1997,BOB,,1997-08-29 18:00:00,23.5,84.0,,,,D,9,1997-08-30 18:00:00,,,,,1997-08-29 12:00:00,,,1997-08-29 06:00:00,,,1997-08-28 18:00:00,,
1997-006,1997,BOB,,1997-08-30 00:00:00,24.0,83.0,,,,D,10,1997-08-31 00:00:00,,,,,1997-08-29 18:00:00,,,1997-08-29 12:00:00,,,1997-08-29 00:00:00,,
1997-006,1997,BOB,,1997-08-30 03:00:00,24.0,83.5,,,,D,11,1997-08-31 03:00:00,,,,,1997-08-29 21:00:00,,,1997-08-29 15:00:00,,,1997-08-29 03:00:00,,
1997-006,1997,BOB,,1997-08-30 06:00:00,24.0,83.5,,,,D,12,1997-08-31 06:00:00,,,,,1997-08-30 00:00:00,,,1997-08-29 18:00:00,,,1997-08-29 06:00:00,,
1997-007,1997,BOB,,1997-09-23 03:00:00,15.5,82.5,25.0,1000.0,6.0,D,0,1997-09-24 03:00:00,30.0,5.0,0.0,,1997-09-22 21:00:00,,,1997-09-22 15:00:00,,,1997-09-22 03:00:00,,
1997-007,1997,BOB,,1997-09-23 06:00:00,16.0,82.5,25.0,1000.0,6.0,D,1,1997-09-24 06:00:00,30.0,5.0,0.0,0.0,1997-09-23 00:00:00,,,1997-09-22 18:00:00,,,1997-09-22 06:00:00,,
1997-007,1997,BOB,,1997-09-23 09:00:00,16.0,82.5,25.0,1000.0,6.0,D,2,1997-09-24 09:00:00,35.0,10.0,0.0,0.0,1997-09-23 03:00:00,25.0,0.0,1997-09-22 21:00:00,,,1997-09-22 09:00:00,,
1997-007,1997,BOB,,1997-09-23 12:00:00,16.0,82.5,30.0,998.0,6.0,DD,3,1997-09-24 12:00:00,35.0,5.0,0.0,5.0,1997-09-23 06:00:00,25.0,5.0,1997-09-23 00:00:00,,,1997-09-22 12:00:00,,
1997-007,1997,BOB,,1997-09-23 18:00:00,16.0,82.5,30.0,998.0,6.0,DD,4,1997-09-24 18:00:00,35.0,5.0,0.0,0.0,1997-09-23 12:00:00,30.0,0.0,1997-09-23 06:00:00,25.0,5.0,1997-09-22 18:00:00,,
1997-007,1997,BOB,,1997-09-24 00:00:00,16.5,82.5,30.0,998.0,6.0,DD,5,1997-09-25 00:00:00,35.0,5.0,0.0,0.0,1997-09-23 18:00:00,30.0,0.0,1997-09-23 12:00:00,30.0,0.0,1997-09-23 00:00:00,,
1997-007,1997,BOB,,1997-09-24 03:00:00,16.5,82.5,30.0,998.0,6.0,DD,6,1997-09-25 03:00:00,35.0,5.0,0.0,0.0,1997-09-23 21:00:00,,,1997-09-23 15:00:00,,,1997-09-23 03:00:00,25.0,5.0
1997-007,1997,BOB,,1997-09-24 06:00:00,16.5,82.5,30.0,998.0,6.0,DD,7,1997-09-25 06:00:00,35.0,5.0,0.0,0.0,1997-09-24 00:00:00,30.0,0.0,1997-09-23 18:00:00,30.0,0.0,1997-09-23 06:00:00,25.0,5.0
1997-007,1997,BOB,,1997-09-24 09:00:00,16.5,82.7,35.0,996.0,8.0,CS,8,1997-09-25 09:00:00,35.0,0.0,0.0,5.0,1997-09-24 03:00:00,30.0,5.0,1997-09-23 21:00:00,,,1997-09-23 09:00:00,25.0,10.0
1997-007,1997,BOB,,1997-09-24 12:00:00,16.7,82.9,35.0,996.0,8.0,CS,9,1997-09-25 12:00:00,35.0,0.0,0.0,0.0,1997-09-24 06:00:00,30.0,5.0,1997-09-24 00:00:00,30.0,5.0,1997-09-23 12:00:00,30.0,5.0
1997-007,1997,BOB,,1997-09-24 18:00:00,16.7,82.9,35.0,996.0,8.0,CS,10,1997-09-25 18:00:00,35.0,0.0,0.0,0.0,1997-09-24 12:00:00,35.0,0.0,1997-09-24 06:00:00,30.0,5.0,1997-09-23 18:00:00,30.0,5.0
1997-007,1997,BOB,,1997-09-25 00:00:00,17.3,83.6,35.0,994.0,8.0,CS,11,1997-09-26 00:00:00,35.0,0.0,0.0,0.0,1997-09-24 18:00:00,35.0,0.0,1997-09-24 12:00:00,35.0,0.0,1997-09-24 00:00:00,30.0,5.0
1997-007,1997,BOB,,1997-09-25 03:00:00,17.3,83.7,35.0,994.0,8.0,CS,12,1997-09-26 03:00:00,35.0,0.0,0.0,0.0,1997-09-24 21:00:00,,,1997-09-24 15:00:00,,,1997-09-24 03:00:00,30.0,5.0
1997-007,1997,BOB,,1997-09-25 06:00:00,17.7,84.0,35.0,994.0,8.0,CS,13,1997-09-26 06:00:00,40.0,5.0,0.0,0.0,1997-09-25 00:00:00,35.0,0.0,1997-09-24 18:00:00,35.0,0.0,1997-09-24 06:00:00,30.0,5.0
1997-007,1997,BOB,,1997-09-25 09:00:00,18.0,84.5,35.0,994.0,8.0,CS,14,1997-09-26 09:00:00,45.0,10.0,0.0,0.0,1997-09-25 03:00:00,35.0,0.0,1997-09-24 21:00:00,,,1997-09-24 09:00:00,35.0,0.0
1997-007,1997,BOB,,1997-09-25 12:00:00,18.0,85.0,35.0,994.0,8.0,CS,15,1997-09-26 12:00:00,45.0,10.0,0.0,0.0,1997-09-25 06:00:00,35.0,0.0,1997-09-25 00:00:00,35.0,0.0,1997-09-24 12:00:00,35.0,0.0
1997-007,1997,BOB,,1997-09-25 18:00:00,19.5,87.0,35.0,994.0,8.0,CS,16,1997-09-26 18:00:00,55.0,20.0,0.0,0.0,1997-09-25 12:00:00,35.0,0.0,1997-09-25 06:00:00,35.0,0.0,1997-09-24 18:00:00,35.0,0.0
1997-007,1997,BOB,,1997-09-26 00:00:00,19.5,87.5,35.0,994.0,8.0,CS,17,1997-09-27 00:00:00,,,,0.0,1997-09-25 18:00:00,35.0,0.0,1997-09-25 12:00:00,35.0,0.0,1997-09-25 00:00:00,35.0,0.0
1997-007,1997,BOB,,1997-09-26 03:00:00,20.0,87.5,35.0,994.0,8.0,CS,18,1997-09-27 03:00:00,,,,0.0,1997-09-25 21:00:00,,,1997-09-25 15:00:00,,,1997-09-25 03:00:00,35.0,0.0
1997-007,1997,BOB,,1997-09-26 06:00:00,20.5,88.5,40.0,992.0,8.0,CS,19,1997-09-27 06:00:00,,,,5.0,1997-09-26 00:00:00,35.0,5.0,1997-09-25 18:00:00,35.0,5.0,1997-09-25 06:00:00,35.0,5.0
1997-007,1997,BOB,,1997-09-26 09:00:00,21.0,88.5,45.0,990.0,10.0,CS,20,1997-09-27 09:00:00,,,,5.0,1997-09-26 03:00:00,35.0,10.0,1997-09-25 21:00:00,,,1997-09-25 09:00:00,35.0,10.0
1997-007,1997,BOB,,1997-09-26 12:00:00,21.5,89.5,45.0,988.0,12.0,CS,21,1997-09-27 12:00:00,,,,0.0,1997-09-26 06:00:00,40.0,5.0,1997-09-26 00:00:00,35.0,10.0,1997-09-25 12:00:00,35.0,10.0
1997-007,1997,BOB,,1997-09-26 18:00:00,22.0,91.0,55.0,984.0,16.0,SCS,22,1997-09-27 18:00:00,,,,10.0,1997-09-26 12:00:00,45.0,10.0,1997-09-26 06:00:00,40.0,15.0,1997-09-25 18:00:00,35.0,20.0
1997-007,1997,BOB,,1997-09-27 00:00:00,23.0,91.5,,,,CS,23,1997-09-28 00:00:00,,,,,1997-09-26 18:00:00,55.0,,1997-09-26 12:00:00,45.0,,1997-09-26 00:00:00,35.0,
1997-007,1997,BOB,,1997-09-27 03:00:00,23.5,92.5,,,,CS,24,1997-09-28 03:00:00,,,,,1997-09-26 21:00:00,,,1997-09-26 15:00:00,,,1997-09-26 03:00:00,35.0,
1997-007,1997,BOB,,1997-09-27 06:00:00,24.0,92.5,,,,DD,25,1997-09-28 06:00:00,,,,,1997-09-27 00:00:00,,,1997-09-26 18:00:00,55.0,,1997-09-26 06:00:00,40.0,
1997-007,1997,BOB,,1997-09-27 12:00:00,24.0,93.0,,,,D,26,1997-09-28 12:00:00,,,,,1997-09-27 06:00:00,,,1997-09-27 00:00:00,,,1997-09-26 12:00:00,45.0,
1997-008,1997,BOB,,1997-11-04 03:00:00,12.5,98.0,35.0,1006.0,8.0,CS,0,1997-11-05 03:00:00,35.0,0.0,0.0,,1997-11-03 21:00:00,,,1997-11-03 15:00:00,,,1997-11-03 03:00:00,,
1997-008,1997,BOB,,1997-11-04 06:00:00,13.0,97.2,35.0,1006.0,8.0,CS,1,1997-11-05 06:00:00,35.0,0.0,0.0,0.0,1997-11-04 00:00:00,,,1997-11-03 18:00:00,,,1997-11-03 06:00:00,,
1997-008,1997,BOB,,1997-11-04 09:00:00,13.0,97.0,35.0,1004.0,8.0,CS,2,1997-11-05 09:00:00,,,,0.0,1997-11-04 03:00:00,35.0,0.0,1997-11-03 21:00:00,,,1997-11-03 09:00:00,,
1997-008,1997,BOB,,1997-11-04 12:00:00,13.5,96.5,35.0,1004.0,8.0,CS,3,1997-11-05 12:00:00,35.0,0.0,0.0,0.0,1997-11-04 06:00:00,35.0,0.0,1997-11-04 00:00:00,,,1997-11-03 12:00:00,,
1997-008,1997,BOB,,1997-11-04 18:00:00,14.0,96.0,35.0,1004.0,8.0,CS,4,1997-11-05 18:00:00,35.0,0.0,0.0,0.0,1997-11-04 12:00:00,35.0,0.0,1997-11-04 06:00:00,35.0,0.0,1997-11-03 18:00:00,,
1997-008,1997,BOB,,1997-11-05 00:00:00,14.0,95.0,35.0,1004.0,8.0,CS,5,1997-11-06 00:00:00,35.0,0.0,0.0,0.0,1997-11-04 18:00:00,35.0,0.0,1997-11-04 12:00:00,35.0,0.0,1997-11-04 00:00:00,,
1997-008,1997,BOB,,1997-11-05 03:00:00,14.0,95.0,35.0,1004.0,8.0,CS,6,1997-11-06 03:00:00,35.0,0.0,0.0,0.0,1997-11-04 21:00:00,,,1997-11-04 15:00:00,,,1997-11-04 03:00:00,35.0,0.0
1997-008,1997,BOB,,1997-11-05 06:00:00,14.0,95.0,35.0,1004.0,8.0,CS,7,1997-11-06 06:00:00,35.0,0.0,0.0,0.0,1997-11-05 00:00:00,35.0,0.0,1997-11-04 18:00:00,35.0,0.0,1997-11-04 06:00:00,35.0,0.0
1997-008,1997,BOB,,1997-11-05 12:00:00,14.5,94.0,35.0,1004.0,8.0,CS,8,1997-11-06 12:00:00,35.0,0.0,0.0,0.0,1997-11-05 06:00:00,35.0,0.0,1997-11-05 00:00:00,35.0,0.0,1997-11-04 12:00:00,35.0,0.0
1997-008,1997,BOB,,1997-11-05 18:00:00,14.5,94.0,35.0,1004.0,8.0,CS,9,1997-11-06 18:00:00,35.0,0.0,0.0,0.0,1997-11-05 12:00:00,35.0,0.0,1997-11-05 06:00:00,35.0,0.0,1997-11-04 18:00:00,35.0,0.0
1997-008,1997,BOB,,1997-11-06 00:00:00,14.5,93.5,35.0,1004.0,8.0,CS,10,1997-11-07 00:00:00,35.0,0.0,0.0,0.0,1997-11-05 18:00:00,35.0,0.0,1997-11-05 12:00:00,35.0,0.0,1997-11-05 00:00:00,35.0,0.0
1997-008,1997,BOB,,1997-11-06 03:00:00,15.0,93.5,35.0,1004.0,8.0,CS,11,1997-11-07 03:00:00,35.0,0.0,0.0,0.0,1997-11-05 21:00:00,,,1997-11-05 15:00:00,,,1997-11-05 03:00:00,35.0,0.0
1997-008,1997,BOB,,1997-11-06 06:00:00,15.0,93.0,35.0,1004.0,8.0,CS,12,1997-11-07 06:00:00,35.0,0.0,0.0,0.0,1997-11-06 00:00:00,35.0,0.0,1997-11-05 18:00:00,35.0,0.0,1997-11-05 06:00:00,35.0,0.0
1997-008,1997,BOB,,1997-11-06 09:00:00,15.0,92.0,35.0,1004.0,8.0,CS,13,1997-11-07 09:00:00,35.0,0.0,0.0,0.0,1997-11-06 03:00:00,35.0,0.0,1997-11-05 21:00:00,,,1997-11-05 09:00:00,,
1997-008,1997,BOB,,1997-11-06 12:00:00,15.0,92.0,35.0,1004.0,8.0,CS,14,1997-11-07 12:00:00,35.0,0.0,0.0,0.0,1997-11-06 06:00:00,35.0,0.0,1997-11-06 00:00:00,35.0,0.0,1997-11-05 12:00:00,35.0,0.0
1997-008,1997,BOB,,1997-11-06 18:00:00,15.2,92.2,35.0,1004.0,8.0,CS,15,1997-11-07 18:00:00,35.0,0.0,0.0,0.0,1997-11-06 12:00:00,35.0,0.0,1997-11-06 06:00:00,35.0,0.0,1997-11-05 18:00:00,35.0,0.0
1997-008,1997,BOB,,1997-11-07 00:00:00,15.5,92.2,35.0,1004.0,8.0,CS,16,1997-11-08 00:00:00,35.0,0.0,0.0,0.0,1997-11-06 18:00:00,35.0,0.0,1997-11-06 12:00:00,35.0,0.0,1997-11-06 00:00:00,35.0,0.0
1997-008,1997,BOB,,1997-11-07 03:00:00,15.5,91.5,35.0,1004.0,8.0,CS,17,1997-11-08 03:00:00,35.0,0.0,0.0,0.0,1997-11-06 21:00:00,,,1997-11-06 15:00:00,,,1997-11-06 03:00:00,35.0,0.0
1997-008,1997,BOB,,1997-11-07 06:00:00,15.5,91.5,35.0,1004.0,8.0,CS,18,1997-11-08 06:00:00,35.0,0.0,0.0,0.0,1997-11-07 00:00:00,35.0,0.0,1997-11-06 18:00:00,35.0,0.0,1997-11-06 06:00:00,35.0,0.0
1997-008,1997,BOB,,1997-11-07 09:00:00,15.5,91.5,35.0,1004.0,8.0,CS,19,1997-11-08 09:00:00,35.0,0.0,0.0,0.0,1997-11-07 03:00:00,35.0,0.0,1997-11-06 21:00:00,,,1997-11-06 09:00:00,35.0,0.0
1997-008,1997,BOB,,1997-11-07 12:00:00,15.5,91.5,35.0,1004.0,8.0,CS,20,1997-11-08 12:00:00,35.0,0.0,0.0,0.0,1997-11-07 06:00:00,35.0,0.0,1997-11-07 00:00:00,35.0,0.0,1997-11-06 12:00:00,35.0,0.0
1997-008,1997,BOB,,1997-11-07 18:00:00,15.5,91.5,35.0,1004.0,8.0,CS,21,1997-11-08 18:00:00,35.0,0.0,0.0,0.0,1997-11-07 12:00:00,35.0,0.0,1997-11-07 06:00:00,35.0,0.0,1997-11-06 18:00:00,35.0,0.0
1997-008,1997,BOB,,1997-11-08 00:00:00,15.5,91.5,35.0,1004.0,8.0,CS,22,1997-11-09 00:00:00,35.0,0.0,0.0,0.0,1997-11-07 18:00:00,35.0,0.0,1997-11-07 12:00:00,35.0,0.0,1997-11-07 00:00:00,35.0,0.0
1997-008,1997,BOB,,1997-11-08 03:00:00,15.5,91.0,35.0,1006.0,8.0,CS,23,1997-11-09 03:00:00,30.0,-5.0,0.0,0.0,1997-11-07 21:00:00,,,1997-11-07 15:00:00,,,1997-11-07 03:00:00,35.0,0.0
1997-008,1997,BOB,,1997-11-08 06:00:00,15.5,90.5,35.0,1006.0,8.0,CS,24,1997-11-09 06:00:00,30.0,-5.0,0.0,0.0,1997-11-08 00:00:00,35.0,0.0,1997-11-07 18:00:00,35.0,0.0,1997-11-07 06:00:00,35.0,0.0
1997-008,1997,BOB,,1997-11-08 09:00:00,15.5,90.5,35.0,1006.0,7.0,CS,25,1997-11-09 09:00:00,30.0,-5.0,0.0,0.0,1997-11-08 03:00:00,35.0,0.0,1997-11-07 21:00:00,,,1997-11-07 09:00:00,35.0,0.0
1997-008,1997,BOB,,1997-11-08 12:00:00,15.5,90.5,35.0,1005.0,7.0,CS,26,1997-11-09 12:00:00,,,,0.0,1997-11-08 06:00:00,35.0,0.0,1997-11-08 00:00:00,35.0,0.0,1997-11-07 12:00:00,35.0,0.0
1997-008,1997,BOB,,1997-11-08 18:00:00,15.5,90.5,35.0,1005.0,7.0,CS,27,1997-11-09 18:00:00,,,,0.0,1997-11-08 12:00:00,35.0,0.0,1997-11-08 06:00:00,35.0,0.0,1997-11-07 18:00:00,35.0,0.0
1997-008,1997,BOB,,1997-11-09 00:00:00,15.5,90.5,35.0,1005.0,5.0,CS,28,1997-11-10 00:00:00,,,,0.0,1997-11-08 18:00:00,35.0,0.0,1997-11-08 12:00:00,35.0,0.0,1997-11-08 00:00:00,35.0,0.0
1997-008,1997,BOB,,1997-11-09 03:00:00,15.5,90.0,30.0,1007.0,5.0,DD,29,1997-11-10 03:00:00,,,,-5.0,1997-11-08 21:00:00,,,1997-11-08 15:00:00,,,1997-11-08 03:00:00,35.0,-5.0
1997-008,1997,BOB,,1997-11-09 06:00:00,15.5,90.0,30.0,1007.0,5.0,DD,30,1997-11-10 06:00:00,,,,0.0,1997-11-09 00:00:00,35.0,-5.0,1997-11-08 18:00:00,35.0,-5.0,1997-11-08 06:00:00,35.0,-5.0
1997-008,1997,BOB,,1997-11-09 09:00:00,15.5,90.0,30.0,1007.0,5.0,D,31,1997-11-10 09:00:00,,,,0.0,1997-11-09 03:00:00,30.0,0.0,1997-11-08 21:00:00,,,1997-11-08 09:00:00,35.0,-5.0
1998-001,1998,BOB,,1998-05-17 12:00:00,14.5,88.0,25.0,998.0,4.0,D,0,1998-05-18 12:00:00,35.0,10.0,0.0,,1998-05-17 06:00:00,,,1998-05-17 00:00:00,,,1998-05-16 12:00:00,,
1998-001,1998,BOB,,1998-05-17 18:00:00,15.0,88.5,25.0,998.0,4.0,D,1,1998-05-18 18:00:00,35.0,10.0,0.0,0.0,1998-05-17 12:00:00,25.0,0.0,1998-05-17 06:00:00,,,1998-05-16 18:00:00,,
1998-001,1998,BOB,,1998-05-18 00:00:00,15.0,88.5,25.0,998.0,4.0,D,2,1998-05-19 00:00:00,35.0,10.0,0.0,0.0,1998-05-17 18:00:00,25.0,0.0,1998-05-17 12:00:00,25.0,0.0,1998-05-17 00:00:00,,
1998-001,1998,BOB,,1998-05-18 03:00:00,15.5,88.5,25.0,998.0,4.0,D,3,1998-05-19 03:00:00,35.0,10.0,0.0,0.0,1998-05-17 21:00:00,,,1998-05-17 15:00:00,,,1998-05-17 03:00:00,,
1998-001,1998,BOB,,1998-05-18 06:00:00,16.0,88.5,30.0,996.0,6.0,DD,4,1998-05-19 06:00:00,55.0,25.0,0.0,5.0,1998-05-18 00:00:00,25.0,5.0,1998-05-17 18:00:00,25.0,5.0,1998-05-17 06:00:00,,
1998-001,1998,BOB,,1998-05-18 09:00:00,16.5,89.0,35.0,992.0,8.0,CS,5,1998-05-19 09:00:00,,,,5.0,1998-05-18 03:00:00,25.0,10.0,1998-05-17 21:00:00,,,1998-05-17 09:00:00,,
1998-001,1998,BOB,,1998-05-18 12:00:00,17.0,89.5,35.0,994.0,8.0,CS,6,1998-05-19 12:00:00,55.0,20.0,0.0,0.0,1998-05-18 06:00:00,30.0,5.0,1998-05-18 00:00:00,25.0,10.0,1998-05-17 12:00:00,25.0,10.0
1998-001,1998,BOB,,1998-05-18 18:00:00,18.0,89.5,35.0,994.0,8.0,CS,7,1998-05-19 18:00:00,60.0,25.0,0.0,0.0,1998-05-18 12:00:00,35.0,0.0,1998-05-18 06:00:00,30.0,5.0,1998-05-17 18:00:00,25.0,10.0
1998-001,1998,BOB,,1998-05-19 00:00:00,19.0,90.0,35.0,990.0,10.0,CS,8,1998-05-20 00:00:00,60.0,25.0,0.0,0.0,1998-05-18 18:00:00,35.0,0.0,1998-05-18 12:00:00,35.0,0.0,1998-05-18 00:00:00,25.0,10.0
1998-001,1998,BOB,,1998-05-19 03:00:00,19.5,90.5,35.0,990.0,10.0,CS,9,1998-05-20 03:00:00,,,,0.0,1998-05-18 21:00:00,,,1998-05-18 15:00:00,,,1998-05-18 03:00:00,25.0,10.0
1998-001,1998,BOB,,1998-05-19 06:00:00,20.0,90.5,55.0,986.0,14.0,SCS,10,1998-05-20 06:00:00,,,,20.0,1998-05-19 00:00:00,35.0,20.0,1998-05-18 18:00:00,35.0,20.0,1998-05-18 06:00:00,30.0,25.0
1998-001,1998,BOB,,1998-05-19 12:00:00,20.5,90.5,55.0,976.0,14.0,SCS,11,1998-05-20 12:00:00,,,,0.0,1998-05-19 06:00:00,55.0,0.0,1998-05-19 00:00:00,35.0,20.0,1998-05-18 12:00:00,35.0,20.0
1998-001,1998,BOB,,1998-05-19 18:00:00,21.0,91.0,60.0,974.0,18.0,SCS,12,1998-05-20 18:00:00,,,,5.0,1998-05-19 12:00:00,55.0,5.0,1998-05-19 06:00:00,55.0,5.0,1998-05-18 18:00:00,35.0,25.0
1998-001,1998,BOB,,1998-05-20 00:00:00,21.5,91.5,60.0,972.0,18.0,SCS,13,1998-05-21 00:00:00,,,,0.0,1998-05-19 18:00:00,60.0,0.0,1998-05-19 12:00:00,55.0,5.0,1998-05-19 00:00:00,35.0,25.0
1998-001,1998,BOB,,1998-05-20 03:00:00,22.0,92.5,,,,DD,14,1998-05-21 03:00:00,,,,,1998-05-19 21:00:00,,,1998-05-19 15:00:00,,,1998-05-19 03:00:00,35.0,
1998-001,1998,BOB,,1998-05-20 12:00:00,23.5,92.5,,,,D,15,1998-05-21 12:00:00,,,,,1998-05-20 06:00:00,,,1998-05-20 00:00:00,60.0,,1998-05-19 12:00:00,55.0,
1998-003,1998,BOB,,1998-06-13 15:00:00,17.5,87.5,25.0,994.0,4.0,D,0,1998-06-14 15:00:00,,,,,1998-06-13 09:00:00,,,1998-06-13 03:00:00,,,1998-06-12 15:00:00,,
1998-003,1998,BOB,,1998-06-13 18:00:00,17.5,86.0,30.0,995.0,5.0,DD,1,1998-06-14 18:00:00,,,,5.0,1998-06-13 12:00:00,,,1998-06-13 06:00:00,,,1998-06-12 18:00:00,,
1998-003,1998,BOB,,1998-06-14 00:00:00,17.5,85.0,30.0,995.0,5.0,DD,2,1998-06-15 00:00:00,,,,0.0,1998-06-13 18:00:00,30.0,0.0,1998-06-13 12:00:00,,,1998-06-13 00:00:00,,
1998-003,1998,BOB,,1998-06-14 03:00:00,17.5,84.5,30.0,995.0,5.0,DD,3,1998-06-15 03:00:00,,,,0.0,1998-06-13 21:00:00,,,1998-06-13 15:00:00,25.0,5.0,1998-06-13 03:00:00,,
1998-003,1998,BOB,,1998-06-14 06:00:00,17.5,83.5,30.0,995.0,5.0,DD,4,1998-06-15 06:00:00,,,,0.0,1998-06-14 00:00:00,30.0,0.0,1998-06-13 18:00:00,30.0,0.0,1998-06-13 06:00:00,,
1998-003,1998,BOB,,1998-06-14 12:00:00,17.5,83.0,30.0,992.0,6.0,DD,5,1998-06-15 12:00:00,,,,0.0,1998-06-14 06:00:00,30.0,0.0,1998-06-14 00:00:00,30.0,0.0,1998-06-13 12:00:00,,
1998-003,1998,BOB,,1998-06-14 18:00:00,18.5,81.5,,,,D,6,1998-06-15 18:00:00,,,,,1998-06-14 12:00:00,30.0,,1998-06-14 06:00:00,30.0,,1998-06-13 18:00:00,30.0,
1998-003,1998,BOB,,1998-06-15 00:00:00,19.5,80.5,,,,D,7,1998-06-16 00:00:00,,,,,1998-06-14 18:00:00,,,1998-06-14 12:00:00,30.0,,1998-06-14 00:00:00,30.0,
1998-003,1998,BOB,,1998-06-15 03:00:00,20.0,80.0,,,,,8,1998-06-16 03:00:00,,,,,1998-06-14 21:00:00,,,1998-06-14 15:00:00,,,1998-06-14 03:00:00,30.0,
1998-006,1998,BOB,,1998-10-13 12:00:00,15.5,82.5,25.0,1000.0,4.0,D,0,1998-10-14 12:00:00,30.0,5.0,0.0,,1998-10-13 06:00:00,,,1998-10-13 00:00:00,,,1998-10-12 12:00:00,,
1998-006,1998,BOB,,1998-10-13 18:00:00,15.5,82.0,30.0,1000.0,6.0,DD,1,1998-10-14 18:00:00,,,,5.0,1998-10-13 12:00:00,25.0,5.0,1998-10-13 06:00:00,,,1998-10-12 18:00:00,,
1998-006,1998,BOB,,1998-10-14 00:00:00,15.5,82.0,30.0,1000.0,6.0,DD,2,1998-10-15 00:00:00,,,,0.0,1998-10-13 18:00:00,30.0,0.0,1998-10-13 12:00:00,25.0,5.0,1998-10-13 00:00:00,,
1998-006,1998,BOB,,1998-10-14 03:00:00,15.5,82.0,30.0,1000.0,6.0,DD,3,1998-10-15 03:00:00,,,,0.0,1998-10-13 21:00:00,,,1998-10-13 15:00:00,,,1998-10-13 03:00:00,,
1998-006,1998,BOB,,1998-10-14 06:00:00,15.5,82.0,30.0,1000.0,6.0,DD,4,1998-10-15 06:00:00,,,,0.0,1998-10-14 00:00:00,30.0,0.0,1998-10-13 18:00:00,30.0,0.0,1998-10-13 06:00:00,,
1998-006,1998,BOB,,1998-10-14 12:00:00,16.0,81.5,30.0,998.0,6.0,DD,5,1998-10-15 12:00:00,,,,0.0,1998-10-14 06:00:00,30.0,0.0,1998-10-14 00:00:00,30.0,0.0,1998-10-13 12:00:00,25.0,5.0
1998-006,1998,BOB,,1998-10-14 18:00:00,17.0,81.5,,,4.0,D,6,1998-10-15 18:00:00,,,,,1998-10-14 12:00:00,30.0,,1998-10-14 06:00:00,30.0,,1998-10-13 18:00:00,30.0,
1998-006,1998,BOB,,1998-10-15 00:00:00,18.0,81.0,,,4.0,D,7,1998-10-16 00:00:00,,,,,1998-10-14 18:00:00,,,1998-10-14 12:00:00,30.0,,1998-10-14 00:00:00,30.0,
1998-007,1998,BOB,,1998-10-26 09:00:00,11.0,90.0,25.0,1002.0,4.0,D,0,1998-10-27 09:00:00,,,,,1998-10-26 03:00:00,,,1998-10-25 21:00:00,,,1998-10-25 09:00:00,,
1998-007,1998,BOB,,1998-10-26 12:00:00,11.5,88.5,25.0,1002.0,4.0,D,1,1998-10-27 12:00:00,30.0,5.0,0.0,0.0,1998-10-26 06:00:00,,,1998-10-26 00:00:00,,,1998-10-25 12:00:00,,
1998-007,1998,BOB,,1998-10-26 18:00:00,12.0,88.0,25.0,1004.0,4.0,D,2,1998-10-27 18:00:00,30.0,5.0,0.0,0.0,1998-10-26 12:00:00,25.0,0.0,1998-10-26 06:00:00,,,1998-10-25 18:00:00,,
1998-007,1998,BOB,,1998-10-27 00:00:00,12.0,88.0,25.0,1004.0,4.0,D,3,1998-10-28 00:00:00,30.0,5.0,0.0,0.0,1998-10-26 18:00:00,25.0,0.0,1998-10-26 12:00:00,25.0,0.0,1998-10-26 00:00:00,,
1998-007,1998,BOB,,1998-10-27 03:00:00,12.0,88.0,25.0,1004.0,4.0,D,4,1998-10-28 03:00:00,30.0,5.0,0.0,0.0,1998-10-26 21:00:00,,,1998-10-26 15:00:00,,,1998-10-26 03:00:00,,
1998-007,1998,BOB,,1998-10-27 06:00:00,12.5,87.0,25.0,1004.0,4.0,D,5,1998-10-28 06:00:00,30.0,5.0,0.0,0.0,1998-10-27 00:00:00,25.0,0.0,1998-10-26 18:00:00,25.0,0.0,1998-10-26 06:00:00,,
1998-007,1998,BOB,,1998-10-27 12:00:00,13.0,87.0,30.0,1002.0,6.0,DD,6,1998-10-28 12:00:00,30.0,0.0,0.0,5.0,1998-10-27 06:00:00,25.0,5.0,1998-10-27 00:00:00,25.0,5.0,1998-10-26 12:00:00,25.0,5.0
1998-007,1998,BOB,,1998-10-27 18:00:00,13.0,86.0,30.0,1002.0,6.0,DD,7,1998-10-28 18:00:00,30.0,0.0,0.0,0.0,1998-10-27 12:00:00,30.0,0.0,1998-10-27 06:00:00,25.0,5.0,1998-10-26 18:00:00,25.0,5.0
1998-007,1998,BOB,,1998-10-28 00:00:00,13.0,85.5,30.0,1002.0,6.0,DD,8,1998-10-29 00:00:00,30.0,0.0,0.0,0.0,1998-10-27 18:00:00,30.0,0.0,1998-10-27 12:00:00,30.0,0.0,1998-10-27 00:00:00,25.0,5.0
1998-007,1998,BOB,,1998-10-28 03:00:00,13.0,85.0,30.0,1004.0,6.0,DD,9,1998-10-29 03:00:00,30.0,0.0,0.0,0.0,1998-10-27 21:00:00,,,1998-10-27 15:00:00,,,1998-10-27 03:00:00,25.0,5.0
1998-007,1998,BOB,,1998-10-28 06:00:00,13.0,84.5,30.0,1004.0,6.0,DD,10,1998-10-29 06:00:00,30.0,0.0,0.0,0.0,1998-10-28 00:00:00,30.0,0.0,1998-10-27 18:00:00,30.0,0.0,1998-10-27 06:00:00,25.0,5.0
1998-007,1998,BOB,,1998-10-28 12:00:00,13.0,84.0,30.0,1004.0,6.0,DD,11,1998-10-29 12:00:00,,,,0.0,1998-10-28 06:00:00,30.0,0.0,1998-10-28 00:00:00,30.0,0.0,1998-10-27 12:00:00,30.0,0.0
1998-007,1998,BOB,,1998-10-28 18:00:00,13.0,83.5,30.0,1004.0,6.0,DD,12,1998-10-29 18:00:00,,,,0.0,1998-10-28 12:00:00,30.0,0.0,1998-10-28 06:00:00,30.0,0.0,1998-10-27 18:00:00,30.0,0.0
1998-007,1998,BOB,,1998-10-29 00:00:00,13.0,83.0,30.0,1004.0,6.0,DD,13,1998-10-30 00:00:00,,,,0.0,1998-10-28 18:00:00,30.0,0.0,1998-10-28 12:00:00,30.0,0.0,1998-10-28 00:00:00,30.0,0.0
1998-007,1998,BOB,,1998-10-29 03:00:00,13.5,83.0,30.0,1004.0,6.0,DD,14,1998-10-30 03:00:00,,,,0.0,1998-10-28 21:00:00,,,1998-10-28 15:00:00,,,1998-10-28 03:00:00,30.0,0.0
1998-007,1998,BOB,,1998-10-29 06:00:00,13.8,83.0,30.0,1004.0,6.0,DD,15,1998-10-30 06:00:00,,,,0.0,1998-10-29 00:00:00,30.0,0.0,1998-10-28 18:00:00,30.0,0.0,1998-10-28 06:00:00,30.0,0.0
1998-007,1998,BOB,,1998-10-29 09:00:00,14.0,82.5,25.0,1004.0,4.0,D,16,1998-10-30 09:00:00,,,,-5.0,1998-10-29 03:00:00,30.0,-5.0,1998-10-28 21:00:00,,,1998-10-28 09:00:00,,
1998-008,1998,BOB,,1998-11-13 12:00:00,13.0,87.5,25.0,1004.0,4.0,D,0,1998-11-14 12:00:00,45.0,20.0,0.0,,1998-11-13 06:00:00,,,1998-11-13 00:00:00,,,1998-11-12 12:00:00,,
1998-008,1998,BOB,,1998-11-14 03:00:00,13.5,86.5,30.0,1002.0,6.0,DD,1,1998-11-15 03:00:00,65.0,35.0,1.0,5.0,1998-11-13 21:00:00,,,1998-11-13 15:00:00,,,1998-11-13 03:00:00,,
1998-008,1998,BOB,,1998-11-14 06:00:00,14.0,86.0,30.0,1002.0,6.0,DD,2,1998-11-15 06:00:00,77.0,47.0,1.0,0.0,1998-11-14 00:00:00,,,1998-11-13 18:00:00,,,1998-11-13 06:00:00,,
1998-008,1998,BOB,,1998-11-14 09:00:00,14.0,86.0,35.0,998.0,8.0,CS,3,1998-11-15 09:00:00,65.0,30.0,1.0,5.0,1998-11-14 03:00:00,30.0,5.0,1998-11-13 21:00:00,,,1998-11-13 09:00:00,,
1998-008,1998,BOB,,1998-11-14 12:00:00,14.5,85.5,45.0,996.0,10.0,CS,4,1998-11-15 12:00:00,,,,10.0,1998-11-14 06:00:00,30.0,15.0,1998-11-14 00:00:00,,,1998-11-13 12:00:00,25.0,20.0
1998-008,1998,BOB,,1998-11-14 18:00:00,15.0,85.0,55.0,992.0,15.0,SCS,5,1998-11-15 18:00:00,,,,10.0,1998-11-14 12:00:00,45.0,10.0,1998-11-14 06:00:00,30.0,25.0,1998-11-13 18:00:00,,
1998-008,1998,BOB,,1998-11-15 00:00:00,15.5,84.5,55.0,992.0,15.0,SCS,6,1998-11-16 00:00:00,,,,0.0,1998-11-14 18:00:00,55.0,0.0,1998-11-14 12:00:00,45.0,10.0,1998-11-14 00:00:00,,
1998-008,1998,BOB,,1998-11-15 03:00:00,16.0,84.0,65.0,988.0,21.0,VSCS,7,1998-11-16 03:00:00,,,,10.0,1998-11-14 21:00:00,,,1998-11-14 15:00:00,,,1998-11-14 03:00:00,30.0,35.0
1998-008,1998,BOB,,1998-11-15 06:00:00,16.5,83.5,77.0,982.0,29.0,VSCS,8,1998-11-16 06:00:00,,,,12.0,1998-11-15 00:00:00,55.0,22.0,1998-11-14 18:00:00,55.0,22.0,1998-11-14 06:00:00,30.0,47.0
1998-008,1998,BOB,,1998-11-15 09:00:00,17.0,83.5,65.0,982.0,21.0,VSCS,9,1998-11-16 09:00:00,,,,-12.0,1998-11-15 03:00:00,65.0,0.0,1998-11-14 21:00:00,,,1998-11-14 09:00:00,35.0,30.0
1998-008,1998,BOB,,1998-11-15 12:00:00,17.5,83.0,,,,SCS,10,1998-11-16 12:00:00,,,,,1998-11-15 06:00:00,77.0,,1998-11-15 00:00:00,55.0,,1998-11-14 12:00:00,45.0,
1998-008,1998,BOB,,1998-11-15 18:00:00,19.5,82.0,,,,CS,11,1998-11-16 18:00:00,,,,,1998-11-15 12:00:00,,,1998-11-15 06:00:00,77.0,,1998-11-14 18:00:00,55.0,
1998-008,1998,BOB,,1998-11-16 00:00:00,20.0,82.0,,,,CS,12,1998-11-17 00:00:00,,,,,1998-11-15 18:00:00,,,1998-11-15 12:00:00,,,1998-11-15 00:00:00,55.0,
1998-008,1998,BOB,,1998-11-16 03:00:00,20.5,82.0,,,,DD,13,1998-11-17 03:00:00,,,,,1998-11-15 21:00:00,,,1998-11-15 15:00:00,,,1998-11-15 03:00:00,65.0,
1998-008,1998,BOB,,1998-11-16 06:00:00,21.0,83.0,,,,D,14,1998-11-17 06:00:00,,,,,1998-11-16 00:00:00,,,1998-11-15 18:00:00,,,1998-11-15 06:00:00,77.0,
1998-009,1998,BOB,,1998-11-19 03:00:00,12.0,92.5,25.0,1002.0,4.0,D,0,1998-11-20 03:00:00,35.0,10.0,0.0,,1998-11-18 21:00:00,,,1998-11-18 15:00:00,,,1998-11-18 03:00:00,,
1998-009,1998,BOB,,1998-11-19 06:00:00,12.0,92.5,25.0,1002.0,4.0,D,1,1998-11-20 06:00:00,35.0,10.0,0.0,0.0,1998-11-19 00:00:00,,,1998-11-18 18:00:00,,,1998-11-18 06:00:00,,
1998-009,1998,BOB,,1998-11-19 12:00:00,12.5,91.5,30.0,1000.0,6.0,DD,2,1998-11-20 12:00:00,45.0,15.0,0.0,5.0,1998-11-19 06:00:00,25.0,5.0,1998-11-19 00:00:00,,,1998-11-18 12:00:00,,
1998-009,1998,BOB,,1998-11-19 15:00:00,12.5,91.5,30.0,1000.0,6.0,DD,3,1998-11-20 15:00:00,,,,0.0,1998-11-19 09:00:00,,,1998-11-19 03:00:00,25.0,5.0,1998-11-18 15:00:00,,
1998-009,1998,BOB,,1998-11-19 18:00:00,12.5,91.0,30.0,1002.0,6.0,DD,4,1998-11-20 18:00:00,45.0,15.0,0.0,0.0,1998-11-19 12:00:00,30.0,0.0,1998-11-19 06:00:00,25.0,5.0,1998-11-18 18:00:00,,
1998-009,1998,BOB,,1998-11-20 00:00:00,14.0,89.0,30.0,1002.0,6.0,DD,5,1998-11-21 00:00:00,45.0,15.0,0.0,0.0,1998-11-19 18:00:00,30.0,0.0,1998-11-19 12:00:00,30.0,0.0,1998-11-19 00:00:00,,
1998-009,1998,BOB,,1998-11-20 03:00:00,14.5,88.5,35.0,1000.0,8.0,CS,6,1998-11-21 03:00:00,45.0,10.0,0.0,5.0,1998-11-19 21:00:00,,,1998-11-19 15:00:00,30.0,5.0,1998-11-19 03:00:00,25.0,10.0
1998-009,1998,BOB,,1998-11-20 06:00:00,15.0,88.0,35.0,998.0,10.0,CS,7,1998-11-21 06:00:00,55.0,20.0,0.0,0.0,1998-11-20 00:00:00,30.0,5.0,1998-11-19 18:00:00,30.0,5.0,1998-11-19 06:00:00,25.0,10.0
1998-009,1998,BOB,,1998-11-20 09:00:00,15.5,88.0,35.0,996.0,10.0,CS,8,1998-11-21 09:00:00,55.0,20.0,0.0,0.0,1998-11-20 03:00:00,35.0,0.0,1998-11-19 21:00:00,,,1998-11-19 09:00:00,,
1998-009,1998,BOB,,1998-11-20 12:00:00,15.5,88.0,45.0,996.0,10.0,CS,9,1998-11-21 12:00:00,65.0,20.0,0.0,10.0,1998-11-20 06:00:00,35.0,10.0,1998-11-20 00:00:00,30.0,15.0,1998-11-19 12:00:00,30.0,15.0
1998-009,1998,BOB,,1998-11-20 18:00:00,16.0,88.0,45.0,996.0,10.0,CS,10,1998-11-21 18:00:00,65.0,20.0,0.0,0.0,1998-11-20 12:00:00,45.0,0.0,1998-11-20 06:00:00,35.0,10.0,1998-11-19 18:00:00,30.0,15.0
1998-009,1998,BOB,,1998-11-21 00:00:00,16.5,87.5,45.0,996.0,10.0,CS,11,1998-11-22 00:00:00,65.0,20.0,0.0,0.0,1998-11-20 18:00:00,45.0,0.0,1998-11-20 12:00:00,45.0,0.0,1998-11-20 00:00:00,30.0,15.0
1998-009,1998,BOB,,1998-11-21 03:00:00,17.0,87.5,45.0,992.0,16.0,CS,12,1998-11-22 03:00:00,60.0,15.0,0.0,0.0,1998-11-20 21:00:00,,,1998-11-20 15:00:00,,,1998-11-20 03:00:00,35.0,10.0
1998-009,1998,BOB,,1998-11-21 06:00:00,17.5,87.5,55.0,992.0,16.0,SCS,13,1998-11-22 06:00:00,55.0,0.0,0.0,10.0,1998-11-21 00:00:00,45.0,10.0,1998-11-20 18:00:00,45.0,10.0,1998-11-20 06:00:00,35.0,20.0
1998-009,1998,BOB,,1998-11-21 09:00:00,18.0,87.5,55.0,992.0,16.0,SCS,14,1998-11-22 09:00:00,,,,0.0,1998-11-21 03:00:00,45.0,10.0,1998-11-20 21:00:00,,,1998-11-20 09:00:00,35.0,20.0
1998-009,1998,BOB,,1998-11-21 12:00:00,19.0,87.5,65.0,984.0,24.0,VSCS,15,1998-11-22 12:00:00,,,,10.0,1998-11-21 06:00:00,55.0,10.0,1998-11-21 00:00:00,45.0,20.0,1998-11-20 12:00:00,45.0,20.0
1998-009,1998,BOB,,1998-11-21 18:00:00,19.5,87.5,65.0,984.0,24.0,VSCS,16,1998-11-22 18:00:00,,,,0.0,1998-11-21 12:00:00,65.0,0.0,1998-11-21 06:00:00,55.0,10.0,1998-11-20 18:00:00,45.0,20.0
1998-009,1998,BOB,,1998-11-22 00:00:00,20.5,88.0,65.0,984.0,24.0,VSCS,17,1998-11-23 00:00:00,,,,0.0,1998-11-21 18:00:00,65.0,0.0,1998-11-21 12:00:00,65.0,0.0,1998-11-21 00:00:00,45.0,20.0
1998-009,1998,BOB,,1998-11-22 03:00:00,21.5,88.5,60.0,990.0,18.0,SCS,18,1998-11-23 03:00:00,,,,-5.0,1998-11-21 21:00:00,,,1998-11-21 15:00:00,,,1998-11-21 03:00:00,45.0,15.0
1998-009,1998,BOB,,1998-11-22 06:00:00,22.0,89.0,55.0,998.0,10.0,SCS,19,1998-11-23 06:00:00,,,,-5.0,1998-11-22 00:00:00,65.0,-10.0,1998-11-21 18:00:00,65.0,-10.0,1998-11-21 06:00:00,55.0,0.0
1998-009,1998,BOB,,1998-11-22 12:00:00,22.5,90.0,,,,DD,20,1998-11-23 12:00:00,,,,,1998-11-22 06:00:00,55.0,,1998-11-22 00:00:00,65.0,,1998-11-21 12:00:00,65.0,
1998-009,1998,BOB,,1998-11-23 03:00:00,23.0,90.5,,,,D,21,1998-11-24 03:00:00,,,,,1998-11-22 21:00:00,,,1998-11-22 15:00:00,,,1998-11-22 03:00:00,60.0,
1999-001,1999,BOB,,1999-02-01 03:00:00,9.0,89.0,25.0,1006.0,4.0,D,0,1999-02-02 03:00:00,25.0,0.0,0.0,,1999-01-31 21:00:00,,,1999-01-31 15:00:00,,,1999-01-31 03:00:00,,
1999-001,1999,BOB,,1999-02-01 12:00:00,9.0,88.0,25.0,1004.0,4.0,D,1,1999-02-02 12:00:00,30.0,5.0,0.0,0.0,1999-02-01 06:00:00,,,1999-02-01 00:00:00,,,1999-01-31 12:00:00,,
1999-001,1999,BOB,,1999-02-02 03:00:00,9.5,86.0,25.0,1006.0,4.0,D,2,1999-02-03 03:00:00,50.0,25.0,0.0,0.0,1999-02-01 21:00:00,,,1999-02-01 15:00:00,,,1999-02-01 03:00:00,25.0,0.0
1999-001,1999,BOB,,1999-02-02 06:00:00,9.5,85.5,30.0,1006.0,6.0,DD,3,1999-02-03 06:00:00,35.0,5.0,0.0,5.0,1999-02-02 00:00:00,,,1999-02-01 18:00:00,,,1999-02-01 06:00:00,,
1999-001,1999,BOB,,1999-02-02 09:00:00,9.5,85.5,30.0,1006.0,6.0,DD,4,1999-02-03 09:00:00,30.0,0.0,0.0,0.0,1999-02-02 03:00:00,25.0,5.0,1999-02-01 21:00:00,,,1999-02-01 09:00:00,,
1999-001,1999,BOB,,1999-02-02 12:00:00,10.0,85.0,30.0,1004.0,6.0,DD,5,1999-02-03 12:00:00,25.0,-5.0,0.0,0.0,1999-02-02 06:00:00,30.0,0.0,1999-02-02 00:00:00,,,1999-02-01 12:00:00,25.0,5.0
1999-001,1999,BOB,,1999-02-02 18:00:00,11.0,85.0,35.0,1002.0,10.0,CS,6,1999-02-03 18:00:00,25.0,-10.0,0.0,5.0,1999-02-02 12:00:00,30.0,5.0,1999-02-02 06:00:00,30.0,5.0,1999-02-01 18:00:00,,
1999-001,1999,BOB,,1999-02-03 00:00:00,11.5,86.0,50.0,998.0,12.0,CS,7,1999-02-04 00:00:00,,,,15.0,1999-02-02 18:00:00,35.0,15.0,1999-02-02 12:00:00,30.0,20.0,1999-02-02 00:00:00,,
1999-001,1999,BOB,,1999-02-03 03:00:00,11.5,86.0,50.0,998.0,12.0,CS,8,1999-02-04 03:00:00,,,,0.0,1999-02-02 21:00:00,,,1999-02-02 15:00:00,,,1999-02-02 03:00:00,25.0,25.0
1999-001,1999,BOB,,1999-02-03 06:00:00,12.0,86.0,35.0,1002.0,10.0,CS,9,1999-02-04 06:00:00,,,,-15.0,1999-02-03 00:00:00,50.0,-15.0,1999-02-02 18:00:00,35.0,0.0,1999-02-02 06:00:00,30.0,5.0
1999-001,1999,BOB,,1999-02-03 09:00:00,12.0,86.0,30.0,1002.0,8.0,DD,10,1999-02-04 09:00:00,,,,-5.0,1999-02-03 03:00:00,50.0,-20.0,1999-02-02 21:00:00,,,1999-02-02 09:00:00,30.0,0.0
1999-001,1999,BOB,,1999-02-03 12:00:00,12.0,86.5,25.0,1004.0,6.0,D,11,1999-02-04 12:00:00,,,,-5.0,1999-02-03 06:00:00,35.0,-10.0,1999-02-03 00:00:00,50.0,-25.0,1999-02-02 12:00:00,30.0,-5.0
1999-001,1999,BOB,,1999-02-03 18:00:00,12.0,86.5,25.0,1008.0,6.0,D,12,1999-02-04 18:00:00,,,,0.0,1999-02-03 12:00:00,25.0,0.0,1999-02-03 06:00:00,35.0,-10.0,1999-02-02 18:00:00,35.0,-10.0
1999-003,1999,BOB,,1999-06-17 03:00:00,18.5,86.0,25.0,990.0,6.0,D,0,1999-06-18 03:00:00,,,,,1999-06-16 21:00:00,,,1999-06-16 15:00:00,,,1999-06-16 03:00:00,,
1999-003,1999,BOB,,1999-06-17 06:00:00,18.5,86.0,30.0,992.0,6.0,DD,1,1999-06-18 06:00:00,,,,5.0,1999-06-17 00:00:00,,,1999-06-16 18:00:00,,,1999-06-16 06:00:00,,
1999-003,1999,BOB,,1999-06-17 12:00:00,19.0,85.0,30.0,986.0,6.0,DD,2,1999-06-18 12:00:00,,,,0.0,1999-06-17 06:00:00,30.0,0.0,1999-06-17 00:00:00,,,1999-06-16 12:00:00,,
1999-003,1999,BOB,,1999-06-17 18:00:00,19.5,84.5,30.0,986.0,6.0,DD,3,1999-06-18 18:00:00,,,,0.0,1999-06-17 12:00:00,30.0,0.0,1999-06-17 06:00:00,30.0,0.0,1999-06-16 18:00:00,,
1999-003,1999,BOB,,1999-06-18 00:00:00,19.5,84.0,,,,D,4,1999-06-19 00:00:00,,,,,1999-06-17 18:00:00,30.0,,1999-06-17 12:00:00,30.0,,1999-06-17 00:00:00,,
1999-003,1999,BOB,,1999-06-18 03:00:00,20.5,82.0,,,,D,5,1999-06-19 03:00:00,,,,,1999-06-17 21:00:00,,,1999-06-17 15:00:00,,,1999-06-17 03:00:00,25.0,
1999-003,1999,BOB,,1999-06-18 06:00:00,21.0,82.0,,,,D,6,1999-06-19 06:00:00,,,,,1999-06-18 00:00:00,,,1999-06-17 18:00:00,30.0,,1999-06-17 06:00:00,30.0,
1999-003,1999,BOB,,1999-06-18 09:00:00,21.0,79.0,,,,D,7,1999-06-19 09:00:00,,,,,1999-06-18 03:00:00,,,1999-06-17 21:00:00,,,1999-06-17 09:00:00,,
1999-004,1999,BOB,,1999-07-27 03:00:00,21.0,89.0,20.0,992.0,4.0,D,0,1999-07-28 03:00:00,,,,,1999-07-26 21:00:00,,,1999-07-26 15:00:00,,,1999-07-26 03:00:00,,
1999-004,1999,BOB,,1999-07-27 06:00:00,21.0,88.5,20.0,992.0,4.0,D,1,1999-07-28 06:00:00,,,,0.0,1999-07-27 00:00:00,,,1999-07-26 18:00:00,,,1999-07-26 06:00:00,,
1999-004,1999,BOB,,1999-07-27 12:00:00,22.0,88.5,25.0,990.0,6.0,DD,2,1999-07-28 12:00:00,,,,5.0,1999-07-27 06:00:00,20.0,5.0,1999-07-27 00:00:00,,,1999-07-26 12:00:00,,
1999-004,1999,BOB,,1999-07-27 18:00:00,22.0,87.5,25.0,992.0,6.0,DD,3,1999-07-28 18:00:00,,,,0.0,1999-07-27 12:00:00,25.0,0.0,1999-07-27 06:00:00,20.0,5.0,1999-07-26 18:00:00,,
1999-004,1999,BOB,,1999-07-28 00:00:00,22.5,87.0,25.0,992.0,6.0,DD,4,1999-07-29 00:00:00,,,,0.0,1999-07-27 18:00:00,25.0,0.0,1999-07-27 12:00:00,25.0,0.0,1999-07-27 00:00:00,,
1999-004,1999,BOB,,1999-07-28 03:00:00,23.0,86.5,,,,DD,5,1999-07-29 03:00:00,,,,,1999-07-27 21:00:00,,,1999-07-27 15:00:00,,,1999-07-27 03:00:00,20.0,
1999-004,1999,BOB,,1999-07-28 06:00:00,23.0,84.5,,,,D,6,1999-07-29 06:00:00,,,,,1999-07-28 00:00:00,25.0,,1999-07-27 18:00:00,25.0,,1999-07-27 06:00:00,20.0,
1999-004,1999,BOB,,1999-07-28 12:00:00,23.5,84.5,,,,D,7,1999-07-29 12:00:00,,,,,1999-07-28 06:00:00,,,1999-07-28 00:00:00,25.0,,1999-07-27 12:00:00,25.0,
1999-004,1999,BOB,,1999-07-28 18:00:00,23.5,83.5,,,,D,8,1999-07-29 18:00:00,,,,,1999-07-28 12:00:00,,,1999-07-28 06:00:00,,,1999-07-27 18:00:00,25.0,
1999-004,1999,BOB,,1999-07-29 00:00:00,24.0,82.0,,,,D,9,1999-07-30 00:00:00,,,,,1999-07-28 18:00:00,,,1999-07-28 12:00:00,,,1999-07-28 00:00:00,25.0,
1999-004,1999,BOB,,1999-07-29 03:00:00,24.5,81.0,,,,D,10,1999-07-30 03:00:00,,,,,1999-07-28 21:00:00,,,1999-07-28 15:00:00,,,1999-07-28 03:00:00,,
1999-004,1999,BOB,,1999-07-29 06:00:00,25.0,80.0,,,,D,11,1999-07-30 06:00:00,,,,,1999-07-29 00:00:00,,,1999-07-28 18:00:00,,,1999-07-28 06:00:00,,
1999-005,1999,BOB,,1999-08-06 12:00:00,21.0,88.5,20.0,992.0,4.0,D,0,1999-08-07 12:00:00,20.0,0.0,0.0,,1999-08-06 06:00:00,,,1999-08-06 00:00:00,,,1999-08-05 12:00:00,,
1999-005,1999,BOB,,1999-08-06 18:00:00,21.0,88.5,20.0,992.0,4.0,D,1,1999-08-07 18:00:00,20.0,0.0,0.0,0.0,1999-08-06 12:00:00,20.0,0.0,1999-08-06 06:00:00,,,1999-08-05 18:00:00,,
1999-005,1999,BOB,,1999-08-07 03:00:00,22.5,87.5,20.0,992.0,4.0,D,2,1999-08-08 03:00:00,20.0,0.0,0.0,0.0,1999-08-06 21:00:00,,,1999-08-06 15:00:00,,,1999-08-06 03:00:00,,
1999-005,1999,BOB,,1999-08-07 06:00:00,22.5,86.5,20.0,992.0,4.0,D,3,1999-08-08 06:00:00,20.0,0.0,0.0,0.0,1999-08-07 00:00:00,,,1999-08-06 18:00:00,20.0,0.0,1999-08-06 06:00:00,,
1999-005,1999,BOB,,1999-08-07 12:00:00,22.5,86.0,20.0,992.0,4.0,D,4,1999-08-08 12:00:00,20.0,0.0,0.0,0.0,1999-08-07 06:00:00,20.0,0.0,1999-08-07 00:00:00,,,1999-08-06 12:00:00,20.0,0.0
1999-005,1999,BOB,,1999-08-07 18:00:00,22.5,86.0,20.0,992.0,4.0,D,5,1999-08-08 18:00:00,20.0,0.0,0.0,0.0,1999-08-07 12:00:00,20.0,0.0,1999-08-07 06:00:00,20.0,0.0,1999-08-06 18:00:00,20.0,0.0
1999-005,1999,BOB,,1999-08-08 03:00:00,22.5,85.0,20.0,992.0,4.0,D,6,1999-08-09 03:00:00,,,,0.0,1999-08-07 21:00:00,,,1999-08-07 15:00:00,,,1999-08-07 03:00:00,20.0,0.0
1999-005,1999,BOB,,1999-08-08 06:00:00,22.5,84.0,20.0,992.0,4.0,D,7,1999-08-09 06:00:00,,,,0.0,1999-08-08 00:00:00,,,1999-08-07 18:00:00,20.0,0.0,1999-08-07 06:00:00,20.0,0.0
1999-005,1999,BOB,,1999-08-08 12:00:00,22.5,83.0,20.0,992.0,4.0,D,8,1999-08-09 12:00:00,,,,0.0,1999-08-08 06:00:00,20.0,0.0,1999-08-08 00:00:00,,,1999-08-07 12:00:00,20.0,0.0
1999-005,1999,BOB,,1999-08-08 18:00:00,22.5,83.0,20.0,992.0,4.0,D,9,1999-08-09 18:00:00,,,,0.0,1999-08-08 12:00:00,20.0,0.0,1999-08-08 06:00:00,20.0,0.0,1999-08-07 18:00:00,20.0,0.0
1999-005,1999,BOB,,1999-08-09 00:00:00,23.5,81.5,20.0,992.0,4.0,D,10,1999-08-10 00:00:00,,,,0.0,1999-08-08 18:00:00,20.0,0.0,1999-08-08 12:00:00,20.0,0.0,1999-08-08 00:00:00,,
1999-006,1999,BOB,,1999-10-15 03:00:00,13.5,92.5,20.0,1004.0,4.0,D,0,1999-10-16 03:00:00,35.0,15.0,0.0,,1999-10-14 21:00:00,,,1999-10-14 15:00:00,,,1999-10-14 03:00:00,,
1999-006,1999,BOB,,1999-10-15 06:00:00,14.0,91.5,20.0,1002.0,4.0,D,1,1999-10-16 06:00:00,35.0,15.0,0.0,0.0,1999-10-15 00:00:00,,,1999-10-14 18:00:00,,,1999-10-14 06:00:00,,
1999-006,1999,BOB,,1999-10-15 12:00:00,15.0,90.0,20.0,1002.0,4.0,D,2,1999-10-16 12:00:00,45.0,25.0,0.0,0.0,1999-10-15 06:00:00,20.0,0.0,1999-10-15 00:00:00,,,1999-10-14 12:00:00,,
1999-006,1999,BOB,,1999-10-15 18:00:00,15.2,89.5,20.0,1002.0,4.0,D,3,1999-10-16 18:00:00,55.0,35.0,1.0,0.0,1999-10-15 12:00:00,20.0,0.0,1999-10-15 06:00:00,20.0,0.0,1999-10-14 18:00:00,,
1999-006,1999,BOB,,1999-10-15 21:00:00,15.3,89.0,30.0,1000.0,6.0,DD,4,1999-10-16 21:00:00,55.0,25.0,0.0,10.0,1999-10-15 15:00:00,,,1999-10-15 09:00:00,,,1999-10-14 21:00:00,,
1999-006,1999,BOB,,1999-10-16 00:00:00,15.5,88.5,30.0,1000.0,8.0,DD,5,1999-10-17 00:00:00,65.0,35.0,1.0,0.0,1999-10-15 18:00:00,20.0,10.0,1999-10-15 12:00:00,20.0,10.0,1999-10-15 00:00:00,,
1999-006,1999,BOB,,1999-10-16 03:00:00,16.0,88.5,35.0,998.0,10.0,CS,6,1999-10-17 03:00:00,80.0,45.0,1.0,5.0,1999-10-15 21:00:00,30.0,5.0,1999-10-15 15:00:00,,,1999-10-15 03:00:00,20.0,15.0
1999-006,1999,BOB,,1999-10-16 06:00:00,16.5,88.0,35.0,998.0,10.0,CS,7,1999-10-17 06:00:00,80.0,45.0,1.0,0.0,1999-10-16 00:00:00,30.0,5.0,1999-10-15 18:00:00,20.0,15.0,1999-10-15 06:00:00,20.0,15.0
1999-006,1999,BOB,,1999-10-16 09:00:00,17.0,87.5,45.0,996.0,12.0,CS,8,1999-10-17 09:00:00,80.0,35.0,1.0,10.0,1999-10-16 03:00:00,35.0,10.0,1999-10-15 21:00:00,30.0,15.0,1999-10-15 09:00:00,,
1999-006,1999,BOB,,1999-10-16 12:00:00,17.5,86.5,45.0,994.0,12.0,CS,9,1999-10-17 12:00:00,80.0,35.0,1.0,0.0,1999-10-16 06:00:00,35.0,10.0,1999-10-16 00:00:00,30.0,15.0,1999-10-15 12:00:00,20.0,25.0
1999-006,1999,BOB,,1999-10-16 15:00:00,17.6,86.0,55.0,992.0,16.0,SCS,10,1999-10-17 15:00:00,80.0,25.0,0.0,10.0,1999-10-16 09:00:00,45.0,10.0,1999-10-16 03:00:00,35.0,20.0,1999-10-15 15:00:00,,
1999-006,1999,BOB,,1999-10-16 18:00:00,17.6,86.0,55.0,992.0,16.0,SCS,11,1999-10-17 18:00:00,90.0,35.0,1.0,0.0,1999-10-16 12:00:00,45.0,10.0,1999-10-16 06:00:00,35.0,20.0,1999-10-15 18:00:00,20.0,35.0
1999-006,1999,BOB,,1999-10-16 21:00:00,17.7,86.0,55.0,992.0,16.0,SCS,12,1999-10-17 21:00:00,,,,0.0,1999-10-16 15:00:00,55.0,0.0,1999-10-16 09:00:00,45.0,10.0,1999-10-15 21:00:00,30.0,25.0
1999-006,1999,BOB,,1999-10-17 00:00:00,17.7,86.0,65.0,988.0,20.0,VSCS,13,1999-10-18 00:00:00,,,,10.0,1999-10-16 18:00:00,55.0,10.0,1999-10-16 12:00:00,45.0,20.0,1999-10-16 00:00:00,30.0,35.0
1999-006,1999,BOB,,1999-10-17 03:00:00,18.0,85.5,80.0,978.0,30.0,VSCS,14,1999-10-18 03:00:00,,,,15.0,1999-10-16 21:00:00,55.0,25.0,1999-10-16 15:00:00,55.0,25.0,1999-10-16 03:00:00,35.0,45.0
1999-006,1999,BOB,,1999-10-17 06:00:00,18.0,85.0,80.0,978.0,30.0,VSCS,15,1999-10-18 06:00:00,,,,0.0,1999-10-17 00:00:00,65.0,15.0,1999-10-16 18:00:00,55.0,25.0,1999-10-16 06:00:00,35.0,45.0
1999-006,1999,BOB,,1999-10-17 09:00:00,18.5,85.0,80.0,978.0,30.0,VSCS,16,1999-10-18 09:00:00,,,,0.0,1999-10-17 03:00:00,80.0,0.0,1999-10-16 21:00:00,55.0,25.0,1999-10-16 09:00:00,45.0,35.0
1999-006,1999,BOB,,1999-10-17 12:00:00,19.0,85.0,80.0,978.0,30.0,VSCS,17,1999-10-18 12:00:00,,,,0.0,1999-10-17 06:00:00,80.0,0.0,1999-10-17 00:00:00,65.0,15.0,1999-10-16 12:00:00,45.0,35.0
1999-006,1999,BOB,,1999-10-17 15:00:00,19.0,85.0,80.0,978.0,30.0,VSCS,18,1999-10-18 15:00:00,,,,0.0,1999-10-17 09:00:00,80.0,0.0,1999-10-17 03:00:00,80.0,0.0,1999-10-16 15:00:00,55.0,25.0
1999-006,1999,BOB,,1999-10-17 18:00:00,19.2,85.0,90.0,968.0,40.0,ESCS,19,1999-10-18 18:00:00,,,,10.0,1999-10-17 12:00:00,80.0,10.0,1999-10-17 06:00:00,80.0,10.0,1999-10-16 18:00:00,55.0,35.0
1999-006,1999,BOB,,1999-10-18 00:00:00,19.5,85.0,,,,VSCS,20,1999-10-19 00:00:00,,,,,1999-10-17 18:00:00,90.0,,1999-10-17 12:00:00,80.0,,1999-10-17 00:00:00,65.0,
1999-006,1999,BOB,,1999-10-18 03:00:00,20.5,85.0,,,,SCS,21,1999-10-19 03:00:00,,,,,1999-10-17 21:00:00,,,1999-10-17 15:00:00,80.0,,1999-10-17 03:00:00,80.0,
1999-006,1999,BOB,,1999-10-18 06:00:00,20.5,85.0,,,,SCS,22,1999-10-19 06:00:00,,,,,1999-10-18 00:00:00,,,1999-10-17 18:00:00,90.0,,1999-10-17 06:00:00,80.0,
1999-006,1999,BOB,,1999-10-18 09:00:00,20.5,85.0,,,,CS,23,1999-10-19 09:00:00,,,,,1999-10-18 03:00:00,,,1999-10-17 21:00:00,,,1999-10-17 09:00:00,80.0,
1999-006,1999,BOB,,1999-10-18 12:00:00,21.5,86.5,,,,CS,24,1999-10-19 12:00:00,,,,,1999-10-18 06:00:00,,,1999-10-18 00:00:00,,,1999-10-17 12:00:00,80.0,
1999-006,1999,BOB,,1999-10-18 15:00:00,21.0,86.5,,,,DD,25,1999-10-19 15:00:00,,,,,1999-10-18 09:00:00,,,1999-10-18 03:00:00,,,1999-10-17 15:00:00,80.0,
1999-006,1999,BOB,,1999-10-18 18:00:00,22.5,86.5,,,,DD,26,1999-10-19 18:00:00,,,,,1999-10-18 12:00:00,,,1999-10-18 06:00:00,,,1999-10-17 18:00:00,90.0,
1999-006,1999,BOB,,1999-10-18 21:00:00,23.0,86.5,,,,DD,27,1999-10-19 21:00:00,,,,,1999-10-18 15:00:00,,,1999-10-18 09:00:00,,,1999-10-17 21:00:00,,
1999-006,1999,BOB,,1999-10-19 00:00:00,23.0,86.5,,,,D,28,1999-10-20 00:00:00,,,,,1999-10-18 18:00:00,,,1999-10-18 12:00:00,,,1999-10-18 00:00:00,,
1999-006,1999,BOB,,1999-10-19 03:00:00,23.5,86.5,,,,D,29,1999-10-20 03:00:00,,,,,1999-10-18 21:00:00,,,1999-10-18 15:00:00,,,1999-10-18 03:00:00,,
1999-007,1999,BOB,,1999-10-25 06:00:00,12.0,98.5,25.0,1004.0,2.0,D,0,1999-10-26 06:00:00,35.0,10.0,0.0,,1999-10-25 00:00:00,,,1999-10-24 18:00:00,,,1999-10-24 06:00:00,,
1999-007,1999,BOB,,1999-10-25 09:00:00,12.5,98.5,25.0,1004.0,2.0,D,1,1999-10-26 09:00:00,35.0,10.0,0.0,0.0,1999-10-25 03:00:00,,,1999-10-24 21:00:00,,,1999-10-24 09:00:00,,
1999-007,1999,BOB,,1999-10-25 12:00:00,12.5,98.0,25.0,1002.0,4.0,D,2,1999-10-26 12:00:00,45.0,20.0,0.0,0.0,1999-10-25 06:00:00,25.0,0.0,1999-10-25 00:00:00,,,1999-10-24 12:00:00,,
1999-007,1999,BOB,,1999-10-25 18:00:00,12.5,98.0,25.0,1002.0,4.0,D,3,1999-10-26 18:00:00,45.0,20.0,0.0,0.0,1999-10-25 12:00:00,25.0,0.0,1999-10-25 06:00:00,25.0,0.0,1999-10-24 18:00:00,,
1999-007,1999,BOB,,1999-10-26 00:00:00,13.5,96.5,30.0,1002.0,4.0,DD,4,1999-10-27 00:00:00,45.0,15.0,0.0,5.0,1999-10-25 18:00:00,25.0,5.0,1999-10-25 12:00:00,25.0,5.0,1999-10-25 00:00:00,,
1999-007,1999,BOB,,1999-10-26 03:00:00,13.5,95.5,35.0,1002.0,6.0,CS,5,1999-10-27 03:00:00,55.0,20.0,0.0,5.0,1999-10-25 21:00:00,,,1999-10-25 15:00:00,,,1999-10-25 03:00:00,,
1999-007,1999,BOB,,1999-10-26 06:00:00,13.5,95.0,35.0,1002.0,6.0,CS,6,1999-10-27 06:00:00,55.0,20.0,0.0,0.0,1999-10-26 00:00:00,30.0,5.0,1999-10-25 18:00:00,25.0,10.0,1999-10-25 06:00:00,25.0,10.0
1999-007,1999,BOB,,1999-10-26 09:00:00,14.0,94.5,35.0,1002.0,6.0,CS,7,1999-10-27 09:00:00,55.0,20.0,0.0,0.0,1999-10-26 03:00:00,35.0,0.0,1999-10-25 21:00:00,,,1999-10-25 09:00:00,25.0,10.0
1999-007,1999,BOB,,1999-10-26 12:00:00,14.5,94.0,45.0,998.0,10.0,CS,8,1999-10-27 12:00:00,55.0,10.0,0.0,10.0,1999-10-26 06:00:00,35.0,10.0,1999-10-26 00:00:00,30.0,15.0,1999-10-25 12:00:00,25.0,20.0
1999-007,1999,BOB,,1999-10-26 15:00:00,15.0,93.5,45.0,998.0,10.0,CS,9,1999-10-27 15:00:00,65.0,20.0,0.0,0.0,1999-10-26 09:00:00,35.0,10.0,1999-10-26 03:00:00,35.0,10.0,1999-10-25 15:00:00,,
1999-007,1999,BOB,,1999-10-26 18:00:00,15.0,93.5,45.0,998.0,10.0,CS,10,1999-10-27 18:00:00,65.0,20.0,0.0,0.0,1999-10-26 12:00:00,45.0,0.0,1999-10-26 06:00:00,35.0,10.0,1999-10-25 18:00:00,25.0,20.0
1999-007,1999,BOB,,1999-10-26 21:00:00,15.0,93.0,45.0,998.0,10.0,CS,11,1999-10-27 21:00:00,65.0,20.0,0.0,0.0,1999-10-26 15:00:00,45.0,0.0,1999-10-26 09:00:00,35.0,10.0,1999-10-25 21:00:00,,
1999-007,1999,BOB,,1999-10-27 00:00:00,15.5,93.0,45.0,998.0,10.0,CS,12,1999-10-28 00:00:00,65.0,20.0,0.0,0.0,1999-10-26 18:00:00,45.0,0.0,1999-10-26 12:00:00,45.0,0.0,1999-10-26 00:00:00,30.0,15.0
1999-007,1999,BOB,,1999-10-27 03:00:00,16.0,92.0,55.0,992.0,16.0,SCS,13,1999-10-28 03:00:00,77.0,22.0,0.0,10.0,1999-10-26 21:00:00,45.0,10.0,1999-10-26 15:00:00,45.0,10.0,1999-10-26 03:00:00,35.0,20.0
1999-007,1999,BOB,,1999-10-27 06:00:00,16.5,91.5,55.0,992.0,16.0,SCS,14,1999-10-28 06:00:00,90.0,35.0,1.0,0.0,1999-10-27 00:00:00,45.0,10.0,1999-10-26 18:00:00,45.0,10.0,1999-10-26 06:00:00,35.0,20.0
1999-007,1999,BOB,,1999-10-27 09:00:00,16.5,91.0,55.0,992.0,16.0,SCS,15,1999-10-28 09:00:00,102.0,47.0,1.0,0.0,1999-10-27 03:00:00,55.0,0.0,1999-10-26 21:00:00,45.0,10.0,1999-10-26 09:00:00,35.0,20.0
1999-007,1999,BOB,,1999-10-27 12:00:00,17.0,90.5,55.0,992.0,16.0,SCS,16,1999-10-28 12:00:00,115.0,60.0,1.0,0.0,1999-10-27 06:00:00,55.0,0.0,1999-10-27 00:00:00,45.0,10.0,1999-10-26 12:00:00,45.0,10.0
1999-007,1999,BOB,,1999-10-27 15:00:00,17.0,90.5,65.0,986.0,20.0,VSCS,17,1999-10-28 15:00:00,127.0,62.0,1.0,10.0,1999-10-27 09:00:00,55.0,10.0,1999-10-27 03:00:00,55.0,10.0,1999-10-26 15:00:00,45.0,20.0
1999-007,1999,BOB,,1999-10-27 18:00:00,17.0,90.5,65.0,986.0,20.0,VSCS,18,1999-10-28 18:00:00,140.0,75.0,1.0,0.0,1999-10-27 12:00:00,55.0,10.0,1999-10-27 06:00:00,55.0,10.0,1999-10-26 18:00:00,45.0,20.0
1999-007,1999,BOB,,1999-10-27 21:00:00,17.0,90.0,65.0,986.0,20.0,VSCS,19,1999-10-28 21:00:00,140.0,75.0,1.0,0.0,1999-10-27 15:00:00,65.0,0.0,1999-10-27 09:00:00,55.0,10.0,1999-10-26 21:00:00,45.0,20.0
1999-007,1999,BOB,,1999-10-28 00:00:00,17.5,90.0,65.0,986.0,20.0,VSCS,20,1999-10-29 00:00:00,140.0,75.0,1.0,0.0,1999-10-27 18:00:00,65.0,0.0,1999-10-27 12:00:00,55.0,10.0,1999-10-27 00:00:00,45.0,20.0
1999-007,1999,BOB,,1999-10-28 03:00:00,18.0,89.0,77.0,978.0,30.0,VSCS,21,1999-10-29 03:00:00,140.0,63.0,1.0,12.0,1999-10-27 21:00:00,65.0,12.0,1999-10-27 15:00:00,65.0,12.0,1999-10-27 03:00:00,55.0,22.0
1999-007,1999,BOB,,1999-10-28 06:00:00,18.0,88.5,90.0,968.0,40.0,ESCS,22,1999-10-29 06:00:00,140.0,50.0,1.0,13.0,1999-10-28 00:00:00,65.0,25.0,1999-10-27 18:00:00,65.0,25.0,1999-10-27 06:00:00,55.0,35.0
1999-007,1999,BOB,,1999-10-28 09:00:00,18.5,88.0,102.0,956.0,52.0,ESCS,23,1999-10-29 09:00:00,,,,12.0,1999-10-28 03:00:00,77.0,25.0,1999-10-27 21:00:00,65.0,37.0,1999-10-27 09:00:00,55.0,47.0
1999-007,1999,BOB,,1999-10-28 12:00:00,18.5,88.0,115.0,940.0,66.0,ESCS,24,1999-10-29 12:00:00,,,,13.0,1999-10-28 06:00:00,90.0,25.0,1999-10-28 00:00:00,65.0,50.0,1999-10-27 12:00:00,55.0,60.0
1999-007,1999,BOB,,1999-10-28 15:00:00,19.0,87.5,127.0,928.0,80.0,SuCS,25,1999-10-29 15:00:00,,,,12.0,1999-10-28 09:00:00,102.0,25.0,1999-10-28 03:00:00,77.0,50.0,1999-10-27 15:00:00,65.0,62.0
1999-007,1999,BOB,,1999-10-28 18:00:00,19.3,87.0,140.0,912.0,98.0,SuCS,26,1999-10-29 18:00:00,,,,13.0,1999-10-28 12:00:00,115.0,25.0,1999-10-28 06:00:00,90.0,50.0,1999-10-27 18:00:00,65.0,75.0
1999-007,1999,BOB,,1999-10-28 21:00:00,19.3,87.2,140.0,912.0,98.0,SuCS,27,1999-10-29 21:00:00,,,,0.0,1999-10-28 15:00:00,127.0,13.0,1999-10-28 09:00:00,102.0,38.0,1999-10-27 21:00:00,65.0,75.0
1999-007,1999,BOB,,1999-10-29 00:00:00,19.6,87.0,140.0,912.0,98.0,SuCS,28,1999-10-30 00:00:00,,,,0.0,1999-10-28 18:00:00,140.0,0.0,1999-10-28 12:00:00,115.0,25.0,1999-10-28 00:00:00,65.0,75.0
1999-007,1999,BOB,,1999-10-29 03:00:00,19.9,86.7,140.0,912.0,98.0,SuCS,29,1999-10-30 03:00:00,,,,0.0,1999-10-28 21:00:00,140.0,0.0,1999-10-28 15:00:00,127.0,13.0,1999-10-28 03:00:00,77.0,63.0
1999-007,1999,BOB,,1999-10-29 06:00:00,20.5,86.0,140.0,912.0,98.0,SuCS,30,1999-10-30 06:00:00,,,,0.0,1999-10-29 00:00:00,140.0,0.0,1999-10-28 18:00:00,140.0,0.0,1999-10-28 06:00:00,90.0,50.0
1999-007,1999,BOB,,1999-10-29 12:00:00,20.5,86.0,,,,VSCS,31,1999-10-30 12:00:00,,,,,1999-10-29 06:00:00,140.0,,1999-10-29 00:00:00,140.0,,1999-10-28 12:00:00,115.0,
1999-007,1999,BOB,,1999-10-29 18:00:00,20.5,86.0,,,,SCS,32,1999-10-30 18:00:00,,,,,1999-10-29 12:00:00,,,1999-10-29 06:00:00,140.0,,1999-10-28 18:00:00,140.0,
1999-007,1999,BOB,,1999-10-30 00:00:00,20.5,86.0,,,,SCS,33,1999-10-31 00:00:00,,,,,1999-10-29 18:00:00,,,1999-10-29 12:00:00,,,1999-10-29 00:00:00,140.0,
1999-007,1999,BOB,,1999-10-30 03:00:00,20.5,86.0,,,,CS,34,1999-10-31 03:00:00,,,,,1999-10-29 21:00:00,,,1999-10-29 15:00:00,,,1999-10-29 03:00:00,140.0,
1999-007,1999,BOB,,1999-10-30 06:00:00,20.5,86.0,,,,CS,35,1999-10-31 06:00:00,,,,,1999-10-30 00:00:00,,,1999-10-29 18:00:00,,,1999-10-29 06:00:00,140.0,
1999-007,1999,BOB,,1999-10-30 12:00:00,20.5,86.0,,,,CS,36,1999-10-31 12:00:00,,,,,1999-10-30 06:00:00,,,1999-10-30 00:00:00,,,1999-10-29 12:00:00,,
1999-007,1999,BOB,,1999-10-30 18:00:00,20.5,86.0,,,,DD,37,1999-10-31 18:00:00,,,,,1999-10-30 12:00:00,,,1999-10-30 06:00:00,,,1999-10-29 18:00:00,,
1999-007,1999,BOB,,1999-10-31 00:00:00,20.5,86.0,,,,DD,38,1999-11-01 00:00:00,,,,,1999-10-30 18:00:00,,,1999-10-30 12:00:00,,,1999-10-30 00:00:00,,
1999-007,1999,BOB,,1999-10-31 03:00:00,21.0,87.0,,,,D,39,1999-11-01 03:00:00,,,,,1999-10-30 21:00:00,,,1999-10-30 15:00:00,,,1999-10-30 03:00:00,,
1999-008,1999,BOB,,1999-12-08 11:30:00,10.5,87.5,25.0,998.0,2.0,D,0,1999-12-09 11:30:00,,,,,1999-12-08 05:30:00,,,1999-12-07 23:30:00,,,1999-12-07 11:30:00,,
1999-008,1999,BOB,,1999-12-08 15:00:00,10.5,87.5,25.0,998.0,2.0,D,1,1999-12-09 15:00:00,,,,0.0,1999-12-08 09:00:00,,,1999-12-08 03:00:00,,,1999-12-07 15:00:00,,
1999-008,1999,BOB,,1999-12-08 18:00:00,10.5,87.0,25.0,998.0,2.0,D,2,1999-12-09 18:00:00,25.0,0.0,0.0,0.0,1999-12-08 12:00:00,,,1999-12-08 06:00:00,,,1999-12-07 18:00:00,,
1999-008,1999,BOB,,1999-12-08 21:00:00,10.5,87.0,25.0,998.0,2.0,D,3,1999-12-09 21:00:00,25.0,0.0,0.0,0.0,1999-12-08 15:00:00,25.0,0.0,1999-12-08 09:00:00,,,1999-12-07 21:00:00,,
1999-008,1999,BOB,,1999-12-09 03:00:00,10.5,85.5,25.0,998.0,2.0,D,4,1999-12-10 03:00:00,25.0,0.0,0.0,0.0,1999-12-08 21:00:00,25.0,0.0,1999-12-08 15:00:00,25.0,0.0,1999-12-08 03:00:00,,
1999-008,1999,BOB,,1999-12-09 06:00:00,10.5,85.0,25.0,998.0,2.0,D,5,1999-12-10 06:00:00,25.0,0.0,0.0,0.0,1999-12-09 00:00:00,,,1999-12-08 18:00:00,25.0,0.0,1999-12-08 06:00:00,,
1999-008,1999,BOB,,1999-12-09 09:00:00,10.5,85.0,25.0,998.0,2.0,D,6,1999-12-10 09:00:00,25.0,0.0,0.0,0.0,1999-12-09 03:00:00,25.0,0.0,1999-12-08 21:00:00,25.0,0.0,1999-12-08 09:00:00,,
1999-008,1999,BOB,,1999-12-09 12:00:00,10.5,85.0,25.0,998.0,2.0,D,7,1999-12-10 12:00:00,,,,0.0,1999-12-09 06:00:00,25.0,0.0,1999-12-09 00:00:00,,,1999-12-08 12:00:00,,
1999-008,1999,BOB,,1999-12-09 18:00:00,10.5,85.0,25.0,998.0,2.0,D,8,1999-12-10 18:00:00,,,,0.0,1999-12-09 12:00:00,25.0,0.0,1999-12-09 06:00:00,25.0,0.0,1999-12-08 18:00:00,25.0,0.0
1999-008,1999,BOB,,1999-12-09 21:00:00,10.5,85.0,25.0,998.0,2.0,D,9,1999-12-10 21:00:00,,,,0.0,1999-12-09 15:00:00,,,1999-12-09 09:00:00,25.0,0.0,1999-12-08 21:00:00,25.0,0.0
1999-008,1999,BOB,,1999-12-10 00:00:00,11.0,84.5,25.0,998.0,2.0,D,10,1999-12-11 00:00:00,,,,0.0,1999-12-09 18:00:00,25.0,0.0,1999-12-09 12:00:00,25.0,0.0,1999-12-09 00:00:00,,
1999-008,1999,BOB,,1999-12-10 03:00:00,11.0,84.5,25.0,998.0,2.0,D,11,1999-12-11 03:00:00,,,,0.0,1999-12-09 21:00:00,25.0,0.0,1999-12-09 15:00:00,,,1999-12-09 03:00:00,25.0,0.0
1999-008,1999,BOB,,1999-12-10 06:00:00,11.0,84.0,25.0,998.0,2.0,D,12,1999-12-11 06:00:00,,,,0.0,1999-12-10 00:00:00,25.0,0.0,1999-12-09 18:00:00,25.0,0.0,1999-12-09 06:00:00,25.0,0.0
1999-008,1999,BOB,,1999-12-10 09:00:00,11.0,84.0,25.0,998.0,2.0,D,13,1999-12-11 09:00:00,,,,0.0,1999-12-10 03:00:00,25.0,0.0,1999-12-09 21:00:00,25.0,0.0,1999-12-09 09:00:00,25.0,0.0
2000-001,2000,BOB,,2000-03-27 12:00:00,7.5,90.0,25.0,1004.0,4.0,D,0,2000-03-28 12:00:00,25.0,0.0,0.0,,2000-03-27 06:00:00,,,2000-03-27 00:00:00,,,2000-03-26 12:00:00,,
2000-001,2000,BOB,,2000-03-27 18:00:00,8.5,89.0,25.0,1006.0,4.0,D,1,2000-03-28 18:00:00,25.0,0.0,0.0,0.0,2000-03-27 12:00:00,25.0,0.0,2000-03-27 06:00:00,,,2000-03-26 18:00:00,,
2000-001,2000,BOB,,2000-03-28 00:00:00,9.5,89.0,25.0,1004.0,4.0,D,2,2000-03-29 00:00:00,25.0,0.0,0.0,0.0,2000-03-27 18:00:00,25.0,0.0,2000-03-27 12:00:00,25.0,0.0,2000-03-27 00:00:00,,
2000-001,2000,BOB,,2000-03-28 03:00:00,10.0,88.5,25.0,1006.0,4.0,D,3,2000-03-29 03:00:00,30.0,5.0,0.0,0.0,2000-03-27 21:00:00,,,2000-03-27 15:00:00,,,2000-03-27 03:00:00,,
2000-001,2000,BOB,,2000-03-28 12:00:00,12.0,88.0,25.0,1004.0,4.0,D,4,2000-03-29 12:00:00,35.0,10.0,0.0,0.0,2000-03-28 06:00:00,,,2000-03-28 00:00:00,25.0,0.0,2000-03-27 12:00:00,25.0,0.0
2000-001,2000,BOB,,2000-03-28 18:00:00,12.0,88.0,25.0,1004.0,4.0,D,5,2000-03-29 18:00:00,35.0,10.0,0.0,0.0,2000-03-28 12:00:00,25.0,0.0,2000-03-28 06:00:00,,,2000-03-27 18:00:00,25.0,0.0
2000-001,2000,BOB,,2000-03-29 00:00:00,12.5,88.0,25.0,1004.0,4.0,D,6,2000-03-30 00:00:00,45.0,20.0,0.0,0.0,2000-03-28 18:00:00,25.0,0.0,2000-03-28 12:00:00,25.0,0.0,2000-03-28 00:00:00,25.0,0.0
2000-001,2000,BOB,,2000-03-29 03:00:00,13.0,88.0,30.0,1002.0,6.0,DD,7,2000-03-30 03:00:00,45.0,15.0,0.0,5.0,2000-03-28 21:00:00,,,2000-03-28 15:00:00,,,2000-03-28 03:00:00,25.0,5.0
2000-001,2000,BOB,,2000-03-29 06:00:00,13.5,88.0,30.0,1002.0,6.0,DD,8,2000-03-30 06:00:00,35.0,5.0,0.0,0.0,2000-03-29 00:00:00,25.0,5.0,2000-03-28 18:00:00,25.0,5.0,2000-03-28 06:00:00,,
2000-001,2000,BOB,,2000-03-29 12:00:00,14.0,88.5,35.0,998.0,8.0,CS,9,2000-03-30 12:00:00,25.0,-10.0,0.0,5.0,2000-03-29 06:00:00,30.0,5.0,2000-03-29 00:00:00,25.0,10.0,2000-03-28 12:00:00,25.0,10.0
2000-001,2000,BOB,,2000-03-29 15:00:00,14.5,89.0,35.0,1000.0,8.0,CS,10,2000-03-30 15:00:00,,,,0.0,2000-03-29 09:00:00,,,2000-03-29 03:00:00,30.0,5.0,2000-03-28 15:00:00,,
2000-001,2000,BOB,,2000-03-29 18:00:00,15.0,89.5,35.0,1000.0,8.0,CS,11,2000-03-30 18:00:00,,,,0.0,2000-03-29 12:00:00,35.0,0.0,2000-03-29 06:00:00,30.0,5.0,2000-03-28 18:00:00,25.0,10.0
2000-001,2000,BOB,,2000-03-29 21:00:00,15.0,89.5,45.0,1000.0,10.0,CS,12,2000-03-30 21:00:00,,,,10.0,2000-03-29 15:00:00,35.0,10.0,2000-03-29 09:00:00,,,2000-03-28 21:00:00,,
2000-001,2000,BOB,,2000-03-30 00:00:00,15.0,89.5,45.0,998.0,10.0,CS,13,2000-03-31 00:00:00,,,,0.0,2000-03-29 18:00:00,35.0,10.0,2000-03-29 12:00:00,35.0,10.0,2000-03-29 00:00:00,25.0,20.0
2000-001,2000,BOB,,2000-03-30 03:00:00,15.5,90.0,45.0,998.0,10.0,CS,14,2000-03-31 03:00:00,,,,0.0,2000-03-29 21:00:00,45.0,0.0,2000-03-29 15:00:00,35.0,10.0,2000-03-29 03:00:00,30.0,15.0
2000-001,2000,BOB,,2000-03-30 06:00:00,15.5,90.0,35.0,1000.0,8.0,CS,15,2000-03-31 06:00:00,,,,-10.0,2000-03-30 00:00:00,45.0,-10.0,2000-03-29 18:00:00,35.0,0.0,2000-03-29 06:00:00,30.0,5.0
2000-001,2000,BOB,,2000-03-30 09:00:00,15.0,90.0,30.0,1000.0,6.0,DD,16,2000-03-31 09:00:00,,,,-5.0,2000-03-30 03:00:00,45.0,-15.0,2000-03-29 21:00:00,45.0,-15.0,2000-03-29 09:00:00,,
2000-001,2000,BOB,,2000-03-30 12:00:00,16.0,90.5,25.0,1002.0,4.0,D,17,2000-03-31 12:00:00,,,,-5.0,2000-03-30 06:00:00,35.0,-10.0,2000-03-30 00:00:00,45.0,-20.0,2000-03-29 12:00:00,35.0,-10.0
2000-002,2000,BOB,,2000-08-23 03:00:00,16.5,83.5,25.0,994.0,4.0,D,0,2000-08-24 03:00:00,,,,,2000-08-22 21:00:00,,,2000-08-22 15:00:00,,,2000-08-22 03:00:00,,
2000-002,2000,BOB,,2000-08-23 06:00:00,16.5,83.0,25.0,996.0,4.0,D,1,2000-08-24 06:00:00,,,,0.0,2000-08-23 00:00:00,,,2000-08-22 18:00:00,,,2000-08-22 06:00:00,,
2000-002,2000,BOB,,2000-08-23 12:00:00,16.5,82.5,25.0,994.0,4.0,D,2,2000-08-24 12:00:00,,,,0.0,2000-08-23 06:00:00,25.0,0.0,2000-08-23 00:00:00,,,2000-08-22 12:00:00,,
2000-002,2000,BOB,,2000-08-23 18:00:00,17.5,82.0,25.0,996.0,4.0,D,3,2000-08-24 18:00:00,,,,0.0,2000-08-23 12:00:00,25.0,0.0,2000-08-23 06:00:00,25.0,0.0,2000-08-22 18:00:00,,
2000-002,2000,BOB,,2000-08-24 00:00:00,18.0,79.5,25.0,996.0,4.0,D,4,2000-08-25 00:00:00,,,,0.0,2000-08-23 18:00:00,25.0,0.0,2000-08-23 12:00:00,25.0,0.0,2000-08-23 00:00:00,,
2000-003,2000,BOB,,2000-10-15 00:00:00,14.5,88.5,25.0,1004.0,4.0,D,0,2000-10-16 00:00:00,30.0,5.0,0.0,,2000-10-14 18:00:00,,,2000-10-14 12:00:00,,,2000-10-14 00:00:00,,
2000-003,2000,BOB,,2000-10-15 03:00:00,14.5,88.5,25.0,1004.0,4.0,D,1,2000-10-16 03:00:00,30.0,5.0,0.0,0.0,2000-10-14 21:00:00,,,2000-10-14 15:00:00,,,2000-10-14 03:00:00,,
2000-003,2000,BOB,,2000-10-15 06:00:00,14.5,88.0,25.0,1002.0,4.0,D,2,2000-10-16 06:00:00,30.0,5.0,0.0,0.0,2000-10-15 00:00:00,25.0,0.0,2000-10-14 18:00:00,,,2000-10-14 06:00:00,,
2000-003,2000,BOB,,2000-10-15 12:00:00,14.5,87.0,25.0,1000.0,4.0,D,3,2000-10-16 12:00:00,30.0,5.0,0.0,0.0,2000-10-15 06:00:00,25.0,0.0,2000-10-15 00:00:00,25.0,0.0,2000-10-14 12:00:00,,
2000-003,2000,BOB,,2000-10-15 18:00:00,14.5,86.5,30.0,1002.0,6.0,DD,4,2000-10-16 18:00:00,30.0,0.0,0.0,5.0,2000-10-15 12:00:00,25.0,5.0,2000-10-15 06:00:00,25.0,5.0,2000-10-14 18:00:00,,
2000-003,2000,BOB,,2000-10-16 00:00:00,14.5,86.3,30.0,1000.0,6.0,DD,5,2000-10-17 00:00:00,35.0,5.0,0.0,0.0,2000-10-15 18:00:00,30.0,0.0,2000-10-15 12:00:00,25.0,5.0,2000-10-15 00:00:00,25.0,5.0
2000-003,2000,BOB,,2000-10-16 03:00:00,14.5,86.0,30.0,1000.0,8.0,DD,6,2000-10-17 03:00:00,35.0,5.0,0.0,0.0,2000-10-15 21:00:00,,,2000-10-15 15:00:00,,,2000-10-15 03:00:00,25.0,5.0
2000-003,2000,BOB,,2000-10-16 06:00:00,14.5,85.5,30.0,1000.0,8.0,DD,7,2000-10-17 06:00:00,35.0,5.0,0.0,0.0,2000-10-16 00:00:00,30.0,0.0,2000-10-15 18:00:00,30.0,0.0,2000-10-15 06:00:00,25.0,5.0
2000-003,2000,BOB,,2000-10-16 12:00:00,14.5,85.0,30.0,998.0,8.0,DD,8,2000-10-17 12:00:00,35.0,5.0,0.0,0.0,2000-10-16 06:00:00,30.0,0.0,2000-10-16 00:00:00,30.0,0.0,2000-10-15 12:00:00,25.0,5.0
2000-003,2000,BOB,,2000-10-16 18:00:00,14.0,85.0,30.0,1000.0,8.0,DD,9,2000-10-17 18:00:00,35.0,5.0,0.0,0.0,2000-10-16 12:00:00,30.0,0.0,2000-10-16 06:00:00,30.0,0.0,2000-10-15 18:00:00,30.0,0.0
2000-003,2000,BOB,,2000-10-17 00:00:00,14.0,84.5,35.0,998.0,8.0,CS,10,2000-10-18 00:00:00,35.0,0.0,0.0,5.0,2000-10-16 18:00:00,30.0,5.0,2000-10-16 12:00:00,30.0,5.0,2000-10-16 00:00:00,30.0,5.0
2000-003,2000,BOB,,2000-10-17 03:00:00,14.0,84.5,35.0,998.0,8.0,CS,11,2000-10-18 03:00:00,30.0,-5.0,0.0,0.0,2000-10-16 21:00:00,,,2000-10-16 15:00:00,,,2000-10-16 03:00:00,30.0,5.0
2000-003,2000,BOB,,2000-10-17 06:00:00,14.0,84.5,35.0,996.0,10.0,CS,12,2000-10-18 06:00:00,30.0,-5.0,0.0,0.0,2000-10-17 00:00:00,35.0,0.0,2000-10-16 18:00:00,30.0,5.0,2000-10-16 06:00:00,30.0,5.0
2000-003,2000,BOB,,2000-10-17 09:00:00,14.0,84.0,35.0,996.0,10.0,CS,13,2000-10-18 09:00:00,,,,0.0,2000-10-17 03:00:00,35.0,0.0,2000-10-16 21:00:00,,,2000-10-16 09:00:00,,
2000-003,2000,BOB,,2000-10-17 12:00:00,14.0,84.0,35.0,996.0,8.0,CS,14,2000-10-18 12:00:00,30.0,-5.0,0.0,0.0,2000-10-17 06:00:00,35.0,0.0,2000-10-17 00:00:00,35.0,0.0,2000-10-16 12:00:00,30.0,5.0
2000-003,2000,BOB,,2000-10-17 15:00:00,14.0,84.0,35.0,998.0,8.0,CS,15,2000-10-18 15:00:00,,,,0.0,2000-10-17 09:00:00,35.0,0.0,2000-10-17 03:00:00,35.0,0.0,2000-10-16 15:00:00,,
2000-003,2000,BOB,,2000-10-17 18:00:00,14.0,84.0,35.0,998.0,8.0,CS,16,2000-10-18 18:00:00,25.0,-10.0,0.0,0.0,2000-10-17 12:00:00,35.0,0.0,2000-10-17 06:00:00,35.0,0.0,2000-10-16 18:00:00,30.0,5.0
2000-003,2000,BOB,,2000-10-17 21:00:00,14.0,84.0,35.0,998.0,8.0,CS,17,2000-10-18 21:00:00,,,,0.0,2000-10-17 15:00:00,35.0,0.0,2000-10-17 09:00:00,35.0,0.0,2000-10-16 21:00:00,,
2000-003,2000,BOB,,2000-10-18 00:00:00,14.5,83.5,35.0,998.0,8.0,CS,18,2000-10-19 00:00:00,,,,0.0,2000-10-17 18:00:00,35.0,0.0,2000-10-17 12:00:00,35.0,0.0,2000-10-17 00:00:00,35.0,0.0
2000-003,2000,BOB,,2000-10-18 03:00:00,14.0,83.5,30.0,1000.0,6.0,DD,19,2000-10-19 03:00:00,25.0,-5.0,0.0,-5.0,2000-10-17 21:00:00,35.0,-5.0,2000-10-17 15:00:00,35.0,-5.0,2000-10-17 03:00:00,35.0,-5.0
2000-003,2000,BOB,,2000-10-18 06:00:00,14.0,83.5,30.0,1000.0,6.0,DD,20,2000-10-19 06:00:00,25.0,-5.0,0.0,0.0,2000-10-18 00:00:00,35.0,-5.0,2000-10-17 18:00:00,35.0,-5.0,2000-10-17 06:00:00,35.0,-5.0
2000-003,2000,BOB,,2000-10-18 12:00:00,14.0,83.0,30.0,998.0,6.0,DD,21,2000-10-19 12:00:00,,,,0.0,2000-10-18 06:00:00,30.0,0.0,2000-10-18 00:00:00,35.0,-5.0,2000-10-17 12:00:00,35.0,-5.0
2000-003,2000,BOB,,2000-10-18 18:00:00,14.5,82.5,25.0,1000.0,4.0,D,22,2000-10-19 18:00:00,,,,-5.0,2000-10-18 12:00:00,30.0,-5.0,2000-10-18 06:00:00,30.0,-5.0,2000-10-17 18:00:00,35.0,-10.0
2000-003,2000,BOB,,2000-10-19 03:00:00,14.5,82.0,25.0,1004.0,4.0,D,23,2000-10-20 03:00:00,,,,0.0,2000-10-18 21:00:00,,,2000-10-18 15:00:00,,,2000-10-18 03:00:00,30.0,-5.0
2000-003,2000,BOB,,2000-10-19 06:00:00,14.5,82.0,25.0,1004.0,4.0,D,24,2000-10-20 06:00:00,,,,0.0,2000-10-19 00:00:00,,,2000-10-18 18:00:00,25.0,0.0,2000-10-18 06:00:00,30.0,-5.0
2000-004,2000,BOB,,2000-10-25 09:00:00,13.5,93.0,25.0,1002.0,4.0,D,0,2000-10-26 09:00:00,,,,,2000-10-25 03:00:00,,,2000-10-24 21:00:00,,,2000-10-24 09:00:00,,
2000-004,2000,BOB,,2000-10-25 12:00:00,14.0,92.5,25.0,1002.0,4.0,D,1,2000-10-26 12:00:00,25.0,0.0,0.0,0.0,2000-10-25 06:00:00,,,2000-10-25 00:00:00,,,2000-10-24 12:00:00,,
2000-004,2000,BOB,,2000-10-25 18:00:00,14.5,92.0,25.0,1002.0,4.0,D,2,2000-10-26 18:00:00,25.0,0.0,0.0,0.0,2000-10-25 12:00:00,25.0,0.0,2000-10-25 06:00:00,,,2000-10-24 18:00:00,,
2000-004,2000,BOB,,2000-10-26 00:00:00,15.0,91.5,25.0,1002.0,4.0,D,3,2000-10-27 00:00:00,25.0,0.0,0.0,0.0,2000-10-25 18:00:00,25.0,0.0,2000-10-25 12:00:00,25.0,0.0,2000-10-25 00:00:00,,
2000-004,2000,BOB,,2000-10-26 03:00:00,15.5,90.5,25.0,1004.0,4.0,D,4,2000-10-27 03:00:00,30.0,5.0,0.0,0.0,2000-10-25 21:00:00,,,2000-10-25 15:00:00,,,2000-10-25 03:00:00,,
2000-004,2000,BOB,,2000-10-26 06:00:00,16.5,90.5,25.0,1002.0,4.0,D,5,2000-10-27 06:00:00,30.0,5.0,0.0,0.0,2000-10-26 00:00:00,25.0,0.0,2000-10-25 18:00:00,25.0,0.0,2000-10-25 06:00:00,,
2000-004,2000,BOB,,2000-10-26 12:00:00,16.5,89.5,25.0,1002.0,4.0,D,6,2000-10-27 12:00:00,30.0,5.0,0.0,0.0,2000-10-26 06:00:00,25.0,0.0,2000-10-26 00:00:00,25.0,0.0,2000-10-25 12:00:00,25.0,0.0
2000-004,2000,BOB,,2000-10-26 18:00:00,17.0,89.0,25.0,1004.0,4.0,D,7,2000-10-27 18:00:00,35.0,10.0,0.0,0.0,2000-10-26 12:00:00,25.0,0.0,2000-10-26 06:00:00,25.0,0.0,2000-10-25 18:00:00,25.0,0.0
2000-004,2000,BOB,,2000-10-27 00:00:00,17.5,88.5,25.0,1002.0,4.0,D,8,2000-10-28 00:00:00,35.0,10.0,0.0,0.0,2000-10-26 18:00:00,25.0,0.0,2000-10-26 12:00:00,25.0,0.0,2000-10-26 00:00:00,25.0,0.0
2000-004,2000,BOB,,2000-10-27 03:00:00,18.0,88.5,30.0,1002.0,6.0,DD,9,2000-10-28 03:00:00,30.0,0.0,0.0,5.0,2000-10-26 21:00:00,,,2000-10-26 15:00:00,,,2000-10-26 03:00:00,25.0,5.0
2000-004,2000,BOB,,2000-10-27 06:00:00,18.5,88.5,30.0,1002.0,6.0,DD,10,2000-10-28 06:00:00,30.0,0.0,0.0,0.0,2000-10-27 00:00:00,25.0,5.0,2000-10-26 18:00:00,25.0,5.0,2000-10-26 06:00:00,25.0,5.0
2000-004,2000,BOB,,2000-10-27 12:00:00,19.0,88.5,30.0,1000.0,6.0,DD,11,2000-10-28 12:00:00,25.0,-5.0,0.0,0.0,2000-10-27 06:00:00,30.0,0.0,2000-10-27 00:00:00,25.0,5.0,2000-10-26 12:00:00,25.0,5.0
2000-004,2000,BOB,,2000-10-27 18:00:00,20.5,88.5,35.0,998.0,8.0,CS,12,2000-10-28 18:00:00,25.0,-10.0,0.0,5.0,2000-10-27 12:00:00,30.0,5.0,2000-10-27 06:00:00,30.0,5.0,2000-10-26 18:00:00,25.0,10.0
2000-004,2000,BOB,,2000-10-27 21:00:00,21.0,88.5,35.0,998.0,8.0,CS,13,2000-10-28 21:00:00,,,,0.0,2000-10-27 15:00:00,,,2000-10-27 09:00:00,,,2000-10-26 21:00:00,,
2000-004,2000,BOB,,2000-10-28 00:00:00,21.5,89.0,35.0,998.0,8.0,CS,14,2000-10-29 00:00:00,25.0,-10.0,0.0,0.0,2000-10-27 18:00:00,35.0,0.0,2000-10-27 12:00:00,30.0,5.0,2000-10-27 00:00:00,25.0,10.0
2000-004,2000,BOB,,2000-10-28 03:00:00,22.5,89.0,30.0,,6.0,DD,15,2000-10-29 03:00:00,,,,-5.0,2000-10-27 21:00:00,35.0,-5.0,2000-10-27 15:00:00,,,2000-10-27 03:00:00,30.0,0.0
2000-004,2000,BOB,,2000-10-28 06:00:00,23.0,89.5,30.0,,6.0,DD,16,2000-10-29 06:00:00,,,,0.0,2000-10-28 00:00:00,35.0,-5.0,2000-10-27 18:00:00,35.0,-5.0,2000-10-27 06:00:00,30.0,0.0
2000-004,2000,BOB,,2000-10-28 12:00:00,23.5,90.5,25.0,,4.0,D,17,2000-10-29 12:00:00,,,,-5.0,2000-10-28 06:00:00,30.0,-5.0,2000-10-28 00:00:00,35.0,-10.0,2000-10-27 12:00:00,30.0,-5.0
2000-004,2000,BOB,,2000-10-28 18:00:00,24.0,93.0,25.0,,4.0,D,18,2000-10-29 18:00:00,,,,0.0,2000-10-28 12:00:00,25.0,0.0,2000-10-28 06:00:00,30.0,-5.0,2000-10-27 18:00:00,35.0,-10.0
2000-004,2000,BOB,,2000-10-29 00:00:00,24.0,94.0,25.0,,4.0,D,19,2000-10-30 00:00:00,,,,0.0,2000-10-28 18:00:00,25.0,0.0,2000-10-28 12:00:00,25.0,0.0,2000-10-28 00:00:00,35.0,-10.0
2000-005,2000,BOB,,2000-11-26 03:00:00,8.5,91.5,25.0,1004.0,4.0,D,0,2000-11-27 03:00:00,30.0,5.0,0.0,,2000-11-25 21:00:00,,,2000-11-25 15:00:00,,,2000-11-25 03:00:00,,
2000-005,2000,BOB,,2000-11-26 06:00:00,9.5,90.5,25.0,1004.0,4.0,D,1,2000-11-27 06:00:00,30.0,5.0,0.0,0.0,2000-11-26 00:00:00,,,2000-11-25 18:00:00,,,2000-11-25 06:00:00,,
2000-005,2000,BOB,,2000-11-26 09:00:00,9.5,91.0,25.0,1004.0,4.0,D,2,2000-11-27 09:00:00,35.0,10.0,0.0,0.0,2000-11-26 03:00:00,25.0,0.0,2000-11-25 21:00:00,,,2000-11-25 09:00:00,,
2000-005,2000,BOB,,2000-11-26 12:00:00,10.0,89.5,25.0,1004.0,4.0,D,3,2000-11-27 12:00:00,45.0,20.0,0.0,0.0,2000-11-26 06:00:00,25.0,0.0,2000-11-26 00:00:00,,,2000-11-25 12:00:00,,
2000-005,2000,BOB,,2000-11-26 15:00:00,10.0,90.0,30.0,1004.0,6.0,DD,4,2000-11-27 15:00:00,45.0,15.0,0.0,5.0,2000-11-26 09:00:00,25.0,5.0,2000-11-26 03:00:00,25.0,5.0,2000-11-25 15:00:00,,
2000-005,2000,BOB,,2000-11-26 18:00:00,10.0,90.0,30.0,1002.0,6.0,DD,5,2000-11-27 18:00:00,45.0,15.0,0.0,0.0,2000-11-26 12:00:00,25.0,5.0,2000-11-26 06:00:00,25.0,5.0,2000-11-25 18:00:00,,
2000-005,2000,BOB,,2000-11-27 00:00:00,10.5,88.0,30.0,1002.0,6.0,DD,6,2000-11-28 00:00:00,55.0,25.0,0.0,0.0,2000-11-26 18:00:00,30.0,0.0,2000-11-26 12:00:00,25.0,5.0,2000-11-26 00:00:00,,
2000-005,2000,BOB,,2000-11-27 03:00:00,11.0,87.5,30.0,1004.0,6.0,DD,7,2000-11-28 03:00:00,55.0,25.0,0.0,0.0,2000-11-26 21:00:00,,,2000-11-26 15:00:00,30.0,0.0,2000-11-26 03:00:00,25.0,5.0
2000-005,2000,BOB,,2000-11-27 06:00:00,11.0,87.0,30.0,1002.0,8.0,DD,8,2000-11-28 06:00:00,65.0,35.0,1.0,0.0,2000-11-27 00:00:00,30.0,0.0,2000-11-26 18:00:00,30.0,0.0,2000-11-26 06:00:00,25.0,5.0
2000-005,2000,BOB,,2000-11-27 09:00:00,11.0,86.5,35.0,998.0,10.0,CS,9,2000-11-28 09:00:00,65.0,30.0,1.0,5.0,2000-11-27 03:00:00,30.0,5.0,2000-11-26 21:00:00,,,2000-11-26 09:00:00,25.0,10.0
2000-005,2000,BOB,,2000-11-27 12:00:00,11.0,86.0,45.0,998.0,10.0,CS,10,2000-11-28 12:00:00,77.0,32.0,1.0,10.0,2000-11-27 06:00:00,30.0,15.0,2000-11-27 00:00:00,30.0,15.0,2000-11-26 12:00:00,25.0,20.0
2000-005,2000,BOB,,2000-11-27 15:00:00,11.0,85.5,45.0,998.0,10.0,CS,11,2000-11-28 15:00:00,90.0,45.0,1.0,0.0,2000-11-27 09:00:00,35.0,10.0,2000-11-27 03:00:00,30.0,15.0,2000-11-26 15:00:00,30.0,15.0
2000-005,2000,BOB,,2000-11-27 18:00:00,11.0,85.0,45.0,998.0,10.0,CS,12,2000-11-28 18:00:00,102.0,57.0,1.0,0.0,2000-11-27 12:00:00,45.0,0.0,2000-11-27 06:00:00,30.0,15.0,2000-11-26 18:00:00,30.0,15.0
2000-005,2000,BOB,,2000-11-27 21:00:00,11.0,84.5,45.0,998.0,10.0,CS,13,2000-11-28 21:00:00,102.0,57.0,1.0,0.0,2000-11-27 15:00:00,45.0,0.0,2000-11-27 09:00:00,35.0,10.0,2000-11-26 21:00:00,,
2000-005,2000,BOB,,2000-11-28 00:00:00,11.5,84.0,55.0,992.0,15.0,SCS,14,2000-11-29 00:00:00,90.0,35.0,1.0,10.0,2000-11-27 18:00:00,45.0,10.0,2000-11-27 12:00:00,45.0,10.0,2000-11-27 00:00:00,30.0,25.0
2000-005,2000,BOB,,2000-11-28 03:00:00,11.5,83.5,55.0,992.0,15.0,SCS,15,2000-11-29 03:00:00,90.0,35.0,1.0,0.0,2000-11-27 21:00:00,45.0,10.0,2000-11-27 15:00:00,45.0,10.0,2000-11-27 03:00:00,30.0,25.0
2000-005,2000,BOB,,2000-11-28 06:00:00,11.5,83.0,65.0,986.0,20.0,VSCS,16,2000-11-29 06:00:00,77.0,12.0,0.0,10.0,2000-11-28 00:00:00,55.0,10.0,2000-11-27 18:00:00,45.0,20.0,2000-11-27 06:00:00,30.0,35.0
2000-005,2000,BOB,,2000-11-28 09:00:00,11.5,82.5,65.0,986.0,20.0,VSCS,17,2000-11-29 09:00:00,77.0,12.0,0.0,0.0,2000-11-28 03:00:00,55.0,10.0,2000-11-27 21:00:00,45.0,20.0,2000-11-27 09:00:00,35.0,30.0
2000-005,2000,BOB,,2000-11-28 12:00:00,11.5,82.0,77.0,978.0,30.0,VSCS,18,2000-11-29 12:00:00,55.0,-22.0,0.0,12.0,2000-11-28 06:00:00,65.0,12.0,2000-11-28 00:00:00,55.0,22.0,2000-11-27 12:00:00,45.0,32.0
2000-005,2000,BOB,,2000-11-28 15:00:00,11.5,81.8,90.0,968.0,40.0,ESCS,19,2000-11-29 15:00:00,,,,13.0,2000-11-28 09:00:00,65.0,25.0,2000-11-28 03:00:00,55.0,35.0,2000-11-27 15:00:00,45.0,45.0
2000-005,2000,BOB,,2000-11-28 18:00:00,11.5,81.5,102.0,958.0,52.0,ESCS,20,2000-11-29 18:00:00,45.0,-57.0,0.0,12.0,2000-11-28 12:00:00,77.0,25.0,2000-11-28 06:00:00,65.0,37.0,2000-11-27 18:00:00,45.0,57.0
2000-005,2000,BOB,,2000-11-28 21:00:00,11.5,81.2,102.0,958.0,52.0,ESCS,21,2000-11-29 21:00:00,,,,0.0,2000-11-28 15:00:00,90.0,12.0,2000-11-28 09:00:00,65.0,37.0,2000-11-27 21:00:00,45.0,57.0
2000-005,2000,BOB,,2000-11-29 00:00:00,11.5,81.0,90.0,968.0,40.0,ESCS,22,2000-11-30 00:00:00,,,,-12.0,2000-11-28 18:00:00,102.0,-12.0,2000-11-28 12:00:00,77.0,13.0,2000-11-28 00:00:00,55.0,35.0
2000-005,2000,BOB,,2000-11-29 03:00:00,11.5,80.5,90.0,966.0,40.0,ESCS,23,2000-11-30 03:00:00,30.0,-60.0,0.0,0.0,2000-11-28 21:00:00,102.0,-12.0,2000-11-28 15:00:00,90.0,0.0,2000-11-28 03:00:00,55.0,35.0
2000-005,2000,BOB,,2000-11-29 06:00:00,11.5,80.5,77.0,976.0,30.0,VSCS,24,2000-11-30 06:00:00,25.0,-52.0,0.0,-13.0,2000-11-29 00:00:00,90.0,-13.0,2000-11-28 18:00:00,102.0,-25.0,2000-11-28 06:00:00,65.0,12.0
2000-005,2000,BOB,,2000-11-29 09:00:00,11.5,80.0,77.0,976.0,30.0,VSCS,25,2000-11-30 09:00:00,,,,0.0,2000-11-29 03:00:00,90.0,-13.0,2000-11-28 21:00:00,102.0,-25.0,2000-11-28 09:00:00,65.0,12.0
2000-005,2000,BOB,,2000-11-29 12:00:00,11.5,80.0,55.0,998.0,10.0,SCS,26,2000-11-30 12:00:00,,,,-22.0,2000-11-29 06:00:00,77.0,-22.0,2000-11-29 00:00:00,90.0,-35.0,2000-11-28 12:00:00,77.0,-22.0
2000-005,2000,BOB,,2000-11-29 18:00:00,11.0,78.5,45.0,998.0,10.0,CS,27,2000-11-30 18:00:00,,,,-10.0,2000-11-29 12:00:00,55.0,-10.0,2000-11-29 06:00:00,77.0,-32.0,2000-11-28 18:00:00,102.0,-57.0
2000-005,2000,BOB,,2000-11-30 03:00:00,11.5,78.0,30.0,1002.0,4.0,DD,28,2000-12-01 03:00:00,,,,-15.0,2000-11-29 21:00:00,,,2000-11-29 15:00:00,,,2000-11-29 03:00:00,90.0,-60.0
2000-005,2000,BOB,,2000-11-30 06:00:00,11.5,77.0,25.0,1004.0,2.0,D,29,2000-12-01 06:00:00,,,,-5.0,2000-11-30 00:00:00,,,2000-11-29 18:00:00,45.0,-20.0,2000-11-29 06:00:00,77.0,-52.0
2000-006,2000,BOB,,2000-12-23 03:00:00,8.0,86.0,25.0,1006.0,4.0,D,0,2000-12-24 03:00:00,30.0,5.0,0.0,,2000-12-22 21:00:00,,,2000-12-22 15:00:00,,,2000-12-22 03:00:00,,
2000-006,2000,BOB,,2000-12-23 06:00:00,8.0,86.0,25.0,1006.0,4.0,D,1,2000-12-24 06:00:00,30.0,5.0,0.0,0.0,2000-12-23 00:00:00,,,2000-12-22 18:00:00,,,2000-12-22 06:00:00,,
2000-006,2000,BOB,,2000-12-23 12:00:00,8.0,85.0,25.0,1006.0,4.0,D,2,2000-12-24 12:00:00,30.0,5.0,0.0,0.0,2000-12-23 06:00:00,25.0,0.0,2000-12-23 00:00:00,,,2000-12-22 12:00:00,,
2000-006,2000,BOB,,2000-12-23 18:00:00,8.0,84.5,25.0,1006.0,4.0,D,3,2000-12-24 18:00:00,30.0,5.0,0.0,0.0,2000-12-23 12:00:00,25.0,0.0,2000-12-23 06:00:00,25.0,0.0,2000-12-22 18:00:00,,
2000-006,2000,BOB,,2000-12-24 00:00:00,8.0,84.0,30.0,1004.0,6.0,DD,4,2000-12-25 00:00:00,30.0,0.0,0.0,5.0,2000-12-23 18:00:00,25.0,5.0,2000-12-23 12:00:00,25.0,5.0,2000-12-23 00:00:00,,
2000-006,2000,BOB,,2000-12-24 03:00:00,8.5,84.0,30.0,1004.0,6.0,DD,5,2000-12-25 03:00:00,35.0,5.0,0.0,0.0,2000-12-23 21:00:00,,,2000-12-23 15:00:00,,,2000-12-23 03:00:00,25.0,5.0
2000-006,2000,BOB,,2000-12-24 06:00:00,8.5,84.0,30.0,1004.0,6.0,DD,6,2000-12-25 06:00:00,45.0,15.0,0.0,0.0,2000-12-24 00:00:00,30.0,0.0,2000-12-23 18:00:00,25.0,5.0,2000-12-23 06:00:00,25.0,5.0
2000-006,2000,BOB,,2000-12-24 12:00:00,8.5,83.5,30.0,1004.0,6.0,DD,7,2000-12-25 12:00:00,55.0,25.0,0.0,0.0,2000-12-24 06:00:00,30.0,0.0,2000-12-24 00:00:00,30.0,0.0,2000-12-23 12:00:00,25.0,5.0
2000-006,2000,BOB,,2000-12-24 18:00:00,8.5,83.5,30.0,1004.0,6.0,DD,8,2000-12-25 18:00:00,65.0,35.0,1.0,0.0,2000-12-24 12:00:00,30.0,0.0,2000-12-24 06:00:00,30.0,0.0,2000-12-23 18:00:00,25.0,5.0
2000-006,2000,BOB,,2000-12-25 00:00:00,8.5,83.0,30.0,1004.0,6.0,DD,9,2000-12-26 00:00:00,65.0,35.0,1.0,0.0,2000-12-24 18:00:00,30.0,0.0,2000-12-24 12:00:00,30.0,0.0,2000-12-24 00:00:00,30.0,0.0
2000-006,2000,BOB,,2000-12-25 03:00:00,8.5,83.0,35.0,1004.0,6.0,CS,10,2000-12-26 03:00:00,65.0,30.0,1.0,5.0,2000-12-24 21:00:00,,,2000-12-24 15:00:00,,,2000-12-24 03:00:00,30.0,5.0
2000-006,2000,BOB,,2000-12-25 06:00:00,8.5,83.0,45.0,1000.0,10.0,CS,11,2000-12-26 06:00:00,77.0,32.0,1.0,10.0,2000-12-25 00:00:00,30.0,15.0,2000-12-24 18:00:00,30.0,15.0,2000-12-24 06:00:00,30.0,15.0
2000-006,2000,BOB,,2000-12-25 12:00:00,8.5,83.0,55.0,994.0,16.0,SCS,12,2000-12-26 12:00:00,90.0,35.0,1.0,10.0,2000-12-25 06:00:00,45.0,10.0,2000-12-25 00:00:00,30.0,25.0,2000-12-24 12:00:00,30.0,25.0
2000-006,2000,BOB,,2000-12-25 18:00:00,8.5,83.0,65.0,990.0,20.0,VSCS,13,2000-12-26 18:00:00,77.0,12.0,0.0,10.0,2000-12-25 12:00:00,55.0,10.0,2000-12-25 06:00:00,45.0,20.0,2000-12-24 18:00:00,30.0,35.0
2000-006,2000,BOB,,2000-12-26 00:00:00,8.5,82.5,65.0,990.0,20.0,VSCS,14,2000-12-27 00:00:00,77.0,12.0,0.0,0.0,2000-12-25 18:00:00,65.0,0.0,2000-12-25 12:00:00,55.0,10.0,2000-12-25 00:00:00,30.0,35.0
2000-006,2000,BOB,,2000-12-26 03:00:00,8.5,82.5,65.0,990.0,20.0,VSCS,15,2000-12-27 03:00:00,77.0,12.0,0.0,0.0,2000-12-25 21:00:00,,,2000-12-25 15:00:00,,,2000-12-25 03:00:00,35.0,30.0
2000-006,2000,BOB,,2000-12-26 06:00:00,8.5,82.0,77.0,982.0,30.0,VSCS,16,2000-12-27 06:00:00,77.0,0.0,0.0,12.0,2000-12-26 00:00:00,65.0,12.0,2000-12-25 18:00:00,65.0,12.0,2000-12-25 06:00:00,45.0,32.0
2000-006,2000,BOB,,2000-12-26 09:00:00,8.5,81.5,77.0,982.0,28.0,VSCS,17,2000-12-27 09:00:00,77.0,0.0,0.0,0.0,2000-12-26 03:00:00,65.0,12.0,2000-12-25 21:00:00,,,2000-12-25 09:00:00,,
2000-006,2000,BOB,,2000-12-26 12:00:00,8.5,81.0,90.0,970.0,40.0,ESCS,18,2000-12-27 12:00:00,65.0,-25.0,0.0,13.0,2000-12-26 06:00:00,77.0,13.0,2000-12-26 00:00:00,65.0,25.0,2000-12-25 12:00:00,55.0,35.0
2000-006,2000,BOB,,2000-12-26 15:00:00,8.5,81.0,90.0,970.0,40.0,ESCS,19,2000-12-27 15:00:00,55.0,-35.0,0.0,0.0,2000-12-26 09:00:00,77.0,13.0,2000-12-26 03:00:00,65.0,25.0,2000-12-25 15:00:00,,
2000-006,2000,BOB,,2000-12-26 18:00:00,8.5,81.0,77.0,982.0,30.0,VSCS,20,2000-12-27 18:00:00,55.0,-22.0,0.0,-13.0,2000-12-26 12:00:00,90.0,-13.0,2000-12-26 06:00:00,77.0,0.0,2000-12-25 18:00:00,65.0,12.0
2000-006,2000,BOB,,2000-12-26 21:00:00,8.5,81.0,77.0,982.0,28.0,VSCS,21,2000-12-27 21:00:00,55.0,-22.0,0.0,0.0,2000-12-26 15:00:00,90.0,-13.0,2000-12-26 09:00:00,77.0,0.0,2000-12-25 21:00:00,,
2000-006,2000,BOB,,2000-12-27 00:00:00,8.5,81.0,77.0,984.0,28.0,VSCS,22,2000-12-28 00:00:00,35.0,-42.0,0.0,0.0,2000-12-26 18:00:00,77.0,0.0,2000-12-26 12:00:00,90.0,-13.0,2000-12-26 00:00:00,65.0,12.0
2000-006,2000,BOB,,2000-12-27 03:00:00,8.5,80.0,77.0,986.0,24.0,VSCS,23,2000-12-28 03:00:00,35.0,-42.0,0.0,0.0,2000-12-26 21:00:00,77.0,0.0,2000-12-26 15:00:00,90.0,-13.0,2000-12-26 03:00:00,65.0,12.0
2000-006,2000,BOB,,2000-12-27 06:00:00,8.5,79.5,77.0,986.0,24.0,VSCS,24,2000-12-28 06:00:00,30.0,-47.0,0.0,0.0,2000-12-27 00:00:00,77.0,0.0,2000-12-26 18:00:00,77.0,0.0,2000-12-26 06:00:00,77.0,0.0
2000-006,2000,BOB,,2000-12-27 09:00:00,8.5,79.0,77.0,988.0,22.0,VSCS,25,2000-12-28 09:00:00,,,,0.0,2000-12-27 03:00:00,77.0,0.0,2000-12-26 21:00:00,77.0,0.0,2000-12-26 09:00:00,77.0,0.0
2000-006,2000,BOB,,2000-12-27 12:00:00,8.5,78.5,65.0,990.0,20.0,SCS,26,2000-12-28 12:00:00,25.0,-40.0,0.0,-12.0,2000-12-27 06:00:00,77.0,-12.0,2000-12-27 00:00:00,77.0,-12.0,2000-12-26 12:00:00,90.0,-25.0
2000-006,2000,BOB,,2000-12-27 15:00:00,8.5,78.5,55.0,996.0,16.0,SCS,27,2000-12-28 15:00:00,,,,-10.0,2000-12-27 09:00:00,77.0,-22.0,2000-12-27 03:00:00,77.0,-22.0,2000-12-26 15:00:00,90.0,-35.0
2000-006,2000,BOB,,2000-12-27 18:00:00,8.5,78.5,55.0,998.0,14.0,SCS,28,2000-12-28 18:00:00,,,,0.0,2000-12-27 12:00:00,65.0,-10.0,2000-12-27 06:00:00,77.0,-22.0,2000-12-26 18:00:00,77.0,-22.0
2000-006,2000,BOB,,2000-12-27 21:00:00,8.5,78.0,55.0,1002.0,10.0,CS,29,2000-12-28 21:00:00,,,,0.0,2000-12-27 15:00:00,55.0,0.0,2000-12-27 09:00:00,77.0,-22.0,2000-12-26 21:00:00,77.0,-22.0
2000-006,2000,BOB,,2000-12-28 00:00:00,8.5,77.5,35.0,1004.0,8.0,CS,30,2000-12-29 00:00:00,,,,-20.0,2000-12-27 18:00:00,55.0,-20.0,2000-12-27 12:00:00,65.0,-30.0,2000-12-27 00:00:00,77.0,-42.0
2000-006,2000,BOB,,2000-12-28 03:00:00,8.5,77.5,35.0,1004.0,8.0,CS,31,2000-12-29 03:00:00,,,,0.0,2000-12-27 21:00:00,55.0,-20.0,2000-12-27 15:00:00,55.0,-20.0,2000-12-27 03:00:00,77.0,-42.0
2000-006,2000,BOB,,2000-12-28 06:00:00,8.5,77.0,30.0,1004.0,6.0,DD,32,2000-12-29 06:00:00,,,,-5.0,2000-12-28 00:00:00,35.0,-5.0,2000-12-27 18:00:00,55.0,-25.0,2000-12-27 06:00:00,77.0,-47.0
2000-006,2000,BOB,,2000-12-28 12:00:00,9.0,76.5,25.0,1006.0,4.0,D,33,2000-12-29 12:00:00,,,,-5.0,2000-12-28 06:00:00,30.0,-5.0,2000-12-28 00:00:00,35.0,-10.0,2000-12-27 12:00:00,65.0,-40.0
2000-006,2000,BOB,,2000-12-29 00:00:00,9.0,75.5,,1002.0,,,34,2000-12-30 00:00:00,,,,,2000-12-28 18:00:00,,,2000-12-28 12:00:00,25.0,,2000-12-28 00:00:00,35.0,
2001-002,2001,BOB,,2001-06-12 03:00:00,19.5,87.0,25.0,990.0,4.0,D,0,2001-06-13 03:00:00,25.0,0.0,0.0,,2001-06-11 21:00:00,,,2001-06-11 15:00:00,,,2001-06-11 03:00:00,,
2001-002,2001,BOB,,2001-06-12 12:00:00,20.0,86.5,25.0,990.0,4.0,D,1,2001-06-13 12:00:00,,,,0.0,2001-06-12 06:00:00,,,2001-06-12 00:00:00,,,2001-06-11 12:00:00,,
2001-002,2001,BOB,,2001-06-13 03:00:00,21.0,85.5,25.0,994.0,4.0,D,2,2001-06-14 03:00:00,,,,0.0,2001-06-12 21:00:00,,,2001-06-12 15:00:00,,,2001-06-12 03:00:00,25.0,0.0
2001-002,2001,BOB,,2001-06-13 09:00:00,21.0,85.0,25.0,994.0,4.0,D,3,2001-06-14 09:00:00,,,,0.0,2001-06-13 03:00:00,25.0,0.0,2001-06-12 21:00:00,,,2001-06-12 09:00:00,,
2001-002,2001,BOB,,2001-06-13 12:00:00,21.5,84.5,,,,,4,2001-06-14 12:00:00,,,,,2001-06-13 06:00:00,,,2001-06-13 00:00:00,,,2001-06-12 12:00:00,25.0,
2001-005,2001,BOB,,2001-10-14 12:00:00,13.5,84.0,25.0,1000.0,4.0,D,0,2001-10-15 12:00:00,35.0,10.0,0.0,,2001-10-14 06:00:00,,,2001-10-14 00:00:00,,,2001-10-13 12:00:00,,
2001-005,2001,BOB,,2001-10-14 18:00:00,13.5,83.0,25.0,1002.0,4.0,D,1,2001-10-15 18:00:00,35.0,10.0,0.0,0.0,2001-10-14 12:00:00,25.0,0.0,2001-10-14 06:00:00,,,2001-10-13 18:00:00,,
2001-005,2001,BOB,,2001-10-15 00:00:00,13.5,83.0,25.0,1002.0,4.0,D,2,2001-10-16 00:00:00,35.0,10.0,0.0,0.0,2001-10-14 18:00:00,25.0,0.0,2001-10-14 12:00:00,25.0,0.0,2001-10-14 00:00:00,,
2001-005,2001,BOB,,2001-10-15 03:00:00,13.5,82.5,25.0,1002.0,4.0,D,3,2001-10-16 03:00:00,35.0,10.0,0.0,0.0,2001-10-14 21:00:00,,,2001-10-14 15:00:00,,,2001-10-14 03:00:00,,
2001-005,2001,BOB,,2001-10-15 06:00:00,13.5,82.0,25.0,1002.0,6.0,D,4,2001-10-16 06:00:00,35.0,10.0,0.0,0.0,2001-10-15 00:00:00,25.0,0.0,2001-10-14 18:00:00,25.0,0.0,2001-10-14 06:00:00,,
2001-005,2001,BOB,,2001-10-15 09:00:00,13.5,81.5,30.0,1000.0,6.0,DD,5,2001-10-16 09:00:00,35.0,5.0,0.0,5.0,2001-10-15 03:00:00,25.0,5.0,2001-10-14 21:00:00,,,2001-10-14 09:00:00,,
2001-005,2001,BOB,,2001-10-15 12:00:00,13.7,81.0,35.0,998.0,8.0,CS,6,2001-10-16 12:00:00,30.0,-5.0,0.0,5.0,2001-10-15 06:00:00,25.0,10.0,2001-10-15 00:00:00,25.0,10.0,2001-10-14 12:00:00,25.0,10.0
2001-005,2001,BOB,,2001-10-15 15:00:00,14.0,80.5,35.0,998.0,8.0,CS,7,2001-10-16 15:00:00,,,,0.0,2001-10-15 09:00:00,30.0,5.0,2001-10-15 03:00:00,25.0,10.0,2001-10-14 15:00:00,,
2001-005,2001,BOB,,2001-10-15 18:00:00,14.0,80.0,35.0,998.0,8.0,CS,8,2001-10-16 18:00:00,25.0,-10.0,0.0,0.0,2001-10-15 12:00:00,35.0,0.0,2001-10-15 06:00:00,25.0,10.0,2001-10-14 18:00:00,25.0,10.0
2001-005,2001,BOB,,2001-10-15 21:00:00,14.0,80.0,35.0,998.0,8.0,CS,9,2001-10-16 21:00:00,,,,0.0,2001-10-15 15:00:00,35.0,0.0,2001-10-15 09:00:00,30.0,5.0,2001-10-14 21:00:00,,
2001-005,2001,BOB,,2001-10-16 00:00:00,14.0,79.5,35.0,1000.0,8.0,CS,10,2001-10-17 00:00:00,,,,0.0,2001-10-15 18:00:00,35.0,0.0,2001-10-15 12:00:00,35.0,0.0,2001-10-15 00:00:00,25.0,10.0
2001-005,2001,BOB,,2001-10-16 03:00:00,14.0,79.5,35.0,1000.0,8.0,CS,11,2001-10-17 03:00:00,,,,0.0,2001-10-15 21:00:00,35.0,0.0,2001-10-15 15:00:00,35.0,0.0,2001-10-15 03:00:00,25.0,10.0
2001-005,2001,BOB,,2001-10-16 06:00:00,14.0,79.5,35.0,1000.0,8.0,CS,12,2001-10-17 06:00:00,,,,0.0,2001-10-16 00:00:00,35.0,0.0,2001-10-15 18:00:00,35.0,0.0,2001-10-15 06:00:00,25.0,10.0
2001-005,2001,BOB,,2001-10-16 09:00:00,14.5,79.5,35.0,1000.0,8.0,CS,13,2001-10-17 09:00:00,,,,0.0,2001-10-16 03:00:00,35.0,0.0,2001-10-15 21:00:00,35.0,0.0,2001-10-15 09:00:00,30.0,5.0
2001-005,2001,BOB,,2001-10-16 12:00:00,14.5,79.5,30.0,1002.0,6.0,DD,14,2001-10-17 12:00:00,,,,-5.0,2001-10-16 06:00:00,35.0,-5.0,2001-10-16 00:00:00,35.0,-5.0,2001-10-15 12:00:00,35.0,-5.0
2001-005,2001,BOB,,2001-10-16 18:00:00,15.0,79.0,25.0,1004.0,4.0,D,15,2001-10-17 18:00:00,,,,-5.0,2001-10-16 12:00:00,30.0,-5.0,2001-10-16 06:00:00,35.0,-10.0,2001-10-15 18:00:00,35.0,-10.0
2001-006,2001,BOB,,2001-11-11 03:00:00,16.5,83.0,25.0,1004.0,4.0,D,0,2001-11-12 03:00:00,,,,,2001-11-10 21:00:00,,,2001-11-10 15:00:00,,,2001-11-10 03:00:00,,
2001-006,2001,BOB,,2001-11-11 06:00:00,17.0,83.5,25.0,1006.0,4.0,D,1,2001-11-12 06:00:00,,,,0.0,2001-11-11 00:00:00,,,2001-11-10 18:00:00,,,2001-11-10 06:00:00,,
2001-006,2001,BOB,,2001-11-11 12:00:00,17.5,84.5,25.0,1004.0,4.0,D,2,2001-11-12 12:00:00,,,,0.0,2001-11-11 06:00:00,25.0,0.0,2001-11-11 00:00:00,,,2001-11-10 12:00:00,,
2001-006,2001,BOB,,2001-11-11 18:00:00,18.0,85.0,25.0,1004.0,4.0,D,3,2001-11-12 18:00:00,,,,0.0,2001-11-11 12:00:00,25.0,0.0,2001-11-11 06:00:00,25.0,0.0,2001-11-10 18:00:00,,
2001-006,2001,BOB,,2001-11-12 00:00:00,18.5,85.5,25.0,1004.0,4.0,D,4,2001-11-13 00:00:00,,,,0.0,2001-11-11 18:00:00,25.0,0.0,2001-11-11 12:00:00,25.0,0.0,2001-11-11 00:00:00,,
2002-002,2002,BOB,,2002-05-11 03:00:00,12.0,96.0,25.0,1006.0,4.0,D,0,2002-05-12 03:00:00,30.0,5.0,0.0,,2002-05-10 21:00:00,,,2002-05-10 15:00:00,,,2002-05-10 03:00:00,,
2002-002,2002,BOB,,2002-05-11 06:00:00,13.0,96.5,25.0,1006.0,4.0,D,1,2002-05-12 06:00:00,,,,0.0,2002-05-11 00:00:00,,,2002-05-10 18:00:00,,,2002-05-10 06:00:00,,
2002-002,2002,BOB,,2002-05-11 12:00:00,14.5,96.5,30.0,1004.0,6.0,DD,2,2002-05-12 12:00:00,,,,5.0,2002-05-11 06:00:00,25.0,5.0,2002-05-11 00:00:00,,,2002-05-10 12:00:00,,
2002-002,2002,BOB,,2002-05-11 18:00:00,15.5,96.5,30.0,1004.0,6.0,DD,3,2002-05-12 18:00:00,,,,0.0,2002-05-11 12:00:00,30.0,0.0,2002-05-11 06:00:00,25.0,5.0,2002-05-10 18:00:00,,
2002-002,2002,BOB,,2002-05-12 00:00:00,16.0,96.5,30.0,1004.0,6.0,DD,4,2002-05-13 00:00:00,,,,0.0,2002-05-11 18:00:00,30.0,0.0,2002-05-11 12:00:00,30.0,0.0,2002-05-11 00:00:00,,
2002-002,2002,BOB,,2002-05-12 03:00:00,17.5,97.0,30.0,1004.0,6.0,DD,5,2002-05-13 03:00:00,,,,0.0,2002-05-11 21:00:00,,,2002-05-11 15:00:00,,,2002-05-11 03:00:00,25.0,5.0
2002-003,2002,BOB,,2002-10-22 09:00:00,13.5,81.5,25.0,1002.0,4.0,D,0,2002-10-23 09:00:00,,,,,2002-10-22 03:00:00,,,2002-10-21 21:00:00,,,2002-10-21 09:00:00,,
2002-003,2002,BOB,,2002-10-22 12:00:00,13.5,81.5,25.0,1002.0,4.0,D,1,2002-10-23 12:00:00,25.0,0.0,0.0,0.0,2002-10-22 06:00:00,,,2002-10-22 00:00:00,,,2002-10-21 12:00:00,,
2002-003,2002,BOB,,2002-10-22 18:00:00,14.0,81.5,25.0,1004.0,4.0,D,2,2002-10-23 18:00:00,25.0,0.0,0.0,0.0,2002-10-22 12:00:00,25.0,0.0,2002-10-22 06:00:00,,,2002-10-21 18:00:00,,
2002-003,2002,BOB,,2002-10-23 03:00:00,14.0,81.5,25.0,1004.0,4.0,D,3,2002-10-24 03:00:00,,,,0.0,2002-10-22 21:00:00,,,2002-10-22 15:00:00,,,2002-10-22 03:00:00,,
2002-003,2002,BOB,,2002-10-23 06:00:00,14.0,81.5,25.0,1004.0,4.0,D,4,2002-10-24 06:00:00,,,,0.0,2002-10-23 00:00:00,,,2002-10-22 18:00:00,25.0,0.0,2002-10-22 06:00:00,,
2002-003,2002,BOB,,2002-10-23 12:00:00,14.0,81.5,25.0,1002.0,4.0,D,5,2002-10-24 12:00:00,,,,0.0,2002-10-23 06:00:00,25.0,0.0,2002-10-23 00:00:00,,,2002-10-22 12:00:00,25.0,0.0
2002-003,2002,BOB,,2002-10-23 18:00:00,14.0,81.5,25.0,1004.0,4.0,D,6,2002-10-24 18:00:00,,,,0.0,2002-10-23 12:00:00,25.0,0.0,2002-10-23 06:00:00,25.0,0.0,2002-10-22 18:00:00,25.0,0.0
2002-004,2002,BOB,,2002-11-10 03:00:00,12.0,82.5,25.0,1004.0,4.0,D,0,2002-11-11 03:00:00,30.0,5.0,0.0,,2002-11-09 21:00:00,,,2002-11-09 15:00:00,,,2002-11-09 03:00:00,,
2002-004,2002,BOB,,2002-11-10 06:00:00,12.0,82.5,25.0,1004.0,4.0,D,1,2002-11-11 06:00:00,30.0,5.0,0.0,0.0,2002-11-10 00:00:00,,,2002-11-09 18:00:00,,,2002-11-09 06:00:00,,
2002-004,2002,BOB,,2002-11-10 12:00:00,12.0,82.5,30.0,1002.0,6.0,DD,2,2002-11-11 12:00:00,45.0,15.0,0.0,5.0,2002-11-10 06:00:00,25.0,5.0,2002-11-10 00:00:00,,,2002-11-09 12:00:00,,
2002-004,2002,BOB,,2002-11-10 18:00:00,12.5,82.5,30.0,1004.0,6.0,DD,3,2002-11-11 18:00:00,45.0,15.0,0.0,0.0,2002-11-10 12:00:00,30.0,0.0,2002-11-10 06:00:00,25.0,5.0,2002-11-09 18:00:00,,
2002-004,2002,BOB,,2002-11-11 00:00:00,13.5,82.5,30.0,1004.0,6.0,DD,4,2002-11-12 00:00:00,45.0,15.0,0.0,0.0,2002-11-10 18:00:00,30.0,0.0,2002-11-10 12:00:00,30.0,0.0,2002-11-10 00:00:00,,
2002-004,2002,BOB,,2002-11-11 03:00:00,14.0,83.0,30.0,1004.0,6.0,DD,5,2002-11-12 03:00:00,45.0,15.0,0.0,0.0,2002-11-10 21:00:00,,,2002-11-10 15:00:00,,,2002-11-10 03:00:00,25.0,5.0
2002-004,2002,BOB,,2002-11-11 06:00:00,14.5,83.5,30.0,1004.0,6.0,DD,6,2002-11-12 06:00:00,55.0,25.0,0.0,0.0,2002-11-11 00:00:00,30.0,0.0,2002-11-10 18:00:00,30.0,0.0,2002-11-10 06:00:00,25.0,5.0
2002-004,2002,BOB,,2002-11-11 09:00:00,15.0,84.0,30.0,998.0,6.0,DD,7,2002-11-12 09:00:00,,,,0.0,2002-11-11 03:00:00,30.0,0.0,2002-11-10 21:00:00,,,2002-11-10 09:00:00,,
2002-004,2002,BOB,,2002-11-11 12:00:00,16.0,84.5,45.0,996.0,10.0,CS,8,2002-11-12 12:00:00,,,,15.0,2002-11-11 06:00:00,30.0,15.0,2002-11-11 00:00:00,30.0,15.0,2002-11-10 12:00:00,30.0,15.0
2002-004,2002,BOB,,2002-11-11 15:00:00,16.0,84.0,45.0,996.0,10.0,CS,9,2002-11-12 15:00:00,,,,0.0,2002-11-11 09:00:00,30.0,15.0,2002-11-11 03:00:00,30.0,15.0,2002-11-10 15:00:00,,
2002-004,2002,BOB,,2002-11-11 18:00:00,16.0,84.0,45.0,996.0,10.0,CS,10,2002-11-12 18:00:00,,,,0.0,2002-11-11 12:00:00,45.0,0.0,2002-11-11 06:00:00,30.0,15.0,2002-11-10 18:00:00,30.0,15.0
2002-004,2002,BOB,,2002-11-11 21:00:00,16.5,84.0,45.0,996.0,10.0,CS,11,2002-11-12 21:00:00,,,,0.0,2002-11-11 15:00:00,45.0,0.0,2002-11-11 09:00:00,30.0,15.0,2002-11-10 21:00:00,,
2002-004,2002,BOB,,2002-11-12 00:00:00,19.0,86.5,45.0,996.0,10.0,CS,12,2002-11-13 00:00:00,,,,0.0,2002-11-11 18:00:00,45.0,0.0,2002-11-11 12:00:00,45.0,0.0,2002-11-11 00:00:00,30.0,15.0
2002-004,2002,BOB,,2002-11-12 03:00:00,20.0,87.0,45.0,996.0,10.0,CS,13,2002-11-13 03:00:00,,,,0.0,2002-11-11 21:00:00,45.0,0.0,2002-11-11 15:00:00,45.0,0.0,2002-11-11 03:00:00,30.0,15.0
2002-004,2002,BOB,,2002-11-12 06:00:00,21.0,87.5,55.0,990.0,15.0,SCS,14,2002-11-13 06:00:00,,,,10.0,2002-11-12 00:00:00,45.0,10.0,2002-11-11 18:00:00,45.0,10.0,2002-11-11 06:00:00,30.0,25.0
2002-004,2002,BOB,,2002-11-12 09:00:00,22.5,88.5,,,8.0,CS,15,2002-11-13 09:00:00,,,,,2002-11-12 03:00:00,45.0,,2002-11-11 21:00:00,45.0,,2002-11-11 09:00:00,30.0,
2002-004,2002,BOB,,2002-11-12 12:00:00,24.0,90.0,,,6.0,DD,16,2002-11-13 12:00:00,,,,,2002-11-12 06:00:00,55.0,,2002-11-12 00:00:00,45.0,,2002-11-11 12:00:00,45.0,
2002-004,2002,BOB,,2002-11-12 15:00:00,25.0,91.5,,,6.0,D,17,2002-11-13 15:00:00,,,,,2002-11-12 09:00:00,,,2002-11-12 03:00:00,45.0,,2002-11-11 15:00:00,45.0,
2002-005,2002,BOB,,2002-11-23 03:00:00,10.0,87.0,25.0,1004.0,4.0,D,0,2002-11-24 03:00:00,35.0,10.0,0.0,,2002-11-22 21:00:00,,,2002-11-22 15:00:00,,,2002-11-22 03:00:00,,
2002-005,2002,BOB,,2002-11-23 06:00:00,10.5,87.0,25.0,1004.0,4.0,D,1,2002-11-24 06:00:00,35.0,10.0,0.0,0.0,2002-11-23 00:00:00,,,2002-11-22 18:00:00,,,2002-11-22 06:00:00,,
2002-005,2002,BOB,,2002-11-23 12:00:00,12.0,87.0,25.0,1002.0,4.0,D,2,2002-11-24 12:00:00,35.0,10.0,0.0,0.0,2002-11-23 06:00:00,25.0,0.0,2002-11-23 00:00:00,,,2002-11-22 12:00:00,,
2002-005,2002,BOB,,2002-11-23 18:00:00,12.5,87.0,30.0,1002.0,6.0,DD,3,2002-11-24 18:00:00,35.0,5.0,0.0,5.0,2002-11-23 12:00:00,25.0,5.0,2002-11-23 06:00:00,25.0,5.0,2002-11-22 18:00:00,,
2002-005,2002,BOB,,2002-11-23 21:00:00,12.5,87.5,30.0,1002.0,6.0,DD,4,2002-11-24 21:00:00,,,,0.0,2002-11-23 15:00:00,,,2002-11-23 09:00:00,,,2002-11-22 21:00:00,,
2002-005,2002,BOB,,2002-11-24 00:00:00,13.0,87.5,30.0,1002.0,6.0,DD,5,2002-11-25 00:00:00,35.0,5.0,0.0,0.0,2002-11-23 18:00:00,30.0,0.0,2002-11-23 12:00:00,25.0,5.0,2002-11-23 00:00:00,,
2002-005,2002,BOB,,2002-11-24 03:00:00,13.0,87.5,35.0,1002.0,8.0,CS,6,2002-11-25 03:00:00,35.0,0.0,0.0,5.0,2002-11-23 21:00:00,30.0,5.0,2002-11-23 15:00:00,,,2002-11-23 03:00:00,25.0,10.0
2002-005,2002,BOB,,2002-11-24 06:00:00,13.5,87.5,35.0,1002.0,8.0,CS,7,2002-11-25 06:00:00,35.0,0.0,0.0,0.0,2002-11-24 00:00:00,30.0,5.0,2002-11-23 18:00:00,30.0,5.0,2002-11-23 06:00:00,25.0,10.0
2002-005,2002,BOB,,2002-11-24 09:00:00,14.0,87.5,35.0,1000.0,8.0,CS,8,2002-11-25 09:00:00,35.0,0.0,0.0,0.0,2002-11-24 03:00:00,35.0,0.0,2002-11-23 21:00:00,30.0,5.0,2002-11-23 09:00:00,,
2002-005,2002,BOB,,2002-11-24 12:00:00,15.0,88.0,35.0,1000.0,8.0,CS,9,2002-11-25 12:00:00,35.0,0.0,0.0,0.0,2002-11-24 06:00:00,35.0,0.0,2002-11-24 00:00:00,30.0,5.0,2002-11-23 12:00:00,25.0,10.0
2002-005,2002,BOB,,2002-11-24 15:00:00,15.0,88.0,35.0,1000.0,8.0,CS,10,2002-11-25 15:00:00,35.0,0.0,0.0,0.0,2002-11-24 09:00:00,35.0,0.0,2002-11-24 03:00:00,35.0,0.0,2002-11-23 15:00:00,,
2002-005,2002,BOB,,2002-11-24 18:00:00,15.0,88.0,35.0,1000.0,8.0,CS,11,2002-11-25 18:00:00,35.0,0.0,0.0,0.0,2002-11-24 12:00:00,35.0,0.0,2002-11-24 06:00:00,35.0,0.0,2002-11-23 18:00:00,30.0,5.0
2002-005,2002,BOB,,2002-11-25 00:00:00,15.5,88.0,35.0,1002.0,8.0,CS,12,2002-11-26 00:00:00,35.0,0.0,0.0,0.0,2002-11-24 18:00:00,35.0,0.0,2002-11-24 12:00:00,35.0,0.0,2002-11-24 00:00:00,30.0,5.0
2002-005,2002,BOB,,2002-11-25 03:00:00,15.5,88.0,35.0,1002.0,8.0,CS,13,2002-11-26 03:00:00,35.0,0.0,0.0,0.0,2002-11-24 21:00:00,,,2002-11-24 15:00:00,35.0,0.0,2002-11-24 03:00:00,35.0,0.0
2002-005,2002,BOB,,2002-11-25 06:00:00,15.5,88.0,35.0,1002.0,8.0,CS,14,2002-11-26 06:00:00,35.0,0.0,0.0,0.0,2002-11-25 00:00:00,35.0,0.0,2002-11-24 18:00:00,35.0,0.0,2002-11-24 06:00:00,35.0,0.0
2002-005,2002,BOB,,2002-11-25 09:00:00,15.5,88.0,35.0,1002.0,8.0,CS,15,2002-11-26 09:00:00,35.0,0.0,0.0,0.0,2002-11-25 03:00:00,35.0,0.0,2002-11-24 21:00:00,,,2002-11-24 09:00:00,35.0,0.0
2002-005,2002,BOB,,2002-11-25 12:00:00,15.5,88.0,35.0,1000.0,8.0,CS,16,2002-11-26 12:00:00,35.0,0.0,0.0,0.0,2002-11-25 06:00:00,35.0,0.0,2002-11-25 00:00:00,35.0,0.0,2002-11-24 12:00:00,35.0,0.0
2002-005,2002,BOB,,2002-11-25 15:00:00,15.5,88.0,35.0,1002.0,8.0,CS,17,2002-11-26 15:00:00,35.0,0.0,0.0,0.0,2002-11-25 09:00:00,35.0,0.0,2002-11-25 03:00:00,35.0,0.0,2002-11-24 15:00:00,35.0,0.0
2002-005,2002,BOB,,2002-11-25 18:00:00,15.5,88.0,35.0,1002.0,6.0,CS,18,2002-11-26 18:00:00,35.0,0.0,0.0,0.0,2002-11-25 12:00:00,35.0,0.0,2002-11-25 06:00:00,35.0,0.0,2002-11-24 18:00:00,35.0,0.0
2002-005,2002,BOB,,2002-11-26 00:00:00,16.0,88.0,35.0,1002.0,8.0,CS,19,2002-11-27 00:00:00,35.0,0.0,0.0,0.0,2002-11-25 18:00:00,35.0,0.0,2002-11-25 12:00:00,35.0,0.0,2002-11-25 00:00:00,35.0,0.0
2002-005,2002,BOB,,2002-11-26 03:00:00,16.0,88.0,35.0,1002.0,8.0,CS,20,2002-11-27 03:00:00,35.0,0.0,0.0,0.0,2002-11-25 21:00:00,,,2002-11-25 15:00:00,35.0,0.0,2002-11-25 03:00:00,35.0,0.0
2002-005,2002,BOB,,2002-11-26 06:00:00,16.0,88.0,35.0,1002.0,8.0,CS,21,2002-11-27 06:00:00,35.0,0.0,0.0,0.0,2002-11-26 00:00:00,35.0,0.0,2002-11-25 18:00:00,35.0,0.0,2002-11-25 06:00:00,35.0,0.0
2002-005,2002,BOB,,2002-11-26 09:00:00,16.0,88.0,35.0,1000.0,8.0,CS,22,2002-11-27 09:00:00,,,,0.0,2002-11-26 03:00:00,35.0,0.0,2002-11-25 21:00:00,,,2002-11-25 09:00:00,35.0,0.0
2002-005,2002,BOB,,2002-11-26 12:00:00,16.5,88.5,35.0,1000.0,8.0,CS,23,2002-11-27 12:00:00,30.0,-5.0,0.0,0.0,2002-11-26 06:00:00,35.0,0.0,2002-11-26 00:00:00,35.0,0.0,2002-11-25 12:00:00,35.0,0.0
2002-005,2002,BOB,,2002-11-26 15:00:00,16.5,89.0,35.0,1002.0,8.0,CS,24,2002-11-27 15:00:00,,,,0.0,2002-11-26 09:00:00,35.0,0.0,2002-11-26 03:00:00,35.0,0.0,2002-11-25 15:00:00,35.0,0.0
2002-005,2002,BOB,,2002-11-26 18:00:00,16.5,89.5,35.0,1002.0,8.0,CS,25,2002-11-27 18:00:00,25.0,-10.0,0.0,0.0,2002-11-26 12:00:00,35.0,0.0,2002-11-26 06:00:00,35.0,0.0,2002-11-25 18:00:00,35.0,0.0
2002-005,2002,BOB,,2002-11-26 21:00:00,16.5,89.5,35.0,1002.0,8.0,CS,26,2002-11-27 21:00:00,,,,0.0,2002-11-26 15:00:00,35.0,0.0,2002-11-26 09:00:00,35.0,0.0,2002-11-25 21:00:00,,
2002-005,2002,BOB,,2002-11-27 00:00:00,16.5,90.0,35.0,1002.0,8.0,CS,27,2002-11-28 00:00:00,25.0,-10.0,0.0,0.0,2002-11-26 18:00:00,35.0,0.0,2002-11-26 12:00:00,35.0,0.0,2002-11-26 00:00:00,35.0,0.0
2002-005,2002,BOB,,2002-11-27 03:00:00,17.0,90.0,35.0,1004.0,8.0,CS,28,2002-11-28 03:00:00,25.0,-10.0,0.0,0.0,2002-11-26 21:00:00,35.0,0.0,2002-11-26 15:00:00,35.0,0.0,2002-11-26 03:00:00,35.0,0.0
2002-005,2002,BOB,,2002-11-27 06:00:00,17.0,90.5,35.0,1004.0,8.0,CS,29,2002-11-28 06:00:00,25.0,-10.0,0.0,0.0,2002-11-27 00:00:00,35.0,0.0,2002-11-26 18:00:00,35.0,0.0,2002-11-26 06:00:00,35.0,0.0
2002-005,2002,BOB,,2002-11-27 12:00:00,17.2,91.0,30.0,1006.0,6.0,DD,30,2002-11-28 12:00:00,25.0,-5.0,0.0,-5.0,2002-11-27 06:00:00,35.0,-5.0,2002-11-27 00:00:00,35.0,-5.0,2002-11-26 12:00:00,35.0,-5.0
2002-005,2002,BOB,,2002-11-27 18:00:00,17.5,91.0,25.0,1006.0,4.0,D,31,2002-11-28 18:00:00,,,,-5.0,2002-11-27 12:00:00,30.0,-5.0,2002-11-27 06:00:00,35.0,-10.0,2002-11-26 18:00:00,35.0,-10.0
2002-005,2002,BOB,,2002-11-28 00:00:00,17.5,91.0,25.0,1008.0,4.0,D,32,2002-11-29 00:00:00,,,,0.0,2002-11-27 18:00:00,25.0,0.0,2002-11-27 12:00:00,30.0,-5.0,2002-11-27 00:00:00,35.0,-10.0
2002-005,2002,BOB,,2002-11-28 03:00:00,17.5,91.5,25.0,1008.0,4.0,D,33,2002-11-29 03:00:00,,,,0.0,2002-11-27 21:00:00,,,2002-11-27 15:00:00,,,2002-11-27 03:00:00,35.0,-10.0
2002-005,2002,BOB,,2002-11-28 06:00:00,17.5,91.5,25.0,1008.0,4.0,D,34,2002-11-29 06:00:00,,,,0.0,2002-11-28 00:00:00,25.0,0.0,2002-11-27 18:00:00,25.0,0.0,2002-11-27 06:00:00,35.0,-10.0
2002-005,2002,BOB,,2002-11-28 12:00:00,18.0,92.0,25.0,1008.0,4.0,D,35,2002-11-29 12:00:00,,,,0.0,2002-11-28 06:00:00,25.0,0.0,2002-11-28 00:00:00,25.0,0.0,2002-11-27 12:00:00,30.0,-5.0
2002-006,2002,BOB,,2002-12-21 03:00:00,4.0,77.0,25.0,1006.0,4.0,D,0,2002-12-22 03:00:00,25.0,0.0,0.0,,2002-12-20 21:00:00,,,2002-12-20 15:00:00,,,2002-12-20 03:00:00,,
2002-006,2002,BOB,,2002-12-21 06:00:00,4.5,77.5,25.0,1006.0,4.0,D,1,2002-12-22 06:00:00,25.0,0.0,0.0,0.0,2002-12-21 00:00:00,,,2002-12-20 18:00:00,,,2002-12-20 06:00:00,,
2002-006,2002,BOB,,2002-12-21 12:00:00,4.5,78.0,25.0,1006.0,4.0,D,2,2002-12-22 12:00:00,25.0,0.0,0.0,0.0,2002-12-21 06:00:00,25.0,0.0,2002-12-21 00:00:00,,,2002-12-20 12:00:00,,
2002-006,2002,BOB,,2002-12-21 18:00:00,4.5,78.0,25.0,1006.0,4.0,D,3,2002-12-22 18:00:00,25.0,0.0,0.0,0.0,2002-12-21 12:00:00,25.0,0.0,2002-12-21 06:00:00,25.0,0.0,2002-12-20 18:00:00,,
2002-006,2002,BOB,,2002-12-22 00:00:00,4.5,78.3,25.0,1006.0,4.0,D,4,2002-12-23 00:00:00,25.0,0.0,0.0,0.0,2002-12-21 18:00:00,25.0,0.0,2002-12-21 12:00:00,25.0,0.0,2002-12-21 00:00:00,,
2002-006,2002,BOB,,2002-12-22 03:00:00,4.5,78.5,25.0,1006.0,4.0,D,5,2002-12-23 03:00:00,25.0,0.0,0.0,0.0,2002-12-21 21:00:00,,,2002-12-21 15:00:00,,,2002-12-21 03:00:00,25.0,0.0
2002-006,2002,BOB,,2002-12-22 06:00:00,4.5,79.0,25.0,1006.0,4.0,D,6,2002-12-23 06:00:00,25.0,0.0,0.0,0.0,2002-12-22 00:00:00,25.0,0.0,2002-12-21 18:00:00,25.0,0.0,2002-12-21 06:00:00,25.0,0.0
2002-006,2002,BOB,,2002-12-22 12:00:00,4.5,79.5,25.0,1006.0,4.0,D,7,2002-12-23 12:00:00,25.0,0.0,0.0,0.0,2002-12-22 06:00:00,25.0,0.0,2002-12-22 00:00:00,25.0,0.0,2002-12-21 12:00:00,25.0,0.0
2002-006,2002,BOB,,2002-12-22 18:00:00,4.5,80.0,25.0,1006.0,4.0,D,8,2002-12-23 18:00:00,30.0,5.0,0.0,0.0,2002-12-22 12:00:00,25.0,0.0,2002-12-22 06:00:00,25.0,0.0,2002-12-21 18:00:00,25.0,0.0
2002-006,2002,BOB,,2002-12-23 00:00:00,4.5,80.5,25.0,1006.0,4.0,D,9,2002-12-24 00:00:00,30.0,5.0,0.0,0.0,2002-12-22 18:00:00,25.0,0.0,2002-12-22 12:00:00,25.0,0.0,2002-12-22 00:00:00,25.0,0.0
2002-006,2002,BOB,,2002-12-23 03:00:00,4.5,80.5,25.0,1006.0,4.0,D,10,2002-12-24 03:00:00,35.0,10.0,0.0,0.0,2002-12-22 21:00:00,,,2002-12-22 15:00:00,,,2002-12-22 03:00:00,25.0,0.0
2002-006,2002,BOB,,2002-12-23 06:00:00,4.5,80.5,25.0,1004.0,4.0,D,11,2002-12-24 06:00:00,35.0,10.0,0.0,0.0,2002-12-23 00:00:00,25.0,0.0,2002-12-22 18:00:00,25.0,0.0,2002-12-22 06:00:00,25.0,0.0
2002-006,2002,BOB,,2002-12-23 12:00:00,5.0,81.0,25.0,1004.0,4.0,D,12,2002-12-24 12:00:00,35.0,10.0,0.0,0.0,2002-12-23 06:00:00,25.0,0.0,2002-12-23 00:00:00,25.0,0.0,2002-12-22 12:00:00,25.0,0.0
2002-006,2002,BOB,,2002-12-23 18:00:00,5.0,81.0,30.0,1004.0,6.0,DD,13,2002-12-24 18:00:00,35.0,5.0,0.0,5.0,2002-12-23 12:00:00,25.0,5.0,2002-12-23 06:00:00,25.0,5.0,2002-12-22 18:00:00,25.0,5.0
2002-006,2002,BOB,,2002-12-24 00:00:00,5.0,81.0,30.0,1004.0,6.0,DD,14,2002-12-25 00:00:00,35.0,5.0,0.0,0.0,2002-12-23 18:00:00,30.0,0.0,2002-12-23 12:00:00,25.0,5.0,2002-12-23 00:00:00,25.0,5.0
2002-006,2002,BOB,,2002-12-24 03:00:00,5.5,81.5,35.0,1002.0,8.0,CS,15,2002-12-25 03:00:00,30.0,-5.0,0.0,5.0,2002-12-23 21:00:00,,,2002-12-23 15:00:00,,,2002-12-23 03:00:00,25.0,10.0
2002-006,2002,BOB,,2002-12-24 06:00:00,5.5,81.5,35.0,1002.0,8.0,CS,16,2002-12-25 06:00:00,30.0,-5.0,0.0,0.0,2002-12-24 00:00:00,30.0,5.0,2002-12-23 18:00:00,30.0,5.0,2002-12-23 06:00:00,25.0,10.0
2002-006,2002,BOB,,2002-12-24 09:00:00,6.0,82.0,35.0,1002.0,8.0,CS,17,2002-12-25 09:00:00,,,,0.0,2002-12-24 03:00:00,35.0,0.0,2002-12-23 21:00:00,,,2002-12-23 09:00:00,,
2002-006,2002,BOB,,2002-12-24 12:00:00,6.0,82.0,35.0,1000.0,8.0,CS,18,2002-12-25 12:00:00,25.0,-10.0,0.0,0.0,2002-12-24 06:00:00,35.0,0.0,2002-12-24 00:00:00,30.0,5.0,2002-12-23 12:00:00,25.0,10.0
2002-006,2002,BOB,,2002-12-24 15:00:00,6.5,82.5,35.0,1000.0,8.0,CS,19,2002-12-25 15:00:00,25.0,-10.0,0.0,0.0,2002-12-24 09:00:00,35.0,0.0,2002-12-24 03:00:00,35.0,0.0,2002-12-23 15:00:00,,
2002-006,2002,BOB,,2002-12-24 18:00:00,6.5,82.5,35.0,1002.0,8.0,CS,20,2002-12-25 18:00:00,,,,0.0,2002-12-24 12:00:00,35.0,0.0,2002-12-24 06:00:00,35.0,0.0,2002-12-23 18:00:00,30.0,5.0
2002-006,2002,BOB,,2002-12-24 21:00:00,6.5,82.5,35.0,1002.0,8.0,CS,21,2002-12-25 21:00:00,,,,0.0,2002-12-24 15:00:00,35.0,0.0,2002-12-24 09:00:00,35.0,0.0,2002-12-23 21:00:00,,
2002-006,2002,BOB,,2002-12-25 00:00:00,7.0,83.5,35.0,1002.0,8.0,CS,22,2002-12-26 00:00:00,,,,0.0,2002-12-24 18:00:00,35.0,0.0,2002-12-24 12:00:00,35.0,0.0,2002-12-24 00:00:00,30.0,5.0
2002-006,2002,BOB,,2002-12-25 03:00:00,7.0,83.5,30.0,1004.0,6.0,DD,23,2002-12-26 03:00:00,,,,-5.0,2002-12-24 21:00:00,35.0,-5.0,2002-12-24 15:00:00,35.0,-5.0,2002-12-24 03:00:00,35.0,-5.0
2002-006,2002,BOB,,2002-12-25 06:00:00,7.0,84.5,30.0,1004.0,6.0,DD,24,2002-12-26 06:00:00,,,,0.0,2002-12-25 00:00:00,35.0,-5.0,2002-12-24 18:00:00,35.0,-5.0,2002-12-24 06:00:00,35.0,-5.0
2002-006,2002,BOB,,2002-12-25 12:00:00,7.5,86.0,25.0,1004.0,4.0,D,25,2002-12-26 12:00:00,,,,-5.0,2002-12-25 06:00:00,30.0,-5.0,2002-12-25 00:00:00,35.0,-10.0,2002-12-24 12:00:00,35.0,-10.0
2002-006,2002,BOB,,2002-12-25 15:00:00,7.5,86.0,25.0,1004.0,4.0,D,26,2002-12-26 15:00:00,,,,0.0,2002-12-25 09:00:00,,,2002-12-25 03:00:00,30.0,-5.0,2002-12-24 15:00:00,35.0,-10.0
2003-001,2003,BOB,,2003-05-10 03:00:00,6.0,90.5,25.0,1002.0,,D,0,2003-05-11 03:00:00,35.0,10.0,0.0,,2003-05-09 21:00:00,,,2003-05-09 15:00:00,,,2003-05-09 03:00:00,,
2003-001,2003,BOB,,2003-05-10 06:00:00,6.0,90.5,25.0,1002.0,,D,1,2003-05-11 06:00:00,35.0,10.0,0.0,0.0,2003-05-10 00:00:00,,,2003-05-09 18:00:00,,,2003-05-09 06:00:00,,
2003-001,2003,BOB,,2003-05-10 09:00:00,7.0,90.5,25.0,1002.0,,D,2,2003-05-11 09:00:00,45.0,20.0,0.0,0.0,2003-05-10 03:00:00,25.0,0.0,2003-05-09 21:00:00,,,2003-05-09 09:00:00,,
2003-001,2003,BOB,,2003-05-10 12:00:00,8.0,89.5,30.0,1002.0,4.0,DD,3,2003-05-11 12:00:00,55.0,25.0,0.0,5.0,2003-05-10 06:00:00,25.0,5.0,2003-05-10 00:00:00,,,2003-05-09 12:00:00,,
2003-001,2003,BOB,,2003-05-10 15:00:00,8.0,89.5,30.0,1000.0,4.0,DD,4,2003-05-11 15:00:00,55.0,25.0,0.0,0.0,2003-05-10 09:00:00,25.0,5.0,2003-05-10 03:00:00,25.0,5.0,2003-05-09 15:00:00,,
2003-001,2003,BOB,,2003-05-10 18:00:00,8.5,89.0,30.0,1000.0,4.0,DD,5,2003-05-11 18:00:00,55.0,25.0,0.0,0.0,2003-05-10 12:00:00,30.0,0.0,2003-05-10 06:00:00,25.0,5.0,2003-05-09 18:00:00,,
2003-001,2003,BOB,,2003-05-10 21:00:00,8.5,89.0,30.0,1000.0,4.0,DD,6,2003-05-11 21:00:00,55.0,25.0,0.0,0.0,2003-05-10 15:00:00,30.0,0.0,2003-05-10 09:00:00,25.0,5.0,2003-05-09 21:00:00,,
2003-001,2003,BOB,,2003-05-11 00:00:00,9.0,88.5,35.0,1000.0,6.0,CS,7,2003-05-12 00:00:00,55.0,20.0,0.0,5.0,2003-05-10 18:00:00,30.0,5.0,2003-05-10 12:00:00,30.0,5.0,2003-05-10 00:00:00,,
2003-001,2003,BOB,,2003-05-11 03:00:00,9.5,87.5,35.0,998.0,6.0,CS,8,2003-05-12 03:00:00,55.0,20.0,0.0,0.0,2003-05-10 21:00:00,30.0,5.0,2003-05-10 15:00:00,30.0,5.0,2003-05-10 03:00:00,25.0,10.0
2003-001,2003,BOB,,2003-05-11 06:00:00,10.0,87.0,35.0,998.0,6.0,CS,9,2003-05-12 06:00:00,55.0,20.0,0.0,0.0,2003-05-11 00:00:00,35.0,0.0,2003-05-10 18:00:00,30.0,5.0,2003-05-10 06:00:00,25.0,10.0
2003-001,2003,BOB,,2003-05-11 09:00:00,10.0,87.0,45.0,998.0,10.0,CS,10,2003-05-12 09:00:00,55.0,10.0,0.0,10.0,2003-05-11 03:00:00,35.0,10.0,2003-05-10 21:00:00,30.0,15.0,2003-05-10 09:00:00,25.0,20.0
2003-001,2003,BOB,,2003-05-11 12:00:00,10.5,86.5,55.0,990.0,14.0,SCS,11,2003-05-12 12:00:00,55.0,0.0,0.0,10.0,2003-05-11 06:00:00,35.0,20.0,2003-05-11 00:00:00,35.0,20.0,2003-05-10 12:00:00,30.0,25.0
2003-001,2003,BOB,,2003-05-11 15:00:00,10.5,86.5,55.0,990.0,14.0,SCS,12,2003-05-12 15:00:00,55.0,0.0,0.0,0.0,2003-05-11 09:00:00,45.0,10.0,2003-05-11 03:00:00,35.0,20.0,2003-05-10 15:00:00,30.0,25.0
2003-001,2003,BOB,,2003-05-11 18:00:00,11.0,86.0,55.0,990.0,14.0,SCS,13,2003-05-12 18:00:00,65.0,10.0,0.0,0.0,2003-05-11 12:00:00,55.0,0.0,2003-05-11 06:00:00,35.0,20.0,2003-05-10 18:00:00,30.0,25.0
2003-001,2003,BOB,,2003-05-11 21:00:00,11.0,86.0,55.0,986.0,16.0,SCS,14,2003-05-12 21:00:00,65.0,10.0,0.0,0.0,2003-05-11 15:00:00,55.0,0.0,2003-05-11 09:00:00,45.0,10.0,2003-05-10 21:00:00,30.0,25.0
2003-001,2003,BOB,,2003-05-12 00:00:00,11.0,86.0,55.0,986.0,16.0,SCS,15,2003-05-13 00:00:00,65.0,10.0,0.0,0.0,2003-05-11 18:00:00,55.0,0.0,2003-05-11 12:00:00,55.0,0.0,2003-05-11 00:00:00,35.0,20.0
2003-001,2003,BOB,,2003-05-12 03:00:00,11.0,86.0,55.0,986.0,16.0,SCS,16,2003-05-13 03:00:00,65.0,10.0,0.0,0.0,2003-05-11 21:00:00,55.0,0.0,2003-05-11 15:00:00,55.0,0.0,2003-05-11 03:00:00,35.0,20.0
2003-001,2003,BOB,,2003-05-12 06:00:00,11.0,86.0,55.0,986.0,16.0,SCS,17,2003-05-13 06:00:00,75.0,20.0,0.0,0.0,2003-05-12 00:00:00,55.0,0.0,2003-05-11 18:00:00,55.0,0.0,2003-05-11 06:00:00,35.0,20.0
2003-001,2003,BOB,,2003-05-12 09:00:00,11.0,86.0,55.0,986.0,16.0,SCS,18,2003-05-13 09:00:00,75.0,20.0,0.0,0.0,2003-05-12 03:00:00,55.0,0.0,2003-05-11 21:00:00,55.0,0.0,2003-05-11 09:00:00,45.0,10.0
2003-001,2003,BOB,,2003-05-12 12:00:00,11.5,85.5,55.0,986.0,16.0,SCS,19,2003-05-13 12:00:00,65.0,10.0,0.0,0.0,2003-05-12 06:00:00,55.0,0.0,2003-05-12 00:00:00,55.0,0.0,2003-05-11 12:00:00,55.0,0.0
2003-001,2003,BOB,,2003-05-12 15:00:00,11.5,85.5,55.0,986.0,16.0,SCS,20,2003-05-13 15:00:00,65.0,10.0,0.0,0.0,2003-05-12 09:00:00,55.0,0.0,2003-05-12 03:00:00,55.0,0.0,2003-05-11 15:00:00,55.0,0.0
2003-001,2003,BOB,,2003-05-12 18:00:00,11.5,85.5,65.0,982.0,20.0,VSCS,21,2003-05-13 18:00:00,65.0,0.0,0.0,10.0,2003-05-12 12:00:00,55.0,10.0,2003-05-12 06:00:00,55.0,10.0,2003-05-11 18:00:00,55.0,10.0
2003-001,2003,BOB,,2003-05-12 21:00:00,11.5,85.5,65.0,982.0,20.0,VSCS,22,2003-05-13 21:00:00,65.0,0.0,0.0,0.0,2003-05-12 15:00:00,55.0,10.0,2003-05-12 09:00:00,55.0,10.0,2003-05-11 21:00:00,55.0,10.0
2003-001,2003,BOB,,2003-05-13 00:00:00,11.5,85.5,65.0,982.0,20.0,VSCS,23,2003-05-14 00:00:00,65.0,0.0,0.0,0.0,2003-05-12 18:00:00,65.0,0.0,2003-05-12 12:00:00,55.0,10.0,2003-05-12 00:00:00,55.0,10.0
2003-001,2003,BOB,,2003-05-13 03:00:00,12.0,85.0,65.0,982.0,20.0,VSCS,24,2003-05-14 03:00:00,65.0,0.0,0.0,0.0,2003-05-12 21:00:00,65.0,0.0,2003-05-12 15:00:00,55.0,10.0,2003-05-12 03:00:00,55.0,10.0
2003-001,2003,BOB,,2003-05-13 06:00:00,12.5,85.0,75.0,980.0,28.0,VSCS,25,2003-05-14 06:00:00,55.0,-20.0,0.0,10.0,2003-05-13 00:00:00,65.0,10.0,2003-05-12 18:00:00,65.0,10.0,2003-05-12 06:00:00,55.0,20.0
2003-001,2003,BOB,,2003-05-13 09:00:00,12.5,85.0,75.0,980.0,28.0,VSCS,26,2003-05-14 09:00:00,55.0,-20.0,0.0,0.0,2003-05-13 03:00:00,65.0,10.0,2003-05-12 21:00:00,65.0,10.0,2003-05-12 09:00:00,55.0,20.0
2003-001,2003,BOB,,2003-05-13 12:00:00,12.5,85.0,65.0,982.0,20.0,VSCS,27,2003-05-14 12:00:00,45.0,-20.0,0.0,-10.0,2003-05-13 06:00:00,75.0,-10.0,2003-05-13 00:00:00,65.0,0.0,2003-05-12 12:00:00,55.0,10.0
2003-001,2003,BOB,,2003-05-13 15:00:00,12.5,85.0,65.0,982.0,20.0,VSCS,28,2003-05-14 15:00:00,35.0,-30.0,0.0,0.0,2003-05-13 09:00:00,75.0,-10.0,2003-05-13 03:00:00,65.0,0.0,2003-05-12 15:00:00,55.0,10.0
2003-001,2003,BOB,,2003-05-13 18:00:00,13.0,85.0,65.0,982.0,20.0,VSCS,29,2003-05-14 18:00:00,35.0,-30.0,0.0,0.0,2003-05-13 12:00:00,65.0,0.0,2003-05-13 06:00:00,75.0,-10.0,2003-05-12 18:00:00,65.0,0.0
2003-001,2003,BOB,,2003-05-13 21:00:00,13.0,85.0,65.0,982.0,20.0,VSCS,30,2003-05-14 21:00:00,35.0,-30.0,0.0,0.0,2003-05-13 15:00:00,65.0,0.0,2003-05-13 09:00:00,75.0,-10.0,2003-05-12 21:00:00,65.0,0.0
2003-001,2003,BOB,,2003-05-14 00:00:00,13.5,85.0,65.0,980.0,22.0,VSCS,31,2003-05-15 00:00:00,35.0,-30.0,0.0,0.0,2003-05-13 18:00:00,65.0,0.0,2003-05-13 12:00:00,65.0,0.0,2003-05-13 00:00:00,65.0,0.0
2003-001,2003,BOB,,2003-05-14 03:00:00,14.0,85.0,65.0,982.0,20.0,VSCS,32,2003-05-15 03:00:00,35.0,-30.0,0.0,0.0,2003-05-13 21:00:00,65.0,0.0,2003-05-13 15:00:00,65.0,0.0,2003-05-13 03:00:00,65.0,0.0
2003-001,2003,BOB,,2003-05-14 06:00:00,14.0,85.0,55.0,986.0,16.0,SCS,33,2003-05-15 06:00:00,35.0,-20.0,0.0,-10.0,2003-05-14 00:00:00,65.0,-10.0,2003-05-13 18:00:00,65.0,-10.0,2003-05-13 06:00:00,75.0,-20.0
2003-001,2003,BOB,,2003-05-14 09:00:00,14.5,85.5,55.0,986.0,14.0,SCS,34,2003-05-15 09:00:00,35.0,-20.0,0.0,0.0,2003-05-14 03:00:00,65.0,-10.0,2003-05-13 21:00:00,65.0,-10.0,2003-05-13 09:00:00,75.0,-20.0
2003-001,2003,BOB,,2003-05-14 12:00:00,14.5,85.5,45.0,990.0,10.0,CS,35,2003-05-15 12:00:00,35.0,-10.0,0.0,-10.0,2003-05-14 06:00:00,55.0,-10.0,2003-05-14 00:00:00,65.0,-20.0,2003-05-13 12:00:00,65.0,-20.0
2003-001,2003,BOB,,2003-05-14 15:00:00,14.5,85.5,35.0,990.0,6.0,CS,36,2003-05-15 15:00:00,35.0,0.0,0.0,-10.0,2003-05-14 09:00:00,55.0,-20.0,2003-05-14 03:00:00,65.0,-30.0,2003-05-13 15:00:00,65.0,-30.0
2003-001,2003,BOB,,2003-05-14 18:00:00,14.5,85.5,35.0,994.0,6.0,CS,37,2003-05-15 18:00:00,35.0,0.0,0.0,0.0,2003-05-14 12:00:00,45.0,-10.0,2003-05-14 06:00:00,55.0,-20.0,2003-05-13 18:00:00,65.0,-30.0
2003-001,2003,BOB,,2003-05-14 21:00:00,14.5,86.0,35.0,994.0,6.0,CS,38,2003-05-15 21:00:00,35.0,0.0,0.0,0.0,2003-05-14 15:00:00,35.0,0.0,2003-05-14 09:00:00,55.0,-20.0,2003-05-13 21:00:00,65.0,-30.0
2003-001,2003,BOB,,2003-05-15 00:00:00,14.5,86.0,35.0,992.0,6.0,CS,39,2003-05-16 00:00:00,35.0,0.0,0.0,0.0,2003-05-14 18:00:00,35.0,0.0,2003-05-14 12:00:00,45.0,-10.0,2003-05-14 00:00:00,65.0,-30.0
2003-001,2003,BOB,,2003-05-15 03:00:00,14.5,86.0,35.0,994.0,6.0,CS,40,2003-05-16 03:00:00,35.0,0.0,0.0,0.0,2003-05-14 21:00:00,35.0,0.0,2003-05-14 15:00:00,35.0,0.0,2003-05-14 03:00:00,65.0,-30.0
2003-001,2003,BOB,,2003-05-15 06:00:00,14.5,86.0,35.0,994.0,6.0,CS,41,2003-05-16 06:00:00,35.0,0.0,0.0,0.0,2003-05-15 00:00:00,35.0,0.0,2003-05-14 18:00:00,35.0,0.0,2003-05-14 06:00:00,55.0,-20.0
2003-001,2003,BOB,,2003-05-15 09:00:00,14.5,86.0,35.0,994.0,6.0,CS,42,2003-05-16 09:00:00,35.0,0.0,0.0,0.0,2003-05-15 03:00:00,35.0,0.0,2003-05-14 21:00:00,35.0,0.0,2003-05-14 09:00:00,55.0,-20.0
2003-001,2003,BOB,,2003-05-15 12:00:00,14.5,86.0,35.0,994.0,6.0,CS,43,2003-05-16 12:00:00,30.0,-5.0,0.0,0.0,2003-05-15 06:00:00,35.0,0.0,2003-05-15 00:00:00,35.0,0.0,2003-05-14 12:00:00,45.0,-10.0
2003-001,2003,BOB,,2003-05-15 15:00:00,14.5,86.0,35.0,994.0,6.0,CS,44,2003-05-16 15:00:00,30.0,-5.0,0.0,0.0,2003-05-15 09:00:00,35.0,0.0,2003-05-15 03:00:00,35.0,0.0,2003-05-14 15:00:00,35.0,0.0
2003-001,2003,BOB,,2003-05-15 18:00:00,14.5,86.0,35.0,994.0,6.0,CS,45,2003-05-16 18:00:00,30.0,-5.0,0.0,0.0,2003-05-15 12:00:00,35.0,0.0,2003-05-15 06:00:00,35.0,0.0,2003-05-14 18:00:00,35.0,0.0
2003-001,2003,BOB,,2003-05-15 21:00:00,14.5,86.0,35.0,994.0,6.0,CS,46,2003-05-16 21:00:00,30.0,-5.0,0.0,0.0,2003-05-15 15:00:00,35.0,0.0,2003-05-15 09:00:00,35.0,0.0,2003-05-14 21:00:00,35.0,0.0
2003-001,2003,BOB,,2003-05-16 00:00:00,14.5,86.0,35.0,994.0,6.0,CS,47,2003-05-17 00:00:00,30.0,-5.0,0.0,0.0,2003-05-15 18:00:00,35.0,0.0,2003-05-15 12:00:00,35.0,0.0,2003-05-15 00:00:00,35.0,0.0
2003-001,2003,BOB,,2003-05-16 03:00:00,14.5,86.5,35.0,996.0,6.0,CS,48,2003-05-17 03:00:00,30.0,-5.0,0.0,0.0,2003-05-15 21:00:00,35.0,0.0,2003-05-15 15:00:00,35.0,0.0,2003-05-15 03:00:00,35.0,0.0
2003-001,2003,BOB,,2003-05-16 06:00:00,14.5,86.5,35.0,996.0,6.0,CS,49,2003-05-17 06:00:00,30.0,-5.0,0.0,0.0,2003-05-16 00:00:00,35.0,0.0,2003-05-15 18:00:00,35.0,0.0,2003-05-15 06:00:00,35.0,0.0
2003-001,2003,BOB,,2003-05-16 09:00:00,14.5,86.5,35.0,996.0,6.0,CS,50,2003-05-17 09:00:00,30.0,-5.0,0.0,0.0,2003-05-16 03:00:00,35.0,0.0,2003-05-15 21:00:00,35.0,0.0,2003-05-15 09:00:00,35.0,0.0
2003-001,2003,BOB,,2003-05-16 12:00:00,14.5,87.0,30.0,996.0,4.0,DD,51,2003-05-17 12:00:00,30.0,0.0,0.0,-5.0,2003-05-16 06:00:00,35.0,-5.0,2003-05-16 00:00:00,35.0,-5.0,2003-05-15 12:00:00,35.0,-5.0
2003-001,2003,BOB,,2003-05-16 15:00:00,14.5,87.0,30.0,996.0,4.0,DD,52,2003-05-17 15:00:00,30.0,0.0,0.0,0.0,2003-05-16 09:00:00,35.0,-5.0,2003-05-16 03:00:00,35.0,-5.0,2003-05-15 15:00:00,35.0,-5.0
2003-001,2003,BOB,,2003-05-16 18:00:00,14.5,87.0,30.0,996.0,4.0,DD,53,2003-05-17 18:00:00,30.0,0.0,0.0,0.0,2003-05-16 12:00:00,30.0,0.0,2003-05-16 06:00:00,35.0,-5.0,2003-05-15 18:00:00,35.0,-5.0
2003-001,2003,BOB,,2003-05-16 21:00:00,14.5,87.0,30.0,996.0,4.0,DD,54,2003-05-17 21:00:00,30.0,0.0,0.0,0.0,2003-05-16 15:00:00,30.0,0.0,2003-05-16 09:00:00,35.0,-5.0,2003-05-15 21:00:00,35.0,-5.0
2003-001,2003,BOB,,2003-05-17 00:00:00,14.5,87.0,30.0,996.0,4.0,DD,55,2003-05-18 00:00:00,30.0,0.0,0.0,0.0,2003-05-16 18:00:00,30.0,0.0,2003-05-16 12:00:00,30.0,0.0,2003-05-16 00:00:00,35.0,-5.0
2003-001,2003,BOB,,2003-05-17 03:00:00,14.5,87.5,30.0,998.0,4.0,DD,56,2003-05-18 03:00:00,30.0,0.0,0.0,0.0,2003-05-16 21:00:00,30.0,0.0,2003-05-16 15:00:00,30.0,0.0,2003-05-16 03:00:00,35.0,-5.0
2003-001,2003,BOB,,2003-05-17 06:00:00,14.5,87.5,30.0,998.0,4.0,DD,57,2003-05-18 06:00:00,30.0,0.0,0.0,0.0,2003-05-17 00:00:00,30.0,0.0,2003-05-16 18:00:00,30.0,0.0,2003-05-16 06:00:00,35.0,-5.0
2003-001,2003,BOB,,2003-05-17 09:00:00,14.5,87.5,30.0,998.0,4.0,DD,58,2003-05-18 09:00:00,30.0,0.0,0.0,0.0,2003-05-17 03:00:00,30.0,0.0,2003-05-16 21:00:00,30.0,0.0,2003-05-16 09:00:00,35.0,-5.0
2003-001,2003,BOB,,2003-05-17 12:00:00,14.5,88.0,30.0,998.0,4.0,DD,59,2003-05-18 12:00:00,30.0,0.0,0.0,0.0,2003-05-17 06:00:00,30.0,0.0,2003-05-17 00:00:00,30.0,0.0,2003-05-16 12:00:00,30.0,0.0
2003-001,2003,BOB,,2003-05-17 15:00:00,14.5,88.5,30.0,998.0,4.0,DD,60,2003-05-18 15:00:00,30.0,0.0,0.0,0.0,2003-05-17 09:00:00,30.0,0.0,2003-05-17 03:00:00,30.0,0.0,2003-05-16 15:00:00,30.0,0.0
2003-001,2003,BOB,,2003-05-17 18:00:00,14.5,89.0,30.0,998.0,4.0,DD,61,2003-05-18 18:00:00,30.0,0.0,0.0,0.0,2003-05-17 12:00:00,30.0,0.0,2003-05-17 06:00:00,30.0,0.0,2003-05-16 18:00:00,30.0,0.0
2003-001,2003,BOB,,2003-05-17 21:00:00,14.5,89.5,30.0,998.0,4.0,DD,62,2003-05-18 21:00:00,30.0,0.0,0.0,0.0,2003-05-17 15:00:00,30.0,0.0,2003-05-17 09:00:00,30.0,0.0,2003-05-16 21:00:00,30.0,0.0
2003-001,2003,BOB,,2003-05-18 00:00:00,14.5,90.0,30.0,1000.0,4.0,DD,63,2003-05-19 00:00:00,30.0,0.0,0.0,0.0,2003-05-17 18:00:00,30.0,0.0,2003-05-17 12:00:00,30.0,0.0,2003-05-17 00:00:00,30.0,0.0
2003-001,2003,BOB,,2003-05-18 03:00:00,14.5,90.5,30.0,1000.0,4.0,DD,64,2003-05-19 03:00:00,30.0,0.0,0.0,0.0,2003-05-17 21:00:00,30.0,0.0,2003-05-17 15:00:00,30.0,0.0,2003-05-17 03:00:00,30.0,0.0
2003-001,2003,BOB,,2003-05-18 06:00:00,14.5,90.5,30.0,1000.0,4.0,DD,65,2003-05-19 06:00:00,35.0,5.0,0.0,0.0,2003-05-18 00:00:00,30.0,0.0,2003-05-17 18:00:00,30.0,0.0,2003-05-17 06:00:00,30.0,0.0
2003-001,2003,BOB,,2003-05-18 09:00:00,14.5,90.5,30.0,1000.0,4.0,DD,66,2003-05-19 09:00:00,35.0,5.0,0.0,0.0,2003-05-18 03:00:00,30.0,0.0,2003-05-17 21:00:00,30.0,0.0,2003-05-17 09:00:00,30.0,0.0
2003-001,2003,BOB,,2003-05-18 12:00:00,14.5,91.0,30.0,998.0,4.0,DD,67,2003-05-19 12:00:00,35.0,5.0,0.0,0.0,2003-05-18 06:00:00,30.0,0.0,2003-05-18 00:00:00,30.0,0.0,2003-05-17 12:00:00,30.0,0.0
2003-001,2003,BOB,,2003-05-18 15:00:00,14.5,91.0,30.0,998.0,4.0,DD,68,2003-05-19 15:00:00,35.0,5.0,0.0,0.0,2003-05-18 09:00:00,30.0,0.0,2003-05-18 03:00:00,30.0,0.0,2003-05-17 15:00:00,30.0,0.0
2003-001,2003,BOB,,2003-05-18 18:00:00,15.0,91.5,30.0,998.0,4.0,DD,69,2003-05-19 18:00:00,45.0,15.0,0.0,0.0,2003-05-18 12:00:00,30.0,0.0,2003-05-18 06:00:00,30.0,0.0,2003-05-17 18:00:00,30.0,0.0
2003-001,2003,BOB,,2003-05-18 21:00:00,15.5,91.5,30.0,998.0,4.0,DD,70,2003-05-19 21:00:00,,,,0.0,2003-05-18 15:00:00,30.0,0.0,2003-05-18 09:00:00,30.0,0.0,2003-05-17 21:00:00,30.0,0.0
2003-001,2003,BOB,,2003-05-19 00:00:00,16.0,92.0,30.0,998.0,4.0,DD,71,2003-05-20 00:00:00,,,,0.0,2003-05-18 18:00:00,30.0,0.0,2003-05-18 12:00:00,30.0,0.0,2003-05-18 00:00:00,30.0,0.0
2003-001,2003,BOB,,2003-05-19 03:00:00,16.5,92.5,30.0,998.0,4.0,DD,72,2003-05-20 03:00:00,,,,0.0,2003-05-18 21:00:00,30.0,0.0,2003-05-18 15:00:00,30.0,0.0,2003-05-18 03:00:00,30.0,0.0
2003-001,2003,BOB,,2003-05-19 06:00:00,17.5,93.0,35.0,996.0,6.0,CS,73,2003-05-20 06:00:00,,,,5.0,2003-05-19 00:00:00,30.0,5.0,2003-05-18 18:00:00,30.0,5.0,2003-05-18 06:00:00,30.0,5.0
2003-001,2003,BOB,,2003-05-19 09:00:00,18.0,93.0,35.0,994.0,6.0,CS,74,2003-05-20 09:00:00,,,,0.0,2003-05-19 03:00:00,30.0,5.0,2003-05-18 21:00:00,30.0,5.0,2003-05-18 09:00:00,30.0,5.0
2003-001,2003,BOB,,2003-05-19 12:00:00,18.5,93.5,35.0,994.0,6.0,CS,75,2003-05-20 12:00:00,,,,0.0,2003-05-19 06:00:00,35.0,0.0,2003-05-19 00:00:00,30.0,5.0,2003-05-18 12:00:00,30.0,5.0
2003-001,2003,BOB,,2003-05-19 15:00:00,19.0,93.5,35.0,994.0,6.0,CS,76,2003-05-20 15:00:00,,,,0.0,2003-05-19 09:00:00,35.0,0.0,2003-05-19 03:00:00,30.0,5.0,2003-05-18 15:00:00,30.0,5.0
2003-001,2003,BOB,,2003-05-19 18:00:00,19.5,94.0,45.0,994.0,6.0,CS,77,2003-05-20 18:00:00,,,,10.0,2003-05-19 12:00:00,35.0,10.0,2003-05-19 06:00:00,35.0,10.0,2003-05-18 18:00:00,30.0,15.0
2003-001,2003,BOB,,2003-05-19 21:00:00,20.0,94.5,,,,CS,78,2003-05-20 21:00:00,,,,,2003-05-19 15:00:00,35.0,,2003-05-19 09:00:00,35.0,,2003-05-18 21:00:00,30.0,
2003-002,2003,BOB,,2003-07-25 03:00:00,21.0,89.0,25.0,992.0,2.0,D,0,2003-07-26 03:00:00,30.0,5.0,0.0,,2003-07-24 21:00:00,,,2003-07-24 15:00:00,,,2003-07-24 03:00:00,,
2003-002,2003,BOB,,2003-07-25 12:00:00,21.5,88.0,30.0,988.0,4.0,DD,1,2003-07-26 12:00:00,30.0,0.0,0.0,5.0,2003-07-25 06:00:00,,,2003-07-25 00:00:00,,,2003-07-24 12:00:00,,
2003-002,2003,BOB,,2003-07-26 03:00:00,22.0,86.0,30.0,990.0,4.0,DD,2,2003-07-27 03:00:00,25.0,-5.0,0.0,0.0,2003-07-25 21:00:00,,,2003-07-25 15:00:00,,,2003-07-25 03:00:00,25.0,5.0
2003-002,2003,BOB,,2003-07-26 12:00:00,22.0,84.0,30.0,988.0,4.0,DD,3,2003-07-27 12:00:00,25.0,-5.0,0.0,0.0,2003-07-26 06:00:00,,,2003-07-26 00:00:00,,,2003-07-25 12:00:00,30.0,0.0
2003-002,2003,BOB,,2003-07-27 03:00:00,22.5,80.0,25.0,992.0,2.0,D,4,2003-07-28 03:00:00,25.0,0.0,0.0,-5.0,2003-07-26 21:00:00,,,2003-07-26 15:00:00,,,2003-07-26 03:00:00,30.0,-5.0
2003-002,2003,BOB,,2003-07-27 12:00:00,23.0,77.5,25.0,992.0,2.0,D,5,2003-07-28 12:00:00,,,,0.0,2003-07-27 06:00:00,,,2003-07-27 00:00:00,,,2003-07-26 12:00:00,30.0,-5.0
2003-002,2003,BOB,,2003-07-28 03:00:00,24.0,76.5,25.0,994.0,2.0,D,6,2003-07-29 03:00:00,,,,0.0,2003-07-27 21:00:00,,,2003-07-27 15:00:00,,,2003-07-27 03:00:00,25.0,0.0
2003-003,2003,BOB,,2003-08-27 12:00:00,20.5,88.5,25.0,996.0,4.0,D,0,2003-08-28 12:00:00,25.0,0.0,0.0,,2003-08-27 06:00:00,,,2003-08-27 00:00:00,,,2003-08-26 12:00:00,,
2003-003,2003,BOB,,2003-08-28 03:00:00,21.0,85.5,25.0,996.0,4.0,D,1,2003-08-29 03:00:00,,,,0.0,2003-08-27 21:00:00,,,2003-08-27 15:00:00,,,2003-08-27 03:00:00,,
2003-003,2003,BOB,,2003-08-28 12:00:00,21.0,85.5,25.0,996.0,4.0,D,2,2003-08-29 12:00:00,,,,0.0,2003-08-28 06:00:00,,,2003-08-28 00:00:00,,,2003-08-27 12:00:00,25.0,0.0
2003-004,2003,BOB,,2003-10-06 03:00:00,16.5,84.0,25.0,998.0,4.0,D,0,2003-10-07 03:00:00,25.0,0.0,0.0,,2003-10-05 21:00:00,,,2003-10-05 15:00:00,,,2003-10-05 03:00:00,,
2003-004,2003,BOB,,2003-10-06 09:00:00,17.0,84.0,25.0,998.0,4.0,D,1,2003-10-07 09:00:00,,,,0.0,2003-10-06 03:00:00,25.0,0.0,2003-10-05 21:00:00,,,2003-10-05 09:00:00,,
2003-004,2003,BOB,,2003-10-06 12:00:00,17.5,84.0,25.0,998.0,4.0,D,2,2003-10-07 12:00:00,25.0,0.0,0.0,0.0,2003-10-06 06:00:00,,,2003-10-06 00:00:00,,,2003-10-05 12:00:00,,
2003-004,2003,BOB,,2003-10-07 03:00:00,19.0,83.0,25.0,998.0,4.0,D,3,2003-10-08 03:00:00,25.0,0.0,0.0,0.0,2003-10-06 21:00:00,,,2003-10-06 15:00:00,,,2003-10-06 03:00:00,25.0,0.0
2003-004,2003,BOB,,2003-10-07 12:00:00,19.0,83.0,25.0,998.0,4.0,D,4,2003-10-08 12:00:00,25.0,0.0,0.0,0.0,2003-10-07 06:00:00,,,2003-10-07 00:00:00,,,2003-10-06 12:00:00,25.0,0.0
2003-004,2003,BOB,,2003-10-08 03:00:00,21.0,82.5,25.0,998.0,4.0,D,5,2003-10-09 03:00:00,25.0,0.0,0.0,0.0,2003-10-07 21:00:00,,,2003-10-07 15:00:00,,,2003-10-07 03:00:00,25.0,0.0
2003-004,2003,BOB,,2003-10-08 12:00:00,21.5,84.5,25.0,1000.0,4.0,D,6,2003-10-09 12:00:00,25.0,0.0,0.0,0.0,2003-10-08 06:00:00,,,2003-10-08 00:00:00,,,2003-10-07 12:00:00,25.0,0.0
2003-004,2003,BOB,,2003-10-09 03:00:00,23.5,86.0,25.0,1000.0,4.0,D,7,2003-10-10 03:00:00,,,,0.0,2003-10-08 21:00:00,,,2003-10-08 15:00:00,,,2003-10-08 03:00:00,25.0,0.0
2003-004,2003,BOB,,2003-10-09 12:00:00,25.0,87.0,25.0,1000.0,4.0,D,8,2003-10-10 12:00:00,,,,0.0,2003-10-09 06:00:00,,,2003-10-09 00:00:00,,,2003-10-08 12:00:00,25.0,0.0
2003-005,2003,BOB,,2003-10-26 12:00:00,13.5,93.5,25.0,1004.0,,D,0,2003-10-27 12:00:00,30.0,5.0,0.0,,2003-10-26 06:00:00,,,2003-10-26 00:00:00,,,2003-10-25 12:00:00,,
2003-005,2003,BOB,,2003-10-27 03:00:00,14.0,90.5,30.0,1004.0,4.0,DD,1,2003-10-28 03:00:00,30.0,0.0,0.0,5.0,2003-10-26 21:00:00,,,2003-10-26 15:00:00,,,2003-10-26 03:00:00,,
2003-005,2003,BOB,,2003-10-27 12:00:00,14.5,89.0,30.0,1006.0,4.0,DD,2,2003-10-28 12:00:00,,,,0.0,2003-10-27 06:00:00,,,2003-10-27 00:00:00,,,2003-10-26 12:00:00,25.0,5.0
2003-005,2003,BOB,,2003-10-28 03:00:00,16.5,84.5,30.0,1004.0,4.0,DD,3,2003-10-29 03:00:00,,,,0.0,2003-10-27 21:00:00,,,2003-10-27 15:00:00,,,2003-10-27 03:00:00,30.0,0.0
2003-005,2003,BOB,,2003-10-28 09:00:00,17.8,83.5,25.0,1006.0,,D,4,2003-10-29 09:00:00,,,,-5.0,2003-10-28 03:00:00,30.0,-5.0,2003-10-27 21:00:00,,,2003-10-27 09:00:00,,
2003-007,2003,BOB,,2003-12-11 12:00:00,4.5,90.5,25.0,1004.0,2.0,D,0,2003-12-12 12:00:00,25.0,0.0,0.0,,2003-12-11 06:00:00,,,2003-12-11 00:00:00,,,2003-12-10 12:00:00,,
2003-007,2003,BOB,,2003-12-12 03:00:00,6.0,89.0,25.0,1006.0,2.0,D,1,2003-12-13 03:00:00,30.0,5.0,0.0,0.0,2003-12-11 21:00:00,,,2003-12-11 15:00:00,,,2003-12-11 03:00:00,,
2003-007,2003,BOB,,2003-12-12 12:00:00,7.5,88.0,25.0,1004.0,2.0,D,2,2003-12-13 12:00:00,35.0,10.0,0.0,0.0,2003-12-12 06:00:00,,,2003-12-12 00:00:00,,,2003-12-11 12:00:00,25.0,0.0
2003-007,2003,BOB,,2003-12-13 03:00:00,9.0,87.5,30.0,1004.0,4.0,DD,3,2003-12-14 03:00:00,45.0,15.0,0.0,5.0,2003-12-12 21:00:00,,,2003-12-12 15:00:00,,,2003-12-12 03:00:00,25.0,5.0
2003-007,2003,BOB,,2003-12-13 12:00:00,9.5,87.0,35.0,1002.0,6.0,CS,4,2003-12-14 12:00:00,55.0,20.0,0.0,5.0,2003-12-13 06:00:00,,,2003-12-13 00:00:00,,,2003-12-12 12:00:00,25.0,10.0
2003-007,2003,BOB,,2003-12-13 15:00:00,10.0,87.0,35.0,1002.0,6.0,CS,5,2003-12-14 15:00:00,55.0,20.0,0.0,0.0,2003-12-13 09:00:00,,,2003-12-13 03:00:00,30.0,5.0,2003-12-12 15:00:00,,
2003-007,2003,BOB,,2003-12-13 18:00:00,10.0,87.0,35.0,1002.0,6.0,CS,6,2003-12-14 18:00:00,55.0,20.0,0.0,0.0,2003-12-13 12:00:00,35.0,0.0,2003-12-13 06:00:00,,,2003-12-12 18:00:00,,
2003-007,2003,BOB,,2003-12-13 21:00:00,10.5,86.5,35.0,1000.0,6.0,CS,7,2003-12-14 21:00:00,55.0,20.0,0.0,0.0,2003-12-13 15:00:00,35.0,0.0,2003-12-13 09:00:00,,,2003-12-12 21:00:00,,
2003-007,2003,BOB,,2003-12-14 00:00:00,10.5,86.0,35.0,998.0,6.0,CS,8,2003-12-15 00:00:00,55.0,20.0,0.0,0.0,2003-12-13 18:00:00,35.0,0.0,2003-12-13 12:00:00,35.0,0.0,2003-12-13 00:00:00,,
2003-007,2003,BOB,,2003-12-14 03:00:00,11.0,85.0,45.0,998.0,10.0,CS,9,2003-12-15 03:00:00,55.0,10.0,0.0,10.0,2003-12-13 21:00:00,35.0,10.0,2003-12-13 15:00:00,35.0,10.0,2003-12-13 03:00:00,30.0,15.0
2003-007,2003,BOB,,2003-12-14 06:00:00,11.0,85.0,45.0,996.0,10.0,CS,10,2003-12-15 06:00:00,55.0,10.0,0.0,0.0,2003-12-14 00:00:00,35.0,10.0,2003-12-13 18:00:00,35.0,10.0,2003-12-13 06:00:00,,
2003-007,2003,BOB,,2003-12-14 09:00:00,11.5,84.5,45.0,994.0,10.0,CS,11,2003-12-15 09:00:00,55.0,10.0,0.0,0.0,2003-12-14 03:00:00,45.0,0.0,2003-12-13 21:00:00,35.0,10.0,2003-12-13 09:00:00,,
2003-007,2003,BOB,,2003-12-14 12:00:00,12.0,83.5,55.0,992.0,14.0,SCS,12,2003-12-15 12:00:00,55.0,0.0,0.0,10.0,2003-12-14 06:00:00,45.0,10.0,2003-12-14 00:00:00,35.0,20.0,2003-12-13 12:00:00,35.0,20.0
2003-007,2003,BOB,,2003-12-14 15:00:00,12.5,83.0,55.0,992.0,14.0,SCS,13,2003-12-15 15:00:00,55.0,0.0,0.0,0.0,2003-12-14 09:00:00,45.0,10.0,2003-12-14 03:00:00,45.0,10.0,2003-12-13 15:00:00,35.0,20.0
2003-007,2003,BOB,,2003-12-14 18:00:00,12.8,82.5,55.0,992.0,14.0,SCS,14,2003-12-15 18:00:00,55.0,0.0,0.0,0.0,2003-12-14 12:00:00,55.0,0.0,2003-12-14 06:00:00,45.0,10.0,2003-12-13 18:00:00,35.0,20.0
2003-007,2003,BOB,,2003-12-14 21:00:00,13.4,82.2,55.0,992.0,14.0,SCS,15,2003-12-15 21:00:00,,,,0.0,2003-12-14 15:00:00,55.0,0.0,2003-12-14 09:00:00,45.0,10.0,2003-12-13 21:00:00,35.0,20.0
2003-007,2003,BOB,,2003-12-15 00:00:00,13.8,81.7,55.0,992.0,14.0,SCS,16,2003-12-16 00:00:00,,,,0.0,2003-12-14 18:00:00,55.0,0.0,2003-12-14 12:00:00,55.0,0.0,2003-12-14 00:00:00,35.0,20.0
2003-007,2003,BOB,,2003-12-15 03:00:00,14.0,81.5,55.0,992.0,14.0,SCS,17,2003-12-16 03:00:00,,,,0.0,2003-12-14 21:00:00,55.0,0.0,2003-12-14 15:00:00,55.0,0.0,2003-12-14 03:00:00,45.0,10.0
2003-007,2003,BOB,,2003-12-15 06:00:00,14.3,81.5,55.0,992.0,14.0,SCS,18,2003-12-16 06:00:00,,,,0.0,2003-12-15 00:00:00,55.0,0.0,2003-12-14 18:00:00,55.0,0.0,2003-12-14 06:00:00,45.0,10.0
2003-007,2003,BOB,,2003-12-15 09:00:00,15.0,81.0,55.0,992.0,14.0,SCS,19,2003-12-16 09:00:00,,,,0.0,2003-12-15 03:00:00,55.0,0.0,2003-12-14 21:00:00,55.0,0.0,2003-12-14 09:00:00,45.0,10.0
2003-007,2003,BOB,,2003-12-15 12:00:00,15.5,81.0,55.0,990.0,14.0,SCS,20,2003-12-16 12:00:00,,,,0.0,2003-12-15 06:00:00,55.0,0.0,2003-12-15 00:00:00,55.0,0.0,2003-12-14 12:00:00,55.0,0.0
2003-007,2003,BOB,,2003-12-15 15:00:00,15.8,81.0,55.0,992.0,14.0,SCS,21,2003-12-16 15:00:00,,,,0.0,2003-12-15 09:00:00,55.0,0.0,2003-12-15 03:00:00,55.0,0.0,2003-12-14 15:00:00,55.0,0.0
2003-007,2003,BOB,,2003-12-15 18:00:00,16.0,81.0,55.0,992.0,14.0,SCS,22,2003-12-16 18:00:00,,,,0.0,2003-12-15 12:00:00,55.0,0.0,2003-12-15 06:00:00,55.0,0.0,2003-12-14 18:00:00,55.0,0.0
2003-007,2003,BOB,,2003-12-15 21:00:00,16.5,81.0,,,,CS,23,2003-12-16 21:00:00,,,,,2003-12-15 15:00:00,55.0,,2003-12-15 09:00:00,55.0,,2003-12-14 21:00:00,55.0,
2003-007,2003,BOB,,2003-12-16 00:00:00,17.0,81.0,,,,CS,24,2003-12-17 00:00:00,,,,,2003-12-15 18:00:00,55.0,,2003-12-15 12:00:00,55.0,,2003-12-15 00:00:00,55.0,
2003-007,2003,BOB,,2003-12-16 03:00:00,17.0,81.0,,,,DD,25,2003-12-17 03:00:00,,,,,2003-12-15 21:00:00,,,2003-12-15 15:00:00,55.0,,2003-12-15 03:00:00,55.0,
2003-007,2003,BOB,,2003-12-16 06:00:00,17.5,81.5,,,,D,26,2003-12-17 06:00:00,,,,,2003-12-16 00:00:00,,,2003-12-15 18:00:00,55.0,,2003-12-15 06:00:00,55.0,
2003-007,2003,BOB,,2003-12-16 12:00:00,17.5,81.5,,,,D,27,2003-12-17 12:00:00,,,,,2003-12-16 06:00:00,,,2003-12-16 00:00:00,,,2003-12-15 12:00:00,55.0,
2004-002,2004,BOB,,2004-05-16 09:00:00,17.0,91.5,25.0,1000.0,3.0,D,0,2004-05-17 09:00:00,45.0,20.0,0.0,,2004-05-16 03:00:00,,,2004-05-15 21:00:00,,,2004-05-15 09:00:00,,
2004-002,2004,BOB,,2004-05-16 12:00:00,17.5,91.0,25.0,1000.0,3.0,D,1,2004-05-17 12:00:00,45.0,20.0,0.0,0.0,2004-05-16 06:00:00,,,2004-05-16 00:00:00,,,2004-05-15 12:00:00,,
2004-002,2004,BOB,,2004-05-16 18:00:00,17.5,91.0,30.0,998.0,4.0,DD,2,2004-05-17 18:00:00,45.0,15.0,0.0,5.0,2004-05-16 12:00:00,25.0,5.0,2004-05-16 06:00:00,,,2004-05-15 18:00:00,,
2004-002,2004,BOB,,2004-05-16 21:00:00,18.0,90.5,30.0,998.0,4.0,DD,3,2004-05-17 21:00:00,45.0,15.0,0.0,0.0,2004-05-16 15:00:00,,,2004-05-16 09:00:00,25.0,5.0,2004-05-15 21:00:00,,
2004-002,2004,BOB,,2004-05-17 00:00:00,18.5,90.5,30.0,998.0,4.0,DD,4,2004-05-18 00:00:00,45.0,15.0,0.0,0.0,2004-05-16 18:00:00,30.0,0.0,2004-05-16 12:00:00,25.0,5.0,2004-05-16 00:00:00,,
2004-002,2004,BOB,,2004-05-17 03:00:00,18.5,90.0,35.0,998.0,6.0,CS,5,2004-05-18 03:00:00,45.0,10.0,0.0,5.0,2004-05-16 21:00:00,30.0,5.0,2004-05-16 15:00:00,,,2004-05-16 03:00:00,,
2004-002,2004,BOB,,2004-05-17 06:00:00,18.5,90.0,35.0,998.0,6.0,CS,6,2004-05-18 06:00:00,55.0,20.0,0.0,0.0,2004-05-17 00:00:00,30.0,5.0,2004-05-16 18:00:00,30.0,5.0,2004-05-16 06:00:00,,
2004-002,2004,BOB,,2004-05-17 09:00:00,18.5,89.5,45.0,988.0,10.0,CS,7,2004-05-18 09:00:00,55.0,10.0,0.0,10.0,2004-05-17 03:00:00,35.0,10.0,2004-05-16 21:00:00,30.0,15.0,2004-05-16 09:00:00,25.0,20.0
2004-002,2004,BOB,,2004-05-17 12:00:00,18.5,89.0,45.0,988.0,10.0,CS,8,2004-05-18 12:00:00,55.0,10.0,0.0,0.0,2004-05-17 06:00:00,35.0,10.0,2004-05-17 00:00:00,30.0,15.0,2004-05-16 12:00:00,25.0,20.0
2004-002,2004,BOB,,2004-05-17 15:00:00,18.5,89.0,45.0,988.0,10.0,CS,9,2004-05-18 15:00:00,65.0,20.0,0.0,0.0,2004-05-17 09:00:00,45.0,0.0,2004-05-17 03:00:00,35.0,10.0,2004-05-16 15:00:00,,
2004-002,2004,BOB,,2004-05-17 18:00:00,18.5,89.0,45.0,986.0,10.0,CS,10,2004-05-18 18:00:00,65.0,20.0,0.0,0.0,2004-05-17 12:00:00,45.0,0.0,2004-05-17 06:00:00,35.0,10.0,2004-05-16 18:00:00,30.0,15.0
2004-002,2004,BOB,,2004-05-17 21:00:00,19.0,88.5,45.0,986.0,10.0,CS,11,2004-05-18 21:00:00,65.0,20.0,0.0,0.0,2004-05-17 15:00:00,45.0,0.0,2004-05-17 09:00:00,45.0,0.0,2004-05-16 21:00:00,30.0,15.0
2004-002,2004,BOB,,2004-05-18 00:00:00,19.0,88.5,45.0,986.0,10.0,CS,12,2004-05-19 00:00:00,77.0,32.0,1.0,0.0,2004-05-17 18:00:00,45.0,0.0,2004-05-17 12:00:00,45.0,0.0,2004-05-17 00:00:00,30.0,15.0
2004-002,2004,BOB,,2004-05-18 03:00:00,19.0,88.5,45.0,986.0,10.0,CS,13,2004-05-19 03:00:00,90.0,45.0,1.0,0.0,2004-05-17 21:00:00,45.0,0.0,2004-05-17 15:00:00,45.0,0.0,2004-05-17 03:00:00,35.0,10.0
2004-002,2004,BOB,,2004-05-18 06:00:00,19.0,88.5,55.0,982.0,14.0,SCS,14,2004-05-19 06:00:00,,,,10.0,2004-05-18 00:00:00,45.0,10.0,2004-05-17 18:00:00,45.0,10.0,2004-05-17 06:00:00,35.0,20.0
2004-002,2004,BOB,,2004-05-18 09:00:00,19.0,89.5,55.0,980.0,14.0,SCS,15,2004-05-19 09:00:00,,,,0.0,2004-05-18 03:00:00,45.0,10.0,2004-05-17 21:00:00,45.0,10.0,2004-05-17 09:00:00,45.0,10.0
2004-002,2004,BOB,,2004-05-18 12:00:00,19.0,90.0,55.0,980.0,14.0,SCS,16,2004-05-19 12:00:00,,,,0.0,2004-05-18 06:00:00,55.0,0.0,2004-05-18 00:00:00,45.0,10.0,2004-05-17 12:00:00,45.0,10.0
2004-002,2004,BOB,,2004-05-18 15:00:00,19.0,90.0,65.0,974.0,20.0,VSCS,17,2004-05-19 15:00:00,,,,10.0,2004-05-18 09:00:00,55.0,10.0,2004-05-18 03:00:00,45.0,20.0,2004-05-17 15:00:00,45.0,20.0
2004-002,2004,BOB,,2004-05-18 18:00:00,19.5,90.5,65.0,974.0,20.0,VSCS,18,2004-05-19 18:00:00,,,,0.0,2004-05-18 12:00:00,55.0,10.0,2004-05-18 06:00:00,55.0,10.0,2004-05-17 18:00:00,45.0,20.0
2004-002,2004,BOB,,2004-05-18 21:00:00,19.0,91.0,65.0,972.0,20.0,VSCS,19,2004-05-19 21:00:00,,,,0.0,2004-05-18 15:00:00,65.0,0.0,2004-05-18 09:00:00,55.0,10.0,2004-05-17 21:00:00,45.0,20.0
2004-002,2004,BOB,,2004-05-19 00:00:00,20.0,91.5,77.0,962.0,28.0,VSCS,20,2004-05-20 00:00:00,,,,12.0,2004-05-18 18:00:00,65.0,12.0,2004-05-18 12:00:00,55.0,22.0,2004-05-18 00:00:00,45.0,32.0
2004-002,2004,BOB,,2004-05-19 03:00:00,20.5,92.0,90.0,952.0,40.0,ESCS,21,2004-05-20 03:00:00,,,,13.0,2004-05-18 21:00:00,65.0,25.0,2004-05-18 15:00:00,65.0,25.0,2004-05-18 03:00:00,45.0,45.0
2004-004,2004,BOB,,2004-06-11 03:00:00,15.5,90.0,25.0,998.0,3.0,D,0,2004-06-12 03:00:00,30.0,5.0,0.0,,2004-06-10 21:00:00,,,2004-06-10 15:00:00,,,2004-06-10 03:00:00,,
2004-004,2004,BOB,,2004-06-11 06:00:00,15.5,90.0,25.0,998.0,3.0,D,1,2004-06-12 06:00:00,30.0,5.0,0.0,0.0,2004-06-11 00:00:00,,,2004-06-10 18:00:00,,,2004-06-10 06:00:00,,
2004-004,2004,BOB,,2004-06-11 09:00:00,15.5,89.5,25.0,998.0,3.0,D,2,2004-06-12 09:00:00,30.0,5.0,0.0,0.0,2004-06-11 03:00:00,25.0,0.0,2004-06-10 21:00:00,,,2004-06-10 09:00:00,,
2004-004,2004,BOB,,2004-06-11 12:00:00,15.5,89.0,25.0,998.0,3.0,D,3,2004-06-12 12:00:00,30.0,5.0,0.0,0.0,2004-06-11 06:00:00,25.0,0.0,2004-06-11 00:00:00,,,2004-06-10 12:00:00,,
2004-004,2004,BOB,,2004-06-11 15:00:00,15.5,89.0,25.0,998.0,3.0,D,4,2004-06-12 15:00:00,30.0,5.0,0.0,0.0,2004-06-11 09:00:00,25.0,0.0,2004-06-11 03:00:00,25.0,0.0,2004-06-10 15:00:00,,
2004-004,2004,BOB,,2004-06-11 18:00:00,15.5,89.0,25.0,998.0,3.0,D,5,2004-06-12 18:00:00,30.0,5.0,0.0,0.0,2004-06-11 12:00:00,25.0,0.0,2004-06-11 06:00:00,25.0,0.0,2004-06-10 18:00:00,,
2004-004,2004,BOB,,2004-06-11 21:00:00,15.5,89.0,25.0,998.0,3.0,D,6,2004-06-12 21:00:00,30.0,5.0,0.0,0.0,2004-06-11 15:00:00,25.0,0.0,2004-06-11 09:00:00,25.0,0.0,2004-06-10 21:00:00,,
2004-004,2004,BOB,,2004-06-12 00:00:00,16.0,88.0,25.0,998.0,3.0,D,7,2004-06-13 00:00:00,30.0,5.0,0.0,0.0,2004-06-11 18:00:00,25.0,0.0,2004-06-11 12:00:00,25.0,0.0,2004-06-11 00:00:00,,
2004-004,2004,BOB,,2004-06-12 03:00:00,17.5,87.0,30.0,996.0,4.0,DD,8,2004-06-13 03:00:00,30.0,0.0,0.0,5.0,2004-06-11 21:00:00,25.0,5.0,2004-06-11 15:00:00,25.0,5.0,2004-06-11 03:00:00,25.0,5.0
2004-004,2004,BOB,,2004-06-12 06:00:00,17.5,87.0,30.0,996.0,4.0,DD,9,2004-06-13 06:00:00,30.0,0.0,0.0,0.0,2004-06-12 00:00:00,25.0,5.0,2004-06-11 18:00:00,25.0,5.0,2004-06-11 06:00:00,25.0,5.0
2004-004,2004,BOB,,2004-06-12 09:00:00,17.5,86.5,30.0,996.0,4.0,DD,10,2004-06-13 09:00:00,30.0,0.0,0.0,0.0,2004-06-12 03:00:00,30.0,0.0,2004-06-11 21:00:00,25.0,5.0,2004-06-11 09:00:00,25.0,5.0
2004-004,2004,BOB,,2004-06-12 12:00:00,18.0,86.0,30.0,994.0,4.0,DD,11,2004-06-13 12:00:00,30.0,0.0,0.0,0.0,2004-06-12 06:00:00,30.0,0.0,2004-06-12 00:00:00,25.0,5.0,2004-06-11 12:00:00,25.0,5.0
2004-004,2004,BOB,,2004-06-12 15:00:00,18.0,86.0,30.0,994.0,4.0,DD,12,2004-06-13 15:00:00,,,,0.0,2004-06-12 09:00:00,30.0,0.0,2004-06-12 03:00:00,30.0,0.0,2004-06-11 15:00:00,25.0,5.0
2004-004,2004,BOB,,2004-06-12 18:00:00,18.5,85.5,30.0,994.0,4.0,DD,13,2004-06-13 18:00:00,,,,0.0,2004-06-12 12:00:00,30.0,0.0,2004-06-12 06:00:00,30.0,0.0,2004-06-11 18:00:00,25.0,5.0
2004-004,2004,BOB,,2004-06-12 21:00:00,19.0,85.5,30.0,994.0,4.0,DD,14,2004-06-13 21:00:00,,,,0.0,2004-06-12 15:00:00,30.0,0.0,2004-06-12 09:00:00,30.0,0.0,2004-06-11 21:00:00,25.0,5.0
2004-004,2004,BOB,,2004-06-13 00:00:00,19.5,85.5,30.0,992.0,6.0,DD,15,2004-06-14 00:00:00,,,,0.0,2004-06-12 18:00:00,30.0,0.0,2004-06-12 12:00:00,30.0,0.0,2004-06-12 00:00:00,25.0,5.0
2004-004,2004,BOB,,2004-06-13 03:00:00,19.5,85.5,30.0,992.0,6.0,DD,16,2004-06-14 03:00:00,30.0,0.0,0.0,0.0,2004-06-12 21:00:00,30.0,0.0,2004-06-12 15:00:00,30.0,0.0,2004-06-12 03:00:00,30.0,0.0
2004-004,2004,BOB,,2004-06-13 06:00:00,19.5,85.5,30.0,992.0,4.0,DD,17,2004-06-14 06:00:00,,,,0.0,2004-06-13 00:00:00,30.0,0.0,2004-06-12 18:00:00,30.0,0.0,2004-06-12 06:00:00,30.0,0.0
2004-004,2004,BOB,,2004-06-13 09:00:00,20.0,85.5,30.0,992.0,4.0,DD,18,2004-06-14 09:00:00,25.0,-5.0,0.0,0.0,2004-06-13 03:00:00,30.0,0.0,2004-06-12 21:00:00,30.0,0.0,2004-06-12 09:00:00,30.0,0.0
2004-004,2004,BOB,,2004-06-13 12:00:00,20.5,85.5,30.0,992.0,4.0,DD,19,2004-06-14 12:00:00,,,,0.0,2004-06-13 06:00:00,30.0,0.0,2004-06-13 00:00:00,30.0,0.0,2004-06-12 12:00:00,30.0,0.0
2004-004,2004,BOB,,2004-06-14 03:00:00,21.5,84.0,30.0,992.0,4.0,DD,20,2004-06-15 03:00:00,,,,0.0,2004-06-13 21:00:00,,,2004-06-13 15:00:00,,,2004-06-13 03:00:00,30.0,0.0
2004-004,2004,BOB,,2004-06-14 09:00:00,22.0,83.0,25.0,990.0,3.0,D,21,2004-06-15 09:00:00,,,,-5.0,2004-06-14 03:00:00,30.0,-5.0,2004-06-13 21:00:00,,,2004-06-13 09:00:00,30.0,-5.0
2004-007,2004,BOB,,2004-10-02 03:00:00,11.5,87.0,25.0,1006.0,3.0,D,0,2004-10-03 03:00:00,25.0,0.0,0.0,,2004-10-01 21:00:00,,,2004-10-01 15:00:00,,,2004-10-01 03:00:00,,
2004-007,2004,BOB,,2004-10-02 06:00:00,12.0,86.5,25.0,1006.0,3.0,D,1,2004-10-03 06:00:00,25.0,0.0,0.0,0.0,2004-10-02 00:00:00,,,2004-10-01 18:00:00,,,2004-10-01 06:00:00,,
2004-007,2004,BOB,,2004-10-02 09:00:00,12.5,86.0,25.0,1004.0,4.0,D,2,2004-10-03 09:00:00,25.0,0.0,0.0,0.0,2004-10-02 03:00:00,25.0,0.0,2004-10-01 21:00:00,,,2004-10-01 09:00:00,,
2004-007,2004,BOB,,2004-10-02 12:00:00,12.5,86.0,25.0,1002.0,4.0,D,3,2004-10-03 12:00:00,25.0,0.0,0.0,0.0,2004-10-02 06:00:00,25.0,0.0,2004-10-02 00:00:00,,,2004-10-01 12:00:00,,
2004-007,2004,BOB,,2004-10-02 15:00:00,13.0,85.5,25.0,1004.0,4.0,D,4,2004-10-03 15:00:00,25.0,0.0,0.0,0.0,2004-10-02 09:00:00,25.0,0.0,2004-10-02 03:00:00,25.0,0.0,2004-10-01 15:00:00,,
2004-007,2004,BOB,,2004-10-02 18:00:00,13.0,85.5,25.0,1006.0,4.0,D,5,2004-10-03 18:00:00,25.0,0.0,0.0,0.0,2004-10-02 12:00:00,25.0,0.0,2004-10-02 06:00:00,25.0,0.0,2004-10-01 18:00:00,,
2004-007,2004,BOB,,2004-10-02 21:00:00,13.0,85.5,25.0,1006.0,4.0,D,6,2004-10-03 21:00:00,25.0,0.0,0.0,0.0,2004-10-02 15:00:00,25.0,0.0,2004-10-02 09:00:00,25.0,0.0,2004-10-01 21:00:00,,
2004-007,2004,BOB,,2004-10-03 00:00:00,13.5,85.0,25.0,1006.0,4.0,D,7,2004-10-04 00:00:00,25.0,0.0,0.0,0.0,2004-10-02 18:00:00,25.0,0.0,2004-10-02 12:00:00,25.0,0.0,2004-10-02 00:00:00,,
2004-007,2004,BOB,,2004-10-03 03:00:00,14.5,84.5,25.0,1006.0,4.0,D,8,2004-10-04 03:00:00,25.0,0.0,0.0,0.0,2004-10-02 21:00:00,25.0,0.0,2004-10-02 15:00:00,25.0,0.0,2004-10-02 03:00:00,25.0,0.0
2004-007,2004,BOB,,2004-10-03 06:00:00,14.5,84.5,25.0,1006.0,4.0,D,9,2004-10-04 06:00:00,,,,0.0,2004-10-03 00:00:00,25.0,0.0,2004-10-02 18:00:00,25.0,0.0,2004-10-02 06:00:00,25.0,0.0
2004-007,2004,BOB,,2004-10-03 09:00:00,15.0,84.0,25.0,1006.0,4.0,D,10,2004-10-04 09:00:00,,,,0.0,2004-10-03 03:00:00,25.0,0.0,2004-10-02 21:00:00,25.0,0.0,2004-10-02 09:00:00,25.0,0.0
2004-007,2004,BOB,,2004-10-03 12:00:00,15.5,83.5,25.0,1006.0,4.0,D,11,2004-10-04 12:00:00,,,,0.0,2004-10-03 06:00:00,25.0,0.0,2004-10-03 00:00:00,25.0,0.0,2004-10-02 12:00:00,25.0,0.0
2004-007,2004,BOB,,2004-10-03 15:00:00,15.5,83.5,25.0,1006.0,4.0,D,12,2004-10-04 15:00:00,,,,0.0,2004-10-03 09:00:00,25.0,0.0,2004-10-03 03:00:00,25.0,0.0,2004-10-02 15:00:00,25.0,0.0
2004-007,2004,BOB,,2004-10-03 18:00:00,16.5,83.0,25.0,1006.0,4.0,D,13,2004-10-04 18:00:00,,,,0.0,2004-10-03 12:00:00,25.0,0.0,2004-10-03 06:00:00,25.0,0.0,2004-10-02 18:00:00,25.0,0.0
2004-007,2004,BOB,,2004-10-03 21:00:00,17.0,83.0,25.0,1006.0,4.0,D,14,2004-10-04 21:00:00,,,,0.0,2004-10-03 15:00:00,25.0,0.0,2004-10-03 09:00:00,25.0,0.0,2004-10-02 21:00:00,25.0,0.0
2004-007,2004,BOB,,2004-10-04 00:00:00,17.5,82.5,25.0,1006.0,4.0,D,15,2004-10-05 00:00:00,,,,0.0,2004-10-03 18:00:00,25.0,0.0,2004-10-03 12:00:00,25.0,0.0,2004-10-03 00:00:00,25.0,0.0
2004-007,2004,BOB,,2004-10-04 03:00:00,18.0,84.0,25.0,1006.0,4.0,D,16,2004-10-05 03:00:00,,,,0.0,2004-10-03 21:00:00,25.0,0.0,2004-10-03 15:00:00,25.0,0.0,2004-10-03 03:00:00,25.0,0.0
2005-001,2005,BOB,HIBARU,2005-01-13 12:00:00,5.5,87.0,25.0,1006.0,4.0,D,0,2005-01-14 12:00:00,30.0,5.0,0.0,,2005-01-13 06:00:00,,,2005-01-13 00:00:00,,,2005-01-12 12:00:00,,
2005-001,2005,BOB,HIBARU,2005-01-14 03:00:00,5.5,87.0,30.0,1004.0,4.0,DD,1,2005-01-15 03:00:00,35.0,5.0,0.0,5.0,2005-01-13 21:00:00,,,2005-01-13 15:00:00,,,2005-01-13 03:00:00,,
2005-001,2005,BOB,HIBARU,2005-01-14 12:00:00,5.5,87.0,30.0,1004.0,4.0,DD,2,2005-01-15 12:00:00,35.0,5.0,0.0,0.0,2005-01-14 06:00:00,,,2005-01-14 00:00:00,,,2005-01-13 12:00:00,25.0,5.0
2005-001,2005,BOB,HIBARU,2005-01-15 03:00:00,5.5,87.0,35.0,1002.0,6.0,CS,3,2005-01-16 03:00:00,35.0,0.0,0.0,5.0,2005-01-14 21:00:00,,,2005-01-14 15:00:00,,,2005-01-14 03:00:00,30.0,5.0
2005-001,2005,BOB,HIBARU,2005-01-15 06:00:00,5.5,87.0,35.0,1000.0,6.0,CS,4,2005-01-16 06:00:00,35.0,0.0,0.0,0.0,2005-01-15 00:00:00,,,2005-01-14 18:00:00,,,2005-01-14 06:00:00,,
2005-001,2005,BOB,HIBARU,2005-01-15 09:00:00,5.5,87.0,35.0,1000.0,6.0,CS,5,2005-01-16 09:00:00,35.0,0.0,0.0,0.0,2005-01-15 03:00:00,35.0,0.0,2005-01-14 21:00:00,,,2005-01-14 09:00:00,,
2005-001,2005,BOB,HIBARU,2005-01-15 12:00:00,5.5,87.0,35.0,1000.0,6.0,CS,6,2005-01-16 12:00:00,35.0,0.0,0.0,0.0,2005-01-15 06:00:00,35.0,0.0,2005-01-15 00:00:00,,,2005-01-14 12:00:00,30.0,5.0
2005-001,2005,BOB,HIBARU,2005-01-15 15:00:00,5.5,87.0,35.0,1002.0,6.0,CS,7,2005-01-16 15:00:00,35.0,0.0,0.0,0.0,2005-01-15 09:00:00,35.0,0.0,2005-01-15 03:00:00,35.0,0.0,2005-01-14 15:00:00,,
2005-001,2005,BOB,HIBARU,2005-01-15 18:00:00,5.5,87.0,35.0,1002.0,6.0,CS,8,2005-01-16 18:00:00,35.0,0.0,0.0,0.0,2005-01-15 12:00:00,35.0,0.0,2005-01-15 06:00:00,35.0,0.0,2005-01-14 18:00:00,,
2005-001,2005,BOB,HIBARU,2005-01-15 21:00:00,5.5,87.0,35.0,1002.0,6.0,CS,9,2005-01-16 21:00:00,35.0,0.0,0.0,0.0,2005-01-15 15:00:00,35.0,0.0,2005-01-15 09:00:00,35.0,0.0,2005-01-14 21:00:00,,
2005-001,2005,BOB,HIBARU,2005-01-16 00:00:00,5.5,87.0,35.0,1004.0,6.0,CS,10,2005-01-17 00:00:00,30.0,-5.0,0.0,0.0,2005-01-15 18:00:00,35.0,0.0,2005-01-15 12:00:00,35.0,0.0,2005-01-15 00:00:00,,
2005-001,2005,BOB,HIBARU,2005-01-16 03:00:00,5.5,86.5,35.0,1004.0,6.0,CS,11,2005-01-17 03:00:00,30.0,-5.0,0.0,0.0,2005-01-15 21:00:00,35.0,0.0,2005-01-15 15:00:00,35.0,0.0,2005-01-15 03:00:00,35.0,0.0
2005-001,2005,BOB,HIBARU,2005-01-16 06:00:00,5.5,86.5,35.0,1004.0,6.0,CS,12,2005-01-17 06:00:00,30.0,-5.0,0.0,0.0,2005-01-16 00:00:00,35.0,0.0,2005-01-15 18:00:00,35.0,0.0,2005-01-15 06:00:00,35.0,0.0
2005-001,2005,BOB,HIBARU,2005-01-16 09:00:00,5.5,86.5,35.0,1002.0,6.0,CS,13,2005-01-17 09:00:00,25.0,-10.0,0.0,0.0,2005-01-16 03:00:00,35.0,0.0,2005-01-15 21:00:00,35.0,0.0,2005-01-15 09:00:00,35.0,0.0
2005-001,2005,BOB,HIBARU,2005-01-16 12:00:00,5.5,86.5,35.0,1002.0,6.0,CS,14,2005-01-17 12:00:00,25.0,-10.0,0.0,0.0,2005-01-16 06:00:00,35.0,0.0,2005-01-16 00:00:00,35.0,0.0,2005-01-15 12:00:00,35.0,0.0
2005-001,2005,BOB,HIBARU,2005-01-16 15:00:00,5.5,86.5,35.0,1002.0,6.0,CS,15,2005-01-17 15:00:00,,,,0.0,2005-01-16 09:00:00,35.0,0.0,2005-01-16 03:00:00,35.0,0.0,2005-01-15 15:00:00,35.0,0.0
2005-001,2005,BOB,HIBARU,2005-01-16 18:00:00,5.5,86.5,35.0,1004.0,6.0,CS,16,2005-01-17 18:00:00,,,,0.0,2005-01-16 12:00:00,35.0,0.0,2005-01-16 06:00:00,35.0,0.0,2005-01-15 18:00:00,35.0,0.0
2005-001,2005,BOB,HIBARU,2005-01-16 21:00:00,5.5,86.5,35.0,1004.0,6.0,CS,17,2005-01-17 21:00:00,,,,0.0,2005-01-16 15:00:00,35.0,0.0,2005-01-16 09:00:00,35.0,0.0,2005-01-15 21:00:00,35.0,0.0
2005-001,2005,BOB,HIBARU,2005-01-17 00:00:00,5.5,86.0,30.0,1004.0,4.0,DD,18,2005-01-18 00:00:00,,,,-5.0,2005-01-16 18:00:00,35.0,-5.0,2005-01-16 12:00:00,35.0,-5.0,2005-01-16 00:00:00,35.0,-5.0
2005-001,2005,BOB,HIBARU,2005-01-17 03:00:00,5.0,86.0,30.0,1004.0,4.0,DD,19,2005-01-18 03:00:00,,,,0.0,2005-01-16 21:00:00,35.0,-5.0,2005-01-16 15:00:00,35.0,-5.0,2005-01-16 03:00:00,35.0,-5.0
2005-001,2005,BOB,HIBARU,2005-01-17 06:00:00,5.0,86.0,30.0,1004.0,4.0,DD,20,2005-01-18 06:00:00,,,,0.0,2005-01-17 00:00:00,30.0,0.0,2005-01-16 18:00:00,35.0,-5.0,2005-01-16 06:00:00,35.0,-5.0
2005-001,2005,BOB,HIBARU,2005-01-17 09:00:00,5.0,86.0,25.0,1004.0,4.0,D,21,2005-01-18 09:00:00,,,,-5.0,2005-01-17 03:00:00,30.0,-5.0,2005-01-16 21:00:00,35.0,-10.0,2005-01-16 09:00:00,35.0,-10.0
2005-001,2005,BOB,HIBARU,2005-01-17 12:00:00,5.0,86.0,25.0,1006.0,4.0,D,22,2005-01-18 12:00:00,,,,0.0,2005-01-17 06:00:00,30.0,-5.0,2005-01-17 00:00:00,30.0,-5.0,2005-01-16 12:00:00,35.0,-10.0
2005-004,2005,BOB,,2005-07-29 03:00:00,21.5,87.5,25.0,992.0,4.0,D,0,2005-07-30 03:00:00,30.0,5.0,0.0,,2005-07-28 21:00:00,,,2005-07-28 15:00:00,,,2005-07-28 03:00:00,,
2005-004,2005,BOB,,2005-07-29 12:00:00,21.5,87.5,25.0,990.0,4.0,D,1,2005-07-30 12:00:00,30.0,5.0,0.0,0.0,2005-07-29 06:00:00,,,2005-07-29 00:00:00,,,2005-07-28 12:00:00,,
2005-004,2005,BOB,,2005-07-30 03:00:00,21.5,87.5,30.0,990.0,5.0,DD,2,2005-07-31 03:00:00,30.0,0.0,0.0,5.0,2005-07-29 21:00:00,,,2005-07-29 15:00:00,,,2005-07-29 03:00:00,25.0,5.0
2005-004,2005,BOB,,2005-07-30 12:00:00,21.5,85.5,30.0,988.0,5.0,DD,3,2005-07-31 12:00:00,30.0,0.0,0.0,0.0,2005-07-30 06:00:00,,,2005-07-30 00:00:00,,,2005-07-29 12:00:00,25.0,5.0
2005-004,2005,BOB,,2005-07-31 03:00:00,21.5,85.5,30.0,990.0,5.0,DD,4,2005-08-01 03:00:00,,,,0.0,2005-07-30 21:00:00,,,2005-07-30 15:00:00,,,2005-07-30 03:00:00,30.0,0.0
2005-004,2005,BOB,,2005-07-31 12:00:00,22.0,82.5,30.0,990.0,5.0,DD,5,2005-08-01 12:00:00,,,,0.0,2005-07-31 06:00:00,,,2005-07-31 00:00:00,,,2005-07-30 12:00:00,30.0,0.0
2005-005,2005,BOB,,2005-09-12 03:00:00,20.0,88.0,25.0,992.0,4.0,D,0,2005-09-13 03:00:00,25.0,0.0,0.0,,2005-09-11 21:00:00,,,2005-09-11 15:00:00,,,2005-09-11 03:00:00,,
2005-005,2005,BOB,,2005-09-12 12:00:00,21.0,85.0,25.0,992.0,4.0,D,1,2005-09-13 12:00:00,25.0,0.0,0.0,0.0,2005-09-12 06:00:00,,,2005-09-12 00:00:00,,,2005-09-11 12:00:00,,
2005-005,2005,BOB,,2005-09-13 03:00:00,21.5,84.0,25.0,992.0,4.0,D,2,2005-09-14 03:00:00,25.0,0.0,0.0,0.0,2005-09-12 21:00:00,,,2005-09-12 15:00:00,,,2005-09-12 03:00:00,25.0,0.0
2005-005,2005,BOB,,2005-09-13 12:00:00,22.0,82.5,25.0,992.0,4.0,D,3,2005-09-14 12:00:00,25.0,0.0,0.0,0.0,2005-09-13 06:00:00,,,2005-09-13 00:00:00,,,2005-09-12 12:00:00,25.0,0.0
2005-005,2005,BOB,,2005-09-14 03:00:00,23.0,80.0,25.0,996.0,4.0,D,4,2005-09-15 03:00:00,25.0,0.0,0.0,0.0,2005-09-13 21:00:00,,,2005-09-13 15:00:00,,,2005-09-13 03:00:00,25.0,0.0
2005-005,2005,BOB,,2005-09-14 12:00:00,23.0,80.0,25.0,998.0,4.0,D,5,2005-09-15 12:00:00,25.0,0.0,0.0,0.0,2005-09-14 06:00:00,,,2005-09-14 00:00:00,,,2005-09-13 12:00:00,25.0,0.0
2005-005,2005,BOB,,2005-09-15 03:00:00,24.5,78.5,25.0,1000.0,4.0,D,6,2005-09-16 03:00:00,25.0,0.0,0.0,0.0,2005-09-14 21:00:00,,,2005-09-14 15:00:00,,,2005-09-14 03:00:00,25.0,0.0
2005-005,2005,BOB,,2005-09-15 12:00:00,25.5,78.0,25.0,996.0,4.0,D,7,2005-09-16 12:00:00,25.0,0.0,0.0,0.0,2005-09-15 06:00:00,,,2005-09-15 00:00:00,,,2005-09-14 12:00:00,25.0,0.0
2005-005,2005,BOB,,2005-09-16 03:00:00,27.0,78.0,25.0,996.0,4.0,D,8,2005-09-17 03:00:00,,,,0.0,2005-09-15 21:00:00,,,2005-09-15 15:00:00,,,2005-09-15 03:00:00,25.0,0.0
2005-005,2005,BOB,,2005-09-16 12:00:00,28.0,78.0,25.0,996.0,4.0,D,9,2005-09-17 12:00:00,,,,0.0,2005-09-16 06:00:00,,,2005-09-16 00:00:00,,,2005-09-15 12:00:00,25.0,0.0
2005-007,2005,BOB,PYARR,2005-09-17 03:00:00,20.0,90.5,25.0,1000.0,4.0,D,0,2005-09-18 03:00:00,30.0,5.0,0.0,,2005-09-16 21:00:00,,,2005-09-16 15:00:00,,,2005-09-16 03:00:00,,
2005-007,2005,BOB,PYARR,2005-09-17 12:00:00,20.5,90.0,25.0,998.0,4.0,D,1,2005-09-18 12:00:00,35.0,10.0,0.0,0.0,2005-09-17 06:00:00,,,2005-09-17 00:00:00,,,2005-09-16 12:00:00,,
2005-007,2005,BOB,PYARR,2005-09-18 03:00:00,20.5,87.5,30.0,996.0,5.0,DD,2,2005-09-19 03:00:00,35.0,5.0,0.0,5.0,2005-09-17 21:00:00,,,2005-09-17 15:00:00,,,2005-09-17 03:00:00,25.0,5.0
2005-007,2005,BOB,PYARR,2005-09-18 06:00:00,20.0,87.5,30.0,996.0,5.0,DD,3,2005-09-19 06:00:00,35.0,5.0,0.0,0.0,2005-09-18 00:00:00,,,2005-09-17 18:00:00,,,2005-09-17 06:00:00,,
2005-007,2005,BOB,PYARR,2005-09-18 09:00:00,19.5,87.0,30.0,996.0,5.0,DD,4,2005-09-19 09:00:00,35.0,5.0,0.0,0.0,2005-09-18 03:00:00,30.0,0.0,2005-09-17 21:00:00,,,2005-09-17 09:00:00,,
2005-007,2005,BOB,PYARR,2005-09-18 12:00:00,19.5,86.5,35.0,994.0,6.0,CS,5,2005-09-19 12:00:00,35.0,0.0,0.0,5.0,2005-09-18 06:00:00,30.0,5.0,2005-09-18 00:00:00,,,2005-09-17 12:00:00,25.0,10.0
2005-007,2005,BOB,PYARR,2005-09-18 15:00:00,19.5,86.5,35.0,992.0,6.0,CS,6,2005-09-19 15:00:00,35.0,0.0,0.0,0.0,2005-09-18 09:00:00,30.0,5.0,2005-09-18 03:00:00,30.0,5.0,2005-09-17 15:00:00,,
2005-007,2005,BOB,PYARR,2005-09-18 18:00:00,19.0,85.5,35.0,990.0,6.0,CS,7,2005-09-19 18:00:00,35.0,0.0,0.0,0.0,2005-09-18 12:00:00,35.0,0.0,2005-09-18 06:00:00,30.0,5.0,2005-09-17 18:00:00,,
2005-007,2005,BOB,PYARR,2005-09-18 21:00:00,18.5,84.5,35.0,988.0,6.0,CS,8,2005-09-19 21:00:00,30.0,-5.0,0.0,0.0,2005-09-18 15:00:00,35.0,0.0,2005-09-18 09:00:00,30.0,5.0,2005-09-17 21:00:00,,
2005-007,2005,BOB,PYARR,2005-09-19 00:00:00,18.5,84.5,35.0,988.0,6.0,CS,9,2005-09-20 00:00:00,30.0,-5.0,0.0,0.0,2005-09-18 18:00:00,35.0,0.0,2005-09-18 12:00:00,35.0,0.0,2005-09-18 00:00:00,,
2005-007,2005,BOB,PYARR,2005-09-19 03:00:00,18.5,84.0,35.0,988.0,6.0,CS,10,2005-09-20 03:00:00,30.0,-5.0,0.0,0.0,2005-09-18 21:00:00,35.0,0.0,2005-09-18 15:00:00,35.0,0.0,2005-09-18 03:00:00,30.0,5.0
2005-007,2005,BOB,PYARR,2005-09-19 06:00:00,18.5,83.5,35.0,988.0,6.0,CS,11,2005-09-20 06:00:00,30.0,-5.0,0.0,0.0,2005-09-19 00:00:00,35.0,0.0,2005-09-18 18:00:00,35.0,0.0,2005-09-18 06:00:00,30.0,5.0
2005-007,2005,BOB,PYARR,2005-09-19 09:00:00,18.5,83.5,35.0,988.0,6.0,CS,12,2005-09-20 09:00:00,30.0,-5.0,0.0,0.0,2005-09-19 03:00:00,35.0,0.0,2005-09-18 21:00:00,35.0,0.0,2005-09-18 09:00:00,30.0,5.0
2005-007,2005,BOB,PYARR,2005-09-19 12:00:00,18.5,83.5,35.0,988.0,6.0,CS,13,2005-09-20 12:00:00,25.0,-10.0,0.0,0.0,2005-09-19 06:00:00,35.0,0.0,2005-09-19 00:00:00,35.0,0.0,2005-09-18 12:00:00,35.0,0.0
2005-007,2005,BOB,PYARR,2005-09-19 15:00:00,18.5,83.5,35.0,988.0,6.0,CS,14,2005-09-20 15:00:00,,,,0.0,2005-09-19 09:00:00,35.0,0.0,2005-09-19 03:00:00,35.0,0.0,2005-09-18 15:00:00,35.0,0.0
2005-007,2005,BOB,PYARR,2005-09-19 18:00:00,18.5,83.0,35.0,988.0,6.0,CS,15,2005-09-20 18:00:00,,,,0.0,2005-09-19 12:00:00,35.0,0.0,2005-09-19 06:00:00,35.0,0.0,2005-09-18 18:00:00,35.0,0.0
2005-007,2005,BOB,PYARR,2005-09-19 21:00:00,18.5,83.0,30.0,1000.0,5.0,DD,16,2005-09-20 21:00:00,,,,-5.0,2005-09-19 15:00:00,35.0,-5.0,2005-09-19 09:00:00,35.0,-5.0,2005-09-18 21:00:00,35.0,-5.0
2005-007,2005,BOB,PYARR,2005-09-20 00:00:00,19.0,82.5,30.0,1002.0,5.0,DD,17,2005-09-21 00:00:00,,,,0.0,2005-09-19 18:00:00,35.0,-5.0,2005-09-19 12:00:00,35.0,-5.0,2005-09-19 00:00:00,35.0,-5.0
2005-007,2005,BOB,PYARR,2005-09-20 03:00:00,19.0,82.5,30.0,1002.0,5.0,DD,18,2005-09-21 03:00:00,25.0,-5.0,0.0,0.0,2005-09-19 21:00:00,30.0,0.0,2005-09-19 15:00:00,35.0,-5.0,2005-09-19 03:00:00,35.0,-5.0
2005-007,2005,BOB,PYARR,2005-09-20 06:00:00,19.0,82.5,30.0,1002.0,5.0,DD,19,2005-09-21 06:00:00,,,,0.0,2005-09-20 00:00:00,30.0,0.0,2005-09-19 18:00:00,35.0,-5.0,2005-09-19 06:00:00,35.0,-5.0
2005-007,2005,BOB,PYARR,2005-09-20 09:00:00,19.0,81.5,30.0,1002.0,5.0,DD,20,2005-09-21 09:00:00,,,,0.0,2005-09-20 03:00:00,30.0,0.0,2005-09-19 21:00:00,30.0,0.0,2005-09-19 09:00:00,35.0,-5.0
2005-007,2005,BOB,PYARR,2005-09-20 12:00:00,19.0,80.5,25.0,1004.0,4.0,D,21,2005-09-21 12:00:00,25.0,0.0,0.0,-5.0,2005-09-20 06:00:00,30.0,-5.0,2005-09-20 00:00:00,30.0,-5.0,2005-09-19 12:00:00,35.0,-10.0
2005-007,2005,BOB,PYARR,2005-09-21 03:00:00,19.5,79.5,25.0,1004.0,4.0,D,22,2005-09-22 03:00:00,,,,0.0,2005-09-20 21:00:00,,,2005-09-20 15:00:00,,,2005-09-20 03:00:00,30.0,-5.0
2005-007,2005,BOB,PYARR,2005-09-21 12:00:00,21.0,76.0,25.0,1004.0,4.0,D,23,2005-09-22 12:00:00,,,,0.0,2005-09-21 06:00:00,,,2005-09-21 00:00:00,,,2005-09-20 12:00:00,25.0,0.0
2005-008,2005,BOB,,2005-10-26 03:00:00,12.0,84.5,25.0,1004.0,4.0,D,0,2005-10-27 03:00:00,30.0,5.0,0.0,,2005-10-25 21:00:00,,,2005-10-25 15:00:00,,,2005-10-25 03:00:00,,
2005-008,2005,BOB,,2005-10-26 06:00:00,12.0,84.5,25.0,1004.0,4.0,D,1,2005-10-27 06:00:00,30.0,5.0,0.0,0.0,2005-10-26 00:00:00,,,2005-10-25 18:00:00,,,2005-10-25 06:00:00,,
2005-008,2005,BOB,,2005-10-26 09:00:00,12.0,84.0,25.0,1004.0,4.0,D,2,2005-10-27 09:00:00,30.0,5.0,0.0,0.0,2005-10-26 03:00:00,25.0,0.0,2005-10-25 21:00:00,,,2005-10-25 09:00:00,,
2005-008,2005,BOB,,2005-10-26 12:00:00,12.5,84.0,25.0,1004.0,4.0,D,3,2005-10-27 12:00:00,30.0,5.0,0.0,0.0,2005-10-26 06:00:00,25.0,0.0,2005-10-26 00:00:00,,,2005-10-25 12:00:00,,
2005-008,2005,BOB,,2005-10-26 15:00:00,12.5,84.0,25.0,1004.0,4.0,D,4,2005-10-27 15:00:00,30.0,5.0,0.0,0.0,2005-10-26 09:00:00,25.0,0.0,2005-10-26 03:00:00,25.0,0.0,2005-10-25 15:00:00,,
2005-008,2005,BOB,,2005-10-26 18:00:00,12.5,84.0,30.0,1004.0,5.0,DD,5,2005-10-27 18:00:00,30.0,0.0,0.0,5.0,2005-10-26 12:00:00,25.0,5.0,2005-10-26 06:00:00,25.0,5.0,2005-10-25 18:00:00,,
2005-008,2005,BOB,,2005-10-26 21:00:00,12.5,84.0,30.0,1004.0,5.0,DD,6,2005-10-27 21:00:00,30.0,0.0,0.0,0.0,2005-10-26 15:00:00,25.0,5.0,2005-10-26 09:00:00,25.0,5.0,2005-10-25 21:00:00,,
2005-008,2005,BOB,,2005-10-27 00:00:00,12.5,84.0,30.0,1002.0,5.0,DD,7,2005-10-28 00:00:00,30.0,0.0,0.0,0.0,2005-10-26 18:00:00,30.0,0.0,2005-10-26 12:00:00,25.0,5.0,2005-10-26 00:00:00,,
2005-008,2005,BOB,,2005-10-27 03:00:00,13.0,82.5,30.0,1002.0,5.0,DD,8,2005-10-28 03:00:00,30.0,0.0,0.0,0.0,2005-10-26 21:00:00,30.0,0.0,2005-10-26 15:00:00,25.0,5.0,2005-10-26 03:00:00,25.0,5.0
2005-008,2005,BOB,,2005-10-27 06:00:00,13.0,81.5,30.0,998.0,5.0,DD,9,2005-10-28 06:00:00,30.0,0.0,0.0,0.0,2005-10-27 00:00:00,30.0,0.0,2005-10-26 18:00:00,30.0,0.0,2005-10-26 06:00:00,25.0,5.0
2005-008,2005,BOB,,2005-10-27 09:00:00,13.0,81.5,30.0,998.0,5.0,DD,10,2005-10-28 09:00:00,25.0,-5.0,0.0,0.0,2005-10-27 03:00:00,30.0,0.0,2005-10-26 21:00:00,30.0,0.0,2005-10-26 09:00:00,25.0,5.0
2005-008,2005,BOB,,2005-10-27 12:00:00,13.5,81.5,30.0,998.0,5.0,DD,11,2005-10-28 12:00:00,25.0,-5.0,0.0,0.0,2005-10-27 06:00:00,30.0,0.0,2005-10-27 00:00:00,30.0,0.0,2005-10-26 12:00:00,25.0,5.0
2005-008,2005,BOB,,2005-10-27 15:00:00,14.0,81.5,30.0,998.0,5.0,DD,12,2005-10-28 15:00:00,,,,0.0,2005-10-27 09:00:00,30.0,0.0,2005-10-27 03:00:00,30.0,0.0,2005-10-26 15:00:00,25.0,5.0
2005-008,2005,BOB,,2005-10-27 18:00:00,14.0,81.5,30.0,998.0,5.0,DD,13,2005-10-28 18:00:00,,,,0.0,2005-10-27 12:00:00,30.0,0.0,2005-10-27 06:00:00,30.0,0.0,2005-10-26 18:00:00,30.0,0.0
2005-008,2005,BOB,,2005-10-27 21:00:00,15.0,81.0,30.0,998.0,5.0,DD,14,2005-10-28 21:00:00,,,,0.0,2005-10-27 15:00:00,30.0,0.0,2005-10-27 09:00:00,30.0,0.0,2005-10-26 21:00:00,30.0,0.0
2005-008,2005,BOB,,2005-10-28 00:00:00,15.0,81.0,30.0,998.0,5.0,DD,15,2005-10-29 00:00:00,,,,0.0,2005-10-27 18:00:00,30.0,0.0,2005-10-27 12:00:00,30.0,0.0,2005-10-27 00:00:00,30.0,0.0
2005-008,2005,BOB,,2005-10-28 03:00:00,15.5,80.0,30.0,998.0,5.0,DD,16,2005-10-29 03:00:00,25.0,-5.0,0.0,0.0,2005-10-27 21:00:00,30.0,0.0,2005-10-27 15:00:00,30.0,0.0,2005-10-27 03:00:00,30.0,0.0
2005-008,2005,BOB,,2005-10-28 06:00:00,15.5,80.0,30.0,998.0,5.0,DD,17,2005-10-29 06:00:00,,,,0.0,2005-10-28 00:00:00,30.0,0.0,2005-10-27 18:00:00,30.0,0.0,2005-10-27 06:00:00,30.0,0.0
2005-008,2005,BOB,,2005-10-28 09:00:00,15.5,80.0,25.0,1000.0,4.0,D,18,2005-10-29 09:00:00,,,,-5.0,2005-10-28 03:00:00,30.0,-5.0,2005-10-27 21:00:00,30.0,-5.0,2005-10-27 09:00:00,30.0,-5.0
2005-008,2005,BOB,,2005-10-28 12:00:00,15.5,79.8,25.0,1000.0,4.0,D,19,2005-10-29 12:00:00,,,,0.0,2005-10-28 06:00:00,30.0,-5.0,2005-10-28 00:00:00,30.0,-5.0,2005-10-27 12:00:00,30.0,-5.0
2005-008,2005,BOB,,2005-10-29 03:00:00,15.5,79.5,25.0,1002.0,4.0,D,20,2005-10-30 03:00:00,,,,0.0,2005-10-28 21:00:00,,,2005-10-28 15:00:00,,,2005-10-28 03:00:00,30.0,-5.0
2005-009,2005,BOB,,2005-11-20 03:00:00,8.0,84.5,25.0,1002.0,4.0,D,0,2005-11-21 03:00:00,25.0,0.0,0.0,,2005-11-19 21:00:00,,,2005-11-19 15:00:00,,,2005-11-19 03:00:00,,
2005-009,2005,BOB,,2005-11-20 06:00:00,8.0,84.5,25.0,1002.0,4.0,D,1,2005-11-21 06:00:00,25.0,0.0,0.0,0.0,2005-11-20 00:00:00,,,2005-11-19 18:00:00,,,2005-11-19 06:00:00,,
2005-009,2005,BOB,,2005-11-20 09:00:00,8.0,84.5,25.0,1002.0,4.0,D,2,2005-11-21 09:00:00,25.0,0.0,0.0,0.0,2005-11-20 03:00:00,25.0,0.0,2005-11-19 21:00:00,,,2005-11-19 09:00:00,,
2005-009,2005,BOB,,2005-11-20 12:00:00,8.0,84.0,25.0,1002.0,4.0,D,3,2005-11-21 12:00:00,25.0,0.0,0.0,0.0,2005-11-20 06:00:00,25.0,0.0,2005-11-20 00:00:00,,,2005-11-19 12:00:00,,
2005-009,2005,BOB,,2005-11-20 15:00:00,8.0,84.0,25.0,1002.0,4.0,D,4,2005-11-21 15:00:00,25.0,0.0,0.0,0.0,2005-11-20 09:00:00,25.0,0.0,2005-11-20 03:00:00,25.0,0.0,2005-11-19 15:00:00,,
2005-009,2005,BOB,,2005-11-20 18:00:00,8.0,84.0,25.0,1002.0,4.0,D,5,2005-11-21 18:00:00,25.0,0.0,0.0,0.0,2005-11-20 12:00:00,25.0,0.0,2005-11-20 06:00:00,25.0,0.0,2005-11-19 18:00:00,,
2005-009,2005,BOB,,2005-11-20 21:00:00,8.0,84.0,25.0,1002.0,4.0,D,6,2005-11-21 21:00:00,25.0,0.0,0.0,0.0,2005-11-20 15:00:00,25.0,0.0,2005-11-20 09:00:00,25.0,0.0,2005-11-19 21:00:00,,
2005-009,2005,BOB,,2005-11-21 00:00:00,8.0,84.0,25.0,1002.0,4.0,D,7,2005-11-22 00:00:00,25.0,0.0,0.0,0.0,2005-11-20 18:00:00,25.0,0.0,2005-11-20 12:00:00,25.0,0.0,2005-11-20 00:00:00,,
2005-009,2005,BOB,,2005-11-21 03:00:00,8.5,83.0,25.0,1002.0,4.0,D,8,2005-11-22 03:00:00,25.0,0.0,0.0,0.0,2005-11-20 21:00:00,25.0,0.0,2005-11-20 15:00:00,25.0,0.0,2005-11-20 03:00:00,25.0,0.0
2005-009,2005,BOB,,2005-11-21 06:00:00,8.5,83.0,25.0,1002.0,4.0,D,9,2005-11-22 06:00:00,25.0,0.0,0.0,0.0,2005-11-21 00:00:00,25.0,0.0,2005-11-20 18:00:00,25.0,0.0,2005-11-20 06:00:00,25.0,0.0
2005-009,2005,BOB,,2005-11-21 09:00:00,9.0,82.0,25.0,1002.0,4.0,D,10,2005-11-22 09:00:00,25.0,0.0,0.0,0.0,2005-11-21 03:00:00,25.0,0.0,2005-11-20 21:00:00,25.0,0.0,2005-11-20 09:00:00,25.0,0.0
2005-009,2005,BOB,,2005-11-21 12:00:00,9.0,81.5,25.0,1002.0,4.0,D,11,2005-11-22 12:00:00,,,,0.0,2005-11-21 06:00:00,25.0,0.0,2005-11-21 00:00:00,25.0,0.0,2005-11-20 12:00:00,25.0,0.0
2005-009,2005,BOB,,2005-11-21 15:00:00,9.0,81.5,25.0,1002.0,4.0,D,12,2005-11-22 15:00:00,,,,0.0,2005-11-21 09:00:00,25.0,0.0,2005-11-21 03:00:00,25.0,0.0,2005-11-20 15:00:00,25.0,0.0
2005-009,2005,BOB,,2005-11-21 18:00:00,9.0,81.0,25.0,1002.0,4.0,D,13,2005-11-22 18:00:00,,,,0.0,2005-11-21 12:00:00,25.0,0.0,2005-11-21 06:00:00,25.0,0.0,2005-11-20 18:00:00,25.0,0.0
2005-009,2005,BOB,,2005-11-21 21:00:00,9.0,81.0,25.0,1002.0,4.0,D,14,2005-11-22 21:00:00,,,,0.0,2005-11-21 15:00:00,25.0,0.0,2005-11-21 09:00:00,25.0,0.0,2005-11-20 21:00:00,25.0,0.0
2005-009,2005,BOB,,2005-11-22 00:00:00,9.0,80.5,25.0,1002.0,4.0,D,15,2005-11-23 00:00:00,,,,0.0,2005-11-21 18:00:00,25.0,0.0,2005-11-21 12:00:00,25.0,0.0,2005-11-21 00:00:00,25.0,0.0
2005-009,2005,BOB,,2005-11-22 03:00:00,9.0,80.0,25.0,1002.0,4.0,D,16,2005-11-23 03:00:00,,,,0.0,2005-11-21 21:00:00,25.0,0.0,2005-11-21 15:00:00,25.0,0.0,2005-11-21 03:00:00,25.0,0.0
2005-009,2005,BOB,,2005-11-22 06:00:00,9.0,79.5,25.0,1002.0,4.0,D,17,2005-11-23 06:00:00,,,,0.0,2005-11-22 00:00:00,25.0,0.0,2005-11-21 18:00:00,25.0,0.0,2005-11-21 06:00:00,25.0,0.0
2005-009,2005,BOB,,2005-11-22 09:00:00,9.5,79.5,25.0,1002.0,4.0,D,18,2005-11-23 09:00:00,,,,0.0,2005-11-22 03:00:00,25.0,0.0,2005-11-21 21:00:00,25.0,0.0,2005-11-21 09:00:00,25.0,0.0
2005-010,2005,BOB,BAAZ,2005-11-28 03:00:00,10.5,90.5,25.0,1006.0,4.0,D,0,2005-11-29 03:00:00,45.0,20.0,0.0,,2005-11-27 21:00:00,,,2005-11-27 15:00:00,,,2005-11-27 03:00:00,,
2005-010,2005,BOB,BAAZ,2005-11-28 06:00:00,10.5,90.0,30.0,1004.0,5.0,DD,1,2005-11-29 06:00:00,45.0,15.0,0.0,5.0,2005-11-28 00:00:00,,,2005-11-27 18:00:00,,,2005-11-27 06:00:00,,
2005-010,2005,BOB,BAAZ,2005-11-28 09:00:00,10.5,89.0,30.0,1004.0,5.0,DD,2,2005-11-29 09:00:00,45.0,15.0,0.0,0.0,2005-11-28 03:00:00,25.0,5.0,2005-11-27 21:00:00,,,2005-11-27 09:00:00,,
2005-010,2005,BOB,BAAZ,2005-11-28 12:00:00,10.5,88.5,30.0,1004.0,5.0,DD,3,2005-11-29 12:00:00,45.0,15.0,0.0,0.0,2005-11-28 06:00:00,30.0,0.0,2005-11-28 00:00:00,,,2005-11-27 12:00:00,,
2005-010,2005,BOB,BAAZ,2005-11-28 15:00:00,10.5,88.0,30.0,1004.0,5.0,DD,4,2005-11-29 15:00:00,45.0,15.0,0.0,0.0,2005-11-28 09:00:00,30.0,0.0,2005-11-28 03:00:00,25.0,5.0,2005-11-27 15:00:00,,
2005-010,2005,BOB,BAAZ,2005-11-28 18:00:00,10.5,88.0,35.0,1004.0,6.0,CS,5,2005-11-29 18:00:00,45.0,10.0,0.0,5.0,2005-11-28 12:00:00,30.0,5.0,2005-11-28 06:00:00,30.0,5.0,2005-11-27 18:00:00,,
2005-010,2005,BOB,BAAZ,2005-11-28 21:00:00,10.5,88.0,35.0,1004.0,6.0,CS,6,2005-11-29 21:00:00,45.0,10.0,0.0,0.0,2005-11-28 15:00:00,30.0,5.0,2005-11-28 09:00:00,30.0,5.0,2005-11-27 21:00:00,,
2005-010,2005,BOB,BAAZ,2005-11-29 00:00:00,10.5,87.5,35.0,1002.0,6.0,CS,7,2005-11-30 00:00:00,45.0,10.0,0.0,0.0,2005-11-28 18:00:00,35.0,0.0,2005-11-28 12:00:00,30.0,5.0,2005-11-28 00:00:00,,
2005-010,2005,BOB,BAAZ,2005-11-29 03:00:00,10.5,87.0,45.0,1002.0,8.0,CS,8,2005-11-30 03:00:00,45.0,0.0,0.0,10.0,2005-11-28 21:00:00,35.0,10.0,2005-11-28 15:00:00,30.0,15.0,2005-11-28 03:00:00,25.0,20.0
2005-010,2005,BOB,BAAZ,2005-11-29 06:00:00,11.0,86.0,45.0,998.0,10.0,CS,9,2005-11-30 06:00:00,35.0,-10.0,0.0,0.0,2005-11-29 00:00:00,35.0,10.0,2005-11-28 18:00:00,35.0,10.0,2005-11-28 06:00:00,30.0,15.0
2005-010,2005,BOB,BAAZ,2005-11-29 09:00:00,11.5,85.0,45.0,998.0,10.0,CS,10,2005-11-30 09:00:00,35.0,-10.0,0.0,0.0,2005-11-29 03:00:00,45.0,0.0,2005-11-28 21:00:00,35.0,10.0,2005-11-28 09:00:00,30.0,15.0
2005-010,2005,BOB,BAAZ,2005-11-29 12:00:00,12.0,84.0,45.0,998.0,10.0,CS,11,2005-11-30 12:00:00,35.0,-10.0,0.0,0.0,2005-11-29 06:00:00,45.0,0.0,2005-11-29 00:00:00,35.0,10.0,2005-11-28 12:00:00,30.0,15.0
2005-010,2005,BOB,BAAZ,2005-11-29 15:00:00,12.0,84.0,45.0,998.0,10.0,CS,12,2005-11-30 15:00:00,35.0,-10.0,0.0,0.0,2005-11-29 09:00:00,45.0,0.0,2005-11-29 03:00:00,45.0,0.0,2005-11-28 15:00:00,30.0,15.0
2005-010,2005,BOB,BAAZ,2005-11-29 18:00:00,12.0,84.0,45.0,998.0,10.0,CS,13,2005-11-30 18:00:00,35.0,-10.0,0.0,0.0,2005-11-29 12:00:00,45.0,0.0,2005-11-29 06:00:00,45.0,0.0,2005-11-28 18:00:00,35.0,10.0
2005-010,2005,BOB,BAAZ,2005-11-29 21:00:00,12.0,84.0,45.0,998.0,10.0,CS,14,2005-11-30 21:00:00,35.0,-10.0,0.0,0.0,2005-11-29 15:00:00,45.0,0.0,2005-11-29 09:00:00,45.0,0.0,2005-11-28 21:00:00,35.0,10.0
2005-010,2005,BOB,BAAZ,2005-11-30 00:00:00,12.0,84.0,45.0,998.0,10.0,CS,15,2005-12-01 00:00:00,35.0,-10.0,0.0,0.0,2005-11-29 18:00:00,45.0,0.0,2005-11-29 12:00:00,45.0,0.0,2005-11-29 00:00:00,35.0,10.0
2005-010,2005,BOB,BAAZ,2005-11-30 03:00:00,12.0,84.0,45.0,998.0,10.0,CS,16,2005-12-01 03:00:00,35.0,-10.0,0.0,0.0,2005-11-29 21:00:00,45.0,0.0,2005-11-29 15:00:00,45.0,0.0,2005-11-29 03:00:00,45.0,0.0
2005-010,2005,BOB,BAAZ,2005-11-30 06:00:00,12.5,84.0,35.0,998.0,8.0,CS,17,2005-12-01 06:00:00,35.0,0.0,0.0,-10.0,2005-11-30 00:00:00,45.0,-10.0,2005-11-29 18:00:00,45.0,-10.0,2005-11-29 06:00:00,45.0,-10.0
2005-010,2005,BOB,BAAZ,2005-11-30 09:00:00,12.5,84.0,35.0,998.0,6.0,CS,18,2005-12-01 09:00:00,35.0,0.0,0.0,0.0,2005-11-30 03:00:00,45.0,-10.0,2005-11-29 21:00:00,45.0,-10.0,2005-11-29 09:00:00,45.0,-10.0
2005-010,2005,BOB,BAAZ,2005-11-30 12:00:00,12.5,84.0,35.0,998.0,6.0,CS,19,2005-12-01 12:00:00,30.0,-5.0,0.0,0.0,2005-11-30 06:00:00,35.0,0.0,2005-11-30 00:00:00,45.0,-10.0,2005-11-29 12:00:00,45.0,-10.0
2005-010,2005,BOB,BAAZ,2005-11-30 15:00:00,12.5,84.0,35.0,998.0,6.0,CS,20,2005-12-01 15:00:00,30.0,-5.0,0.0,0.0,2005-11-30 09:00:00,35.0,0.0,2005-11-30 03:00:00,45.0,-10.0,2005-11-29 15:00:00,45.0,-10.0
2005-010,2005,BOB,BAAZ,2005-11-30 18:00:00,12.5,84.0,35.0,998.0,6.0,CS,21,2005-12-01 18:00:00,30.0,-5.0,0.0,0.0,2005-11-30 12:00:00,35.0,0.0,2005-11-30 06:00:00,35.0,0.0,2005-11-29 18:00:00,45.0,-10.0
2005-010,2005,BOB,BAAZ,2005-11-30 21:00:00,12.5,84.0,35.0,998.0,6.0,CS,22,2005-12-01 21:00:00,30.0,-5.0,0.0,0.0,2005-11-30 15:00:00,35.0,0.0,2005-11-30 09:00:00,35.0,0.0,2005-11-29 21:00:00,45.0,-10.0
2005-010,2005,BOB,BAAZ,2005-12-01 00:00:00,12.5,84.0,35.0,998.0,6.0,CS,23,2005-12-02 00:00:00,25.0,-10.0,0.0,0.0,2005-11-30 18:00:00,35.0,0.0,2005-11-30 12:00:00,35.0,0.0,2005-11-30 00:00:00,45.0,-10.0
2005-010,2005,BOB,BAAZ,2005-12-01 03:00:00,12.5,84.0,35.0,998.0,6.0,CS,24,2005-12-02 03:00:00,25.0,-10.0,0.0,0.0,2005-11-30 21:00:00,35.0,0.0,2005-11-30 15:00:00,35.0,0.0,2005-11-30 03:00:00,45.0,-10.0
2005-010,2005,BOB,BAAZ,2005-12-01 06:00:00,12.5,83.5,35.0,998.0,6.0,CS,25,2005-12-02 06:00:00,,,,0.0,2005-12-01 00:00:00,35.0,0.0,2005-11-30 18:00:00,35.0,0.0,2005-11-30 06:00:00,35.0,0.0
2005-010,2005,BOB,BAAZ,2005-12-01 09:00:00,12.5,83.5,35.0,998.0,6.0,CS,26,2005-12-02 09:00:00,,,,0.0,2005-12-01 03:00:00,35.0,0.0,2005-11-30 21:00:00,35.0,0.0,2005-11-30 09:00:00,35.0,0.0
2005-010,2005,BOB,BAAZ,2005-12-01 12:00:00,12.5,83.5,30.0,998.0,5.0,DD,27,2005-12-02 12:00:00,,,,-5.0,2005-12-01 06:00:00,35.0,-5.0,2005-12-01 00:00:00,35.0,-5.0,2005-11-30 12:00:00,35.0,-5.0
2005-010,2005,BOB,BAAZ,2005-12-01 15:00:00,12.5,83.5,30.0,998.0,5.0,DD,28,2005-12-02 15:00:00,,,,0.0,2005-12-01 09:00:00,35.0,-5.0,2005-12-01 03:00:00,35.0,-5.0,2005-11-30 15:00:00,35.0,-5.0
2005-010,2005,BOB,BAAZ,2005-12-01 18:00:00,13.0,83.0,30.0,998.0,5.0,DD,29,2005-12-02 18:00:00,,,,0.0,2005-12-01 12:00:00,30.0,0.0,2005-12-01 06:00:00,35.0,-5.0,2005-11-30 18:00:00,35.0,-5.0
2005-010,2005,BOB,BAAZ,2005-12-01 21:00:00,13.0,83.0,30.0,998.0,5.0,DD,30,2005-12-02 21:00:00,,,,0.0,2005-12-01 15:00:00,30.0,0.0,2005-12-01 09:00:00,35.0,-5.0,2005-11-30 21:00:00,35.0,-5.0
2005-010,2005,BOB,BAAZ,2005-12-02 00:00:00,13.0,82.5,25.0,1002.0,4.0,D,31,2005-12-03 00:00:00,,,,-5.0,2005-12-01 18:00:00,30.0,-5.0,2005-12-01 12:00:00,30.0,-5.0,2005-12-01 00:00:00,35.0,-10.0
2005-010,2005,BOB,BAAZ,2005-12-02 03:00:00,13.0,82.5,25.0,1004.0,4.0,D,32,2005-12-03 03:00:00,,,,0.0,2005-12-01 21:00:00,30.0,-5.0,2005-12-01 15:00:00,30.0,-5.0,2005-12-01 03:00:00,35.0,-10.0
2005-011,2005,BOB,FANOOS,2005-12-06 03:00:00,10.5,89.5,25.0,1006.0,4.0,D,0,2005-12-07 03:00:00,35.0,10.0,0.0,,2005-12-05 21:00:00,,,2005-12-05 15:00:00,,,2005-12-05 03:00:00,,
2005-011,2005,BOB,FANOOS,2005-12-06 06:00:00,10.5,89.5,25.0,1004.0,4.0,D,1,2005-12-07 06:00:00,40.0,15.0,0.0,0.0,2005-12-06 00:00:00,,,2005-12-05 18:00:00,,,2005-12-05 06:00:00,,
2005-011,2005,BOB,FANOOS,2005-12-06 09:00:00,11.0,89.0,30.0,1004.0,5.0,DD,2,2005-12-07 09:00:00,45.0,15.0,0.0,5.0,2005-12-06 03:00:00,25.0,5.0,2005-12-05 21:00:00,,,2005-12-05 09:00:00,,
2005-011,2005,BOB,FANOOS,2005-12-06 12:00:00,11.0,89.0,30.0,1004.0,5.0,DD,3,2005-12-07 12:00:00,45.0,15.0,0.0,0.0,2005-12-06 06:00:00,25.0,5.0,2005-12-06 00:00:00,,,2005-12-05 12:00:00,,
2005-011,2005,BOB,FANOOS,2005-12-06 15:00:00,11.0,89.0,30.0,1004.0,5.0,DD,4,2005-12-07 15:00:00,45.0,15.0,0.0,0.0,2005-12-06 09:00:00,30.0,0.0,2005-12-06 03:00:00,25.0,5.0,2005-12-05 15:00:00,,
2005-011,2005,BOB,FANOOS,2005-12-06 18:00:00,11.0,88.5,30.0,1004.0,5.0,DD,5,2005-12-07 18:00:00,45.0,15.0,0.0,0.0,2005-12-06 12:00:00,30.0,0.0,2005-12-06 06:00:00,25.0,5.0,2005-12-05 18:00:00,,
2005-011,2005,BOB,FANOOS,2005-12-06 21:00:00,11.0,88.5,30.0,1004.0,5.0,DD,6,2005-12-07 21:00:00,45.0,15.0,0.0,0.0,2005-12-06 15:00:00,30.0,0.0,2005-12-06 09:00:00,30.0,0.0,2005-12-05 21:00:00,,
2005-011,2005,BOB,FANOOS,2005-12-07 00:00:00,11.0,88.5,30.0,1002.0,5.0,DD,7,2005-12-08 00:00:00,45.0,15.0,0.0,0.0,2005-12-06 18:00:00,30.0,0.0,2005-12-06 12:00:00,30.0,0.0,2005-12-06 00:00:00,,
2005-011,2005,BOB,FANOOS,2005-12-07 03:00:00,11.0,87.5,35.0,1000.0,6.0,CS,8,2005-12-08 03:00:00,45.0,10.0,0.0,5.0,2005-12-06 21:00:00,30.0,5.0,2005-12-06 15:00:00,30.0,5.0,2005-12-06 03:00:00,25.0,10.0
2005-011,2005,BOB,FANOOS,2005-12-07 06:00:00,11.0,87.0,40.0,1000.0,8.0,CS,9,2005-12-08 06:00:00,45.0,5.0,0.0,5.0,2005-12-07 00:00:00,30.0,10.0,2005-12-06 18:00:00,30.0,10.0,2005-12-06 06:00:00,25.0,15.0
2005-011,2005,BOB,FANOOS,2005-12-07 09:00:00,11.0,86.5,45.0,998.0,10.0,CS,10,2005-12-08 09:00:00,45.0,0.0,0.0,5.0,2005-12-07 03:00:00,35.0,10.0,2005-12-06 21:00:00,30.0,15.0,2005-12-06 09:00:00,30.0,15.0
2005-011,2005,BOB,FANOOS,2005-12-07 12:00:00,11.0,86.5,45.0,998.0,10.0,CS,11,2005-12-08 12:00:00,45.0,0.0,0.0,0.0,2005-12-07 06:00:00,40.0,5.0,2005-12-07 00:00:00,30.0,15.0,2005-12-06 12:00:00,30.0,15.0
2005-011,2005,BOB,FANOOS,2005-12-07 15:00:00,11.0,86.5,45.0,998.0,10.0,CS,12,2005-12-08 15:00:00,45.0,0.0,0.0,0.0,2005-12-07 09:00:00,45.0,0.0,2005-12-07 03:00:00,35.0,10.0,2005-12-06 15:00:00,30.0,15.0
2005-011,2005,BOB,FANOOS,2005-12-07 18:00:00,11.0,86.0,45.0,998.0,10.0,CS,13,2005-12-08 18:00:00,45.0,0.0,0.0,0.0,2005-12-07 12:00:00,45.0,0.0,2005-12-07 06:00:00,40.0,5.0,2005-12-06 18:00:00,30.0,15.0
2005-011,2005,BOB,FANOOS,2005-12-07 21:00:00,11.0,86.0,45.0,998.0,10.0,CS,14,2005-12-08 21:00:00,45.0,0.0,0.0,0.0,2005-12-07 15:00:00,45.0,0.0,2005-12-07 09:00:00,45.0,0.0,2005-12-06 21:00:00,30.0,15.0
2005-011,2005,BOB,FANOOS,2005-12-08 00:00:00,11.0,86.0,45.0,998.0,10.0,CS,15,2005-12-09 00:00:00,45.0,0.0,0.0,0.0,2005-12-07 18:00:00,45.0,0.0,2005-12-07 12:00:00,45.0,0.0,2005-12-07 00:00:00,30.0,15.0
2005-011,2005,BOB,FANOOS,2005-12-08 03:00:00,10.5,86.0,45.0,998.0,10.0,CS,16,2005-12-09 03:00:00,45.0,0.0,0.0,0.0,2005-12-07 21:00:00,45.0,0.0,2005-12-07 15:00:00,45.0,0.0,2005-12-07 03:00:00,35.0,10.0
2005-011,2005,BOB,FANOOS,2005-12-08 06:00:00,10.5,85.5,45.0,998.0,10.0,CS,17,2005-12-09 06:00:00,45.0,0.0,0.0,0.0,2005-12-08 00:00:00,45.0,0.0,2005-12-07 18:00:00,45.0,0.0,2005-12-07 06:00:00,40.0,5.0
2005-011,2005,BOB,FANOOS,2005-12-08 09:00:00,10.5,85.0,45.0,998.0,10.0,CS,18,2005-12-09 09:00:00,45.0,0.0,0.0,0.0,2005-12-08 03:00:00,45.0,0.0,2005-12-07 21:00:00,45.0,0.0,2005-12-07 09:00:00,45.0,0.0
2005-011,2005,BOB,FANOOS,2005-12-08 12:00:00,10.5,84.5,45.0,998.0,10.0,CS,19,2005-12-09 12:00:00,45.0,0.0,0.0,0.0,2005-12-08 06:00:00,45.0,0.0,2005-12-08 00:00:00,45.0,0.0,2005-12-07 12:00:00,45.0,0.0
2005-011,2005,BOB,FANOOS,2005-12-08 15:00:00,10.5,84.5,45.0,998.0,10.0,CS,20,2005-12-09 15:00:00,45.0,0.0,0.0,0.0,2005-12-08 09:00:00,45.0,0.0,2005-12-08 03:00:00,45.0,0.0,2005-12-07 15:00:00,45.0,0.0
2005-011,2005,BOB,FANOOS,2005-12-08 18:00:00,10.5,84.0,45.0,998.0,10.0,CS,21,2005-12-09 18:00:00,35.0,-10.0,0.0,0.0,2005-12-08 12:00:00,45.0,0.0,2005-12-08 06:00:00,45.0,0.0,2005-12-07 18:00:00,45.0,0.0
2005-011,2005,BOB,FANOOS,2005-12-08 21:00:00,10.5,84.0,45.0,998.0,10.0,CS,22,2005-12-09 21:00:00,35.0,-10.0,0.0,0.0,2005-12-08 15:00:00,45.0,0.0,2005-12-08 09:00:00,45.0,0.0,2005-12-07 21:00:00,45.0,0.0
2005-011,2005,BOB,FANOOS,2005-12-09 00:00:00,10.5,83.5,45.0,998.0,10.0,CS,23,2005-12-10 00:00:00,,,,0.0,2005-12-08 18:00:00,45.0,0.0,2005-12-08 12:00:00,45.0,0.0,2005-12-08 00:00:00,45.0,0.0
2005-011,2005,BOB,FANOOS,2005-12-09 03:00:00,10.5,83.0,45.0,998.0,10.0,CS,24,2005-12-10 03:00:00,30.0,-15.0,0.0,0.0,2005-12-08 21:00:00,45.0,0.0,2005-12-08 15:00:00,45.0,0.0,2005-12-08 03:00:00,45.0,0.0
2005-011,2005,BOB,FANOOS,2005-12-09 06:00:00,10.5,83.0,45.0,998.0,10.0,CS,25,2005-12-10 06:00:00,25.0,-20.0,0.0,0.0,2005-12-09 00:00:00,45.0,0.0,2005-12-08 18:00:00,45.0,0.0,2005-12-08 06:00:00,45.0,0.0
2005-011,2005,BOB,FANOOS,2005-12-09 09:00:00,10.5,82.5,45.0,998.0,10.0,CS,26,2005-12-10 09:00:00,20.0,-25.0,0.0,0.0,2005-12-09 03:00:00,45.0,0.0,2005-12-08 21:00:00,45.0,0.0,2005-12-08 09:00:00,45.0,0.0
2005-011,2005,BOB,FANOOS,2005-12-09 12:00:00,10.5,82.0,45.0,998.0,10.0,CS,27,2005-12-10 12:00:00,20.0,-25.0,0.0,0.0,2005-12-09 06:00:00,45.0,0.0,2005-12-09 00:00:00,45.0,0.0,2005-12-08 12:00:00,45.0,0.0
2005-011,2005,BOB,FANOOS,2005-12-09 15:00:00,10.5,81.5,45.0,998.0,10.0,CS,28,2005-12-10 15:00:00,,,,0.0,2005-12-09 09:00:00,45.0,0.0,2005-12-09 03:00:00,45.0,0.0,2005-12-08 15:00:00,45.0,0.0
2005-011,2005,BOB,FANOOS,2005-12-09 18:00:00,10.5,81.5,35.0,1000.0,6.0,CS,29,2005-12-10 18:00:00,,,,-10.0,2005-12-09 12:00:00,45.0,-10.0,2005-12-09 06:00:00,45.0,-10.0,2005-12-08 18:00:00,45.0,-10.0
2005-011,2005,BOB,FANOOS,2005-12-09 21:00:00,10.5,81.0,35.0,1000.0,6.0,CS,30,2005-12-10 21:00:00,,,,0.0,2005-12-09 15:00:00,45.0,-10.0,2005-12-09 09:00:00,45.0,-10.0,2005-12-08 21:00:00,45.0,-10.0
2005-011,2005,BOB,FANOOS,2005-12-10 03:00:00,10.4,79.8,30.0,1001.0,5.0,DD,31,2005-12-11 03:00:00,,,,-5.0,2005-12-09 21:00:00,35.0,-5.0,2005-12-09 15:00:00,45.0,-15.0,2005-12-09 03:00:00,45.0,-15.0
2005-011,2005,BOB,FANOOS,2005-12-10 06:00:00,10.5,79.5,25.0,1002.0,4.0,D,32,2005-12-11 06:00:00,,,,-5.0,2005-12-10 00:00:00,,,2005-12-09 18:00:00,35.0,-10.0,2005-12-09 06:00:00,45.0,-20.0
2005-011,2005,BOB,FANOOS,2005-12-10 09:00:00,10.5,79.5,20.0,1003.0,3.0,D,33,2005-12-11 09:00:00,,,,-5.0,2005-12-10 03:00:00,30.0,-10.0,2005-12-09 21:00:00,35.0,-15.0,2005-12-09 09:00:00,45.0,-25.0
2005-011,2005,BOB,FANOOS,2005-12-10 12:00:00,10.5,79.5,20.0,1003.0,3.0,D,34,2005-12-11 12:00:00,,,,0.0,2005-12-10 06:00:00,25.0,-5.0,2005-12-10 00:00:00,,,2005-12-09 12:00:00,45.0,-25.0
2005-012,2005,BOB,,2005-12-15 12:00:00,8.0,87.0,25.0,1006.0,4.0,D,0,2005-12-16 12:00:00,25.0,0.0,0.0,,2005-12-15 06:00:00,,,2005-12-15 00:00:00,,,2005-12-14 12:00:00,,
2005-012,2005,BOB,,2005-12-15 15:00:00,8.0,87.0,25.0,1004.0,4.0,D,1,2005-12-16 15:00:00,25.0,0.0,0.0,0.0,2005-12-15 09:00:00,,,2005-12-15 03:00:00,,,2005-12-14 15:00:00,,
2005-012,2005,BOB,,2005-12-15 18:00:00,8.0,87.0,25.0,1004.0,4.0,D,2,2005-12-16 18:00:00,25.0,0.0,0.0,0.0,2005-12-15 12:00:00,25.0,0.0,2005-12-15 06:00:00,,,2005-12-14 18:00:00,,
2005-012,2005,BOB,,2005-12-15 21:00:00,8.0,87.0,25.0,1004.0,4.0,D,3,2005-12-16 21:00:00,25.0,0.0,0.0,0.0,2005-12-15 15:00:00,25.0,0.0,2005-12-15 09:00:00,,,2005-12-14 21:00:00,,
2005-012,2005,BOB,,2005-12-16 00:00:00,8.0,87.0,25.0,1004.0,4.0,D,4,2005-12-17 00:00:00,25.0,0.0,0.0,0.0,2005-12-15 18:00:00,25.0,0.0,2005-12-15 12:00:00,25.0,0.0,2005-12-15 00:00:00,,
2005-012,2005,BOB,,2005-12-16 03:00:00,8.0,85.0,25.0,1002.0,4.0,D,5,2005-12-17 03:00:00,30.0,5.0,0.0,0.0,2005-12-15 21:00:00,25.0,0.0,2005-12-15 15:00:00,25.0,0.0,2005-12-15 03:00:00,,
2005-012,2005,BOB,,2005-12-16 06:00:00,8.0,85.0,25.0,1002.0,4.0,D,6,2005-12-17 06:00:00,30.0,5.0,0.0,0.0,2005-12-16 00:00:00,25.0,0.0,2005-12-15 18:00:00,25.0,0.0,2005-12-15 06:00:00,,
2005-012,2005,BOB,,2005-12-16 09:00:00,8.0,84.5,25.0,1002.0,4.0,D,7,2005-12-17 09:00:00,30.0,5.0,0.0,0.0,2005-12-16 03:00:00,25.0,0.0,2005-12-15 21:00:00,25.0,0.0,2005-12-15 09:00:00,,
2005-012,2005,BOB,,2005-12-16 12:00:00,8.0,84.5,25.0,1002.0,4.0,D,8,2005-12-17 12:00:00,30.0,5.0,0.0,0.0,2005-12-16 06:00:00,25.0,0.0,2005-12-16 00:00:00,25.0,0.0,2005-12-15 12:00:00,25.0,0.0
2005-012,2005,BOB,,2005-12-16 15:00:00,8.0,84.5,25.0,1002.0,4.0,D,9,2005-12-17 15:00:00,30.0,5.0,0.0,0.0,2005-12-16 09:00:00,25.0,0.0,2005-12-16 03:00:00,25.0,0.0,2005-12-15 15:00:00,25.0,0.0
2005-012,2005,BOB,,2005-12-16 18:00:00,8.0,84.5,25.0,1002.0,4.0,D,10,2005-12-17 18:00:00,30.0,5.0,0.0,0.0,2005-12-16 12:00:00,25.0,0.0,2005-12-16 06:00:00,25.0,0.0,2005-12-15 18:00:00,25.0,0.0
2005-012,2005,BOB,,2005-12-16 21:00:00,8.0,84.5,25.0,1002.0,4.0,D,11,2005-12-17 21:00:00,30.0,5.0,0.0,0.0,2005-12-16 15:00:00,25.0,0.0,2005-12-16 09:00:00,25.0,0.0,2005-12-15 21:00:00,25.0,0.0
2005-012,2005,BOB,,2005-12-17 00:00:00,8.0,84.0,25.0,1002.0,4.0,D,12,2005-12-18 00:00:00,30.0,5.0,0.0,0.0,2005-12-16 18:00:00,25.0,0.0,2005-12-16 12:00:00,25.0,0.0,2005-12-16 00:00:00,25.0,0.0
2005-012,2005,BOB,,2005-12-17 03:00:00,8.0,84.0,30.0,1000.0,5.0,DD,13,2005-12-18 03:00:00,30.0,0.0,0.0,5.0,2005-12-16 21:00:00,25.0,5.0,2005-12-16 15:00:00,25.0,5.0,2005-12-16 03:00:00,25.0,5.0
2005-012,2005,BOB,,2005-12-17 06:00:00,8.0,84.0,30.0,1000.0,5.0,DD,14,2005-12-18 06:00:00,30.0,0.0,0.0,0.0,2005-12-17 00:00:00,25.0,5.0,2005-12-16 18:00:00,25.0,5.0,2005-12-16 06:00:00,25.0,5.0
2005-012,2005,BOB,,2005-12-17 09:00:00,8.5,83.5,30.0,1000.0,5.0,DD,15,2005-12-18 09:00:00,30.0,0.0,0.0,0.0,2005-12-17 03:00:00,30.0,0.0,2005-12-16 21:00:00,25.0,5.0,2005-12-16 09:00:00,25.0,5.0
2005-012,2005,BOB,,2005-12-17 12:00:00,8.5,83.5,30.0,1000.0,5.0,DD,16,2005-12-18 12:00:00,30.0,0.0,0.0,0.0,2005-12-17 06:00:00,30.0,0.0,2005-12-17 00:00:00,25.0,5.0,2005-12-16 12:00:00,25.0,5.0
2005-012,2005,BOB,,2005-12-17 15:00:00,8.5,83.5,30.0,1000.0,5.0,DD,17,2005-12-18 15:00:00,30.0,0.0,0.0,0.0,2005-12-17 09:00:00,30.0,0.0,2005-12-17 03:00:00,30.0,0.0,2005-12-16 15:00:00,25.0,5.0
2005-012,2005,BOB,,2005-12-17 18:00:00,9.0,83.0,30.0,1000.0,5.0,DD,18,2005-12-18 18:00:00,30.0,0.0,0.0,0.0,2005-12-17 12:00:00,30.0,0.0,2005-12-17 06:00:00,30.0,0.0,2005-12-16 18:00:00,25.0,5.0
2005-012,2005,BOB,,2005-12-17 21:00:00,9.0,83.0,30.0,1000.0,5.0,DD,19,2005-12-18 21:00:00,30.0,0.0,0.0,0.0,2005-12-17 15:00:00,30.0,0.0,2005-12-17 09:00:00,30.0,0.0,2005-12-16 21:00:00,25.0,5.0
2005-012,2005,BOB,,2005-12-18 00:00:00,9.5,83.0,30.0,1000.0,5.0,DD,20,2005-12-19 00:00:00,30.0,0.0,0.0,0.0,2005-12-17 18:00:00,30.0,0.0,2005-12-17 12:00:00,30.0,0.0,2005-12-17 00:00:00,25.0,5.0
2005-012,2005,BOB,,2005-12-18 03:00:00,10.0,83.0,30.0,1000.0,5.0,DD,21,2005-12-19 03:00:00,30.0,0.0,0.0,0.0,2005-12-17 21:00:00,30.0,0.0,2005-12-17 15:00:00,30.0,0.0,2005-12-17 03:00:00,30.0,0.0
2005-012,2005,BOB,,2005-12-18 06:00:00,10.0,83.0,30.0,1000.0,5.0,DD,22,2005-12-19 06:00:00,30.0,0.0,0.0,0.0,2005-12-18 00:00:00,30.0,0.0,2005-12-17 18:00:00,30.0,0.0,2005-12-17 06:00:00,30.0,0.0
2005-012,2005,BOB,,2005-12-18 09:00:00,10.5,82.5,30.0,1000.0,5.0,DD,23,2005-12-19 09:00:00,30.0,0.0,0.0,0.0,2005-12-18 03:00:00,30.0,0.0,2005-12-17 21:00:00,30.0,0.0,2005-12-17 09:00:00,30.0,0.0
2005-012,2005,BOB,,2005-12-18 12:00:00,10.5,82.5,30.0,1000.0,5.0,DD,24,2005-12-19 12:00:00,30.0,0.0,0.0,0.0,2005-12-18 06:00:00,30.0,0.0,2005-12-18 00:00:00,30.0,0.0,2005-12-17 12:00:00,30.0,0.0
2005-012,2005,BOB,,2005-12-18 15:00:00,10.5,82.5,30.0,1000.0,5.0,DD,25,2005-12-19 15:00:00,30.0,0.0,0.0,0.0,2005-12-18 09:00:00,30.0,0.0,2005-12-18 03:00:00,30.0,0.0,2005-12-17 15:00:00,30.0,0.0
2005-012,2005,BOB,,2005-12-18 18:00:00,11.0,82.5,30.0,1000.0,5.0,DD,26,2005-12-19 18:00:00,30.0,0.0,0.0,0.0,2005-12-18 12:00:00,30.0,0.0,2005-12-18 06:00:00,30.0,0.0,2005-12-17 18:00:00,30.0,0.0
2005-012,2005,BOB,,2005-12-18 21:00:00,11.0,82.5,30.0,1000.0,5.0,DD,27,2005-12-19 21:00:00,30.0,0.0,0.0,0.0,2005-12-18 15:00:00,30.0,0.0,2005-12-18 09:00:00,30.0,0.0,2005-12-17 21:00:00,30.0,0.0
2005-012,2005,BOB,,2005-12-19 00:00:00,11.0,82.5,30.0,1000.0,5.0,DD,28,2005-12-20 00:00:00,30.0,0.0,0.0,0.0,2005-12-18 18:00:00,30.0,0.0,2005-12-18 12:00:00,30.0,0.0,2005-12-18 00:00:00,30.0,0.0
2005-012,2005,BOB,,2005-12-19 03:00:00,11.0,82.5,30.0,1000.0,5.0,DD,29,2005-12-20 03:00:00,30.0,0.0,0.0,0.0,2005-12-18 21:00:00,30.0,0.0,2005-12-18 15:00:00,30.0,0.0,2005-12-18 03:00:00,30.0,0.0
2005-012,2005,BOB,,2005-12-19 06:00:00,11.0,82.5,30.0,1000.0,5.0,DD,30,2005-12-20 06:00:00,25.0,-5.0,0.0,0.0,2005-12-19 00:00:00,30.0,0.0,2005-12-18 18:00:00,30.0,0.0,2005-12-18 06:00:00,30.0,0.0
2005-012,2005,BOB,,2005-12-19 09:00:00,11.0,82.5,30.0,1000.0,5.0,DD,31,2005-12-20 09:00:00,25.0,-5.0,0.0,0.0,2005-12-19 03:00:00,30.0,0.0,2005-12-18 21:00:00,30.0,0.0,2005-12-18 09:00:00,30.0,0.0
2005-012,2005,BOB,,2005-12-19 12:00:00,11.0,82.5,30.0,1000.0,5.0,DD,32,2005-12-20 12:00:00,25.0,-5.0,0.0,0.0,2005-12-19 06:00:00,30.0,0.0,2005-12-19 00:00:00,30.0,0.0,2005-12-18 12:00:00,30.0,0.0
2005-012,2005,BOB,,2005-12-19 15:00:00,11.5,82.5,30.0,1000.0,5.0,DD,33,2005-12-20 15:00:00,25.0,-5.0,0.0,0.0,2005-12-19 09:00:00,30.0,0.0,2005-12-19 03:00:00,30.0,0.0,2005-12-18 15:00:00,30.0,0.0
2005-012,2005,BOB,,2005-12-19 18:00:00,11.5,82.5,30.0,1000.0,5.0,DD,34,2005-12-20 18:00:00,25.0,-5.0,0.0,0.0,2005-12-19 12:00:00,30.0,0.0,2005-12-19 06:00:00,30.0,0.0,2005-12-18 18:00:00,30.0,0.0
2005-012,2005,BOB,,2005-12-19 21:00:00,11.5,82.5,30.0,1000.0,5.0,DD,35,2005-12-20 21:00:00,25.0,-5.0,0.0,0.0,2005-12-19 15:00:00,30.0,0.0,2005-12-19 09:00:00,30.0,0.0,2005-12-18 21:00:00,30.0,0.0
2005-012,2005,BOB,,2005-12-20 00:00:00,11.5,83.0,30.0,1000.0,5.0,DD,36,2005-12-21 00:00:00,25.0,-5.0,0.0,0.0,2005-12-19 18:00:00,30.0,0.0,2005-12-19 12:00:00,30.0,0.0,2005-12-19 00:00:00,30.0,0.0
2005-012,2005,BOB,,2005-12-20 03:00:00,11.5,83.5,30.0,1000.0,5.0,DD,37,2005-12-21 03:00:00,25.0,-5.0,0.0,0.0,2005-12-19 21:00:00,30.0,0.0,2005-12-19 15:00:00,30.0,0.0,2005-12-19 03:00:00,30.0,0.0
2005-012,2005,BOB,,2005-12-20 06:00:00,11.5,84.0,25.0,1002.0,4.0,D,38,2005-12-21 06:00:00,25.0,0.0,0.0,-5.0,2005-12-20 00:00:00,30.0,-5.0,2005-12-19 18:00:00,30.0,-5.0,2005-12-19 06:00:00,30.0,-5.0
2005-012,2005,BOB,,2005-12-20 09:00:00,12.0,84.5,25.0,1002.0,4.0,D,39,2005-12-21 09:00:00,25.0,0.0,0.0,0.0,2005-12-20 03:00:00,30.0,-5.0,2005-12-19 21:00:00,30.0,-5.0,2005-12-19 09:00:00,30.0,-5.0
2005-012,2005,BOB,,2005-12-20 12:00:00,12.0,84.5,25.0,1002.0,4.0,D,40,2005-12-21 12:00:00,25.0,0.0,0.0,0.0,2005-12-20 06:00:00,25.0,0.0,2005-12-20 00:00:00,30.0,-5.0,2005-12-19 12:00:00,30.0,-5.0
2005-012,2005,BOB,,2005-12-20 15:00:00,12.0,84.5,25.0,1002.0,4.0,D,41,2005-12-21 15:00:00,25.0,0.0,0.0,0.0,2005-12-20 09:00:00,25.0,0.0,2005-12-20 03:00:00,30.0,-5.0,2005-12-19 15:00:00,30.0,-5.0
2005-012,2005,BOB,,2005-12-20 18:00:00,12.0,84.5,25.0,1002.0,4.0,D,42,2005-12-21 18:00:00,25.0,0.0,0.0,0.0,2005-12-20 12:00:00,25.0,0.0,2005-12-20 06:00:00,25.0,0.0,2005-12-19 18:00:00,30.0,-5.0
2005-012,2005,BOB,,2005-12-20 21:00:00,12.0,84.5,25.0,1002.0,4.0,D,43,2005-12-21 21:00:00,25.0,0.0,0.0,0.0,2005-12-20 15:00:00,25.0,0.0,2005-12-20 09:00:00,25.0,0.0,2005-12-19 21:00:00,30.0,-5.0
2005-012,2005,BOB,,2005-12-21 00:00:00,12.0,84.5,25.0,1002.0,4.0,D,44,2005-12-22 00:00:00,25.0,0.0,0.0,0.0,2005-12-20 18:00:00,25.0,0.0,2005-12-20 12:00:00,25.0,0.0,2005-12-20 00:00:00,30.0,-5.0
2005-012,2005,BOB,,2005-12-21 03:00:00,12.0,84.5,25.0,1002.0,4.0,D,45,2005-12-22 03:00:00,,,,0.0,2005-12-20 21:00:00,25.0,0.0,2005-12-20 15:00:00,25.0,0.0,2005-12-20 03:00:00,30.0,-5.0
2005-012,2005,BOB,,2005-12-21 06:00:00,12.0,84.5,25.0,1002.0,4.0,D,46,2005-12-22 06:00:00,,,,0.0,2005-12-21 00:00:00,25.0,0.0,2005-12-20 18:00:00,25.0,0.0,2005-12-20 06:00:00,25.0,0.0
2005-012,2005,BOB,,2005-12-21 09:00:00,12.0,84.5,25.0,1002.0,4.0,D,47,2005-12-22 09:00:00,,,,0.0,2005-12-21 03:00:00,25.0,0.0,2005-12-20 21:00:00,25.0,0.0,2005-12-20 09:00:00,25.0,0.0
2005-012,2005,BOB,,2005-12-21 12:00:00,12.0,84.5,25.0,1002.0,4.0,D,48,2005-12-22 12:00:00,,,,0.0,2005-12-21 06:00:00,25.0,0.0,2005-12-21 00:00:00,25.0,0.0,2005-12-20 12:00:00,25.0,0.0
2005-012,2005,BOB,,2005-12-21 15:00:00,12.0,84.5,25.0,1002.0,4.0,D,49,2005-12-22 15:00:00,,,,0.0,2005-12-21 09:00:00,25.0,0.0,2005-12-21 03:00:00,25.0,0.0,2005-12-20 15:00:00,25.0,0.0
2005-012,2005,BOB,,2005-12-21 18:00:00,12.0,84.5,25.0,1002.0,4.0,D,50,2005-12-22 18:00:00,,,,0.0,2005-12-21 12:00:00,25.0,0.0,2005-12-21 06:00:00,25.0,0.0,2005-12-20 18:00:00,25.0,0.0
2005-012,2005,BOB,,2005-12-21 21:00:00,12.0,84.5,25.0,1002.0,4.0,D,51,2005-12-22 21:00:00,,,,0.0,2005-12-21 15:00:00,25.0,0.0,2005-12-21 09:00:00,25.0,0.0,2005-12-20 21:00:00,25.0,0.0
2005-012,2005,BOB,,2005-12-22 00:00:00,12.0,84.5,25.0,1002.0,4.0,D,52,2005-12-23 00:00:00,,,,0.0,2005-12-21 18:00:00,25.0,0.0,2005-12-21 12:00:00,25.0,0.0,2005-12-21 00:00:00,25.0,0.0
2006-002,2006,BOB,MALA,2006-04-25 03:00:00,9.5,90.5,25.0,996.0,4.0,D,0,2006-04-26 03:00:00,45.0,20.0,0.0,,2006-04-24 21:00:00,,,2006-04-24 15:00:00,,,2006-04-24 03:00:00,,
2006-002,2006,BOB,MALA,2006-04-25 06:00:00,9.5,90.5,25.0,996.0,4.0,D,1,2006-04-26 06:00:00,45.0,20.0,0.0,0.0,2006-04-25 00:00:00,,,2006-04-24 18:00:00,,,2006-04-24 06:00:00,,
2006-002,2006,BOB,MALA,2006-04-25 09:00:00,9.5,90.0,30.0,996.0,4.0,DD,2,2006-04-26 09:00:00,45.0,15.0,0.0,5.0,2006-04-25 03:00:00,25.0,5.0,2006-04-24 21:00:00,,,2006-04-24 09:00:00,,
2006-002,2006,BOB,MALA,2006-04-25 12:00:00,10.0,89.5,35.0,996.0,5.0,CS,3,2006-04-26 12:00:00,45.0,10.0,0.0,5.0,2006-04-25 06:00:00,25.0,10.0,2006-04-25 00:00:00,,,2006-04-24 12:00:00,,
2006-002,2006,BOB,MALA,2006-04-25 15:00:00,10.0,89.5,35.0,996.0,5.0,CS,4,2006-04-26 15:00:00,45.0,10.0,0.0,0.0,2006-04-25 09:00:00,30.0,5.0,2006-04-25 03:00:00,25.0,10.0,2006-04-24 15:00:00,,
2006-002,2006,BOB,MALA,2006-04-25 18:00:00,10.0,89.5,35.0,996.0,5.0,CS,5,2006-04-26 18:00:00,45.0,10.0,0.0,0.0,2006-04-25 12:00:00,35.0,0.0,2006-04-25 06:00:00,25.0,10.0,2006-04-24 18:00:00,,
2006-002,2006,BOB,MALA,2006-04-25 21:00:00,10.0,89.5,35.0,996.0,5.0,CS,6,2006-04-26 21:00:00,45.0,10.0,0.0,0.0,2006-04-25 15:00:00,35.0,0.0,2006-04-25 09:00:00,30.0,5.0,2006-04-24 21:00:00,,
2006-002,2006,BOB,MALA,2006-04-26 00:00:00,10.5,89.0,45.0,994.0,6.0,CS,7,2006-04-27 00:00:00,45.0,0.0,0.0,10.0,2006-04-25 18:00:00,35.0,10.0,2006-04-25 12:00:00,35.0,10.0,2006-04-25 00:00:00,,
2006-002,2006,BOB,MALA,2006-04-26 03:00:00,10.5,89.0,45.0,994.0,6.0,CS,8,2006-04-27 03:00:00,55.0,10.0,0.0,0.0,2006-04-25 21:00:00,35.0,10.0,2006-04-25 15:00:00,35.0,10.0,2006-04-25 03:00:00,25.0,20.0
2006-002,2006,BOB,MALA,2006-04-26 06:00:00,11.0,89.0,45.0,994.0,6.0,CS,9,2006-04-27 06:00:00,55.0,10.0,0.0,0.0,2006-04-26 00:00:00,45.0,0.0,2006-04-25 18:00:00,35.0,10.0,2006-04-25 06:00:00,25.0,20.0
2006-002,2006,BOB,MALA,2006-04-26 09:00:00,11.0,89.5,45.0,994.0,6.0,CS,10,2006-04-27 09:00:00,55.0,10.0,0.0,0.0,2006-04-26 03:00:00,45.0,0.0,2006-04-25 21:00:00,35.0,10.0,2006-04-25 09:00:00,30.0,15.0
2006-002,2006,BOB,MALA,2006-04-26 12:00:00,11.5,90.0,45.0,994.0,6.0,CS,11,2006-04-27 12:00:00,65.0,20.0,0.0,0.0,2006-04-26 06:00:00,45.0,0.0,2006-04-26 00:00:00,45.0,0.0,2006-04-25 12:00:00,35.0,10.0
2006-002,2006,BOB,MALA,2006-04-26 15:00:00,12.0,90.5,45.0,994.0,6.0,CS,12,2006-04-27 15:00:00,65.0,20.0,0.0,0.0,2006-04-26 09:00:00,45.0,0.0,2006-04-26 03:00:00,45.0,0.0,2006-04-25 15:00:00,35.0,10.0
2006-002,2006,BOB,MALA,2006-04-26 18:00:00,12.0,90.5,45.0,994.0,6.0,CS,13,2006-04-27 18:00:00,65.0,20.0,0.0,0.0,2006-04-26 12:00:00,45.0,0.0,2006-04-26 06:00:00,45.0,0.0,2006-04-25 18:00:00,35.0,10.0
2006-002,2006,BOB,MALA,2006-04-26 21:00:00,12.0,90.5,45.0,994.0,6.0,CS,14,2006-04-27 21:00:00,65.0,20.0,0.0,0.0,2006-04-26 15:00:00,45.0,0.0,2006-04-26 09:00:00,45.0,0.0,2006-04-25 21:00:00,35.0,10.0
2006-002,2006,BOB,MALA,2006-04-27 00:00:00,12.0,90.5,45.0,994.0,6.0,CS,15,2006-04-28 00:00:00,65.0,20.0,0.0,0.0,2006-04-26 18:00:00,45.0,0.0,2006-04-26 12:00:00,45.0,0.0,2006-04-26 00:00:00,45.0,0.0
2006-002,2006,BOB,MALA,2006-04-27 03:00:00,12.5,90.5,55.0,990.0,8.0,SCS,16,2006-04-28 03:00:00,80.0,25.0,0.0,10.0,2006-04-26 21:00:00,45.0,10.0,2006-04-26 15:00:00,45.0,10.0,2006-04-26 03:00:00,45.0,10.0
2006-002,2006,BOB,MALA,2006-04-27 06:00:00,12.5,90.5,55.0,990.0,10.0,SCS,17,2006-04-28 06:00:00,90.0,35.0,1.0,0.0,2006-04-27 00:00:00,45.0,10.0,2006-04-26 18:00:00,45.0,10.0,2006-04-26 06:00:00,45.0,10.0
2006-002,2006,BOB,MALA,2006-04-27 09:00:00,12.5,90.5,55.0,990.0,10.0,SCS,18,2006-04-28 09:00:00,100.0,45.0,1.0,0.0,2006-04-27 03:00:00,55.0,0.0,2006-04-26 21:00:00,45.0,10.0,2006-04-26 09:00:00,45.0,10.0
2006-002,2006,BOB,MALA,2006-04-27 12:00:00,13.0,90.5,65.0,984.0,14.0,VSCS,19,2006-04-28 12:00:00,100.0,35.0,1.0,10.0,2006-04-27 06:00:00,55.0,10.0,2006-04-27 00:00:00,45.0,20.0,2006-04-26 12:00:00,45.0,20.0
2006-002,2006,BOB,MALA,2006-04-27 15:00:00,13.0,90.5,65.0,984.0,20.0,VSCS,20,2006-04-28 15:00:00,100.0,35.0,1.0,0.0,2006-04-27 09:00:00,55.0,10.0,2006-04-27 03:00:00,55.0,10.0,2006-04-26 15:00:00,45.0,20.0
2006-002,2006,BOB,MALA,2006-04-27 18:00:00,13.0,90.5,65.0,984.0,22.0,VSCS,21,2006-04-28 18:00:00,100.0,35.0,1.0,0.0,2006-04-27 12:00:00,65.0,0.0,2006-04-27 06:00:00,55.0,10.0,2006-04-26 18:00:00,45.0,20.0
2006-002,2006,BOB,MALA,2006-04-27 21:00:00,13.5,90.5,65.0,984.0,22.0,VSCS,22,2006-04-28 21:00:00,100.0,35.0,1.0,0.0,2006-04-27 15:00:00,65.0,0.0,2006-04-27 09:00:00,55.0,10.0,2006-04-26 21:00:00,45.0,20.0
2006-002,2006,BOB,MALA,2006-04-28 00:00:00,14.0,91.0,65.0,984.0,22.0,VSCS,23,2006-04-29 00:00:00,100.0,35.0,1.0,0.0,2006-04-27 18:00:00,65.0,0.0,2006-04-27 12:00:00,65.0,0.0,2006-04-27 00:00:00,45.0,20.0
2006-002,2006,BOB,MALA,2006-04-28 03:00:00,14.5,91.5,80.0,976.0,30.0,VSCS,24,2006-04-29 03:00:00,100.0,20.0,0.0,15.0,2006-04-27 21:00:00,65.0,15.0,2006-04-27 15:00:00,65.0,15.0,2006-04-27 03:00:00,55.0,25.0
2006-002,2006,BOB,MALA,2006-04-28 06:00:00,15.0,92.0,90.0,964.0,40.0,ESCS,25,2006-04-29 06:00:00,90.0,0.0,0.0,10.0,2006-04-28 00:00:00,65.0,25.0,2006-04-27 18:00:00,65.0,25.0,2006-04-27 06:00:00,55.0,35.0
2006-002,2006,BOB,MALA,2006-04-28 09:00:00,15.3,92.3,100.0,954.0,52.0,ESCS,26,2006-04-29 09:00:00,,,,10.0,2006-04-28 03:00:00,80.0,20.0,2006-04-27 21:00:00,65.0,35.0,2006-04-27 09:00:00,55.0,45.0
2006-002,2006,BOB,MALA,2006-04-28 12:00:00,15.5,92.5,100.0,954.0,52.0,ESCS,27,2006-04-29 12:00:00,,,,0.0,2006-04-28 06:00:00,90.0,10.0,2006-04-28 00:00:00,65.0,35.0,2006-04-27 12:00:00,65.0,35.0
2006-002,2006,BOB,MALA,2006-04-28 15:00:00,16.0,93.0,100.0,954.0,52.0,ESCS,28,2006-04-29 15:00:00,,,,0.0,2006-04-28 09:00:00,100.0,0.0,2006-04-28 03:00:00,80.0,20.0,2006-04-27 15:00:00,65.0,35.0
2006-002,2006,BOB,MALA,2006-04-28 18:00:00,16.0,93.0,100.0,954.0,52.0,ESCS,29,2006-04-29 18:00:00,,,,0.0,2006-04-28 12:00:00,100.0,0.0,2006-04-28 06:00:00,90.0,10.0,2006-04-27 18:00:00,65.0,35.0
2006-002,2006,BOB,MALA,2006-04-28 21:00:00,16.5,93.5,100.0,954.0,52.0,ESCS,30,2006-04-29 21:00:00,,,,0.0,2006-04-28 15:00:00,100.0,0.0,2006-04-28 09:00:00,100.0,0.0,2006-04-27 21:00:00,65.0,35.0
2006-002,2006,BOB,MALA,2006-04-29 00:00:00,16.5,93.5,100.0,954.0,52.0,ESCS,31,2006-04-30 00:00:00,,,,0.0,2006-04-28 18:00:00,100.0,0.0,2006-04-28 12:00:00,100.0,0.0,2006-04-28 00:00:00,65.0,35.0
2006-002,2006,BOB,MALA,2006-04-29 03:00:00,17.0,94.0,100.0,954.0,52.0,ESCS,32,2006-04-30 03:00:00,,,,0.0,2006-04-28 21:00:00,100.0,0.0,2006-04-28 15:00:00,100.0,0.0,2006-04-28 03:00:00,80.0,20.0
2006-002,2006,BOB,MALA,2006-04-29 06:00:00,17.5,94.5,90.0,966.0,40.0,ESCS,33,2006-04-30 06:00:00,,,,-10.0,2006-04-29 00:00:00,100.0,-10.0,2006-04-28 18:00:00,100.0,-10.0,2006-04-28 06:00:00,90.0,0.0
2006-002,2006,BOB,MALA,2006-04-29 09:00:00,18.0,95.0,,,,SCS,34,2006-04-30 09:00:00,,,,,2006-04-29 03:00:00,100.0,,2006-04-28 21:00:00,100.0,,2006-04-28 09:00:00,100.0,
2006-002,2006,BOB,MALA,2006-04-29 12:00:00,18.5,95.5,,,,SCS,35,2006-04-30 12:00:00,,,,,2006-04-29 06:00:00,90.0,,2006-04-29 00:00:00,100.0,,2006-04-28 12:00:00,100.0,
2006-002,2006,BOB,MALA,2006-04-29 15:00:00,18.5,95.5,,,,SCS,36,2006-04-30 15:00:00,,,,,2006-04-29 09:00:00,,,2006-04-29 03:00:00,100.0,,2006-04-28 15:00:00,100.0,
2006-002,2006,BOB,MALA,2006-04-29 18:00:00,19.0,96.0,,,,CS,37,2006-04-30 18:00:00,,,,,2006-04-29 12:00:00,,,2006-04-29 06:00:00,90.0,,2006-04-28 18:00:00,100.0,
2006-003,2006,BOB,,2006-07-02 00:00:00,20.0,89.5,25.0,990.0,4.0,D,0,2006-07-03 00:00:00,30.0,5.0,0.0,,2006-07-01 18:00:00,,,2006-07-01 12:00:00,,,2006-07-01 00:00:00,,
2006-003,2006,BOB,,2006-07-02 03:00:00,20.5,89.0,30.0,988.0,5.0,DD,1,2006-07-03 03:00:00,30.0,0.0,0.0,5.0,2006-07-01 21:00:00,,,2006-07-01 15:00:00,,,2006-07-01 03:00:00,,
2006-003,2006,BOB,,2006-07-02 06:00:00,20.5,89.0,30.0,988.0,5.0,DD,2,2006-07-03 06:00:00,30.0,0.0,0.0,0.0,2006-07-02 00:00:00,25.0,5.0,2006-07-01 18:00:00,,,2006-07-01 06:00:00,,
2006-003,2006,BOB,,2006-07-02 09:00:00,20.5,88.5,30.0,988.0,5.0,DD,3,2006-07-03 09:00:00,30.0,0.0,0.0,0.0,2006-07-02 03:00:00,30.0,0.0,2006-07-01 21:00:00,,,2006-07-01 09:00:00,,
2006-003,2006,BOB,,2006-07-02 12:00:00,20.5,88.0,30.0,988.0,5.0,DD,4,2006-07-03 12:00:00,30.0,0.0,0.0,0.0,2006-07-02 06:00:00,30.0,0.0,2006-07-02 00:00:00,25.0,5.0,2006-07-01 12:00:00,,
2006-003,2006,BOB,,2006-07-02 15:00:00,20.5,87.0,30.0,982.0,5.0,DD,5,2006-07-03 15:00:00,30.0,0.0,0.0,0.0,2006-07-02 09:00:00,30.0,0.0,2006-07-02 03:00:00,30.0,0.0,2006-07-01 15:00:00,,
2006-003,2006,BOB,,2006-07-02 18:00:00,20.5,86.0,30.0,982.0,5.0,DD,6,2006-07-03 18:00:00,30.0,0.0,0.0,0.0,2006-07-02 12:00:00,30.0,0.0,2006-07-02 06:00:00,30.0,0.0,2006-07-01 18:00:00,,
2006-003,2006,BOB,,2006-07-02 21:00:00,20.5,86.0,30.0,982.0,5.0,DD,7,2006-07-03 21:00:00,30.0,0.0,0.0,0.0,2006-07-02 15:00:00,30.0,0.0,2006-07-02 09:00:00,30.0,0.0,2006-07-01 21:00:00,,
2006-003,2006,BOB,,2006-07-03 00:00:00,20.5,85.5,30.0,982.0,5.0,DD,8,2006-07-04 00:00:00,30.0,0.0,0.0,0.0,2006-07-02 18:00:00,30.0,0.0,2006-07-02 12:00:00,30.0,0.0,2006-07-02 00:00:00,25.0,5.0
2006-003,2006,BOB,,2006-07-03 03:00:00,20.5,85.5,30.0,982.0,5.0,DD,9,2006-07-04 03:00:00,30.0,0.0,0.0,0.0,2006-07-02 21:00:00,30.0,0.0,2006-07-02 15:00:00,30.0,0.0,2006-07-02 03:00:00,30.0,0.0
2006-003,2006,BOB,,2006-07-03 06:00:00,20.5,85.5,30.0,982.0,5.0,DD,10,2006-07-04 06:00:00,30.0,0.0,0.0,0.0,2006-07-03 00:00:00,30.0,0.0,2006-07-02 18:00:00,30.0,0.0,2006-07-02 06:00:00,30.0,0.0
2006-003,2006,BOB,,2006-07-03 09:00:00,21.0,84.5,30.0,982.0,5.0,DD,11,2006-07-04 09:00:00,25.0,-5.0,0.0,0.0,2006-07-03 03:00:00,30.0,0.0,2006-07-02 21:00:00,30.0,0.0,2006-07-02 09:00:00,30.0,0.0
2006-003,2006,BOB,,2006-07-03 12:00:00,21.0,84.0,30.0,982.0,5.0,DD,12,2006-07-04 12:00:00,25.0,-5.0,0.0,0.0,2006-07-03 06:00:00,30.0,0.0,2006-07-03 00:00:00,30.0,0.0,2006-07-02 12:00:00,30.0,0.0
2006-003,2006,BOB,,2006-07-03 15:00:00,21.0,83.5,30.0,982.0,5.0,DD,13,2006-07-04 15:00:00,25.0,-5.0,0.0,0.0,2006-07-03 09:00:00,30.0,0.0,2006-07-03 03:00:00,30.0,0.0,2006-07-02 15:00:00,30.0,0.0
2006-003,2006,BOB,,2006-07-03 18:00:00,21.0,83.0,30.0,982.0,5.0,DD,14,2006-07-04 18:00:00,25.0,-5.0,0.0,0.0,2006-07-03 12:00:00,30.0,0.0,2006-07-03 06:00:00,30.0,0.0,2006-07-02 18:00:00,30.0,0.0
2006-003,2006,BOB,,2006-07-03 21:00:00,21.0,82.5,30.0,982.0,5.0,DD,15,2006-07-04 21:00:00,25.0,-5.0,0.0,0.0,2006-07-03 15:00:00,30.0,0.0,2006-07-03 09:00:00,30.0,0.0,2006-07-02 21:00:00,30.0,0.0
2006-003,2006,BOB,,2006-07-04 00:00:00,21.0,82.0,30.0,982.0,5.0,DD,16,2006-07-05 00:00:00,25.0,-5.0,0.0,0.0,2006-07-03 18:00:00,30.0,0.0,2006-07-03 12:00:00,30.0,0.0,2006-07-03 00:00:00,30.0,0.0
2006-003,2006,BOB,,2006-07-04 03:00:00,21.5,81.5,30.0,984.0,5.0,DD,17,2006-07-05 03:00:00,25.0,-5.0,0.0,0.0,2006-07-03 21:00:00,30.0,0.0,2006-07-03 15:00:00,30.0,0.0,2006-07-03 03:00:00,30.0,0.0
2006-003,2006,BOB,,2006-07-04 06:00:00,21.5,81.0,30.0,986.0,5.0,DD,18,2006-07-05 06:00:00,25.0,-5.0,0.0,0.0,2006-07-04 00:00:00,30.0,0.0,2006-07-03 18:00:00,30.0,0.0,2006-07-03 06:00:00,30.0,0.0
2006-003,2006,BOB,,2006-07-04 09:00:00,21.5,80.0,25.0,988.0,4.0,D,19,2006-07-05 09:00:00,,,,-5.0,2006-07-04 03:00:00,30.0,-5.0,2006-07-03 21:00:00,30.0,-5.0,2006-07-03 09:00:00,30.0,-5.0
2006-003,2006,BOB,,2006-07-04 12:00:00,21.5,79.5,25.0,990.0,4.0,D,20,2006-07-05 12:00:00,,,,0.0,2006-07-04 06:00:00,30.0,-5.0,2006-07-04 00:00:00,30.0,-5.0,2006-07-03 12:00:00,30.0,-5.0
2006-003,2006,BOB,,2006-07-04 15:00:00,21.5,79.0,25.0,990.0,4.0,D,21,2006-07-05 15:00:00,,,,0.0,2006-07-04 09:00:00,25.0,0.0,2006-07-04 03:00:00,30.0,-5.0,2006-07-03 15:00:00,30.0,-5.0
2006-003,2006,BOB,,2006-07-04 18:00:00,21.5,78.5,25.0,990.0,4.0,D,22,2006-07-05 18:00:00,,,,0.0,2006-07-04 12:00:00,25.0,0.0,2006-07-04 06:00:00,30.0,-5.0,2006-07-03 18:00:00,30.0,-5.0
2006-003,2006,BOB,,2006-07-04 21:00:00,21.5,78.0,25.0,990.0,4.0,D,23,2006-07-05 21:00:00,,,,0.0,2006-07-04 15:00:00,25.0,0.0,2006-07-04 09:00:00,25.0,0.0,2006-07-03 21:00:00,30.0,-5.0
2006-003,2006,BOB,,2006-07-05 00:00:00,21.5,78.0,25.0,990.0,4.0,D,24,2006-07-06 00:00:00,,,,0.0,2006-07-04 18:00:00,25.0,0.0,2006-07-04 12:00:00,25.0,0.0,2006-07-04 00:00:00,30.0,-5.0
2006-003,2006,BOB,,2006-07-05 03:00:00,22.0,77.5,25.0,990.0,4.0,D,25,2006-07-06 03:00:00,,,,0.0,2006-07-04 21:00:00,25.0,0.0,2006-07-04 15:00:00,25.0,0.0,2006-07-04 03:00:00,30.0,-5.0
2006-003,2006,BOB,,2006-07-05 06:00:00,22.0,77.5,25.0,990.0,4.0,D,26,2006-07-06 06:00:00,,,,0.0,2006-07-05 00:00:00,25.0,0.0,2006-07-04 18:00:00,25.0,0.0,2006-07-04 06:00:00,30.0,-5.0
2006-004,2006,BOB,,2006-08-02 03:00:00,20.5,87.5,25.0,990.0,4.0,D,0,2006-08-03 03:00:00,30.0,5.0,0.0,,2006-08-01 21:00:00,,,2006-08-01 15:00:00,,,2006-08-01 03:00:00,,
2006-004,2006,BOB,,2006-08-02 06:00:00,20.5,87.5,25.0,990.0,4.0,D,1,2006-08-03 06:00:00,30.0,5.0,0.0,0.0,2006-08-02 00:00:00,,,2006-08-01 18:00:00,,,2006-08-01 06:00:00,,
2006-004,2006,BOB,,2006-08-02 09:00:00,20.0,87.0,30.0,988.0,5.0,DD,2,2006-08-03 09:00:00,30.0,0.0,0.0,5.0,2006-08-02 03:00:00,25.0,5.0,2006-08-01 21:00:00,,,2006-08-01 09:00:00,,
2006-004,2006,BOB,,2006-08-02 12:00:00,20.0,86.5,30.0,986.0,5.0,DD,3,2006-08-03 12:00:00,30.0,0.0,0.0,0.0,2006-08-02 06:00:00,25.0,5.0,2006-08-02 00:00:00,,,2006-08-01 12:00:00,,
2006-004,2006,BOB,,2006-08-02 15:00:00,20.0,86.5,30.0,986.0,5.0,DD,4,2006-08-03 15:00:00,30.0,0.0,0.0,0.0,2006-08-02 09:00:00,30.0,0.0,2006-08-02 03:00:00,25.0,5.0,2006-08-01 15:00:00,,
2006-004,2006,BOB,,2006-08-02 18:00:00,20.0,86.0,30.0,986.0,5.0,DD,5,2006-08-03 18:00:00,30.0,0.0,0.0,0.0,2006-08-02 12:00:00,30.0,0.0,2006-08-02 06:00:00,25.0,5.0,2006-08-01 18:00:00,,
2006-004,2006,BOB,,2006-08-02 21:00:00,20.0,85.5,30.0,986.0,5.0,DD,6,2006-08-03 21:00:00,30.0,0.0,0.0,0.0,2006-08-02 15:00:00,30.0,0.0,2006-08-02 09:00:00,30.0,0.0,2006-08-01 21:00:00,,
2006-004,2006,BOB,,2006-08-03 03:00:00,19.5,85.0,30.0,986.0,5.0,DD,7,2006-08-04 03:00:00,30.0,0.0,0.0,0.0,2006-08-02 21:00:00,30.0,0.0,2006-08-02 15:00:00,30.0,0.0,2006-08-02 03:00:00,25.0,5.0
2006-004,2006,BOB,,2006-08-03 06:00:00,19.5,85.0,30.0,986.0,5.0,DD,8,2006-08-04 06:00:00,30.0,0.0,0.0,0.0,2006-08-03 00:00:00,,,2006-08-02 18:00:00,30.0,0.0,2006-08-02 06:00:00,25.0,5.0
2006-004,2006,BOB,,2006-08-03 09:00:00,19.5,84.5,30.0,986.0,5.0,DD,9,2006-08-04 09:00:00,25.0,-5.0,0.0,0.0,2006-08-03 03:00:00,30.0,0.0,2006-08-02 21:00:00,30.0,0.0,2006-08-02 09:00:00,30.0,0.0
2006-004,2006,BOB,,2006-08-03 12:00:00,19.5,84.0,30.0,986.0,5.0,DD,10,2006-08-04 12:00:00,25.0,-5.0,0.0,0.0,2006-08-03 06:00:00,30.0,0.0,2006-08-03 00:00:00,,,2006-08-02 12:00:00,30.0,0.0
2006-004,2006,BOB,,2006-08-03 15:00:00,19.5,84.0,30.0,986.0,5.0,DD,11,2006-08-04 15:00:00,25.0,-5.0,0.0,0.0,2006-08-03 09:00:00,30.0,0.0,2006-08-03 03:00:00,30.0,0.0,2006-08-02 15:00:00,30.0,0.0
2006-004,2006,BOB,,2006-08-03 18:00:00,19.5,83.5,30.0,986.0,5.0,DD,12,2006-08-04 18:00:00,25.0,-5.0,0.0,0.0,2006-08-03 12:00:00,30.0,0.0,2006-08-03 06:00:00,30.0,0.0,2006-08-02 18:00:00,30.0,0.0
2006-004,2006,BOB,,2006-08-03 21:00:00,19.5,83.0,30.0,986.0,5.0,DD,13,2006-08-04 21:00:00,25.0,-5.0,0.0,0.0,2006-08-03 15:00:00,30.0,0.0,2006-08-03 09:00:00,30.0,0.0,2006-08-02 21:00:00,30.0,0.0
2006-004,2006,BOB,,2006-08-04 00:00:00,19.5,83.0,30.0,986.0,5.0,DD,14,2006-08-05 00:00:00,25.0,-5.0,0.0,0.0,2006-08-03 18:00:00,30.0,0.0,2006-08-03 12:00:00,30.0,0.0,2006-08-03 00:00:00,,
2006-004,2006,BOB,,2006-08-04 03:00:00,20.0,82.5,30.0,986.0,5.0,DD,15,2006-08-05 03:00:00,25.0,-5.0,0.0,0.0,2006-08-03 21:00:00,30.0,0.0,2006-08-03 15:00:00,30.0,0.0,2006-08-03 03:00:00,30.0,0.0
2006-004,2006,BOB,,2006-08-04 06:00:00,20.0,82.5,30.0,986.0,5.0,DD,16,2006-08-05 06:00:00,25.0,-5.0,0.0,0.0,2006-08-04 00:00:00,30.0,0.0,2006-08-03 18:00:00,30.0,0.0,2006-08-03 06:00:00,30.0,0.0
2006-004,2006,BOB,,2006-08-04 09:00:00,20.5,82.0,25.0,990.0,4.0,D,17,2006-08-05 09:00:00,25.0,0.0,0.0,-5.0,2006-08-04 03:00:00,30.0,-5.0,2006-08-03 21:00:00,30.0,-5.0,2006-08-03 09:00:00,30.0,-5.0
2006-004,2006,BOB,,2006-08-04 12:00:00,21.0,81.0,25.0,990.0,4.0,D,18,2006-08-05 12:00:00,,,,0.0,2006-08-04 06:00:00,30.0,-5.0,2006-08-04 00:00:00,30.0,-5.0,2006-08-03 12:00:00,30.0,-5.0
2006-004,2006,BOB,,2006-08-04 15:00:00,21.0,81.0,25.0,990.0,4.0,D,19,2006-08-05 15:00:00,,,,0.0,2006-08-04 09:00:00,25.0,0.0,2006-08-04 03:00:00,30.0,-5.0,2006-08-03 15:00:00,30.0,-5.0
2006-004,2006,BOB,,2006-08-04 18:00:00,21.0,81.0,25.0,990.0,4.0,D,20,2006-08-05 18:00:00,,,,0.0,2006-08-04 12:00:00,25.0,0.0,2006-08-04 06:00:00,30.0,-5.0,2006-08-03 18:00:00,30.0,-5.0
2006-004,2006,BOB,,2006-08-04 21:00:00,21.0,81.0,25.0,990.0,4.0,D,21,2006-08-05 21:00:00,,,,0.0,2006-08-04 15:00:00,25.0,0.0,2006-08-04 09:00:00,25.0,0.0,2006-08-03 21:00:00,30.0,-5.0
2006-004,2006,BOB,,2006-08-05 00:00:00,21.0,80.5,25.0,990.0,4.0,D,22,2006-08-06 00:00:00,,,,0.0,2006-08-04 18:00:00,25.0,0.0,2006-08-04 12:00:00,25.0,0.0,2006-08-04 00:00:00,30.0,-5.0
2006-004,2006,BOB,,2006-08-05 03:00:00,21.0,80.0,25.0,990.0,4.0,D,23,2006-08-06 03:00:00,,,,0.0,2006-08-04 21:00:00,25.0,0.0,2006-08-04 15:00:00,25.0,0.0,2006-08-04 03:00:00,30.0,-5.0
2006-004,2006,BOB,,2006-08-05 06:00:00,21.0,79.5,25.0,990.0,4.0,D,24,2006-08-06 06:00:00,,,,0.0,2006-08-05 00:00:00,25.0,0.0,2006-08-04 18:00:00,25.0,0.0,2006-08-04 06:00:00,30.0,-5.0
2006-004,2006,BOB,,2006-08-05 09:00:00,21.0,79.5,25.0,990.0,4.0,D,25,2006-08-06 09:00:00,,,,0.0,2006-08-05 03:00:00,25.0,0.0,2006-08-04 21:00:00,25.0,0.0,2006-08-04 09:00:00,25.0,0.0
2006-005,2006,BOB,,2006-08-12 03:00:00,21.0,88.0,25.0,992.0,4.0,D,0,2006-08-13 03:00:00,,,,,2006-08-11 21:00:00,,,2006-08-11 15:00:00,,,2006-08-11 03:00:00,,
2006-005,2006,BOB,,2006-08-12 06:00:00,21.0,88.0,25.0,992.0,4.0,D,1,2006-08-13 06:00:00,,,,0.0,2006-08-12 00:00:00,,,2006-08-11 18:00:00,,,2006-08-11 06:00:00,,
2006-005,2006,BOB,,2006-08-12 09:00:00,21.0,87.5,25.0,992.0,4.0,D,2,2006-08-13 09:00:00,,,,0.0,2006-08-12 03:00:00,25.0,0.0,2006-08-11 21:00:00,,,2006-08-11 09:00:00,,
2006-005,2006,BOB,,2006-08-12 12:00:00,21.0,87.5,25.0,992.0,4.0,D,3,2006-08-13 12:00:00,,,,0.0,2006-08-12 06:00:00,25.0,0.0,2006-08-12 00:00:00,,,2006-08-11 12:00:00,,
2006-005,2006,BOB,,2006-08-12 15:00:00,22.0,86.5,25.0,992.0,4.0,D,4,2006-08-13 15:00:00,,,,0.0,2006-08-12 09:00:00,25.0,0.0,2006-08-12 03:00:00,25.0,0.0,2006-08-11 15:00:00,,
2006-005,2006,BOB,,2006-08-12 18:00:00,22.0,85.0,25.0,992.0,4.0,D,5,2006-08-13 18:00:00,,,,0.0,2006-08-12 12:00:00,25.0,0.0,2006-08-12 06:00:00,25.0,0.0,2006-08-11 18:00:00,,
2006-005,2006,BOB,,2006-08-12 21:00:00,22.0,83.5,25.0,992.0,4.0,D,6,2006-08-13 21:00:00,,,,0.0,2006-08-12 15:00:00,25.0,0.0,2006-08-12 09:00:00,25.0,0.0,2006-08-11 21:00:00,,
2006-005,2006,BOB,,2006-08-13 00:00:00,22.0,82.5,25.0,992.0,4.0,D,7,2006-08-14 00:00:00,,,,0.0,2006-08-12 18:00:00,25.0,0.0,2006-08-12 12:00:00,25.0,0.0,2006-08-12 00:00:00,,
2006-006,2006,BOB,,2006-08-16 03:00:00,20.5,88.0,25.0,990.0,4.0,D,0,2006-08-17 03:00:00,25.0,0.0,0.0,,2006-08-15 21:00:00,,,2006-08-15 15:00:00,,,2006-08-15 03:00:00,,
2006-006,2006,BOB,,2006-08-16 06:00:00,20.5,87.5,25.0,990.0,4.0,D,1,2006-08-17 06:00:00,25.0,0.0,0.0,0.0,2006-08-16 00:00:00,,,2006-08-15 18:00:00,,,2006-08-15 06:00:00,,
2006-006,2006,BOB,,2006-08-16 09:00:00,20.5,87.5,25.0,990.0,4.0,D,2,2006-08-17 09:00:00,25.0,0.0,0.0,0.0,2006-08-16 03:00:00,25.0,0.0,2006-08-15 21:00:00,,,2006-08-15 09:00:00,,
2006-006,2006,BOB,,2006-08-16 12:00:00,20.5,87.0,25.0,990.0,4.0,D,3,2006-08-17 12:00:00,25.0,0.0,0.0,0.0,2006-08-16 06:00:00,25.0,0.0,2006-08-16 00:00:00,,,2006-08-15 12:00:00,,
2006-006,2006,BOB,,2006-08-16 15:00:00,20.5,86.5,25.0,988.0,4.0,D,4,2006-08-17 15:00:00,25.0,0.0,0.0,0.0,2006-08-16 09:00:00,25.0,0.0,2006-08-16 03:00:00,25.0,0.0,2006-08-15 15:00:00,,
2006-006,2006,BOB,,2006-08-16 18:00:00,20.5,86.0,25.0,988.0,4.0,D,5,2006-08-17 18:00:00,25.0,0.0,0.0,0.0,2006-08-16 12:00:00,25.0,0.0,2006-08-16 06:00:00,25.0,0.0,2006-08-15 18:00:00,,
2006-006,2006,BOB,,2006-08-16 21:00:00,21.0,85.0,25.0,988.0,4.0,D,6,2006-08-17 21:00:00,25.0,0.0,0.0,0.0,2006-08-16 15:00:00,25.0,0.0,2006-08-16 09:00:00,25.0,0.0,2006-08-15 21:00:00,,
2006-006,2006,BOB,,2006-08-17 00:00:00,21.5,84.5,25.0,988.0,4.0,D,7,2006-08-18 00:00:00,25.0,0.0,0.0,0.0,2006-08-16 18:00:00,25.0,0.0,2006-08-16 12:00:00,25.0,0.0,2006-08-16 00:00:00,,
2006-006,2006,BOB,,2006-08-17 03:00:00,22.0,83.5,25.0,988.0,4.0,D,8,2006-08-18 03:00:00,25.0,0.0,0.0,0.0,2006-08-16 21:00:00,25.0,0.0,2006-08-16 15:00:00,25.0,0.0,2006-08-16 03:00:00,25.0,0.0
2006-006,2006,BOB,,2006-08-17 06:00:00,22.0,83.5,25.0,988.0,4.0,D,9,2006-08-18 06:00:00,25.0,0.0,0.0,0.0,2006-08-17 00:00:00,25.0,0.0,2006-08-16 18:00:00,25.0,0.0,2006-08-16 06:00:00,25.0,0.0
2006-006,2006,BOB,,2006-08-17 09:00:00,22.5,83.0,25.0,988.0,4.0,D,10,2006-08-18 09:00:00,25.0,0.0,0.0,0.0,2006-08-17 03:00:00,25.0,0.0,2006-08-16 21:00:00,25.0,0.0,2006-08-16 09:00:00,25.0,0.0
2006-006,2006,BOB,,2006-08-17 12:00:00,22.5,81.0,25.0,988.0,4.0,D,11,2006-08-18 12:00:00,,,,0.0,2006-08-17 06:00:00,25.0,0.0,2006-08-17 00:00:00,25.0,0.0,2006-08-16 12:00:00,25.0,0.0
2006-006,2006,BOB,,2006-08-17 15:00:00,22.5,81.0,25.0,988.0,4.0,D,12,2006-08-18 15:00:00,,,,0.0,2006-08-17 09:00:00,25.0,0.0,2006-08-17 03:00:00,25.0,0.0,2006-08-16 15:00:00,25.0,0.0
2006-006,2006,BOB,,2006-08-17 18:00:00,22.5,80.5,25.0,988.0,4.0,D,13,2006-08-18 18:00:00,,,,0.0,2006-08-17 12:00:00,25.0,0.0,2006-08-17 06:00:00,25.0,0.0,2006-08-16 18:00:00,25.0,0.0
2006-006,2006,BOB,,2006-08-17 21:00:00,22.5,80.0,25.0,988.0,4.0,D,14,2006-08-18 21:00:00,,,,0.0,2006-08-17 15:00:00,25.0,0.0,2006-08-17 09:00:00,25.0,0.0,2006-08-16 21:00:00,25.0,0.0
2006-006,2006,BOB,,2006-08-18 00:00:00,22.5,79.0,25.0,990.0,4.0,D,15,2006-08-19 00:00:00,,,,0.0,2006-08-17 18:00:00,25.0,0.0,2006-08-17 12:00:00,25.0,0.0,2006-08-17 00:00:00,25.0,0.0
2006-006,2006,BOB,,2006-08-18 03:00:00,23.0,78.0,25.0,992.0,4.0,D,16,2006-08-19 03:00:00,,,,0.0,2006-08-17 21:00:00,25.0,0.0,2006-08-17 15:00:00,25.0,0.0,2006-08-17 03:00:00,25.0,0.0
2006-006,2006,BOB,,2006-08-18 06:00:00,23.0,77.5,25.0,994.0,4.0,D,17,2006-08-19 06:00:00,,,,0.0,2006-08-18 00:00:00,25.0,0.0,2006-08-17 18:00:00,25.0,0.0,2006-08-17 06:00:00,25.0,0.0
2006-006,2006,BOB,,2006-08-18 09:00:00,23.5,77.0,25.0,994.0,4.0,D,18,2006-08-19 09:00:00,,,,0.0,2006-08-18 03:00:00,25.0,0.0,2006-08-17 21:00:00,25.0,0.0,2006-08-17 09:00:00,25.0,0.0
2006-007,2006,BOB,,2006-08-29 03:00:00,20.5,87.5,25.0,992.0,4.0,D,0,2006-08-30 03:00:00,25.0,0.0,0.0,,2006-08-28 21:00:00,,,2006-08-28 15:00:00,,,2006-08-28 03:00:00,,
2006-007,2006,BOB,,2006-08-29 06:00:00,20.5,86.5,25.0,992.0,4.0,D,1,2006-08-30 06:00:00,25.0,0.0,0.0,0.0,2006-08-29 00:00:00,,,2006-08-28 18:00:00,,,2006-08-28 06:00:00,,
2006-007,2006,BOB,,2006-08-29 09:00:00,21.0,85.0,25.0,990.0,4.0,D,2,2006-08-30 09:00:00,25.0,0.0,0.0,0.0,2006-08-29 03:00:00,25.0,0.0,2006-08-28 21:00:00,,,2006-08-28 09:00:00,,
2006-007,2006,BOB,,2006-08-29 12:00:00,21.0,84.5,25.0,990.0,4.0,D,3,2006-08-30 12:00:00,25.0,0.0,0.0,0.0,2006-08-29 06:00:00,25.0,0.0,2006-08-29 00:00:00,,,2006-08-28 12:00:00,,
2006-007,2006,BOB,,2006-08-29 15:00:00,21.0,84.5,25.0,990.0,4.0,D,4,2006-08-30 15:00:00,25.0,0.0,0.0,0.0,2006-08-29 09:00:00,25.0,0.0,2006-08-29 03:00:00,25.0,0.0,2006-08-28 15:00:00,,
2006-007,2006,BOB,,2006-08-29 18:00:00,21.0,84.0,25.0,990.0,4.0,D,5,2006-08-30 18:00:00,25.0,0.0,0.0,0.0,2006-08-29 12:00:00,25.0,0.0,2006-08-29 06:00:00,25.0,0.0,2006-08-28 18:00:00,,
2006-007,2006,BOB,,2006-08-29 21:00:00,21.0,83.5,25.0,990.0,4.0,D,6,2006-08-30 21:00:00,25.0,0.0,0.0,0.0,2006-08-29 15:00:00,25.0,0.0,2006-08-29 09:00:00,25.0,0.0,2006-08-28 21:00:00,,
2006-007,2006,BOB,,2006-08-30 00:00:00,21.0,83.0,25.0,992.0,4.0,D,7,2006-08-31 00:00:00,25.0,0.0,0.0,0.0,2006-08-29 18:00:00,25.0,0.0,2006-08-29 12:00:00,25.0,0.0,2006-08-29 00:00:00,,
2006-007,2006,BOB,,2006-08-30 03:00:00,22.0,83.0,25.0,992.0,4.0,D,8,2006-08-31 03:00:00,25.0,0.0,0.0,0.0,2006-08-29 21:00:00,25.0,0.0,2006-08-29 15:00:00,25.0,0.0,2006-08-29 03:00:00,25.0,0.0
2006-007,2006,BOB,,2006-08-30 06:00:00,22.5,82.5,25.0,992.0,4.0,D,9,2006-08-31 06:00:00,25.0,0.0,0.0,0.0,2006-08-30 00:00:00,25.0,0.0,2006-08-29 18:00:00,25.0,0.0,2006-08-29 06:00:00,25.0,0.0
2006-007,2006,BOB,,2006-08-30 09:00:00,22.5,81.5,25.0,992.0,4.0,D,10,2006-08-31 09:00:00,25.0,0.0,0.0,0.0,2006-08-30 03:00:00,25.0,0.0,2006-08-29 21:00:00,25.0,0.0,2006-08-29 09:00:00,25.0,0.0
2006-007,2006,BOB,,2006-08-30 12:00:00,22.5,81.0,25.0,992.0,4.0,D,11,2006-08-31 12:00:00,25.0,0.0,0.0,0.0,2006-08-30 06:00:00,25.0,0.0,2006-08-30 00:00:00,25.0,0.0,2006-08-29 12:00:00,25.0,0.0
2006-007,2006,BOB,,2006-08-30 15:00:00,22.5,81.0,25.0,992.0,4.0,D,12,2006-08-31 15:00:00,25.0,0.0,0.0,0.0,2006-08-30 09:00:00,25.0,0.0,2006-08-30 03:00:00,25.0,0.0,2006-08-29 15:00:00,25.0,0.0
2006-007,2006,BOB,,2006-08-30 18:00:00,22.5,81.0,25.0,992.0,4.0,D,13,2006-08-31 18:00:00,25.0,0.0,0.0,0.0,2006-08-30 12:00:00,25.0,0.0,2006-08-30 06:00:00,25.0,0.0,2006-08-29 18:00:00,25.0,0.0
2006-007,2006,BOB,,2006-08-30 21:00:00,22.5,80.5,25.0,992.0,4.0,D,14,2006-08-31 21:00:00,25.0,0.0,0.0,0.0,2006-08-30 15:00:00,25.0,0.0,2006-08-30 09:00:00,25.0,0.0,2006-08-29 21:00:00,25.0,0.0
2006-007,2006,BOB,,2006-08-31 00:00:00,23.0,80.0,25.0,994.0,4.0,D,15,2006-09-01 00:00:00,25.0,0.0,0.0,0.0,2006-08-30 18:00:00,25.0,0.0,2006-08-30 12:00:00,25.0,0.0,2006-08-30 00:00:00,25.0,0.0
2006-007,2006,BOB,,2006-08-31 03:00:00,23.5,79.0,25.0,994.0,4.0,D,16,2006-09-01 03:00:00,25.0,0.0,0.0,0.0,2006-08-30 21:00:00,25.0,0.0,2006-08-30 15:00:00,25.0,0.0,2006-08-30 03:00:00,25.0,0.0
2006-007,2006,BOB,,2006-08-31 06:00:00,24.0,78.0,25.0,994.0,4.0,D,17,2006-09-01 06:00:00,25.0,0.0,0.0,0.0,2006-08-31 00:00:00,25.0,0.0,2006-08-30 18:00:00,25.0,0.0,2006-08-30 06:00:00,25.0,0.0
2006-007,2006,BOB,,2006-08-31 09:00:00,24.0,78.0,25.0,994.0,4.0,D,18,2006-09-01 09:00:00,,,,0.0,2006-08-31 03:00:00,25.0,0.0,2006-08-30 21:00:00,25.0,0.0,2006-08-30 09:00:00,25.0,0.0
2006-007,2006,BOB,,2006-08-31 12:00:00,24.0,78.0,25.0,994.0,4.0,D,19,2006-09-01 12:00:00,,,,0.0,2006-08-31 06:00:00,25.0,0.0,2006-08-31 00:00:00,25.0,0.0,2006-08-30 12:00:00,25.0,0.0
2006-007,2006,BOB,,2006-08-31 15:00:00,24.0,78.0,25.0,994.0,4.0,D,20,2006-09-01 15:00:00,,,,0.0,2006-08-31 09:00:00,25.0,0.0,2006-08-31 03:00:00,25.0,0.0,2006-08-30 15:00:00,25.0,0.0
2006-007,2006,BOB,,2006-08-31 18:00:00,24.5,77.5,25.0,994.0,4.0,D,21,2006-09-01 18:00:00,,,,0.0,2006-08-31 12:00:00,25.0,0.0,2006-08-31 06:00:00,25.0,0.0,2006-08-30 18:00:00,25.0,0.0
2006-007,2006,BOB,,2006-08-31 21:00:00,25.0,77.0,25.0,994.0,4.0,D,22,2006-09-01 21:00:00,,,,0.0,2006-08-31 15:00:00,25.0,0.0,2006-08-31 09:00:00,25.0,0.0,2006-08-30 21:00:00,25.0,0.0
2006-007,2006,BOB,,2006-09-01 00:00:00,25.5,77.0,25.0,994.0,4.0,D,23,2006-09-02 00:00:00,,,,0.0,2006-08-31 18:00:00,25.0,0.0,2006-08-31 12:00:00,25.0,0.0,2006-08-31 00:00:00,25.0,0.0
2006-007,2006,BOB,,2006-09-01 03:00:00,26.0,76.5,25.0,994.0,4.0,D,24,2006-09-02 03:00:00,,,,0.0,2006-08-31 21:00:00,25.0,0.0,2006-08-31 15:00:00,25.0,0.0,2006-08-31 03:00:00,25.0,0.0
2006-007,2006,BOB,,2006-09-01 06:00:00,26.0,76.5,25.0,994.0,4.0,D,25,2006-09-02 06:00:00,,,,0.0,2006-09-01 00:00:00,25.0,0.0,2006-08-31 18:00:00,25.0,0.0,2006-08-31 06:00:00,25.0,0.0
2006-008,2006,BOB,,2006-09-03 03:00:00,20.0,90.0,25.0,994.0,4.0,D,0,2006-09-04 03:00:00,25.0,0.0,0.0,,2006-09-02 21:00:00,,,2006-09-02 15:00:00,,,2006-09-02 03:00:00,,
2006-008,2006,BOB,,2006-09-03 06:00:00,20.5,89.5,25.0,994.0,4.0,D,1,2006-09-04 06:00:00,25.0,0.0,0.0,0.0,2006-09-03 00:00:00,,,2006-09-02 18:00:00,,,2006-09-02 06:00:00,,
2006-008,2006,BOB,,2006-09-03 09:00:00,20.6,89.0,25.0,994.0,4.0,D,2,2006-09-04 09:00:00,25.0,0.0,0.0,0.0,2006-09-03 03:00:00,25.0,0.0,2006-09-02 21:00:00,,,2006-09-02 09:00:00,,
2006-008,2006,BOB,,2006-09-03 12:00:00,20.5,88.5,25.0,992.0,4.0,D,3,2006-09-04 12:00:00,25.0,0.0,0.0,0.0,2006-09-03 06:00:00,25.0,0.0,2006-09-03 00:00:00,,,2006-09-02 12:00:00,,
2006-008,2006,BOB,,2006-09-03 15:00:00,20.5,88.0,25.0,992.0,4.0,D,4,2006-09-04 15:00:00,25.0,0.0,0.0,0.0,2006-09-03 09:00:00,25.0,0.0,2006-09-03 03:00:00,25.0,0.0,2006-09-02 15:00:00,,
2006-008,2006,BOB,,2006-09-03 18:00:00,20.5,87.5,25.0,992.0,4.0,D,5,2006-09-04 18:00:00,25.0,0.0,0.0,0.0,2006-09-03 12:00:00,25.0,0.0,2006-09-03 06:00:00,25.0,0.0,2006-09-02 18:00:00,,
2006-008,2006,BOB,,2006-09-03 21:00:00,20.5,87.5,25.0,992.0,4.0,D,6,2006-09-04 21:00:00,25.0,0.0,0.0,0.0,2006-09-03 15:00:00,25.0,0.0,2006-09-03 09:00:00,25.0,0.0,2006-09-02 21:00:00,,
2006-008,2006,BOB,,2006-09-04 00:00:00,21.0,87.0,25.0,992.0,4.0,D,7,2006-09-05 00:00:00,,,,0.0,2006-09-03 18:00:00,25.0,0.0,2006-09-03 12:00:00,25.0,0.0,2006-09-03 00:00:00,,
2006-008,2006,BOB,,2006-09-04 03:00:00,21.0,86.5,25.0,992.0,4.0,D,8,2006-09-05 03:00:00,,,,0.0,2006-09-03 21:00:00,25.0,0.0,2006-09-03 15:00:00,25.0,0.0,2006-09-03 03:00:00,25.0,0.0
2006-008,2006,BOB,,2006-09-04 06:00:00,21.5,85.5,25.0,992.0,4.0,D,9,2006-09-05 06:00:00,,,,0.0,2006-09-04 00:00:00,25.0,0.0,2006-09-03 18:00:00,25.0,0.0,2006-09-03 06:00:00,25.0,0.0
2006-008,2006,BOB,,2006-09-04 09:00:00,21.5,85.0,25.0,992.0,4.0,D,10,2006-09-05 09:00:00,,,,0.0,2006-09-04 03:00:00,25.0,0.0,2006-09-03 21:00:00,25.0,0.0,2006-09-03 09:00:00,25.0,0.0
2006-008,2006,BOB,,2006-09-04 12:00:00,22.0,84.5,25.0,992.0,4.0,D,11,2006-09-05 12:00:00,,,,0.0,2006-09-04 06:00:00,25.0,0.0,2006-09-04 00:00:00,25.0,0.0,2006-09-03 12:00:00,25.0,0.0
2006-008,2006,BOB,,2006-09-04 15:00:00,22.0,84.5,25.0,992.0,4.0,D,12,2006-09-05 15:00:00,,,,0.0,2006-09-04 09:00:00,25.0,0.0,2006-09-04 03:00:00,25.0,0.0,2006-09-03 15:00:00,25.0,0.0
2006-008,2006,BOB,,2006-09-04 18:00:00,22.0,84.5,25.0,992.0,4.0,D,13,2006-09-05 18:00:00,,,,0.0,2006-09-04 12:00:00,25.0,0.0,2006-09-04 06:00:00,25.0,0.0,2006-09-03 18:00:00,25.0,0.0
2006-008,2006,BOB,,2006-09-04 21:00:00,22.0,84.5,25.0,994.0,4.0,D,14,2006-09-05 21:00:00,,,,0.0,2006-09-04 15:00:00,25.0,0.0,2006-09-04 09:00:00,25.0,0.0,2006-09-03 21:00:00,25.0,0.0
2006-011,2006,BOB,,2006-09-28 09:00:00,18.0,89.0,25.0,1002.0,4.0,D,0,2006-09-29 09:00:00,25.0,0.0,0.0,,2006-09-28 03:00:00,,,2006-09-27 21:00:00,,,2006-09-27 09:00:00,,
2006-011,2006,BOB,,2006-09-28 12:00:00,18.5,88.5,25.0,1002.0,4.0,D,1,2006-09-29 12:00:00,25.0,0.0,0.0,0.0,2006-09-28 06:00:00,,,2006-09-28 00:00:00,,,2006-09-27 12:00:00,,
2006-011,2006,BOB,,2006-09-28 15:00:00,18.5,88.0,25.0,1002.0,4.0,D,2,2006-09-29 15:00:00,25.0,0.0,0.0,0.0,2006-09-28 09:00:00,25.0,0.0,2006-09-28 03:00:00,,,2006-09-27 15:00:00,,
2006-011,2006,BOB,,2006-09-28 18:00:00,18.5,87.5,25.0,1002.0,4.0,D,3,2006-09-29 18:00:00,25.0,0.0,0.0,0.0,2006-09-28 12:00:00,25.0,0.0,2006-09-28 06:00:00,,,2006-09-27 18:00:00,,
2006-011,2006,BOB,,2006-09-28 21:00:00,19.0,87.0,25.0,1002.0,4.0,D,4,2006-09-29 21:00:00,25.0,0.0,0.0,0.0,2006-09-28 15:00:00,25.0,0.0,2006-09-28 09:00:00,25.0,0.0,2006-09-27 21:00:00,,
2006-011,2006,BOB,,2006-09-29 00:00:00,19.0,86.5,25.0,1002.0,4.0,D,5,2006-09-30 00:00:00,25.0,0.0,0.0,0.0,2006-09-28 18:00:00,25.0,0.0,2006-09-28 12:00:00,25.0,0.0,2006-09-28 00:00:00,,
2006-011,2006,BOB,,2006-09-29 03:00:00,19.0,86.0,25.0,1002.0,4.0,D,6,2006-09-30 03:00:00,,,,0.0,2006-09-28 21:00:00,25.0,0.0,2006-09-28 15:00:00,25.0,0.0,2006-09-28 03:00:00,,
2006-011,2006,BOB,,2006-09-29 06:00:00,19.0,85.5,25.0,1002.0,4.0,D,7,2006-09-30 06:00:00,,,,0.0,2006-09-29 00:00:00,25.0,0.0,2006-09-28 18:00:00,25.0,0.0,2006-09-28 06:00:00,,
2006-011,2006,BOB,,2006-09-29 09:00:00,19.0,85.0,25.0,1002.0,4.0,D,8,2006-09-30 09:00:00,,,,0.0,2006-09-29 03:00:00,25.0,0.0,2006-09-28 21:00:00,25.0,0.0,2006-09-28 09:00:00,25.0,0.0
2006-011,2006,BOB,,2006-09-29 12:00:00,19.0,84.5,25.0,1002.0,4.0,D,9,2006-09-30 12:00:00,,,,0.0,2006-09-29 06:00:00,25.0,0.0,2006-09-29 00:00:00,25.0,0.0,2006-09-28 12:00:00,25.0,0.0
2006-011,2006,BOB,,2006-09-29 15:00:00,19.0,84.5,25.0,1002.0,4.0,D,10,2006-09-30 15:00:00,,,,0.0,2006-09-29 09:00:00,25.0,0.0,2006-09-29 03:00:00,25.0,0.0,2006-09-28 15:00:00,25.0,0.0
2006-011,2006,BOB,,2006-09-29 18:00:00,19.0,84.5,25.0,1002.0,4.0,D,11,2006-09-30 18:00:00,,,,0.0,2006-09-29 12:00:00,25.0,0.0,2006-09-29 06:00:00,25.0,0.0,2006-09-28 18:00:00,25.0,0.0
2006-011,2006,BOB,,2006-09-29 21:00:00,19.0,84.0,25.0,1002.0,4.0,D,12,2006-09-30 21:00:00,,,,0.0,2006-09-29 15:00:00,25.0,0.0,2006-09-29 09:00:00,25.0,0.0,2006-09-28 21:00:00,25.0,0.0
2006-011,2006,BOB,,2006-09-30 00:00:00,19.5,83.5,25.0,1002.0,4.0,D,13,2006-10-01 00:00:00,,,,0.0,2006-09-29 18:00:00,25.0,0.0,2006-09-29 12:00:00,25.0,0.0,2006-09-29 00:00:00,25.0,0.0
2006-012,2006,BOB,OGNI,2006-10-29 00:00:00,14.0,80.5,25.0,1002.0,4.0,D,0,2006-10-30 00:00:00,35.0,10.0,0.0,,2006-10-28 18:00:00,,,2006-10-28 12:00:00,,,2006-10-28 00:00:00,,
2006-012,2006,BOB,OGNI,2006-10-29 03:00:00,14.5,80.5,25.0,1002.0,4.0,D,1,2006-10-30 03:00:00,35.0,10.0,0.0,0.0,2006-10-28 21:00:00,,,2006-10-28 15:00:00,,,2006-10-28 03:00:00,,
2006-012,2006,BOB,OGNI,2006-10-29 06:00:00,14.5,80.5,25.0,1002.0,4.0,D,2,2006-10-30 06:00:00,30.0,5.0,0.0,0.0,2006-10-29 00:00:00,25.0,0.0,2006-10-28 18:00:00,,,2006-10-28 06:00:00,,
2006-012,2006,BOB,OGNI,2006-10-29 09:00:00,15.0,80.5,30.0,1000.0,5.0,DD,3,2006-10-30 09:00:00,25.0,-5.0,0.0,5.0,2006-10-29 03:00:00,25.0,5.0,2006-10-28 21:00:00,,,2006-10-28 09:00:00,,
2006-012,2006,BOB,OGNI,2006-10-29 12:00:00,15.0,80.5,35.0,998.0,6.0,CS,4,2006-10-30 12:00:00,,,,5.0,2006-10-29 06:00:00,25.0,10.0,2006-10-29 00:00:00,25.0,10.0,2006-10-28 12:00:00,,
2006-012,2006,BOB,OGNI,2006-10-29 15:00:00,15.0,80.5,35.0,998.0,6.0,CS,5,2006-10-30 15:00:00,,,,0.0,2006-10-29 09:00:00,30.0,5.0,2006-10-29 03:00:00,25.0,10.0,2006-10-28 15:00:00,,
2006-012,2006,BOB,OGNI,2006-10-29 18:00:00,15.5,80.5,35.0,998.0,6.0,CS,6,2006-10-30 18:00:00,,,,0.0,2006-10-29 12:00:00,35.0,0.0,2006-10-29 06:00:00,25.0,10.0,2006-10-28 18:00:00,,
2006-012,2006,BOB,OGNI,2006-10-29 21:00:00,15.5,80.5,35.0,998.0,6.0,CS,7,2006-10-30 21:00:00,,,,0.0,2006-10-29 15:00:00,35.0,0.0,2006-10-29 09:00:00,30.0,5.0,2006-10-28 21:00:00,,
2006-012,2006,BOB,OGNI,2006-10-30 00:00:00,15.5,80.5,35.0,998.0,6.0,CS,8,2006-10-31 00:00:00,,,,0.0,2006-10-29 18:00:00,35.0,0.0,2006-10-29 12:00:00,35.0,0.0,2006-10-29 00:00:00,25.0,10.0
2006-012,2006,BOB,OGNI,2006-10-30 03:00:00,15.6,80.3,35.0,1000.0,6.0,CS,9,2006-10-31 03:00:00,,,,0.0,2006-10-29 21:00:00,35.0,0.0,2006-10-29 15:00:00,35.0,0.0,2006-10-29 03:00:00,25.0,10.0
2006-012,2006,BOB,OGNI,2006-10-30 06:00:00,15.7,80.3,30.0,1002.0,5.0,DD,10,2006-10-31 06:00:00,,,,-5.0,2006-10-30 00:00:00,35.0,-5.0,2006-10-29 18:00:00,35.0,-5.0,2006-10-29 06:00:00,25.0,5.0
2006-012,2006,BOB,OGNI,2006-10-30 09:00:00,15.8,80.3,25.0,1004.0,4.0,D,11,2006-10-31 09:00:00,,,,-5.0,2006-10-30 03:00:00,35.0,-10.0,2006-10-29 21:00:00,35.0,-10.0,2006-10-29 09:00:00,30.0,-5.0
2007-001,2007,BOB,,2007-05-03 12:00:00,13.5,93.0,25.0,998.0,4.0,D,0,2007-05-04 12:00:00,25.0,0.0,0.0,,2007-05-03 06:00:00,,,2007-05-03 00:00:00,,,2007-05-02 12:00:00,,
2007-001,2007,BOB,,2007-05-03 15:00:00,13.5,93.0,25.0,998.0,4.0,D,1,2007-05-04 15:00:00,25.0,0.0,0.0,0.0,2007-05-03 09:00:00,,,2007-05-03 03:00:00,,,2007-05-02 15:00:00,,
2007-001,2007,BOB,,2007-05-03 18:00:00,13.5,93.5,25.0,998.0,4.0,D,2,2007-05-04 18:00:00,25.0,0.0,0.0,0.0,2007-05-03 12:00:00,25.0,0.0,2007-05-03 06:00:00,,,2007-05-02 18:00:00,,
2007-001,2007,BOB,,2007-05-03 21:00:00,14.0,93.5,25.0,1000.0,4.0,D,3,2007-05-04 21:00:00,25.0,0.0,0.0,0.0,2007-05-03 15:00:00,25.0,0.0,2007-05-03 09:00:00,,,2007-05-02 21:00:00,,
2007-001,2007,BOB,,2007-05-04 00:00:00,14.0,93.5,25.0,1000.0,4.0,D,4,2007-05-05 00:00:00,,,,0.0,2007-05-03 18:00:00,25.0,0.0,2007-05-03 12:00:00,25.0,0.0,2007-05-03 00:00:00,,
2007-001,2007,BOB,,2007-05-04 03:00:00,14.5,93.5,25.0,998.0,4.0,D,5,2007-05-05 03:00:00,,,,0.0,2007-05-03 21:00:00,25.0,0.0,2007-05-03 15:00:00,25.0,0.0,2007-05-03 03:00:00,,
2007-001,2007,BOB,,2007-05-04 06:00:00,15.0,93.5,25.0,998.0,4.0,D,6,2007-05-05 06:00:00,,,,0.0,2007-05-04 00:00:00,25.0,0.0,2007-05-03 18:00:00,25.0,0.0,2007-05-03 06:00:00,,
2007-001,2007,BOB,,2007-05-04 09:00:00,15.0,93.5,25.0,998.0,4.0,D,7,2007-05-05 09:00:00,,,,0.0,2007-05-04 03:00:00,25.0,0.0,2007-05-03 21:00:00,25.0,0.0,2007-05-03 09:00:00,,
2007-001,2007,BOB,,2007-05-04 12:00:00,15.5,93.5,25.0,998.0,4.0,D,8,2007-05-05 12:00:00,,,,0.0,2007-05-04 06:00:00,25.0,0.0,2007-05-04 00:00:00,25.0,0.0,2007-05-03 12:00:00,25.0,0.0
2007-001,2007,BOB,,2007-05-04 15:00:00,15.5,93.5,25.0,998.0,4.0,D,9,2007-05-05 15:00:00,,,,0.0,2007-05-04 09:00:00,25.0,0.0,2007-05-04 03:00:00,25.0,0.0,2007-05-03 15:00:00,25.0,0.0
2007-001,2007,BOB,,2007-05-04 18:00:00,15.5,93.5,25.0,998.0,4.0,D,10,2007-05-05 18:00:00,,,,0.0,2007-05-04 12:00:00,25.0,0.0,2007-05-04 06:00:00,25.0,0.0,2007-05-03 18:00:00,25.0,0.0
2007-001,2007,BOB,,2007-05-04 21:00:00,16.0,94.0,25.0,1000.0,4.0,D,11,2007-05-05 21:00:00,,,,0.0,2007-05-04 15:00:00,25.0,0.0,2007-05-04 09:00:00,25.0,0.0,2007-05-03 21:00:00,25.0,0.0
2007-002,2007,BOB,AKASH,2007-05-13 03:00:00,15.0,90.5,25.0,998.0,4.0,D,0,2007-05-14 03:00:00,35.0,10.0,0.0,,2007-05-12 21:00:00,,,2007-05-12 15:00:00,,,2007-05-12 03:00:00,,
2007-002,2007,BOB,AKASH,2007-05-13 06:00:00,15.0,90.5,25.0,998.0,4.0,D,1,2007-05-14 06:00:00,45.0,20.0,0.0,0.0,2007-05-13 00:00:00,,,2007-05-12 18:00:00,,,2007-05-12 06:00:00,,
2007-002,2007,BOB,AKASH,2007-05-13 09:00:00,15.0,90.5,25.0,996.0,4.0,D,2,2007-05-14 09:00:00,45.0,20.0,0.0,0.0,2007-05-13 03:00:00,25.0,0.0,2007-05-12 21:00:00,,,2007-05-12 09:00:00,,
2007-002,2007,BOB,AKASH,2007-05-13 12:00:00,15.5,90.5,25.0,996.0,4.0,D,3,2007-05-14 12:00:00,45.0,20.0,0.0,0.0,2007-05-13 06:00:00,25.0,0.0,2007-05-13 00:00:00,,,2007-05-12 12:00:00,,
2007-002,2007,BOB,AKASH,2007-05-13 15:00:00,15.5,90.5,25.0,996.0,4.0,D,4,2007-05-14 15:00:00,45.0,20.0,0.0,0.0,2007-05-13 09:00:00,25.0,0.0,2007-05-13 03:00:00,25.0,0.0,2007-05-12 15:00:00,,
2007-002,2007,BOB,AKASH,2007-05-13 18:00:00,15.5,90.5,25.0,996.0,4.0,D,5,2007-05-14 18:00:00,45.0,20.0,0.0,0.0,2007-05-13 12:00:00,25.0,0.0,2007-05-13 06:00:00,25.0,0.0,2007-05-12 18:00:00,,
2007-002,2007,BOB,AKASH,2007-05-13 21:00:00,16.0,90.5,30.0,994.0,6.0,DD,6,2007-05-14 21:00:00,45.0,15.0,0.0,5.0,2007-05-13 15:00:00,25.0,5.0,2007-05-13 09:00:00,25.0,5.0,2007-05-12 21:00:00,,
2007-002,2007,BOB,AKASH,2007-05-14 00:00:00,16.0,90.5,30.0,994.0,6.0,DD,7,2007-05-15 00:00:00,,,,0.0,2007-05-13 18:00:00,25.0,5.0,2007-05-13 12:00:00,25.0,5.0,2007-05-13 00:00:00,,
2007-002,2007,BOB,AKASH,2007-05-14 03:00:00,16.5,91.0,35.0,990.0,8.0,CS,8,2007-05-15 03:00:00,,,,5.0,2007-05-13 21:00:00,30.0,5.0,2007-05-13 15:00:00,25.0,10.0,2007-05-13 03:00:00,25.0,10.0
2007-002,2007,BOB,AKASH,2007-05-14 06:00:00,17.0,91.0,45.0,988.0,10.0,CS,9,2007-05-15 06:00:00,,,,10.0,2007-05-14 00:00:00,30.0,15.0,2007-05-13 18:00:00,25.0,20.0,2007-05-13 06:00:00,25.0,20.0
2007-002,2007,BOB,AKASH,2007-05-14 09:00:00,18.0,91.5,45.0,988.0,10.0,CS,10,2007-05-15 09:00:00,,,,0.0,2007-05-14 03:00:00,35.0,10.0,2007-05-13 21:00:00,30.0,15.0,2007-05-13 09:00:00,25.0,20.0
2007-002,2007,BOB,AKASH,2007-05-14 12:00:00,19.0,91.5,45.0,988.0,10.0,CS,11,2007-05-15 12:00:00,,,,0.0,2007-05-14 06:00:00,45.0,0.0,2007-05-14 00:00:00,30.0,15.0,2007-05-13 12:00:00,25.0,20.0
2007-002,2007,BOB,AKASH,2007-05-14 15:00:00,19.5,91.5,45.0,988.0,10.0,CS,12,2007-05-15 15:00:00,,,,0.0,2007-05-14 09:00:00,45.0,0.0,2007-05-14 03:00:00,35.0,10.0,2007-05-13 15:00:00,25.0,20.0
2007-002,2007,BOB,AKASH,2007-05-14 18:00:00,20.0,92.0,45.0,988.0,10.0,CS,13,2007-05-15 18:00:00,,,,0.0,2007-05-14 12:00:00,45.0,0.0,2007-05-14 06:00:00,45.0,0.0,2007-05-13 18:00:00,25.0,20.0
2007-002,2007,BOB,AKASH,2007-05-14 21:00:00,21.0,92.0,45.0,988.0,10.0,CS,14,2007-05-15 21:00:00,,,,0.0,2007-05-14 15:00:00,45.0,0.0,2007-05-14 09:00:00,45.0,0.0,2007-05-13 21:00:00,30.0,15.0
2007-004,2007,BOB,,2007-06-21 03:00:00,15.5,86.0,25.0,994.0,4.0,D,0,2007-06-22 03:00:00,30.0,5.0,0.0,,2007-06-20 21:00:00,,,2007-06-20 15:00:00,,,2007-06-20 03:00:00,,
2007-004,2007,BOB,,2007-06-21 06:00:00,15.5,85.0,25.0,992.0,4.0,D,1,2007-06-22 06:00:00,30.0,5.0,0.0,0.0,2007-06-21 00:00:00,,,2007-06-20 18:00:00,,,2007-06-20 06:00:00,,
2007-004,2007,BOB,,2007-06-21 09:00:00,16.0,84.5,25.0,990.0,4.0,D,2,2007-06-22 09:00:00,30.0,5.0,0.0,0.0,2007-06-21 03:00:00,25.0,0.0,2007-06-20 21:00:00,,,2007-06-20 09:00:00,,
2007-004,2007,BOB,,2007-06-21 12:00:00,16.0,84.0,30.0,988.0,5.0,DD,3,2007-06-22 12:00:00,30.0,0.0,0.0,5.0,2007-06-21 06:00:00,25.0,5.0,2007-06-21 00:00:00,,,2007-06-20 12:00:00,,
2007-004,2007,BOB,,2007-06-21 15:00:00,16.0,83.5,30.0,988.0,5.0,DD,4,2007-06-22 15:00:00,30.0,0.0,0.0,0.0,2007-06-21 09:00:00,25.0,5.0,2007-06-21 03:00:00,25.0,5.0,2007-06-20 15:00:00,,
2007-004,2007,BOB,,2007-06-21 18:00:00,16.0,83.0,30.0,988.0,5.0,DD,5,2007-06-22 18:00:00,30.0,0.0,0.0,0.0,2007-06-21 12:00:00,30.0,0.0,2007-06-21 06:00:00,25.0,5.0,2007-06-20 18:00:00,,
2007-004,2007,BOB,,2007-06-21 21:00:00,16.5,82.5,30.0,988.0,5.0,DD,6,2007-06-22 21:00:00,30.0,0.0,0.0,0.0,2007-06-21 15:00:00,30.0,0.0,2007-06-21 09:00:00,25.0,5.0,2007-06-20 21:00:00,,
2007-004,2007,BOB,,2007-06-22 00:00:00,16.5,82.0,30.0,988.0,5.0,DD,7,2007-06-23 00:00:00,30.0,0.0,0.0,0.0,2007-06-21 18:00:00,30.0,0.0,2007-06-21 12:00:00,30.0,0.0,2007-06-21 00:00:00,,
2007-004,2007,BOB,,2007-06-22 03:00:00,16.5,81.0,30.0,990.0,5.0,DD,8,2007-06-23 03:00:00,25.0,-5.0,0.0,0.0,2007-06-21 21:00:00,30.0,0.0,2007-06-21 15:00:00,30.0,0.0,2007-06-21 03:00:00,25.0,5.0
2007-004,2007,BOB,,2007-06-22 06:00:00,16.5,80.0,30.0,990.0,5.0,DD,9,2007-06-23 06:00:00,25.0,-5.0,0.0,0.0,2007-06-22 00:00:00,30.0,0.0,2007-06-21 18:00:00,30.0,0.0,2007-06-21 06:00:00,25.0,5.0
2007-004,2007,BOB,,2007-06-22 09:00:00,16.5,79.0,30.0,988.0,5.0,DD,10,2007-06-23 09:00:00,25.0,-5.0,0.0,0.0,2007-06-22 03:00:00,30.0,0.0,2007-06-21 21:00:00,30.0,0.0,2007-06-21 09:00:00,25.0,5.0
2007-004,2007,BOB,,2007-06-22 12:00:00,17.0,78.5,30.0,988.0,5.0,DD,11,2007-06-23 12:00:00,,,,0.0,2007-06-22 06:00:00,30.0,0.0,2007-06-22 00:00:00,30.0,0.0,2007-06-21 12:00:00,30.0,0.0
2007-004,2007,BOB,,2007-06-22 15:00:00,17.0,78.0,30.0,990.0,5.0,DD,12,2007-06-23 15:00:00,,,,0.0,2007-06-22 09:00:00,30.0,0.0,2007-06-22 03:00:00,30.0,0.0,2007-06-21 15:00:00,30.0,0.0
2007-004,2007,BOB,,2007-06-22 18:00:00,17.0,77.5,30.0,992.0,5.0,DD,13,2007-06-23 18:00:00,,,,0.0,2007-06-22 12:00:00,30.0,0.0,2007-06-22 06:00:00,30.0,0.0,2007-06-21 18:00:00,30.0,0.0
2007-004,2007,BOB,,2007-06-22 21:00:00,17.5,77.0,30.0,992.0,5.0,DD,14,2007-06-23 21:00:00,,,,0.0,2007-06-22 15:00:00,30.0,0.0,2007-06-22 09:00:00,30.0,0.0,2007-06-21 21:00:00,30.0,0.0
2007-004,2007,BOB,,2007-06-23 00:00:00,17.5,77.0,30.0,992.0,5.0,DD,15,2007-06-24 00:00:00,,,,0.0,2007-06-22 18:00:00,30.0,0.0,2007-06-22 12:00:00,30.0,0.0,2007-06-22 00:00:00,30.0,0.0
2007-004,2007,BOB,,2007-06-23 03:00:00,18.0,76.0,25.0,992.0,4.0,D,16,2007-06-24 03:00:00,,,,-5.0,2007-06-22 21:00:00,30.0,-5.0,2007-06-22 15:00:00,30.0,-5.0,2007-06-22 03:00:00,30.0,-5.0
2007-004,2007,BOB,,2007-06-23 06:00:00,18.5,75.0,25.0,990.0,4.0,D,17,2007-06-24 06:00:00,,,,0.0,2007-06-23 00:00:00,30.0,-5.0,2007-06-22 18:00:00,30.0,-5.0,2007-06-22 06:00:00,30.0,-5.0
2007-004,2007,BOB,,2007-06-23 09:00:00,19.0,74.0,25.0,990.0,4.0,D,18,2007-06-24 09:00:00,,,,0.0,2007-06-23 03:00:00,25.0,0.0,2007-06-22 21:00:00,30.0,-5.0,2007-06-22 09:00:00,30.0,-5.0
2007-006,2007,BOB,,2007-06-28 00:00:00,18.5,87.0,25.0,988.0,4.0,D,0,2007-06-29 00:00:00,30.0,5.0,0.0,,2007-06-27 18:00:00,,,2007-06-27 12:00:00,,,2007-06-27 00:00:00,,
2007-006,2007,BOB,,2007-06-28 03:00:00,18.5,87.0,30.0,986.0,5.0,DD,1,2007-06-29 03:00:00,30.0,0.0,0.0,5.0,2007-06-27 21:00:00,,,2007-06-27 15:00:00,,,2007-06-27 03:00:00,,
2007-006,2007,BOB,,2007-06-28 06:00:00,18.5,87.0,30.0,986.0,5.0,DD,2,2007-06-29 06:00:00,30.0,0.0,0.0,0.0,2007-06-28 00:00:00,25.0,5.0,2007-06-27 18:00:00,,,2007-06-27 06:00:00,,
2007-006,2007,BOB,,2007-06-28 09:00:00,19.0,86.5,30.0,986.0,5.0,DD,3,2007-06-29 09:00:00,30.0,0.0,0.0,0.0,2007-06-28 03:00:00,30.0,0.0,2007-06-27 21:00:00,,,2007-06-27 09:00:00,,
2007-006,2007,BOB,,2007-06-28 12:00:00,19.0,86.0,30.0,986.0,5.0,DD,4,2007-06-29 12:00:00,30.0,0.0,0.0,0.0,2007-06-28 06:00:00,30.0,0.0,2007-06-28 00:00:00,25.0,5.0,2007-06-27 12:00:00,,
2007-006,2007,BOB,,2007-06-28 15:00:00,19.0,86.0,30.0,986.0,5.0,DD,5,2007-06-29 15:00:00,30.0,0.0,0.0,0.0,2007-06-28 09:00:00,30.0,0.0,2007-06-28 03:00:00,30.0,0.0,2007-06-27 15:00:00,,
2007-006,2007,BOB,,2007-06-28 18:00:00,19.0,86.0,30.0,986.0,5.0,DD,6,2007-06-29 18:00:00,30.0,0.0,0.0,0.0,2007-06-28 12:00:00,30.0,0.0,2007-06-28 06:00:00,30.0,0.0,2007-06-27 18:00:00,,
2007-006,2007,BOB,,2007-06-28 21:00:00,19.5,86.0,30.0,986.0,5.0,DD,7,2007-06-29 21:00:00,30.0,0.0,0.0,0.0,2007-06-28 15:00:00,30.0,0.0,2007-06-28 09:00:00,30.0,0.0,2007-06-27 21:00:00,,
2007-006,2007,BOB,,2007-06-29 00:00:00,19.5,86.0,30.0,986.0,5.0,DD,8,2007-06-30 00:00:00,30.0,0.0,0.0,0.0,2007-06-28 18:00:00,30.0,0.0,2007-06-28 12:00:00,30.0,0.0,2007-06-28 00:00:00,25.0,5.0
2007-006,2007,BOB,,2007-06-29 03:00:00,20.0,86.0,30.0,988.0,5.0,DD,9,2007-06-30 03:00:00,25.0,-5.0,0.0,0.0,2007-06-28 21:00:00,30.0,0.0,2007-06-28 15:00:00,30.0,0.0,2007-06-28 03:00:00,30.0,0.0
2007-006,2007,BOB,,2007-06-29 06:00:00,20.5,85.5,30.0,988.0,5.0,DD,10,2007-06-30 06:00:00,25.0,-5.0,0.0,0.0,2007-06-29 00:00:00,30.0,0.0,2007-06-28 18:00:00,30.0,0.0,2007-06-28 06:00:00,30.0,0.0
2007-006,2007,BOB,,2007-06-29 09:00:00,20.5,85.0,30.0,988.0,5.0,DD,11,2007-06-30 09:00:00,25.0,-5.0,0.0,0.0,2007-06-29 03:00:00,30.0,0.0,2007-06-28 21:00:00,30.0,0.0,2007-06-28 09:00:00,30.0,0.0
2007-006,2007,BOB,,2007-06-29 12:00:00,20.5,84.5,30.0,988.0,5.0,DD,12,2007-06-30 12:00:00,25.0,-5.0,0.0,0.0,2007-06-29 06:00:00,30.0,0.0,2007-06-29 00:00:00,30.0,0.0,2007-06-28 12:00:00,30.0,0.0
2007-006,2007,BOB,,2007-06-29 15:00:00,20.5,84.0,30.0,988.0,5.0,DD,13,2007-06-30 15:00:00,,,,0.0,2007-06-29 09:00:00,30.0,0.0,2007-06-29 03:00:00,30.0,0.0,2007-06-28 15:00:00,30.0,0.0
2007-006,2007,BOB,,2007-06-29 18:00:00,20.5,83.0,30.0,988.0,5.0,DD,14,2007-06-30 18:00:00,,,,0.0,2007-06-29 12:00:00,30.0,0.0,2007-06-29 06:00:00,30.0,0.0,2007-06-28 18:00:00,30.0,0.0
2007-006,2007,BOB,,2007-06-29 21:00:00,21.0,82.0,30.0,990.0,5.0,DD,15,2007-06-30 21:00:00,,,,0.0,2007-06-29 15:00:00,30.0,0.0,2007-06-29 09:00:00,30.0,0.0,2007-06-28 21:00:00,30.0,0.0
2007-006,2007,BOB,,2007-06-30 00:00:00,21.5,81.5,30.0,990.0,5.0,DD,16,2007-07-01 00:00:00,,,,0.0,2007-06-29 18:00:00,30.0,0.0,2007-06-29 12:00:00,30.0,0.0,2007-06-29 00:00:00,30.0,0.0
2007-006,2007,BOB,,2007-06-30 03:00:00,22.0,81.0,25.0,992.0,4.0,D,17,2007-07-01 03:00:00,,,,-5.0,2007-06-29 21:00:00,30.0,-5.0,2007-06-29 15:00:00,30.0,-5.0,2007-06-29 03:00:00,30.0,-5.0
2007-006,2007,BOB,,2007-06-30 06:00:00,22.0,81.0,25.0,992.0,4.0,D,18,2007-07-01 06:00:00,,,,0.0,2007-06-30 00:00:00,30.0,-5.0,2007-06-29 18:00:00,30.0,-5.0,2007-06-29 06:00:00,30.0,-5.0
2007-006,2007,BOB,,2007-06-30 09:00:00,22.5,81.0,25.0,992.0,4.0,D,19,2007-07-01 09:00:00,,,,0.0,2007-06-30 03:00:00,25.0,0.0,2007-06-29 21:00:00,30.0,-5.0,2007-06-29 09:00:00,30.0,-5.0
2007-006,2007,BOB,,2007-06-30 12:00:00,22.5,80.5,25.0,992.0,4.0,D,20,2007-07-01 12:00:00,,,,0.0,2007-06-30 06:00:00,25.0,0.0,2007-06-30 00:00:00,30.0,-5.0,2007-06-29 12:00:00,30.0,-5.0
2007-007,2007,BOB,,2007-07-04 03:00:00,22.0,89.5,25.0,990.0,4.0,D,16,2007-07-05 03:00:00,25.0,0.0,0.0,,2007-07-03 21:00:00,,,2007-07-03 15:00:00,,,2007-07-03 03:00:00,,
2007-007,2007,BOB,,2007-07-04 06:00:00,22.0,89.5,25.0,990.0,4.0,D,17,2007-07-05 06:00:00,25.0,0.0,0.0,0.0,2007-07-04 00:00:00,,,2007-07-03 18:00:00,,,2007-07-03 06:00:00,,
2007-007,2007,BOB,,2007-07-04 09:00:00,22.0,89.5,25.0,992.0,4.0,D,18,2007-07-05 09:00:00,25.0,0.0,0.0,0.0,2007-07-04 03:00:00,25.0,0.0,2007-07-03 21:00:00,,,2007-07-03 09:00:00,,
2007-007,2007,BOB,,2007-07-04 12:00:00,23.0,89.5,25.0,990.0,4.0,D,19,2007-07-05 12:00:00,30.0,5.0,0.0,0.0,2007-07-04 06:00:00,25.0,0.0,2007-07-04 00:00:00,,,2007-07-03 12:00:00,,
2007-007,2007,BOB,,2007-07-04 15:00:00,23.0,89.5,25.0,992.0,4.0,D,20,2007-07-05 15:00:00,30.0,5.0,0.0,0.0,2007-07-04 09:00:00,25.0,0.0,2007-07-04 03:00:00,25.0,0.0,2007-07-03 15:00:00,,
2007-007,2007,BOB,,2007-07-04 18:00:00,23.0,89.5,25.0,990.0,4.0,D,21,2007-07-05 18:00:00,30.0,5.0,0.0,0.0,2007-07-04 12:00:00,25.0,0.0,2007-07-04 06:00:00,25.0,0.0,2007-07-03 18:00:00,,
2007-007,2007,BOB,,2007-07-04 21:00:00,23.0,89.5,25.0,992.0,4.0,D,22,2007-07-05 21:00:00,30.0,5.0,0.0,0.0,2007-07-04 15:00:00,25.0,0.0,2007-07-04 09:00:00,25.0,0.0,2007-07-03 21:00:00,,
2007-007,2007,BOB,,2007-07-05 00:00:00,23.0,89.5,25.0,992.0,4.0,D,0,2007-07-06 00:00:00,30.0,5.0,0.0,0.0,2007-07-04 18:00:00,25.0,0.0,2007-07-04 12:00:00,25.0,0.0,2007-07-04 00:00:00,,
2007-007,2007,BOB,,2007-07-05 03:00:00,23.0,88.0,25.0,992.0,4.0,D,1,2007-07-06 03:00:00,30.0,5.0,0.0,0.0,2007-07-04 21:00:00,25.0,0.0,2007-07-04 15:00:00,25.0,0.0,2007-07-04 03:00:00,25.0,0.0
2007-007,2007,BOB,,2007-07-05 06:00:00,23.0,88.0,25.0,988.0,4.0,D,2,2007-07-06 06:00:00,30.0,5.0,0.0,0.0,2007-07-05 00:00:00,25.0,0.0,2007-07-04 18:00:00,25.0,0.0,2007-07-04 06:00:00,25.0,0.0
2007-007,2007,BOB,,2007-07-05 09:00:00,23.0,88.0,25.0,988.0,4.0,D,3,2007-07-06 09:00:00,30.0,5.0,0.0,0.0,2007-07-05 03:00:00,25.0,0.0,2007-07-04 21:00:00,25.0,0.0,2007-07-04 09:00:00,25.0,0.0
2007-007,2007,BOB,,2007-07-05 12:00:00,23.0,88.0,30.0,988.0,5.0,DD,4,2007-07-06 12:00:00,30.0,0.0,0.0,5.0,2007-07-05 06:00:00,25.0,5.0,2007-07-05 00:00:00,25.0,5.0,2007-07-04 12:00:00,25.0,5.0
2007-007,2007,BOB,,2007-07-05 15:00:00,23.0,88.0,30.0,988.0,5.0,DD,5,2007-07-06 15:00:00,30.0,0.0,0.0,0.0,2007-07-05 09:00:00,25.0,5.0,2007-07-05 03:00:00,25.0,5.0,2007-07-04 15:00:00,25.0,5.0
2007-007,2007,BOB,,2007-07-05 18:00:00,23.0,88.0,30.0,988.0,5.0,DD,6,2007-07-06 18:00:00,30.0,0.0,0.0,0.0,2007-07-05 12:00:00,30.0,0.0,2007-07-05 06:00:00,25.0,5.0,2007-07-04 18:00:00,25.0,5.0
2007-007,2007,BOB,,2007-07-05 21:00:00,23.0,88.0,30.0,988.0,5.0,DD,7,2007-07-06 21:00:00,30.0,0.0,0.0,0.0,2007-07-05 15:00:00,30.0,0.0,2007-07-05 09:00:00,25.0,5.0,2007-07-04 21:00:00,25.0,5.0
2007-007,2007,BOB,,2007-07-06 00:00:00,23.0,88.0,30.0,988.0,5.0,DD,8,2007-07-07 00:00:00,30.0,0.0,0.0,0.0,2007-07-05 18:00:00,30.0,0.0,2007-07-05 12:00:00,30.0,0.0,2007-07-05 00:00:00,25.0,5.0
2007-007,2007,BOB,,2007-07-06 03:00:00,23.0,87.0,30.0,988.0,5.0,DD,9,2007-07-07 03:00:00,25.0,-5.0,0.0,0.0,2007-07-05 21:00:00,30.0,0.0,2007-07-05 15:00:00,30.0,0.0,2007-07-05 03:00:00,25.0,5.0
2007-007,2007,BOB,,2007-07-06 06:00:00,23.0,87.0,30.0,988.0,5.0,DD,10,2007-07-07 06:00:00,25.0,-5.0,0.0,0.0,2007-07-06 00:00:00,30.0,0.0,2007-07-05 18:00:00,30.0,0.0,2007-07-05 06:00:00,25.0,5.0
2007-007,2007,BOB,,2007-07-06 09:00:00,23.0,87.0,30.0,988.0,5.0,DD,11,2007-07-07 09:00:00,25.0,-5.0,0.0,0.0,2007-07-06 03:00:00,30.0,0.0,2007-07-05 21:00:00,30.0,0.0,2007-07-05 09:00:00,25.0,5.0
2007-007,2007,BOB,,2007-07-06 12:00:00,23.0,86.0,30.0,988.0,5.0,DD,12,2007-07-07 12:00:00,25.0,-5.0,0.0,0.0,2007-07-06 06:00:00,30.0,0.0,2007-07-06 00:00:00,30.0,0.0,2007-07-05 12:00:00,30.0,0.0
2007-007,2007,BOB,,2007-07-06 15:00:00,23.0,86.0,30.0,988.0,5.0,DD,13,2007-07-07 15:00:00,25.0,-5.0,0.0,0.0,2007-07-06 09:00:00,30.0,0.0,2007-07-06 03:00:00,30.0,0.0,2007-07-05 15:00:00,30.0,0.0
2007-007,2007,BOB,,2007-07-06 18:00:00,23.0,86.0,30.0,988.0,5.0,DD,14,2007-07-07 18:00:00,25.0,-5.0,0.0,0.0,2007-07-06 12:00:00,30.0,0.0,2007-07-06 06:00:00,30.0,0.0,2007-07-05 18:00:00,30.0,0.0
2007-007,2007,BOB,,2007-07-06 21:00:00,23.0,86.0,30.0,988.0,5.0,DD,15,2007-07-07 21:00:00,25.0,-5.0,0.0,0.0,2007-07-06 15:00:00,30.0,0.0,2007-07-06 09:00:00,30.0,0.0,2007-07-05 21:00:00,30.0,0.0
2007-007,2007,BOB,,2007-07-07 00:00:00,23.0,86.0,30.0,988.0,5.0,DD,23,2007-07-08 00:00:00,25.0,-5.0,0.0,0.0,2007-07-06 18:00:00,30.0,0.0,2007-07-06 12:00:00,30.0,0.0,2007-07-06 00:00:00,30.0,0.0
2007-007,2007,BOB,,2007-07-07 03:00:00,23.5,83.5,25.0,990.0,4.0,D,24,2007-07-08 03:00:00,25.0,0.0,0.0,-5.0,2007-07-06 21:00:00,30.0,-5.0,2007-07-06 15:00:00,30.0,-5.0,2007-07-06 03:00:00,30.0,-5.0
2007-007,2007,BOB,,2007-07-07 06:00:00,23.5,83.5,25.0,990.0,4.0,D,25,2007-07-08 06:00:00,25.0,0.0,0.0,0.0,2007-07-07 00:00:00,30.0,-5.0,2007-07-06 18:00:00,30.0,-5.0,2007-07-06 06:00:00,30.0,-5.0
2007-007,2007,BOB,,2007-07-07 09:00:00,23.5,83.5,25.0,990.0,4.0,D,26,2007-07-08 09:00:00,25.0,0.0,0.0,0.0,2007-07-07 03:00:00,25.0,0.0,2007-07-06 21:00:00,30.0,-5.0,2007-07-06 09:00:00,30.0,-5.0
2007-007,2007,BOB,,2007-07-07 12:00:00,23.5,82.0,25.0,990.0,4.0,D,27,2007-07-08 12:00:00,25.0,0.0,0.0,0.0,2007-07-07 06:00:00,25.0,0.0,2007-07-07 00:00:00,30.0,-5.0,2007-07-06 12:00:00,30.0,-5.0
2007-007,2007,BOB,,2007-07-07 15:00:00,23.5,82.0,25.0,990.0,4.0,D,28,2007-07-08 15:00:00,25.0,0.0,0.0,0.0,2007-07-07 09:00:00,25.0,0.0,2007-07-07 03:00:00,25.0,0.0,2007-07-06 15:00:00,30.0,-5.0
2007-007,2007,BOB,,2007-07-07 18:00:00,23.5,82.0,25.0,990.0,4.0,D,29,2007-07-08 18:00:00,25.0,0.0,0.0,0.0,2007-07-07 12:00:00,25.0,0.0,2007-07-07 06:00:00,25.0,0.0,2007-07-06 18:00:00,30.0,-5.0
2007-007,2007,BOB,,2007-07-07 21:00:00,23.5,82.0,25.0,990.0,4.0,D,30,2007-07-08 21:00:00,25.0,0.0,0.0,0.0,2007-07-07 15:00:00,25.0,0.0,2007-07-07 09:00:00,25.0,0.0,2007-07-06 21:00:00,30.0,-5.0
2007-007,2007,BOB,,2007-07-08 00:00:00,23.5,82.0,25.0,990.0,4.0,D,31,2007-07-09 00:00:00,25.0,0.0,0.0,0.0,2007-07-07 18:00:00,25.0,0.0,2007-07-07 12:00:00,25.0,0.0,2007-07-07 00:00:00,30.0,-5.0
2007-007,2007,BOB,,2007-07-08 03:00:00,23.5,79.0,25.0,990.0,4.0,D,32,2007-07-09 03:00:00,25.0,0.0,0.0,0.0,2007-07-07 21:00:00,25.0,0.0,2007-07-07 15:00:00,25.0,0.0,2007-07-07 03:00:00,25.0,0.0
2007-007,2007,BOB,,2007-07-08 06:00:00,23.5,79.0,25.0,990.0,4.0,D,33,2007-07-09 06:00:00,25.0,0.0,0.0,0.0,2007-07-08 00:00:00,25.0,0.0,2007-07-07 18:00:00,25.0,0.0,2007-07-07 06:00:00,25.0,0.0
2007-007,2007,BOB,,2007-07-08 09:00:00,23.5,79.0,25.0,990.0,4.0,D,34,2007-07-09 09:00:00,25.0,0.0,0.0,0.0,2007-07-08 03:00:00,25.0,0.0,2007-07-07 21:00:00,25.0,0.0,2007-07-07 09:00:00,25.0,0.0
2007-007,2007,BOB,,2007-07-08 12:00:00,24.0,78.0,25.0,990.0,4.0,D,35,2007-07-09 12:00:00,,,,0.0,2007-07-08 06:00:00,25.0,0.0,2007-07-08 00:00:00,25.0,0.0,2007-07-07 12:00:00,25.0,0.0
2007-007,2007,BOB,,2007-07-08 15:00:00,24.0,78.0,25.0,990.0,4.0,D,36,2007-07-09 15:00:00,,,,0.0,2007-07-08 09:00:00,25.0,0.0,2007-07-08 03:00:00,25.0,0.0,2007-07-07 15:00:00,25.0,0.0
2007-007,2007,BOB,,2007-07-08 18:00:00,24.0,78.0,25.0,990.0,4.0,D,37,2007-07-09 18:00:00,,,,0.0,2007-07-08 12:00:00,25.0,0.0,2007-07-08 06:00:00,25.0,0.0,2007-07-07 18:00:00,25.0,0.0
2007-007,2007,BOB,,2007-07-08 21:00:00,24.0,78.0,25.0,990.0,4.0,D,38,2007-07-09 21:00:00,,,,0.0,2007-07-08 15:00:00,25.0,0.0,2007-07-08 09:00:00,25.0,0.0,2007-07-07 21:00:00,25.0,0.0
2007-007,2007,BOB,,2007-07-09 00:00:00,24.0,78.0,25.0,990.0,4.0,D,39,2007-07-10 00:00:00,,,,0.0,2007-07-08 18:00:00,25.0,0.0,2007-07-08 12:00:00,25.0,0.0,2007-07-08 00:00:00,25.0,0.0
2007-007,2007,BOB,,2007-07-09 03:00:00,25.0,78.0,25.0,990.0,4.0,D,40,2007-07-10 03:00:00,,,,0.0,2007-07-08 21:00:00,25.0,0.0,2007-07-08 15:00:00,25.0,0.0,2007-07-08 03:00:00,25.0,0.0
2007-007,2007,BOB,,2007-07-09 06:00:00,25.0,78.0,25.0,990.0,4.0,D,41,2007-07-10 06:00:00,,,,0.0,2007-07-09 00:00:00,25.0,0.0,2007-07-08 18:00:00,25.0,0.0,2007-07-08 06:00:00,25.0,0.0
2007-007,2007,BOB,,2007-07-09 09:00:00,25.0,78.0,25.0,990.0,4.0,D,42,2007-07-10 09:00:00,,,,0.0,2007-07-09 03:00:00,25.0,0.0,2007-07-08 21:00:00,25.0,0.0,2007-07-08 09:00:00,25.0,0.0
2007-008,2007,BOB,,2007-08-05 00:00:00,20.0,88.5,25.0,992.0,4.0,D,0,2007-08-06 00:00:00,30.0,5.0,0.0,,2007-08-04 18:00:00,,,2007-08-04 12:00:00,,,2007-08-04 00:00:00,,
2007-008,2007,BOB,,2007-08-05 03:00:00,20.0,88.5,25.0,992.0,4.0,D,1,2007-08-06 03:00:00,30.0,5.0,0.0,0.0,2007-08-04 21:00:00,,,2007-08-04 15:00:00,,,2007-08-04 03:00:00,,
2007-008,2007,BOB,,2007-08-05 06:00:00,20.0,88.5,25.0,992.0,4.0,D,2,2007-08-06 06:00:00,30.0,5.0,0.0,0.0,2007-08-05 00:00:00,25.0,0.0,2007-08-04 18:00:00,,,2007-08-04 06:00:00,,
2007-008,2007,BOB,,2007-08-05 09:00:00,20.0,88.5,25.0,990.0,4.0,D,3,2007-08-06 09:00:00,30.0,5.0,0.0,0.0,2007-08-05 03:00:00,25.0,0.0,2007-08-04 21:00:00,,,2007-08-04 09:00:00,,
2007-008,2007,BOB,,2007-08-05 12:00:00,20.0,88.0,25.0,990.0,4.0,D,4,2007-08-06 12:00:00,30.0,5.0,0.0,0.0,2007-08-05 06:00:00,25.0,0.0,2007-08-05 00:00:00,25.0,0.0,2007-08-04 12:00:00,,
2007-008,2007,BOB,,2007-08-05 15:00:00,20.0,88.5,25.0,990.0,4.0,D,5,2007-08-06 15:00:00,30.0,5.0,0.0,0.0,2007-08-05 09:00:00,25.0,0.0,2007-08-05 03:00:00,25.0,0.0,2007-08-04 15:00:00,,
2007-008,2007,BOB,,2007-08-05 18:00:00,20.0,87.5,30.0,988.0,5.0,DD,6,2007-08-06 18:00:00,30.0,0.0,0.0,5.0,2007-08-05 12:00:00,25.0,5.0,2007-08-05 06:00:00,25.0,5.0,2007-08-04 18:00:00,,
2007-008,2007,BOB,,2007-08-05 21:00:00,20.5,87.5,30.0,984.0,5.0,DD,7,2007-08-06 21:00:00,30.0,0.0,0.0,0.0,2007-08-05 15:00:00,25.0,5.0,2007-08-05 09:00:00,25.0,5.0,2007-08-04 21:00:00,,
2007-008,2007,BOB,,2007-08-06 00:00:00,20.5,87.0,30.0,988.0,5.0,DD,8,2007-08-07 00:00:00,30.0,0.0,0.0,0.0,2007-08-05 18:00:00,30.0,0.0,2007-08-05 12:00:00,25.0,5.0,2007-08-05 00:00:00,25.0,5.0
2007-008,2007,BOB,,2007-08-06 03:00:00,20.5,86.0,30.0,990.0,5.0,DD,9,2007-08-07 03:00:00,25.0,-5.0,0.0,0.0,2007-08-05 21:00:00,30.0,0.0,2007-08-05 15:00:00,25.0,5.0,2007-08-05 03:00:00,25.0,5.0
2007-008,2007,BOB,,2007-08-06 06:00:00,20.5,85.0,30.0,992.0,5.0,DD,10,2007-08-07 06:00:00,25.0,-5.0,0.0,0.0,2007-08-06 00:00:00,30.0,0.0,2007-08-05 18:00:00,30.0,0.0,2007-08-05 06:00:00,25.0,5.0
2007-008,2007,BOB,,2007-08-06 09:00:00,20.5,84.5,30.0,990.0,5.0,DD,11,2007-08-07 09:00:00,25.0,-5.0,0.0,0.0,2007-08-06 03:00:00,30.0,0.0,2007-08-05 21:00:00,30.0,0.0,2007-08-05 09:00:00,25.0,5.0
2007-008,2007,BOB,,2007-08-06 12:00:00,20.5,84.5,30.0,990.0,5.0,DD,12,2007-08-07 12:00:00,,,,0.0,2007-08-06 06:00:00,30.0,0.0,2007-08-06 00:00:00,30.0,0.0,2007-08-05 12:00:00,25.0,5.0
2007-008,2007,BOB,,2007-08-06 15:00:00,20.5,84.5,30.0,992.0,5.0,DD,13,2007-08-07 15:00:00,,,,0.0,2007-08-06 09:00:00,30.0,0.0,2007-08-06 03:00:00,30.0,0.0,2007-08-05 15:00:00,25.0,5.0
2007-008,2007,BOB,,2007-08-06 18:00:00,20.5,84.0,30.0,992.0,5.0,DD,14,2007-08-07 18:00:00,,,,0.0,2007-08-06 12:00:00,30.0,0.0,2007-08-06 06:00:00,30.0,0.0,2007-08-05 18:00:00,30.0,0.0
2007-008,2007,BOB,,2007-08-06 21:00:00,20.5,83.0,30.0,990.0,5.0,DD,15,2007-08-07 21:00:00,,,,0.0,2007-08-06 15:00:00,30.0,0.0,2007-08-06 09:00:00,30.0,0.0,2007-08-05 21:00:00,30.0,0.0
2007-008,2007,BOB,,2007-08-07 00:00:00,21.0,82.5,30.0,990.0,5.0,DD,16,2007-08-08 00:00:00,,,,0.0,2007-08-06 18:00:00,30.0,0.0,2007-08-06 12:00:00,30.0,0.0,2007-08-06 00:00:00,30.0,0.0
2007-008,2007,BOB,,2007-08-07 03:00:00,21.0,82.0,25.0,992.0,4.0,D,17,2007-08-08 03:00:00,,,,-5.0,2007-08-06 21:00:00,30.0,-5.0,2007-08-06 15:00:00,30.0,-5.0,2007-08-06 03:00:00,30.0,-5.0
2007-008,2007,BOB,,2007-08-07 06:00:00,22.0,81.0,25.0,992.0,4.0,D,18,2007-08-08 06:00:00,,,,0.0,2007-08-07 00:00:00,30.0,-5.0,2007-08-06 18:00:00,30.0,-5.0,2007-08-06 06:00:00,30.0,-5.0
2007-008,2007,BOB,,2007-08-07 09:00:00,22.5,80.5,25.0,992.0,4.0,D,19,2007-08-08 09:00:00,,,,0.0,2007-08-07 03:00:00,25.0,0.0,2007-08-06 21:00:00,30.0,-5.0,2007-08-06 09:00:00,30.0,-5.0
2007-010,2007,BOB,SIDR,2007-11-11 09:00:00,10.0,92.0,25.0,1004.0,4.0,D,0,2007-11-12 09:00:00,45.0,20.0,0.0,,2007-11-11 03:00:00,,,2007-11-10 21:00:00,,,2007-11-10 09:00:00,,
2007-010,2007,BOB,SIDR,2007-11-11 12:00:00,10.0,92.0,25.0,1004.0,4.0,D,1,2007-11-12 12:00:00,55.0,30.0,1.0,0.0,2007-11-11 06:00:00,,,2007-11-11 00:00:00,,,2007-11-10 12:00:00,,
2007-010,2007,BOB,SIDR,2007-11-11 15:00:00,10.0,92.0,25.0,1004.0,4.0,D,2,2007-11-12 15:00:00,55.0,30.0,1.0,0.0,2007-11-11 09:00:00,25.0,0.0,2007-11-11 03:00:00,,,2007-11-10 15:00:00,,
2007-010,2007,BOB,SIDR,2007-11-11 18:00:00,10.5,91.5,30.0,1002.0,5.0,DD,3,2007-11-12 18:00:00,65.0,35.0,1.0,5.0,2007-11-11 12:00:00,25.0,5.0,2007-11-11 06:00:00,,,2007-11-10 18:00:00,,
2007-010,2007,BOB,SIDR,2007-11-11 21:00:00,10.5,91.5,30.0,1002.0,5.0,DD,4,2007-11-12 21:00:00,80.0,50.0,1.0,0.0,2007-11-11 15:00:00,25.0,5.0,2007-11-11 09:00:00,25.0,5.0,2007-11-10 21:00:00,,
2007-010,2007,BOB,SIDR,2007-11-12 00:00:00,10.5,91.5,30.0,1002.0,5.0,DD,31,2007-11-13 00:00:00,90.0,60.0,1.0,0.0,2007-11-11 18:00:00,30.0,0.0,2007-11-11 12:00:00,25.0,5.0,2007-11-11 00:00:00,,
2007-010,2007,BOB,SIDR,2007-11-12 03:00:00,10.5,91.0,35.0,1002.0,6.0,CS,32,2007-11-13 03:00:00,90.0,55.0,1.0,5.0,2007-11-11 21:00:00,30.0,5.0,2007-11-11 15:00:00,25.0,10.0,2007-11-11 03:00:00,,
2007-010,2007,BOB,SIDR,2007-11-12 06:00:00,11.0,90.5,40.0,998.0,10.0,CS,33,2007-11-13 06:00:00,90.0,50.0,1.0,5.0,2007-11-12 00:00:00,30.0,10.0,2007-11-11 18:00:00,30.0,10.0,2007-11-11 06:00:00,,
2007-010,2007,BOB,SIDR,2007-11-12 09:00:00,11.0,90.5,45.0,996.0,12.0,CS,34,2007-11-13 09:00:00,90.0,45.0,1.0,5.0,2007-11-12 03:00:00,35.0,10.0,2007-11-11 21:00:00,30.0,15.0,2007-11-11 09:00:00,25.0,20.0
2007-010,2007,BOB,SIDR,2007-11-12 12:00:00,11.5,90.0,55.0,992.0,16.0,SCS,35,2007-11-13 12:00:00,90.0,35.0,1.0,10.0,2007-11-12 06:00:00,40.0,15.0,2007-11-12 00:00:00,30.0,25.0,2007-11-11 12:00:00,25.0,30.0
2007-010,2007,BOB,SIDR,2007-11-12 15:00:00,11.5,90.0,55.0,992.0,16.0,SCS,36,2007-11-13 15:00:00,90.0,35.0,1.0,0.0,2007-11-12 09:00:00,45.0,10.0,2007-11-12 03:00:00,35.0,20.0,2007-11-11 15:00:00,25.0,30.0
2007-010,2007,BOB,SIDR,2007-11-12 18:00:00,11.5,90.0,65.0,986.0,20.0,VSCS,37,2007-11-13 18:00:00,90.0,25.0,0.0,10.0,2007-11-12 12:00:00,55.0,10.0,2007-11-12 06:00:00,40.0,25.0,2007-11-11 18:00:00,30.0,35.0
2007-010,2007,BOB,SIDR,2007-11-12 21:00:00,11.5,90.0,80.0,980.0,29.0,VSCS,38,2007-11-13 21:00:00,90.0,10.0,0.0,15.0,2007-11-12 15:00:00,55.0,25.0,2007-11-12 09:00:00,45.0,35.0,2007-11-11 21:00:00,30.0,50.0
2007-010,2007,BOB,SIDR,2007-11-13 00:00:00,12.0,89.5,90.0,968.0,40.0,ESCS,5,2007-11-14 00:00:00,90.0,0.0,0.0,10.0,2007-11-12 18:00:00,65.0,25.0,2007-11-12 12:00:00,55.0,35.0,2007-11-12 00:00:00,30.0,60.0
2007-010,2007,BOB,SIDR,2007-11-13 03:00:00,12.0,89.5,90.0,968.0,40.0,ESCS,6,2007-11-14 03:00:00,90.0,0.0,0.0,0.0,2007-11-12 21:00:00,80.0,10.0,2007-11-12 15:00:00,55.0,35.0,2007-11-12 03:00:00,35.0,55.0
2007-010,2007,BOB,SIDR,2007-11-13 06:00:00,12.0,89.5,90.0,968.0,40.0,ESCS,7,2007-11-14 06:00:00,90.0,0.0,0.0,0.0,2007-11-13 00:00:00,90.0,0.0,2007-11-12 18:00:00,65.0,25.0,2007-11-12 06:00:00,40.0,50.0
2007-010,2007,BOB,SIDR,2007-11-13 09:00:00,13.0,89.5,90.0,964.0,40.0,ESCS,8,2007-11-14 09:00:00,90.0,0.0,0.0,0.0,2007-11-13 03:00:00,90.0,0.0,2007-11-12 21:00:00,80.0,10.0,2007-11-12 09:00:00,45.0,45.0
2007-010,2007,BOB,SIDR,2007-11-13 12:00:00,13.0,89.5,90.0,964.0,40.0,ESCS,9,2007-11-14 12:00:00,90.0,0.0,0.0,0.0,2007-11-13 06:00:00,90.0,0.0,2007-11-13 00:00:00,90.0,0.0,2007-11-12 12:00:00,55.0,35.0
2007-010,2007,BOB,SIDR,2007-11-13 15:00:00,13.0,89.5,90.0,964.0,40.0,ESCS,10,2007-11-14 15:00:00,90.0,0.0,0.0,0.0,2007-11-13 09:00:00,90.0,0.0,2007-11-13 03:00:00,90.0,0.0,2007-11-12 15:00:00,55.0,35.0
2007-010,2007,BOB,SIDR,2007-11-13 18:00:00,13.5,89.5,90.0,964.0,40.0,ESCS,11,2007-11-14 18:00:00,105.0,15.0,0.0,0.0,2007-11-13 12:00:00,90.0,0.0,2007-11-13 06:00:00,90.0,0.0,2007-11-12 18:00:00,65.0,25.0
2007-010,2007,BOB,SIDR,2007-11-13 21:00:00,14.0,89.5,90.0,964.0,40.0,ESCS,12,2007-11-14 21:00:00,105.0,15.0,0.0,0.0,2007-11-13 15:00:00,90.0,0.0,2007-11-13 09:00:00,90.0,0.0,2007-11-12 21:00:00,80.0,10.0
2007-010,2007,BOB,SIDR,2007-11-14 00:00:00,14.5,89.5,90.0,964.0,40.0,ESCS,13,2007-11-15 00:00:00,105.0,15.0,0.0,0.0,2007-11-13 18:00:00,90.0,0.0,2007-11-13 12:00:00,90.0,0.0,2007-11-13 00:00:00,90.0,0.0
2007-010,2007,BOB,SIDR,2007-11-14 03:00:00,14.5,89.5,90.0,964.0,40.0,ESCS,14,2007-11-15 03:00:00,115.0,25.0,0.0,0.0,2007-11-13 21:00:00,90.0,0.0,2007-11-13 15:00:00,90.0,0.0,2007-11-13 03:00:00,90.0,0.0
2007-010,2007,BOB,SIDR,2007-11-14 06:00:00,15.0,89.5,90.0,964.0,40.0,ESCS,15,2007-11-15 06:00:00,115.0,25.0,0.0,0.0,2007-11-14 00:00:00,90.0,0.0,2007-11-13 18:00:00,90.0,0.0,2007-11-13 06:00:00,90.0,0.0
2007-010,2007,BOB,SIDR,2007-11-14 09:00:00,15.5,89.5,90.0,964.0,40.0,ESCS,16,2007-11-15 09:00:00,115.0,25.0,0.0,0.0,2007-11-14 03:00:00,90.0,0.0,2007-11-13 21:00:00,90.0,0.0,2007-11-13 09:00:00,90.0,0.0
2007-010,2007,BOB,SIDR,2007-11-14 12:00:00,16.0,89.0,90.0,964.0,40.0,ESCS,17,2007-11-15 12:00:00,115.0,25.0,0.0,0.0,2007-11-14 06:00:00,90.0,0.0,2007-11-14 00:00:00,90.0,0.0,2007-11-13 12:00:00,90.0,0.0
2007-010,2007,BOB,SIDR,2007-11-14 15:00:00,16.0,89.0,90.0,964.0,40.0,ESCS,18,2007-11-15 15:00:00,115.0,25.0,0.0,0.0,2007-11-14 09:00:00,90.0,0.0,2007-11-14 03:00:00,90.0,0.0,2007-11-13 15:00:00,90.0,0.0
2007-010,2007,BOB,SIDR,2007-11-14 18:00:00,16.5,89.0,105.0,956.0,55.0,ESCS,19,2007-11-15 18:00:00,80.0,-25.0,0.0,15.0,2007-11-14 12:00:00,90.0,15.0,2007-11-14 06:00:00,90.0,15.0,2007-11-13 18:00:00,90.0,15.0
2007-010,2007,BOB,SIDR,2007-11-14 21:00:00,17.0,89.0,105.0,956.0,55.0,ESCS,20,2007-11-15 21:00:00,45.0,-60.0,0.0,0.0,2007-11-14 15:00:00,90.0,15.0,2007-11-14 09:00:00,90.0,15.0,2007-11-13 21:00:00,90.0,15.0
2007-010,2007,BOB,SIDR,2007-11-15 00:00:00,17.5,89.0,105.0,956.0,55.0,ESCS,21,2007-11-16 00:00:00,35.0,-70.0,0.0,0.0,2007-11-14 18:00:00,105.0,0.0,2007-11-14 12:00:00,90.0,15.0,2007-11-14 00:00:00,90.0,15.0
2007-010,2007,BOB,SIDR,2007-11-15 03:00:00,18.0,89.0,115.0,944.0,66.0,ESCS,22,2007-11-16 03:00:00,25.0,-90.0,0.0,10.0,2007-11-14 21:00:00,105.0,10.0,2007-11-14 15:00:00,90.0,25.0,2007-11-14 03:00:00,90.0,25.0
2007-010,2007,BOB,SIDR,2007-11-15 06:00:00,19.5,89.0,115.0,944.0,66.0,ESCS,23,2007-11-16 06:00:00,,,,0.0,2007-11-15 00:00:00,105.0,10.0,2007-11-14 18:00:00,105.0,10.0,2007-11-14 06:00:00,90.0,25.0
2007-010,2007,BOB,SIDR,2007-11-15 09:00:00,20.0,89.0,115.0,944.0,66.0,ESCS,24,2007-11-16 09:00:00,,,,0.0,2007-11-15 03:00:00,115.0,0.0,2007-11-14 21:00:00,105.0,10.0,2007-11-14 09:00:00,90.0,25.0
2007-010,2007,BOB,SIDR,2007-11-15 12:00:00,21.0,89.0,115.0,944.0,66.0,ESCS,25,2007-11-16 12:00:00,,,,0.0,2007-11-15 06:00:00,115.0,0.0,2007-11-15 00:00:00,105.0,10.0,2007-11-14 12:00:00,90.0,25.0
2007-010,2007,BOB,SIDR,2007-11-15 15:00:00,21.5,89.5,115.0,944.0,66.0,ESCS,26,2007-11-16 15:00:00,,,,0.0,2007-11-15 09:00:00,115.0,0.0,2007-11-15 03:00:00,115.0,0.0,2007-11-14 15:00:00,90.0,25.0
2007-010,2007,BOB,SIDR,2007-11-15 18:00:00,22.5,90.5,80.0,980.0,30.0,VSCS,27,2007-11-16 18:00:00,,,,-35.0,2007-11-15 12:00:00,115.0,-35.0,2007-11-15 06:00:00,115.0,-35.0,2007-11-14 18:00:00,105.0,-25.0
2007-010,2007,BOB,SIDR,2007-11-15 21:00:00,23.5,91.0,45.0,996.0,12.0,CS,28,2007-11-16 21:00:00,,,,-35.0,2007-11-15 15:00:00,115.0,-70.0,2007-11-15 09:00:00,115.0,-70.0,2007-11-14 21:00:00,105.0,-60.0
2007-010,2007,BOB,SIDR,2007-11-16 00:00:00,23.5,91.0,35.0,1000.0,7.0,CS,29,2007-11-17 00:00:00,,,,-10.0,2007-11-15 18:00:00,80.0,-45.0,2007-11-15 12:00:00,115.0,-80.0,2007-11-15 00:00:00,105.0,-70.0
2007-010,2007,BOB,SIDR,2007-11-16 03:00:00,24.5,91.5,25.0,1002.0,4.0,D,30,2007-11-17 03:00:00,,,,-10.0,2007-11-15 21:00:00,45.0,-20.0,2007-11-15 15:00:00,115.0,-90.0,2007-11-15 03:00:00,115.0,-90.0
2008-001,2008,BOB,NARGIS,2008-04-27 03:00:00,12.0,87.0,25.0,1000.0,3.0,D,20,2008-04-28 03:00:00,40.0,15.0,0.0,,2008-04-26 21:00:00,,,2008-04-26 15:00:00,,,2008-04-26 03:00:00,,
2008-001,2008,BOB,NARGIS,2008-04-27 06:00:00,12.0,87.0,25.0,998.0,3.0,D,21,2008-04-28 06:00:00,45.0,20.0,0.0,0.0,2008-04-27 00:00:00,,,2008-04-26 18:00:00,,,2008-04-26 06:00:00,,
2008-001,2008,BOB,NARGIS,2008-04-27 09:00:00,12.0,86.5,25.0,998.0,3.0,D,22,2008-04-28 09:00:00,55.0,30.0,1.0,0.0,2008-04-27 03:00:00,25.0,0.0,2008-04-26 21:00:00,,,2008-04-26 09:00:00,,
2008-001,2008,BOB,NARGIS,2008-04-27 12:00:00,12.0,86.5,30.0,998.0,4.0,DD,23,2008-04-28 12:00:00,55.0,25.0,0.0,5.0,2008-04-27 06:00:00,25.0,5.0,2008-04-27 00:00:00,,,2008-04-26 12:00:00,,
2008-001,2008,BOB,NARGIS,2008-04-27 15:00:00,12.0,86.5,30.0,994.0,4.0,DD,24,2008-04-28 15:00:00,55.0,25.0,0.0,0.0,2008-04-27 09:00:00,25.0,5.0,2008-04-27 03:00:00,25.0,5.0,2008-04-26 15:00:00,,
2008-001,2008,BOB,NARGIS,2008-04-27 18:00:00,12.5,86.0,30.0,994.0,4.0,DD,25,2008-04-28 18:00:00,55.0,25.0,0.0,0.0,2008-04-27 12:00:00,30.0,0.0,2008-04-27 06:00:00,25.0,5.0,2008-04-26 18:00:00,,
2008-001,2008,BOB,NARGIS,2008-04-27 21:00:00,13.0,85.5,30.0,994.0,4.0,DD,26,2008-04-28 21:00:00,55.0,25.0,0.0,0.0,2008-04-27 15:00:00,30.0,0.0,2008-04-27 09:00:00,25.0,5.0,2008-04-26 21:00:00,,
2008-001,2008,BOB,NARGIS,2008-04-28 00:00:00,13.0,85.5,35.0,994.0,6.0,CS,27,2008-04-29 00:00:00,55.0,20.0,0.0,5.0,2008-04-27 18:00:00,30.0,5.0,2008-04-27 12:00:00,30.0,5.0,2008-04-27 00:00:00,,
2008-001,2008,BOB,NARGIS,2008-04-28 03:00:00,13.0,85.5,40.0,994.0,8.0,CS,28,2008-04-29 03:00:00,65.0,25.0,0.0,5.0,2008-04-27 21:00:00,30.0,10.0,2008-04-27 15:00:00,30.0,10.0,2008-04-27 03:00:00,25.0,15.0
2008-001,2008,BOB,NARGIS,2008-04-28 06:00:00,13.0,85.5,45.0,990.0,10.0,CS,29,2008-04-29 06:00:00,65.0,20.0,0.0,5.0,2008-04-28 00:00:00,35.0,10.0,2008-04-27 18:00:00,30.0,15.0,2008-04-27 06:00:00,25.0,20.0
2008-001,2008,BOB,NARGIS,2008-04-28 09:00:00,13.0,85.5,55.0,986.0,14.0,SCS,30,2008-04-29 09:00:00,65.0,10.0,0.0,10.0,2008-04-28 03:00:00,40.0,15.0,2008-04-27 21:00:00,30.0,25.0,2008-04-27 09:00:00,25.0,30.0
2008-001,2008,BOB,NARGIS,2008-04-28 12:00:00,13.0,85.5,55.0,986.0,14.0,SCS,31,2008-04-29 12:00:00,65.0,10.0,0.0,0.0,2008-04-28 06:00:00,45.0,10.0,2008-04-28 00:00:00,35.0,20.0,2008-04-27 12:00:00,30.0,25.0
2008-001,2008,BOB,NARGIS,2008-04-28 15:00:00,13.0,85.5,55.0,986.0,14.0,SCS,32,2008-04-29 15:00:00,65.0,10.0,0.0,0.0,2008-04-28 09:00:00,55.0,0.0,2008-04-28 03:00:00,40.0,15.0,2008-04-27 15:00:00,30.0,25.0
2008-001,2008,BOB,NARGIS,2008-04-28 18:00:00,13.0,85.5,55.0,986.0,14.0,SCS,33,2008-04-29 18:00:00,65.0,10.0,0.0,0.0,2008-04-28 12:00:00,55.0,0.0,2008-04-28 06:00:00,45.0,10.0,2008-04-27 18:00:00,30.0,25.0
2008-001,2008,BOB,NARGIS,2008-04-28 21:00:00,13.0,85.5,55.0,986.0,14.0,SCS,34,2008-04-29 21:00:00,65.0,10.0,0.0,0.0,2008-04-28 15:00:00,55.0,0.0,2008-04-28 09:00:00,55.0,0.0,2008-04-27 21:00:00,30.0,25.0
2008-001,2008,BOB,NARGIS,2008-04-29 00:00:00,13.0,85.5,55.0,986.0,14.0,SCS,35,2008-04-30 00:00:00,65.0,10.0,0.0,0.0,2008-04-28 18:00:00,55.0,0.0,2008-04-28 12:00:00,55.0,0.0,2008-04-28 00:00:00,35.0,20.0
2008-001,2008,BOB,NARGIS,2008-04-29 03:00:00,13.5,85.5,65.0,980.0,20.0,VSCS,36,2008-04-30 03:00:00,65.0,0.0,0.0,10.0,2008-04-28 21:00:00,55.0,10.0,2008-04-28 15:00:00,55.0,10.0,2008-04-28 03:00:00,40.0,25.0
2008-001,2008,BOB,NARGIS,2008-04-29 06:00:00,13.5,85.5,65.0,980.0,20.0,VSCS,37,2008-04-30 06:00:00,65.0,0.0,0.0,0.0,2008-04-29 00:00:00,55.0,10.0,2008-04-28 18:00:00,55.0,10.0,2008-04-28 06:00:00,45.0,20.0
2008-001,2008,BOB,NARGIS,2008-04-29 09:00:00,13.5,85.5,65.0,980.0,20.0,VSCS,38,2008-04-30 09:00:00,65.0,0.0,0.0,0.0,2008-04-29 03:00:00,65.0,0.0,2008-04-28 21:00:00,55.0,10.0,2008-04-28 09:00:00,55.0,10.0
2008-001,2008,BOB,NARGIS,2008-04-29 12:00:00,14.0,85.5,65.0,980.0,20.0,VSCS,39,2008-04-30 12:00:00,65.0,0.0,0.0,0.0,2008-04-29 06:00:00,65.0,0.0,2008-04-29 00:00:00,55.0,10.0,2008-04-28 12:00:00,55.0,10.0
2008-001,2008,BOB,NARGIS,2008-04-29 15:00:00,14.0,85.5,65.0,980.0,20.0,VSCS,40,2008-04-30 15:00:00,65.0,0.0,0.0,0.0,2008-04-29 09:00:00,65.0,0.0,2008-04-29 03:00:00,65.0,0.0,2008-04-28 15:00:00,55.0,10.0
2008-001,2008,BOB,NARGIS,2008-04-29 18:00:00,14.0,85.5,65.0,980.0,20.0,VSCS,41,2008-04-30 18:00:00,65.0,0.0,0.0,0.0,2008-04-29 12:00:00,65.0,0.0,2008-04-29 06:00:00,65.0,0.0,2008-04-28 18:00:00,55.0,10.0
2008-001,2008,BOB,NARGIS,2008-04-29 21:00:00,14.0,86.0,65.0,980.0,20.0,VSCS,42,2008-04-30 21:00:00,65.0,0.0,0.0,0.0,2008-04-29 15:00:00,65.0,0.0,2008-04-29 09:00:00,65.0,0.0,2008-04-28 21:00:00,55.0,10.0
2008-001,2008,BOB,NARGIS,2008-04-30 00:00:00,14.0,86.0,65.0,980.0,20.0,VSCS,43,2008-05-01 00:00:00,65.0,0.0,0.0,0.0,2008-04-29 18:00:00,65.0,0.0,2008-04-29 12:00:00,65.0,0.0,2008-04-29 00:00:00,55.0,10.0
2008-001,2008,BOB,NARGIS,2008-04-30 03:00:00,14.5,86.5,65.0,980.0,20.0,VSCS,44,2008-05-01 03:00:00,65.0,0.0,0.0,0.0,2008-04-29 21:00:00,65.0,0.0,2008-04-29 15:00:00,65.0,0.0,2008-04-29 03:00:00,65.0,0.0
2008-001,2008,BOB,NARGIS,2008-04-30 06:00:00,14.5,86.5,65.0,980.0,20.0,VSCS,45,2008-05-01 06:00:00,65.0,0.0,0.0,0.0,2008-04-30 00:00:00,65.0,0.0,2008-04-29 18:00:00,65.0,0.0,2008-04-29 06:00:00,65.0,0.0
2008-001,2008,BOB,NARGIS,2008-04-30 09:00:00,14.5,87.0,65.0,980.0,20.0,VSCS,46,2008-05-01 09:00:00,65.0,0.0,0.0,0.0,2008-04-30 03:00:00,65.0,0.0,2008-04-29 21:00:00,65.0,0.0,2008-04-29 09:00:00,65.0,0.0
2008-001,2008,BOB,NARGIS,2008-04-30 12:00:00,14.5,87.0,65.0,980.0,20.0,VSCS,47,2008-05-01 12:00:00,65.0,0.0,0.0,0.0,2008-04-30 06:00:00,65.0,0.0,2008-04-30 00:00:00,65.0,0.0,2008-04-29 12:00:00,65.0,0.0
2008-001,2008,BOB,NARGIS,2008-04-30 15:00:00,15.0,87.5,65.0,980.0,20.0,VSCS,48,2008-05-01 15:00:00,65.0,0.0,0.0,0.0,2008-04-30 09:00:00,65.0,0.0,2008-04-30 03:00:00,65.0,0.0,2008-04-29 15:00:00,65.0,0.0
2008-001,2008,BOB,NARGIS,2008-04-30 18:00:00,15.0,87.5,65.0,980.0,20.0,VSCS,49,2008-05-01 18:00:00,65.0,0.0,0.0,0.0,2008-04-30 12:00:00,65.0,0.0,2008-04-30 06:00:00,65.0,0.0,2008-04-29 18:00:00,65.0,0.0
2008-001,2008,BOB,NARGIS,2008-04-30 21:00:00,15.0,87.5,65.0,980.0,20.0,VSCS,50,2008-05-01 21:00:00,65.0,0.0,0.0,0.0,2008-04-30 15:00:00,65.0,0.0,2008-04-30 09:00:00,65.0,0.0,2008-04-29 21:00:00,65.0,0.0
2008-001,2008,BOB,NARGIS,2008-05-01 00:00:00,15.5,88.0,65.0,980.0,20.0,VSCS,0,2008-05-02 00:00:00,77.0,12.0,0.0,0.0,2008-04-30 18:00:00,65.0,0.0,2008-04-30 12:00:00,65.0,0.0,2008-04-30 00:00:00,65.0,0.0
2008-001,2008,BOB,NARGIS,2008-05-01 03:00:00,15.5,89.0,65.0,980.0,20.0,VSCS,1,2008-05-02 03:00:00,77.0,12.0,0.0,0.0,2008-04-30 21:00:00,65.0,0.0,2008-04-30 15:00:00,65.0,0.0,2008-04-30 03:00:00,65.0,0.0
2008-001,2008,BOB,NARGIS,2008-05-01 06:00:00,16.0,89.5,65.0,980.0,20.0,VSCS,2,2008-05-02 06:00:00,90.0,25.0,0.0,0.0,2008-05-01 00:00:00,65.0,0.0,2008-04-30 18:00:00,65.0,0.0,2008-04-30 06:00:00,65.0,0.0
2008-001,2008,BOB,NARGIS,2008-05-01 09:00:00,16.0,90.0,65.0,980.0,20.0,VSCS,3,2008-05-02 09:00:00,90.0,25.0,0.0,0.0,2008-05-01 03:00:00,65.0,0.0,2008-04-30 21:00:00,65.0,0.0,2008-04-30 09:00:00,65.0,0.0
2008-001,2008,BOB,NARGIS,2008-05-01 12:00:00,16.0,90.5,65.0,980.0,20.0,VSCS,4,2008-05-02 12:00:00,90.0,25.0,0.0,0.0,2008-05-01 06:00:00,65.0,0.0,2008-05-01 00:00:00,65.0,0.0,2008-04-30 12:00:00,65.0,0.0
2008-001,2008,BOB,NARGIS,2008-05-01 15:00:00,16.0,91.0,65.0,980.0,20.0,VSCS,5,2008-05-02 15:00:00,90.0,25.0,0.0,0.0,2008-05-01 09:00:00,65.0,0.0,2008-05-01 03:00:00,65.0,0.0,2008-04-30 15:00:00,65.0,0.0
2008-001,2008,BOB,NARGIS,2008-05-01 18:00:00,16.0,91.5,65.0,980.0,20.0,VSCS,6,2008-05-02 18:00:00,80.0,15.0,0.0,0.0,2008-05-01 12:00:00,65.0,0.0,2008-05-01 06:00:00,65.0,0.0,2008-04-30 18:00:00,65.0,0.0
2008-001,2008,BOB,NARGIS,2008-05-01 21:00:00,16.0,92.0,65.0,980.0,20.0,VSCS,7,2008-05-02 21:00:00,60.0,-5.0,0.0,0.0,2008-05-01 15:00:00,65.0,0.0,2008-05-01 09:00:00,65.0,0.0,2008-04-30 21:00:00,65.0,0.0
2008-001,2008,BOB,NARGIS,2008-05-02 00:00:00,16.0,92.5,77.0,972.0,28.0,VSCS,8,2008-05-03 00:00:00,50.0,-27.0,0.0,12.0,2008-05-01 18:00:00,65.0,12.0,2008-05-01 12:00:00,65.0,12.0,2008-05-01 00:00:00,65.0,12.0
2008-001,2008,BOB,NARGIS,2008-05-02 03:00:00,16.0,93.0,77.0,972.0,28.0,VSCS,9,2008-05-03 03:00:00,50.0,-27.0,0.0,0.0,2008-05-01 21:00:00,65.0,12.0,2008-05-01 15:00:00,65.0,12.0,2008-05-01 03:00:00,65.0,12.0
2008-001,2008,BOB,NARGIS,2008-05-02 06:00:00,16.0,93.5,90.0,962.0,40.0,ESCS,10,2008-05-03 06:00:00,45.0,-45.0,0.0,13.0,2008-05-02 00:00:00,77.0,13.0,2008-05-01 18:00:00,65.0,25.0,2008-05-01 06:00:00,65.0,25.0
2008-001,2008,BOB,NARGIS,2008-05-02 09:00:00,16.0,94.0,90.0,962.0,40.0,ESCS,11,2008-05-03 09:00:00,35.0,-55.0,0.0,0.0,2008-05-02 03:00:00,77.0,13.0,2008-05-01 21:00:00,65.0,25.0,2008-05-01 09:00:00,65.0,25.0
2008-001,2008,BOB,NARGIS,2008-05-02 12:00:00,16.0,94.3,90.0,962.0,40.0,ESCS,12,2008-05-03 12:00:00,,,,0.0,2008-05-02 06:00:00,90.0,0.0,2008-05-02 00:00:00,77.0,13.0,2008-05-01 12:00:00,65.0,25.0
2008-001,2008,BOB,NARGIS,2008-05-02 15:00:00,16.0,95.0,90.0,964.0,40.0,ESCS,13,2008-05-03 15:00:00,,,,0.0,2008-05-02 09:00:00,90.0,0.0,2008-05-02 03:00:00,77.0,13.0,2008-05-01 15:00:00,65.0,25.0
2008-001,2008,BOB,NARGIS,2008-05-02 18:00:00,16.5,95.5,80.0,974.0,30.0,VSCS,14,2008-05-03 18:00:00,,,,-10.0,2008-05-02 12:00:00,90.0,-10.0,2008-05-02 06:00:00,90.0,-10.0,2008-05-01 18:00:00,65.0,15.0
2008-001,2008,BOB,NARGIS,2008-05-02 21:00:00,16.5,95.5,60.0,986.0,18.0,SCS,15,2008-05-03 21:00:00,,,,-20.0,2008-05-02 15:00:00,90.0,-30.0,2008-05-02 09:00:00,90.0,-30.0,2008-05-01 21:00:00,65.0,-5.0
2008-001,2008,BOB,NARGIS,2008-05-03 00:00:00,16.5,95.5,50.0,990.0,14.0,SCS,16,2008-05-04 00:00:00,,,,-10.0,2008-05-02 18:00:00,80.0,-30.0,2008-05-02 12:00:00,90.0,-40.0,2008-05-02 00:00:00,77.0,-27.0
2008-001,2008,BOB,NARGIS,2008-05-03 03:00:00,17.0,96.0,50.0,992.0,12.0,SCS,17,2008-05-04 03:00:00,,,,0.0,2008-05-02 21:00:00,60.0,-10.0,2008-05-02 15:00:00,90.0,-40.0,2008-05-02 03:00:00,77.0,-27.0
2008-001,2008,BOB,NARGIS,2008-05-03 06:00:00,17.5,96.5,45.0,994.0,10.0,CS,18,2008-05-04 06:00:00,,,,-5.0,2008-05-03 00:00:00,50.0,-5.0,2008-05-02 18:00:00,80.0,-35.0,2008-05-02 06:00:00,90.0,-45.0
2008-001,2008,BOB,NARGIS,2008-05-03 09:00:00,18.0,97.0,35.0,998.0,6.0,CS,19,2008-05-04 09:00:00,,,,-10.0,2008-05-03 03:00:00,50.0,-15.0,2008-05-02 21:00:00,60.0,-25.0,2008-05-02 09:00:00,90.0,-55.0
2008-003,2008,BOB,,2008-06-16 03:00:00,21.5,90.0,25.0,992.0,4.0,D,0,2008-06-17 03:00:00,25.0,0.0,0.0,,2008-06-15 21:00:00,,,2008-06-15 15:00:00,,,2008-06-15 03:00:00,,
2008-003,2008,BOB,,2008-06-16 09:00:00,21.5,89.5,25.0,988.0,4.0,D,1,2008-06-17 09:00:00,25.0,0.0,0.0,0.0,2008-06-16 03:00:00,25.0,0.0,2008-06-15 21:00:00,,,2008-06-15 09:00:00,,
2008-003,2008,BOB,,2008-06-16 12:00:00,22.0,89.5,25.0,988.0,4.0,D,2,2008-06-17 12:00:00,25.0,0.0,0.0,0.0,2008-06-16 06:00:00,,,2008-06-16 00:00:00,,,2008-06-15 12:00:00,,
2008-003,2008,BOB,,2008-06-17 03:00:00,23.0,88.5,25.0,990.0,4.0,D,3,2008-06-18 03:00:00,20.0,-5.0,0.0,0.0,2008-06-16 21:00:00,,,2008-06-16 15:00:00,,,2008-06-16 03:00:00,25.0,0.0
2008-003,2008,BOB,,2008-06-17 09:00:00,23.0,88.0,25.0,990.0,4.0,D,4,2008-06-18 09:00:00,,,,0.0,2008-06-17 03:00:00,25.0,0.0,2008-06-16 21:00:00,,,2008-06-16 09:00:00,25.0,0.0
2008-003,2008,BOB,,2008-06-17 12:00:00,23.0,88.0,25.0,990.0,4.0,D,5,2008-06-18 12:00:00,,,,0.0,2008-06-17 06:00:00,,,2008-06-17 00:00:00,,,2008-06-16 12:00:00,25.0,0.0
2008-003,2008,BOB,,2008-06-18 03:00:00,24.0,87.0,20.0,992.0,3.0,D,6,2008-06-19 03:00:00,,,,-5.0,2008-06-17 21:00:00,,,2008-06-17 15:00:00,,,2008-06-17 03:00:00,25.0,-5.0
2008-005,2008,BOB,,2008-09-15 12:00:00,19.5,88.5,25.0,996.0,4.0,D,0,2008-09-16 12:00:00,30.0,5.0,0.0,,2008-09-15 06:00:00,,,2008-09-15 00:00:00,,,2008-09-14 12:00:00,,
2008-005,2008,BOB,,2008-09-15 15:00:00,19.5,88.5,25.0,996.0,4.0,D,1,2008-09-16 15:00:00,30.0,5.0,0.0,0.0,2008-09-15 09:00:00,,,2008-09-15 03:00:00,,,2008-09-14 15:00:00,,
2008-005,2008,BOB,,2008-09-15 18:00:00,19.5,88.0,25.0,986.0,4.0,D,2,2008-09-16 18:00:00,30.0,5.0,0.0,0.0,2008-09-15 12:00:00,25.0,0.0,2008-09-15 06:00:00,,,2008-09-14 18:00:00,,
2008-005,2008,BOB,,2008-09-16 03:00:00,19.5,88.0,25.0,994.0,4.0,D,3,2008-09-17 03:00:00,30.0,5.0,0.0,0.0,2008-09-15 21:00:00,,,2008-09-15 15:00:00,25.0,0.0,2008-09-15 03:00:00,,
2008-005,2008,BOB,,2008-09-16 06:00:00,20.0,87.5,30.0,994.0,5.0,DD,4,2008-09-17 06:00:00,,,,5.0,2008-09-16 00:00:00,,,2008-09-15 18:00:00,25.0,5.0,2008-09-15 06:00:00,,
2008-005,2008,BOB,,2008-09-16 09:00:00,20.5,87.0,30.0,990.0,5.0,DD,5,2008-09-17 09:00:00,30.0,0.0,0.0,0.0,2008-09-16 03:00:00,25.0,5.0,2008-09-15 21:00:00,,,2008-09-15 09:00:00,,
2008-005,2008,BOB,,2008-09-16 12:00:00,20.5,87.0,30.0,986.0,5.0,DD,6,2008-09-17 12:00:00,30.0,0.0,0.0,0.0,2008-09-16 06:00:00,30.0,0.0,2008-09-16 00:00:00,,,2008-09-15 12:00:00,25.0,5.0
2008-005,2008,BOB,,2008-09-16 15:00:00,21.0,87.0,30.0,986.0,5.0,DD,7,2008-09-17 15:00:00,,,,0.0,2008-09-16 09:00:00,30.0,0.0,2008-09-16 03:00:00,25.0,5.0,2008-09-15 15:00:00,25.0,5.0
2008-005,2008,BOB,,2008-09-16 18:00:00,21.0,86.5,30.0,988.0,5.0,DD,8,2008-09-17 18:00:00,,,,0.0,2008-09-16 12:00:00,30.0,0.0,2008-09-16 06:00:00,30.0,0.0,2008-09-15 18:00:00,25.0,5.0
2008-005,2008,BOB,,2008-09-17 00:00:00,21.0,86.0,30.0,992.0,5.0,DD,9,2008-09-18 00:00:00,,,,0.0,2008-09-16 18:00:00,30.0,0.0,2008-09-16 12:00:00,30.0,0.0,2008-09-16 00:00:00,,
2008-005,2008,BOB,,2008-09-17 03:00:00,21.5,85.5,30.0,992.0,5.0,DD,10,2008-09-18 03:00:00,30.0,0.0,0.0,0.0,2008-09-16 21:00:00,,,2008-09-16 15:00:00,30.0,0.0,2008-09-16 03:00:00,25.0,5.0
2008-005,2008,BOB,,2008-09-17 09:00:00,22.0,84.5,30.0,992.0,5.0,DD,11,2008-09-18 09:00:00,25.0,-5.0,0.0,0.0,2008-09-17 03:00:00,30.0,0.0,2008-09-16 21:00:00,,,2008-09-16 09:00:00,30.0,0.0
2008-005,2008,BOB,,2008-09-17 12:00:00,22.0,84.5,30.0,992.0,5.0,DD,12,2008-09-18 12:00:00,25.0,-5.0,0.0,0.0,2008-09-17 06:00:00,,,2008-09-17 00:00:00,30.0,0.0,2008-09-16 12:00:00,30.0,0.0
2008-005,2008,BOB,,2008-09-18 03:00:00,22.5,82.5,30.0,996.0,5.0,DD,13,2008-09-19 03:00:00,25.0,-5.0,0.0,0.0,2008-09-17 21:00:00,,,2008-09-17 15:00:00,,,2008-09-17 03:00:00,30.0,0.0
2008-005,2008,BOB,,2008-09-18 09:00:00,23.0,82.0,25.0,996.0,4.0,D,14,2008-09-19 09:00:00,25.0,0.0,0.0,-5.0,2008-09-18 03:00:00,30.0,-5.0,2008-09-17 21:00:00,,,2008-09-17 09:00:00,30.0,-5.0
2008-005,2008,BOB,,2008-09-18 12:00:00,23.0,82.0,25.0,996.0,4.0,D,15,2008-09-19 12:00:00,,,,0.0,2008-09-18 06:00:00,,,2008-09-18 00:00:00,,,2008-09-17 12:00:00,30.0,-5.0
2008-005,2008,BOB,,2008-09-19 03:00:00,24.5,80.5,25.0,996.0,4.0,D,16,2008-09-20 03:00:00,,,,0.0,2008-09-18 21:00:00,,,2008-09-18 15:00:00,,,2008-09-18 03:00:00,30.0,-5.0
2008-005,2008,BOB,,2008-09-19 09:00:00,26.0,80.0,25.0,996.0,4.0,D,17,2008-09-20 09:00:00,,,,0.0,2008-09-19 03:00:00,25.0,0.0,2008-09-18 21:00:00,,,2008-09-18 09:00:00,25.0,0.0
2008-007,2008,BOB,RASHMI,2008-10-25 03:00:00,16.5,86.5,25.0,1004.0,3.0,D,0,2008-10-26 03:00:00,30.0,5.0,0.0,,2008-10-24 21:00:00,,,2008-10-24 15:00:00,,,2008-10-24 03:00:00,,
2008-007,2008,BOB,RASHMI,2008-10-25 09:00:00,17.0,87.0,25.0,1002.0,3.0,D,1,2008-10-26 09:00:00,30.0,5.0,0.0,0.0,2008-10-25 03:00:00,25.0,0.0,2008-10-24 21:00:00,,,2008-10-24 09:00:00,,
2008-007,2008,BOB,RASHMI,2008-10-25 12:00:00,17.5,87.0,25.0,1002.0,3.0,D,2,2008-10-26 12:00:00,35.0,10.0,0.0,0.0,2008-10-25 06:00:00,,,2008-10-25 00:00:00,,,2008-10-24 12:00:00,,
2008-007,2008,BOB,RASHMI,2008-10-25 18:00:00,18.0,87.0,25.0,1002.0,3.0,D,3,2008-10-26 18:00:00,40.0,15.0,0.0,0.0,2008-10-25 12:00:00,25.0,0.0,2008-10-25 06:00:00,,,2008-10-24 18:00:00,,
2008-007,2008,BOB,RASHMI,2008-10-26 00:00:00,18.0,87.0,30.0,1000.0,5.0,DD,4,2008-10-27 00:00:00,35.0,5.0,0.0,5.0,2008-10-25 18:00:00,25.0,5.0,2008-10-25 12:00:00,25.0,5.0,2008-10-25 00:00:00,,
2008-007,2008,BOB,RASHMI,2008-10-26 03:00:00,18.5,87.5,30.0,1000.0,5.0,DD,5,2008-10-27 03:00:00,30.0,0.0,0.0,0.0,2008-10-25 21:00:00,,,2008-10-25 15:00:00,,,2008-10-25 03:00:00,25.0,5.0
2008-007,2008,BOB,RASHMI,2008-10-26 09:00:00,18.5,87.5,30.0,1000.0,5.0,DD,6,2008-10-27 09:00:00,,,,0.0,2008-10-26 03:00:00,30.0,0.0,2008-10-25 21:00:00,,,2008-10-25 09:00:00,25.0,5.0
2008-007,2008,BOB,RASHMI,2008-10-26 12:00:00,19.5,88.0,35.0,996.0,6.0,CS,7,2008-10-27 12:00:00,,,,5.0,2008-10-26 06:00:00,,,2008-10-26 00:00:00,30.0,5.0,2008-10-25 12:00:00,25.0,10.0
2008-007,2008,BOB,RASHMI,2008-10-26 15:00:00,20.5,88.5,40.0,996.0,8.0,CS,8,2008-10-27 15:00:00,,,,5.0,2008-10-26 09:00:00,30.0,10.0,2008-10-26 03:00:00,30.0,10.0,2008-10-25 15:00:00,,
2008-007,2008,BOB,RASHMI,2008-10-26 18:00:00,21.0,89.0,40.0,994.0,10.0,CS,9,2008-10-27 18:00:00,,,,0.0,2008-10-26 12:00:00,35.0,5.0,2008-10-26 06:00:00,,,2008-10-25 18:00:00,25.0,15.0
2008-007,2008,BOB,RASHMI,2008-10-26 21:00:00,21.5,89.5,45.0,984.0,14.0,CS,10,2008-10-27 21:00:00,,,,5.0,2008-10-26 15:00:00,40.0,5.0,2008-10-26 09:00:00,30.0,15.0,2008-10-25 21:00:00,,
2008-007,2008,BOB,RASHMI,2008-10-27 00:00:00,22.5,,35.0,992.0,6.0,CS,11,2008-10-28 00:00:00,,,,-10.0,2008-10-26 18:00:00,40.0,-5.0,2008-10-26 12:00:00,35.0,0.0,2008-10-26 00:00:00,30.0,5.0
2008-007,2008,BOB,RASHMI,2008-10-27 03:00:00,23.0,,30.0,1002.0,5.0,DD,12,2008-10-28 03:00:00,,,,-5.0,2008-10-26 21:00:00,45.0,-15.0,2008-10-26 15:00:00,40.0,-10.0,2008-10-26 03:00:00,30.0,0.0
2008-008,2008,BOB,KHAIMUK,2008-11-13 12:00:00,11.5,85.5,25.0,1002.0,3.0,D,0,2008-11-14 12:00:00,35.0,10.0,0.0,,2008-11-13 06:00:00,,,2008-11-13 00:00:00,,,2008-11-12 12:00:00,,
2008-008,2008,BOB,KHAIMUK,2008-11-13 18:00:00,12.0,85.0,25.0,1002.0,3.0,D,1,2008-11-14 18:00:00,35.0,10.0,0.0,0.0,2008-11-13 12:00:00,25.0,0.0,2008-11-13 06:00:00,,,2008-11-12 18:00:00,,
2008-008,2008,BOB,KHAIMUK,2008-11-14 00:00:00,12.0,85.0,25.0,1002.0,3.0,D,2,2008-11-15 00:00:00,40.0,15.0,0.0,0.0,2008-11-13 18:00:00,25.0,0.0,2008-11-13 12:00:00,25.0,0.0,2008-11-13 00:00:00,,
2008-008,2008,BOB,KHAIMUK,2008-11-14 03:00:00,12.5,85.0,30.0,1000.0,5.0,DD,3,2008-11-15 03:00:00,35.0,5.0,0.0,5.0,2008-11-13 21:00:00,,,2008-11-13 15:00:00,,,2008-11-13 03:00:00,,
2008-008,2008,BOB,KHAIMUK,2008-11-14 06:00:00,13.0,85.0,30.0,1000.0,5.0,DD,4,2008-11-15 06:00:00,30.0,0.0,0.0,0.0,2008-11-14 00:00:00,25.0,5.0,2008-11-13 18:00:00,25.0,5.0,2008-11-13 06:00:00,,
2008-008,2008,BOB,KHAIMUK,2008-11-14 09:00:00,13.5,84.5,30.0,1000.0,5.0,DD,5,2008-11-15 09:00:00,30.0,0.0,0.0,0.0,2008-11-14 03:00:00,30.0,0.0,2008-11-13 21:00:00,,,2008-11-13 09:00:00,,
2008-008,2008,BOB,KHAIMUK,2008-11-14 12:00:00,14.0,84.0,35.0,998.0,6.0,CS,6,2008-11-15 12:00:00,30.0,-5.0,0.0,5.0,2008-11-14 06:00:00,30.0,5.0,2008-11-14 00:00:00,25.0,10.0,2008-11-13 12:00:00,25.0,10.0
2008-008,2008,BOB,KHAIMUK,2008-11-14 15:00:00,14.5,83.5,35.0,996.0,6.0,CS,7,2008-11-15 15:00:00,30.0,-5.0,0.0,0.0,2008-11-14 09:00:00,30.0,5.0,2008-11-14 03:00:00,30.0,5.0,2008-11-13 15:00:00,,
2008-008,2008,BOB,KHAIMUK,2008-11-14 18:00:00,14.5,83.5,35.0,996.0,6.0,CS,8,2008-11-15 18:00:00,30.0,-5.0,0.0,0.0,2008-11-14 12:00:00,35.0,0.0,2008-11-14 06:00:00,30.0,5.0,2008-11-13 18:00:00,25.0,10.0
2008-008,2008,BOB,KHAIMUK,2008-11-14 21:00:00,14.5,83.0,40.0,994.0,8.0,CS,9,2008-11-15 21:00:00,30.0,-10.0,0.0,5.0,2008-11-14 15:00:00,35.0,5.0,2008-11-14 09:00:00,30.0,10.0,2008-11-13 21:00:00,,
2008-008,2008,BOB,KHAIMUK,2008-11-15 00:00:00,14.5,83.0,40.0,994.0,8.0,CS,10,2008-11-16 00:00:00,30.0,-10.0,0.0,0.0,2008-11-14 18:00:00,35.0,5.0,2008-11-14 12:00:00,35.0,5.0,2008-11-14 00:00:00,25.0,15.0
2008-008,2008,BOB,KHAIMUK,2008-11-15 03:00:00,14.5,82.5,35.0,996.0,6.0,CS,11,2008-11-16 03:00:00,25.0,-10.0,0.0,-5.0,2008-11-14 21:00:00,40.0,-5.0,2008-11-14 15:00:00,35.0,0.0,2008-11-14 03:00:00,30.0,5.0
2008-008,2008,BOB,KHAIMUK,2008-11-15 06:00:00,14.5,82.5,30.0,996.0,5.0,DD,12,2008-11-16 06:00:00,,,,-5.0,2008-11-15 00:00:00,40.0,-10.0,2008-11-14 18:00:00,35.0,-5.0,2008-11-14 06:00:00,30.0,0.0
2008-008,2008,BOB,KHAIMUK,2008-11-15 09:00:00,14.5,82.0,30.0,996.0,5.0,DD,13,2008-11-16 09:00:00,,,,0.0,2008-11-15 03:00:00,35.0,-5.0,2008-11-14 21:00:00,40.0,-10.0,2008-11-14 09:00:00,30.0,0.0
2008-008,2008,BOB,KHAIMUK,2008-11-15 12:00:00,14.5,81.5,30.0,996.0,5.0,DD,14,2008-11-16 12:00:00,,,,0.0,2008-11-15 06:00:00,30.0,0.0,2008-11-15 00:00:00,40.0,-10.0,2008-11-14 12:00:00,35.0,-5.0
2008-008,2008,BOB,KHAIMUK,2008-11-15 15:00:00,14.5,81.0,30.0,996.0,5.0,DD,15,2008-11-16 15:00:00,,,,0.0,2008-11-15 09:00:00,30.0,0.0,2008-11-15 03:00:00,35.0,-5.0,2008-11-14 15:00:00,35.0,-5.0
2008-008,2008,BOB,KHAIMUK,2008-11-15 18:00:00,15.0,80.5,30.0,996.0,5.0,DD,16,2008-11-16 18:00:00,,,,0.0,2008-11-15 12:00:00,30.0,0.0,2008-11-15 06:00:00,30.0,0.0,2008-11-14 18:00:00,35.0,-5.0
2008-008,2008,BOB,KHAIMUK,2008-11-15 21:00:00,15.2,80.2,30.0,996.0,5.0,DD,17,2008-11-16 21:00:00,,,,0.0,2008-11-15 15:00:00,30.0,0.0,2008-11-15 09:00:00,30.0,0.0,2008-11-14 21:00:00,40.0,-10.0
2008-008,2008,BOB,KHAIMUK,2008-11-16 00:00:00,15.5,79.5,30.0,998.0,5.0,DD,18,2008-11-17 00:00:00,,,,0.0,2008-11-15 18:00:00,30.0,0.0,2008-11-15 12:00:00,30.0,0.0,2008-11-15 00:00:00,40.0,-10.0
2008-008,2008,BOB,KHAIMUK,2008-11-16 03:00:00,15.5,78.5,25.0,1004.0,3.0,D,19,2008-11-17 03:00:00,,,,-5.0,2008-11-15 21:00:00,30.0,-5.0,2008-11-15 15:00:00,30.0,-5.0,2008-11-15 03:00:00,35.0,-10.0
2008-009,2008,BOB,NISHA,2008-11-25 09:00:00,8.5,81.0,25.0,1001.0,4.0,D,0,2008-11-26 09:00:00,45.0,20.0,0.0,,2008-11-25 03:00:00,,,2008-11-24 21:00:00,,,2008-11-24 09:00:00,,
2008-009,2008,BOB,NISHA,2008-11-25 12:00:00,8.5,81.0,30.0,1001.0,5.0,DD,1,2008-11-26 12:00:00,45.0,15.0,0.0,5.0,2008-11-25 06:00:00,,,2008-11-25 00:00:00,,,2008-11-24 12:00:00,,
2008-009,2008,BOB,NISHA,2008-11-25 15:00:00,9.0,81.0,30.0,1001.0,5.0,DD,2,2008-11-26 15:00:00,45.0,15.0,0.0,0.0,2008-11-25 09:00:00,25.0,5.0,2008-11-25 03:00:00,,,2008-11-24 15:00:00,,
2008-009,2008,BOB,NISHA,2008-11-25 18:00:00,9.5,80.5,30.0,1002.0,5.0,DD,3,2008-11-26 18:00:00,45.0,15.0,0.0,0.0,2008-11-25 12:00:00,30.0,0.0,2008-11-25 06:00:00,,,2008-11-24 18:00:00,,
2008-009,2008,BOB,NISHA,2008-11-25 21:00:00,10.0,80.0,30.0,1002.0,5.0,DD,4,2008-11-26 21:00:00,45.0,15.0,0.0,0.0,2008-11-25 15:00:00,30.0,0.0,2008-11-25 09:00:00,25.0,5.0,2008-11-24 21:00:00,,
2008-009,2008,BOB,NISHA,2008-11-26 00:00:00,10.0,80.0,30.0,1000.0,6.0,DD,5,2008-11-27 00:00:00,45.0,15.0,0.0,0.0,2008-11-25 18:00:00,30.0,0.0,2008-11-25 12:00:00,30.0,0.0,2008-11-25 00:00:00,,
2008-009,2008,BOB,NISHA,2008-11-26 03:00:00,10.5,80.0,40.0,1000.0,8.0,CS,6,2008-11-27 03:00:00,40.0,0.0,0.0,10.0,2008-11-25 21:00:00,30.0,10.0,2008-11-25 15:00:00,30.0,10.0,2008-11-25 03:00:00,,
2008-009,2008,BOB,NISHA,2008-11-26 06:00:00,10.5,80.0,40.0,1000.0,8.0,CS,7,2008-11-27 06:00:00,,,,0.0,2008-11-26 00:00:00,30.0,10.0,2008-11-25 18:00:00,30.0,10.0,2008-11-25 06:00:00,,
2008-009,2008,BOB,NISHA,2008-11-26 09:00:00,10.5,80.0,45.0,996.0,10.0,CS,8,2008-11-27 09:00:00,30.0,-15.0,0.0,5.0,2008-11-26 03:00:00,40.0,5.0,2008-11-25 21:00:00,30.0,15.0,2008-11-25 09:00:00,25.0,20.0
2008-009,2008,BOB,NISHA,2008-11-26 12:00:00,10.8,80.0,45.0,996.0,10.0,CS,9,2008-11-27 12:00:00,20.0,-25.0,0.0,0.0,2008-11-26 06:00:00,40.0,5.0,2008-11-26 00:00:00,30.0,15.0,2008-11-25 12:00:00,30.0,15.0
2008-009,2008,BOB,NISHA,2008-11-26 15:00:00,11.0,80.0,45.0,998.0,10.0,CS,10,2008-11-27 15:00:00,,,,0.0,2008-11-26 09:00:00,45.0,0.0,2008-11-26 03:00:00,40.0,5.0,2008-11-25 15:00:00,30.0,15.0
2008-009,2008,BOB,NISHA,2008-11-26 18:00:00,11.0,80.0,45.0,998.0,10.0,CS,11,2008-11-27 18:00:00,,,,0.0,2008-11-26 12:00:00,45.0,0.0,2008-11-26 06:00:00,40.0,5.0,2008-11-25 18:00:00,30.0,15.0
2008-009,2008,BOB,NISHA,2008-11-26 21:00:00,11.0,80.0,45.0,996.0,10.0,CS,12,2008-11-27 21:00:00,,,,0.0,2008-11-26 15:00:00,45.0,0.0,2008-11-26 09:00:00,45.0,0.0,2008-11-25 21:00:00,30.0,15.0
2008-009,2008,BOB,NISHA,2008-11-27 00:00:00,11.3,79.9,45.0,996.0,10.0,CS,13,2008-11-28 00:00:00,,,,0.0,2008-11-26 18:00:00,45.0,0.0,2008-11-26 12:00:00,45.0,0.0,2008-11-26 00:00:00,30.0,15.0
2008-009,2008,BOB,NISHA,2008-11-27 03:00:00,11.5,79.5,40.0,1000.0,8.0,CS,14,2008-11-28 03:00:00,,,,-5.0,2008-11-26 21:00:00,45.0,-5.0,2008-11-26 15:00:00,45.0,-5.0,2008-11-26 03:00:00,40.0,0.0
2008-009,2008,BOB,NISHA,2008-11-27 09:00:00,12.0,79.0,30.0,1000.0,5.0,DD,15,2008-11-28 09:00:00,,,,-10.0,2008-11-27 03:00:00,40.0,-10.0,2008-11-26 21:00:00,45.0,-15.0,2008-11-26 09:00:00,45.0,-15.0
2008-009,2008,BOB,NISHA,2008-11-27 12:00:00,12.0,78.5,20.0,1000.0,3.0,D,16,2008-11-28 12:00:00,,,,-10.0,2008-11-27 06:00:00,,,2008-11-27 00:00:00,45.0,-25.0,2008-11-26 12:00:00,45.0,-25.0
2008-010,2008,BOB,,2008-12-04 03:00:00,6.5,90.0,25.0,1006.0,4.0,D,0,2008-12-05 03:00:00,30.0,5.0,0.0,,2008-12-03 21:00:00,,,2008-12-03 15:00:00,,,2008-12-03 03:00:00,,
2008-010,2008,BOB,,2008-12-04 09:00:00,7.0,89.5,25.0,1006.0,4.0,D,1,2008-12-05 09:00:00,30.0,5.0,0.0,0.0,2008-12-04 03:00:00,25.0,0.0,2008-12-03 21:00:00,,,2008-12-03 09:00:00,,
2008-010,2008,BOB,,2008-12-04 12:00:00,7.0,89.5,25.0,1006.0,4.0,D,2,2008-12-05 12:00:00,30.0,5.0,0.0,0.0,2008-12-04 06:00:00,,,2008-12-04 00:00:00,,,2008-12-03 12:00:00,,
2008-010,2008,BOB,,2008-12-04 18:00:00,7.0,89.0,25.0,1006.0,4.0,D,3,2008-12-05 18:00:00,30.0,5.0,0.0,0.0,2008-12-04 12:00:00,25.0,0.0,2008-12-04 06:00:00,,,2008-12-03 18:00:00,,
2008-010,2008,BOB,,2008-12-05 00:00:00,7.5,88.5,30.0,1004.0,5.0,DD,4,2008-12-06 00:00:00,,,,5.0,2008-12-04 18:00:00,25.0,5.0,2008-12-04 12:00:00,25.0,5.0,2008-12-04 00:00:00,,
2008-010,2008,BOB,,2008-12-05 03:00:00,7.5,88.5,30.0,1004.0,5.0,DD,5,2008-12-06 03:00:00,30.0,0.0,0.0,0.0,2008-12-04 21:00:00,,,2008-12-04 15:00:00,,,2008-12-04 03:00:00,25.0,5.0
2008-010,2008,BOB,,2008-12-05 09:00:00,8.0,88.0,30.0,1004.0,5.0,DD,6,2008-12-06 09:00:00,30.0,0.0,0.0,0.0,2008-12-05 03:00:00,30.0,0.0,2008-12-04 21:00:00,,,2008-12-04 09:00:00,25.0,5.0
2008-010,2008,BOB,,2008-12-05 12:00:00,8.5,87.5,30.0,1004.0,5.0,DD,7,2008-12-06 12:00:00,30.0,0.0,0.0,0.0,2008-12-05 06:00:00,,,2008-12-05 00:00:00,30.0,0.0,2008-12-04 12:00:00,25.0,5.0
2008-010,2008,BOB,,2008-12-05 18:00:00,8.5,87.0,30.0,1004.0,5.0,DD,8,2008-12-06 18:00:00,30.0,0.0,0.0,0.0,2008-12-05 12:00:00,30.0,0.0,2008-12-05 06:00:00,,,2008-12-04 18:00:00,25.0,5.0
2008-010,2008,BOB,,2008-12-06 03:00:00,8.5,85.0,30.0,1006.0,5.0,DD,9,2008-12-07 03:00:00,25.0,-5.0,0.0,0.0,2008-12-05 21:00:00,,,2008-12-05 15:00:00,,,2008-12-05 03:00:00,30.0,0.0
2008-010,2008,BOB,,2008-12-06 09:00:00,8.5,84.5,30.0,1006.0,5.0,DD,10,2008-12-07 09:00:00,25.0,-5.0,0.0,0.0,2008-12-06 03:00:00,30.0,0.0,2008-12-05 21:00:00,,,2008-12-05 09:00:00,30.0,0.0
2008-010,2008,BOB,,2008-12-06 12:00:00,8.5,84.0,30.0,1004.0,5.0,DD,11,2008-12-07 12:00:00,25.0,-5.0,0.0,0.0,2008-12-06 06:00:00,,,2008-12-06 00:00:00,,,2008-12-05 12:00:00,30.0,0.0
2008-010,2008,BOB,,2008-12-06 18:00:00,8.5,83.5,30.0,1004.0,5.0,DD,12,2008-12-07 18:00:00,,,,0.0,2008-12-06 12:00:00,30.0,0.0,2008-12-06 06:00:00,,,2008-12-05 18:00:00,30.0,0.0
2008-010,2008,BOB,,2008-12-07 00:00:00,8.5,83.0,25.0,1006.0,4.0,D,13,2008-12-08 00:00:00,,,,-5.0,2008-12-06 18:00:00,30.0,-5.0,2008-12-06 12:00:00,30.0,-5.0,2008-12-06 00:00:00,,
2008-010,2008,BOB,,2008-12-07 03:00:00,8.5,82.5,25.0,1006.0,4.0,D,14,2008-12-08 03:00:00,,,,0.0,2008-12-06 21:00:00,,,2008-12-06 15:00:00,,,2008-12-06 03:00:00,30.0,-5.0
2008-010,2008,BOB,,2008-12-07 09:00:00,8.5,82.0,25.0,1006.0,4.0,D,15,2008-12-08 09:00:00,,,,0.0,2008-12-07 03:00:00,25.0,0.0,2008-12-06 21:00:00,,,2008-12-06 09:00:00,30.0,-5.0
2008-010,2008,BOB,,2008-12-07 12:00:00,8.5,81.5,25.0,1006.0,4.0,D,16,2008-12-08 12:00:00,,,,0.0,2008-12-07 06:00:00,,,2008-12-07 00:00:00,25.0,0.0,2008-12-06 12:00:00,30.0,-5.0
2009-001,2009,BOB,BIJLI,2009-04-14 09:00:00,12.5,88.0,25.0,1004.0,3.0,D,0,2009-04-15 09:00:00,,,,,2009-04-14 03:00:00,,,2009-04-13 21:00:00,,,2009-04-13 09:00:00,,
2009-001,2009,BOB,BIJLI,2009-04-14 12:00:00,12.5,88.0,25.0,1002.0,3.0,D,1,2009-04-15 12:00:00,40.0,15.0,0.0,0.0,2009-04-14 06:00:00,,,2009-04-14 00:00:00,,,2009-04-13 12:00:00,,
2009-001,2009,BOB,BIJLI,2009-04-14 18:00:00,12.5,88.0,25.0,1002.0,4.0,D,2,2009-04-15 18:00:00,40.0,15.0,0.0,0.0,2009-04-14 12:00:00,25.0,0.0,2009-04-14 06:00:00,,,2009-04-13 18:00:00,,
2009-001,2009,BOB,BIJLI,2009-04-15 00:00:00,13.0,88.0,25.0,1000.0,4.0,D,3,2009-04-16 00:00:00,40.0,15.0,0.0,0.0,2009-04-14 18:00:00,25.0,0.0,2009-04-14 12:00:00,25.0,0.0,2009-04-14 00:00:00,,
2009-001,2009,BOB,BIJLI,2009-04-15 03:00:00,13.5,87.5,25.0,1000.0,4.0,D,4,2009-04-16 03:00:00,40.0,15.0,0.0,0.0,2009-04-14 21:00:00,,,2009-04-14 15:00:00,,,2009-04-14 03:00:00,,
2009-001,2009,BOB,BIJLI,2009-04-15 06:00:00,14.0,87.5,30.0,1000.0,6.0,DD,5,2009-04-16 06:00:00,40.0,10.0,0.0,5.0,2009-04-15 00:00:00,25.0,5.0,2009-04-14 18:00:00,25.0,5.0,2009-04-14 06:00:00,,
2009-001,2009,BOB,BIJLI,2009-04-15 12:00:00,15.0,86.5,40.0,996.0,8.0,CS,6,2009-04-16 12:00:00,40.0,0.0,0.0,10.0,2009-04-15 06:00:00,30.0,10.0,2009-04-15 00:00:00,25.0,15.0,2009-04-14 12:00:00,25.0,15.0
2009-001,2009,BOB,BIJLI,2009-04-15 15:00:00,15.5,86.5,40.0,996.0,8.0,CS,7,2009-04-16 15:00:00,40.0,0.0,0.0,0.0,2009-04-15 09:00:00,,,2009-04-15 03:00:00,25.0,15.0,2009-04-14 15:00:00,,
2009-001,2009,BOB,BIJLI,2009-04-15 18:00:00,16.0,86.5,40.0,996.0,8.0,CS,8,2009-04-16 18:00:00,40.0,0.0,0.0,0.0,2009-04-15 12:00:00,40.0,0.0,2009-04-15 06:00:00,30.0,10.0,2009-04-14 18:00:00,25.0,15.0
2009-001,2009,BOB,BIJLI,2009-04-15 21:00:00,16.0,86.5,40.0,996.0,8.0,CS,9,2009-04-16 21:00:00,40.0,0.0,0.0,0.0,2009-04-15 15:00:00,40.0,0.0,2009-04-15 09:00:00,,,2009-04-14 21:00:00,,
2009-001,2009,BOB,BIJLI,2009-04-16 00:00:00,16.5,86.0,40.0,996.0,8.0,CS,10,2009-04-17 00:00:00,40.0,0.0,0.0,0.0,2009-04-15 18:00:00,40.0,0.0,2009-04-15 12:00:00,40.0,0.0,2009-04-15 00:00:00,25.0,15.0
2009-001,2009,BOB,BIJLI,2009-04-16 03:00:00,17.0,86.0,40.0,996.0,8.0,CS,11,2009-04-17 03:00:00,35.0,-5.0,0.0,0.0,2009-04-15 21:00:00,40.0,0.0,2009-04-15 15:00:00,40.0,0.0,2009-04-15 03:00:00,25.0,15.0
2009-001,2009,BOB,BIJLI,2009-04-16 06:00:00,17.5,86.0,40.0,996.0,8.0,CS,12,2009-04-17 06:00:00,35.0,-5.0,0.0,0.0,2009-04-16 00:00:00,40.0,0.0,2009-04-15 18:00:00,40.0,0.0,2009-04-15 06:00:00,30.0,10.0
2009-001,2009,BOB,BIJLI,2009-04-16 09:00:00,18.0,86.0,40.0,996.0,8.0,CS,13,2009-04-17 09:00:00,30.0,-10.0,0.0,0.0,2009-04-16 03:00:00,40.0,0.0,2009-04-15 21:00:00,40.0,0.0,2009-04-15 09:00:00,,
2009-001,2009,BOB,BIJLI,2009-04-16 12:00:00,18.5,86.5,40.0,996.0,8.0,CS,14,2009-04-17 12:00:00,25.0,-15.0,0.0,0.0,2009-04-16 06:00:00,40.0,0.0,2009-04-16 00:00:00,40.0,0.0,2009-04-15 12:00:00,40.0,0.0
2009-001,2009,BOB,BIJLI,2009-04-16 15:00:00,18.5,86.5,40.0,996.0,8.0,CS,15,2009-04-17 15:00:00,25.0,-15.0,0.0,0.0,2009-04-16 09:00:00,40.0,0.0,2009-04-16 03:00:00,40.0,0.0,2009-04-15 15:00:00,40.0,0.0
2009-001,2009,BOB,BIJLI,2009-04-16 18:00:00,19.5,87.0,40.0,996.0,8.0,CS,16,2009-04-17 18:00:00,,,,0.0,2009-04-16 12:00:00,40.0,0.0,2009-04-16 06:00:00,40.0,0.0,2009-04-15 18:00:00,40.0,0.0
2009-001,2009,BOB,BIJLI,2009-04-16 21:00:00,20.0,87.5,40.0,996.0,8.0,CS,17,2009-04-17 21:00:00,,,,0.0,2009-04-16 15:00:00,40.0,0.0,2009-04-16 09:00:00,40.0,0.0,2009-04-15 21:00:00,40.0,0.0
2009-001,2009,BOB,BIJLI,2009-04-17 00:00:00,20.5,88.0,40.0,996.0,8.0,CS,18,2009-04-18 00:00:00,,,,0.0,2009-04-16 18:00:00,40.0,0.0,2009-04-16 12:00:00,40.0,0.0,2009-04-16 00:00:00,40.0,0.0
2009-001,2009,BOB,BIJLI,2009-04-17 03:00:00,20.5,88.5,35.0,996.0,6.0,CS,19,2009-04-18 03:00:00,,,,-5.0,2009-04-16 21:00:00,40.0,-5.0,2009-04-16 15:00:00,40.0,-5.0,2009-04-16 03:00:00,40.0,-5.0
2009-001,2009,BOB,BIJLI,2009-04-17 06:00:00,21.0,89.0,35.0,996.0,6.0,CS,20,2009-04-18 06:00:00,,,,0.0,2009-04-17 00:00:00,40.0,-5.0,2009-04-16 18:00:00,40.0,-5.0,2009-04-16 06:00:00,40.0,-5.0
2009-001,2009,BOB,BIJLI,2009-04-17 09:00:00,21.5,89.5,30.0,996.0,5.0,DD,21,2009-04-18 09:00:00,,,,-5.0,2009-04-17 03:00:00,35.0,-5.0,2009-04-16 21:00:00,40.0,-10.0,2009-04-16 09:00:00,40.0,-10.0
2009-001,2009,BOB,BIJLI,2009-04-17 12:00:00,21.5,90.0,25.0,996.0,4.0,D,22,2009-04-18 12:00:00,,,,-5.0,2009-04-17 06:00:00,35.0,-10.0,2009-04-17 00:00:00,40.0,-15.0,2009-04-16 12:00:00,40.0,-15.0
2009-001,2009,BOB,BIJLI,2009-04-17 15:00:00,22.0,91.5,25.0,996.0,4.0,D,23,2009-04-18 15:00:00,,,,0.0,2009-04-17 09:00:00,30.0,-5.0,2009-04-17 03:00:00,35.0,-10.0,2009-04-16 15:00:00,40.0,-15.0
2009-002,2009,BOB,AILA,2009-05-23 06:00:00,16.5,88.0,25.0,998.0,3.0,D,0,2009-05-24 06:00:00,30.0,5.0,0.0,,2009-05-23 00:00:00,,,2009-05-22 18:00:00,,,2009-05-22 06:00:00,,
2009-002,2009,BOB,AILA,2009-05-23 12:00:00,16.5,88.0,25.0,994.0,3.0,D,1,2009-05-24 12:00:00,35.0,10.0,0.0,0.0,2009-05-23 06:00:00,25.0,0.0,2009-05-23 00:00:00,,,2009-05-22 12:00:00,,
2009-002,2009,BOB,AILA,2009-05-23 18:00:00,17.0,88.5,25.0,996.0,4.0,D,2,2009-05-24 18:00:00,35.0,10.0,0.0,0.0,2009-05-23 12:00:00,25.0,0.0,2009-05-23 06:00:00,25.0,0.0,2009-05-22 18:00:00,,
2009-002,2009,BOB,AILA,2009-05-24 00:00:00,17.0,88.5,25.0,996.0,4.0,D,3,2009-05-25 00:00:00,40.0,15.0,0.0,0.0,2009-05-23 18:00:00,25.0,0.0,2009-05-23 12:00:00,25.0,0.0,2009-05-23 00:00:00,,
2009-002,2009,BOB,AILA,2009-05-24 03:00:00,18.0,88.5,30.0,992.0,5.0,DD,4,2009-05-25 03:00:00,50.0,20.0,0.0,5.0,2009-05-23 21:00:00,,,2009-05-23 15:00:00,,,2009-05-23 03:00:00,,
2009-002,2009,BOB,AILA,2009-05-24 06:00:00,18.0,88.5,30.0,988.0,5.0,DD,5,2009-05-25 06:00:00,55.0,25.0,0.0,0.0,2009-05-24 00:00:00,25.0,5.0,2009-05-23 18:00:00,25.0,5.0,2009-05-23 06:00:00,25.0,5.0
2009-002,2009,BOB,AILA,2009-05-24 09:00:00,18.0,88.5,30.0,986.0,5.0,DD,6,2009-05-25 09:00:00,60.0,30.0,1.0,0.0,2009-05-24 03:00:00,30.0,0.0,2009-05-23 21:00:00,,,2009-05-23 09:00:00,,
2009-002,2009,BOB,AILA,2009-05-24 12:00:00,18.5,88.5,35.0,986.0,6.0,CS,7,2009-05-25 12:00:00,50.0,15.0,0.0,5.0,2009-05-24 06:00:00,30.0,5.0,2009-05-24 00:00:00,25.0,10.0,2009-05-23 12:00:00,25.0,10.0
2009-002,2009,BOB,AILA,2009-05-24 15:00:00,19.0,88.5,35.0,986.0,8.0,CS,8,2009-05-25 15:00:00,45.0,10.0,0.0,0.0,2009-05-24 09:00:00,30.0,5.0,2009-05-24 03:00:00,30.0,5.0,2009-05-23 15:00:00,,
2009-002,2009,BOB,AILA,2009-05-24 18:00:00,19.0,88.5,35.0,986.0,8.0,CS,9,2009-05-25 18:00:00,40.0,5.0,0.0,0.0,2009-05-24 12:00:00,35.0,0.0,2009-05-24 06:00:00,30.0,5.0,2009-05-23 18:00:00,25.0,10.0
2009-002,2009,BOB,AILA,2009-05-24 21:00:00,20.0,88.0,40.0,984.0,8.0,CS,10,2009-05-25 21:00:00,35.0,-5.0,0.0,5.0,2009-05-24 15:00:00,35.0,5.0,2009-05-24 09:00:00,30.0,10.0,2009-05-23 21:00:00,,
2009-002,2009,BOB,AILA,2009-05-25 00:00:00,20.0,88.0,40.0,980.0,10.0,CS,11,2009-05-26 00:00:00,30.0,-10.0,0.0,0.0,2009-05-24 18:00:00,35.0,5.0,2009-05-24 12:00:00,35.0,5.0,2009-05-24 00:00:00,25.0,15.0
2009-002,2009,BOB,AILA,2009-05-25 03:00:00,20.5,88.0,50.0,978.0,12.0,CS,12,2009-05-26 03:00:00,25.0,-25.0,0.0,10.0,2009-05-24 21:00:00,40.0,10.0,2009-05-24 15:00:00,35.0,15.0,2009-05-24 03:00:00,30.0,20.0
2009-002,2009,BOB,AILA,2009-05-25 06:00:00,21.5,88.0,55.0,974.0,15.0,SCS,13,2009-05-26 06:00:00,20.0,-35.0,0.0,5.0,2009-05-25 00:00:00,40.0,15.0,2009-05-24 18:00:00,35.0,20.0,2009-05-24 06:00:00,30.0,25.0
2009-002,2009,BOB,AILA,2009-05-25 09:00:00,22.0,88.0,60.0,968.0,20.0,SCS,14,2009-05-26 09:00:00,,,,5.0,2009-05-25 03:00:00,50.0,10.0,2009-05-24 21:00:00,40.0,20.0,2009-05-24 09:00:00,30.0,30.0
2009-002,2009,BOB,AILA,2009-05-25 12:00:00,22.5,88.0,50.0,970.0,16.0,SCS,15,2009-05-26 12:00:00,,,,-10.0,2009-05-25 06:00:00,55.0,-5.0,2009-05-25 00:00:00,40.0,10.0,2009-05-24 12:00:00,35.0,15.0
2009-002,2009,BOB,AILA,2009-05-25 15:00:00,23.0,88.0,45.0,978.0,14.0,CS,16,2009-05-26 15:00:00,,,,-5.0,2009-05-25 09:00:00,60.0,-15.0,2009-05-25 03:00:00,50.0,-5.0,2009-05-24 15:00:00,35.0,10.0
2009-002,2009,BOB,AILA,2009-05-25 18:00:00,23.5,88.0,40.0,980.0,12.0,CS,17,2009-05-26 18:00:00,,,,-5.0,2009-05-25 12:00:00,50.0,-10.0,2009-05-25 06:00:00,55.0,-15.0,2009-05-24 18:00:00,35.0,5.0
2009-002,2009,BOB,AILA,2009-05-25 21:00:00,24.0,88.0,35.0,981.0,10.0,CS,18,2009-05-26 21:00:00,,,,-5.0,2009-05-25 15:00:00,45.0,-10.0,2009-05-25 09:00:00,60.0,-25.0,2009-05-24 21:00:00,40.0,-5.0
2009-002,2009,BOB,AILA,2009-05-26 00:00:00,25.0,88.0,30.0,982.0,8.0,CS,19,2009-05-27 00:00:00,,,,-5.0,2009-05-25 18:00:00,40.0,-10.0,2009-05-25 12:00:00,50.0,-20.0,2009-05-25 00:00:00,40.0,-10.0
2009-002,2009,BOB,AILA,2009-05-26 03:00:00,25.5,88.0,25.0,988.0,6.0,DD,20,2009-05-27 03:00:00,,,,-5.0,2009-05-25 21:00:00,35.0,-10.0,2009-05-25 15:00:00,45.0,-20.0,2009-05-25 03:00:00,50.0,-25.0
2009-002,2009,BOB,AILA,2009-05-26 06:00:00,27.0,88.5,20.0,992.0,4.0,D,21,2009-05-27 06:00:00,,,,-5.0,2009-05-26 00:00:00,30.0,-10.0,2009-05-25 18:00:00,40.0,-20.0,2009-05-25 06:00:00,55.0,-35.0
2009-005,2009,BOB,,2009-07-20 03:00:00,21.0,88.5,25.0,992.0,3.0,D,0,2009-07-21 03:00:00,30.0,5.0,0.0,,2009-07-19 21:00:00,,,2009-07-19 15:00:00,,,2009-07-19 03:00:00,,
2009-005,2009,BOB,,2009-07-20 06:00:00,21.0,88.5,25.0,992.0,3.0,D,1,2009-07-21 06:00:00,25.0,0.0,0.0,0.0,2009-07-20 00:00:00,,,2009-07-19 18:00:00,,,2009-07-19 06:00:00,,
2009-005,2009,BOB,,2009-07-20 12:00:00,21.0,88.0,30.0,988.0,4.0,DD,2,2009-07-21 12:00:00,,,,5.0,2009-07-20 06:00:00,25.0,5.0,2009-07-20 00:00:00,,,2009-07-19 12:00:00,,
2009-005,2009,BOB,,2009-07-20 18:00:00,21.5,87.0,30.0,992.0,4.0,DD,3,2009-07-21 18:00:00,,,,0.0,2009-07-20 12:00:00,30.0,0.0,2009-07-20 06:00:00,25.0,5.0,2009-07-19 18:00:00,,
2009-005,2009,BOB,,2009-07-21 00:00:00,22.0,85.0,30.0,992.0,4.0,DD,4,2009-07-22 00:00:00,,,,0.0,2009-07-20 18:00:00,30.0,0.0,2009-07-20 12:00:00,30.0,0.0,2009-07-20 00:00:00,,
2009-005,2009,BOB,,2009-07-21 03:00:00,22.0,84.5,30.0,992.0,4.0,DD,5,2009-07-22 03:00:00,,,,0.0,2009-07-20 21:00:00,,,2009-07-20 15:00:00,,,2009-07-20 03:00:00,25.0,5.0
2009-005,2009,BOB,,2009-07-21 06:00:00,22.0,84.0,25.0,994.0,3.0,D,6,2009-07-22 06:00:00,,,,-5.0,2009-07-21 00:00:00,30.0,-5.0,2009-07-20 18:00:00,30.0,-5.0,2009-07-20 06:00:00,25.0,0.0
2009-006,2009,BOB,,2009-09-05 00:00:00,20.5,88.0,25.0,990.0,3.0,D,0,2009-09-06 00:00:00,30.0,5.0,0.0,,2009-09-04 18:00:00,,,2009-09-04 12:00:00,,,2009-09-04 00:00:00,,
2009-006,2009,BOB,,2009-09-05 03:00:00,21.0,87.5,30.0,988.0,4.0,DD,1,2009-09-06 03:00:00,30.0,0.0,0.0,5.0,2009-09-04 21:00:00,,,2009-09-04 15:00:00,,,2009-09-04 03:00:00,,
2009-006,2009,BOB,,2009-09-05 06:00:00,21.5,88.0,30.0,988.0,4.0,DD,2,2009-09-06 06:00:00,,,,0.0,2009-09-05 00:00:00,25.0,5.0,2009-09-04 18:00:00,,,2009-09-04 06:00:00,,
2009-006,2009,BOB,,2009-09-05 09:00:00,22.0,87.5,30.0,988.0,4.0,DD,3,2009-09-06 09:00:00,30.0,0.0,0.0,0.0,2009-09-05 03:00:00,30.0,0.0,2009-09-04 21:00:00,,,2009-09-04 09:00:00,,
2009-006,2009,BOB,,2009-09-05 12:00:00,22.5,87.5,30.0,988.0,4.0,DD,4,2009-09-06 12:00:00,30.0,0.0,0.0,0.0,2009-09-05 06:00:00,30.0,0.0,2009-09-05 00:00:00,25.0,5.0,2009-09-04 12:00:00,,
2009-006,2009,BOB,,2009-09-05 18:00:00,23.0,87.0,30.0,988.0,4.0,DD,5,2009-09-06 18:00:00,30.0,0.0,0.0,0.0,2009-09-05 12:00:00,30.0,0.0,2009-09-05 06:00:00,30.0,0.0,2009-09-04 18:00:00,,
2009-006,2009,BOB,,2009-09-06 00:00:00,23.0,86.5,30.0,988.0,4.0,DD,6,2009-09-07 00:00:00,30.0,0.0,0.0,0.0,2009-09-05 18:00:00,30.0,0.0,2009-09-05 12:00:00,30.0,0.0,2009-09-05 00:00:00,25.0,5.0
2009-006,2009,BOB,,2009-09-06 03:00:00,23.5,86.0,30.0,988.0,4.0,DD,7,2009-09-07 03:00:00,30.0,0.0,0.0,0.0,2009-09-05 21:00:00,,,2009-09-05 15:00:00,,,2009-09-05 03:00:00,30.0,0.0
2009-006,2009,BOB,,2009-09-06 09:00:00,23.5,85.5,30.0,988.0,4.0,DD,8,2009-09-07 09:00:00,25.0,-5.0,0.0,0.0,2009-09-06 03:00:00,30.0,0.0,2009-09-05 21:00:00,,,2009-09-05 09:00:00,30.0,0.0
2009-006,2009,BOB,,2009-09-06 12:00:00,24.0,85.0,30.0,988.0,4.0,DD,9,2009-09-07 12:00:00,,,,0.0,2009-09-06 06:00:00,,,2009-09-06 00:00:00,30.0,0.0,2009-09-05 12:00:00,30.0,0.0
2009-006,2009,BOB,,2009-09-06 18:00:00,24.3,84.5,30.0,988.0,4.0,DD,10,2009-09-07 18:00:00,,,,0.0,2009-09-06 12:00:00,30.0,0.0,2009-09-06 06:00:00,,,2009-09-05 18:00:00,30.0,0.0
2009-006,2009,BOB,,2009-09-07 00:00:00,24.5,84.0,30.0,988.0,4.0,DD,11,2009-09-08 00:00:00,,,,0.0,2009-09-06 18:00:00,30.0,0.0,2009-09-06 12:00:00,30.0,0.0,2009-09-06 00:00:00,30.0,0.0
2009-006,2009,BOB,,2009-09-07 03:00:00,24.5,84.0,30.0,990.0,4.0,DD,12,2009-09-08 03:00:00,,,,0.0,2009-09-06 21:00:00,,,2009-09-06 15:00:00,,,2009-09-06 03:00:00,30.0,0.0
2009-006,2009,BOB,,2009-09-07 09:00:00,24.5,84.0,25.0,994.0,3.0,D,13,2009-09-08 09:00:00,,,,-5.0,2009-09-07 03:00:00,30.0,-5.0,2009-09-06 21:00:00,,,2009-09-06 09:00:00,30.0,-5.0
2009-008,2009,BOB,WARD,2009-12-10 09:00:00,6.5,85.0,25.0,1004.0,3.0,D,0,2009-12-11 09:00:00,35.0,10.0,0.0,,2009-12-10 03:00:00,,,2009-12-09 21:00:00,,,2009-12-09 09:00:00,,
2009-008,2009,BOB,WARD,2009-12-10 12:00:00,6.5,85.0,25.0,1004.0,3.0,D,1,2009-12-11 12:00:00,35.0,10.0,0.0,0.0,2009-12-10 06:00:00,,,2009-12-10 00:00:00,,,2009-12-09 12:00:00,,
2009-008,2009,BOB,WARD,2009-12-10 18:00:00,6.5,85.0,25.0,1003.0,4.0,D,2,2009-12-11 18:00:00,40.0,15.0,0.0,0.0,2009-12-10 12:00:00,25.0,0.0,2009-12-10 06:00:00,,,2009-12-09 18:00:00,,
2009-008,2009,BOB,WARD,2009-12-11 00:00:00,7.0,84.5,30.0,1000.0,5.0,DD,3,2009-12-12 00:00:00,45.0,15.0,0.0,5.0,2009-12-10 18:00:00,25.0,5.0,2009-12-10 12:00:00,25.0,5.0,2009-12-10 00:00:00,,
2009-008,2009,BOB,WARD,2009-12-11 03:00:00,7.0,84.5,30.0,1000.0,5.0,DD,4,2009-12-12 03:00:00,45.0,15.0,0.0,0.0,2009-12-10 21:00:00,,,2009-12-10 15:00:00,,,2009-12-10 03:00:00,,
2009-008,2009,BOB,WARD,2009-12-11 06:00:00,8.0,84.5,30.0,1000.0,5.0,DD,5,2009-12-12 06:00:00,45.0,15.0,0.0,0.0,2009-12-11 00:00:00,30.0,0.0,2009-12-10 18:00:00,25.0,5.0,2009-12-10 06:00:00,,
2009-008,2009,BOB,WARD,2009-12-11 09:00:00,8.5,84.5,35.0,998.0,6.0,CS,6,2009-12-12 09:00:00,40.0,5.0,0.0,5.0,2009-12-11 03:00:00,30.0,5.0,2009-12-10 21:00:00,,,2009-12-10 09:00:00,25.0,10.0
2009-008,2009,BOB,WARD,2009-12-11 12:00:00,8.5,84.5,35.0,998.0,6.0,CS,7,2009-12-12 12:00:00,35.0,0.0,0.0,0.0,2009-12-11 06:00:00,30.0,5.0,2009-12-11 00:00:00,30.0,5.0,2009-12-10 12:00:00,25.0,10.0
2009-008,2009,BOB,WARD,2009-12-11 15:00:00,9.0,84.5,35.0,998.0,6.0,CS,8,2009-12-12 15:00:00,35.0,0.0,0.0,0.0,2009-12-11 09:00:00,35.0,0.0,2009-12-11 03:00:00,30.0,5.0,2009-12-10 15:00:00,,
2009-008,2009,BOB,WARD,2009-12-11 18:00:00,9.0,84.5,40.0,998.0,8.0,CS,9,2009-12-12 18:00:00,30.0,-10.0,0.0,5.0,2009-12-11 12:00:00,35.0,5.0,2009-12-11 06:00:00,30.0,10.0,2009-12-10 18:00:00,25.0,15.0
2009-008,2009,BOB,WARD,2009-12-11 21:00:00,9.5,84.5,45.0,996.0,10.0,CS,10,2009-12-12 21:00:00,,,,5.0,2009-12-11 15:00:00,35.0,10.0,2009-12-11 09:00:00,35.0,10.0,2009-12-10 21:00:00,,
2009-008,2009,BOB,WARD,2009-12-12 00:00:00,10.0,84.5,45.0,996.0,10.0,CS,11,2009-12-13 00:00:00,30.0,-15.0,0.0,0.0,2009-12-11 18:00:00,40.0,5.0,2009-12-11 12:00:00,35.0,10.0,2009-12-11 00:00:00,30.0,15.0
2009-008,2009,BOB,WARD,2009-12-12 03:00:00,10.0,84.5,45.0,996.0,10.0,CS,12,2009-12-13 03:00:00,30.0,-15.0,0.0,0.0,2009-12-11 21:00:00,45.0,0.0,2009-12-11 15:00:00,35.0,10.0,2009-12-11 03:00:00,30.0,15.0
2009-008,2009,BOB,WARD,2009-12-12 06:00:00,10.0,84.5,45.0,996.0,10.0,CS,13,2009-12-13 06:00:00,30.0,-15.0,0.0,0.0,2009-12-12 00:00:00,45.0,0.0,2009-12-11 18:00:00,40.0,5.0,2009-12-11 06:00:00,30.0,15.0
2009-008,2009,BOB,WARD,2009-12-12 09:00:00,10.0,84.0,40.0,998.0,8.0,CS,14,2009-12-13 09:00:00,,,,-5.0,2009-12-12 03:00:00,45.0,-5.0,2009-12-11 21:00:00,45.0,-5.0,2009-12-11 09:00:00,35.0,5.0
2009-008,2009,BOB,WARD,2009-12-12 12:00:00,10.0,83.5,35.0,998.0,6.0,CS,15,2009-12-13 12:00:00,30.0,-5.0,0.0,-5.0,2009-12-12 06:00:00,45.0,-10.0,2009-12-12 00:00:00,45.0,-10.0,2009-12-11 12:00:00,35.0,0.0
2009-008,2009,BOB,WARD,2009-12-12 15:00:00,10.0,83.5,35.0,998.0,6.0,CS,16,2009-12-13 15:00:00,,,,0.0,2009-12-12 09:00:00,40.0,-5.0,2009-12-12 03:00:00,45.0,-10.0,2009-12-11 15:00:00,35.0,0.0
2009-008,2009,BOB,WARD,2009-12-12 18:00:00,9.5,83.5,30.0,1000.0,5.0,DD,17,2009-12-13 18:00:00,30.0,0.0,0.0,-5.0,2009-12-12 12:00:00,35.0,-5.0,2009-12-12 06:00:00,45.0,-15.0,2009-12-11 18:00:00,40.0,-10.0
2009-008,2009,BOB,WARD,2009-12-13 00:00:00,9.5,83.0,30.0,1000.0,5.0,DD,18,2009-12-14 00:00:00,30.0,0.0,0.0,0.0,2009-12-12 18:00:00,30.0,0.0,2009-12-12 12:00:00,35.0,-5.0,2009-12-12 00:00:00,45.0,-15.0
2009-008,2009,BOB,WARD,2009-12-13 03:00:00,9.5,83.0,30.0,1000.0,5.0,DD,19,2009-12-14 03:00:00,30.0,0.0,0.0,0.0,2009-12-12 21:00:00,,,2009-12-12 15:00:00,35.0,-5.0,2009-12-12 03:00:00,45.0,-15.0
2009-008,2009,BOB,WARD,2009-12-13 06:00:00,9.0,83.0,30.0,1002.0,5.0,DD,20,2009-12-14 06:00:00,30.0,0.0,0.0,0.0,2009-12-13 00:00:00,30.0,0.0,2009-12-12 18:00:00,30.0,0.0,2009-12-12 06:00:00,45.0,-15.0
2009-008,2009,BOB,WARD,2009-12-13 12:00:00,9.0,83.0,30.0,1002.0,5.0,DD,21,2009-12-14 12:00:00,25.0,-5.0,0.0,0.0,2009-12-13 06:00:00,30.0,0.0,2009-12-13 00:00:00,30.0,0.0,2009-12-12 12:00:00,35.0,-5.0
2009-008,2009,BOB,WARD,2009-12-13 18:00:00,9.0,82.5,30.0,1002.0,5.0,DD,22,2009-12-14 18:00:00,25.0,-5.0,0.0,0.0,2009-12-13 12:00:00,30.0,0.0,2009-12-13 06:00:00,30.0,0.0,2009-12-12 18:00:00,30.0,0.0
2009-008,2009,BOB,WARD,2009-12-14 00:00:00,9.0,82.0,30.0,1002.0,5.0,DD,23,2009-12-15 00:00:00,25.0,-5.0,0.0,0.0,2009-12-13 18:00:00,30.0,0.0,2009-12-13 12:00:00,30.0,0.0,2009-12-13 00:00:00,30.0,0.0
2009-008,2009,BOB,WARD,2009-12-14 03:00:00,8.5,81.5,30.0,1004.0,5.0,DD,24,2009-12-15 03:00:00,,,,0.0,2009-12-13 21:00:00,,,2009-12-13 15:00:00,,,2009-12-13 03:00:00,30.0,0.0
2009-008,2009,BOB,WARD,2009-12-14 06:00:00,8.5,81.5,30.0,1004.0,5.0,DD,25,2009-12-15 06:00:00,,,,0.0,2009-12-14 00:00:00,30.0,0.0,2009-12-13 18:00:00,30.0,0.0,2009-12-13 06:00:00,30.0,0.0
2009-008,2009,BOB,WARD,2009-12-14 09:00:00,8.5,81.0,25.0,1004.0,4.0,D,26,2009-12-15 09:00:00,,,,-5.0,2009-12-14 03:00:00,30.0,-5.0,2009-12-13 21:00:00,,,2009-12-13 09:00:00,,
2009-008,2009,BOB,WARD,2009-12-14 12:00:00,8.5,81.0,25.0,1004.0,3.0,D,27,2009-12-15 12:00:00,,,,0.0,2009-12-14 06:00:00,30.0,-5.0,2009-12-14 00:00:00,30.0,-5.0,2009-12-13 12:00:00,30.0,-5.0
2009-008,2009,BOB,WARD,2009-12-14 18:00:00,8.5,81.0,25.0,1005.0,3.0,D,28,2009-12-15 18:00:00,,,,0.0,2009-12-14 12:00:00,25.0,0.0,2009-12-14 06:00:00,30.0,-5.0,2009-12-13 18:00:00,30.0,-5.0
2009-008,2009,BOB,WARD,2009-12-15 00:00:00,8.5,80.5,25.0,1007.0,3.0,D,29,2009-12-16 00:00:00,,,,0.0,2009-12-14 18:00:00,25.0,0.0,2009-12-14 12:00:00,25.0,0.0,2009-12-14 00:00:00,30.0,-5.0
2010-001,2010,BOB,LAILA,2010-05-17 06:00:00,10.5,88.5,25.0,1004.0,3.0,D,0,2010-05-18 06:00:00,45.0,20.0,0.0,,2010-05-17 00:00:00,,,2010-05-16 18:00:00,,,2010-05-16 06:00:00,,
2010-001,2010,BOB,LAILA,2010-05-17 12:00:00,11.0,88.0,30.0,1000.0,5.0,DD,1,2010-05-18 12:00:00,45.0,15.0,0.0,5.0,2010-05-17 06:00:00,25.0,5.0,2010-05-17 00:00:00,,,2010-05-16 12:00:00,,
2010-001,2010,BOB,LAILA,2010-05-17 18:00:00,11.5,87.5,30.0,998.0,5.0,DD,2,2010-05-18 18:00:00,45.0,15.0,0.0,0.0,2010-05-17 12:00:00,30.0,0.0,2010-05-17 06:00:00,25.0,5.0,2010-05-16 18:00:00,,
2010-001,2010,BOB,LAILA,2010-05-18 00:00:00,11.5,86.5,35.0,998.0,6.0,CS,3,2010-05-19 00:00:00,45.0,10.0,0.0,5.0,2010-05-17 18:00:00,30.0,5.0,2010-05-17 12:00:00,30.0,5.0,2010-05-17 00:00:00,,
2010-001,2010,BOB,LAILA,2010-05-18 03:00:00,12.0,85.5,40.0,996.0,6.0,CS,4,2010-05-19 03:00:00,45.0,5.0,0.0,5.0,2010-05-17 21:00:00,,,2010-05-17 15:00:00,,,2010-05-17 03:00:00,,
2010-001,2010,BOB,LAILA,2010-05-18 06:00:00,12.5,84.5,45.0,992.0,8.0,CS,5,2010-05-19 06:00:00,55.0,10.0,0.0,5.0,2010-05-18 00:00:00,35.0,10.0,2010-05-17 18:00:00,30.0,15.0,2010-05-17 06:00:00,25.0,20.0
2010-001,2010,BOB,LAILA,2010-05-18 09:00:00,13.0,84.0,45.0,992.0,8.0,CS,6,2010-05-19 09:00:00,55.0,10.0,0.0,0.0,2010-05-18 03:00:00,40.0,5.0,2010-05-17 21:00:00,,,2010-05-17 09:00:00,,
2010-001,2010,BOB,LAILA,2010-05-18 12:00:00,13.0,83.5,45.0,990.0,10.0,CS,7,2010-05-19 12:00:00,55.0,10.0,0.0,0.0,2010-05-18 06:00:00,45.0,0.0,2010-05-18 00:00:00,35.0,10.0,2010-05-17 12:00:00,30.0,15.0
2010-001,2010,BOB,LAILA,2010-05-18 15:00:00,13.0,83.0,45.0,990.0,10.0,CS,8,2010-05-19 15:00:00,55.0,10.0,0.0,0.0,2010-05-18 09:00:00,45.0,0.0,2010-05-18 03:00:00,40.0,5.0,2010-05-17 15:00:00,,
2010-001,2010,BOB,LAILA,2010-05-18 18:00:00,13.0,82.5,45.0,990.0,10.0,CS,9,2010-05-19 18:00:00,55.0,10.0,0.0,0.0,2010-05-18 12:00:00,45.0,0.0,2010-05-18 06:00:00,45.0,0.0,2010-05-17 18:00:00,30.0,15.0
2010-001,2010,BOB,LAILA,2010-05-18 21:00:00,13.0,82.0,45.0,990.0,10.0,CS,10,2010-05-19 21:00:00,55.0,10.0,0.0,0.0,2010-05-18 15:00:00,45.0,0.0,2010-05-18 09:00:00,45.0,0.0,2010-05-17 21:00:00,,
2010-001,2010,BOB,LAILA,2010-05-19 00:00:00,13.5,82.0,45.0,990.0,10.0,CS,11,2010-05-20 00:00:00,55.0,10.0,0.0,0.0,2010-05-18 18:00:00,45.0,0.0,2010-05-18 12:00:00,45.0,0.0,2010-05-18 00:00:00,35.0,10.0
2010-001,2010,BOB,LAILA,2010-05-19 03:00:00,13.5,82.0,45.0,990.0,10.0,CS,12,2010-05-20 03:00:00,55.0,10.0,0.0,0.0,2010-05-18 21:00:00,45.0,0.0,2010-05-18 15:00:00,45.0,0.0,2010-05-18 03:00:00,40.0,5.0
2010-001,2010,BOB,LAILA,2010-05-19 06:00:00,13.5,81.5,55.0,986.0,15.0,SCS,13,2010-05-20 06:00:00,55.0,0.0,0.0,10.0,2010-05-19 00:00:00,45.0,10.0,2010-05-18 18:00:00,45.0,10.0,2010-05-18 06:00:00,45.0,10.0
2010-001,2010,BOB,LAILA,2010-05-19 09:00:00,14.0,81.5,55.0,986.0,15.0,SCS,14,2010-05-20 09:00:00,55.0,0.0,0.0,0.0,2010-05-19 03:00:00,45.0,10.0,2010-05-18 21:00:00,45.0,10.0,2010-05-18 09:00:00,45.0,10.0
2010-001,2010,BOB,LAILA,2010-05-19 12:00:00,14.0,81.5,55.0,986.0,15.0,SCS,15,2010-05-20 12:00:00,45.0,-10.0,0.0,0.0,2010-05-19 06:00:00,55.0,0.0,2010-05-19 00:00:00,45.0,10.0,2010-05-18 12:00:00,45.0,10.0
2010-001,2010,BOB,LAILA,2010-05-19 15:00:00,14.0,81.5,55.0,986.0,15.0,SCS,16,2010-05-20 15:00:00,45.0,-10.0,0.0,0.0,2010-05-19 09:00:00,55.0,0.0,2010-05-19 03:00:00,45.0,10.0,2010-05-18 15:00:00,45.0,10.0
2010-001,2010,BOB,LAILA,2010-05-19 18:00:00,14.5,81.0,55.0,986.0,15.0,SCS,17,2010-05-20 18:00:00,45.0,-10.0,0.0,0.0,2010-05-19 12:00:00,55.0,0.0,2010-05-19 06:00:00,55.0,0.0,2010-05-18 18:00:00,45.0,10.0
2010-001,2010,BOB,LAILA,2010-05-19 21:00:00,14.5,81.0,55.0,986.0,15.0,SCS,18,2010-05-20 21:00:00,40.0,-15.0,0.0,0.0,2010-05-19 15:00:00,55.0,0.0,2010-05-19 09:00:00,55.0,0.0,2010-05-18 21:00:00,45.0,10.0
2010-001,2010,BOB,LAILA,2010-05-20 00:00:00,15.0,81.0,55.0,986.0,15.0,SCS,19,2010-05-21 00:00:00,35.0,-20.0,0.0,0.0,2010-05-19 18:00:00,55.0,0.0,2010-05-19 12:00:00,55.0,0.0,2010-05-19 00:00:00,45.0,10.0
2010-001,2010,BOB,LAILA,2010-05-20 03:00:00,15.5,80.5,55.0,986.0,15.0,SCS,20,2010-05-21 03:00:00,30.0,-25.0,0.0,0.0,2010-05-19 21:00:00,55.0,0.0,2010-05-19 15:00:00,55.0,0.0,2010-05-19 03:00:00,45.0,10.0
2010-001,2010,BOB,LAILA,2010-05-20 06:00:00,15.7,80.5,55.0,986.0,15.0,SCS,21,2010-05-21 06:00:00,20.0,-35.0,0.0,0.0,2010-05-20 00:00:00,55.0,0.0,2010-05-19 18:00:00,55.0,0.0,2010-05-19 06:00:00,55.0,0.0
2010-001,2010,BOB,LAILA,2010-05-20 09:00:00,15.8,80.5,55.0,986.0,15.0,SCS,22,2010-05-21 09:00:00,,,,0.0,2010-05-20 03:00:00,55.0,0.0,2010-05-19 21:00:00,55.0,0.0,2010-05-19 09:00:00,55.0,0.0
2010-001,2010,BOB,LAILA,2010-05-20 12:00:00,16.0,80.5,45.0,990.0,12.0,CS,23,2010-05-21 12:00:00,,,,-10.0,2010-05-20 06:00:00,55.0,-10.0,2010-05-20 00:00:00,55.0,-10.0,2010-05-19 12:00:00,55.0,-10.0
2010-001,2010,BOB,LAILA,2010-05-20 15:00:00,16.0,80.5,45.0,990.0,12.0,CS,24,2010-05-21 15:00:00,,,,0.0,2010-05-20 09:00:00,55.0,-10.0,2010-05-20 03:00:00,55.0,-10.0,2010-05-19 15:00:00,55.0,-10.0
2010-001,2010,BOB,LAILA,2010-05-20 18:00:00,16.0,80.5,45.0,990.0,10.0,CS,25,2010-05-21 18:00:00,,,,0.0,2010-05-20 12:00:00,45.0,0.0,2010-05-20 06:00:00,55.0,-10.0,2010-05-19 18:00:00,55.0,-10.0
2010-001,2010,BOB,LAILA,2010-05-20 21:00:00,16.0,80.7,40.0,990.0,10.0,CS,26,2010-05-21 21:00:00,,,,-5.0,2010-05-20 15:00:00,45.0,-5.0,2010-05-20 09:00:00,55.0,-15.0,2010-05-19 21:00:00,55.0,-15.0
2010-001,2010,BOB,LAILA,2010-05-21 00:00:00,16.2,80.8,35.0,990.0,10.0,CS,27,2010-05-22 00:00:00,,,,-5.0,2010-05-20 18:00:00,45.0,-10.0,2010-05-20 12:00:00,45.0,-10.0,2010-05-20 00:00:00,55.0,-20.0
2010-001,2010,BOB,LAILA,2010-05-21 03:00:00,16.5,81.0,30.0,995.0,5.0,DD,28,2010-05-22 03:00:00,,,,-5.0,2010-05-20 21:00:00,40.0,-10.0,2010-05-20 15:00:00,45.0,-15.0,2010-05-20 03:00:00,55.0,-25.0
2010-001,2010,BOB,LAILA,2010-05-21 06:00:00,17.0,81.5,20.0,999.0,3.0,D,29,2010-05-22 06:00:00,,,,-10.0,2010-05-21 00:00:00,35.0,-15.0,2010-05-20 18:00:00,45.0,-25.0,2010-05-20 06:00:00,55.0,-35.0
2010-004,2010,BOB,,2010-10-07 03:00:00,16.5,84.5,25.0,998.0,4.0,D,0,2010-10-08 03:00:00,25.0,0.0,0.0,,2010-10-06 21:00:00,,,2010-10-06 15:00:00,,,2010-10-06 03:00:00,,
2010-004,2010,BOB,,2010-10-07 06:00:00,17.5,84.5,25.0,998.0,4.0,D,1,2010-10-08 06:00:00,25.0,0.0,0.0,0.0,2010-10-07 00:00:00,,,2010-10-06 18:00:00,,,2010-10-06 06:00:00,,
2010-004,2010,BOB,,2010-10-07 12:00:00,18.5,85.0,25.0,996.0,4.0,D,2,2010-10-08 12:00:00,25.0,0.0,0.0,0.0,2010-10-07 06:00:00,25.0,0.0,2010-10-07 00:00:00,,,2010-10-06 12:00:00,,
2010-004,2010,BOB,,2010-10-07 18:00:00,19.0,85.5,25.0,996.0,4.0,D,3,2010-10-08 18:00:00,25.0,0.0,0.0,0.0,2010-10-07 12:00:00,25.0,0.0,2010-10-07 06:00:00,25.0,0.0,2010-10-06 18:00:00,,
2010-004,2010,BOB,,2010-10-08 00:00:00,20.0,86.5,25.0,998.0,4.0,D,4,2010-10-09 00:00:00,,,,0.0,2010-10-07 18:00:00,25.0,0.0,2010-10-07 12:00:00,25.0,0.0,2010-10-07 00:00:00,,
2010-004,2010,BOB,,2010-10-08 03:00:00,21.0,87.5,25.0,998.0,4.0,D,5,2010-10-09 03:00:00,,,,0.0,2010-10-07 21:00:00,,,2010-10-07 15:00:00,,,2010-10-07 03:00:00,25.0,0.0
2010-004,2010,BOB,,2010-10-08 06:00:00,22.0,89.0,25.0,998.0,4.0,D,6,2010-10-09 06:00:00,,,,0.0,2010-10-08 00:00:00,25.0,0.0,2010-10-07 18:00:00,25.0,0.0,2010-10-07 06:00:00,25.0,0.0
2010-004,2010,BOB,,2010-10-08 12:00:00,23.5,90.5,25.0,1000.0,3.0,D,7,2010-10-09 12:00:00,,,,0.0,2010-10-08 06:00:00,25.0,0.0,2010-10-08 00:00:00,25.0,0.0,2010-10-07 12:00:00,25.0,0.0
2010-004,2010,BOB,,2010-10-08 18:00:00,24.5,91.0,25.0,1002.0,3.0,D,8,2010-10-09 18:00:00,,,,0.0,2010-10-08 12:00:00,25.0,0.0,2010-10-08 06:00:00,25.0,0.0,2010-10-07 18:00:00,25.0,0.0
2010-005,2010,BOB,,2010-10-13 06:00:00,17.5,90.0,25.0,1002.0,4.0,D,0,2010-10-14 06:00:00,25.0,0.0,0.0,,2010-10-13 00:00:00,,,2010-10-12 18:00:00,,,2010-10-12 06:00:00,,
2010-005,2010,BOB,,2010-10-13 12:00:00,17.5,89.0,25.0,998.0,4.0,D,1,2010-10-14 12:00:00,25.0,0.0,0.0,0.0,2010-10-13 06:00:00,25.0,0.0,2010-10-13 00:00:00,,,2010-10-12 12:00:00,,
2010-005,2010,BOB,,2010-10-13 18:00:00,18.0,88.5,25.0,998.0,4.0,D,2,2010-10-14 18:00:00,25.0,0.0,0.0,0.0,2010-10-13 12:00:00,25.0,0.0,2010-10-13 06:00:00,25.0,0.0,2010-10-12 18:00:00,,
2010-005,2010,BOB,,2010-10-14 00:00:00,18.0,88.5,25.0,998.0,4.0,D,3,2010-10-15 00:00:00,25.0,0.0,0.0,0.0,2010-10-13 18:00:00,25.0,0.0,2010-10-13 12:00:00,25.0,0.0,2010-10-13 00:00:00,,
2010-005,2010,BOB,,2010-10-14 03:00:00,18.0,88.5,25.0,998.0,4.0,D,4,2010-10-15 03:00:00,30.0,5.0,0.0,0.0,2010-10-13 21:00:00,,,2010-10-13 15:00:00,,,2010-10-13 03:00:00,,
2010-005,2010,BOB,,2010-10-14 06:00:00,18.0,88.5,25.0,998.0,4.0,D,5,2010-10-15 06:00:00,30.0,5.0,0.0,0.0,2010-10-14 00:00:00,25.0,0.0,2010-10-13 18:00:00,25.0,0.0,2010-10-13 06:00:00,25.0,0.0
2010-005,2010,BOB,,2010-10-14 12:00:00,18.0,88.0,25.0,996.0,4.0,D,6,2010-10-15 12:00:00,30.0,5.0,0.0,0.0,2010-10-14 06:00:00,25.0,0.0,2010-10-14 00:00:00,25.0,0.0,2010-10-13 12:00:00,25.0,0.0
2010-005,2010,BOB,,2010-10-14 18:00:00,18.0,88.0,25.0,996.0,4.0,D,7,2010-10-15 18:00:00,30.0,5.0,0.0,0.0,2010-10-14 12:00:00,25.0,0.0,2010-10-14 06:00:00,25.0,0.0,2010-10-13 18:00:00,25.0,0.0
2010-005,2010,BOB,,2010-10-15 00:00:00,18.5,87.5,25.0,996.0,4.0,D,8,2010-10-16 00:00:00,25.0,0.0,0.0,0.0,2010-10-14 18:00:00,25.0,0.0,2010-10-14 12:00:00,25.0,0.0,2010-10-14 00:00:00,25.0,0.0
2010-005,2010,BOB,,2010-10-15 03:00:00,19.0,87.0,30.0,996.0,5.0,DD,9,2010-10-16 03:00:00,,,,5.0,2010-10-14 21:00:00,,,2010-10-14 15:00:00,,,2010-10-14 03:00:00,25.0,5.0
2010-005,2010,BOB,,2010-10-15 06:00:00,19.5,86.0,30.0,996.0,5.0,DD,10,2010-10-16 06:00:00,,,,0.0,2010-10-15 00:00:00,25.0,5.0,2010-10-14 18:00:00,25.0,5.0,2010-10-14 06:00:00,25.0,5.0
2010-005,2010,BOB,,2010-10-15 12:00:00,19.5,85.5,30.0,995.0,5.0,DD,11,2010-10-16 12:00:00,,,,0.0,2010-10-15 06:00:00,30.0,0.0,2010-10-15 00:00:00,25.0,5.0,2010-10-14 12:00:00,25.0,5.0
2010-005,2010,BOB,,2010-10-15 18:00:00,19.0,84.5,30.0,996.0,5.0,DD,12,2010-10-16 18:00:00,,,,0.0,2010-10-15 12:00:00,30.0,0.0,2010-10-15 06:00:00,30.0,0.0,2010-10-14 18:00:00,25.0,5.0
2010-005,2010,BOB,,2010-10-16 00:00:00,19.0,84.0,25.0,998.0,4.0,D,13,2010-10-17 00:00:00,,,,-5.0,2010-10-15 18:00:00,30.0,-5.0,2010-10-15 12:00:00,30.0,-5.0,2010-10-15 00:00:00,25.0,0.0
2010-006,2010,BOB,GIRI,2010-10-20 12:00:00,17.5,91.5,25.0,1002.0,4.0,D,0,2010-10-21 12:00:00,45.0,20.0,0.0,,2010-10-20 06:00:00,,,2010-10-20 00:00:00,,,2010-10-19 12:00:00,,
2010-006,2010,BOB,GIRI,2010-10-20 18:00:00,17.5,91.5,25.0,1002.0,4.0,D,1,2010-10-21 18:00:00,50.0,25.0,0.0,0.0,2010-10-20 12:00:00,25.0,0.0,2010-10-20 06:00:00,,,2010-10-19 18:00:00,,
2010-006,2010,BOB,GIRI,2010-10-21 00:00:00,17.5,91.5,25.0,1002.0,4.0,D,2,2010-10-22 00:00:00,60.0,35.0,1.0,0.0,2010-10-20 18:00:00,25.0,0.0,2010-10-20 12:00:00,25.0,0.0,2010-10-20 00:00:00,,
2010-006,2010,BOB,GIRI,2010-10-21 03:00:00,17.5,91.5,30.0,1000.0,5.0,DD,3,2010-10-22 03:00:00,80.0,50.0,1.0,5.0,2010-10-20 21:00:00,,,2010-10-20 15:00:00,,,2010-10-20 03:00:00,,
2010-006,2010,BOB,GIRI,2010-10-21 06:00:00,17.5,91.5,35.0,998.0,6.0,CS,4,2010-10-22 06:00:00,90.0,55.0,1.0,5.0,2010-10-21 00:00:00,25.0,10.0,2010-10-20 18:00:00,25.0,10.0,2010-10-20 06:00:00,,
2010-006,2010,BOB,GIRI,2010-10-21 09:00:00,17.5,91.5,40.0,996.0,8.0,CS,5,2010-10-22 09:00:00,105.0,65.0,1.0,5.0,2010-10-21 03:00:00,30.0,10.0,2010-10-20 21:00:00,,,2010-10-20 09:00:00,,
2010-006,2010,BOB,GIRI,2010-10-21 12:00:00,18.0,92.0,45.0,990.0,10.0,CS,6,2010-10-22 12:00:00,105.0,60.0,1.0,5.0,2010-10-21 06:00:00,35.0,10.0,2010-10-21 00:00:00,25.0,20.0,2010-10-20 12:00:00,25.0,20.0
2010-006,2010,BOB,GIRI,2010-10-21 15:00:00,18.0,92.0,45.0,990.0,10.0,CS,7,2010-10-22 15:00:00,80.0,35.0,1.0,0.0,2010-10-21 09:00:00,40.0,5.0,2010-10-21 03:00:00,30.0,15.0,2010-10-20 15:00:00,,
2010-006,2010,BOB,GIRI,2010-10-21 18:00:00,18.0,92.0,50.0,988.0,12.0,CS,8,2010-10-22 18:00:00,70.0,20.0,0.0,5.0,2010-10-21 12:00:00,45.0,5.0,2010-10-21 06:00:00,35.0,15.0,2010-10-20 18:00:00,25.0,25.0
2010-006,2010,BOB,GIRI,2010-10-21 21:00:00,18.5,92.5,55.0,984.0,16.0,CS,9,2010-10-22 21:00:00,55.0,0.0,0.0,5.0,2010-10-21 15:00:00,45.0,10.0,2010-10-21 09:00:00,40.0,15.0,2010-10-20 21:00:00,,
2010-006,2010,BOB,GIRI,2010-10-22 00:00:00,18.5,92.5,60.0,980.0,20.0,SCS,10,2010-10-23 00:00:00,45.0,-15.0,0.0,5.0,2010-10-21 18:00:00,50.0,10.0,2010-10-21 12:00:00,45.0,15.0,2010-10-21 00:00:00,25.0,35.0
2010-006,2010,BOB,GIRI,2010-10-22 03:00:00,19.0,93.0,80.0,974.0,30.0,VSCS,11,2010-10-23 03:00:00,35.0,-45.0,0.0,20.0,2010-10-21 21:00:00,55.0,25.0,2010-10-21 15:00:00,45.0,35.0,2010-10-21 03:00:00,30.0,50.0
2010-006,2010,BOB,GIRI,2010-10-22 06:00:00,19.0,93.0,90.0,964.0,40.0,ESCS,12,2010-10-23 06:00:00,25.0,-65.0,0.0,10.0,2010-10-22 00:00:00,60.0,30.0,2010-10-21 18:00:00,50.0,40.0,2010-10-21 06:00:00,35.0,55.0
2010-006,2010,BOB,GIRI,2010-10-22 09:00:00,19.5,93.5,105.0,950.0,52.0,ESCS,13,2010-10-23 09:00:00,,,,15.0,2010-10-22 03:00:00,80.0,25.0,2010-10-21 21:00:00,55.0,50.0,2010-10-21 09:00:00,40.0,65.0
2010-006,2010,BOB,GIRI,2010-10-22 12:00:00,19.8,93.5,105.0,950.0,52.0,ESCS,14,2010-10-23 12:00:00,,,,0.0,2010-10-22 06:00:00,90.0,15.0,2010-10-22 00:00:00,60.0,45.0,2010-10-21 12:00:00,45.0,60.0
2010-006,2010,BOB,GIRI,2010-10-22 15:00:00,20.0,93.5,80.0,966.0,36.0,VSCS,15,2010-10-23 15:00:00,,,,-25.0,2010-10-22 09:00:00,105.0,-25.0,2010-10-22 03:00:00,80.0,0.0,2010-10-21 15:00:00,45.0,35.0
2010-006,2010,BOB,GIRI,2010-10-22 18:00:00,20.5,94.0,70.0,976.0,26.0,VSCS,16,2010-10-23 18:00:00,,,,-10.0,2010-10-22 12:00:00,105.0,-35.0,2010-10-22 06:00:00,90.0,-20.0,2010-10-21 18:00:00,50.0,20.0
2010-006,2010,BOB,GIRI,2010-10-22 21:00:00,20.5,94.0,55.0,986.0,16.0,SCS,17,2010-10-23 21:00:00,,,,-15.0,2010-10-22 15:00:00,80.0,-25.0,2010-10-22 09:00:00,105.0,-50.0,2010-10-21 21:00:00,55.0,0.0
2010-006,2010,BOB,GIRI,2010-10-23 00:00:00,21.0,94.5,45.0,992.0,10.0,CS,18,2010-10-24 00:00:00,,,,-10.0,2010-10-22 18:00:00,70.0,-25.0,2010-10-22 12:00:00,105.0,-60.0,2010-10-22 00:00:00,60.0,-15.0
2010-006,2010,BOB,GIRI,2010-10-23 03:00:00,21.5,95.0,35.0,996.0,8.0,CS,19,2010-10-24 03:00:00,,,,-10.0,2010-10-22 21:00:00,55.0,-20.0,2010-10-22 15:00:00,80.0,-45.0,2010-10-22 03:00:00,80.0,-45.0
2010-006,2010,BOB,GIRI,2010-10-23 06:00:00,22.0,95.5,25.0,998.0,4.0,D,20,2010-10-24 06:00:00,,,,-10.0,2010-10-23 00:00:00,45.0,-20.0,2010-10-22 18:00:00,70.0,-45.0,2010-10-22 06:00:00,90.0,-65.0
2010-007,2010,BOB,JAL,2010-11-04 00:00:00,8.0,92.0,25.0,1002.0,3.0,D,0,2010-11-05 00:00:00,30.0,5.0,0.0,,2010-11-03 18:00:00,,,2010-11-03 12:00:00,,,2010-11-03 00:00:00,,
2010-007,2010,BOB,JAL,2010-11-04 03:00:00,8.5,91.0,25.0,1002.0,3.0,D,1,2010-11-05 03:00:00,30.0,5.0,0.0,0.0,2010-11-03 21:00:00,,,2010-11-03 15:00:00,,,2010-11-03 03:00:00,,
2010-007,2010,BOB,JAL,2010-11-04 06:00:00,8.5,90.5,25.0,1002.0,3.0,D,2,2010-11-05 06:00:00,35.0,10.0,0.0,0.0,2010-11-04 00:00:00,25.0,0.0,2010-11-03 18:00:00,,,2010-11-03 06:00:00,,
2010-007,2010,BOB,JAL,2010-11-04 12:00:00,8.5,90.0,25.0,1002.0,3.0,D,3,2010-11-05 12:00:00,45.0,20.0,0.0,0.0,2010-11-04 06:00:00,25.0,0.0,2010-11-04 00:00:00,25.0,0.0,2010-11-03 12:00:00,,
2010-007,2010,BOB,JAL,2010-11-04 18:00:00,8.5,89.5,25.0,1002.0,4.0,D,4,2010-11-05 18:00:00,50.0,25.0,0.0,0.0,2010-11-04 12:00:00,25.0,0.0,2010-11-04 06:00:00,25.0,0.0,2010-11-03 18:00:00,,
2010-007,2010,BOB,JAL,2010-11-05 00:00:00,9.0,88.5,30.0,1000.0,5.0,DD,5,2010-11-06 00:00:00,55.0,25.0,0.0,5.0,2010-11-04 18:00:00,25.0,5.0,2010-11-04 12:00:00,25.0,5.0,2010-11-04 00:00:00,25.0,5.0
2010-007,2010,BOB,JAL,2010-11-05 03:00:00,9.0,88.0,30.0,1000.0,5.0,DD,6,2010-11-06 03:00:00,55.0,25.0,0.0,0.0,2010-11-04 21:00:00,,,2010-11-04 15:00:00,,,2010-11-04 03:00:00,25.0,5.0
2010-007,2010,BOB,JAL,2010-11-05 06:00:00,9.0,87.5,35.0,998.0,6.0,CS,7,2010-11-06 06:00:00,55.0,20.0,0.0,5.0,2010-11-05 00:00:00,30.0,5.0,2010-11-04 18:00:00,25.0,10.0,2010-11-04 06:00:00,25.0,10.0
2010-007,2010,BOB,JAL,2010-11-05 09:00:00,9.0,87.5,40.0,996.0,8.0,CS,8,2010-11-06 09:00:00,55.0,15.0,0.0,5.0,2010-11-05 03:00:00,30.0,10.0,2010-11-04 21:00:00,,,2010-11-04 09:00:00,,
2010-007,2010,BOB,JAL,2010-11-05 12:00:00,9.5,87.0,45.0,994.0,10.0,CS,9,2010-11-06 12:00:00,60.0,15.0,0.0,5.0,2010-11-05 06:00:00,35.0,10.0,2010-11-05 00:00:00,30.0,15.0,2010-11-04 12:00:00,25.0,20.0
2010-007,2010,BOB,JAL,2010-11-05 15:00:00,9.5,87.0,45.0,994.0,10.0,CS,10,2010-11-06 15:00:00,60.0,15.0,0.0,0.0,2010-11-05 09:00:00,40.0,5.0,2010-11-05 03:00:00,30.0,15.0,2010-11-04 15:00:00,,
2010-007,2010,BOB,JAL,2010-11-05 18:00:00,10.0,86.5,50.0,992.0,12.0,CS,11,2010-11-06 18:00:00,60.0,10.0,0.0,5.0,2010-11-05 12:00:00,45.0,5.0,2010-11-05 06:00:00,35.0,15.0,2010-11-04 18:00:00,25.0,25.0
2010-007,2010,BOB,JAL,2010-11-05 21:00:00,10.0,86.0,55.0,990.0,16.0,SCS,12,2010-11-06 21:00:00,60.0,5.0,0.0,5.0,2010-11-05 15:00:00,45.0,10.0,2010-11-05 09:00:00,40.0,15.0,2010-11-04 21:00:00,,
2010-007,2010,BOB,JAL,2010-11-06 00:00:00,10.0,85.5,55.0,990.0,16.0,SCS,13,2010-11-07 00:00:00,60.0,5.0,0.0,0.0,2010-11-05 18:00:00,50.0,5.0,2010-11-05 12:00:00,45.0,10.0,2010-11-05 00:00:00,30.0,25.0
2010-007,2010,BOB,JAL,2010-11-06 03:00:00,10.0,85.5,55.0,990.0,16.0,SCS,14,2010-11-07 03:00:00,55.0,0.0,0.0,0.0,2010-11-05 21:00:00,55.0,0.0,2010-11-05 15:00:00,45.0,10.0,2010-11-05 03:00:00,30.0,25.0
2010-007,2010,BOB,JAL,2010-11-06 06:00:00,10.0,85.0,55.0,990.0,16.0,SCS,15,2010-11-07 06:00:00,45.0,-10.0,0.0,0.0,2010-11-06 00:00:00,55.0,0.0,2010-11-05 18:00:00,50.0,5.0,2010-11-05 06:00:00,35.0,20.0
2010-007,2010,BOB,JAL,2010-11-06 09:00:00,10.0,85.0,55.0,990.0,16.0,SCS,16,2010-11-07 09:00:00,40.0,-15.0,0.0,0.0,2010-11-06 03:00:00,55.0,0.0,2010-11-05 21:00:00,55.0,0.0,2010-11-05 09:00:00,40.0,15.0
2010-007,2010,BOB,JAL,2010-11-06 12:00:00,11.0,84.5,60.0,988.0,18.0,SCS,17,2010-11-07 12:00:00,30.0,-30.0,0.0,5.0,2010-11-06 06:00:00,55.0,5.0,2010-11-06 00:00:00,55.0,5.0,2010-11-05 12:00:00,45.0,15.0
2010-007,2010,BOB,JAL,2010-11-06 15:00:00,11.0,84.5,60.0,988.0,18.0,SCS,18,2010-11-07 15:00:00,30.0,-30.0,0.0,0.0,2010-11-06 09:00:00,55.0,5.0,2010-11-06 03:00:00,55.0,5.0,2010-11-05 15:00:00,45.0,15.0
2010-007,2010,BOB,JAL,2010-11-06 18:00:00,11.0,84.0,60.0,988.0,18.0,SCS,19,2010-11-07 18:00:00,30.0,-30.0,0.0,0.0,2010-11-06 12:00:00,60.0,0.0,2010-11-06 06:00:00,55.0,5.0,2010-11-05 18:00:00,50.0,10.0
2010-007,2010,BOB,JAL,2010-11-06 21:00:00,11.0,84.0,60.0,988.0,18.0,SCS,20,2010-11-07 21:00:00,,,,0.0,2010-11-06 15:00:00,60.0,0.0,2010-11-06 09:00:00,55.0,5.0,2010-11-05 21:00:00,55.0,5.0
2010-007,2010,BOB,JAL,2010-11-07 00:00:00,11.0,83.5,60.0,988.0,18.0,SCS,21,2010-11-08 00:00:00,25.0,-35.0,0.0,0.0,2010-11-06 18:00:00,60.0,0.0,2010-11-06 12:00:00,60.0,0.0,2010-11-06 00:00:00,55.0,5.0
2010-007,2010,BOB,JAL,2010-11-07 03:00:00,12.0,83.0,55.0,990.0,16.0,SCS,22,2010-11-08 03:00:00,25.0,-30.0,0.0,-5.0,2010-11-06 21:00:00,60.0,-5.0,2010-11-06 15:00:00,60.0,-5.0,2010-11-06 03:00:00,55.0,0.0
2010-007,2010,BOB,JAL,2010-11-07 06:00:00,12.0,82.5,45.0,992.0,12.0,CS,23,2010-11-08 06:00:00,,,,-10.0,2010-11-07 00:00:00,60.0,-15.0,2010-11-06 18:00:00,60.0,-15.0,2010-11-06 06:00:00,55.0,-10.0
2010-007,2010,BOB,JAL,2010-11-07 09:00:00,12.0,81.5,40.0,994.0,8.0,CS,24,2010-11-08 09:00:00,,,,-5.0,2010-11-07 03:00:00,55.0,-15.0,2010-11-06 21:00:00,60.0,-20.0,2010-11-06 09:00:00,55.0,-15.0
2010-007,2010,BOB,JAL,2010-11-07 12:00:00,13.0,81.0,30.0,996.0,6.0,DD,25,2010-11-08 12:00:00,,,,-10.0,2010-11-07 06:00:00,45.0,-15.0,2010-11-07 00:00:00,60.0,-30.0,2010-11-06 12:00:00,60.0,-30.0
2010-007,2010,BOB,JAL,2010-11-07 15:00:00,13.0,80.5,30.0,998.0,5.0,DD,26,2010-11-08 15:00:00,,,,0.0,2010-11-07 09:00:00,40.0,-10.0,2010-11-07 03:00:00,55.0,-25.0,2010-11-06 15:00:00,60.0,-30.0
2010-007,2010,BOB,JAL,2010-11-07 18:00:00,13.0,80.0,30.0,1000.0,5.0,DD,27,2010-11-08 18:00:00,,,,0.0,2010-11-07 12:00:00,30.0,0.0,2010-11-07 06:00:00,45.0,-15.0,2010-11-06 18:00:00,60.0,-30.0
2010-007,2010,BOB,JAL,2010-11-08 00:00:00,14.0,79.0,25.0,1002.0,4.0,D,28,2010-11-09 00:00:00,,,,-5.0,2010-11-07 18:00:00,30.0,-5.0,2010-11-07 12:00:00,30.0,-5.0,2010-11-07 00:00:00,60.0,-35.0
2010-007,2010,BOB,JAL,2010-11-08 03:00:00,15.0,78.0,25.0,1004.0,3.0,D,29,2010-11-09 03:00:00,,,,0.0,2010-11-07 21:00:00,,,2010-11-07 15:00:00,30.0,-5.0,2010-11-07 03:00:00,55.0,-30.0
2010-008,2010,BOB,,2010-12-07 03:00:00,14.0,82.0,25.0,1000.0,4.0,D,0,2010-12-08 03:00:00,,,,,2010-12-06 21:00:00,,,2010-12-06 15:00:00,,,2010-12-06 03:00:00,,
2010-008,2010,BOB,,2010-12-07 06:00:00,14.5,82.0,25.0,1000.0,4.0,D,1,2010-12-08 06:00:00,,,,0.0,2010-12-07 00:00:00,,,2010-12-06 18:00:00,,,2010-12-06 06:00:00,,
2010-008,2010,BOB,,2010-12-07 12:00:00,15.0,81.5,25.0,1000.0,4.0,D,2,2010-12-08 12:00:00,,,,0.0,2010-12-07 06:00:00,25.0,0.0,2010-12-07 00:00:00,,,2010-12-06 12:00:00,,
2010-008,2010,BOB,,2010-12-07 18:00:00,15.5,81.0,25.0,1000.0,4.0,D,3,2010-12-08 18:00:00,,,,0.0,2010-12-07 12:00:00,25.0,0.0,2010-12-07 06:00:00,25.0,0.0,2010-12-06 18:00:00,,
2010-008,2010,BOB,,2010-12-08 00:00:00,16.0,80.0,20.0,1000.0,4.0,D,4,2010-12-09 00:00:00,,,,-5.0,2010-12-07 18:00:00,25.0,-5.0,2010-12-07 12:00:00,25.0,-5.0,2010-12-07 00:00:00,,
2011-001,2011,BOB,,2011-02-02 09:00:00,6.5,82.5,25.0,1002.0,3.0,D,0,2011-02-03 09:00:00,,,,,2011-02-02 03:00:00,,,2011-02-01 21:00:00,,,2011-02-01 09:00:00,,
2011-001,2011,BOB,,2011-02-02 12:00:00,6.5,82.5,25.0,1002.0,3.0,D,1,2011-02-03 12:00:00,,,,0.0,2011-02-02 06:00:00,,,2011-02-02 00:00:00,,,2011-02-01 12:00:00,,
2011-001,2011,BOB,,2011-02-02 18:00:00,6.5,82.5,25.0,1002.0,3.0,D,2,2011-02-03 18:00:00,,,,0.0,2011-02-02 12:00:00,25.0,0.0,2011-02-02 06:00:00,,,2011-02-01 18:00:00,,
2011-003,2011,BOB,,2011-06-16 03:00:00,21.5,89.0,25.0,986.0,6.0,D,0,2011-06-17 03:00:00,30.0,5.0,0.0,,2011-06-15 21:00:00,,,2011-06-15 15:00:00,,,2011-06-15 03:00:00,,
2011-003,2011,BOB,,2011-06-16 06:00:00,21.5,89.0,25.0,986.0,6.0,DD,1,2011-06-17 06:00:00,35.0,10.0,0.0,0.0,2011-06-16 00:00:00,,,2011-06-15 18:00:00,,,2011-06-15 06:00:00,,
2011-003,2011,BOB,,2011-06-16 12:00:00,22.0,89.0,30.0,984.0,6.0,DD,2,2011-06-17 12:00:00,25.0,-5.0,0.0,5.0,2011-06-16 06:00:00,25.0,5.0,2011-06-16 00:00:00,,,2011-06-15 12:00:00,,
2011-003,2011,BOB,,2011-06-16 18:00:00,22.5,89.0,30.0,984.0,6.0,DD,3,2011-06-17 18:00:00,25.0,-5.0,0.0,0.0,2011-06-16 12:00:00,30.0,0.0,2011-06-16 06:00:00,25.0,5.0,2011-06-15 18:00:00,,
2011-003,2011,BOB,,2011-06-17 00:00:00,22.5,89.0,30.0,984.0,6.0,DD,4,2011-06-18 00:00:00,25.0,-5.0,0.0,0.0,2011-06-16 18:00:00,30.0,0.0,2011-06-16 12:00:00,30.0,0.0,2011-06-16 00:00:00,,
2011-003,2011,BOB,,2011-06-17 03:00:00,22.5,89.0,30.0,984.0,8.0,DD,5,2011-06-18 03:00:00,25.0,-5.0,0.0,0.0,2011-06-16 21:00:00,,,2011-06-16 15:00:00,,,2011-06-16 03:00:00,25.0,5.0
2011-003,2011,BOB,,2011-06-17 06:00:00,22.8,88.5,35.0,978.0,12.0,DD,6,2011-06-18 06:00:00,25.0,-10.0,0.0,5.0,2011-06-17 00:00:00,30.0,5.0,2011-06-16 18:00:00,30.0,5.0,2011-06-16 06:00:00,25.0,10.0
2011-003,2011,BOB,,2011-06-17 12:00:00,23.0,88.0,25.0,982.0,10.0,DD,7,2011-06-18 12:00:00,25.0,0.0,0.0,-10.0,2011-06-17 06:00:00,35.0,-10.0,2011-06-17 00:00:00,30.0,-5.0,2011-06-16 12:00:00,30.0,-5.0
2011-003,2011,BOB,,2011-06-17 18:00:00,23.0,88.0,25.0,984.0,8.0,DD,8,2011-06-18 18:00:00,25.0,0.0,0.0,0.0,2011-06-17 12:00:00,25.0,0.0,2011-06-17 06:00:00,35.0,-10.0,2011-06-16 18:00:00,30.0,-5.0
2011-003,2011,BOB,,2011-06-18 00:00:00,23.0,87.5,25.0,984.0,8.0,DD,9,2011-06-19 00:00:00,25.0,0.0,0.0,0.0,2011-06-17 18:00:00,25.0,0.0,2011-06-17 12:00:00,25.0,0.0,2011-06-17 00:00:00,30.0,-5.0
2011-003,2011,BOB,,2011-06-18 03:00:00,23.0,87.0,25.0,984.0,8.0,DD,10,2011-06-19 03:00:00,25.0,0.0,0.0,0.0,2011-06-17 21:00:00,,,2011-06-17 15:00:00,,,2011-06-17 03:00:00,30.0,-5.0
2011-003,2011,BOB,,2011-06-18 06:00:00,23.0,87.0,25.0,984.0,8.0,DD,11,2011-06-19 06:00:00,25.0,0.0,0.0,0.0,2011-06-18 00:00:00,25.0,0.0,2011-06-17 18:00:00,25.0,0.0,2011-06-17 06:00:00,35.0,-10.0
2011-003,2011,BOB,,2011-06-18 12:00:00,23.0,87.0,25.0,984.0,8.0,DD,12,2011-06-19 12:00:00,25.0,0.0,0.0,0.0,2011-06-18 06:00:00,25.0,0.0,2011-06-18 00:00:00,25.0,0.0,2011-06-17 12:00:00,25.0,0.0
2011-003,2011,BOB,,2011-06-18 18:00:00,23.0,86.5,25.0,986.0,8.0,DD,13,2011-06-19 18:00:00,25.0,0.0,0.0,0.0,2011-06-18 12:00:00,25.0,0.0,2011-06-18 06:00:00,25.0,0.0,2011-06-17 18:00:00,25.0,0.0
2011-003,2011,BOB,,2011-06-19 00:00:00,23.0,86.0,25.0,986.0,8.0,DD,14,2011-06-20 00:00:00,25.0,0.0,0.0,0.0,2011-06-18 18:00:00,25.0,0.0,2011-06-18 12:00:00,25.0,0.0,2011-06-18 00:00:00,25.0,0.0
2011-003,2011,BOB,,2011-06-19 03:00:00,23.5,85.5,25.0,987.0,8.0,DD,15,2011-06-20 03:00:00,25.0,0.0,0.0,0.0,2011-06-18 21:00:00,,,2011-06-18 15:00:00,,,2011-06-18 03:00:00,25.0,0.0
2011-003,2011,BOB,,2011-06-19 06:00:00,23.5,85.5,25.0,987.0,8.0,DD,16,2011-06-20 06:00:00,20.0,-5.0,0.0,0.0,2011-06-19 00:00:00,25.0,0.0,2011-06-18 18:00:00,25.0,0.0,2011-06-18 06:00:00,25.0,0.0
2011-003,2011,BOB,,2011-06-19 12:00:00,23.5,85.0,25.0,987.0,7.0,DD,17,2011-06-20 12:00:00,20.0,-5.0,0.0,0.0,2011-06-19 06:00:00,25.0,0.0,2011-06-19 00:00:00,25.0,0.0,2011-06-18 12:00:00,25.0,0.0
2011-003,2011,BOB,,2011-06-19 18:00:00,23.5,84.5,25.0,987.0,7.0,DD,18,2011-06-20 18:00:00,20.0,-5.0,0.0,0.0,2011-06-19 12:00:00,25.0,0.0,2011-06-19 06:00:00,25.0,0.0,2011-06-18 18:00:00,25.0,0.0
2011-003,2011,BOB,,2011-06-20 00:00:00,23.5,84.0,25.0,987.0,7.0,DD,19,2011-06-21 00:00:00,20.0,-5.0,0.0,0.0,2011-06-19 18:00:00,25.0,0.0,2011-06-19 12:00:00,25.0,0.0,2011-06-19 00:00:00,25.0,0.0
2011-003,2011,BOB,,2011-06-20 03:00:00,23.7,83.5,25.0,987.0,7.0,DD,20,2011-06-21 03:00:00,20.0,-5.0,0.0,0.0,2011-06-19 21:00:00,,,2011-06-19 15:00:00,,,2011-06-19 03:00:00,25.0,0.0
2011-003,2011,BOB,,2011-06-20 06:00:00,23.7,83.5,20.0,990.0,4.0,D,21,2011-06-21 06:00:00,20.0,0.0,0.0,-5.0,2011-06-20 00:00:00,25.0,-5.0,2011-06-19 18:00:00,25.0,-5.0,2011-06-19 06:00:00,25.0,-5.0
2011-003,2011,BOB,,2011-06-20 12:00:00,24.0,83.0,20.0,990.0,4.0,D,22,2011-06-21 12:00:00,20.0,0.0,0.0,0.0,2011-06-20 06:00:00,20.0,0.0,2011-06-20 00:00:00,25.0,-5.0,2011-06-19 12:00:00,25.0,-5.0
2011-003,2011,BOB,,2011-06-20 18:00:00,24.0,83.0,20.0,990.0,4.0,D,23,2011-06-21 18:00:00,20.0,0.0,0.0,0.0,2011-06-20 12:00:00,20.0,0.0,2011-06-20 06:00:00,20.0,0.0,2011-06-19 18:00:00,25.0,-5.0
2011-003,2011,BOB,,2011-06-21 00:00:00,24.5,82.5,20.0,990.0,4.0,D,24,2011-06-22 00:00:00,20.0,0.0,0.0,0.0,2011-06-20 18:00:00,20.0,0.0,2011-06-20 12:00:00,20.0,0.0,2011-06-20 00:00:00,25.0,-5.0
2011-003,2011,BOB,,2011-06-21 03:00:00,24.5,82.0,20.0,990.0,4.0,D,25,2011-06-22 03:00:00,20.0,0.0,0.0,0.0,2011-06-20 21:00:00,,,2011-06-20 15:00:00,,,2011-06-20 03:00:00,25.0,-5.0
2011-003,2011,BOB,,2011-06-21 06:00:00,24.5,81.5,20.0,990.0,4.0,D,26,2011-06-22 06:00:00,20.0,0.0,0.0,0.0,2011-06-21 00:00:00,20.0,0.0,2011-06-20 18:00:00,20.0,0.0,2011-06-20 06:00:00,20.0,0.0
2011-003,2011,BOB,,2011-06-21 12:00:00,24.5,81.0,20.0,990.0,4.0,D,27,2011-06-22 12:00:00,20.0,0.0,0.0,0.0,2011-06-21 06:00:00,20.0,0.0,2011-06-21 00:00:00,20.0,0.0,2011-06-20 12:00:00,20.0,0.0
2011-003,2011,BOB,,2011-06-21 18:00:00,24.5,81.0,20.0,990.0,4.0,D,28,2011-06-22 18:00:00,20.0,0.0,0.0,0.0,2011-06-21 12:00:00,20.0,0.0,2011-06-21 06:00:00,20.0,0.0,2011-06-20 18:00:00,20.0,0.0
2011-003,2011,BOB,,2011-06-22 00:00:00,24.5,80.5,20.0,991.0,4.0,D,29,2011-06-23 00:00:00,,,,0.0,2011-06-21 18:00:00,20.0,0.0,2011-06-21 12:00:00,20.0,0.0,2011-06-21 00:00:00,20.0,0.0
2011-003,2011,BOB,,2011-06-22 03:00:00,24.5,80.0,20.0,992.0,3.0,D,30,2011-06-23 03:00:00,,,,0.0,2011-06-21 21:00:00,,,2011-06-21 15:00:00,,,2011-06-21 03:00:00,20.0,0.0
2011-003,2011,BOB,,2011-06-22 06:00:00,24.5,80.0,20.0,992.0,3.0,D,31,2011-06-23 06:00:00,,,,0.0,2011-06-22 00:00:00,20.0,0.0,2011-06-21 18:00:00,20.0,0.0,2011-06-21 06:00:00,20.0,0.0
2011-003,2011,BOB,,2011-06-22 12:00:00,24.5,79.1,20.0,994.0,3.0,D,32,2011-06-23 12:00:00,,,,0.0,2011-06-22 06:00:00,20.0,0.0,2011-06-22 00:00:00,20.0,0.0,2011-06-21 12:00:00,20.0,0.0
2011-003,2011,BOB,,2011-06-22 18:00:00,24.5,78.5,20.0,992.0,3.0,D,33,2011-06-23 18:00:00,,,,0.0,2011-06-22 12:00:00,20.0,0.0,2011-06-22 06:00:00,20.0,0.0,2011-06-21 18:00:00,20.0,0.0
2011-005,2011,BOB,,2011-09-22 03:00:00,21.5,87.5,25.0,998.0,4.0,D,0,2011-09-23 03:00:00,25.0,0.0,0.0,,2011-09-21 21:00:00,,,2011-09-21 15:00:00,,,2011-09-21 03:00:00,,
2011-005,2011,BOB,,2011-09-22 06:00:00,21.6,87.3,25.0,998.0,4.0,D,1,2011-09-23 06:00:00,25.0,0.0,0.0,0.0,2011-09-22 00:00:00,,,2011-09-21 18:00:00,,,2011-09-21 06:00:00,,
2011-005,2011,BOB,,2011-09-22 12:00:00,21.7,87.2,25.0,995.0,4.0,D,2,2011-09-23 12:00:00,,,,0.0,2011-09-22 06:00:00,25.0,0.0,2011-09-22 00:00:00,,,2011-09-21 12:00:00,,
2011-005,2011,BOB,,2011-09-22 18:00:00,21.8,87.0,25.0,998.0,4.0,D,3,2011-09-23 18:00:00,,,,0.0,2011-09-22 12:00:00,25.0,0.0,2011-09-22 06:00:00,25.0,0.0,2011-09-21 18:00:00,,
2011-005,2011,BOB,,2011-09-23 00:00:00,22.5,86.5,25.0,1000.0,4.0,D,4,2011-09-24 00:00:00,,,,0.0,2011-09-22 18:00:00,25.0,0.0,2011-09-22 12:00:00,25.0,0.0,2011-09-22 00:00:00,,
2011-005,2011,BOB,,2011-09-23 03:00:00,22.5,86.5,25.0,1002.0,4.0,D,5,2011-09-24 03:00:00,,,,0.0,2011-09-22 21:00:00,,,2011-09-22 15:00:00,,,2011-09-22 03:00:00,25.0,0.0
2011-005,2011,BOB,,2011-09-23 06:00:00,22.5,86.5,25.0,1004.0,4.0,D,6,2011-09-24 06:00:00,,,,0.0,2011-09-23 00:00:00,25.0,0.0,2011-09-22 18:00:00,25.0,0.0,2011-09-22 06:00:00,25.0,0.0
2011-006,2011,BOB,,2011-10-19 00:00:00,20.0,90.5,25.0,1002.0,3.0,D,0,2011-10-20 00:00:00,25.0,0.0,0.0,,2011-10-18 18:00:00,,,2011-10-18 12:00:00,,,2011-10-18 00:00:00,,
2011-006,2011,BOB,,2011-10-19 03:00:00,20.2,91.0,25.0,1002.0,3.0,D,1,2011-10-20 03:00:00,,,,0.0,2011-10-18 21:00:00,,,2011-10-18 15:00:00,,,2011-10-18 03:00:00,,
2011-006,2011,BOB,,2011-10-19 06:00:00,20.5,91.5,30.0,1002.0,5.0,DD,2,2011-10-20 06:00:00,,,,5.0,2011-10-19 00:00:00,25.0,5.0,2011-10-18 18:00:00,,,2011-10-18 06:00:00,,
2011-006,2011,BOB,,2011-10-19 12:00:00,21.0,92.0,30.0,1002.0,5.0,DD,3,2011-10-20 12:00:00,,,,0.0,2011-10-19 06:00:00,30.0,0.0,2011-10-19 00:00:00,25.0,5.0,2011-10-18 12:00:00,,
2011-006,2011,BOB,,2011-10-19 18:00:00,21.5,92.5,30.0,1002.0,5.0,DD,4,2011-10-20 18:00:00,,,,0.0,2011-10-19 12:00:00,30.0,0.0,2011-10-19 06:00:00,30.0,0.0,2011-10-18 18:00:00,,
2011-006,2011,BOB,,2011-10-20 00:00:00,21.5,93.5,25.0,1004.0,3.0,D,5,2011-10-21 00:00:00,,,,-5.0,2011-10-19 18:00:00,30.0,-5.0,2011-10-19 12:00:00,30.0,-5.0,2011-10-19 00:00:00,25.0,0.0
2011-010,2011,BOB,THANE,2011-12-25 12:00:00,8.5,88.5,25.0,1000.0,3.0,D,0,2011-12-26 12:00:00,30.0,5.0,0.0,,2011-12-25 06:00:00,,,2011-12-25 00:00:00,,,2011-12-24 12:00:00,,
2011-010,2011,BOB,THANE,2011-12-25 18:00:00,9.0,88.0,25.0,1000.0,3.0,D,1,2011-12-26 18:00:00,35.0,10.0,0.0,0.0,2011-12-25 12:00:00,25.0,0.0,2011-12-25 06:00:00,,,2011-12-24 18:00:00,,
2011-010,2011,BOB,THANE,2011-12-26 00:00:00,9.5,87.5,30.0,998.0,4.0,DD,2,2011-12-27 00:00:00,40.0,10.0,0.0,5.0,2011-12-25 18:00:00,25.0,5.0,2011-12-25 12:00:00,25.0,5.0,2011-12-25 00:00:00,,
2011-010,2011,BOB,THANE,2011-12-26 03:00:00,9.5,87.5,30.0,998.0,4.0,DD,3,2011-12-27 03:00:00,40.0,10.0,0.0,0.0,2011-12-25 21:00:00,,,2011-12-25 15:00:00,,,2011-12-25 03:00:00,,
2011-010,2011,BOB,THANE,2011-12-26 06:00:00,10.0,87.5,30.0,998.0,4.0,DD,4,2011-12-27 06:00:00,40.0,10.0,0.0,0.0,2011-12-26 00:00:00,30.0,0.0,2011-12-25 18:00:00,25.0,5.0,2011-12-25 06:00:00,,
2011-010,2011,BOB,THANE,2011-12-26 12:00:00,10.5,87.5,30.0,998.0,5.0,DD,5,2011-12-27 12:00:00,40.0,10.0,0.0,0.0,2011-12-26 06:00:00,30.0,0.0,2011-12-26 00:00:00,30.0,0.0,2011-12-25 12:00:00,25.0,5.0
2011-010,2011,BOB,THANE,2011-12-26 18:00:00,11.0,87.5,35.0,996.0,7.0,CS,6,2011-12-27 18:00:00,45.0,10.0,0.0,5.0,2011-12-26 12:00:00,30.0,5.0,2011-12-26 06:00:00,30.0,5.0,2011-12-25 18:00:00,25.0,10.0
2011-010,2011,BOB,THANE,2011-12-26 21:00:00,11.0,87.5,35.0,996.0,7.0,CS,7,2011-12-27 21:00:00,45.0,10.0,0.0,0.0,2011-12-26 15:00:00,,,2011-12-26 09:00:00,,,2011-12-25 21:00:00,,
2011-010,2011,BOB,THANE,2011-12-27 00:00:00,11.5,87.5,40.0,994.0,8.0,CS,8,2011-12-28 00:00:00,45.0,5.0,0.0,5.0,2011-12-26 18:00:00,35.0,5.0,2011-12-26 12:00:00,30.0,10.0,2011-12-26 00:00:00,30.0,10.0
2011-010,2011,BOB,THANE,2011-12-27 03:00:00,12.0,87.0,40.0,994.0,8.0,CS,9,2011-12-28 03:00:00,45.0,5.0,0.0,0.0,2011-12-26 21:00:00,35.0,5.0,2011-12-26 15:00:00,,,2011-12-26 03:00:00,30.0,10.0
2011-010,2011,BOB,THANE,2011-12-27 06:00:00,12.0,87.0,40.0,994.0,8.0,CS,10,2011-12-28 06:00:00,45.0,5.0,0.0,0.0,2011-12-27 00:00:00,40.0,0.0,2011-12-26 18:00:00,35.0,5.0,2011-12-26 06:00:00,30.0,10.0
2011-010,2011,BOB,THANE,2011-12-27 09:00:00,12.2,86.7,40.0,992.0,10.0,CS,11,2011-12-28 09:00:00,55.0,15.0,0.0,0.0,2011-12-27 03:00:00,40.0,0.0,2011-12-26 21:00:00,35.0,5.0,2011-12-26 09:00:00,,
2011-010,2011,BOB,THANE,2011-12-27 12:00:00,12.5,86.5,40.0,992.0,10.0,CS,12,2011-12-28 12:00:00,65.0,25.0,0.0,0.0,2011-12-27 06:00:00,40.0,0.0,2011-12-27 00:00:00,40.0,0.0,2011-12-26 12:00:00,30.0,10.0
2011-010,2011,BOB,THANE,2011-12-27 15:00:00,12.5,86.5,45.0,992.0,10.0,CS,13,2011-12-28 15:00:00,65.0,20.0,0.0,5.0,2011-12-27 09:00:00,40.0,5.0,2011-12-27 03:00:00,40.0,5.0,2011-12-26 15:00:00,,
2011-010,2011,BOB,THANE,2011-12-27 18:00:00,12.5,86.0,45.0,992.0,12.0,CS,14,2011-12-28 18:00:00,65.0,20.0,0.0,0.0,2011-12-27 12:00:00,40.0,5.0,2011-12-27 06:00:00,40.0,5.0,2011-12-26 18:00:00,35.0,10.0
2011-010,2011,BOB,THANE,2011-12-27 21:00:00,12.5,86.0,45.0,992.0,12.0,CS,15,2011-12-28 21:00:00,65.0,20.0,0.0,0.0,2011-12-27 15:00:00,45.0,0.0,2011-12-27 09:00:00,40.0,5.0,2011-12-26 21:00:00,35.0,10.0
2011-010,2011,BOB,THANE,2011-12-28 00:00:00,12.5,85.5,45.0,992.0,12.0,CS,16,2011-12-29 00:00:00,70.0,25.0,0.0,0.0,2011-12-27 18:00:00,45.0,0.0,2011-12-27 12:00:00,40.0,5.0,2011-12-27 00:00:00,40.0,5.0
2011-010,2011,BOB,THANE,2011-12-28 03:00:00,12.5,85.5,45.0,987.0,14.0,CS,17,2011-12-29 03:00:00,75.0,30.0,1.0,0.0,2011-12-27 21:00:00,45.0,0.0,2011-12-27 15:00:00,45.0,0.0,2011-12-27 03:00:00,40.0,5.0
2011-010,2011,BOB,THANE,2011-12-28 06:00:00,12.5,85.0,45.0,988.0,14.0,CS,18,2011-12-29 06:00:00,75.0,30.0,1.0,0.0,2011-12-28 00:00:00,45.0,0.0,2011-12-27 18:00:00,45.0,0.0,2011-12-27 06:00:00,40.0,5.0
2011-010,2011,BOB,THANE,2011-12-28 09:00:00,12.5,85.0,55.0,986.0,16.0,SCS,19,2011-12-29 09:00:00,75.0,20.0,0.0,10.0,2011-12-28 03:00:00,45.0,10.0,2011-12-27 21:00:00,45.0,10.0,2011-12-27 09:00:00,40.0,15.0
2011-010,2011,BOB,THANE,2011-12-28 12:00:00,12.5,84.5,65.0,982.0,20.0,VSCS,20,2011-12-29 12:00:00,75.0,10.0,0.0,10.0,2011-12-28 06:00:00,45.0,20.0,2011-12-28 00:00:00,45.0,20.0,2011-12-27 12:00:00,40.0,25.0
2011-010,2011,BOB,THANE,2011-12-28 15:00:00,12.5,84.0,65.0,980.0,22.0,VSCS,21,2011-12-29 15:00:00,75.0,10.0,0.0,0.0,2011-12-28 09:00:00,55.0,10.0,2011-12-28 03:00:00,45.0,20.0,2011-12-27 15:00:00,45.0,20.0
2011-010,2011,BOB,THANE,2011-12-28 18:00:00,12.5,84.0,65.0,978.0,24.0,VSCS,22,2011-12-29 18:00:00,75.0,10.0,0.0,0.0,2011-12-28 12:00:00,65.0,0.0,2011-12-28 06:00:00,45.0,20.0,2011-12-27 18:00:00,45.0,20.0
2011-010,2011,BOB,THANE,2011-12-28 21:00:00,12.5,83.5,65.0,976.0,26.0,VSCS,23,2011-12-29 21:00:00,75.0,10.0,0.0,0.0,2011-12-28 15:00:00,65.0,0.0,2011-12-28 09:00:00,55.0,10.0,2011-12-27 21:00:00,45.0,20.0
2011-010,2011,BOB,THANE,2011-12-29 00:00:00,12.3,83.0,70.0,974.0,28.0,VSCS,24,2011-12-30 00:00:00,75.0,5.0,0.0,5.0,2011-12-28 18:00:00,65.0,5.0,2011-12-28 12:00:00,65.0,5.0,2011-12-28 00:00:00,45.0,25.0
2011-010,2011,BOB,THANE,2011-12-29 03:00:00,12.0,82.5,75.0,976.0,30.0,VSCS,25,2011-12-30 03:00:00,55.0,-20.0,0.0,5.0,2011-12-28 21:00:00,65.0,10.0,2011-12-28 15:00:00,65.0,10.0,2011-12-28 03:00:00,45.0,30.0
2011-010,2011,BOB,THANE,2011-12-29 06:00:00,12.0,82.0,75.0,972.0,30.0,VSCS,26,2011-12-30 06:00:00,30.0,-45.0,0.0,0.0,2011-12-29 00:00:00,70.0,5.0,2011-12-28 18:00:00,65.0,10.0,2011-12-28 06:00:00,45.0,30.0
2011-010,2011,BOB,THANE,2011-12-29 09:00:00,12.0,81.7,75.0,972.0,30.0,VSCS,27,2011-12-30 09:00:00,,,,0.0,2011-12-29 03:00:00,75.0,0.0,2011-12-28 21:00:00,65.0,10.0,2011-12-28 09:00:00,55.0,20.0
2011-010,2011,BOB,THANE,2011-12-29 12:00:00,12.0,81.3,75.0,972.0,30.0,VSCS,28,2011-12-30 12:00:00,25.0,-50.0,0.0,0.0,2011-12-29 06:00:00,75.0,0.0,2011-12-29 00:00:00,70.0,5.0,2011-12-28 12:00:00,65.0,10.0
2011-010,2011,BOB,THANE,2011-12-29 15:00:00,12.0,81.0,75.0,970.0,30.0,VSCS,29,2011-12-30 15:00:00,,,,0.0,2011-12-29 09:00:00,75.0,0.0,2011-12-29 03:00:00,75.0,0.0,2011-12-28 15:00:00,65.0,10.0
2011-010,2011,BOB,THANE,2011-12-29 18:00:00,11.8,80.6,75.0,970.0,30.0,VSCS,30,2011-12-30 18:00:00,,,,0.0,2011-12-29 12:00:00,75.0,0.0,2011-12-29 06:00:00,75.0,0.0,2011-12-28 18:00:00,65.0,10.0
2011-010,2011,BOB,THANE,2011-12-29 21:00:00,11.8,80.3,75.0,969.0,30.0,VSCS,31,2011-12-30 21:00:00,,,,0.0,2011-12-29 15:00:00,75.0,0.0,2011-12-29 09:00:00,75.0,0.0,2011-12-28 21:00:00,65.0,10.0
2011-010,2011,BOB,THANE,2011-12-30 00:00:00,11.6,79.9,75.0,969.0,30.0,VSCS,32,2011-12-31 00:00:00,,,,0.0,2011-12-29 18:00:00,75.0,0.0,2011-12-29 12:00:00,75.0,0.0,2011-12-29 00:00:00,70.0,5.0
2011-010,2011,BOB,THANE,2011-12-30 03:00:00,11.6,79.5,55.0,986.0,16.0,SCS,33,2011-12-31 03:00:00,,,,-20.0,2011-12-29 21:00:00,75.0,-20.0,2011-12-29 15:00:00,75.0,-20.0,2011-12-29 03:00:00,75.0,-20.0
2011-010,2011,BOB,THANE,2011-12-30 06:00:00,11.6,79.0,30.0,998.0,5.0,DD,34,2011-12-31 06:00:00,,,,-25.0,2011-12-30 00:00:00,75.0,-45.0,2011-12-29 18:00:00,75.0,-45.0,2011-12-29 06:00:00,75.0,-45.0
2011-010,2011,BOB,THANE,2011-12-30 12:00:00,11.6,78.2,25.0,1000.0,3.0,D,35,2011-12-31 12:00:00,,,,-5.0,2011-12-30 06:00:00,30.0,-5.0,2011-12-30 00:00:00,75.0,-50.0,2011-12-29 12:00:00,75.0,-50.0
2012-001,2012,BOB,,2012-10-10 12:00:00,21.0,91.0,25.0,1003.0,3.0,D,0,2012-10-11 12:00:00,,,,,2012-10-10 06:00:00,,,2012-10-10 00:00:00,,,2012-10-09 12:00:00,,
2012-001,2012,BOB,,2012-10-10 15:00:00,21.5,91.0,25.0,1003.0,4.0,D,1,2012-10-11 15:00:00,,,,0.0,2012-10-10 09:00:00,,,2012-10-10 03:00:00,,,2012-10-09 15:00:00,,
2012-001,2012,BOB,,2012-10-10 18:00:00,22.0,91.0,30.0,1002.0,5.0,DD,2,2012-10-11 18:00:00,,,,5.0,2012-10-10 12:00:00,25.0,5.0,2012-10-10 06:00:00,,,2012-10-09 18:00:00,,
2012-001,2012,BOB,,2012-10-11 00:00:00,22.5,91.3,30.0,1002.0,5.0,DD,3,2012-10-12 00:00:00,,,,0.0,2012-10-10 18:00:00,30.0,0.0,2012-10-10 12:00:00,25.0,5.0,2012-10-10 00:00:00,,
2012-001,2012,BOB,,2012-10-11 03:00:00,23.0,91.5,20.0,1006.0,3.0,D,4,2012-10-12 03:00:00,,,,-10.0,2012-10-10 21:00:00,,,2012-10-10 15:00:00,25.0,-5.0,2012-10-10 03:00:00,,
2012-003,2012,BOB,NILAM,2012-10-28 06:00:00,9.5,86.0,25.0,1004.0,2.0,D,0,2012-10-29 06:00:00,30.0,5.0,0.0,,2012-10-28 00:00:00,,,2012-10-27 18:00:00,,,2012-10-27 06:00:00,,
2012-003,2012,BOB,NILAM,2012-10-28 12:00:00,9.5,85.0,25.0,1003.0,3.0,D,1,2012-10-29 12:00:00,30.0,5.0,0.0,0.0,2012-10-28 06:00:00,25.0,0.0,2012-10-28 00:00:00,,,2012-10-27 12:00:00,,
2012-003,2012,BOB,NILAM,2012-10-28 18:00:00,9.5,84.5,25.0,1002.0,4.0,D,2,2012-10-29 18:00:00,30.0,5.0,0.0,0.0,2012-10-28 12:00:00,25.0,0.0,2012-10-28 06:00:00,25.0,0.0,2012-10-27 18:00:00,,
2012-003,2012,BOB,NILAM,2012-10-29 00:00:00,9.5,84.0,30.0,1000.0,4.0,DD,3,2012-10-30 00:00:00,30.0,0.0,0.0,5.0,2012-10-28 18:00:00,25.0,5.0,2012-10-28 12:00:00,25.0,5.0,2012-10-28 00:00:00,,
2012-003,2012,BOB,NILAM,2012-10-29 03:00:00,9.5,83.5,30.0,1000.0,4.0,DD,4,2012-10-30 03:00:00,35.0,5.0,0.0,0.0,2012-10-28 21:00:00,,,2012-10-28 15:00:00,,,2012-10-28 03:00:00,,
2012-003,2012,BOB,NILAM,2012-10-29 06:00:00,9.0,83.0,30.0,1000.0,4.0,DD,5,2012-10-30 06:00:00,35.0,5.0,0.0,0.0,2012-10-29 00:00:00,30.0,0.0,2012-10-28 18:00:00,25.0,5.0,2012-10-28 06:00:00,25.0,5.0
2012-003,2012,BOB,NILAM,2012-10-29 12:00:00,9.0,82.5,30.0,1000.0,4.0,DD,6,2012-10-30 12:00:00,40.0,10.0,0.0,0.0,2012-10-29 06:00:00,30.0,0.0,2012-10-29 00:00:00,30.0,0.0,2012-10-28 12:00:00,25.0,5.0
2012-003,2012,BOB,NILAM,2012-10-29 18:00:00,9.0,82.0,30.0,1000.0,4.0,DD,7,2012-10-30 18:00:00,40.0,10.0,0.0,0.0,2012-10-29 12:00:00,30.0,0.0,2012-10-29 06:00:00,30.0,0.0,2012-10-28 18:00:00,25.0,5.0
2012-003,2012,BOB,NILAM,2012-10-30 00:00:00,9.0,82.0,30.0,999.0,4.0,DD,8,2012-10-31 00:00:00,45.0,15.0,0.0,0.0,2012-10-29 18:00:00,30.0,0.0,2012-10-29 12:00:00,30.0,0.0,2012-10-29 00:00:00,30.0,0.0
2012-003,2012,BOB,NILAM,2012-10-30 03:00:00,9.0,82.0,35.0,998.0,6.0,CS,9,2012-10-31 03:00:00,45.0,10.0,0.0,5.0,2012-10-29 21:00:00,,,2012-10-29 15:00:00,,,2012-10-29 03:00:00,30.0,5.0
2012-003,2012,BOB,NILAM,2012-10-30 06:00:00,9.0,82.0,35.0,996.0,6.0,CS,10,2012-10-31 06:00:00,45.0,10.0,0.0,0.0,2012-10-30 00:00:00,30.0,5.0,2012-10-29 18:00:00,30.0,5.0,2012-10-29 06:00:00,30.0,5.0
2012-003,2012,BOB,NILAM,2012-10-30 09:00:00,9.5,82.0,35.0,996.0,6.0,CS,11,2012-10-31 09:00:00,45.0,10.0,0.0,0.0,2012-10-30 03:00:00,35.0,0.0,2012-10-29 21:00:00,,,2012-10-29 09:00:00,,
2012-003,2012,BOB,NILAM,2012-10-30 12:00:00,9.5,82.0,40.0,994.0,8.0,CS,12,2012-10-31 12:00:00,35.0,-5.0,0.0,5.0,2012-10-30 06:00:00,35.0,5.0,2012-10-30 00:00:00,30.0,10.0,2012-10-29 12:00:00,30.0,10.0
2012-003,2012,BOB,NILAM,2012-10-30 15:00:00,9.5,82.0,40.0,994.0,8.0,CS,13,2012-10-31 15:00:00,35.0,-5.0,0.0,0.0,2012-10-30 09:00:00,35.0,5.0,2012-10-30 03:00:00,35.0,5.0,2012-10-29 15:00:00,,
2012-003,2012,BOB,NILAM,2012-10-30 18:00:00,10.0,82.0,40.0,992.0,8.0,CS,14,2012-10-31 18:00:00,30.0,-10.0,0.0,0.0,2012-10-30 12:00:00,40.0,0.0,2012-10-30 06:00:00,35.0,5.0,2012-10-29 18:00:00,30.0,10.0
2012-003,2012,BOB,NILAM,2012-10-30 21:00:00,10.0,82.0,40.0,990.0,10.0,CS,15,2012-10-31 21:00:00,,,,0.0,2012-10-30 15:00:00,40.0,0.0,2012-10-30 09:00:00,35.0,5.0,2012-10-29 21:00:00,,
2012-003,2012,BOB,NILAM,2012-10-31 00:00:00,10.5,81.5,45.0,988.0,12.0,CS,16,2012-11-01 00:00:00,20.0,-25.0,0.0,5.0,2012-10-30 18:00:00,40.0,5.0,2012-10-30 12:00:00,40.0,5.0,2012-10-30 00:00:00,30.0,15.0
2012-003,2012,BOB,NILAM,2012-10-31 03:00:00,11.0,81.0,45.0,987.0,13.0,CS,17,2012-11-01 03:00:00,20.0,-25.0,0.0,0.0,2012-10-30 21:00:00,40.0,5.0,2012-10-30 15:00:00,40.0,5.0,2012-10-30 03:00:00,35.0,10.0
2012-003,2012,BOB,NILAM,2012-10-31 06:00:00,11.5,81.0,45.0,987.0,13.0,CS,18,2012-11-01 06:00:00,20.0,-25.0,0.0,0.0,2012-10-31 00:00:00,45.0,0.0,2012-10-30 18:00:00,40.0,5.0,2012-10-30 06:00:00,35.0,10.0
2012-003,2012,BOB,NILAM,2012-10-31 09:00:00,12.3,80.5,45.0,987.0,13.0,CS,19,2012-11-01 09:00:00,,,,0.0,2012-10-31 03:00:00,45.0,0.0,2012-10-30 21:00:00,40.0,5.0,2012-10-30 09:00:00,35.0,10.0
2012-003,2012,BOB,NILAM,2012-10-31 12:00:00,12.7,79.8,35.0,991.0,8.0,CS,20,2012-11-01 12:00:00,20.0,-15.0,0.0,-10.0,2012-10-31 06:00:00,45.0,-10.0,2012-10-31 00:00:00,45.0,-10.0,2012-10-30 12:00:00,40.0,-5.0
2012-003,2012,BOB,NILAM,2012-10-31 15:00:00,13.0,79.5,35.0,996.0,7.0,CS,21,2012-11-01 15:00:00,,,,0.0,2012-10-31 09:00:00,45.0,-10.0,2012-10-31 03:00:00,45.0,-10.0,2012-10-30 15:00:00,40.0,-5.0
2012-003,2012,BOB,NILAM,2012-10-31 18:00:00,13.0,78.5,30.0,998.0,5.0,DD,22,2012-11-01 18:00:00,20.0,-10.0,0.0,-5.0,2012-10-31 12:00:00,35.0,-5.0,2012-10-31 06:00:00,45.0,-15.0,2012-10-30 18:00:00,40.0,-10.0
2012-003,2012,BOB,NILAM,2012-11-01 00:00:00,13.0,77.5,20.0,999.0,4.0,D,23,2012-11-02 00:00:00,,,,-10.0,2012-10-31 18:00:00,30.0,-10.0,2012-10-31 12:00:00,35.0,-15.0,2012-10-31 00:00:00,45.0,-25.0
2012-003,2012,BOB,NILAM,2012-11-01 03:00:00,13.5,77.0,20.0,1002.0,3.0,D,24,2012-11-02 03:00:00,,,,0.0,2012-10-31 21:00:00,,,2012-10-31 15:00:00,35.0,-15.0,2012-10-31 03:00:00,45.0,-25.0
2012-003,2012,BOB,NILAM,2012-11-01 06:00:00,13.5,77.0,20.0,1002.0,3.0,D,25,2012-11-02 06:00:00,,,,0.0,2012-11-01 00:00:00,20.0,0.0,2012-10-31 18:00:00,30.0,-10.0,2012-10-31 06:00:00,45.0,-25.0
2012-003,2012,BOB,NILAM,2012-11-01 12:00:00,14.0,77.0,20.0,1002.0,3.0,D,26,2012-11-02 12:00:00,,,,0.0,2012-11-01 06:00:00,20.0,0.0,2012-11-01 00:00:00,20.0,0.0,2012-10-31 12:00:00,35.0,-15.0
2012-003,2012,BOB,NILAM,2012-11-01 18:00:00,14.5,77.0,20.0,1004.0,3.0,D,27,2012-11-02 18:00:00,,,,0.0,2012-11-01 12:00:00,20.0,0.0,2012-11-01 06:00:00,20.0,0.0,2012-10-31 18:00:00,30.0,-10.0
2012-004,2012,BOB,,2012-11-17 06:00:00,15.5,90.0,25.0,1004.0,3.0,D,0,2012-11-18 06:00:00,30.0,5.0,0.0,,2012-11-17 00:00:00,,,2012-11-16 18:00:00,,,2012-11-16 06:00:00,,
2012-004,2012,BOB,,2012-11-17 09:00:00,15.5,89.5,30.0,1003.0,4.0,DD,1,2012-11-18 09:00:00,,,,5.0,2012-11-17 03:00:00,,,2012-11-16 21:00:00,,,2012-11-16 09:00:00,,
2012-004,2012,BOB,,2012-11-17 12:00:00,16.0,89.0,30.0,1002.0,5.0,DD,2,2012-11-18 12:00:00,30.0,0.0,0.0,0.0,2012-11-17 06:00:00,25.0,5.0,2012-11-17 00:00:00,,,2012-11-16 12:00:00,,
2012-004,2012,BOB,,2012-11-17 18:00:00,16.0,89.0,30.0,1002.0,5.0,DD,3,2012-11-18 18:00:00,30.0,0.0,0.0,0.0,2012-11-17 12:00:00,30.0,0.0,2012-11-17 06:00:00,25.0,5.0,2012-11-16 18:00:00,,
2012-004,2012,BOB,,2012-11-18 00:00:00,16.0,88.5,30.0,1002.0,5.0,DD,4,2012-11-19 00:00:00,25.0,-5.0,0.0,0.0,2012-11-17 18:00:00,30.0,0.0,2012-11-17 12:00:00,30.0,0.0,2012-11-17 00:00:00,,
2012-004,2012,BOB,,2012-11-18 03:00:00,16.0,88.5,30.0,1002.0,5.0,DD,5,2012-11-19 03:00:00,25.0,-5.0,0.0,0.0,2012-11-17 21:00:00,,,2012-11-17 15:00:00,,,2012-11-17 03:00:00,,
2012-004,2012,BOB,,2012-11-18 06:00:00,16.0,88.0,30.0,1002.0,5.0,DD,6,2012-11-19 06:00:00,25.0,-5.0,0.0,0.0,2012-11-18 00:00:00,30.0,0.0,2012-11-17 18:00:00,30.0,0.0,2012-11-17 06:00:00,25.0,5.0
2012-004,2012,BOB,,2012-11-18 12:00:00,16.0,87.5,30.0,1002.0,5.0,DD,7,2012-11-19 12:00:00,20.0,-10.0,0.0,0.0,2012-11-18 06:00:00,30.0,0.0,2012-11-18 00:00:00,30.0,0.0,2012-11-17 12:00:00,30.0,0.0
2012-004,2012,BOB,,2012-11-18 18:00:00,16.0,87.5,30.0,1002.0,5.0,DD,8,2012-11-19 18:00:00,,,,0.0,2012-11-18 12:00:00,30.0,0.0,2012-11-18 06:00:00,30.0,0.0,2012-11-17 18:00:00,30.0,0.0
2012-004,2012,BOB,,2012-11-19 00:00:00,15.5,87.0,25.0,1004.0,3.0,D,9,2012-11-20 00:00:00,,,,-5.0,2012-11-18 18:00:00,30.0,-5.0,2012-11-18 12:00:00,30.0,-5.0,2012-11-18 00:00:00,30.0,-5.0
2012-004,2012,BOB,,2012-11-19 03:00:00,15.0,86.5,25.0,1004.0,3.0,D,10,2012-11-20 03:00:00,,,,0.0,2012-11-18 21:00:00,,,2012-11-18 15:00:00,,,2012-11-18 03:00:00,30.0,-5.0
2012-004,2012,BOB,,2012-11-19 06:00:00,15.0,86.5,25.0,1004.0,3.0,D,11,2012-11-20 06:00:00,,,,0.0,2012-11-19 00:00:00,25.0,0.0,2012-11-18 18:00:00,30.0,-5.0,2012-11-18 06:00:00,30.0,-5.0
2012-004,2012,BOB,,2012-11-19 12:00:00,15.0,86.0,20.0,1005.0,3.0,D,12,2012-11-20 12:00:00,,,,-5.0,2012-11-19 06:00:00,25.0,-5.0,2012-11-19 00:00:00,25.0,-5.0,2012-11-18 12:00:00,30.0,-10.0
2013-001,2013,BOB,VIYARU,2013-05-10 09:00:00,5.0,92.0,25.0,1004.0,3.0,D,0,2013-05-11 09:00:00,35.0,10.0,0.0,,2013-05-10 03:00:00,,,2013-05-09 21:00:00,,,2013-05-09 09:00:00,,
2013-001,2013,BOB,VIYARU,2013-05-10 12:00:00,5.5,92.0,30.0,1002.0,5.0,DD,1,2013-05-11 12:00:00,40.0,10.0,0.0,5.0,2013-05-10 06:00:00,,,2013-05-10 00:00:00,,,2013-05-09 12:00:00,,
2013-001,2013,BOB,VIYARU,2013-05-10 18:00:00,6.0,91.5,30.0,1000.0,5.0,DD,2,2013-05-11 18:00:00,40.0,10.0,0.0,0.0,2013-05-10 12:00:00,30.0,0.0,2013-05-10 06:00:00,,,2013-05-09 18:00:00,,
2013-001,2013,BOB,VIYARU,2013-05-11 00:00:00,6.5,91.0,30.0,998.0,6.0,DD,3,2013-05-12 00:00:00,40.0,10.0,0.0,0.0,2013-05-10 18:00:00,30.0,0.0,2013-05-10 12:00:00,30.0,0.0,2013-05-10 00:00:00,,
2013-001,2013,BOB,VIYARU,2013-05-11 03:00:00,7.0,90.5,35.0,996.0,8.0,CS,4,2013-05-12 03:00:00,40.0,5.0,0.0,5.0,2013-05-10 21:00:00,,,2013-05-10 15:00:00,,,2013-05-10 03:00:00,,
2013-001,2013,BOB,VIYARU,2013-05-11 06:00:00,7.5,90.5,35.0,996.0,8.0,CS,5,2013-05-12 06:00:00,40.0,5.0,0.0,0.0,2013-05-11 00:00:00,30.0,5.0,2013-05-10 18:00:00,30.0,5.0,2013-05-10 06:00:00,,
2013-001,2013,BOB,VIYARU,2013-05-11 09:00:00,7.5,90.0,35.0,996.0,8.0,CS,6,2013-05-12 09:00:00,40.0,5.0,0.0,0.0,2013-05-11 03:00:00,35.0,0.0,2013-05-10 21:00:00,,,2013-05-10 09:00:00,25.0,10.0
2013-001,2013,BOB,VIYARU,2013-05-11 12:00:00,8.0,89.5,40.0,994.0,8.0,CS,7,2013-05-12 12:00:00,40.0,0.0,0.0,5.0,2013-05-11 06:00:00,35.0,5.0,2013-05-11 00:00:00,30.0,10.0,2013-05-10 12:00:00,30.0,10.0
2013-001,2013,BOB,VIYARU,2013-05-11 15:00:00,8.5,89.0,40.0,994.0,8.0,CS,8,2013-05-12 15:00:00,40.0,0.0,0.0,0.0,2013-05-11 09:00:00,35.0,5.0,2013-05-11 03:00:00,35.0,5.0,2013-05-10 15:00:00,,
2013-001,2013,BOB,VIYARU,2013-05-11 18:00:00,9.0,89.0,40.0,994.0,8.0,CS,9,2013-05-12 18:00:00,40.0,0.0,0.0,0.0,2013-05-11 12:00:00,40.0,0.0,2013-05-11 06:00:00,35.0,5.0,2013-05-10 18:00:00,30.0,10.0
2013-001,2013,BOB,VIYARU,2013-05-11 21:00:00,9.5,88.5,40.0,994.0,8.0,CS,10,2013-05-12 21:00:00,40.0,0.0,0.0,0.0,2013-05-11 15:00:00,40.0,0.0,2013-05-11 09:00:00,35.0,5.0,2013-05-10 21:00:00,,
2013-001,2013,BOB,VIYARU,2013-05-12 00:00:00,10.0,88.0,40.0,994.0,8.0,CS,11,2013-05-13 00:00:00,40.0,0.0,0.0,0.0,2013-05-11 18:00:00,40.0,0.0,2013-05-11 12:00:00,40.0,0.0,2013-05-11 00:00:00,30.0,10.0
2013-001,2013,BOB,VIYARU,2013-05-12 03:00:00,10.0,87.5,40.0,994.0,8.0,CS,12,2013-05-13 03:00:00,40.0,0.0,0.0,0.0,2013-05-11 21:00:00,40.0,0.0,2013-05-11 15:00:00,40.0,0.0,2013-05-11 03:00:00,35.0,5.0
2013-001,2013,BOB,VIYARU,2013-05-12 06:00:00,10.0,87.5,40.0,994.0,8.0,CS,13,2013-05-13 06:00:00,40.0,0.0,0.0,0.0,2013-05-12 00:00:00,40.0,0.0,2013-05-11 18:00:00,40.0,0.0,2013-05-11 06:00:00,35.0,5.0
2013-001,2013,BOB,VIYARU,2013-05-12 09:00:00,10.5,87.0,40.0,994.0,8.0,CS,14,2013-05-13 09:00:00,40.0,0.0,0.0,0.0,2013-05-12 03:00:00,40.0,0.0,2013-05-11 21:00:00,40.0,0.0,2013-05-11 09:00:00,35.0,5.0
2013-001,2013,BOB,VIYARU,2013-05-12 12:00:00,10.5,87.0,40.0,994.0,8.0,CS,15,2013-05-13 12:00:00,40.0,0.0,0.0,0.0,2013-05-12 06:00:00,40.0,0.0,2013-05-12 00:00:00,40.0,0.0,2013-05-11 12:00:00,40.0,0.0
2013-001,2013,BOB,VIYARU,2013-05-12 15:00:00,10.5,86.5,40.0,994.0,8.0,CS,16,2013-05-13 15:00:00,40.0,0.0,0.0,0.0,2013-05-12 09:00:00,40.0,0.0,2013-05-12 03:00:00,40.0,0.0,2013-05-11 15:00:00,40.0,0.0
2013-001,2013,BOB,VIYARU,2013-05-12 18:00:00,11.0,86.5,40.0,994.0,8.0,CS,17,2013-05-13 18:00:00,40.0,0.0,0.0,0.0,2013-05-12 12:00:00,40.0,0.0,2013-05-12 06:00:00,40.0,0.0,2013-05-11 18:00:00,40.0,0.0
2013-001,2013,BOB,VIYARU,2013-05-12 21:00:00,11.0,86.5,40.0,994.0,8.0,CS,18,2013-05-13 21:00:00,40.0,0.0,0.0,0.0,2013-05-12 15:00:00,40.0,0.0,2013-05-12 09:00:00,40.0,0.0,2013-05-11 21:00:00,40.0,0.0
2013-001,2013,BOB,VIYARU,2013-05-13 00:00:00,11.5,86.5,40.0,994.0,8.0,CS,19,2013-05-14 00:00:00,40.0,0.0,0.0,0.0,2013-05-12 18:00:00,40.0,0.0,2013-05-12 12:00:00,40.0,0.0,2013-05-12 00:00:00,40.0,0.0
2013-001,2013,BOB,VIYARU,2013-05-13 03:00:00,12.0,86.5,40.0,994.0,8.0,CS,20,2013-05-14 03:00:00,40.0,0.0,0.0,0.0,2013-05-12 21:00:00,40.0,0.0,2013-05-12 15:00:00,40.0,0.0,2013-05-12 03:00:00,40.0,0.0
2013-001,2013,BOB,VIYARU,2013-05-13 06:00:00,12.0,86.5,40.0,994.0,8.0,CS,21,2013-05-14 06:00:00,40.0,0.0,0.0,0.0,2013-05-13 00:00:00,40.0,0.0,2013-05-12 18:00:00,40.0,0.0,2013-05-12 06:00:00,40.0,0.0
2013-001,2013,BOB,VIYARU,2013-05-13 09:00:00,12.0,86.0,40.0,994.0,8.0,CS,22,2013-05-14 09:00:00,40.0,0.0,0.0,0.0,2013-05-13 03:00:00,40.0,0.0,2013-05-12 21:00:00,40.0,0.0,2013-05-12 09:00:00,40.0,0.0
2013-001,2013,BOB,VIYARU,2013-05-13 12:00:00,12.0,86.0,40.0,994.0,8.0,CS,23,2013-05-14 12:00:00,40.0,0.0,0.0,0.0,2013-05-13 06:00:00,40.0,0.0,2013-05-13 00:00:00,40.0,0.0,2013-05-12 12:00:00,40.0,0.0
2013-001,2013,BOB,VIYARU,2013-05-13 15:00:00,12.5,86.0,40.0,994.0,8.0,CS,24,2013-05-14 15:00:00,40.0,0.0,0.0,0.0,2013-05-13 09:00:00,40.0,0.0,2013-05-13 03:00:00,40.0,0.0,2013-05-12 15:00:00,40.0,0.0
2013-001,2013,BOB,VIYARU,2013-05-13 18:00:00,12.5,85.5,40.0,994.0,8.0,CS,25,2013-05-14 18:00:00,40.0,0.0,0.0,0.0,2013-05-13 12:00:00,40.0,0.0,2013-05-13 06:00:00,40.0,0.0,2013-05-12 18:00:00,40.0,0.0
2013-001,2013,BOB,VIYARU,2013-05-13 21:00:00,13.0,85.5,40.0,994.0,8.0,CS,26,2013-05-14 21:00:00,40.0,0.0,0.0,0.0,2013-05-13 15:00:00,40.0,0.0,2013-05-13 09:00:00,40.0,0.0,2013-05-12 21:00:00,40.0,0.0
2013-001,2013,BOB,VIYARU,2013-05-14 00:00:00,13.5,85.5,40.0,994.0,8.0,CS,27,2013-05-15 00:00:00,40.0,0.0,0.0,0.0,2013-05-13 18:00:00,40.0,0.0,2013-05-13 12:00:00,40.0,0.0,2013-05-13 00:00:00,40.0,0.0
2013-001,2013,BOB,VIYARU,2013-05-14 03:00:00,13.5,85.5,40.0,994.0,8.0,CS,28,2013-05-15 03:00:00,40.0,0.0,0.0,0.0,2013-05-13 21:00:00,40.0,0.0,2013-05-13 15:00:00,40.0,0.0,2013-05-13 03:00:00,40.0,0.0
2013-001,2013,BOB,VIYARU,2013-05-14 06:00:00,14.0,85.5,40.0,994.0,8.0,CS,29,2013-05-15 06:00:00,45.0,5.0,0.0,0.0,2013-05-14 00:00:00,40.0,0.0,2013-05-13 18:00:00,40.0,0.0,2013-05-13 06:00:00,40.0,0.0
2013-001,2013,BOB,VIYARU,2013-05-14 09:00:00,14.0,85.5,40.0,994.0,8.0,CS,30,2013-05-15 09:00:00,45.0,5.0,0.0,0.0,2013-05-14 03:00:00,40.0,0.0,2013-05-13 21:00:00,40.0,0.0,2013-05-13 09:00:00,40.0,0.0
2013-001,2013,BOB,VIYARU,2013-05-14 12:00:00,14.5,86.0,40.0,994.0,8.0,CS,31,2013-05-15 12:00:00,45.0,5.0,0.0,0.0,2013-05-14 06:00:00,40.0,0.0,2013-05-14 00:00:00,40.0,0.0,2013-05-13 12:00:00,40.0,0.0
2013-001,2013,BOB,VIYARU,2013-05-14 15:00:00,14.5,86.0,40.0,994.0,8.0,CS,32,2013-05-15 15:00:00,45.0,5.0,0.0,0.0,2013-05-14 09:00:00,40.0,0.0,2013-05-14 03:00:00,40.0,0.0,2013-05-13 15:00:00,40.0,0.0
2013-001,2013,BOB,VIYARU,2013-05-14 18:00:00,15.0,86.5,40.0,994.0,8.0,CS,33,2013-05-15 18:00:00,45.0,5.0,0.0,0.0,2013-05-14 12:00:00,40.0,0.0,2013-05-14 06:00:00,40.0,0.0,2013-05-13 18:00:00,40.0,0.0
2013-001,2013,BOB,VIYARU,2013-05-14 21:00:00,15.5,86.5,40.0,994.0,8.0,CS,34,2013-05-15 21:00:00,45.0,5.0,0.0,0.0,2013-05-14 15:00:00,40.0,0.0,2013-05-14 09:00:00,40.0,0.0,2013-05-13 21:00:00,40.0,0.0
2013-001,2013,BOB,VIYARU,2013-05-15 00:00:00,16.0,87.0,40.0,994.0,8.0,CS,35,2013-05-16 00:00:00,45.0,5.0,0.0,0.0,2013-05-14 18:00:00,40.0,0.0,2013-05-14 12:00:00,40.0,0.0,2013-05-14 00:00:00,40.0,0.0
2013-001,2013,BOB,VIYARU,2013-05-15 03:00:00,16.5,87.0,40.0,992.0,8.0,CS,36,2013-05-16 03:00:00,45.0,5.0,0.0,0.0,2013-05-14 21:00:00,40.0,0.0,2013-05-14 15:00:00,40.0,0.0,2013-05-14 03:00:00,40.0,0.0
2013-001,2013,BOB,VIYARU,2013-05-15 06:00:00,17.0,87.5,45.0,990.0,10.0,CS,37,2013-05-16 06:00:00,45.0,0.0,0.0,5.0,2013-05-15 00:00:00,40.0,5.0,2013-05-14 18:00:00,40.0,5.0,2013-05-14 06:00:00,40.0,5.0
2013-001,2013,BOB,VIYARU,2013-05-15 09:00:00,17.5,87.5,45.0,990.0,10.0,CS,38,2013-05-16 09:00:00,40.0,-5.0,0.0,0.0,2013-05-15 03:00:00,40.0,5.0,2013-05-14 21:00:00,40.0,5.0,2013-05-14 09:00:00,40.0,5.0
2013-001,2013,BOB,VIYARU,2013-05-15 12:00:00,18.0,88.0,45.0,990.0,10.0,CS,39,2013-05-16 12:00:00,30.0,-15.0,0.0,0.0,2013-05-15 06:00:00,45.0,0.0,2013-05-15 00:00:00,40.0,5.0,2013-05-14 12:00:00,40.0,5.0
2013-001,2013,BOB,VIYARU,2013-05-15 15:00:00,18.5,88.5,45.0,990.0,10.0,CS,40,2013-05-16 15:00:00,,,,0.0,2013-05-15 09:00:00,45.0,0.0,2013-05-15 03:00:00,40.0,5.0,2013-05-14 15:00:00,40.0,5.0
2013-001,2013,BOB,VIYARU,2013-05-15 18:00:00,19.0,88.5,45.0,990.0,10.0,CS,41,2013-05-16 18:00:00,25.0,-20.0,0.0,0.0,2013-05-15 12:00:00,45.0,0.0,2013-05-15 06:00:00,45.0,0.0,2013-05-14 18:00:00,40.0,5.0
2013-001,2013,BOB,VIYARU,2013-05-15 21:00:00,19.5,89.0,45.0,990.0,10.0,CS,42,2013-05-16 21:00:00,,,,0.0,2013-05-15 15:00:00,45.0,0.0,2013-05-15 09:00:00,45.0,0.0,2013-05-14 21:00:00,40.0,5.0
2013-001,2013,BOB,VIYARU,2013-05-16 00:00:00,20.0,89.5,45.0,990.0,10.0,CS,43,2013-05-17 00:00:00,,,,0.0,2013-05-15 18:00:00,45.0,0.0,2013-05-15 12:00:00,45.0,0.0,2013-05-15 00:00:00,40.0,5.0
2013-001,2013,BOB,VIYARU,2013-05-16 03:00:00,21.0,90.0,45.0,990.0,10.0,CS,44,2013-05-17 03:00:00,,,,0.0,2013-05-15 21:00:00,45.0,0.0,2013-05-15 15:00:00,45.0,0.0,2013-05-15 03:00:00,40.0,5.0
2013-001,2013,BOB,VIYARU,2013-05-16 06:00:00,22.5,91.0,45.0,990.0,10.0,CS,45,2013-05-17 06:00:00,,,,0.0,2013-05-16 00:00:00,45.0,0.0,2013-05-15 18:00:00,45.0,0.0,2013-05-15 06:00:00,45.0,0.0
2013-001,2013,BOB,VIYARU,2013-05-16 09:00:00,23.5,92.0,40.0,994.0,8.0,CS,46,2013-05-17 09:00:00,,,,-5.0,2013-05-16 03:00:00,45.0,-5.0,2013-05-15 21:00:00,45.0,-5.0,2013-05-15 09:00:00,45.0,-5.0
2013-001,2013,BOB,VIYARU,2013-05-16 12:00:00,24.0,92.5,30.0,996.0,6.0,DD,47,2013-05-17 12:00:00,,,,-10.0,2013-05-16 06:00:00,45.0,-15.0,2013-05-16 00:00:00,45.0,-15.0,2013-05-15 12:00:00,45.0,-15.0
2013-001,2013,BOB,VIYARU,2013-05-16 18:00:00,25.0,93.5,25.0,998.0,4.0,D,48,2013-05-17 18:00:00,,,,-5.0,2013-05-16 12:00:00,30.0,-5.0,2013-05-16 06:00:00,45.0,-20.0,2013-05-15 18:00:00,45.0,-20.0
2013-002,2013,BOB,,2013-05-29 03:00:00,21.0,89.5,25.0,996.0,4.0,D,0,2013-05-30 03:00:00,20.0,-5.0,0.0,,2013-05-28 21:00:00,,,2013-05-28 15:00:00,,,2013-05-28 03:00:00,,
2013-002,2013,BOB,,2013-05-29 06:00:00,21.3,89.3,25.0,996.0,4.0,D,1,2013-05-30 06:00:00,20.0,-5.0,0.0,0.0,2013-05-29 00:00:00,,,2013-05-28 18:00:00,,,2013-05-28 06:00:00,,
2013-002,2013,BOB,,2013-05-29 09:00:00,21.5,89.0,25.0,996.0,4.0,D,2,2013-05-30 09:00:00,,,,0.0,2013-05-29 03:00:00,25.0,0.0,2013-05-28 21:00:00,,,2013-05-28 09:00:00,,
2013-002,2013,BOB,,2013-05-29 12:00:00,21.7,88.8,25.0,994.0,4.0,D,3,2013-05-30 12:00:00,20.0,-5.0,0.0,0.0,2013-05-29 06:00:00,25.0,0.0,2013-05-29 00:00:00,,,2013-05-28 12:00:00,,
2013-002,2013,BOB,,2013-05-29 15:00:00,22.0,88.7,20.0,994.0,4.0,D,4,2013-05-30 15:00:00,,,,-5.0,2013-05-29 09:00:00,25.0,-5.0,2013-05-29 03:00:00,25.0,-5.0,2013-05-28 15:00:00,,
2013-002,2013,BOB,,2013-05-29 18:00:00,22.1,88.4,20.0,994.0,4.0,D,5,2013-05-30 18:00:00,20.0,0.0,0.0,0.0,2013-05-29 12:00:00,25.0,-5.0,2013-05-29 06:00:00,25.0,-5.0,2013-05-28 18:00:00,,
2013-002,2013,BOB,,2013-05-30 00:00:00,22.2,87.8,20.0,994.0,4.0,D,6,2013-05-31 00:00:00,20.0,0.0,0.0,0.0,2013-05-29 18:00:00,20.0,0.0,2013-05-29 12:00:00,25.0,-5.0,2013-05-29 00:00:00,,
2013-002,2013,BOB,,2013-05-30 03:00:00,22.3,87.5,20.0,990.0,4.0,D,7,2013-05-31 03:00:00,20.0,0.0,0.0,0.0,2013-05-29 21:00:00,,,2013-05-29 15:00:00,20.0,0.0,2013-05-29 03:00:00,25.0,-5.0
2013-002,2013,BOB,,2013-05-30 06:00:00,22.3,87.5,20.0,990.0,4.0,D,8,2013-05-31 06:00:00,20.0,0.0,0.0,0.0,2013-05-30 00:00:00,20.0,0.0,2013-05-29 18:00:00,20.0,0.0,2013-05-29 06:00:00,25.0,-5.0
2013-002,2013,BOB,,2013-05-30 12:00:00,22.7,87.3,20.0,990.0,4.0,D,9,2013-05-31 12:00:00,,,,0.0,2013-05-30 06:00:00,20.0,0.0,2013-05-30 00:00:00,20.0,0.0,2013-05-29 12:00:00,25.0,-5.0
2013-002,2013,BOB,,2013-05-30 18:00:00,22.8,87.2,20.0,990.0,4.0,D,10,2013-05-31 18:00:00,,,,0.0,2013-05-30 12:00:00,20.0,0.0,2013-05-30 06:00:00,20.0,0.0,2013-05-29 18:00:00,20.0,0.0
2013-002,2013,BOB,,2013-05-31 00:00:00,23.5,87.1,20.0,990.0,4.0,D,11,2013-06-01 00:00:00,,,,0.0,2013-05-30 18:00:00,20.0,0.0,2013-05-30 12:00:00,20.0,0.0,2013-05-30 00:00:00,20.0,0.0
2013-002,2013,BOB,,2013-05-31 03:00:00,24.0,87.0,20.0,990.0,4.0,D,12,2013-06-01 03:00:00,,,,0.0,2013-05-30 21:00:00,,,2013-05-30 15:00:00,,,2013-05-30 03:00:00,20.0,0.0
2013-002,2013,BOB,,2013-05-31 06:00:00,24.5,87.0,20.0,994.0,3.0,D,13,2013-06-01 06:00:00,,,,0.0,2013-05-31 00:00:00,20.0,0.0,2013-05-30 18:00:00,20.0,0.0,2013-05-30 06:00:00,20.0,0.0
2013-002,2013,BOB,,2013-05-31 09:00:00,25.0,87.0,20.0,996.0,3.0,D,14,2013-06-01 09:00:00,,,,0.0,2013-05-31 03:00:00,20.0,0.0,2013-05-30 21:00:00,,,2013-05-30 09:00:00,,
2013-003,2013,BOB,,2013-07-30 03:00:00,21.0,88.0,25.0,990.0,3.0,D,0,2013-07-31 03:00:00,20.0,-5.0,0.0,,2013-07-29 21:00:00,,,2013-07-29 15:00:00,,,2013-07-29 03:00:00,,
2013-003,2013,BOB,,2013-07-30 06:00:00,21.5,87.5,25.0,990.0,3.0,D,1,2013-07-31 06:00:00,20.0,-5.0,0.0,0.0,2013-07-30 00:00:00,,,2013-07-29 18:00:00,,,2013-07-29 06:00:00,,
2013-003,2013,BOB,,2013-07-30 12:00:00,21.7,87.0,25.0,990.0,3.0,D,2,2013-07-31 12:00:00,20.0,-5.0,0.0,0.0,2013-07-30 06:00:00,25.0,0.0,2013-07-30 00:00:00,,,2013-07-29 12:00:00,,
2013-003,2013,BOB,,2013-07-30 18:00:00,21.7,85.5,20.0,992.0,3.0,D,3,2013-07-31 18:00:00,,,,-5.0,2013-07-30 12:00:00,25.0,-5.0,2013-07-30 06:00:00,25.0,-5.0,2013-07-29 18:00:00,,
2013-003,2013,BOB,,2013-07-31 00:00:00,21.8,84.0,20.0,992.0,3.0,D,4,2013-08-01 00:00:00,20.0,0.0,0.0,0.0,2013-07-30 18:00:00,20.0,0.0,2013-07-30 12:00:00,25.0,-5.0,2013-07-30 00:00:00,,
2013-003,2013,BOB,,2013-07-31 03:00:00,21.8,83.0,20.0,992.0,3.0,D,5,2013-08-01 03:00:00,,,,0.0,2013-07-30 21:00:00,,,2013-07-30 15:00:00,,,2013-07-30 03:00:00,25.0,-5.0
2013-003,2013,BOB,,2013-07-31 06:00:00,21.8,82.5,20.0,992.0,3.0,D,6,2013-08-01 06:00:00,,,,0.0,2013-07-31 00:00:00,20.0,0.0,2013-07-30 18:00:00,20.0,0.0,2013-07-30 06:00:00,25.0,-5.0
2013-003,2013,BOB,,2013-07-31 12:00:00,22.0,80.5,20.0,992.0,3.0,D,7,2013-08-01 12:00:00,,,,0.0,2013-07-31 06:00:00,20.0,0.0,2013-07-31 00:00:00,20.0,0.0,2013-07-30 12:00:00,25.0,-5.0
2013-003,2013,BOB,,2013-08-01 00:00:00,22.5,80.0,20.0,992.0,3.0,D,8,2013-08-02 00:00:00,,,,0.0,2013-07-31 18:00:00,,,2013-07-31 12:00:00,20.0,0.0,2013-07-31 00:00:00,20.0,0.0
2013-004,2013,BOB,,2013-08-20 00:00:00,22.0,87.5,25.0,990.0,3.0,D,0,2013-08-21 00:00:00,20.0,-5.0,0.0,,2013-08-19 18:00:00,,,2013-08-19 12:00:00,,,2013-08-19 00:00:00,,
2013-004,2013,BOB,,2013-08-20 03:00:00,22.0,87.5,25.0,990.0,3.0,D,1,2013-08-21 03:00:00,20.0,-5.0,0.0,0.0,2013-08-19 21:00:00,,,2013-08-19 15:00:00,,,2013-08-19 03:00:00,,
2013-004,2013,BOB,,2013-08-20 06:00:00,22.0,87.5,25.0,990.0,3.0,D,2,2013-08-21 06:00:00,20.0,-5.0,0.0,0.0,2013-08-20 00:00:00,25.0,0.0,2013-08-19 18:00:00,,,2013-08-19 06:00:00,,
2013-004,2013,BOB,,2013-08-20 12:00:00,22.3,87.5,25.0,990.0,3.0,D,3,2013-08-21 12:00:00,20.0,-5.0,0.0,0.0,2013-08-20 06:00:00,25.0,0.0,2013-08-20 00:00:00,25.0,0.0,2013-08-19 12:00:00,,
2013-004,2013,BOB,,2013-08-20 18:00:00,22.5,87.5,25.0,990.0,3.0,D,4,2013-08-21 18:00:00,20.0,-5.0,0.0,0.0,2013-08-20 12:00:00,25.0,0.0,2013-08-20 06:00:00,25.0,0.0,2013-08-19 18:00:00,,
2013-004,2013,BOB,,2013-08-21 00:00:00,23.3,87.0,20.0,990.0,3.0,D,5,2013-08-22 00:00:00,20.0,0.0,0.0,-5.0,2013-08-20 18:00:00,25.0,-5.0,2013-08-20 12:00:00,25.0,-5.0,2013-08-20 00:00:00,25.0,-5.0
2013-004,2013,BOB,,2013-08-21 03:00:00,23.3,86.0,20.0,992.0,3.0,D,6,2013-08-22 03:00:00,20.0,0.0,0.0,0.0,2013-08-20 21:00:00,,,2013-08-20 15:00:00,,,2013-08-20 03:00:00,25.0,-5.0
2013-004,2013,BOB,,2013-08-21 06:00:00,23.2,85.7,20.0,992.0,3.0,D,7,2013-08-22 06:00:00,20.0,0.0,0.0,0.0,2013-08-21 00:00:00,20.0,0.0,2013-08-20 18:00:00,25.0,-5.0,2013-08-20 06:00:00,25.0,-5.0
2013-004,2013,BOB,,2013-08-21 12:00:00,23.2,84.0,20.0,991.0,3.0,D,8,2013-08-22 12:00:00,20.0,0.0,0.0,0.0,2013-08-21 06:00:00,20.0,0.0,2013-08-21 00:00:00,20.0,0.0,2013-08-20 12:00:00,25.0,-5.0
2013-004,2013,BOB,,2013-08-21 18:00:00,23.2,82.2,20.0,994.0,3.0,D,9,2013-08-22 18:00:00,,,,0.0,2013-08-21 12:00:00,20.0,0.0,2013-08-21 06:00:00,20.0,0.0,2013-08-20 18:00:00,25.0,-5.0
2013-004,2013,BOB,,2013-08-22 00:00:00,23.2,82.0,20.0,994.0,3.0,D,10,2013-08-23 00:00:00,20.0,0.0,0.0,0.0,2013-08-21 18:00:00,20.0,0.0,2013-08-21 12:00:00,20.0,0.0,2013-08-21 00:00:00,20.0,0.0
2013-004,2013,BOB,,2013-08-22 03:00:00,23.2,80.7,20.0,994.0,3.0,D,11,2013-08-23 03:00:00,,,,0.0,2013-08-21 21:00:00,,,2013-08-21 15:00:00,,,2013-08-21 03:00:00,20.0,0.0
2013-004,2013,BOB,,2013-08-22 06:00:00,23.2,80.3,20.0,996.0,3.0,D,12,2013-08-23 06:00:00,,,,0.0,2013-08-22 00:00:00,20.0,0.0,2013-08-21 18:00:00,20.0,0.0,2013-08-21 06:00:00,20.0,0.0
2013-004,2013,BOB,,2013-08-22 12:00:00,23.0,80.1,20.0,998.0,3.0,D,13,2013-08-23 12:00:00,,,,0.0,2013-08-22 06:00:00,20.0,0.0,2013-08-22 00:00:00,20.0,0.0,2013-08-21 12:00:00,20.0,0.0
2013-004,2013,BOB,,2013-08-23 00:00:00,22.8,79.8,20.0,998.0,3.0,D,14,2013-08-24 00:00:00,,,,0.0,2013-08-22 18:00:00,,,2013-08-22 12:00:00,20.0,0.0,2013-08-22 00:00:00,20.0,0.0
2013-005,2013,BOB,PHAILIN,2013-10-08 03:00:00,12.0,96.0,25.0,1004.0,3.0,D,0,2013-10-09 03:00:00,30.0,5.0,0.0,,2013-10-07 21:00:00,,,2013-10-07 15:00:00,,,2013-10-07 03:00:00,,
2013-005,2013,BOB,PHAILIN,2013-10-08 06:00:00,12.0,95.5,25.0,1004.0,3.0,D,1,2013-10-09 06:00:00,30.0,5.0,0.0,0.0,2013-10-08 00:00:00,,,2013-10-07 18:00:00,,,2013-10-07 06:00:00,,
2013-005,2013,BOB,PHAILIN,2013-10-08 12:00:00,12.0,94.5,25.0,1003.0,4.0,D,2,2013-10-09 12:00:00,35.0,10.0,0.0,0.0,2013-10-08 06:00:00,25.0,0.0,2013-10-08 00:00:00,,,2013-10-07 12:00:00,,
2013-005,2013,BOB,PHAILIN,2013-10-08 18:00:00,12.5,94.0,25.0,1003.0,4.0,D,3,2013-10-09 18:00:00,40.0,15.0,0.0,0.0,2013-10-08 12:00:00,25.0,0.0,2013-10-08 06:00:00,25.0,0.0,2013-10-07 18:00:00,,
2013-005,2013,BOB,PHAILIN,2013-10-09 00:00:00,13.0,93.5,30.0,1002.0,5.0,DD,4,2013-10-10 00:00:00,45.0,15.0,0.0,5.0,2013-10-08 18:00:00,25.0,5.0,2013-10-08 12:00:00,25.0,5.0,2013-10-08 00:00:00,,
2013-005,2013,BOB,PHAILIN,2013-10-09 03:00:00,13.0,93.5,30.0,1001.0,5.0,DD,5,2013-10-10 03:00:00,55.0,25.0,0.0,0.0,2013-10-08 21:00:00,,,2013-10-08 15:00:00,,,2013-10-08 03:00:00,25.0,5.0
2013-005,2013,BOB,PHAILIN,2013-10-09 06:00:00,13.0,93.0,30.0,1000.0,6.0,DD,6,2013-10-10 06:00:00,65.0,35.0,1.0,0.0,2013-10-09 00:00:00,30.0,0.0,2013-10-08 18:00:00,25.0,5.0,2013-10-08 06:00:00,25.0,5.0
2013-005,2013,BOB,PHAILIN,2013-10-09 09:00:00,13.5,92.5,30.0,1000.0,6.0,DD,7,2013-10-10 09:00:00,70.0,40.0,1.0,0.0,2013-10-09 03:00:00,30.0,0.0,2013-10-08 21:00:00,,,2013-10-08 09:00:00,,
2013-005,2013,BOB,PHAILIN,2013-10-09 12:00:00,13.5,92.5,35.0,999.0,7.0,CS,8,2013-10-10 12:00:00,75.0,40.0,1.0,5.0,2013-10-09 06:00:00,30.0,5.0,2013-10-09 00:00:00,30.0,5.0,2013-10-08 12:00:00,25.0,10.0
2013-005,2013,BOB,PHAILIN,2013-10-09 15:00:00,13.6,92.5,35.0,999.0,7.0,CS,9,2013-10-10 15:00:00,90.0,55.0,1.0,0.0,2013-10-09 09:00:00,30.0,5.0,2013-10-09 03:00:00,30.0,5.0,2013-10-08 15:00:00,,
2013-005,2013,BOB,PHAILIN,2013-10-09 18:00:00,14.0,92.0,40.0,998.0,8.0,CS,10,2013-10-10 18:00:00,95.0,55.0,1.0,5.0,2013-10-09 12:00:00,35.0,5.0,2013-10-09 06:00:00,30.0,10.0,2013-10-08 18:00:00,25.0,15.0
2013-005,2013,BOB,PHAILIN,2013-10-09 21:00:00,14.0,92.0,45.0,996.0,10.0,CS,11,2013-10-10 21:00:00,100.0,55.0,1.0,5.0,2013-10-09 15:00:00,35.0,10.0,2013-10-09 09:00:00,30.0,15.0,2013-10-08 21:00:00,,
2013-005,2013,BOB,PHAILIN,2013-10-10 00:00:00,14.5,91.5,45.0,996.0,10.0,CS,12,2013-10-11 00:00:00,110.0,65.0,1.0,0.0,2013-10-09 18:00:00,40.0,5.0,2013-10-09 12:00:00,35.0,10.0,2013-10-09 00:00:00,30.0,15.0
2013-005,2013,BOB,PHAILIN,2013-10-10 03:00:00,14.5,91.0,55.0,990.0,15.0,SCS,13,2013-10-11 03:00:00,115.0,60.0,1.0,10.0,2013-10-09 21:00:00,45.0,10.0,2013-10-09 15:00:00,35.0,20.0,2013-10-09 03:00:00,30.0,25.0
2013-005,2013,BOB,PHAILIN,2013-10-10 06:00:00,15.0,90.5,65.0,984.0,22.0,VSCS,14,2013-10-11 06:00:00,115.0,50.0,1.0,10.0,2013-10-10 00:00:00,45.0,20.0,2013-10-09 18:00:00,40.0,25.0,2013-10-09 06:00:00,30.0,35.0
2013-005,2013,BOB,PHAILIN,2013-10-10 09:00:00,15.0,90.5,70.0,982.0,24.0,VSCS,15,2013-10-11 09:00:00,115.0,45.0,1.0,5.0,2013-10-10 03:00:00,55.0,15.0,2013-10-09 21:00:00,45.0,25.0,2013-10-09 09:00:00,30.0,40.0
2013-005,2013,BOB,PHAILIN,2013-10-10 12:00:00,15.5,90.0,75.0,976.0,30.0,VSCS,16,2013-10-11 12:00:00,115.0,40.0,1.0,5.0,2013-10-10 06:00:00,65.0,10.0,2013-10-10 00:00:00,45.0,30.0,2013-10-09 12:00:00,35.0,40.0
2013-005,2013,BOB,PHAILIN,2013-10-10 15:00:00,15.5,90.0,90.0,966.0,40.0,ESCS,17,2013-10-11 15:00:00,115.0,25.0,0.0,15.0,2013-10-10 09:00:00,70.0,20.0,2013-10-10 03:00:00,55.0,35.0,2013-10-09 15:00:00,35.0,55.0
2013-005,2013,BOB,PHAILIN,2013-10-10 18:00:00,15.5,89.5,95.0,960.0,46.0,ESCS,18,2013-10-11 18:00:00,115.0,20.0,0.0,5.0,2013-10-10 12:00:00,75.0,20.0,2013-10-10 06:00:00,65.0,30.0,2013-10-09 18:00:00,40.0,55.0
2013-005,2013,BOB,PHAILIN,2013-10-10 21:00:00,15.5,89.0,100.0,954.0,52.0,ESCS,19,2013-10-11 21:00:00,115.0,15.0,0.0,5.0,2013-10-10 15:00:00,90.0,10.0,2013-10-10 09:00:00,70.0,30.0,2013-10-09 21:00:00,45.0,55.0
2013-005,2013,BOB,PHAILIN,2013-10-11 00:00:00,16.0,88.5,110.0,946.0,60.0,ESCS,20,2013-10-12 00:00:00,115.0,5.0,0.0,10.0,2013-10-10 18:00:00,95.0,15.0,2013-10-10 12:00:00,75.0,35.0,2013-10-10 00:00:00,45.0,65.0
2013-005,2013,BOB,PHAILIN,2013-10-11 03:00:00,16.0,88.5,115.0,940.0,66.0,ESCS,21,2013-10-12 03:00:00,115.0,0.0,0.0,5.0,2013-10-10 21:00:00,100.0,15.0,2013-10-10 15:00:00,90.0,25.0,2013-10-10 03:00:00,55.0,60.0
2013-005,2013,BOB,PHAILIN,2013-10-11 06:00:00,16.2,88.3,115.0,940.0,66.0,ESCS,22,2013-10-12 06:00:00,115.0,0.0,0.0,0.0,2013-10-11 00:00:00,110.0,5.0,2013-10-10 18:00:00,95.0,20.0,2013-10-10 06:00:00,65.0,50.0
2013-005,2013,BOB,PHAILIN,2013-10-11 09:00:00,16.5,88.0,115.0,940.0,66.0,ESCS,23,2013-10-12 09:00:00,115.0,0.0,0.0,0.0,2013-10-11 03:00:00,115.0,0.0,2013-10-10 21:00:00,100.0,15.0,2013-10-10 09:00:00,70.0,45.0
2013-005,2013,BOB,PHAILIN,2013-10-11 12:00:00,16.8,87.7,115.0,940.0,66.0,ESCS,24,2013-10-12 12:00:00,115.0,0.0,0.0,0.0,2013-10-11 06:00:00,115.0,0.0,2013-10-11 00:00:00,110.0,5.0,2013-10-10 12:00:00,75.0,40.0
2013-005,2013,BOB,PHAILIN,2013-10-11 15:00:00,16.9,87.2,115.0,940.0,66.0,ESCS,25,2013-10-12 15:00:00,115.0,0.0,0.0,0.0,2013-10-11 09:00:00,115.0,0.0,2013-10-11 03:00:00,115.0,0.0,2013-10-10 15:00:00,90.0,25.0
2013-005,2013,BOB,PHAILIN,2013-10-11 18:00:00,17.0,87.0,115.0,940.0,66.0,ESCS,26,2013-10-12 18:00:00,100.0,-15.0,0.0,0.0,2013-10-11 12:00:00,115.0,0.0,2013-10-11 06:00:00,115.0,0.0,2013-10-10 18:00:00,95.0,20.0
2013-005,2013,BOB,PHAILIN,2013-10-11 21:00:00,17.1,86.8,115.0,940.0,66.0,ESCS,27,2013-10-12 21:00:00,90.0,-25.0,0.0,0.0,2013-10-11 15:00:00,115.0,0.0,2013-10-11 09:00:00,115.0,0.0,2013-10-10 21:00:00,100.0,15.0
2013-005,2013,BOB,PHAILIN,2013-10-12 00:00:00,17.5,86.5,115.0,940.0,66.0,ESCS,28,2013-10-13 00:00:00,75.0,-40.0,0.0,0.0,2013-10-11 18:00:00,115.0,0.0,2013-10-11 12:00:00,115.0,0.0,2013-10-11 00:00:00,110.0,5.0
2013-005,2013,BOB,PHAILIN,2013-10-12 03:00:00,17.8,86.0,115.0,940.0,66.0,ESCS,29,2013-10-13 03:00:00,55.0,-60.0,0.0,0.0,2013-10-11 21:00:00,115.0,0.0,2013-10-11 15:00:00,115.0,0.0,2013-10-11 03:00:00,115.0,0.0
2013-005,2013,BOB,PHAILIN,2013-10-12 06:00:00,18.1,85.7,115.0,940.0,66.0,ESCS,30,2013-10-13 06:00:00,40.0,-75.0,0.0,0.0,2013-10-12 00:00:00,115.0,0.0,2013-10-11 18:00:00,115.0,0.0,2013-10-11 06:00:00,115.0,0.0
2013-005,2013,BOB,PHAILIN,2013-10-12 09:00:00,18.6,85.4,115.0,940.0,66.0,ESCS,31,2013-10-13 09:00:00,35.0,-80.0,0.0,0.0,2013-10-12 03:00:00,115.0,0.0,2013-10-11 21:00:00,115.0,0.0,2013-10-11 09:00:00,115.0,0.0
2013-005,2013,BOB,PHAILIN,2013-10-12 12:00:00,18.7,85.2,115.0,940.0,66.0,ESCS,32,2013-10-13 12:00:00,35.0,-80.0,0.0,0.0,2013-10-12 06:00:00,115.0,0.0,2013-10-12 00:00:00,115.0,0.0,2013-10-11 12:00:00,115.0,0.0
2013-005,2013,BOB,PHAILIN,2013-10-12 15:00:00,19.1,85.2,115.0,940.0,66.0,ESCS,33,2013-10-13 15:00:00,,,,0.0,2013-10-12 09:00:00,115.0,0.0,2013-10-12 03:00:00,115.0,0.0,2013-10-11 15:00:00,115.0,0.0
2013-005,2013,BOB,PHAILIN,2013-10-12 18:00:00,19.5,84.8,100.0,956.0,50.0,ESCS,34,2013-10-13 18:00:00,30.0,-70.0,0.0,-15.0,2013-10-12 12:00:00,115.0,-15.0,2013-10-12 06:00:00,115.0,-15.0,2013-10-11 18:00:00,115.0,-15.0
2013-005,2013,BOB,PHAILIN,2013-10-12 21:00:00,20.0,84.5,90.0,966.0,40.0,ESCS,35,2013-10-13 21:00:00,,,,-10.0,2013-10-12 15:00:00,115.0,-25.0,2013-10-12 09:00:00,115.0,-25.0,2013-10-11 21:00:00,115.0,-25.0
2013-005,2013,BOB,PHAILIN,2013-10-13 00:00:00,20.5,84.5,75.0,976.0,30.0,VSCS,36,2013-10-14 00:00:00,30.0,-45.0,0.0,-15.0,2013-10-12 18:00:00,100.0,-25.0,2013-10-12 12:00:00,115.0,-40.0,2013-10-12 00:00:00,115.0,-40.0
2013-005,2013,BOB,PHAILIN,2013-10-13 03:00:00,21.0,84.0,55.0,990.0,15.0,SCS,37,2013-10-14 03:00:00,25.0,-30.0,0.0,-20.0,2013-10-12 21:00:00,90.0,-35.0,2013-10-12 15:00:00,115.0,-60.0,2013-10-12 03:00:00,115.0,-60.0
2013-005,2013,BOB,PHAILIN,2013-10-13 06:00:00,21.5,84.0,40.0,992.0,13.0,CS,38,2013-10-14 06:00:00,25.0,-15.0,0.0,-15.0,2013-10-13 00:00:00,75.0,-35.0,2013-10-12 18:00:00,100.0,-60.0,2013-10-12 06:00:00,115.0,-75.0
2013-005,2013,BOB,PHAILIN,2013-10-13 09:00:00,21.8,83.8,35.0,993.0,12.0,CS,39,2013-10-14 09:00:00,,,,-5.0,2013-10-13 03:00:00,55.0,-20.0,2013-10-12 21:00:00,90.0,-55.0,2013-10-12 09:00:00,115.0,-80.0
2013-005,2013,BOB,PHAILIN,2013-10-13 12:00:00,22.5,83.8,35.0,994.0,10.0,CS,40,2013-10-14 12:00:00,,,,0.0,2013-10-13 06:00:00,40.0,-5.0,2013-10-13 00:00:00,75.0,-40.0,2013-10-12 12:00:00,115.0,-80.0
2013-005,2013,BOB,PHAILIN,2013-10-13 18:00:00,23.0,83.5,30.0,996.0,6.0,DD,41,2013-10-14 18:00:00,,,,-5.0,2013-10-13 12:00:00,35.0,-5.0,2013-10-13 06:00:00,40.0,-10.0,2013-10-12 18:00:00,100.0,-70.0
2013-005,2013,BOB,PHAILIN,2013-10-14 00:00:00,23.5,84.0,30.0,1000.0,5.0,DD,42,2013-10-15 00:00:00,,,,0.0,2013-10-13 18:00:00,30.0,0.0,2013-10-13 12:00:00,35.0,-5.0,2013-10-13 00:00:00,75.0,-45.0
2013-005,2013,BOB,PHAILIN,2013-10-14 03:00:00,24.0,84.1,25.0,1002.0,4.0,D,43,2013-10-15 03:00:00,,,,-5.0,2013-10-13 21:00:00,,,2013-10-13 15:00:00,,,2013-10-13 03:00:00,55.0,-30.0
2013-005,2013,BOB,PHAILIN,2013-10-14 06:00:00,24.5,84.2,25.0,1004.0,3.0,D,44,2013-10-15 06:00:00,,,,0.0,2013-10-14 00:00:00,30.0,-5.0,2013-10-13 18:00:00,30.0,-5.0,2013-10-13 06:00:00,40.0,-15.0
2013-007,2013,BOB,,2013-11-13 00:00:00,11.5,86.5,25.0,1004.0,3.0,D,0,2013-11-14 00:00:00,25.0,0.0,0.0,,2013-11-12 18:00:00,,,2013-11-12 12:00:00,,,2013-11-12 00:00:00,,
2013-007,2013,BOB,,2013-11-13 03:00:00,11.5,86.0,25.0,1004.0,3.0,D,1,2013-11-14 03:00:00,25.0,0.0,0.0,0.0,2013-11-12 21:00:00,,,2013-11-12 15:00:00,,,2013-11-12 03:00:00,,
2013-007,2013,BOB,,2013-11-13 06:00:00,11.5,86.0,25.0,1004.0,3.0,D,2,2013-11-14 06:00:00,25.0,0.0,0.0,0.0,2013-11-13 00:00:00,25.0,0.0,2013-11-12 18:00:00,,,2013-11-12 06:00:00,,
2013-007,2013,BOB,,2013-11-13 12:00:00,11.5,86.0,25.0,1003.0,4.0,D,3,2013-11-14 12:00:00,25.0,0.0,0.0,0.0,2013-11-13 06:00:00,25.0,0.0,2013-11-13 00:00:00,25.0,0.0,2013-11-12 12:00:00,,
2013-007,2013,BOB,,2013-11-13 18:00:00,11.5,85.5,25.0,1003.0,4.0,D,4,2013-11-14 18:00:00,25.0,0.0,0.0,0.0,2013-11-13 12:00:00,25.0,0.0,2013-11-13 06:00:00,25.0,0.0,2013-11-12 18:00:00,,
2013-007,2013,BOB,,2013-11-14 00:00:00,11.5,85.0,25.0,1003.0,4.0,D,5,2013-11-15 00:00:00,25.0,0.0,0.0,0.0,2013-11-13 18:00:00,25.0,0.0,2013-11-13 12:00:00,25.0,0.0,2013-11-13 00:00:00,25.0,0.0
2013-007,2013,BOB,,2013-11-14 03:00:00,11.5,85.0,25.0,1003.0,4.0,D,6,2013-11-15 03:00:00,25.0,0.0,0.0,0.0,2013-11-13 21:00:00,,,2013-11-13 15:00:00,,,2013-11-13 03:00:00,25.0,0.0
2013-007,2013,BOB,,2013-11-14 06:00:00,11.5,85.0,25.0,1003.0,4.0,D,7,2013-11-15 06:00:00,25.0,0.0,0.0,0.0,2013-11-14 00:00:00,25.0,0.0,2013-11-13 18:00:00,25.0,0.0,2013-11-13 06:00:00,25.0,0.0
2013-007,2013,BOB,,2013-11-14 12:00:00,10.5,84.5,25.0,1003.0,4.0,D,8,2013-11-15 12:00:00,25.0,0.0,0.0,0.0,2013-11-14 06:00:00,25.0,0.0,2013-11-14 00:00:00,25.0,0.0,2013-11-13 12:00:00,25.0,0.0
2013-007,2013,BOB,,2013-11-14 18:00:00,10.5,84.5,25.0,1003.0,4.0,D,9,2013-11-15 18:00:00,25.0,0.0,0.0,0.0,2013-11-14 12:00:00,25.0,0.0,2013-11-14 06:00:00,25.0,0.0,2013-11-13 18:00:00,25.0,0.0
2013-007,2013,BOB,,2013-11-15 00:00:00,10.0,84.0,25.0,1003.0,4.0,D,10,2013-11-16 00:00:00,25.0,0.0,0.0,0.0,2013-11-14 18:00:00,25.0,0.0,2013-11-14 12:00:00,25.0,0.0,2013-11-14 00:00:00,25.0,0.0
2013-007,2013,BOB,,2013-11-15 03:00:00,9.5,83.5,25.0,1003.0,4.0,D,11,2013-11-16 03:00:00,25.0,0.0,0.0,0.0,2013-11-14 21:00:00,,,2013-11-14 15:00:00,,,2013-11-14 03:00:00,25.0,0.0
2013-007,2013,BOB,,2013-11-15 06:00:00,9.5,83.5,25.0,1003.0,4.0,D,12,2013-11-16 06:00:00,25.0,0.0,0.0,0.0,2013-11-15 00:00:00,25.0,0.0,2013-11-14 18:00:00,25.0,0.0,2013-11-14 06:00:00,25.0,0.0
2013-007,2013,BOB,,2013-11-15 12:00:00,9.5,83.0,25.0,1003.0,4.0,D,13,2013-11-16 12:00:00,25.0,0.0,0.0,0.0,2013-11-15 06:00:00,25.0,0.0,2013-11-15 00:00:00,25.0,0.0,2013-11-14 12:00:00,25.0,0.0
2013-007,2013,BOB,,2013-11-15 18:00:00,10.0,82.0,25.0,1003.0,4.0,D,14,2013-11-16 18:00:00,25.0,0.0,0.0,0.0,2013-11-15 12:00:00,25.0,0.0,2013-11-15 06:00:00,25.0,0.0,2013-11-14 18:00:00,25.0,0.0
2013-007,2013,BOB,,2013-11-16 00:00:00,10.5,81.5,25.0,1003.0,4.0,D,15,2013-11-17 00:00:00,,,,0.0,2013-11-15 18:00:00,25.0,0.0,2013-11-15 12:00:00,25.0,0.0,2013-11-15 00:00:00,25.0,0.0
2013-007,2013,BOB,,2013-11-16 03:00:00,11.0,80.5,25.0,1003.0,4.0,D,16,2013-11-17 03:00:00,,,,0.0,2013-11-15 21:00:00,,,2013-11-15 15:00:00,,,2013-11-15 03:00:00,25.0,0.0
2013-007,2013,BOB,,2013-11-16 06:00:00,11.0,80.0,25.0,1003.0,4.0,D,17,2013-11-17 06:00:00,,,,0.0,2013-11-16 00:00:00,25.0,0.0,2013-11-15 18:00:00,25.0,0.0,2013-11-15 06:00:00,25.0,0.0
2013-007,2013,BOB,,2013-11-16 09:00:00,11.0,79.5,25.0,1004.0,4.0,D,18,2013-11-17 09:00:00,,,,0.0,2013-11-16 03:00:00,25.0,0.0,2013-11-15 21:00:00,,,2013-11-15 09:00:00,,
2013-007,2013,BOB,,2013-11-16 12:00:00,11.0,79.0,25.0,,3.0,D,19,2013-11-17 12:00:00,,,,0.0,2013-11-16 06:00:00,25.0,0.0,2013-11-16 00:00:00,25.0,0.0,2013-11-15 12:00:00,25.0,0.0
2013-007,2013,BOB,,2013-11-16 18:00:00,11.0,78.0,25.0,,,D,20,2013-11-17 18:00:00,,,,0.0,2013-11-16 12:00:00,25.0,0.0,2013-11-16 06:00:00,25.0,0.0,2013-11-15 18:00:00,25.0,0.0
2013-008,2013,BOB,HELEN,2013-11-19 00:00:00,14.5,86.5,25.0,1004.0,3.0,D,0,2013-11-20 00:00:00,30.0,5.0,0.0,,2013-11-18 18:00:00,,,2013-11-18 12:00:00,,,2013-11-18 00:00:00,,
2013-008,2013,BOB,HELEN,2013-11-19 03:00:00,14.5,86.0,25.0,1004.0,3.0,D,1,2013-11-20 03:00:00,35.0,10.0,0.0,0.0,2013-11-18 21:00:00,,,2013-11-18 15:00:00,,,2013-11-18 03:00:00,,
2013-008,2013,BOB,HELEN,2013-11-19 06:00:00,14.5,85.5,25.0,1004.0,3.0,D,2,2013-11-20 06:00:00,40.0,15.0,0.0,0.0,2013-11-19 00:00:00,25.0,0.0,2013-11-18 18:00:00,,,2013-11-18 06:00:00,,
2013-008,2013,BOB,HELEN,2013-11-19 12:00:00,15.0,85.0,25.0,1004.0,3.0,D,3,2013-11-20 12:00:00,45.0,20.0,0.0,0.0,2013-11-19 06:00:00,25.0,0.0,2013-11-19 00:00:00,25.0,0.0,2013-11-18 12:00:00,,
2013-008,2013,BOB,HELEN,2013-11-19 15:00:00,15.0,85.0,30.0,1002.0,5.0,DD,4,2013-11-20 15:00:00,45.0,15.0,0.0,5.0,2013-11-19 09:00:00,,,2013-11-19 03:00:00,25.0,5.0,2013-11-18 15:00:00,,
2013-008,2013,BOB,HELEN,2013-11-19 18:00:00,15.0,84.5,30.0,1002.0,5.0,DD,5,2013-11-20 18:00:00,45.0,15.0,0.0,0.0,2013-11-19 12:00:00,25.0,5.0,2013-11-19 06:00:00,25.0,5.0,2013-11-18 18:00:00,,
2013-008,2013,BOB,HELEN,2013-11-20 00:00:00,15.0,84.0,30.0,1002.0,5.0,DD,6,2013-11-21 00:00:00,50.0,20.0,0.0,0.0,2013-11-19 18:00:00,30.0,0.0,2013-11-19 12:00:00,25.0,5.0,2013-11-19 00:00:00,25.0,5.0
2013-008,2013,BOB,HELEN,2013-11-20 03:00:00,15.0,84.0,35.0,1000.0,8.0,CS,7,2013-11-21 03:00:00,50.0,15.0,0.0,5.0,2013-11-19 21:00:00,,,2013-11-19 15:00:00,30.0,5.0,2013-11-19 03:00:00,25.0,10.0
2013-008,2013,BOB,HELEN,2013-11-20 06:00:00,15.2,84.0,40.0,1000.0,8.0,CS,8,2013-11-21 06:00:00,55.0,15.0,0.0,5.0,2013-11-20 00:00:00,30.0,10.0,2013-11-19 18:00:00,30.0,10.0,2013-11-19 06:00:00,25.0,15.0
2013-008,2013,BOB,HELEN,2013-11-20 09:00:00,15.2,84.0,40.0,1000.0,8.0,CS,9,2013-11-21 09:00:00,55.0,15.0,0.0,0.0,2013-11-20 03:00:00,35.0,5.0,2013-11-19 21:00:00,,,2013-11-19 09:00:00,,
2013-008,2013,BOB,HELEN,2013-11-20 12:00:00,15.3,83.9,45.0,998.0,10.0,CS,10,2013-11-21 12:00:00,55.0,10.0,0.0,5.0,2013-11-20 06:00:00,40.0,5.0,2013-11-20 00:00:00,30.0,15.0,2013-11-19 12:00:00,25.0,20.0
2013-008,2013,BOB,HELEN,2013-11-20 15:00:00,15.3,83.9,45.0,998.0,10.0,CS,11,2013-11-21 15:00:00,55.0,10.0,0.0,0.0,2013-11-20 09:00:00,40.0,5.0,2013-11-20 03:00:00,35.0,10.0,2013-11-19 15:00:00,30.0,15.0
2013-008,2013,BOB,HELEN,2013-11-20 18:00:00,15.4,83.7,45.0,996.0,10.0,CS,12,2013-11-21 18:00:00,55.0,10.0,0.0,0.0,2013-11-20 12:00:00,45.0,0.0,2013-11-20 06:00:00,40.0,5.0,2013-11-19 18:00:00,30.0,15.0
2013-008,2013,BOB,HELEN,2013-11-20 21:00:00,15.5,83.6,45.0,996.0,10.0,CS,13,2013-11-21 21:00:00,55.0,10.0,0.0,0.0,2013-11-20 15:00:00,45.0,0.0,2013-11-20 09:00:00,40.0,5.0,2013-11-19 21:00:00,,
2013-008,2013,BOB,HELEN,2013-11-21 00:00:00,15.6,83.5,50.0,994.0,15.0,SCS,14,2013-11-22 00:00:00,55.0,5.0,0.0,5.0,2013-11-20 18:00:00,45.0,5.0,2013-11-20 12:00:00,45.0,5.0,2013-11-20 00:00:00,30.0,20.0
2013-008,2013,BOB,HELEN,2013-11-21 03:00:00,15.8,83.4,50.0,992.0,17.0,SCS,15,2013-11-22 03:00:00,55.0,5.0,0.0,0.0,2013-11-20 21:00:00,45.0,5.0,2013-11-20 15:00:00,45.0,5.0,2013-11-20 03:00:00,35.0,15.0
2013-008,2013,BOB,HELEN,2013-11-21 06:00:00,15.9,83.3,55.0,990.0,17.0,SCS,16,2013-11-22 06:00:00,55.0,0.0,0.0,5.0,2013-11-21 00:00:00,50.0,5.0,2013-11-20 18:00:00,45.0,10.0,2013-11-20 06:00:00,40.0,15.0
2013-008,2013,BOB,HELEN,2013-11-21 09:00:00,16.0,83.1,55.0,990.0,17.0,SCS,17,2013-11-22 09:00:00,40.0,-15.0,0.0,0.0,2013-11-21 03:00:00,50.0,5.0,2013-11-20 21:00:00,45.0,10.0,2013-11-20 09:00:00,40.0,15.0
2013-008,2013,BOB,HELEN,2013-11-21 12:00:00,16.1,82.9,55.0,990.0,17.0,SCS,18,2013-11-22 12:00:00,30.0,-25.0,0.0,0.0,2013-11-21 06:00:00,55.0,0.0,2013-11-21 00:00:00,50.0,5.0,2013-11-20 12:00:00,45.0,10.0
2013-008,2013,BOB,HELEN,2013-11-21 15:00:00,16.1,82.7,55.0,990.0,17.0,SCS,19,2013-11-22 15:00:00,,,,0.0,2013-11-21 09:00:00,55.0,0.0,2013-11-21 03:00:00,50.0,5.0,2013-11-20 15:00:00,45.0,10.0
2013-008,2013,BOB,HELEN,2013-11-21 18:00:00,16.2,82.7,55.0,990.0,17.0,SCS,20,2013-11-22 18:00:00,25.0,-30.0,0.0,0.0,2013-11-21 12:00:00,55.0,0.0,2013-11-21 06:00:00,55.0,0.0,2013-11-20 18:00:00,45.0,10.0
2013-008,2013,BOB,HELEN,2013-11-21 21:00:00,16.2,82.3,55.0,990.0,17.0,SCS,21,2013-11-22 21:00:00,,,,0.0,2013-11-21 15:00:00,55.0,0.0,2013-11-21 09:00:00,55.0,0.0,2013-11-20 21:00:00,45.0,10.0
2013-008,2013,BOB,HELEN,2013-11-22 00:00:00,16.2,81.9,55.0,990.0,17.0,SCS,22,2013-11-23 00:00:00,,,,0.0,2013-11-21 18:00:00,55.0,0.0,2013-11-21 12:00:00,55.0,0.0,2013-11-21 00:00:00,50.0,5.0
2013-008,2013,BOB,HELEN,2013-11-22 03:00:00,16.2,81.7,55.0,990.0,17.0,SCS,23,2013-11-23 03:00:00,,,,0.0,2013-11-21 21:00:00,55.0,0.0,2013-11-21 15:00:00,55.0,0.0,2013-11-21 03:00:00,50.0,5.0
2013-008,2013,BOB,HELEN,2013-11-22 06:00:00,16.2,81.3,55.0,990.0,17.0,SCS,24,2013-11-23 06:00:00,,,,0.0,2013-11-22 00:00:00,55.0,0.0,2013-11-21 18:00:00,55.0,0.0,2013-11-21 06:00:00,55.0,0.0
2013-008,2013,BOB,HELEN,2013-11-22 09:00:00,16.1,81.2,40.0,1000.0,8.0,CS,25,2013-11-23 09:00:00,,,,-15.0,2013-11-22 03:00:00,55.0,-15.0,2013-11-21 21:00:00,55.0,-15.0,2013-11-21 09:00:00,55.0,-15.0
2013-008,2013,BOB,HELEN,2013-11-22 12:00:00,15.9,80.7,30.0,1002.0,5.0,DD,26,2013-11-23 12:00:00,,,,-10.0,2013-11-22 06:00:00,55.0,-25.0,2013-11-22 00:00:00,55.0,-25.0,2013-11-21 12:00:00,55.0,-25.0
2013-008,2013,BOB,HELEN,2013-11-22 18:00:00,15.9,80.4,25.0,1004.0,3.0,D,27,2013-11-23 18:00:00,,,,-5.0,2013-11-22 12:00:00,30.0,-5.0,2013-11-22 06:00:00,55.0,-30.0,2013-11-21 18:00:00,55.0,-30.0
2013-009,2013,BOB,LEHAR,2013-11-23 12:00:00,8.5,96.5,25.0,1004.0,3.0,D,0,2013-11-24 12:00:00,45.0,20.0,0.0,,2013-11-23 06:00:00,,,2013-11-23 00:00:00,,,2013-11-22 12:00:00,,
2013-009,2013,BOB,LEHAR,2013-11-23 18:00:00,9.0,96.0,30.0,1002.0,5.0,DD,1,2013-11-24 18:00:00,45.0,15.0,0.0,5.0,2013-11-23 12:00:00,25.0,5.0,2013-11-23 06:00:00,,,2013-11-22 18:00:00,,
2013-009,2013,BOB,LEHAR,2013-11-24 00:00:00,10.0,95.0,35.0,999.0,7.0,CS,2,2013-11-25 00:00:00,55.0,20.0,0.0,5.0,2013-11-23 18:00:00,30.0,5.0,2013-11-23 12:00:00,25.0,10.0,2013-11-23 00:00:00,,
2013-009,2013,BOB,LEHAR,2013-11-24 03:00:00,10.0,95.0,40.0,998.0,8.0,CS,3,2013-11-25 03:00:00,,,,5.0,2013-11-23 21:00:00,,,2013-11-23 15:00:00,,,2013-11-23 03:00:00,,
2013-009,2013,BOB,LEHAR,2013-11-24 06:00:00,10.5,94.5,40.0,998.0,8.0,CS,4,2013-11-25 06:00:00,55.0,15.0,0.0,0.0,2013-11-24 00:00:00,35.0,5.0,2013-11-23 18:00:00,30.0,10.0,2013-11-23 06:00:00,,
2013-009,2013,BOB,LEHAR,2013-11-24 09:00:00,10.7,94.0,45.0,996.0,10.0,CS,5,2013-11-25 09:00:00,60.0,15.0,0.0,5.0,2013-11-24 03:00:00,40.0,5.0,2013-11-23 21:00:00,,,2013-11-23 09:00:00,,
2013-009,2013,BOB,LEHAR,2013-11-24 12:00:00,11.0,93.5,45.0,996.0,10.0,CS,6,2013-11-25 12:00:00,60.0,15.0,0.0,0.0,2013-11-24 06:00:00,40.0,5.0,2013-11-24 00:00:00,35.0,10.0,2013-11-23 12:00:00,25.0,20.0
2013-009,2013,BOB,LEHAR,2013-11-24 15:00:00,11.0,93.5,45.0,996.0,10.0,CS,7,2013-11-25 15:00:00,60.0,15.0,0.0,0.0,2013-11-24 09:00:00,45.0,0.0,2013-11-24 03:00:00,40.0,5.0,2013-11-23 15:00:00,,
2013-009,2013,BOB,LEHAR,2013-11-24 18:00:00,11.5,93.0,45.0,996.0,10.0,CS,8,2013-11-25 18:00:00,55.0,10.0,0.0,0.0,2013-11-24 12:00:00,45.0,0.0,2013-11-24 06:00:00,40.0,5.0,2013-11-23 18:00:00,30.0,15.0
2013-009,2013,BOB,LEHAR,2013-11-24 21:00:00,11.5,92.5,45.0,996.0,12.0,CS,9,2013-11-25 21:00:00,65.0,20.0,0.0,0.0,2013-11-24 15:00:00,45.0,0.0,2013-11-24 09:00:00,45.0,0.0,2013-11-23 21:00:00,,
2013-009,2013,BOB,LEHAR,2013-11-25 00:00:00,12.0,92.5,55.0,992.0,15.0,SCS,10,2013-11-26 00:00:00,70.0,15.0,0.0,10.0,2013-11-24 18:00:00,45.0,10.0,2013-11-24 12:00:00,45.0,10.0,2013-11-24 00:00:00,35.0,20.0
2013-009,2013,BOB,LEHAR,2013-11-25 06:00:00,12.0,91.5,55.0,988.0,17.0,SCS,11,2013-11-26 06:00:00,70.0,15.0,0.0,0.0,2013-11-25 00:00:00,55.0,0.0,2013-11-24 18:00:00,45.0,10.0,2013-11-24 06:00:00,40.0,15.0
2013-009,2013,BOB,LEHAR,2013-11-25 09:00:00,12.0,91.5,60.0,988.0,17.0,SCS,12,2013-11-26 09:00:00,70.0,10.0,0.0,5.0,2013-11-25 03:00:00,,,2013-11-24 21:00:00,45.0,15.0,2013-11-24 09:00:00,45.0,15.0
2013-009,2013,BOB,LEHAR,2013-11-25 12:00:00,12.5,91.5,60.0,988.0,17.0,SCS,13,2013-11-26 12:00:00,70.0,10.0,0.0,0.0,2013-11-25 06:00:00,55.0,5.0,2013-11-25 00:00:00,55.0,5.0,2013-11-24 12:00:00,45.0,15.0
2013-009,2013,BOB,LEHAR,2013-11-25 15:00:00,12.5,91.0,60.0,988.0,17.0,SCS,14,2013-11-26 15:00:00,70.0,10.0,0.0,0.0,2013-11-25 09:00:00,60.0,0.0,2013-11-25 03:00:00,,,2013-11-24 15:00:00,45.0,15.0
2013-009,2013,BOB,LEHAR,2013-11-25 18:00:00,12.5,91.0,55.0,988.0,17.0,SCS,15,2013-11-26 18:00:00,75.0,20.0,0.0,-5.0,2013-11-25 12:00:00,60.0,-5.0,2013-11-25 06:00:00,55.0,0.0,2013-11-24 18:00:00,45.0,10.0
2013-009,2013,BOB,LEHAR,2013-11-25 21:00:00,12.5,91.0,65.0,984.0,22.0,VSCS,16,2013-11-26 21:00:00,75.0,10.0,0.0,10.0,2013-11-25 15:00:00,60.0,5.0,2013-11-25 09:00:00,60.0,5.0,2013-11-24 21:00:00,45.0,20.0
2013-009,2013,BOB,LEHAR,2013-11-26 00:00:00,12.5,90.5,70.0,982.0,24.0,VSCS,17,2013-11-27 00:00:00,75.0,5.0,0.0,5.0,2013-11-25 18:00:00,55.0,15.0,2013-11-25 12:00:00,60.0,10.0,2013-11-25 00:00:00,55.0,15.0
2013-009,2013,BOB,LEHAR,2013-11-26 03:00:00,12.5,90.0,70.0,982.0,24.0,VSCS,18,2013-11-27 03:00:00,75.0,5.0,0.0,0.0,2013-11-25 21:00:00,65.0,5.0,2013-11-25 15:00:00,60.0,10.0,2013-11-25 03:00:00,,
2013-009,2013,BOB,LEHAR,2013-11-26 06:00:00,12.5,89.5,70.0,982.0,24.0,VSCS,19,2013-11-27 06:00:00,70.0,0.0,0.0,0.0,2013-11-26 00:00:00,70.0,0.0,2013-11-25 18:00:00,55.0,15.0,2013-11-25 06:00:00,55.0,15.0
2013-009,2013,BOB,LEHAR,2013-11-26 09:00:00,13.0,89.0,70.0,982.0,24.0,VSCS,20,2013-11-27 09:00:00,65.0,-5.0,0.0,0.0,2013-11-26 03:00:00,70.0,0.0,2013-11-25 21:00:00,65.0,5.0,2013-11-25 09:00:00,60.0,10.0
2013-009,2013,BOB,LEHAR,2013-11-26 12:00:00,13.0,88.5,70.0,982.0,24.0,VSCS,21,2013-11-27 12:00:00,55.0,-15.0,0.0,0.0,2013-11-26 06:00:00,70.0,0.0,2013-11-26 00:00:00,70.0,0.0,2013-11-25 12:00:00,60.0,10.0
2013-009,2013,BOB,LEHAR,2013-11-26 15:00:00,13.0,88.5,70.0,982.0,24.0,VSCS,22,2013-11-27 15:00:00,55.0,-15.0,0.0,0.0,2013-11-26 09:00:00,70.0,0.0,2013-11-26 03:00:00,70.0,0.0,2013-11-25 15:00:00,60.0,10.0
2013-009,2013,BOB,LEHAR,2013-11-26 18:00:00,13.1,88.0,75.0,980.0,26.0,VSCS,23,2013-11-27 18:00:00,45.0,-30.0,0.0,5.0,2013-11-26 12:00:00,70.0,5.0,2013-11-26 06:00:00,70.0,5.0,2013-11-25 18:00:00,55.0,20.0
2013-009,2013,BOB,LEHAR,2013-11-26 21:00:00,13.2,87.5,75.0,980.0,26.0,VSCS,24,2013-11-27 21:00:00,40.0,-35.0,0.0,0.0,2013-11-26 15:00:00,70.0,5.0,2013-11-26 09:00:00,70.0,5.0,2013-11-25 21:00:00,65.0,10.0
2013-009,2013,BOB,LEHAR,2013-11-27 00:00:00,13.5,87.0,75.0,980.0,26.0,VSCS,25,2013-11-28 00:00:00,30.0,-45.0,0.0,0.0,2013-11-26 18:00:00,75.0,0.0,2013-11-26 12:00:00,70.0,5.0,2013-11-26 00:00:00,70.0,5.0
2013-009,2013,BOB,LEHAR,2013-11-27 03:00:00,13.5,86.5,75.0,980.0,26.0,VSCS,26,2013-11-28 03:00:00,30.0,-45.0,0.0,0.0,2013-11-26 21:00:00,75.0,0.0,2013-11-26 15:00:00,70.0,5.0,2013-11-26 03:00:00,70.0,5.0
2013-009,2013,BOB,LEHAR,2013-11-27 06:00:00,14.0,86.0,70.0,982.0,24.0,VSCS,27,2013-11-28 06:00:00,30.0,-40.0,0.0,-5.0,2013-11-27 00:00:00,75.0,-5.0,2013-11-26 18:00:00,75.0,-5.0,2013-11-26 06:00:00,70.0,0.0
2013-009,2013,BOB,LEHAR,2013-11-27 09:00:00,14.0,85.5,65.0,984.0,22.0,VSCS,28,2013-11-28 09:00:00,25.0,-40.0,0.0,-5.0,2013-11-27 03:00:00,75.0,-10.0,2013-11-26 21:00:00,75.0,-10.0,2013-11-26 09:00:00,70.0,-5.0
2013-009,2013,BOB,LEHAR,2013-11-27 12:00:00,14.5,85.0,55.0,988.0,17.0,SCS,29,2013-11-28 12:00:00,20.0,-35.0,0.0,-10.0,2013-11-27 06:00:00,70.0,-15.0,2013-11-27 00:00:00,75.0,-20.0,2013-11-26 12:00:00,70.0,-15.0
2013-009,2013,BOB,LEHAR,2013-11-27 15:00:00,14.5,84.5,55.0,988.0,17.0,SCS,30,2013-11-28 15:00:00,,,,0.0,2013-11-27 09:00:00,65.0,-10.0,2013-11-27 03:00:00,75.0,-20.0,2013-11-26 15:00:00,70.0,-15.0
2013-009,2013,BOB,LEHAR,2013-11-27 18:00:00,15.0,84.0,45.0,996.0,10.0,CS,31,2013-11-28 18:00:00,,,,-10.0,2013-11-27 12:00:00,55.0,-10.0,2013-11-27 06:00:00,70.0,-25.0,2013-11-26 18:00:00,75.0,-30.0
2013-009,2013,BOB,LEHAR,2013-11-27 21:00:00,15.0,83.5,40.0,998.0,8.0,CS,32,2013-11-28 21:00:00,,,,-5.0,2013-11-27 15:00:00,55.0,-15.0,2013-11-27 09:00:00,65.0,-25.0,2013-11-26 21:00:00,75.0,-35.0
2013-009,2013,BOB,LEHAR,2013-11-28 00:00:00,15.5,82.0,30.0,1000.0,5.0,DD,33,2013-11-29 00:00:00,,,,-10.0,2013-11-27 18:00:00,45.0,-15.0,2013-11-27 12:00:00,55.0,-25.0,2013-11-27 00:00:00,75.0,-45.0
2013-009,2013,BOB,LEHAR,2013-11-28 03:00:00,15.7,81.7,30.0,1000.0,5.0,DD,34,2013-11-29 03:00:00,,,,0.0,2013-11-27 21:00:00,40.0,-10.0,2013-11-27 15:00:00,55.0,-25.0,2013-11-27 03:00:00,75.0,-45.0
2013-009,2013,BOB,LEHAR,2013-11-28 06:00:00,15.7,81.3,30.0,1000.0,5.0,DD,35,2013-11-29 06:00:00,,,,0.0,2013-11-28 00:00:00,30.0,0.0,2013-11-27 18:00:00,45.0,-15.0,2013-11-27 06:00:00,70.0,-40.0
2013-009,2013,BOB,LEHAR,2013-11-28 09:00:00,15.9,81.0,25.0,1002.0,4.0,D,36,2013-11-29 09:00:00,,,,-5.0,2013-11-28 03:00:00,30.0,-5.0,2013-11-27 21:00:00,40.0,-15.0,2013-11-27 09:00:00,65.0,-40.0
2013-009,2013,BOB,LEHAR,2013-11-28 12:00:00,16.0,80.8,20.0,1004.0,3.0,D,37,2013-11-29 12:00:00,,,,-5.0,2013-11-28 06:00:00,30.0,-10.0,2013-11-28 00:00:00,30.0,-10.0,2013-11-27 12:00:00,55.0,-35.0
2013-010,2013,BOB,MADI,2013-12-06 03:00:00,10.0,84.0,25.0,1004.0,3.0,D,0,2013-12-07 03:00:00,35.0,10.0,0.0,,2013-12-05 21:00:00,,,2013-12-05 15:00:00,,,2013-12-05 03:00:00,,
2013-010,2013,BOB,MADI,2013-12-06 06:00:00,10.0,84.0,25.0,1004.0,3.0,D,1,2013-12-07 06:00:00,45.0,20.0,0.0,0.0,2013-12-06 00:00:00,,,2013-12-05 18:00:00,,,2013-12-05 06:00:00,,
2013-010,2013,BOB,MADI,2013-12-06 12:00:00,10.2,84.0,25.0,1004.0,3.0,D,2,2013-12-07 12:00:00,55.0,30.0,1.0,0.0,2013-12-06 06:00:00,25.0,0.0,2013-12-06 00:00:00,,,2013-12-05 12:00:00,,
2013-010,2013,BOB,MADI,2013-12-06 18:00:00,10.4,84.0,30.0,1002.0,5.0,DD,3,2013-12-07 18:00:00,55.0,25.0,0.0,5.0,2013-12-06 12:00:00,25.0,5.0,2013-12-06 06:00:00,25.0,5.0,2013-12-05 18:00:00,,
2013-010,2013,BOB,MADI,2013-12-07 00:00:00,10.5,84.1,35.0,998.0,7.0,CS,4,2013-12-08 00:00:00,60.0,25.0,0.0,5.0,2013-12-06 18:00:00,30.0,5.0,2013-12-06 12:00:00,25.0,10.0,2013-12-06 00:00:00,,
2013-010,2013,BOB,MADI,2013-12-07 03:00:00,10.5,84.1,35.0,998.0,7.0,CS,5,2013-12-08 03:00:00,60.0,25.0,0.0,0.0,2013-12-06 21:00:00,,,2013-12-06 15:00:00,,,2013-12-06 03:00:00,25.0,10.0
2013-010,2013,BOB,MADI,2013-12-07 06:00:00,10.7,84.2,45.0,996.0,10.0,CS,6,2013-12-08 06:00:00,65.0,20.0,0.0,10.0,2013-12-07 00:00:00,35.0,10.0,2013-12-06 18:00:00,30.0,15.0,2013-12-06 06:00:00,25.0,20.0
2013-010,2013,BOB,MADI,2013-12-07 09:00:00,10.8,84.3,55.0,992.0,14.0,SCS,7,2013-12-08 09:00:00,65.0,10.0,0.0,10.0,2013-12-07 03:00:00,35.0,20.0,2013-12-06 21:00:00,,,2013-12-06 09:00:00,,
2013-010,2013,BOB,MADI,2013-12-07 12:00:00,11.0,84.4,55.0,992.0,14.0,SCS,8,2013-12-08 12:00:00,65.0,10.0,0.0,0.0,2013-12-07 06:00:00,45.0,10.0,2013-12-07 00:00:00,35.0,20.0,2013-12-06 12:00:00,25.0,30.0
2013-010,2013,BOB,MADI,2013-12-07 15:00:00,11.0,84.5,55.0,992.0,14.0,SCS,9,2013-12-08 15:00:00,65.0,10.0,0.0,0.0,2013-12-07 09:00:00,55.0,0.0,2013-12-07 03:00:00,35.0,20.0,2013-12-06 15:00:00,,
2013-010,2013,BOB,MADI,2013-12-07 18:00:00,11.2,84.5,55.0,990.0,16.0,SCS,10,2013-12-08 18:00:00,65.0,10.0,0.0,0.0,2013-12-07 12:00:00,55.0,0.0,2013-12-07 06:00:00,45.0,10.0,2013-12-06 18:00:00,30.0,25.0
2013-010,2013,BOB,MADI,2013-12-07 21:00:00,11.5,84.6,55.0,990.0,16.0,SCS,11,2013-12-08 21:00:00,65.0,10.0,0.0,0.0,2013-12-07 15:00:00,55.0,0.0,2013-12-07 09:00:00,55.0,0.0,2013-12-06 21:00:00,,
2013-010,2013,BOB,MADI,2013-12-08 00:00:00,11.8,84.6,60.0,988.0,18.0,SCS,12,2013-12-09 00:00:00,65.0,5.0,0.0,5.0,2013-12-07 18:00:00,55.0,5.0,2013-12-07 12:00:00,55.0,5.0,2013-12-07 00:00:00,35.0,25.0
2013-010,2013,BOB,MADI,2013-12-08 03:00:00,12.0,84.6,60.0,988.0,18.0,SCS,13,2013-12-09 03:00:00,65.0,5.0,0.0,0.0,2013-12-07 21:00:00,55.0,5.0,2013-12-07 15:00:00,55.0,5.0,2013-12-07 03:00:00,35.0,25.0
2013-010,2013,BOB,MADI,2013-12-08 06:00:00,12.3,84.7,65.0,986.0,20.0,VSCS,14,2013-12-09 06:00:00,65.0,0.0,0.0,5.0,2013-12-08 00:00:00,60.0,5.0,2013-12-07 18:00:00,55.0,10.0,2013-12-07 06:00:00,45.0,20.0
2013-010,2013,BOB,MADI,2013-12-08 09:00:00,12.6,84.7,65.0,986.0,20.0,VSCS,15,2013-12-09 09:00:00,65.0,0.0,0.0,0.0,2013-12-08 03:00:00,60.0,5.0,2013-12-07 21:00:00,55.0,10.0,2013-12-07 09:00:00,55.0,10.0
2013-010,2013,BOB,MADI,2013-12-08 12:00:00,13.0,84.7,65.0,986.0,20.0,VSCS,16,2013-12-09 12:00:00,60.0,-5.0,0.0,0.0,2013-12-08 06:00:00,65.0,0.0,2013-12-08 00:00:00,60.0,5.0,2013-12-07 12:00:00,55.0,10.0
2013-010,2013,BOB,MADI,2013-12-08 15:00:00,13.2,84.7,65.0,986.0,20.0,VSCS,17,2013-12-09 15:00:00,60.0,-5.0,0.0,0.0,2013-12-08 09:00:00,65.0,0.0,2013-12-08 03:00:00,60.0,5.0,2013-12-07 15:00:00,55.0,10.0
2013-010,2013,BOB,MADI,2013-12-08 18:00:00,13.4,84.7,65.0,986.0,20.0,VSCS,18,2013-12-09 18:00:00,60.0,-5.0,0.0,0.0,2013-12-08 12:00:00,65.0,0.0,2013-12-08 06:00:00,65.0,0.0,2013-12-07 18:00:00,55.0,10.0
2013-010,2013,BOB,MADI,2013-12-08 21:00:00,13.6,84.7,65.0,986.0,20.0,VSCS,19,2013-12-09 21:00:00,60.0,-5.0,0.0,0.0,2013-12-08 15:00:00,65.0,0.0,2013-12-08 09:00:00,65.0,0.0,2013-12-07 21:00:00,55.0,10.0
2013-010,2013,BOB,MADI,2013-12-09 00:00:00,13.8,84.7,65.0,986.0,20.0,VSCS,20,2013-12-10 00:00:00,60.0,-5.0,0.0,0.0,2013-12-08 18:00:00,65.0,0.0,2013-12-08 12:00:00,65.0,0.0,2013-12-08 00:00:00,60.0,5.0
2013-010,2013,BOB,MADI,2013-12-09 03:00:00,14.0,84.7,65.0,986.0,20.0,VSCS,21,2013-12-10 03:00:00,65.0,0.0,0.0,0.0,2013-12-08 21:00:00,65.0,0.0,2013-12-08 15:00:00,65.0,0.0,2013-12-08 03:00:00,60.0,5.0
2013-010,2013,BOB,MADI,2013-12-09 06:00:00,14.3,84.7,65.0,986.0,20.0,VSCS,22,2013-12-10 06:00:00,65.0,0.0,0.0,0.0,2013-12-09 00:00:00,65.0,0.0,2013-12-08 18:00:00,65.0,0.0,2013-12-08 06:00:00,65.0,0.0
2013-010,2013,BOB,MADI,2013-12-09 09:00:00,14.4,84.7,65.0,986.0,20.0,VSCS,23,2013-12-10 09:00:00,65.0,0.0,0.0,0.0,2013-12-09 03:00:00,65.0,0.0,2013-12-08 21:00:00,65.0,0.0,2013-12-08 09:00:00,65.0,0.0
2013-010,2013,BOB,MADI,2013-12-09 12:00:00,14.6,84.7,60.0,988.0,18.0,SCS,24,2013-12-10 12:00:00,55.0,-5.0,0.0,-5.0,2013-12-09 06:00:00,65.0,-5.0,2013-12-09 00:00:00,65.0,-5.0,2013-12-08 12:00:00,65.0,-5.0
2013-010,2013,BOB,MADI,2013-12-09 15:00:00,14.7,84.7,60.0,988.0,18.0,SCS,25,2013-12-10 15:00:00,55.0,-5.0,0.0,0.0,2013-12-09 09:00:00,65.0,-5.0,2013-12-09 03:00:00,65.0,-5.0,2013-12-08 15:00:00,65.0,-5.0
2013-010,2013,BOB,MADI,2013-12-09 18:00:00,14.8,84.8,60.0,988.0,18.0,SCS,26,2013-12-10 18:00:00,50.0,-10.0,0.0,0.0,2013-12-09 12:00:00,60.0,0.0,2013-12-09 06:00:00,65.0,-5.0,2013-12-08 18:00:00,65.0,-5.0
2013-010,2013,BOB,MADI,2013-12-09 21:00:00,14.8,84.8,60.0,988.0,16.0,SCS,27,2013-12-10 21:00:00,45.0,-15.0,0.0,0.0,2013-12-09 15:00:00,60.0,0.0,2013-12-09 09:00:00,65.0,-5.0,2013-12-08 21:00:00,65.0,-5.0
2013-010,2013,BOB,MADI,2013-12-10 00:00:00,15.0,85.0,60.0,988.0,16.0,SCS,28,2013-12-11 00:00:00,40.0,-20.0,0.0,0.0,2013-12-09 18:00:00,60.0,0.0,2013-12-09 12:00:00,60.0,0.0,2013-12-09 00:00:00,65.0,-5.0
2013-010,2013,BOB,MADI,2013-12-10 03:00:00,15.3,85.3,65.0,988.0,16.0,VSCS,29,2013-12-11 03:00:00,30.0,-35.0,0.0,5.0,2013-12-09 21:00:00,60.0,5.0,2013-12-09 15:00:00,60.0,5.0,2013-12-09 03:00:00,65.0,0.0
2013-010,2013,BOB,MADI,2013-12-10 06:00:00,15.4,85.3,65.0,988.0,16.0,VSCS,30,2013-12-11 06:00:00,30.0,-35.0,0.0,0.0,2013-12-10 00:00:00,60.0,5.0,2013-12-09 18:00:00,60.0,5.0,2013-12-09 06:00:00,65.0,0.0
2013-010,2013,BOB,MADI,2013-12-10 09:00:00,15.7,85.3,65.0,988.0,16.0,VSCS,31,2013-12-11 09:00:00,30.0,-35.0,0.0,0.0,2013-12-10 03:00:00,65.0,0.0,2013-12-09 21:00:00,60.0,5.0,2013-12-09 09:00:00,65.0,0.0
2013-010,2013,BOB,MADI,2013-12-10 12:00:00,15.4,85.0,55.0,990.0,14.0,SCS,32,2013-12-11 12:00:00,30.0,-25.0,0.0,-10.0,2013-12-10 06:00:00,65.0,-10.0,2013-12-10 00:00:00,60.0,-5.0,2013-12-09 12:00:00,60.0,-5.0
2013-010,2013,BOB,MADI,2013-12-10 15:00:00,15.1,84.8,55.0,990.0,14.0,SCS,33,2013-12-11 15:00:00,,,,0.0,2013-12-10 09:00:00,65.0,-10.0,2013-12-10 03:00:00,65.0,-10.0,2013-12-09 15:00:00,60.0,-5.0
2013-010,2013,BOB,MADI,2013-12-10 18:00:00,14.9,84.7,50.0,992.0,12.0,SCS,34,2013-12-11 18:00:00,25.0,-25.0,0.0,-5.0,2013-12-10 12:00:00,55.0,-5.0,2013-12-10 06:00:00,65.0,-15.0,2013-12-09 18:00:00,60.0,-10.0
2013-010,2013,BOB,MADI,2013-12-10 21:00:00,14.6,84.6,45.0,994.0,10.0,CS,35,2013-12-11 21:00:00,,,,-5.0,2013-12-10 15:00:00,55.0,-10.0,2013-12-10 09:00:00,65.0,-20.0,2013-12-09 21:00:00,60.0,-15.0
2013-010,2013,BOB,MADI,2013-12-11 00:00:00,14.3,84.2,40.0,996.0,8.0,CS,36,2013-12-12 00:00:00,25.0,-15.0,0.0,-5.0,2013-12-10 18:00:00,50.0,-10.0,2013-12-10 12:00:00,55.0,-15.0,2013-12-10 00:00:00,60.0,-20.0
2013-010,2013,BOB,MADI,2013-12-11 03:00:00,14.0,83.8,30.0,998.0,6.0,DD,37,2013-12-12 03:00:00,25.0,-5.0,0.0,-10.0,2013-12-10 21:00:00,45.0,-15.0,2013-12-10 15:00:00,55.0,-25.0,2013-12-10 03:00:00,65.0,-35.0
2013-010,2013,BOB,MADI,2013-12-11 06:00:00,13.7,83.5,30.0,998.0,6.0,DD,38,2013-12-12 06:00:00,25.0,-5.0,0.0,0.0,2013-12-11 00:00:00,40.0,-10.0,2013-12-10 18:00:00,50.0,-20.0,2013-12-10 06:00:00,65.0,-35.0
2013-010,2013,BOB,MADI,2013-12-11 09:00:00,13.5,83.4,30.0,1000.0,5.0,DD,39,2013-12-12 09:00:00,25.0,-5.0,0.0,0.0,2013-12-11 03:00:00,30.0,0.0,2013-12-10 21:00:00,45.0,-15.0,2013-12-10 09:00:00,65.0,-35.0
2013-010,2013,BOB,MADI,2013-12-11 12:00:00,13.3,83.3,30.0,1000.0,5.0,DD,40,2013-12-12 12:00:00,25.0,-5.0,0.0,0.0,2013-12-11 06:00:00,30.0,0.0,2013-12-11 00:00:00,40.0,-10.0,2013-12-10 12:00:00,55.0,-25.0
2013-010,2013,BOB,MADI,2013-12-11 18:00:00,12.9,82.7,25.0,1000.0,4.0,D,41,2013-12-12 18:00:00,20.0,-5.0,0.0,-5.0,2013-12-11 12:00:00,30.0,-5.0,2013-12-11 06:00:00,30.0,-5.0,2013-12-10 18:00:00,50.0,-25.0
2013-010,2013,BOB,MADI,2013-12-12 00:00:00,12.5,82.0,25.0,1000.0,3.0,D,42,2013-12-13 00:00:00,,,,0.0,2013-12-11 18:00:00,25.0,0.0,2013-12-11 12:00:00,30.0,-5.0,2013-12-11 00:00:00,40.0,-15.0
2013-010,2013,BOB,MADI,2013-12-12 03:00:00,12.0,81.5,25.0,1000.0,3.0,D,43,2013-12-13 03:00:00,,,,0.0,2013-12-11 21:00:00,,,2013-12-11 15:00:00,,,2013-12-11 03:00:00,30.0,-5.0
2013-010,2013,BOB,MADI,2013-12-12 06:00:00,11.5,81.2,25.0,1000.0,3.0,D,44,2013-12-13 06:00:00,,,,0.0,2013-12-12 00:00:00,25.0,0.0,2013-12-11 18:00:00,25.0,0.0,2013-12-11 06:00:00,30.0,-5.0
2013-010,2013,BOB,MADI,2013-12-12 09:00:00,11.0,80.7,25.0,1000.0,3.0,D,45,2013-12-13 09:00:00,,,,0.0,2013-12-12 03:00:00,25.0,0.0,2013-12-11 21:00:00,,,2013-12-11 09:00:00,30.0,-5.0
2013-010,2013,BOB,MADI,2013-12-12 12:00:00,10.5,80.0,25.0,1000.0,3.0,D,46,2013-12-13 12:00:00,,,,0.0,2013-12-12 06:00:00,25.0,0.0,2013-12-12 00:00:00,25.0,0.0,2013-12-11 12:00:00,30.0,-5.0
2013-010,2013,BOB,MADI,2013-12-12 18:00:00,10.0,78.8,20.0,1004.0,3.0,D,47,2013-12-13 18:00:00,,,,-5.0,2013-12-12 12:00:00,25.0,-5.0,2013-12-12 06:00:00,25.0,-5.0,2013-12-11 18:00:00,25.0,-5.0
2014-001,2014,BOB,,2014-01-04 03:00:00,8.5,83.5,25.0,1006.0,3.0,D,0,2014-01-05 03:00:00,25.0,0.0,0.0,,2014-01-03 21:00:00,,,2014-01-03 15:00:00,,,2014-01-03 03:00:00,,
2014-001,2014,BOB,,2014-01-04 06:00:00,9.0,83.0,25.0,1006.0,3.0,D,1,2014-01-05 06:00:00,25.0,0.0,0.0,0.0,2014-01-04 00:00:00,,,2014-01-03 18:00:00,,,2014-01-03 06:00:00,,
2014-001,2014,BOB,,2014-01-04 12:00:00,9.0,83.0,25.0,1006.0,3.0,D,2,2014-01-05 12:00:00,25.0,0.0,0.0,0.0,2014-01-04 06:00:00,25.0,0.0,2014-01-04 00:00:00,,,2014-01-03 12:00:00,,
2014-001,2014,BOB,,2014-01-04 18:00:00,9.2,82.5,25.0,1006.0,3.0,D,3,2014-01-05 18:00:00,25.0,0.0,0.0,0.0,2014-01-04 12:00:00,25.0,0.0,2014-01-04 06:00:00,25.0,0.0,2014-01-03 18:00:00,,
2014-001,2014,BOB,,2014-01-05 00:00:00,9.3,82.0,25.0,1006.0,3.0,D,4,2014-01-06 00:00:00,25.0,0.0,0.0,0.0,2014-01-04 18:00:00,25.0,0.0,2014-01-04 12:00:00,25.0,0.0,2014-01-04 00:00:00,,
2014-001,2014,BOB,,2014-01-05 03:00:00,9.3,82.0,25.0,1006.0,3.0,D,5,2014-01-06 03:00:00,25.0,0.0,0.0,0.0,2014-01-04 21:00:00,,,2014-01-04 15:00:00,,,2014-01-04 03:00:00,25.0,0.0
2014-001,2014,BOB,,2014-01-05 06:00:00,9.3,81.8,25.0,1006.0,3.0,D,6,2014-01-06 06:00:00,,,,0.0,2014-01-05 00:00:00,25.0,0.0,2014-01-04 18:00:00,25.0,0.0,2014-01-04 06:00:00,25.0,0.0
2014-001,2014,BOB,,2014-01-05 12:00:00,9.3,81.5,25.0,1004.0,4.0,D,7,2014-01-06 12:00:00,25.0,0.0,0.0,0.0,2014-01-05 06:00:00,25.0,0.0,2014-01-05 00:00:00,25.0,0.0,2014-01-04 12:00:00,25.0,0.0
2014-001,2014,BOB,,2014-01-05 18:00:00,9.3,81.3,25.0,1004.0,4.0,D,8,2014-01-06 18:00:00,,,,0.0,2014-01-05 12:00:00,25.0,0.0,2014-01-05 06:00:00,25.0,0.0,2014-01-04 18:00:00,25.0,0.0
2014-001,2014,BOB,,2014-01-06 00:00:00,9.3,81.3,25.0,1004.0,4.0,D,9,2014-01-07 00:00:00,25.0,0.0,0.0,0.0,2014-01-05 18:00:00,25.0,0.0,2014-01-05 12:00:00,25.0,0.0,2014-01-05 00:00:00,25.0,0.0
2014-001,2014,BOB,,2014-01-06 03:00:00,9.4,81.0,25.0,1006.0,4.0,D,10,2014-01-07 03:00:00,,,,0.0,2014-01-05 21:00:00,,,2014-01-05 15:00:00,,,2014-01-05 03:00:00,25.0,0.0
2014-001,2014,BOB,,2014-01-06 06:00:00,9.0,80.7,,,,,11,2014-01-07 06:00:00,,,,,2014-01-06 00:00:00,25.0,,2014-01-05 18:00:00,25.0,,2014-01-05 06:00:00,25.0,
2014-001,2014,BOB,,2014-01-06 12:00:00,8.8,80.6,25.0,1006.0,3.0,D,12,2014-01-07 12:00:00,,,,,2014-01-06 06:00:00,,,2014-01-06 00:00:00,25.0,0.0,2014-01-05 12:00:00,25.0,0.0
2014-001,2014,BOB,,2014-01-07 00:00:00,8.0,80.0,25.0,1006.0,3.0,D,13,2014-01-08 00:00:00,,,,0.0,2014-01-06 18:00:00,,,2014-01-06 12:00:00,25.0,0.0,2014-01-06 00:00:00,25.0,0.0
2014-002,2014,BOB,,2014-05-21 03:00:00,15.5,90.5,25.0,1004.0,3.0,D,0,2014-05-22 03:00:00,25.0,0.0,0.0,,2014-05-20 21:00:00,,,2014-05-20 15:00:00,,,2014-05-20 03:00:00,,
2014-002,2014,BOB,,2014-05-21 06:00:00,16.0,90.5,25.0,1004.0,3.0,D,1,2014-05-22 06:00:00,25.0,0.0,0.0,0.0,2014-05-21 00:00:00,,,2014-05-20 18:00:00,,,2014-05-20 06:00:00,,
2014-002,2014,BOB,,2014-05-21 12:00:00,16.5,91.0,25.0,1002.0,4.0,D,2,2014-05-22 12:00:00,25.0,0.0,0.0,0.0,2014-05-21 06:00:00,25.0,0.0,2014-05-21 00:00:00,,,2014-05-20 12:00:00,,
2014-002,2014,BOB,,2014-05-21 18:00:00,16.5,91.0,25.0,1002.0,3.0,D,3,2014-05-22 18:00:00,25.0,0.0,0.0,0.0,2014-05-21 12:00:00,25.0,0.0,2014-05-21 06:00:00,25.0,0.0,2014-05-20 18:00:00,,
2014-002,2014,BOB,,2014-05-22 00:00:00,16.5,92.0,25.0,1000.0,3.0,D,4,2014-05-23 00:00:00,25.0,0.0,0.0,0.0,2014-05-21 18:00:00,25.0,0.0,2014-05-21 12:00:00,25.0,0.0,2014-05-21 00:00:00,,
2014-002,2014,BOB,,2014-05-22 03:00:00,16.5,92.0,25.0,1000.0,3.0,D,5,2014-05-23 03:00:00,,,,0.0,2014-05-21 21:00:00,,,2014-05-21 15:00:00,,,2014-05-21 03:00:00,25.0,0.0
2014-002,2014,BOB,,2014-05-22 06:00:00,17.0,92.5,25.0,1000.0,3.0,D,6,2014-05-23 06:00:00,,,,0.0,2014-05-22 00:00:00,25.0,0.0,2014-05-21 18:00:00,25.0,0.0,2014-05-21 06:00:00,25.0,0.0
2014-002,2014,BOB,,2014-05-22 12:00:00,17.5,92.0,25.0,1000.0,4.0,D,7,2014-05-23 12:00:00,,,,0.0,2014-05-22 06:00:00,25.0,0.0,2014-05-22 00:00:00,25.0,0.0,2014-05-21 12:00:00,25.0,0.0
2014-002,2014,BOB,,2014-05-22 18:00:00,17.5,92.0,25.0,1000.0,4.0,D,8,2014-05-23 18:00:00,,,,0.0,2014-05-22 12:00:00,25.0,0.0,2014-05-22 06:00:00,25.0,0.0,2014-05-21 18:00:00,25.0,0.0
2014-002,2014,BOB,,2014-05-23 00:00:00,17.0,91.0,25.0,1000.0,4.0,D,9,2014-05-24 00:00:00,,,,0.0,2014-05-22 18:00:00,25.0,0.0,2014-05-22 12:00:00,25.0,0.0,2014-05-22 00:00:00,25.0,0.0
2014-005,2014,BOB,,2014-08-03 12:00:00,21.5,88.5,25.0,990.0,4.0,D,0,2014-08-04 12:00:00,30.0,5.0,0.0,,2014-08-03 06:00:00,,,2014-08-03 00:00:00,,,2014-08-02 12:00:00,,
2014-005,2014,BOB,,2014-08-03 18:00:00,21.9,88.3,30.0,990.0,6.0,DD,1,2014-08-04 18:00:00,30.0,0.0,0.0,5.0,2014-08-03 12:00:00,25.0,5.0,2014-08-03 06:00:00,,,2014-08-02 18:00:00,,
2014-005,2014,BOB,,2014-08-04 03:00:00,22.5,87.2,30.0,990.0,6.0,DD,2,2014-08-05 03:00:00,30.0,0.0,0.0,0.0,2014-08-03 21:00:00,,,2014-08-03 15:00:00,,,2014-08-03 03:00:00,,
2014-005,2014,BOB,,2014-08-04 06:00:00,22.5,86.5,30.0,990.0,6.0,DD,3,2014-08-05 06:00:00,30.0,0.0,0.0,0.0,2014-08-04 00:00:00,,,2014-08-03 18:00:00,30.0,0.0,2014-08-03 06:00:00,,
2014-005,2014,BOB,,2014-08-04 12:00:00,22.2,86.1,30.0,988.0,6.0,DD,4,2014-08-05 12:00:00,25.0,-5.0,0.0,0.0,2014-08-04 06:00:00,30.0,0.0,2014-08-04 00:00:00,,,2014-08-03 12:00:00,25.0,5.0
2014-005,2014,BOB,,2014-08-04 18:00:00,22.2,86.1,30.0,990.0,6.0,DD,5,2014-08-05 18:00:00,25.0,-5.0,0.0,0.0,2014-08-04 12:00:00,30.0,0.0,2014-08-04 06:00:00,30.0,0.0,2014-08-03 18:00:00,30.0,0.0
2014-005,2014,BOB,,2014-08-05 00:00:00,24.4,80.6,25.0,992.0,4.0,D,7,2014-08-06 00:00:00,25.0,0.0,0.0,-5.0,2014-08-04 18:00:00,30.0,-5.0,2014-08-04 12:00:00,30.0,-5.0,2014-08-04 00:00:00,,
2014-005,2014,BOB,,2014-08-05 03:00:00,22.2,83.5,30.0,994.0,6.0,DD,8,2014-08-06 03:00:00,25.0,-5.0,0.0,5.0,2014-08-04 21:00:00,,,2014-08-04 15:00:00,,,2014-08-04 03:00:00,30.0,0.0
2014-005,2014,BOB,,2014-08-05 06:00:00,22.9,83.0,30.0,992.0,5.0,DD,9,2014-08-06 06:00:00,25.0,-5.0,0.0,0.0,2014-08-05 00:00:00,25.0,5.0,2014-08-04 18:00:00,30.0,0.0,2014-08-04 06:00:00,30.0,0.0
2014-005,2014,BOB,,2014-08-05 09:00:00,23.5,82.5,25.0,992.0,4.0,D,10,2014-08-06 09:00:00,,,,-5.0,2014-08-05 03:00:00,30.0,-5.0,2014-08-04 21:00:00,,,2014-08-04 09:00:00,,
2014-005,2014,BOB,,2014-08-05 12:00:00,24.0,82.0,25.0,992.0,4.0,D,11,2014-08-06 12:00:00,25.0,0.0,0.0,0.0,2014-08-05 06:00:00,30.0,-5.0,2014-08-05 00:00:00,25.0,0.0,2014-08-04 12:00:00,30.0,-5.0
2014-005,2014,BOB,,2014-08-05 18:00:00,24.2,81.3,25.0,992.0,4.0,D,12,2014-08-06 18:00:00,25.0,0.0,0.0,0.0,2014-08-05 12:00:00,25.0,0.0,2014-08-05 06:00:00,30.0,-5.0,2014-08-04 18:00:00,30.0,-5.0
2014-005,2014,BOB,,2014-08-06 00:00:00,25.5,78.5,25.0,994.0,3.0,D,13,2014-08-07 00:00:00,,,,0.0,2014-08-05 18:00:00,25.0,0.0,2014-08-05 12:00:00,25.0,0.0,2014-08-05 00:00:00,25.0,0.0
2014-005,2014,BOB,,2014-08-06 03:00:00,24.5,80.2,25.0,996.0,4.0,D,14,2014-08-07 03:00:00,,,,0.0,2014-08-05 21:00:00,,,2014-08-05 15:00:00,,,2014-08-05 03:00:00,30.0,-5.0
2014-005,2014,BOB,,2014-08-06 06:00:00,24.6,80.0,25.0,994.0,4.0,D,15,2014-08-07 06:00:00,,,,0.0,2014-08-06 00:00:00,25.0,0.0,2014-08-05 18:00:00,25.0,0.0,2014-08-05 06:00:00,30.0,-5.0
2014-005,2014,BOB,,2014-08-06 12:00:00,25.0,79.5,25.0,994.0,4.0,D,16,2014-08-07 12:00:00,,,,0.0,2014-08-06 06:00:00,25.0,0.0,2014-08-06 00:00:00,25.0,0.0,2014-08-05 12:00:00,25.0,0.0
2014-005,2014,BOB,,2014-08-06 18:00:00,25.3,79.0,25.0,994.0,4.0,D,17,2014-08-07 18:00:00,,,,0.0,2014-08-06 12:00:00,25.0,0.0,2014-08-06 06:00:00,25.0,0.0,2014-08-05 18:00:00,25.0,0.0
2014-006,2014,BOB,HUDHUD,2014-10-07 03:00:00,11.5,95.0,25.0,1004.0,3.0,D,0,2014-10-08 03:00:00,35.0,10.0,0.0,,2014-10-06 21:00:00,,,2014-10-06 15:00:00,,,2014-10-06 03:00:00,,
2014-006,2014,BOB,HUDHUD,2014-10-07 06:00:00,11.7,94.8,25.0,1004.0,3.0,D,1,2014-10-08 06:00:00,40.0,15.0,0.0,0.0,2014-10-07 00:00:00,,,2014-10-06 18:00:00,,,2014-10-06 06:00:00,,
2014-006,2014,BOB,HUDHUD,2014-10-07 12:00:00,12.0,94.0,30.0,1000.0,5.0,DD,2,2014-10-08 12:00:00,40.0,10.0,0.0,5.0,2014-10-07 06:00:00,25.0,5.0,2014-10-07 00:00:00,,,2014-10-06 12:00:00,,
2014-006,2014,BOB,HUDHUD,2014-10-07 18:00:00,12.0,93.5,30.0,1000.0,5.0,DD,3,2014-10-08 18:00:00,45.0,15.0,0.0,0.0,2014-10-07 12:00:00,30.0,0.0,2014-10-07 06:00:00,25.0,5.0,2014-10-06 18:00:00,,
2014-006,2014,BOB,HUDHUD,2014-10-08 00:00:00,12.2,93.0,30.0,1000.0,5.0,DD,4,2014-10-09 00:00:00,45.0,15.0,0.0,0.0,2014-10-07 18:00:00,30.0,0.0,2014-10-07 12:00:00,30.0,0.0,2014-10-07 00:00:00,,
2014-006,2014,BOB,HUDHUD,2014-10-08 03:00:00,12.3,92.9,35.0,998.0,7.0,CS,5,2014-10-09 03:00:00,55.0,20.0,0.0,5.0,2014-10-07 21:00:00,,,2014-10-07 15:00:00,,,2014-10-07 03:00:00,25.0,10.0
2014-006,2014,BOB,HUDHUD,2014-10-08 06:00:00,12.5,92.5,40.0,996.0,8.0,CS,6,2014-10-09 06:00:00,55.0,15.0,0.0,5.0,2014-10-08 00:00:00,30.0,10.0,2014-10-07 18:00:00,30.0,10.0,2014-10-07 06:00:00,25.0,15.0
2014-006,2014,BOB,HUDHUD,2014-10-08 09:00:00,12.7,91.7,40.0,996.0,8.0,CS,7,2014-10-09 09:00:00,55.0,15.0,0.0,0.0,2014-10-08 03:00:00,35.0,5.0,2014-10-07 21:00:00,,,2014-10-07 09:00:00,,
2014-006,2014,BOB,HUDHUD,2014-10-08 12:00:00,12.8,91.0,40.0,996.0,8.0,CS,8,2014-10-09 12:00:00,55.0,15.0,0.0,0.0,2014-10-08 06:00:00,40.0,0.0,2014-10-08 00:00:00,30.0,10.0,2014-10-07 12:00:00,30.0,10.0
2014-006,2014,BOB,HUDHUD,2014-10-08 15:00:00,13.0,90.5,40.0,996.0,8.0,CS,9,2014-10-09 15:00:00,55.0,15.0,0.0,0.0,2014-10-08 09:00:00,40.0,0.0,2014-10-08 03:00:00,35.0,5.0,2014-10-07 15:00:00,,
2014-006,2014,BOB,HUDHUD,2014-10-08 18:00:00,13.2,90.2,45.0,994.0,9.0,CS,10,2014-10-09 18:00:00,55.0,10.0,0.0,5.0,2014-10-08 12:00:00,40.0,5.0,2014-10-08 06:00:00,40.0,5.0,2014-10-07 18:00:00,30.0,15.0
2014-006,2014,BOB,HUDHUD,2014-10-08 21:00:00,13.5,89.6,45.0,992.0,10.0,CS,11,2014-10-09 21:00:00,60.0,15.0,0.0,0.0,2014-10-08 15:00:00,40.0,5.0,2014-10-08 09:00:00,40.0,5.0,2014-10-07 21:00:00,,
2014-006,2014,BOB,HUDHUD,2014-10-09 00:00:00,13.7,89.2,45.0,990.0,12.0,CS,12,2014-10-10 00:00:00,60.0,15.0,0.0,0.0,2014-10-08 18:00:00,45.0,0.0,2014-10-08 12:00:00,40.0,5.0,2014-10-08 00:00:00,30.0,15.0
2014-006,2014,BOB,HUDHUD,2014-10-09 03:00:00,13.8,89.0,55.0,988.0,16.0,SCS,13,2014-10-10 03:00:00,60.0,5.0,0.0,10.0,2014-10-08 21:00:00,45.0,10.0,2014-10-08 15:00:00,40.0,15.0,2014-10-08 03:00:00,35.0,20.0
2014-006,2014,BOB,HUDHUD,2014-10-09 06:00:00,13.9,88.8,55.0,988.0,16.0,SCS,14,2014-10-10 06:00:00,60.0,5.0,0.0,0.0,2014-10-09 00:00:00,45.0,10.0,2014-10-08 18:00:00,45.0,10.0,2014-10-08 06:00:00,40.0,15.0
2014-006,2014,BOB,HUDHUD,2014-10-09 09:00:00,14.6,88.6,55.0,988.0,16.0,SCS,15,2014-10-10 09:00:00,65.0,10.0,0.0,0.0,2014-10-09 03:00:00,55.0,0.0,2014-10-08 21:00:00,45.0,10.0,2014-10-08 09:00:00,40.0,15.0
2014-006,2014,BOB,HUDHUD,2014-10-09 12:00:00,14.1,88.4,55.0,988.0,16.0,SCS,16,2014-10-10 12:00:00,70.0,15.0,0.0,0.0,2014-10-09 06:00:00,55.0,0.0,2014-10-09 00:00:00,45.0,10.0,2014-10-08 12:00:00,40.0,15.0
2014-006,2014,BOB,HUDHUD,2014-10-09 15:00:00,14.1,88.1,55.0,988.0,16.0,SCS,17,2014-10-10 15:00:00,75.0,20.0,0.0,0.0,2014-10-09 09:00:00,55.0,0.0,2014-10-09 03:00:00,55.0,0.0,2014-10-08 15:00:00,40.0,15.0
2014-006,2014,BOB,HUDHUD,2014-10-09 18:00:00,14.1,87.9,55.0,988.0,16.0,SCS,18,2014-10-10 18:00:00,75.0,20.0,0.0,0.0,2014-10-09 12:00:00,55.0,0.0,2014-10-09 06:00:00,55.0,0.0,2014-10-08 18:00:00,45.0,10.0
2014-006,2014,BOB,HUDHUD,2014-10-09 21:00:00,14.3,87.7,60.0,988.0,16.0,SCS,19,2014-10-10 21:00:00,75.0,15.0,0.0,5.0,2014-10-09 15:00:00,55.0,5.0,2014-10-09 09:00:00,55.0,5.0,2014-10-08 21:00:00,45.0,15.0
2014-006,2014,BOB,HUDHUD,2014-10-10 00:00:00,14.4,87.6,60.0,988.0,16.0,SCS,20,2014-10-11 00:00:00,75.0,15.0,0.0,0.0,2014-10-09 18:00:00,55.0,5.0,2014-10-09 12:00:00,55.0,5.0,2014-10-09 00:00:00,45.0,15.0
2014-006,2014,BOB,HUDHUD,2014-10-10 03:00:00,14.7,87.2,60.0,988.0,16.0,SCS,21,2014-10-11 03:00:00,80.0,20.0,0.0,0.0,2014-10-09 21:00:00,60.0,0.0,2014-10-09 15:00:00,55.0,5.0,2014-10-09 03:00:00,55.0,5.0
2014-006,2014,BOB,HUDHUD,2014-10-10 06:00:00,14.8,87.0,60.0,986.0,18.0,SCS,22,2014-10-11 06:00:00,90.0,30.0,1.0,0.0,2014-10-10 00:00:00,60.0,0.0,2014-10-09 18:00:00,55.0,5.0,2014-10-09 06:00:00,55.0,5.0
2014-006,2014,BOB,HUDHUD,2014-10-10 09:00:00,15.0,86.8,65.0,984.0,22.0,VSCS,23,2014-10-11 09:00:00,90.0,25.0,0.0,5.0,2014-10-10 03:00:00,60.0,5.0,2014-10-09 21:00:00,60.0,5.0,2014-10-09 09:00:00,55.0,10.0
2014-006,2014,BOB,HUDHUD,2014-10-10 12:00:00,15.2,86.7,70.0,982.0,26.0,VSCS,24,2014-10-11 12:00:00,95.0,25.0,0.0,5.0,2014-10-10 06:00:00,60.0,10.0,2014-10-10 00:00:00,60.0,10.0,2014-10-09 12:00:00,55.0,15.0
2014-006,2014,BOB,HUDHUD,2014-10-10 15:00:00,15.4,86.5,75.0,980.0,28.0,VSCS,25,2014-10-11 15:00:00,95.0,20.0,0.0,5.0,2014-10-10 09:00:00,65.0,10.0,2014-10-10 03:00:00,60.0,15.0,2014-10-09 15:00:00,55.0,20.0
2014-006,2014,BOB,HUDHUD,2014-10-10 18:00:00,15.5,86.4,75.0,978.0,30.0,VSCS,26,2014-10-11 18:00:00,100.0,25.0,0.0,0.0,2014-10-10 12:00:00,70.0,5.0,2014-10-10 06:00:00,60.0,15.0,2014-10-09 18:00:00,55.0,20.0
2014-006,2014,BOB,HUDHUD,2014-10-10 21:00:00,15.7,86.1,75.0,974.0,30.0,VSCS,27,2014-10-11 21:00:00,100.0,25.0,0.0,0.0,2014-10-10 15:00:00,75.0,0.0,2014-10-10 09:00:00,65.0,10.0,2014-10-09 21:00:00,60.0,15.0
2014-006,2014,BOB,HUDHUD,2014-10-11 00:00:00,15.9,85.7,75.0,970.0,30.0,VSCS,28,2014-10-12 00:00:00,100.0,25.0,0.0,0.0,2014-10-10 18:00:00,75.0,0.0,2014-10-10 12:00:00,70.0,5.0,2014-10-10 00:00:00,60.0,15.0
2014-006,2014,BOB,HUDHUD,2014-10-11 03:00:00,16.0,85.4,80.0,968.0,34.0,VSCS,29,2014-10-12 03:00:00,100.0,20.0,0.0,5.0,2014-10-10 21:00:00,75.0,5.0,2014-10-10 15:00:00,75.0,5.0,2014-10-10 03:00:00,60.0,20.0
2014-006,2014,BOB,HUDHUD,2014-10-11 06:00:00,16.1,85.1,90.0,966.0,40.0,ESCS,30,2014-10-12 06:00:00,100.0,10.0,0.0,10.0,2014-10-11 00:00:00,75.0,15.0,2014-10-10 18:00:00,75.0,15.0,2014-10-10 06:00:00,60.0,30.0
2014-006,2014,BOB,HUDHUD,2014-10-11 09:00:00,16.1,85.0,90.0,964.0,42.0,ESCS,31,2014-10-12 09:00:00,90.0,0.0,0.0,0.0,2014-10-11 03:00:00,80.0,10.0,2014-10-10 21:00:00,75.0,15.0,2014-10-10 09:00:00,65.0,25.0
2014-006,2014,BOB,HUDHUD,2014-10-11 12:00:00,16.2,84.8,95.0,962.0,44.0,ESCS,32,2014-10-12 12:00:00,60.0,-35.0,0.0,5.0,2014-10-11 06:00:00,90.0,5.0,2014-10-11 00:00:00,75.0,20.0,2014-10-10 12:00:00,70.0,25.0
2014-006,2014,BOB,HUDHUD,2014-10-11 15:00:00,16.2,84.8,95.0,960.0,46.0,ESCS,33,2014-10-12 15:00:00,45.0,-50.0,0.0,0.0,2014-10-11 09:00:00,90.0,5.0,2014-10-11 03:00:00,80.0,15.0,2014-10-10 15:00:00,75.0,20.0
2014-006,2014,BOB,HUDHUD,2014-10-11 18:00:00,16.4,84.7,100.0,954.0,50.0,ESCS,34,2014-10-12 18:00:00,40.0,-60.0,0.0,5.0,2014-10-11 12:00:00,95.0,5.0,2014-10-11 06:00:00,90.0,10.0,2014-10-10 18:00:00,75.0,25.0
2014-006,2014,BOB,HUDHUD,2014-10-11 21:00:00,16.7,84.4,100.0,952.0,52.0,ESCS,35,2014-10-12 21:00:00,40.0,-60.0,0.0,0.0,2014-10-11 15:00:00,95.0,5.0,2014-10-11 09:00:00,90.0,10.0,2014-10-10 21:00:00,75.0,25.0
2014-006,2014,BOB,HUDHUD,2014-10-12 00:00:00,17.2,84.2,100.0,950.0,54.0,ESCS,36,2014-10-13 00:00:00,30.0,-70.0,0.0,0.0,2014-10-11 18:00:00,100.0,0.0,2014-10-11 12:00:00,95.0,5.0,2014-10-11 00:00:00,75.0,25.0
2014-006,2014,BOB,HUDHUD,2014-10-12 03:00:00,17.4,83.8,100.0,950.0,54.0,ESCS,37,2014-10-13 03:00:00,30.0,-70.0,0.0,0.0,2014-10-11 21:00:00,100.0,0.0,2014-10-11 15:00:00,95.0,5.0,2014-10-11 03:00:00,80.0,20.0
2014-006,2014,BOB,HUDHUD,2014-10-12 06:00:00,17.6,83.4,100.0,950.0,54.0,ESCS,38,2014-10-13 06:00:00,30.0,-70.0,0.0,0.0,2014-10-12 00:00:00,100.0,0.0,2014-10-11 18:00:00,100.0,0.0,2014-10-11 06:00:00,90.0,10.0
2014-006,2014,BOB,HUDHUD,2014-10-12 09:00:00,17.8,83.0,90.0,960.0,42.0,ESCS,39,2014-10-13 09:00:00,,,,-10.0,2014-10-12 03:00:00,100.0,-10.0,2014-10-11 21:00:00,100.0,-10.0,2014-10-11 09:00:00,90.0,0.0
2014-006,2014,BOB,HUDHUD,2014-10-12 12:00:00,18.0,82.7,60.0,982.0,20.0,SCS,40,2014-10-13 12:00:00,25.0,-35.0,0.0,-30.0,2014-10-12 06:00:00,100.0,-40.0,2014-10-12 00:00:00,100.0,-40.0,2014-10-11 12:00:00,95.0,-35.0
2014-006,2014,BOB,HUDHUD,2014-10-12 15:00:00,18.3,82.5,45.0,986.0,15.0,CS,41,2014-10-13 15:00:00,,,,-15.0,2014-10-12 09:00:00,90.0,-45.0,2014-10-12 03:00:00,100.0,-55.0,2014-10-11 15:00:00,95.0,-50.0
2014-006,2014,BOB,HUDHUD,2014-10-12 18:00:00,18.7,82.3,40.0,987.0,14.0,CS,42,2014-10-13 18:00:00,25.0,-15.0,0.0,-5.0,2014-10-12 12:00:00,60.0,-20.0,2014-10-12 06:00:00,100.0,-60.0,2014-10-11 18:00:00,100.0,-60.0
2014-006,2014,BOB,HUDHUD,2014-10-12 21:00:00,18.7,82.3,40.0,988.0,13.0,DD,43,2014-10-13 21:00:00,,,,0.0,2014-10-12 15:00:00,45.0,-5.0,2014-10-12 09:00:00,90.0,-50.0,2014-10-11 21:00:00,100.0,-60.0
2014-006,2014,BOB,HUDHUD,2014-10-13 00:00:00,19.5,81.5,30.0,994.0,8.0,DD,44,2014-10-14 00:00:00,25.0,-5.0,0.0,-10.0,2014-10-12 18:00:00,40.0,-10.0,2014-10-12 12:00:00,60.0,-30.0,2014-10-12 00:00:00,100.0,-70.0
2014-006,2014,BOB,HUDHUD,2014-10-13 03:00:00,20.5,81.5,30.0,996.0,6.0,DD,45,2014-10-14 03:00:00,20.0,-10.0,0.0,0.0,2014-10-12 21:00:00,40.0,-10.0,2014-10-12 15:00:00,45.0,-15.0,2014-10-12 03:00:00,100.0,-70.0
2014-006,2014,BOB,HUDHUD,2014-10-13 06:00:00,20.7,81.5,30.0,998.0,5.0,D,46,2014-10-14 06:00:00,20.0,-10.0,0.0,0.0,2014-10-13 00:00:00,30.0,0.0,2014-10-12 18:00:00,40.0,-10.0,2014-10-12 06:00:00,100.0,-70.0
2014-006,2014,BOB,HUDHUD,2014-10-13 12:00:00,21.3,81.5,25.0,998.0,4.0,D,47,2014-10-14 12:00:00,,,,-5.0,2014-10-13 06:00:00,30.0,-5.0,2014-10-13 00:00:00,30.0,-5.0,2014-10-12 12:00:00,60.0,-35.0
2014-006,2014,BOB,HUDHUD,2014-10-13 18:00:00,22.3,81.5,25.0,1000.0,4.0,D,48,2014-10-14 18:00:00,,,,0.0,2014-10-13 12:00:00,25.0,0.0,2014-10-13 06:00:00,30.0,-5.0,2014-10-12 18:00:00,40.0,-15.0
2014-006,2014,BOB,HUDHUD,2014-10-14 00:00:00,24.8,81.5,25.0,1000.0,4.0,D,49,2014-10-15 00:00:00,,,,0.0,2014-10-13 18:00:00,25.0,0.0,2014-10-13 12:00:00,25.0,0.0,2014-10-13 00:00:00,30.0,-5.0
2014-006,2014,BOB,HUDHUD,2014-10-14 03:00:00,25.1,81.6,20.0,1000.0,3.0,D,50,2014-10-15 03:00:00,,,,-5.0,2014-10-13 21:00:00,,,2014-10-13 15:00:00,,,2014-10-13 03:00:00,30.0,-10.0
2014-006,2014,BOB,HUDHUD,2014-10-14 06:00:00,25.6,81.7,20.0,1000.0,3.0,D,51,2014-10-15 06:00:00,,,,0.0,2014-10-14 00:00:00,25.0,-5.0,2014-10-13 18:00:00,25.0,-5.0,2014-10-13 06:00:00,30.0,-10.0
2014-006,2014,BOB,HUDHUD,2014-10-14 09:00:00,26.3,81.8,20.0,1000.0,3.0,D,52,2014-10-15 09:00:00,,,,0.0,2014-10-14 03:00:00,20.0,0.0,2014-10-13 21:00:00,,,2014-10-13 09:00:00,,
2014-008,2014,BOB,,2014-11-05 09:00:00,13.0,87.5,25.0,1000.0,4.0,D,0,2014-11-06 09:00:00,,,,,2014-11-05 03:00:00,,,2014-11-04 21:00:00,,,2014-11-04 09:00:00,,
2014-008,2014,BOB,,2014-11-05 12:00:00,13.0,87.5,25.0,1000.0,4.0,D,1,2014-11-06 12:00:00,30.0,5.0,0.0,0.0,2014-11-05 06:00:00,,,2014-11-05 00:00:00,,,2014-11-04 12:00:00,,
2014-008,2014,BOB,,2014-11-05 18:00:00,13.5,87.5,25.0,1000.0,4.0,D,2,2014-11-06 18:00:00,30.0,5.0,0.0,0.0,2014-11-05 12:00:00,25.0,0.0,2014-11-05 06:00:00,,,2014-11-04 18:00:00,,
2014-008,2014,BOB,,2014-11-06 00:00:00,13.8,87.5,25.0,1000.0,4.0,D,3,2014-11-07 00:00:00,30.0,5.0,0.0,0.0,2014-11-05 18:00:00,25.0,0.0,2014-11-05 12:00:00,25.0,0.0,2014-11-05 00:00:00,,
2014-008,2014,BOB,,2014-11-06 03:00:00,14.0,87.5,30.0,998.0,5.0,DD,4,2014-11-07 03:00:00,30.0,0.0,0.0,5.0,2014-11-05 21:00:00,,,2014-11-05 15:00:00,,,2014-11-05 03:00:00,,
2014-008,2014,BOB,,2014-11-06 06:00:00,14.1,87.5,30.0,998.0,6.0,DD,5,2014-11-07 06:00:00,25.0,-5.0,0.0,0.0,2014-11-06 00:00:00,25.0,5.0,2014-11-05 18:00:00,25.0,5.0,2014-11-05 06:00:00,,
2014-008,2014,BOB,,2014-11-06 12:00:00,14.1,88.0,30.0,998.0,6.0,DD,6,2014-11-07 12:00:00,25.0,-5.0,0.0,0.0,2014-11-06 06:00:00,30.0,0.0,2014-11-06 00:00:00,25.0,5.0,2014-11-05 12:00:00,25.0,5.0
2014-008,2014,BOB,,2014-11-06 18:00:00,13.8,88.0,30.0,1000.0,6.0,DD,7,2014-11-07 18:00:00,25.0,-5.0,0.0,0.0,2014-11-06 12:00:00,30.0,0.0,2014-11-06 06:00:00,30.0,0.0,2014-11-05 18:00:00,25.0,5.0
2014-008,2014,BOB,,2014-11-07 00:00:00,14.0,87.5,30.0,1001.0,5.0,DD,8,2014-11-08 00:00:00,25.0,-5.0,0.0,0.0,2014-11-06 18:00:00,30.0,0.0,2014-11-06 12:00:00,30.0,0.0,2014-11-06 00:00:00,25.0,5.0
2014-008,2014,BOB,,2014-11-07 03:00:00,14.2,87.5,30.0,1001.0,5.0,DD,9,2014-11-08 03:00:00,,,,0.0,2014-11-06 21:00:00,,,2014-11-06 15:00:00,,,2014-11-06 03:00:00,30.0,0.0
2014-008,2014,BOB,,2014-11-07 06:00:00,14.2,87.5,25.0,1003.0,4.0,D,10,2014-11-08 06:00:00,,,,-5.0,2014-11-07 00:00:00,30.0,-5.0,2014-11-06 18:00:00,30.0,-5.0,2014-11-06 06:00:00,30.0,-5.0
2014-008,2014,BOB,,2014-11-07 12:00:00,14.2,87.5,25.0,1003.0,4.0,D,11,2014-11-08 12:00:00,,,,0.0,2014-11-07 06:00:00,25.0,0.0,2014-11-07 00:00:00,30.0,-5.0,2014-11-06 12:00:00,30.0,-5.0
2014-008,2014,BOB,,2014-11-07 18:00:00,14.3,87.0,25.0,1004.0,4.0,D,12,2014-11-08 18:00:00,,,,0.0,2014-11-07 12:00:00,25.0,0.0,2014-11-07 06:00:00,25.0,0.0,2014-11-06 18:00:00,30.0,-5.0
2014-008,2014,BOB,,2014-11-08 00:00:00,14.3,86.5,25.0,1005.0,3.0,D,13,2014-11-09 00:00:00,,,,0.0,2014-11-07 18:00:00,25.0,0.0,2014-11-07 12:00:00,25.0,0.0,2014-11-07 00:00:00,30.0,-5.0
2015-002,2015,BOB,,2015-06-20 03:00:00,18.0,86.0,25.0,990.0,4.0,D,0,2015-06-21 03:00:00,25.0,0.0,0.0,,2015-06-19 21:00:00,,,2015-06-19 15:00:00,,,2015-06-19 03:00:00,,
2015-002,2015,BOB,,2015-06-20 06:00:00,18.5,86.0,25.0,990.0,4.0,D,1,2015-06-21 06:00:00,25.0,0.0,0.0,0.0,2015-06-20 00:00:00,,,2015-06-19 18:00:00,,,2015-06-19 06:00:00,,
2015-002,2015,BOB,,2015-06-20 12:00:00,19.0,85.5,25.0,990.0,4.0,D,2,2015-06-21 12:00:00,25.0,0.0,0.0,0.0,2015-06-20 06:00:00,25.0,0.0,2015-06-20 00:00:00,,,2015-06-19 12:00:00,,
2015-002,2015,BOB,,2015-06-20 18:00:00,19.2,85.4,25.0,990.0,4.0,D,3,2015-06-21 18:00:00,25.0,0.0,0.0,0.0,2015-06-20 12:00:00,25.0,0.0,2015-06-20 06:00:00,25.0,0.0,2015-06-19 18:00:00,,
2015-002,2015,BOB,,2015-06-21 00:00:00,19.7,85.0,25.0,992.0,3.0,D,4,2015-06-22 00:00:00,,,,0.0,2015-06-20 18:00:00,25.0,0.0,2015-06-20 12:00:00,25.0,0.0,2015-06-20 00:00:00,,
2015-002,2015,BOB,,2015-06-21 03:00:00,20.0,85.0,25.0,992.0,3.0,D,5,2015-06-22 03:00:00,,,,0.0,2015-06-20 21:00:00,,,2015-06-20 15:00:00,,,2015-06-20 03:00:00,25.0,0.0
2015-002,2015,BOB,,2015-06-21 06:00:00,20.0,84.5,25.0,992.0,3.0,D,6,2015-06-22 06:00:00,,,,0.0,2015-06-21 00:00:00,25.0,0.0,2015-06-20 18:00:00,25.0,0.0,2015-06-20 06:00:00,25.0,0.0
2015-002,2015,BOB,,2015-06-21 12:00:00,20.5,84.5,25.0,992.0,3.0,D,7,2015-06-22 12:00:00,,,,0.0,2015-06-21 06:00:00,25.0,0.0,2015-06-21 00:00:00,25.0,0.0,2015-06-20 12:00:00,25.0,0.0
2015-002,2015,BOB,,2015-06-21 18:00:00,21.0,84.5,25.0,992.0,3.0,D,8,2015-06-22 18:00:00,,,,0.0,2015-06-21 12:00:00,25.0,0.0,2015-06-21 06:00:00,25.0,0.0,2015-06-20 18:00:00,25.0,0.0
2015-006,2015,BOB,KOMEN,2015-07-26 00:00:00,22.0,90.8,20.0,994.0,3.0,D,0,2015-07-27 00:00:00,20.0,0.0,0.0,,2015-07-25 18:00:00,,,2015-07-25 12:00:00,,,2015-07-25 00:00:00,,
2015-006,2015,BOB,KOMEN,2015-07-26 03:00:00,22.0,90.8,20.0,994.0,3.0,D,1,2015-07-27 03:00:00,25.0,5.0,0.0,0.0,2015-07-25 21:00:00,,,2015-07-25 15:00:00,,,2015-07-25 03:00:00,,
2015-006,2015,BOB,KOMEN,2015-07-26 06:00:00,22.0,90.5,20.0,994.0,3.0,D,2,2015-07-27 06:00:00,25.0,5.0,0.0,0.0,2015-07-26 00:00:00,20.0,0.0,2015-07-25 18:00:00,,,2015-07-25 06:00:00,,
2015-006,2015,BOB,KOMEN,2015-07-26 12:00:00,22.0,90.5,20.0,994.0,3.0,D,3,2015-07-27 12:00:00,25.0,5.0,0.0,0.0,2015-07-26 06:00:00,20.0,0.0,2015-07-26 00:00:00,20.0,0.0,2015-07-25 12:00:00,,
2015-006,2015,BOB,KOMEN,2015-07-26 18:00:00,22.0,90.5,20.0,994.0,3.0,D,4,2015-07-27 18:00:00,25.0,5.0,0.0,0.0,2015-07-26 12:00:00,20.0,0.0,2015-07-26 06:00:00,20.0,0.0,2015-07-25 18:00:00,,
2015-006,2015,BOB,KOMEN,2015-07-27 00:00:00,22.0,90.5,20.0,994.0,3.0,D,5,2015-07-28 00:00:00,25.0,5.0,0.0,0.0,2015-07-26 18:00:00,20.0,0.0,2015-07-26 12:00:00,20.0,0.0,2015-07-26 00:00:00,20.0,0.0
2015-006,2015,BOB,KOMEN,2015-07-27 03:00:00,22.0,90.5,25.0,994.0,4.0,D,6,2015-07-28 03:00:00,25.0,0.0,0.0,5.0,2015-07-26 21:00:00,,,2015-07-26 15:00:00,,,2015-07-26 03:00:00,20.0,5.0
2015-006,2015,BOB,KOMEN,2015-07-27 06:00:00,22.0,90.5,25.0,994.0,4.0,D,7,2015-07-28 06:00:00,25.0,0.0,0.0,0.0,2015-07-27 00:00:00,20.0,5.0,2015-07-26 18:00:00,20.0,5.0,2015-07-26 06:00:00,20.0,5.0
2015-006,2015,BOB,KOMEN,2015-07-27 12:00:00,22.0,90.5,25.0,994.0,4.0,D,8,2015-07-28 12:00:00,25.0,0.0,0.0,0.0,2015-07-27 06:00:00,25.0,0.0,2015-07-27 00:00:00,20.0,5.0,2015-07-26 12:00:00,20.0,5.0
2015-006,2015,BOB,KOMEN,2015-07-27 18:00:00,22.0,90.5,25.0,994.0,4.0,D,9,2015-07-28 18:00:00,25.0,0.0,0.0,0.0,2015-07-27 12:00:00,25.0,0.0,2015-07-27 06:00:00,25.0,0.0,2015-07-26 18:00:00,20.0,5.0
2015-006,2015,BOB,KOMEN,2015-07-28 00:00:00,22.0,90.5,25.0,994.0,4.0,D,10,2015-07-29 00:00:00,30.0,5.0,0.0,0.0,2015-07-27 18:00:00,25.0,0.0,2015-07-27 12:00:00,25.0,0.0,2015-07-27 00:00:00,20.0,5.0
2015-006,2015,BOB,KOMEN,2015-07-28 03:00:00,22.0,90.5,25.0,994.0,4.0,D,11,2015-07-29 03:00:00,30.0,5.0,0.0,0.0,2015-07-27 21:00:00,,,2015-07-27 15:00:00,,,2015-07-27 03:00:00,25.0,0.0
2015-006,2015,BOB,KOMEN,2015-07-28 06:00:00,21.8,90.3,25.0,994.0,4.0,D,12,2015-07-29 06:00:00,30.0,5.0,0.0,0.0,2015-07-28 00:00:00,25.0,0.0,2015-07-27 18:00:00,25.0,0.0,2015-07-27 06:00:00,25.0,0.0
2015-006,2015,BOB,KOMEN,2015-07-28 12:00:00,21.5,90.2,25.0,994.0,4.0,D,13,2015-07-29 12:00:00,30.0,5.0,0.0,0.0,2015-07-28 06:00:00,25.0,0.0,2015-07-28 00:00:00,25.0,0.0,2015-07-27 12:00:00,25.0,0.0
2015-006,2015,BOB,KOMEN,2015-07-28 18:00:00,21.3,90.6,25.0,992.0,4.0,D,14,2015-07-29 18:00:00,35.0,10.0,0.0,0.0,2015-07-28 12:00:00,25.0,0.0,2015-07-28 06:00:00,25.0,0.0,2015-07-27 18:00:00,25.0,0.0
2015-006,2015,BOB,KOMEN,2015-07-29 00:00:00,21.0,91.0,30.0,990.0,5.0,DD,15,2015-07-30 00:00:00,35.0,5.0,0.0,5.0,2015-07-28 18:00:00,25.0,5.0,2015-07-28 12:00:00,25.0,5.0,2015-07-28 00:00:00,25.0,5.0
2015-006,2015,BOB,KOMEN,2015-07-29 03:00:00,21.1,91.0,30.0,990.0,5.0,DD,16,2015-07-30 03:00:00,35.0,5.0,0.0,0.0,2015-07-28 21:00:00,,,2015-07-28 15:00:00,,,2015-07-28 03:00:00,25.0,5.0
2015-006,2015,BOB,KOMEN,2015-07-29 06:00:00,21.2,91.1,30.0,990.0,5.0,DD,17,2015-07-30 06:00:00,40.0,10.0,0.0,0.0,2015-07-29 00:00:00,30.0,0.0,2015-07-28 18:00:00,25.0,5.0,2015-07-28 06:00:00,25.0,5.0
2015-006,2015,BOB,KOMEN,2015-07-29 12:00:00,21.5,91.4,30.0,988.0,6.0,DD,18,2015-07-30 12:00:00,35.0,5.0,0.0,0.0,2015-07-29 06:00:00,30.0,0.0,2015-07-29 00:00:00,30.0,0.0,2015-07-28 12:00:00,25.0,5.0
2015-006,2015,BOB,KOMEN,2015-07-29 18:00:00,21.6,91.4,35.0,986.0,7.0,CS,19,2015-07-30 18:00:00,35.0,0.0,0.0,5.0,2015-07-29 12:00:00,30.0,5.0,2015-07-29 06:00:00,30.0,5.0,2015-07-28 18:00:00,25.0,10.0
2015-006,2015,BOB,KOMEN,2015-07-30 00:00:00,21.7,91.4,35.0,986.0,7.0,CS,20,2015-07-31 00:00:00,30.0,-5.0,0.0,0.0,2015-07-29 18:00:00,35.0,0.0,2015-07-29 12:00:00,30.0,5.0,2015-07-29 00:00:00,30.0,5.0
2015-006,2015,BOB,KOMEN,2015-07-30 03:00:00,22.0,91.4,35.0,986.0,7.0,CS,21,2015-07-31 03:00:00,30.0,-5.0,0.0,0.0,2015-07-29 21:00:00,,,2015-07-29 15:00:00,,,2015-07-29 03:00:00,30.0,5.0
2015-006,2015,BOB,KOMEN,2015-07-30 06:00:00,22.2,91.4,40.0,986.0,8.0,CS,22,2015-07-31 06:00:00,30.0,-10.0,0.0,5.0,2015-07-30 00:00:00,35.0,5.0,2015-07-29 18:00:00,35.0,5.0,2015-07-29 06:00:00,30.0,10.0
2015-006,2015,BOB,KOMEN,2015-07-30 09:00:00,22.3,91.4,40.0,986.0,8.0,CS,23,2015-07-31 09:00:00,,,,0.0,2015-07-30 03:00:00,35.0,5.0,2015-07-29 21:00:00,,,2015-07-29 09:00:00,,
2015-006,2015,BOB,KOMEN,2015-07-30 12:00:00,22.4,91.4,35.0,988.0,7.0,CS,24,2015-07-31 12:00:00,25.0,-10.0,0.0,-5.0,2015-07-30 06:00:00,40.0,-5.0,2015-07-30 00:00:00,35.0,0.0,2015-07-29 12:00:00,30.0,5.0
2015-006,2015,BOB,KOMEN,2015-07-30 15:00:00,22.6,91.3,35.0,988.0,7.0,CS,25,2015-07-31 15:00:00,,,,0.0,2015-07-30 09:00:00,40.0,-5.0,2015-07-30 03:00:00,35.0,0.0,2015-07-29 15:00:00,,
2015-006,2015,BOB,KOMEN,2015-07-30 18:00:00,22.8,91.1,35.0,988.0,7.0,CS,26,2015-07-31 18:00:00,25.0,-10.0,0.0,0.0,2015-07-30 12:00:00,35.0,0.0,2015-07-30 06:00:00,40.0,-5.0,2015-07-29 18:00:00,35.0,0.0
2015-006,2015,BOB,KOMEN,2015-07-30 21:00:00,23.0,91.0,30.0,988.0,6.0,DD,27,2015-07-31 21:00:00,,,,-5.0,2015-07-30 15:00:00,35.0,-5.0,2015-07-30 09:00:00,40.0,-10.0,2015-07-29 21:00:00,,
2015-006,2015,BOB,KOMEN,2015-07-31 00:00:00,23.1,90.0,30.0,990.0,5.0,DD,28,2015-08-01 00:00:00,20.0,-10.0,0.0,0.0,2015-07-30 18:00:00,35.0,-5.0,2015-07-30 12:00:00,35.0,-5.0,2015-07-30 00:00:00,35.0,-5.0
2015-006,2015,BOB,KOMEN,2015-07-31 03:00:00,23.1,90.0,30.0,990.0,5.0,DD,29,2015-08-01 03:00:00,20.0,-10.0,0.0,0.0,2015-07-30 21:00:00,30.0,0.0,2015-07-30 15:00:00,35.0,-5.0,2015-07-30 03:00:00,35.0,-5.0
2015-006,2015,BOB,KOMEN,2015-07-31 06:00:00,23.1,89.8,30.0,992.0,5.0,DD,30,2015-08-01 06:00:00,20.0,-10.0,0.0,0.0,2015-07-31 00:00:00,30.0,0.0,2015-07-30 18:00:00,35.0,-5.0,2015-07-30 06:00:00,40.0,-10.0
2015-006,2015,BOB,KOMEN,2015-07-31 12:00:00,23.1,89.5,25.0,994.0,4.0,D,31,2015-08-01 12:00:00,20.0,-5.0,0.0,-5.0,2015-07-31 06:00:00,30.0,-5.0,2015-07-31 00:00:00,30.0,-5.0,2015-07-30 12:00:00,35.0,-10.0
2015-006,2015,BOB,KOMEN,2015-07-31 18:00:00,23.1,89.4,25.0,994.0,4.0,D,32,2015-08-01 18:00:00,20.0,-5.0,0.0,0.0,2015-07-31 12:00:00,25.0,0.0,2015-07-31 06:00:00,30.0,-5.0,2015-07-30 18:00:00,35.0,-10.0
2015-006,2015,BOB,KOMEN,2015-08-01 00:00:00,23.2,89.2,20.0,994.0,4.0,D,33,2015-08-02 00:00:00,20.0,0.0,0.0,-5.0,2015-07-31 18:00:00,25.0,-5.0,2015-07-31 12:00:00,25.0,-5.0,2015-07-31 00:00:00,30.0,-10.0
2015-006,2015,BOB,KOMEN,2015-08-01 03:00:00,23.2,89.2,20.0,994.0,4.0,D,34,2015-08-02 03:00:00,20.0,0.0,0.0,0.0,2015-07-31 21:00:00,,,2015-07-31 15:00:00,,,2015-07-31 03:00:00,30.0,-10.0
2015-006,2015,BOB,KOMEN,2015-08-01 06:00:00,23.5,88.8,20.0,994.0,4.0,D,35,2015-08-02 06:00:00,20.0,0.0,0.0,0.0,2015-08-01 00:00:00,20.0,0.0,2015-07-31 18:00:00,25.0,-5.0,2015-07-31 06:00:00,30.0,-10.0
2015-006,2015,BOB,KOMEN,2015-08-01 12:00:00,23.8,88.4,20.0,994.0,4.0,D,36,2015-08-02 12:00:00,,,,0.0,2015-08-01 06:00:00,20.0,0.0,2015-08-01 00:00:00,20.0,0.0,2015-07-31 12:00:00,25.0,-5.0
2015-006,2015,BOB,KOMEN,2015-08-01 18:00:00,23.8,87.5,20.0,994.0,4.0,D,37,2015-08-02 18:00:00,,,,0.0,2015-08-01 12:00:00,20.0,0.0,2015-08-01 06:00:00,20.0,0.0,2015-07-31 18:00:00,25.0,-5.0
2015-006,2015,BOB,KOMEN,2015-08-02 00:00:00,23.8,86.7,20.0,996.0,3.0,D,38,2015-08-03 00:00:00,,,,0.0,2015-08-01 18:00:00,20.0,0.0,2015-08-01 12:00:00,20.0,0.0,2015-08-01 00:00:00,20.0,0.0
2015-006,2015,BOB,KOMEN,2015-08-02 03:00:00,23.5,86.0,20.0,996.0,3.0,D,39,2015-08-03 03:00:00,,,,0.0,2015-08-01 21:00:00,,,2015-08-01 15:00:00,,,2015-08-01 03:00:00,20.0,0.0
2015-006,2015,BOB,KOMEN,2015-08-02 06:00:00,23.3,85.7,20.0,996.0,3.0,D,40,2015-08-03 06:00:00,,,,0.0,2015-08-02 00:00:00,20.0,0.0,2015-08-01 18:00:00,20.0,0.0,2015-08-01 06:00:00,20.0,0.0
2015-006,2015,BOB,KOMEN,2015-08-02 09:00:00,23.1,85.5,20.0,996.0,3.0,D,41,2015-08-03 09:00:00,,,,0.0,2015-08-02 03:00:00,20.0,0.0,2015-08-01 21:00:00,,,2015-08-01 09:00:00,,
2015-012,2015,BOB,,2015-11-08 03:00:00,10.7,83.7,25.0,1003.0,3.0,D,0,2015-11-09 03:00:00,30.0,5.0,0.0,,2015-11-07 21:00:00,,,2015-11-07 15:00:00,,,2015-11-07 03:00:00,,
2015-012,2015,BOB,,2015-11-08 06:00:00,10.8,83.2,25.0,1003.0,3.0,D,1,2015-11-09 06:00:00,30.0,5.0,0.0,0.0,2015-11-08 00:00:00,,,2015-11-07 18:00:00,,,2015-11-07 06:00:00,,
2015-012,2015,BOB,,2015-11-08 12:00:00,11.0,82.5,25.0,1002.0,4.0,D,2,2015-11-09 12:00:00,30.0,5.0,0.0,0.0,2015-11-08 06:00:00,25.0,0.0,2015-11-08 00:00:00,,,2015-11-07 12:00:00,,
2015-012,2015,BOB,,2015-11-08 18:00:00,11.2,81.4,30.0,1000.0,5.0,DD,3,2015-11-09 18:00:00,30.0,0.0,0.0,5.0,2015-11-08 12:00:00,25.0,5.0,2015-11-08 06:00:00,25.0,5.0,2015-11-07 18:00:00,,
2015-012,2015,BOB,,2015-11-09 00:00:00,11.4,80.7,30.0,999.0,6.0,DD,4,2015-11-10 00:00:00,30.0,0.0,0.0,0.0,2015-11-08 18:00:00,30.0,0.0,2015-11-08 12:00:00,25.0,5.0,2015-11-08 00:00:00,,
2015-012,2015,BOB,,2015-11-09 03:00:00,11.6,80.3,30.0,998.0,6.0,DD,5,2015-11-10 03:00:00,20.0,-10.0,0.0,0.0,2015-11-08 21:00:00,,,2015-11-08 15:00:00,,,2015-11-08 03:00:00,25.0,5.0
2015-012,2015,BOB,,2015-11-09 06:00:00,11.7,80.1,30.0,996.0,6.0,DD,6,2015-11-10 06:00:00,,,,0.0,2015-11-09 00:00:00,30.0,0.0,2015-11-08 18:00:00,30.0,0.0,2015-11-08 06:00:00,25.0,5.0
2015-012,2015,BOB,,2015-11-09 12:00:00,12.1,80.0,30.0,996.0,6.0,DD,7,2015-11-10 12:00:00,,,,0.0,2015-11-09 06:00:00,30.0,0.0,2015-11-09 00:00:00,30.0,0.0,2015-11-08 12:00:00,25.0,5.0
2015-012,2015,BOB,,2015-11-09 18:00:00,12.4,79.9,30.0,998.0,6.0,DD,8,2015-11-10 18:00:00,,,,0.0,2015-11-09 12:00:00,30.0,0.0,2015-11-09 06:00:00,30.0,0.0,2015-11-08 18:00:00,30.0,0.0
2015-012,2015,BOB,,2015-11-10 00:00:00,12.4,79.6,30.0,1000.0,5.0,DD,9,2015-11-11 00:00:00,,,,0.0,2015-11-09 18:00:00,30.0,0.0,2015-11-09 12:00:00,30.0,0.0,2015-11-09 00:00:00,30.0,0.0
2015-012,2015,BOB,,2015-11-10 03:00:00,12.4,79.3,20.0,1002.0,4.0,D,10,2015-11-11 03:00:00,,,,-10.0,2015-11-09 21:00:00,,,2015-11-09 15:00:00,,,2015-11-09 03:00:00,30.0,-10.0
2016-001,2016,BOB,ROANU,2016-05-17 03:00:00,11.0,81.0,25.0,1000.0,3.0,D,0,2016-05-18 03:00:00,30.0,5.0,0.0,,2016-05-16 21:00:00,,,2016-05-16 15:00:00,,,2016-05-16 03:00:00,,
2016-001,2016,BOB,ROANU,2016-05-17 06:00:00,11.3,80.9,25.0,999.0,3.0,D,1,2016-05-18 06:00:00,30.0,5.0,0.0,0.0,2016-05-17 00:00:00,,,2016-05-16 18:00:00,,,2016-05-16 06:00:00,,
2016-001,2016,BOB,ROANU,2016-05-17 12:00:00,12.0,80.7,25.0,998.0,3.0,D,2,2016-05-18 12:00:00,30.0,5.0,0.0,0.0,2016-05-17 06:00:00,25.0,0.0,2016-05-17 00:00:00,,,2016-05-16 12:00:00,,
2016-001,2016,BOB,ROANU,2016-05-17 18:00:00,12.5,80.7,25.0,998.0,4.0,D,3,2016-05-18 18:00:00,30.0,5.0,0.0,0.0,2016-05-17 12:00:00,25.0,0.0,2016-05-17 06:00:00,25.0,0.0,2016-05-16 18:00:00,,
2016-001,2016,BOB,ROANU,2016-05-18 00:00:00,13.0,80.8,25.0,998.0,4.0,D,4,2016-05-19 00:00:00,35.0,10.0,0.0,0.0,2016-05-17 18:00:00,25.0,0.0,2016-05-17 12:00:00,25.0,0.0,2016-05-17 00:00:00,,
2016-001,2016,BOB,ROANU,2016-05-18 03:00:00,13.3,81.0,30.0,997.0,5.0,DD,5,2016-05-19 03:00:00,35.0,5.0,0.0,5.0,2016-05-17 21:00:00,,,2016-05-17 15:00:00,,,2016-05-17 03:00:00,25.0,5.0
2016-001,2016,BOB,ROANU,2016-05-18 06:00:00,13.8,81.0,30.0,996.0,5.0,DD,6,2016-05-19 06:00:00,40.0,10.0,0.0,0.0,2016-05-18 00:00:00,25.0,5.0,2016-05-17 18:00:00,25.0,5.0,2016-05-17 06:00:00,25.0,5.0
2016-001,2016,BOB,ROANU,2016-05-18 12:00:00,14.4,81.0,30.0,996.0,5.0,DD,7,2016-05-19 12:00:00,40.0,10.0,0.0,0.0,2016-05-18 06:00:00,30.0,0.0,2016-05-18 00:00:00,25.0,5.0,2016-05-17 12:00:00,25.0,5.0
2016-001,2016,BOB,ROANU,2016-05-18 18:00:00,14.4,81.0,30.0,994.0,7.0,DD,8,2016-05-19 18:00:00,40.0,10.0,0.0,0.0,2016-05-18 12:00:00,30.0,0.0,2016-05-18 06:00:00,30.0,0.0,2016-05-17 18:00:00,25.0,5.0
2016-001,2016,BOB,ROANU,2016-05-19 00:00:00,15.1,81.4,35.0,990.0,7.0,CS,9,2016-05-20 00:00:00,40.0,5.0,0.0,5.0,2016-05-18 18:00:00,30.0,5.0,2016-05-18 12:00:00,30.0,5.0,2016-05-18 00:00:00,25.0,10.0
2016-001,2016,BOB,ROANU,2016-05-19 03:00:00,15.6,81.6,35.0,990.0,8.0,CS,10,2016-05-20 03:00:00,40.0,5.0,0.0,0.0,2016-05-18 21:00:00,,,2016-05-18 15:00:00,,,2016-05-18 03:00:00,30.0,5.0
2016-001,2016,BOB,ROANU,2016-05-19 06:00:00,15.6,81.6,40.0,988.0,8.0,CS,11,2016-05-20 06:00:00,40.0,0.0,0.0,5.0,2016-05-19 00:00:00,35.0,5.0,2016-05-18 18:00:00,30.0,10.0,2016-05-18 06:00:00,30.0,10.0
2016-001,2016,BOB,ROANU,2016-05-19 12:00:00,16.0,81.9,40.0,988.0,8.0,CS,12,2016-05-20 12:00:00,40.0,0.0,0.0,0.0,2016-05-19 06:00:00,40.0,0.0,2016-05-19 00:00:00,35.0,5.0,2016-05-18 12:00:00,30.0,10.0
2016-001,2016,BOB,ROANU,2016-05-19 15:00:00,16.2,82.2,40.0,988.0,8.0,CS,13,2016-05-20 15:00:00,40.0,0.0,0.0,0.0,2016-05-19 09:00:00,,,2016-05-19 03:00:00,35.0,5.0,2016-05-18 15:00:00,,
2016-001,2016,BOB,ROANU,2016-05-19 18:00:00,16.4,82.6,40.0,988.0,8.0,CS,14,2016-05-20 18:00:00,45.0,5.0,0.0,0.0,2016-05-19 12:00:00,40.0,0.0,2016-05-19 06:00:00,40.0,0.0,2016-05-18 18:00:00,30.0,10.0
2016-001,2016,BOB,ROANU,2016-05-19 21:00:00,16.8,82.8,40.0,988.0,8.0,CS,15,2016-05-20 21:00:00,45.0,5.0,0.0,0.0,2016-05-19 15:00:00,40.0,0.0,2016-05-19 09:00:00,,,2016-05-18 21:00:00,,
2016-001,2016,BOB,ROANU,2016-05-20 00:00:00,17.2,83.3,40.0,988.0,8.0,CS,16,2016-05-21 00:00:00,45.0,5.0,0.0,0.0,2016-05-19 18:00:00,40.0,0.0,2016-05-19 12:00:00,40.0,0.0,2016-05-19 00:00:00,35.0,5.0
2016-001,2016,BOB,ROANU,2016-05-20 03:00:00,18.0,84.2,40.0,988.0,8.0,CS,17,2016-05-21 03:00:00,45.0,5.0,0.0,0.0,2016-05-19 21:00:00,40.0,0.0,2016-05-19 15:00:00,40.0,0.0,2016-05-19 03:00:00,35.0,5.0
2016-001,2016,BOB,ROANU,2016-05-20 06:00:00,18.4,84.6,40.0,988.0,9.0,CS,18,2016-05-21 06:00:00,45.0,5.0,0.0,0.0,2016-05-20 00:00:00,40.0,0.0,2016-05-19 18:00:00,40.0,0.0,2016-05-19 06:00:00,40.0,0.0
2016-001,2016,BOB,ROANU,2016-05-20 09:00:00,18.8,85.0,40.0,988.0,9.0,CS,19,2016-05-21 09:00:00,45.0,5.0,0.0,0.0,2016-05-20 03:00:00,40.0,0.0,2016-05-19 21:00:00,40.0,0.0,2016-05-19 09:00:00,,
2016-001,2016,BOB,ROANU,2016-05-20 12:00:00,19.7,86.5,40.0,988.0,9.0,CS,20,2016-05-21 12:00:00,35.0,-5.0,0.0,0.0,2016-05-20 06:00:00,40.0,0.0,2016-05-20 00:00:00,40.0,0.0,2016-05-19 12:00:00,40.0,0.0
2016-001,2016,BOB,ROANU,2016-05-20 15:00:00,20.1,87.1,40.0,986.0,9.0,CS,21,2016-05-21 15:00:00,30.0,-10.0,0.0,0.0,2016-05-20 09:00:00,40.0,0.0,2016-05-20 03:00:00,40.0,0.0,2016-05-19 15:00:00,40.0,0.0
2016-001,2016,BOB,ROANU,2016-05-20 18:00:00,20.4,87.7,45.0,984.0,11.0,CS,22,2016-05-21 18:00:00,30.0,-15.0,0.0,5.0,2016-05-20 12:00:00,40.0,5.0,2016-05-20 06:00:00,40.0,5.0,2016-05-19 18:00:00,40.0,5.0
2016-001,2016,BOB,ROANU,2016-05-20 21:00:00,20.7,88.4,45.0,983.0,11.0,CS,23,2016-05-21 21:00:00,,,,0.0,2016-05-20 15:00:00,40.0,5.0,2016-05-20 09:00:00,40.0,5.0,2016-05-19 21:00:00,40.0,5.0
2016-001,2016,BOB,ROANU,2016-05-21 00:00:00,21.0,89.0,45.0,983.0,11.0,CS,24,2016-05-22 00:00:00,20.0,-25.0,0.0,0.0,2016-05-20 18:00:00,45.0,0.0,2016-05-20 12:00:00,40.0,5.0,2016-05-20 00:00:00,40.0,5.0
2016-001,2016,BOB,ROANU,2016-05-21 03:00:00,21.5,90.3,45.0,983.0,11.0,CS,25,2016-05-22 03:00:00,,,,0.0,2016-05-20 21:00:00,45.0,0.0,2016-05-20 15:00:00,40.0,5.0,2016-05-20 03:00:00,40.0,5.0
2016-001,2016,BOB,ROANU,2016-05-21 06:00:00,21.9,91.0,45.0,983.0,11.0,CS,26,2016-05-22 06:00:00,,,,0.0,2016-05-21 00:00:00,45.0,0.0,2016-05-20 18:00:00,45.0,0.0,2016-05-20 06:00:00,40.0,5.0
2016-001,2016,BOB,ROANU,2016-05-21 09:00:00,22.5,91.5,45.0,983.0,11.0,CS,27,2016-05-22 09:00:00,,,,0.0,2016-05-21 03:00:00,45.0,0.0,2016-05-20 21:00:00,45.0,0.0,2016-05-20 09:00:00,40.0,5.0
2016-001,2016,BOB,ROANU,2016-05-21 12:00:00,22.8,92.0,35.0,990.0,6.0,CS,28,2016-05-22 12:00:00,,,,-10.0,2016-05-21 06:00:00,45.0,-10.0,2016-05-21 00:00:00,45.0,-10.0,2016-05-20 12:00:00,40.0,-5.0
2016-001,2016,BOB,ROANU,2016-05-21 15:00:00,23.5,93.0,30.0,992.0,4.0,DD,29,2016-05-22 15:00:00,,,,-5.0,2016-05-21 09:00:00,45.0,-15.0,2016-05-21 03:00:00,45.0,-15.0,2016-05-20 15:00:00,40.0,-10.0
2016-001,2016,BOB,ROANU,2016-05-21 18:00:00,24.0,94.0,30.0,994.0,4.0,DD,30,2016-05-22 18:00:00,,,,0.0,2016-05-21 12:00:00,35.0,-5.0,2016-05-21 06:00:00,45.0,-15.0,2016-05-20 18:00:00,45.0,-15.0
2016-001,2016,BOB,ROANU,2016-05-22 00:00:00,24.5,94.7,20.0,996.0,3.0,D,31,2016-05-23 00:00:00,,,,-10.0,2016-05-21 18:00:00,30.0,-10.0,2016-05-21 12:00:00,35.0,-15.0,2016-05-21 00:00:00,45.0,-25.0
2016-005,2016,BOB,,2016-08-16 00:00:00,21.4,88.4,20.0,996.0,3.0,D,0,2016-08-17 00:00:00,,,,,2016-08-15 18:00:00,,,2016-08-15 12:00:00,,,2016-08-15 00:00:00,,
2016-005,2016,BOB,,2016-08-16 12:00:00,21.0,89.0,20.0,996.0,3.0,D,1,2016-08-17 12:00:00,25.0,5.0,0.0,0.0,2016-08-16 06:00:00,,,2016-08-16 00:00:00,20.0,0.0,2016-08-15 12:00:00,,
2016-005,2016,BOB,,2016-08-16 18:00:00,21.2,88.7,20.0,996.0,3.0,D,2,2016-08-17 18:00:00,25.0,5.0,0.0,0.0,2016-08-16 12:00:00,20.0,0.0,2016-08-16 06:00:00,,,2016-08-15 18:00:00,,
2016-005,2016,BOB,,2016-08-17 03:00:00,21.5,88.5,20.0,996.0,3.0,D,3,2016-08-18 03:00:00,25.0,5.0,0.0,0.0,2016-08-16 21:00:00,,,2016-08-16 15:00:00,,,2016-08-16 03:00:00,,
2016-005,2016,BOB,,2016-08-17 06:00:00,21.5,88.5,20.0,996.0,3.0,D,4,2016-08-18 06:00:00,25.0,5.0,0.0,0.0,2016-08-17 00:00:00,,,2016-08-16 18:00:00,20.0,0.0,2016-08-16 06:00:00,,
2016-005,2016,BOB,,2016-08-17 12:00:00,22.0,88.2,25.0,994.0,4.0,DD,5,2016-08-18 12:00:00,25.0,0.0,0.0,5.0,2016-08-17 06:00:00,20.0,5.0,2016-08-17 00:00:00,,,2016-08-16 12:00:00,20.0,5.0
2016-005,2016,BOB,,2016-08-17 18:00:00,22.9,86.9,25.0,994.0,4.0,DD,6,2016-08-18 18:00:00,25.0,0.0,0.0,0.0,2016-08-17 12:00:00,25.0,0.0,2016-08-17 06:00:00,20.0,5.0,2016-08-16 18:00:00,20.0,5.0
2016-005,2016,BOB,,2016-08-18 00:00:00,23.7,85.7,25.0,994.0,4.0,DD,7,2016-08-19 00:00:00,25.0,0.0,0.0,0.0,2016-08-17 18:00:00,25.0,0.0,2016-08-17 12:00:00,25.0,0.0,2016-08-17 00:00:00,,
2016-005,2016,BOB,,2016-08-18 03:00:00,24.0,85.0,25.0,994.0,4.0,DD,8,2016-08-19 03:00:00,25.0,0.0,0.0,0.0,2016-08-17 21:00:00,,,2016-08-17 15:00:00,,,2016-08-17 03:00:00,20.0,5.0
2016-005,2016,BOB,,2016-08-18 06:00:00,24.0,84.4,25.0,994.0,4.0,DD,9,2016-08-19 06:00:00,25.0,0.0,0.0,0.0,2016-08-18 00:00:00,25.0,0.0,2016-08-17 18:00:00,25.0,0.0,2016-08-17 06:00:00,20.0,5.0
2016-005,2016,BOB,,2016-08-18 12:00:00,24.1,83.4,25.0,994.0,4.0,DD,10,2016-08-19 12:00:00,25.0,0.0,0.0,0.0,2016-08-18 06:00:00,25.0,0.0,2016-08-18 00:00:00,25.0,0.0,2016-08-17 12:00:00,25.0,0.0
2016-005,2016,BOB,,2016-08-18 18:00:00,24.4,82.7,25.0,994.0,4.0,DD,11,2016-08-19 18:00:00,25.0,0.0,0.0,0.0,2016-08-18 12:00:00,25.0,0.0,2016-08-18 06:00:00,25.0,0.0,2016-08-17 18:00:00,25.0,0.0
2016-005,2016,BOB,,2016-08-19 00:00:00,24.7,82.1,25.0,994.0,4.0,DD,12,2016-08-20 00:00:00,25.0,0.0,0.0,0.0,2016-08-18 18:00:00,25.0,0.0,2016-08-18 12:00:00,25.0,0.0,2016-08-18 00:00:00,25.0,0.0
2016-005,2016,BOB,,2016-08-19 03:00:00,25.0,82.3,25.0,994.0,4.0,DD,13,2016-08-20 03:00:00,25.0,0.0,0.0,0.0,2016-08-18 21:00:00,,,2016-08-18 15:00:00,,,2016-08-18 03:00:00,25.0,0.0
2016-005,2016,BOB,,2016-08-19 06:00:00,24.8,80.6,25.0,994.0,4.0,DD,14,2016-08-20 06:00:00,25.0,0.0,0.0,0.0,2016-08-19 00:00:00,25.0,0.0,2016-08-18 18:00:00,25.0,0.0,2016-08-18 06:00:00,25.0,0.0
2016-005,2016,BOB,,2016-08-19 12:00:00,24.7,79.0,25.0,994.0,4.0,DD,15,2016-08-20 12:00:00,20.0,-5.0,0.0,0.0,2016-08-19 06:00:00,25.0,0.0,2016-08-19 00:00:00,25.0,0.0,2016-08-18 12:00:00,25.0,0.0
2016-005,2016,BOB,,2016-08-19 18:00:00,24.7,78.4,25.0,994.0,4.0,DD,16,2016-08-20 18:00:00,15.0,-10.0,0.0,0.0,2016-08-19 12:00:00,25.0,0.0,2016-08-19 06:00:00,25.0,0.0,2016-08-18 18:00:00,25.0,0.0
2016-005,2016,BOB,,2016-08-20 00:00:00,24.7,77.8,25.0,994.0,4.0,DD,17,2016-08-21 00:00:00,,,,0.0,2016-08-19 18:00:00,25.0,0.0,2016-08-19 12:00:00,25.0,0.0,2016-08-19 00:00:00,25.0,0.0
2016-005,2016,BOB,,2016-08-20 03:00:00,24.8,77.5,25.0,994.0,4.0,DD,18,2016-08-21 03:00:00,,,,0.0,2016-08-19 21:00:00,,,2016-08-19 15:00:00,,,2016-08-19 03:00:00,25.0,0.0
2016-005,2016,BOB,,2016-08-20 06:00:00,24.8,77.3,25.0,994.0,4.0,DD,19,2016-08-21 06:00:00,,,,0.0,2016-08-20 00:00:00,25.0,0.0,2016-08-19 18:00:00,25.0,0.0,2016-08-19 06:00:00,25.0,0.0
2016-005,2016,BOB,,2016-08-20 12:00:00,24.8,77.2,20.0,994.0,4.0,DD,20,2016-08-21 12:00:00,,,,-5.0,2016-08-20 06:00:00,25.0,-5.0,2016-08-20 00:00:00,25.0,-5.0,2016-08-19 12:00:00,25.0,-5.0
2016-005,2016,BOB,,2016-08-20 18:00:00,25.0,76.5,15.0,996.0,3.0,D,21,2016-08-21 18:00:00,,,,-5.0,2016-08-20 12:00:00,20.0,-5.0,2016-08-20 06:00:00,25.0,-10.0,2016-08-19 18:00:00,25.0,-10.0
2016-006,2016,BOB,KYANT,2016-10-21 00:00:00,13.5,88.5,25.0,1003.0,3.0,D,0,2016-10-22 00:00:00,25.0,0.0,0.0,,2016-10-20 18:00:00,,,2016-10-20 12:00:00,,,2016-10-20 00:00:00,,
2016-006,2016,BOB,KYANT,2016-10-21 03:00:00,13.6,88.8,25.0,1003.0,3.0,D,1,2016-10-22 03:00:00,25.0,0.0,0.0,0.0,2016-10-20 21:00:00,,,2016-10-20 15:00:00,,,2016-10-20 03:00:00,,
2016-006,2016,BOB,KYANT,2016-10-21 06:00:00,13.7,89.3,25.0,1003.0,3.0,D,2,2016-10-22 06:00:00,25.0,0.0,0.0,0.0,2016-10-21 00:00:00,25.0,0.0,2016-10-20 18:00:00,,,2016-10-20 06:00:00,,
2016-006,2016,BOB,KYANT,2016-10-21 12:00:00,13.9,89.8,25.0,1003.0,3.0,D,3,2016-10-22 12:00:00,25.0,0.0,0.0,0.0,2016-10-21 06:00:00,25.0,0.0,2016-10-21 00:00:00,25.0,0.0,2016-10-20 12:00:00,,
2016-006,2016,BOB,KYANT,2016-10-21 18:00:00,13.9,89.9,25.0,1003.0,3.0,D,4,2016-10-22 18:00:00,25.0,0.0,0.0,0.0,2016-10-21 12:00:00,25.0,0.0,2016-10-21 06:00:00,25.0,0.0,2016-10-20 18:00:00,,
2016-006,2016,BOB,KYANT,2016-10-22 00:00:00,13.9,90.0,25.0,1002.0,4.0,D,5,2016-10-23 00:00:00,25.0,0.0,0.0,0.0,2016-10-21 18:00:00,25.0,0.0,2016-10-21 12:00:00,25.0,0.0,2016-10-21 00:00:00,25.0,0.0
2016-006,2016,BOB,KYANT,2016-10-22 03:00:00,14.0,90.5,25.0,1002.0,4.0,D,6,2016-10-23 03:00:00,30.0,5.0,0.0,0.0,2016-10-21 21:00:00,,,2016-10-21 15:00:00,,,2016-10-21 03:00:00,25.0,0.0
2016-006,2016,BOB,KYANT,2016-10-22 06:00:00,14.5,91.3,25.0,1002.0,4.0,D,7,2016-10-23 06:00:00,30.0,5.0,0.0,0.0,2016-10-22 00:00:00,25.0,0.0,2016-10-21 18:00:00,25.0,0.0,2016-10-21 06:00:00,25.0,0.0
2016-006,2016,BOB,KYANT,2016-10-22 12:00:00,14.9,92.0,25.0,1002.0,4.0,D,8,2016-10-23 12:00:00,30.0,5.0,0.0,0.0,2016-10-22 06:00:00,25.0,0.0,2016-10-22 00:00:00,25.0,0.0,2016-10-21 12:00:00,25.0,0.0
2016-006,2016,BOB,KYANT,2016-10-22 18:00:00,15.2,92.5,25.0,1002.0,4.0,D,9,2016-10-23 18:00:00,30.0,5.0,0.0,0.0,2016-10-22 12:00:00,25.0,0.0,2016-10-22 06:00:00,25.0,0.0,2016-10-21 18:00:00,25.0,0.0
2016-006,2016,BOB,KYANT,2016-10-23 00:00:00,15.5,93.0,25.0,1002.0,4.0,D,10,2016-10-24 00:00:00,30.0,5.0,0.0,0.0,2016-10-22 18:00:00,25.0,0.0,2016-10-22 12:00:00,25.0,0.0,2016-10-22 00:00:00,25.0,0.0
2016-006,2016,BOB,KYANT,2016-10-23 03:00:00,15.5,93.0,30.0,1000.0,5.0,DD,11,2016-10-24 03:00:00,30.0,0.0,0.0,5.0,2016-10-22 21:00:00,,,2016-10-22 15:00:00,,,2016-10-22 03:00:00,25.0,5.0
2016-006,2016,BOB,KYANT,2016-10-23 06:00:00,15.5,93.0,30.0,1000.0,5.0,DD,12,2016-10-24 06:00:00,30.0,0.0,0.0,0.0,2016-10-23 00:00:00,25.0,5.0,2016-10-22 18:00:00,25.0,5.0,2016-10-22 06:00:00,25.0,5.0
2016-006,2016,BOB,KYANT,2016-10-23 12:00:00,15.7,93.1,30.0,1000.0,5.0,DD,13,2016-10-24 12:00:00,30.0,0.0,0.0,0.0,2016-10-23 06:00:00,30.0,0.0,2016-10-23 00:00:00,25.0,5.0,2016-10-22 12:00:00,25.0,5.0
2016-006,2016,BOB,KYANT,2016-10-23 18:00:00,16.0,93.2,30.0,1000.0,5.0,DD,14,2016-10-24 18:00:00,30.0,0.0,0.0,0.0,2016-10-23 12:00:00,30.0,0.0,2016-10-23 06:00:00,30.0,0.0,2016-10-22 18:00:00,25.0,5.0
2016-006,2016,BOB,KYANT,2016-10-24 00:00:00,16.4,93.2,30.0,1000.0,5.0,DD,15,2016-10-25 00:00:00,30.0,0.0,0.0,0.0,2016-10-23 18:00:00,30.0,0.0,2016-10-23 12:00:00,30.0,0.0,2016-10-23 00:00:00,25.0,5.0
2016-006,2016,BOB,KYANT,2016-10-24 03:00:00,16.4,93.2,30.0,1000.0,5.0,DD,16,2016-10-25 03:00:00,35.0,5.0,0.0,0.0,2016-10-23 21:00:00,,,2016-10-23 15:00:00,,,2016-10-23 03:00:00,30.0,0.0
2016-006,2016,BOB,KYANT,2016-10-24 06:00:00,16.5,93.1,30.0,1000.0,5.0,DD,17,2016-10-25 06:00:00,35.0,5.0,0.0,0.0,2016-10-24 00:00:00,30.0,0.0,2016-10-23 18:00:00,30.0,0.0,2016-10-23 06:00:00,30.0,0.0
2016-006,2016,BOB,KYANT,2016-10-24 12:00:00,16.7,92.7,30.0,1000.0,5.0,DD,18,2016-10-25 12:00:00,35.0,5.0,0.0,0.0,2016-10-24 06:00:00,30.0,0.0,2016-10-24 00:00:00,30.0,0.0,2016-10-23 12:00:00,30.0,0.0
2016-006,2016,BOB,KYANT,2016-10-24 18:00:00,16.8,92.3,30.0,1000.0,5.0,DD,19,2016-10-25 18:00:00,35.0,5.0,0.0,0.0,2016-10-24 12:00:00,30.0,0.0,2016-10-24 06:00:00,30.0,0.0,2016-10-23 18:00:00,30.0,0.0
2016-006,2016,BOB,KYANT,2016-10-25 00:00:00,16.9,91.7,30.0,1000.0,5.0,DD,20,2016-10-26 00:00:00,40.0,10.0,0.0,0.0,2016-10-24 18:00:00,30.0,0.0,2016-10-24 12:00:00,30.0,0.0,2016-10-24 00:00:00,30.0,0.0
2016-006,2016,BOB,KYANT,2016-10-25 03:00:00,17.0,91.2,35.0,998.0,6.0,CS,21,2016-10-26 03:00:00,40.0,5.0,0.0,5.0,2016-10-24 21:00:00,,,2016-10-24 15:00:00,,,2016-10-24 03:00:00,30.0,5.0
2016-006,2016,BOB,KYANT,2016-10-25 06:00:00,17.0,90.9,35.0,998.0,6.0,CS,22,2016-10-26 06:00:00,40.0,5.0,0.0,0.0,2016-10-25 00:00:00,30.0,5.0,2016-10-24 18:00:00,30.0,5.0,2016-10-24 06:00:00,30.0,5.0
2016-006,2016,BOB,KYANT,2016-10-25 09:00:00,16.8,90.6,35.0,998.0,6.0,CS,23,2016-10-26 09:00:00,40.0,5.0,0.0,0.0,2016-10-25 03:00:00,35.0,0.0,2016-10-24 21:00:00,,,2016-10-24 09:00:00,,
2016-006,2016,BOB,KYANT,2016-10-25 12:00:00,16.9,90.5,35.0,998.0,6.0,CS,24,2016-10-26 12:00:00,40.0,5.0,0.0,0.0,2016-10-25 06:00:00,35.0,0.0,2016-10-25 00:00:00,30.0,5.0,2016-10-24 12:00:00,30.0,5.0
2016-006,2016,BOB,KYANT,2016-10-25 15:00:00,16.7,90.2,35.0,998.0,6.0,CS,25,2016-10-26 15:00:00,40.0,5.0,0.0,0.0,2016-10-25 09:00:00,35.0,0.0,2016-10-25 03:00:00,35.0,0.0,2016-10-24 15:00:00,,
2016-006,2016,BOB,KYANT,2016-10-25 18:00:00,16.7,89.8,35.0,998.0,6.0,CS,26,2016-10-26 18:00:00,35.0,0.0,0.0,0.0,2016-10-25 12:00:00,35.0,0.0,2016-10-25 06:00:00,35.0,0.0,2016-10-24 18:00:00,30.0,5.0
2016-006,2016,BOB,KYANT,2016-10-25 21:00:00,16.5,89.6,35.0,997.0,7.0,CS,27,2016-10-26 21:00:00,30.0,-5.0,0.0,0.0,2016-10-25 15:00:00,35.0,0.0,2016-10-25 09:00:00,35.0,0.0,2016-10-24 21:00:00,,
2016-006,2016,BOB,KYANT,2016-10-26 00:00:00,16.6,89.0,40.0,996.0,8.0,CS,28,2016-10-27 00:00:00,30.0,-10.0,0.0,5.0,2016-10-25 18:00:00,35.0,5.0,2016-10-25 12:00:00,35.0,5.0,2016-10-25 00:00:00,30.0,10.0
2016-006,2016,BOB,KYANT,2016-10-26 03:00:00,16.6,88.5,40.0,996.0,8.0,CS,29,2016-10-27 03:00:00,30.0,-10.0,0.0,0.0,2016-10-25 21:00:00,35.0,5.0,2016-10-25 15:00:00,35.0,5.0,2016-10-25 03:00:00,35.0,5.0
2016-006,2016,BOB,KYANT,2016-10-26 06:00:00,16.5,88.0,40.0,996.0,8.0,CS,30,2016-10-27 06:00:00,30.0,-10.0,0.0,0.0,2016-10-26 00:00:00,40.0,0.0,2016-10-25 18:00:00,35.0,5.0,2016-10-25 06:00:00,35.0,5.0
2016-006,2016,BOB,KYANT,2016-10-26 09:00:00,16.4,87.5,40.0,996.0,8.0,CS,31,2016-10-27 09:00:00,,,,0.0,2016-10-26 03:00:00,40.0,0.0,2016-10-25 21:00:00,35.0,5.0,2016-10-25 09:00:00,35.0,5.0
2016-006,2016,BOB,KYANT,2016-10-26 12:00:00,16.3,87.0,40.0,996.0,8.0,CS,32,2016-10-27 12:00:00,30.0,-10.0,0.0,0.0,2016-10-26 06:00:00,40.0,0.0,2016-10-26 00:00:00,40.0,0.0,2016-10-25 12:00:00,35.0,5.0
2016-006,2016,BOB,KYANT,2016-10-26 15:00:00,16.2,86.6,40.0,997.0,7.0,CS,33,2016-10-27 15:00:00,,,,0.0,2016-10-26 09:00:00,40.0,0.0,2016-10-26 03:00:00,40.0,0.0,2016-10-25 15:00:00,35.0,5.0
2016-006,2016,BOB,KYANT,2016-10-26 18:00:00,16.1,86.4,35.0,998.0,6.0,CS,34,2016-10-27 18:00:00,25.0,-10.0,0.0,-5.0,2016-10-26 12:00:00,40.0,-5.0,2016-10-26 06:00:00,40.0,-5.0,2016-10-25 18:00:00,35.0,0.0
2016-006,2016,BOB,KYANT,2016-10-26 21:00:00,15.9,85.9,30.0,1000.0,5.0,DD,35,2016-10-27 21:00:00,,,,-5.0,2016-10-26 15:00:00,40.0,-10.0,2016-10-26 09:00:00,40.0,-10.0,2016-10-25 21:00:00,35.0,-5.0
2016-006,2016,BOB,KYANT,2016-10-27 00:00:00,15.7,85.5,30.0,1002.0,5.0,DD,36,2016-10-28 00:00:00,,,,0.0,2016-10-26 18:00:00,35.0,-5.0,2016-10-26 12:00:00,40.0,-10.0,2016-10-26 00:00:00,40.0,-10.0
2016-006,2016,BOB,KYANT,2016-10-27 03:00:00,15.6,85.0,30.0,1002.0,5.0,DD,37,2016-10-28 03:00:00,,,,0.0,2016-10-26 21:00:00,30.0,0.0,2016-10-26 15:00:00,40.0,-10.0,2016-10-26 03:00:00,40.0,-10.0
2016-006,2016,BOB,KYANT,2016-10-27 06:00:00,15.6,84.5,30.0,1003.0,5.0,DD,38,2016-10-28 06:00:00,,,,0.0,2016-10-27 00:00:00,30.0,0.0,2016-10-26 18:00:00,35.0,-5.0,2016-10-26 06:00:00,40.0,-10.0
2016-006,2016,BOB,KYANT,2016-10-27 12:00:00,15.5,83.5,30.0,1004.0,4.0,D,39,2016-10-28 12:00:00,,,,0.0,2016-10-27 06:00:00,30.0,0.0,2016-10-27 00:00:00,30.0,0.0,2016-10-26 12:00:00,40.0,-10.0
2016-006,2016,BOB,KYANT,2016-10-27 18:00:00,15.4,83.0,25.0,1004.0,3.0,D,40,2016-10-28 18:00:00,,,,-5.0,2016-10-27 12:00:00,30.0,-5.0,2016-10-27 06:00:00,30.0,-5.0,2016-10-26 18:00:00,35.0,-10.0
2016-007,2016,BOB,,2016-11-02 18:00:00,12.7,88.0,25.0,1004.0,4.0,D,0,2016-11-03 18:00:00,25.0,0.0,0.0,,2016-11-02 12:00:00,,,2016-11-02 06:00:00,,,2016-11-01 18:00:00,,
2016-007,2016,BOB,,2016-11-03 00:00:00,13.0,87.0,25.0,1004.0,4.0,D,1,2016-11-04 00:00:00,25.0,0.0,0.0,0.0,2016-11-02 18:00:00,25.0,0.0,2016-11-02 12:00:00,,,2016-11-02 00:00:00,,
2016-007,2016,BOB,,2016-11-03 03:00:00,13.4,86.5,25.0,1004.0,4.0,D,2,2016-11-04 03:00:00,25.0,0.0,0.0,0.0,2016-11-02 21:00:00,,,2016-11-02 15:00:00,,,2016-11-02 03:00:00,,
2016-007,2016,BOB,,2016-11-03 06:00:00,13.7,86.0,25.0,1004.0,4.0,D,3,2016-11-04 06:00:00,25.0,0.0,0.0,0.0,2016-11-03 00:00:00,25.0,0.0,2016-11-02 18:00:00,25.0,0.0,2016-11-02 06:00:00,,
2016-007,2016,BOB,,2016-11-03 12:00:00,14.2,85.5,25.0,1004.0,4.0,D,4,2016-11-04 12:00:00,25.0,0.0,0.0,0.0,2016-11-03 06:00:00,25.0,0.0,2016-11-03 00:00:00,25.0,0.0,2016-11-02 12:00:00,,
2016-007,2016,BOB,,2016-11-03 18:00:00,14.6,85.0,25.0,1004.0,4.0,D,5,2016-11-04 18:00:00,25.0,0.0,0.0,0.0,2016-11-03 12:00:00,25.0,0.0,2016-11-03 06:00:00,25.0,0.0,2016-11-02 18:00:00,25.0,0.0
2016-007,2016,BOB,,2016-11-04 00:00:00,15.5,84.8,25.0,1002.0,4.0,D,6,2016-11-05 00:00:00,25.0,0.0,0.0,0.0,2016-11-03 18:00:00,25.0,0.0,2016-11-03 12:00:00,25.0,0.0,2016-11-03 00:00:00,25.0,0.0
2016-007,2016,BOB,,2016-11-04 03:00:00,16.0,84.7,25.0,1002.0,4.0,D,7,2016-11-05 03:00:00,25.0,0.0,0.0,0.0,2016-11-03 21:00:00,,,2016-11-03 15:00:00,,,2016-11-03 03:00:00,25.0,0.0
2016-007,2016,BOB,,2016-11-04 06:00:00,16.0,84.7,25.0,1000.0,4.0,D,8,2016-11-05 06:00:00,25.0,0.0,0.0,0.0,2016-11-04 00:00:00,25.0,0.0,2016-11-03 18:00:00,25.0,0.0,2016-11-03 06:00:00,25.0,0.0
2016-007,2016,BOB,,2016-11-04 12:00:00,16.3,84.7,25.0,1000.0,4.0,D,9,2016-11-05 12:00:00,25.0,0.0,0.0,0.0,2016-11-04 06:00:00,25.0,0.0,2016-11-04 00:00:00,25.0,0.0,2016-11-03 12:00:00,25.0,0.0
2016-007,2016,BOB,,2016-11-04 18:00:00,16.9,85.0,25.0,1000.0,4.0,D,10,2016-11-05 18:00:00,25.0,0.0,0.0,0.0,2016-11-04 12:00:00,25.0,0.0,2016-11-04 06:00:00,25.0,0.0,2016-11-03 18:00:00,25.0,0.0
2016-007,2016,BOB,,2016-11-05 00:00:00,17.7,86.0,25.0,1000.0,4.0,D,11,2016-11-06 00:00:00,25.0,0.0,0.0,0.0,2016-11-04 18:00:00,25.0,0.0,2016-11-04 12:00:00,25.0,0.0,2016-11-04 00:00:00,25.0,0.0
2016-007,2016,BOB,,2016-11-05 03:00:00,18.3,87.0,25.0,1000.0,4.0,D,12,2016-11-06 03:00:00,25.0,0.0,0.0,0.0,2016-11-04 21:00:00,,,2016-11-04 15:00:00,,,2016-11-04 03:00:00,25.0,0.0
2016-007,2016,BOB,,2016-11-05 06:00:00,18.5,87.0,25.0,1000.0,4.0,D,13,2016-11-06 06:00:00,25.0,0.0,0.0,0.0,2016-11-05 00:00:00,25.0,0.0,2016-11-04 18:00:00,25.0,0.0,2016-11-04 06:00:00,25.0,0.0
2016-007,2016,BOB,,2016-11-05 12:00:00,19.0,88.7,25.0,1000.0,4.0,D,14,2016-11-06 12:00:00,,,,0.0,2016-11-05 06:00:00,25.0,0.0,2016-11-05 00:00:00,25.0,0.0,2016-11-04 12:00:00,25.0,0.0
2016-007,2016,BOB,,2016-11-05 18:00:00,19.5,89.5,25.0,1000.0,4.0,D,15,2016-11-06 18:00:00,,,,0.0,2016-11-05 12:00:00,25.0,0.0,2016-11-05 06:00:00,25.0,0.0,2016-11-04 18:00:00,25.0,0.0
2016-007,2016,BOB,,2016-11-06 00:00:00,20.5,91.0,25.0,1000.0,4.0,D,16,2016-11-07 00:00:00,,,,0.0,2016-11-05 18:00:00,25.0,0.0,2016-11-05 12:00:00,25.0,0.0,2016-11-05 00:00:00,25.0,0.0
2016-007,2016,BOB,,2016-11-06 03:00:00,21.0,91.5,25.0,1000.0,4.0,D,17,2016-11-07 03:00:00,,,,0.0,2016-11-05 21:00:00,,,2016-11-05 15:00:00,,,2016-11-05 03:00:00,25.0,0.0
2016-007,2016,BOB,,2016-11-06 06:00:00,21.5,91.8,25.0,1002.0,4.0,D,18,2016-11-07 06:00:00,,,,0.0,2016-11-06 00:00:00,25.0,0.0,2016-11-05 18:00:00,25.0,0.0,2016-11-05 06:00:00,25.0,0.0
2016-007,2016,BOB,,2016-11-06 09:00:00,21.6,91.9,25.0,1003.0,3.0,D,19,2016-11-07 09:00:00,,,,0.0,2016-11-06 03:00:00,25.0,0.0,2016-11-05 21:00:00,,,2016-11-05 09:00:00,,
2016-008,2016,BOB,NADA,2016-11-29 12:00:00,6.5,87.5,25.0,1004.0,2.0,D,0,2016-11-30 12:00:00,40.0,15.0,0.0,,2016-11-29 06:00:00,,,2016-11-29 00:00:00,,,2016-11-28 12:00:00,,
2016-008,2016,BOB,NADA,2016-11-29 18:00:00,7.2,86.7,25.0,1003.0,2.0,D,1,2016-11-30 18:00:00,40.0,15.0,0.0,0.0,2016-11-29 12:00:00,25.0,0.0,2016-11-29 06:00:00,,,2016-11-28 18:00:00,,
2016-008,2016,BOB,NADA,2016-11-30 00:00:00,7.8,85.7,30.0,1002.0,3.0,DD,2,2016-12-01 00:00:00,35.0,5.0,0.0,5.0,2016-11-29 18:00:00,25.0,5.0,2016-11-29 12:00:00,25.0,5.0,2016-11-29 00:00:00,,
2016-008,2016,BOB,NADA,2016-11-30 03:00:00,8.2,85.3,35.0,1002.0,4.0,CS,3,2016-12-01 03:00:00,30.0,-5.0,0.0,5.0,2016-11-29 21:00:00,,,2016-11-29 15:00:00,,,2016-11-29 03:00:00,,
2016-008,2016,BOB,NADA,2016-11-30 06:00:00,8.7,85.0,35.0,1002.0,4.0,CS,4,2016-12-01 06:00:00,30.0,-5.0,0.0,0.0,2016-11-30 00:00:00,30.0,5.0,2016-11-29 18:00:00,25.0,10.0,2016-11-29 06:00:00,,
2016-008,2016,BOB,NADA,2016-11-30 09:00:00,9.5,84.3,35.0,1002.0,4.0,CS,5,2016-12-01 09:00:00,,,,0.0,2016-11-30 03:00:00,35.0,0.0,2016-11-29 21:00:00,,,2016-11-29 09:00:00,,
2016-008,2016,BOB,NADA,2016-11-30 12:00:00,9.8,84.0,40.0,1000.0,4.0,CS,6,2016-12-01 12:00:00,30.0,-10.0,0.0,5.0,2016-11-30 06:00:00,35.0,5.0,2016-11-30 00:00:00,30.0,10.0,2016-11-29 12:00:00,25.0,15.0
2016-008,2016,BOB,NADA,2016-11-30 15:00:00,10.0,83.5,40.0,1000.0,4.0,CS,7,2016-12-01 15:00:00,,,,0.0,2016-11-30 09:00:00,35.0,5.0,2016-11-30 03:00:00,35.0,5.0,2016-11-29 15:00:00,,
2016-008,2016,BOB,NADA,2016-11-30 18:00:00,10.3,83.0,40.0,1000.0,4.0,CS,8,2016-12-01 18:00:00,25.0,-15.0,0.0,0.0,2016-11-30 12:00:00,40.0,0.0,2016-11-30 06:00:00,35.0,5.0,2016-11-29 18:00:00,25.0,15.0
2016-008,2016,BOB,NADA,2016-11-30 21:00:00,10.4,82.0,40.0,1000.0,4.0,CS,9,2016-12-01 21:00:00,,,,0.0,2016-11-30 15:00:00,40.0,0.0,2016-11-30 09:00:00,35.0,5.0,2016-11-29 21:00:00,,
2016-008,2016,BOB,NADA,2016-12-01 00:00:00,10.4,81.8,35.0,1000.0,4.0,CS,10,2016-12-02 00:00:00,2.0,-33.0,0.0,-5.0,2016-11-30 18:00:00,40.0,-5.0,2016-11-30 12:00:00,40.0,-5.0,2016-11-30 00:00:00,30.0,5.0
2016-008,2016,BOB,NADA,2016-12-01 03:00:00,10.4,81.7,30.0,1001.0,4.0,CS,11,2016-12-02 03:00:00,,,,-5.0,2016-11-30 21:00:00,40.0,-10.0,2016-11-30 15:00:00,40.0,-10.0,2016-11-30 03:00:00,35.0,-5.0
2016-008,2016,BOB,NADA,2016-12-01 06:00:00,10.6,81.2,30.0,1003.0,3.0,DD,12,2016-12-02 06:00:00,,,,0.0,2016-12-01 00:00:00,35.0,-5.0,2016-11-30 18:00:00,40.0,-10.0,2016-11-30 06:00:00,35.0,-5.0
2016-008,2016,BOB,NADA,2016-12-01 12:00:00,10.7,80.7,30.0,1004.0,3.0,DD,13,2016-12-02 12:00:00,,,,0.0,2016-12-01 06:00:00,30.0,0.0,2016-12-01 00:00:00,35.0,-5.0,2016-11-30 12:00:00,40.0,-10.0
2016-008,2016,BOB,NADA,2016-12-01 18:00:00,10.8,80.2,25.0,1006.0,2.0,D,14,2016-12-02 18:00:00,,,,-5.0,2016-12-01 12:00:00,30.0,-5.0,2016-12-01 06:00:00,30.0,-5.0,2016-11-30 18:00:00,40.0,-15.0
2016-008,2016,BOB,NADA,2016-12-02 00:00:00,10.8,79.7,2.0,25.0,,,15,2016-12-03 00:00:00,,,,-23.0,2016-12-01 18:00:00,25.0,-23.0,2016-12-01 12:00:00,30.0,-28.0,2016-12-01 00:00:00,35.0,-33.0
2016-009,2016,BOB,VARDAH,2016-12-06 09:00:00,8.5,91.0,25.0,1002.0,3.0,D,0,2016-12-07 09:00:00,,,,,2016-12-06 03:00:00,,,2016-12-05 21:00:00,,,2016-12-05 09:00:00,,
2016-009,2016,BOB,VARDAH,2016-12-06 12:00:00,8.5,90.5,25.0,1002.0,3.0,D,1,2016-12-07 12:00:00,25.0,0.0,0.0,0.0,2016-12-06 06:00:00,,,2016-12-06 00:00:00,,,2016-12-05 12:00:00,,
2016-009,2016,BOB,VARDAH,2016-12-06 18:00:00,9.5,90.5,25.0,1002.0,3.0,D,2,2016-12-07 18:00:00,30.0,5.0,0.0,0.0,2016-12-06 12:00:00,25.0,0.0,2016-12-06 06:00:00,,,2016-12-05 18:00:00,,
2016-009,2016,BOB,VARDAH,2016-12-07 00:00:00,9.8,90.5,25.0,1002.0,4.0,D,3,2016-12-08 00:00:00,35.0,10.0,0.0,0.0,2016-12-06 18:00:00,25.0,0.0,2016-12-06 12:00:00,25.0,0.0,2016-12-06 00:00:00,,
2016-009,2016,BOB,VARDAH,2016-12-07 03:00:00,9.8,90.5,25.0,1002.0,4.0,D,4,2016-12-08 03:00:00,35.0,10.0,0.0,0.0,2016-12-06 21:00:00,,,2016-12-06 15:00:00,,,2016-12-06 03:00:00,,
2016-009,2016,BOB,VARDAH,2016-12-07 06:00:00,9.8,90.5,25.0,1002.0,4.0,D,5,2016-12-08 06:00:00,35.0,10.0,0.0,0.0,2016-12-07 00:00:00,25.0,0.0,2016-12-06 18:00:00,25.0,0.0,2016-12-06 06:00:00,,
2016-009,2016,BOB,VARDAH,2016-12-07 12:00:00,10.0,90.5,25.0,1002.0,4.0,D,6,2016-12-08 12:00:00,40.0,15.0,0.0,0.0,2016-12-07 06:00:00,25.0,0.0,2016-12-07 00:00:00,25.0,0.0,2016-12-06 12:00:00,25.0,0.0
2016-009,2016,BOB,VARDAH,2016-12-07 18:00:00,10.8,90.5,30.0,1000.0,5.0,DD,7,2016-12-08 18:00:00,40.0,10.0,0.0,5.0,2016-12-07 12:00:00,25.0,5.0,2016-12-07 06:00:00,25.0,5.0,2016-12-06 18:00:00,25.0,5.0
2016-009,2016,BOB,VARDAH,2016-12-08 00:00:00,11.2,90.5,35.0,998.0,6.0,CS,8,2016-12-09 00:00:00,45.0,10.0,0.0,5.0,2016-12-07 18:00:00,30.0,5.0,2016-12-07 12:00:00,25.0,10.0,2016-12-07 00:00:00,25.0,10.0
2016-009,2016,BOB,VARDAH,2016-12-08 03:00:00,11.5,90.5,35.0,998.0,7.0,CS,9,2016-12-09 03:00:00,45.0,10.0,0.0,0.0,2016-12-07 21:00:00,,,2016-12-07 15:00:00,,,2016-12-07 03:00:00,25.0,10.0
2016-009,2016,BOB,VARDAH,2016-12-08 06:00:00,11.5,90.5,35.0,998.0,7.0,CS,10,2016-12-09 06:00:00,45.0,10.0,0.0,0.0,2016-12-08 00:00:00,35.0,0.0,2016-12-07 18:00:00,30.0,5.0,2016-12-07 06:00:00,25.0,10.0
2016-009,2016,BOB,VARDAH,2016-12-08 09:00:00,11.5,90.5,35.0,998.0,7.0,CS,11,2016-12-09 09:00:00,45.0,10.0,0.0,0.0,2016-12-08 03:00:00,35.0,0.0,2016-12-07 21:00:00,,,2016-12-07 09:00:00,,
2016-009,2016,BOB,VARDAH,2016-12-08 12:00:00,11.7,90.5,40.0,997.0,8.0,CS,12,2016-12-09 12:00:00,45.0,5.0,0.0,5.0,2016-12-08 06:00:00,35.0,5.0,2016-12-08 00:00:00,35.0,5.0,2016-12-07 12:00:00,25.0,15.0
2016-009,2016,BOB,VARDAH,2016-12-08 15:00:00,11.7,90.5,40.0,997.0,8.0,CS,13,2016-12-09 15:00:00,45.0,5.0,0.0,0.0,2016-12-08 09:00:00,35.0,5.0,2016-12-08 03:00:00,35.0,5.0,2016-12-07 15:00:00,,
2016-009,2016,BOB,VARDAH,2016-12-08 18:00:00,11.8,90.5,40.0,997.0,8.0,CS,14,2016-12-09 18:00:00,50.0,10.0,0.0,0.0,2016-12-08 12:00:00,40.0,0.0,2016-12-08 06:00:00,35.0,5.0,2016-12-07 18:00:00,30.0,10.0
2016-009,2016,BOB,VARDAH,2016-12-08 21:00:00,12.0,90.5,40.0,997.0,8.0,CS,15,2016-12-09 21:00:00,55.0,15.0,0.0,0.0,2016-12-08 15:00:00,40.0,0.0,2016-12-08 09:00:00,35.0,5.0,2016-12-07 21:00:00,,
2016-009,2016,BOB,VARDAH,2016-12-09 00:00:00,12.0,90.4,45.0,996.0,10.0,CS,16,2016-12-10 00:00:00,55.0,10.0,0.0,5.0,2016-12-08 18:00:00,40.0,5.0,2016-12-08 12:00:00,40.0,5.0,2016-12-08 00:00:00,35.0,10.0
2016-009,2016,BOB,VARDAH,2016-12-09 03:00:00,12.1,90.4,45.0,996.0,10.0,CS,17,2016-12-10 03:00:00,55.0,10.0,0.0,0.0,2016-12-08 21:00:00,40.0,5.0,2016-12-08 15:00:00,40.0,5.0,2016-12-08 03:00:00,35.0,10.0
2016-009,2016,BOB,VARDAH,2016-12-09 06:00:00,12.1,90.3,45.0,996.0,10.0,CS,18,2016-12-10 06:00:00,55.0,10.0,0.0,0.0,2016-12-09 00:00:00,45.0,0.0,2016-12-08 18:00:00,40.0,5.0,2016-12-08 06:00:00,35.0,10.0
2016-009,2016,BOB,VARDAH,2016-12-09 09:00:00,12.2,90.3,45.0,996.0,10.0,CS,19,2016-12-10 09:00:00,60.0,15.0,0.0,0.0,2016-12-09 03:00:00,45.0,0.0,2016-12-08 21:00:00,40.0,5.0,2016-12-08 09:00:00,35.0,10.0
2016-009,2016,BOB,VARDAH,2016-12-09 12:00:00,12.2,90.0,45.0,996.0,10.0,CS,20,2016-12-10 12:00:00,65.0,20.0,0.0,0.0,2016-12-09 06:00:00,45.0,0.0,2016-12-09 00:00:00,45.0,0.0,2016-12-08 12:00:00,40.0,5.0
2016-009,2016,BOB,VARDAH,2016-12-09 15:00:00,12.2,89.9,45.0,994.0,12.0,CS,21,2016-12-10 15:00:00,65.0,20.0,0.0,0.0,2016-12-09 09:00:00,45.0,0.0,2016-12-09 03:00:00,45.0,0.0,2016-12-08 15:00:00,40.0,5.0
2016-009,2016,BOB,VARDAH,2016-12-09 18:00:00,12.3,89.6,50.0,992.0,14.0,SCS,22,2016-12-10 18:00:00,65.0,15.0,0.0,5.0,2016-12-09 12:00:00,45.0,5.0,2016-12-09 06:00:00,45.0,5.0,2016-12-08 18:00:00,40.0,10.0
2016-009,2016,BOB,VARDAH,2016-12-09 21:00:00,12.5,89.0,55.0,990.0,16.0,SCS,23,2016-12-10 21:00:00,65.0,10.0,0.0,5.0,2016-12-09 15:00:00,45.0,10.0,2016-12-09 09:00:00,45.0,10.0,2016-12-08 21:00:00,40.0,15.0
2016-009,2016,BOB,VARDAH,2016-12-10 00:00:00,12.6,88.4,55.0,990.0,16.0,SCS,24,2016-12-11 00:00:00,70.0,15.0,0.0,0.0,2016-12-09 18:00:00,50.0,5.0,2016-12-09 12:00:00,45.0,10.0,2016-12-09 00:00:00,45.0,10.0
2016-009,2016,BOB,VARDAH,2016-12-10 03:00:00,12.7,88.0,55.0,990.0,16.0,SCS,25,2016-12-11 03:00:00,70.0,15.0,0.0,0.0,2016-12-09 21:00:00,55.0,0.0,2016-12-09 15:00:00,45.0,10.0,2016-12-09 03:00:00,45.0,10.0
2016-009,2016,BOB,VARDAH,2016-12-10 06:00:00,13.0,87.4,55.0,990.0,16.0,SCS,26,2016-12-11 06:00:00,70.0,15.0,0.0,0.0,2016-12-10 00:00:00,55.0,0.0,2016-12-09 18:00:00,50.0,5.0,2016-12-09 06:00:00,45.0,10.0
2016-009,2016,BOB,VARDAH,2016-12-10 09:00:00,13.1,86.8,60.0,988.0,18.0,SCS,27,2016-12-11 09:00:00,70.0,10.0,0.0,5.0,2016-12-10 03:00:00,55.0,5.0,2016-12-09 21:00:00,55.0,5.0,2016-12-09 09:00:00,45.0,15.0
2016-009,2016,BOB,VARDAH,2016-12-10 12:00:00,13.2,86.4,65.0,984.0,22.0,VSCS,28,2016-12-11 12:00:00,70.0,5.0,0.0,5.0,2016-12-10 06:00:00,55.0,10.0,2016-12-10 00:00:00,55.0,10.0,2016-12-09 12:00:00,45.0,20.0
2016-009,2016,BOB,VARDAH,2016-12-10 15:00:00,13.3,85.9,65.0,984.0,22.0,VSCS,29,2016-12-11 15:00:00,70.0,5.0,0.0,0.0,2016-12-10 09:00:00,60.0,5.0,2016-12-10 03:00:00,55.0,10.0,2016-12-09 15:00:00,45.0,20.0
2016-009,2016,BOB,VARDAH,2016-12-10 18:00:00,13.3,85.3,65.0,984.0,22.0,VSCS,30,2016-12-11 18:00:00,70.0,5.0,0.0,0.0,2016-12-10 12:00:00,65.0,0.0,2016-12-10 06:00:00,55.0,10.0,2016-12-09 18:00:00,50.0,15.0
2016-009,2016,BOB,VARDAH,2016-12-10 21:00:00,13.3,85.0,65.0,982.0,22.0,VSCS,31,2016-12-11 21:00:00,70.0,5.0,0.0,0.0,2016-12-10 15:00:00,65.0,0.0,2016-12-10 09:00:00,60.0,5.0,2016-12-09 21:00:00,55.0,10.0
2016-009,2016,BOB,VARDAH,2016-12-11 00:00:00,13.3,84.7,70.0,980.0,24.0,VSCS,32,2016-12-12 00:00:00,70.0,0.0,0.0,5.0,2016-12-10 18:00:00,65.0,5.0,2016-12-10 12:00:00,65.0,5.0,2016-12-10 00:00:00,55.0,15.0
2016-009,2016,BOB,VARDAH,2016-12-11 03:00:00,13.1,84.3,70.0,980.0,24.0,VSCS,33,2016-12-12 03:00:00,70.0,0.0,0.0,0.0,2016-12-10 21:00:00,65.0,5.0,2016-12-10 15:00:00,65.0,5.0,2016-12-10 03:00:00,55.0,15.0
2016-009,2016,BOB,VARDAH,2016-12-11 06:00:00,13.1,83.7,70.0,980.0,24.0,VSCS,34,2016-12-12 06:00:00,70.0,0.0,0.0,0.0,2016-12-11 00:00:00,70.0,0.0,2016-12-10 18:00:00,65.0,5.0,2016-12-10 06:00:00,55.0,15.0
2016-009,2016,BOB,VARDAH,2016-12-11 09:00:00,13.1,83.3,70.0,980.0,24.0,VSCS,35,2016-12-12 09:00:00,60.0,-10.0,0.0,0.0,2016-12-11 03:00:00,70.0,0.0,2016-12-10 21:00:00,65.0,5.0,2016-12-10 09:00:00,60.0,10.0
2016-009,2016,BOB,VARDAH,2016-12-11 12:00:00,13.3,83.0,70.0,980.0,24.0,VSCS,36,2016-12-12 12:00:00,50.0,-20.0,0.0,0.0,2016-12-11 06:00:00,70.0,0.0,2016-12-11 00:00:00,70.0,0.0,2016-12-10 12:00:00,65.0,5.0
2016-009,2016,BOB,VARDAH,2016-12-11 15:00:00,13.3,82.5,70.0,980.0,24.0,VSCS,37,2016-12-12 15:00:00,40.0,-30.0,0.0,0.0,2016-12-11 09:00:00,70.0,0.0,2016-12-11 03:00:00,70.0,0.0,2016-12-10 15:00:00,65.0,5.0
2016-009,2016,BOB,VARDAH,2016-12-11 18:00:00,13.1,82.3,70.0,980.0,24.0,VSCS,38,2016-12-12 18:00:00,30.0,-40.0,0.0,0.0,2016-12-11 12:00:00,70.0,0.0,2016-12-11 06:00:00,70.0,0.0,2016-12-10 18:00:00,65.0,5.0
2016-009,2016,BOB,VARDAH,2016-12-11 21:00:00,13.2,81.9,70.0,978.0,26.0,VSCS,39,2016-12-12 21:00:00,,,,0.0,2016-12-11 15:00:00,70.0,0.0,2016-12-11 09:00:00,70.0,0.0,2016-12-10 21:00:00,65.0,5.0
2016-009,2016,BOB,VARDAH,2016-12-12 00:00:00,13.2,81.6,70.0,975.0,26.0,VSCS,40,2016-12-13 00:00:00,20.0,-50.0,0.0,0.0,2016-12-11 18:00:00,70.0,0.0,2016-12-11 12:00:00,70.0,0.0,2016-12-11 00:00:00,70.0,0.0
2016-009,2016,BOB,VARDAH,2016-12-12 03:00:00,13.2,81.2,70.0,975.0,26.0,VSCS,41,2016-12-13 03:00:00,,,,0.0,2016-12-11 21:00:00,70.0,0.0,2016-12-11 15:00:00,70.0,0.0,2016-12-11 03:00:00,70.0,0.0
2016-009,2016,BOB,VARDAH,2016-12-12 06:00:00,13.2,80.7,70.0,975.0,26.0,VSCS,42,2016-12-13 06:00:00,,,,0.0,2016-12-12 00:00:00,70.0,0.0,2016-12-11 18:00:00,70.0,0.0,2016-12-11 06:00:00,70.0,0.0
2016-009,2016,BOB,VARDAH,2016-12-12 09:00:00,13.1,80.3,60.0,975.0,26.0,SCS,43,2016-12-13 09:00:00,,,,-10.0,2016-12-12 03:00:00,70.0,-10.0,2016-12-11 21:00:00,70.0,-10.0,2016-12-11 09:00:00,70.0,-10.0
2016-009,2016,BOB,VARDAH,2016-12-12 12:00:00,13.0,79.9,50.0,984.0,18.0,SCS,44,2016-12-13 12:00:00,,,,-10.0,2016-12-12 06:00:00,70.0,-20.0,2016-12-12 00:00:00,70.0,-20.0,2016-12-11 12:00:00,70.0,-20.0
2016-009,2016,BOB,VARDAH,2016-12-12 15:00:00,12.9,79.5,40.0,994.0,10.0,CS,45,2016-12-13 15:00:00,,,,-10.0,2016-12-12 09:00:00,60.0,-20.0,2016-12-12 03:00:00,70.0,-30.0,2016-12-11 15:00:00,70.0,-30.0
2016-009,2016,BOB,VARDAH,2016-12-12 18:00:00,12.7,79.1,30.0,1002.0,5.0,DD,46,2016-12-13 18:00:00,,,,-10.0,2016-12-12 12:00:00,50.0,-20.0,2016-12-12 06:00:00,70.0,-40.0,2016-12-11 18:00:00,70.0,-40.0
2016-009,2016,BOB,VARDAH,2016-12-13 00:00:00,12.5,78.0,20.0,1003.0,3.0,D,47,2016-12-14 00:00:00,,,,-10.0,2016-12-12 18:00:00,30.0,-10.0,2016-12-12 12:00:00,50.0,-30.0,2016-12-12 00:00:00,70.0,-50.0
2017-001,2017,BOB,MAARUTHA,2017-04-15 00:00:00,12.0,88.0,25.0,1001.0,3.0,D,0,2017-04-16 00:00:00,40.0,15.0,0.0,,2017-04-14 18:00:00,,,2017-04-14 12:00:00,,,2017-04-14 00:00:00,,
2017-001,2017,BOB,MAARUTHA,2017-04-15 03:00:00,12.5,88.3,25.0,1001.0,3.0,D,1,2017-04-16 03:00:00,40.0,15.0,0.0,0.0,2017-04-14 21:00:00,,,2017-04-14 15:00:00,,,2017-04-14 03:00:00,,
2017-001,2017,BOB,MAARUTHA,2017-04-15 06:00:00,13.2,89.0,25.0,1000.0,4.0,D,2,2017-04-16 06:00:00,40.0,15.0,0.0,0.0,2017-04-15 00:00:00,25.0,0.0,2017-04-14 18:00:00,,,2017-04-14 06:00:00,,
2017-001,2017,BOB,MAARUTHA,2017-04-15 09:00:00,13.7,89.5,30.0,999.0,5.0,DD,3,2017-04-16 09:00:00,40.0,10.0,0.0,5.0,2017-04-15 03:00:00,25.0,5.0,2017-04-14 21:00:00,,,2017-04-14 09:00:00,,
2017-001,2017,BOB,MAARUTHA,2017-04-15 12:00:00,14.3,90.1,30.0,999.0,5.0,DD,4,2017-04-16 12:00:00,40.0,10.0,0.0,0.0,2017-04-15 06:00:00,25.0,5.0,2017-04-15 00:00:00,25.0,5.0,2017-04-14 12:00:00,,
2017-001,2017,BOB,MAARUTHA,2017-04-15 18:00:00,15.3,91.0,35.0,998.0,6.0,CS,5,2017-04-16 18:00:00,40.0,5.0,0.0,5.0,2017-04-15 12:00:00,30.0,5.0,2017-04-15 06:00:00,25.0,10.0,2017-04-14 18:00:00,,
2017-001,2017,BOB,MAARUTHA,2017-04-15 21:00:00,15.5,91.2,40.0,996.0,8.0,CS,6,2017-04-16 21:00:00,30.0,-10.0,0.0,5.0,2017-04-15 15:00:00,,,2017-04-15 09:00:00,30.0,10.0,2017-04-14 21:00:00,,
2017-001,2017,BOB,MAARUTHA,2017-04-16 00:00:00,16.2,92.0,40.0,996.0,8.0,CS,7,2017-04-17 00:00:00,20.0,-20.0,0.0,0.0,2017-04-15 18:00:00,35.0,5.0,2017-04-15 12:00:00,30.0,10.0,2017-04-15 00:00:00,25.0,15.0
2017-001,2017,BOB,MAARUTHA,2017-04-16 03:00:00,16.7,92.5,40.0,996.0,8.0,CS,8,2017-04-17 03:00:00,,,,0.0,2017-04-15 21:00:00,40.0,0.0,2017-04-15 15:00:00,,,2017-04-15 03:00:00,25.0,15.0
2017-001,2017,BOB,MAARUTHA,2017-04-16 06:00:00,17.0,92.9,40.0,996.0,8.0,CS,9,2017-04-17 06:00:00,,,,0.0,2017-04-16 00:00:00,40.0,0.0,2017-04-15 18:00:00,35.0,5.0,2017-04-15 06:00:00,25.0,15.0
2017-001,2017,BOB,MAARUTHA,2017-04-16 09:00:00,17.5,93.2,40.0,996.0,8.0,CS,10,2017-04-17 09:00:00,,,,0.0,2017-04-16 03:00:00,40.0,0.0,2017-04-15 21:00:00,40.0,0.0,2017-04-15 09:00:00,30.0,10.0
2017-001,2017,BOB,MAARUTHA,2017-04-16 12:00:00,17.8,93.6,40.0,996.0,8.0,CS,11,2017-04-17 12:00:00,,,,0.0,2017-04-16 06:00:00,40.0,0.0,2017-04-16 00:00:00,40.0,0.0,2017-04-15 12:00:00,30.0,10.0
2017-001,2017,BOB,MAARUTHA,2017-04-16 15:00:00,18.1,93.9,40.0,996.0,8.0,CS,12,2017-04-17 15:00:00,,,,0.0,2017-04-16 09:00:00,40.0,0.0,2017-04-16 03:00:00,40.0,0.0,2017-04-15 15:00:00,,
2017-001,2017,BOB,MAARUTHA,2017-04-16 18:00:00,18.4,94.3,40.0,996.0,8.0,CS,13,2017-04-17 18:00:00,,,,0.0,2017-04-16 12:00:00,40.0,0.0,2017-04-16 06:00:00,40.0,0.0,2017-04-15 18:00:00,35.0,5.0
2017-001,2017,BOB,MAARUTHA,2017-04-16 21:00:00,19.0,95.0,30.0,1000.0,5.0,DD,14,2017-04-17 21:00:00,,,,-10.0,2017-04-16 15:00:00,40.0,-10.0,2017-04-16 09:00:00,40.0,-10.0,2017-04-15 21:00:00,40.0,-10.0
2017-001,2017,BOB,MAARUTHA,2017-04-17 00:00:00,19.5,95.5,20.0,1002.0,3.0,D,15,2017-04-18 00:00:00,,,,-10.0,2017-04-16 18:00:00,40.0,-20.0,2017-04-16 12:00:00,40.0,-20.0,2017-04-16 00:00:00,40.0,-20.0
2017-002,2017,BOB,MORA,2017-05-28 00:00:00,14.0,88.5,25.0,998.0,3.0,D,0,2017-05-29 00:00:00,45.0,20.0,0.0,,2017-05-27 18:00:00,,,2017-05-27 12:00:00,,,2017-05-27 00:00:00,,
2017-002,2017,BOB,MORA,2017-05-28 03:00:00,14.5,89.5,25.0,998.0,3.0,D,1,2017-05-29 03:00:00,45.0,20.0,0.0,0.0,2017-05-27 21:00:00,,,2017-05-27 15:00:00,,,2017-05-27 03:00:00,,
2017-002,2017,BOB,MORA,2017-05-28 06:00:00,15.0,90.0,25.0,997.0,3.0,D,2,2017-05-29 06:00:00,45.0,20.0,0.0,0.0,2017-05-28 00:00:00,25.0,0.0,2017-05-27 18:00:00,,,2017-05-27 06:00:00,,
2017-002,2017,BOB,MORA,2017-05-28 09:00:00,15.4,90.5,30.0,996.0,4.0,DD,3,2017-05-29 09:00:00,45.0,15.0,0.0,5.0,2017-05-28 03:00:00,25.0,5.0,2017-05-27 21:00:00,,,2017-05-27 09:00:00,,
2017-002,2017,BOB,MORA,2017-05-28 12:00:00,15.7,90.7,30.0,995.0,5.0,DD,4,2017-05-29 12:00:00,50.0,20.0,0.0,0.0,2017-05-28 06:00:00,25.0,5.0,2017-05-28 00:00:00,25.0,5.0,2017-05-27 12:00:00,,
2017-002,2017,BOB,MORA,2017-05-28 15:00:00,16.0,91.0,35.0,994.0,6.0,CS,5,2017-05-29 15:00:00,55.0,20.0,0.0,5.0,2017-05-28 09:00:00,30.0,5.0,2017-05-28 03:00:00,25.0,10.0,2017-05-27 15:00:00,,
2017-002,2017,BOB,MORA,2017-05-28 18:00:00,16.3,91.2,35.0,994.0,6.0,CS,6,2017-05-29 18:00:00,55.0,20.0,0.0,0.0,2017-05-28 12:00:00,30.0,5.0,2017-05-28 06:00:00,25.0,10.0,2017-05-27 18:00:00,,
2017-002,2017,BOB,MORA,2017-05-28 21:00:00,16.6,91.3,40.0,992.0,8.0,CS,7,2017-05-29 21:00:00,60.0,20.0,0.0,5.0,2017-05-28 15:00:00,35.0,5.0,2017-05-28 09:00:00,30.0,10.0,2017-05-27 21:00:00,,
2017-002,2017,BOB,MORA,2017-05-29 00:00:00,17.0,91.3,45.0,990.0,10.0,CS,8,2017-05-30 00:00:00,60.0,15.0,0.0,5.0,2017-05-28 18:00:00,35.0,10.0,2017-05-28 12:00:00,30.0,15.0,2017-05-28 00:00:00,25.0,20.0
2017-002,2017,BOB,MORA,2017-05-29 03:00:00,17.3,91.3,45.0,990.0,10.0,CS,9,2017-05-30 03:00:00,60.0,15.0,0.0,0.0,2017-05-28 21:00:00,40.0,5.0,2017-05-28 15:00:00,35.0,10.0,2017-05-28 03:00:00,25.0,20.0
2017-002,2017,BOB,MORA,2017-05-29 06:00:00,17.8,91.4,45.0,988.0,10.0,CS,10,2017-05-30 06:00:00,55.0,10.0,0.0,0.0,2017-05-29 00:00:00,45.0,0.0,2017-05-28 18:00:00,35.0,10.0,2017-05-28 06:00:00,25.0,20.0
2017-002,2017,BOB,MORA,2017-05-29 09:00:00,18.3,91.5,45.0,986.0,11.0,CS,11,2017-05-30 09:00:00,40.0,-5.0,0.0,0.0,2017-05-29 03:00:00,45.0,0.0,2017-05-28 21:00:00,40.0,5.0,2017-05-28 09:00:00,30.0,15.0
2017-002,2017,BOB,MORA,2017-05-29 12:00:00,18.6,91.5,50.0,984.0,12.0,SCS,12,2017-05-30 12:00:00,30.0,-20.0,0.0,5.0,2017-05-29 06:00:00,45.0,5.0,2017-05-29 00:00:00,45.0,5.0,2017-05-28 12:00:00,30.0,20.0
2017-002,2017,BOB,MORA,2017-05-29 15:00:00,18.8,91.5,55.0,980.0,16.0,SCS,13,2017-05-30 15:00:00,,,,5.0,2017-05-29 09:00:00,45.0,10.0,2017-05-29 03:00:00,45.0,10.0,2017-05-28 15:00:00,35.0,20.0
2017-002,2017,BOB,MORA,2017-05-29 18:00:00,20.0,91.6,55.0,980.0,16.0,SCS,14,2017-05-30 18:00:00,20.0,-35.0,0.0,0.0,2017-05-29 12:00:00,50.0,5.0,2017-05-29 06:00:00,45.0,10.0,2017-05-28 18:00:00,35.0,20.0
2017-002,2017,BOB,MORA,2017-05-29 21:00:00,20.3,91.6,60.0,978.0,18.0,SCS,15,2017-05-30 21:00:00,,,,5.0,2017-05-29 15:00:00,55.0,5.0,2017-05-29 09:00:00,45.0,15.0,2017-05-28 21:00:00,40.0,20.0
2017-002,2017,BOB,MORA,2017-05-30 00:00:00,21.1,91.8,60.0,978.0,18.0,SCS,16,2017-05-31 00:00:00,,,,0.0,2017-05-29 18:00:00,55.0,5.0,2017-05-29 12:00:00,50.0,10.0,2017-05-29 00:00:00,45.0,15.0
2017-002,2017,BOB,MORA,2017-05-30 03:00:00,21.8,91.9,60.0,978.0,18.0,SCS,17,2017-05-31 03:00:00,,,,0.0,2017-05-29 21:00:00,60.0,0.0,2017-05-29 15:00:00,55.0,5.0,2017-05-29 03:00:00,45.0,15.0
2017-002,2017,BOB,MORA,2017-05-30 06:00:00,22.8,91.9,55.0,982.0,16.0,SCS,18,2017-05-31 06:00:00,,,,-5.0,2017-05-30 00:00:00,60.0,-5.0,2017-05-29 18:00:00,55.0,0.0,2017-05-29 06:00:00,45.0,10.0
2017-002,2017,BOB,MORA,2017-05-30 09:00:00,23.6,92.1,40.0,988.0,10.0,CS,19,2017-05-31 09:00:00,,,,-15.0,2017-05-30 03:00:00,60.0,-20.0,2017-05-29 21:00:00,60.0,-20.0,2017-05-29 09:00:00,45.0,-5.0
2017-002,2017,BOB,MORA,2017-05-30 12:00:00,24.2,92.2,30.0,990.0,6.0,DD,20,2017-05-31 12:00:00,,,,-10.0,2017-05-30 06:00:00,55.0,-25.0,2017-05-30 00:00:00,60.0,-30.0,2017-05-29 12:00:00,50.0,-20.0
2017-002,2017,BOB,MORA,2017-05-30 18:00:00,25.3,92.4,20.0,994.0,4.0,D,21,2017-05-31 18:00:00,,,,-10.0,2017-05-30 12:00:00,30.0,-10.0,2017-05-30 06:00:00,55.0,-35.0,2017-05-29 18:00:00,55.0,-35.0
2017-003,2017,BOB,,2017-06-11 12:00:00,20.5,89.5,25.0,990.0,4.0,D,0,2017-06-12 12:00:00,30.0,5.0,0.0,,2017-06-11 06:00:00,,,2017-06-11 00:00:00,,,2017-06-10 12:00:00,,
2017-003,2017,BOB,,2017-06-11 18:00:00,21.5,90.0,25.0,988.0,6.0,DD,1,2017-06-12 18:00:00,25.0,0.0,0.0,0.0,2017-06-11 12:00:00,25.0,0.0,2017-06-11 06:00:00,,,2017-06-10 18:00:00,,
2017-003,2017,BOB,,2017-06-12 00:00:00,22.5,90.5,30.0,988.0,6.0,DD,2,2017-06-13 00:00:00,,,,5.0,2017-06-11 18:00:00,25.0,5.0,2017-06-11 12:00:00,25.0,5.0,2017-06-11 00:00:00,,
2017-003,2017,BOB,,2017-06-12 03:00:00,23.0,90.5,30.0,990.0,5.0,DD,3,2017-06-13 03:00:00,,,,0.0,2017-06-11 21:00:00,,,2017-06-11 15:00:00,,,2017-06-11 03:00:00,,
2017-003,2017,BOB,,2017-06-12 06:00:00,23.5,90.7,30.0,990.0,5.0,DD,4,2017-06-13 06:00:00,,,,0.0,2017-06-12 00:00:00,30.0,0.0,2017-06-11 18:00:00,25.0,5.0,2017-06-11 06:00:00,,
2017-003,2017,BOB,,2017-06-12 12:00:00,24.0,91.0,30.0,990.0,5.0,DD,5,2017-06-13 12:00:00,,,,0.0,2017-06-12 06:00:00,30.0,0.0,2017-06-12 00:00:00,30.0,0.0,2017-06-11 12:00:00,25.0,5.0
2017-003,2017,BOB,,2017-06-12 18:00:00,24.5,91.5,25.0,995.0,3.0,D,6,2017-06-13 18:00:00,,,,-5.0,2017-06-12 12:00:00,30.0,-5.0,2017-06-12 06:00:00,30.0,-5.0,2017-06-11 18:00:00,25.0,0.0
2017-004,2017,BOB,,2017-07-18 00:00:00,19.0,86.0,25.0,992.0,4.0,D,0,2017-07-19 00:00:00,25.0,0.0,0.0,,2017-07-17 18:00:00,,,2017-07-17 12:00:00,,,2017-07-17 00:00:00,,
2017-004,2017,BOB,,2017-07-18 03:00:00,19.0,86.0,25.0,992.0,4.0,D,1,2017-07-19 03:00:00,,,,0.0,2017-07-17 21:00:00,,,2017-07-17 15:00:00,,,2017-07-17 03:00:00,,
2017-004,2017,BOB,,2017-07-18 06:00:00,19.5,85.5,25.0,992.0,4.0,D,2,2017-07-19 06:00:00,,,,0.0,2017-07-18 00:00:00,25.0,0.0,2017-07-17 18:00:00,,,2017-07-17 06:00:00,,
2017-004,2017,BOB,,2017-07-18 12:00:00,19.9,85.3,25.0,992.0,4.0,D,3,2017-07-19 12:00:00,,,,0.0,2017-07-18 06:00:00,25.0,0.0,2017-07-18 00:00:00,25.0,0.0,2017-07-17 12:00:00,,
2017-004,2017,BOB,,2017-07-18 18:00:00,19.9,85.3,25.0,994.0,3.0,D,4,2017-07-19 18:00:00,,,,0.0,2017-07-18 12:00:00,25.0,0.0,2017-07-18 06:00:00,25.0,0.0,2017-07-17 18:00:00,,
2017-004,2017,BOB,,2017-07-19 00:00:00,20.1,85.2,25.0,994.0,3.0,D,5,2017-07-20 00:00:00,,,,0.0,2017-07-18 18:00:00,25.0,0.0,2017-07-18 12:00:00,25.0,0.0,2017-07-18 00:00:00,25.0,0.0
2017-006,2017,BOB,,2017-10-09 00:00:00,22.4,88.4,25.0,996.0,4.0,D,0,2017-10-10 00:00:00,30.0,5.0,0.0,,2017-10-08 18:00:00,,,2017-10-08 12:00:00,,,2017-10-08 00:00:00,,
2017-006,2017,BOB,,2017-10-09 03:00:00,22.5,88.4,30.0,996.0,5.0,DD,1,2017-10-10 03:00:00,30.0,0.0,0.0,5.0,2017-10-08 21:00:00,,,2017-10-08 15:00:00,,,2017-10-08 03:00:00,,
2017-006,2017,BOB,,2017-10-09 06:00:00,22.6,88.3,30.0,996.0,5.0,DD,2,2017-10-10 06:00:00,25.0,-5.0,0.0,0.0,2017-10-09 00:00:00,25.0,5.0,2017-10-08 18:00:00,,,2017-10-08 06:00:00,,
2017-006,2017,BOB,,2017-10-09 12:00:00,22.9,88.1,30.0,997.0,5.0,DD,3,2017-10-10 12:00:00,,,,0.0,2017-10-09 06:00:00,30.0,0.0,2017-10-09 00:00:00,25.0,5.0,2017-10-08 12:00:00,,
2017-006,2017,BOB,,2017-10-09 18:00:00,23.1,87.8,30.0,997.0,5.0,DD,4,2017-10-10 18:00:00,,,,0.0,2017-10-09 12:00:00,30.0,0.0,2017-10-09 06:00:00,30.0,0.0,2017-10-08 18:00:00,,
2017-006,2017,BOB,,2017-10-10 00:00:00,23.2,87.1,30.0,998.0,5.0,DD,5,2017-10-11 00:00:00,,,,0.0,2017-10-09 18:00:00,30.0,0.0,2017-10-09 12:00:00,30.0,0.0,2017-10-09 00:00:00,25.0,5.0
2017-006,2017,BOB,,2017-10-10 03:00:00,23.5,86.7,30.0,1000.0,5.0,DD,6,2017-10-11 03:00:00,,,,0.0,2017-10-09 21:00:00,,,2017-10-09 15:00:00,,,2017-10-09 03:00:00,30.0,0.0
2017-006,2017,BOB,,2017-10-10 06:00:00,23.8,86.6,25.0,1000.0,3.0,D,7,2017-10-11 06:00:00,,,,-5.0,2017-10-10 00:00:00,30.0,-5.0,2017-10-09 18:00:00,30.0,-5.0,2017-10-09 06:00:00,30.0,-5.0
2017-007,2017,BOB,,2017-10-19 00:00:00,16.5,86.5,25.0,999.0,3.0,D,0,2017-10-20 00:00:00,25.0,0.0,0.0,,2017-10-18 18:00:00,,,2017-10-18 12:00:00,,,2017-10-18 00:00:00,,
2017-007,2017,BOB,,2017-10-19 03:00:00,16.8,86.5,25.0,998.0,4.0,D,1,2017-10-20 03:00:00,25.0,0.0,0.0,0.0,2017-10-18 21:00:00,,,2017-10-18 15:00:00,,,2017-10-18 03:00:00,,
2017-007,2017,BOB,,2017-10-19 06:00:00,17.3,86.3,25.0,998.0,4.0,D,2,2017-10-20 06:00:00,25.0,0.0,0.0,0.0,2017-10-19 00:00:00,25.0,0.0,2017-10-18 18:00:00,,,2017-10-18 06:00:00,,
2017-007,2017,BOB,,2017-10-19 12:00:00,20.0,86.5,25.0,998.0,4.0,D,3,2017-10-20 12:00:00,25.0,0.0,0.0,0.0,2017-10-19 06:00:00,25.0,0.0,2017-10-19 00:00:00,25.0,0.0,2017-10-18 12:00:00,,
2017-007,2017,BOB,,2017-10-19 18:00:00,20.3,,25.0,998.0,4.0,D,4,2017-10-20 18:00:00,25.0,0.0,0.0,0.0,2017-10-19 12:00:00,25.0,0.0,2017-10-19 06:00:00,25.0,0.0,2017-10-18 18:00:00,,
2017-007,2017,BOB,,2017-10-20 00:00:00,20.8,,25.0,998.0,4.0,D,5,2017-10-21 00:00:00,25.0,0.0,0.0,0.0,2017-10-19 18:00:00,25.0,0.0,2017-10-19 12:00:00,25.0,0.0,2017-10-19 00:00:00,25.0,0.0
2017-007,2017,BOB,,2017-10-20 03:00:00,21.0,,25.0,998.0,4.0,D,6,2017-10-21 03:00:00,25.0,0.0,0.0,0.0,2017-10-19 21:00:00,,,2017-10-19 15:00:00,,,2017-10-19 03:00:00,25.0,0.0
2017-007,2017,BOB,,2017-10-20 06:00:00,21.5,,25.0,998.0,4.0,D,7,2017-10-21 06:00:00,25.0,0.0,0.0,0.0,2017-10-20 00:00:00,25.0,0.0,2017-10-19 18:00:00,25.0,0.0,2017-10-19 06:00:00,25.0,0.0
2017-007,2017,BOB,,2017-10-20 12:00:00,22.2,,25.0,998.0,4.0,D,8,2017-10-21 12:00:00,20.0,-5.0,0.0,0.0,2017-10-20 06:00:00,25.0,0.0,2017-10-20 00:00:00,25.0,0.0,2017-10-19 12:00:00,25.0,0.0
2017-007,2017,BOB,,2017-10-20 18:00:00,22.8,,25.0,998.0,4.0,D,9,2017-10-21 18:00:00,20.0,-5.0,0.0,0.0,2017-10-20 12:00:00,25.0,0.0,2017-10-20 06:00:00,25.0,0.0,2017-10-19 18:00:00,25.0,0.0
2017-007,2017,BOB,,2017-10-21 00:00:00,23.0,,25.0,997.0,4.0,D,10,2017-10-22 00:00:00,,,,0.0,2017-10-20 18:00:00,25.0,0.0,2017-10-20 12:00:00,25.0,0.0,2017-10-20 00:00:00,25.0,0.0
2017-007,2017,BOB,,2017-10-21 03:00:00,24.0,,25.0,997.0,4.0,D,11,2017-10-22 03:00:00,,,,0.0,2017-10-20 21:00:00,,,2017-10-20 15:00:00,,,2017-10-20 03:00:00,25.0,0.0
2017-007,2017,BOB,,2017-10-21 06:00:00,24.2,,25.0,997.0,4.0,D,12,2017-10-22 06:00:00,,,,0.0,2017-10-21 00:00:00,25.0,0.0,2017-10-20 18:00:00,25.0,0.0,2017-10-20 06:00:00,25.0,0.0
2017-007,2017,BOB,,2017-10-21 12:00:00,24.2,,20.0,997.0,4.0,D,13,2017-10-22 12:00:00,,,,-5.0,2017-10-21 06:00:00,25.0,-5.0,2017-10-21 00:00:00,25.0,-5.0,2017-10-20 12:00:00,25.0,-5.0
2017-007,2017,BOB,,2017-10-21 18:00:00,24.3,,20.0,998.0,3.0,D,14,2017-10-22 18:00:00,,,,0.0,2017-10-21 12:00:00,20.0,0.0,2017-10-21 06:00:00,25.0,-5.0,2017-10-20 18:00:00,25.0,-5.0
2017-008,2017,BOB,,2017-11-15 03:00:00,15.0,83.0,25.0,1004.0,4.0,D,0,2017-11-16 03:00:00,25.0,0.0,0.0,,2017-11-14 21:00:00,,,2017-11-14 15:00:00,,,2017-11-14 03:00:00,,
2017-008,2017,BOB,,2017-11-15 06:00:00,15.5,83.0,25.0,1004.0,4.0,D,1,2017-11-16 06:00:00,25.0,0.0,0.0,0.0,2017-11-15 00:00:00,,,2017-11-14 18:00:00,,,2017-11-14 06:00:00,,
2017-008,2017,BOB,,2017-11-15 12:00:00,16.2,83.3,25.0,1001.0,4.0,D,2,2017-11-16 12:00:00,25.0,0.0,0.0,0.0,2017-11-15 06:00:00,25.0,0.0,2017-11-15 00:00:00,,,2017-11-14 12:00:00,,
2017-008,2017,BOB,,2017-11-15 18:00:00,17.0,83.8,25.0,1002.0,4.0,D,3,2017-11-16 18:00:00,25.0,0.0,0.0,0.0,2017-11-15 12:00:00,25.0,0.0,2017-11-15 06:00:00,25.0,0.0,2017-11-14 18:00:00,,
2017-008,2017,BOB,,2017-11-16 00:00:00,17.5,84.1,25.0,1004.0,4.0,D,4,2017-11-17 00:00:00,25.0,0.0,0.0,0.0,2017-11-15 18:00:00,25.0,0.0,2017-11-15 12:00:00,25.0,0.0,2017-11-15 00:00:00,,
2017-008,2017,BOB,,2017-11-16 03:00:00,17.7,84.3,25.0,1004.0,4.0,D,5,2017-11-17 03:00:00,25.0,0.0,0.0,0.0,2017-11-15 21:00:00,,,2017-11-15 15:00:00,,,2017-11-15 03:00:00,25.0,0.0
2017-008,2017,BOB,,2017-11-16 06:00:00,17.7,84.3,25.0,1004.0,4.0,D,6,2017-11-17 06:00:00,,,,0.0,2017-11-16 00:00:00,25.0,0.0,2017-11-15 18:00:00,25.0,0.0,2017-11-15 06:00:00,25.0,0.0
2017-008,2017,BOB,,2017-11-16 12:00:00,18.1,85.0,25.0,1004.0,4.0,D,7,2017-11-17 12:00:00,,,,0.0,2017-11-16 06:00:00,25.0,0.0,2017-11-16 00:00:00,25.0,0.0,2017-11-15 12:00:00,25.0,0.0
2017-008,2017,BOB,,2017-11-16 18:00:00,18.5,85.5,25.0,1004.0,4.0,D,8,2017-11-17 18:00:00,,,,0.0,2017-11-16 12:00:00,25.0,0.0,2017-11-16 06:00:00,25.0,0.0,2017-11-15 18:00:00,25.0,0.0
2017-008,2017,BOB,,2017-11-17 00:00:00,18.8,85.8,25.0,1004.0,4.0,D,9,2017-11-18 00:00:00,,,,0.0,2017-11-16 18:00:00,25.0,0.0,2017-11-16 12:00:00,25.0,0.0,2017-11-16 00:00:00,25.0,0.0
2017-008,2017,BOB,,2017-11-17 03:00:00,19.5,86.3,25.0,1006.0,4.0,D,10,2017-11-18 03:00:00,,,,0.0,2017-11-16 21:00:00,,,2017-11-16 15:00:00,,,2017-11-16 03:00:00,25.0,0.0
2017-009,2017,BOB,OCKHI,2017-11-29 03:00:00,6.5,81.8,25.0,1004.0,3.0,D,0,2017-11-30 03:00:00,35.0,10.0,0.0,,2017-11-28 21:00:00,,,2017-11-28 15:00:00,,,2017-11-28 03:00:00,,
2017-009,2017,BOB,OCKHI,2017-11-29 06:00:00,6.5,80.4,25.0,1004.0,4.0,D,1,2017-11-30 06:00:00,40.0,15.0,0.0,0.0,2017-11-29 00:00:00,,,2017-11-28 18:00:00,,,2017-11-28 06:00:00,,
2017-009,2017,BOB,OCKHI,2017-11-29 12:00:00,6.2,80.0,25.0,1002.0,4.0,D,2,2017-11-30 12:00:00,45.0,20.0,0.0,0.0,2017-11-29 06:00:00,25.0,0.0,2017-11-29 00:00:00,,,2017-11-28 12:00:00,,
2017-009,2017,BOB,OCKHI,2017-11-29 18:00:00,6.3,79.2,25.0,1002.0,4.0,D,3,2017-11-30 18:00:00,45.0,20.0,0.0,0.0,2017-11-29 12:00:00,25.0,0.0,2017-11-29 06:00:00,25.0,0.0,2017-11-28 18:00:00,,
2017-009,2017,BOB,OCKHI,2017-11-29 21:00:00,6.5,78.6,30.0,1001.0,5.0,DD,4,2017-11-30 21:00:00,45.0,15.0,0.0,5.0,2017-11-29 15:00:00,,,2017-11-29 09:00:00,,,2017-11-28 21:00:00,,
2017-009,2017,BOB,OCKHI,2017-11-30 00:00:00,6.7,78.3,30.0,1000.0,6.0,DD,5,2017-12-01 00:00:00,50.0,20.0,0.0,0.0,2017-11-29 18:00:00,25.0,5.0,2017-11-29 12:00:00,25.0,5.0,2017-11-29 00:00:00,,
2017-009,2017,BOB,OCKHI,2017-11-30 03:00:00,7.5,77.5,35.0,999.0,7.0,CS,6,2017-12-01 03:00:00,55.0,20.0,0.0,5.0,2017-11-29 21:00:00,30.0,5.0,2017-11-29 15:00:00,,,2017-11-29 03:00:00,25.0,10.0
2017-009,2017,BOB,OCKHI,2017-11-30 06:00:00,7.8,76.9,40.0,998.0,8.0,CS,7,2017-12-01 06:00:00,60.0,20.0,0.0,5.0,2017-11-30 00:00:00,30.0,10.0,2017-11-29 18:00:00,25.0,15.0,2017-11-29 06:00:00,25.0,15.0
2017-009,2017,BOB,OCKHI,2017-11-30 09:00:00,7.9,76.4,45.0,996.0,10.0,CS,8,2017-12-01 09:00:00,65.0,20.0,0.0,5.0,2017-11-30 03:00:00,35.0,10.0,2017-11-29 21:00:00,30.0,15.0,2017-11-29 09:00:00,,
2017-009,2017,BOB,OCKHI,2017-11-30 12:00:00,8.2,75.8,45.0,996.0,10.0,CS,9,2017-12-01 12:00:00,65.0,20.0,0.0,0.0,2017-11-30 06:00:00,40.0,5.0,2017-11-30 00:00:00,30.0,15.0,2017-11-29 12:00:00,25.0,20.0
2017-009,2017,BOB,OCKHI,2017-11-30 15:00:00,8.3,75.4,45.0,996.0,10.0,CS,10,2017-12-01 15:00:00,65.0,20.0,0.0,0.0,2017-11-30 09:00:00,45.0,0.0,2017-11-30 03:00:00,35.0,10.0,2017-11-29 15:00:00,,
2017-009,2017,BOB,OCKHI,2017-11-30 18:00:00,8.5,74.9,45.0,994.0,12.0,CS,11,2017-12-01 18:00:00,70.0,25.0,0.0,0.0,2017-11-30 12:00:00,45.0,0.0,2017-11-30 06:00:00,40.0,5.0,2017-11-29 18:00:00,25.0,20.0
2017-009,2017,BOB,OCKHI,2017-11-30 21:00:00,8.6,74.5,45.0,994.0,12.0,CS,12,2017-12-01 21:00:00,75.0,30.0,1.0,0.0,2017-11-30 15:00:00,45.0,0.0,2017-11-30 09:00:00,45.0,0.0,2017-11-29 21:00:00,30.0,15.0
2017-009,2017,BOB,OCKHI,2017-12-01 00:00:00,8.8,74.0,50.0,992.0,14.0,SCS,13,2017-12-02 00:00:00,80.0,30.0,1.0,5.0,2017-11-30 18:00:00,45.0,5.0,2017-11-30 12:00:00,45.0,5.0,2017-11-30 00:00:00,30.0,20.0
2017-009,2017,BOB,OCKHI,2017-12-01 03:00:00,8.9,73.8,55.0,990.0,16.0,SCS,14,2017-12-02 03:00:00,80.0,25.0,0.0,5.0,2017-11-30 21:00:00,45.0,10.0,2017-11-30 15:00:00,45.0,10.0,2017-11-30 03:00:00,35.0,20.0
2017-009,2017,BOB,OCKHI,2017-12-01 06:00:00,9.0,73.4,60.0,989.0,18.0,SCS,15,2017-12-02 06:00:00,85.0,25.0,0.0,5.0,2017-12-01 00:00:00,50.0,10.0,2017-11-30 18:00:00,45.0,15.0,2017-11-30 06:00:00,40.0,20.0
2017-009,2017,BOB,OCKHI,2017-12-01 09:00:00,9.1,73.0,65.0,988.0,21.0,VSCS,16,2017-12-02 09:00:00,85.0,20.0,0.0,5.0,2017-12-01 03:00:00,55.0,10.0,2017-11-30 21:00:00,45.0,20.0,2017-11-30 09:00:00,45.0,20.0
2017-009,2017,BOB,OCKHI,2017-12-01 12:00:00,9.2,72.8,65.0,986.0,22.0,VSCS,17,2017-12-02 12:00:00,85.0,20.0,0.0,0.0,2017-12-01 06:00:00,60.0,5.0,2017-12-01 00:00:00,50.0,15.0,2017-11-30 12:00:00,45.0,20.0
2017-009,2017,BOB,OCKHI,2017-12-01 15:00:00,9.3,72.5,65.0,984.0,24.0,VSCS,18,2017-12-02 15:00:00,85.0,20.0,0.0,0.0,2017-12-01 09:00:00,65.0,0.0,2017-12-01 03:00:00,55.0,10.0,2017-11-30 15:00:00,45.0,20.0
2017-009,2017,BOB,OCKHI,2017-12-01 18:00:00,9.4,72.1,70.0,982.0,26.0,VSCS,19,2017-12-02 18:00:00,85.0,15.0,0.0,5.0,2017-12-01 12:00:00,65.0,5.0,2017-12-01 06:00:00,60.0,10.0,2017-11-30 18:00:00,45.0,25.0
2017-009,2017,BOB,OCKHI,2017-12-01 21:00:00,9.5,71.8,75.0,980.0,28.0,VSCS,20,2017-12-02 21:00:00,85.0,10.0,0.0,5.0,2017-12-01 15:00:00,65.0,10.0,2017-12-01 09:00:00,65.0,10.0,2017-11-30 21:00:00,45.0,30.0
2017-009,2017,BOB,OCKHI,2017-12-02 00:00:00,9.6,71.5,80.0,978.0,30.0,VSCS,21,2017-12-03 00:00:00,85.0,5.0,0.0,5.0,2017-12-01 18:00:00,70.0,10.0,2017-12-01 12:00:00,65.0,15.0,2017-12-01 00:00:00,50.0,30.0
2017-009,2017,BOB,OCKHI,2017-12-02 03:00:00,9.7,71.2,80.0,978.0,32.0,VSCS,22,2017-12-03 03:00:00,80.0,0.0,0.0,0.0,2017-12-01 21:00:00,75.0,5.0,2017-12-01 15:00:00,65.0,15.0,2017-12-01 03:00:00,55.0,25.0
2017-009,2017,BOB,OCKHI,2017-12-02 06:00:00,9.8,71.0,85.0,976.0,34.0,VSCS,23,2017-12-03 06:00:00,75.0,-10.0,0.0,5.0,2017-12-02 00:00:00,80.0,5.0,2017-12-01 18:00:00,70.0,15.0,2017-12-01 06:00:00,60.0,25.0
2017-009,2017,BOB,OCKHI,2017-12-02 09:00:00,10.2,70.6,85.0,976.0,34.0,VSCS,24,2017-12-03 09:00:00,75.0,-10.0,0.0,0.0,2017-12-02 03:00:00,80.0,5.0,2017-12-01 21:00:00,75.0,10.0,2017-12-01 09:00:00,65.0,20.0
2017-009,2017,BOB,OCKHI,2017-12-02 12:00:00,10.5,70.3,85.0,976.0,34.0,VSCS,25,2017-12-03 12:00:00,75.0,-10.0,0.0,0.0,2017-12-02 06:00:00,85.0,0.0,2017-12-02 00:00:00,80.0,5.0,2017-12-01 12:00:00,65.0,20.0
2017-009,2017,BOB,OCKHI,2017-12-02 15:00:00,10.8,70.0,85.0,976.0,34.0,VSCS,26,2017-12-03 15:00:00,75.0,-10.0,0.0,0.0,2017-12-02 09:00:00,85.0,0.0,2017-12-02 03:00:00,80.0,5.0,2017-12-01 15:00:00,65.0,20.0
2017-009,2017,BOB,OCKHI,2017-12-02 18:00:00,11.1,69.7,85.0,976.0,34.0,VSCS,27,2017-12-03 18:00:00,75.0,-10.0,0.0,0.0,2017-12-02 12:00:00,85.0,0.0,2017-12-02 06:00:00,85.0,0.0,2017-12-01 18:00:00,70.0,15.0
2017-009,2017,BOB,OCKHI,2017-12-02 21:00:00,11.3,69.5,85.0,976.0,34.0,VSCS,28,2017-12-03 21:00:00,75.0,-10.0,0.0,0.0,2017-12-02 15:00:00,85.0,0.0,2017-12-02 09:00:00,85.0,0.0,2017-12-01 21:00:00,75.0,10.0
2017-009,2017,BOB,OCKHI,2017-12-03 00:00:00,11.7,69.2,85.0,976.0,34.0,VSCS,29,2017-12-04 00:00:00,70.0,-15.0,0.0,0.0,2017-12-02 18:00:00,85.0,0.0,2017-12-02 12:00:00,85.0,0.0,2017-12-02 00:00:00,80.0,5.0
2017-009,2017,BOB,OCKHI,2017-12-03 03:00:00,12.1,69.0,80.0,977.0,32.0,VSCS,30,2017-12-04 03:00:00,65.0,-15.0,0.0,-5.0,2017-12-02 21:00:00,85.0,-5.0,2017-12-02 15:00:00,85.0,-5.0,2017-12-02 03:00:00,80.0,0.0
2017-009,2017,BOB,OCKHI,2017-12-03 06:00:00,12.3,68.9,75.0,978.0,30.0,VSCS,31,2017-12-04 06:00:00,65.0,-10.0,0.0,-5.0,2017-12-03 00:00:00,85.0,-10.0,2017-12-02 18:00:00,85.0,-10.0,2017-12-02 06:00:00,85.0,-10.0
2017-009,2017,BOB,OCKHI,2017-12-03 09:00:00,12.4,68.8,75.0,980.0,28.0,VSCS,32,2017-12-04 09:00:00,65.0,-10.0,0.0,0.0,2017-12-03 03:00:00,80.0,-5.0,2017-12-02 21:00:00,85.0,-10.0,2017-12-02 09:00:00,85.0,-10.0
2017-009,2017,BOB,OCKHI,2017-12-03 12:00:00,12.9,68.7,75.0,982.0,28.0,VSCS,33,2017-12-04 12:00:00,60.0,-15.0,0.0,0.0,2017-12-03 06:00:00,75.0,0.0,2017-12-03 00:00:00,85.0,-10.0,2017-12-02 12:00:00,85.0,-10.0
2017-009,2017,BOB,OCKHI,2017-12-03 15:00:00,13.1,68.6,75.0,982.0,28.0,VSCS,34,2017-12-04 15:00:00,60.0,-15.0,0.0,0.0,2017-12-03 09:00:00,75.0,0.0,2017-12-03 03:00:00,80.0,-5.0,2017-12-02 15:00:00,85.0,-10.0
2017-009,2017,BOB,OCKHI,2017-12-03 18:00:00,13.5,68.5,75.0,982.0,28.0,VSCS,35,2017-12-04 18:00:00,55.0,-20.0,0.0,0.0,2017-12-03 12:00:00,75.0,0.0,2017-12-03 06:00:00,75.0,0.0,2017-12-02 18:00:00,85.0,-10.0
2017-009,2017,BOB,OCKHI,2017-12-03 21:00:00,14.0,68.5,75.0,982.0,28.0,VSCS,36,2017-12-04 21:00:00,55.0,-20.0,0.0,0.0,2017-12-03 15:00:00,75.0,0.0,2017-12-03 09:00:00,75.0,0.0,2017-12-02 21:00:00,85.0,-10.0
2017-009,2017,BOB,OCKHI,2017-12-04 00:00:00,14.5,68.5,70.0,984.0,24.0,VSCS,37,2017-12-05 00:00:00,50.0,-20.0,0.0,-5.0,2017-12-03 18:00:00,75.0,-5.0,2017-12-03 12:00:00,75.0,-5.0,2017-12-03 00:00:00,85.0,-15.0
2017-009,2017,BOB,OCKHI,2017-12-04 03:00:00,14.7,68.5,65.0,986.0,22.0,VSCS,38,2017-12-05 03:00:00,45.0,-20.0,0.0,-5.0,2017-12-03 21:00:00,75.0,-10.0,2017-12-03 15:00:00,75.0,-10.0,2017-12-03 03:00:00,80.0,-15.0
2017-009,2017,BOB,OCKHI,2017-12-04 06:00:00,14.9,68.7,65.0,986.0,22.0,VSCS,39,2017-12-05 06:00:00,40.0,-25.0,0.0,0.0,2017-12-04 00:00:00,70.0,-5.0,2017-12-03 18:00:00,75.0,-10.0,2017-12-03 06:00:00,75.0,-10.0
2017-009,2017,BOB,OCKHI,2017-12-04 09:00:00,15.2,69.0,65.0,986.0,22.0,VSCS,40,2017-12-05 09:00:00,30.0,-35.0,0.0,0.0,2017-12-04 03:00:00,65.0,0.0,2017-12-03 21:00:00,75.0,-10.0,2017-12-03 09:00:00,75.0,-10.0
2017-009,2017,BOB,OCKHI,2017-12-04 12:00:00,15.7,69.2,60.0,988.0,18.0,VSCS,41,2017-12-05 12:00:00,30.0,-30.0,0.0,-5.0,2017-12-04 06:00:00,65.0,-5.0,2017-12-04 00:00:00,70.0,-10.0,2017-12-03 12:00:00,75.0,-15.0
2017-009,2017,BOB,OCKHI,2017-12-04 15:00:00,16.1,69.5,60.0,988.0,18.0,VSCS,42,2017-12-05 15:00:00,25.0,-35.0,0.0,0.0,2017-12-04 09:00:00,65.0,-5.0,2017-12-04 03:00:00,65.0,-5.0,2017-12-03 15:00:00,75.0,-15.0
2017-009,2017,BOB,OCKHI,2017-12-04 18:00:00,16.5,69.8,55.0,990.0,16.0,SCS,43,2017-12-05 18:00:00,20.0,-35.0,0.0,-5.0,2017-12-04 12:00:00,60.0,-5.0,2017-12-04 06:00:00,65.0,-10.0,2017-12-03 18:00:00,75.0,-20.0
2017-009,2017,BOB,OCKHI,2017-12-04 21:00:00,16.9,70.1,55.0,992.0,14.0,SCS,44,2017-12-05 21:00:00,,,,0.0,2017-12-04 15:00:00,60.0,-5.0,2017-12-04 09:00:00,65.0,-10.0,2017-12-03 21:00:00,75.0,-20.0
2017-009,2017,BOB,OCKHI,2017-12-05 00:00:00,17.3,70.4,50.0,994.0,12.0,SCS,45,2017-12-06 00:00:00,,,,-5.0,2017-12-04 18:00:00,55.0,-5.0,2017-12-04 12:00:00,60.0,-10.0,2017-12-04 00:00:00,70.0,-20.0
2017-009,2017,BOB,OCKHI,2017-12-05 03:00:00,17.7,70.7,45.0,996.0,10.0,CS,46,2017-12-06 03:00:00,,,,-5.0,2017-12-04 21:00:00,55.0,-10.0,2017-12-04 15:00:00,60.0,-15.0,2017-12-04 03:00:00,65.0,-20.0
2017-009,2017,BOB,OCKHI,2017-12-05 06:00:00,18.1,71.0,40.0,998.0,8.0,CS,47,2017-12-06 06:00:00,,,,-5.0,2017-12-05 00:00:00,50.0,-10.0,2017-12-04 18:00:00,55.0,-15.0,2017-12-04 06:00:00,65.0,-25.0
2017-009,2017,BOB,OCKHI,2017-12-05 09:00:00,18.3,71.2,30.0,1000.0,6.0,DD,48,2017-12-06 09:00:00,,,,-10.0,2017-12-05 03:00:00,45.0,-15.0,2017-12-04 21:00:00,55.0,-25.0,2017-12-04 09:00:00,65.0,-35.0
2017-009,2017,BOB,OCKHI,2017-12-05 12:00:00,18.5,71.4,30.0,1002.0,5.0,DD,49,2017-12-06 12:00:00,,,,0.0,2017-12-05 06:00:00,40.0,-10.0,2017-12-05 00:00:00,50.0,-20.0,2017-12-04 12:00:00,60.0,-30.0
2017-009,2017,BOB,OCKHI,2017-12-05 15:00:00,18.8,71.6,25.0,1003.0,4.0,D,50,2017-12-06 15:00:00,,,,-5.0,2017-12-05 09:00:00,30.0,-5.0,2017-12-05 03:00:00,45.0,-20.0,2017-12-04 15:00:00,60.0,-35.0
2017-009,2017,BOB,OCKHI,2017-12-05 18:00:00,19.2,71.9,20.0,1004.0,3.0,D,51,2017-12-06 18:00:00,,,,-5.0,2017-12-05 12:00:00,30.0,-10.0,2017-12-05 06:00:00,40.0,-20.0,2017-12-04 18:00:00,55.0,-35.0
2017-010,2017,BOB,,2017-12-06 03:00:00,8.5,88.5,25.0,1004.0,4.0,D,0,2017-12-07 03:00:00,25.0,0.0,0.0,,2017-12-05 21:00:00,,,2017-12-05 15:00:00,,,2017-12-05 03:00:00,,
2017-010,2017,BOB,,2017-12-06 06:00:00,8.8,88.3,25.0,1004.0,4.0,D,1,2017-12-07 06:00:00,25.0,0.0,0.0,0.0,2017-12-06 00:00:00,,,2017-12-05 18:00:00,,,2017-12-05 06:00:00,,
2017-010,2017,BOB,,2017-12-06 12:00:00,9.8,88.0,25.0,1004.0,4.0,D,2,2017-12-07 12:00:00,25.0,0.0,0.0,0.0,2017-12-06 06:00:00,25.0,0.0,2017-12-06 00:00:00,,,2017-12-05 12:00:00,,
2017-010,2017,BOB,,2017-12-06 18:00:00,10.0,88.0,25.0,1004.0,4.0,D,3,2017-12-07 18:00:00,25.0,0.0,0.0,0.0,2017-12-06 12:00:00,25.0,0.0,2017-12-06 06:00:00,25.0,0.0,2017-12-05 18:00:00,,
2017-010,2017,BOB,,2017-12-07 00:00:00,11.1,88.0,25.0,1004.0,4.0,D,4,2017-12-08 00:00:00,30.0,5.0,0.0,0.0,2017-12-06 18:00:00,25.0,0.0,2017-12-06 12:00:00,25.0,0.0,2017-12-06 00:00:00,,
2017-010,2017,BOB,,2017-12-07 03:00:00,12.0,88.0,25.0,1004.0,4.0,D,5,2017-12-08 03:00:00,30.0,5.0,0.0,0.0,2017-12-06 21:00:00,,,2017-12-06 15:00:00,,,2017-12-06 03:00:00,25.0,0.0
2017-010,2017,BOB,,2017-12-07 06:00:00,12.2,87.9,25.0,1004.0,4.0,D,6,2017-12-08 06:00:00,30.0,5.0,0.0,0.0,2017-12-07 00:00:00,25.0,0.0,2017-12-06 18:00:00,25.0,0.0,2017-12-06 06:00:00,25.0,0.0
2017-010,2017,BOB,,2017-12-07 12:00:00,12.8,87.7,25.0,1004.0,4.0,D,7,2017-12-08 12:00:00,30.0,5.0,0.0,0.0,2017-12-07 06:00:00,25.0,0.0,2017-12-07 00:00:00,25.0,0.0,2017-12-06 12:00:00,25.0,0.0
2017-010,2017,BOB,,2017-12-07 18:00:00,13.4,87.6,25.0,1004.0,4.0,D,8,2017-12-08 18:00:00,25.0,0.0,0.0,0.0,2017-12-07 12:00:00,25.0,0.0,2017-12-07 06:00:00,25.0,0.0,2017-12-06 18:00:00,25.0,0.0
2017-010,2017,BOB,,2017-12-08 00:00:00,14.3,87.0,30.0,1002.0,6.0,DD,9,2017-12-09 00:00:00,25.0,-5.0,0.0,5.0,2017-12-07 18:00:00,25.0,5.0,2017-12-07 12:00:00,25.0,5.0,2017-12-07 00:00:00,25.0,5.0
2017-010,2017,BOB,,2017-12-08 03:00:00,15.0,86.8,30.0,1002.0,6.0,DD,10,2017-12-09 03:00:00,25.0,-5.0,0.0,0.0,2017-12-07 21:00:00,,,2017-12-07 15:00:00,,,2017-12-07 03:00:00,25.0,5.0
2017-010,2017,BOB,,2017-12-08 06:00:00,15.5,86.7,30.0,1002.0,6.0,DD,11,2017-12-09 06:00:00,25.0,-5.0,0.0,0.0,2017-12-08 00:00:00,30.0,0.0,2017-12-07 18:00:00,25.0,5.0,2017-12-07 06:00:00,25.0,5.0
2017-010,2017,BOB,,2017-12-08 12:00:00,16.5,86.3,30.0,1002.0,6.0,DD,12,2017-12-09 12:00:00,,,,0.0,2017-12-08 06:00:00,30.0,0.0,2017-12-08 00:00:00,30.0,0.0,2017-12-07 12:00:00,25.0,5.0
2017-010,2017,BOB,,2017-12-08 18:00:00,18.0,86.2,25.0,1004.0,4.0,D,13,2017-12-09 18:00:00,,,,-5.0,2017-12-08 12:00:00,30.0,-5.0,2017-12-08 06:00:00,30.0,-5.0,2017-12-07 18:00:00,25.0,0.0
2017-010,2017,BOB,,2017-12-09 00:00:00,19.0,86.3,25.0,1004.0,4.0,D,14,2017-12-10 00:00:00,,,,0.0,2017-12-08 18:00:00,25.0,0.0,2017-12-08 12:00:00,30.0,-5.0,2017-12-08 00:00:00,30.0,-5.0
2017-010,2017,BOB,,2017-12-09 03:00:00,19.2,86.5,25.0,1004.0,4.0,D,15,2017-12-10 03:00:00,,,,0.0,2017-12-08 21:00:00,,,2017-12-08 15:00:00,,,2017-12-08 03:00:00,30.0,-5.0
2017-010,2017,BOB,,2017-12-09 06:00:00,19.5,86.7,25.0,1004.0,4.0,D,16,2017-12-10 06:00:00,,,,0.0,2017-12-09 00:00:00,25.0,0.0,2017-12-08 18:00:00,25.0,0.0,2017-12-08 06:00:00,30.0,-5.0
2018-004,2018,BOB,,2018-05-29 06:00:00,18.5,92.2,25.0,998.0,3.0,D,0,2018-05-30 06:00:00,,,,,2018-05-29 00:00:00,,,2018-05-28 18:00:00,,,2018-05-28 06:00:00,,
2018-004,2018,BOB,,2018-05-29 12:00:00,19.2,93.0,30.0,992.0,4.0,D,1,2018-05-30 12:00:00,,,,5.0,2018-05-29 06:00:00,25.0,5.0,2018-05-29 00:00:00,,,2018-05-28 12:00:00,,
2018-004,2018,BOB,,2018-05-29 18:00:00,19.8,93.7,30.0,994.0,4.0,DD,2,2018-05-30 18:00:00,,,,0.0,2018-05-29 12:00:00,30.0,0.0,2018-05-29 06:00:00,25.0,5.0,2018-05-28 18:00:00,,
2018-004,2018,BOB,,2018-05-30 00:00:00,21.3,95.2,25.0,996.0,3.0,DD,3,2018-05-31 00:00:00,,,,-5.0,2018-05-29 18:00:00,30.0,-5.0,2018-05-29 12:00:00,30.0,-5.0,2018-05-29 00:00:00,,
2018-004,2018,BOB,,2018-05-30 03:00:00,21.8,95.8,20.0,998.0,2.0,D,4,2018-05-31 03:00:00,,,,-5.0,2018-05-29 21:00:00,,,2018-05-29 15:00:00,,,2018-05-29 03:00:00,,
2018-005,2018,BOB,,2018-06-10 06:00:00,22.3,91.5,25.0,990.0,3.0,D,0,2018-06-11 06:00:00,,,,,2018-06-10 00:00:00,,,2018-06-09 18:00:00,,,2018-06-09 06:00:00,,
2018-005,2018,BOB,,2018-06-10 12:00:00,22.7,91.4,25.0,988.0,4.0,D,1,2018-06-11 12:00:00,,,,0.0,2018-06-10 06:00:00,25.0,0.0,2018-06-10 00:00:00,,,2018-06-09 12:00:00,,
2018-005,2018,BOB,,2018-06-10 18:00:00,23.0,91.3,20.0,990.0,3.0,D,2,2018-06-11 18:00:00,,,,-5.0,2018-06-10 12:00:00,25.0,-5.0,2018-06-10 06:00:00,25.0,-5.0,2018-06-09 18:00:00,,
2018-006,2018,BOB,,2018-07-21 03:00:00,21.0,88.0,25.0,989.0,4.0,D,0,2018-07-22 03:00:00,25.0,0.0,0.0,,2018-07-20 21:00:00,,,2018-07-20 15:00:00,,,2018-07-20 03:00:00,,
2018-006,2018,BOB,,2018-07-21 06:00:00,21.4,87.7,25.0,989.0,4.0,D,1,2018-07-22 06:00:00,25.0,0.0,0.0,0.0,2018-07-21 00:00:00,,,2018-07-20 18:00:00,,,2018-07-20 06:00:00,,
2018-006,2018,BOB,,2018-07-21 09:00:00,21.5,87.6,30.0,988.0,5.0,DD,2,2018-07-22 09:00:00,,,,5.0,2018-07-21 03:00:00,25.0,5.0,2018-07-20 21:00:00,,,2018-07-20 09:00:00,,
2018-006,2018,BOB,,2018-07-21 12:00:00,21.7,87.4,30.0,988.0,5.0,DD,3,2018-07-22 12:00:00,25.0,-5.0,0.0,0.0,2018-07-21 06:00:00,25.0,5.0,2018-07-21 00:00:00,,,2018-07-20 12:00:00,,
2018-006,2018,BOB,,2018-07-21 18:00:00,22.0,87.0,25.0,990.0,3.0,D,4,2018-07-22 18:00:00,20.0,-5.0,0.0,-5.0,2018-07-21 12:00:00,30.0,-5.0,2018-07-21 06:00:00,25.0,0.0,2018-07-20 18:00:00,,
2018-006,2018,BOB,,2018-07-22 00:00:00,22.2,86.8,25.0,992.0,3.0,D,5,2018-07-23 00:00:00,20.0,-5.0,0.0,0.0,2018-07-21 18:00:00,25.0,0.0,2018-07-21 12:00:00,30.0,-5.0,2018-07-21 00:00:00,,
2018-006,2018,BOB,,2018-07-22 03:00:00,22.6,86.2,25.0,992.0,3.0,D,6,2018-07-23 03:00:00,,,,0.0,2018-07-21 21:00:00,,,2018-07-21 15:00:00,,,2018-07-21 03:00:00,25.0,0.0
2018-006,2018,BOB,,2018-07-22 06:00:00,22.7,86.1,25.0,992.0,3.0,D,7,2018-07-23 06:00:00,,,,0.0,2018-07-22 00:00:00,25.0,0.0,2018-07-21 18:00:00,25.0,0.0,2018-07-21 06:00:00,25.0,0.0
2018-006,2018,BOB,,2018-07-22 12:00:00,23.0,85.1,25.0,992.0,3.0,D,8,2018-07-23 12:00:00,,,,0.0,2018-07-22 06:00:00,25.0,0.0,2018-07-22 00:00:00,25.0,0.0,2018-07-21 12:00:00,30.0,-5.0
2018-006,2018,BOB,,2018-07-22 18:00:00,23.5,84.5,20.0,993.0,3.0,D,9,2018-07-23 18:00:00,,,,-5.0,2018-07-22 12:00:00,25.0,-5.0,2018-07-22 06:00:00,25.0,-5.0,2018-07-21 18:00:00,25.0,-5.0
2018-006,2018,BOB,,2018-07-23 00:00:00,23.9,84.0,20.0,993.0,3.0,D,10,2018-07-24 00:00:00,,,,0.0,2018-07-22 18:00:00,20.0,0.0,2018-07-22 12:00:00,25.0,-5.0,2018-07-22 00:00:00,25.0,-5.0
2018-007,2018,BOB,,2018-08-07 09:00:00,21.5,87.5,25.0,992.0,4.0,D,0,2018-08-08 09:00:00,,,,,2018-08-07 03:00:00,,,2018-08-06 21:00:00,,,2018-08-06 09:00:00,,
2018-007,2018,BOB,,2018-08-07 12:00:00,21.5,87.0,25.0,994.0,3.0,D,1,2018-08-08 12:00:00,,,,0.0,2018-08-07 06:00:00,,,2018-08-07 00:00:00,,,2018-08-06 12:00:00,,
2018-007,2018,BOB,,2018-08-07 18:00:00,21.6,86.0,25.0,995.0,3.0,D,2,2018-08-08 18:00:00,,,,0.0,2018-08-07 12:00:00,25.0,0.0,2018-08-07 06:00:00,,,2018-08-06 18:00:00,,
2018-007,2018,BOB,,2018-08-08 00:00:00,21.7,84.5,20.0,996.0,3.0,D,3,2018-08-09 00:00:00,,,,-5.0,2018-08-07 18:00:00,25.0,-5.0,2018-08-07 12:00:00,25.0,-5.0,2018-08-07 00:00:00,,
2018-009,2018,BOB,,2018-09-06 00:00:00,21.8,88.0,25.0,992.0,4.0,D,0,2018-09-07 00:00:00,25.0,0.0,0.0,,2018-09-05 18:00:00,,,2018-09-05 12:00:00,,,2018-09-05 00:00:00,,
2018-009,2018,BOB,,2018-09-06 03:00:00,21.8,87.9,30.0,990.0,5.0,DD,1,2018-09-07 03:00:00,20.0,-10.0,0.0,5.0,2018-09-05 21:00:00,,,2018-09-05 15:00:00,,,2018-09-05 03:00:00,,
2018-009,2018,BOB,,2018-09-06 06:00:00,21.8,87.6,30.0,990.0,5.0,DD,2,2018-09-07 06:00:00,,,,0.0,2018-09-06 00:00:00,25.0,5.0,2018-09-05 18:00:00,,,2018-09-05 06:00:00,,
2018-009,2018,BOB,,2018-09-06 12:00:00,21.7,86.8,30.0,990.0,5.0,DD,3,2018-09-07 12:00:00,,,,0.0,2018-09-06 06:00:00,30.0,0.0,2018-09-06 00:00:00,25.0,5.0,2018-09-05 12:00:00,,
2018-009,2018,BOB,,2018-09-06 18:00:00,21.9,86.0,30.0,990.0,5.0,DD,4,2018-09-07 18:00:00,,,,0.0,2018-09-06 12:00:00,30.0,0.0,2018-09-06 06:00:00,30.0,0.0,2018-09-05 18:00:00,,
2018-009,2018,BOB,,2018-09-07 00:00:00,22.2,84.0,25.0,991.0,4.0,D,5,2018-09-08 00:00:00,,,,-5.0,2018-09-06 18:00:00,30.0,-5.0,2018-09-06 12:00:00,30.0,-5.0,2018-09-06 00:00:00,25.0,0.0
2018-009,2018,BOB,,2018-09-07 03:00:00,22.9,83.3,20.0,992.0,3.0,D,6,2018-09-08 03:00:00,,,,-5.0,2018-09-06 21:00:00,,,2018-09-06 15:00:00,,,2018-09-06 03:00:00,30.0,-10.0
2018-010,2018,BOB,DAYE,2018-09-19 15:00:00,17.2,89.0,25.0,997.0,3.0,D,0,2018-09-20 15:00:00,35.0,10.0,0.0,,2018-09-19 09:00:00,,,2018-09-19 03:00:00,,,2018-09-18 15:00:00,,
2018-010,2018,BOB,DAYE,2018-09-19 18:00:00,17.4,88.8,25.0,996.0,4.0,D,1,2018-09-20 18:00:00,35.0,10.0,0.0,0.0,2018-09-19 12:00:00,,,2018-09-19 06:00:00,,,2018-09-18 18:00:00,,
2018-010,2018,BOB,DAYE,2018-09-20 00:00:00,17.5,87.5,25.0,996.0,4.0,D,2,2018-09-21 00:00:00,30.0,5.0,0.0,0.0,2018-09-19 18:00:00,25.0,0.0,2018-09-19 12:00:00,,,2018-09-19 00:00:00,,
2018-010,2018,BOB,DAYE,2018-09-20 03:00:00,17.5,87.0,30.0,995.0,5.0,DD,3,2018-09-21 03:00:00,30.0,0.0,0.0,5.0,2018-09-19 21:00:00,,,2018-09-19 15:00:00,25.0,5.0,2018-09-19 03:00:00,,
2018-010,2018,BOB,DAYE,2018-09-20 06:00:00,17.6,86.8,30.0,995.0,5.0,DD,4,2018-09-21 06:00:00,30.0,0.0,0.0,0.0,2018-09-20 00:00:00,25.0,5.0,2018-09-19 18:00:00,25.0,5.0,2018-09-19 06:00:00,,
2018-010,2018,BOB,DAYE,2018-09-20 12:00:00,18.4,85.8,30.0,994.0,6.0,DD,5,2018-09-21 12:00:00,25.0,-5.0,0.0,0.0,2018-09-20 06:00:00,30.0,0.0,2018-09-20 00:00:00,25.0,5.0,2018-09-19 12:00:00,,
2018-010,2018,BOB,DAYE,2018-09-20 15:00:00,18.7,85.6,35.0,992.0,8.0,CS,6,2018-09-21 15:00:00,,,,5.0,2018-09-20 09:00:00,,,2018-09-20 03:00:00,30.0,5.0,2018-09-19 15:00:00,25.0,10.0
2018-010,2018,BOB,DAYE,2018-09-20 18:00:00,19.2,85.0,35.0,992.0,8.0,CS,7,2018-09-21 18:00:00,25.0,-10.0,0.0,0.0,2018-09-20 12:00:00,30.0,5.0,2018-09-20 06:00:00,30.0,5.0,2018-09-19 18:00:00,25.0,10.0
2018-010,2018,BOB,DAYE,2018-09-21 00:00:00,20.0,83.7,30.0,994.0,6.0,DD,8,2018-09-22 00:00:00,25.0,-5.0,0.0,-5.0,2018-09-20 18:00:00,35.0,-5.0,2018-09-20 12:00:00,30.0,0.0,2018-09-20 00:00:00,25.0,5.0
2018-010,2018,BOB,DAYE,2018-09-21 03:00:00,20.5,82.5,30.0,994.0,6.0,DD,9,2018-09-22 03:00:00,20.0,-10.0,0.0,0.0,2018-09-20 21:00:00,,,2018-09-20 15:00:00,35.0,-5.0,2018-09-20 03:00:00,30.0,0.0
2018-010,2018,BOB,DAYE,2018-09-21 06:00:00,21.0,81.4,30.0,995.0,5.0,DD,10,2018-09-22 06:00:00,20.0,-10.0,0.0,0.0,2018-09-21 00:00:00,30.0,0.0,2018-09-20 18:00:00,35.0,-5.0,2018-09-20 06:00:00,30.0,0.0
2018-010,2018,BOB,DAYE,2018-09-21 12:00:00,21.4,80.2,25.0,996.0,4.0,D,11,2018-09-22 12:00:00,,,,-5.0,2018-09-21 06:00:00,30.0,-5.0,2018-09-21 00:00:00,30.0,-5.0,2018-09-20 12:00:00,30.0,-5.0
2018-010,2018,BOB,DAYE,2018-09-21 18:00:00,21.4,78.7,25.0,996.0,4.0,D,12,2018-09-22 18:00:00,,,,0.0,2018-09-21 12:00:00,25.0,0.0,2018-09-21 06:00:00,30.0,-5.0,2018-09-20 18:00:00,35.0,-10.0
2018-010,2018,BOB,DAYE,2018-09-21 21:00:00,19.6,84.4,35.0,993.0,7.0,CS,13,2018-09-22 21:00:00,,,,10.0,2018-09-21 15:00:00,,,2018-09-21 09:00:00,,,2018-09-20 21:00:00,,
2018-010,2018,BOB,DAYE,2018-09-22 00:00:00,22.3,76.9,25.0,997.0,4.0,D,14,2018-09-23 00:00:00,,,,-10.0,2018-09-21 18:00:00,25.0,0.0,2018-09-21 12:00:00,25.0,0.0,2018-09-21 00:00:00,30.0,-5.0
2018-010,2018,BOB,DAYE,2018-09-22 03:00:00,22.9,76.3,20.0,998.0,3.0,D,15,2018-09-23 03:00:00,,,,-5.0,2018-09-21 21:00:00,35.0,-15.0,2018-09-21 15:00:00,,,2018-09-21 03:00:00,30.0,-10.0
2018-010,2018,BOB,DAYE,2018-09-22 06:00:00,22.9,76.3,20.0,999.0,3.0,D,16,2018-09-23 06:00:00,,,,0.0,2018-09-22 00:00:00,25.0,-5.0,2018-09-21 18:00:00,25.0,-5.0,2018-09-21 06:00:00,30.0,-10.0
2018-012,2018,BOB,TITLI,2018-10-08 03:00:00,14.0,88.8,25.0,1002.0,3.0,D,0,2018-10-09 03:00:00,30.0,5.0,0.0,,2018-10-07 21:00:00,,,2018-10-07 15:00:00,,,2018-10-07 03:00:00,,
2018-012,2018,BOB,TITLI,2018-10-08 06:00:00,14.0,88.8,25.0,1002.0,4.0,D,1,2018-10-09 06:00:00,35.0,10.0,0.0,0.0,2018-10-08 00:00:00,,,2018-10-07 18:00:00,,,2018-10-07 06:00:00,,
2018-012,2018,BOB,TITLI,2018-10-08 12:00:00,14.3,88.2,25.0,1002.0,4.0,D,2,2018-10-09 12:00:00,40.0,15.0,0.0,0.0,2018-10-08 06:00:00,25.0,0.0,2018-10-08 00:00:00,,,2018-10-07 12:00:00,,
2018-012,2018,BOB,TITLI,2018-10-08 18:00:00,14.5,87.6,30.0,1000.0,5.0,DD,3,2018-10-09 18:00:00,45.0,15.0,0.0,5.0,2018-10-08 12:00:00,25.0,5.0,2018-10-08 06:00:00,25.0,5.0,2018-10-07 18:00:00,,
2018-012,2018,BOB,TITLI,2018-10-09 00:00:00,14.7,87.1,30.0,1000.0,5.0,DD,4,2018-10-10 00:00:00,55.0,25.0,0.0,0.0,2018-10-08 18:00:00,30.0,0.0,2018-10-08 12:00:00,25.0,5.0,2018-10-08 00:00:00,,
2018-012,2018,BOB,TITLI,2018-10-09 03:00:00,14.7,86.9,30.0,999.0,6.0,DD,5,2018-10-10 03:00:00,60.0,30.0,1.0,0.0,2018-10-08 21:00:00,,,2018-10-08 15:00:00,,,2018-10-08 03:00:00,25.0,5.0
2018-012,2018,BOB,TITLI,2018-10-09 06:00:00,14.8,86.7,35.0,998.0,7.0,CS,6,2018-10-10 06:00:00,70.0,35.0,1.0,5.0,2018-10-09 00:00:00,30.0,5.0,2018-10-08 18:00:00,30.0,5.0,2018-10-08 06:00:00,25.0,10.0
2018-012,2018,BOB,TITLI,2018-10-09 09:00:00,14.9,86.6,35.0,997.0,7.0,CS,7,2018-10-10 09:00:00,75.0,40.0,1.0,0.0,2018-10-09 03:00:00,30.0,5.0,2018-10-08 21:00:00,,,2018-10-08 09:00:00,,
2018-012,2018,BOB,TITLI,2018-10-09 12:00:00,15.1,86.4,40.0,996.0,8.0,CS,8,2018-10-10 12:00:00,80.0,40.0,1.0,5.0,2018-10-09 06:00:00,35.0,5.0,2018-10-09 00:00:00,30.0,10.0,2018-10-08 12:00:00,25.0,15.0
2018-012,2018,BOB,TITLI,2018-10-09 15:00:00,15.3,86.2,40.0,995.0,9.0,CS,9,2018-10-10 15:00:00,80.0,40.0,1.0,0.0,2018-10-09 09:00:00,35.0,5.0,2018-10-09 03:00:00,30.0,10.0,2018-10-08 15:00:00,,
2018-012,2018,BOB,TITLI,2018-10-09 18:00:00,15.5,86.0,45.0,996.0,10.0,CS,10,2018-10-10 18:00:00,80.0,35.0,1.0,5.0,2018-10-09 12:00:00,40.0,5.0,2018-10-09 06:00:00,35.0,10.0,2018-10-08 18:00:00,30.0,15.0
2018-012,2018,BOB,TITLI,2018-10-09 21:00:00,15.7,85.8,50.0,994.0,12.0,SCS,11,2018-10-10 21:00:00,80.0,30.0,1.0,5.0,2018-10-09 15:00:00,40.0,10.0,2018-10-09 09:00:00,35.0,15.0,2018-10-08 21:00:00,,
2018-012,2018,BOB,TITLI,2018-10-10 00:00:00,16.0,85.8,55.0,990.0,16.0,SCS,12,2018-10-11 00:00:00,80.0,25.0,0.0,5.0,2018-10-09 18:00:00,45.0,10.0,2018-10-09 12:00:00,40.0,15.0,2018-10-09 00:00:00,30.0,25.0
2018-012,2018,BOB,TITLI,2018-10-10 03:00:00,16.5,85.8,60.0,988.0,18.0,SCS,13,2018-10-11 03:00:00,65.0,5.0,0.0,5.0,2018-10-09 21:00:00,50.0,10.0,2018-10-09 15:00:00,40.0,20.0,2018-10-09 03:00:00,30.0,30.0
2018-012,2018,BOB,TITLI,2018-10-10 06:00:00,17.0,85.6,70.0,982.0,24.0,VSCS,14,2018-10-11 06:00:00,60.0,-10.0,0.0,10.0,2018-10-10 00:00:00,55.0,15.0,2018-10-09 18:00:00,45.0,25.0,2018-10-09 06:00:00,35.0,35.0
2018-012,2018,BOB,TITLI,2018-10-10 09:00:00,17.3,85.4,75.0,976.0,28.0,VSCS,15,2018-10-11 09:00:00,50.0,-25.0,0.0,5.0,2018-10-10 03:00:00,60.0,15.0,2018-10-09 21:00:00,50.0,25.0,2018-10-09 09:00:00,35.0,40.0
2018-012,2018,BOB,TITLI,2018-10-10 12:00:00,17.5,85.3,80.0,972.0,32.0,VSCS,16,2018-10-11 12:00:00,45.0,-35.0,0.0,5.0,2018-10-10 06:00:00,70.0,10.0,2018-10-10 00:00:00,55.0,25.0,2018-10-09 12:00:00,40.0,40.0
2018-012,2018,BOB,TITLI,2018-10-10 15:00:00,17.7,85.2,80.0,972.0,32.0,VSCS,17,2018-10-11 15:00:00,40.0,-40.0,0.0,0.0,2018-10-10 09:00:00,75.0,5.0,2018-10-10 03:00:00,60.0,20.0,2018-10-09 15:00:00,40.0,40.0
2018-012,2018,BOB,TITLI,2018-10-10 18:00:00,18.2,85.1,80.0,972.0,32.0,VSCS,18,2018-10-11 18:00:00,30.0,-50.0,0.0,0.0,2018-10-10 12:00:00,80.0,0.0,2018-10-10 06:00:00,70.0,10.0,2018-10-09 18:00:00,45.0,35.0
2018-012,2018,BOB,TITLI,2018-10-10 21:00:00,18.6,84.7,80.0,972.0,32.0,VSCS,19,2018-10-11 21:00:00,,,,0.0,2018-10-10 15:00:00,80.0,0.0,2018-10-10 09:00:00,75.0,5.0,2018-10-09 21:00:00,50.0,30.0
2018-012,2018,BOB,TITLI,2018-10-11 00:00:00,18.8,84.4,80.0,972.0,32.0,VSCS,20,2018-10-12 00:00:00,30.0,-50.0,0.0,0.0,2018-10-10 18:00:00,80.0,0.0,2018-10-10 12:00:00,80.0,0.0,2018-10-10 00:00:00,55.0,25.0
2018-012,2018,BOB,TITLI,2018-10-11 03:00:00,19.0,84.1,65.0,985.0,21.0,VSCS,21,2018-10-12 03:00:00,30.0,-35.0,0.0,-15.0,2018-10-10 21:00:00,80.0,-15.0,2018-10-10 15:00:00,80.0,-15.0,2018-10-10 03:00:00,60.0,5.0
2018-012,2018,BOB,TITLI,2018-10-11 06:00:00,19.3,83.8,60.0,988.0,18.0,SCS,22,2018-10-12 06:00:00,30.0,-30.0,0.0,-5.0,2018-10-11 00:00:00,80.0,-20.0,2018-10-10 18:00:00,80.0,-20.0,2018-10-10 06:00:00,70.0,-10.0
2018-012,2018,BOB,TITLI,2018-10-11 09:00:00,19.6,83.8,50.0,994.0,12.0,SCS,23,2018-10-12 09:00:00,25.0,-25.0,0.0,-10.0,2018-10-11 03:00:00,65.0,-15.0,2018-10-10 21:00:00,80.0,-30.0,2018-10-10 09:00:00,75.0,-25.0
2018-012,2018,BOB,TITLI,2018-10-11 12:00:00,19.9,83.7,45.0,996.0,10.0,CS,24,2018-10-12 12:00:00,25.0,-20.0,0.0,-5.0,2018-10-11 06:00:00,60.0,-15.0,2018-10-11 00:00:00,80.0,-35.0,2018-10-10 12:00:00,80.0,-35.0
2018-012,2018,BOB,TITLI,2018-10-11 15:00:00,20.1,84.0,40.0,998.0,8.0,CS,25,2018-10-12 15:00:00,,,,-5.0,2018-10-11 09:00:00,50.0,-10.0,2018-10-11 03:00:00,65.0,-25.0,2018-10-10 15:00:00,80.0,-40.0
2018-012,2018,BOB,TITLI,2018-10-11 18:00:00,20.3,84.3,30.0,999.0,6.0,DD,26,2018-10-12 18:00:00,25.0,-5.0,0.0,-10.0,2018-10-11 12:00:00,45.0,-15.0,2018-10-11 06:00:00,60.0,-30.0,2018-10-10 18:00:00,80.0,-50.0
2018-012,2018,BOB,TITLI,2018-10-12 00:00:00,20.5,84.7,30.0,1000.0,6.0,DD,27,2018-10-13 00:00:00,,,,0.0,2018-10-11 18:00:00,30.0,0.0,2018-10-11 12:00:00,45.0,-15.0,2018-10-11 00:00:00,80.0,-50.0
2018-012,2018,BOB,TITLI,2018-10-12 03:00:00,20.6,84.9,30.0,1001.0,5.0,DD,28,2018-10-13 03:00:00,,,,0.0,2018-10-11 21:00:00,,,2018-10-11 15:00:00,40.0,-10.0,2018-10-11 03:00:00,65.0,-35.0
2018-012,2018,BOB,TITLI,2018-10-12 06:00:00,20.8,85.2,30.0,1001.0,5.0,DD,29,2018-10-13 06:00:00,,,,0.0,2018-10-12 00:00:00,30.0,0.0,2018-10-11 18:00:00,30.0,0.0,2018-10-11 06:00:00,60.0,-30.0
2018-012,2018,BOB,TITLI,2018-10-12 09:00:00,20.9,85.5,25.0,1002.0,4.0,D,30,2018-10-13 09:00:00,,,,-5.0,2018-10-12 03:00:00,30.0,-5.0,2018-10-11 21:00:00,,,2018-10-11 09:00:00,50.0,-25.0
2018-012,2018,BOB,TITLI,2018-10-12 12:00:00,21.2,86.1,25.0,1002.0,4.0,D,31,2018-10-13 12:00:00,,,,0.0,2018-10-12 06:00:00,30.0,-5.0,2018-10-12 00:00:00,30.0,-5.0,2018-10-11 12:00:00,45.0,-20.0
2018-012,2018,BOB,TITLI,2018-10-12 18:00:00,21.9,87.2,25.0,1003.0,4.0,D,32,2018-10-13 18:00:00,,,,0.0,2018-10-12 12:00:00,25.0,0.0,2018-10-12 06:00:00,30.0,-5.0,2018-10-11 18:00:00,30.0,-5.0
2018-012,2018,BOB,TITLI,2018-10-12 21:00:00,22.1,87.5,20.0,1004.0,3.0,D,33,2018-10-13 21:00:00,,,,-5.0,2018-10-12 15:00:00,,,2018-10-12 09:00:00,25.0,-5.0,2018-10-11 21:00:00,,
2018-013,2018,BOB,GAJA,2018-11-10 00:00:00,13.4,89.3,35.0,999.0,7.0,CS,0,2018-11-11 00:00:00,,,,,2018-11-09 18:00:00,,,2018-11-09 12:00:00,,,2018-11-09 00:00:00,,
2018-013,2018,BOB,GAJA,2018-11-10 03:00:00,11.7,92.5,25.0,1003.0,3.0,D,1,2018-11-11 03:00:00,35.0,10.0,0.0,-10.0,2018-11-09 21:00:00,,,2018-11-09 15:00:00,,,2018-11-09 03:00:00,,
2018-013,2018,BOB,GAJA,2018-11-10 06:00:00,12.0,92.0,25.0,1002.0,4.0,D,2,2018-11-11 06:00:00,40.0,15.0,0.0,0.0,2018-11-10 00:00:00,35.0,-10.0,2018-11-09 18:00:00,,,2018-11-09 06:00:00,,
2018-013,2018,BOB,GAJA,2018-11-10 12:00:00,12.6,90.8,30.0,1001.0,5.0,DD,3,2018-11-11 12:00:00,40.0,10.0,0.0,5.0,2018-11-10 06:00:00,25.0,5.0,2018-11-10 00:00:00,35.0,-5.0,2018-11-09 12:00:00,,
2018-013,2018,BOB,GAJA,2018-11-10 18:00:00,13.0,89.9,30.0,1000.0,6.0,DD,4,2018-11-11 18:00:00,40.0,10.0,0.0,0.0,2018-11-10 12:00:00,30.0,0.0,2018-11-10 06:00:00,25.0,5.0,2018-11-09 18:00:00,,
2018-013,2018,BOB,GAJA,2018-11-11 03:00:00,13.5,88.9,35.0,999.0,7.0,CS,5,2018-11-12 03:00:00,40.0,5.0,0.0,5.0,2018-11-10 21:00:00,,,2018-11-10 15:00:00,,,2018-11-10 03:00:00,25.0,10.0
2018-013,2018,BOB,GAJA,2018-11-11 06:00:00,13.5,88.5,40.0,998.0,8.0,CS,6,2018-11-12 06:00:00,40.0,0.0,0.0,5.0,2018-11-11 00:00:00,,,2018-11-10 18:00:00,30.0,10.0,2018-11-10 06:00:00,25.0,15.0
2018-013,2018,BOB,GAJA,2018-11-11 09:00:00,13.5,88.2,40.0,998.0,8.0,CS,7,2018-11-12 09:00:00,40.0,0.0,0.0,0.0,2018-11-11 03:00:00,35.0,5.0,2018-11-10 21:00:00,,,2018-11-10 09:00:00,,
2018-013,2018,BOB,GAJA,2018-11-11 12:00:00,13.5,88.0,40.0,998.0,8.0,CS,8,2018-11-12 12:00:00,40.0,0.0,0.0,0.0,2018-11-11 06:00:00,40.0,0.0,2018-11-11 00:00:00,,,2018-11-10 12:00:00,30.0,10.0
2018-013,2018,BOB,GAJA,2018-11-11 15:00:00,13.5,87.7,40.0,998.0,8.0,CS,9,2018-11-12 15:00:00,40.0,0.0,0.0,0.0,2018-11-11 09:00:00,40.0,0.0,2018-11-11 03:00:00,35.0,5.0,2018-11-10 15:00:00,,
2018-013,2018,BOB,GAJA,2018-11-11 18:00:00,13.4,87.4,40.0,998.0,8.0,CS,10,2018-11-12 18:00:00,45.0,5.0,0.0,0.0,2018-11-11 12:00:00,40.0,0.0,2018-11-11 06:00:00,40.0,0.0,2018-11-10 18:00:00,30.0,10.0
2018-013,2018,BOB,GAJA,2018-11-11 21:00:00,13.5,87.2,40.0,998.0,8.0,CS,11,2018-11-12 21:00:00,45.0,5.0,0.0,0.0,2018-11-11 15:00:00,40.0,0.0,2018-11-11 09:00:00,40.0,0.0,2018-11-10 21:00:00,,
2018-013,2018,BOB,GAJA,2018-11-12 00:00:00,13.3,87.1,40.0,998.0,8.0,CS,12,2018-11-13 00:00:00,40.0,0.0,0.0,0.0,2018-11-11 18:00:00,40.0,0.0,2018-11-11 12:00:00,40.0,0.0,2018-11-11 00:00:00,,
2018-013,2018,BOB,GAJA,2018-11-12 03:00:00,13.1,87.0,40.0,998.0,8.0,CS,13,2018-11-13 03:00:00,40.0,0.0,0.0,0.0,2018-11-11 21:00:00,40.0,0.0,2018-11-11 15:00:00,40.0,0.0,2018-11-11 03:00:00,35.0,5.0
2018-013,2018,BOB,GAJA,2018-11-12 06:00:00,12.9,86.9,40.0,998.0,8.0,CS,14,2018-11-13 06:00:00,40.0,0.0,0.0,0.0,2018-11-12 00:00:00,40.0,0.0,2018-11-11 18:00:00,40.0,0.0,2018-11-11 06:00:00,40.0,0.0
2018-013,2018,BOB,GAJA,2018-11-12 09:00:00,12.9,86.9,40.0,998.0,8.0,CS,15,2018-11-13 09:00:00,40.0,0.0,0.0,0.0,2018-11-12 03:00:00,40.0,0.0,2018-11-11 21:00:00,40.0,0.0,2018-11-11 09:00:00,40.0,0.0
2018-013,2018,BOB,GAJA,2018-11-12 12:00:00,12.6,87.3,40.0,998.0,8.0,CS,16,2018-11-13 12:00:00,40.0,0.0,0.0,0.0,2018-11-12 06:00:00,40.0,0.0,2018-11-12 00:00:00,40.0,0.0,2018-11-11 12:00:00,40.0,0.0
2018-013,2018,BOB,GAJA,2018-11-12 15:00:00,12.9,87.5,40.0,998.0,8.0,CS,17,2018-11-13 15:00:00,40.0,0.0,0.0,0.0,2018-11-12 09:00:00,40.0,0.0,2018-11-12 03:00:00,40.0,0.0,2018-11-11 15:00:00,40.0,0.0
2018-013,2018,BOB,GAJA,2018-11-12 18:00:00,13.2,87.5,45.0,996.0,8.0,CS,18,2018-11-13 18:00:00,40.0,-5.0,0.0,5.0,2018-11-12 12:00:00,40.0,5.0,2018-11-12 06:00:00,40.0,5.0,2018-11-11 18:00:00,40.0,5.0
2018-013,2018,BOB,GAJA,2018-11-12 21:00:00,13.2,87.3,45.0,996.0,8.0,CS,19,2018-11-13 21:00:00,40.0,-5.0,0.0,0.0,2018-11-12 15:00:00,40.0,5.0,2018-11-12 09:00:00,40.0,5.0,2018-11-11 21:00:00,40.0,5.0
2018-013,2018,BOB,GAJA,2018-11-13 00:00:00,13.2,87.2,40.0,998.0,8.0,CS,20,2018-11-14 00:00:00,40.0,0.0,0.0,-5.0,2018-11-12 18:00:00,45.0,-5.0,2018-11-12 12:00:00,40.0,0.0,2018-11-12 00:00:00,40.0,0.0
2018-013,2018,BOB,GAJA,2018-11-13 03:00:00,13.3,87.1,40.0,998.0,8.0,CS,21,2018-11-14 03:00:00,40.0,0.0,0.0,0.0,2018-11-12 21:00:00,45.0,-5.0,2018-11-12 15:00:00,40.0,0.0,2018-11-12 03:00:00,40.0,0.0
2018-013,2018,BOB,GAJA,2018-11-13 06:00:00,13.5,86.6,40.0,998.0,8.0,CS,22,2018-11-14 06:00:00,45.0,5.0,0.0,0.0,2018-11-13 00:00:00,40.0,0.0,2018-11-12 18:00:00,45.0,-5.0,2018-11-12 06:00:00,40.0,0.0
2018-013,2018,BOB,GAJA,2018-11-13 09:00:00,13.4,86.4,40.0,998.0,8.0,CS,23,2018-11-14 09:00:00,45.0,5.0,0.0,0.0,2018-11-13 03:00:00,40.0,0.0,2018-11-12 21:00:00,45.0,-5.0,2018-11-12 09:00:00,40.0,0.0
2018-013,2018,BOB,GAJA,2018-11-13 12:00:00,13.4,86.0,40.0,998.0,8.0,CS,24,2018-11-14 12:00:00,45.0,5.0,0.0,0.0,2018-11-13 06:00:00,40.0,0.0,2018-11-13 00:00:00,40.0,0.0,2018-11-12 12:00:00,40.0,0.0
2018-013,2018,BOB,GAJA,2018-11-13 15:00:00,13.2,85.8,40.0,998.0,8.0,CS,25,2018-11-14 15:00:00,45.0,5.0,0.0,0.0,2018-11-13 09:00:00,40.0,0.0,2018-11-13 03:00:00,40.0,0.0,2018-11-12 15:00:00,40.0,0.0
2018-013,2018,BOB,GAJA,2018-11-13 18:00:00,13.2,85.6,40.0,998.0,8.0,CS,26,2018-11-14 18:00:00,45.0,5.0,0.0,0.0,2018-11-13 12:00:00,40.0,0.0,2018-11-13 06:00:00,40.0,0.0,2018-11-12 18:00:00,45.0,-5.0
2018-013,2018,BOB,GAJA,2018-11-13 21:00:00,13.1,85.5,40.0,998.0,8.0,CS,27,2018-11-14 21:00:00,45.0,5.0,0.0,0.0,2018-11-13 15:00:00,40.0,0.0,2018-11-13 09:00:00,40.0,0.0,2018-11-12 21:00:00,45.0,-5.0
2018-013,2018,BOB,GAJA,2018-11-14 00:00:00,13.1,85.3,40.0,998.0,8.0,CS,28,2018-11-15 00:00:00,45.0,5.0,0.0,0.0,2018-11-13 18:00:00,40.0,0.0,2018-11-13 12:00:00,40.0,0.0,2018-11-13 00:00:00,40.0,0.0
2018-013,2018,BOB,GAJA,2018-11-14 03:00:00,13.0,85.1,40.0,998.0,8.0,CS,29,2018-11-15 03:00:00,50.0,10.0,0.0,0.0,2018-11-13 21:00:00,40.0,0.0,2018-11-13 15:00:00,40.0,0.0,2018-11-13 03:00:00,40.0,0.0
2018-013,2018,BOB,GAJA,2018-11-14 06:00:00,12.8,84.8,45.0,996.0,10.0,CS,30,2018-11-15 06:00:00,55.0,10.0,0.0,5.0,2018-11-14 00:00:00,40.0,5.0,2018-11-13 18:00:00,40.0,5.0,2018-11-13 06:00:00,40.0,5.0
2018-013,2018,BOB,GAJA,2018-11-14 09:00:00,12.6,84.6,45.0,996.0,10.0,CS,31,2018-11-15 09:00:00,55.0,10.0,0.0,0.0,2018-11-14 03:00:00,40.0,5.0,2018-11-13 21:00:00,40.0,5.0,2018-11-13 09:00:00,40.0,5.0
2018-013,2018,BOB,GAJA,2018-11-14 12:00:00,12.4,84.2,45.0,996.0,10.0,CS,32,2018-11-15 12:00:00,60.0,15.0,0.0,0.0,2018-11-14 06:00:00,45.0,0.0,2018-11-14 00:00:00,40.0,5.0,2018-11-13 12:00:00,40.0,5.0
2018-013,2018,BOB,GAJA,2018-11-14 15:00:00,12.2,84.2,45.0,996.0,10.0,CS,33,2018-11-15 15:00:00,65.0,20.0,0.0,0.0,2018-11-14 09:00:00,45.0,0.0,2018-11-14 03:00:00,40.0,5.0,2018-11-13 15:00:00,40.0,5.0
2018-013,2018,BOB,GAJA,2018-11-14 18:00:00,12.0,83.8,45.0,996.0,10.0,CS,34,2018-11-15 18:00:00,70.0,25.0,0.0,0.0,2018-11-14 12:00:00,45.0,0.0,2018-11-14 06:00:00,45.0,0.0,2018-11-13 18:00:00,40.0,5.0
2018-013,2018,BOB,GAJA,2018-11-14 21:00:00,11.8,83.4,45.0,996.0,10.0,CS,35,2018-11-15 21:00:00,70.0,25.0,0.0,0.0,2018-11-14 15:00:00,45.0,0.0,2018-11-14 09:00:00,45.0,0.0,2018-11-13 21:00:00,40.0,5.0
2018-013,2018,BOB,GAJA,2018-11-15 00:00:00,11.5,83.2,45.0,996.0,10.0,CS,36,2018-11-16 00:00:00,55.0,10.0,0.0,0.0,2018-11-14 18:00:00,45.0,0.0,2018-11-14 12:00:00,45.0,0.0,2018-11-14 00:00:00,40.0,5.0
2018-013,2018,BOB,GAJA,2018-11-15 03:00:00,11.3,82.6,50.0,994.0,12.0,SCS,37,2018-11-16 03:00:00,45.0,-5.0,0.0,5.0,2018-11-14 21:00:00,45.0,5.0,2018-11-14 15:00:00,45.0,5.0,2018-11-14 03:00:00,40.0,10.0
2018-013,2018,BOB,GAJA,2018-11-15 06:00:00,11.2,82.0,55.0,990.0,15.0,SCS,38,2018-11-16 06:00:00,30.0,-25.0,0.0,5.0,2018-11-15 00:00:00,45.0,10.0,2018-11-14 18:00:00,45.0,10.0,2018-11-14 06:00:00,45.0,10.0
2018-013,2018,BOB,GAJA,2018-11-15 09:00:00,11.0,81.5,55.0,989.0,16.0,SCS,39,2018-11-16 09:00:00,,,,0.0,2018-11-15 03:00:00,50.0,5.0,2018-11-14 21:00:00,45.0,10.0,2018-11-14 09:00:00,45.0,10.0
2018-013,2018,BOB,GAJA,2018-11-15 12:00:00,10.8,81.2,60.0,988.0,18.0,SCS,40,2018-11-16 12:00:00,25.0,-35.0,0.0,5.0,2018-11-15 06:00:00,55.0,5.0,2018-11-15 00:00:00,45.0,15.0,2018-11-14 12:00:00,45.0,15.0
2018-013,2018,BOB,GAJA,2018-11-15 15:00:00,10.6,80.7,65.0,984.0,21.0,VSCS,41,2018-11-16 15:00:00,,,,5.0,2018-11-15 09:00:00,55.0,10.0,2018-11-15 03:00:00,50.0,15.0,2018-11-14 15:00:00,45.0,20.0
2018-013,2018,BOB,GAJA,2018-11-15 18:00:00,10.5,80.3,70.0,976.0,30.0,VSCS,42,2018-11-16 18:00:00,25.0,-45.0,0.0,5.0,2018-11-15 12:00:00,60.0,10.0,2018-11-15 06:00:00,55.0,15.0,2018-11-14 18:00:00,45.0,25.0
2018-013,2018,BOB,GAJA,2018-11-15 21:00:00,10.4,79.7,70.0,976.0,30.0,VSCS,43,2018-11-16 21:00:00,,,,0.0,2018-11-15 15:00:00,65.0,5.0,2018-11-15 09:00:00,55.0,15.0,2018-11-14 21:00:00,45.0,25.0
2018-013,2018,BOB,GAJA,2018-11-16 00:00:00,10.4,79.2,55.0,990.0,15.0,SCS,44,2018-11-17 00:00:00,30.0,-25.0,0.0,-15.0,2018-11-15 18:00:00,70.0,-15.0,2018-11-15 12:00:00,60.0,-5.0,2018-11-15 00:00:00,45.0,10.0
2018-013,2018,BOB,GAJA,2018-11-16 03:00:00,10.4,78.5,45.0,996.0,10.0,CS,45,2018-11-17 03:00:00,30.0,-15.0,0.0,-10.0,2018-11-15 21:00:00,70.0,-25.0,2018-11-15 15:00:00,65.0,-20.0,2018-11-15 03:00:00,50.0,-5.0
2018-013,2018,BOB,GAJA,2018-11-16 06:00:00,10.5,77.6,30.0,1000.0,6.0,DD,46,2018-11-17 06:00:00,30.0,0.0,0.0,-15.0,2018-11-16 00:00:00,55.0,-25.0,2018-11-15 18:00:00,70.0,-40.0,2018-11-15 06:00:00,55.0,-25.0
2018-013,2018,BOB,GAJA,2018-11-16 12:00:00,10.1,76.4,25.0,1002.0,4.0,D,47,2018-11-17 12:00:00,30.0,5.0,0.0,-5.0,2018-11-16 06:00:00,30.0,-5.0,2018-11-16 00:00:00,55.0,-30.0,2018-11-15 12:00:00,60.0,-35.0
2018-013,2018,BOB,GAJA,2018-11-16 18:00:00,9.9,75.3,25.0,1002.0,4.0,D,48,2018-11-17 18:00:00,30.0,5.0,0.0,0.0,2018-11-16 12:00:00,25.0,0.0,2018-11-16 06:00:00,30.0,-5.0,2018-11-15 18:00:00,70.0,-45.0
2018-013,2018,BOB,GAJA,2018-11-17 00:00:00,9.8,74.3,30.0,1003.0,5.0,DD,49,2018-11-18 00:00:00,30.0,0.0,0.0,5.0,2018-11-16 18:00:00,25.0,5.0,2018-11-16 12:00:00,25.0,5.0,2018-11-16 00:00:00,55.0,-25.0
2018-013,2018,BOB,GAJA,2018-11-17 03:00:00,9.8,73.7,30.0,1003.0,5.0,DD,50,2018-11-18 03:00:00,30.0,0.0,0.0,0.0,2018-11-16 21:00:00,,,2018-11-16 15:00:00,,,2018-11-16 03:00:00,45.0,-15.0
2018-013,2018,BOB,GAJA,2018-11-17 06:00:00,9.8,73.2,30.0,1003.0,5.0,DD,51,2018-11-18 06:00:00,30.0,0.0,0.0,0.0,2018-11-17 00:00:00,30.0,0.0,2018-11-16 18:00:00,25.0,5.0,2018-11-16 06:00:00,30.0,0.0
2018-013,2018,BOB,GAJA,2018-11-17 12:00:00,9.9,71.7,30.0,1003.0,5.0,DD,52,2018-11-18 12:00:00,30.0,0.0,0.0,0.0,2018-11-17 06:00:00,30.0,0.0,2018-11-17 00:00:00,30.0,0.0,2018-11-16 12:00:00,25.0,5.0
2018-013,2018,BOB,GAJA,2018-11-17 18:00:00,10.1,70.5,30.0,1003.0,5.0,DD,53,2018-11-18 18:00:00,30.0,0.0,0.0,0.0,2018-11-17 12:00:00,30.0,0.0,2018-11-17 06:00:00,30.0,0.0,2018-11-16 18:00:00,25.0,5.0
2018-013,2018,BOB,GAJA,2018-11-18 00:00:00,10.3,69.6,30.0,1003.0,5.0,DD,54,2018-11-19 00:00:00,30.0,0.0,0.0,0.0,2018-11-17 18:00:00,30.0,0.0,2018-11-17 12:00:00,30.0,0.0,2018-11-17 00:00:00,30.0,0.0
2018-013,2018,BOB,GAJA,2018-11-18 03:00:00,10.4,69.4,30.0,1003.0,5.0,DD,55,2018-11-19 03:00:00,30.0,0.0,0.0,0.0,2018-11-17 21:00:00,,,2018-11-17 15:00:00,,,2018-11-17 03:00:00,30.0,0.0
2018-013,2018,BOB,GAJA,2018-11-18 06:00:00,10.5,69.0,30.0,1003.0,5.0,DD,56,2018-11-19 06:00:00,25.0,-5.0,0.0,0.0,2018-11-18 00:00:00,30.0,0.0,2018-11-17 18:00:00,30.0,0.0,2018-11-17 06:00:00,30.0,0.0
2018-013,2018,BOB,GAJA,2018-11-18 12:00:00,10.7,68.5,30.0,1003.0,5.0,DD,57,2018-11-19 12:00:00,25.0,-5.0,0.0,0.0,2018-11-18 06:00:00,30.0,0.0,2018-11-18 00:00:00,30.0,0.0,2018-11-17 12:00:00,30.0,0.0
2018-013,2018,BOB,GAJA,2018-11-18 18:00:00,10.8,67.5,30.0,1003.0,5.0,DD,58,2018-11-19 18:00:00,,,,0.0,2018-11-18 12:00:00,30.0,0.0,2018-11-18 06:00:00,30.0,0.0,2018-11-17 18:00:00,30.0,0.0
2018-013,2018,BOB,GAJA,2018-11-19 00:00:00,11.0,66.6,30.0,1003.0,5.0,DD,59,2018-11-20 00:00:00,,,,0.0,2018-11-18 18:00:00,30.0,0.0,2018-11-18 12:00:00,30.0,0.0,2018-11-18 00:00:00,30.0,0.0
2018-013,2018,BOB,GAJA,2018-11-19 03:00:00,11.1,66.3,30.0,1003.0,5.0,DD,60,2018-11-20 03:00:00,,,,0.0,2018-11-18 21:00:00,,,2018-11-18 15:00:00,,,2018-11-18 03:00:00,30.0,0.0
2018-013,2018,BOB,GAJA,2018-11-19 06:00:00,11.2,65.8,25.0,1004.0,4.0,D,61,2018-11-20 06:00:00,,,,-5.0,2018-11-19 00:00:00,30.0,-5.0,2018-11-18 18:00:00,30.0,-5.0,2018-11-18 06:00:00,30.0,-5.0
2018-013,2018,BOB,GAJA,2018-11-19 12:00:00,11.2,65.0,25.0,1004.0,4.0,D,62,2018-11-20 12:00:00,,,,0.0,2018-11-19 06:00:00,25.0,0.0,2018-11-19 00:00:00,30.0,-5.0,2018-11-18 12:00:00,30.0,-5.0
2018-014,2018,BOB,PHETHAI,2018-12-13 00:00:00,8.2,87.6,30.0,1002.0,5.0,DD,1,2018-12-14 00:00:00,,,,,2018-12-12 18:00:00,,,2018-12-12 12:00:00,,,2018-12-12 00:00:00,,
2018-014,2018,BOB,PHETHAI,2018-12-13 03:00:00,6.7,88.6,25.0,1004.0,3.0,D,2,2018-12-14 03:00:00,30.0,5.0,0.0,-5.0,2018-12-12 21:00:00,,,2018-12-12 15:00:00,,,2018-12-12 03:00:00,,
2018-014,2018,BOB,PHETHAI,2018-12-13 06:00:00,6.8,88.5,25.0,1003.0,4.0,D,3,2018-12-14 06:00:00,30.0,5.0,0.0,0.0,2018-12-13 00:00:00,30.0,-5.0,2018-12-12 18:00:00,,,2018-12-12 06:00:00,,
2018-014,2018,BOB,PHETHAI,2018-12-13 12:00:00,7.3,88.2,25.0,1003.0,4.0,D,4,2018-12-14 12:00:00,30.0,5.0,0.0,0.0,2018-12-13 06:00:00,25.0,0.0,2018-12-13 00:00:00,30.0,-5.0,2018-12-12 12:00:00,,
2018-014,2018,BOB,PHETHAI,2018-12-13 18:00:00,7.6,88.0,30.0,1002.0,5.0,DD,5,2018-12-14 18:00:00,30.0,0.0,0.0,5.0,2018-12-13 12:00:00,25.0,5.0,2018-12-13 06:00:00,25.0,5.0,2018-12-12 18:00:00,,
2018-014,2018,BOB,PHETHAI,2018-12-14 03:00:00,8.5,87.4,30.0,1002.0,5.0,DD,6,2018-12-15 03:00:00,30.0,0.0,0.0,0.0,2018-12-13 21:00:00,,,2018-12-13 15:00:00,,,2018-12-13 03:00:00,25.0,5.0
2018-014,2018,BOB,PHETHAI,2018-12-14 06:00:00,8.5,87.4,30.0,1002.0,5.0,DD,7,2018-12-15 06:00:00,30.0,0.0,0.0,0.0,2018-12-14 00:00:00,,,2018-12-13 18:00:00,30.0,0.0,2018-12-13 06:00:00,25.0,5.0
2018-014,2018,BOB,PHETHAI,2018-12-14 12:00:00,8.6,86.8,30.0,1002.0,5.0,DD,8,2018-12-15 12:00:00,35.0,5.0,0.0,0.0,2018-12-14 06:00:00,30.0,0.0,2018-12-14 00:00:00,,,2018-12-13 12:00:00,25.0,5.0
2018-014,2018,BOB,PHETHAI,2018-12-14 18:00:00,8.8,86.2,30.0,1002.0,5.0,DD,9,2018-12-15 18:00:00,35.0,5.0,0.0,0.0,2018-12-14 12:00:00,30.0,0.0,2018-12-14 06:00:00,30.0,0.0,2018-12-13 18:00:00,30.0,0.0
2018-014,2018,BOB,PHETHAI,2018-12-15 00:00:00,9.0,85.5,30.0,1002.0,5.0,DD,10,2018-12-16 00:00:00,40.0,10.0,0.0,0.0,2018-12-14 18:00:00,30.0,0.0,2018-12-14 12:00:00,30.0,0.0,2018-12-14 00:00:00,,
2018-014,2018,BOB,PHETHAI,2018-12-15 03:00:00,9.2,85.2,30.0,1001.0,6.0,DD,11,2018-12-16 03:00:00,45.0,15.0,0.0,0.0,2018-12-14 21:00:00,,,2018-12-14 15:00:00,,,2018-12-14 03:00:00,30.0,0.0
2018-014,2018,BOB,PHETHAI,2018-12-15 06:00:00,9.4,85.1,30.0,1001.0,6.0,DD,12,2018-12-16 06:00:00,45.0,15.0,0.0,0.0,2018-12-15 00:00:00,30.0,0.0,2018-12-14 18:00:00,30.0,0.0,2018-12-14 06:00:00,30.0,0.0
2018-014,2018,BOB,PHETHAI,2018-12-15 12:00:00,10.3,84.9,35.0,1000.0,7.0,CS,13,2018-12-16 12:00:00,55.0,20.0,0.0,5.0,2018-12-15 06:00:00,30.0,5.0,2018-12-15 00:00:00,30.0,5.0,2018-12-14 12:00:00,30.0,5.0
2018-014,2018,BOB,PHETHAI,2018-12-15 15:00:00,10.7,84.7,35.0,1000.0,7.0,CS,14,2018-12-16 15:00:00,55.0,20.0,0.0,0.0,2018-12-15 09:00:00,,,2018-12-15 03:00:00,30.0,5.0,2018-12-14 15:00:00,,
2018-014,2018,BOB,PHETHAI,2018-12-15 18:00:00,11.0,84.6,35.0,1000.0,7.0,CS,15,2018-12-16 18:00:00,55.0,20.0,0.0,0.0,2018-12-15 12:00:00,35.0,0.0,2018-12-15 06:00:00,30.0,5.0,2018-12-14 18:00:00,30.0,5.0
2018-014,2018,BOB,PHETHAI,2018-12-15 21:00:00,11.1,84.5,35.0,1000.0,7.0,CS,16,2018-12-16 21:00:00,55.0,20.0,0.0,0.0,2018-12-15 15:00:00,35.0,0.0,2018-12-15 09:00:00,,,2018-12-14 21:00:00,,
2018-014,2018,BOB,PHETHAI,2018-12-16 00:00:00,11.3,84.3,40.0,998.0,8.0,CS,17,2018-12-17 00:00:00,50.0,10.0,0.0,5.0,2018-12-15 18:00:00,35.0,5.0,2018-12-15 12:00:00,35.0,5.0,2018-12-15 00:00:00,30.0,10.0
2018-014,2018,BOB,PHETHAI,2018-12-16 03:00:00,11.8,84.1,45.0,996.0,10.0,CS,18,2018-12-17 03:00:00,45.0,0.0,0.0,5.0,2018-12-15 21:00:00,35.0,10.0,2018-12-15 15:00:00,35.0,10.0,2018-12-15 03:00:00,30.0,15.0
2018-014,2018,BOB,PHETHAI,2018-12-16 06:00:00,12.2,83.9,45.0,996.0,10.0,CS,19,2018-12-17 06:00:00,45.0,0.0,0.0,0.0,2018-12-16 00:00:00,40.0,5.0,2018-12-15 18:00:00,35.0,10.0,2018-12-15 06:00:00,30.0,15.0
2018-014,2018,BOB,PHETHAI,2018-12-16 09:00:00,12.0,83.6,50.0,994.0,13.0,SCS,20,2018-12-17 09:00:00,40.0,-10.0,0.0,5.0,2018-12-16 03:00:00,45.0,5.0,2018-12-15 21:00:00,35.0,15.0,2018-12-15 09:00:00,,
2018-014,2018,BOB,PHETHAI,2018-12-16 12:00:00,13.3,83.0,55.0,992.0,15.0,SCS,21,2018-12-17 12:00:00,30.0,-25.0,0.0,5.0,2018-12-16 06:00:00,45.0,10.0,2018-12-16 00:00:00,40.0,15.0,2018-12-15 12:00:00,35.0,20.0
2018-014,2018,BOB,PHETHAI,2018-12-16 15:00:00,13.8,82.7,55.0,992.0,15.0,SCS,22,2018-12-17 15:00:00,30.0,-25.0,0.0,0.0,2018-12-16 09:00:00,50.0,5.0,2018-12-16 03:00:00,45.0,10.0,2018-12-15 15:00:00,35.0,20.0
2018-014,2018,BOB,PHETHAI,2018-12-16 18:00:00,14.0,82.5,55.0,992.0,15.0,SCS,23,2018-12-17 18:00:00,25.0,-30.0,0.0,0.0,2018-12-16 12:00:00,55.0,0.0,2018-12-16 06:00:00,45.0,10.0,2018-12-15 18:00:00,35.0,20.0
2018-014,2018,BOB,PHETHAI,2018-12-16 21:00:00,14.5,82.2,55.0,992.0,15.0,SCS,24,2018-12-17 21:00:00,,,,0.0,2018-12-16 15:00:00,55.0,0.0,2018-12-16 09:00:00,50.0,5.0,2018-12-15 21:00:00,35.0,20.0
2018-014,2018,BOB,PHETHAI,2018-12-17 00:00:00,15.2,82.2,50.0,994.0,13.0,SCS,25,2018-12-18 00:00:00,,,,-5.0,2018-12-16 18:00:00,55.0,-5.0,2018-12-16 12:00:00,55.0,-5.0,2018-12-16 00:00:00,40.0,10.0
2018-014,2018,BOB,PHETHAI,2018-12-17 03:00:00,15.8,82.2,45.0,997.0,10.0,CS,26,2018-12-18 03:00:00,,,,-5.0,2018-12-16 21:00:00,55.0,-10.0,2018-12-16 15:00:00,55.0,-10.0,2018-12-16 03:00:00,45.0,0.0
2018-014,2018,BOB,PHETHAI,2018-12-17 06:00:00,16.2,82.2,45.0,997.0,10.0,CS,27,2018-12-18 06:00:00,,,,0.0,2018-12-17 00:00:00,50.0,-5.0,2018-12-16 18:00:00,55.0,-10.0,2018-12-16 06:00:00,45.0,0.0
2018-014,2018,BOB,PHETHAI,2018-12-17 09:00:00,16.7,82.3,40.0,998.0,8.0,CS,28,2018-12-18 09:00:00,,,,-5.0,2018-12-17 03:00:00,45.0,-5.0,2018-12-16 21:00:00,55.0,-15.0,2018-12-16 09:00:00,50.0,-10.0
2018-014,2018,BOB,PHETHAI,2018-12-17 12:00:00,16.9,82.4,30.0,1001.0,6.0,DD,29,2018-12-18 12:00:00,,,,-10.0,2018-12-17 06:00:00,45.0,-15.0,2018-12-17 00:00:00,50.0,-20.0,2018-12-16 12:00:00,55.0,-25.0
2018-014,2018,BOB,PHETHAI,2018-12-17 15:00:00,17.3,82.5,30.0,1004.0,5.0,DD,30,2018-12-18 15:00:00,,,,0.0,2018-12-17 09:00:00,40.0,-10.0,2018-12-17 03:00:00,45.0,-15.0,2018-12-16 15:00:00,55.0,-25.0
2018-014,2018,BOB,PHETHAI,2018-12-17 18:00:00,17.5,82.5,25.0,1006.0,3.0,D,31,2018-12-18 18:00:00,,,,-5.0,2018-12-17 12:00:00,30.0,-5.0,2018-12-17 06:00:00,45.0,-20.0,2018-12-16 18:00:00,55.0,-30.0
2019-001,2019,BOB,PABUK,2019-01-04 12:00:00,8.5,99.7,45.0,998.0,10.0,CS,0,2019-01-05 12:00:00,40.0,-5.0,0.0,,2019-01-04 06:00:00,,,2019-01-04 00:00:00,,,2019-01-03 12:00:00,,
2019-001,2019,BOB,PABUK,2019-01-04 15:00:00,8.6,99.5,45.0,998.0,10.0,CS,1,2019-01-05 15:00:00,40.0,-5.0,0.0,0.0,2019-01-04 09:00:00,,,2019-01-04 03:00:00,,,2019-01-03 15:00:00,,
2019-001,2019,BOB,PABUK,2019-01-04 18:00:00,8.7,99.2,45.0,998.0,10.0,CS,2,2019-01-05 18:00:00,35.0,-10.0,0.0,0.0,2019-01-04 12:00:00,45.0,0.0,2019-01-04 06:00:00,,,2019-01-03 18:00:00,,
2019-001,2019,BOB,PABUK,2019-01-04 21:00:00,8.8,99.0,45.0,998.0,10.0,CS,3,2019-01-05 21:00:00,35.0,-10.0,0.0,0.0,2019-01-04 15:00:00,45.0,0.0,2019-01-04 09:00:00,,,2019-01-03 21:00:00,,
2019-001,2019,BOB,PABUK,2019-01-05 00:00:00,8.9,98.7,40.0,1000.0,8.0,CS,4,2019-01-06 00:00:00,35.0,-5.0,0.0,-5.0,2019-01-04 18:00:00,45.0,-5.0,2019-01-04 12:00:00,45.0,-5.0,2019-01-04 00:00:00,,
2019-001,2019,BOB,PABUK,2019-01-05 03:00:00,9.1,98.1,40.0,1000.0,8.0,CS,5,2019-01-06 03:00:00,35.0,-5.0,0.0,0.0,2019-01-04 21:00:00,45.0,-5.0,2019-01-04 15:00:00,45.0,-5.0,2019-01-04 03:00:00,,
2019-001,2019,BOB,PABUK,2019-01-05 06:00:00,9.3,97.6,40.0,1000.0,8.0,CS,6,2019-01-06 06:00:00,30.0,-10.0,0.0,0.0,2019-01-05 00:00:00,40.0,0.0,2019-01-04 18:00:00,45.0,-5.0,2019-01-04 06:00:00,,
2019-001,2019,BOB,PABUK,2019-01-05 09:00:00,9.5,97.3,40.0,1000.0,8.0,CS,7,2019-01-06 09:00:00,,,,0.0,2019-01-05 03:00:00,40.0,0.0,2019-01-04 21:00:00,45.0,-5.0,2019-01-04 09:00:00,,
2019-001,2019,BOB,PABUK,2019-01-05 12:00:00,9.8,97.1,40.0,1000.0,8.0,CS,8,2019-01-06 12:00:00,30.0,-10.0,0.0,0.0,2019-01-05 06:00:00,40.0,0.0,2019-01-05 00:00:00,40.0,0.0,2019-01-04 12:00:00,45.0,-5.0
2019-001,2019,BOB,PABUK,2019-01-05 15:00:00,10.1,96.8,40.0,1000.0,8.0,CS,9,2019-01-06 15:00:00,,,,0.0,2019-01-05 09:00:00,40.0,0.0,2019-01-05 03:00:00,40.0,0.0,2019-01-04 15:00:00,45.0,-5.0
2019-001,2019,BOB,PABUK,2019-01-05 18:00:00,10.4,96.5,35.0,1001.0,7.0,CS,10,2019-01-06 18:00:00,30.0,-5.0,0.0,-5.0,2019-01-05 12:00:00,40.0,-5.0,2019-01-05 06:00:00,40.0,-5.0,2019-01-04 18:00:00,45.0,-10.0
2019-001,2019,BOB,PABUK,2019-01-05 21:00:00,10.7,96.0,35.0,1001.0,7.0,CS,11,2019-01-06 21:00:00,,,,0.0,2019-01-05 15:00:00,40.0,-5.0,2019-01-05 09:00:00,40.0,-5.0,2019-01-04 21:00:00,45.0,-10.0
2019-001,2019,BOB,PABUK,2019-01-06 00:00:00,11.0,95.5,35.0,1001.0,7.0,CS,12,2019-01-07 00:00:00,25.0,-10.0,0.0,0.0,2019-01-05 18:00:00,35.0,0.0,2019-01-05 12:00:00,40.0,-5.0,2019-01-05 00:00:00,40.0,-5.0
2019-001,2019,BOB,PABUK,2019-01-06 03:00:00,11.1,94.6,35.0,1001.0,7.0,CS,13,2019-01-07 03:00:00,25.0,-10.0,0.0,0.0,2019-01-05 21:00:00,35.0,0.0,2019-01-05 15:00:00,40.0,-5.0,2019-01-05 03:00:00,40.0,-5.0
2019-001,2019,BOB,PABUK,2019-01-06 06:00:00,11.2,94.0,30.0,1002.0,6.0,DD,14,2019-01-07 06:00:00,25.0,-5.0,0.0,-5.0,2019-01-06 00:00:00,35.0,-5.0,2019-01-05 18:00:00,35.0,-5.0,2019-01-05 06:00:00,40.0,-10.0
2019-001,2019,BOB,PABUK,2019-01-06 12:00:00,11.5,92.9,30.0,1003.0,5.0,DD,15,2019-01-07 12:00:00,25.0,-5.0,0.0,0.0,2019-01-06 06:00:00,30.0,0.0,2019-01-06 00:00:00,35.0,-5.0,2019-01-05 12:00:00,40.0,-10.0
2019-001,2019,BOB,PABUK,2019-01-06 18:00:00,12.0,92.2,30.0,1003.0,5.0,DD,16,2019-01-07 18:00:00,20.0,-10.0,0.0,0.0,2019-01-06 12:00:00,30.0,0.0,2019-01-06 06:00:00,30.0,0.0,2019-01-05 18:00:00,35.0,-5.0
2019-001,2019,BOB,PABUK,2019-01-07 00:00:00,12.6,92.0,25.0,1004.0,4.0,D,17,2019-01-08 00:00:00,,,,-5.0,2019-01-06 18:00:00,30.0,-5.0,2019-01-06 12:00:00,30.0,-5.0,2019-01-06 00:00:00,35.0,-10.0
2019-001,2019,BOB,PABUK,2019-01-07 03:00:00,12.8,92.0,25.0,1004.0,4.0,D,18,2019-01-08 03:00:00,,,,0.0,2019-01-06 21:00:00,,,2019-01-06 15:00:00,,,2019-01-06 03:00:00,35.0,-10.0
2019-001,2019,BOB,PABUK,2019-01-07 06:00:00,12.8,92.0,25.0,1004.0,4.0,D,19,2019-01-08 06:00:00,,,,0.0,2019-01-07 00:00:00,25.0,0.0,2019-01-06 18:00:00,30.0,-5.0,2019-01-06 06:00:00,30.0,-5.0
2019-001,2019,BOB,PABUK,2019-01-07 12:00:00,13.1,92.0,25.0,1004.0,4.0,D,20,2019-01-08 12:00:00,,,,0.0,2019-01-07 06:00:00,25.0,0.0,2019-01-07 00:00:00,25.0,0.0,2019-01-06 12:00:00,30.0,-5.0
2019-001,2019,BOB,PABUK,2019-01-07 18:00:00,13.1,92.0,20.0,1005.0,3.0,D,21,2019-01-08 18:00:00,,,,-5.0,2019-01-07 12:00:00,25.0,-5.0,2019-01-07 06:00:00,25.0,-5.0,2019-01-06 18:00:00,30.0,-10.0
2019-002,2019,BOB,FANI,2019-04-26 03:00:00,2.7,89.7,25.0,998.0,4.0,D,0,2019-04-27 03:00:00,30.0,5.0,0.0,,2019-04-25 21:00:00,,,2019-04-25 15:00:00,,,2019-04-25 03:00:00,,
2019-002,2019,BOB,FANI,2019-04-26 06:00:00,3.0,89.4,25.0,998.0,4.0,D,1,2019-04-27 06:00:00,35.0,10.0,0.0,0.0,2019-04-26 00:00:00,,,2019-04-25 18:00:00,,,2019-04-25 06:00:00,,
2019-002,2019,BOB,FANI,2019-04-26 12:00:00,3.2,89.2,25.0,998.0,4.0,D,2,2019-04-27 12:00:00,45.0,20.0,0.0,0.0,2019-04-26 06:00:00,25.0,0.0,2019-04-26 00:00:00,,,2019-04-25 12:00:00,,
2019-002,2019,BOB,FANI,2019-04-26 18:00:00,3.7,88.8,25.0,998.0,4.0,D,3,2019-04-27 18:00:00,45.0,20.0,0.0,0.0,2019-04-26 12:00:00,25.0,0.0,2019-04-26 06:00:00,25.0,0.0,2019-04-25 18:00:00,,
2019-002,2019,BOB,FANI,2019-04-27 00:00:00,4.5,88.8,30.0,997.0,5.0,DD,4,2019-04-28 00:00:00,45.0,15.0,0.0,5.0,2019-04-26 18:00:00,25.0,5.0,2019-04-26 12:00:00,25.0,5.0,2019-04-26 00:00:00,,
2019-002,2019,BOB,FANI,2019-04-27 03:00:00,4.9,88.7,30.0,996.0,6.0,DD,5,2019-04-28 03:00:00,45.0,15.0,0.0,0.0,2019-04-26 21:00:00,,,2019-04-26 15:00:00,,,2019-04-26 03:00:00,25.0,5.0
2019-002,2019,BOB,FANI,2019-04-27 06:00:00,5.2,88.6,35.0,995.0,7.0,CS,6,2019-04-28 06:00:00,45.0,10.0,0.0,5.0,2019-04-27 00:00:00,30.0,5.0,2019-04-26 18:00:00,25.0,10.0,2019-04-26 06:00:00,25.0,10.0
2019-002,2019,BOB,FANI,2019-04-27 09:00:00,5.4,88.5,40.0,994.0,8.0,CS,7,2019-04-28 09:00:00,45.0,5.0,0.0,5.0,2019-04-27 03:00:00,30.0,10.0,2019-04-26 21:00:00,,,2019-04-26 09:00:00,,
2019-002,2019,BOB,FANI,2019-04-27 12:00:00,5.9,88.5,45.0,992.0,10.0,CS,8,2019-04-28 12:00:00,45.0,0.0,0.0,5.0,2019-04-27 06:00:00,35.0,10.0,2019-04-27 00:00:00,30.0,15.0,2019-04-26 12:00:00,25.0,20.0
2019-002,2019,BOB,FANI,2019-04-27 15:00:00,6.3,88.5,45.0,992.0,10.0,CS,9,2019-04-28 15:00:00,45.0,0.0,0.0,0.0,2019-04-27 09:00:00,40.0,5.0,2019-04-27 03:00:00,30.0,15.0,2019-04-26 15:00:00,,
2019-002,2019,BOB,FANI,2019-04-27 18:00:00,6.6,88.2,45.0,992.0,10.0,CS,10,2019-04-28 18:00:00,45.0,0.0,0.0,0.0,2019-04-27 12:00:00,45.0,0.0,2019-04-27 06:00:00,35.0,10.0,2019-04-26 18:00:00,25.0,20.0
2019-002,2019,BOB,FANI,2019-04-27 21:00:00,6.9,87.9,45.0,992.0,10.0,CS,11,2019-04-28 21:00:00,45.0,0.0,0.0,0.0,2019-04-27 15:00:00,45.0,0.0,2019-04-27 09:00:00,40.0,5.0,2019-04-26 21:00:00,,
2019-002,2019,BOB,FANI,2019-04-28 00:00:00,7.3,87.9,45.0,992.0,10.0,CS,12,2019-04-29 00:00:00,45.0,0.0,0.0,0.0,2019-04-27 18:00:00,45.0,0.0,2019-04-27 12:00:00,45.0,0.0,2019-04-27 00:00:00,30.0,15.0
2019-002,2019,BOB,FANI,2019-04-28 03:00:00,7.3,87.9,45.0,992.0,10.0,CS,13,2019-04-29 03:00:00,45.0,0.0,0.0,0.0,2019-04-27 21:00:00,45.0,0.0,2019-04-27 15:00:00,45.0,0.0,2019-04-27 03:00:00,30.0,15.0
2019-002,2019,BOB,FANI,2019-04-28 06:00:00,7.4,87.8,45.0,992.0,10.0,CS,14,2019-04-29 06:00:00,45.0,0.0,0.0,0.0,2019-04-28 00:00:00,45.0,0.0,2019-04-27 18:00:00,45.0,0.0,2019-04-27 06:00:00,35.0,10.0
2019-002,2019,BOB,FANI,2019-04-28 09:00:00,7.7,87.5,45.0,992.0,10.0,CS,15,2019-04-29 09:00:00,45.0,0.0,0.0,0.0,2019-04-28 03:00:00,45.0,0.0,2019-04-27 21:00:00,45.0,0.0,2019-04-27 09:00:00,40.0,5.0
2019-002,2019,BOB,FANI,2019-04-28 12:00:00,8.2,87.0,45.0,992.0,10.0,CS,16,2019-04-29 12:00:00,55.0,10.0,0.0,0.0,2019-04-28 06:00:00,45.0,0.0,2019-04-28 00:00:00,45.0,0.0,2019-04-27 12:00:00,45.0,0.0
2019-002,2019,BOB,FANI,2019-04-28 15:00:00,8.3,86.9,45.0,992.0,10.0,CS,17,2019-04-29 15:00:00,55.0,10.0,0.0,0.0,2019-04-28 09:00:00,45.0,0.0,2019-04-28 03:00:00,45.0,0.0,2019-04-27 15:00:00,45.0,0.0
2019-002,2019,BOB,FANI,2019-04-28 18:00:00,8.4,86.9,45.0,992.0,10.0,CS,18,2019-04-29 18:00:00,55.0,10.0,0.0,0.0,2019-04-28 12:00:00,45.0,0.0,2019-04-28 06:00:00,45.0,0.0,2019-04-27 18:00:00,45.0,0.0
2019-002,2019,BOB,FANI,2019-04-28 21:00:00,8.5,86.9,45.0,992.0,10.0,CS,19,2019-04-29 21:00:00,65.0,20.0,0.0,0.0,2019-04-28 15:00:00,45.0,0.0,2019-04-28 09:00:00,45.0,0.0,2019-04-27 21:00:00,45.0,0.0
2019-002,2019,BOB,FANI,2019-04-29 00:00:00,8.6,86.9,45.0,992.0,10.0,CS,20,2019-04-30 00:00:00,70.0,25.0,0.0,0.0,2019-04-28 18:00:00,45.0,0.0,2019-04-28 12:00:00,45.0,0.0,2019-04-28 00:00:00,45.0,0.0
2019-002,2019,BOB,FANI,2019-04-29 03:00:00,8.7,86.9,45.0,992.0,10.0,CS,21,2019-04-30 03:00:00,75.0,30.0,1.0,0.0,2019-04-28 21:00:00,45.0,0.0,2019-04-28 15:00:00,45.0,0.0,2019-04-28 03:00:00,45.0,0.0
2019-002,2019,BOB,FANI,2019-04-29 06:00:00,9.2,86.9,45.0,992.0,10.0,CS,22,2019-04-30 06:00:00,80.0,35.0,1.0,0.0,2019-04-29 00:00:00,45.0,0.0,2019-04-28 18:00:00,45.0,0.0,2019-04-28 06:00:00,45.0,0.0
2019-002,2019,BOB,FANI,2019-04-29 09:00:00,9.7,86.8,45.0,992.0,10.0,CS,23,2019-04-30 09:00:00,85.0,40.0,1.0,0.0,2019-04-29 03:00:00,45.0,0.0,2019-04-28 21:00:00,45.0,0.0,2019-04-28 09:00:00,45.0,0.0
2019-002,2019,BOB,FANI,2019-04-29 12:00:00,10.1,86.7,55.0,986.0,16.0,SCS,24,2019-04-30 12:00:00,90.0,35.0,1.0,10.0,2019-04-29 06:00:00,45.0,10.0,2019-04-29 00:00:00,45.0,10.0,2019-04-28 12:00:00,45.0,10.0
2019-002,2019,BOB,FANI,2019-04-29 15:00:00,10.4,86.7,55.0,986.0,16.0,SCS,25,2019-04-30 15:00:00,95.0,40.0,1.0,0.0,2019-04-29 09:00:00,45.0,10.0,2019-04-29 03:00:00,45.0,10.0,2019-04-28 15:00:00,45.0,10.0
2019-002,2019,BOB,FANI,2019-04-29 18:00:00,10.8,86.6,55.0,986.0,16.0,SCS,26,2019-04-30 18:00:00,95.0,40.0,1.0,0.0,2019-04-29 12:00:00,55.0,0.0,2019-04-29 06:00:00,45.0,10.0,2019-04-28 18:00:00,45.0,10.0
2019-002,2019,BOB,FANI,2019-04-29 21:00:00,11.1,86.5,65.0,982.0,20.0,VSCS,27,2019-04-30 21:00:00,95.0,30.0,1.0,10.0,2019-04-29 15:00:00,55.0,10.0,2019-04-29 09:00:00,45.0,20.0,2019-04-28 21:00:00,45.0,20.0
2019-002,2019,BOB,FANI,2019-04-30 00:00:00,11.7,86.5,70.0,980.0,22.0,VSCS,28,2019-05-01 00:00:00,95.0,25.0,0.0,5.0,2019-04-29 18:00:00,55.0,15.0,2019-04-29 12:00:00,55.0,15.0,2019-04-29 00:00:00,45.0,25.0
2019-002,2019,BOB,FANI,2019-04-30 03:00:00,12.3,86.2,75.0,974.0,28.0,VSCS,29,2019-05-01 03:00:00,95.0,20.0,0.0,5.0,2019-04-29 21:00:00,65.0,10.0,2019-04-29 15:00:00,55.0,20.0,2019-04-29 03:00:00,45.0,30.0
2019-002,2019,BOB,FANI,2019-04-30 06:00:00,12.6,85.7,80.0,970.0,32.0,VSCS,30,2019-05-01 06:00:00,95.0,15.0,0.0,5.0,2019-04-30 00:00:00,70.0,10.0,2019-04-29 18:00:00,55.0,25.0,2019-04-29 06:00:00,45.0,35.0
2019-002,2019,BOB,FANI,2019-04-30 09:00:00,13.0,85.3,85.0,966.0,36.0,VSCS,31,2019-05-01 09:00:00,95.0,10.0,0.0,5.0,2019-04-30 03:00:00,75.0,10.0,2019-04-29 21:00:00,65.0,20.0,2019-04-29 09:00:00,45.0,40.0
2019-002,2019,BOB,FANI,2019-04-30 12:00:00,13.3,84.7,90.0,962.0,40.0,ESCS,32,2019-05-01 12:00:00,100.0,10.0,0.0,5.0,2019-04-30 06:00:00,80.0,10.0,2019-04-30 00:00:00,70.0,20.0,2019-04-29 12:00:00,55.0,35.0
2019-002,2019,BOB,FANI,2019-04-30 15:00:00,13.4,84.5,95.0,957.0,45.0,ESCS,33,2019-05-01 15:00:00,100.0,5.0,0.0,5.0,2019-04-30 09:00:00,85.0,10.0,2019-04-30 03:00:00,75.0,20.0,2019-04-29 15:00:00,55.0,40.0
2019-002,2019,BOB,FANI,2019-04-30 18:00:00,13.5,84.4,95.0,957.0,45.0,ESCS,34,2019-05-01 18:00:00,100.0,5.0,0.0,0.0,2019-04-30 12:00:00,90.0,5.0,2019-04-30 06:00:00,80.0,15.0,2019-04-29 18:00:00,55.0,40.0
2019-002,2019,BOB,FANI,2019-04-30 21:00:00,13.6,84.2,95.0,957.0,45.0,ESCS,35,2019-05-01 21:00:00,100.0,5.0,0.0,0.0,2019-04-30 15:00:00,95.0,0.0,2019-04-30 09:00:00,85.0,10.0,2019-04-29 21:00:00,65.0,30.0
2019-002,2019,BOB,FANI,2019-05-01 00:00:00,13.9,84.0,95.0,957.0,45.0,ESCS,36,2019-05-02 00:00:00,105.0,10.0,0.0,0.0,2019-04-30 18:00:00,95.0,0.0,2019-04-30 12:00:00,90.0,5.0,2019-04-30 00:00:00,70.0,25.0
2019-002,2019,BOB,FANI,2019-05-01 03:00:00,14.1,83.9,95.0,957.0,45.0,ESCS,37,2019-05-02 03:00:00,105.0,10.0,0.0,0.0,2019-04-30 21:00:00,95.0,0.0,2019-04-30 15:00:00,95.0,0.0,2019-04-30 03:00:00,75.0,20.0
2019-002,2019,BOB,FANI,2019-05-01 06:00:00,14.2,83.9,95.0,957.0,45.0,ESCS,38,2019-05-02 06:00:00,110.0,15.0,0.0,0.0,2019-05-01 00:00:00,95.0,0.0,2019-04-30 18:00:00,95.0,0.0,2019-04-30 06:00:00,80.0,15.0
2019-002,2019,BOB,FANI,2019-05-01 09:00:00,14.5,84.1,95.0,955.0,45.0,ESCS,39,2019-05-02 09:00:00,115.0,20.0,0.0,0.0,2019-05-01 03:00:00,95.0,0.0,2019-04-30 21:00:00,95.0,0.0,2019-04-30 09:00:00,85.0,10.0
2019-002,2019,BOB,FANI,2019-05-01 12:00:00,14.9,84.1,100.0,950.0,50.0,ESCS,40,2019-05-02 12:00:00,115.0,15.0,0.0,5.0,2019-05-01 06:00:00,95.0,5.0,2019-05-01 00:00:00,95.0,5.0,2019-04-30 12:00:00,90.0,10.0
2019-002,2019,BOB,FANI,2019-05-01 15:00:00,15.1,84.1,100.0,950.0,50.0,ESCS,41,2019-05-02 15:00:00,115.0,15.0,0.0,0.0,2019-05-01 09:00:00,95.0,5.0,2019-05-01 03:00:00,95.0,5.0,2019-04-30 15:00:00,95.0,5.0
2019-002,2019,BOB,FANI,2019-05-01 18:00:00,15.2,84.1,100.0,950.0,50.0,ESCS,42,2019-05-02 18:00:00,115.0,15.0,0.0,0.0,2019-05-01 12:00:00,100.0,0.0,2019-05-01 06:00:00,95.0,5.0,2019-04-30 18:00:00,95.0,5.0
2019-002,2019,BOB,FANI,2019-05-01 21:00:00,15.5,84.2,100.0,950.0,50.0,ESCS,43,2019-05-02 21:00:00,115.0,15.0,0.0,0.0,2019-05-01 15:00:00,100.0,0.0,2019-05-01 09:00:00,95.0,5.0,2019-04-30 21:00:00,95.0,5.0
2019-002,2019,BOB,FANI,2019-05-02 00:00:00,15.9,84.5,105.0,945.0,55.0,ESCS,44,2019-05-03 00:00:00,105.0,0.0,0.0,5.0,2019-05-01 18:00:00,100.0,5.0,2019-05-01 12:00:00,100.0,5.0,2019-05-01 00:00:00,95.0,10.0
2019-002,2019,BOB,FANI,2019-05-02 03:00:00,16.2,84.6,105.0,945.0,55.0,ESCS,45,2019-05-03 03:00:00,100.0,-5.0,0.0,0.0,2019-05-01 21:00:00,100.0,5.0,2019-05-01 15:00:00,100.0,5.0,2019-05-01 03:00:00,95.0,10.0
2019-002,2019,BOB,FANI,2019-05-02 06:00:00,16.7,84.8,110.0,940.0,60.0,ESCS,46,2019-05-03 06:00:00,85.0,-25.0,0.0,5.0,2019-05-02 00:00:00,105.0,5.0,2019-05-01 18:00:00,100.0,10.0,2019-05-01 06:00:00,95.0,15.0
2019-002,2019,BOB,FANI,2019-05-02 09:00:00,17.1,84.8,115.0,932.0,66.0,ESCS,47,2019-05-03 09:00:00,75.0,-40.0,0.0,5.0,2019-05-02 03:00:00,105.0,10.0,2019-05-01 21:00:00,100.0,15.0,2019-05-01 09:00:00,95.0,20.0
2019-002,2019,BOB,FANI,2019-05-02 12:00:00,17.5,84.8,115.0,932.0,66.0,ESCS,48,2019-05-03 12:00:00,70.0,-45.0,0.0,0.0,2019-05-02 06:00:00,110.0,5.0,2019-05-02 00:00:00,105.0,10.0,2019-05-01 12:00:00,100.0,15.0
2019-002,2019,BOB,FANI,2019-05-02 15:00:00,17.8,84.9,115.0,934.0,66.0,ESCS,49,2019-05-03 15:00:00,60.0,-55.0,0.0,0.0,2019-05-02 09:00:00,115.0,0.0,2019-05-02 03:00:00,105.0,10.0,2019-05-01 15:00:00,100.0,15.0
2019-002,2019,BOB,FANI,2019-05-02 18:00:00,18.2,85.0,115.0,934.0,66.0,ESCS,50,2019-05-03 18:00:00,55.0,-60.0,0.0,0.0,2019-05-02 12:00:00,115.0,0.0,2019-05-02 06:00:00,110.0,5.0,2019-05-01 18:00:00,100.0,15.0
2019-002,2019,BOB,FANI,2019-05-02 21:00:00,18.6,85.2,115.0,934.0,66.0,ESCS,51,2019-05-03 21:00:00,50.0,-65.0,0.0,0.0,2019-05-02 15:00:00,115.0,0.0,2019-05-02 09:00:00,115.0,0.0,2019-05-01 21:00:00,100.0,15.0
2019-002,2019,BOB,FANI,2019-05-03 00:00:00,19.1,85.5,105.0,945.0,55.0,ESCS,52,2019-05-04 00:00:00,40.0,-65.0,0.0,-10.0,2019-05-02 18:00:00,115.0,-10.0,2019-05-02 12:00:00,115.0,-10.0,2019-05-02 00:00:00,105.0,0.0
2019-002,2019,BOB,FANI,2019-05-03 03:00:00,19.6,85.7,100.0,952.0,50.0,ESCS,53,2019-05-04 03:00:00,30.0,-70.0,0.0,-5.0,2019-05-02 21:00:00,115.0,-15.0,2019-05-02 15:00:00,115.0,-15.0,2019-05-02 03:00:00,105.0,-5.0
2019-002,2019,BOB,FANI,2019-05-03 06:00:00,20.2,85.9,85.0,966.0,36.0,VSCS,54,2019-05-04 06:00:00,25.0,-60.0,0.0,-15.0,2019-05-03 00:00:00,105.0,-20.0,2019-05-02 18:00:00,115.0,-30.0,2019-05-02 06:00:00,110.0,-25.0
2019-002,2019,BOB,FANI,2019-05-03 09:00:00,20.6,86.0,75.0,970.0,28.0,VSCS,55,2019-05-04 09:00:00,,,,-10.0,2019-05-03 03:00:00,100.0,-25.0,2019-05-02 21:00:00,115.0,-40.0,2019-05-02 09:00:00,115.0,-40.0
2019-002,2019,BOB,FANI,2019-05-03 12:00:00,21.1,86.5,70.0,976.0,22.0,VSCS,56,2019-05-04 12:00:00,20.0,-50.0,0.0,-5.0,2019-05-03 06:00:00,85.0,-15.0,2019-05-03 00:00:00,105.0,-35.0,2019-05-02 12:00:00,115.0,-45.0
2019-002,2019,BOB,FANI,2019-05-03 15:00:00,21.5,86.7,60.0,980.0,18.0,SCS,57,2019-05-04 15:00:00,,,,-10.0,2019-05-03 09:00:00,75.0,-15.0,2019-05-03 03:00:00,100.0,-40.0,2019-05-02 15:00:00,115.0,-55.0
2019-002,2019,BOB,FANI,2019-05-03 18:00:00,21.9,87.1,55.0,984.0,16.0,SCS,58,2019-05-04 18:00:00,,,,-5.0,2019-05-03 12:00:00,70.0,-15.0,2019-05-03 06:00:00,85.0,-30.0,2019-05-02 18:00:00,115.0,-60.0
2019-002,2019,BOB,FANI,2019-05-03 21:00:00,22.5,87.9,50.0,986.0,12.0,SCS,59,2019-05-04 21:00:00,,,,-5.0,2019-05-03 15:00:00,60.0,-10.0,2019-05-03 09:00:00,75.0,-25.0,2019-05-02 21:00:00,115.0,-65.0
2019-002,2019,BOB,FANI,2019-05-04 00:00:00,23.1,88.2,40.0,994.0,8.0,CS,60,2019-05-05 00:00:00,,,,-10.0,2019-05-03 18:00:00,55.0,-15.0,2019-05-03 12:00:00,70.0,-30.0,2019-05-03 00:00:00,105.0,-65.0
2019-002,2019,BOB,FANI,2019-05-04 03:00:00,23.6,88.8,30.0,996.0,6.0,DD,61,2019-05-05 03:00:00,,,,-10.0,2019-05-03 21:00:00,50.0,-20.0,2019-05-03 15:00:00,60.0,-30.0,2019-05-03 03:00:00,100.0,-70.0
2019-002,2019,BOB,FANI,2019-05-04 06:00:00,24.3,89.3,25.0,998.0,5.0,D,62,2019-05-05 06:00:00,,,,-5.0,2019-05-04 00:00:00,40.0,-15.0,2019-05-03 18:00:00,55.0,-30.0,2019-05-03 06:00:00,85.0,-60.0
2019-002,2019,BOB,FANI,2019-05-04 12:00:00,25.2,90.7,20.0,1000.0,4.0,D,63,2019-05-05 12:00:00,,,,-5.0,2019-05-04 06:00:00,25.0,-5.0,2019-05-04 00:00:00,40.0,-20.0,2019-05-03 12:00:00,70.0,-50.0
2019-004,2019,BOB,,2019-08-06 03:00:00,20.5,88.0,25.0,990.0,3.0,D,0,2019-08-07 03:00:00,30.0,5.0,0.0,,2019-08-05 21:00:00,,,2019-08-05 15:00:00,,,2019-08-05 03:00:00,,
2019-004,2019,BOB,,2019-08-06 06:00:00,20.5,88.0,25.0,990.0,3.0,D,1,2019-08-07 06:00:00,30.0,5.0,0.0,0.0,2019-08-06 00:00:00,,,2019-08-05 18:00:00,,,2019-08-05 06:00:00,,
2019-004,2019,BOB,,2019-08-06 12:00:00,20.7,87.8,25.0,990.0,3.0,D,2,2019-08-07 12:00:00,30.0,5.0,0.0,0.0,2019-08-06 06:00:00,25.0,0.0,2019-08-06 00:00:00,,,2019-08-05 12:00:00,,
2019-004,2019,BOB,,2019-08-06 18:00:00,20.8,87.6,25.0,990.0,3.0,D,3,2019-08-07 18:00:00,30.0,5.0,0.0,0.0,2019-08-06 12:00:00,25.0,0.0,2019-08-06 06:00:00,25.0,0.0,2019-08-05 18:00:00,,
2019-004,2019,BOB,,2019-08-07 00:00:00,21.0,87.4,30.0,988.0,5.0,DD,4,2019-08-08 00:00:00,25.0,-5.0,0.0,5.0,2019-08-06 18:00:00,25.0,5.0,2019-08-06 12:00:00,25.0,5.0,2019-08-06 00:00:00,,
2019-004,2019,BOB,,2019-08-07 03:00:00,21.1,87.4,30.0,988.0,5.0,DD,5,2019-08-08 03:00:00,25.0,-5.0,0.0,0.0,2019-08-06 21:00:00,,,2019-08-06 15:00:00,,,2019-08-06 03:00:00,25.0,5.0
2019-004,2019,BOB,,2019-08-07 06:00:00,21.2,87.2,30.0,988.0,5.0,DD,6,2019-08-08 06:00:00,25.0,-5.0,0.0,0.0,2019-08-07 00:00:00,30.0,0.0,2019-08-06 18:00:00,25.0,5.0,2019-08-06 06:00:00,25.0,5.0
2019-004,2019,BOB,,2019-08-07 12:00:00,21.9,86.5,30.0,988.0,5.0,DD,7,2019-08-08 12:00:00,25.0,-5.0,0.0,0.0,2019-08-07 06:00:00,30.0,0.0,2019-08-07 00:00:00,30.0,0.0,2019-08-06 12:00:00,25.0,5.0
2019-004,2019,BOB,,2019-08-07 18:00:00,22.4,85.6,30.0,988.0,5.0,DD,8,2019-08-08 18:00:00,25.0,-5.0,0.0,0.0,2019-08-07 12:00:00,30.0,0.0,2019-08-07 06:00:00,30.0,0.0,2019-08-06 18:00:00,25.0,5.0
2019-004,2019,BOB,,2019-08-08 00:00:00,22.8,84.0,25.0,999.0,4.0,D,9,2019-08-09 00:00:00,25.0,0.0,0.0,-5.0,2019-08-07 18:00:00,30.0,-5.0,2019-08-07 12:00:00,30.0,-5.0,2019-08-07 00:00:00,30.0,-5.0
2019-004,2019,BOB,,2019-08-08 03:00:00,23.0,82.9,25.0,999.0,4.0,D,10,2019-08-09 03:00:00,25.0,0.0,0.0,0.0,2019-08-07 21:00:00,,,2019-08-07 15:00:00,,,2019-08-07 03:00:00,30.0,-5.0
2019-004,2019,BOB,,2019-08-08 06:00:00,23.4,81.9,25.0,999.0,4.0,D,11,2019-08-09 06:00:00,25.0,0.0,0.0,0.0,2019-08-08 00:00:00,25.0,0.0,2019-08-07 18:00:00,30.0,-5.0,2019-08-07 06:00:00,30.0,-5.0
2019-004,2019,BOB,,2019-08-08 12:00:00,23.6,80.2,25.0,999.0,4.0,D,12,2019-08-09 12:00:00,,,,0.0,2019-08-08 06:00:00,25.0,0.0,2019-08-08 00:00:00,25.0,0.0,2019-08-07 12:00:00,30.0,-5.0
2019-004,2019,BOB,,2019-08-08 18:00:00,23.6,79.8,25.0,1000.0,3.0,D,13,2019-08-09 18:00:00,,,,0.0,2019-08-08 12:00:00,25.0,0.0,2019-08-08 06:00:00,25.0,0.0,2019-08-07 18:00:00,30.0,-5.0
2019-004,2019,BOB,,2019-08-09 00:00:00,23.6,78.6,25.0,1000.0,3.0,D,14,2019-08-10 00:00:00,,,,0.0,2019-08-08 18:00:00,25.0,0.0,2019-08-08 12:00:00,25.0,0.0,2019-08-08 00:00:00,25.0,0.0
2019-004,2019,BOB,,2019-08-09 03:00:00,23.8,77.3,25.0,1000.0,3.0,D,15,2019-08-10 03:00:00,,,,0.0,2019-08-08 21:00:00,,,2019-08-08 15:00:00,,,2019-08-08 03:00:00,25.0,0.0
2019-004,2019,BOB,,2019-08-09 06:00:00,24.0,76.1,25.0,1000.0,3.0,D,16,2019-08-10 06:00:00,,,,0.0,2019-08-09 00:00:00,25.0,0.0,2019-08-08 18:00:00,25.0,0.0,2019-08-08 06:00:00,25.0,0.0
2019-009,2019,BOB,BULBUL,2019-11-05 00:00:00,13.1,91.5,20.0,1004.0,3.0,D,0,2019-11-06 00:00:00,30.0,10.0,0.0,,2019-11-04 18:00:00,,,2019-11-04 12:00:00,,,2019-11-04 00:00:00,,
2019-009,2019,BOB,BULBUL,2019-11-05 03:00:00,13.1,91.0,25.0,1003.0,3.0,D,1,2019-11-06 03:00:00,30.0,5.0,0.0,5.0,2019-11-04 21:00:00,,,2019-11-04 15:00:00,,,2019-11-04 03:00:00,,
2019-009,2019,BOB,BULBUL,2019-11-05 06:00:00,13.1,90.7,25.0,1003.0,3.0,D,2,2019-11-06 06:00:00,30.0,5.0,0.0,0.0,2019-11-05 00:00:00,20.0,5.0,2019-11-04 18:00:00,,,2019-11-04 06:00:00,,
2019-009,2019,BOB,BULBUL,2019-11-05 12:00:00,13.2,90.1,25.0,1003.0,3.0,D,3,2019-11-06 12:00:00,30.0,5.0,0.0,0.0,2019-11-05 06:00:00,25.0,0.0,2019-11-05 00:00:00,20.0,5.0,2019-11-04 12:00:00,,
2019-009,2019,BOB,BULBUL,2019-11-05 18:00:00,13.3,89.8,25.0,1002.0,4.0,D,4,2019-11-06 18:00:00,35.0,10.0,0.0,0.0,2019-11-05 12:00:00,25.0,0.0,2019-11-05 06:00:00,25.0,0.0,2019-11-04 18:00:00,,
2019-009,2019,BOB,BULBUL,2019-11-06 00:00:00,13.4,89.7,30.0,1001.0,5.0,DD,5,2019-11-07 00:00:00,35.0,5.0,0.0,5.0,2019-11-05 18:00:00,25.0,5.0,2019-11-05 12:00:00,25.0,5.0,2019-11-05 00:00:00,20.0,10.0
2019-009,2019,BOB,BULBUL,2019-11-06 03:00:00,13.4,89.6,30.0,1001.0,5.0,DD,6,2019-11-07 03:00:00,35.0,5.0,0.0,0.0,2019-11-05 21:00:00,,,2019-11-05 15:00:00,,,2019-11-05 03:00:00,25.0,5.0
2019-009,2019,BOB,BULBUL,2019-11-06 06:00:00,13.4,89.4,30.0,1001.0,5.0,DD,7,2019-11-07 06:00:00,40.0,10.0,0.0,0.0,2019-11-06 00:00:00,30.0,0.0,2019-11-05 18:00:00,25.0,5.0,2019-11-05 06:00:00,25.0,5.0
2019-009,2019,BOB,BULBUL,2019-11-06 12:00:00,13.5,89.3,30.0,1000.0,6.0,DD,8,2019-11-07 12:00:00,45.0,15.0,0.0,0.0,2019-11-06 06:00:00,30.0,0.0,2019-11-06 00:00:00,30.0,0.0,2019-11-05 12:00:00,25.0,5.0
2019-009,2019,BOB,BULBUL,2019-11-06 18:00:00,13.8,89.3,35.0,998.0,7.0,CS,9,2019-11-07 18:00:00,55.0,20.0,0.0,5.0,2019-11-06 12:00:00,30.0,5.0,2019-11-06 06:00:00,30.0,5.0,2019-11-05 18:00:00,25.0,10.0
2019-009,2019,BOB,BULBUL,2019-11-07 00:00:00,14.2,89.3,35.0,998.0,7.0,CS,10,2019-11-08 00:00:00,65.0,30.0,1.0,0.0,2019-11-06 18:00:00,35.0,0.0,2019-11-06 12:00:00,30.0,5.0,2019-11-06 00:00:00,30.0,5.0
2019-009,2019,BOB,BULBUL,2019-11-07 03:00:00,14.7,89.3,35.0,998.0,7.0,CS,11,2019-11-08 03:00:00,65.0,30.0,1.0,0.0,2019-11-06 21:00:00,,,2019-11-06 15:00:00,,,2019-11-06 03:00:00,30.0,5.0
2019-009,2019,BOB,BULBUL,2019-11-07 06:00:00,15.3,88.7,40.0,996.0,8.0,CS,12,2019-11-08 06:00:00,70.0,30.0,1.0,5.0,2019-11-07 00:00:00,35.0,5.0,2019-11-06 18:00:00,35.0,5.0,2019-11-06 06:00:00,30.0,10.0
2019-009,2019,BOB,BULBUL,2019-11-07 09:00:00,15.5,88.4,45.0,995.0,9.0,CS,13,2019-11-08 09:00:00,70.0,25.0,0.0,5.0,2019-11-07 03:00:00,35.0,10.0,2019-11-06 21:00:00,,,2019-11-06 09:00:00,,
2019-009,2019,BOB,BULBUL,2019-11-07 12:00:00,15.9,88.0,45.0,994.0,10.0,CS,14,2019-11-08 12:00:00,75.0,30.0,1.0,0.0,2019-11-07 06:00:00,40.0,5.0,2019-11-07 00:00:00,35.0,10.0,2019-11-06 12:00:00,30.0,15.0
2019-009,2019,BOB,BULBUL,2019-11-07 15:00:00,16.2,87.9,50.0,992.0,12.0,SCS,15,2019-11-08 15:00:00,75.0,25.0,0.0,5.0,2019-11-07 09:00:00,45.0,5.0,2019-11-07 03:00:00,35.0,15.0,2019-11-06 15:00:00,,
2019-009,2019,BOB,BULBUL,2019-11-07 18:00:00,16.4,87.8,55.0,989.0,15.0,SCS,16,2019-11-08 18:00:00,75.0,20.0,0.0,5.0,2019-11-07 12:00:00,45.0,10.0,2019-11-07 06:00:00,40.0,15.0,2019-11-06 18:00:00,35.0,20.0
2019-009,2019,BOB,BULBUL,2019-11-07 21:00:00,16.6,87.7,60.0,986.0,18.0,SCS,17,2019-11-08 21:00:00,75.0,15.0,0.0,5.0,2019-11-07 15:00:00,50.0,10.0,2019-11-07 09:00:00,45.0,15.0,2019-11-06 21:00:00,,
2019-009,2019,BOB,BULBUL,2019-11-08 00:00:00,16.9,87.6,65.0,983.0,21.0,VSCS,18,2019-11-09 00:00:00,75.0,10.0,0.0,5.0,2019-11-07 18:00:00,55.0,10.0,2019-11-07 12:00:00,45.0,20.0,2019-11-07 00:00:00,35.0,30.0
2019-009,2019,BOB,BULBUL,2019-11-08 03:00:00,17.2,87.6,65.0,982.0,22.0,VSCS,19,2019-11-09 03:00:00,70.0,5.0,0.0,0.0,2019-11-07 21:00:00,60.0,5.0,2019-11-07 15:00:00,50.0,15.0,2019-11-07 03:00:00,35.0,30.0
2019-009,2019,BOB,BULBUL,2019-11-08 06:00:00,17.6,87.6,70.0,980.0,24.0,VSCS,20,2019-11-09 06:00:00,70.0,0.0,0.0,5.0,2019-11-08 00:00:00,65.0,5.0,2019-11-07 18:00:00,55.0,15.0,2019-11-07 06:00:00,40.0,30.0
2019-009,2019,BOB,BULBUL,2019-11-08 09:00:00,18.1,87.6,70.0,980.0,24.0,VSCS,21,2019-11-09 09:00:00,70.0,0.0,0.0,0.0,2019-11-08 03:00:00,65.0,5.0,2019-11-07 21:00:00,60.0,10.0,2019-11-07 09:00:00,45.0,25.0
2019-009,2019,BOB,BULBUL,2019-11-08 12:00:00,18.5,87.6,75.0,976.0,28.0,VSCS,22,2019-11-09 12:00:00,70.0,-5.0,0.0,5.0,2019-11-08 06:00:00,70.0,5.0,2019-11-08 00:00:00,65.0,10.0,2019-11-07 12:00:00,45.0,30.0
2019-009,2019,BOB,BULBUL,2019-11-08 15:00:00,19.2,87.7,75.0,976.0,28.0,VSCS,23,2019-11-09 15:00:00,60.0,-15.0,0.0,0.0,2019-11-08 09:00:00,70.0,5.0,2019-11-08 03:00:00,65.0,10.0,2019-11-07 15:00:00,50.0,25.0
2019-009,2019,BOB,BULBUL,2019-11-08 18:00:00,19.3,87.6,75.0,976.0,28.0,VSCS,24,2019-11-09 18:00:00,60.0,-15.0,0.0,0.0,2019-11-08 12:00:00,75.0,0.0,2019-11-08 06:00:00,70.0,5.0,2019-11-07 18:00:00,55.0,20.0
2019-009,2019,BOB,BULBUL,2019-11-08 21:00:00,19.6,87.7,75.0,976.0,28.0,VSCS,25,2019-11-09 21:00:00,50.0,-25.0,0.0,0.0,2019-11-08 15:00:00,75.0,0.0,2019-11-08 09:00:00,70.0,5.0,2019-11-07 21:00:00,60.0,15.0
2019-009,2019,BOB,BULBUL,2019-11-09 00:00:00,20.0,87.6,75.0,976.0,28.0,VSCS,26,2019-11-10 00:00:00,45.0,-30.0,0.0,0.0,2019-11-08 18:00:00,75.0,0.0,2019-11-08 12:00:00,75.0,0.0,2019-11-08 00:00:00,65.0,10.0
2019-009,2019,BOB,BULBUL,2019-11-09 03:00:00,20.4,87.6,70.0,980.0,24.0,VSCS,27,2019-11-10 03:00:00,40.0,-30.0,0.0,-5.0,2019-11-08 21:00:00,75.0,-5.0,2019-11-08 15:00:00,75.0,-5.0,2019-11-08 03:00:00,65.0,5.0
2019-009,2019,BOB,BULBUL,2019-11-09 06:00:00,20.6,87.8,70.0,982.0,22.0,VSCS,28,2019-11-10 06:00:00,40.0,-30.0,0.0,0.0,2019-11-09 00:00:00,75.0,-5.0,2019-11-08 18:00:00,75.0,-5.0,2019-11-08 06:00:00,70.0,0.0
2019-009,2019,BOB,BULBUL,2019-11-09 09:00:00,20.9,87.9,70.0,982.0,22.0,VSCS,29,2019-11-10 09:00:00,30.0,-40.0,0.0,0.0,2019-11-09 03:00:00,70.0,0.0,2019-11-08 21:00:00,75.0,-5.0,2019-11-08 09:00:00,70.0,0.0
2019-009,2019,BOB,BULBUL,2019-11-09 12:00:00,21.2,88.1,70.0,982.0,22.0,VSCS,30,2019-11-10 12:00:00,30.0,-40.0,0.0,0.0,2019-11-09 06:00:00,70.0,0.0,2019-11-09 00:00:00,75.0,-5.0,2019-11-08 12:00:00,75.0,-5.0
2019-009,2019,BOB,BULBUL,2019-11-09 15:00:00,21.4,88.3,60.0,986.0,18.0,SCS,31,2019-11-10 15:00:00,,,,-10.0,2019-11-09 09:00:00,70.0,-10.0,2019-11-09 03:00:00,70.0,-10.0,2019-11-08 15:00:00,75.0,-15.0
2019-009,2019,BOB,BULBUL,2019-11-09 18:00:00,21.6,88.6,60.0,990.0,18.0,SCS,32,2019-11-10 18:00:00,30.0,-30.0,0.0,0.0,2019-11-09 12:00:00,70.0,-10.0,2019-11-09 06:00:00,70.0,-10.0,2019-11-08 18:00:00,75.0,-15.0
2019-009,2019,BOB,BULBUL,2019-11-09 21:00:00,21.9,89.1,50.0,996.0,12.0,SCS,33,2019-11-10 21:00:00,,,,-10.0,2019-11-09 15:00:00,60.0,-10.0,2019-11-09 09:00:00,70.0,-20.0,2019-11-08 21:00:00,75.0,-25.0
2019-009,2019,BOB,BULBUL,2019-11-10 00:00:00,22.1,89.5,45.0,998.0,10.0,CS,34,2019-11-11 00:00:00,20.0,-25.0,0.0,-5.0,2019-11-09 18:00:00,60.0,-15.0,2019-11-09 12:00:00,70.0,-25.0,2019-11-09 00:00:00,75.0,-30.0
2019-009,2019,BOB,BULBUL,2019-11-10 03:00:00,22.2,89.7,40.0,1000.0,8.0,CS,35,2019-11-11 03:00:00,,,,-5.0,2019-11-09 21:00:00,50.0,-10.0,2019-11-09 15:00:00,60.0,-20.0,2019-11-09 03:00:00,70.0,-30.0
2019-009,2019,BOB,BULBUL,2019-11-10 06:00:00,22.3,90.0,40.0,1000.0,8.0,CS,36,2019-11-11 06:00:00,,,,0.0,2019-11-10 00:00:00,45.0,-5.0,2019-11-09 18:00:00,60.0,-20.0,2019-11-09 06:00:00,70.0,-30.0
2019-009,2019,BOB,BULBUL,2019-11-10 09:00:00,22.4,90.1,30.0,1002.0,6.0,DD,37,2019-11-11 09:00:00,,,,-10.0,2019-11-10 03:00:00,40.0,-10.0,2019-11-09 21:00:00,50.0,-20.0,2019-11-09 09:00:00,70.0,-40.0
2019-009,2019,BOB,BULBUL,2019-11-10 12:00:00,22.5,90.4,30.0,1002.0,5.0,DD,38,2019-11-11 12:00:00,,,,0.0,2019-11-10 06:00:00,40.0,-10.0,2019-11-10 00:00:00,45.0,-15.0,2019-11-09 12:00:00,70.0,-40.0
2019-009,2019,BOB,BULBUL,2019-11-10 18:00:00,22.7,91.2,30.0,1002.0,5.0,DD,39,2019-11-11 18:00:00,,,,0.0,2019-11-10 12:00:00,30.0,0.0,2019-11-10 06:00:00,40.0,-10.0,2019-11-09 18:00:00,60.0,-30.0
2019-009,2019,BOB,BULBUL,2019-11-11 00:00:00,23.1,91.9,20.0,1004.0,3.0,D,40,2019-11-12 00:00:00,,,,-10.0,2019-11-10 18:00:00,30.0,-10.0,2019-11-10 12:00:00,30.0,-10.0,2019-11-10 00:00:00,45.0,-25.0
2020-001,2020,BOB,AMPHAN,2020-05-16 00:00:00,10.4,87.0,25.0,1000.0,3.0,D,0,2020-05-17 00:00:00,45.0,20.0,0.0,,2020-05-15 18:00:00,,,2020-05-15 12:00:00,,,2020-05-15 00:00:00,,
2020-001,2020,BOB,AMPHAN,2020-05-16 03:00:00,10.7,86.5,25.0,1000.0,3.0,D,1,2020-05-17 03:00:00,50.0,25.0,0.0,0.0,2020-05-15 21:00:00,,,2020-05-15 15:00:00,,,2020-05-15 03:00:00,,
2020-001,2020,BOB,AMPHAN,2020-05-16 06:00:00,10.9,86.3,25.0,1000.0,3.0,D,2,2020-05-17 06:00:00,55.0,30.0,1.0,0.0,2020-05-16 00:00:00,25.0,0.0,2020-05-15 18:00:00,,,2020-05-15 06:00:00,,
2020-001,2020,BOB,AMPHAN,2020-05-16 09:00:00,10.9,86.3,30.0,998.0,5.0,DD,3,2020-05-17 09:00:00,65.0,35.0,1.0,5.0,2020-05-16 03:00:00,25.0,5.0,2020-05-15 21:00:00,,,2020-05-15 09:00:00,,
2020-001,2020,BOB,AMPHAN,2020-05-16 12:00:00,10.9,86.3,35.0,996.0,7.0,CS,4,2020-05-17 12:00:00,70.0,35.0,1.0,5.0,2020-05-16 06:00:00,25.0,10.0,2020-05-16 00:00:00,25.0,10.0,2020-05-15 12:00:00,,
2020-001,2020,BOB,AMPHAN,2020-05-16 15:00:00,11.0,86.2,40.0,995.0,8.0,CS,5,2020-05-17 15:00:00,75.0,35.0,1.0,5.0,2020-05-16 09:00:00,30.0,10.0,2020-05-16 03:00:00,25.0,15.0,2020-05-15 15:00:00,,
2020-001,2020,BOB,AMPHAN,2020-05-16 18:00:00,11.1,86.1,40.0,995.0,8.0,CS,6,2020-05-17 18:00:00,80.0,40.0,1.0,0.0,2020-05-16 12:00:00,35.0,5.0,2020-05-16 06:00:00,25.0,15.0,2020-05-15 18:00:00,,
2020-001,2020,BOB,AMPHAN,2020-05-16 21:00:00,11.3,86.1,45.0,994.0,10.0,CS,7,2020-05-17 21:00:00,90.0,45.0,1.0,5.0,2020-05-16 15:00:00,40.0,5.0,2020-05-16 09:00:00,30.0,15.0,2020-05-15 21:00:00,,
2020-001,2020,BOB,AMPHAN,2020-05-17 00:00:00,11.4,86.0,45.0,993.0,11.0,CS,8,2020-05-18 00:00:00,100.0,55.0,1.0,0.0,2020-05-16 18:00:00,40.0,5.0,2020-05-16 12:00:00,35.0,10.0,2020-05-16 00:00:00,25.0,20.0
2020-001,2020,BOB,AMPHAN,2020-05-17 03:00:00,11.4,86.0,50.0,990.0,12.0,SCS,9,2020-05-18 03:00:00,115.0,65.0,1.0,5.0,2020-05-16 21:00:00,45.0,5.0,2020-05-16 15:00:00,40.0,10.0,2020-05-16 03:00:00,25.0,25.0
2020-001,2020,BOB,AMPHAN,2020-05-17 06:00:00,11.5,86.0,55.0,988.0,15.0,SCS,10,2020-05-18 06:00:00,120.0,65.0,1.0,5.0,2020-05-17 00:00:00,45.0,10.0,2020-05-16 18:00:00,40.0,15.0,2020-05-16 06:00:00,25.0,30.0
2020-001,2020,BOB,AMPHAN,2020-05-17 09:00:00,11.7,86.0,65.0,980.0,22.0,VSCS,11,2020-05-18 09:00:00,120.0,55.0,1.0,10.0,2020-05-17 03:00:00,50.0,15.0,2020-05-16 21:00:00,45.0,20.0,2020-05-16 09:00:00,30.0,35.0
2020-001,2020,BOB,AMPHAN,2020-05-17 12:00:00,12.0,86.0,70.0,978.0,25.0,VSCS,12,2020-05-18 12:00:00,125.0,55.0,1.0,5.0,2020-05-17 06:00:00,55.0,15.0,2020-05-17 00:00:00,45.0,25.0,2020-05-16 12:00:00,35.0,35.0
2020-001,2020,BOB,AMPHAN,2020-05-17 15:00:00,12.8,86.2,75.0,972.0,28.0,VSCS,13,2020-05-18 15:00:00,125.0,50.0,1.0,5.0,2020-05-17 09:00:00,65.0,10.0,2020-05-17 03:00:00,50.0,25.0,2020-05-16 15:00:00,40.0,35.0
2020-001,2020,BOB,AMPHAN,2020-05-17 18:00:00,12.5,86.1,80.0,970.0,32.0,VSCS,14,2020-05-18 18:00:00,130.0,50.0,1.0,5.0,2020-05-17 12:00:00,70.0,10.0,2020-05-17 06:00:00,55.0,25.0,2020-05-16 18:00:00,40.0,40.0
2020-001,2020,BOB,AMPHAN,2020-05-17 21:00:00,12.9,86.4,90.0,962.0,40.0,ESCS,15,2020-05-18 21:00:00,130.0,40.0,1.0,10.0,2020-05-17 15:00:00,75.0,15.0,2020-05-17 09:00:00,65.0,25.0,2020-05-16 21:00:00,45.0,45.0
2020-001,2020,BOB,AMPHAN,2020-05-18 00:00:00,13.2,86.3,100.0,952.0,50.0,ESCS,16,2020-05-19 00:00:00,125.0,25.0,0.0,10.0,2020-05-17 18:00:00,80.0,20.0,2020-05-17 12:00:00,70.0,30.0,2020-05-17 00:00:00,45.0,55.0
2020-001,2020,BOB,AMPHAN,2020-05-18 03:00:00,13.3,86.2,115.0,936.0,66.0,ESCS,17,2020-05-19 03:00:00,120.0,5.0,0.0,15.0,2020-05-17 21:00:00,90.0,25.0,2020-05-17 15:00:00,75.0,40.0,2020-05-17 03:00:00,50.0,65.0
2020-001,2020,BOB,AMPHAN,2020-05-18 06:00:00,13.4,86.2,120.0,930.0,72.0,SuCS,18,2020-05-19 06:00:00,115.0,-5.0,0.0,5.0,2020-05-18 00:00:00,100.0,20.0,2020-05-17 18:00:00,80.0,40.0,2020-05-17 06:00:00,55.0,65.0
2020-001,2020,BOB,AMPHAN,2020-05-18 09:00:00,13.7,86.2,120.0,930.0,72.0,SuCS,19,2020-05-19 09:00:00,110.0,-10.0,0.0,0.0,2020-05-18 03:00:00,115.0,5.0,2020-05-17 21:00:00,90.0,30.0,2020-05-17 09:00:00,65.0,55.0
2020-001,2020,BOB,AMPHAN,2020-05-18 12:00:00,14.0,86.3,125.0,926.0,76.0,SuCS,20,2020-05-19 12:00:00,105.0,-20.0,0.0,5.0,2020-05-18 06:00:00,120.0,5.0,2020-05-18 00:00:00,100.0,25.0,2020-05-17 12:00:00,70.0,55.0
2020-001,2020,BOB,AMPHAN,2020-05-18 15:00:00,14.5,86.4,125.0,926.0,76.0,SuCS,21,2020-05-19 15:00:00,100.0,-25.0,0.0,0.0,2020-05-18 09:00:00,120.0,5.0,2020-05-18 03:00:00,115.0,10.0,2020-05-17 15:00:00,75.0,50.0
2020-001,2020,BOB,AMPHAN,2020-05-18 18:00:00,14.9,86.5,130.0,920.0,84.0,SuCS,22,2020-05-19 18:00:00,100.0,-30.0,0.0,5.0,2020-05-18 12:00:00,125.0,5.0,2020-05-18 06:00:00,120.0,10.0,2020-05-17 18:00:00,80.0,50.0
2020-001,2020,BOB,AMPHAN,2020-05-18 21:00:00,15.2,86.6,130.0,920.0,84.0,SuCS,23,2020-05-19 21:00:00,100.0,-30.0,0.0,0.0,2020-05-18 15:00:00,125.0,5.0,2020-05-18 09:00:00,120.0,10.0,2020-05-17 21:00:00,90.0,40.0
2020-001,2020,BOB,AMPHAN,2020-05-19 00:00:00,15.6,86.7,125.0,926.0,76.0,SuCS,24,2020-05-20 00:00:00,95.0,-30.0,0.0,-5.0,2020-05-18 18:00:00,130.0,-5.0,2020-05-18 12:00:00,125.0,0.0,2020-05-18 00:00:00,100.0,25.0
2020-001,2020,BOB,AMPHAN,2020-05-19 03:00:00,16.0,86.8,120.0,930.0,72.0,SuCS,25,2020-05-20 03:00:00,95.0,-25.0,0.0,-5.0,2020-05-18 21:00:00,130.0,-10.0,2020-05-18 15:00:00,125.0,-5.0,2020-05-18 03:00:00,115.0,5.0
2020-001,2020,BOB,AMPHAN,2020-05-19 06:00:00,16.5,86.9,115.0,936.0,66.0,ESCS,26,2020-05-20 06:00:00,90.0,-25.0,0.0,-5.0,2020-05-19 00:00:00,125.0,-10.0,2020-05-18 18:00:00,130.0,-15.0,2020-05-18 06:00:00,120.0,-5.0
2020-001,2020,BOB,AMPHAN,2020-05-19 09:00:00,17.0,86.9,110.0,942.0,60.0,ESCS,27,2020-05-20 09:00:00,90.0,-20.0,0.0,-5.0,2020-05-19 03:00:00,120.0,-10.0,2020-05-18 21:00:00,130.0,-20.0,2020-05-18 09:00:00,120.0,-10.0
2020-001,2020,BOB,AMPHAN,2020-05-19 12:00:00,17.4,87.0,105.0,946.0,56.0,ESCS,28,2020-05-20 12:00:00,85.0,-20.0,0.0,-5.0,2020-05-19 06:00:00,115.0,-10.0,2020-05-19 00:00:00,125.0,-20.0,2020-05-18 12:00:00,125.0,-20.0
2020-001,2020,BOB,AMPHAN,2020-05-19 15:00:00,18.1,87.1,100.0,948.0,50.0,ESCS,29,2020-05-20 15:00:00,65.0,-35.0,0.0,-5.0,2020-05-19 09:00:00,110.0,-10.0,2020-05-19 03:00:00,120.0,-20.0,2020-05-18 15:00:00,125.0,-25.0
2020-001,2020,BOB,AMPHAN,2020-05-19 18:00:00,18.4,87.2,100.0,948.0,50.0,ESCS,30,2020-05-20 18:00:00,50.0,-50.0,0.0,0.0,2020-05-19 12:00:00,105.0,-5.0,2020-05-19 06:00:00,115.0,-15.0,2020-05-18 18:00:00,130.0,-30.0
2020-001,2020,BOB,AMPHAN,2020-05-19 21:00:00,18.7,87.2,100.0,948.0,50.0,ESCS,31,2020-05-20 21:00:00,45.0,-55.0,0.0,0.0,2020-05-19 15:00:00,100.0,0.0,2020-05-19 09:00:00,110.0,-10.0,2020-05-18 21:00:00,130.0,-30.0
2020-001,2020,BOB,AMPHAN,2020-05-20 00:00:00,19.1,87.5,95.0,952.0,46.0,ESCS,32,2020-05-21 00:00:00,40.0,-55.0,0.0,-5.0,2020-05-19 18:00:00,100.0,-5.0,2020-05-19 12:00:00,105.0,-10.0,2020-05-19 00:00:00,125.0,-30.0
2020-001,2020,BOB,AMPHAN,2020-05-20 03:00:00,19.8,87.7,95.0,954.0,44.0,ESCS,33,2020-05-21 03:00:00,35.0,-60.0,0.0,0.0,2020-05-19 21:00:00,100.0,-5.0,2020-05-19 15:00:00,100.0,-5.0,2020-05-19 03:00:00,120.0,-25.0
2020-001,2020,BOB,AMPHAN,2020-05-20 06:00:00,20.6,88.0,90.0,956.0,42.0,ESCS,34,2020-05-21 06:00:00,30.0,-60.0,0.0,-5.0,2020-05-20 00:00:00,95.0,-5.0,2020-05-19 18:00:00,100.0,-10.0,2020-05-19 06:00:00,115.0,-25.0
2020-001,2020,BOB,AMPHAN,2020-05-20 09:00:00,21.4,88.1,90.0,960.0,42.0,ESCS,35,2020-05-21 09:00:00,,,,0.0,2020-05-20 03:00:00,95.0,-5.0,2020-05-19 21:00:00,100.0,-10.0,2020-05-19 09:00:00,110.0,-20.0
2020-001,2020,BOB,AMPHAN,2020-05-20 12:00:00,21.9,88.4,85.0,957.0,36.0,VSCS,36,2020-05-21 12:00:00,20.0,-65.0,0.0,-5.0,2020-05-20 06:00:00,90.0,-5.0,2020-05-20 00:00:00,95.0,-10.0,2020-05-19 12:00:00,105.0,-20.0
2020-001,2020,BOB,AMPHAN,2020-05-20 15:00:00,22.7,88.6,65.0,968.0,34.0,VSCS,37,2020-05-21 15:00:00,,,,-20.0,2020-05-20 09:00:00,90.0,-25.0,2020-05-20 03:00:00,95.0,-30.0,2020-05-19 15:00:00,100.0,-35.0
2020-001,2020,BOB,AMPHAN,2020-05-20 18:00:00,23.3,89.0,50.0,978.0,14.0,SCS,38,2020-05-21 18:00:00,,,,-15.0,2020-05-20 12:00:00,85.0,-35.0,2020-05-20 06:00:00,90.0,-40.0,2020-05-19 18:00:00,100.0,-50.0
2020-001,2020,BOB,AMPHAN,2020-05-20 21:00:00,24.2,89.0,45.0,986.0,12.0,CS,39,2020-05-21 21:00:00,,,,-5.0,2020-05-20 15:00:00,65.0,-20.0,2020-05-20 09:00:00,90.0,-45.0,2020-05-19 21:00:00,100.0,-55.0
2020-001,2020,BOB,AMPHAN,2020-05-21 00:00:00,24.2,89.3,40.0,988.0,10.0,CS,40,2020-05-22 00:00:00,,,,-5.0,2020-05-20 18:00:00,50.0,-10.0,2020-05-20 12:00:00,85.0,-45.0,2020-05-20 00:00:00,95.0,-55.0
2020-001,2020,BOB,AMPHAN,2020-05-21 03:00:00,24.7,89.5,35.0,990.0,8.0,CS,41,2020-05-22 03:00:00,,,,-5.0,2020-05-20 21:00:00,45.0,-10.0,2020-05-20 15:00:00,65.0,-30.0,2020-05-20 03:00:00,95.0,-60.0
2020-001,2020,BOB,AMPHAN,2020-05-21 06:00:00,25.0,89.6,30.0,992.0,6.0,DD,42,2020-05-22 06:00:00,,,,-5.0,2020-05-21 00:00:00,40.0,-10.0,2020-05-20 18:00:00,50.0,-20.0,2020-05-20 06:00:00,90.0,-60.0
2020-001,2020,BOB,AMPHAN,2020-05-21 12:00:00,25.4,89.6,20.0,995.0,4.0,D,43,2020-05-22 12:00:00,,,,-10.0,2020-05-21 06:00:00,30.0,-10.0,2020-05-21 00:00:00,40.0,-20.0,2020-05-20 12:00:00,85.0,-65.0
2020-004,2020,BOB,,2020-10-11 00:00:00,15.3,86.5,20.0,999.0,3.0,D,0,2020-10-12 00:00:00,25.0,5.0,0.0,,2020-10-10 18:00:00,,,2020-10-10 12:00:00,,,2020-10-10 00:00:00,,
2020-004,2020,BOB,,2020-10-11 03:00:00,15.4,86.2,25.0,998.0,4.0,D,1,2020-10-12 03:00:00,30.0,5.0,0.0,5.0,2020-10-10 21:00:00,,,2020-10-10 15:00:00,,,2020-10-10 03:00:00,,
2020-004,2020,BOB,,2020-10-11 06:00:00,15.4,85.8,25.0,998.0,4.0,D,2,2020-10-12 06:00:00,30.0,5.0,0.0,0.0,2020-10-11 00:00:00,20.0,5.0,2020-10-10 18:00:00,,,2020-10-10 06:00:00,,
2020-004,2020,BOB,,2020-10-11 12:00:00,15.5,85.4,25.0,998.0,4.0,D,3,2020-10-12 12:00:00,30.0,5.0,0.0,0.0,2020-10-11 06:00:00,25.0,0.0,2020-10-11 00:00:00,20.0,5.0,2020-10-10 12:00:00,,
2020-004,2020,BOB,,2020-10-11 18:00:00,15.6,85.2,25.0,998.0,4.0,D,4,2020-10-12 18:00:00,30.0,5.0,0.0,0.0,2020-10-11 12:00:00,25.0,0.0,2020-10-11 06:00:00,25.0,0.0,2020-10-10 18:00:00,,
2020-004,2020,BOB,,2020-10-12 00:00:00,15.7,85.0,25.0,998.0,4.0,D,5,2020-10-13 00:00:00,30.0,5.0,0.0,0.0,2020-10-11 18:00:00,25.0,0.0,2020-10-11 12:00:00,25.0,0.0,2020-10-11 00:00:00,20.0,5.0
2020-004,2020,BOB,,2020-10-12 03:00:00,15.7,85.0,30.0,997.0,5.0,DD,6,2020-10-13 03:00:00,30.0,0.0,0.0,5.0,2020-10-11 21:00:00,,,2020-10-11 15:00:00,,,2020-10-11 03:00:00,25.0,5.0
2020-004,2020,BOB,,2020-10-12 06:00:00,15.9,84.8,30.0,997.0,5.0,DD,7,2020-10-13 06:00:00,25.0,-5.0,0.0,0.0,2020-10-12 00:00:00,25.0,5.0,2020-10-11 18:00:00,25.0,5.0,2020-10-11 06:00:00,25.0,5.0
2020-004,2020,BOB,,2020-10-12 12:00:00,16.1,84.6,30.0,997.0,5.0,DD,8,2020-10-13 12:00:00,25.0,-5.0,0.0,0.0,2020-10-12 06:00:00,30.0,0.0,2020-10-12 00:00:00,25.0,5.0,2020-10-11 12:00:00,25.0,5.0
2020-004,2020,BOB,,2020-10-12 18:00:00,16.5,83.4,30.0,997.0,5.0,DD,9,2020-10-13 18:00:00,25.0,-5.0,0.0,0.0,2020-10-12 12:00:00,30.0,0.0,2020-10-12 06:00:00,30.0,0.0,2020-10-11 18:00:00,25.0,5.0
2020-004,2020,BOB,,2020-10-13 00:00:00,16.9,82.5,30.0,997.0,5.0,DD,10,2020-10-14 00:00:00,20.0,-10.0,0.0,0.0,2020-10-12 18:00:00,30.0,0.0,2020-10-12 12:00:00,30.0,0.0,2020-10-12 00:00:00,25.0,5.0
2020-004,2020,BOB,,2020-10-13 03:00:00,17.0,82.1,30.0,996.0,6.0,DD,11,2020-10-14 03:00:00,20.0,-10.0,0.0,0.0,2020-10-12 21:00:00,,,2020-10-12 15:00:00,,,2020-10-12 03:00:00,30.0,0.0
2020-004,2020,BOB,,2020-10-13 06:00:00,17.3,81.5,25.0,998.0,4.0,D,12,2020-10-14 06:00:00,20.0,-5.0,0.0,-5.0,2020-10-13 00:00:00,30.0,-5.0,2020-10-12 18:00:00,30.0,-5.0,2020-10-12 06:00:00,30.0,-5.0
2020-004,2020,BOB,,2020-10-13 12:00:00,17.5,80.5,25.0,998.0,4.0,D,13,2020-10-14 12:00:00,,,,0.0,2020-10-13 06:00:00,25.0,0.0,2020-10-13 00:00:00,30.0,-5.0,2020-10-12 12:00:00,30.0,-5.0
2020-004,2020,BOB,,2020-10-13 18:00:00,17.6,79.5,25.0,998.0,4.0,D,14,2020-10-14 18:00:00,,,,0.0,2020-10-13 12:00:00,25.0,0.0,2020-10-13 06:00:00,25.0,0.0,2020-10-12 18:00:00,30.0,-5.0
2020-004,2020,BOB,,2020-10-14 00:00:00,17.7,78.1,20.0,1000.0,3.0,D,15,2020-10-15 00:00:00,,,,-5.0,2020-10-13 18:00:00,25.0,-5.0,2020-10-13 12:00:00,25.0,-5.0,2020-10-13 00:00:00,30.0,-10.0
2020-004,2020,BOB,,2020-10-14 03:00:00,17.7,77.5,20.0,1000.0,3.0,D,16,2020-10-15 03:00:00,,,,0.0,2020-10-13 21:00:00,,,2020-10-13 15:00:00,,,2020-10-13 03:00:00,30.0,-10.0
2020-004,2020,BOB,,2020-10-14 06:00:00,17.7,77.0,20.0,1000.0,3.0,D,17,2020-10-15 06:00:00,,,,0.0,2020-10-14 00:00:00,20.0,0.0,2020-10-13 18:00:00,25.0,-5.0,2020-10-13 06:00:00,25.0,-5.0
2020-006,2020,BOB,,2020-10-22 03:00:00,18.7,87.0,20.0,999.0,3.0,D,0,2020-10-23 03:00:00,25.0,5.0,0.0,,2020-10-21 21:00:00,,,2020-10-21 15:00:00,,,2020-10-21 03:00:00,,
2020-006,2020,BOB,,2020-10-22 06:00:00,19.0,87.0,25.0,998.0,4.0,D,1,2020-10-23 06:00:00,25.0,0.0,0.0,5.0,2020-10-22 00:00:00,,,2020-10-21 18:00:00,,,2020-10-21 06:00:00,,
2020-006,2020,BOB,,2020-10-22 12:00:00,19.7,87.3,25.0,998.0,4.0,D,2,2020-10-23 12:00:00,20.0,-5.0,0.0,0.0,2020-10-22 06:00:00,25.0,0.0,2020-10-22 00:00:00,,,2020-10-21 12:00:00,,
2020-006,2020,BOB,,2020-10-22 18:00:00,20.2,87.6,25.0,998.0,4.0,D,3,2020-10-23 18:00:00,20.0,-5.0,0.0,0.0,2020-10-22 12:00:00,25.0,0.0,2020-10-22 06:00:00,25.0,0.0,2020-10-21 18:00:00,,
2020-006,2020,BOB,,2020-10-23 00:00:00,21.2,88.2,25.0,998.0,4.0,D,4,2020-10-24 00:00:00,,,,0.0,2020-10-22 18:00:00,25.0,0.0,2020-10-22 12:00:00,25.0,0.0,2020-10-22 00:00:00,,
2020-006,2020,BOB,,2020-10-23 03:00:00,21.4,88.4,25.0,998.0,4.0,D,5,2020-10-24 03:00:00,,,,0.0,2020-10-22 21:00:00,,,2020-10-22 15:00:00,,,2020-10-22 03:00:00,20.0,5.0
2020-006,2020,BOB,,2020-10-23 06:00:00,21.7,88.5,25.0,998.0,4.0,D,6,2020-10-24 06:00:00,,,,0.0,2020-10-23 00:00:00,25.0,0.0,2020-10-22 18:00:00,25.0,0.0,2020-10-22 06:00:00,25.0,0.0
2020-006,2020,BOB,,2020-10-23 09:00:00,22.5,89.1,25.0,998.0,4.0,D,7,2020-10-24 09:00:00,,,,0.0,2020-10-23 03:00:00,25.0,0.0,2020-10-22 21:00:00,,,2020-10-22 09:00:00,,
2020-006,2020,BOB,,2020-10-23 12:00:00,23.3,89.5,20.0,1000.0,3.0,D,8,2020-10-24 12:00:00,,,,-5.0,2020-10-23 06:00:00,25.0,-5.0,2020-10-23 00:00:00,25.0,-5.0,2020-10-22 12:00:00,25.0,-5.0
2020-006,2020,BOB,,2020-10-23 18:00:00,24.0,89.9,20.0,1000.0,3.0,D,9,2020-10-24 18:00:00,,,,0.0,2020-10-23 12:00:00,20.0,0.0,2020-10-23 06:00:00,25.0,-5.0,2020-10-22 18:00:00,25.0,-5.0
2020-007,2020,BOB,NIVAR,2020-11-22 21:00:00,8.5,85.3,25.0,1002.0,3.0,D,0,2020-11-23 21:00:00,,,,,2020-11-22 15:00:00,,,2020-11-22 09:00:00,,,2020-11-21 21:00:00,,
2020-007,2020,BOB,NIVAR,2020-11-23 00:00:00,9.3,84.5,25.0,1002.0,3.0,D,1,2020-11-24 00:00:00,35.0,10.0,0.0,0.0,2020-11-22 18:00:00,,,2020-11-22 12:00:00,,,2020-11-22 00:00:00,,
2020-007,2020,BOB,NIVAR,2020-11-23 03:00:00,9.5,84.2,25.0,1002.0,3.0,D,2,2020-11-24 03:00:00,35.0,10.0,0.0,0.0,2020-11-22 21:00:00,25.0,0.0,2020-11-22 15:00:00,,,2020-11-22 03:00:00,,
2020-007,2020,BOB,NIVAR,2020-11-23 06:00:00,9.6,84.0,25.0,1001.0,4.0,D,3,2020-11-24 06:00:00,40.0,15.0,0.0,0.0,2020-11-23 00:00:00,25.0,0.0,2020-11-22 18:00:00,,,2020-11-22 06:00:00,,
2020-007,2020,BOB,NIVAR,2020-11-23 12:00:00,9.8,83.6,30.0,999.0,5.0,DD,4,2020-11-24 12:00:00,45.0,15.0,0.0,5.0,2020-11-23 06:00:00,25.0,5.0,2020-11-23 00:00:00,25.0,5.0,2020-11-22 12:00:00,,
2020-007,2020,BOB,NIVAR,2020-11-23 18:00:00,10.0,83.3,30.0,998.0,6.0,DD,5,2020-11-24 18:00:00,50.0,20.0,0.0,0.0,2020-11-23 12:00:00,30.0,0.0,2020-11-23 06:00:00,25.0,5.0,2020-11-22 18:00:00,,
2020-007,2020,BOB,NIVAR,2020-11-24 00:00:00,10.0,83.0,35.0,997.0,7.0,CS,6,2020-11-25 00:00:00,60.0,25.0,0.0,5.0,2020-11-23 18:00:00,30.0,5.0,2020-11-23 12:00:00,30.0,5.0,2020-11-23 00:00:00,25.0,10.0
2020-007,2020,BOB,NIVAR,2020-11-24 03:00:00,10.0,83.0,35.0,997.0,7.0,CS,7,2020-11-25 03:00:00,60.0,25.0,0.0,0.0,2020-11-23 21:00:00,,,2020-11-23 15:00:00,,,2020-11-23 03:00:00,25.0,10.0
2020-007,2020,BOB,NIVAR,2020-11-24 06:00:00,10.0,82.7,40.0,994.0,8.0,CS,8,2020-11-25 06:00:00,60.0,20.0,0.0,5.0,2020-11-24 00:00:00,35.0,5.0,2020-11-23 18:00:00,30.0,10.0,2020-11-23 06:00:00,25.0,15.0
2020-007,2020,BOB,NIVAR,2020-11-24 09:00:00,10.0,82.6,45.0,992.0,10.0,CS,9,2020-11-25 09:00:00,65.0,20.0,0.0,5.0,2020-11-24 03:00:00,35.0,10.0,2020-11-23 21:00:00,,,2020-11-23 09:00:00,,
2020-007,2020,BOB,NIVAR,2020-11-24 12:00:00,10.1,82.5,45.0,992.0,10.0,CS,10,2020-11-25 12:00:00,65.0,20.0,0.0,0.0,2020-11-24 06:00:00,40.0,5.0,2020-11-24 00:00:00,35.0,10.0,2020-11-23 12:00:00,30.0,15.0
2020-007,2020,BOB,NIVAR,2020-11-24 15:00:00,10.1,82.4,45.0,992.0,10.0,CS,11,2020-11-25 15:00:00,65.0,20.0,0.0,0.0,2020-11-24 09:00:00,45.0,0.0,2020-11-24 03:00:00,35.0,10.0,2020-11-23 15:00:00,,
2020-007,2020,BOB,NIVAR,2020-11-24 18:00:00,10.2,82.3,50.0,990.0,12.0,SCS,12,2020-11-25 18:00:00,65.0,15.0,0.0,5.0,2020-11-24 12:00:00,45.0,5.0,2020-11-24 06:00:00,40.0,10.0,2020-11-23 18:00:00,30.0,20.0
2020-007,2020,BOB,NIVAR,2020-11-24 21:00:00,10.3,82.2,55.0,988.0,16.0,SCS,13,2020-11-25 21:00:00,60.0,5.0,0.0,5.0,2020-11-24 15:00:00,45.0,10.0,2020-11-24 09:00:00,45.0,10.0,2020-11-23 21:00:00,,
2020-007,2020,BOB,NIVAR,2020-11-25 00:00:00,10.5,82.0,60.0,986.0,18.0,SCS,14,2020-11-26 00:00:00,50.0,-10.0,0.0,5.0,2020-11-24 18:00:00,50.0,10.0,2020-11-24 12:00:00,45.0,15.0,2020-11-24 00:00:00,35.0,25.0
2020-007,2020,BOB,NIVAR,2020-11-25 03:00:00,10.7,81.7,60.0,986.0,18.0,SCS,15,2020-11-26 03:00:00,40.0,-20.0,0.0,0.0,2020-11-24 21:00:00,55.0,5.0,2020-11-24 15:00:00,45.0,15.0,2020-11-24 03:00:00,35.0,25.0
2020-007,2020,BOB,NIVAR,2020-11-25 06:00:00,11.0,81.3,60.0,986.0,18.0,SCS,16,2020-11-26 06:00:00,35.0,-25.0,0.0,0.0,2020-11-25 00:00:00,60.0,0.0,2020-11-24 18:00:00,50.0,10.0,2020-11-24 06:00:00,40.0,20.0
2020-007,2020,BOB,NIVAR,2020-11-25 09:00:00,11.2,81.0,65.0,982.0,22.0,VSCS,17,2020-11-26 09:00:00,30.0,-35.0,0.0,5.0,2020-11-25 03:00:00,60.0,5.0,2020-11-24 21:00:00,55.0,10.0,2020-11-24 09:00:00,45.0,20.0
2020-007,2020,BOB,NIVAR,2020-11-25 12:00:00,11.4,80.7,65.0,982.0,22.0,VSCS,18,2020-11-26 12:00:00,30.0,-35.0,0.0,0.0,2020-11-25 06:00:00,60.0,5.0,2020-11-25 00:00:00,60.0,5.0,2020-11-24 12:00:00,45.0,20.0
2020-007,2020,BOB,NIVAR,2020-11-25 15:00:00,11.7,80.4,65.0,982.0,22.0,VSCS,19,2020-11-26 15:00:00,,,,0.0,2020-11-25 09:00:00,65.0,0.0,2020-11-25 03:00:00,60.0,5.0,2020-11-24 15:00:00,45.0,20.0
2020-007,2020,BOB,NIVAR,2020-11-25 18:00:00,12.0,80.1,65.0,982.0,22.0,VSCS,20,2020-11-26 18:00:00,20.0,-45.0,0.0,0.0,2020-11-25 12:00:00,65.0,0.0,2020-11-25 06:00:00,60.0,5.0,2020-11-24 18:00:00,50.0,15.0
2020-007,2020,BOB,NIVAR,2020-11-25 21:00:00,12.1,79.9,60.0,986.0,18.0,SCS,21,2020-11-26 21:00:00,,,,-5.0,2020-11-25 15:00:00,65.0,-5.0,2020-11-25 09:00:00,65.0,-5.0,2020-11-24 21:00:00,55.0,5.0
2020-007,2020,BOB,NIVAR,2020-11-26 00:00:00,12.3,79.7,50.0,992.0,12.0,SCS,22,2020-11-27 00:00:00,,,,-10.0,2020-11-25 18:00:00,65.0,-15.0,2020-11-25 12:00:00,65.0,-15.0,2020-11-25 00:00:00,60.0,-10.0
2020-007,2020,BOB,NIVAR,2020-11-26 03:00:00,12.6,79.4,40.0,996.0,8.0,CS,23,2020-11-27 03:00:00,,,,-10.0,2020-11-25 21:00:00,60.0,-20.0,2020-11-25 15:00:00,65.0,-25.0,2020-11-25 03:00:00,60.0,-20.0
2020-007,2020,BOB,NIVAR,2020-11-26 06:00:00,12.9,79.3,35.0,998.0,7.0,CS,24,2020-11-27 06:00:00,,,,-5.0,2020-11-26 00:00:00,50.0,-15.0,2020-11-25 18:00:00,65.0,-30.0,2020-11-25 06:00:00,60.0,-25.0
2020-007,2020,BOB,NIVAR,2020-11-26 09:00:00,13.3,79.3,30.0,999.0,5.0,DD,25,2020-11-27 09:00:00,,,,-5.0,2020-11-26 03:00:00,40.0,-10.0,2020-11-25 21:00:00,60.0,-30.0,2020-11-25 09:00:00,65.0,-35.0
2020-007,2020,BOB,NIVAR,2020-11-26 12:00:00,13.6,79.4,30.0,1000.0,5.0,DD,26,2020-11-27 12:00:00,,,,0.0,2020-11-26 06:00:00,35.0,-5.0,2020-11-26 00:00:00,50.0,-20.0,2020-11-25 12:00:00,65.0,-35.0
2020-007,2020,BOB,NIVAR,2020-11-26 18:00:00,14.0,79.6,20.0,1002.0,3.0,D,27,2020-11-27 18:00:00,,,,-10.0,2020-11-26 12:00:00,30.0,-10.0,2020-11-26 06:00:00,35.0,-15.0,2020-11-25 18:00:00,65.0,-45.0
2020-009,2020,BOB,BUREVI,2020-11-30 00:00:00,7.5,88.0,20.0,1003.0,3.0,D,0,2020-12-01 00:00:00,30.0,10.0,0.0,,2020-11-29 18:00:00,,,2020-11-29 12:00:00,,,2020-11-29 00:00:00,,
2020-009,2020,BOB,BUREVI,2020-11-30 03:00:00,7.7,87.7,25.0,1002.0,4.0,D,1,2020-12-01 03:00:00,30.0,5.0,0.0,5.0,2020-11-29 21:00:00,,,2020-11-29 15:00:00,,,2020-11-29 03:00:00,,
2020-009,2020,BOB,BUREVI,2020-11-30 06:00:00,7.8,87.4,25.0,1002.0,4.0,D,2,2020-12-01 06:00:00,30.0,5.0,0.0,0.0,2020-11-30 00:00:00,20.0,5.0,2020-11-29 18:00:00,,,2020-11-29 06:00:00,,
2020-009,2020,BOB,BUREVI,2020-11-30 12:00:00,7.7,87.0,25.0,1002.0,4.0,D,3,2020-12-01 12:00:00,35.0,10.0,0.0,0.0,2020-11-30 06:00:00,25.0,0.0,2020-11-30 00:00:00,20.0,5.0,2020-11-29 12:00:00,,
2020-009,2020,BOB,BUREVI,2020-11-30 18:00:00,7.8,86.6,25.0,1002.0,4.0,D,4,2020-12-01 18:00:00,35.0,10.0,0.0,0.0,2020-11-30 12:00:00,25.0,0.0,2020-11-30 06:00:00,25.0,0.0,2020-11-29 18:00:00,,
2020-009,2020,BOB,BUREVI,2020-12-01 00:00:00,7.8,86.0,30.0,1000.0,6.0,DD,5,2020-12-02 00:00:00,40.0,10.0,0.0,5.0,2020-11-30 18:00:00,25.0,5.0,2020-11-30 12:00:00,25.0,5.0,2020-11-30 00:00:00,20.0,10.0
2020-009,2020,BOB,BUREVI,2020-12-01 03:00:00,7.8,85.7,30.0,1000.0,6.0,DD,6,2020-12-02 03:00:00,40.0,10.0,0.0,0.0,2020-11-30 21:00:00,,,2020-11-30 15:00:00,,,2020-11-30 03:00:00,25.0,5.0
2020-009,2020,BOB,BUREVI,2020-12-01 06:00:00,7.8,85.3,30.0,1000.0,6.0,DD,7,2020-12-02 06:00:00,45.0,15.0,0.0,0.0,2020-12-01 00:00:00,30.0,0.0,2020-11-30 18:00:00,25.0,5.0,2020-11-30 06:00:00,25.0,5.0
2020-009,2020,BOB,BUREVI,2020-12-01 12:00:00,7.9,84.8,35.0,999.0,7.0,CS,8,2020-12-02 12:00:00,45.0,10.0,0.0,5.0,2020-12-01 06:00:00,30.0,5.0,2020-12-01 00:00:00,30.0,5.0,2020-11-30 12:00:00,25.0,10.0
2020-009,2020,BOB,BUREVI,2020-12-01 15:00:00,7.9,84.5,35.0,999.0,7.0,CS,9,2020-12-02 15:00:00,45.0,10.0,0.0,0.0,2020-12-01 09:00:00,,,2020-12-01 03:00:00,30.0,5.0,2020-11-30 15:00:00,,
2020-009,2020,BOB,BUREVI,2020-12-01 18:00:00,8.1,84.2,35.0,999.0,7.0,CS,10,2020-12-02 18:00:00,45.0,10.0,0.0,0.0,2020-12-01 12:00:00,35.0,0.0,2020-12-01 06:00:00,30.0,5.0,2020-11-30 18:00:00,25.0,10.0
2020-009,2020,BOB,BUREVI,2020-12-01 21:00:00,8.4,83.4,35.0,999.0,7.0,CS,11,2020-12-02 21:00:00,40.0,5.0,0.0,0.0,2020-12-01 15:00:00,35.0,0.0,2020-12-01 09:00:00,,,2020-11-30 21:00:00,,
2020-009,2020,BOB,BUREVI,2020-12-02 00:00:00,8.6,83.0,40.0,998.0,8.0,CS,12,2020-12-03 00:00:00,40.0,0.0,0.0,5.0,2020-12-01 18:00:00,35.0,5.0,2020-12-01 12:00:00,35.0,5.0,2020-12-01 00:00:00,30.0,10.0
2020-009,2020,BOB,BUREVI,2020-12-02 03:00:00,8.7,82.5,40.0,998.0,8.0,CS,13,2020-12-03 03:00:00,40.0,0.0,0.0,0.0,2020-12-01 21:00:00,35.0,5.0,2020-12-01 15:00:00,35.0,5.0,2020-12-01 03:00:00,30.0,10.0
2020-009,2020,BOB,BUREVI,2020-12-02 06:00:00,8.8,82.2,45.0,996.0,10.0,CS,14,2020-12-03 06:00:00,40.0,-5.0,0.0,5.0,2020-12-02 00:00:00,40.0,5.0,2020-12-01 18:00:00,35.0,10.0,2020-12-01 06:00:00,30.0,15.0
2020-009,2020,BOB,BUREVI,2020-12-02 09:00:00,8.8,81.8,45.0,996.0,10.0,CS,15,2020-12-03 09:00:00,35.0,-10.0,0.0,0.0,2020-12-02 03:00:00,40.0,5.0,2020-12-01 21:00:00,35.0,10.0,2020-12-01 09:00:00,,
2020-009,2020,BOB,BUREVI,2020-12-02 12:00:00,8.8,81.4,45.0,996.0,10.0,CS,16,2020-12-03 12:00:00,30.0,-15.0,0.0,0.0,2020-12-02 06:00:00,45.0,0.0,2020-12-02 00:00:00,40.0,5.0,2020-12-01 12:00:00,35.0,10.0
2020-009,2020,BOB,BUREVI,2020-12-02 15:00:00,8.8,81.4,45.0,996.0,10.0,CS,17,2020-12-03 15:00:00,30.0,-15.0,0.0,0.0,2020-12-02 09:00:00,45.0,0.0,2020-12-02 03:00:00,40.0,5.0,2020-12-01 15:00:00,35.0,10.0
2020-009,2020,BOB,BUREVI,2020-12-02 18:00:00,8.9,80.9,45.0,996.0,10.0,CS,18,2020-12-03 18:00:00,30.0,-15.0,0.0,0.0,2020-12-02 12:00:00,45.0,0.0,2020-12-02 06:00:00,45.0,0.0,2020-12-01 18:00:00,35.0,10.0
2020-009,2020,BOB,BUREVI,2020-12-02 21:00:00,9.0,80.8,40.0,998.0,8.0,CS,19,2020-12-03 21:00:00,30.0,-10.0,0.0,-5.0,2020-12-02 15:00:00,45.0,-5.0,2020-12-02 09:00:00,45.0,-5.0,2020-12-01 21:00:00,35.0,5.0
2020-009,2020,BOB,BUREVI,2020-12-03 00:00:00,9.0,80.3,40.0,998.0,8.0,CS,20,2020-12-04 00:00:00,30.0,-10.0,0.0,0.0,2020-12-02 18:00:00,45.0,-5.0,2020-12-02 12:00:00,45.0,-5.0,2020-12-02 00:00:00,40.0,0.0
2020-009,2020,BOB,BUREVI,2020-12-03 03:00:00,9.1,80.2,40.0,998.0,8.0,CS,21,2020-12-04 03:00:00,30.0,-10.0,0.0,0.0,2020-12-02 21:00:00,40.0,0.0,2020-12-02 15:00:00,45.0,-5.0,2020-12-02 03:00:00,40.0,0.0
2020-009,2020,BOB,BUREVI,2020-12-03 06:00:00,9.2,79.7,40.0,998.0,8.0,CS,22,2020-12-04 06:00:00,30.0,-10.0,0.0,0.0,2020-12-03 00:00:00,40.0,0.0,2020-12-02 18:00:00,45.0,-5.0,2020-12-02 06:00:00,45.0,-5.0
2020-009,2020,BOB,BUREVI,2020-12-03 09:00:00,9.2,79.3,35.0,999.0,7.0,CS,23,2020-12-04 09:00:00,,,,-5.0,2020-12-03 03:00:00,40.0,-5.0,2020-12-02 21:00:00,40.0,-5.0,2020-12-02 09:00:00,45.0,-10.0
2020-009,2020,BOB,BUREVI,2020-12-03 12:00:00,9.2,79.1,30.0,1000.0,6.0,DD,24,2020-12-04 12:00:00,25.0,-5.0,0.0,-5.0,2020-12-03 06:00:00,40.0,-10.0,2020-12-03 00:00:00,40.0,-10.0,2020-12-02 12:00:00,45.0,-15.0
2020-009,2020,BOB,BUREVI,2020-12-03 15:00:00,9.2,78.8,30.0,1000.0,6.0,DD,25,2020-12-04 15:00:00,,,,0.0,2020-12-03 09:00:00,35.0,-5.0,2020-12-03 03:00:00,40.0,-10.0,2020-12-02 15:00:00,45.0,-15.0
2020-009,2020,BOB,BUREVI,2020-12-03 18:00:00,9.1,78.6,30.0,1000.0,6.0,DD,26,2020-12-04 18:00:00,25.0,-5.0,0.0,0.0,2020-12-03 12:00:00,30.0,0.0,2020-12-03 06:00:00,40.0,-10.0,2020-12-02 18:00:00,45.0,-15.0
2020-009,2020,BOB,BUREVI,2020-12-03 21:00:00,9.1,78.6,30.0,1000.0,6.0,DD,27,2020-12-04 21:00:00,,,,0.0,2020-12-03 15:00:00,30.0,0.0,2020-12-03 09:00:00,35.0,-5.0,2020-12-02 21:00:00,40.0,-10.0
2020-009,2020,BOB,BUREVI,2020-12-04 00:00:00,9.1,78.6,30.0,1000.0,6.0,DD,28,2020-12-05 00:00:00,20.0,-10.0,0.0,0.0,2020-12-03 18:00:00,30.0,0.0,2020-12-03 12:00:00,30.0,0.0,2020-12-03 00:00:00,40.0,-10.0
2020-009,2020,BOB,BUREVI,2020-12-04 03:00:00,9.1,78.6,30.0,1001.0,5.0,DD,29,2020-12-05 03:00:00,20.0,-10.0,0.0,0.0,2020-12-03 21:00:00,30.0,0.0,2020-12-03 15:00:00,30.0,0.0,2020-12-03 03:00:00,40.0,-10.0
2020-009,2020,BOB,BUREVI,2020-12-04 06:00:00,9.1,78.6,30.0,1001.0,5.0,DD,30,2020-12-05 06:00:00,,,,0.0,2020-12-04 00:00:00,30.0,0.0,2020-12-03 18:00:00,30.0,0.0,2020-12-03 06:00:00,40.0,-10.0
2020-009,2020,BOB,BUREVI,2020-12-04 12:00:00,9.1,78.6,25.0,1002.0,4.0,D,31,2020-12-05 12:00:00,,,,-5.0,2020-12-04 06:00:00,30.0,-5.0,2020-12-04 00:00:00,30.0,-5.0,2020-12-03 12:00:00,30.0,-5.0
2020-009,2020,BOB,BUREVI,2020-12-04 18:00:00,9.1,78.6,25.0,1003.0,4.0,D,32,2020-12-05 18:00:00,,,,0.0,2020-12-04 12:00:00,25.0,0.0,2020-12-04 06:00:00,30.0,-5.0,2020-12-03 18:00:00,30.0,-5.0
2020-009,2020,BOB,BUREVI,2020-12-05 00:00:00,9.1,78.6,20.0,1004.0,3.0,D,33,2020-12-06 00:00:00,,,,-5.0,2020-12-04 18:00:00,25.0,-5.0,2020-12-04 12:00:00,25.0,-5.0,2020-12-04 00:00:00,30.0,-10.0
2020-009,2020,BOB,BUREVI,2020-12-05 03:00:00,9.1,78.6,20.0,1006.0,3.0,D,34,2020-12-06 03:00:00,,,,0.0,2020-12-04 21:00:00,,,2020-12-04 15:00:00,,,2020-12-04 03:00:00,30.0,-10.0
2021-001,2021,BOB,,2021-04-02 00:00:00,11.0,96.3,25.0,1000.0,3.0,D,0,2021-04-03 00:00:00,25.0,0.0,0.0,,2021-04-01 18:00:00,,,2021-04-01 12:00:00,,,2021-04-01 00:00:00,,
2021-001,2021,BOB,,2021-04-02 03:00:00,11.0,96.3,25.0,1000.0,3.0,D,1,2021-04-03 03:00:00,20.0,-5.0,0.0,0.0,2021-04-01 21:00:00,,,2021-04-01 15:00:00,,,2021-04-01 03:00:00,,
2021-001,2021,BOB,,2021-04-02 06:00:00,11.2,96.4,25.0,1000.0,3.0,D,2,2021-04-03 06:00:00,,,,0.0,2021-04-02 00:00:00,25.0,0.0,2021-04-01 18:00:00,,,2021-04-01 06:00:00,,
2021-001,2021,BOB,,2021-04-02 12:00:00,11.8,96.8,25.0,1000.0,3.0,D,3,2021-04-03 12:00:00,,,,0.0,2021-04-02 06:00:00,25.0,0.0,2021-04-02 00:00:00,25.0,0.0,2021-04-01 12:00:00,,
2021-001,2021,BOB,,2021-04-02 18:00:00,12.3,97.2,25.0,1000.0,3.0,D,4,2021-04-03 18:00:00,,,,0.0,2021-04-02 12:00:00,25.0,0.0,2021-04-02 06:00:00,25.0,0.0,2021-04-01 18:00:00,,
2021-001,2021,BOB,,2021-04-03 00:00:00,13.0,97.5,25.0,1002.0,3.0,D,5,2021-04-04 00:00:00,,,,0.0,2021-04-02 18:00:00,25.0,0.0,2021-04-02 12:00:00,25.0,0.0,2021-04-02 00:00:00,25.0,0.0
2021-001,2021,BOB,,2021-04-03 03:00:00,13.2,97.6,20.0,1004.0,2.0,D,6,2021-04-04 03:00:00,,,,-5.0,2021-04-02 21:00:00,,,2021-04-02 15:00:00,,,2021-04-02 03:00:00,25.0,-5.0
2021-003,2021,BOB,YAAS,2021-05-23 06:00:00,16.1,90.2,25.0,996.0,4.0,D,0,2021-05-24 06:00:00,40.0,15.0,0.0,,2021-05-23 00:00:00,,,2021-05-22 18:00:00,,,2021-05-22 06:00:00,,
2021-003,2021,BOB,YAAS,2021-05-23 12:00:00,16.2,89.9,25.0,994.0,4.0,D,1,2021-05-24 12:00:00,45.0,20.0,0.0,0.0,2021-05-23 06:00:00,25.0,0.0,2021-05-23 00:00:00,,,2021-05-22 12:00:00,,
2021-003,2021,BOB,YAAS,2021-05-23 18:00:00,16.3,89.7,30.0,992.0,5.0,DD,2,2021-05-24 18:00:00,50.0,20.0,0.0,5.0,2021-05-23 12:00:00,25.0,5.0,2021-05-23 06:00:00,25.0,5.0,2021-05-22 18:00:00,,
2021-003,2021,BOB,YAAS,2021-05-24 00:00:00,16.3,89.7,35.0,990.0,7.0,CS,3,2021-05-25 00:00:00,55.0,20.0,0.0,5.0,2021-05-23 18:00:00,30.0,5.0,2021-05-23 12:00:00,25.0,10.0,2021-05-23 00:00:00,,
2021-003,2021,BOB,YAAS,2021-05-24 03:00:00,16.5,89.6,40.0,988.0,8.0,CS,4,2021-05-25 03:00:00,55.0,15.0,0.0,5.0,2021-05-23 21:00:00,,,2021-05-23 15:00:00,,,2021-05-23 03:00:00,,
2021-003,2021,BOB,YAAS,2021-05-24 06:00:00,16.4,89.6,40.0,988.0,8.0,CS,5,2021-05-25 06:00:00,60.0,20.0,0.0,0.0,2021-05-24 00:00:00,35.0,5.0,2021-05-23 18:00:00,30.0,10.0,2021-05-23 06:00:00,25.0,15.0
2021-003,2021,BOB,YAAS,2021-05-24 09:00:00,16.8,89.5,40.0,988.0,8.0,CS,6,2021-05-25 09:00:00,60.0,20.0,0.0,0.0,2021-05-24 03:00:00,40.0,0.0,2021-05-23 21:00:00,,,2021-05-23 09:00:00,,
2021-003,2021,BOB,YAAS,2021-05-24 12:00:00,17.1,89.3,45.0,986.0,10.0,CS,7,2021-05-25 12:00:00,65.0,20.0,0.0,5.0,2021-05-24 06:00:00,40.0,5.0,2021-05-24 00:00:00,35.0,10.0,2021-05-23 12:00:00,25.0,20.0
2021-003,2021,BOB,YAAS,2021-05-24 15:00:00,17.4,89.2,45.0,986.0,10.0,CS,8,2021-05-25 15:00:00,65.0,20.0,0.0,0.0,2021-05-24 09:00:00,40.0,5.0,2021-05-24 03:00:00,40.0,5.0,2021-05-23 15:00:00,,
2021-003,2021,BOB,YAAS,2021-05-24 18:00:00,17.6,89.0,50.0,984.0,12.0,SCS,9,2021-05-25 18:00:00,70.0,20.0,0.0,5.0,2021-05-24 12:00:00,45.0,5.0,2021-05-24 06:00:00,40.0,10.0,2021-05-23 18:00:00,30.0,20.0
2021-003,2021,BOB,YAAS,2021-05-24 21:00:00,17.8,88.9,55.0,982.0,14.0,SCS,10,2021-05-25 21:00:00,75.0,20.0,0.0,5.0,2021-05-24 15:00:00,45.0,10.0,2021-05-24 09:00:00,40.0,15.0,2021-05-23 21:00:00,,
2021-003,2021,BOB,YAAS,2021-05-25 00:00:00,18.0,88.6,55.0,980.0,16.0,SCS,11,2021-05-26 00:00:00,75.0,20.0,0.0,0.0,2021-05-24 18:00:00,50.0,5.0,2021-05-24 12:00:00,45.0,10.0,2021-05-24 00:00:00,35.0,20.0
2021-003,2021,BOB,YAAS,2021-05-25 03:00:00,18.3,88.3,55.0,980.0,16.0,SCS,12,2021-05-26 03:00:00,75.0,20.0,0.0,0.0,2021-05-24 21:00:00,55.0,0.0,2021-05-24 15:00:00,45.0,10.0,2021-05-24 03:00:00,40.0,15.0
2021-003,2021,BOB,YAAS,2021-05-25 06:00:00,18.7,88.0,60.0,978.0,18.0,SCS,13,2021-05-26 06:00:00,75.0,15.0,0.0,5.0,2021-05-25 00:00:00,55.0,5.0,2021-05-24 18:00:00,50.0,10.0,2021-05-24 06:00:00,40.0,20.0
2021-003,2021,BOB,YAAS,2021-05-25 09:00:00,19.1,88.1,60.0,978.0,18.0,SCS,14,2021-05-26 09:00:00,55.0,-5.0,0.0,0.0,2021-05-25 03:00:00,55.0,5.0,2021-05-24 21:00:00,55.0,5.0,2021-05-24 09:00:00,40.0,20.0
2021-003,2021,BOB,YAAS,2021-05-25 12:00:00,19.5,88.0,65.0,976.0,20.0,VSCS,15,2021-05-26 12:00:00,45.0,-20.0,0.0,5.0,2021-05-25 06:00:00,60.0,5.0,2021-05-25 00:00:00,55.0,10.0,2021-05-24 12:00:00,45.0,20.0
2021-003,2021,BOB,YAAS,2021-05-25 15:00:00,19.8,87.9,65.0,976.0,20.0,VSCS,16,2021-05-26 15:00:00,40.0,-25.0,0.0,0.0,2021-05-25 09:00:00,60.0,5.0,2021-05-25 03:00:00,55.0,10.0,2021-05-24 15:00:00,45.0,20.0
2021-003,2021,BOB,YAAS,2021-05-25 18:00:00,20.1,87.8,70.0,974.0,24.0,VSCS,17,2021-05-26 18:00:00,30.0,-40.0,0.0,5.0,2021-05-25 12:00:00,65.0,5.0,2021-05-25 06:00:00,60.0,10.0,2021-05-24 18:00:00,50.0,20.0
2021-003,2021,BOB,YAAS,2021-05-25 21:00:00,20.4,87.6,75.0,970.0,28.0,VSCS,18,2021-05-26 21:00:00,,,,5.0,2021-05-25 15:00:00,65.0,10.0,2021-05-25 09:00:00,60.0,15.0,2021-05-24 21:00:00,55.0,20.0
2021-003,2021,BOB,YAAS,2021-05-26 00:00:00,20.8,87.3,75.0,970.0,28.0,VSCS,19,2021-05-27 00:00:00,30.0,-45.0,0.0,0.0,2021-05-25 18:00:00,70.0,5.0,2021-05-25 12:00:00,65.0,10.0,2021-05-25 00:00:00,55.0,20.0
2021-003,2021,BOB,YAAS,2021-05-26 03:00:00,21.2,87.1,75.0,970.0,28.0,VSCS,20,2021-05-27 03:00:00,30.0,-45.0,0.0,0.0,2021-05-25 21:00:00,75.0,0.0,2021-05-25 15:00:00,65.0,10.0,2021-05-25 03:00:00,55.0,20.0
2021-003,2021,BOB,YAAS,2021-05-26 06:00:00,21.4,86.9,75.0,970.0,28.0,VSCS,21,2021-05-27 06:00:00,25.0,-50.0,0.0,0.0,2021-05-26 00:00:00,75.0,0.0,2021-05-25 18:00:00,70.0,5.0,2021-05-25 06:00:00,60.0,15.0
2021-003,2021,BOB,YAAS,2021-05-26 09:00:00,21.6,86.7,55.0,978.0,16.0,SCS,22,2021-05-27 09:00:00,,,,-20.0,2021-05-26 03:00:00,75.0,-20.0,2021-05-25 21:00:00,75.0,-20.0,2021-05-25 09:00:00,60.0,-5.0
2021-003,2021,BOB,YAAS,2021-05-26 12:00:00,21.8,86.6,45.0,984.0,10.0,CS,23,2021-05-27 12:00:00,25.0,-20.0,0.0,-10.0,2021-05-26 06:00:00,75.0,-30.0,2021-05-26 00:00:00,75.0,-30.0,2021-05-25 12:00:00,65.0,-20.0
2021-003,2021,BOB,YAAS,2021-05-26 15:00:00,22.2,86.2,40.0,986.0,8.0,CS,24,2021-05-27 15:00:00,,,,-5.0,2021-05-26 09:00:00,55.0,-15.0,2021-05-26 03:00:00,75.0,-35.0,2021-05-25 15:00:00,65.0,-25.0
2021-003,2021,BOB,YAAS,2021-05-26 18:00:00,22.5,86.0,30.0,988.0,6.0,DD,25,2021-05-27 18:00:00,25.0,-5.0,0.0,-10.0,2021-05-26 12:00:00,45.0,-15.0,2021-05-26 06:00:00,75.0,-45.0,2021-05-25 18:00:00,70.0,-40.0
2021-003,2021,BOB,YAAS,2021-05-27 00:00:00,22.8,85.8,30.0,988.0,6.0,DD,26,2021-05-28 00:00:00,,,,0.0,2021-05-26 18:00:00,30.0,0.0,2021-05-26 12:00:00,45.0,-15.0,2021-05-26 00:00:00,75.0,-45.0
2021-003,2021,BOB,YAAS,2021-05-27 03:00:00,23.1,85.7,30.0,990.0,6.0,DD,27,2021-05-28 03:00:00,,,,0.0,2021-05-26 21:00:00,,,2021-05-26 15:00:00,40.0,-10.0,2021-05-26 03:00:00,75.0,-45.0
2021-003,2021,BOB,YAAS,2021-05-27 06:00:00,23.5,85.6,25.0,991.0,5.0,D,28,2021-05-28 06:00:00,,,,-5.0,2021-05-27 00:00:00,30.0,-5.0,2021-05-26 18:00:00,30.0,-5.0,2021-05-26 06:00:00,75.0,-50.0
2021-003,2021,BOB,YAAS,2021-05-27 12:00:00,24.3,85.3,25.0,992.0,4.0,D,29,2021-05-28 12:00:00,,,,0.0,2021-05-27 06:00:00,25.0,0.0,2021-05-27 00:00:00,30.0,-5.0,2021-05-26 12:00:00,45.0,-20.0
2021-003,2021,BOB,YAAS,2021-05-27 18:00:00,24.7,84.8,25.0,992.0,4.0,D,30,2021-05-28 18:00:00,,,,0.0,2021-05-27 12:00:00,25.0,0.0,2021-05-27 06:00:00,25.0,0.0,2021-05-26 18:00:00,30.0,-5.0
2021-004,2021,BOB,,2021-09-12 12:00:00,20.3,87.4,25.0,992.0,4.0,D,0,2021-09-13 12:00:00,30.0,5.0,0.0,,2021-09-12 06:00:00,,,2021-09-12 00:00:00,,,2021-09-11 12:00:00,,
2021-004,2021,BOB,,2021-09-12 18:00:00,20.4,87.1,25.0,992.0,4.0,D,1,2021-09-13 18:00:00,30.0,5.0,0.0,0.0,2021-09-12 12:00:00,25.0,0.0,2021-09-12 06:00:00,,,2021-09-11 18:00:00,,
2021-004,2021,BOB,,2021-09-13 00:00:00,20.6,87.0,30.0,990.0,4.0,DD,2,2021-09-14 00:00:00,30.0,0.0,0.0,5.0,2021-09-12 18:00:00,25.0,5.0,2021-09-12 12:00:00,25.0,5.0,2021-09-12 00:00:00,,
2021-004,2021,BOB,,2021-09-13 03:00:00,20.9,86.5,30.0,990.0,6.0,DD,3,2021-09-14 03:00:00,25.0,-5.0,0.0,0.0,2021-09-12 21:00:00,,,2021-09-12 15:00:00,,,2021-09-12 03:00:00,,
2021-004,2021,BOB,,2021-09-13 06:00:00,21.1,86.2,30.0,990.0,6.0,DD,4,2021-09-14 06:00:00,25.0,-5.0,0.0,0.0,2021-09-13 00:00:00,30.0,0.0,2021-09-12 18:00:00,25.0,5.0,2021-09-12 06:00:00,,
2021-004,2021,BOB,,2021-09-13 12:00:00,21.4,85.5,30.0,990.0,6.0,DD,5,2021-09-14 12:00:00,25.0,-5.0,0.0,0.0,2021-09-13 06:00:00,30.0,0.0,2021-09-13 00:00:00,30.0,0.0,2021-09-12 12:00:00,25.0,5.0
2021-004,2021,BOB,,2021-09-13 18:00:00,21.6,84.8,30.0,990.0,6.0,DD,6,2021-09-14 18:00:00,25.0,-5.0,0.0,0.0,2021-09-13 12:00:00,30.0,0.0,2021-09-13 06:00:00,30.0,0.0,2021-09-12 18:00:00,25.0,5.0
2021-004,2021,BOB,,2021-09-14 00:00:00,22.0,83.6,30.0,990.0,6.0,DD,7,2021-09-15 00:00:00,,,,0.0,2021-09-13 18:00:00,30.0,0.0,2021-09-13 12:00:00,30.0,0.0,2021-09-13 00:00:00,30.0,0.0
2021-004,2021,BOB,,2021-09-14 03:00:00,22.1,83.4,25.0,990.0,5.0,D,8,2021-09-15 03:00:00,,,,-5.0,2021-09-13 21:00:00,,,2021-09-13 15:00:00,,,2021-09-13 03:00:00,30.0,-5.0
2021-004,2021,BOB,,2021-09-14 06:00:00,22.4,83.0,25.0,990.0,5.0,D,9,2021-09-15 06:00:00,,,,0.0,2021-09-14 00:00:00,30.0,-5.0,2021-09-13 18:00:00,30.0,-5.0,2021-09-13 06:00:00,30.0,-5.0
2021-004,2021,BOB,,2021-09-14 12:00:00,22.7,82.5,25.0,996.0,4.0,D,10,2021-09-15 12:00:00,,,,0.0,2021-09-14 06:00:00,25.0,0.0,2021-09-14 00:00:00,30.0,-5.0,2021-09-13 12:00:00,30.0,-5.0
2021-004,2021,BOB,,2021-09-14 18:00:00,23.0,82.0,25.0,996.0,4.0,D,11,2021-09-15 18:00:00,,,,0.0,2021-09-14 12:00:00,25.0,0.0,2021-09-14 06:00:00,25.0,0.0,2021-09-13 18:00:00,30.0,-5.0
2021-005,2021,BOB,GULAB,2021-09-24 12:00:00,18.3,91.2,25.0,1000.0,4.0,D,0,2021-09-25 12:00:00,35.0,10.0,0.0,,2021-09-24 06:00:00,,,2021-09-24 00:00:00,,,2021-09-23 12:00:00,,
2021-005,2021,BOB,GULAB,2021-09-24 18:00:00,18.4,90.4,25.0,1000.0,4.0,D,1,2021-09-25 18:00:00,35.0,10.0,0.0,0.0,2021-09-24 12:00:00,25.0,0.0,2021-09-24 06:00:00,,,2021-09-23 18:00:00,,
2021-005,2021,BOB,GULAB,2021-09-25 00:00:00,18.4,89.7,30.0,999.0,5.0,DD,2,2021-09-26 00:00:00,40.0,10.0,0.0,5.0,2021-09-24 18:00:00,25.0,5.0,2021-09-24 12:00:00,25.0,5.0,2021-09-24 00:00:00,,
2021-005,2021,BOB,GULAB,2021-09-25 03:00:00,18.4,89.3,30.0,998.0,6.0,DD,3,2021-09-26 03:00:00,40.0,10.0,0.0,0.0,2021-09-24 21:00:00,,,2021-09-24 15:00:00,,,2021-09-24 03:00:00,,
2021-005,2021,BOB,GULAB,2021-09-25 06:00:00,18.4,88.7,30.0,998.0,6.0,DD,4,2021-09-26 06:00:00,45.0,15.0,0.0,0.0,2021-09-25 00:00:00,30.0,0.0,2021-09-24 18:00:00,25.0,5.0,2021-09-24 06:00:00,,
2021-005,2021,BOB,GULAB,2021-09-25 12:00:00,18.3,88.3,35.0,997.0,7.0,CS,5,2021-09-26 12:00:00,45.0,10.0,0.0,5.0,2021-09-25 06:00:00,30.0,5.0,2021-09-25 00:00:00,30.0,5.0,2021-09-24 12:00:00,25.0,10.0
2021-005,2021,BOB,GULAB,2021-09-25 15:00:00,18.3,88.1,35.0,997.0,7.0,CS,6,2021-09-26 15:00:00,45.0,10.0,0.0,0.0,2021-09-25 09:00:00,,,2021-09-25 03:00:00,30.0,5.0,2021-09-24 15:00:00,,
2021-005,2021,BOB,GULAB,2021-09-25 18:00:00,18.3,87.9,35.0,996.0,7.0,CS,7,2021-09-26 18:00:00,35.0,0.0,0.0,0.0,2021-09-25 12:00:00,35.0,0.0,2021-09-25 06:00:00,30.0,5.0,2021-09-24 18:00:00,25.0,10.0
2021-005,2021,BOB,GULAB,2021-09-25 21:00:00,18.3,87.6,35.0,996.0,7.0,CS,8,2021-09-26 21:00:00,30.0,-5.0,0.0,0.0,2021-09-25 15:00:00,35.0,0.0,2021-09-25 09:00:00,,,2021-09-24 21:00:00,,
2021-005,2021,BOB,GULAB,2021-09-26 00:00:00,18.3,87.3,40.0,994.0,8.0,CS,9,2021-09-27 00:00:00,30.0,-10.0,0.0,5.0,2021-09-25 18:00:00,35.0,5.0,2021-09-25 12:00:00,35.0,5.0,2021-09-25 00:00:00,30.0,10.0
2021-005,2021,BOB,GULAB,2021-09-26 03:00:00,18.4,86.4,40.0,994.0,8.0,CS,10,2021-09-27 03:00:00,30.0,-10.0,0.0,0.0,2021-09-25 21:00:00,35.0,5.0,2021-09-25 15:00:00,35.0,5.0,2021-09-25 03:00:00,30.0,10.0
2021-005,2021,BOB,GULAB,2021-09-26 06:00:00,18.4,85.9,45.0,992.0,10.0,CS,11,2021-09-27 06:00:00,30.0,-15.0,0.0,5.0,2021-09-26 00:00:00,40.0,5.0,2021-09-25 18:00:00,35.0,10.0,2021-09-25 06:00:00,30.0,15.0
2021-005,2021,BOB,GULAB,2021-09-26 09:00:00,18.4,85.3,45.0,992.0,10.0,CS,12,2021-09-27 09:00:00,,,,0.0,2021-09-26 03:00:00,40.0,5.0,2021-09-25 21:00:00,35.0,10.0,2021-09-25 09:00:00,,
2021-005,2021,BOB,GULAB,2021-09-26 12:00:00,18.4,84.6,45.0,992.0,10.0,CS,13,2021-09-27 12:00:00,25.0,-20.0,0.0,0.0,2021-09-26 06:00:00,45.0,0.0,2021-09-26 00:00:00,40.0,5.0,2021-09-25 12:00:00,35.0,10.0
2021-005,2021,BOB,GULAB,2021-09-26 15:00:00,18.3,83.8,45.0,992.0,10.0,CS,14,2021-09-27 15:00:00,,,,0.0,2021-09-26 09:00:00,45.0,0.0,2021-09-26 03:00:00,40.0,5.0,2021-09-25 15:00:00,35.0,10.0
2021-005,2021,BOB,GULAB,2021-09-26 18:00:00,18.4,83.4,35.0,994.0,7.0,CS,15,2021-09-27 18:00:00,25.0,-10.0,0.0,-10.0,2021-09-26 12:00:00,45.0,-10.0,2021-09-26 06:00:00,45.0,-10.0,2021-09-25 18:00:00,35.0,0.0
2021-005,2021,BOB,GULAB,2021-09-26 21:00:00,18.4,83.0,30.0,996.0,6.0,DD,16,2021-09-27 21:00:00,,,,-5.0,2021-09-26 15:00:00,45.0,-15.0,2021-09-26 09:00:00,45.0,-15.0,2021-09-25 21:00:00,35.0,-5.0
2021-005,2021,BOB,GULAB,2021-09-27 00:00:00,18.4,82.8,30.0,996.0,6.0,DD,17,2021-09-28 00:00:00,25.0,-5.0,0.0,0.0,2021-09-26 18:00:00,35.0,-5.0,2021-09-26 12:00:00,45.0,-15.0,2021-09-26 00:00:00,40.0,-10.0
2021-005,2021,BOB,GULAB,2021-09-27 03:00:00,18.4,82.5,30.0,996.0,6.0,DD,18,2021-09-28 03:00:00,20.0,-10.0,0.0,0.0,2021-09-26 21:00:00,30.0,0.0,2021-09-26 15:00:00,45.0,-15.0,2021-09-26 03:00:00,40.0,-10.0
2021-005,2021,BOB,GULAB,2021-09-27 06:00:00,18.5,82.0,30.0,996.0,6.0,DD,19,2021-09-28 06:00:00,,,,0.0,2021-09-27 00:00:00,30.0,0.0,2021-09-26 18:00:00,35.0,-5.0,2021-09-26 06:00:00,45.0,-15.0
2021-005,2021,BOB,GULAB,2021-09-27 12:00:00,18.6,80.1,25.0,998.0,4.0,D,20,2021-09-28 12:00:00,,,,-5.0,2021-09-27 06:00:00,30.0,-5.0,2021-09-27 00:00:00,30.0,-5.0,2021-09-26 12:00:00,45.0,-20.0
2021-005,2021,BOB,GULAB,2021-09-27 18:00:00,18.7,79.4,25.0,998.0,4.0,D,21,2021-09-28 18:00:00,,,,0.0,2021-09-27 12:00:00,25.0,0.0,2021-09-27 06:00:00,30.0,-5.0,2021-09-26 18:00:00,35.0,-10.0
2021-005,2021,BOB,GULAB,2021-09-28 00:00:00,19.0,78.2,25.0,998.0,4.0,D,22,2021-09-29 00:00:00,,,,0.0,2021-09-27 18:00:00,25.0,0.0,2021-09-27 12:00:00,25.0,0.0,2021-09-27 00:00:00,30.0,-5.0
2021-005,2021,BOB,GULAB,2021-09-28 03:00:00,19.4,77.3,20.0,999.0,3.0,D,23,2021-09-29 03:00:00,,,,-5.0,2021-09-27 21:00:00,,,2021-09-27 15:00:00,,,2021-09-27 03:00:00,30.0,-10.0
2021-008,2021,BOB,,2021-11-10 12:00:00,10.6,83.4,25.0,1000.0,4.0,D,0,2021-11-11 12:00:00,25.0,0.0,0.0,,2021-11-10 06:00:00,,,2021-11-10 00:00:00,,,2021-11-09 12:00:00,,
2021-008,2021,BOB,,2021-11-10 18:00:00,11.3,82.3,25.0,1000.0,4.0,D,1,2021-11-11 18:00:00,20.0,-5.0,0.0,0.0,2021-11-10 12:00:00,25.0,0.0,2021-11-10 06:00:00,,,2021-11-09 18:00:00,,
2021-008,2021,BOB,,2021-11-11 00:00:00,12.0,81.5,25.0,1000.0,4.0,D,2,2021-11-12 00:00:00,,,,0.0,2021-11-10 18:00:00,25.0,0.0,2021-11-10 12:00:00,25.0,0.0,2021-11-10 00:00:00,,
2021-008,2021,BOB,,2021-11-11 03:00:00,12.3,81.2,25.0,1000.0,4.0,D,3,2021-11-12 03:00:00,,,,0.0,2021-11-10 21:00:00,,,2021-11-10 15:00:00,,,2021-11-10 03:00:00,,
2021-008,2021,BOB,,2021-11-11 06:00:00,12.6,80.8,25.0,1000.0,4.0,D,4,2021-11-12 06:00:00,,,,0.0,2021-11-11 00:00:00,25.0,0.0,2021-11-10 18:00:00,25.0,0.0,2021-11-10 06:00:00,,
2021-008,2021,BOB,,2021-11-11 12:00:00,12.9,80.3,25.0,1000.0,4.0,D,5,2021-11-12 12:00:00,,,,0.0,2021-11-11 06:00:00,25.0,0.0,2021-11-11 00:00:00,25.0,0.0,2021-11-10 12:00:00,25.0,0.0
2021-008,2021,BOB,,2021-11-11 18:00:00,13.1,79.8,20.0,1000.0,3.0,D,6,2021-11-12 18:00:00,,,,-5.0,2021-11-11 12:00:00,25.0,-5.0,2021-11-11 06:00:00,25.0,-5.0,2021-11-10 18:00:00,25.0,-5.0
2021-009,2021,BOB,,2021-11-18 03:00:00,11.0,82.3,25.0,1000.0,4.0,D,0,2021-11-19 03:00:00,20.0,-5.0,0.0,,2021-11-17 21:00:00,,,2021-11-17 15:00:00,,,2021-11-17 03:00:00,,
2021-009,2021,BOB,,2021-11-18 06:00:00,11.2,81.7,25.0,1000.0,4.0,D,1,2021-11-19 06:00:00,,,,0.0,2021-11-18 00:00:00,,,2021-11-17 18:00:00,,,2021-11-17 06:00:00,,
2021-009,2021,BOB,,2021-11-18 12:00:00,11.8,80.9,25.0,1000.0,4.0,D,2,2021-11-19 12:00:00,,,,0.0,2021-11-18 06:00:00,25.0,0.0,2021-11-18 00:00:00,,,2021-11-17 12:00:00,,
2021-009,2021,BOB,,2021-11-18 18:00:00,12.2,80.5,25.0,1000.0,4.0,D,3,2021-11-19 18:00:00,,,,0.0,2021-11-18 12:00:00,25.0,0.0,2021-11-18 06:00:00,25.0,0.0,2021-11-17 18:00:00,,
2021-009,2021,BOB,,2021-11-19 00:00:00,12.5,80.0,25.0,1000.0,4.0,D,4,2021-11-20 00:00:00,,,,0.0,2021-11-18 18:00:00,25.0,0.0,2021-11-18 12:00:00,25.0,0.0,2021-11-18 00:00:00,,
2021-009,2021,BOB,,2021-11-19 03:00:00,12.7,79.7,20.0,1002.0,3.0,D,5,2021-11-20 03:00:00,,,,-5.0,2021-11-18 21:00:00,,,2021-11-18 15:00:00,,,2021-11-18 03:00:00,25.0,-5.0
2021-010,2021,BOB,JAWAD,2021-12-02 12:00:00,11.0,89.0,25.0,1004.0,4.0,D,0,2021-12-03 12:00:00,40.0,15.0,0.0,,2021-12-02 06:00:00,,,2021-12-02 00:00:00,,,2021-12-01 12:00:00,,
2021-010,2021,BOB,JAWAD,2021-12-02 18:00:00,12.0,87.5,25.0,1004.0,4.0,D,1,2021-12-03 18:00:00,40.0,15.0,0.0,0.0,2021-12-02 12:00:00,25.0,0.0,2021-12-02 06:00:00,,,2021-12-01 18:00:00,,
2021-010,2021,BOB,JAWAD,2021-12-03 00:00:00,13.4,86.4,30.0,1002.0,5.0,DD,2,2021-12-04 00:00:00,40.0,10.0,0.0,5.0,2021-12-02 18:00:00,25.0,5.0,2021-12-02 12:00:00,25.0,5.0,2021-12-02 00:00:00,,
2021-010,2021,BOB,JAWAD,2021-12-03 03:00:00,14.0,86.0,30.0,1002.0,6.0,DD,3,2021-12-04 03:00:00,40.0,10.0,0.0,0.0,2021-12-02 21:00:00,,,2021-12-02 15:00:00,,,2021-12-02 03:00:00,,
2021-010,2021,BOB,JAWAD,2021-12-03 06:00:00,14.5,85.6,35.0,1001.0,7.0,CS,4,2021-12-04 06:00:00,35.0,0.0,0.0,5.0,2021-12-03 00:00:00,30.0,5.0,2021-12-02 18:00:00,25.0,10.0,2021-12-02 06:00:00,,
2021-010,2021,BOB,JAWAD,2021-12-03 09:00:00,15.0,85.3,35.0,1001.0,7.0,CS,5,2021-12-04 09:00:00,35.0,0.0,0.0,0.0,2021-12-03 03:00:00,30.0,5.0,2021-12-02 21:00:00,,,2021-12-02 09:00:00,,
2021-010,2021,BOB,JAWAD,2021-12-03 12:00:00,15.5,85.0,40.0,1000.0,8.0,CS,6,2021-12-04 12:00:00,30.0,-10.0,0.0,5.0,2021-12-03 06:00:00,35.0,5.0,2021-12-03 00:00:00,30.0,10.0,2021-12-02 12:00:00,25.0,15.0
2021-010,2021,BOB,JAWAD,2021-12-03 15:00:00,15.7,85.0,40.0,1000.0,8.0,CS,7,2021-12-04 15:00:00,,,,0.0,2021-12-03 09:00:00,35.0,5.0,2021-12-03 03:00:00,30.0,10.0,2021-12-02 15:00:00,,
2021-010,2021,BOB,JAWAD,2021-12-03 18:00:00,15.9,84.8,40.0,1000.0,8.0,CS,8,2021-12-04 18:00:00,30.0,-10.0,0.0,0.0,2021-12-03 12:00:00,40.0,0.0,2021-12-03 06:00:00,35.0,5.0,2021-12-02 18:00:00,25.0,15.0
2021-010,2021,BOB,JAWAD,2021-12-03 21:00:00,16.0,84.9,40.0,1000.0,8.0,CS,9,2021-12-04 21:00:00,,,,0.0,2021-12-03 15:00:00,40.0,0.0,2021-12-03 09:00:00,35.0,5.0,2021-12-02 21:00:00,,
2021-010,2021,BOB,JAWAD,2021-12-04 00:00:00,16.2,84.7,40.0,1000.0,8.0,CS,10,2021-12-05 00:00:00,30.0,-10.0,0.0,0.0,2021-12-03 18:00:00,40.0,0.0,2021-12-03 12:00:00,40.0,0.0,2021-12-03 00:00:00,30.0,10.0
2021-010,2021,BOB,JAWAD,2021-12-04 03:00:00,16.3,84.7,40.0,1000.0,8.0,CS,11,2021-12-05 03:00:00,30.0,-10.0,0.0,0.0,2021-12-03 21:00:00,40.0,0.0,2021-12-03 15:00:00,40.0,0.0,2021-12-03 03:00:00,30.0,10.0
2021-010,2021,BOB,JAWAD,2021-12-04 06:00:00,16.4,84.7,35.0,1001.0,7.0,CS,12,2021-12-05 06:00:00,30.0,-5.0,0.0,-5.0,2021-12-04 00:00:00,40.0,-5.0,2021-12-03 18:00:00,40.0,-5.0,2021-12-03 06:00:00,35.0,0.0
2021-010,2021,BOB,JAWAD,2021-12-04 09:00:00,16.5,84.7,35.0,1001.0,7.0,CS,13,2021-12-05 09:00:00,25.0,-10.0,0.0,0.0,2021-12-04 03:00:00,40.0,-5.0,2021-12-03 21:00:00,40.0,-5.0,2021-12-03 09:00:00,35.0,0.0
2021-010,2021,BOB,JAWAD,2021-12-04 12:00:00,16.9,84.8,30.0,1002.0,6.0,DD,14,2021-12-05 12:00:00,25.0,-5.0,0.0,-5.0,2021-12-04 06:00:00,35.0,-5.0,2021-12-04 00:00:00,40.0,-10.0,2021-12-03 12:00:00,40.0,-10.0
2021-010,2021,BOB,JAWAD,2021-12-04 18:00:00,17.5,85.0,30.0,1002.0,6.0,DD,15,2021-12-05 18:00:00,25.0,-5.0,0.0,0.0,2021-12-04 12:00:00,30.0,0.0,2021-12-04 06:00:00,35.0,-5.0,2021-12-03 18:00:00,40.0,-10.0
2021-010,2021,BOB,JAWAD,2021-12-05 00:00:00,17.9,85.5,30.0,1002.0,6.0,DD,16,2021-12-06 00:00:00,,,,0.0,2021-12-04 18:00:00,30.0,0.0,2021-12-04 12:00:00,30.0,0.0,2021-12-04 00:00:00,40.0,-10.0
2021-010,2021,BOB,JAWAD,2021-12-05 03:00:00,18.7,85.7,30.0,1003.0,5.0,DD,17,2021-12-06 03:00:00,,,,0.0,2021-12-04 21:00:00,,,2021-12-04 15:00:00,,,2021-12-04 03:00:00,40.0,-10.0
2021-010,2021,BOB,JAWAD,2021-12-05 06:00:00,19.1,85.9,30.0,1003.0,5.0,DD,18,2021-12-06 06:00:00,,,,0.0,2021-12-05 00:00:00,30.0,0.0,2021-12-04 18:00:00,30.0,0.0,2021-12-04 06:00:00,35.0,-5.0
2021-010,2021,BOB,JAWAD,2021-12-05 09:00:00,19.5,86.2,25.0,1004.0,4.0,D,19,2021-12-06 09:00:00,,,,-5.0,2021-12-05 03:00:00,30.0,-5.0,2021-12-04 21:00:00,,,2021-12-04 09:00:00,35.0,-10.0
2021-010,2021,BOB,JAWAD,2021-12-05 12:00:00,20.1,86.9,25.0,1004.0,4.0,D,20,2021-12-06 12:00:00,,,,0.0,2021-12-05 06:00:00,30.0,-5.0,2021-12-05 00:00:00,30.0,-5.0,2021-12-04 12:00:00,30.0,-5.0
2021-010,2021,BOB,JAWAD,2021-12-05 18:00:00,20.6,87.3,25.0,1004.0,4.0,D,21,2021-12-06 18:00:00,,,,0.0,2021-12-05 12:00:00,25.0,0.0,2021-12-05 06:00:00,30.0,-5.0,2021-12-04 18:00:00,30.0,-5.0
2022-001,2022,BOB,,2022-03-03 00:00:00,5.3,84.0,25.0,1004.0,3.0,D,0,2022-03-04 00:00:00,25.0,0.0,0.0,,2022-03-02 18:00:00,,,2022-03-02 12:00:00,,,2022-03-02 00:00:00,,
2022-001,2022,BOB,,2022-03-03 03:00:00,5.6,83.7,25.0,1004.0,3.0,D,1,2022-03-04 03:00:00,25.0,0.0,0.0,0.0,2022-03-02 21:00:00,,,2022-03-02 15:00:00,,,2022-03-02 03:00:00,,
2022-001,2022,BOB,,2022-03-03 06:00:00,6.1,83.4,25.0,1004.0,3.0,D,2,2022-03-04 06:00:00,25.0,0.0,0.0,0.0,2022-03-03 00:00:00,25.0,0.0,2022-03-02 18:00:00,,,2022-03-02 06:00:00,,
2022-001,2022,BOB,,2022-03-03 12:00:00,7.1,83.3,25.0,1004.0,3.0,D,3,2022-03-04 12:00:00,30.0,5.0,0.0,0.0,2022-03-03 06:00:00,25.0,0.0,2022-03-03 00:00:00,25.0,0.0,2022-03-02 12:00:00,,
2022-001,2022,BOB,,2022-03-03 18:00:00,7.8,83.1,25.0,1004.0,3.0,D,4,2022-03-04 18:00:00,30.0,5.0,0.0,0.0,2022-03-03 12:00:00,25.0,0.0,2022-03-03 06:00:00,25.0,0.0,2022-03-02 18:00:00,,
2022-001,2022,BOB,,2022-03-04 00:00:00,8.5,83.0,25.0,1004.0,3.0,D,5,2022-03-05 00:00:00,30.0,5.0,0.0,0.0,2022-03-03 18:00:00,25.0,0.0,2022-03-03 12:00:00,25.0,0.0,2022-03-03 00:00:00,25.0,0.0
2022-001,2022,BOB,,2022-03-04 03:00:00,8.9,82.9,25.0,1004.0,3.0,D,6,2022-03-05 03:00:00,30.0,5.0,0.0,0.0,2022-03-03 21:00:00,,,2022-03-03 15:00:00,,,2022-03-03 03:00:00,25.0,0.0
2022-001,2022,BOB,,2022-03-04 06:00:00,9.2,82.8,25.0,1003.0,4.0,D,7,2022-03-05 06:00:00,30.0,5.0,0.0,0.0,2022-03-04 00:00:00,25.0,0.0,2022-03-03 18:00:00,25.0,0.0,2022-03-03 06:00:00,25.0,0.0
2022-001,2022,BOB,,2022-03-04 12:00:00,10.0,82.7,30.0,1002.0,5.0,DD,8,2022-03-05 12:00:00,30.0,0.0,0.0,5.0,2022-03-04 06:00:00,25.0,5.0,2022-03-04 00:00:00,25.0,5.0,2022-03-03 12:00:00,25.0,5.0
2022-001,2022,BOB,,2022-03-04 18:00:00,10.3,82.6,30.0,1002.0,5.0,DD,9,2022-03-05 18:00:00,25.0,-5.0,0.0,0.0,2022-03-04 12:00:00,30.0,0.0,2022-03-04 06:00:00,25.0,5.0,2022-03-03 18:00:00,25.0,5.0
2022-001,2022,BOB,,2022-03-05 00:00:00,11.0,82.6,30.0,1002.0,5.0,DD,10,2022-03-06 00:00:00,25.0,-5.0,0.0,0.0,2022-03-04 18:00:00,30.0,0.0,2022-03-04 12:00:00,30.0,0.0,2022-03-04 00:00:00,25.0,5.0
2022-001,2022,BOB,,2022-03-05 03:00:00,11.4,82.6,30.0,1002.0,5.0,DD,11,2022-03-06 03:00:00,,,,0.0,2022-03-04 21:00:00,,,2022-03-04 15:00:00,,,2022-03-04 03:00:00,25.0,5.0
2022-001,2022,BOB,,2022-03-05 06:00:00,11.6,82.6,30.0,1002.0,5.0,DD,12,2022-03-06 06:00:00,,,,0.0,2022-03-05 00:00:00,30.0,0.0,2022-03-04 18:00:00,30.0,0.0,2022-03-04 06:00:00,25.0,5.0
2022-001,2022,BOB,,2022-03-05 12:00:00,11.7,82.5,30.0,1002.0,5.0,DD,13,2022-03-06 12:00:00,,,,0.0,2022-03-05 06:00:00,30.0,0.0,2022-03-05 00:00:00,30.0,0.0,2022-03-04 12:00:00,30.0,0.0
2022-001,2022,BOB,,2022-03-05 18:00:00,11.5,82.4,25.0,1003.0,4.0,D,14,2022-03-06 18:00:00,,,,-5.0,2022-03-05 12:00:00,30.0,-5.0,2022-03-05 06:00:00,30.0,-5.0,2022-03-04 18:00:00,30.0,-5.0
2022-001,2022,BOB,,2022-03-06 00:00:00,11.2,82.2,25.0,1004.0,3.0,D,15,2022-03-07 00:00:00,,,,0.0,2022-03-05 18:00:00,25.0,0.0,2022-03-05 12:00:00,30.0,-5.0,2022-03-05 00:00:00,30.0,-5.0
2022-002,2022,BOB,,2022-03-20 00:00:00,9.8,92.5,25.0,1002.0,3.0,D,0,2022-03-21 00:00:00,30.0,5.0,0.0,,2022-03-19 18:00:00,,,2022-03-19 12:00:00,,,2022-03-19 00:00:00,,
2022-002,2022,BOB,,2022-03-20 03:00:00,10.1,92.6,25.0,1002.0,3.0,D,1,2022-03-21 03:00:00,30.0,5.0,0.0,0.0,2022-03-19 21:00:00,,,2022-03-19 15:00:00,,,2022-03-19 03:00:00,,
2022-002,2022,BOB,,2022-03-20 06:00:00,10.4,92.9,25.0,1002.0,3.0,D,2,2022-03-21 06:00:00,30.0,5.0,0.0,0.0,2022-03-20 00:00:00,25.0,0.0,2022-03-19 18:00:00,,,2022-03-19 06:00:00,,
2022-002,2022,BOB,,2022-03-20 12:00:00,10.9,93.2,25.0,1002.0,3.0,D,3,2022-03-21 12:00:00,30.0,5.0,0.0,0.0,2022-03-20 06:00:00,25.0,0.0,2022-03-20 00:00:00,25.0,0.0,2022-03-19 12:00:00,,
2022-002,2022,BOB,,2022-03-20 18:00:00,11.3,93.4,25.0,1001.0,4.0,D,4,2022-03-21 18:00:00,30.0,5.0,0.0,0.0,2022-03-20 12:00:00,25.0,0.0,2022-03-20 06:00:00,25.0,0.0,2022-03-19 18:00:00,,
2022-002,2022,BOB,,2022-03-21 00:00:00,11.9,93.7,30.0,1000.0,5.0,DD,5,2022-03-22 00:00:00,30.0,0.0,0.0,5.0,2022-03-20 18:00:00,25.0,5.0,2022-03-20 12:00:00,25.0,5.0,2022-03-20 00:00:00,25.0,5.0
2022-002,2022,BOB,,2022-03-21 03:00:00,12.3,93.8,30.0,1000.0,5.0,DD,6,2022-03-22 03:00:00,30.0,0.0,0.0,0.0,2022-03-20 21:00:00,,,2022-03-20 15:00:00,,,2022-03-20 03:00:00,25.0,5.0
2022-002,2022,BOB,,2022-03-21 06:00:00,12.6,93.9,30.0,1000.0,5.0,DD,7,2022-03-22 06:00:00,30.0,0.0,0.0,0.0,2022-03-21 00:00:00,30.0,0.0,2022-03-20 18:00:00,25.0,5.0,2022-03-20 06:00:00,25.0,5.0
2022-002,2022,BOB,,2022-03-21 12:00:00,13.3,94.0,30.0,1000.0,5.0,DD,8,2022-03-22 12:00:00,25.0,-5.0,0.0,0.0,2022-03-21 06:00:00,30.0,0.0,2022-03-21 00:00:00,30.0,0.0,2022-03-20 12:00:00,25.0,5.0
2022-002,2022,BOB,,2022-03-21 18:00:00,14.0,94.0,30.0,1000.0,5.0,DD,9,2022-03-22 18:00:00,25.0,-5.0,0.0,0.0,2022-03-21 12:00:00,30.0,0.0,2022-03-21 06:00:00,30.0,0.0,2022-03-20 18:00:00,25.0,5.0
2022-002,2022,BOB,,2022-03-22 00:00:00,14.9,94.2,30.0,1000.0,5.0,DD,10,2022-03-23 00:00:00,20.0,-10.0,0.0,0.0,2022-03-21 18:00:00,30.0,0.0,2022-03-21 12:00:00,30.0,0.0,2022-03-21 00:00:00,30.0,0.0
2022-002,2022,BOB,,2022-03-22 03:00:00,15.2,94.2,30.0,1000.0,5.0,DD,11,2022-03-23 03:00:00,,,,0.0,2022-03-21 21:00:00,,,2022-03-21 15:00:00,,,2022-03-21 03:00:00,30.0,0.0
2022-002,2022,BOB,,2022-03-22 06:00:00,15.8,94.2,30.0,1000.0,5.0,DD,12,2022-03-23 06:00:00,,,,0.0,2022-03-22 00:00:00,30.0,0.0,2022-03-21 18:00:00,30.0,0.0,2022-03-21 06:00:00,30.0,0.0
2022-002,2022,BOB,,2022-03-22 09:00:00,16.3,94.3,30.0,1000.0,5.0,DD,13,2022-03-23 09:00:00,,,,0.0,2022-03-22 03:00:00,30.0,0.0,2022-03-21 21:00:00,,,2022-03-21 09:00:00,,
2022-002,2022,BOB,,2022-03-22 12:00:00,16.6,94.4,25.0,1001.0,4.0,D,14,2022-03-23 12:00:00,,,,-5.0,2022-03-22 06:00:00,30.0,-5.0,2022-03-22 00:00:00,30.0,-5.0,2022-03-21 12:00:00,30.0,-5.0
2022-002,2022,BOB,,2022-03-22 18:00:00,17.6,94.5,25.0,1002.0,3.0,D,15,2022-03-23 18:00:00,,,,0.0,2022-03-22 12:00:00,25.0,0.0,2022-03-22 06:00:00,30.0,-5.0,2022-03-21 18:00:00,30.0,-5.0
2022-002,2022,BOB,,2022-03-23 00:00:00,19.0,94.6,20.0,1003.0,3.0,D,16,2022-03-24 00:00:00,,,,-5.0,2022-03-22 18:00:00,25.0,-5.0,2022-03-22 12:00:00,25.0,-5.0,2022-03-22 00:00:00,30.0,-10.0
2022-003,2022,BOB,ASANI,2022-05-07 06:00:00,9.4,91.3,25.0,996.0,4.0,D,0,2022-05-08 06:00:00,45.0,20.0,0.0,,2022-05-07 00:00:00,,,2022-05-06 18:00:00,,,2022-05-06 06:00:00,,
2022-003,2022,BOB,ASANI,2022-05-07 12:00:00,10.3,90.4,30.0,995.0,5.0,DD,1,2022-05-08 12:00:00,50.0,20.0,0.0,5.0,2022-05-07 06:00:00,25.0,5.0,2022-05-07 00:00:00,,,2022-05-06 12:00:00,,
2022-003,2022,BOB,ASANI,2022-05-07 18:00:00,10.8,90.1,30.0,994.0,5.0,DD,2,2022-05-08 18:00:00,55.0,25.0,0.0,0.0,2022-05-07 12:00:00,30.0,0.0,2022-05-07 06:00:00,25.0,5.0,2022-05-06 18:00:00,,
2022-003,2022,BOB,ASANI,2022-05-08 00:00:00,11.3,89.3,35.0,992.0,7.0,CS,3,2022-05-09 00:00:00,55.0,20.0,0.0,5.0,2022-05-07 18:00:00,30.0,5.0,2022-05-07 12:00:00,30.0,5.0,2022-05-07 00:00:00,,
2022-003,2022,BOB,ASANI,2022-05-08 03:00:00,11.5,89.0,40.0,990.0,8.0,CS,4,2022-05-09 03:00:00,55.0,15.0,0.0,5.0,2022-05-07 21:00:00,,,2022-05-07 15:00:00,,,2022-05-07 03:00:00,,
2022-003,2022,BOB,ASANI,2022-05-08 06:00:00,11.8,88.7,45.0,988.0,10.0,CS,5,2022-05-09 06:00:00,55.0,10.0,0.0,5.0,2022-05-08 00:00:00,35.0,10.0,2022-05-07 18:00:00,30.0,15.0,2022-05-07 06:00:00,25.0,20.0
2022-003,2022,BOB,ASANI,2022-05-08 09:00:00,12.0,88.4,45.0,988.0,10.0,CS,6,2022-05-09 09:00:00,55.0,10.0,0.0,0.0,2022-05-08 03:00:00,40.0,5.0,2022-05-07 21:00:00,,,2022-05-07 09:00:00,,
2022-003,2022,BOB,ASANI,2022-05-08 12:00:00,12.3,88.2,50.0,986.0,12.0,SCS,7,2022-05-09 12:00:00,55.0,5.0,0.0,5.0,2022-05-08 06:00:00,45.0,5.0,2022-05-08 00:00:00,35.0,15.0,2022-05-07 12:00:00,30.0,20.0
2022-003,2022,BOB,ASANI,2022-05-08 15:00:00,12.7,87.8,50.0,986.0,12.0,SCS,8,2022-05-09 15:00:00,55.0,5.0,0.0,0.0,2022-05-08 09:00:00,45.0,5.0,2022-05-08 03:00:00,40.0,10.0,2022-05-07 15:00:00,,
2022-003,2022,BOB,ASANI,2022-05-08 18:00:00,13.1,87.5,55.0,984.0,14.0,SCS,9,2022-05-09 18:00:00,55.0,0.0,0.0,5.0,2022-05-08 12:00:00,50.0,5.0,2022-05-08 06:00:00,45.0,10.0,2022-05-07 18:00:00,30.0,25.0
2022-003,2022,BOB,ASANI,2022-05-08 21:00:00,13.5,87.1,55.0,984.0,14.0,SCS,10,2022-05-09 21:00:00,55.0,0.0,0.0,0.0,2022-05-08 15:00:00,50.0,5.0,2022-05-08 09:00:00,45.0,10.0,2022-05-07 21:00:00,,
2022-003,2022,BOB,ASANI,2022-05-09 00:00:00,13.9,86.8,55.0,983.0,15.0,SCS,11,2022-05-10 00:00:00,55.0,0.0,0.0,0.0,2022-05-08 18:00:00,55.0,0.0,2022-05-08 12:00:00,50.0,5.0,2022-05-08 00:00:00,35.0,20.0
2022-003,2022,BOB,ASANI,2022-05-09 03:00:00,14.2,86.5,55.0,982.0,16.0,SCS,12,2022-05-10 03:00:00,55.0,0.0,0.0,0.0,2022-05-08 21:00:00,55.0,0.0,2022-05-08 15:00:00,50.0,5.0,2022-05-08 03:00:00,40.0,15.0
2022-003,2022,BOB,ASANI,2022-05-09 06:00:00,14.6,86.3,55.0,982.0,16.0,SCS,13,2022-05-10 06:00:00,55.0,0.0,0.0,0.0,2022-05-09 00:00:00,55.0,0.0,2022-05-08 18:00:00,55.0,0.0,2022-05-08 06:00:00,45.0,10.0
2022-003,2022,BOB,ASANI,2022-05-09 09:00:00,14.7,86.0,55.0,982.0,16.0,SCS,14,2022-05-10 09:00:00,55.0,0.0,0.0,0.0,2022-05-09 03:00:00,55.0,0.0,2022-05-08 21:00:00,55.0,0.0,2022-05-08 09:00:00,45.0,10.0
2022-003,2022,BOB,ASANI,2022-05-09 12:00:00,14.9,85.8,55.0,982.0,16.0,SCS,15,2022-05-10 12:00:00,50.0,-5.0,0.0,0.0,2022-05-09 06:00:00,55.0,0.0,2022-05-09 00:00:00,55.0,0.0,2022-05-08 12:00:00,50.0,5.0
2022-003,2022,BOB,ASANI,2022-05-09 15:00:00,15.0,85.5,55.0,982.0,16.0,SCS,16,2022-05-10 15:00:00,50.0,-5.0,0.0,0.0,2022-05-09 09:00:00,55.0,0.0,2022-05-09 03:00:00,55.0,0.0,2022-05-08 15:00:00,50.0,5.0
2022-003,2022,BOB,ASANI,2022-05-09 18:00:00,15.1,85.2,55.0,982.0,16.0,SCS,17,2022-05-10 18:00:00,50.0,-5.0,0.0,0.0,2022-05-09 12:00:00,55.0,0.0,2022-05-09 06:00:00,55.0,0.0,2022-05-08 18:00:00,55.0,0.0
2022-003,2022,BOB,ASANI,2022-05-09 21:00:00,15.2,84.9,55.0,982.0,16.0,SCS,18,2022-05-10 21:00:00,45.0,-10.0,0.0,0.0,2022-05-09 15:00:00,55.0,0.0,2022-05-09 09:00:00,55.0,0.0,2022-05-08 21:00:00,55.0,0.0
2022-003,2022,BOB,ASANI,2022-05-10 00:00:00,15.3,84.6,55.0,982.0,16.0,SCS,19,2022-05-11 00:00:00,45.0,-10.0,0.0,0.0,2022-05-09 18:00:00,55.0,0.0,2022-05-09 12:00:00,55.0,0.0,2022-05-09 00:00:00,55.0,0.0
2022-003,2022,BOB,ASANI,2022-05-10 03:00:00,15.4,84.0,55.0,984.0,14.0,SCS,20,2022-05-11 03:00:00,45.0,-10.0,0.0,0.0,2022-05-09 21:00:00,55.0,0.0,2022-05-09 15:00:00,55.0,0.0,2022-05-09 03:00:00,55.0,0.0
2022-003,2022,BOB,ASANI,2022-05-10 06:00:00,15.5,83.5,55.0,984.0,14.0,SCS,21,2022-05-11 06:00:00,40.0,-15.0,0.0,0.0,2022-05-10 00:00:00,55.0,0.0,2022-05-09 18:00:00,55.0,0.0,2022-05-09 06:00:00,55.0,0.0
2022-003,2022,BOB,ASANI,2022-05-10 09:00:00,15.6,83.1,55.0,984.0,14.0,SCS,22,2022-05-11 09:00:00,40.0,-15.0,0.0,0.0,2022-05-10 03:00:00,55.0,0.0,2022-05-09 21:00:00,55.0,0.0,2022-05-09 09:00:00,55.0,0.0
2022-003,2022,BOB,ASANI,2022-05-10 12:00:00,15.7,82.8,50.0,984.0,14.0,SCS,23,2022-05-11 12:00:00,30.0,-20.0,0.0,-5.0,2022-05-10 06:00:00,55.0,-5.0,2022-05-10 00:00:00,55.0,-5.0,2022-05-09 12:00:00,55.0,-5.0
2022-003,2022,BOB,ASANI,2022-05-10 15:00:00,15.8,82.4,50.0,985.0,13.0,SCS,24,2022-05-11 15:00:00,30.0,-20.0,0.0,0.0,2022-05-10 09:00:00,55.0,-5.0,2022-05-10 03:00:00,55.0,-5.0,2022-05-09 15:00:00,55.0,-5.0
2022-003,2022,BOB,ASANI,2022-05-10 18:00:00,15.9,82.1,50.0,986.0,12.0,SCS,25,2022-05-11 18:00:00,30.0,-20.0,0.0,0.0,2022-05-10 12:00:00,50.0,0.0,2022-05-10 06:00:00,55.0,-5.0,2022-05-09 18:00:00,55.0,-5.0
2022-003,2022,BOB,ASANI,2022-05-10 21:00:00,16.0,81.9,45.0,986.0,10.0,CS,26,2022-05-11 21:00:00,,,,-5.0,2022-05-10 15:00:00,50.0,-5.0,2022-05-10 09:00:00,55.0,-10.0,2022-05-09 21:00:00,55.0,-10.0
2022-003,2022,BOB,ASANI,2022-05-11 00:00:00,16.1,81.8,45.0,988.0,10.0,CS,27,2022-05-12 00:00:00,25.0,-20.0,0.0,0.0,2022-05-10 18:00:00,50.0,-5.0,2022-05-10 12:00:00,50.0,-5.0,2022-05-10 00:00:00,55.0,-10.0
2022-003,2022,BOB,ASANI,2022-05-11 03:00:00,16.1,81.6,45.0,988.0,10.0,CS,28,2022-05-12 03:00:00,,,,0.0,2022-05-10 21:00:00,45.0,0.0,2022-05-10 15:00:00,50.0,-5.0,2022-05-10 03:00:00,55.0,-10.0
2022-003,2022,BOB,ASANI,2022-05-11 06:00:00,16.2,81.5,40.0,990.0,8.0,CS,29,2022-05-12 06:00:00,,,,-5.0,2022-05-11 00:00:00,45.0,-5.0,2022-05-10 18:00:00,50.0,-10.0,2022-05-10 06:00:00,55.0,-15.0
2022-003,2022,BOB,ASANI,2022-05-11 09:00:00,16.2,81.4,40.0,990.0,8.0,CS,30,2022-05-12 09:00:00,,,,0.0,2022-05-11 03:00:00,45.0,-5.0,2022-05-10 21:00:00,45.0,-5.0,2022-05-10 09:00:00,55.0,-15.0
2022-003,2022,BOB,ASANI,2022-05-11 12:00:00,16.3,81.4,30.0,992.0,6.0,DD,31,2022-05-12 12:00:00,,,,-10.0,2022-05-11 06:00:00,40.0,-10.0,2022-05-11 00:00:00,45.0,-15.0,2022-05-10 12:00:00,50.0,-20.0
2022-003,2022,BOB,ASANI,2022-05-11 15:00:00,16.3,81.3,30.0,993.0,5.0,DD,32,2022-05-12 15:00:00,,,,0.0,2022-05-11 09:00:00,40.0,-10.0,2022-05-11 03:00:00,45.0,-15.0,2022-05-10 15:00:00,50.0,-20.0
2022-003,2022,BOB,ASANI,2022-05-11 18:00:00,16.3,81.2,30.0,994.0,5.0,DD,33,2022-05-12 18:00:00,,,,0.0,2022-05-11 12:00:00,30.0,0.0,2022-05-11 06:00:00,40.0,-10.0,2022-05-10 18:00:00,50.0,-20.0
2022-003,2022,BOB,ASANI,2022-05-12 00:00:00,16.2,80.9,25.0,996.0,4.0,D,34,2022-05-13 00:00:00,,,,-5.0,2022-05-11 18:00:00,30.0,-5.0,2022-05-11 12:00:00,30.0,-5.0,2022-05-11 00:00:00,45.0,-20.0
2022-004,2022,BOB,,2022-05-20 03:00:00,16.3,97.3,25.0,1000.0,4.0,D,0,2022-05-21 03:00:00,,,,,2022-05-19 21:00:00,,,2022-05-19 15:00:00,,,2022-05-19 03:00:00,,
2022-004,2022,BOB,,2022-05-20 06:00:00,16.4,97.4,25.0,1000.0,4.0,D,1,2022-05-21 06:00:00,,,,0.0,2022-05-20 00:00:00,,,2022-05-19 18:00:00,,,2022-05-19 06:00:00,,
2022-004,2022,BOB,,2022-05-20 09:00:00,16.8,97.6,25.0,998.0,4.0,D,2,2022-05-21 09:00:00,,,,0.0,2022-05-20 03:00:00,25.0,0.0,2022-05-19 21:00:00,,,2022-05-19 09:00:00,,
2022-004,2022,BOB,,2022-05-20 12:00:00,17.1,97.8,25.0,999.0,3.0,D,3,2022-05-21 12:00:00,,,,0.0,2022-05-20 06:00:00,25.0,0.0,2022-05-20 00:00:00,,,2022-05-19 12:00:00,,
2022-004,2022,BOB,,2022-05-20 18:00:00,17.4,98.0,25.0,999.0,3.0,D,4,2022-05-21 18:00:00,,,,0.0,2022-05-20 12:00:00,25.0,0.0,2022-05-20 06:00:00,25.0,0.0,2022-05-19 18:00:00,,
2022-008,2022,BOB,,2022-08-14 03:00:00,21.7,87.8,25.0,994.0,4.0,D,0,2022-08-15 03:00:00,25.0,0.0,0.0,,2022-08-13 21:00:00,,,2022-08-13 15:00:00,,,2022-08-13 03:00:00,,
2022-008,2022,BOB,,2022-08-14 06:00:00,21.8,87.5,25.0,994.0,4.0,D,1,2022-08-15 06:00:00,25.0,0.0,0.0,0.0,2022-08-14 00:00:00,,,2022-08-13 18:00:00,,,2022-08-13 06:00:00,,
2022-008,2022,BOB,,2022-08-14 12:00:00,22.1,86.0,25.0,994.0,4.0,D,2,2022-08-15 12:00:00,25.0,0.0,0.0,0.0,2022-08-14 06:00:00,25.0,0.0,2022-08-14 00:00:00,,,2022-08-13 12:00:00,,
2022-008,2022,BOB,,2022-08-14 18:00:00,22.2,84.0,25.0,994.0,4.0,D,3,2022-08-15 18:00:00,25.0,0.0,0.0,0.0,2022-08-14 12:00:00,25.0,0.0,2022-08-14 06:00:00,25.0,0.0,2022-08-13 18:00:00,,
2022-008,2022,BOB,,2022-08-15 00:00:00,22.4,82.8,25.0,994.0,4.0,D,4,2022-08-16 00:00:00,25.0,0.0,0.0,0.0,2022-08-14 18:00:00,25.0,0.0,2022-08-14 12:00:00,25.0,0.0,2022-08-14 00:00:00,,
2022-008,2022,BOB,,2022-08-15 03:00:00,22.6,82.0,25.0,994.0,4.0,D,5,2022-08-16 03:00:00,25.0,0.0,0.0,0.0,2022-08-14 21:00:00,,,2022-08-14 15:00:00,,,2022-08-14 03:00:00,25.0,0.0
2022-008,2022,BOB,,2022-08-15 06:00:00,22.8,81.1,25.0,994.0,4.0,D,6,2022-08-16 06:00:00,20.0,-5.0,0.0,0.0,2022-08-15 00:00:00,25.0,0.0,2022-08-14 18:00:00,25.0,0.0,2022-08-14 06:00:00,25.0,0.0
2022-008,2022,BOB,,2022-08-15 12:00:00,23.3,79.8,25.0,994.0,4.0,D,7,2022-08-16 12:00:00,,,,0.0,2022-08-15 06:00:00,25.0,0.0,2022-08-15 00:00:00,25.0,0.0,2022-08-14 12:00:00,25.0,0.0
2022-008,2022,BOB,,2022-08-15 18:00:00,23.6,79.0,25.0,994.0,4.0,D,8,2022-08-16 18:00:00,,,,0.0,2022-08-15 12:00:00,25.0,0.0,2022-08-15 06:00:00,25.0,0.0,2022-08-14 18:00:00,25.0,0.0
2022-008,2022,BOB,,2022-08-16 00:00:00,24.3,77.6,25.0,994.0,4.0,D,9,2022-08-17 00:00:00,,,,0.0,2022-08-15 18:00:00,25.0,0.0,2022-08-15 12:00:00,25.0,0.0,2022-08-15 00:00:00,25.0,0.0
2022-008,2022,BOB,,2022-08-16 03:00:00,24.7,76.5,25.0,994.0,4.0,D,10,2022-08-17 03:00:00,,,,0.0,2022-08-15 21:00:00,,,2022-08-15 15:00:00,,,2022-08-15 03:00:00,25.0,0.0
2022-008,2022,BOB,,2022-08-16 06:00:00,24.9,76.1,20.0,995.0,3.0,D,11,2022-08-17 06:00:00,,,,-5.0,2022-08-16 00:00:00,25.0,-5.0,2022-08-15 18:00:00,25.0,-5.0,2022-08-15 06:00:00,25.0,-5.0
2022-009,2022,BOB,,2022-08-19 00:00:00,20.5,89.7,25.0,994.0,4.0,D,0,2022-08-20 00:00:00,30.0,5.0,0.0,,2022-08-18 18:00:00,,,2022-08-18 12:00:00,,,2022-08-18 00:00:00,,
2022-009,2022,BOB,,2022-08-19 03:00:00,20.8,89.2,25.0,994.0,4.0,D,1,2022-08-20 03:00:00,30.0,5.0,0.0,0.0,2022-08-18 21:00:00,,,2022-08-18 15:00:00,,,2022-08-18 03:00:00,,
2022-009,2022,BOB,,2022-08-19 06:00:00,21.1,88.8,30.0,993.0,5.0,DD,2,2022-08-20 06:00:00,30.0,0.0,0.0,5.0,2022-08-19 00:00:00,25.0,5.0,2022-08-18 18:00:00,,,2022-08-18 06:00:00,,
2022-009,2022,BOB,,2022-08-19 12:00:00,21.5,88.1,30.0,992.0,6.0,DD,3,2022-08-20 12:00:00,30.0,0.0,0.0,0.0,2022-08-19 06:00:00,30.0,0.0,2022-08-19 00:00:00,25.0,5.0,2022-08-18 12:00:00,,
2022-009,2022,BOB,,2022-08-19 15:00:00,21.8,87.6,30.0,992.0,6.0,DD,4,2022-08-20 15:00:00,,,,0.0,2022-08-19 09:00:00,,,2022-08-19 03:00:00,25.0,5.0,2022-08-18 15:00:00,,
2022-009,2022,BOB,,2022-08-19 18:00:00,22.1,87.0,30.0,992.0,6.0,DD,5,2022-08-20 18:00:00,30.0,0.0,0.0,0.0,2022-08-19 12:00:00,30.0,0.0,2022-08-19 06:00:00,30.0,0.0,2022-08-18 18:00:00,,
2022-009,2022,BOB,,2022-08-20 00:00:00,22.5,86.0,30.0,992.0,6.0,DD,6,2022-08-21 00:00:00,25.0,-5.0,0.0,0.0,2022-08-19 18:00:00,30.0,0.0,2022-08-19 12:00:00,30.0,0.0,2022-08-19 00:00:00,25.0,5.0
2022-009,2022,BOB,,2022-08-20 03:00:00,22.6,85.6,30.0,992.0,6.0,DD,7,2022-08-21 03:00:00,25.0,-5.0,0.0,0.0,2022-08-19 21:00:00,,,2022-08-19 15:00:00,30.0,0.0,2022-08-19 03:00:00,25.0,5.0
2022-009,2022,BOB,,2022-08-20 06:00:00,22.9,84.8,30.0,993.0,5.0,DD,8,2022-08-21 06:00:00,25.0,-5.0,0.0,0.0,2022-08-20 00:00:00,30.0,0.0,2022-08-19 18:00:00,30.0,0.0,2022-08-19 06:00:00,30.0,0.0
2022-009,2022,BOB,,2022-08-20 12:00:00,23.3,83.6,30.0,993.0,5.0,DD,9,2022-08-21 12:00:00,25.0,-5.0,0.0,0.0,2022-08-20 06:00:00,30.0,0.0,2022-08-20 00:00:00,30.0,0.0,2022-08-19 12:00:00,30.0,0.0
2022-009,2022,BOB,,2022-08-20 18:00:00,23.5,82.9,30.0,993.0,5.0,DD,10,2022-08-21 18:00:00,25.0,-5.0,0.0,0.0,2022-08-20 12:00:00,30.0,0.0,2022-08-20 06:00:00,30.0,0.0,2022-08-19 18:00:00,30.0,0.0
2022-009,2022,BOB,,2022-08-21 00:00:00,23.7,82.2,25.0,994.0,4.0,D,11,2022-08-22 00:00:00,25.0,0.0,0.0,-5.0,2022-08-20 18:00:00,30.0,-5.0,2022-08-20 12:00:00,30.0,-5.0,2022-08-20 00:00:00,30.0,-5.0
2022-009,2022,BOB,,2022-08-21 03:00:00,23.8,81.7,25.0,994.0,4.0,D,12,2022-08-22 03:00:00,25.0,0.0,0.0,0.0,2022-08-20 21:00:00,,,2022-08-20 15:00:00,,,2022-08-20 03:00:00,30.0,-5.0
2022-009,2022,BOB,,2022-08-21 06:00:00,24.0,81.2,25.0,994.0,4.0,D,13,2022-08-22 06:00:00,25.0,0.0,0.0,0.0,2022-08-21 00:00:00,25.0,0.0,2022-08-20 18:00:00,30.0,-5.0,2022-08-20 06:00:00,30.0,-5.0
2022-009,2022,BOB,,2022-08-21 12:00:00,24.2,80.5,25.0,994.0,4.0,D,14,2022-08-22 12:00:00,25.0,0.0,0.0,0.0,2022-08-21 06:00:00,25.0,0.0,2022-08-21 00:00:00,25.0,0.0,2022-08-20 12:00:00,30.0,-5.0
2022-009,2022,BOB,,2022-08-21 18:00:00,24.25,79.8,25.0,995.0,4.0,D,15,2022-08-22 18:00:00,20.0,-5.0,0.0,0.0,2022-08-21 12:00:00,25.0,0.0,2022-08-21 06:00:00,25.0,0.0,2022-08-20 18:00:00,30.0,-5.0
2022-009,2022,BOB,,2022-08-22 00:00:00,24.3,79.1,25.0,995.0,4.0,D,16,2022-08-23 00:00:00,20.0,-5.0,0.0,0.0,2022-08-21 18:00:00,25.0,0.0,2022-08-21 12:00:00,25.0,0.0,2022-08-21 00:00:00,25.0,0.0
2022-009,2022,BOB,,2022-08-22 03:00:00,24.3,78.4,25.0,995.0,4.0,D,17,2022-08-23 03:00:00,,,,0.0,2022-08-21 21:00:00,,,2022-08-21 15:00:00,,,2022-08-21 03:00:00,25.0,0.0
2022-009,2022,BOB,,2022-08-22 06:00:00,24.4,77.8,25.0,996.0,4.0,D,18,2022-08-23 06:00:00,,,,0.0,2022-08-22 00:00:00,25.0,0.0,2022-08-21 18:00:00,25.0,0.0,2022-08-21 06:00:00,25.0,0.0
2022-009,2022,BOB,,2022-08-22 12:00:00,24.4,77.4,25.0,996.0,4.0,D,19,2022-08-23 12:00:00,,,,0.0,2022-08-22 06:00:00,25.0,0.0,2022-08-22 00:00:00,25.0,0.0,2022-08-21 12:00:00,25.0,0.0
2022-009,2022,BOB,,2022-08-22 18:00:00,24.6,76.6,20.0,997.0,3.0,D,20,2022-08-23 18:00:00,,,,-5.0,2022-08-22 12:00:00,25.0,-5.0,2022-08-22 06:00:00,25.0,-5.0,2022-08-21 18:00:00,25.0,-5.0
2022-009,2022,BOB,,2022-08-23 00:00:00,24.8,76.2,20.0,997.0,3.0,D,21,2022-08-24 00:00:00,,,,0.0,2022-08-22 18:00:00,20.0,0.0,2022-08-22 12:00:00,25.0,-5.0,2022-08-22 00:00:00,25.0,-5.0
2022-011,2022,BOB,SITRANG,2022-10-22 03:00:00,12.7,92.4,25.0,1004.0,3.0,D,0,2022-10-23 03:00:00,30.0,5.0,0.0,,2022-10-21 21:00:00,,,2022-10-21 15:00:00,,,2022-10-21 03:00:00,,
2022-011,2022,BOB,SITRANG,2022-10-22 06:00:00,13.7,91.3,25.0,1003.0,4.0,D,1,2022-10-23 06:00:00,30.0,5.0,0.0,0.0,2022-10-22 00:00:00,,,2022-10-21 18:00:00,,,2022-10-21 06:00:00,,
2022-011,2022,BOB,SITRANG,2022-10-22 12:00:00,14.2,90.5,25.0,1002.0,4.0,D,2,2022-10-23 12:00:00,35.0,10.0,0.0,0.0,2022-10-22 06:00:00,25.0,0.0,2022-10-22 00:00:00,,,2022-10-21 12:00:00,,
2022-011,2022,BOB,SITRANG,2022-10-22 18:00:00,14.9,89.8,25.0,1002.0,4.0,D,3,2022-10-23 18:00:00,35.0,10.0,0.0,0.0,2022-10-22 12:00:00,25.0,0.0,2022-10-22 06:00:00,25.0,0.0,2022-10-21 18:00:00,,
2022-011,2022,BOB,SITRANG,2022-10-23 00:00:00,15.3,89.0,30.0,1001.0,5.0,DD,4,2022-10-24 00:00:00,40.0,10.0,0.0,5.0,2022-10-22 18:00:00,25.0,5.0,2022-10-22 12:00:00,25.0,5.0,2022-10-22 00:00:00,,
2022-011,2022,BOB,SITRANG,2022-10-23 03:00:00,15.6,88.4,30.0,1000.0,6.0,DD,5,2022-10-24 03:00:00,45.0,15.0,0.0,0.0,2022-10-22 21:00:00,,,2022-10-22 15:00:00,,,2022-10-22 03:00:00,25.0,5.0
2022-011,2022,BOB,SITRANG,2022-10-23 06:00:00,15.9,88.2,30.0,1000.0,6.0,DD,6,2022-10-24 06:00:00,45.0,15.0,0.0,0.0,2022-10-23 00:00:00,30.0,0.0,2022-10-22 18:00:00,25.0,5.0,2022-10-22 06:00:00,25.0,5.0
2022-011,2022,BOB,SITRANG,2022-10-23 12:00:00,16.5,88.1,35.0,999.0,7.0,CS,7,2022-10-24 12:00:00,45.0,10.0,0.0,5.0,2022-10-23 06:00:00,30.0,5.0,2022-10-23 00:00:00,30.0,5.0,2022-10-22 12:00:00,25.0,10.0
2022-011,2022,BOB,SITRANG,2022-10-23 15:00:00,17.0,88.2,35.0,999.0,7.0,CS,8,2022-10-24 15:00:00,45.0,10.0,0.0,0.0,2022-10-23 09:00:00,,,2022-10-23 03:00:00,30.0,5.0,2022-10-22 15:00:00,,
2022-011,2022,BOB,SITRANG,2022-10-23 18:00:00,17.3,88.3,35.0,998.0,7.0,CS,9,2022-10-24 18:00:00,40.0,5.0,0.0,0.0,2022-10-23 12:00:00,35.0,0.0,2022-10-23 06:00:00,30.0,5.0,2022-10-22 18:00:00,25.0,10.0
2022-011,2022,BOB,SITRANG,2022-10-23 21:00:00,17.5,88.4,40.0,997.0,8.0,CS,10,2022-10-24 21:00:00,30.0,-10.0,0.0,5.0,2022-10-23 15:00:00,35.0,5.0,2022-10-23 09:00:00,,,2022-10-22 21:00:00,,
2022-011,2022,BOB,SITRANG,2022-10-24 00:00:00,18.0,88.6,40.0,996.0,9.0,CS,11,2022-10-25 00:00:00,25.0,-15.0,0.0,0.0,2022-10-23 18:00:00,35.0,5.0,2022-10-23 12:00:00,35.0,5.0,2022-10-23 00:00:00,30.0,10.0
2022-011,2022,BOB,SITRANG,2022-10-24 03:00:00,18.7,88.9,45.0,996.0,10.0,CS,12,2022-10-25 03:00:00,,,,5.0,2022-10-23 21:00:00,40.0,5.0,2022-10-23 15:00:00,35.0,10.0,2022-10-23 03:00:00,30.0,15.0
2022-011,2022,BOB,SITRANG,2022-10-24 06:00:00,19.3,89.2,45.0,996.0,10.0,CS,13,2022-10-25 06:00:00,,,,0.0,2022-10-24 00:00:00,40.0,5.0,2022-10-23 18:00:00,35.0,10.0,2022-10-23 06:00:00,30.0,15.0
2022-011,2022,BOB,SITRANG,2022-10-24 09:00:00,19.9,89.7,45.0,996.0,10.0,CS,14,2022-10-25 09:00:00,,,,0.0,2022-10-24 03:00:00,45.0,0.0,2022-10-23 21:00:00,40.0,5.0,2022-10-23 09:00:00,,
2022-011,2022,BOB,SITRANG,2022-10-24 12:00:00,20.5,89.8,45.0,996.0,10.0,CS,15,2022-10-25 12:00:00,,,,0.0,2022-10-24 06:00:00,45.0,0.0,2022-10-24 00:00:00,40.0,5.0,2022-10-23 12:00:00,35.0,10.0
2022-011,2022,BOB,SITRANG,2022-10-24 15:00:00,21.4,90.2,45.0,996.0,10.0,CS,16,2022-10-25 15:00:00,,,,0.0,2022-10-24 09:00:00,45.0,0.0,2022-10-24 03:00:00,45.0,0.0,2022-10-23 15:00:00,35.0,10.0
2022-011,2022,BOB,SITRANG,2022-10-24 18:00:00,23.5,90.8,40.0,996.0,8.0,CS,17,2022-10-25 18:00:00,,,,-5.0,2022-10-24 12:00:00,45.0,-5.0,2022-10-24 06:00:00,45.0,-5.0,2022-10-23 18:00:00,35.0,5.0
2022-011,2022,BOB,SITRANG,2022-10-24 21:00:00,24.3,91.0,30.0,998.0,6.0,DD,18,2022-10-25 21:00:00,,,,-10.0,2022-10-24 15:00:00,45.0,-15.0,2022-10-24 09:00:00,45.0,-15.0,2022-10-23 21:00:00,40.0,-10.0
2022-011,2022,BOB,SITRANG,2022-10-25 00:00:00,24.5,91.1,25.0,1000.0,4.0,D,19,2022-10-26 00:00:00,,,,-5.0,2022-10-24 18:00:00,40.0,-15.0,2022-10-24 12:00:00,45.0,-20.0,2022-10-24 00:00:00,40.0,-15.0
2022-012,2022,BOB,,2022-11-20 00:00:00,10.0,85.5,25.0,1005.0,4.0,D,0,2022-11-21 00:00:00,25.0,0.0,0.0,,2022-11-19 18:00:00,,,2022-11-19 12:00:00,,,2022-11-19 00:00:00,,
2022-012,2022,BOB,,2022-11-20 03:00:00,10.0,85.5,25.0,1005.0,4.0,D,1,2022-11-21 03:00:00,25.0,0.0,0.0,0.0,2022-11-19 21:00:00,,,2022-11-19 15:00:00,,,2022-11-19 03:00:00,,
2022-012,2022,BOB,,2022-11-20 06:00:00,10.3,85.3,25.0,1005.0,4.0,D,2,2022-11-21 06:00:00,25.0,0.0,0.0,0.0,2022-11-20 00:00:00,25.0,0.0,2022-11-19 18:00:00,,,2022-11-19 06:00:00,,
2022-012,2022,BOB,,2022-11-20 12:00:00,10.9,85.0,25.0,1003.0,4.0,D,3,2022-11-21 12:00:00,25.0,0.0,0.0,0.0,2022-11-20 06:00:00,25.0,0.0,2022-11-20 00:00:00,25.0,0.0,2022-11-19 12:00:00,,
2022-012,2022,BOB,,2022-11-20 18:00:00,11.4,84.6,25.0,1003.0,4.0,D,4,2022-11-21 18:00:00,25.0,0.0,0.0,0.0,2022-11-20 12:00:00,25.0,0.0,2022-11-20 06:00:00,25.0,0.0,2022-11-19 18:00:00,,
2022-012,2022,BOB,,2022-11-21 00:00:00,11.9,84.2,25.0,1003.0,4.0,D,5,2022-11-22 00:00:00,25.0,0.0,0.0,0.0,2022-11-20 18:00:00,25.0,0.0,2022-11-20 12:00:00,25.0,0.0,2022-11-20 00:00:00,25.0,0.0
2022-012,2022,BOB,,2022-11-21 03:00:00,12.1,84.0,25.0,1003.0,4.0,D,6,2022-11-22 03:00:00,,,,0.0,2022-11-20 21:00:00,,,2022-11-20 15:00:00,,,2022-11-20 03:00:00,25.0,0.0
2022-012,2022,BOB,,2022-11-21 06:00:00,12.6,83.4,25.0,1003.0,4.0,D,7,2022-11-22 06:00:00,,,,0.0,2022-11-21 00:00:00,25.0,0.0,2022-11-20 18:00:00,25.0,0.0,2022-11-20 06:00:00,25.0,0.0
2022-012,2022,BOB,,2022-11-21 12:00:00,12.9,82.0,25.0,1003.0,4.0,D,8,2022-11-22 12:00:00,,,,0.0,2022-11-21 06:00:00,25.0,0.0,2022-11-21 00:00:00,25.0,0.0,2022-11-20 12:00:00,25.0,0.0
2022-012,2022,BOB,,2022-11-21 18:00:00,13.0,81.7,25.0,1003.0,4.0,D,9,2022-11-22 18:00:00,,,,0.0,2022-11-21 12:00:00,25.0,0.0,2022-11-21 06:00:00,25.0,0.0,2022-11-20 18:00:00,25.0,0.0
2022-012,2022,BOB,,2022-11-22 00:00:00,13.1,81.4,25.0,1004.0,4.0,D,10,2022-11-23 00:00:00,,,,0.0,2022-11-21 18:00:00,25.0,0.0,2022-11-21 12:00:00,25.0,0.0,2022-11-21 00:00:00,25.0,0.0
2022-013,2022,BOB,MANDOUS,2022-12-06 12:00:00,8.2,88.2,25.0,1000.0,3.0,D,0,2022-12-07 12:00:00,30.0,5.0,0.0,,2022-12-06 06:00:00,,,2022-12-06 00:00:00,,,2022-12-05 12:00:00,,
2022-013,2022,BOB,MANDOUS,2022-12-06 18:00:00,8.4,87.0,25.0,1000.0,4.0,D,1,2022-12-07 18:00:00,35.0,10.0,0.0,0.0,2022-12-06 12:00:00,25.0,0.0,2022-12-06 06:00:00,,,2022-12-05 18:00:00,,
2022-013,2022,BOB,MANDOUS,2022-12-07 00:00:00,8.6,86.3,30.0,999.0,5.0,DD,2,2022-12-08 00:00:00,40.0,10.0,0.0,5.0,2022-12-06 18:00:00,25.0,5.0,2022-12-06 12:00:00,25.0,5.0,2022-12-06 00:00:00,,
2022-013,2022,BOB,MANDOUS,2022-12-07 03:00:00,8.7,85.7,30.0,999.0,5.0,DD,3,2022-12-08 03:00:00,40.0,10.0,0.0,0.0,2022-12-06 21:00:00,,,2022-12-06 15:00:00,,,2022-12-06 03:00:00,,
2022-013,2022,BOB,MANDOUS,2022-12-07 06:00:00,8.7,85.5,30.0,998.0,5.0,DD,4,2022-12-08 06:00:00,45.0,15.0,0.0,0.0,2022-12-07 00:00:00,30.0,0.0,2022-12-06 18:00:00,25.0,5.0,2022-12-06 06:00:00,,
2022-013,2022,BOB,MANDOUS,2022-12-07 12:00:00,8.9,85.0,30.0,998.0,6.0,DD,5,2022-12-08 12:00:00,50.0,20.0,0.0,0.0,2022-12-07 06:00:00,30.0,0.0,2022-12-07 00:00:00,30.0,0.0,2022-12-06 12:00:00,25.0,5.0
2022-013,2022,BOB,MANDOUS,2022-12-07 18:00:00,9.2,84.6,35.0,997.0,7.0,CS,6,2022-12-08 18:00:00,50.0,15.0,0.0,5.0,2022-12-07 12:00:00,30.0,5.0,2022-12-07 06:00:00,30.0,5.0,2022-12-06 18:00:00,25.0,10.0
2022-013,2022,BOB,MANDOUS,2022-12-07 21:00:00,9.3,84.4,35.0,997.0,7.0,CS,7,2022-12-08 21:00:00,50.0,15.0,0.0,0.0,2022-12-07 15:00:00,,,2022-12-07 09:00:00,,,2022-12-06 21:00:00,,
2022-013,2022,BOB,MANDOUS,2022-12-08 00:00:00,9.4,84.1,40.0,995.0,8.0,CS,8,2022-12-09 00:00:00,50.0,10.0,0.0,5.0,2022-12-07 18:00:00,35.0,5.0,2022-12-07 12:00:00,30.0,10.0,2022-12-07 00:00:00,30.0,10.0
2022-013,2022,BOB,MANDOUS,2022-12-08 03:00:00,9.5,83.8,40.0,994.0,9.0,CS,9,2022-12-09 03:00:00,45.0,5.0,0.0,0.0,2022-12-07 21:00:00,35.0,5.0,2022-12-07 15:00:00,,,2022-12-07 03:00:00,30.0,10.0
2022-013,2022,BOB,MANDOUS,2022-12-08 06:00:00,9.7,83.5,45.0,992.0,10.0,CS,10,2022-12-09 06:00:00,45.0,0.0,0.0,5.0,2022-12-08 00:00:00,40.0,5.0,2022-12-07 18:00:00,35.0,10.0,2022-12-07 06:00:00,30.0,15.0
2022-013,2022,BOB,MANDOUS,2022-12-08 09:00:00,9.8,83.2,45.0,992.0,10.0,CS,11,2022-12-09 09:00:00,45.0,0.0,0.0,0.0,2022-12-08 03:00:00,40.0,5.0,2022-12-07 21:00:00,35.0,10.0,2022-12-07 09:00:00,,
2022-013,2022,BOB,MANDOUS,2022-12-08 12:00:00,10.1,82.9,50.0,990.0,12.0,SCS,12,2022-12-09 12:00:00,40.0,-10.0,0.0,5.0,2022-12-08 06:00:00,45.0,5.0,2022-12-08 00:00:00,40.0,10.0,2022-12-07 12:00:00,30.0,20.0
2022-013,2022,BOB,MANDOUS,2022-12-08 15:00:00,10.4,82.6,50.0,990.0,12.0,SCS,13,2022-12-09 15:00:00,40.0,-10.0,0.0,0.0,2022-12-08 09:00:00,45.0,5.0,2022-12-08 03:00:00,40.0,10.0,2022-12-07 15:00:00,,
2022-013,2022,BOB,MANDOUS,2022-12-08 18:00:00,10.6,82.3,50.0,990.0,12.0,SCS,14,2022-12-09 18:00:00,35.0,-15.0,0.0,0.0,2022-12-08 12:00:00,50.0,0.0,2022-12-08 06:00:00,45.0,5.0,2022-12-07 18:00:00,35.0,15.0
2022-013,2022,BOB,MANDOUS,2022-12-08 21:00:00,10.7,82.0,50.0,990.0,12.0,SCS,15,2022-12-09 21:00:00,35.0,-15.0,0.0,0.0,2022-12-08 15:00:00,50.0,0.0,2022-12-08 09:00:00,45.0,5.0,2022-12-07 21:00:00,35.0,15.0
2022-013,2022,BOB,MANDOUS,2022-12-09 00:00:00,11.0,81.7,50.0,990.0,12.0,SCS,16,2022-12-10 00:00:00,30.0,-20.0,0.0,0.0,2022-12-08 18:00:00,50.0,0.0,2022-12-08 12:00:00,50.0,0.0,2022-12-08 00:00:00,40.0,10.0
2022-013,2022,BOB,MANDOUS,2022-12-09 03:00:00,11.1,81.5,45.0,991.0,11.0,CS,17,2022-12-10 03:00:00,30.0,-15.0,0.0,-5.0,2022-12-08 21:00:00,50.0,-5.0,2022-12-08 15:00:00,50.0,-5.0,2022-12-08 03:00:00,40.0,5.0
2022-013,2022,BOB,MANDOUS,2022-12-09 06:00:00,11.4,81.3,45.0,992.0,10.0,CS,18,2022-12-10 06:00:00,25.0,-20.0,0.0,0.0,2022-12-09 00:00:00,50.0,-5.0,2022-12-08 18:00:00,50.0,-5.0,2022-12-08 06:00:00,45.0,0.0
2022-013,2022,BOB,MANDOUS,2022-12-09 09:00:00,11.7,81.0,45.0,992.0,10.0,CS,19,2022-12-10 09:00:00,,,,0.0,2022-12-09 03:00:00,45.0,0.0,2022-12-08 21:00:00,50.0,-5.0,2022-12-08 09:00:00,45.0,0.0
2022-013,2022,BOB,MANDOUS,2022-12-09 12:00:00,12.0,80.8,40.0,993.0,9.0,CS,20,2022-12-10 12:00:00,,,,-5.0,2022-12-09 06:00:00,45.0,-5.0,2022-12-09 00:00:00,50.0,-10.0,2022-12-08 12:00:00,50.0,-10.0
2022-013,2022,BOB,MANDOUS,2022-12-09 15:00:00,12.2,80.6,40.0,994.0,8.0,CS,21,2022-12-10 15:00:00,,,,0.0,2022-12-09 09:00:00,45.0,-5.0,2022-12-09 03:00:00,45.0,-5.0,2022-12-08 15:00:00,50.0,-10.0
2022-013,2022,BOB,MANDOUS,2022-12-09 18:00:00,12.5,80.3,35.0,995.0,7.0,CS,22,2022-12-10 18:00:00,,,,-5.0,2022-12-09 12:00:00,40.0,-5.0,2022-12-09 06:00:00,45.0,-10.0,2022-12-08 18:00:00,50.0,-15.0
2022-013,2022,BOB,MANDOUS,2022-12-09 21:00:00,12.8,80.0,35.0,996.0,7.0,CS,23,2022-12-10 21:00:00,,,,0.0,2022-12-09 15:00:00,40.0,-5.0,2022-12-09 09:00:00,45.0,-10.0,2022-12-08 21:00:00,50.0,-15.0
2022-013,2022,BOB,MANDOUS,2022-12-10 00:00:00,12.9,79.7,30.0,998.0,5.0,DD,24,2022-12-11 00:00:00,,,,-5.0,2022-12-09 18:00:00,35.0,-5.0,2022-12-09 12:00:00,40.0,-10.0,2022-12-09 00:00:00,50.0,-20.0
2022-013,2022,BOB,MANDOUS,2022-12-10 03:00:00,12.8,79.5,30.0,1000.0,4.0,DD,25,2022-12-11 03:00:00,,,,0.0,2022-12-09 21:00:00,35.0,-5.0,2022-12-09 15:00:00,40.0,-10.0,2022-12-09 03:00:00,45.0,-15.0
2022-013,2022,BOB,MANDOUS,2022-12-10 06:00:00,12.7,79.3,25.0,1002.0,3.0,D,26,2022-12-11 06:00:00,,,,-5.0,2022-12-10 00:00:00,30.0,-5.0,2022-12-09 18:00:00,35.0,-10.0,2022-12-09 06:00:00,45.0,-20.0
2022-015,2022,BOB,,2022-12-22 03:00:00,9.0,85.0,25.0,1004.0,4.0,D,0,2022-12-23 03:00:00,25.0,0.0,0.0,,2022-12-21 21:00:00,,,2022-12-21 15:00:00,,,2022-12-21 03:00:00,,
2022-015,2022,BOB,,2022-12-22 06:00:00,9.5,84.8,25.0,1004.0,4.0,D,1,2022-12-23 06:00:00,25.0,0.0,0.0,0.0,2022-12-22 00:00:00,,,2022-12-21 18:00:00,,,2022-12-21 06:00:00,,
2022-015,2022,BOB,,2022-12-22 12:00:00,9.8,84.5,25.0,1004.0,4.0,D,2,2022-12-23 12:00:00,25.0,0.0,0.0,0.0,2022-12-22 06:00:00,25.0,0.0,2022-12-22 00:00:00,,,2022-12-21 12:00:00,,
2022-015,2022,BOB,,2022-12-22 18:00:00,10.1,84.2,25.0,1004.0,4.0,D,3,2022-12-23 18:00:00,25.0,0.0,0.0,0.0,2022-12-22 12:00:00,25.0,0.0,2022-12-22 06:00:00,25.0,0.0,2022-12-21 18:00:00,,
2022-015,2022,BOB,,2022-12-23 00:00:00,10.1,84.2,25.0,1004.0,4.0,D,4,2022-12-24 00:00:00,25.0,0.0,0.0,0.0,2022-12-22 18:00:00,25.0,0.0,2022-12-22 12:00:00,25.0,0.0,2022-12-22 00:00:00,,
2022-015,2022,BOB,,2022-12-23 03:00:00,10.1,84.2,25.0,1004.0,4.0,D,5,2022-12-24 03:00:00,25.0,0.0,0.0,0.0,2022-12-22 21:00:00,,,2022-12-22 15:00:00,,,2022-12-22 03:00:00,25.0,0.0
2022-015,2022,BOB,,2022-12-23 06:00:00,10.4,84.8,25.0,1004.0,4.0,D,6,2022-12-24 06:00:00,25.0,0.0,0.0,0.0,2022-12-23 00:00:00,25.0,0.0,2022-12-22 18:00:00,25.0,0.0,2022-12-22 06:00:00,25.0,0.0
2022-015,2022,BOB,,2022-12-23 12:00:00,10.6,85.4,25.0,1004.0,4.0,D,7,2022-12-24 12:00:00,25.0,0.0,0.0,0.0,2022-12-23 06:00:00,25.0,0.0,2022-12-23 00:00:00,25.0,0.0,2022-12-22 12:00:00,25.0,0.0
2022-015,2022,BOB,,2022-12-23 18:00:00,10.4,85.3,25.0,1004.0,4.0,D,8,2022-12-24 18:00:00,25.0,0.0,0.0,0.0,2022-12-23 12:00:00,25.0,0.0,2022-12-23 06:00:00,25.0,0.0,2022-12-22 18:00:00,25.0,0.0
2022-015,2022,BOB,,2022-12-24 00:00:00,10.8,84.5,25.0,1004.0,4.0,D,9,2022-12-25 00:00:00,25.0,0.0,0.0,0.0,2022-12-23 18:00:00,25.0,0.0,2022-12-23 12:00:00,25.0,0.0,2022-12-23 00:00:00,25.0,0.0
2022-015,2022,BOB,,2022-12-24 03:00:00,10.7,84.2,25.0,1004.0,4.0,D,10,2022-12-25 03:00:00,25.0,0.0,0.0,0.0,2022-12-23 21:00:00,,,2022-12-23 15:00:00,,,2022-12-23 03:00:00,25.0,0.0
2022-015,2022,BOB,,2022-12-24 06:00:00,10.4,83.7,25.0,1004.0,4.0,D,11,2022-12-25 06:00:00,25.0,0.0,0.0,0.0,2022-12-24 00:00:00,25.0,0.0,2022-12-23 18:00:00,25.0,0.0,2022-12-23 06:00:00,25.0,0.0
2022-015,2022,BOB,,2022-12-24 12:00:00,9.7,83.0,25.0,1004.0,4.0,D,12,2022-12-25 12:00:00,,,,0.0,2022-12-24 06:00:00,25.0,0.0,2022-12-24 00:00:00,25.0,0.0,2022-12-23 12:00:00,25.0,0.0
2022-015,2022,BOB,,2022-12-24 18:00:00,9.3,82.5,25.0,1004.0,4.0,D,13,2022-12-25 18:00:00,,,,0.0,2022-12-24 12:00:00,25.0,0.0,2022-12-24 06:00:00,25.0,0.0,2022-12-23 18:00:00,25.0,0.0
2022-015,2022,BOB,,2022-12-25 00:00:00,9.0,82.2,25.0,1004.0,4.0,D,14,2022-12-26 00:00:00,,,,0.0,2022-12-24 18:00:00,25.0,0.0,2022-12-24 12:00:00,25.0,0.0,2022-12-24 00:00:00,25.0,0.0
2022-015,2022,BOB,,2022-12-25 03:00:00,8.8,82.0,25.0,1004.0,4.0,D,15,2022-12-26 03:00:00,,,,0.0,2022-12-24 21:00:00,,,2022-12-24 15:00:00,,,2022-12-24 03:00:00,25.0,0.0
2022-015,2022,BOB,,2022-12-25 06:00:00,8.5,81.6,25.0,1004.0,4.0,D,16,2022-12-26 06:00:00,,,,0.0,2022-12-25 00:00:00,25.0,0.0,2022-12-24 18:00:00,25.0,0.0,2022-12-24 06:00:00,25.0,0.0
2023-001,2023,BOB,,2023-01-30 03:00:00,7.7,87.2,25.0,1004.0,4.0,D,0,2023-01-31 03:00:00,25.0,0.0,0.0,,2023-01-29 21:00:00,,,2023-01-29 15:00:00,,,2023-01-29 03:00:00,,
2023-001,2023,BOB,,2023-01-30 06:00:00,7.9,86.6,25.0,1004.0,4.0,D,1,2023-01-31 06:00:00,25.0,0.0,0.0,0.0,2023-01-30 00:00:00,,,2023-01-29 18:00:00,,,2023-01-29 06:00:00,,
2023-001,2023,BOB,,2023-01-30 12:00:00,8.0,86.0,25.0,1004.0,4.0,D,2,2023-01-31 12:00:00,25.0,0.0,0.0,0.0,2023-01-30 06:00:00,25.0,0.0,2023-01-30 00:00:00,,,2023-01-29 12:00:00,,
2023-001,2023,BOB,,2023-01-30 18:00:00,8.1,85.3,25.0,1004.0,4.0,D,3,2023-01-31 18:00:00,25.0,0.0,0.0,0.0,2023-01-30 12:00:00,25.0,0.0,2023-01-30 06:00:00,25.0,0.0,2023-01-29 18:00:00,,
2023-001,2023,BOB,,2023-01-31 00:00:00,8.2,84.8,25.0,1004.0,4.0,D,4,2023-02-01 00:00:00,25.0,0.0,0.0,0.0,2023-01-30 18:00:00,25.0,0.0,2023-01-30 12:00:00,25.0,0.0,2023-01-30 00:00:00,,
2023-001,2023,BOB,,2023-01-31 03:00:00,8.4,84.3,25.0,1004.0,4.0,D,5,2023-02-01 03:00:00,25.0,0.0,0.0,0.0,2023-01-30 21:00:00,,,2023-01-30 15:00:00,,,2023-01-30 03:00:00,25.0,0.0
2023-001,2023,BOB,,2023-01-31 06:00:00,8.6,83.9,25.0,1004.0,4.0,D,6,2023-02-01 06:00:00,25.0,0.0,0.0,0.0,2023-01-31 00:00:00,25.0,0.0,2023-01-30 18:00:00,25.0,0.0,2023-01-30 06:00:00,25.0,0.0
2023-001,2023,BOB,,2023-01-31 12:00:00,8.6,83.5,25.0,1004.0,4.0,D,7,2023-02-01 12:00:00,25.0,0.0,0.0,0.0,2023-01-31 06:00:00,25.0,0.0,2023-01-31 00:00:00,25.0,0.0,2023-01-30 12:00:00,25.0,0.0
2023-001,2023,BOB,,2023-01-31 18:00:00,8.3,82.9,25.0,1004.0,4.0,D,8,2023-02-01 18:00:00,25.0,0.0,0.0,0.0,2023-01-31 12:00:00,25.0,0.0,2023-01-31 06:00:00,25.0,0.0,2023-01-30 18:00:00,25.0,0.0
2023-001,2023,BOB,,2023-02-01 00:00:00,8.2,82.7,25.0,1004.0,4.0,D,9,2023-02-02 00:00:00,25.0,0.0,0.0,0.0,2023-01-31 18:00:00,25.0,0.0,2023-01-31 12:00:00,25.0,0.0,2023-01-31 00:00:00,25.0,0.0
2023-001,2023,BOB,,2023-02-01 03:00:00,8.2,82.5,25.0,1004.0,4.0,D,10,2023-02-02 03:00:00,20.0,-5.0,0.0,0.0,2023-01-31 21:00:00,,,2023-01-31 15:00:00,,,2023-01-31 03:00:00,25.0,0.0
2023-001,2023,BOB,,2023-02-01 06:00:00,8.2,82.5,25.0,1004.0,4.0,D,11,2023-02-02 06:00:00,20.0,-5.0,0.0,0.0,2023-02-01 00:00:00,25.0,0.0,2023-01-31 18:00:00,25.0,0.0,2023-01-31 06:00:00,25.0,0.0
2023-001,2023,BOB,,2023-02-01 12:00:00,8.2,82.3,25.0,1004.0,4.0,D,12,2023-02-02 12:00:00,20.0,-5.0,0.0,0.0,2023-02-01 06:00:00,25.0,0.0,2023-02-01 00:00:00,25.0,0.0,2023-01-31 12:00:00,25.0,0.0
2023-001,2023,BOB,,2023-02-01 18:00:00,8.1,82.1,25.0,1004.0,4.0,D,13,2023-02-02 18:00:00,,,,0.0,2023-02-01 12:00:00,25.0,0.0,2023-02-01 06:00:00,25.0,0.0,2023-01-31 18:00:00,25.0,0.0
2023-001,2023,BOB,,2023-02-02 00:00:00,7.6,81.4,25.0,1004.0,4.0,D,14,2023-02-03 00:00:00,,,,0.0,2023-02-01 18:00:00,25.0,0.0,2023-02-01 12:00:00,25.0,0.0,2023-02-01 00:00:00,25.0,0.0
2023-001,2023,BOB,,2023-02-02 03:00:00,7.2,81.1,20.0,1004.0,4.0,D,15,2023-02-03 03:00:00,,,,-5.0,2023-02-01 21:00:00,,,2023-02-01 15:00:00,,,2023-02-01 03:00:00,25.0,-5.0
2023-001,2023,BOB,,2023-02-02 06:00:00,6.8,80.8,20.0,1006.0,4.0,D,16,2023-02-03 06:00:00,,,,0.0,2023-02-02 00:00:00,25.0,-5.0,2023-02-01 18:00:00,25.0,-5.0,2023-02-01 06:00:00,25.0,-5.0
2023-001,2023,BOB,,2023-02-02 12:00:00,6.3,80.3,20.0,1006.0,4.0,D,17,2023-02-03 12:00:00,,,,0.0,2023-02-02 06:00:00,20.0,0.0,2023-02-02 00:00:00,25.0,-5.0,2023-02-01 12:00:00,25.0,-5.0
2023-002,2023,BOB,MOCHA,2023-05-09 12:00:00,8.3,89.5,25.0,1002.0,3.0,D,0,2023-05-10 12:00:00,30.0,5.0,0.0,,2023-05-09 06:00:00,,,2023-05-09 00:00:00,,,2023-05-08 12:00:00,,
2023-002,2023,BOB,MOCHA,2023-05-09 18:00:00,8.5,89.3,25.0,1002.0,3.0,D,1,2023-05-10 18:00:00,30.0,5.0,0.0,0.0,2023-05-09 12:00:00,25.0,0.0,2023-05-09 06:00:00,,,2023-05-08 18:00:00,,
2023-002,2023,BOB,MOCHA,2023-05-10 00:00:00,8.5,89.0,30.0,1000.0,4.0,DD,2,2023-05-11 00:00:00,35.0,5.0,0.0,5.0,2023-05-09 18:00:00,25.0,5.0,2023-05-09 12:00:00,25.0,5.0,2023-05-09 00:00:00,,
2023-002,2023,BOB,MOCHA,2023-05-10 03:00:00,8.8,88.9,30.0,1000.0,4.0,DD,3,2023-05-11 03:00:00,35.0,5.0,0.0,0.0,2023-05-09 21:00:00,,,2023-05-09 15:00:00,,,2023-05-09 03:00:00,,
2023-002,2023,BOB,MOCHA,2023-05-10 06:00:00,9.1,88.7,30.0,999.0,4.0,DD,4,2023-05-11 06:00:00,45.0,15.0,0.0,0.0,2023-05-10 00:00:00,30.0,0.0,2023-05-09 18:00:00,25.0,5.0,2023-05-09 06:00:00,,
2023-002,2023,BOB,MOCHA,2023-05-10 12:00:00,10.0,88.4,30.0,998.0,5.0,DD,5,2023-05-11 12:00:00,50.0,20.0,0.0,0.0,2023-05-10 06:00:00,30.0,0.0,2023-05-10 00:00:00,30.0,0.0,2023-05-09 12:00:00,25.0,5.0
2023-002,2023,BOB,MOCHA,2023-05-10 18:00:00,10.8,88.2,30.0,998.0,5.0,DD,6,2023-05-11 18:00:00,50.0,20.0,0.0,0.0,2023-05-10 12:00:00,30.0,0.0,2023-05-10 06:00:00,30.0,0.0,2023-05-09 18:00:00,25.0,5.0
2023-002,2023,BOB,MOCHA,2023-05-11 00:00:00,11.2,88.1,35.0,997.0,6.0,CS,7,2023-05-12 00:00:00,65.0,30.0,1.0,5.0,2023-05-10 18:00:00,30.0,5.0,2023-05-10 12:00:00,30.0,5.0,2023-05-10 00:00:00,30.0,5.0
2023-002,2023,BOB,MOCHA,2023-05-11 03:00:00,11.4,88.0,35.0,996.0,7.0,CS,8,2023-05-12 03:00:00,65.0,30.0,1.0,0.0,2023-05-10 21:00:00,,,2023-05-10 15:00:00,,,2023-05-10 03:00:00,30.0,5.0
2023-002,2023,BOB,MOCHA,2023-05-11 06:00:00,11.6,88.0,45.0,996.0,10.0,CS,9,2023-05-12 06:00:00,75.0,30.0,1.0,10.0,2023-05-11 00:00:00,35.0,10.0,2023-05-10 18:00:00,30.0,15.0,2023-05-10 06:00:00,30.0,15.0
2023-002,2023,BOB,MOCHA,2023-05-11 09:00:00,11.8,88.0,45.0,996.0,10.0,CS,10,2023-05-12 09:00:00,85.0,40.0,1.0,0.0,2023-05-11 03:00:00,35.0,10.0,2023-05-10 21:00:00,,,2023-05-10 09:00:00,,
2023-002,2023,BOB,MOCHA,2023-05-11 12:00:00,12.2,88.0,50.0,994.0,12.0,SCS,11,2023-05-12 12:00:00,85.0,35.0,1.0,5.0,2023-05-11 06:00:00,45.0,5.0,2023-05-11 00:00:00,35.0,15.0,2023-05-10 12:00:00,30.0,20.0
2023-002,2023,BOB,MOCHA,2023-05-11 15:00:00,12.5,88.1,50.0,992.0,12.0,SCS,12,2023-05-12 15:00:00,90.0,40.0,1.0,0.0,2023-05-11 09:00:00,45.0,5.0,2023-05-11 03:00:00,35.0,15.0,2023-05-10 15:00:00,,
2023-002,2023,BOB,MOCHA,2023-05-11 18:00:00,12.7,88.1,50.0,992.0,12.0,SCS,13,2023-05-12 18:00:00,100.0,50.0,1.0,0.0,2023-05-11 12:00:00,50.0,0.0,2023-05-11 06:00:00,45.0,5.0,2023-05-10 18:00:00,30.0,20.0
2023-002,2023,BOB,MOCHA,2023-05-11 21:00:00,12.9,88.1,60.0,986.0,18.0,SCS,14,2023-05-12 21:00:00,100.0,40.0,1.0,10.0,2023-05-11 15:00:00,50.0,10.0,2023-05-11 09:00:00,45.0,15.0,2023-05-10 21:00:00,,
2023-002,2023,BOB,MOCHA,2023-05-12 00:00:00,13.2,88.1,65.0,982.0,22.0,VSCS,15,2023-05-13 00:00:00,100.0,35.0,1.0,5.0,2023-05-11 18:00:00,50.0,15.0,2023-05-11 12:00:00,50.0,15.0,2023-05-11 00:00:00,35.0,30.0
2023-002,2023,BOB,MOCHA,2023-05-12 03:00:00,13.6,88.2,65.0,982.0,22.0,VSCS,16,2023-05-13 03:00:00,100.0,35.0,1.0,0.0,2023-05-11 21:00:00,60.0,5.0,2023-05-11 15:00:00,50.0,15.0,2023-05-11 03:00:00,35.0,30.0
2023-002,2023,BOB,MOCHA,2023-05-12 06:00:00,14.0,88.3,75.0,974.0,30.0,VSCS,17,2023-05-13 06:00:00,105.0,30.0,1.0,10.0,2023-05-12 00:00:00,65.0,10.0,2023-05-11 18:00:00,50.0,25.0,2023-05-11 06:00:00,45.0,30.0
2023-002,2023,BOB,MOCHA,2023-05-12 09:00:00,14.3,88.4,85.0,970.0,36.0,VSCS,18,2023-05-13 09:00:00,105.0,20.0,0.0,10.0,2023-05-12 03:00:00,65.0,20.0,2023-05-11 21:00:00,60.0,25.0,2023-05-11 09:00:00,45.0,40.0
2023-002,2023,BOB,MOCHA,2023-05-12 12:00:00,14.6,88.6,85.0,970.0,36.0,VSCS,19,2023-05-13 12:00:00,110.0,25.0,0.0,0.0,2023-05-12 06:00:00,75.0,10.0,2023-05-12 00:00:00,65.0,20.0,2023-05-11 12:00:00,50.0,35.0
2023-002,2023,BOB,MOCHA,2023-05-12 15:00:00,14.8,88.7,90.0,964.0,40.0,ESCS,20,2023-05-13 15:00:00,110.0,20.0,0.0,5.0,2023-05-12 09:00:00,85.0,5.0,2023-05-12 03:00:00,65.0,25.0,2023-05-11 15:00:00,50.0,40.0
2023-002,2023,BOB,MOCHA,2023-05-12 18:00:00,15.1,88.8,100.0,954.0,50.0,ESCS,21,2023-05-13 18:00:00,115.0,15.0,0.0,10.0,2023-05-12 12:00:00,85.0,15.0,2023-05-12 06:00:00,75.0,25.0,2023-05-11 18:00:00,50.0,50.0
2023-002,2023,BOB,MOCHA,2023-05-12 21:00:00,15.2,88.9,100.0,954.0,50.0,ESCS,22,2023-05-13 21:00:00,115.0,15.0,0.0,0.0,2023-05-12 15:00:00,90.0,10.0,2023-05-12 09:00:00,85.0,15.0,2023-05-11 21:00:00,60.0,40.0
2023-002,2023,BOB,MOCHA,2023-05-13 00:00:00,15.4,89.1,100.0,954.0,50.0,ESCS,23,2023-05-14 00:00:00,115.0,15.0,0.0,0.0,2023-05-12 18:00:00,100.0,0.0,2023-05-12 12:00:00,85.0,15.0,2023-05-12 00:00:00,65.0,35.0
2023-002,2023,BOB,MOCHA,2023-05-13 03:00:00,15.7,89.5,100.0,954.0,50.0,ESCS,24,2023-05-14 03:00:00,110.0,10.0,0.0,0.0,2023-05-12 21:00:00,100.0,0.0,2023-05-12 15:00:00,90.0,10.0,2023-05-12 03:00:00,65.0,35.0
2023-002,2023,BOB,MOCHA,2023-05-13 06:00:00,16.0,90.0,105.0,950.0,54.0,ESCS,25,2023-05-14 06:00:00,100.0,-5.0,0.0,5.0,2023-05-13 00:00:00,100.0,5.0,2023-05-12 18:00:00,100.0,5.0,2023-05-12 06:00:00,75.0,30.0
2023-002,2023,BOB,MOCHA,2023-05-13 09:00:00,16.4,90.3,105.0,950.0,54.0,ESCS,26,2023-05-14 09:00:00,90.0,-15.0,0.0,0.0,2023-05-13 03:00:00,100.0,5.0,2023-05-12 21:00:00,100.0,5.0,2023-05-12 09:00:00,85.0,20.0
2023-002,2023,BOB,MOCHA,2023-05-13 12:00:00,16.9,90.8,110.0,944.0,60.0,ESCS,27,2023-05-14 12:00:00,75.0,-35.0,0.0,5.0,2023-05-13 06:00:00,105.0,5.0,2023-05-13 00:00:00,100.0,10.0,2023-05-12 12:00:00,85.0,25.0
2023-002,2023,BOB,MOCHA,2023-05-13 15:00:00,17.4,90.9,110.0,944.0,60.0,ESCS,28,2023-05-14 15:00:00,60.0,-50.0,0.0,0.0,2023-05-13 09:00:00,105.0,5.0,2023-05-13 03:00:00,100.0,10.0,2023-05-12 15:00:00,90.0,20.0
2023-002,2023,BOB,MOCHA,2023-05-13 18:00:00,17.9,91.0,115.0,938.0,66.0,ESCS,29,2023-05-14 18:00:00,50.0,-65.0,0.0,5.0,2023-05-13 12:00:00,110.0,5.0,2023-05-13 06:00:00,105.0,10.0,2023-05-12 18:00:00,100.0,15.0
2023-002,2023,BOB,MOCHA,2023-05-13 21:00:00,18.3,91.3,115.0,938.0,66.0,ESCS,30,2023-05-14 21:00:00,35.0,-80.0,0.0,0.0,2023-05-13 15:00:00,110.0,5.0,2023-05-13 09:00:00,105.0,10.0,2023-05-12 21:00:00,100.0,15.0
2023-002,2023,BOB,MOCHA,2023-05-14 00:00:00,18.7,91.5,115.0,938.0,66.0,ESCS,31,2023-05-15 00:00:00,25.0,-90.0,0.0,0.0,2023-05-13 18:00:00,115.0,0.0,2023-05-13 12:00:00,110.0,5.0,2023-05-13 00:00:00,100.0,15.0
2023-002,2023,BOB,MOCHA,2023-05-14 03:00:00,19.3,91.9,110.0,944.0,60.0,ESCS,32,2023-05-15 03:00:00,,,,-5.0,2023-05-13 21:00:00,115.0,-5.0,2023-05-13 15:00:00,110.0,0.0,2023-05-13 03:00:00,100.0,10.0
2023-002,2023,BOB,MOCHA,2023-05-14 06:00:00,19.9,92.5,100.0,952.0,52.0,ESCS,33,2023-05-15 06:00:00,,,,-10.0,2023-05-14 00:00:00,115.0,-15.0,2023-05-13 18:00:00,115.0,-15.0,2023-05-13 06:00:00,105.0,-5.0
2023-002,2023,BOB,MOCHA,2023-05-14 09:00:00,20.5,92.9,90.0,964.0,40.0,ESCS,34,2023-05-15 09:00:00,,,,-10.0,2023-05-14 03:00:00,110.0,-20.0,2023-05-13 21:00:00,115.0,-25.0,2023-05-13 09:00:00,105.0,-15.0
2023-002,2023,BOB,MOCHA,2023-05-14 12:00:00,21.1,93.3,75.0,974.0,30.0,VSCS,35,2023-05-15 12:00:00,,,,-15.0,2023-05-14 06:00:00,100.0,-25.0,2023-05-14 00:00:00,115.0,-40.0,2023-05-13 12:00:00,110.0,-35.0
2023-002,2023,BOB,MOCHA,2023-05-14 15:00:00,21.8,93.8,60.0,984.0,18.0,SCS,36,2023-05-15 15:00:00,,,,-15.0,2023-05-14 09:00:00,90.0,-30.0,2023-05-14 03:00:00,110.0,-50.0,2023-05-13 15:00:00,110.0,-50.0
2023-002,2023,BOB,MOCHA,2023-05-14 18:00:00,22.7,94.6,50.0,992.0,12.0,SCS,37,2023-05-15 18:00:00,,,,-10.0,2023-05-14 12:00:00,75.0,-25.0,2023-05-14 06:00:00,100.0,-50.0,2023-05-13 18:00:00,115.0,-65.0
2023-002,2023,BOB,MOCHA,2023-05-14 21:00:00,23.5,95.3,35.0,996.0,6.0,CS,38,2023-05-15 21:00:00,,,,-15.0,2023-05-14 15:00:00,60.0,-25.0,2023-05-14 09:00:00,90.0,-55.0,2023-05-13 21:00:00,115.0,-80.0
2023-002,2023,BOB,MOCHA,2023-05-15 00:00:00,23.9,97.8,25.0,1000.0,3.0,D,39,2023-05-16 00:00:00,,,,-10.0,2023-05-14 18:00:00,50.0,-25.0,2023-05-14 12:00:00,75.0,-50.0,2023-05-14 00:00:00,115.0,-90.0
2023-004,2023,BOB,,2023-08-01 00:00:00,20.5,91.5,25.0,992.0,4.0,D,0,2023-08-02 00:00:00,30.0,5.0,0.0,,2023-07-31 18:00:00,,,2023-07-31 12:00:00,,,2023-07-31 00:00:00,,
2023-004,2023,BOB,,2023-08-01 03:00:00,21.2,91.2,30.0,990.0,6.0,DD,1,2023-08-02 03:00:00,30.0,0.0,0.0,5.0,2023-07-31 21:00:00,,,2023-07-31 15:00:00,,,2023-07-31 03:00:00,,
2023-004,2023,BOB,,2023-08-01 06:00:00,21.6,90.7,30.0,990.0,6.0,DD,2,2023-08-02 06:00:00,30.0,0.0,0.0,0.0,2023-08-01 00:00:00,25.0,5.0,2023-07-31 18:00:00,,,2023-07-31 06:00:00,,
2023-004,2023,BOB,,2023-08-01 12:00:00,22.5,89.5,30.0,988.0,6.0,DD,3,2023-08-02 12:00:00,25.0,-5.0,0.0,0.0,2023-08-01 06:00:00,30.0,0.0,2023-08-01 00:00:00,25.0,5.0,2023-07-31 12:00:00,,
2023-004,2023,BOB,,2023-08-01 18:00:00,22.8,89.0,30.0,988.0,6.0,DD,4,2023-08-02 18:00:00,25.0,-5.0,0.0,0.0,2023-08-01 12:00:00,30.0,0.0,2023-08-01 06:00:00,30.0,0.0,2023-07-31 18:00:00,,
2023-004,2023,BOB,,2023-08-02 00:00:00,23.1,87.4,30.0,988.0,6.0,DD,5,2023-08-03 00:00:00,25.0,-5.0,0.0,0.0,2023-08-01 18:00:00,30.0,0.0,2023-08-01 12:00:00,30.0,0.0,2023-08-01 00:00:00,25.0,5.0
2023-004,2023,BOB,,2023-08-02 03:00:00,23.2,87.1,30.0,989.0,5.0,DD,6,2023-08-03 03:00:00,25.0,-5.0,0.0,0.0,2023-08-01 21:00:00,,,2023-08-01 15:00:00,,,2023-08-01 03:00:00,30.0,0.0
2023-004,2023,BOB,,2023-08-02 06:00:00,23.3,86.3,30.0,989.0,5.0,DD,7,2023-08-03 06:00:00,20.0,-10.0,0.0,0.0,2023-08-02 00:00:00,30.0,0.0,2023-08-01 18:00:00,30.0,0.0,2023-08-01 06:00:00,30.0,0.0
2023-004,2023,BOB,,2023-08-02 12:00:00,23.3,85.1,25.0,990.0,4.0,D,8,2023-08-03 12:00:00,,,,-5.0,2023-08-02 06:00:00,30.0,-5.0,2023-08-02 00:00:00,30.0,-5.0,2023-08-01 12:00:00,30.0,-5.0
2023-004,2023,BOB,,2023-08-02 18:00:00,23.3,84.1,25.0,990.0,4.0,D,9,2023-08-03 18:00:00,,,,0.0,2023-08-02 12:00:00,25.0,0.0,2023-08-02 06:00:00,30.0,-5.0,2023-08-01 18:00:00,30.0,-5.0
2023-004,2023,BOB,,2023-08-03 00:00:00,23.4,83.4,25.0,990.0,4.0,D,10,2023-08-04 00:00:00,,,,0.0,2023-08-02 18:00:00,25.0,0.0,2023-08-02 12:00:00,25.0,0.0,2023-08-02 00:00:00,30.0,-5.0
2023-004,2023,BOB,,2023-08-03 03:00:00,23.5,83.1,25.0,992.0,4.0,D,11,2023-08-04 03:00:00,,,,0.0,2023-08-02 21:00:00,,,2023-08-02 15:00:00,,,2023-08-02 03:00:00,30.0,-5.0
2023-004,2023,BOB,,2023-08-03 06:00:00,23.5,83.1,20.0,993.0,3.0,D,12,2023-08-04 06:00:00,,,,-5.0,2023-08-03 00:00:00,25.0,-5.0,2023-08-02 18:00:00,25.0,-5.0,2023-08-02 06:00:00,30.0,-10.0
2023-007,2023,BOB,HAMOON,2023-10-21 18:00:00,14.7,86.4,25.0,1003.0,3.0,D,0,2023-10-22 18:00:00,30.0,5.0,0.0,,2023-10-21 12:00:00,,,2023-10-21 06:00:00,,,2023-10-20 18:00:00,,
2023-007,2023,BOB,HAMOON,2023-10-21 21:00:00,14.8,86.3,25.0,1003.0,3.0,D,1,2023-10-22 21:00:00,30.0,5.0,0.0,0.0,2023-10-21 15:00:00,,,2023-10-21 09:00:00,,,2023-10-20 21:00:00,,
2023-007,2023,BOB,HAMOON,2023-10-22 00:00:00,14.9,86.3,25.0,1003.0,3.0,D,2,2023-10-23 00:00:00,30.0,5.0,0.0,0.0,2023-10-21 18:00:00,25.0,0.0,2023-10-21 12:00:00,,,2023-10-21 00:00:00,,
2023-007,2023,BOB,HAMOON,2023-10-22 03:00:00,15.0,86.2,25.0,1003.0,3.0,D,3,2023-10-23 03:00:00,30.0,5.0,0.0,0.0,2023-10-21 21:00:00,25.0,0.0,2023-10-21 15:00:00,,,2023-10-21 03:00:00,,
2023-007,2023,BOB,HAMOON,2023-10-22 06:00:00,15.3,86.2,25.0,1003.0,4.0,D,4,2023-10-23 06:00:00,30.0,5.0,0.0,0.0,2023-10-22 00:00:00,25.0,0.0,2023-10-21 18:00:00,25.0,0.0,2023-10-21 06:00:00,,
2023-007,2023,BOB,HAMOON,2023-10-22 09:00:00,15.6,86.2,25.0,1002.0,4.0,D,5,2023-10-23 09:00:00,30.0,5.0,0.0,0.0,2023-10-22 03:00:00,25.0,0.0,2023-10-21 21:00:00,25.0,0.0,2023-10-21 09:00:00,,
2023-007,2023,BOB,HAMOON,2023-10-22 12:00:00,15.8,86.3,30.0,1001.0,5.0,DD,6,2023-10-23 12:00:00,35.0,5.0,0.0,5.0,2023-10-22 06:00:00,25.0,5.0,2023-10-22 00:00:00,25.0,5.0,2023-10-21 12:00:00,,
2023-007,2023,BOB,HAMOON,2023-10-22 15:00:00,16.4,86.4,30.0,1001.0,5.0,DD,7,2023-10-23 15:00:00,40.0,10.0,0.0,0.0,2023-10-22 09:00:00,25.0,5.0,2023-10-22 03:00:00,25.0,5.0,2023-10-21 15:00:00,,
2023-007,2023,BOB,HAMOON,2023-10-22 18:00:00,16.4,86.5,30.0,1001.0,5.0,DD,8,2023-10-23 18:00:00,40.0,10.0,0.0,0.0,2023-10-22 12:00:00,30.0,0.0,2023-10-22 06:00:00,25.0,5.0,2023-10-21 18:00:00,25.0,5.0
2023-007,2023,BOB,HAMOON,2023-10-22 21:00:00,16.4,86.6,30.0,1001.0,5.0,DD,9,2023-10-23 21:00:00,50.0,20.0,0.0,0.0,2023-10-22 15:00:00,30.0,0.0,2023-10-22 09:00:00,25.0,5.0,2023-10-21 21:00:00,25.0,5.0
2023-007,2023,BOB,HAMOON,2023-10-23 00:00:00,16.7,86.7,30.0,1001.0,5.0,DD,10,2023-10-24 00:00:00,55.0,25.0,0.0,0.0,2023-10-22 18:00:00,30.0,0.0,2023-10-22 12:00:00,30.0,0.0,2023-10-22 00:00:00,25.0,5.0
2023-007,2023,BOB,HAMOON,2023-10-23 03:00:00,17.0,86.8,30.0,1001.0,5.0,DD,11,2023-10-24 03:00:00,65.0,35.0,1.0,0.0,2023-10-22 21:00:00,30.0,0.0,2023-10-22 15:00:00,30.0,0.0,2023-10-22 03:00:00,25.0,5.0
2023-007,2023,BOB,HAMOON,2023-10-23 06:00:00,17.4,87.0,30.0,1000.0,6.0,DD,12,2023-10-24 06:00:00,65.0,35.0,1.0,0.0,2023-10-23 00:00:00,30.0,0.0,2023-10-22 18:00:00,30.0,0.0,2023-10-22 06:00:00,25.0,5.0
2023-007,2023,BOB,HAMOON,2023-10-23 09:00:00,17.9,87.2,30.0,1000.0,6.0,DD,13,2023-10-24 09:00:00,65.0,35.0,1.0,0.0,2023-10-23 03:00:00,30.0,0.0,2023-10-22 21:00:00,30.0,0.0,2023-10-22 09:00:00,25.0,5.0
2023-007,2023,BOB,HAMOON,2023-10-23 12:00:00,18.3,87.3,35.0,999.0,7.0,CS,14,2023-10-24 12:00:00,55.0,20.0,0.0,5.0,2023-10-23 06:00:00,30.0,5.0,2023-10-23 00:00:00,30.0,5.0,2023-10-22 12:00:00,30.0,5.0
2023-007,2023,BOB,HAMOON,2023-10-23 15:00:00,18.7,87.6,40.0,998.0,8.0,CS,15,2023-10-24 15:00:00,55.0,15.0,0.0,5.0,2023-10-23 09:00:00,30.0,10.0,2023-10-23 03:00:00,30.0,10.0,2023-10-22 15:00:00,30.0,10.0
2023-007,2023,BOB,HAMOON,2023-10-23 18:00:00,19.1,88.0,40.0,998.0,8.0,CS,16,2023-10-24 18:00:00,50.0,10.0,0.0,0.0,2023-10-23 12:00:00,35.0,5.0,2023-10-23 06:00:00,30.0,10.0,2023-10-22 18:00:00,30.0,10.0
2023-007,2023,BOB,HAMOON,2023-10-23 21:00:00,19.3,88.4,50.0,994.0,12.0,SCS,17,2023-10-24 21:00:00,,,,10.0,2023-10-23 15:00:00,40.0,10.0,2023-10-23 09:00:00,30.0,20.0,2023-10-22 21:00:00,30.0,20.0
2023-007,2023,BOB,HAMOON,2023-10-24 00:00:00,19.7,88.8,55.0,990.0,16.0,SCS,18,2023-10-25 00:00:00,35.0,-20.0,0.0,5.0,2023-10-23 18:00:00,40.0,15.0,2023-10-23 12:00:00,35.0,20.0,2023-10-23 00:00:00,30.0,25.0
2023-007,2023,BOB,HAMOON,2023-10-24 03:00:00,20.0,89.5,65.0,984.0,22.0,VSCS,19,2023-10-25 03:00:00,30.0,-35.0,0.0,10.0,2023-10-23 21:00:00,50.0,15.0,2023-10-23 15:00:00,40.0,25.0,2023-10-23 03:00:00,30.0,35.0
2023-007,2023,BOB,HAMOON,2023-10-24 06:00:00,20.3,90.0,65.0,985.0,21.0,VSCS,20,2023-10-25 06:00:00,25.0,-40.0,0.0,0.0,2023-10-24 00:00:00,55.0,10.0,2023-10-23 18:00:00,40.0,25.0,2023-10-23 06:00:00,30.0,35.0
2023-007,2023,BOB,HAMOON,2023-10-24 09:00:00,20.6,90.4,65.0,986.0,20.0,VSCS,21,2023-10-25 09:00:00,,,,0.0,2023-10-24 03:00:00,65.0,0.0,2023-10-23 21:00:00,50.0,15.0,2023-10-23 09:00:00,30.0,35.0
2023-007,2023,BOB,HAMOON,2023-10-24 12:00:00,20.8,90.8,55.0,988.0,17.0,SCS,22,2023-10-25 12:00:00,,,,-10.0,2023-10-24 06:00:00,65.0,-10.0,2023-10-24 00:00:00,55.0,0.0,2023-10-23 12:00:00,35.0,20.0
2023-007,2023,BOB,HAMOON,2023-10-24 15:00:00,21.3,91.3,55.0,990.0,16.0,SCS,23,2023-10-25 15:00:00,,,,0.0,2023-10-24 09:00:00,65.0,-10.0,2023-10-24 03:00:00,65.0,-10.0,2023-10-23 15:00:00,40.0,15.0
2023-007,2023,BOB,HAMOON,2023-10-24 18:00:00,21.6,91.6,50.0,994.0,12.0,SCS,24,2023-10-25 18:00:00,,,,-5.0,2023-10-24 12:00:00,55.0,-5.0,2023-10-24 06:00:00,65.0,-15.0,2023-10-23 18:00:00,40.0,10.0
2023-007,2023,BOB,HAMOON,2023-10-25 00:00:00,22.2,92.2,35.0,999.0,7.0,CS,25,2023-10-26 00:00:00,,,,-15.0,2023-10-24 18:00:00,50.0,-15.0,2023-10-24 12:00:00,55.0,-20.0,2023-10-24 00:00:00,55.0,-20.0
2023-007,2023,BOB,HAMOON,2023-10-25 03:00:00,22.4,92.4,30.0,1003.0,5.0,DD,26,2023-10-26 03:00:00,,,,-5.0,2023-10-24 21:00:00,,,2023-10-24 15:00:00,55.0,-25.0,2023-10-24 03:00:00,65.0,-35.0
2023-007,2023,BOB,HAMOON,2023-10-25 06:00:00,22.7,92.7,25.0,1004.0,4.0,D,27,2023-10-26 06:00:00,,,,-5.0,2023-10-25 00:00:00,35.0,-10.0,2023-10-24 18:00:00,50.0,-25.0,2023-10-24 06:00:00,65.0,-40.0
2023-007,2023,BOB,HAMOON,2023-10-25 21:00:00,22.0,92.0,45.0,996.0,10.0,CS,28,2023-10-26 21:00:00,,,,20.0,2023-10-25 15:00:00,,,2023-10-25 09:00:00,,,2023-10-24 21:00:00,,
2023-008,2023,BOB,MIDHILI,2023-11-15 03:00:00,14.5,86.8,25.0,1005.0,3.0,D,0,2023-11-16 03:00:00,30.0,5.0,0.0,,2023-11-14 21:00:00,,,2023-11-14 15:00:00,,,2023-11-14 03:00:00,,
2023-008,2023,BOB,MIDHILI,2023-11-15 06:00:00,14.7,86.6,25.0,1005.0,3.0,D,1,2023-11-16 06:00:00,30.0,5.0,0.0,0.0,2023-11-15 00:00:00,,,2023-11-14 18:00:00,,,2023-11-14 06:00:00,,
2023-008,2023,BOB,MIDHILI,2023-11-15 12:00:00,15.3,86.4,25.0,1004.0,4.0,D,2,2023-11-16 12:00:00,30.0,5.0,0.0,0.0,2023-11-15 06:00:00,25.0,0.0,2023-11-15 00:00:00,,,2023-11-14 12:00:00,,
2023-008,2023,BOB,MIDHILI,2023-11-15 18:00:00,16.0,86.4,25.0,1004.0,4.0,D,3,2023-11-16 18:00:00,30.0,5.0,0.0,0.0,2023-11-15 12:00:00,25.0,0.0,2023-11-15 06:00:00,25.0,0.0,2023-11-14 18:00:00,,
2023-008,2023,BOB,MIDHILI,2023-11-16 00:00:00,16.9,86.8,30.0,1003.0,5.0,DD,4,2023-11-17 00:00:00,35.0,5.0,0.0,5.0,2023-11-15 18:00:00,25.0,5.0,2023-11-15 12:00:00,25.0,5.0,2023-11-15 00:00:00,,
2023-008,2023,BOB,MIDHILI,2023-11-16 03:00:00,17.4,87.0,30.0,1003.0,5.0,DD,5,2023-11-17 03:00:00,40.0,10.0,0.0,0.0,2023-11-15 21:00:00,,,2023-11-15 15:00:00,,,2023-11-15 03:00:00,25.0,5.0
2023-008,2023,BOB,MIDHILI,2023-11-16 06:00:00,17.9,87.3,30.0,1003.0,5.0,DD,6,2023-11-17 06:00:00,45.0,15.0,0.0,0.0,2023-11-16 00:00:00,30.0,0.0,2023-11-15 18:00:00,25.0,5.0,2023-11-15 06:00:00,25.0,5.0
2023-008,2023,BOB,MIDHILI,2023-11-16 12:00:00,18.6,87.7,30.0,1003.0,5.0,DD,7,2023-11-17 12:00:00,40.0,10.0,0.0,0.0,2023-11-16 06:00:00,30.0,0.0,2023-11-16 00:00:00,30.0,0.0,2023-11-15 12:00:00,25.0,5.0
2023-008,2023,BOB,MIDHILI,2023-11-16 18:00:00,19.1,88.0,30.0,1002.0,6.0,DD,8,2023-11-17 18:00:00,30.0,0.0,0.0,0.0,2023-11-16 12:00:00,30.0,0.0,2023-11-16 06:00:00,30.0,0.0,2023-11-15 18:00:00,25.0,5.0
2023-008,2023,BOB,MIDHILI,2023-11-17 00:00:00,20.1,88.5,35.0,1001.0,7.0,CS,9,2023-11-18 00:00:00,20.0,-15.0,0.0,5.0,2023-11-16 18:00:00,30.0,5.0,2023-11-16 12:00:00,30.0,5.0,2023-11-16 00:00:00,30.0,5.0
2023-008,2023,BOB,MIDHILI,2023-11-17 03:00:00,20.7,89.1,40.0,1000.0,8.0,CS,10,2023-11-18 03:00:00,,,,5.0,2023-11-16 21:00:00,,,2023-11-16 15:00:00,,,2023-11-16 03:00:00,30.0,10.0
2023-008,2023,BOB,MIDHILI,2023-11-17 06:00:00,21.2,89.5,45.0,998.0,10.0,CS,11,2023-11-18 06:00:00,,,,5.0,2023-11-17 00:00:00,35.0,10.0,2023-11-16 18:00:00,30.0,15.0,2023-11-16 06:00:00,30.0,15.0
2023-008,2023,BOB,MIDHILI,2023-11-17 09:00:00,21.8,90.0,50.0,996.0,12.0,SCS,12,2023-11-18 09:00:00,,,,5.0,2023-11-17 03:00:00,40.0,10.0,2023-11-16 21:00:00,,,2023-11-16 09:00:00,,
2023-008,2023,BOB,MIDHILI,2023-11-17 12:00:00,22.8,90.8,40.0,998.0,8.0,CS,13,2023-11-18 12:00:00,,,,-10.0,2023-11-17 06:00:00,45.0,-5.0,2023-11-17 00:00:00,35.0,5.0,2023-11-16 12:00:00,30.0,10.0
2023-008,2023,BOB,MIDHILI,2023-11-17 15:00:00,23.1,91.1,35.0,1000.0,7.0,CS,14,2023-11-18 15:00:00,,,,-5.0,2023-11-17 09:00:00,50.0,-15.0,2023-11-17 03:00:00,40.0,-5.0,2023-11-16 15:00:00,,
2023-008,2023,BOB,MIDHILI,2023-11-17 18:00:00,23.3,91.3,30.0,1003.0,5.0,DD,15,2023-11-18 18:00:00,,,,-5.0,2023-11-17 12:00:00,40.0,-10.0,2023-11-17 06:00:00,45.0,-15.0,2023-11-16 18:00:00,30.0,0.0
2023-008,2023,BOB,MIDHILI,2023-11-18 00:00:00,23.7,91.7,20.0,1005.0,3.0,D,16,2023-11-19 00:00:00,,,,-10.0,2023-11-17 18:00:00,30.0,-10.0,2023-11-17 12:00:00,40.0,-20.0,2023-11-17 00:00:00,35.0,-15.0
2023-009,2023,BOB,MICHAUNG,2023-12-01 00:00:00,10.5,84.1,30.0,998.0,5.0,DD,1,2023-12-02 00:00:00,,,,,2023-11-30 18:00:00,,,2023-11-30 12:00:00,,,2023-11-30 00:00:00,,
2023-009,2023,BOB,MICHAUNG,2023-12-01 03:00:00,9.3,86.2,20.0,1002.0,3.0,D,2,2023-12-02 03:00:00,30.0,10.0,0.0,-10.0,2023-11-30 21:00:00,,,2023-11-30 15:00:00,,,2023-11-30 03:00:00,,
2023-009,2023,BOB,MICHAUNG,2023-12-01 06:00:00,9.5,86.0,25.0,1002.0,3.0,D,3,2023-12-02 06:00:00,30.0,5.0,0.0,5.0,2023-12-01 00:00:00,30.0,-5.0,2023-11-30 18:00:00,,,2023-11-30 06:00:00,,
2023-009,2023,BOB,MICHAUNG,2023-12-01 12:00:00,10.0,85.7,25.0,1001.0,3.0,D,4,2023-12-02 12:00:00,30.0,5.0,0.0,0.0,2023-12-01 06:00:00,25.0,0.0,2023-12-01 00:00:00,30.0,-5.0,2023-11-30 12:00:00,,
2023-009,2023,BOB,MICHAUNG,2023-12-01 18:00:00,10.3,85.1,25.0,1000.0,4.0,D,5,2023-12-02 18:00:00,30.0,5.0,0.0,0.0,2023-12-01 12:00:00,25.0,0.0,2023-12-01 06:00:00,25.0,0.0,2023-11-30 18:00:00,,
2023-009,2023,BOB,MICHAUNG,2023-12-02 03:00:00,10.6,83.6,30.0,997.0,5.0,DD,6,2023-12-03 03:00:00,35.0,5.0,0.0,5.0,2023-12-01 21:00:00,,,2023-12-01 15:00:00,,,2023-12-01 03:00:00,20.0,10.0
2023-009,2023,BOB,MICHAUNG,2023-12-02 06:00:00,10.7,83.2,30.0,997.0,5.0,DD,7,2023-12-03 06:00:00,35.0,5.0,0.0,0.0,2023-12-02 00:00:00,,,2023-12-01 18:00:00,25.0,5.0,2023-12-01 06:00:00,25.0,5.0
2023-009,2023,BOB,MICHAUNG,2023-12-02 12:00:00,10.9,83.1,30.0,997.0,5.0,DD,8,2023-12-03 12:00:00,35.0,5.0,0.0,0.0,2023-12-02 06:00:00,30.0,0.0,2023-12-02 00:00:00,,,2023-12-01 12:00:00,25.0,5.0
2023-009,2023,BOB,MICHAUNG,2023-12-02 18:00:00,11.1,82.7,30.0,996.0,6.0,DD,9,2023-12-03 18:00:00,45.0,15.0,0.0,0.0,2023-12-02 12:00:00,30.0,0.0,2023-12-02 06:00:00,30.0,0.0,2023-12-01 18:00:00,25.0,5.0
2023-009,2023,BOB,MICHAUNG,2023-12-03 00:00:00,11.4,82.5,35.0,995.0,7.0,CS,10,2023-12-04 00:00:00,45.0,10.0,0.0,5.0,2023-12-02 18:00:00,30.0,5.0,2023-12-02 12:00:00,30.0,5.0,2023-12-02 00:00:00,,
2023-009,2023,BOB,MICHAUNG,2023-12-03 03:00:00,11.5,82.4,35.0,995.0,7.0,CS,11,2023-12-04 03:00:00,50.0,15.0,0.0,0.0,2023-12-02 21:00:00,,,2023-12-02 15:00:00,,,2023-12-02 03:00:00,30.0,5.0
2023-009,2023,BOB,MICHAUNG,2023-12-03 06:00:00,11.8,82.2,35.0,995.0,7.0,CS,12,2023-12-04 06:00:00,50.0,15.0,0.0,0.0,2023-12-03 00:00:00,35.0,0.0,2023-12-02 18:00:00,30.0,5.0,2023-12-02 06:00:00,30.0,5.0
2023-009,2023,BOB,MICHAUNG,2023-12-03 09:00:00,12.0,82.1,35.0,995.0,7.0,CS,13,2023-12-04 09:00:00,50.0,15.0,0.0,0.0,2023-12-03 03:00:00,35.0,0.0,2023-12-02 21:00:00,,,2023-12-02 09:00:00,,
2023-009,2023,BOB,MICHAUNG,2023-12-03 12:00:00,12.2,82.0,35.0,995.0,7.0,CS,14,2023-12-04 12:00:00,55.0,20.0,0.0,0.0,2023-12-03 06:00:00,35.0,0.0,2023-12-03 00:00:00,35.0,0.0,2023-12-02 12:00:00,30.0,5.0
2023-009,2023,BOB,MICHAUNG,2023-12-03 15:00:00,12.4,81.9,40.0,994.0,8.0,CS,15,2023-12-04 15:00:00,55.0,15.0,0.0,5.0,2023-12-03 09:00:00,35.0,5.0,2023-12-03 03:00:00,35.0,5.0,2023-12-02 15:00:00,,
2023-009,2023,BOB,MICHAUNG,2023-12-03 18:00:00,12.8,81.6,45.0,992.0,10.0,CS,16,2023-12-04 18:00:00,55.0,10.0,0.0,5.0,2023-12-03 12:00:00,35.0,10.0,2023-12-03 06:00:00,35.0,10.0,2023-12-02 18:00:00,30.0,15.0
2023-009,2023,BOB,MICHAUNG,2023-12-03 21:00:00,13.0,81.4,45.0,992.0,10.0,CS,17,2023-12-04 21:00:00,55.0,10.0,0.0,0.0,2023-12-03 15:00:00,40.0,5.0,2023-12-03 09:00:00,35.0,10.0,2023-12-02 21:00:00,,
2023-009,2023,BOB,MICHAUNG,2023-12-04 00:00:00,13.1,81.2,45.0,992.0,10.0,CS,18,2023-12-05 00:00:00,50.0,5.0,0.0,0.0,2023-12-03 18:00:00,45.0,0.0,2023-12-03 12:00:00,35.0,10.0,2023-12-03 00:00:00,35.0,10.0
2023-009,2023,BOB,MICHAUNG,2023-12-04 03:00:00,13.3,81.0,50.0,988.0,14.0,SCS,19,2023-12-05 03:00:00,50.0,0.0,0.0,5.0,2023-12-03 21:00:00,45.0,5.0,2023-12-03 15:00:00,40.0,10.0,2023-12-03 03:00:00,35.0,15.0
2023-009,2023,BOB,MICHAUNG,2023-12-04 06:00:00,13.5,80.8,50.0,988.0,14.0,SCS,20,2023-12-05 06:00:00,50.0,0.0,0.0,0.0,2023-12-04 00:00:00,45.0,5.0,2023-12-03 18:00:00,45.0,5.0,2023-12-03 06:00:00,35.0,15.0
2023-009,2023,BOB,MICHAUNG,2023-12-04 09:00:00,13.7,80.7,50.0,988.0,14.0,SCS,21,2023-12-05 09:00:00,50.0,0.0,0.0,0.0,2023-12-04 03:00:00,50.0,0.0,2023-12-03 21:00:00,45.0,5.0,2023-12-03 09:00:00,35.0,15.0
2023-009,2023,BOB,MICHAUNG,2023-12-04 12:00:00,14.0,80.5,55.0,986.0,16.0,SCS,22,2023-12-05 12:00:00,40.0,-15.0,0.0,5.0,2023-12-04 06:00:00,50.0,5.0,2023-12-04 00:00:00,45.0,10.0,2023-12-03 12:00:00,35.0,20.0
2023-009,2023,BOB,MICHAUNG,2023-12-04 15:00:00,14.3,80.4,55.0,986.0,16.0,SCS,23,2023-12-05 15:00:00,35.0,-20.0,0.0,0.0,2023-12-04 09:00:00,50.0,5.0,2023-12-04 03:00:00,50.0,5.0,2023-12-03 15:00:00,40.0,15.0
2023-009,2023,BOB,MICHAUNG,2023-12-04 18:00:00,14.5,80.3,55.0,986.0,16.0,SCS,24,2023-12-05 18:00:00,30.0,-25.0,0.0,0.0,2023-12-04 12:00:00,55.0,0.0,2023-12-04 06:00:00,50.0,5.0,2023-12-03 18:00:00,45.0,10.0
2023-009,2023,BOB,MICHAUNG,2023-12-04 21:00:00,14.7,80.2,55.0,986.0,16.0,SCS,25,2023-12-05 21:00:00,,,,0.0,2023-12-04 15:00:00,55.0,0.0,2023-12-04 09:00:00,50.0,5.0,2023-12-03 21:00:00,45.0,10.0
2023-009,2023,BOB,MICHAUNG,2023-12-05 00:00:00,14.9,80.2,50.0,988.0,14.0,SCS,26,2023-12-06 00:00:00,20.0,-30.0,0.0,-5.0,2023-12-04 18:00:00,55.0,-5.0,2023-12-04 12:00:00,55.0,-5.0,2023-12-04 00:00:00,45.0,5.0
2023-009,2023,BOB,MICHAUNG,2023-12-05 03:00:00,15.2,80.2,50.0,988.0,14.0,SCS,27,2023-12-06 03:00:00,,,,0.0,2023-12-04 21:00:00,55.0,-5.0,2023-12-04 15:00:00,55.0,-5.0,2023-12-04 03:00:00,50.0,0.0
2023-009,2023,BOB,MICHAUNG,2023-12-05 06:00:00,15.5,80.3,50.0,988.0,14.0,SCS,28,2023-12-06 06:00:00,,,,0.0,2023-12-05 00:00:00,50.0,0.0,2023-12-04 18:00:00,55.0,-5.0,2023-12-04 06:00:00,50.0,0.0
2023-009,2023,BOB,MICHAUNG,2023-12-05 09:00:00,15.8,80.3,50.0,990.0,12.0,SCS,29,2023-12-06 09:00:00,,,,0.0,2023-12-05 03:00:00,50.0,0.0,2023-12-04 21:00:00,55.0,-5.0,2023-12-04 09:00:00,50.0,0.0
2023-009,2023,BOB,MICHAUNG,2023-12-05 12:00:00,16.0,80.3,40.0,996.0,8.0,CS,30,2023-12-06 12:00:00,,,,-10.0,2023-12-05 06:00:00,50.0,-10.0,2023-12-05 00:00:00,50.0,-10.0,2023-12-04 12:00:00,55.0,-15.0
2023-009,2023,BOB,MICHAUNG,2023-12-05 15:00:00,16.4,80.4,35.0,998.0,7.0,CS,31,2023-12-06 15:00:00,,,,-5.0,2023-12-05 09:00:00,50.0,-15.0,2023-12-05 03:00:00,50.0,-15.0,2023-12-04 15:00:00,55.0,-20.0
2023-009,2023,BOB,MICHAUNG,2023-12-05 18:00:00,16.8,80.4,30.0,1000.0,6.0,DD,32,2023-12-06 18:00:00,,,,-5.0,2023-12-05 12:00:00,40.0,-10.0,2023-12-05 06:00:00,50.0,-20.0,2023-12-04 18:00:00,55.0,-25.0
2023-009,2023,BOB,MICHAUNG,2023-12-06 00:00:00,17.4,80.5,20.0,1004.0,3.0,D,33,2023-12-07 00:00:00,,,,-10.0,2023-12-05 18:00:00,30.0,-10.0,2023-12-05 12:00:00,40.0,-20.0,2023-12-05 00:00:00,50.0,-30.0
2024-001,2024,BOB,REMAL,2024-05-24 00:00:00,15.0,88.4,25.0,996.0,3.0,D,0,2024-05-25 00:00:00,30.0,5.0,0.0,,2024-05-23 18:00:00,,,2024-05-23 12:00:00,,,2024-05-23 00:00:00,,
2024-001,2024,BOB,REMAL,2024-05-24 03:00:00,15.5,88.7,25.0,996.0,3.0,D,1,2024-05-25 03:00:00,30.0,5.0,0.0,0.0,2024-05-23 21:00:00,,,2024-05-23 15:00:00,,,2024-05-23 03:00:00,,
2024-001,2024,BOB,REMAL,2024-05-24 06:00:00,15.8,88.9,25.0,996.0,3.0,D,2,2024-05-25 06:00:00,30.0,5.0,0.0,0.0,2024-05-24 00:00:00,25.0,0.0,2024-05-23 18:00:00,,,2024-05-23 06:00:00,,
2024-001,2024,BOB,REMAL,2024-05-24 12:00:00,16.2,89.1,25.0,995.0,3.0,D,3,2024-05-25 12:00:00,35.0,10.0,0.0,0.0,2024-05-24 06:00:00,25.0,0.0,2024-05-24 00:00:00,25.0,0.0,2024-05-23 12:00:00,,
2024-001,2024,BOB,REMAL,2024-05-24 18:00:00,16.8,89.4,25.0,995.0,3.0,D,4,2024-05-25 18:00:00,40.0,15.0,0.0,0.0,2024-05-24 12:00:00,25.0,0.0,2024-05-24 06:00:00,25.0,0.0,2024-05-23 18:00:00,,
2024-001,2024,BOB,REMAL,2024-05-25 00:00:00,17.6,89.7,30.0,993.0,4.0,DD,5,2024-05-26 00:00:00,50.0,20.0,0.0,5.0,2024-05-24 18:00:00,25.0,5.0,2024-05-24 12:00:00,25.0,5.0,2024-05-24 00:00:00,25.0,5.0
2024-001,2024,BOB,REMAL,2024-05-25 03:00:00,18.0,89.7,30.0,992.0,5.0,DD,6,2024-05-26 03:00:00,50.0,20.0,0.0,0.0,2024-05-24 21:00:00,,,2024-05-24 15:00:00,,,2024-05-24 03:00:00,25.0,5.0
2024-001,2024,BOB,REMAL,2024-05-25 06:00:00,18.2,89.7,30.0,991.0,5.0,DD,7,2024-05-26 06:00:00,50.0,20.0,0.0,0.0,2024-05-25 00:00:00,30.0,0.0,2024-05-24 18:00:00,25.0,5.0,2024-05-24 06:00:00,25.0,5.0
2024-001,2024,BOB,REMAL,2024-05-25 12:00:00,18.8,89.5,35.0,989.0,7.0,CS,8,2024-05-26 12:00:00,60.0,25.0,0.0,5.0,2024-05-25 06:00:00,30.0,5.0,2024-05-25 00:00:00,30.0,5.0,2024-05-24 12:00:00,25.0,10.0
2024-001,2024,BOB,REMAL,2024-05-25 15:00:00,19.1,89.5,35.0,989.0,7.0,CS,9,2024-05-26 15:00:00,60.0,25.0,0.0,0.0,2024-05-25 09:00:00,,,2024-05-25 03:00:00,30.0,5.0,2024-05-24 15:00:00,,
2024-001,2024,BOB,REMAL,2024-05-25 18:00:00,19.3,89.4,40.0,988.0,8.0,CS,10,2024-05-26 18:00:00,60.0,20.0,0.0,5.0,2024-05-25 12:00:00,35.0,5.0,2024-05-25 06:00:00,30.0,10.0,2024-05-24 18:00:00,25.0,15.0
2024-001,2024,BOB,REMAL,2024-05-25 21:00:00,19.4,89.4,45.0,986.0,10.0,CS,11,2024-05-26 21:00:00,55.0,10.0,0.0,5.0,2024-05-25 15:00:00,35.0,10.0,2024-05-25 09:00:00,,,2024-05-24 21:00:00,,
2024-001,2024,BOB,REMAL,2024-05-26 00:00:00,19.5,89.4,50.0,984.0,12.0,SCS,12,2024-05-27 00:00:00,45.0,-5.0,0.0,5.0,2024-05-25 18:00:00,40.0,10.0,2024-05-25 12:00:00,35.0,15.0,2024-05-25 00:00:00,30.0,20.0
2024-001,2024,BOB,REMAL,2024-05-26 03:00:00,19.8,89.3,50.0,984.0,12.0,SCS,13,2024-05-27 03:00:00,40.0,-10.0,0.0,0.0,2024-05-25 21:00:00,45.0,5.0,2024-05-25 15:00:00,35.0,15.0,2024-05-25 03:00:00,30.0,20.0
2024-001,2024,BOB,REMAL,2024-05-26 06:00:00,20.2,89.2,50.0,983.0,13.0,SCS,14,2024-05-27 06:00:00,35.0,-15.0,0.0,0.0,2024-05-26 00:00:00,50.0,0.0,2024-05-25 18:00:00,40.0,10.0,2024-05-25 06:00:00,30.0,20.0
2024-001,2024,BOB,REMAL,2024-05-26 09:00:00,20.6,89.2,55.0,981.0,15.0,SCS,15,2024-05-27 09:00:00,35.0,-20.0,0.0,5.0,2024-05-26 03:00:00,50.0,5.0,2024-05-25 21:00:00,45.0,10.0,2024-05-25 09:00:00,,
2024-001,2024,BOB,REMAL,2024-05-26 12:00:00,21.1,89.2,60.0,978.0,18.0,SCS,16,2024-05-27 12:00:00,35.0,-25.0,0.0,5.0,2024-05-26 06:00:00,50.0,10.0,2024-05-26 00:00:00,50.0,10.0,2024-05-25 12:00:00,35.0,25.0
2024-001,2024,BOB,REMAL,2024-05-26 15:00:00,21.4,89.2,60.0,978.0,18.0,SCS,17,2024-05-27 15:00:00,30.0,-30.0,0.0,0.0,2024-05-26 09:00:00,55.0,5.0,2024-05-26 03:00:00,50.0,10.0,2024-05-25 15:00:00,35.0,25.0
2024-001,2024,BOB,REMAL,2024-05-26 18:00:00,21.7,89.2,60.0,978.0,18.0,SCS,18,2024-05-27 18:00:00,30.0,-30.0,0.0,0.0,2024-05-26 12:00:00,60.0,0.0,2024-05-26 06:00:00,50.0,10.0,2024-05-25 18:00:00,40.0,20.0
2024-001,2024,BOB,REMAL,2024-05-26 21:00:00,22.0,89.2,55.0,980.0,16.0,SCS,19,2024-05-27 21:00:00,,,,-5.0,2024-05-26 15:00:00,60.0,-5.0,2024-05-26 09:00:00,55.0,0.0,2024-05-25 21:00:00,45.0,10.0
2024-001,2024,BOB,REMAL,2024-05-27 00:00:00,22.5,89.2,45.0,982.0,12.0,CS,20,2024-05-28 00:00:00,20.0,-25.0,0.0,-10.0,2024-05-26 18:00:00,60.0,-15.0,2024-05-26 12:00:00,60.0,-15.0,2024-05-26 00:00:00,50.0,-5.0
2024-001,2024,BOB,REMAL,2024-05-27 03:00:00,22.8,89.2,40.0,984.0,10.0,CS,21,2024-05-28 03:00:00,20.0,-20.0,0.0,-5.0,2024-05-26 21:00:00,55.0,-15.0,2024-05-26 15:00:00,60.0,-20.0,2024-05-26 03:00:00,50.0,-10.0
2024-001,2024,BOB,REMAL,2024-05-27 06:00:00,23.0,89.2,35.0,985.0,9.0,CS,22,2024-05-28 06:00:00,20.0,-15.0,0.0,-5.0,2024-05-27 00:00:00,45.0,-10.0,2024-05-26 18:00:00,60.0,-25.0,2024-05-26 06:00:00,50.0,-15.0
2024-001,2024,BOB,REMAL,2024-05-27 09:00:00,23.3,89.4,35.0,986.0,8.0,CS,23,2024-05-28 09:00:00,,,,0.0,2024-05-27 03:00:00,40.0,-5.0,2024-05-26 21:00:00,55.0,-20.0,2024-05-26 09:00:00,55.0,-20.0
2024-001,2024,BOB,REMAL,2024-05-27 12:00:00,23.6,89.7,35.0,987.0,7.0,CS,24,2024-05-28 12:00:00,,,,0.0,2024-05-27 06:00:00,35.0,0.0,2024-05-27 00:00:00,45.0,-10.0,2024-05-26 12:00:00,60.0,-25.0
2024-001,2024,BOB,REMAL,2024-05-27 15:00:00,23.8,90.2,30.0,988.0,6.0,DD,25,2024-05-28 15:00:00,,,,-5.0,2024-05-27 09:00:00,35.0,-5.0,2024-05-27 03:00:00,40.0,-10.0,2024-05-26 15:00:00,60.0,-30.0
2024-001,2024,BOB,REMAL,2024-05-27 18:00:00,24.0,90.5,30.0,990.0,5.0,DD,26,2024-05-28 18:00:00,,,,0.0,2024-05-27 12:00:00,35.0,-5.0,2024-05-27 06:00:00,35.0,-5.0,2024-05-26 18:00:00,60.0,-30.0
2024-001,2024,BOB,REMAL,2024-05-28 00:00:00,24.4,91.1,20.0,991.0,4.0,D,27,2024-05-29 00:00:00,,,,-10.0,2024-05-27 18:00:00,30.0,-10.0,2024-05-27 12:00:00,35.0,-15.0,2024-05-27 00:00:00,45.0,-25.0
2024-001,2024,BOB,REMAL,2024-05-28 03:00:00,24.7,91.5,20.0,992.0,3.0,D,28,2024-05-29 03:00:00,,,,0.0,2024-05-27 21:00:00,,,2024-05-27 15:00:00,30.0,-10.0,2024-05-27 03:00:00,40.0,-20.0
2024-001,2024,BOB,REMAL,2024-05-28 06:00:00,25.1,91.8,20.0,993.0,3.0,D,29,2024-05-29 06:00:00,,,,0.0,2024-05-28 00:00:00,20.0,0.0,2024-05-27 18:00:00,30.0,-10.0,2024-05-27 06:00:00,35.0,-15.0
2024-002,2024,BOB,,2024-07-19 03:00:00,19.1,86.2,25.0,992.0,3.0,D,0,2024-07-20 03:00:00,25.0,0.0,0.0,,2024-07-18 21:00:00,,,2024-07-18 15:00:00,,,2024-07-18 03:00:00,,
2024-002,2024,BOB,,2024-07-19 06:00:00,19.2,86.0,25.0,992.0,3.0,D,1,2024-07-20 06:00:00,25.0,0.0,0.0,0.0,2024-07-19 00:00:00,,,2024-07-18 18:00:00,,,2024-07-18 06:00:00,,
2024-002,2024,BOB,,2024-07-19 12:00:00,19.4,85.7,25.0,990.0,4.0,D,2,2024-07-20 12:00:00,,,,0.0,2024-07-19 06:00:00,25.0,0.0,2024-07-19 00:00:00,,,2024-07-18 12:00:00,,
2024-002,2024,BOB,,2024-07-19 18:00:00,19.5,85.6,25.0,990.0,4.0,D,3,2024-07-20 18:00:00,,,,0.0,2024-07-19 12:00:00,25.0,0.0,2024-07-19 06:00:00,25.0,0.0,2024-07-18 18:00:00,,
2024-002,2024,BOB,,2024-07-20 00:00:00,19.6,85.5,25.0,991.0,4.0,D,4,2024-07-21 00:00:00,,,,0.0,2024-07-19 18:00:00,25.0,0.0,2024-07-19 12:00:00,25.0,0.0,2024-07-19 00:00:00,,
2024-002,2024,BOB,,2024-07-20 03:00:00,19.6,85.5,25.0,992.0,3.0,D,5,2024-07-21 03:00:00,,,,0.0,2024-07-19 21:00:00,,,2024-07-19 15:00:00,,,2024-07-19 03:00:00,25.0,0.0
2024-002,2024,BOB,,2024-07-20 06:00:00,19.7,85.4,25.0,992.0,3.0,D,6,2024-07-21 06:00:00,,,,0.0,2024-07-20 00:00:00,25.0,0.0,2024-07-19 18:00:00,25.0,0.0,2024-07-19 06:00:00,25.0,0.0
2024-005,2024,BOB,,2024-08-31 00:00:00,17.5,84.6,25.0,998.0,3.0,D,0,2024-09-01 00:00:00,25.0,0.0,0.0,,2024-08-30 18:00:00,,,2024-08-30 12:00:00,,,2024-08-30 00:00:00,,
2024-005,2024,BOB,,2024-08-31 03:00:00,17.7,84.5,25.0,997.0,3.0,D,1,2024-09-01 03:00:00,25.0,0.0,0.0,0.0,2024-08-30 21:00:00,,,2024-08-30 15:00:00,,,2024-08-30 03:00:00,,
2024-005,2024,BOB,,2024-08-31 06:00:00,17.9,84.3,25.0,996.0,3.0,D,2,2024-09-01 06:00:00,20.0,-5.0,0.0,0.0,2024-08-31 00:00:00,25.0,0.0,2024-08-30 18:00:00,,,2024-08-30 06:00:00,,
2024-005,2024,BOB,,2024-08-31 12:00:00,18.1,84.0,25.0,997.0,4.0,D,3,2024-09-01 12:00:00,20.0,-5.0,0.0,0.0,2024-08-31 06:00:00,25.0,0.0,2024-08-31 00:00:00,25.0,0.0,2024-08-30 12:00:00,,
2024-005,2024,BOB,,2024-08-31 18:00:00,18.2,83.8,25.0,997.0,4.0,D,4,2024-09-01 18:00:00,20.0,-5.0,0.0,0.0,2024-08-31 12:00:00,25.0,0.0,2024-08-31 06:00:00,25.0,0.0,2024-08-30 18:00:00,,
2024-005,2024,BOB,,2024-09-01 00:00:00,18.5,83.0,25.0,997.0,4.0,D,5,2024-09-02 00:00:00,20.0,-5.0,0.0,0.0,2024-08-31 18:00:00,25.0,0.0,2024-08-31 12:00:00,25.0,0.0,2024-08-31 00:00:00,25.0,0.0
2024-005,2024,BOB,,2024-09-01 03:00:00,18.7,82.4,25.0,998.0,3.0,D,6,2024-09-02 03:00:00,20.0,-5.0,0.0,0.0,2024-08-31 21:00:00,,,2024-08-31 15:00:00,,,2024-08-31 03:00:00,25.0,0.0
2024-005,2024,BOB,,2024-09-01 06:00:00,18.7,82.1,20.0,999.0,3.0,D,7,2024-09-02 06:00:00,20.0,0.0,0.0,-5.0,2024-09-01 00:00:00,25.0,-5.0,2024-08-31 18:00:00,25.0,-5.0,2024-08-31 06:00:00,25.0,-5.0
2024-005,2024,BOB,,2024-09-01 12:00:00,19.0,81.2,20.0,999.0,3.0,D,8,2024-09-02 12:00:00,,,,0.0,2024-09-01 06:00:00,20.0,0.0,2024-09-01 00:00:00,25.0,-5.0,2024-08-31 12:00:00,25.0,-5.0
2024-005,2024,BOB,,2024-09-01 18:00:00,19.3,80.4,20.0,999.0,3.0,D,9,2024-09-02 18:00:00,,,,0.0,2024-09-01 12:00:00,20.0,0.0,2024-09-01 06:00:00,20.0,0.0,2024-08-31 18:00:00,25.0,-5.0
2024-005,2024,BOB,,2024-09-02 00:00:00,19.6,80.0,20.0,999.0,3.0,D,10,2024-09-03 00:00:00,,,,0.0,2024-09-01 18:00:00,20.0,0.0,2024-09-01 12:00:00,20.0,0.0,2024-09-01 00:00:00,25.0,-5.0
2024-005,2024,BOB,,2024-09-02 03:00:00,19.7,79.7,20.0,999.0,3.0,D,11,2024-09-03 03:00:00,,,,0.0,2024-09-01 21:00:00,,,2024-09-01 15:00:00,,,2024-09-01 03:00:00,25.0,-5.0
2024-005,2024,BOB,,2024-09-02 06:00:00,19.8,79.5,20.0,999.0,3.0,D,12,2024-09-03 06:00:00,,,,0.0,2024-09-02 00:00:00,20.0,0.0,2024-09-01 18:00:00,20.0,0.0,2024-09-01 06:00:00,20.0,0.0
2024-006,2024,BOB,,2024-09-08 00:00:00,17.9,87.0,25.0,998.0,3.0,D,0,2024-09-09 00:00:00,30.0,5.0,0.0,,2024-09-07 18:00:00,,,2024-09-07 12:00:00,,,2024-09-07 00:00:00,,
2024-006,2024,BOB,,2024-09-08 03:00:00,18.2,86.8,25.0,998.0,3.0,D,1,2024-09-09 03:00:00,30.0,5.0,0.0,0.0,2024-09-07 21:00:00,,,2024-09-07 15:00:00,,,2024-09-07 03:00:00,,
2024-006,2024,BOB,,2024-09-08 06:00:00,18.4,86.7,25.0,997.0,3.0,D,2,2024-09-09 06:00:00,30.0,5.0,0.0,0.0,2024-09-08 00:00:00,25.0,0.0,2024-09-07 18:00:00,,,2024-09-07 06:00:00,,
2024-006,2024,BOB,,2024-09-08 12:00:00,18.6,86.4,25.0,995.0,4.0,D,3,2024-09-09 12:00:00,30.0,5.0,0.0,0.0,2024-09-08 06:00:00,25.0,0.0,2024-09-08 00:00:00,25.0,0.0,2024-09-07 12:00:00,,
2024-006,2024,BOB,,2024-09-08 18:00:00,18.9,86.3,30.0,993.0,5.0,DD,4,2024-09-09 18:00:00,25.0,-5.0,0.0,5.0,2024-09-08 12:00:00,25.0,5.0,2024-09-08 06:00:00,25.0,5.0,2024-09-07 18:00:00,,
2024-006,2024,BOB,,2024-09-09 00:00:00,19.3,86.2,30.0,991.0,6.0,DD,5,2024-09-10 00:00:00,25.0,-5.0,0.0,0.0,2024-09-08 18:00:00,30.0,0.0,2024-09-08 12:00:00,25.0,5.0,2024-09-08 00:00:00,25.0,5.0
2024-006,2024,BOB,,2024-09-09 03:00:00,19.6,86.2,30.0,991.0,6.0,DD,6,2024-09-10 03:00:00,25.0,-5.0,0.0,0.0,2024-09-08 21:00:00,,,2024-09-08 15:00:00,,,2024-09-08 03:00:00,25.0,5.0
2024-006,2024,BOB,,2024-09-09 06:00:00,20.0,86.0,30.0,992.0,6.0,DD,7,2024-09-10 06:00:00,25.0,-5.0,0.0,0.0,2024-09-09 00:00:00,30.0,0.0,2024-09-08 18:00:00,30.0,0.0,2024-09-08 06:00:00,25.0,5.0
2024-006,2024,BOB,,2024-09-09 12:00:00,20.8,85.1,30.0,994.0,5.0,DD,8,2024-09-10 12:00:00,,,,0.0,2024-09-09 06:00:00,30.0,0.0,2024-09-09 00:00:00,30.0,0.0,2024-09-08 12:00:00,25.0,5.0
2024-006,2024,BOB,,2024-09-09 18:00:00,21.3,84.4,25.0,995.0,4.0,D,9,2024-09-10 18:00:00,,,,-5.0,2024-09-09 12:00:00,30.0,-5.0,2024-09-09 06:00:00,30.0,-5.0,2024-09-08 18:00:00,30.0,-5.0
2024-006,2024,BOB,,2024-09-10 00:00:00,21.7,83.3,25.0,995.0,4.0,D,10,2024-09-11 00:00:00,,,,0.0,2024-09-09 18:00:00,25.0,0.0,2024-09-09 12:00:00,30.0,-5.0,2024-09-09 00:00:00,30.0,-5.0
2024-006,2024,BOB,,2024-09-10 03:00:00,21.8,82.8,25.0,996.0,3.0,D,11,2024-09-11 03:00:00,,,,0.0,2024-09-09 21:00:00,,,2024-09-09 15:00:00,,,2024-09-09 03:00:00,30.0,-5.0
2024-006,2024,BOB,,2024-09-10 06:00:00,21.9,82.1,25.0,996.0,3.0,D,12,2024-09-11 06:00:00,,,,0.0,2024-09-10 00:00:00,25.0,0.0,2024-09-09 18:00:00,25.0,0.0,2024-09-09 06:00:00,30.0,-5.0
2024-008,2024,BOB,,2024-09-13 12:00:00,22.0,90.8,20.0,993.0,3.0,D,0,2024-09-14 12:00:00,30.0,10.0,0.0,,2024-09-13 06:00:00,,,2024-09-13 00:00:00,,,2024-09-12 12:00:00,,
2024-008,2024,BOB,,2024-09-13 18:00:00,22.3,90.4,25.0,992.0,4.0,D,1,2024-09-14 18:00:00,30.0,5.0,0.0,5.0,2024-09-13 12:00:00,20.0,5.0,2024-09-13 06:00:00,,,2024-09-12 18:00:00,,
2024-008,2024,BOB,,2024-09-14 00:00:00,22.5,89.6,30.0,990.0,5.0,DD,2,2024-09-15 00:00:00,30.0,0.0,0.0,5.0,2024-09-13 18:00:00,25.0,5.0,2024-09-13 12:00:00,20.0,10.0,2024-09-13 00:00:00,,
2024-008,2024,BOB,,2024-09-14 03:00:00,22.7,88.8,30.0,990.0,5.0,DD,3,2024-09-15 03:00:00,30.0,0.0,0.0,0.0,2024-09-13 21:00:00,,,2024-09-13 15:00:00,,,2024-09-13 03:00:00,,
2024-008,2024,BOB,,2024-09-14 06:00:00,22.4,88.3,30.0,990.0,5.0,DD,4,2024-09-15 06:00:00,30.0,0.0,0.0,0.0,2024-09-14 00:00:00,30.0,0.0,2024-09-13 18:00:00,25.0,5.0,2024-09-13 06:00:00,,
2024-008,2024,BOB,,2024-09-14 12:00:00,22.4,88.5,30.0,989.0,6.0,DD,5,2024-09-15 12:00:00,30.0,0.0,0.0,0.0,2024-09-14 06:00:00,30.0,0.0,2024-09-14 00:00:00,30.0,0.0,2024-09-13 12:00:00,20.0,10.0
2024-008,2024,BOB,,2024-09-14 18:00:00,22.6,88.5,30.0,989.0,6.0,DD,6,2024-09-15 18:00:00,30.0,0.0,0.0,0.0,2024-09-14 12:00:00,30.0,0.0,2024-09-14 06:00:00,30.0,0.0,2024-09-13 18:00:00,25.0,5.0
2024-008,2024,BOB,,2024-09-15 00:00:00,22.6,88.0,30.0,989.0,6.0,DD,7,2024-09-16 00:00:00,30.0,0.0,0.0,0.0,2024-09-14 18:00:00,30.0,0.0,2024-09-14 12:00:00,30.0,0.0,2024-09-14 00:00:00,30.0,0.0
2024-008,2024,BOB,,2024-09-15 03:00:00,22.6,87.8,30.0,990.0,5.0,DD,8,2024-09-16 03:00:00,30.0,0.0,0.0,0.0,2024-09-14 21:00:00,,,2024-09-14 15:00:00,,,2024-09-14 03:00:00,30.0,0.0
2024-008,2024,BOB,,2024-09-15 06:00:00,22.7,87.6,30.0,990.0,5.0,DD,9,2024-09-16 06:00:00,30.0,0.0,0.0,0.0,2024-09-15 00:00:00,30.0,0.0,2024-09-14 18:00:00,30.0,0.0,2024-09-14 06:00:00,30.0,0.0
2024-008,2024,BOB,,2024-09-15 12:00:00,22.8,87.4,30.0,990.0,5.0,DD,10,2024-09-16 12:00:00,30.0,0.0,0.0,0.0,2024-09-15 06:00:00,30.0,0.0,2024-09-15 00:00:00,30.0,0.0,2024-09-14 12:00:00,30.0,0.0
2024-008,2024,BOB,,2024-09-15 18:00:00,22.9,87.2,30.0,990.0,5.0,DD,11,2024-09-16 18:00:00,30.0,0.0,0.0,0.0,2024-09-15 12:00:00,30.0,0.0,2024-09-15 06:00:00,30.0,0.0,2024-09-14 18:00:00,30.0,0.0
2024-008,2024,BOB,,2024-09-16 00:00:00,23.0,87.0,30.0,990.0,5.0,DD,12,2024-09-17 00:00:00,25.0,-5.0,0.0,0.0,2024-09-15 18:00:00,30.0,0.0,2024-09-15 12:00:00,30.0,0.0,2024-09-15 00:00:00,30.0,0.0
2024-008,2024,BOB,,2024-09-16 03:00:00,23.1,86.7,30.0,990.0,5.0,DD,13,2024-09-17 03:00:00,25.0,-5.0,0.0,0.0,2024-09-15 21:00:00,,,2024-09-15 15:00:00,,,2024-09-15 03:00:00,30.0,0.0
2024-008,2024,BOB,,2024-09-16 06:00:00,23.2,86.4,30.0,990.0,5.0,DD,14,2024-09-17 06:00:00,20.0,-10.0,0.0,0.0,2024-09-16 00:00:00,30.0,0.0,2024-09-15 18:00:00,30.0,0.0,2024-09-15 06:00:00,30.0,0.0
2024-008,2024,BOB,,2024-09-16 12:00:00,23.3,85.2,30.0,990.0,5.0,DD,15,2024-09-17 12:00:00,20.0,-10.0,0.0,0.0,2024-09-16 06:00:00,30.0,0.0,2024-09-16 00:00:00,30.0,0.0,2024-09-15 12:00:00,30.0,0.0
2024-008,2024,BOB,,2024-09-16 18:00:00,23.4,84.6,30.0,991.0,5.0,DD,16,2024-09-17 18:00:00,20.0,-10.0,0.0,0.0,2024-09-16 12:00:00,30.0,0.0,2024-09-16 06:00:00,30.0,0.0,2024-09-15 18:00:00,30.0,0.0
2024-008,2024,BOB,,2024-09-17 00:00:00,23.6,84.2,25.0,992.0,4.0,D,17,2024-09-18 00:00:00,,,,-5.0,2024-09-16 18:00:00,30.0,-5.0,2024-09-16 12:00:00,30.0,-5.0,2024-09-16 00:00:00,30.0,-5.0
2024-008,2024,BOB,,2024-09-17 03:00:00,23.7,83.7,25.0,993.0,4.0,D,18,2024-09-18 03:00:00,,,,0.0,2024-09-16 21:00:00,,,2024-09-16 15:00:00,,,2024-09-16 03:00:00,30.0,-5.0
2024-008,2024,BOB,,2024-09-17 06:00:00,23.7,82.7,20.0,995.0,3.0,D,19,2024-09-18 06:00:00,,,,-5.0,2024-09-17 00:00:00,25.0,-5.0,2024-09-16 18:00:00,30.0,-10.0,2024-09-16 06:00:00,30.0,-10.0
2024-008,2024,BOB,,2024-09-17 12:00:00,24.0,81.3,20.0,995.0,3.0,D,20,2024-09-18 12:00:00,,,,0.0,2024-09-17 06:00:00,20.0,0.0,2024-09-17 00:00:00,25.0,-5.0,2024-09-16 12:00:00,30.0,-10.0
2024-008,2024,BOB,,2024-09-17 18:00:00,24.2,80.3,20.0,995.0,3.0,D,21,2024-09-18 18:00:00,,,,0.0,2024-09-17 12:00:00,20.0,0.0,2024-09-17 06:00:00,20.0,0.0,2024-09-16 18:00:00,30.0,-10.0
2024-010,2024,BOB,,2024-10-15 12:00:00,11.4,84.4,20.0,1002.0,3.0,D,0,2024-10-16 12:00:00,25.0,5.0,0.0,,2024-10-15 06:00:00,,,2024-10-15 00:00:00,,,2024-10-14 12:00:00,,
2024-010,2024,BOB,,2024-10-15 18:00:00,11.8,84.0,20.0,1002.0,3.0,D,1,2024-10-16 18:00:00,25.0,5.0,0.0,0.0,2024-10-15 12:00:00,20.0,0.0,2024-10-15 06:00:00,,,2024-10-14 18:00:00,,
2024-010,2024,BOB,,2024-10-16 00:00:00,12.1,83.4,20.0,1002.0,3.0,D,2,2024-10-17 00:00:00,,,,0.0,2024-10-15 18:00:00,20.0,0.0,2024-10-15 12:00:00,20.0,0.0,2024-10-15 00:00:00,,
2024-010,2024,BOB,,2024-10-16 03:00:00,12.3,83.0,25.0,1000.0,4.0,D,3,2024-10-17 03:00:00,,,,5.0,2024-10-15 21:00:00,,,2024-10-15 15:00:00,,,2024-10-15 03:00:00,,
2024-010,2024,BOB,,2024-10-16 06:00:00,12.5,82.7,25.0,1000.0,4.0,D,4,2024-10-17 06:00:00,,,,0.0,2024-10-16 00:00:00,20.0,5.0,2024-10-15 18:00:00,20.0,5.0,2024-10-15 06:00:00,,
2024-010,2024,BOB,,2024-10-16 12:00:00,12.9,81.9,25.0,1000.0,4.0,D,5,2024-10-17 12:00:00,,,,0.0,2024-10-16 06:00:00,25.0,0.0,2024-10-16 00:00:00,20.0,5.0,2024-10-15 12:00:00,20.0,5.0
2024-010,2024,BOB,,2024-10-16 18:00:00,13.4,80.8,25.0,1000.0,4.0,D,6,2024-10-17 18:00:00,,,,0.0,2024-10-16 12:00:00,25.0,0.0,2024-10-16 06:00:00,25.0,0.0,2024-10-15 18:00:00,20.0,5.0
2024-011,2024,BOB,DANA,2024-10-22 00:00:00,15.4,91.6,20.0,1003.0,3.0,D,0,2024-10-23 00:00:00,35.0,15.0,0.0,,2024-10-21 18:00:00,,,2024-10-21 12:00:00,,,2024-10-21 00:00:00,,
2024-011,2024,BOB,DANA,2024-10-22 03:00:00,15.5,91.4,20.0,1002.0,3.0,D,1,2024-10-23 03:00:00,35.0,15.0,0.0,0.0,2024-10-21 21:00:00,,,2024-10-21 15:00:00,,,2024-10-21 03:00:00,,
2024-011,2024,BOB,DANA,2024-10-22 06:00:00,15.5,91.3,25.0,1000.0,4.0,D,2,2024-10-23 06:00:00,40.0,15.0,0.0,5.0,2024-10-22 00:00:00,20.0,5.0,2024-10-21 18:00:00,,,2024-10-21 06:00:00,,
2024-011,2024,BOB,DANA,2024-10-22 12:00:00,15.6,90.9,30.0,999.0,5.0,DD,3,2024-10-23 12:00:00,45.0,15.0,0.0,5.0,2024-10-22 06:00:00,25.0,5.0,2024-10-22 00:00:00,20.0,10.0,2024-10-21 12:00:00,,
2024-011,2024,BOB,DANA,2024-10-22 18:00:00,15.8,90.5,30.0,998.0,6.0,DD,4,2024-10-23 18:00:00,50.0,20.0,0.0,0.0,2024-10-22 12:00:00,30.0,0.0,2024-10-22 06:00:00,25.0,5.0,2024-10-21 18:00:00,,
2024-011,2024,BOB,DANA,2024-10-23 00:00:00,16.2,89.8,35.0,997.0,7.0,CS,5,2024-10-24 00:00:00,55.0,20.0,0.0,5.0,2024-10-22 18:00:00,30.0,5.0,2024-10-22 12:00:00,30.0,5.0,2024-10-22 00:00:00,20.0,15.0
2024-011,2024,BOB,DANA,2024-10-23 03:00:00,16.5,89.6,35.0,996.0,8.0,CS,6,2024-10-24 03:00:00,55.0,20.0,0.0,0.0,2024-10-22 21:00:00,,,2024-10-22 15:00:00,,,2024-10-22 03:00:00,20.0,15.0
2024-011,2024,BOB,DANA,2024-10-23 06:00:00,16.7,89.2,40.0,995.0,9.0,CS,7,2024-10-24 06:00:00,55.0,15.0,0.0,5.0,2024-10-23 00:00:00,35.0,5.0,2024-10-22 18:00:00,30.0,10.0,2024-10-22 06:00:00,25.0,15.0
2024-011,2024,BOB,DANA,2024-10-23 09:00:00,16.9,89.1,45.0,994.0,10.0,CS,8,2024-10-24 09:00:00,60.0,15.0,0.0,5.0,2024-10-23 03:00:00,35.0,10.0,2024-10-22 21:00:00,,,2024-10-22 09:00:00,,
2024-011,2024,BOB,DANA,2024-10-23 12:00:00,17.2,88.9,45.0,992.0,12.0,CS,9,2024-10-24 12:00:00,60.0,15.0,0.0,0.0,2024-10-23 06:00:00,40.0,5.0,2024-10-23 00:00:00,35.0,10.0,2024-10-22 12:00:00,30.0,15.0
2024-011,2024,BOB,DANA,2024-10-23 15:00:00,17.6,88.7,45.0,992.0,12.0,CS,10,2024-10-24 15:00:00,60.0,15.0,0.0,0.0,2024-10-23 09:00:00,45.0,0.0,2024-10-23 03:00:00,35.0,10.0,2024-10-22 15:00:00,,
2024-011,2024,BOB,DANA,2024-10-23 18:00:00,17.9,88.5,50.0,990.0,14.0,SCS,11,2024-10-24 18:00:00,55.0,5.0,0.0,5.0,2024-10-23 12:00:00,45.0,5.0,2024-10-23 06:00:00,40.0,10.0,2024-10-22 18:00:00,30.0,20.0
2024-011,2024,BOB,DANA,2024-10-23 21:00:00,18.3,88.3,50.0,990.0,14.0,SCS,12,2024-10-24 21:00:00,55.0,5.0,0.0,0.0,2024-10-23 15:00:00,45.0,5.0,2024-10-23 09:00:00,45.0,5.0,2024-10-22 21:00:00,,
2024-011,2024,BOB,DANA,2024-10-24 00:00:00,18.6,88.2,55.0,988.0,16.0,SCS,13,2024-10-25 00:00:00,50.0,-5.0,0.0,5.0,2024-10-23 18:00:00,50.0,5.0,2024-10-23 12:00:00,45.0,10.0,2024-10-23 00:00:00,35.0,20.0
2024-011,2024,BOB,DANA,2024-10-24 03:00:00,18.9,88.0,55.0,988.0,16.0,SCS,14,2024-10-25 03:00:00,45.0,-10.0,0.0,0.0,2024-10-23 21:00:00,50.0,5.0,2024-10-23 15:00:00,45.0,10.0,2024-10-23 03:00:00,35.0,20.0
2024-011,2024,BOB,DANA,2024-10-24 06:00:00,19.2,87.8,55.0,988.0,16.0,SCS,15,2024-10-25 06:00:00,35.0,-20.0,0.0,0.0,2024-10-24 00:00:00,55.0,0.0,2024-10-23 18:00:00,50.0,5.0,2024-10-23 06:00:00,40.0,15.0
2024-011,2024,BOB,DANA,2024-10-24 09:00:00,19.4,87.6,60.0,986.0,18.0,SCS,16,2024-10-25 09:00:00,30.0,-30.0,0.0,5.0,2024-10-24 03:00:00,55.0,5.0,2024-10-23 21:00:00,50.0,10.0,2024-10-23 09:00:00,45.0,15.0
2024-011,2024,BOB,DANA,2024-10-24 12:00:00,19.8,87.5,60.0,986.0,18.0,SCS,17,2024-10-25 12:00:00,30.0,-30.0,0.0,0.0,2024-10-24 06:00:00,55.0,5.0,2024-10-24 00:00:00,55.0,5.0,2024-10-23 12:00:00,45.0,15.0
2024-011,2024,BOB,DANA,2024-10-24 15:00:00,20.1,87.3,60.0,986.0,18.0,SCS,18,2024-10-25 15:00:00,,,,0.0,2024-10-24 09:00:00,60.0,0.0,2024-10-24 03:00:00,55.0,5.0,2024-10-23 15:00:00,45.0,15.0
2024-011,2024,BOB,DANA,2024-10-24 18:00:00,20.5,87.1,55.0,988.0,16.0,SCS,19,2024-10-25 18:00:00,25.0,-30.0,0.0,-5.0,2024-10-24 12:00:00,60.0,-5.0,2024-10-24 06:00:00,55.0,0.0,2024-10-23 18:00:00,50.0,5.0
2024-011,2024,BOB,DANA,2024-10-24 21:00:00,20.7,87.0,55.0,988.0,16.0,SCS,20,2024-10-25 21:00:00,,,,0.0,2024-10-24 15:00:00,60.0,-5.0,2024-10-24 09:00:00,60.0,-5.0,2024-10-23 21:00:00,50.0,5.0
2024-011,2024,BOB,DANA,2024-10-25 00:00:00,21.0,86.8,50.0,990.0,14.0,SCS,21,2024-10-26 00:00:00,,,,-5.0,2024-10-24 18:00:00,55.0,-5.0,2024-10-24 12:00:00,60.0,-10.0,2024-10-24 00:00:00,55.0,-5.0
2024-011,2024,BOB,DANA,2024-10-25 03:00:00,21.2,86.7,45.0,994.0,10.0,CS,22,2024-10-26 03:00:00,,,,-5.0,2024-10-24 21:00:00,55.0,-10.0,2024-10-24 15:00:00,60.0,-15.0,2024-10-24 03:00:00,55.0,-10.0
2024-011,2024,BOB,DANA,2024-10-25 06:00:00,21.3,86.6,35.0,997.0,7.0,CS,23,2024-10-26 06:00:00,,,,-10.0,2024-10-25 00:00:00,50.0,-15.0,2024-10-24 18:00:00,55.0,-20.0,2024-10-24 06:00:00,55.0,-20.0
2024-011,2024,BOB,DANA,2024-10-25 09:00:00,21.4,86.4,30.0,998.0,6.0,DD,24,2024-10-26 09:00:00,,,,-5.0,2024-10-25 03:00:00,45.0,-15.0,2024-10-24 21:00:00,55.0,-25.0,2024-10-24 09:00:00,60.0,-30.0
2024-011,2024,BOB,DANA,2024-10-25 12:00:00,21.4,86.3,30.0,999.0,5.0,DD,25,2024-10-26 12:00:00,,,,0.0,2024-10-25 06:00:00,35.0,-5.0,2024-10-25 00:00:00,50.0,-20.0,2024-10-24 12:00:00,60.0,-30.0
2024-011,2024,BOB,DANA,2024-10-25 18:00:00,21.4,86.2,25.0,1000.0,4.0,D,26,2024-10-26 18:00:00,,,,-5.0,2024-10-25 12:00:00,30.0,-5.0,2024-10-25 06:00:00,35.0,-10.0,2024-10-24 18:00:00,55.0,-30.0
2024-012,2024,BOB,FENGAL,2024-11-25 03:00:00,5.0,85.3,20.0,1003.0,3.0,D,0,2024-11-26 03:00:00,30.0,10.0,0.0,,2024-11-24 21:00:00,,,2024-11-24 15:00:00,,,2024-11-24 03:00:00,,
2024-012,2024,BOB,FENGAL,2024-11-25 06:00:00,5.1,84.5,20.0,1003.0,3.0,D,1,2024-11-26 06:00:00,30.0,10.0,0.0,0.0,2024-11-25 00:00:00,,,2024-11-24 18:00:00,,,2024-11-24 06:00:00,,
2024-012,2024,BOB,FENGAL,2024-11-25 12:00:00,5.2,83.5,25.0,1002.0,4.0,D,2,2024-11-26 12:00:00,30.0,5.0,0.0,5.0,2024-11-25 06:00:00,20.0,5.0,2024-11-25 00:00:00,,,2024-11-24 12:00:00,,
2024-012,2024,BOB,FENGAL,2024-11-25 18:00:00,5.5,83.2,25.0,1002.0,4.0,D,3,2024-11-26 18:00:00,30.0,5.0,0.0,0.0,2024-11-25 12:00:00,25.0,0.0,2024-11-25 06:00:00,20.0,5.0,2024-11-24 18:00:00,,
2024-012,2024,BOB,FENGAL,2024-11-26 00:00:00,6.0,82.9,25.0,1002.0,4.0,D,4,2024-11-27 00:00:00,30.0,5.0,0.0,0.0,2024-11-25 18:00:00,25.0,0.0,2024-11-25 12:00:00,25.0,0.0,2024-11-25 00:00:00,,
2024-012,2024,BOB,FENGAL,2024-11-26 03:00:00,6.3,82.8,30.0,1001.0,5.0,DD,5,2024-11-27 03:00:00,30.0,0.0,0.0,5.0,2024-11-25 21:00:00,,,2024-11-25 15:00:00,,,2024-11-25 03:00:00,20.0,10.0
2024-012,2024,BOB,FENGAL,2024-11-26 06:00:00,6.6,82.8,30.0,1001.0,5.0,DD,6,2024-11-27 06:00:00,30.0,0.0,0.0,0.0,2024-11-26 00:00:00,25.0,5.0,2024-11-25 18:00:00,25.0,5.0,2024-11-25 06:00:00,20.0,10.0
2024-012,2024,BOB,FENGAL,2024-11-26 12:00:00,7.0,82.7,30.0,1001.0,5.0,DD,7,2024-11-27 12:00:00,30.0,0.0,0.0,0.0,2024-11-26 06:00:00,30.0,0.0,2024-11-26 00:00:00,25.0,5.0,2024-11-25 12:00:00,25.0,5.0
2024-012,2024,BOB,FENGAL,2024-11-26 18:00:00,7.5,82.6,30.0,1001.0,5.0,DD,8,2024-11-27 18:00:00,30.0,0.0,0.0,0.0,2024-11-26 12:00:00,30.0,0.0,2024-11-26 06:00:00,30.0,0.0,2024-11-25 18:00:00,25.0,5.0
2024-012,2024,BOB,FENGAL,2024-11-27 00:00:00,8.2,82.4,30.0,1001.0,5.0,DD,9,2024-11-28 00:00:00,30.0,0.0,0.0,0.0,2024-11-26 18:00:00,30.0,0.0,2024-11-26 12:00:00,30.0,0.0,2024-11-26 00:00:00,25.0,5.0
2024-012,2024,BOB,FENGAL,2024-11-27 03:00:00,8.5,82.3,30.0,1001.0,5.0,DD,10,2024-11-28 03:00:00,30.0,0.0,0.0,0.0,2024-11-26 21:00:00,,,2024-11-26 15:00:00,,,2024-11-26 03:00:00,30.0,0.0
2024-012,2024,BOB,FENGAL,2024-11-27 06:00:00,8.7,82.2,30.0,1001.0,5.0,DD,11,2024-11-28 06:00:00,30.0,0.0,0.0,0.0,2024-11-27 00:00:00,30.0,0.0,2024-11-26 18:00:00,30.0,0.0,2024-11-26 06:00:00,30.0,0.0
2024-012,2024,BOB,FENGAL,2024-11-27 12:00:00,8.9,82.2,30.0,1000.0,6.0,DD,12,2024-11-28 12:00:00,30.0,0.0,0.0,0.0,2024-11-27 06:00:00,30.0,0.0,2024-11-27 00:00:00,30.0,0.0,2024-11-26 12:00:00,30.0,0.0
2024-012,2024,BOB,FENGAL,2024-11-27 18:00:00,9.0,82.2,30.0,1000.0,6.0,DD,13,2024-11-28 18:00:00,30.0,0.0,0.0,0.0,2024-11-27 12:00:00,30.0,0.0,2024-11-27 06:00:00,30.0,0.0,2024-11-26 18:00:00,30.0,0.0
2024-012,2024,BOB,FENGAL,2024-11-28 00:00:00,9.0,82.2,30.0,1000.0,6.0,DD,14,2024-11-29 00:00:00,30.0,0.0,0.0,0.0,2024-11-27 18:00:00,30.0,0.0,2024-11-27 12:00:00,30.0,0.0,2024-11-27 00:00:00,30.0,0.0
2024-012,2024,BOB,FENGAL,2024-11-28 03:00:00,9.1,82.3,30.0,1000.0,6.0,DD,15,2024-11-29 03:00:00,30.0,0.0,0.0,0.0,2024-11-27 21:00:00,,,2024-11-27 15:00:00,,,2024-11-27 03:00:00,30.0,0.0
2024-012,2024,BOB,FENGAL,2024-11-28 06:00:00,9.3,82.4,30.0,1000.0,6.0,DD,16,2024-11-29 06:00:00,30.0,0.0,0.0,0.0,2024-11-28 00:00:00,30.0,0.0,2024-11-27 18:00:00,30.0,0.0,2024-11-27 06:00:00,30.0,0.0
2024-012,2024,BOB,FENGAL,2024-11-28 12:00:00,9.6,82.7,30.0,1000.0,6.0,DD,17,2024-11-29 12:00:00,35.0,5.0,0.0,0.0,2024-11-28 06:00:00,30.0,0.0,2024-11-28 00:00:00,30.0,0.0,2024-11-27 12:00:00,30.0,0.0
2024-012,2024,BOB,FENGAL,2024-11-28 18:00:00,10.1,82.8,30.0,1000.0,6.0,DD,18,2024-11-29 18:00:00,35.0,5.0,0.0,0.0,2024-11-28 12:00:00,30.0,0.0,2024-11-28 06:00:00,30.0,0.0,2024-11-27 18:00:00,30.0,0.0
2024-012,2024,BOB,FENGAL,2024-11-29 00:00:00,10.4,82.7,30.0,1000.0,6.0,DD,19,2024-11-30 00:00:00,45.0,15.0,0.0,0.0,2024-11-28 18:00:00,30.0,0.0,2024-11-28 12:00:00,30.0,0.0,2024-11-28 00:00:00,30.0,0.0
2024-012,2024,BOB,FENGAL,2024-11-29 03:00:00,10.6,82.6,30.0,1000.0,6.0,DD,20,2024-11-30 03:00:00,45.0,15.0,0.0,0.0,2024-11-28 21:00:00,,,2024-11-28 15:00:00,,,2024-11-28 03:00:00,30.0,0.0
2024-012,2024,BOB,FENGAL,2024-11-29 06:00:00,10.9,82.5,30.0,1000.0,6.0,DD,21,2024-11-30 06:00:00,45.0,15.0,0.0,0.0,2024-11-29 00:00:00,30.0,0.0,2024-11-28 18:00:00,30.0,0.0,2024-11-28 06:00:00,30.0,0.0
2024-012,2024,BOB,FENGAL,2024-11-29 09:00:00,11.2,82.2,35.0,999.0,7.0,CS,22,2024-11-30 09:00:00,45.0,10.0,0.0,5.0,2024-11-29 03:00:00,30.0,5.0,2024-11-28 21:00:00,,,2024-11-28 09:00:00,,
2024-012,2024,BOB,FENGAL,2024-11-29 12:00:00,11.5,81.9,35.0,999.0,7.0,CS,23,2024-11-30 12:00:00,40.0,5.0,0.0,0.0,2024-11-29 06:00:00,30.0,5.0,2024-11-29 00:00:00,30.0,5.0,2024-11-28 12:00:00,30.0,5.0
2024-012,2024,BOB,FENGAL,2024-11-29 15:00:00,11.6,81.7,35.0,999.0,7.0,CS,24,2024-11-30 15:00:00,40.0,5.0,0.0,0.0,2024-11-29 09:00:00,35.0,0.0,2024-11-29 03:00:00,30.0,5.0,2024-11-28 15:00:00,,
2024-012,2024,BOB,FENGAL,2024-11-29 18:00:00,11.8,81.7,35.0,999.0,7.0,CS,25,2024-11-30 18:00:00,40.0,5.0,0.0,0.0,2024-11-29 12:00:00,35.0,0.0,2024-11-29 06:00:00,30.0,5.0,2024-11-28 18:00:00,30.0,5.0
2024-012,2024,BOB,FENGAL,2024-11-29 21:00:00,11.9,81.5,40.0,996.0,8.0,CS,26,2024-11-30 21:00:00,35.0,-5.0,0.0,5.0,2024-11-29 15:00:00,35.0,5.0,2024-11-29 09:00:00,35.0,5.0,2024-11-28 21:00:00,,
2024-012,2024,BOB,FENGAL,2024-11-30 00:00:00,12.2,81.2,45.0,996.0,10.0,CS,27,2024-12-01 00:00:00,35.0,-10.0,0.0,5.0,2024-11-29 18:00:00,35.0,10.0,2024-11-29 12:00:00,35.0,10.0,2024-11-29 00:00:00,30.0,15.0
2024-012,2024,BOB,FENGAL,2024-11-30 03:00:00,12.3,80.9,45.0,996.0,10.0,CS,28,2024-12-01 03:00:00,35.0,-10.0,0.0,0.0,2024-11-29 21:00:00,40.0,5.0,2024-11-29 15:00:00,35.0,10.0,2024-11-29 03:00:00,30.0,15.0
2024-012,2024,BOB,FENGAL,2024-11-30 06:00:00,12.3,80.7,45.0,996.0,10.0,CS,29,2024-12-01 06:00:00,30.0,-15.0,0.0,0.0,2024-11-30 00:00:00,45.0,0.0,2024-11-29 18:00:00,35.0,10.0,2024-11-29 06:00:00,30.0,15.0
2024-012,2024,BOB,FENGAL,2024-11-30 09:00:00,12.3,80.5,45.0,996.0,12.0,CS,30,2024-12-01 09:00:00,,,,0.0,2024-11-30 03:00:00,45.0,0.0,2024-11-29 21:00:00,40.0,5.0,2024-11-29 09:00:00,35.0,10.0
2024-012,2024,BOB,FENGAL,2024-11-30 12:00:00,12.3,80.3,40.0,998.0,11.0,CS,31,2024-12-01 12:00:00,25.0,-15.0,0.0,-5.0,2024-11-30 06:00:00,45.0,-5.0,2024-11-30 00:00:00,45.0,-5.0,2024-11-29 12:00:00,35.0,5.0
2024-012,2024,BOB,FENGAL,2024-11-30 15:00:00,12.2,80.1,40.0,998.0,10.0,CS,32,2024-12-01 15:00:00,,,,0.0,2024-11-30 09:00:00,45.0,-5.0,2024-11-30 03:00:00,45.0,-5.0,2024-11-29 15:00:00,35.0,5.0
2024-012,2024,BOB,FENGAL,2024-11-30 18:00:00,12.0,79.8,40.0,998.0,10.0,CS,33,2024-12-01 18:00:00,25.0,-15.0,0.0,0.0,2024-11-30 12:00:00,40.0,0.0,2024-11-30 06:00:00,45.0,-5.0,2024-11-29 18:00:00,35.0,5.0
2024-012,2024,BOB,FENGAL,2024-11-30 21:00:00,12.0,79.8,35.0,999.0,11.0,CS,34,2024-12-01 21:00:00,,,,-5.0,2024-11-30 15:00:00,40.0,-5.0,2024-11-30 09:00:00,45.0,-10.0,2024-11-29 21:00:00,40.0,-5.0
2024-012,2024,BOB,FENGAL,2024-12-01 00:00:00,12.0,79.8,35.0,999.0,10.0,CS,35,2024-12-02 00:00:00,,,,0.0,2024-11-30 18:00:00,40.0,-5.0,2024-11-30 12:00:00,40.0,-5.0,2024-11-30 00:00:00,45.0,-10.0
2024-012,2024,BOB,FENGAL,2024-12-01 03:00:00,12.0,79.8,35.0,999.0,7.0,CS,36,2024-12-02 03:00:00,,,,0.0,2024-11-30 21:00:00,35.0,0.0,2024-11-30 15:00:00,40.0,-5.0,2024-11-30 03:00:00,45.0,-10.0
2024-012,2024,BOB,FENGAL,2024-12-01 06:00:00,12.0,79.8,30.0,1000.0,6.0,DD,37,2024-12-02 06:00:00,,,,-5.0,2024-12-01 00:00:00,35.0,-5.0,2024-11-30 18:00:00,40.0,-10.0,2024-11-30 06:00:00,45.0,-15.0
2024-012,2024,BOB,FENGAL,2024-12-01 12:00:00,12.1,79.6,25.0,1001.0,4.0,D,38,2024-12-02 12:00:00,,,,-5.0,2024-12-01 06:00:00,30.0,-5.0,2024-12-01 00:00:00,35.0,-10.0,2024-11-30 12:00:00,40.0,-15.0
2024-012,2024,BOB,FENGAL,2024-12-01 18:00:00,12.1,79.2,25.0,1002.0,3.0,D,39,2024-12-02 18:00:00,,,,0.0,2024-12-01 12:00:00,25.0,0.0,2024-12-01 06:00:00,30.0,-5.0,2024-11-30 18:00:00,40.0,-15.0
2024-013,2024,BOB,,2024-12-20 12:00:00,13.7,83.5,20.0,1003.0,3.0,D,0,2024-12-21 12:00:00,,,,,2024-12-20 06:00:00,,,2024-12-20 00:00:00,,,2024-12-19 12:00:00,,
2024-013,2024,BOB,,2024-12-20 18:00:00,13.9,83.7,25.0,1003.0,3.0,D,1,2024-12-21 18:00:00,,,,5.0,2024-12-20 12:00:00,20.0,5.0,2024-12-20 06:00:00,,,2024-12-19 18:00:00,,
2024-013,2024,BOB,,2024-12-21 00:00:00,13.9,84.2,25.0,1002.0,4.0,D,2,2024-12-22 00:00:00,,,,0.0,2024-12-20 18:00:00,25.0,0.0,2024-12-20 12:00:00,20.0,5.0,2024-12-20 00:00:00,,
2024-013,2024,BOB,,2024-12-21 03:00:00,14.0,84.5,25.0,1002.0,4.0,D,3,2024-12-22 03:00:00,,,,0.0,2024-12-20 21:00:00,,,2024-12-20 15:00:00,,,2024-12-20 03:00:00,,
2024-013,2024,BOB,,2024-12-21 06:00:00,14.1,84.6,20.0,1003.0,3.0,D,4,2024-12-22 06:00:00,,,,-5.0,2024-12-21 00:00:00,25.0,-5.0,2024-12-20 18:00:00,25.0,-5.0,2024-12-20 06:00:00,,
2025-002,2025,BOB,,2025-05-29 00:00:00,20.8,88.3,25.0,988.0,4.0,D,0,2025-05-30 00:00:00,25.0,0.0,0.0,,2025-05-28 18:00:00,,,2025-05-28 12:00:00,,,2025-05-28 00:00:00,,
2025-002,2025,BOB,,2025-05-29 03:00:00,21.3,88.3,30.0,986.0,5.0,DD,1,2025-05-30 03:00:00,20.0,-10.0,0.0,5.0,2025-05-28 21:00:00,,,2025-05-28 15:00:00,,,2025-05-28 03:00:00,,
2025-002,2025,BOB,,2025-05-29 06:00:00,22.0,88.4,30.0,986.0,5.0,DD,2,2025-05-30 06:00:00,20.0,-10.0,0.0,0.0,2025-05-29 00:00:00,25.0,5.0,2025-05-28 18:00:00,,,2025-05-28 06:00:00,,
2025-002,2025,BOB,,2025-05-29 12:00:00,22.2,88.6,30.0,987.0,5.0,DD,3,2025-05-30 12:00:00,,,,0.0,2025-05-29 06:00:00,30.0,0.0,2025-05-29 00:00:00,25.0,5.0,2025-05-28 12:00:00,,
2025-002,2025,BOB,,2025-05-29 18:00:00,23.0,89.2,30.0,988.0,5.0,DD,4,2025-05-30 18:00:00,,,,0.0,2025-05-29 12:00:00,30.0,0.0,2025-05-29 06:00:00,30.0,0.0,2025-05-28 18:00:00,,
2025-002,2025,BOB,,2025-05-30 00:00:00,24.1,89.4,25.0,990.0,4.0,D,5,2025-05-31 00:00:00,,,,-5.0,2025-05-29 18:00:00,30.0,-5.0,2025-05-29 12:00:00,30.0,-5.0,2025-05-29 00:00:00,25.0,0.0
2025-002,2025,BOB,,2025-05-30 03:00:00,24.3,89.6,20.0,992.0,3.0,D,6,2025-05-31 03:00:00,,,,-5.0,2025-05-29 21:00:00,,,2025-05-29 15:00:00,,,2025-05-29 03:00:00,30.0,-10.0
2025-002,2025,BOB,,2025-05-30 06:00:00,25.1,90.2,20.0,992.0,3.0,D,7,2025-05-31 06:00:00,,,,0.0,2025-05-30 00:00:00,25.0,-5.0,2025-05-29 18:00:00,30.0,-10.0,2025-05-29 06:00:00,30.0,-10.0
2025-006,2025,BOB,,2025-07-25 00:00:00,21.4,89.5,25.0,988.0,4.0,D,0,2025-07-26 00:00:00,25.0,0.0,0.0,,2025-07-24 18:00:00,,,2025-07-24 12:00:00,,,2025-07-24 00:00:00,,
2025-006,2025,BOB,,2025-07-25 03:00:00,21.7,88.8,25.0,988.0,4.0,D,1,2025-07-26 03:00:00,20.0,-5.0,0.0,0.0,2025-07-24 21:00:00,,,2025-07-24 15:00:00,,,2025-07-24 03:00:00,,
2025-006,2025,BOB,,2025-07-25 06:00:00,22.0,88.4,25.0,988.0,4.0,D,2,2025-07-26 06:00:00,20.0,-5.0,0.0,0.0,2025-07-25 00:00:00,25.0,0.0,2025-07-24 18:00:00,,,2025-07-24 06:00:00,,
2025-006,2025,BOB,,2025-07-25 12:00:00,22.6,87.4,25.0,988.0,4.0,D,3,2025-07-26 12:00:00,20.0,-5.0,0.0,0.0,2025-07-25 06:00:00,25.0,0.0,2025-07-25 00:00:00,25.0,0.0,2025-07-24 12:00:00,,
2025-006,2025,BOB,,2025-07-25 18:00:00,23.0,86.6,25.0,988.0,4.0,D,4,2025-07-26 18:00:00,20.0,-5.0,0.0,0.0,2025-07-25 12:00:00,25.0,0.0,2025-07-25 06:00:00,25.0,0.0,2025-07-24 18:00:00,,
2025-006,2025,BOB,,2025-07-26 00:00:00,23.3,85.0,25.0,988.0,4.0,D,5,2025-07-27 00:00:00,,,,0.0,2025-07-25 18:00:00,25.0,0.0,2025-07-25 12:00:00,25.0,0.0,2025-07-25 00:00:00,25.0,0.0
2025-006,2025,BOB,,2025-07-26 03:00:00,23.3,84.0,20.0,990.0,3.0,D,6,2025-07-27 03:00:00,,,,-5.0,2025-07-25 21:00:00,,,2025-07-25 15:00:00,,,2025-07-25 03:00:00,25.0,-5.0
2025-006,2025,BOB,,2025-07-26 06:00:00,23.3,82.3,20.0,990.0,3.0,D,7,2025-07-27 06:00:00,,,,0.0,2025-07-26 00:00:00,25.0,-5.0,2025-07-25 18:00:00,25.0,-5.0,2025-07-25 06:00:00,25.0,-5.0
2025-006,2025,BOB,,2025-07-26 12:00:00,23.3,81.7,20.0,990.0,3.0,D,8,2025-07-27 12:00:00,,,,0.0,2025-07-26 06:00:00,20.0,0.0,2025-07-26 00:00:00,25.0,-5.0,2025-07-25 12:00:00,25.0,-5.0
2025-006,2025,BOB,,2025-07-26 18:00:00,23.3,81.0,20.0,992.0,3.0,D,9,2025-07-27 18:00:00,,,,0.0,2025-07-26 12:00:00,20.0,0.0,2025-07-26 06:00:00,20.0,0.0,2025-07-25 18:00:00,25.0,-5.0
2025-007,2025,BOB,,2025-08-18 12:00:00,18.9,85.0,20.0,996.0,3.0,D,0,2025-08-19 12:00:00,,,,,2025-08-18 06:00:00,,,2025-08-18 00:00:00,,,2025-08-17 12:00:00,,
2025-007,2025,BOB,,2025-08-18 18:00:00,19.0,84.9,20.0,996.0,3.0,D,1,2025-08-19 18:00:00,,,,0.0,2025-08-18 12:00:00,20.0,0.0,2025-08-18 06:00:00,,,2025-08-17 18:00:00,,
2025-007,2025,BOB,,2025-08-19 00:00:00,19.3,84.8,20.0,996.0,3.0,D,2,2025-08-20 00:00:00,,,,0.0,2025-08-18 18:00:00,20.0,0.0,2025-08-18 12:00:00,20.0,0.0,2025-08-18 00:00:00,,
2025-007,2025,BOB,,2025-08-19 03:00:00,19.8,84.0,20.0,996.0,3.0,D,3,2025-08-20 03:00:00,,,,0.0,2025-08-18 21:00:00,,,2025-08-18 15:00:00,,,2025-08-18 03:00:00,,
2025-007,2025,BOB,,2025-08-19 06:00:00,20.0,83.3,20.0,996.0,3.0,D,4,2025-08-20 06:00:00,,,,0.0,2025-08-19 00:00:00,20.0,0.0,2025-08-18 18:00:00,20.0,0.0,2025-08-18 06:00:00,,
2025-009,2025,BOB,,2025-09-26 12:00:00,19.3,86.1,25.0,998.0,4.0,D,0,2025-09-27 12:00:00,20.0,-5.0,0.0,,2025-09-26 06:00:00,,,2025-09-26 00:00:00,,,2025-09-25 12:00:00,,
2025-009,2025,BOB,,2025-09-26 18:00:00,19.3,85.5,25.0,998.0,4.0,D,1,2025-09-27 18:00:00,20.0,-5.0,0.0,0.0,2025-09-26 12:00:00,25.0,0.0,2025-09-26 06:00:00,,,2025-09-25 18:00:00,,
2025-009,2025,BOB,,2025-09-27 00:00:00,19.3,84.8,25.0,998.0,4.0,D,2,2025-09-28 00:00:00,20.0,-5.0,0.0,0.0,2025-09-26 18:00:00,25.0,0.0,2025-09-26 12:00:00,25.0,0.0,2025-09-26 00:00:00,,
2025-009,2025,BOB,,2025-09-27 03:00:00,19.3,84.2,25.0,998.0,4.0,D,3,2025-09-28 03:00:00,,,,0.0,2025-09-26 21:00:00,,,2025-09-26 15:00:00,,,2025-09-26 03:00:00,,
2025-009,2025,BOB,,2025-09-27 06:00:00,19.3,83.4,25.0,998.0,4.0,D,4,2025-09-28 06:00:00,,,,0.0,2025-09-27 00:00:00,25.0,0.0,2025-09-26 18:00:00,25.0,0.0,2025-09-26 06:00:00,,
2025-009,2025,BOB,,2025-09-27 12:00:00,19.7,81.5,20.0,999.0,3.0,D,5,2025-09-28 12:00:00,,,,-5.0,2025-09-27 06:00:00,25.0,-5.0,2025-09-27 00:00:00,25.0,-5.0,2025-09-26 12:00:00,25.0,-5.0
2025-009,2025,BOB,,2025-09-27 18:00:00,20.3,79.5,20.0,999.0,3.0,D,6,2025-09-28 18:00:00,,,,0.0,2025-09-27 12:00:00,20.0,0.0,2025-09-27 06:00:00,25.0,-5.0,2025-09-26 18:00:00,25.0,-5.0
2025-009,2025,BOB,,2025-09-28 00:00:00,20.3,77.0,20.0,999.0,3.0,D,7,2025-09-29 00:00:00,,,,0.0,2025-09-27 18:00:00,20.0,0.0,2025-09-27 12:00:00,20.0,0.0,2025-09-27 00:00:00,25.0,-5.0
2025-010,2025,BOB,,2025-10-01 06:00:00,15.8,86.5,25.0,998.0,3.0,D,0,2025-10-02 06:00:00,30.0,5.0,0.0,,2025-10-01 00:00:00,,,2025-09-30 18:00:00,,,2025-09-30 06:00:00,,
2025-010,2025,BOB,,2025-10-01 12:00:00,16.3,86.3,25.0,997.0,4.0,D,1,2025-10-02 12:00:00,30.0,5.0,0.0,0.0,2025-10-01 06:00:00,25.0,0.0,2025-10-01 00:00:00,,,2025-09-30 12:00:00,,
2025-010,2025,BOB,,2025-10-01 18:00:00,16.8,86.0,30.0,996.0,5.0,DD,2,2025-10-02 18:00:00,30.0,0.0,0.0,5.0,2025-10-01 12:00:00,25.0,5.0,2025-10-01 06:00:00,25.0,5.0,2025-09-30 18:00:00,,
2025-010,2025,BOB,,2025-10-02 00:00:00,17.7,85.7,30.0,996.0,5.0,DD,3,2025-10-03 00:00:00,25.0,-5.0,0.0,0.0,2025-10-01 18:00:00,30.0,0.0,2025-10-01 12:00:00,25.0,5.0,2025-10-01 00:00:00,,
2025-010,2025,BOB,,2025-10-02 03:00:00,18.0,85.6,30.0,995.0,6.0,DD,4,2025-10-03 03:00:00,25.0,-5.0,0.0,0.0,2025-10-01 21:00:00,,,2025-10-01 15:00:00,,,2025-10-01 03:00:00,,
2025-010,2025,BOB,,2025-10-02 06:00:00,18.6,85.3,30.0,995.0,6.0,DD,5,2025-10-03 06:00:00,25.0,-5.0,0.0,0.0,2025-10-02 00:00:00,30.0,0.0,2025-10-01 18:00:00,30.0,0.0,2025-10-01 06:00:00,25.0,5.0
2025-010,2025,BOB,,2025-10-02 12:00:00,19.4,84.9,30.0,996.0,5.0,DD,6,2025-10-03 12:00:00,,,,0.0,2025-10-02 06:00:00,30.0,0.0,2025-10-02 00:00:00,30.0,0.0,2025-10-01 12:00:00,25.0,5.0
2025-010,2025,BOB,,2025-10-02 18:00:00,19.8,84.4,30.0,997.0,5.0,DD,7,2025-10-03 18:00:00,,,,0.0,2025-10-02 12:00:00,30.0,0.0,2025-10-02 06:00:00,30.0,0.0,2025-10-01 18:00:00,30.0,0.0
2025-010,2025,BOB,,2025-10-03 00:00:00,20.2,84.1,25.0,999.0,4.0,D,8,2025-10-04 00:00:00,,,,-5.0,2025-10-02 18:00:00,30.0,-5.0,2025-10-02 12:00:00,30.0,-5.0,2025-10-02 00:00:00,30.0,-5.0
2025-010,2025,BOB,,2025-10-03 03:00:00,20.7,83.7,25.0,1000.0,4.0,D,9,2025-10-04 03:00:00,,,,0.0,2025-10-02 21:00:00,,,2025-10-02 15:00:00,,,2025-10-02 03:00:00,30.0,-5.0
2025-010,2025,BOB,,2025-10-03 06:00:00,21.2,83.6,25.0,1001.0,3.0,D,10,2025-10-04 06:00:00,,,,0.0,2025-10-03 00:00:00,25.0,0.0,2025-10-02 18:00:00,30.0,-5.0,2025-10-02 06:00:00,30.0,-5.0
2025-013,2025,BOB,MONTHA,2025-10-25 00:00:00,10.8,89.0,20.0,1003.0,3.0,D,0,2025-10-26 00:00:00,30.0,10.0,0.0,,2025-10-24 18:00:00,,,2025-10-24 12:00:00,,,2025-10-24 00:00:00,,
2025-013,2025,BOB,MONTHA,2025-10-25 03:00:00,10.8,88.8,25.0,1002.0,4.0,D,1,2025-10-26 03:00:00,30.0,5.0,0.0,5.0,2025-10-24 21:00:00,,,2025-10-24 15:00:00,,,2025-10-24 03:00:00,,
2025-013,2025,BOB,MONTHA,2025-10-25 06:00:00,10.8,88.6,25.0,1002.0,4.0,D,2,2025-10-26 06:00:00,30.0,5.0,0.0,0.0,2025-10-25 00:00:00,20.0,5.0,2025-10-24 18:00:00,,,2025-10-24 06:00:00,,
2025-013,2025,BOB,MONTHA,2025-10-25 12:00:00,10.9,88.1,25.0,1002.0,4.0,D,3,2025-10-26 12:00:00,30.0,5.0,0.0,0.0,2025-10-25 06:00:00,25.0,0.0,2025-10-25 00:00:00,20.0,5.0,2025-10-24 12:00:00,,
2025-013,2025,BOB,MONTHA,2025-10-25 18:00:00,11.0,87.7,25.0,1002.0,4.0,D,4,2025-10-26 18:00:00,35.0,10.0,0.0,0.0,2025-10-25 12:00:00,25.0,0.0,2025-10-25 06:00:00,25.0,0.0,2025-10-24 18:00:00,,
2025-013,2025,BOB,MONTHA,2025-10-26 00:00:00,11.1,87.3,30.0,1000.0,5.0,DD,5,2025-10-27 00:00:00,35.0,5.0,0.0,5.0,2025-10-25 18:00:00,25.0,5.0,2025-10-25 12:00:00,25.0,5.0,2025-10-25 00:00:00,20.0,10.0
2025-013,2025,BOB,MONTHA,2025-10-26 03:00:00,11.2,87.1,30.0,998.0,6.0,DD,6,2025-10-27 03:00:00,40.0,10.0,0.0,0.0,2025-10-25 21:00:00,,,2025-10-25 15:00:00,,,2025-10-25 03:00:00,25.0,5.0
2025-013,2025,BOB,MONTHA,2025-10-26 06:00:00,11.3,86.9,30.0,998.0,6.0,DD,7,2025-10-27 06:00:00,40.0,10.0,0.0,0.0,2025-10-26 00:00:00,30.0,0.0,2025-10-25 18:00:00,25.0,5.0,2025-10-25 06:00:00,25.0,5.0
2025-013,2025,BOB,MONTHA,2025-10-26 12:00:00,11.4,86.6,30.0,998.0,6.0,DD,8,2025-10-27 12:00:00,45.0,15.0,0.0,0.0,2025-10-26 06:00:00,30.0,0.0,2025-10-26 00:00:00,30.0,0.0,2025-10-25 12:00:00,25.0,5.0
2025-013,2025,BOB,MONTHA,2025-10-26 18:00:00,11.6,85.9,35.0,997.0,7.0,CS,9,2025-10-27 18:00:00,45.0,10.0,0.0,5.0,2025-10-26 12:00:00,30.0,5.0,2025-10-26 06:00:00,30.0,5.0,2025-10-25 18:00:00,25.0,10.0
2025-013,2025,BOB,MONTHA,2025-10-26 21:00:00,11.9,85.5,35.0,997.0,7.0,CS,10,2025-10-27 21:00:00,45.0,10.0,0.0,0.0,2025-10-26 15:00:00,,,2025-10-26 09:00:00,,,2025-10-25 21:00:00,,
2025-013,2025,BOB,MONTHA,2025-10-27 00:00:00,12.2,85.3,35.0,997.0,7.0,CS,11,2025-10-28 00:00:00,50.0,15.0,0.0,0.0,2025-10-26 18:00:00,35.0,0.0,2025-10-26 12:00:00,30.0,5.0,2025-10-26 00:00:00,30.0,5.0
2025-013,2025,BOB,MONTHA,2025-10-27 03:00:00,12.6,84.9,40.0,996.0,8.0,CS,12,2025-10-28 03:00:00,50.0,10.0,0.0,5.0,2025-10-26 21:00:00,35.0,5.0,2025-10-26 15:00:00,,,2025-10-26 03:00:00,30.0,10.0
2025-013,2025,BOB,MONTHA,2025-10-27 06:00:00,12.8,84.6,40.0,996.0,8.0,CS,13,2025-10-28 06:00:00,50.0,10.0,0.0,0.0,2025-10-27 00:00:00,35.0,5.0,2025-10-26 18:00:00,35.0,5.0,2025-10-26 06:00:00,30.0,10.0
2025-013,2025,BOB,MONTHA,2025-10-27 09:00:00,13.0,84.2,40.0,995.0,9.0,CS,14,2025-10-28 09:00:00,50.0,10.0,0.0,0.0,2025-10-27 03:00:00,40.0,0.0,2025-10-26 21:00:00,35.0,5.0,2025-10-26 09:00:00,,
2025-013,2025,BOB,MONTHA,2025-10-27 12:00:00,13.3,84.0,45.0,994.0,10.0,CS,15,2025-10-28 12:00:00,50.0,5.0,0.0,5.0,2025-10-27 06:00:00,40.0,5.0,2025-10-27 00:00:00,35.0,10.0,2025-10-26 12:00:00,30.0,15.0
2025-013,2025,BOB,MONTHA,2025-10-27 15:00:00,13.6,83.8,45.0,994.0,10.0,CS,16,2025-10-28 15:00:00,50.0,5.0,0.0,0.0,2025-10-27 09:00:00,40.0,5.0,2025-10-27 03:00:00,40.0,5.0,2025-10-26 15:00:00,,
2025-013,2025,BOB,MONTHA,2025-10-27 18:00:00,14.0,83.5,45.0,993.0,11.0,CS,17,2025-10-28 18:00:00,50.0,5.0,0.0,0.0,2025-10-27 12:00:00,45.0,0.0,2025-10-27 06:00:00,40.0,5.0,2025-10-26 18:00:00,35.0,10.0
2025-013,2025,BOB,MONTHA,2025-10-27 21:00:00,14.4,83.3,45.0,992.0,12.0,CS,18,2025-10-28 21:00:00,40.0,-5.0,0.0,0.0,2025-10-27 15:00:00,45.0,0.0,2025-10-27 09:00:00,40.0,5.0,2025-10-26 21:00:00,35.0,10.0
2025-013,2025,BOB,MONTHA,2025-10-28 00:00:00,14.7,83.0,50.0,991.0,13.0,SCS,19,2025-10-29 00:00:00,35.0,-15.0,0.0,5.0,2025-10-27 18:00:00,45.0,5.0,2025-10-27 12:00:00,45.0,5.0,2025-10-27 00:00:00,35.0,15.0
2025-013,2025,BOB,MONTHA,2025-10-28 03:00:00,14.9,82.9,50.0,991.0,13.0,SCS,20,2025-10-29 03:00:00,30.0,-20.0,0.0,0.0,2025-10-27 21:00:00,45.0,5.0,2025-10-27 15:00:00,45.0,5.0,2025-10-27 03:00:00,40.0,10.0
2025-013,2025,BOB,MONTHA,2025-10-28 06:00:00,15.2,82.7,50.0,991.0,13.0,SCS,21,2025-10-29 06:00:00,30.0,-20.0,0.0,0.0,2025-10-28 00:00:00,50.0,0.0,2025-10-27 18:00:00,45.0,5.0,2025-10-27 06:00:00,40.0,10.0
2025-013,2025,BOB,MONTHA,2025-10-28 09:00:00,15.6,82.5,50.0,990.0,14.0,SCS,22,2025-10-29 09:00:00,,,,0.0,2025-10-28 03:00:00,50.0,0.0,2025-10-27 21:00:00,45.0,5.0,2025-10-27 09:00:00,40.0,10.0
2025-013,2025,BOB,MONTHA,2025-10-28 12:00:00,16.0,82.2,50.0,990.0,14.0,SCS,23,2025-10-29 12:00:00,25.0,-25.0,0.0,0.0,2025-10-28 06:00:00,50.0,0.0,2025-10-28 00:00:00,50.0,0.0,2025-10-27 12:00:00,45.0,5.0
2025-013,2025,BOB,MONTHA,2025-10-28 15:00:00,16.2,82.0,50.0,990.0,14.0,SCS,24,2025-10-29 15:00:00,,,,0.0,2025-10-28 09:00:00,50.0,0.0,2025-10-28 03:00:00,50.0,0.0,2025-10-27 15:00:00,45.0,5.0
2025-013,2025,BOB,MONTHA,2025-10-28 18:00:00,16.3,81.7,50.0,990.0,14.0,SCS,25,2025-10-29 18:00:00,20.0,-30.0,0.0,0.0,2025-10-28 12:00:00,50.0,0.0,2025-10-28 06:00:00,50.0,0.0,2025-10-27 18:00:00,45.0,5.0
2025-013,2025,BOB,MONTHA,2025-10-28 21:00:00,16.5,81.5,40.0,992.0,12.0,CS,26,2025-10-29 21:00:00,,,,-10.0,2025-10-28 15:00:00,50.0,-10.0,2025-10-28 09:00:00,50.0,-10.0,2025-10-27 21:00:00,45.0,-5.0
2025-013,2025,BOB,MONTHA,2025-10-29 00:00:00,17.0,81.3,35.0,997.0,7.0,CS,27,2025-10-30 00:00:00,,,,-5.0,2025-10-28 18:00:00,50.0,-15.0,2025-10-28 12:00:00,50.0,-15.0,2025-10-28 00:00:00,50.0,-15.0
2025-013,2025,BOB,MONTHA,2025-10-29 03:00:00,17.3,81.2,30.0,999.0,5.0,DD,28,2025-10-30 03:00:00,,,,-5.0,2025-10-28 21:00:00,40.0,-10.0,2025-10-28 15:00:00,50.0,-20.0,2025-10-28 03:00:00,50.0,-20.0
2025-013,2025,BOB,MONTHA,2025-10-29 06:00:00,17.7,81.1,30.0,999.0,5.0,DD,29,2025-10-30 06:00:00,,,,0.0,2025-10-29 00:00:00,35.0,-5.0,2025-10-28 18:00:00,50.0,-20.0,2025-10-28 06:00:00,50.0,-20.0
2025-013,2025,BOB,MONTHA,2025-10-29 12:00:00,18.7,80.9,25.0,1000.0,4.0,D,30,2025-10-30 12:00:00,,,,-5.0,2025-10-29 06:00:00,30.0,-5.0,2025-10-29 00:00:00,35.0,-10.0,2025-10-28 12:00:00,50.0,-25.0
2025-013,2025,BOB,MONTHA,2025-10-29 18:00:00,19.6,80.7,20.0,1000.0,3.0,D,31,2025-10-30 18:00:00,,,,-5.0,2025-10-29 12:00:00,25.0,-5.0,2025-10-29 06:00:00,30.0,-10.0,2025-10-28 18:00:00,50.0,-30.0
2025-014,2025,BOB,SENYAR,2025-11-25 03:00:00,5.4,99.7,20.0,1004.0,3.0,D,0,2025-11-26 03:00:00,40.0,20.0,0.0,,2025-11-24 21:00:00,,,2025-11-24 15:00:00,,,2025-11-24 03:00:00,,
2025-014,2025,BOB,SENYAR,2025-11-25 06:00:00,5.3,99.5,20.0,1004.0,3.0,D,1,2025-11-26 06:00:00,40.0,20.0,0.0,0.0,2025-11-25 00:00:00,,,2025-11-24 18:00:00,,,2025-11-24 06:00:00,,
2025-014,2025,BOB,SENYAR,2025-11-25 12:00:00,5.1,99.0,25.0,1003.0,4.0,D,2,2025-11-26 12:00:00,35.0,10.0,0.0,5.0,2025-11-25 06:00:00,20.0,5.0,2025-11-25 00:00:00,,,2025-11-24 12:00:00,,
2025-014,2025,BOB,SENYAR,2025-11-25 18:00:00,5.1,98.5,30.0,1002.0,5.0,DD,3,2025-11-26 18:00:00,35.0,5.0,0.0,5.0,2025-11-25 12:00:00,25.0,5.0,2025-11-25 06:00:00,20.0,10.0,2025-11-24 18:00:00,,
2025-014,2025,BOB,SENYAR,2025-11-26 00:00:00,5.0,98.0,40.0,999.0,8.0,CS,4,2025-11-27 00:00:00,30.0,-10.0,0.0,10.0,2025-11-25 18:00:00,30.0,10.0,2025-11-25 12:00:00,25.0,15.0,2025-11-25 00:00:00,,
2025-014,2025,BOB,SENYAR,2025-11-26 03:00:00,4.9,97.8,40.0,999.0,8.0,CS,5,2025-11-27 03:00:00,30.0,-10.0,0.0,0.0,2025-11-25 21:00:00,,,2025-11-25 15:00:00,,,2025-11-25 03:00:00,20.0,20.0
2025-014,2025,BOB,SENYAR,2025-11-26 06:00:00,4.7,97.8,40.0,999.0,8.0,CS,6,2025-11-27 06:00:00,25.0,-15.0,0.0,0.0,2025-11-26 00:00:00,40.0,0.0,2025-11-25 18:00:00,30.0,10.0,2025-11-25 06:00:00,20.0,20.0
2025-014,2025,BOB,SENYAR,2025-11-26 09:00:00,4.6,97.8,40.0,999.0,8.0,CS,7,2025-11-27 09:00:00,,,,0.0,2025-11-26 03:00:00,40.0,0.0,2025-11-25 21:00:00,,,2025-11-25 09:00:00,,
2025-014,2025,BOB,SENYAR,2025-11-26 12:00:00,4.3,98.1,35.0,1000.0,7.0,CS,8,2025-11-27 12:00:00,20.0,-15.0,0.0,-5.0,2025-11-26 06:00:00,40.0,-5.0,2025-11-26 00:00:00,40.0,-5.0,2025-11-25 12:00:00,25.0,10.0
2025-014,2025,BOB,SENYAR,2025-11-26 15:00:00,4.1,98.3,35.0,1000.0,7.0,CS,9,2025-11-27 15:00:00,20.0,-15.0,0.0,0.0,2025-11-26 09:00:00,40.0,-5.0,2025-11-26 03:00:00,40.0,-5.0,2025-11-25 15:00:00,,
2025-014,2025,BOB,SENYAR,2025-11-26 18:00:00,4.0,98.5,35.0,1000.0,7.0,CS,10,2025-11-27 18:00:00,,,,0.0,2025-11-26 12:00:00,35.0,0.0,2025-11-26 06:00:00,40.0,-5.0,2025-11-25 18:00:00,30.0,5.0
2025-014,2025,BOB,SENYAR,2025-11-26 21:00:00,3.8,98.8,35.0,1001.0,6.0,CS,11,2025-11-27 21:00:00,,,,0.0,2025-11-26 15:00:00,35.0,0.0,2025-11-26 09:00:00,40.0,-5.0,2025-11-25 21:00:00,,
2025-014,2025,BOB,SENYAR,2025-11-27 00:00:00,3.7,99.2,30.0,1002.0,5.0,DD,12,2025-11-28 00:00:00,,,,-5.0,2025-11-26 18:00:00,35.0,-5.0,2025-11-26 12:00:00,35.0,-5.0,2025-11-26 00:00:00,40.0,-10.0
2025-014,2025,BOB,SENYAR,2025-11-27 03:00:00,3.7,99.6,30.0,1002.0,5.0,DD,13,2025-11-28 03:00:00,,,,0.0,2025-11-26 21:00:00,35.0,-5.0,2025-11-26 15:00:00,35.0,-5.0,2025-11-26 03:00:00,40.0,-10.0
2025-014,2025,BOB,SENYAR,2025-11-27 06:00:00,3.6,99.8,25.0,1003.0,4.0,D,14,2025-11-28 06:00:00,,,,-5.0,2025-11-27 00:00:00,30.0,-5.0,2025-11-26 18:00:00,35.0,-10.0,2025-11-26 06:00:00,40.0,-15.0
2025-014,2025,BOB,SENYAR,2025-11-27 12:00:00,3.6,100.7,20.0,1004.0,3.0,D,15,2025-11-28 12:00:00,,,,-5.0,2025-11-27 06:00:00,25.0,-5.0,2025-11-27 00:00:00,30.0,-10.0,2025-11-26 12:00:00,35.0,-15.0
2025-014,2025,BOB,SENYAR,2025-11-27 15:00:00,3.6,100.9,20.0,1004.0,3.0,D,16,2025-11-28 15:00:00,,,,0.0,2025-11-27 09:00:00,,,2025-11-27 03:00:00,30.0,-10.0,2025-11-26 15:00:00,35.0,-15.0
2025-015,2025,BOB,DITWAH,2025-11-26 18:00:00,5.9,82.6,25.0,1004.0,4.0,D,0,2025-11-27 18:00:00,35.0,10.0,0.0,,2025-11-26 12:00:00,,,2025-11-26 06:00:00,,,2025-11-25 18:00:00,,
2025-015,2025,BOB,DITWAH,2025-11-27 00:00:00,6.3,82.4,30.0,1003.0,5.0,DD,1,2025-11-28 00:00:00,35.0,5.0,0.0,5.0,2025-11-26 18:00:00,25.0,5.0,2025-11-26 12:00:00,,,2025-11-26 00:00:00,,
2025-015,2025,BOB,DITWAH,2025-11-27 03:00:00,6.7,82.1,30.0,1003.0,5.0,DD,2,2025-11-28 03:00:00,35.0,5.0,0.0,0.0,2025-11-26 21:00:00,,,2025-11-26 15:00:00,,,2025-11-26 03:00:00,,
2025-015,2025,BOB,DITWAH,2025-11-27 06:00:00,6.9,81.9,35.0,1002.0,6.0,CS,3,2025-11-28 06:00:00,35.0,0.0,0.0,5.0,2025-11-27 00:00:00,30.0,5.0,2025-11-26 18:00:00,25.0,10.0,2025-11-26 06:00:00,,
2025-015,2025,BOB,DITWAH,2025-11-27 09:00:00,7.2,81.8,35.0,1002.0,6.0,CS,4,2025-11-28 09:00:00,35.0,0.0,0.0,0.0,2025-11-27 03:00:00,30.0,5.0,2025-11-26 21:00:00,,,2025-11-26 09:00:00,,
2025-015,2025,BOB,DITWAH,2025-11-27 12:00:00,7.6,81.6,35.0,1002.0,6.0,CS,5,2025-11-28 12:00:00,35.0,0.0,0.0,0.0,2025-11-27 06:00:00,35.0,0.0,2025-11-27 00:00:00,30.0,5.0,2025-11-26 12:00:00,,
2025-015,2025,BOB,DITWAH,2025-11-27 15:00:00,7.7,81.5,35.0,1002.0,6.0,CS,6,2025-11-28 15:00:00,35.0,0.0,0.0,0.0,2025-11-27 09:00:00,35.0,0.0,2025-11-27 03:00:00,30.0,5.0,2025-11-26 15:00:00,,
2025-015,2025,BOB,DITWAH,2025-11-27 18:00:00,7.9,81.3,35.0,1002.0,6.0,CS,7,2025-11-28 18:00:00,35.0,0.0,0.0,0.0,2025-11-27 12:00:00,35.0,0.0,2025-11-27 06:00:00,35.0,0.0,2025-11-26 18:00:00,25.0,10.0
2025-015,2025,BOB,DITWAH,2025-11-27 21:00:00,8.1,81.2,35.0,1002.0,6.0,CS,8,2025-11-28 21:00:00,35.0,0.0,0.0,0.0,2025-11-27 15:00:00,35.0,0.0,2025-11-27 09:00:00,35.0,0.0,2025-11-26 21:00:00,,
2025-015,2025,BOB,DITWAH,2025-11-28 00:00:00,8.2,81.1,35.0,1002.0,6.0,CS,9,2025-11-29 00:00:00,35.0,0.0,0.0,0.0,2025-11-27 18:00:00,35.0,0.0,2025-11-27 12:00:00,35.0,0.0,2025-11-27 00:00:00,30.0,5.0
2025-015,2025,BOB,DITWAH,2025-11-28 03:00:00,8.3,81.0,35.0,1002.0,6.0,CS,10,2025-11-29 03:00:00,40.0,5.0,0.0,0.0,2025-11-27 21:00:00,35.0,0.0,2025-11-27 15:00:00,35.0,0.0,2025-11-27 03:00:00,30.0,5.0
2025-015,2025,BOB,DITWAH,2025-11-28 06:00:00,8.4,81.0,35.0,1002.0,6.0,CS,11,2025-11-29 06:00:00,40.0,5.0,0.0,0.0,2025-11-28 00:00:00,35.0,0.0,2025-11-27 18:00:00,35.0,0.0,2025-11-27 06:00:00,35.0,0.0
2025-015,2025,BOB,DITWAH,2025-11-28 09:00:00,8.5,81.0,35.0,1002.0,6.0,CS,12,2025-11-29 09:00:00,40.0,5.0,0.0,0.0,2025-11-28 03:00:00,35.0,0.0,2025-11-27 21:00:00,35.0,0.0,2025-11-27 09:00:00,35.0,0.0
2025-015,2025,BOB,DITWAH,2025-11-28 12:00:00,8.7,80.9,35.0,1002.0,6.0,CS,13,2025-11-29 12:00:00,40.0,5.0,0.0,0.0,2025-11-28 06:00:00,35.0,0.0,2025-11-28 00:00:00,35.0,0.0,2025-11-27 12:00:00,35.0,0.0
2025-015,2025,BOB,DITWAH,2025-11-28 15:00:00,8.8,80.8,35.0,1002.0,6.0,CS,14,2025-11-29 15:00:00,40.0,5.0,0.0,0.0,2025-11-28 09:00:00,35.0,0.0,2025-11-28 03:00:00,35.0,0.0,2025-11-27 15:00:00,35.0,0.0
2025-015,2025,BOB,DITWAH,2025-11-28 18:00:00,9.0,80.8,35.0,1002.0,6.0,CS,15,2025-11-29 18:00:00,40.0,5.0,0.0,0.0,2025-11-28 12:00:00,35.0,0.0,2025-11-28 06:00:00,35.0,0.0,2025-11-27 18:00:00,35.0,0.0
2025-015,2025,BOB,DITWAH,2025-11-28 21:00:00,9.2,80.8,35.0,1001.0,7.0,CS,16,2025-11-29 21:00:00,40.0,5.0,0.0,0.0,2025-11-28 15:00:00,35.0,0.0,2025-11-28 09:00:00,35.0,0.0,2025-11-27 21:00:00,35.0,0.0
2025-015,2025,BOB,DITWAH,2025-11-29 00:00:00,9.4,80.7,35.0,1001.0,7.0,CS,17,2025-11-30 00:00:00,40.0,5.0,0.0,0.0,2025-11-28 18:00:00,35.0,0.0,2025-11-28 12:00:00,35.0,0.0,2025-11-28 00:00:00,35.0,0.0
2025-015,2025,BOB,DITWAH,2025-11-29 03:00:00,9.6,80.7,40.0,1000.0,8.0,CS,18,2025-11-30 03:00:00,40.0,0.0,0.0,5.0,2025-11-28 21:00:00,35.0,5.0,2025-11-28 15:00:00,35.0,5.0,2025-11-28 03:00:00,35.0,5.0
2025-015,2025,BOB,DITWAH,2025-11-29 06:00:00,9.9,80.7,40.0,1000.0,8.0,CS,19,2025-11-30 06:00:00,35.0,-5.0,0.0,0.0,2025-11-29 00:00:00,35.0,5.0,2025-11-28 18:00:00,35.0,5.0,2025-11-28 06:00:00,35.0,5.0
2025-015,2025,BOB,DITWAH,2025-11-29 09:00:00,10.1,80.6,40.0,1000.0,8.0,CS,20,2025-11-30 09:00:00,35.0,-5.0,0.0,0.0,2025-11-29 03:00:00,40.0,0.0,2025-11-28 21:00:00,35.0,5.0,2025-11-28 09:00:00,35.0,5.0
2025-015,2025,BOB,DITWAH,2025-11-29 12:00:00,10.4,80.6,40.0,1000.0,8.0,CS,21,2025-11-30 12:00:00,30.0,-10.0,0.0,0.0,2025-11-29 06:00:00,40.0,0.0,2025-11-29 00:00:00,35.0,5.0,2025-11-28 12:00:00,35.0,5.0
2025-015,2025,BOB,DITWAH,2025-11-29 15:00:00,10.5,80.6,40.0,1000.0,8.0,CS,22,2025-11-30 15:00:00,,,,0.0,2025-11-29 09:00:00,40.0,0.0,2025-11-29 03:00:00,40.0,0.0,2025-11-28 15:00:00,35.0,5.0
2025-015,2025,BOB,DITWAH,2025-11-29 18:00:00,10.7,80.6,40.0,1000.0,8.0,CS,23,2025-11-30 18:00:00,30.0,-10.0,0.0,0.0,2025-11-29 12:00:00,40.0,0.0,2025-11-29 06:00:00,40.0,0.0,2025-11-28 18:00:00,35.0,5.0
2025-015,2025,BOB,DITWAH,2025-11-29 21:00:00,10.8,80.6,40.0,1000.0,8.0,CS,24,2025-11-30 21:00:00,,,,0.0,2025-11-29 15:00:00,40.0,0.0,2025-11-29 09:00:00,40.0,0.0,2025-11-28 21:00:00,35.0,5.0
2025-015,2025,BOB,DITWAH,2025-11-30 00:00:00,11.1,80.6,40.0,1000.0,8.0,CS,25,2025-12-01 00:00:00,30.0,-10.0,0.0,0.0,2025-11-29 18:00:00,40.0,0.0,2025-11-29 12:00:00,40.0,0.0,2025-11-29 00:00:00,35.0,5.0
2025-015,2025,BOB,DITWAH,2025-11-30 03:00:00,11.4,80.6,40.0,1000.0,8.0,CS,26,2025-12-01 03:00:00,30.0,-10.0,0.0,0.0,2025-11-29 21:00:00,40.0,0.0,2025-11-29 15:00:00,40.0,0.0,2025-11-29 03:00:00,40.0,0.0
2025-015,2025,BOB,DITWAH,2025-11-30 06:00:00,11.5,80.6,35.0,1001.0,7.0,CS,27,2025-12-01 06:00:00,30.0,-5.0,0.0,-5.0,2025-11-30 00:00:00,40.0,-5.0,2025-11-29 18:00:00,40.0,-5.0,2025-11-29 06:00:00,40.0,-5.0
2025-015,2025,BOB,DITWAH,2025-11-30 09:00:00,11.7,80.6,35.0,1002.0,6.0,CS,28,2025-12-01 09:00:00,,,,0.0,2025-11-30 03:00:00,40.0,-5.0,2025-11-29 21:00:00,40.0,-5.0,2025-11-29 09:00:00,40.0,-5.0
2025-015,2025,BOB,DITWAH,2025-11-30 12:00:00,11.8,80.6,30.0,1003.0,5.0,DD,29,2025-12-01 12:00:00,30.0,0.0,0.0,-5.0,2025-11-30 06:00:00,35.0,-5.0,2025-11-30 00:00:00,40.0,-10.0,2025-11-29 12:00:00,40.0,-10.0
2025-015,2025,BOB,DITWAH,2025-11-30 18:00:00,12.3,80.6,30.0,1003.0,5.0,DD,30,2025-12-01 18:00:00,30.0,0.0,0.0,0.0,2025-11-30 12:00:00,30.0,0.0,2025-11-30 06:00:00,35.0,-5.0,2025-11-29 18:00:00,40.0,-10.0
2025-015,2025,BOB,DITWAH,2025-12-01 00:00:00,12.8,80.6,30.0,1003.0,5.0,DD,31,2025-12-02 00:00:00,25.0,-5.0,0.0,0.0,2025-11-30 18:00:00,30.0,0.0,2025-11-30 12:00:00,30.0,0.0,2025-11-30 00:00:00,40.0,-10.0
2025-015,2025,BOB,DITWAH,2025-12-01 03:00:00,12.8,80.6,30.0,1003.0,5.0,DD,32,2025-12-02 03:00:00,25.0,-5.0,0.0,0.0,2025-11-30 21:00:00,,,2025-11-30 15:00:00,,,2025-11-30 03:00:00,40.0,-10.0
2025-015,2025,BOB,DITWAH,2025-12-01 06:00:00,13.0,80.6,30.0,1003.0,5.0,DD,33,2025-12-02 06:00:00,25.0,-5.0,0.0,0.0,2025-12-01 00:00:00,30.0,0.0,2025-11-30 18:00:00,30.0,0.0,2025-11-30 06:00:00,35.0,-5.0
2025-015,2025,BOB,DITWAH,2025-12-01 12:00:00,13.0,80.6,30.0,1003.0,5.0,DD,34,2025-12-02 12:00:00,25.0,-5.0,0.0,0.0,2025-12-01 06:00:00,30.0,0.0,2025-12-01 00:00:00,30.0,0.0,2025-11-30 12:00:00,30.0,0.0
2025-015,2025,BOB,DITWAH,2025-12-01 18:00:00,13.0,80.6,30.0,1003.0,5.0,DD,35,2025-12-02 18:00:00,20.0,-10.0,0.0,0.0,2025-12-01 12:00:00,30.0,0.0,2025-12-01 06:00:00,30.0,0.0,2025-11-30 18:00:00,30.0,0.0
2025-015,2025,BOB,DITWAH,2025-12-02 00:00:00,12.9,80.5,25.0,1004.0,4.0,D,36,2025-12-03 00:00:00,,,,-5.0,2025-12-01 18:00:00,30.0,-5.0,2025-12-01 12:00:00,30.0,-5.0,2025-12-01 00:00:00,30.0,-5.0
2025-015,2025,BOB,DITWAH,2025-12-02 03:00:00,12.8,80.5,25.0,1004.0,4.0,D,37,2025-12-03 03:00:00,,,,0.0,2025-12-01 21:00:00,,,2025-12-01 15:00:00,,,2025-12-01 03:00:00,30.0,-5.0
2025-015,2025,BOB,DITWAH,2025-12-02 06:00:00,12.5,80.4,25.0,1004.0,4.0,D,38,2025-12-03 06:00:00,,,,0.0,2025-12-02 00:00:00,25.0,0.0,2025-12-01 18:00:00,30.0,-5.0,2025-12-01 06:00:00,30.0,-5.0
2025-015,2025,BOB,DITWAH,2025-12-02 12:00:00,12.3,80.3,25.0,1004.0,4.0,D,39,2025-12-03 12:00:00,,,,0.0,2025-12-02 06:00:00,25.0,0.0,2025-12-02 00:00:00,25.0,0.0,2025-12-01 12:00:00,30.0,-5.0
2025-015,2025,BOB,DITWAH,2025-12-02 18:00:00,12.1,80.2,20.0,1005.0,3.0,D,40,2025-12-03 18:00:00,,,,-5.0,2025-12-02 12:00:00,25.0,-5.0,2025-12-02 06:00:00,25.0,-5.0,2025-12-01 18:00:00,30.0,-10.0
