storm_id,datetime_utc,latitude,longitude,RI_24h,era5_datetime,era5_delta_minutes,d_850,d_700,d_500,d_200,r_850,r_700,r_500,r_200,t_850,t_700,t_500,t_200,u_850,u_700,u_500,u_200,v_850,v_700,v_500,v_200,shear_850_200
1982-001,1982-05-01 03:00:00,14.0,82.5,0.0,1982-05-01 03:00:00,0.0,-4.079192876815796e-07,3.267708234488964e-05,-2.3545930162072182e-05,-4.298216663300991e-05,80.23178100585938,65.47821044921875,84.29828643798828,95.72061157226562,292.08056640625,282.64013671875,268.0029296875,221.17965698242188,-0.333221435546875,-0.4869842529296875,3.0794525146484375,-4.2765655517578125,2.7560577392578125,0.7940216064453125,-3.0366973876953125,8.92413330078125,7.3208687292914965
1982-001,1982-05-01 06:00:00,14.5,82.5,0.0,1982-05-01 06:00:00,0.0,-1.2726522982120514e-05,-4.414236173033714e-05,-4.970794543623924e-05,0.00013165478594601154,93.11914825439453,72.02861785888672,99.79866027832031,101.8681411743164,291.05322265625,281.836181640625,267.923828125,222.09841918945312,-1.7347259521484375,-2.45147705078125,2.816192626953125,-3.11700439453125,2.6067047119140625,-0.5574188232421875,-4.79071044921875,7.907318115234375,5.477882450704396
1982-001,1982-05-01 12:00:00,15.0,82.0,0.0,1982-05-01 12:00:00,0.0,4.061800427734852e-05,-2.742139622569084e-05,-2.6960624381899834e-05,-5.394080653786659e-05,59.16245651245117,68.24456024169922,61.85527038574219,96.69718933105469,291.9345703125,281.96728515625,268.983154296875,221.39706420898438,-4.161773681640625,-6.0980072021484375,7.409637451171875,-0.4888458251953125,-1.9887542724609375,-9.247528076171875,-12.7369384765625,8.18402099609375,10.815533075312093
1982-001,1982-05-01 18:00:00,15.5,82.5,0.0,1982-05-01 18:00:00,0.0,-3.664079122245312e-05,1.5249243006110191e-05,-1.0901130735874176e-05,3.4370459616184235e-05,87.16783142089844,77.47611999511719,95.30085754394531,100.19093322753906,290.325927734375,281.999267578125,269.200927734375,220.1305389404297,-1.1069793701171875,-3.7791748046875,-2.2429046630859375,2.3260345458984375,-3.6121826171875,-3.239044189453125,-7.1400909423828125,5.99468994140625,10.201842230921754
1982-001,1982-05-02 00:00:00,16.0,83.0,0.0,1982-05-02 00:00:00,0.0,-6.458722054958344e-07,-1.3408716768026352e-06,8.838251233100891e-06,-2.2742198780179024e-05,95.53154754638672,72.4581069946289,94.42683410644531,98.59774017333984,290.303466796875,283.066162109375,268.662841796875,220.5193634033203,-2.1562957763671875,-3.8577423095703125,-1.9841461181640625,-4.0646209716796875,-6.7904052734375,-6.913818359375,-9.1451416015625,8.522323608398438,15.43118177132513
1982-001,1982-05-02 03:00:00,16.5,83.5,0.0,1982-05-02 03:00:00,0.0,-4.584435373544693e-07,-1.3947486877441406e-05,3.42449638992548e-05,-1.355423592031002e-05,98.01263427734375,72.35313415527344,101.57540893554688,100.04773712158203,290.793212890625,282.04833984375,268.550048828125,220.9181365966797,-8.296600341796875,-5.810577392578125,-3.0429840087890625,0.042999267578125,-4.8137969970703125,-6.5412139892578125,-6.218475341796875,9.489501953125,16.556970813024524
1982-001,1982-05-02 06:00:00,16.5,84.0,1.0,1982-05-02 06:00:00,0.0,-5.737505853176117e-05,3.98287083953619e-05,3.47865279763937e-05,1.6373349353671074e-05,91.76284790039062,88.68711853027344,98.84358215332031,100.40544891357422,290.778564453125,281.84375,269.489013671875,221.75270080566406,-8.812179565429688,-8.974899291992188,-2.241546630859375,3.5504608154296875,-2.8579559326171875,-1.2008819580078125,3.678619384765625,10.740570068359375,18.37810617516643
1982-001,1982-05-02 12:00:00,16.5,84.5,1.0,1982-05-02 12:00:00,0.0,1.7714686691761017e-05,-9.857816621661186e-06,-2.0893290638923645e-05,4.107644781470299e-05,91.42972564697266,80.01236724853516,96.71243286132812,99.9157485961914,290.872314453125,282.796142578125,269.905029296875,221.78160095214844,-4.189239501953125,-1.4886322021484375,-2.503631591796875,2.788330078125,-2.6368865966796875,-4.8173828125,-2.2199554443359375,4.6754150390625,10.107236638018795
1982-001,1982-05-02 18:00:00,17.0,85.0,1.0,1982-05-02 18:00:00,0.0,2.7041882276535034e-05,-9.24128107726574e-06,1.5674158930778503e-05,5.822419188916683e-05,90.87566375732422,75.70916748046875,92.61236572265625,100.14015197753906,291.14599609375,283.211669921875,270.679443359375,220.3463134765625,-2.332855224609375,-2.70025634765625,1.8385009765625,-0.4304656982421875,-1.1156768798828125,-3.9369354248046875,-8.864349365234375,0.6191864013671875,2.5746526978722954
1982-001,1982-05-03 00:00:00,17.0,86.0,1.0,1982-05-03 00:00:00,0.0,-2.9993709176778793e-05,-1.3672281056642532e-05,6.0369959101080894e-05,5.910987965762615e-05,94.64198303222656,80.75293731689453,78.0448989868164,81.83343505859375,290.66796875,282.468017578125,269.58349609375,221.4330291748047,5.805084228515625,5.75640869140625,10.99169921875,-2.435546875,0.3318939208984375,-2.723602294921875,-10.945709228515625,1.1831512451171875,8.284481879771674
1982-001,1982-05-03 03:00:00,17.0,86.5,1.0,1982-05-03 03:00:00,0.0,7.835682481527328e-06,-2.7871225029230118e-05,4.469137638807297e-05,-4.6065542846918106e-05,90.15679931640625,83.09747314453125,98.8143539428711,100.97119903564453,291.141845703125,282.1611328125,269.637451171875,222.3491668701172,9.983505249023438,7.6812591552734375,7.293121337890625,-0.610687255859375,-0.6753997802734375,1.1685791015625,-0.0796356201171875,7.898895263671875,13.629213122229041
1982-001,1982-05-03 06:00:00,17.5,87.5,1.0,1982-05-03 06:00:00,0.0,-4.72476240247488e-05,-6.972160190343857e-05,0.00010586180724203587,-0.0001329602673649788,91.27848815917969,76.47249603271484,98.72761535644531,99.6243667602539,291.2958984375,282.144775390625,269.52197265625,223.0235595703125,-3.13970947265625,-2.54205322265625,0.5718841552734375,1.3055877685546875,11.423202514648438,14.620346069335938,13.049331665039062,4.4652862548828125,8.256710376453109
1982-001,1982-05-03 12:00:00,17.5,88.5,0.0,1982-05-03 12:00:00,0.0,-3.9383070543408394e-05,9.418698027729988e-06,5.790474824607372e-05,3.216089680790901e-06,96.45448303222656,82.45269012451172,99.84850311279297,97.815185546875,291.00830078125,282.673095703125,270.22802734375,223.09837341308594,1.99951171875,2.847564697265625,3.160919189453125,7.0344696044921875,9.931137084960938,7.9692840576171875,7.2559661865234375,4.1710357666015625,7.650461953958261
1982-001,1982-05-03 18:00:00,17.5,90.0,0.0,1982-05-03 18:00:00,0.0,-6.157741881906986e-05,-2.774433232843876e-05,7.441523484885693e-05,-2.7746427804231644e-05,95.43910217285156,90.14839172363281,99.57740020751953,102.5755844116211,291.414306640625,282.603515625,270.931640625,222.75807189941406,12.140350341796875,8.96368408203125,10.5277099609375,5.287109375,13.394821166992188,13.73876953125,12.320877075195312,3.4228057861328125,12.099917458606026
1982-001,1982-05-04 03:00:00,17.5,91.5,0.0,1982-05-04 03:00:00,0.0,4.428671672940254e-05,1.5110941603779793e-05,-5.483720451593399e-05,-1.633819192647934e-05,81.88601684570312,75.18169403076172,70.99200439453125,76.43721771240234,292.510009765625,283.31640625,271.420654296875,223.18641662597656,10.884246826171875,14.472625732421875,15.89166259765625,2.468017578125,-13.574600219726562,-15.550399780273438,-17.10076904296875,-1.83770751953125,14.442560888276624
1982-002,1982-05-31 12:00:00,14.5,91.5,0.0,1982-05-31 12:00:00,0.0,-3.6807963624596596e-05,2.968357875943184e-06,3.7268735468387604e-05,6.383843719959259e-05,86.45198822021484,94.86186218261719,81.879638671875,102.3247299194336,292.3349609375,284.203369140625,271.5947265625,223.99412536621094,10.9942626953125,1.9657135009765625,3.2247161865234375,-4.08392333984375,-5.656829833984375,-2.4730072021484375,6.08746337890625,1.9816436767578125,16.90260251218998
1982-002,1982-05-31 18:00:00,19.0,91.3,0.0,1982-05-31 18:00:00,0.0,1.7020152881741524e-05,-9.588198736310005e-06,1.5594996511936188e-05,-7.453793659806252e-05,77.64796447753906,66.47332763671875,86.64945220947266,97.51862335205078,293.969970703125,285.315185546875,270.234130859375,223.51239013671875,-5.8023834228515625,-6.208892822265625,-9.05145263671875,-5.0115814208984375,-0.0270538330078125,-4.0955810546875,-0.626556396484375,4.622894287109375,4.716713403003667
1982-002,1982-06-01 00:00:00,15.5,91.0,0.0,1982-06-01 00:00:00,0.0,-4.4126296415925026e-05,1.1137686669826508e-05,-4.87274955958128e-05,7.19199888408184e-05,85.70010375976562,90.501220703125,95.00923919677734,105.65274810791016,292.6162109375,284.68701171875,270.24169921875,224.73194885253906,12.3402099609375,2.468017578125,-3.175994873046875,-15.66119384765625,-5.9506072998046875,-5.7679595947265625,5.00531005859375,1.9528045654296875,29.095404007565456
1982-002,1982-06-01 03:00:00,16.0,91.0,0.0,1982-06-01 03:00:00,0.0,4.90434467792511e-06,-5.214568227529526e-05,1.205061562359333e-05,8.200062438845634e-06,79.4901351928711,99.5269775390625,94.83797454833984,100.73374938964844,291.44384765625,284.37158203125,270.577880859375,224.35076904296875,10.52276611328125,2.5644989013671875,-2.426910400390625,-15.824295043945312,-12.604354858398438,-7.306915283203125,5.50970458984375,7.4161224365234375,33.09058994244616
1982-002,1982-06-01 06:00:00,16.5,91.0,0.0,1982-06-01 06:00:00,0.0,-9.967689402401447e-05,4.999293014407158e-05,5.915178917348385e-05,-2.5893328711390495e-05,91.34146118164062,90.38642120361328,92.0927505493164,100.2862777709961,291.741455078125,285.085205078125,270.794189453125,224.0056915283203,10.604705810546875,-1.25726318359375,-1.5504302978515625,-9.036453247070312,-11.65655517578125,-7.164886474609375,5.129669189453125,10.264419555664062,29.433047112103115
1982-002,1982-06-01 12:00:00,16.5,90.5,0.0,1982-06-01 12:00:00,0.0,1.2273667380213737e-05,-0.00013830489479005337,0.00013548554852604866,4.2571453377604485e-05,75.05329132080078,91.14486694335938,101.1375503540039,105.02554321289062,291.91748046875,285.405517578125,270.773193359375,225.29673767089844,16.157760620117188,-1.7458953857421875,-1.4788818359375,-8.02288818359375,-14.775848388671875,-17.586410522460938,1.372100830078125,4.486846923828125,30.915290832703107
1982-002,1982-06-01 18:00:00,17.0,90.0,0.0,1982-06-01 18:00:00,0.0,-7.056351751089096e-05,-5.008885636925697e-05,5.665258504450321e-05,3.3315736800432205e-05,69.05091857910156,100.43184661865234,99.73509979248047,101.64440155029297,293.020751953125,283.859619140625,271.10546875,224.9393768310547,8.764190673828125,0.0355224609375,2.59375,-6.099853515625,-12.559555053710938,-12.705947875976562,-5.8470001220703125,3.029815673828125,21.53992315089975
1982-002,1982-06-02 00:00:00,19.0,88.5,0.0,1982-06-02 00:00:00,0.0,3.7722988054156303e-05,4.5462045818567276e-05,-1.5581026673316956e-05,2.037500962615013e-06,46.99848175048828,40.249637603759766,101.22803497314453,100.11273193359375,295.606689453125,284.87451171875,269.609375,223.93492126464844,-3.6336822509765625,-0.9306182861328125,-2.03009033203125,-10.965774536132812,-4.849029541015625,-16.933029174804688,-1.5067138671875,2.2635955810546875,10.215136484900901
1982-002,1982-06-02 03:00:00,17.5,89.5,0.0,1982-06-02 03:00:00,0.0,6.15075696259737e-05,-6.819865666329861e-05,4.978850483894348e-06,2.1845102310180664e-05,48.697486877441406,81.43226623535156,94.39173126220703,93.09213256835938,294.066162109375,283.656005859375,270.545654296875,224.12472534179688,10.292648315429688,5.03790283203125,-2.3647613525390625,-4.499267578125,-10.997787475585938,-10.812698364257812,0.7729034423828125,1.2717132568359375,19.21825756994886
1982-002,1982-06-02 06:00:00,17.5,89.5,1.0,1982-06-02 06:00:00,0.0,1.7192214727401733e-05,-5.141831934452057e-06,-9.854789823293686e-06,-1.4905817806720734e-05,50.55997848510742,89.6589126586914,86.85795593261719,98.03944396972656,294.29638671875,283.435546875,271.443359375,224.92327880859375,11.989334106445312,8.4234619140625,1.1444854736328125,-8.0421142578125,-7.9574432373046875,-11.824005126953125,6.104339599609375,5.701019287109375,24.24484526864938
1982-002,1982-06-02 12:00:00,18.0,89.0,1.0,1982-06-02 12:00:00,0.0,-5.7935016229748726e-05,-3.70820052921772e-05,-1.2852251529693604e-06,-8.171657100319862e-06,86.35903930664062,99.76156616210938,95.04070281982422,99.88063049316406,292.777587890625,285.489013671875,271.406005859375,225.3457794189453,11.071502685546875,0.8455810546875,4.1363525390625,-11.2974853515625,-4.063690185546875,-10.10430908203125,3.494415283203125,8.922195434570312,25.865128090599296
1982-002,1982-06-02 18:00:00,18.5,88.5,1.0,1982-06-02 18:00:00,0.0,-4.04873862862587e-05,-1.947302371263504e-05,-4.555028863251209e-05,-5.7454220950603485e-05,91.13960266113281,81.70269775390625,95.47188568115234,112.9094009399414,293.75341796875,285.380615234375,272.291015625,224.4489288330078,14.134552001953125,11.734832763671875,7.3285675048828125,-16.426498413085938,-9.5648193359375,-17.333694458007812,-2.3037109375,6.240234375,34.406068146130536
1982-002,1982-06-03 00:00:00,19.0,88.5,0.0,1982-06-03 00:00:00,0.0,-1.0149553418159485e-05,1.8719583749771118e-06,2.0224135369062424e-05,5.9513840824365616e-05,95.71061706542969,87.47076416015625,81.18666076660156,90.29176330566406,293.466552734375,286.644775390625,272.90234375,225.82586669921875,7.0508880615234375,3.5400543212890625,4.4783172607421875,-6.5670928955078125,-5.471649169921875,-4.1531524658203125,8.646942138671875,-1.6092529296875,14.155123103055034
1982-002,1982-06-03 03:00:00,19.0,88.0,0.0,1982-06-03 03:00:00,0.0,-3.620469942688942e-05,6.049289368093014e-05,-2.6380876079201698e-05,2.5676796212792397e-05,90.55108642578125,93.48770904541016,96.9350357055664,100.22480010986328,292.94970703125,285.779052734375,273.0205078125,225.66461181640625,13.424957275390625,9.502731323242188,2.630615234375,-4.8530426025390625,-13.218673706054688,-8.991409301757812,-2.71551513671875,0.5293121337890625,22.871213220774756
1982-002,1982-06-03 06:00:00,19.5,87.5,0.0,1982-06-03 06:00:00,0.0,2.6415567845106125e-05,7.964670658111572e-06,-1.3419194146990776e-05,-1.8472783267498016e-06,81.04651641845703,83.54751586914062,84.75646209716797,93.86498260498047,293.285888671875,285.75341796875,273.64453125,225.8665313720703,15.663360595703125,12.972549438476562,-1.9985198974609375,-2.3679656982421875,-19.273956298828125,-17.0469970703125,3.1863861083984375,0.6425323486328125,26.866247374040984
1982-002,1982-06-03 12:00:00,20.0,87.0,0.0,1982-06-03 12:00:00,0.0,1.993030309677124e-06,7.252884097397327e-05,1.8549617379903793e-05,-4.001660272479057e-06,100.82789611816406,99.27223205566406,83.51263427734375,63.07846450805664,294.008544921875,287.76953125,274.413330078125,225.74139404296875,6.0533294677734375,7.368743896484375,2.8551025390625,-15.10247802734375,-10.734664916992188,-3.9435882568359375,-0.4500579833984375,3.0473785400390625,25.249018052628394
1982-002,1982-06-03 18:00:00,21.0,86.5,0.0,1982-06-03 18:00:00,0.0,8.088699541985989e-05,3.617815673351288e-05,-0.00010579079389572144,-4.317006096243858e-05,100.07560729980469,98.771484375,91.51332092285156,18.250028610229492,294.043701171875,287.4033203125,273.25244140625,226.87693786621094,-13.417327880859375,-12.101211547851562,-10.23809814453125,-11.116653442382812,-11.397308349609375,-7.530181884765625,0.1307830810546875,7.8606719970703125,19.394919693181524
1982-002,1982-06-04 00:00:00,21.5,86.0,0.0,1982-06-04 00:00:00,0.0,-0.0002465199213474989,-7.358891889452934e-05,5.777087062597275e-05,0.00010798475705087185,100.6762924194336,101.17974853515625,102.44053649902344,100.53893280029297,293.161865234375,287.162353515625,272.202880859375,228.021240234375,-4.9799346923828125,-2.462493896484375,-3.54388427734375,-3.740936279296875,-18.354324340820312,-4.2054290771484375,-2.444580078125,14.7164306640625,33.09395645220757
1982-002,1982-06-04 03:00:00,22.0,85.5,0.0,1982-06-04 03:00:00,0.0,-0.00024809339083731174,0.00012591085396707058,-3.871973603963852e-07,4.2221974581480026e-05,99.6604995727539,100.5457763671875,94.63319396972656,94.21715545654297,292.49755859375,286.590087890625,273.4755859375,226.8105926513672,-2.85760498046875,-3.442626953125,-2.88690185546875,-0.5275726318359375,-13.140029907226562,-9.322509765625,-2.764556884765625,3.5153045654296875,16.817527081640957
1982-003,1982-07-18 03:00:00,18.0,88.0,0.0,1982-07-18 03:00:00,0.0,-1.2459233403205872e-05,3.898772411048412e-05,3.794976510107517e-05,-1.4770310372114182e-05,88.99337768554688,82.09970092773438,39.14189910888672,80.3884048461914,293.42236328125,286.2373046875,273.321533203125,224.36965942382812,-0.434783935546875,0.223663330078125,-13.125473022460938,-17.538162231445312,2.1117401123046875,4.961639404296875,6.0482940673828125,1.4337005615234375,17.116812985045826
1982-003,1982-07-18 12:00:00,18.3,87.0,0.0,1982-07-18 12:00:00,0.0,1.6794074326753616e-05,1.1781463399529457e-05,-2.6261666789650917e-05,9.043770842254162e-05,79.93865966796875,60.030914306640625,36.27397918701172,94.59696960449219,294.496826171875,287.78564453125,273.283447265625,225.47108459472656,-0.3989715576171875,-3.836639404296875,-14.920730590820312,-21.663711547851562,5.41064453125,7.894439697265625,3.845916748046875,-0.0469818115234375,21.953925666030838
1982-003,1982-07-19 00:00:00,18.5,86.0,0.0,1982-07-19 00:00:00,0.0,3.903871402144432e-06,-2.1448591724038124e-05,-6.943708285689354e-06,-2.8225127607584e-05,96.62332916259766,69.6324234008789,73.89999389648438,80.27640533447266,293.342041015625,286.154541015625,272.314453125,224.02932739257812,3.331512451171875,1.0036163330078125,-4.142578125,-26.950424194335938,-3.2883453369140625,0.00677490234375,3.1172943115234375,1.220367431640625,30.615750486177486
1982-005,1982-08-18 03:00:00,21.0,88.0,0.0,1982-08-18 03:00:00,0.0,-3.598397597670555e-06,1.0620569810271263e-05,-1.4438526704907417e-05,5.426118150353432e-06,92.54544830322266,87.3648681640625,81.44148254394531,103.47837829589844,292.749755859375,285.23193359375,271.7974853515625,224.4110565185547,-5.756378173828125,-8.2169189453125,-7.3593292236328125,-17.528884887695312,-3.9024658203125,-3.4292755126953125,-1.4456787109375,4.60430908203125,14.52436344791721
1982-005,1982-08-18 12:00:00,21.5,87.5,0.0,1982-08-18 12:00:00,0.0,-9.487848728895187e-07,-2.416432835161686e-05,1.8903054296970367e-05,9.162584319710732e-06,97.87777709960938,78.31697082519531,80.25959014892578,42.353973388671875,292.691162109375,285.75390625,271.584228515625,225.331298828125,-0.837738037109375,-4.1141204833984375,-9.964797973632812,-18.62127685546875,-1.953399658203125,0.1873779296875,-1.0689544677734375,-3.5727386474609375,17.857113755202022
1982-006,1982-08-27 03:00:00,19.0,88.5,0.0,1982-08-27 03:00:00,0.0,1.392187550663948e-05,1.6828300431370735e-05,-2.198922447860241e-05,-8.802348747849464e-05,92.73567962646484,75.36454772949219,75.08939361572266,41.125770568847656,292.759521484375,285.542724609375,270.4619140625,223.978759765625,1.8360137939453125,0.5807647705078125,-6.689208984375,-5.489410400390625,9.594696044921875,6.23028564453125,4.7029876708984375,1.043670654296875,11.25974577235542
1982-006,1982-08-27 12:00:00,20.0,88.0,0.0,1982-08-27 12:00:00,0.0,9.954674169421196e-06,-1.2147938832640648e-05,-1.416914165019989e-05,-8.887611329555511e-06,87.2076187133789,64.49921417236328,73.49983215332031,67.93791198730469,293.473388671875,286.445068359375,271.42724609375,223.9712677001953,-4.4768829345703125,-7.732635498046875,-8.677703857421875,-10.022232055664062,5.2854461669921875,4.6479949951171875,2.8847808837890625,-0.7733306884765625,8.213383825146552
1982-006,1982-08-28 03:00:00,21.0,88.0,0.0,1982-08-28 03:00:00,0.0,-4.1853636503219604e-06,2.541346475481987e-05,8.576316758990288e-06,-5.160621367394924e-05,92.4236068725586,73.70162963867188,78.45838928222656,110.39256286621094,292.949951171875,285.82666015625,271.74169921875,223.98452758789062,-10.185638427734375,-10.513717651367188,-9.685165405273438,-7.8308868408203125,5.34576416015625,6.8284759521484375,7.353179931640625,2.355712890625,3.805950818192444
1982-006,1982-08-28 12:00:00,21.2,87.7,0.0,1982-08-28 12:00:00,0.0,-1.158122904598713e-05,1.2875301763415337e-05,-5.325069651007652e-06,-3.83306760340929e-05,91.50457763671875,70.35663604736328,64.142822265625,83.79071044921875,293.29052734375,285.96484375,272.73974609375,224.4715576171875,-3.3437652587890625,-2.22894287109375,-4.885528564453125,-3.057647705078125,9.313934326171875,10.1429443359375,8.023712158203125,-0.18792724609375,9.506168344450865
1982-006,1982-08-29 03:00:00,20.5,85.5,0.0,1982-08-29 03:00:00,0.0,-1.927814446389675e-05,-1.2705568224191666e-05,2.0388979464769363e-06,2.8332462534308434e-05,99.46571350097656,91.41732025146484,95.96378326416016,100.08897399902344,291.91796875,284.43017578125,271.025634765625,223.7628173828125,6.533966064453125,6.9285125732421875,-2.205718994140625,0.35211181640625,-5.2055511474609375,-3.700897216796875,4.2633514404296875,-2.528411865234375,6.736645803405115
1982-006,1982-08-29 12:00:00,21.0,85.0,0.0,1982-08-29 12:00:00,0.0,-2.4576205760240555e-05,3.3364631235599518e-06,-9.050383232533932e-05,1.2148404493927956e-05,93.9089126586914,85.6467514038086,79.4630355834961,100.56644439697266,292.99267578125,285.807861328125,271.7080078125,224.70822143554688,13.163330078125,10.138687133789062,-3.323028564453125,-2.96649169921875,-3.1294097900390625,-0.6032562255859375,5.2995147705078125,-6.00958251953125,16.384948749403616
1982-006,1982-08-30 03:00:00,22.0,85.0,0.0,1982-08-30 03:00:00,0.0,-3.9173755794763565e-06,5.69014810025692e-05,-1.034839078783989e-05,-2.4887267500162125e-05,100.00640869140625,99.19776916503906,97.81147766113281,102.35203552246094,291.8037109375,285.346435546875,272.06103515625,224.27523803710938,12.14263916015625,3.9040374755859375,4.2622833251953125,-1.5990753173828125,1.7939605712890625,5.4105072021484375,8.403228759765625,-8.1221923828125,16.94593774895163
1982-006,1982-08-30 12:00:00,23.0,85.0,0.0,1982-08-30 12:00:00,0.0,2.989545464515686e-05,1.321430318057537e-05,-6.557675078511238e-06,-6.17664773017168e-05,100.57316589355469,96.86184692382812,79.76356506347656,58.306114196777344,292.434814453125,285.1376953125,271.856689453125,224.67501831054688,2.967071533203125,2.4588623046875,2.1205902099609375,-4.779449462890625,5.7635345458984375,6.3290252685546875,7.9387664794921875,-4.3679046630859375,12.753613134648049
1982-006,1982-08-31 03:00:00,24.0,84.5,0.0,1982-08-31 03:00:00,0.0,-1.1431984603404999e-06,3.861146979033947e-05,1.063477247953415e-05,0.00010436703450977802,96.8166275024414,81.87602233886719,87.35157012939453,98.09400177001953,292.16552734375,285.934814453125,271.267333984375,223.36129760742188,9.221847534179688,4.3288726806640625,3.4708251953125,1.03643798828125,9.264938354492188,8.631591796875,11.344436645507812,-2.3216705322265625,14.186276288296206
1982-006,1982-08-31 12:00:00,25.0,82.0,0.0,1982-08-31 12:00:00,0.0,1.9004102796316147e-05,-2.328772097826004e-06,3.85739840567112e-05,4.7051114961504936e-05,95.98929595947266,80.3896484375,69.72705078125,98.60783386230469,292.47998046875,285.561279296875,271.4873046875,224.4728240966797,3.0331878662109375,3.3807525634765625,-2.692596435546875,2.1870574951171875,-3.479522705078125,-5.111846923828125,-2.94342041015625,-3.9974365234375,0.9920540953672006
1982-006,1982-09-01 03:00:00,25.0,81.5,0.0,1982-09-01 03:00:00,0.0,-2.302532084286213e-05,-3.32552008330822e-06,3.22593841701746e-05,-9.65944491326809e-06,99.97317504882812,96.94861602783203,96.88957214355469,99.7870101928711,291.718994140625,284.260986328125,271.059326171875,223.97315979003906,-0.3192901611328125,-2.23101806640625,-6.0390625,0.6995391845703125,5.42742919921875,5.7761383056640625,6.9772491455078125,-7.6796722412109375,13.146639167687681
1982-006,1982-09-01 12:00:00,25.0,81.3,0.0,1982-09-01 12:00:00,0.0,1.3425014913082123e-06,-2.3972243070602417e-06,5.305511876940727e-06,1.2886011973023415e-05,100.3245849609375,82.2173080444336,94.73197937011719,51.80919647216797,291.943603515625,285.068603515625,270.99169921875,224.71949768066406,-6.354217529296875,-6.763153076171875,-6.1812896728515625,-9.762252807617188,-1.0599822998046875,0.748443603515625,6.456298828125,-6.7941741943359375,6.670506812947851
1982-007,1982-09-09 03:00:00,18.0,89.0,0.0,1982-09-09 03:00:00,0.0,-9.180512279272079e-07,4.77139838039875e-06,-1.4620134606957436e-05,-1.6142381355166435e-05,89.6752700805664,86.07469940185547,78.39411926269531,78.36058044433594,292.56103515625,284.7802734375,270.7239990234375,224.6206817626953,-3.0872650146484375,-3.72503662109375,-8.997695922851562,-14.6898193359375,1.7630767822265625,2.6803741455078125,2.998321533203125,-9.535903930664062,16.195253376490836
1982-009,1982-10-15 03:00:00,15.5,86.5,0.0,1982-10-15 03:00:00,0.0,-2.5325221940875053e-05,-1.8554041162133217e-05,-2.830405719578266e-05,1.609466562513262e-05,92.68486022949219,78.22428894042969,68.9166488647461,102.81158447265625,290.329345703125,282.785400390625,268.3525390625,220.02598571777344,-8.269073486328125,-8.80792236328125,-5.7259674072265625,-4.0005645751953125,3.19873046875,4.627655029296875,8.090667724609375,2.582611083984375,4.312745230210591
1982-009,1982-10-15 12:00:00,16.0,85.5,0.0,1982-10-15 12:00:00,0.0,-3.691529855132103e-06,-3.175693564116955e-05,-9.172596037387848e-06,0.00013009761460125446,91.57879638671875,76.61166381835938,81.92147064208984,100.52226257324219,290.435302734375,282.90869140625,268.24951171875,220.1981658935547,-8.880691528320312,-8.811126708984375,-3.777008056640625,-7.107269287109375,3.2233123779296875,5.0069732666015625,5.369903564453125,4.3884124755859375,2.1219059081826006
1982-009,1982-10-15 18:00:00,16.3,84.5,0.0,1982-10-15 18:00:00,0.0,-7.424736395478249e-06,-1.511676236987114e-05,-2.1425774320960045e-05,2.4289358407258987e-05,91.25627899169922,79.10409545898438,80.72108459472656,100.09403228759766,290.822021484375,282.7022705078125,268.313720703125,219.71044921875,-10.012954711914062,-8.44140625,-5.4587554931640625,-6.6021881103515625,2.15875244140625,4.244293212890625,5.0086212158203125,7.8989105224609375,6.6770310472418535
1982-010,1982-10-16 12:00:00,9.4,84.0,0.0,1982-10-16 12:00:00,0.0,1.196516677737236e-06,-3.6707380786538124e-05,2.8789043426513672e-05,-8.187955245375633e-06,83.11406707763672,75.04349517822266,95.78824615478516,62.23090362548828,291.06982421875,281.76904296875,267.356201171875,219.85491943359375,3.7107086181640625,2.0771331787109375,-1.6999053955078125,-15.575653076171875,-1.3568572998046875,-3.07855224609375,-0.6364593505859375,-0.83538818359375,19.29341020773441
1982-010,1982-10-17 12:00:00,11.0,82.5,0.0,1982-10-17 12:00:00,0.0,-1.0118121281266212e-05,1.2885546311736107e-05,1.5577999874949455e-05,-2.580811269581318e-05,93.3497085571289,74.3829345703125,51.424442291259766,102.1853256225586,290.882080078125,283.2939453125,268.82763671875,220.728759765625,1.6957855224609375,0.523590087890625,-5.7202911376953125,-2.587677001953125,-0.7767333984375,0.518157958984375,0.29144287109375,2.6525115966796875,5.487054987385854
1982-010,1982-10-17 18:00:00,12.0,82.0,0.0,1982-10-17 18:00:00,0.0,5.511101335287094e-07,-1.3259705156087875e-05,-2.4511246010661125e-05,1.8183374777436256e-05,95.6064682006836,76.82040405273438,56.10415267944336,99.856689453125,290.547607421875,283.06201171875,268.830322265625,220.61349487304688,-1.1210784912109375,-3.76104736328125,-7.714508056640625,-5.5642242431640625,1.386505126953125,0.616180419921875,1.67938232421875,2.1063079833984375,4.501073241488737
1982-010,1982-10-18 00:00:00,12.5,81.5,0.0,1982-10-18 00:00:00,0.0,-1.9627157598733902e-05,1.0174699127674103e-07,1.5138648450374603e-06,3.951811231672764e-05,93.72779083251953,77.35426330566406,77.78205871582031,97.13536834716797,291.081787109375,283.67333984375,268.302001953125,220.21865844726562,0.298187255859375,-3.0162811279296875,-8.966217041015625,-5.021881103515625,-1.536346435546875,-0.287322998046875,0.4955902099609375,2.0321044921875,6.406010409925301
1982-010,1982-10-18 03:00:00,12.7,81.5,0.0,1982-10-18 03:00:00,0.0,-1.2476230040192604e-05,-1.0024290531873703e-05,-4.458124749362469e-05,2.451217733323574e-05,94.95799255371094,85.95201110839844,85.1213150024414,108.8175277709961,290.90966796875,282.8453369140625,268.105224609375,220.7052001953125,-1.4206390380859375,-3.457061767578125,-10.21734619140625,-5.38226318359375,-2.1096954345703125,-0.7777557373046875,-0.7676239013671875,-0.10784912109375,4.438677115205634
1982-010,1982-10-18 12:00:00,14.0,80.5,0.0,1982-10-18 12:00:00,0.0,3.2372307032346725e-05,3.71693167835474e-05,-0.0001573928166180849,-3.119360189884901e-05,86.97901916503906,62.293373107910156,93.8768081665039,89.94942474365234,291.686767578125,283.87353515625,267.756591796875,220.81381225585938,-5.7147979736328125,-6.8966827392578125,-11.559417724609375,0.5422515869140625,-4.73162841796875,-6.1535797119140625,-5.878936767578125,0.99603271484375,8.482733713577883
1982-010,1982-10-19 03:00:00,15.0,79.0,0.0,1982-10-19 03:00:00,0.0,-0.00010618474334478378,6.558327004313469e-05,-9.366543963551521e-06,9.784474968910217e-06,100.98684692382812,101.90304565429688,96.66181945800781,94.02192687988281,290.586181640625,283.0433349609375,269.24267578125,220.2497100830078,-2.8065185546875,-1.6846160888671875,3.528411865234375,-9.789154052734375,-10.623992919921875,-4.6377105712890625,2.2118988037109375,8.511489868164062,20.369680901568326
1982-010,1982-10-19 12:00:00,16.0,78.5,0.0,1982-10-19 12:00:00,0.0,-0.00012657884508371353,-2.5935238227248192e-05,4.704599268734455e-05,3.408384509384632e-05,99.86859893798828,98.91197204589844,101.40019989013672,101.89576721191406,290.6044921875,282.822021484375,268.4296875,220.8710479736328,-6.211456298828125,-3.62744140625,-3.2692108154296875,1.3569793701171875,-3.5911102294921875,-2.6587982177734375,1.02008056640625,0.7281494140625,8.714196597702157
1982-010,1982-10-20 03:00:00,17.0,78.5,0.0,1982-10-20 03:00:00,0.0,2.9170187190175056e-05,9.550247341394424e-06,-4.465458914637566e-06,2.7019850676879287e-05,99.81101989746094,97.59564971923828,85.57755279541016,99.4809799194336,289.673095703125,282.3057861328125,268.505859375,219.9821014404297,-7.5259246826171875,-5.9000701904296875,-3.6025238037109375,-3.1558380126953125,6.6266021728515625,6.5933685302734375,10.809677124023438,-1.0994415283203125,8.876339829853658
1982-010,1982-10-20 12:00:00,18.0,78.3,0.0,1982-10-20 12:00:00,0.0,1.3298820704221725e-05,7.520196959376335e-06,-3.9781443774700165e-05,4.953006282448769e-06,96.62692260742188,86.62129974365234,86.92058563232422,106.88592529296875,290.31396484375,282.827880859375,269.128173828125,221.07656860351562,-4.50811767578125,-2.2881011962890625,0.6822662353515625,-1.559417724609375,2.6991119384765625,1.538818359375,-1.91766357421875,-1.18017578125,4.872751236669314
1982-011,1982-11-28 03:00:00,7.0,88.0,0.0,1982-11-28 03:00:00,0.0,-1.8141232430934906e-05,1.8463702872395515e-05,2.3765722289681435e-05,-3.310851752758026e-07,91.16304016113281,78.92620849609375,66.58355712890625,101.71321868896484,290.597412109375,282.739501953125,268.4010009765625,220.36703491210938,0.678680419921875,-3.391448974609375,-8.621337890625,-1.3667755126953125,3.8599395751953125,3.6806488037109375,-0.0263214111328125,4.994964599609375,2.33926735930825
1982-012,1982-12-02 12:00:00,7.5,84.0,0.0,1982-12-02 12:00:00,0.0,-8.806819096207619e-06,-5.738111212849617e-06,2.2873282432556152e-06,9.293900802731514e-05,94.82785034179688,80.89175415039062,82.91118621826172,99.94642639160156,289.938720703125,282.320556640625,267.76824951171875,219.07415771484375,-5.2769012451171875,-6.5906829833984375,-11.202682495117188,-8.80419921875,-5.3102874755859375,0.9528045654296875,3.638885498046875,-3.5352630615234375,3.9487393767267127
1983-002,1983-06-24 03:00:00,18.0,87.0,0.0,1983-06-24 03:00:00,0.0,8.84875189512968e-05,-5.298689939081669e-05,-4.2514875531196594e-06,2.2228341549634933e-05,63.76023864746094,60.018775939941406,62.48955154418945,88.25952911376953,297.152099609375,287.626708984375,270.9759521484375,223.93959045410156,1.7049713134765625,1.3340301513671875,-7.3775787353515625,-13.812942504882812,14.111801147460938,16.5704345703125,8.69818115234375,0.3788909912109375,20.721932116326972
1983-002,1983-06-24 12:00:00,18.0,86.5,0.0,1983-06-24 12:00:00,0.0,-9.22568142414093e-06,4.5859720557928085e-05,-2.706935629248619e-05,1.0493211448192596e-05,92.41494750976562,72.02818298339844,56.83024215698242,87.29024505615234,293.83349609375,287.42822265625,272.22607421875,225.156005859375,4.819549560546875,0.550018310546875,-6.281524658203125,-14.424957275390625,4.179107666015625,5.792327880859375,7.91339111328125,4.2285308837890625,19.24457029951306
1983-002,1983-06-24 18:00:00,18.5,86.0,0.0,1983-06-24 18:00:00,0.0,1.3221986591815948e-05,-5.55114820599556e-05,7.434911094605923e-05,-1.8508872017264366e-05,83.7394790649414,95.50980377197266,46.50161361694336,72.4287338256836,294.4267578125,285.454345703125,273.513916015625,225.05845642089844,1.990753173828125,-3.03924560546875,-6.2009124755859375,-15.346633911132812,12.8931884765625,7.4380340576171875,0.1618194580078125,-1.266937255859375,22.3851323804834
1983-002,1983-06-25 03:00:00,19.0,85.5,0.0,1983-06-25 03:00:00,0.0,-1.0401476174592972e-05,-2.5671906769275665e-06,4.405737854540348e-05,-2.1161045879125595e-05,93.96588134765625,70.85771942138672,55.38932800292969,54.14101791381836,294.71044921875,287.752685546875,273.31640625,225.6332244873047,-9.388351440429688,-12.642166137695312,-9.878738403320312,-11.919418334960938,-2.750946044921875,2.0321807861328125,5.92523193359375,3.3098602294921875,6.5680798046741895
1983-002,1983-06-25 12:00:00,19.5,85.0,0.0,1983-06-25 12:00:00,0.0,2.000248059630394e-05,1.6326084733009338e-06,-5.6171324104070663e-05,5.293893627822399e-05,100.86650085449219,94.5612564086914,73.6259536743164,103.02357482910156,294.247802734375,286.878173828125,273.430908203125,226.91000366210938,-3.1154022216796875,-3.680328369140625,-4.78814697265625,-10.722702026367188,-3.4603424072265625,0.3403778076171875,6.6501007080078125,-3.11431884765625,7.615165304980332
1983-002,1983-06-26 03:00:00,20.0,83.5,0.0,1983-06-26 03:00:00,0.0,-0.00013834843412041664,-0.00012630713172256947,8.721183985471725e-05,0.00023477035574615002,99.59184265136719,100.99500274658203,100.88497161865234,98.99578857421875,292.923583984375,286.158203125,272.452880859375,228.495849609375,2.89739990234375,-3.083251953125,-4.0706939697265625,1.7816162109375,0.3624114990234375,-2.630462646484375,3.81878662109375,4.2583770751953125,4.052594356301209
1983-002,1983-06-26 12:00:00,21.0,83.0,0.0,1983-06-26 12:00:00,0.0,-2.024625428020954e-05,-2.9974617063999176e-06,-1.6380567103624344e-05,1.6037141904234886e-05,96.91944122314453,96.18209838867188,88.9577407836914,102.34253692626953,293.448974609375,285.947509765625,272.003173828125,226.80845642089844,2.1237945556640625,2.442474365234375,1.2782440185546875,0.30975341796875,-2.268280029296875,-0.24566650390625,8.079620361328125,-4.53631591796875,2.904261014708307
1983-005,1983-10-14 03:00:00,19.0,91.0,1.0,1983-10-14 03:00:00,0.0,4.633096978068352e-06,-7.474329322576523e-06,-9.536044672131538e-06,-3.89230262953788e-06,81.47138977050781,79.31881713867188,91.09736633300781,99.50735473632812,292.081298828125,283.439453125,268.6611328125,222.56802368164062,1.947357177734375,3.0322113037109375,-1.0848388671875,-4.1266937255859375,-3.93212890625,-2.8958892822265625,-9.719802856445312,1.6801300048828125,8.26991804443768
1983-005,1983-10-14 12:00:00,19.5,90.5,0.0,1983-10-14 12:00:00,0.0,1.16697046905756e-05,-1.041218638420105e-05,-2.019014209508896e-05,0.00013803737238049507,83.58326721191406,60.28562545776367,60.640010833740234,99.81640625,292.244873046875,284.579833984375,269.14404296875,221.51119995117188,5.1706695556640625,5.0079345703125,6.0985565185546875,-0.4563140869140625,-1.0849151611328125,-3.8125457763671875,-8.639633178710938,-0.9470062255859375,5.628673359535571
1983-006,1983-11-06 03:00:00,12.0,88.5,0.0,1983-11-06 03:00:00,0.0,-2.0707957446575165e-06,4.055909812450409e-07,-2.0274892449378967e-06,-7.59027898311615e-08,75.92547607421875,65.35139465332031,75.49288177490234,78.13563537597656,292.135986328125,284.25146484375,268.38787841796875,220.01022338867188,1.6645355224609375,1.840484619140625,-1.654510498046875,-6.74420166015625,0.500457763671875,-1.3491058349609375,0.1658935546875,-1.8397369384765625,8.728308670658505
1983-006,1983-11-06 12:00:00,13.0,87.5,0.0,1983-11-06 12:00:00,0.0,-4.779547452926636e-06,-6.001908332109451e-06,-1.4703953638672829e-05,8.742325007915497e-05,89.5084228515625,79.95826721191406,75.05103302001953,88.881103515625,291.425048828125,283.34423828125,268.339111328125,221.09130859375,6.17413330078125,5.236724853515625,-0.5600128173828125,-7.3116607666015625,-1.3683929443359375,-2.0010528564453125,-2.711761474609375,0.7487640380859375,13.650970489898334
1983-006,1983-11-07 03:00:00,15.5,88.5,0.0,1983-11-07 03:00:00,0.0,-5.390960723161697e-06,-7.567461580038071e-06,4.051206633448601e-05,2.0035309717059135e-05,92.78514862060547,68.65596771240234,87.73114013671875,51.494083404541016,291.1591796875,283.78076171875,269.1981201171875,221.1295623779297,-5.140838623046875,-4.0394287109375,-1.2836761474609375,-3.1901092529296875,0.8080596923828125,-0.5897216796875,-4.529205322265625,5.9230499267578125,5.474346552163958
1983-006,1983-11-07 12:00:00,15.5,88.5,1.0,1983-11-07 12:00:00,0.0,-9.189825505018234e-07,-3.021908923983574e-06,9.291572496294975e-06,2.05084215849638e-05,90.22093963623047,69.94245910644531,84.04341125488281,60.18815994262695,291.571044921875,283.867431640625,269.32421875,221.42567443847656,0.01220703125,-0.257659912109375,0.4100189208984375,-1.965087890625,-0.260589599609375,-2.9539642333984375,-8.13525390625,9.741973876953125,10.196125308701083
1983-006,1983-11-08 03:00:00,17.0,89.0,0.0,1983-11-08 03:00:00,0.0,-9.511364623904228e-06,1.3635959476232529e-05,-2.3923348635435104e-06,-7.342547178268433e-06,94.09590911865234,84.62045288085938,96.44046783447266,11.353437423706055,291.110107421875,283.469970703125,269.737060546875,221.56214904785156,-2.6349639892578125,-4.2294158935546875,3.258941650390625,-2.61456298828125,2.0263519287109375,-4.8956298828125,-0.817657470703125,9.842529296875,7.81620399244038
1984-002,1984-07-31 03:00:00,20.0,88.5,0.0,1984-07-31 03:00:00,0.0,5.791429430246353e-06,2.7071451768279076e-05,6.327405571937561e-06,-3.9593782275915146e-05,90.33750915527344,76.35603332519531,66.48536682128906,85.2349853515625,293.209228515625,284.9423828125,271.9134521484375,223.71072387695312,-7.41015625,-7.7050933837890625,-13.196456909179688,-19.691055297851562,9.821746826171875,8.115829467773438,3.76397705078125,-12.531158447265625,25.50436934305162
1984-002,1984-07-31 12:00:00,20.0,86.5,0.0,1984-07-31 12:00:00,0.0,-9.938143193721771e-06,1.2159813195466995e-05,-3.225170075893402e-06,-4.0512531995773315e-08,95.07572937011719,67.14588928222656,45.70695495605469,76.59080505371094,293.254638671875,285.70361328125,272.705322265625,224.91656494140625,-7.0853118896484375,-6.5782470703125,-9.816604614257812,-14.491531372070312,-2.976470947265625,-0.8682403564453125,-1.459808349609375,-14.704116821289062,13.870463754622781
1984-002,1984-08-01 03:00:00,20.5,85.0,0.0,1984-08-01 03:00:00,0.0,-1.0143499821424484e-05,2.6754802092909813e-05,-1.614447683095932e-06,1.2715579941868782e-05,99.05802154541016,82.23554992675781,78.24870300292969,97.93942260742188,292.664306640625,285.63623046875,271.303955078125,225.7089385986328,-2.501617431640625,-3.7851104736328125,-2.6586761474609375,-9.54876708984375,4.0691375732421875,4.334442138671875,1.0645751953125,0.249298095703125,8.015827589168714
1984-002,1984-08-01 12:00:00,21.0,84.0,0.0,1984-08-01 12:00:00,0.0,1.587020233273506e-05,9.350478649139404e-07,4.593748599290848e-07,-3.8932543247938156e-05,98.25712585449219,93.93113708496094,88.47267150878906,99.13440704345703,292.803955078125,285.8056640625,270.95556640625,226.5617218017578,0.360443115234375,0.0250091552734375,-2.072113037109375,-6.550262451171875,7.6822662353515625,6.5577545166015625,4.4900360107421875,0.0647125244140625,10.28518234960256
1984-002,1984-08-02 03:00:00,22.0,82.0,0.0,1984-08-02 03:00:00,0.0,-2.8192298486828804e-05,3.371690399944782e-05,4.3322332203388214e-05,-8.216593414545059e-07,99.33393096923828,94.78564453125,96.3372802734375,97.82738494873047,292.74267578125,285.51806640625,271.5146484375,224.67056274414062,-2.9884796142578125,-2.6465606689453125,1.0624542236328125,-5.552642822265625,3.8448028564453125,4.957244873046875,4.0645294189453125,-2.119781494140625,6.492395508019793
1984-002,1984-08-02 12:00:00,23.0,80.5,0.0,1984-08-02 12:00:00,0.0,1.0836869478225708e-05,-8.273404091596603e-06,8.61799344420433e-06,-8.930684998631477e-05,97.07037353515625,89.562744140625,94.60322570800781,102.04570007324219,293.7509765625,286.114013671875,272.484375,226.12538146972656,-3.0862274169921875,-1.64276123046875,-4.7280426025390625,-5.207244873046875,0.4001617431640625,-0.62811279296875,3.085357666015625,-2.2432861328125,3.3891786205353207
1984-002,1984-08-03 03:00:00,23.5,79.0,0.0,1984-08-03 03:00:00,0.0,3.236229531466961e-05,5.687586963176727e-06,-5.3178053349256516e-05,4.262244328856468e-05,99.14669036865234,86.77218627929688,95.6103286743164,98.47052001953125,292.732421875,285.50341796875,271.7763671875,225.41065979003906,2.401580810546875,3.6002655029296875,1.2453765869140625,-3.4405517578125,-1.7541351318359375,0.5599365234375,3.4363555908203125,-0.4434967041015625,5.987343821306685
1984-002,1984-08-03 12:00:00,24.0,77.0,0.0,1984-08-03 12:00:00,0.0,-2.4289125576615334e-05,-2.865167334675789e-05,5.240016616880894e-05,4.150788299739361e-05,96.73699951171875,98.49020385742188,95.78913879394531,94.79545593261719,292.964599609375,285.77685546875,271.892822265625,227.01983642578125,3.8955535888671875,6.924896240234375,-1.0092315673828125,-5.5606231689453125,-2.843505859375,-2.4022979736328125,-0.8152618408203125,-3.0173187255859375,9.457774039775627
1984-002,1984-08-04 03:00:00,25.0,75.0,0.0,1984-08-04 03:00:00,0.0,8.19074921309948e-06,-3.021908923983574e-06,1.744646579027176e-05,-2.732686698436737e-05,99.55841064453125,90.4658203125,89.9244384765625,107.9899673461914,292.09814453125,286.0341796875,272.4375,224.8848876953125,-2.4013519287109375,-3.874786376953125,-1.436676025390625,-7.3972625732421875,-8.785659790039062,-5.112823486328125,-1.3164520263671875,-1.1342926025390625,9.137972587291577
1984-002,1984-08-04 12:00:00,26.0,73.0,0.0,1984-08-04 12:00:00,0.0,-1.7701881006360054e-05,3.934837877750397e-08,-2.6481924578547478e-05,2.200552262365818e-05,89.78202819824219,71.24021911621094,91.45684051513672,74.23529815673828,293.516845703125,287.26416015625,271.529296875,225.87881469726562,-5.60150146484375,-7.362152099609375,-11.09271240234375,-2.843109130859375,-7.3832855224609375,-14.52227783203125,-8.188705444335938,2.9599456787109375,10.704726056704073
1984-002,1984-08-05 03:00:00,25.5,71.5,0.0,1984-08-05 03:00:00,0.0,7.621711120009422e-06,-9.819632396101952e-06,2.074381336569786e-05,6.671063601970673e-05,96.53103637695312,99.91046142578125,97.46619415283203,101.61468505859375,292.3359375,285.039794921875,271.10546875,226.14425659179688,0.409515380859375,-5.5405120849609375,-8.524169921875,-3.768707275390625,-7.305694580078125,-7.17718505859375,-7.1138458251953125,3.271484375,11.372522113099995
1984-002,1984-08-05 12:00:00,25.5,70.5,0.0,1984-08-05 12:00:00,0.0,-3.728014416992664e-05,-5.6216027587652206e-05,0.00016158935613930225,3.5390257835388184e-08,100.22346496582031,99.58877563476562,99.0882797241211,98.3491439819336,293.1943359375,286.134521484375,271.93212890625,226.78843688964844,-2.9464263916015625,-4.322784423828125,-4.569244384765625,-3.730072021484375,-8.814773559570312,-6.21240234375,-3.033966064453125,4.8063201904296875,13.643617387611084
1984-002,1984-08-06 03:00:00,25.5,69.0,0.0,1984-08-06 03:00:00,0.0,0.00011057732626795769,1.0627089068293571e-05,-3.683590330183506e-05,-3.312993794679642e-05,96.65701293945312,88.90347290039062,95.06607818603516,100.5745620727539,291.972412109375,285.771728515625,271.95654296875,225.77188110351562,-1.402679443359375,-2.57440185546875,-8.004531860351562,1.76611328125,-4.0062103271484375,-3.5471343994140625,6.0165863037109375,5.3095245361328125,9.839927000465554
1984-002,1984-08-06 12:00:00,25.0,67.0,0.0,1984-08-06 12:00:00,0.0,-9.704451076686382e-05,3.0980445444583893e-06,2.6775524020195007e-08,-2.448935993015766e-05,91.71307373046875,97.55526733398438,99.3796157836914,102.21310424804688,292.90234375,284.653076171875,270.314453125,225.26527404785156,1.61529541015625,3.2353668212890625,1.510467529296875,-7.6285247802734375,-10.170623779296875,-9.344619750976562,-6.455108642578125,3.9692535400390625,16.893322418010804
1984-003,1984-08-15 03:00:00,20.0,90.0,0.0,1984-08-15 03:00:00,0.0,-5.0355214625597e-05,-2.4974113330245018e-05,4.6196626499295235e-05,-3.141211345791817e-05,95.63240814208984,90.22197723388672,98.17769622802734,98.47698974609375,293.251708984375,285.32373046875,271.6990966796875,225.21542358398438,7.9609222412109375,8.733779907226562,0.5973663330078125,-7.6736907958984375,1.8432464599609375,2.9350433349609375,8.376815795898438,0.9245758056640625,15.661579760395076
1984-003,1984-08-15 12:00:00,21.0,87.0,0.0,1984-08-15 12:00:00,0.0,-2.3951055482029915e-05,2.7598347514867783e-05,7.10412859916687e-06,-5.585583858191967e-05,100.14446258544922,95.52072143554688,80.5052261352539,101.06623077392578,292.9736328125,285.603271484375,272.6103515625,226.8515625,5.1014556884765625,3.061004638671875,-5.71368408203125,-3.3343963623046875,-2.2846832275390625,-0.7134246826171875,0.55596923828125,-6.2432708740234375,9.318477127598099
1984-003,1984-08-16 03:00:00,21.7,86.5,0.0,1984-08-16 03:00:00,0.0,5.754316225647926e-05,8.871546015143394e-06,-2.2083986550569534e-06,4.127155989408493e-06,100.01497650146484,61.3891716003418,88.57196044921875,92.79846954345703,292.293212890625,286.9638671875,271.0186767578125,225.94969177246094,-7.3173370361328125,-6.11737060546875,-9.253448486328125,-7.740234375,3.838531494140625,10.040206909179688,7.2382659912109375,5.9957733154296875,2.198302625831917
1984-003,1984-08-16 12:00:00,22.0,85.5,0.0,1984-08-16 12:00:00,0.0,-7.145572453737259e-06,1.1878786608576775e-05,9.337672963738441e-06,-4.375120624899864e-06,99.66438293457031,98.98991394042969,100.78594970703125,99.74565887451172,292.83154296875,285.022705078125,271.306396484375,227.095458984375,2.1030426025390625,2.6435699462890625,0.4402008056640625,-1.2186431884765625,5.1380767822265625,3.786773681640625,2.179473876953125,0.280548095703125,5.884656441512385
1984-003,1984-08-17 03:00:00,23.0,84.0,0.0,1984-08-17 03:00:00,0.0,7.470045238733292e-05,1.0331394150853157e-05,-1.002172939479351e-05,-2.373289316892624e-05,99.71641540527344,90.38507843017578,85.77047729492188,49.637367248535156,291.027099609375,285.907470703125,272.11181640625,224.99134826660156,-8.337371826171875,-6.721588134765625,-5.72412109375,-11.650894165039062,2.401397705078125,3.399566650390625,3.8711090087890625,2.075042724609375,3.3295552050459585
1984-003,1984-08-17 12:00:00,24.0,82.5,0.0,1984-08-17 12:00:00,0.0,2.4095643311738968e-05,-2.2598542273044586e-05,1.7970101907849312e-05,-9.335344657301903e-06,91.69261932373047,96.33677673339844,79.8987808227539,33.594444274902344,292.99658203125,285.81396484375,272.6373291015625,225.78224182128906,-7.2135162353515625,-7.3409881591796875,-8.12689208984375,-11.1580810546875,-0.8277130126953125,-1.36114501953125,-1.677337646484375,-4.7824249267578125,5.585636753063221
1984-003,1984-08-18 03:00:00,23.5,80.5,0.0,1984-08-18 03:00:00,0.0,-1.5317928045988083e-06,-4.155095666646957e-06,1.2163305655121803e-05,4.338566213846207e-06,101.21903991699219,98.29190826416016,76.44007873535156,89.46002960205078,292.211181640625,284.83056640625,271.51513671875,225.27024841308594,-4.9074249267578125,-3.76239013671875,-3.706573486328125,-9.61358642578125,-4.106109619140625,-2.7418212890625,0.431488037109375,-1.27874755859375,5.4901668714448375
1984-003,1984-08-18 12:00:00,23.5,78.5,0.0,1984-08-18 12:00:00,0.0,-3.225659020245075e-05,5.72926364839077e-06,-8.302740752696991e-07,5.607772618532181e-05,93.95841979980469,92.45197296142578,80.03632354736328,42.459102630615234,293.3984375,285.708740234375,272.249755859375,226.47193908691406,1.8261260986328125,1.2470703125,-4.54425048828125,-9.1728515625,-3.3380279541015625,-4.758514404296875,-3.5709381103515625,-4.94830322265625,11.116226699317423
1984-004,1984-10-13 03:00:00,19.5,87.5,1.0,1984-10-13 03:00:00,0.0,-3.7579797208309174e-05,2.4848151952028275e-05,4.162546247243881e-06,-8.608447387814522e-06,96.69182586669922,85.65605926513672,73.67749786376953,110.36468505859375,291.86767578125,284.301025390625,271.1328125,222.8165740966797,-0.9947052001953125,-2.5753021240234375,-10.658706665039062,-7.16986083984375,-8.906280517578125,-8.879608154296875,3.7435455322265625,8.324844360351562,18.304212950375366
1984-004,1984-10-13 12:00:00,20.5,87.5,0.0,1984-10-13 12:00:00,0.0,-3.423378802835941e-05,4.310859367251396e-06,5.214451812207699e-05,-1.3164477422833443e-05,99.82343292236328,87.53314971923828,50.15483856201172,76.09649658203125,291.98291015625,285.29638671875,272.991943359375,221.7744598388672,-3.3194427490234375,-7.052520751953125,-7.9467315673828125,-12.441650390625,-10.471633911132812,-9.29595947265625,3.92999267578125,6.559814453125,19.320582435342732
1984-004,1984-10-14 03:00:00,20.7,86.8,0.0,1984-10-14 03:00:00,0.0,8.106324821710587e-05,5.425186827778816e-06,-1.2445030733942986e-05,-5.505979061126709e-06,100.04336547851562,91.91966247558594,74.87374877929688,45.12908935546875,292.455322265625,285.183349609375,271.4638671875,221.8651123046875,-2.3582916259765625,-0.517242431640625,-0.7475433349609375,-5.592742919921875,-7.29400634765625,-3.3336334228515625,4.2245941162109375,7.169677734375,14.820925490592977
1984-004,1984-10-14 12:00:00,21.5,86.0,0.0,1984-10-14 12:00:00,0.0,-2.2936146706342697e-05,2.338946796953678e-05,2.5696586817502975e-05,-2.395687624812126e-05,97.63899230957031,88.68445587158203,64.80199432373047,90.35797882080078,292.419189453125,284.87255859375,272.124267578125,221.7332305908203,-2.6084747314453125,-2.1117706298828125,-2.0252685546875,-6.8907623291015625,-9.332443237304688,-5.7138214111328125,1.961700439453125,8.339569091796875,18.183454205099707
1984-005,1984-11-09 12:00:00,9.5,87.5,0.0,1984-11-09 12:00:00,0.0,6.348825991153717e-06,-2.346467226743698e-06,-1.4281133189797401e-05,8.173612877726555e-05,85.82980346679688,76.48448181152344,84.91934204101562,98.8095474243164,290.608642578125,282.69873046875,267.4473876953125,219.22027587890625,-6.0456390380859375,-6.94976806640625,-5.8258209228515625,-4.3226165771484375,2.99481201171875,2.828765869140625,2.7819671630859375,1.619964599609375,2.204316630495484
1984-005,1984-11-10 03:00:00,9.5,87.5,0.0,1984-11-10 03:00:00,0.0,-1.8914928659796715e-05,-1.4582416042685509e-05,2.6945257559418678e-05,-2.220289024990052e-05,86.60147857666016,81.77151489257812,79.54365539550781,104.57343292236328,290.424560546875,282.243896484375,267.6561584472656,220.50086975097656,-5.591278076171875,-5.1800994873046875,-4.1100311279296875,0.16314697265625,9.30108642578125,8.4390869140625,2.807525634765625,2.4341583251953125,8.959247132499325
1984-005,1984-11-10 12:00:00,10.0,86.0,0.0,1984-11-10 12:00:00,0.0,-8.760020136833191e-06,-7.357215508818626e-06,-1.4516524970531464e-05,-2.1677115000784397e-05,91.44387817382812,82.16656494140625,83.4393539428711,100.37467956542969,290.4326171875,282.511962890625,268.03765869140625,219.98500061035156,-3.282257080078125,-2.5244140625,-3.1661834716796875,-1.6591796875,10.2623291015625,7.93707275390625,5.7466888427734375,2.92645263671875,7.513285814458721
1984-005,1984-11-11 03:00:00,10.5,82.5,0.0,1984-11-11 03:00:00,0.0,1.3899989426136017e-06,-1.96150504052639e-05,-3.911205567419529e-05,9.50968824326992e-05,94.90612030029297,82.03460693359375,88.5752944946289,109.2489242553711,290.57666015625,282.690185546875,268.2538146972656,219.8221435546875,-2.6578826904296875,-4.9745941162109375,-1.725830078125,-7.2075347900390625,5.0787200927734375,6.4443206787109375,3.7955780029296875,2.6241607666015625,5.169545019939116
1984-005,1984-11-11 12:00:00,11.0,81.5,1.0,1984-11-11 12:00:00,0.0,-3.8847094401717186e-05,-1.0865507647395134e-05,-5.277339369058609e-06,2.199341543018818e-05,95.47772216796875,92.27644348144531,96.4070816040039,101.18414306640625,290.399169921875,282.0048828125,267.8694152832031,220.89895629882812,-2.6779327392578125,-1.53192138671875,0.353485107421875,-5.2469024658203125,1.7562103271484375,2.6236572265625,6.3675689697265625,3.9508514404296875,3.378765317700975
1984-005,1984-11-12 03:00:00,12.0,80.5,1.0,1984-11-12 03:00:00,0.0,-4.3432461097836494e-05,-6.0265883803367615e-06,8.573551895096898e-06,3.0116643756628036e-05,93.30987548828125,82.96870422363281,96.26571655273438,95.95647430419922,290.861083984375,280.30810546875,267.2984924316406,220.12435913085938,-8.41357421875,-9.48724365234375,-7.8985748291015625,-7.6154937744140625,8.134658813476562,6.5087127685546875,5.6286468505859375,3.8995208740234375,4.309678150607851
1984-005,1984-11-12 12:00:00,12.5,80.5,0.0,1984-11-12 12:00:00,0.0,-5.334313027560711e-05,8.549541234970093e-06,5.12879341840744e-06,2.2544991225004196e-05,93.55359649658203,82.34223937988281,91.41393280029297,98.39398956298828,291.0146484375,282.18408203125,267.55029296875,221.05929565429688,1.8882293701171875,0.275115966796875,-0.865997314453125,2.334259033203125,2.359283447265625,4.826019287109375,5.9453582763671875,7.45672607421875,5.116919365734751
1984-005,1984-11-13 03:00:00,13.5,80.5,0.0,1984-11-13 03:00:00,0.0,3.824615851044655e-05,-1.7494894564151764e-06,9.438861161470413e-05,5.657318979501724e-05,102.26093292236328,84.95384216308594,101.40513610839844,99.57324981689453,290.054931640625,282.260986328125,268.225830078125,220.6628875732422,8.309585571289062,7.0821685791015625,6.54864501953125,-1.919891357421875,-2.8848419189453125,-1.9659576416015625,-4.8164520263671875,-1.7044677734375,10.297353123905806
1984-005,1984-11-13 12:00:00,13.5,80.3,0.0,1984-11-13 12:00:00,0.0,6.265472620725632e-07,-3.380747511982918e-05,2.7611851692199707e-05,3.3345771953463554e-05,101.55628967285156,82.84229278564453,97.4498291015625,98.41190338134766,290.30224609375,282.873291015625,267.7655334472656,220.05194091796875,12.503997802734375,9.820938110351562,8.367889404296875,-0.1364288330078125,-8.306793212890625,-9.517242431640625,-14.700149536132812,-2.267913818359375,14.008870399688716
1984-006,1984-11-27 12:00:00,8.5,85.5,0.0,1984-11-27 12:00:00,0.0,-7.140915840864182e-07,8.919276297092438e-06,4.099216312170029e-06,4.093628376722336e-05,89.91620635986328,75.49093627929688,73.27978515625,37.486854553222656,291.229736328125,283.79833984375,268.5488586425781,221.0494384765625,-3.3713531494140625,-3.3390655517578125,0.7104949951171875,-4.7188720703125,1.3575439453125,-1.1394500732421875,1.6752471923828125,-0.47845458984375,2.2774322960903106
1984-006,1984-11-30 03:00:00,9.5,84.5,0.0,1984-11-30 03:00:00,0.0,1.4337245374917984e-05,3.7187710404396057e-06,-1.1920870747417212e-05,-3.627153637353331e-05,92.22100067138672,84.73526763916016,80.96231842041016,94.4908676147461,291.835205078125,283.646240234375,270.42742919921875,220.7197265625,-0.6743316650390625,-0.4835968017578125,4.33355712890625,-6.2749176025390625,0.083526611328125,0.0256805419921875,10.757095336914062,-0.2742919921875,5.6120047216965725
1984-006,1984-12-01 03:00:00,10.8,80.5,0.0,1984-12-01 03:00:00,0.0,0.00021439045667648315,4.148134030401707e-05,2.6870984584093094e-05,-7.551116868853569e-05,100.35502624511719,89.76861572265625,97.29006958007812,98.74952697753906,291.43017578125,283.320068359375,270.33428955078125,221.03614807128906,-3.4235076904296875,-6.8297576904296875,-6.9155426025390625,-1.0678253173828125,-19.184738159179688,-8.911605834960938,1.209808349609375,5.9453582763671875,25.24026517892729
1985-001,1985-05-22 03:00:00,16.0,89.0,0.0,1985-05-22 03:00:00,0.0,2.3848144337534904e-05,-3.916211426258087e-06,-3.664637915790081e-05,-1.0885531082749367e-05,90.27094268798828,80.12580871582031,93.39457702636719,97.94684600830078,292.171875,284.974853515625,270.56103515625,223.42527770996094,-6.5385284423828125,-7.0958404541015625,-6.7564239501953125,-7.7905120849609375,1.9578704833984375,3.5796356201171875,10.412872314453125,1.66583251953125,1.2855929424288557
1985-001,1985-05-23 03:00:00,16.5,87.5,0.0,1985-05-23 03:00:00,0.0,1.5585683286190033e-06,-2.0638108253479004e-05,-1.596938818693161e-05,-2.4908222258090973e-06,89.43077087402344,91.19205474853516,93.88687896728516,97.1631851196289,293.055419921875,284.92431640625,270.93603515625,226.07484436035156,-3.4821319580078125,-2.20904541015625,-5.34136962890625,-0.42919921875,-6.797332763671875,-7.28814697265625,0.140625,2.3270263671875,9.62155537630632
1985-001,1985-05-24 03:00:00,19.0,89.0,0.0,1985-05-24 03:00:00,0.0,-4.653353244066238e-06,-1.4076009392738342e-05,-1.3450626283884048e-05,4.896428436040878e-05,90.21408081054688,94.29898834228516,88.5321044921875,100.80140686035156,293.50537109375,285.459716796875,271.72119140625,226.3215789794922,9.285980224609375,9.019088745117188,5.18572998046875,-1.80206298828125,-11.20843505859375,-10.531448364257812,2.4716339111328125,5.31463623046875,19.89865792244219
1985-001,1985-05-24 12:00:00,20.5,90.0,0.0,1985-05-24 12:00:00,0.0,3.866152837872505e-06,2.7570407837629318e-05,-2.2151507437229156e-05,7.121125236153603e-06,92.03289031982422,85.76813507080078,87.44740295410156,88.7737045288086,293.511962890625,286.277099609375,272.24169921875,226.28575134277344,9.110885620117188,4.433990478515625,2.6297607421875,-0.833099365234375,-1.25982666015625,1.475799560546875,1.806640625,0.9752044677734375,10.19206561653289
1985-001,1985-05-24 18:00:00,20.5,90.0,0.0,1985-05-24 18:00:00,0.0,1.0596588253974915e-05,-8.307630196213722e-06,4.26475889980793e-06,-5.049537867307663e-05,93.68803405761719,80.84693908691406,92.24368286132812,103.8136978149414,292.8896484375,286.463623046875,271.5537109375,225.61544799804688,13.85809326171875,11.117080688476562,7.71746826171875,-1.865020751953125,2.4021148681640625,1.6201019287109375,7.134735107421875,3.1685943603515625,15.741785321203848
1985-004,1985-08-06 03:00:00,20.5,88.0,0.0,1985-08-06 03:00:00,0.0,-0.0001380054745823145,-0.00016256305389106274,2.7370639145374298e-05,0.00017590448260307312,99.3899154663086,98.92851257324219,101.39788055419922,102.05288696289062,292.56640625,285.2392578125,271.037841796875,223.48312377929688,9.268264770507812,6.8540191650390625,7.1555023193359375,-0.6457977294921875,1.632232666015625,3.14593505859375,3.4129638671875,4.563323974609375,10.338275074364198
1985-004,1985-08-06 12:00:00,22.5,86.0,0.0,1985-08-06 12:00:00,0.0,1.0790769010782242e-05,1.7718644812703133e-05,4.3891603127121925e-05,-3.593089058995247e-05,100.33775329589844,95.75947570800781,94.61681365966797,101.24365997314453,292.22265625,284.556396484375,271.717529296875,225.09571838378906,-4.0178680419921875,-6.140106201171875,-8.620620727539062,-10.626785278320312,-4.5193939208984375,-3.9058990478515625,-7.034088134765625,-2.214569091796875,6.999286001406003
1985-004,1985-08-07 03:00:00,23.0,84.5,0.0,1985-08-07 03:00:00,0.0,-6.254017353057861e-05,-1.4796387404203415e-06,-1.0605435818433762e-06,-1.7067650333046913e-05,99.51866912841797,90.26587677001953,87.987548828125,72.80096435546875,292.515625,284.8797607421875,270.803466796875,224.13645935058594,-6.5948486328125,-8.115875244140625,-6.9510498046875,-10.905105590820312,-4.232025146484375,-3.259857177734375,-5.873321533203125,4.3715972900390625,9.62292232506863
1985-004,1985-08-07 12:00:00,23.5,83.5,0.0,1985-08-07 12:00:00,0.0,1.4315592125058174e-05,5.917856469750404e-06,-1.2044794857501984e-05,3.751111216843128e-05,96.5102767944336,88.85737609863281,79.31560516357422,19.255069732666016,292.995361328125,285.894287109375,271.761474609375,224.51332092285156,-3.99432373046875,-2.7150726318359375,-9.942901611328125,-16.794647216796875,-2.488555908203125,-1.3809967041015625,-0.4081878662109375,3.1678466796875,13.994397864536337
1985-004,1985-08-08 03:00:00,23.5,82.0,0.0,1985-08-08 03:00:00,0.0,8.816597983241081e-06,1.1531868949532509e-05,5.46453520655632e-06,-2.2716820240020752e-05,99.5722427368164,97.31913757324219,93.18934631347656,65.97762298583984,292.435791015625,284.904541015625,271.156982421875,224.65234375,-3.2294769287109375,-1.9080810546875,-5.08074951171875,-15.772842407226562,0.431549072265625,-0.301544189453125,0.56121826171875,5.45294189453125,13.511121470963031
1985-006,1985-09-19 03:00:00,17.5,90.0,0.0,1985-09-19 03:00:00,0.0,9.882496669888496e-06,9.387009777128696e-05,-4.417775198817253e-05,4.387910303194076e-05,85.52042388916016,76.01556396484375,95.39094543457031,97.5963134765625,291.44873046875,282.17724609375,268.425048828125,221.3877716064453,0.66961669921875,-0.818634033203125,1.2913665771484375,-6.041290283203125,-8.242279052734375,-7.7230377197265625,-2.4678802490234375,-6.45172119140625,6.945672752259685
1985-006,1985-09-19 12:00:00,18.5,88.5,0.0,1985-09-19 12:00:00,0.0,-3.127311356365681e-05,4.455680027604103e-06,-3.626663237810135e-05,-1.9957544282078743e-05,96.0362319946289,79.09284210205078,99.9505615234375,99.01141357421875,290.65771484375,283.36083984375,269.6845703125,222.0381622314453,-1.10504150390625,-3.5337066650390625,-7.8023529052734375,-3.8409423828125,-7.3187713623046875,-9.233932495117188,-6.7321929931640625,-8.581497192382812,3.013242463053128
1985-006,1985-09-19 18:00:00,18.5,88.0,0.0,1985-09-19 18:00:00,0.0,-6.601912900805473e-05,1.566181890666485e-05,-9.62396152317524e-05,-6.342044798657298e-05,91.65304565429688,93.07911682128906,101.04219818115234,96.5542984008789,291.365234375,282.9228515625,270.0640869140625,221.2039794921875,4.3238983154296875,0.5811614990234375,-7.377227783203125,-6.20928955078125,-7.144317626953125,-2.917999267578125,4.0264434814453125,-0.2516021728515625,12.587993206071562
1985-006,1985-09-20 00:00:00,21.9,87.5,0.0,1985-09-20 00:00:00,0.0,-7.684575393795967e-06,3.3867545425891876e-06,6.590504199266434e-06,4.425249062478542e-05,80.65630340576172,86.28673553466797,92.61128234863281,90.2530288696289,292.2412109375,282.850830078125,268.9127197265625,222.2340545654297,-13.355743408203125,-12.31683349609375,-10.718597412109375,-5.747161865234375,0.842620849609375,0.0836334228515625,3.626251220703125,5.2462921142578125,8.79106556130115
1985-006,1985-09-20 03:00:00,19.5,87.0,0.0,1985-09-20 03:00:00,0.0,-4.203757271170616e-06,-1.2936070561408997e-05,1.0938616469502449e-05,-4.562121466733515e-05,99.29011535644531,81.7984619140625,89.54015350341797,95.18302917480469,291.767578125,284.29833984375,270.5093994140625,223.1285400390625,-6.962921142578125,-8.071884155273438,-7.3157958984375,-9.501205444335938,-3.716094970703125,-0.3385009765625,7.822052001953125,-3.9230804443359375,2.5467096777695617
1985-006,1985-09-20 12:00:00,19.8,86.2,0.0,1985-09-20 12:00:00,0.0,-1.6882549971342087e-06,2.805842086672783e-06,-1.3374490663409233e-05,1.8847640603780746e-05,94.27373504638672,58.60432434082031,68.52472686767578,99.98953247070312,292.179931640625,285.5048828125,270.81005859375,222.9734649658203,4.483001708984375,-1.2556304931640625,-3.9504241943359375,-13.378402709960938,8.257156372070312,9.983261108398438,14.542617797851562,-6.6851654052734375,23.287394614142656
1985-007,1985-10-01 03:00:00,14.0,83.5,0.0,1985-10-01 03:00:00,0.0,7.741618901491165e-07,-1.4013145118951797e-05,2.5890767574310303e-05,-3.685602860059589e-05,87.6079330444336,78.62615203857422,51.9172477722168,83.83576965332031,291.78369140625,283.87158203125,269.89111328125,221.3494415283203,1.427734375,1.021636962890625,-3.46783447265625,-11.363922119140625,9.6005859375,8.600189208984375,6.602447509765625,-7.802154541015625,21.598190943378945
1985-009,1985-10-09 03:00:00,12.5,90.0,0.0,1985-10-09 03:00:00,0.0,-6.718561053276062e-06,4.4149113819003105e-05,-5.705398507416248e-05,-4.866626113653183e-06,93.29016876220703,79.36181640625,88.94220733642578,103.1986083984375,290.46240234375,282.546630859375,269.274169921875,220.46932983398438,7.5590362548828125,3.67791748046875,-4.184722900390625,-6.722808837890625,-0.7687225341796875,3.4179229736328125,10.1300048828125,-5.7682952880859375,15.131649843145937
1985-009,1985-10-10 03:00:00,16.0,85.5,0.0,1985-10-10 03:00:00,0.0,-3.452179953455925e-06,-2.518598921597004e-05,-3.700144588947296e-06,-7.375585846602917e-05,94.32202911376953,83.73728942871094,78.072021484375,80.7569351196289,291.177490234375,283.3970947265625,270.188720703125,221.32896423339844,-2.6518402099609375,-3.880584716796875,-11.049652099609375,-4.8651885986328125,-1.4000396728515625,-3.21722412109375,4.86053466796875,0.02587890625,2.6328985707511414
1985-009,1985-10-12 12:00:00,19.3,81.5,0.0,1985-10-12 12:00:00,0.0,-1.6726553440093994e-06,-2.1152198314666748e-05,1.0366551578044891e-05,1.8547289073467255e-05,82.4328384399414,71.34336853027344,49.76443862915039,84.03858184814453,292.20751953125,283.595458984375,269.00927734375,221.1385040283203,2.7332611083984375,3.3731689453125,-3.087188720703125,-9.887176513671875,7.2684326171875,7.6678009033203125,11.804244995117188,5.08831787109375,12.807355155484023
1985-010,1985-10-13 12:00:00,13.5,93.0,0.0,1985-10-13 12:00:00,0.0,2.7860747650265694e-05,-1.8645310774445534e-05,-2.8706388548016548e-05,-1.997174695134163e-05,95.28807830810547,86.80757141113281,96.59135437011719,98.81158447265625,291.24072265625,282.31591796875,270.646728515625,221.32192993164062,7.638763427734375,5.2730712890625,1.137298583984375,-10.646652221679688,-7.872039794921875,-3.7358551025390625,-0.023590087890625,2.01641845703125,20.787929961216836
1985-010,1985-10-14 03:00:00,16.0,89.5,0.0,1985-10-14 03:00:00,0.0,-1.4450866729021072e-05,-4.638358950614929e-05,-1.4402437955141068e-05,0.0001871492713689804,86.20487213134766,95.55728149414062,98.23424530029297,100.3486099243164,291.09619140625,281.67041015625,268.911376953125,221.7196044921875,7.01300048828125,4.69256591796875,-1.103912353515625,-10.803085327148438,-9.566314697265625,-8.559494018554688,-1.9613800048828125,2.3433685302734375,21.430199914211723
1985-010,1985-10-14 12:00:00,17.5,89.0,0.0,1985-10-14 12:00:00,0.0,3.680819645524025e-06,2.903072163462639e-05,6.748782470822334e-05,4.7893496230244637e-05,94.13951873779297,90.16932678222656,96.1419906616211,92.27562713623047,291.31005859375,283.2626953125,271.079345703125,223.2323455810547,-0.7877197265625,-0.9656982421875,-7.786712646484375,-5.5638580322265625,-7.4331817626953125,-4.1853485107421875,4.3702850341796875,-0.485595703125,8.43092220163176
1985-010,1985-10-15 03:00:00,19.5,87.5,0.0,1985-10-15 03:00:00,0.0,-2.676551230251789e-05,-4.006293602287769e-05,3.184773959219456e-05,-4.8887915909290314e-05,99.28125762939453,82.54129028320312,92.21052551269531,104.23056030273438,291.687255859375,284.3515625,270.407470703125,224.61367797851562,-14.574172973632812,-13.226974487304688,-13.896804809570312,-10.959640502929688,-9.058883666992188,-5.35955810546875,0.40740966796875,-0.032928466796875,9.72279343901227
1985-010,1985-10-16 03:00:00,21.6,86.8,0.0,1985-10-16 03:00:00,0.0,0.00013759569264948368,-6.115320138633251e-05,4.9447640776634216e-05,8.402625098824501e-06,98.35933685302734,94.33749389648438,101.28056335449219,102.7361831665039,292.8955078125,284.880126953125,270.776611328125,224.58631896972656,-8.795059204101562,-4.0597991943359375,0.7853546142578125,-1.8446197509765625,-3.6714935302734375,-1.4253692626953125,7.013671875,6.7004852294921875,12.485453615491341
1985-012,1985-11-15 12:00:00,13.5,85.5,0.0,1985-11-15 12:00:00,0.0,-1.3993121683597565e-05,1.148320734500885e-05,1.57882459461689e-06,3.3096643164753914e-05,92.8357162475586,80.02678680419922,71.07884979248047,102.09761047363281,291.476806640625,283.919921875,268.7183837890625,220.15187072753906,-6.775299072265625,-5.4459381103515625,-1.2737579345703125,-7.445404052734375,-1.0411834716796875,0.8679351806640625,0.342376708984375,0.5087738037109375,1.688611334909651
1985-012,1985-11-16 12:00:00,13.5,84.0,0.0,1985-11-16 12:00:00,0.0,2.7141999453306198e-05,3.4496886655688286e-05,-9.434390813112259e-05,7.826415821909904e-05,85.17879486083984,70.21257781982422,99.42601013183594,99.86614227294922,292.2900390625,283.900390625,268.9918518066406,219.29698181152344,-0.7592315673828125,-1.1184234619140625,-8.427978515625,-10.75714111328125,-1.244293212890625,0.1922149658203125,0.9774169921875,4.2791595458984375,11.422203187938026
1985-013,1985-12-11 12:00:00,8.0,88.0,0.0,1985-12-11 12:00:00,0.0,-7.546506822109222e-06,-3.600609488785267e-05,-1.4081364497542381e-05,1.0382616892457008e-05,87.49954223632812,91.61201477050781,98.47166442871094,97.03411865234375,289.506591796875,280.994384765625,268.4835205078125,218.94793701171875,3.78082275390625,0.6073150634765625,-10.688629150390625,-4.836517333984375,-5.0145416259765625,-2.966827392578125,-2.78729248046875,3.51129150390625,12.122226724037715
1985-013,1985-12-12 03:00:00,8.5,87.0,0.0,1985-12-12 03:00:00,0.0,-2.5905435904860497e-05,-5.559762939810753e-06,-8.949078619480133e-06,1.541944220662117e-05,81.88717651367188,81.47418212890625,70.9843978881836,69.34174346923828,290.04296875,281.649169921875,268.48236083984375,218.7010498046875,8.77783203125,-3.317047119140625,-6.0972900390625,-10.287033081054688,8.775177001953125,8.386322021484375,10.405136108398438,3.5982513427734375,19.75524338070897
1985-013,1985-12-12 12:00:00,10.0,84.5,0.0,1985-12-12 12:00:00,0.0,-1.6365665942430496e-06,2.4300534278154373e-06,4.4101805542595685e-05,-3.932695835828781e-05,85.82880401611328,85.61121368408203,97.10375213623047,21.81391143798828,291.210693359375,282.71923828125,267.3694152832031,219.910400390625,3.694244384765625,4.1249847412109375,-7.399169921875,-5.7690582275390625,4.411376953125,7.3602142333984375,10.8763427734375,4.8634490966796875,9.474094445118798
1985-013,1985-12-13 03:00:00,11.5,82.5,0.0,1985-12-13 03:00:00,0.0,-1.0584015399217606e-05,1.3362616300582886e-05,3.1706178560853004e-05,3.771926276385784e-05,89.060546875,76.6190414428711,81.63379669189453,96.48189544677734,291.0029296875,281.895263671875,268.94091796875,219.45460510253906,2.6729888916015625,1.893829345703125,12.620193481445312,0.7221221923828125,12.204940795898438,8.197784423828125,0.433502197265625,0.2164154052734375,12.146218420552998
1986-001,1986-01-07 12:00:00,5.5,83.0,0.0,1986-01-07 12:00:00,0.0,-5.990266799926758e-06,-1.0896706953644753e-05,-2.8465408831834793e-05,3.7324847653508186e-05,93.91758728027344,85.82661437988281,89.4361343383789,108.91722869873047,290.34326171875,282.832275390625,268.2843322753906,220.74281311035156,-8.573074340820312,-10.61102294921875,-8.615493774414062,-7.753448486328125,-5.3270416259765625,-5.9926300048828125,-4.5865325927734375,1.8080596923828125,7.182023208303196
1986-004,1986-08-10 12:00:00,18.0,88.0,0.0,1986-08-10 12:00:00,0.0,-2.6431633159518242e-05,5.458272062242031e-05,5.570473149418831e-06,1.082196831703186e-06,91.10977172851562,49.01011657714844,68.18848419189453,48.100196838378906,292.760009765625,288.761474609375,271.61962890625,224.019287109375,-6.75836181640625,-9.014129638671875,-9.867706298828125,-4.387969970703125,3.47381591796875,6.9068603515625,2.9718475341796875,4.2555084228515625,2.4959568654858266
1986-004,1986-08-11 03:00:00,18.0,86.5,0.0,1986-08-11 03:00:00,0.0,3.409339115023613e-06,-9.761424735188484e-06,7.19679519534111e-06,1.1145602911710739e-05,91.91630554199219,79.45101928710938,62.604774475097656,55.124290466308594,293.011474609375,286.50390625,271.6015625,223.51309204101562,-6.79632568359375,-6.86474609375,-10.56964111328125,-5.1009674072265625,0.1034088134765625,1.707733154296875,4.71368408203125,0.78643798828125,1.8277769390385397
1986-004,1986-08-11 12:00:00,18.0,85.5,0.0,1986-08-11 12:00:00,0.0,2.0559877157211304e-05,4.3567270040512085e-06,4.828907549381256e-07,-8.348096162080765e-05,95.00051879882812,88.44794464111328,71.10910034179688,50.59715270996094,293.103271484375,286.649169921875,272.228271484375,223.91864013671875,-7.1075897216796875,-8.977890014648438,-12.6832275390625,-8.72015380859375,-1.0424041748046875,1.9071044921875,2.0801239013671875,-2.377960205078125,2.0938177677163616
1986-004,1986-08-12 03:00:00,18.0,84.5,0.0,1986-08-12 03:00:00,0.0,7.743015885353088e-06,2.2570369765162468e-05,-3.6883633583784103e-05,-1.1055497452616692e-05,96.19482421875,71.91925048828125,50.98612976074219,25.008892059326172,293.216064453125,287.55615234375,273.7724609375,224.27883911132812,-8.5621337890625,-10.27471923828125,-10.102401733398438,-8.184371948242188,-3.2030181884765625,1.34613037109375,6.6028289794921875,-1.291778564453125,1.9482148004820212
1986-004,1986-08-12 12:00:00,18.7,84.0,0.0,1986-08-12 12:00:00,0.0,-1.6980338841676712e-05,2.0319828763604164e-05,-1.06077641248703e-06,4.120171070098877e-06,100.25810241699219,96.91282653808594,83.57372283935547,80.79214477539062,292.8544921875,285.531982421875,272.8271484375,225.20343017578125,-7.69622802734375,-6.2764892578125,-7.1655426025390625,-7.3591766357421875,-6.6967620849609375,-5.1943511962890625,-1.6994476318359375,-3.0233154296875,3.6888770608032133
1986-004,1986-08-13 03:00:00,19.4,83.4,0.0,1986-08-13 03:00:00,0.0,3.252108581364155e-05,-1.1933734640479088e-05,-3.699352964758873e-05,0.00012306822463870049,99.82373046875,96.75645446777344,96.40135192871094,100.12842559814453,292.636474609375,285.861328125,271.3934326171875,225.2241973876953,-7.7235107421875,-3.2121429443359375,-6.5353546142578125,-2.337982177734375,-1.0697479248046875,0.7067718505859375,2.35260009765625,9.572189331054688,11.92705942284972
1986-004,1986-08-13 12:00:00,20.4,82.7,0.0,1986-08-13 12:00:00,0.0,1.3239216059446335e-05,-2.4885404855012894e-05,1.8263468518853188e-05,0.00017331121489405632,97.37800598144531,94.38336181640625,96.50184631347656,101.58937072753906,292.8134765625,285.1943359375,272.24658203125,226.5301971435547,-4.515411376953125,-4.68426513671875,-4.8457489013671875,-1.5699005126953125,-0.00885009765625,1.9131317138671875,3.0426483154296875,4.7984619140625,5.637932513739073
1986-005,1986-08-19 03:00:00,21.2,88.0,0.0,1986-08-19 03:00:00,0.0,-2.794177271425724e-05,-2.12064478546381e-05,-1.676846295595169e-06,-1.0563991963863373e-05,98.81192016601562,89.92939758300781,59.83442687988281,56.79253387451172,292.367431640625,284.895751953125,271.8157958984375,224.3152313232422,-6.079803466796875,-7.714599609375,-9.703399658203125,-12.9061279296875,-2.1822509765625,-1.9062957763671875,0.5043792724609375,2.808929443359375,8.456393300744146
1986-005,1986-08-19 12:00:00,21.3,87.3,0.0,1986-08-19 12:00:00,0.0,-1.596519723534584e-06,9.25455242395401e-06,3.608036786317825e-05,-4.646461457014084e-05,100.38028717041016,92.61421966552734,68.41256713867188,76.74534606933594,293.26708984375,286.555419921875,273.127197265625,225.2526397705078,-1.8188629150390625,-2.972381591796875,-2.789947509765625,-15.584213256835938,-1.537841796875,1.090545654296875,5.6922454833984375,-7.289337158203125,14.918598088419243
1986-006,1986-09-24 03:00:00,20.5,88.0,0.0,1986-09-24 03:00:00,0.0,-1.6449950635433197e-05,-2.5381101295351982e-05,-2.9766946681775153e-05,6.934395059943199e-05,89.71099853515625,89.108154296875,93.76753234863281,99.4960708618164,291.734130859375,282.9144287109375,269.3155517578125,223.69207763671875,-4.64141845703125,-6.4002685546875,2.043487548828125,-4.708526611328125,10.764389038085938,9.54095458984375,9.763824462890625,1.6402435302734375,9.124392294948095
1986-006,1986-09-25 03:00:00,21.0,87.5,0.0,1986-09-25 03:00:00,0.0,-4.7337962314486504e-05,3.4427735954523087e-05,-6.561633199453354e-05,0.0002145830076187849,101.12628936767578,76.2132568359375,104.26571655273438,102.66263580322266,291.185546875,283.621337890625,268.850341796875,222.0187530517578,1.6493377685546875,2.43896484375,8.959503173828125,0.2753448486328125,12.354476928710938,9.32769775390625,8.146713256835938,-2.9132080078125,15.329385501869934
1986-006,1986-09-25 12:00:00,21.5,86.7,0.0,1986-09-25 12:00:00,0.0,-9.904848411679268e-06,1.3390323147177696e-05,-9.792624041438103e-06,2.246350049972534e-06,95.33869171142578,82.12472534179688,85.45523834228516,99.22972869873047,291.937744140625,284.53662109375,270.5986328125,223.76524353027344,6.0396881103515625,4.9103240966796875,6.2189178466796875,-4.0970458984375,2.0112762451171875,0.280120849609375,-5.774078369140625,3.3454437255859375,10.224156651327341
1986-007,1986-11-07 03:00:00,14.0,82.0,0.0,1986-11-07 03:00:00,0.0,5.2265822887420654e-06,3.67448665201664e-05,-6.224028766155243e-06,4.228856414556503e-05,89.18087768554688,77.63895416259766,89.32762145996094,94.45620727539062,291.2490234375,283.432373046875,269.0849609375,220.75425720214844,2.2734527587890625,5.700225830078125,2.513153076171875,-7.43853759765625,0.124176025390625,1.18475341796875,8.659622192382812,-1.7832794189453125,9.897532164929476
1986-007,1986-11-07 12:00:00,15.0,82.0,0.0,1986-11-07 12:00:00,0.0,1.2553762644529343e-05,-2.7169007807970047e-05,2.8904294595122337e-05,5.715107545256615e-05,95.89085388183594,87.86392211914062,85.91542053222656,79.91571044921875,290.829345703125,283.361572265625,269.6201171875,221.9468231201172,0.0612030029296875,3.4804229736328125,12.721481323242188,-9.956771850585938,-2.0313262939453125,-0.6074371337890625,4.7936553955078125,-1.7339019775390625,10.022389006103342
1986-007,1986-11-08 03:00:00,18.5,85.0,0.0,1986-11-08 03:00:00,0.0,-1.4522112905979156e-05,2.8265640139579773e-06,4.693656228482723e-05,-1.4049932360649109e-05,94.72210693359375,86.25399017333984,67.92110443115234,99.22529602050781,291.2021484375,283.538818359375,270.2529296875,221.2001495361328,-0.555877685546875,-0.3314208984375,1.922332763671875,-3.7917938232421875,7.6507720947265625,11.546630859375,10.276336669921875,5.5939483642578125,3.8342766082295543
1986-007,1986-11-08 12:00:00,19.5,86.0,0.0,1986-11-08 12:00:00,0.0,1.812283881008625e-05,-2.8659123927354813e-06,-3.763916902244091e-05,2.1658604964613914e-05,99.4432601928711,92.25879669189453,76.64232635498047,99.79588317871094,291.359619140625,283.7119140625,269.650634765625,221.8568572998047,-0.5854644775390625,3.4611663818359375,7.801239013671875,3.8162841796875,3.655120849609375,8.588912963867188,10.13897705078125,3.916290283203125,4.409489847413137
1987-001,1987-01-30 03:00:00,5.5,88.5,0.0,1987-01-30 03:00:00,0.0,8.41217115521431e-06,-1.5240395441651344e-05,-5.907146260142326e-06,1.4753080904483795e-05,95.80036163330078,75.34467315673828,82.33098602294922,100.86065673828125,289.61865234375,282.365966796875,267.4217224121094,219.61318969726562,-4.81341552734375,-4.935821533203125,-3.6293182373046875,-8.5,0.2537078857421875,-0.323272705078125,-2.2014007568359375,6.260406494140625,7.047789245299968
1987-001,1987-01-30 12:00:00,6.0,88.5,0.0,1987-01-30 12:00:00,0.0,4.334375262260437e-06,-1.3813376426696777e-05,-4.137633368372917e-06,7.38541129976511e-05,89.68408966064453,81.74542236328125,78.4786605834961,99.98174285888672,290.613037109375,282.197998046875,268.153564453125,218.68389892578125,-1.048858642578125,-4.218475341796875,-7.3130950927734375,-6.162994384765625,0.069793701171875,0.630645751953125,-0.780548095703125,4.656982421875,6.8699843339607165
1987-001,1987-01-31 00:00:00,6.5,87.5,0.0,1987-01-31 00:00:00,0.0,1.7988961189985275e-05,-3.0750641599297523e-05,1.1129770427942276e-05,4.478218033909798e-05,87.09368133544922,86.85991668701172,100.82451629638672,99.61479187011719,290.72216796875,281.892333984375,267.87945556640625,218.70855712890625,0.41229248046875,1.3001251220703125,-0.7193756103515625,-10.240936279296875,3.079132080078125,4.52349853515625,-3.3973236083984375,2.28662109375,10.682666178035715
1987-001,1987-01-31 03:00:00,7.0,87.0,0.0,1987-01-31 03:00:00,0.0,-2.5319866836071014e-05,1.916498877108097e-05,-1.3690441846847534e-07,2.4400418624281883e-05,97.0689697265625,84.86377716064453,101.56524658203125,90.66407775878906,289.814453125,281.968505859375,267.8989562988281,218.6600799560547,-1.2055511474609375,0.24664306640625,-5.897430419921875,-9.514923095703125,1.6854705810546875,1.8993377685546875,-1.7519683837890625,2.2394561767578125,8.327818574781796
1987-001,1987-01-31 06:00:00,7.0,86.5,1.0,1987-01-31 06:00:00,0.0,-6.555346772074699e-06,-7.294607348740101e-05,-5.2962685003876686e-05,-6.1089638620615e-05,93.25465393066406,91.65924835205078,98.25794219970703,94.58243560791016,290.041015625,281.60546875,268.32330322265625,219.28514099121094,-0.0897369384765625,-0.4147491455078125,1.7053680419921875,-10.137725830078125,3.62982177734375,1.7825927734375,-5.476165771484375,-0.924713134765625,11.032038299034841
1987-001,1987-01-31 12:00:00,7.5,86.0,0.0,1987-01-31 12:00:00,0.0,4.7264620661735535e-08,5.2674440667033195e-05,-0.0001328072976320982,-2.3236731067299843e-05,91.85517883300781,81.1113052368164,97.9961166381836,99.84877014160156,290.427734375,282.766845703125,268.7535400390625,219.43899536132812,1.9585113525390625,-1.049896240234375,-6.5995635986328125,-5.4578857421875,4.0251922607421875,5.0461883544921875,-3.09002685546875,-1.2418670654296875,9.09642016466273
1987-001,1987-02-01 00:00:00,8.0,85.5,0.0,1987-02-01 00:00:00,0.0,-2.0188745111227036e-06,-1.0771676898002625e-05,6.5104104578495026e-06,-3.620133793447167e-05,94.29530334472656,81.36945343017578,90.69921112060547,116.81158447265625,290.4736328125,282.748779296875,268.36834716796875,218.48046875,4.3160247802734375,9.4405517578125,2.4456024169921875,-1.2145233154296875,4.9825897216796875,2.6485443115234375,6.405059814453125,1.6175537109375,6.473826503118318
1987-001,1987-02-01 06:00:00,8.5,85.5,0.0,1987-02-01 06:00:00,0.0,-1.9537517800927162e-05,1.2169359251856804e-05,-2.374802716076374e-05,1.6866251826286316e-05,91.57858276367188,85.5544662475586,74.32086181640625,99.71975708007812,290.4609375,282.271240234375,268.58551025390625,219.17564392089844,7.605010986328125,10.226333618164062,6.110748291015625,1.0484619140625,5.5865478515625,7.1362152099609375,11.439727783203125,-2.63427734375,10.515241444156764
1987-001,1987-02-01 12:00:00,10.0,86.0,0.0,1987-02-01 12:00:00,0.0,-3.1263567507267e-05,-1.8854858353734016e-05,2.487911842763424e-05,-0.00011726422235369682,89.0859146118164,79.26304626464844,89.08458709716797,104.157470703125,290.319091796875,281.910888671875,268.1228332519531,220.1805419921875,4.98785400390625,8.412399291992188,5.696868896484375,1.5887603759765625,13.034988403320312,12.171096801757812,15.672500610351562,-0.901214599609375,14.34474090495533
1987-001,1987-02-02 00:00:00,12.5,87.0,0.0,1987-02-02 00:00:00,0.0,-0.00013470696285367012,7.702712900936604e-05,2.9726652428507805e-05,6.332737393677235e-05,96.94139862060547,92.44355773925781,101.44799041748047,101.39803314208984,289.8466796875,281.73828125,268.2498779296875,219.2735137939453,-4.79302978515625,7.024322509765625,1.8874359130859375,6.151397705078125,27.558761596679688,17.077728271484375,11.538192749023438,6.820281982421875,23.449201048223046
1987-001,1987-02-02 12:00:00,14.5,88.5,0.0,1987-02-02 12:00:00,0.0,-5.154125392436981e-05,7.027573883533478e-05,-2.4845590814948082e-05,2.0076055079698563e-05,98.08069610595703,95.2468032836914,45.16020202636719,100.69752502441406,289.083984375,281.2890625,267.1505126953125,219.6457061767578,-6.4140167236328125,4.1264495849609375,15.852935791015625,3.1412200927734375,20.998291015625,14.557769775390625,-8.0242919921875,11.761764526367188,13.289694210340835
1987-001,1987-02-03 00:00:00,15.5,89.5,0.0,1987-02-03 00:00:00,0.0,2.047838643193245e-05,3.778375685214996e-05,2.689962275326252e-05,-2.1524261683225632e-05,90.50079345703125,83.79075622558594,9.021950721740723,96.63264465332031,289.37255859375,281.5341796875,267.13299560546875,218.37110900878906,3.988006591796875,9.831893920898438,12.94097900390625,13.206192016601562,21.572280883789062,16.590774536132812,5.6063232421875,9.223220825195312,15.410198793553477
1987-001,1987-02-03 03:00:00,16.0,89.5,0.0,1987-02-03 03:00:00,0.0,-3.345496952533722e-05,4.11192886531353e-05,3.5613542422652245e-05,1.851934939622879e-06,91.60028076171875,74.70672607421875,4.838253021240234,86.1512680053711,288.945068359375,281.41796875,266.9480895996094,218.27822875976562,6.6310272216796875,10.535064697265625,15.771392822265625,10.90753173828125,22.126205444335938,16.59381103515625,6.96685791015625,13.294403076171875,9.812707269190389
1987-001,1987-02-03 12:00:00,17.0,90.0,0.0,1987-02-03 12:00:00,0.0,1.8758932128548622e-05,2.0514708012342453e-06,1.5883473679423332e-05,-7.85081647336483e-06,85.75975799560547,57.230979919433594,5.273970603942871,38.53534698486328,289.720703125,281.313232421875,266.26025390625,218.75465393066406,8.32904052734375,12.854736328125,18.79327392578125,12.196258544921875,15.640533447265625,12.127456665039062,10.01171875,21.831375122070312,7.299444899304288
1987-002,1987-06-01 03:00:00,16.0,92.0,0.0,1987-06-01 03:00:00,0.0,-2.2036489099264145e-05,1.0129064321517944e-05,-2.2177351638674736e-05,1.102406531572342e-05,90.52855682373047,81.37334442138672,90.40757751464844,100.56517028808594,292.240234375,284.11181640625,269.8079833984375,224.4144744873047,-0.774444580078125,-2.176361083984375,-5.26318359375,-4.122161865234375,-2.8153228759765625,-1.3036651611328125,3.8209686279296875,2.1023712158203125,5.9490273324155964
1987-002,1987-06-01 12:00:00,16.0,91.0,0.0,1987-06-01 12:00:00,0.0,-3.1016767024993896e-05,2.951337955892086e-05,1.2831063941121101e-05,3.9614271372556686e-05,71.53116607666016,73.23152923583984,76.2054672241211,90.9433364868164,293.313232421875,284.53125,270.693115234375,223.6167755126953,-0.809326171875,-4.9628753662109375,-7.6943359375,-1.8846588134765625,-1.84710693359375,0.16900634765625,3.5176849365234375,2.6695098876953125,4.642862026858553
1987-002,1987-06-02 03:00:00,16.5,90.0,0.0,1987-06-02 03:00:00,0.0,-1.1767493560910225e-05,2.879137173295021e-05,2.4239299818873405e-05,1.634843647480011e-05,84.0965576171875,88.2432632446289,87.25720977783203,99.15679168701172,292.43896484375,284.037841796875,270.615966796875,223.24618530273438,-0.599517822265625,-5.20941162109375,-8.169357299804688,-3.2623291015625,-2.325225830078125,-0.491302490234375,3.2364349365234375,7.3315582275390625,10.017187341993766
1987-002,1987-06-02 12:00:00,17.0,88.0,0.0,1987-06-02 12:00:00,0.0,-2.3385509848594666e-05,1.441221684217453e-07,-4.3842941522598267e-05,-5.527399480342865e-05,79.01821899414062,60.03903579711914,97.102783203125,99.19017791748047,292.917724609375,284.552490234375,270.005859375,224.85552978515625,1.7980804443359375,-5.95977783203125,-8.39691162109375,-2.55841064453125,-1.4526519775390625,-8.8553466796875,-7.6107940673828125,8.973724365234375,11.299926470934437
1987-002,1987-06-03 03:00:00,18.0,87.7,0.0,1987-06-03 03:00:00,0.0,1.3147946447134018e-05,2.1030660718679428e-05,1.0845018550753593e-05,-9.19983722269535e-06,77.71326446533203,58.29016876220703,95.15380096435547,86.4864501953125,293.457763671875,285.072998046875,270.32177734375,223.92823791503906,3.51287841796875,-1.346221923828125,-1.5839385986328125,-10.096588134765625,-7.51708984375,-13.435348510742188,-9.235427856445312,3.2686309814453125,17.365176462364197
1987-002,1987-06-03 12:00:00,19.0,88.0,0.0,1987-06-03 12:00:00,0.0,1.706206239759922e-05,2.563558518886566e-05,-6.781192496418953e-06,-3.488385118544102e-05,78.37722778320312,54.98061752319336,96.1906967163086,76.236083984375,293.506591796875,285.719482421875,271.183349609375,225.0021514892578,6.15911865234375,1.3451080322265625,-1.7533111572265625,-0.1195220947265625,-4.9205474853515625,-14.119964599609375,-9.18035888671875,13.648147583007812,19.601473571455934
1987-002,1987-06-04 03:00:00,20.5,90.5,0.0,1987-06-04 03:00:00,0.0,3.2295938581228256e-06,-5.550822243094444e-05,0.00010560732334852219,3.410782665014267e-05,93.8521957397461,98.91991424560547,100.50908660888672,106.0336685180664,292.984130859375,285.7177734375,270.79296875,226.3087921142578,-1.634033203125,-1.546600341796875,2.7899932861328125,-2.3244781494140625,-0.2334136962890625,0.1889801025390625,-0.95721435546875,16.772048950195312,17.019473377423623
1987-002,1987-06-04 06:00:00,21.0,90.5,0.0,1987-06-04 06:00:00,0.0,1.857592724263668e-05,-1.1130468919873238e-05,3.681425005197525e-05,4.5650405809283257e-05,92.27049255371094,93.16338348388672,97.2625732421875,99.35033416748047,293.1865234375,286.03759765625,271.083984375,226.2737579345703,1.6941375732421875,-0.8672332763671875,4.907745361328125,-2.3530120849609375,0.3486785888671875,1.34246826171875,1.4918212890625,5.494140625,6.546388311212351
1987-003,1987-08-26 03:00:00,24.0,90.0,0.0,1987-08-26 03:00:00,0.0,-6.200047209858894e-05,1.8914230167865753e-05,4.8839952796697617e-05,4.5408960431814194e-05,100.18093872070312,82.9388656616211,95.48458862304688,89.40382385253906,292.968017578125,286.595458984375,272.4013671875,226.35546875,-2.351806640625,-1.942047119140625,-0.470977783203125,-1.0686187744140625,-7.4673309326171875,-5.4231414794921875,2.0383453369140625,0.1845703125,7.758747564202417
1987-003,1987-08-26 12:00:00,24.5,88.5,0.0,1987-08-26 12:00:00,0.0,-5.650985985994339e-05,2.0040664821863174e-05,-0.00011548120528459549,3.443984314799309e-05,92.95137786865234,91.18547821044922,93.67655181884766,108.89960479736328,293.556396484375,286.339111328125,272.467529296875,227.6238555908203,8.34490966796875,4.36407470703125,-4.18585205078125,-6.5259246826171875,-4.365020751953125,-5.2834625244140625,-4.4050140380859375,-6.0248260498046875,14.96317706602922
1987-003,1987-08-27 03:00:00,24.5,87.5,0.0,1987-08-27 03:00:00,0.0,-5.834270268678665e-06,3.997748717665672e-05,-1.9525177776813507e-06,1.70848798006773e-05,100.40061950683594,90.60287475585938,90.20372772216797,56.36865997314453,292.687744140625,286.033447265625,272.740234375,226.35826110839844,-12.681732177734375,-12.814132690429688,-9.964111328125,-4.3837432861328125,3.96990966796875,2.7965545654296875,9.043060302734375,-4.4817352294921875,11.844277990570824
1987-003,1987-08-27 12:00:00,24.8,85.5,0.0,1987-08-27 12:00:00,0.0,1.1441763490438461e-05,2.0229024812579155e-05,-1.1835247278213501e-05,1.2262491509318352e-05,98.1664047241211,86.05656433105469,85.85601806640625,41.959556579589844,293.49072265625,286.484619140625,272.555908203125,227.15399169921875,-14.240936279296875,-12.961334228515625,-10.59869384765625,-4.67974853515625,-4.8602447509765625,-7.0909271240234375,-3.7050628662109375,-5.0354461669921875,9.562792825052668
1987-003,1987-08-28 03:00:00,23.5,84.0,0.0,1987-08-28 03:00:00,0.0,-6.077089346945286e-05,-4.098075442016125e-05,-3.745942376554012e-05,-5.7601602748036385e-05,100.39314270019531,87.33650970458984,90.08917236328125,109.14529418945312,292.96044921875,286.826904296875,272.767578125,225.86361694335938,6.53448486328125,5.6762542724609375,-1.7473602294921875,-8.063064575195312,7.817779541015625,7.130218505859375,3.705108642578125,-3.6568145751953125,18.567572801541672
1987-003,1987-08-28 12:00:00,24.0,82.0,0.0,1987-08-28 12:00:00,0.0,2.3312633857131004e-05,5.67152164876461e-06,7.180613465607166e-05,7.161474786698818e-05,100.21527099609375,100.1005859375,97.8995132446289,43.3424186706543,293.30126953125,286.474365234375,272.952392578125,227.72998046875,4.764495849609375,3.4857635498046875,3.233428955078125,-3.2146759033203125,-2.2459716796875,-1.430877685546875,0.7581634521484375,-9.209228515625,10.590284586637951
1987-004,1987-09-11 12:00:00,23.0,85.5,0.0,1987-09-11 12:00:00,0.0,2.2445805370807648e-05,1.0425690561532974e-05,7.3891133069992065e-06,6.845570169389248e-05,96.3761215209961,72.21868133544922,58.856361389160156,98.36814880371094,293.0693359375,286.494873046875,271.699462890625,226.02310180664062,-3.303802490234375,-3.5186004638671875,-2.2189788818359375,-7.1059417724609375,-1.058868408203125,-3.936004638671875,-1.2532196044921875,4.7052154541015625,6.9051376447636175
1987-005,1987-09-15 03:00:00,23.0,82.0,0.0,1987-09-15 03:00:00,0.0,2.6203226298093796e-05,-3.7328340113162994e-05,9.204959496855736e-06,2.7736183255910873e-05,99.73310089111328,95.12749481201172,99.58256530761719,100.4110336303711,291.738037109375,284.840576171875,270.9681396484375,225.35084533691406,1.4224090576171875,1.9619140625,0.4155731201171875,-3.0335845947265625,-1.303436279296875,-0.1790618896484375,2.675140380859375,0.837188720703125,4.943496214254926
1987-005,1987-09-15 12:00:00,23.5,81.5,0.0,1987-09-15 12:00:00,0.0,2.0668841898441315e-05,-1.704460009932518e-05,7.638707756996155e-06,2.152356319129467e-05,97.55347442626953,88.30717468261719,81.84139251708984,99.62224578857422,292.531005859375,285.1044921875,271.5399169921875,224.96273803710938,-0.2518768310546875,-0.231903076171875,3.368377685546875,-1.4028472900390625,1.9539031982421875,2.139923095703125,2.4698333740234375,0.99407958984375,1.498664190769133
1987-006,1987-10-14 03:00:00,13.0,87.5,0.0,1987-10-14 03:00:00,0.0,-2.82912515103817e-06,-2.3785512894392014e-05,-2.830824814736843e-05,5.3322044550441206e-05,92.14747619628906,84.3328628540039,90.0758285522461,100.34986877441406,291.3359375,283.50927734375,269.133056640625,222.0983123779297,-3.904632568359375,-8.682998657226562,-10.249313354492188,-7.9773712158203125,-5.2492218017578125,-5.3626861572265625,-1.374053955078125,0.6314239501953125,7.153264607889623
1987-006,1987-10-14 12:00:00,14.0,86.5,0.0,1987-10-14 12:00:00,0.0,-2.7973903343081474e-05,-2.6875175535678864e-05,-6.433343514800072e-06,2.7962043532170355e-05,96.27040100097656,83.82909393310547,86.10037994384766,101.39833068847656,291.269775390625,283.759033203125,269.31982421875,223.28448486328125,-7.91357421875,-9.441436767578125,-17.842636108398438,-6.710601806640625,-3.6864013671875,-4.736785888671875,-1.1195068359375,-4.7501678466796875,1.6058461156622232
1987-006,1987-10-15 03:00:00,14.5,83.0,0.0,1987-10-15 03:00:00,0.0,-1.813843846321106e-05,-2.4432316422462463e-05,-3.478419966995716e-05,9.580468758940697e-05,95.32415771484375,85.02310943603516,91.01588439941406,101.96395874023438,291.427734375,283.351806640625,269.70703125,223.19920349121094,-4.9838714599609375,-6.13067626953125,-10.613906860351562,-11.524978637695312,-5.686065673828125,-7.5850830078125,-0.658416748046875,-1.12774658203125,7.972725760569471
1987-006,1987-10-15 12:00:00,15.0,82.0,0.0,1987-10-15 12:00:00,0.0,1.0841293260455132e-05,-3.088591620326042e-05,4.555261693894863e-05,-2.674991264939308e-05,89.66700744628906,91.7304916381836,98.36309051513672,100.4880142211914,291.697021484375,283.484619140625,270.394287109375,223.33758544921875,-5.5346221923828125,-3.567138671875,-9.989608764648438,-3.5513458251953125,1.255859375,-1.311248779296875,10.203872680664062,3.9005126953125,3.3056884809800784
1987-006,1987-10-16 03:00:00,16.0,80.0,0.0,1987-10-16 03:00:00,0.0,8.35563987493515e-05,3.987923264503479e-06,2.744467929005623e-05,-3.735112841241062e-05,96.0228042602539,76.8822250366211,84.20802307128906,100.19212341308594,291.686767578125,284.855224609375,270.176513671875,221.9472198486328,-6.8701629638671875,-4.9524078369140625,-3.0663604736328125,-6.361724853515625,3.4384307861328125,7.4201202392578125,14.471160888671875,5.959747314453125,2.572070439945038
1987-006,1987-10-16 12:00:00,16.5,78.0,0.0,1987-10-16 12:00:00,0.0,1.9527506083250046e-05,7.191440090537071e-06,2.2691907361149788e-05,-6.55162293696776e-05,100.21743774414062,90.1135482788086,88.54449462890625,103.04518127441406,291.129150390625,283.640869140625,270.147216796875,222.3282928466797,-3.8448028564453125,0.3167724609375,0.0258331298828125,-4.1144866943359375,-4.1161346435546875,-1.0241546630859375,0.2403717041015625,6.42462158203125,10.544205573662158
1987-006,1987-10-17 03:00:00,17.5,76.0,0.0,1987-10-17 03:00:00,0.0,-3.407476469874382e-05,-6.89411535859108e-07,3.6701327189803123e-05,2.570217475295067e-05,100.55894470214844,98.89659118652344,97.15080261230469,78.82347106933594,290.5,283.28564453125,269.270751953125,220.63417053222656,-0.2961883544921875,-0.3205108642578125,0.0560760498046875,1.1566162109375,-1.7751922607421875,-0.77081298828125,0.7638397216796875,8.929244995117188,10.802574603767544
1987-006,1987-10-17 12:00:00,19.0,75.0,0.0,1987-10-17 12:00:00,0.0,2.792361192405224e-05,-5.152774974703789e-06,-5.423557013273239e-06,-2.2568725398741663e-05,96.14000701904297,91.3070068359375,93.09362030029297,21.21057891845703,291.2998046875,283.718017578125,269.818359375,221.93798828125,-3.835174560546875,-1.8875579833984375,-0.4893798828125,2.6656036376953125,-0.47491455078125,-2.384124755859375,-7.60296630859375,8.768218994140625,11.300249329638747
1987-006,1987-10-18 03:00:00,20.5,74.5,0.0,1987-10-18 03:00:00,0.0,5.143927410244942e-06,9.091664105653763e-05,5.877623334527016e-05,-1.3470824342221022e-05,99.35254669189453,92.14695739746094,21.144498825073242,59.25349044799805,291.172607421875,284.26171875,271.107177734375,220.85781860351562,4.9289703369140625,0.414703369140625,4.3147430419921875,0.7706146240234375,-4.4417266845703125,-8.618698120117188,-5.196563720703125,5.7717437744140625,11.027551906541932
1987-006,1987-10-18 12:00:00,22.0,76.0,0.0,1987-10-18 12:00:00,0.0,3.710063174366951e-05,-1.0519521310925484e-05,4.843203350901604e-05,-3.261578967794776e-06,94.9193115234375,92.69741821289062,17.320114135742188,48.90919494628906,291.87255859375,284.21142578125,271.813232421875,221.36355590820312,8.07843017578125,10.474990844726562,10.90997314453125,9.212188720703125,5.1135101318359375,1.7170257568359375,-1.345245361328125,9.0814208984375,4.12670865095853
1987-007,1987-10-31 03:00:00,11.5,86.5,0.0,1987-10-31 03:00:00,0.0,2.682209014892578e-06,1.5584519132971764e-05,-2.3508910089731216e-05,-9.10111702978611e-06,88.05136108398438,86.5216293334961,90.6939468383789,102.96138763427734,292.08349609375,283.52001953125,269.28125,222.3065185546875,-2.8518829345703125,-4.983673095703125,-10.741317749023438,-3.3060150146484375,-0.2283477783203125,1.7061920166015625,-0.4752197265625,-1.390411376953125,1.2476488902826495
1987-007,1987-10-31 12:00:00,12.5,85.5,0.0,1987-10-31 12:00:00,0.0,-3.670714795589447e-05,1.0025687515735626e-06,4.1015446186065674e-05,-2.1108135115355253e-06,97.67878723144531,84.04591369628906,88.61825561523438,102.3868637084961,291.56884765625,284.505859375,270.095703125,222.5746612548828,-4.9103240966796875,-7.10107421875,-10.474197387695312,-2.217529296875,-1.0852508544921875,-4.5289764404296875,-5.4795379638671875,2.44384765625,4.439108033420441
1987-007,1987-10-31 18:00:00,13.0,85.5,0.0,1987-10-31 18:00:00,0.0,-1.1549098417162895e-05,-2.0756851881742477e-06,2.503069117665291e-05,3.6548764910548925e-05,90.64745330810547,93.33101654052734,84.97191619873047,94.65410614013672,292.12109375,283.888427734375,270.435791015625,222.4105987548828,-6.5359344482421875,-9.886322021484375,-6.6502838134765625,-2.7547454833984375,0.435333251953125,-0.11248779296875,2.443145751953125,2.1522979736328125,4.152753043867255
1987-007,1987-11-01 00:00:00,13.5,85.0,0.0,1987-11-01 00:00:00,0.0,-5.440320819616318e-06,-4.25965990871191e-05,-6.0549937188625336e-06,9.042676538228989e-06,98.503173828125,98.74483489990234,89.5163345336914,102.16295623779297,291.86572265625,284.168212890625,270.443603515625,223.2666473388672,-5.550079345703125,-7.97412109375,-7.854522705078125,-11.30303955078125,-4.589691162109375,-2.9673614501953125,-2.824920654296875,3.396453857421875,9.842513062942631
1987-007,1987-11-01 03:00:00,13.5,85.0,0.0,1987-11-01 03:00:00,0.0,2.669868990778923e-05,5.900859832763672e-06,-2.023065462708473e-06,-6.328237941488624e-05,96.98585510253906,90.17254638671875,78.59003448486328,96.72515869140625,292.159423828125,284.626953125,270.91455078125,223.03829956054688,-5.877532958984375,-8.402374267578125,-11.233657836914062,-9.439849853515625,-1.77484130859375,1.732269287109375,1.5642547607421875,0.8327789306640625,4.4147236571783
1987-007,1987-11-01 12:00:00,13.5,84.0,0.0,1987-11-01 12:00:00,0.0,-2.254825085401535e-05,-1.1332100257277489e-05,9.196344763040543e-05,2.8307083994150162e-05,100.39666748046875,94.94078826904297,100.26837921142578,96.60430145263672,292.003173828125,284.66357421875,270.828369140625,223.1626434326172,-5.1004791259765625,-5.8190155029296875,-7.779754638671875,-2.5329437255859375,-4.56097412109375,-3.3518829345703125,11.096954345703125,8.98992919921875,13.791998362409828
1987-007,1987-11-01 18:00:00,13.5,83.5,0.0,1987-11-01 18:00:00,0.0,-8.758855983614922e-06,4.909001290798187e-06,1.5552854165434837e-05,1.1622905731201172e-05,92.73125457763672,90.9666519165039,66.28347778320312,93.07256317138672,292.7998046875,285.38134765625,271.99273681640625,223.3595428466797,-5.935882568359375,-5.1950225830078125,-2.5181121826171875,-1.115081787109375,-1.47540283203125,1.3398284912109375,9.847335815429688,6.3501129150390625,9.191235873382102
1987-007,1987-11-02 00:00:00,13.5,82.5,0.0,1987-11-02 00:00:00,0.0,-7.08247534930706e-06,1.2558186426758766e-05,-1.8444843590259552e-05,-4.200427792966366e-05,95.5068588256836,94.18639373779297,83.54986572265625,103.79735565185547,292.4326171875,285.072998046875,270.971923828125,223.73760986328125,-8.191970825195312,-7.3410797119140625,-6.948028564453125,-1.1393585205078125,-3.575439453125,-4.8398590087890625,2.55487060546875,7.08624267578125,12.783223620748737
1987-007,1987-11-02 03:00:00,13.5,82.0,0.0,1987-11-02 03:00:00,0.0,-1.0266201570630074e-05,-5.943328142166138e-05,-3.374856896698475e-05,-0.0001280235592275858,95.69024658203125,92.89799499511719,90.84138488769531,97.01425170898438,292.724365234375,284.931396484375,270.2808837890625,224.2227020263672,-9.4332275390625,-11.158233642578125,-12.351730346679688,3.4960784912109375,-10.329208374023438,-10.39501953125,1.8486328125,8.600494384765625,22.92379988048603
1987-007,1987-11-02 06:00:00,14.0,81.5,0.0,1987-11-02 06:00:00,0.0,-1.5578698366880417e-06,-1.5073921531438828e-05,-2.2091204300522804e-05,-0.0001552230678498745,97.52742767333984,75.85002136230469,92.6852798461914,97.566162109375,292.76025390625,285.555908203125,270.12030029296875,225.4665985107422,-11.887222290039062,-13.185211181640625,-15.618453979492188,-4.36346435546875,-16.317626953125,-12.163665771484375,-4.3068389892578125,8.528274536132812,25.960080012818015
1987-007,1987-11-02 12:00:00,14.5,81.0,0.0,1987-11-02 12:00:00,0.0,-4.5332126319408417e-07,-3.293110057711601e-05,-0.0001658287364989519,1.4712568372488022e-05,87.79887390136719,85.0953140258789,102.49501037597656,102.09395599365234,292.464599609375,284.106201171875,269.13427734375,223.9431610107422,-13.348541259765625,-15.082611083984375,-19.906341552734375,1.842620849609375,-12.802719116210938,-14.089065551757812,-8.080230712890625,11.305160522460938,28.49493405688107
1987-008,1987-11-11 06:00:00,14.5,89.0,0.0,1987-11-11 06:00:00,0.0,1.554097980260849e-05,-8.966540917754173e-06,-4.1103921830654144e-06,-4.245131276547909e-05,93.69770812988281,87.17191314697266,87.41038513183594,96.2157211303711,292.1455078125,284.641845703125,269.893310546875,223.02110290527344,-4.5037841796875,-4.735198974609375,-4.67877197265625,-5.8064727783203125,-0.7164306640625,-1.5388641357421875,-1.1163482666015625,3.9268646240234375,4.822570758150572
1987-008,1987-11-11 12:00:00,14.5,88.0,1.0,1987-11-11 12:00:00,0.0,1.2333272024989128e-05,-6.28642737865448e-09,-1.626787707209587e-06,3.8477592170238495e-05,94.29249572753906,90.97297668457031,87.83328247070312,98.34510803222656,292.281005859375,284.81494140625,270.418212890625,223.21470642089844,-5.34912109375,-5.9562225341796875,-2.7345733642578125,-3.7787933349609375,0.4283905029296875,-0.697052001953125,-0.7608184814453125,4.4149322509765625,4.284675527848534
1987-008,1987-11-11 18:00:00,14.5,86.5,0.0,1987-11-11 18:00:00,0.0,-4.592817276716232e-06,1.0331394150853157e-05,-6.44288957118988e-06,3.46361193805933e-05,93.00566101074219,89.2652816772461,75.77406311035156,102.82964324951172,292.441162109375,284.60107421875,270.446533203125,223.4291534423828,-4.4779815673828125,-5.0219268798828125,-2.65283203125,-5.078155517578125,0.0195159912109375,1.499603271484375,2.5114898681640625,3.3707427978515625,3.4045454733399825
1987-008,1987-11-12 00:00:00,14.5,85.0,0.0,1987-11-12 00:00:00,0.0,1.297052949666977e-05,2.0263250917196274e-06,-1.6713718650862575e-05,1.970049925148487e-05,90.4263687133789,85.42355346679688,80.55802154541016,98.32491302490234,292.78076171875,284.934814453125,270.8818359375,224.04734802246094,-6.466644287109375,-4.4437713623046875,-4.304901123046875,-3.6166534423828125,2.0107421875,5.51617431640625,10.51739501953125,-1.311676025390625,4.377317739937616
1987-008,1987-11-12 03:00:00,14.5,84.5,0.0,1987-11-12 03:00:00,0.0,-1.2849690392613411e-05,1.2202654033899307e-06,-1.4213845133781433e-05,3.348453901708126e-05,98.37493133544922,92.11563873291016,67.281005859375,101.1190185546875,291.84423828125,284.495849609375,271.06884765625,223.77532958984375,-5.59130859375,-2.967559814453125,-3.0198974609375,-6.0550079345703125,4.5416107177734375,5.0102386474609375,14.034835815429688,-0.4801177978515625,5.043091746470458
1987-008,1987-11-12 06:00:00,15.0,83.0,0.0,1987-11-12 06:00:00,0.0,7.916497997939587e-05,0.00011593569070100784,-6.749294698238373e-06,5.4433709010481834e-05,100.46553802490234,87.71306610107422,87.89313507080078,99.7744369506836,292.358154296875,284.221435546875,270.6240234375,223.75567626953125,-8.188140869140625,-8.067794799804688,-5.424560546875,-3.5578460693359375,-9.151443481445312,-6.494842529296875,10.399688720703125,5.447021484375,15.315182313357598
1987-009,1987-12-19 12:00:00,10.5,82.0,0.0,1987-12-19 12:00:00,0.0,-2.7073314413428307e-05,1.7562182620167732e-05,-2.5603920221328735e-05,9.891134686768055e-05,96.03946685791016,81.3100814819336,84.99310302734375,102.65657043457031,290.659912109375,283.1787109375,268.68768310546875,220.1311798095703,-1.13720703125,1.2138671875,4.8556060791015625,-3.7837677001953125,-5.7432098388671875,-1.5248260498046875,6.65771484375,-1.2115020751953125,5.247919457245148
1987-009,1987-12-19 18:00:00,10.5,82.0,0.0,1987-12-19 18:00:00,0.0,2.2890977561473846e-05,1.79363414645195e-05,-3.871298395097256e-05,1.4697201550006866e-05,92.13700103759766,84.3930435180664,68.18643951416016,97.12887573242188,290.894775390625,283.45849609375,268.8767395019531,220.25462341308594,-6.0602874755859375,-1.614501953125,6.844573974609375,-4.31658935546875,-2.88922119140625,-1.9922943115234375,3.03143310546875,0.1291961669921875,3.4858752822757753
1987-009,1987-12-20 00:00:00,10.5,82.0,0.0,1987-12-20 00:00:00,0.0,-8.916249498724937e-06,-3.982405178248882e-05,7.70066399127245e-05,4.955544136464596e-05,98.94502258300781,92.4529037475586,94.11166381835938,100.51985931396484,290.20556640625,282.71875,268.84588623046875,220.602783203125,-4.4242401123046875,-2.729766845703125,0.7777252197265625,-6.3805694580078125,-0.2369384765625,0.2114715576171875,-1.30169677734375,2.9780426025390625,3.7634197012611104
1987-009,1987-12-20 03:00:00,10.5,82.0,0.0,1987-12-20 03:00:00,0.0,-1.5577534213662148e-05,-4.2214756831526756e-05,-2.046511508524418e-05,-5.106744356453419e-05,94.9537582397461,89.703125,97.74930572509766,98.72722625732422,290.601318359375,282.883056640625,268.7042236328125,219.99600219726562,-3.069091796875,-0.5850830078125,-3.3219757080078125,-3.356842041015625,0.83856201171875,1.8205718994140625,2.5594635009765625,6.6899871826171875,5.858496115354758
1987-009,1987-12-20 12:00:00,11.0,82.5,0.0,1987-12-20 12:00:00,0.0,1.3464130461215973e-05,-4.2090658098459244e-05,-4.7655776143074036e-06,2.326956018805504e-05,95.97068786621094,82.73290252685547,79.09325408935547,100.31022644042969,290.74169921875,283.08544921875,268.50872802734375,220.59939575195312,-5.039276123046875,-2.71917724609375,2.127288818359375,-2.634033203125,1.64727783203125,0.396331787109375,-4.3562774658203125,5.033843994140625,4.1537963207382385
1987-009,1987-12-20 18:00:00,11.5,83.5,0.0,1987-12-20 18:00:00,0.0,4.772329702973366e-06,1.62455253303051e-05,-1.0868068784475327e-05,1.762830652296543e-05,87.40421295166016,81.63119506835938,90.27932739257812,98.8735580444336,290.9755859375,282.90087890625,268.05419921875,219.94398498535156,-5.65863037109375,-2.7220001220703125,1.6339263916015625,-1.7932281494140625,8.227340698242188,3.74700927734375,5.1876068115234375,7.850128173828125,3.8837641050842793
1987-009,1987-12-21 00:00:00,12.0,84.0,0.0,1987-12-21 00:00:00,0.0,-2.411613240838051e-05,-2.0380830392241478e-05,2.412591129541397e-05,7.073231972754002e-05,94.47148895263672,83.6541976928711,93.9725341796875,99.84635925292969,289.94677734375,282.06591796875,268.0569152832031,219.9230194091797,-6.1905517578125,-2.2074737548828125,4.145843505859375,-0.637176513671875,6.2981719970703125,4.099761962890625,6.1775970458984375,11.087936401367188,7.333608910413981
1987-009,1987-12-21 03:00:00,12.0,84.5,0.0,1987-12-21 03:00:00,0.0,-2.6895897462964058e-05,3.478769212961197e-05,-1.0939780622720718e-05,5.4977601394057274e-05,93.0841293334961,82.4508285522461,92.78339385986328,99.7325439453125,290.25146484375,281.5400390625,268.2646179199219,220.58682250976562,-7.546875,-1.393402099609375,3.870025634765625,-1.1589813232421875,8.052001953125,7.183990478515625,4.747955322265625,10.31048583984375,6.775391877384708
1987-009,1987-12-21 06:00:00,12.0,89.5,0.0,1987-12-21 06:00:00,0.0,8.165603503584862e-06,-7.217749953269958e-08,-4.409346729516983e-06,-9.819632396101952e-06,77.537353515625,49.783912658691406,41.26858139038086,72.21968078613281,288.3955078125,282.329345703125,267.110595703125,219.2332763671875,-7.479736328125,-1.772491455078125,1.498748779296875,11.444259643554688,2.2674407958984375,3.9494476318359375,9.179336547851562,7.871551513671875,19.736354285257754
1987-009,1987-12-21 12:00:00,12.0,84.5,0.0,1987-12-21 12:00:00,0.0,-1.8440186977386475e-05,1.3428973034024239e-05,4.068110138177872e-05,0.00010459963232278824,93.62286376953125,91.11884307861328,88.9349136352539,100.38470458984375,289.883544921875,280.986083984375,267.92578125,220.0310516357422,-8.433441162109375,-3.546661376953125,5.0199127197265625,0.7652130126953125,6.0111083984375,7.5421295166015625,6.61846923828125,9.227294921875,9.744695704904936
1987-009,1987-12-21 18:00:00,11.5,84.0,0.0,1987-12-21 18:00:00,0.0,-1.8149148672819138e-06,-3.625336103141308e-05,-4.082918167114258e-06,0.00011004653060808778,93.02865600585938,85.56474304199219,68.45622253417969,99.57305908203125,289.9111328125,281.67822265625,268.04608154296875,219.90435791015625,-6.8470611572265625,-1.051300048828125,4.2584991455078125,-2.677093505859375,7.3088226318359375,3.5695648193359375,3.963958740234375,4.9244842529296875,4.803509104662347
1988-001,1988-06-08 12:00:00,21.0,88.5,0.0,1988-06-08 12:00:00,0.0,-6.766500882804394e-05,-4.746275953948498e-05,-1.6170088201761246e-05,2.9962509870529175e-05,97.9697036743164,99.12075805664062,101.56292724609375,88.5150146484375,292.61767578125,285.40478515625,271.293212890625,226.58168029785156,6.180145263671875,4.6607818603515625,-5.3512420654296875,-8.980636596679688,-7.6446685791015625,-9.192855834960938,-4.6670989990234375,6.088531494140625,20.456052670758947
1988-001,1988-06-09 03:00:00,22.0,87.6,0.0,1988-06-09 03:00:00,0.0,-0.00023802835494279861,9.750900790095329e-05,-3.637024201452732e-05,0.00016970233991742134,99.74311065673828,102.79647827148438,102.23067474365234,99.16703033447266,292.17529296875,284.581787109375,269.469970703125,226.4317169189453,7.5992889404296875,4.3642730712890625,-2.573028564453125,-10.189071655273438,-9.47039794921875,-11.397613525390625,-12.005584716796875,2.8190765380859375,21.620752897549067
1988-003,1988-07-17 03:00:00,18.0,86.0,0.0,1988-07-17 03:00:00,0.0,-6.698304787278175e-06,5.810288712382317e-06,2.4279579520225525e-05,-1.0657589882612228e-05,90.46387481689453,82.89187622070312,82.3443832397461,73.75970458984375,293.053955078125,285.56201171875,272.45556640625,224.2386016845703,-3.2523345947265625,-3.47784423828125,-2.9969329833984375,-10.37255859375,1.473419189453125,1.8924102783203125,5.6154632568359375,3.3851776123046875,7.372408701612602
1988-003,1988-07-17 12:00:00,18.3,85.9,0.0,1988-07-17 12:00:00,0.0,1.991773024201393e-05,6.8231020122766495e-06,2.7782516553997993e-05,-8.818041533231735e-05,88.7128677368164,67.44902038574219,74.64429473876953,103.81025695800781,293.60400390625,286.50244140625,273.916259765625,225.4429931640625,2.274932861328125,0.8813629150390625,-5.4098358154296875,-11.900436401367188,6.094329833984375,7.6118316650390625,5.1062164306640625,-4.8256683349609375,17.89378254432349
1988-004,1988-08-02 03:00:00,21.6,89.2,0.0,1988-08-02 03:00:00,0.0,7.253605872392654e-06,-9.007751941680908e-06,-7.364433258771896e-07,-2.5671906769275665e-05,97.64503479003906,99.60298156738281,84.2440185546875,91.981689453125,293.533935546875,286.08935546875,273.181640625,225.93960571289062,-8.82086181640625,-9.048629760742188,-8.876312255859375,-14.414901733398438,0.2091827392578125,-1.8078765869140625,-1.7531890869140625,0.8862152099609375,5.6348607400084285
1988-004,1988-08-02 12:00:00,21.5,88.5,0.0,1988-08-02 12:00:00,0.0,-1.616310328245163e-05,-2.9264483600854874e-05,7.832818664610386e-05,-4.3369829654693604e-05,96.35469055175781,86.13062286376953,101.44376373291016,21.601560592651367,293.854736328125,286.70263671875,273.0859375,226.79788208007812,0.571136474609375,-0.5964202880859375,-4.3662261962890625,-9.257537841796875,2.0425872802734375,-0.113189697265625,-2.99462890625,-7.6334228515625,13.792317096462638
1988-004,1988-08-03 03:00:00,22.2,85.6,0.0,1988-08-03 03:00:00,0.0,-1.6369624063372612e-05,1.2712553143501282e-06,-4.438147880136967e-05,0.00011856119090225548,100.24604797363281,96.76765441894531,99.83853149414062,100.16458892822266,293.16845703125,285.939697265625,272.3829345703125,227.07237243652344,-5.153533935546875,-7.6785125732421875,-8.220718383789062,-7.822357177734375,-7.5644683837890625,-5.9951934814453125,-1.226470947265625,2.5888519287109375,10.49821560391409
1988-004,1988-08-03 12:00:00,22.9,83.4,0.0,1988-08-03 12:00:00,0.0,-1.767161302268505e-05,-2.0854175090789795e-05,3.216788172721863e-05,-4.778499715030193e-05,98.7435302734375,98.5889663696289,87.90756225585938,71.23046112060547,293.8251953125,286.16455078125,273.320068359375,227.1454620361328,-2.242401123046875,-2.207916259765625,-3.37078857421875,-15.379959106445312,1.0825958251953125,-1.5267486572265625,-0.3731231689453125,0.7340240478515625,13.142181403827776
1988-004,1988-08-04 03:00:00,24.1,79.8,0.0,1988-08-04 03:00:00,0.0,1.930864527821541e-06,-2.1197833120822906e-05,-0.00011754823208320886,0.000261399254668504,99.88456726074219,85.7048110961914,92.94673919677734,95.49707794189453,293.387939453125,286.899169921875,272.662841796875,227.82965087890625,-7.717987060546875,-6.5074615478515625,-6.3400115966796875,-4.353363037109375,-4.4950714111328125,-2.3739166259765625,-0.6612548828125,6.9000244140625,11.881452086528666
1988-004,1988-08-04 12:00:00,24.4,78.0,0.0,1988-08-04 12:00:00,0.0,2.245139330625534e-05,1.2473436072468758e-05,-3.615603782236576e-05,-5.047913873568177e-07,99.47850036621094,83.17597961425781,64.87014770507812,101.39424133300781,293.84375,287.431640625,272.5322265625,228.25930786132812,-1.2430877685546875,1.191375732421875,-1.985992431640625,-5.6369476318359375,-0.917205810546875,0.8795928955078125,1.1041412353515625,2.7056884765625,5.69485447695757
1988-004,1988-08-05 03:00:00,25.0,75.1,0.0,1988-08-05 03:00:00,0.0,-2.5743385776877403e-05,5.389563739299774e-06,-5.941838026046753e-06,-3.135739825665951e-05,101.32395935058594,98.48066711425781,78.213134765625,75.49451446533203,293.290771484375,286.075927734375,271.869873046875,226.73208618164062,-1.9346923828125,-4.2988739013671875,-4.4059295654296875,-8.006591796875,1.52630615234375,1.7156982421875,5.3705291748046875,3.9652252197265625,6.543415676214982
1988-005,1988-10-01 03:00:00,17.5,84.5,0.0,1988-10-01 03:00:00,0.0,5.1242299377918243e-05,-1.5832483768463135e-05,7.659895345568657e-06,-8.666422218084335e-06,98.08905029296875,78.259765625,80.2693862915039,90.86566162109375,292.9296875,286.02001953125,271.7056884765625,222.9088897705078,7.71575927734375,8.96453857421875,2.00616455078125,-8.6759033203125,9.75494384765625,10.098373413085938,15.89263916015625,-0.3144378662109375,19.237438780018657
1988-005,1988-10-01 12:00:00,18.3,82.9,0.0,1988-10-01 12:00:00,0.0,7.570418529212475e-05,-7.338961586356163e-05,-2.3786531528458e-05,0.00011439993977546692,96.8477783203125,75.16416931152344,69.66885375976562,99.46345520019531,292.15283203125,285.92578125,272.998779296875,223.54583740234375,-1.3106689453125,2.659912109375,6.587982177734375,-1.8416900634765625,6.5471343994140625,7.9608917236328125,10.167831420898438,3.420379638671875,3.171526251154189
1988-005,1988-10-02 03:00:00,19.6,80.1,0.0,1988-10-02 03:00:00,0.0,-8.856970816850662e-05,2.415594644844532e-05,2.1804124116897583e-05,3.256346099078655e-05,98.89669799804688,95.72090911865234,54.53889465332031,99.19209289550781,291.576171875,284.055908203125,273.2677001953125,223.5533447265625,3.063873291015625,6.5418853759765625,3.094696044921875,-5.2067413330078125,10.219100952148438,5.5504913330078125,14.832229614257812,1.6419219970703125,11.915161143960471
1988-007,1988-11-15 03:00:00,9.5,87.0,0.0,1988-11-15 03:00:00,0.0,-2.1597370505332947e-05,-2.1055573597550392e-05,-8.852221071720123e-07,4.5719556510448456e-05,98.9594497680664,84.45758819580078,67.87059020996094,101.46727752685547,290.382568359375,282.813232421875,269.027587890625,220.68714904785156,-7.942230224609375,-6.0308990478515625,0.845947265625,-8.553863525390625,-1.4351654052734375,-5.984588623046875,-6.12921142578125,10.486328125,11.937173169849551
1988-007,1988-11-15 12:00:00,10.0,87.5,0.0,1988-11-15 12:00:00,0.0,-6.36884942650795e-06,-7.145339623093605e-06,1.4001969248056412e-05,2.9475893825292587e-05,97.03460693359375,86.70255279541016,86.58004760742188,100.46493530273438,290.621337890625,283.23681640625,268.947998046875,221.360107421875,-3.0570831298828125,-3.579742431640625,1.4020843505859375,-5.978515625,0.3105926513671875,-2.21673583984375,-2.7368316650390625,5.3704681396484375,5.8426969612017405
1988-008,1988-11-23 12:00:00,9.0,94.0,0.0,1988-11-23 12:00:00,0.0,-1.6172649338841438e-05,0.0001076690386980772,1.0877149179577827e-05,3.7915073335170746e-05,95.48944091796875,96.80889892578125,82.80763244628906,98.98738861083984,290.576171875,282.39892578125,268.0732421875,220.2061767578125,-10.439926147460938,-0.4495697021484375,9.140350341796875,-10.90240478515625,-11.474594116210938,-9.3533935546875,-2.0330352783203125,6.424713134765625,17.905280968339667
1988-008,1988-11-24 03:00:00,10.0,94.0,1.0,1988-11-24 03:00:00,0.0,8.000852540135384e-05,-4.265317693352699e-05,-0.0002597370184957981,0.0005115198437124491,94.40756225585938,80.63862609863281,98.90265655517578,109.8248062133789,290.915771484375,283.90869140625,269.698486328125,219.79515075683594,11.189498901367188,13.614471435546875,4.001800537109375,-2.7313079833984375,-9.064529418945312,-5.6491851806640625,-4.6692047119140625,-0.6029052734375,16.290731951105784
1988-008,1988-11-24 12:00:00,11.0,93.5,1.0,1988-11-24 12:00:00,0.0,-3.5128556191921234e-05,3.168382681906223e-05,-2.7076108381152153e-05,1.05355866253376e-06,100.1783218383789,81.84605407714844,88.46034240722656,99.67131042480469,291.56689453125,284.3349609375,269.63372802734375,220.1769561767578,-3.92059326171875,-3.4915313720703125,1.372467041015625,-5.6133270263671875,-10.627029418945312,-8.038162231445312,-5.91192626953125,10.529769897460938,21.22440823468746
1988-008,1988-11-25 06:00:00,11.5,92.0,0.0,1988-11-25 06:00:00,0.0,1.3970304280519485e-05,3.120163455605507e-06,5.520344711840153e-05,2.3046275600790977e-05,93.44278717041016,81.6176986694336,69.66947174072266,91.73338317871094,291.798583984375,284.686279296875,271.523193359375,220.32122802734375,7.9373779296875,4.293212890625,-5.9373016357421875,-1.9683380126953125,8.329055786132812,9.157135009765625,14.43841552734375,6.0347442626953125,10.167943435019449
1988-008,1988-11-25 12:00:00,11.5,90.5,0.0,1988-11-25 12:00:00,0.0,-6.622704677283764e-05,2.987915650010109e-06,-3.969389945268631e-05,0.00011011725291609764,98.63582611083984,95.31607055664062,97.89952087402344,100.11943054199219,291.977294921875,284.40625,269.082275390625,222.31968688964844,1.886566162109375,2.2635955810546875,0.9080352783203125,-3.64630126953125,-16.699554443359375,-15.755401611328125,-7.967376708984375,6.9246978759765625,24.263510044174545
1988-008,1988-11-27 03:00:00,13.5,87.5,0.0,1988-11-27 03:00:00,0.0,-0.00013971258886158466,-1.6781967133283615e-05,0.00010799267329275608,0.00013041403144598007,98.90142822265625,98.25704956054688,91.85467529296875,102.3907470703125,291.716064453125,283.98486328125,269.9638671875,223.54962158203125,-12.887496948242188,-15.058578491210938,-19.898696899414062,3.6832427978515625,-26.659515380859375,-24.21630859375,-8.419937133789062,0.3418731689453125,31.680662861598947
1988-008,1988-11-28 03:00:00,19.0,85.8,0.0,1988-11-28 03:00:00,0.0,-8.782721124589443e-05,2.9818853363394737e-05,1.8007587641477585e-05,1.5393365174531937e-05,35.76936721801758,98.4276123046875,7.629487991333008,91.50003051757812,290.4130859375,281.37646484375,268.3880615234375,219.85169982910156,-4.41558837890625,-7.596099853515625,1.3839111328125,2.637603759765625,-11.867752075195312,0.978912353515625,-8.035064697265625,12.931076049804688,25.78234659060951
1988-009,1988-12-06 12:00:00,8.0,90.0,0.0,1988-12-06 12:00:00,0.0,1.1454569175839424e-05,1.7880229279398918e-05,-1.1920928955078125e-06,5.218968726694584e-05,85.55375671386719,87.1990737915039,98.90458679199219,97.84908294677734,290.5595703125,281.996337890625,268.524658203125,219.23983764648438,5.1817169189453125,4.2906036376953125,1.4805908203125,-4.68170166015625,-1.7114715576171875,1.985595703125,1.5579071044921875,1.3021087646484375,10.31351988534043
1988-009,1988-12-07 03:00:00,10.0,88.5,0.0,1988-12-07 03:00:00,0.0,-2.6393914595246315e-05,6.6552311182022095e-06,-3.0617695301771164e-05,6.594113074243069e-05,84.13609313964844,96.52448272705078,75.67813110351562,101.54644775390625,289.841796875,281.29150390625,267.48193359375,219.34043884277344,-1.0612640380859375,-0.401336669921875,8.100021362304688,-9.889602661132812,-8.438873291015625,-2.9463043212890625,-5.2015380859375,-0.529571533203125,11.853126892905395
1988-009,1988-12-07 12:00:00,11.0,89.5,0.0,1988-12-07 12:00:00,0.0,4.732050001621246e-06,-4.844716750085354e-05,-3.459048457443714e-05,5.301274359226227e-05,79.19591522216797,80.27099609375,85.5719985961914,100.00131225585938,290.4111328125,282.163330078125,267.843505859375,218.7025909423828,-1.586334228515625,-0.004058837890625,11.5145263671875,-4.3942413330078125,-9.230804443359375,-5.5140380859375,-2.0808258056640625,6.5414886474609375,16.020286253690845
1989-001,1989-05-23 03:00:00,17.5,90.6,1.0,1989-05-23 03:00:00,0.0,-1.3932352885603905e-05,-3.739004023373127e-05,4.9739377573132515e-05,-6.613321602344513e-06,93.53126525878906,92.40655517578125,90.62459564208984,112.5563735961914,292.34326171875,284.704345703125,271.44140625,225.21273803710938,-0.9502716064453125,-2.1695556640625,-0.927825927734375,-10.227813720703125,-0.1997528076171875,-0.9965972900390625,2.5419921875,-3.2922515869140625,9.7793832311542
1989-001,1989-05-23 12:00:00,18.8,90.4,0.0,1989-05-23 12:00:00,0.0,-2.985447645187378e-05,9.60472971200943e-06,5.850987508893013e-05,-3.8179801777005196e-05,90.76058959960938,88.75433349609375,94.42461395263672,70.07054138183594,292.8486328125,285.29638671875,271.971435546875,224.94065856933594,2.8706512451171875,-1.2181549072265625,-2.0013885498046875,-15.2437744140625,-3.6775665283203125,-4.3981781005859375,0.80767822265625,-5.2315673828125,18.180960800180774
1989-001,1989-05-24 03:00:00,19.5,89.7,0.0,1989-05-24 03:00:00,0.0,1.3432232663035393e-05,-4.649953916668892e-05,4.2979372665286064e-05,0.00010290625505149364,96.08638763427734,81.01837921142578,99.06365203857422,80.7239990234375,292.870849609375,285.79736328125,272.00146484375,225.27224731445312,0.799468994140625,-3.4161376953125,-9.26007080078125,-8.01904296875,7.4933013916015625,4.466552734375,4.244140625,3.6975860595703125,9.600708730164778
1989-001,1989-05-25 03:00:00,19.6,88.1,1.0,1989-05-25 03:00:00,0.0,7.181195542216301e-06,-4.6996865421533585e-06,3.593415021896362e-05,-4.327390342950821e-05,94.54756164550781,78.87387084960938,54.11375045776367,95.82447814941406,293.673828125,288.17724609375,273.88134765625,225.49009704589844,0.257720947265625,-1.8516845703125,-8.248138427734375,-12.739654541015625,2.6549835205078125,4.757171630859375,7.9470977783203125,8.624710083007812,14.302776122641099
1989-001,1989-05-26 03:00:00,20.6,87.5,0.0,1989-05-26 03:00:00,0.0,-4.193698987364769e-05,-0.0001301902811974287,5.0979433581233025e-05,9.476533159613609e-05,91.96390533447266,91.24223327636719,98.44080352783203,100.41080474853516,294.76513671875,287.459228515625,273.288818359375,225.6546630859375,-13.748641967773438,-16.374557495117188,-11.12005615234375,2.5367584228515625,-3.915130615234375,-2.4233551025390625,7.025177001953125,9.821121215820312,21.30490272799015
1989-001,1989-05-26 12:00:00,21.5,87.2,0.0,1989-05-26 12:00:00,0.0,-8.799787610769272e-05,-4.316912963986397e-06,0.00016421545296907425,-1.1680880561470985e-05,100.3659439086914,100.99605560302734,100.6109619140625,102.43630981445312,294.017578125,287.18701171875,272.0888671875,227.54873657226562,1.7908477783203125,0.90435791015625,0.1304473876953125,-3.5444793701171875,-17.890060424804688,-14.993209838867188,-5.2935638427734375,8.859649658203125,27.276596292532982
1989-003,1989-06-12 03:00:00,19.5,88.0,0.0,1989-06-12 03:00:00,0.0,-7.234280928969383e-06,-1.0818010196089745e-05,9.517883881926537e-05,4.719942808151245e-06,94.02216339111328,94.8892822265625,76.62094116210938,98.32344055175781,292.78466796875,285.21728515625,273.257568359375,225.2790069580078,-6.787445068359375,-7.0440521240234375,-5.98211669921875,1.6968231201171875,-4.474578857421875,-2.4462890625,9.67974853515625,2.516632080078125,10.993627111495778
1989-003,1989-06-12 12:00:00,19.5,87.5,0.0,1989-06-12 12:00:00,0.0,9.640585631132126e-06,9.319745004177094e-06,-3.722519613802433e-05,-2.2070948034524918e-05,91.60645294189453,84.16036987304688,70.51512908935547,102.5067138671875,293.737060546875,286.7001953125,273.44921875,226.39520263671875,4.986785888671875,2.458343505859375,-4.597686767578125,-6.763153076171875,-0.02880859375,1.66961669921875,6.9913482666015625,-3.4300537109375,12.232315153916907
1989-003,1989-06-13 03:00:00,20.0,86.9,0.0,1989-06-13 03:00:00,0.0,1.0459916666150093e-05,-2.6894034817814827e-05,-2.7769943699240685e-05,8.095288649201393e-06,90.636962890625,85.05538177490234,77.89752960205078,52.726959228515625,294.454833984375,286.870361328125,273.127685546875,226.03018188476562,3.1024322509765625,4.32354736328125,-2.0061798095703125,-6.088623046875,-2.1021575927734375,2.9582061767578125,8.447067260742188,0.1030426025390625,9.451899565144117
1989-003,1989-06-13 12:00:00,21.4,86.9,0.0,1989-06-13 12:00:00,0.0,6.545102223753929e-06,5.1215291023254395e-05,-2.7706613764166832e-05,-0.00011866120621562004,95.0936050415039,77.96269989013672,75.14083862304688,102.99076080322266,294.556640625,288.761962890625,273.189208984375,227.5077667236328,-1.8466033935546875,-0.973907470703125,-5.0549774169921875,1.1100311279296875,3.2852020263671875,6.061279296875,3.15478515625,0.688629150390625,3.934955958316476
1989-005,1989-07-21 12:00:00,18.0,86.7,0.0,1989-07-21 12:00:00,0.0,2.1662330254912376e-05,-9.506475180387497e-06,6.8410299718379974e-06,1.1641765013337135e-05,83.73184967041016,82.05816650390625,61.53008270263672,74.06803894042969,294.2001953125,286.153564453125,272.6552734375,224.2588653564453,-8.830596923828125,-10.636962890625,-17.300735473632812,-13.524642944335938,0.436553955078125,0.065673828125,0.7154083251953125,-2.2584228515625,5.4126673674793775
1989-005,1989-07-22 03:00:00,18.0,86.0,0.0,1989-07-22 03:00:00,0.0,-3.695022314786911e-06,-1.9021332263946533e-05,6.521586328744888e-05,-4.384270869195461e-05,95.3629150390625,76.04668426513672,43.314666748046875,78.65135192871094,293.8681640625,286.208251953125,275.428466796875,225.2457275390625,-3.9151763916015625,-4.0323944091796875,-17.354812622070312,-6.0571441650390625,6.0073394775390625,1.6837615966796875,3.7791290283203125,4.697967529296875,2.5104742263740416
1989-005,1989-07-22 12:00:00,18.0,85.0,0.0,1989-07-22 12:00:00,0.0,-1.2536533176898956e-05,-2.7185538783669472e-05,9.41101461648941e-06,0.00012498279102146626,74.6600341796875,74.64012145996094,66.8631591796875,88.78971862792969,295.54931640625,287.01953125,273.69921875,225.66583251953125,-10.919525146484375,-4.011016845703125,-15.612060546875,-1.014862060546875,6.1464691162109375,12.411056518554688,10.493209838867188,7.78253173828125,10.03887701634344
1989-005,1989-07-23 03:00:00,18.6,82.0,0.0,1989-07-23 03:00:00,0.0,8.47959890961647e-05,3.8473401218652725e-05,-0.00013026827946305275,9.858189150691032e-05,99.68983459472656,78.03099060058594,94.00636291503906,98.70407104492188,292.736572265625,286.674560546875,272.392333984375,226.03550720214844,3.46539306640625,2.800201416015625,-8.206680297851562,-5.0433807373046875,10.677581787109375,9.046463012695312,0.7369384765625,5.3067626953125,10.062053933443574
1989-005,1989-07-23 12:00:00,19.5,78.0,0.0,1989-07-23 12:00:00,0.0,-1.1756084859371185e-05,-2.498272806406021e-07,-1.125154085457325e-05,-1.5455763787031174e-05,94.36441040039062,88.15122985839844,94.24166870117188,96.72515106201172,294.2783203125,286.12255859375,271.763671875,227.7926788330078,-1.93865966796875,-3.8493804931640625,-7.992523193359375,-6.40533447265625,-12.679779052734375,-11.678253173828125,-9.271408081054688,5.4671630859375,18.68857118120952
1989-005,1989-07-24 03:00:00,20.5,77.0,0.0,1989-07-24 03:00:00,0.0,7.535447366535664e-05,-8.742790669202805e-07,-4.7073233872652054e-05,9.16547141969204e-05,98.96469116210938,75.12785339355469,88.81908416748047,101.09015655517578,292.30224609375,286.125244140625,272.629638671875,226.7671661376953,0.918243408203125,3.370819091796875,3.1350250244140625,-2.4253692626953125,4.103424072265625,2.493988037109375,5.6556243896484375,7.685546875,4.9001376987654295
1989-005,1989-07-24 12:00:00,22.3,74.1,0.0,1989-07-24 12:00:00,0.0,-4.218867979943752e-05,-4.470348358154297e-07,-2.9745744541287422e-05,-4.515168257057667e-05,98.74839782714844,99.40601348876953,98.29950714111328,100.29365539550781,293.270751953125,285.2724609375,272.2333984375,227.47824096679688,1.09942626953125,1.2089996337890625,-6.486419677734375,-7.3900146484375,-7.7567138671875,-4.09954833984375,-0.5222930908203125,0.5930633544921875,11.907534872985384
1989-006,1989-08-16 03:00:00,16.5,86.0,0.0,1989-08-16 03:00:00,0.0,-2.4304259568452835e-05,3.091339021921158e-05,2.3598317056894302e-05,-1.6424106433987617e-05,89.86124420166016,77.17619323730469,79.2078628540039,53.00477600097656,292.002685546875,284.099609375,270.62841796875,222.10208129882812,-2.8965606689453125,-4.46832275390625,-10.846893310546875,-10.503921508789062,-1.5029449462890625,1.980072021484375,5.127044677734375,-0.420745849609375,7.683950405386707
1989-006,1989-08-16 12:00:00,17.0,85.0,0.0,1989-08-16 12:00:00,0.0,-2.800975926220417e-05,-4.430767148733139e-07,3.137672320008278e-05,-4.143943078815937e-05,92.66854858398438,86.78296661376953,53.45665740966797,30.989154815673828,292.22607421875,284.584716796875,273.10009765625,223.0648193359375,0.1654205322265625,0.360565185546875,-5.7739105224609375,-15.8619384765625,-3.00128173828125,1.5457763671875,11.517013549804688,-6.81585693359375,16.475048428375114
1989-007,1989-10-17 03:00:00,17.5,89.5,0.0,1989-10-17 03:00:00,0.0,-1.3611046597361565e-05,4.680594429373741e-06,1.3142591342329979e-05,-8.449191227555275e-06,93.96052551269531,76.64855194091797,83.03016662597656,97.89619445800781,291.724609375,284.099853515625,269.596435546875,220.6129608154297,7.1177520751953125,5.2571258544921875,2.8289337158203125,3.4187164306640625,6.068389892578125,8.004791259765625,8.665069580078125,-3.532012939453125,10.28837204016196
1989-008,1989-11-01 03:00:00,8.0,103.0,0.0,1989-11-01 03:00:00,0.0,-2.8917565941810608e-05,3.468827344477177e-05,-5.291728302836418e-05,2.239062450826168e-05,98.12787628173828,77.45063018798828,98.81543731689453,94.2828598022461,289.812255859375,282.515625,268.036376953125,221.1453857421875,-15.458038330078125,-8.98834228515625,0.4096832275390625,-13.405197143554688,-7.026611328125,-1.766937255859375,-2.952606201171875,4.000640869140625,11.216703970382142
1989-008,1989-11-01 12:00:00,8.0,102.5,0.0,1989-11-01 12:00:00,0.0,5.129794590175152e-05,-5.7658180594444275e-06,-9.440584108233452e-06,5.0437403842806816e-05,98.99374389648438,85.30420684814453,96.12325286865234,99.39955139160156,290.289794921875,282.8743896484375,268.335693359375,220.82855224609375,-12.061767578125,-5.970733642578125,4.0428466796875,-4.9693450927734375,-3.921844482421875,-2.6154022216796875,-5.1838531494140625,0.7077789306640625,8.469703044246234
1989-008,1989-11-02 03:00:00,8.5,102.5,0.0,1989-11-02 03:00:00,0.0,-1.8039485439658165e-05,2.2958731278777122e-05,3.073364496231079e-06,0.00010527740232646465,94.12486267089844,77.79110717773438,81.5054702758789,100.18612670898438,290.12646484375,281.50732421875,268.2978515625,219.61233520507812,-8.427093505859375,-6.8834381103515625,1.8213043212890625,0.5528106689453125,0.3677520751953125,0.6008148193359375,-7.0262298583984375,4.706146240234375,9.97298064371528
1989-008,1989-11-03 03:00:00,9.5,101.5,1.0,1989-11-03 03:00:00,0.0,-3.070710226893425e-05,2.4866312742233276e-06,-9.285891428589821e-05,-0.00011525559239089489,99.13746643066406,92.32360076904297,93.10710144042969,97.50690460205078,290.57373046875,283.19580078125,268.752685546875,219.7922821044922,-5.643463134765625,-4.2934722900390625,-0.926055908203125,1.19219970703125,-5.7837677001953125,-2.0643463134765625,-6.826751708984375,6.2172393798828125,13.811243876740711
1989-008,1989-11-04 12:00:00,11.0,98.0,0.0,1989-11-04 12:00:00,0.0,-2.4046050384640694e-05,3.7837307900190353e-06,-1.4501158148050308e-05,-1.624738797545433e-05,81.624755859375,68.15839385986328,75.14120483398438,99.30693817138672,291.21142578125,283.147216796875,268.7470703125,219.40956115722656,-0.8178863525390625,-1.084716796875,-3.8135528564453125,-9.14215087890625,-6.8724212646484375,-7.544677734375,-12.47723388671875,0.16021728515625,10.897310901187234
1989-008,1989-11-08 03:00:00,14.5,83.4,0.0,1989-11-08 03:00:00,0.0,-6.407266482710838e-06,-1.9783619791269302e-06,5.802139639854431e-07,9.372364729642868e-06,31.542865753173828,55.2622184753418,33.34879684448242,78.53492736816406,291.67919921875,282.63330078125,269.34912109375,219.8769073486328,-11.56396484375,-10.775146484375,-7.1185150146484375,-5.4273834228515625,-1.176849365234375,4.520660400390625,-2.3267059326171875,8.11553955078125,11.135803666633402
1989-010,1989-11-16 12:00:00,10.5,85.0,0.0,1989-11-16 12:00:00,0.0,8.542090654373169e-06,4.3387291952967644e-05,-6.527872756123543e-05,3.0187657102942467e-05,91.767578125,75.11554718017578,98.92779541015625,99.94645690917969,290.742919921875,282.414794921875,268.760498046875,219.6866912841797,-8.302078247070312,-7.5477294921875,-7.48126220703125,0.786224365234375,4.553436279296875,3.838531494140625,-0.4471435546875,6.3389129638671875,9.26202846918365
1989-010,1989-11-17 03:00:00,10.5,84.5,0.0,1989-11-17 03:00:00,0.0,-8.855480700731277e-06,6.096134893596172e-05,-6.959214806556702e-05,4.336610436439514e-05,89.54216766357422,73.67353820800781,96.97904205322266,97.08824157714844,290.697509765625,283.027587890625,268.5233154296875,219.4434814453125,-9.667572021484375,-8.716415405273438,-3.478790283203125,-3.68359375,7.8631134033203125,2.9246368408203125,4.27923583984375,7.9506378173828125,5.984618323389898
1989-010,1989-11-17 12:00:00,10.0,84.0,0.0,1989-11-17 12:00:00,0.0,-3.2472191378474236e-05,-1.473166048526764e-05,8.135638199746609e-05,-7.655704393982887e-05,96.01406860351562,75.01007843017578,93.38750457763672,50.50679397583008,290.306884765625,282.50341796875,269.2642822265625,220.44363403320312,0.273651123046875,-1.4056396484375,-5.467864990234375,-0.4709320068359375,7.9414520263671875,11.458389282226562,10.228546142578125,5.9148406982421875,2.1590640362413205
1989-010,1989-11-18 03:00:00,10.0,84.0,0.0,1989-11-18 03:00:00,0.0,-4.577473737299442e-05,-9.097391739487648e-06,4.194770008325577e-05,0.00012905686162412167,93.21094512939453,90.19627380371094,100.37445068359375,99.5333251953125,290.5185546875,282.127685546875,268.369140625,220.5739288330078,-4.2312469482421875,-3.1376953125,0.3751678466796875,4.8005523681640625,8.791183471679688,8.39385986328125,8.941726684570312,9.64471435546875,9.072040225958995
1989-010,1989-11-18 12:00:00,9.0,83.5,0.0,1989-11-18 12:00:00,0.0,-2.9306625947356224e-05,8.480623364448547e-06,-6.277463398873806e-05,5.182204768061638e-05,96.25048828125,81.21562957763672,100.68158721923828,100.26506805419922,290.10498046875,282.598388671875,269.281005859375,220.65379333496094,-0.350494384765625,1.913482666015625,-3.4406890869140625,2.6524200439453125,12.9744873046875,13.001998901367188,12.5531005859375,7.3944091796875,6.336778909451067
1989-010,1989-11-19 03:00:00,9.0,83.0,0.0,1989-11-19 03:00:00,0.0,-1.9432511180639267e-05,1.1806841939687729e-05,3.0362047255039215e-05,3.0680326744914055e-05,96.58712768554688,82.4620590209961,91.07441711425781,100.61522674560547,290.603759765625,282.845703125,268.93115234375,220.26947021484375,-2.285919189453125,-0.23638916015625,5.2485198974609375,3.2460174560546875,7.5162811279296875,8.83392333984375,7.6710662841796875,4.822509765625,6.152944596068218
1990-001,1990-05-04 06:00:00,8.5,87.0,0.0,1990-05-04 06:00:00,0.0,-2.47142743319273e-05,2.02166847884655e-06,1.6456004232168198e-05,6.423401646316051e-05,91.77218627929688,88.22151184082031,86.0604248046875,102.01889038085938,290.97119140625,283.080078125,269.100830078125,221.14991760253906,6.054107666015625,1.5916900634765625,-1.382568359375,-2.226959228515625,-0.37890625,-2.2933197021484375,1.7857208251953125,0.0214385986328125,8.290738502059288
1990-001,1990-05-04 12:00:00,9.5,87.0,0.0,1990-05-04 12:00:00,0.0,-2.050912007689476e-05,-1.836172305047512e-05,3.291061148047447e-06,6.19411002844572e-05,93.1323013305664,85.00458526611328,88.33773040771484,98.72882080078125,291.028564453125,283.38720703125,269.16796875,221.56646728515625,2.3614501953125,-0.5240478515625,-1.7989654541015625,-4.4568939208984375,-1.932281494140625,1.0228729248046875,5.5663604736328125,1.7910614013671875,7.768725687305275
1990-001,1990-05-04 18:00:00,9.5,86.0,1.0,1990-05-04 18:00:00,0.0,1.2419652193784714e-05,1.47172249853611e-05,-1.718057319521904e-05,3.2908981665968895e-05,85.76129150390625,80.3785171508789,97.62873077392578,100.38493347167969,291.860107421875,283.41650390625,269.0439453125,219.27272033691406,1.9365386962890625,0.617279052734375,1.1402435302734375,-3.450469970703125,-2.80206298828125,-1.5959625244140625,-1.662384033203125,0.433837890625,6.284179888923867
1990-001,1990-05-05 00:00:00,10.0,85.5,0.0,1990-05-05 00:00:00,0.0,-3.5765115171670914e-05,-2.252403646707535e-06,-0.0001276968978345394,5.616433918476105e-05,93.1533432006836,82.70819854736328,100.72869873046875,100.401123046875,291.22412109375,283.581298828125,269.856201171875,220.75283813476562,-0.116058349609375,-0.776092529296875,-2.460357666015625,-5.574371337890625,-4.1703338623046875,-2.6157379150390625,-1.59442138671875,0.9145355224609375,7.459830918872528
1990-001,1990-05-05 06:00:00,10.0,85.0,1.0,1990-05-05 06:00:00,0.0,-9.231502190232277e-06,-1.0763527825474739e-05,-7.477449253201485e-05,0.0001082161907106638,97.26274871826172,87.35518646240234,96.15808868408203,99.92002868652344,291.263671875,283.1640625,269.512451171875,222.28863525390625,0.9281768798828125,-0.1085205078125,-1.22540283203125,-7.58050537109375,-2.4856719970703125,-4.9635162353515625,-9.638412475585938,8.7742919921875,14.113272571854704
1990-001,1990-05-05 12:00:00,10.1,84.7,1.0,1990-05-05 12:00:00,0.0,-3.5976991057395935e-05,-8.034729398787022e-05,-1.4870660379529e-05,8.632964454591274e-05,95.00505065917969,78.55569458007812,100.16099548339844,100.14222717285156,291.132568359375,283.21240234375,270.012939453125,221.80239868164062,5.5453643798828125,1.4185943603515625,7.1450653076171875,-11.317459106445312,-3.1569366455078125,-2.7895965576171875,-8.30194091796875,4.396636962890625,18.477318262901488
1990-001,1990-05-05 18:00:00,10.3,83.9,0.0,1990-05-05 18:00:00,0.0,1.9681407138705254e-05,-1.569744199514389e-06,8.598435670137405e-07,2.5212299078702927e-05,89.75553131103516,81.17211151123047,74.56544494628906,100.6671142578125,291.6318359375,283.60205078125,270.49560546875,220.57997131347656,5.9015655517578125,5.0788421630859375,-0.4924774169921875,-3.83984375,-2.986663818359375,-4.263153076171875,-16.890060424804688,3.303131103515625,11.59554118373171
1990-001,1990-05-06 00:00:00,10.3,83.3,1.0,1990-05-06 00:00:00,0.0,-2.4154549464583397e-05,-7.049180567264557e-06,2.8037000447511673e-05,-7.771048694849014e-05,88.8424072265625,84.71123504638672,74.72381591796875,101.76951599121094,291.41162109375,283.537109375,270.170166015625,222.1892852783203,2.5654144287109375,3.3317108154296875,0.7147064208984375,1.3942108154296875,-7.727752685546875,-9.355178833007812,-13.055145263671875,5.5748748779296875,13.35408619098774
1990-001,1990-05-06 06:00:00,10.0,83.2,1.0,1990-05-06 06:00:00,0.0,2.957182005047798e-06,-3.0359486117959023e-05,7.607252337038517e-05,4.8401299864053726e-05,88.48810577392578,78.92765045166016,95.25977325439453,99.49020385742188,291.6171875,283.927001953125,270.0211181640625,223.08139038085938,9.24176025390625,10.657073974609375,10.581771850585938,1.2097625732421875,-1.2842864990234375,-0.4751129150390625,-4.5545806884765625,7.2324676513671875,11.706753948058736
1990-001,1990-05-06 12:00:00,10.2,82.9,1.0,1990-05-06 12:00:00,0.0,5.052424967288971e-07,-1.6164500266313553e-05,3.359955735504627e-05,-6.464356556534767e-05,92.61787414550781,79.70225524902344,93.036865234375,99.66463470458984,291.8271484375,283.851806640625,270.071044921875,223.8324737548828,7.562744140625,9.302536010742188,9.086151123046875,3.191619873046875,4.94403076171875,5.318603515625,3.2076568603515625,0.7292938232421875,6.072127701487279
1990-001,1990-05-06 18:00:00,10.3,82.5,0.0,1990-05-06 18:00:00,0.0,7.116235792636871e-06,9.123701602220535e-06,-4.355865530669689e-05,-4.728464409708977e-05,88.4922103881836,78.06233215332031,97.72480773925781,95.45230865478516,292.591552734375,284.7138671875,269.7978515625,223.6739959716797,15.689865112304688,14.549392700195312,10.35296630859375,-0.065185546875,3.9741363525390625,4.046661376953125,2.085968017578125,2.6721343994140625,15.808758027095601
1990-001,1990-05-07 00:00:00,11.3,82.3,1.0,1990-05-07 00:00:00,0.0,1.0400544852018356e-06,1.685693860054016e-05,-2.5742221623659134e-05,-2.5296583771705627e-05,92.1651611328125,88.90008544921875,94.47773742675781,101.28192901611328,292.229736328125,284.14013671875,270.36328125,224.52342224121094,-3.7635650634765625,-5.6465911865234375,-4.5174560546875,-0.875091552734375,7.6555023193359375,7.1062774658203125,6.3909454345703125,-0.430908203125,8.586810488186302
1990-001,1990-05-07 06:00:00,11.3,81.8,0.0,1990-05-07 06:00:00,0.0,-2.1298183128237724e-05,7.189810276031494e-07,6.809551268815994e-05,-1.543620601296425e-05,94.06512451171875,77.8741455078125,89.71327209472656,111.74151611328125,292.358154296875,284.723388671875,271.591064453125,224.65171813964844,2.6143341064453125,1.8422393798828125,-0.9209136962890625,-3.1048583984375,1.42974853515625,0.626678466796875,0.8399810791015625,-0.2790679931640625,5.969021430298976
1990-001,1990-05-07 12:00:00,11.4,81.7,0.0,1990-05-07 12:00:00,0.0,6.404472514986992e-06,4.277098923921585e-06,3.2769981771707535e-05,-4.176073707640171e-05,96.62535858154297,84.288330078125,92.79273223876953,94.03853607177734,292.275634765625,284.8857421875,271.6201171875,224.9163360595703,1.9042510986328125,2.292205810546875,-1.31781005859375,-2.9715118408203125,6.7698822021484375,5.8393707275390625,4.1229248046875,1.900970458984375,6.890527251558148
1990-001,1990-05-07 18:00:00,14.5,80.8,0.0,1990-05-07 18:00:00,0.0,-6.817537359893322e-05,-8.17934051156044e-07,2.6766210794448853e-05,4.847114905714989e-05,90.86715698242188,74.60700225830078,97.5770034790039,100.51250457763672,291.49951171875,282.89697265625,269.586669921875,222.83226013183594,-17.33990478515625,-15.800079345703125,-12.501113891601562,-16.974212646484375,-5.283721923828125,-2.6391143798828125,-6.4297027587890625,4.73956298828125,10.029953697281252
1990-001,1990-05-08 00:00:00,13.3,81.8,0.0,1990-05-08 00:00:00,0.0,3.683404065668583e-05,-5.415128543972969e-05,1.7122598364949226e-05,-2.0984531147405505e-05,91.87117767333984,80.69121551513672,100.26506042480469,101.54130554199219,293.103759765625,285.271484375,272.04931640625,226.6011199951172,-17.373779296875,-16.959930419921875,-13.447006225585938,-12.029281616210938,7.950164794921875,7.5786590576171875,7.20184326171875,-4.0959930419921875,13.178527007616202
1990-001,1990-05-08 06:00:00,13.6,81.4,0.0,1990-05-08 06:00:00,0.0,1.8608057871460915e-05,2.7481000870466232e-06,4.33996319770813e-05,-5.556270480155945e-06,96.71342468261719,76.4622802734375,96.01081848144531,96.54232025146484,292.611328125,285.47509765625,272.718994140625,227.3769073486328,9.936477661132812,9.019927978515625,5.03564453125,-4.74810791015625,10.275070190429688,9.152633666992188,6.4438323974609375,4.0107269287109375,15.964931879001302
1990-001,1990-05-08 12:00:00,13.9,81.1,0.0,1990-05-08 12:00:00,0.0,-2.6757363229990005e-05,-2.6730122044682503e-05,5.0563598051667213e-05,-6.545998621731997e-05,88.45023345947266,80.19813537597656,99.76470947265625,61.9011344909668,293.495361328125,285.3798828125,272.7802734375,226.4484405517578,14.06158447265625,13.805999755859375,7.673126220703125,3.141876220703125,-14.726165771484375,-12.93182373046875,-12.479385375976562,-7.7828216552734375,12.94024944983265
1990-001,1990-05-08 18:00:00,14.5,80.8,0.0,1990-05-08 18:00:00,0.0,-0.00012253480963408947,-0.00018421979621052742,0.00019116164185106754,0.00021370756439864635,100.78282928466797,101.8245620727539,103.68522644042969,102.76146697998047,292.15087890625,284.736083984375,269.992919921875,228.17750549316406,17.248245239257812,17.186798095703125,11.014846801757812,0.00933837890625,-25.640579223632812,-23.29754638671875,-22.56219482421875,-14.960830688476562,20.27897774825073
1990-001,1990-05-09 00:00:00,15.1,81.0,0.0,1990-05-09 00:00:00,0.0,-0.0001558610238134861,8.196174167096615e-05,8.61799344420433e-05,6.931833922863007e-06,96.006591796875,97.81982421875,100.23345947265625,100.67088317871094,292.944091796875,285.408447265625,271.406005859375,227.83905029296875,26.786941528320312,19.1353759765625,19.491744995117188,8.04986572265625,-12.197830200195312,-10.292800903320312,-6.708160400390625,-4.526824951171875,20.24653874808597
1990-001,1990-05-09 06:00:00,15.4,80.9,0.0,1990-05-09 06:00:00,0.0,1.6271136701107025e-05,4.273350350558758e-05,-3.80505807697773e-05,9.910226799547672e-05,88.40119171142578,86.64991760253906,97.27365112304688,98.43875122070312,294.624755859375,287.12744140625,272.5888671875,227.69190979003906,7.8642120361328125,5.7584991455078125,8.581268310546875,-3.696868896484375,-11.5552978515625,-8.179931640625,-7.28668212890625,-3.746551513671875,13.951168829171445
1990-001,1990-05-09 12:00:00,15.9,81.0,0.0,1990-05-09 12:00:00,0.0,0.00020126043818891048,1.708976924419403e-06,-4.484900273382664e-05,-1.6061821952462196e-05,95.72406768798828,87.44522857666016,87.79507446289062,90.0335464477539,293.561767578125,287.304443359375,272.8154296875,227.2755584716797,-2.54046630859375,-1.3079376220703125,-3.4274444580078125,-7.6787109375,-5.3274383544921875,-5.1755218505859375,-6.165771484375,-10.655685424804688,7.402146628430003
1990-002,1990-06-13 12:00:00,21.0,89.0,0.0,1990-06-13 12:00:00,0.0,2.5180634111166e-06,3.406079486012459e-06,4.079751670360565e-05,-2.881838008761406e-05,93.42674255371094,85.29993438720703,92.80017852783203,41.860260009765625,293.975341796875,286.91064453125,272.298095703125,225.20904541015625,1.2439422607421875,-4.14715576171875,-8.967193603515625,-13.959457397460938,-4.7906036376953125,-2.2261199951171875,3.5837860107421875,8.074737548828125,19.91633412585527
1990-002,1990-06-13 18:00:00,21.5,88.5,0.0,1990-06-13 18:00:00,0.0,-1.616077497601509e-05,-2.9269373044371605e-05,9.185168892145157e-07,-1.5378303942270577e-05,95.2300796508789,90.62236022949219,89.92647552490234,73.85736846923828,293.390380859375,286.346923828125,272.40576171875,225.50807189941406,-7.88079833984375,-6.326171875,-12.006195068359375,-7.808624267578125,-4.3688507080078125,-5.407196044921875,-0.1320953369140625,8.371200561523438,12.740255705714553
1990-002,1990-06-14 00:00:00,21.5,88.0,0.0,1990-06-14 00:00:00,0.0,3.6603305488824844e-06,2.3206928744912148e-05,3.252108581364155e-05,2.1335436031222343e-05,98.27613830566406,86.88119506835938,69.34435272216797,100.40597534179688,293.065673828125,286.162841796875,272.196044921875,226.90353393554688,-5.5842742919921875,-10.030609130859375,-15.318130493164062,-7.9906158447265625,-6.488128662109375,-2.6944427490234375,5.6360626220703125,12.910018920898438,19.5468311836105
1990-002,1990-06-14 06:00:00,22.0,87.0,0.0,1990-06-14 06:00:00,0.0,-9.712763130664825e-06,-8.589588105678558e-06,1.233280636370182e-05,6.58456701785326e-05,96.35118865966797,91.98683166503906,95.23200988769531,100.66666412353516,293.200927734375,285.28857421875,270.593505859375,227.14950561523438,-9.553573608398438,-10.047454833984375,-14.279373168945312,-5.417938232421875,-10.29815673828125,-9.36663818359375,-9.681350708007812,10.97283935546875,21.669304436999276
1990-003,1990-08-14 12:00:00,19.0,87.5,0.0,1990-08-14 12:00:00,0.0,-5.9157609939575195e-06,5.508773028850555e-07,1.5088357031345367e-05,-5.296780727803707e-05,91.17362213134766,66.12213134765625,51.614418029785156,94.24996948242188,293.216064453125,286.3974609375,273.2607421875,222.80377197265625,1.1007843017578125,-3.630859375,-5.126708984375,-18.951751708984375,11.141494750976562,7.6308135986328125,5.7751922607421875,-2.5195159912109375,24.263705713684267
1990-003,1990-08-14 18:00:00,19.0,86.5,0.0,1990-08-14 18:00:00,0.0,-1.9578030332922935e-05,2.7696602046489716e-05,-3.980775363743305e-05,-5.61351771466434e-06,99.78145599365234,86.55232238769531,66.18544006347656,88.26119995117188,292.72802734375,286.1240234375,272.136962890625,223.2249298095703,6.1021270751953125,3.991455078125,-6.2862548828125,-20.278549194335938,6.9703216552734375,7.3588104248046875,6.2627716064453125,-0.8437347412109375,27.51362494847321
1990-003,1990-08-15 00:00:00,19.0,86.0,0.0,1990-08-15 00:00:00,0.0,-1.0407529771327972e-06,-1.1302530765533447e-05,-2.6014167815446854e-06,-1.8759863451123238e-05,96.05343627929688,69.32125854492188,73.19817352294922,86.29048156738281,293.267822265625,286.8798828125,271.080810546875,223.648193359375,4.275115966796875,3.105438232421875,-5.47137451171875,-12.9609375,11.692855834960938,9.30169677734375,4.032684326171875,-0.491119384765625,21.107600319913004
1990-003,1990-08-15 06:00:00,19.5,85.0,0.0,1990-08-15 06:00:00,0.0,1.1130701750516891e-05,-3.819377161562443e-05,4.005734808743e-05,-8.426839485764503e-05,97.34917449951172,86.61084747314453,67.29840087890625,98.77043914794922,293.52734375,286.1240234375,271.5750732421875,224.5249786376953,-1.2567291259765625,-0.300445556640625,-4.922332763671875,-16.0107421875,1.9136962890625,5.5295257568359375,4.8300323486328125,-2.9716949462890625,15.541812923274236
1990-003,1990-08-15 12:00:00,20.5,83.5,0.0,1990-08-15 12:00:00,0.0,-1.2749806046485901e-05,8.430331945419312e-06,-2.2676773369312286e-05,2.7330825105309486e-05,99.766845703125,96.09231567382812,68.47708892822266,110.67393493652344,293.779541015625,286.1865234375,272.5107421875,226.1714630126953,-4.99786376953125,-3.8213348388671875,-6.892333984375,-17.111190795898438,-0.3615264892578125,1.0410919189453125,1.74237060546875,-5.261138916015625,13.066709363116534
1990-003,1990-08-15 18:00:00,21.5,82.5,0.0,1990-08-15 18:00:00,0.0,5.1336828619241714e-06,7.973751053214073e-06,-1.8843216821551323e-05,-1.3667769962921739e-05,99.7109375,93.29879760742188,74.58332824707031,106.85968780517578,293.35546875,285.742431640625,272.0616455078125,225.99476623535156,-10.546371459960938,-9.402206420898438,-11.715011596679688,-12.687179565429688,-0.3957672119140625,-0.796722412109375,2.1575164794921875,-2.76812744140625,3.195489383946835
1990-003,1990-08-16 00:00:00,21.5,81.5,0.0,1990-08-16 00:00:00,0.0,-3.6081764847040176e-06,2.394896000623703e-06,6.668269634246826e-06,-1.2229196727275848e-05,100.80887603759766,86.71324157714844,42.54735565185547,27.43960189819336,292.75146484375,285.455078125,272.4403076171875,225.2789764404297,-10.245025634765625,-8.669479370117188,-10.454452514648438,-18.780929565429688,-1.421600341796875,-1.1479949951171875,1.1391143798828125,-4.9725189208984375,9.24503535249784
1990-004,1990-08-20 06:00:00,20.0,88.5,0.0,1990-08-20 06:00:00,0.0,6.8140216171741486e-06,9.988667443394661e-06,-7.462222129106522e-07,3.781681880354881e-05,91.46217346191406,67.01204681396484,66.74790954589844,16.41826629638672,293.787841796875,287.214111328125,272.217041015625,225.8553924560547,-9.617691040039062,-8.754196166992188,-15.860198974609375,-7.848602294921875,2.9239654541015625,5.871612548828125,4.467559814453125,2.028167724609375,1.9829595457960467
1990-004,1990-08-20 12:00:00,20.5,88.5,0.0,1990-08-20 12:00:00,0.0,3.307056613266468e-05,6.198184564709663e-06,-4.624016582965851e-07,5.284394137561321e-05,91.01204681396484,79.79113006591797,88.30575561523438,69.15709686279297,294.01611328125,286.017333984375,272.13525390625,225.71896362304688,-6.7149505615234375,-9.99273681640625,-11.679092407226562,-2.26055908203125,12.105377197265625,7.4014434814453125,7.8703460693359375,-2.3597259521484375,15.135415837556668
1990-004,1990-08-20 18:00:00,20.5,87.5,0.0,1990-08-20 18:00:00,0.0,-2.9430491849780083e-05,-7.899245247244835e-06,3.529363311827183e-05,-4.459335468709469e-05,95.99787902832031,77.58722686767578,74.1931381225586,47.756229400634766,293.77490234375,286.7314453125,273.18701171875,225.8529510498047,-11.498321533203125,-13.670989990234375,-11.845428466796875,-12.141632080078125,4.102508544921875,3.834808349609375,6.341552734375,0.7632293701171875,3.4006813827532985
1990-004,1990-08-21 00:00:00,20.5,86.0,0.0,1990-08-21 00:00:00,0.0,3.659655340015888e-05,-5.944631993770599e-06,1.7742160707712173e-05,6.739632226526737e-05,99.92809295654297,96.61859893798828,92.35243225097656,98.06187438964844,293.02490234375,285.11572265625,271.5126953125,226.39773559570312,-8.84625244140625,-12.412841796875,-16.6171875,-0.7932586669921875,-11.9215087890625,-8.79754638671875,-5.2162628173828125,1.5422210693359375,15.688299156718081
1990-004,1990-08-21 06:00:00,20.5,86.0,0.0,1990-08-21 06:00:00,0.0,2.1614599972963333e-05,7.658242247998714e-05,6.10831193625927e-06,0.0003383341245353222,94.14328002929688,61.28545379638672,81.0349349975586,100.65742492675781,294.18310546875,288.25341796875,273.099609375,226.1557159423828,-6.210723876953125,-5.2678985595703125,-3.4712066650390625,-7.74774169921875,9.9830322265625,8.24639892578125,14.78546142578125,1.9894256591796875,8.14003499624343
1990-004,1990-08-21 12:00:00,20.5,84.0,0.0,1990-08-21 12:00:00,0.0,-4.725693725049496e-05,0.00013332278467714787,2.5364570319652557e-06,3.705359995365143e-05,100.57818603515625,97.59573364257812,90.31106567382812,96.59712219238281,293.513671875,286.4931640625,272.400390625,227.20021057128906,3.9574432373046875,-1.5308074951171875,-7.2507476806640625,-6.1147003173828125,-9.31292724609375,-5.0713958740234375,7.282135009765625,-2.2698822021484375,12.29034414804059
1990-004,1990-08-21 18:00:00,20.5,83.0,0.0,1990-08-21 18:00:00,0.0,-3.561819903552532e-05,-0.00011090654879808426,0.00014893198385834694,0.0003840578137896955,100.13856506347656,99.68895721435547,98.8611831665039,108.50624084472656,293.218505859375,286.75390625,272.98193359375,227.18028259277344,4.8253021240234375,0.199127197265625,2.538421630859375,-4.5569000244140625,-9.767227172851562,-4.8038330078125,-0.8880615234375,4.8001251220703125,17.327246464412944
1990-004,1990-08-22 00:00:00,21.0,82.0,0.0,1990-08-22 00:00:00,0.0,-0.00015254085883498192,0.00012592528946697712,-8.585629984736443e-05,6.817595567554235e-05,99.96691131591797,100.60783386230469,96.67713928222656,102.96448516845703,292.519287109375,286.1982421875,272.76611328125,226.43362426757812,-10.506179809570312,-7.7840728759765625,-10.333740234375,4.1364898681640625,-12.167373657226562,-0.1392669677734375,8.0015869140625,-1.7194671630859375,17.98795500888157
1990-004,1990-08-22 06:00:00,21.5,81.0,0.0,1990-08-22 06:00:00,0.0,-2.1123094484210014e-05,7.139844819903374e-05,2.754293382167816e-05,7.315818220376968e-05,100.3169174194336,98.24188232421875,71.61158752441406,99.93399047851562,292.56494140625,285.9248046875,273.82763671875,226.11915588378906,-16.816452026367188,-13.478591918945312,-11.451873779296875,-5.4749298095703125,-4.6898651123046875,-2.751007080078125,8.6651611328125,-5.1210479736328125,11.349715628772389
1990-004,1990-08-22 12:00:00,21.5,80.5,0.0,1990-08-22 12:00:00,0.0,2.5555724278092384e-05,1.2031523510813713e-05,1.5856465324759483e-05,3.3071497455239296e-05,100.77213287353516,90.32357788085938,48.72774887084961,99.45026397705078,293.052001953125,286.276611328125,275.44921875,226.38356018066406,-9.248550415039062,-5.3172607421875,-5.15350341796875,0.2039337158203125,3.1460418701171875,3.17950439453125,11.30926513671875,-1.793060302734375,10.665091960129333
1990-004,1990-08-22 18:00:00,22.0,79.0,0.0,1990-08-22 18:00:00,0.0,-4.6496279537677765e-05,-3.7723220884799957e-06,2.440554089844227e-05,4.5173801481723785e-06,99.70171356201172,90.22650909423828,67.96637725830078,54.66339111328125,293.187744140625,285.84375,273.01318359375,225.78656005859375,-9.2943115234375,-6.8494110107421875,-6.6204986572265625,-4.279296875,-10.364349365234375,-8.429733276367188,0.7772369384765625,-3.07470703125,8.848121680981782
1990-004,1990-08-23 00:00:00,22.5,77.5,0.0,1990-08-23 00:00:00,0.0,2.813246101140976e-05,-5.708308890461922e-06,8.320668712258339e-06,-4.630000330507755e-05,99.81997680664062,94.53654479980469,76.89043426513672,93.36978149414062,292.544677734375,285.38525390625,271.337646484375,225.98118591308594,-7.4333648681640625,-7.848846435546875,-14.679946899414062,-1.504119873046875,-7.766845703125,-8.875625610351562,-3.7094879150390625,0.03271484375,9.797402254500488
1990-004,1990-08-23 06:00:00,23.0,77.5,0.0,1990-08-23 06:00:00,0.0,-3.42449638992548e-05,4.829559475183487e-05,7.025664672255516e-06,1.8570804968476295e-05,96.07258605957031,97.01403045654297,82.71929931640625,24.998241424560547,292.867431640625,285.750244140625,272.707763671875,226.15505981445312,-8.5546875,-10.82183837890625,-13.4910888671875,-3.7596588134765625,-5.3613128662109375,-3.3715972900390625,6.6443023681640625,0.37640380859375,7.477545903898848
1990-004,1990-08-23 12:00:00,23.5,77.0,0.0,1990-08-23 12:00:00,0.0,-5.3741736337542534e-05,1.2855278328061104e-05,-1.9935891032218933e-05,4.7439709305763245e-05,96.098876953125,99.53272247314453,67.70513153076172,39.165000915527344,294.12255859375,286.495849609375,272.954345703125,226.369140625,-8.646209716796875,-10.90240478515625,-9.08660888671875,-10.654129028320312,0.135101318359375,-2.5770721435546875,6.254913330078125,0.012298583984375,2.011671064850994
1990-005,1990-09-03 06:00:00,22.5,88.2,0.0,1990-09-03 06:00:00,0.0,2.4551991373300552e-05,5.968846380710602e-06,-3.475579433143139e-05,-8.630100637674332e-06,99.3232650756836,94.3825454711914,92.97293090820312,85.28412628173828,292.480712890625,285.19140625,271.609130859375,225.2069854736328,-4.7080230712890625,-3.80743408203125,-6.5319366455078125,-13.333633422851562,-5.7195587158203125,-5.27197265625,-3.602203369140625,0.6926727294921875,10.747923801611016
1990-005,1990-09-03 12:00:00,22.5,87.0,0.0,1990-09-03 12:00:00,0.0,6.088288500905037e-06,-2.5316840037703514e-05,-9.772134944796562e-06,-2.7061905711889267e-05,97.80439758300781,92.41118621826172,97.53736877441406,69.84188079833984,292.38427734375,284.64453125,271.559814453125,225.44297790527344,2.784942626953125,0.2451934814453125,-4.697265625,-13.387603759765625,-5.9954833984375,-9.043960571289062,-10.730087280273438,-2.3130950927734375,16.58647763282672
1990-005,1990-09-03 18:00:00,22.5,86.0,0.0,1990-09-03 18:00:00,0.0,2.0918436348438263e-05,-4.1424063965678215e-05,4.061078652739525e-05,-4.51807864010334e-06,100.59288024902344,97.58056640625,89.54507446289062,70.27566528320312,292.144775390625,284.483642578125,271.5189208984375,225.272216796875,4.584716796875,2.412933349609375,-6.74444580078125,-16.430252075195312,-8.741455078125,-7.8426055908203125,-5.3328399658203125,-4.2787628173828125,21.483587663799835
1990-006,1990-10-06 18:00:00,18.0,90.0,0.0,1990-10-06 18:00:00,0.0,-2.813059836626053e-05,7.91042111814022e-06,2.748146653175354e-05,-2.6183435693383217e-05,82.99224853515625,89.0111312866211,91.79254913330078,92.698486328125,292.126953125,283.38916015625,269.482421875,221.69273376464844,6.5672149658203125,2.8254852294921875,3.6673431396484375,-3.8309783935546875,6.1373443603515625,4.4809112548828125,3.51739501953125,-1.760833740234375,13.057704332980038
1990-006,1990-10-07 00:00:00,20.0,88.5,0.0,1990-10-07 00:00:00,0.0,1.5960074961185455e-05,-2.1802959963679314e-05,-8.749775588512421e-07,-2.1094223484396935e-05,86.72450256347656,92.03632354736328,98.8479995727539,65.81196594238281,292.2568359375,283.257080078125,270.433349609375,222.28025817871094,-4.007904052734375,-5.6685791015625,-7.8974761962890625,-7.1793365478515625,0.1338958740234375,1.222015380859375,-2.871246337890625,2.6487579345703125,4.047531995508288
1990-006,1990-10-07 06:00:00,20.5,88.0,0.0,1990-10-07 06:00:00,0.0,1.6755424439907074e-05,-7.648696191608906e-05,2.483278512954712e-05,1.9317958503961563e-06,80.96783447265625,94.91608428955078,96.35939025878906,65.43158721923828,292.4560546875,283.355712890625,270.131103515625,223.2041473388672,-6.5042724609375,-5.0352325439453125,-6.876922607421875,-4.94140625,0.2976226806640625,0.195556640625,-3.2201690673828125,1.5109100341796875,1.9785391063840734
1990-006,1990-10-07 12:00:00,21.0,87.5,0.0,1990-10-07 12:00:00,0.0,-2.37366184592247e-05,3.132643178105354e-05,1.2795906513929367e-05,-2.4959677830338478e-05,86.42619323730469,89.6584243774414,88.27897644042969,68.98088073730469,292.0693359375,284.104736328125,270.680419921875,223.48960876464844,-3.84307861328125,-4.0168304443359375,-8.365463256835938,3.3240966796875,-3.79486083984375,-4.112884521484375,-5.6563720703125,6.5870208740234375,12.615540797003971
1990-007,1990-10-31 12:00:00,10.5,87.5,0.0,1990-10-31 12:00:00,0.0,-9.084586054086685e-06,-3.274879418313503e-05,3.8522761315107346e-05,2.3538435925729573e-05,96.00199890136719,81.83650970458984,96.2511978149414,95.25379180908203,290.4189453125,283.167724609375,269.43115234375,220.8907012939453,-3.6284027099609375,-6.2797393798828125,-7.27020263671875,-7.96661376953125,1.9781494140625,4.541900634765625,2.967010498046875,3.6061553955078125,4.633624787679715
1990-007,1990-10-31 18:00:00,10.5,87.0,0.0,1990-10-31 18:00:00,0.0,3.6885030567646027e-06,2.0585954189300537e-05,7.3821283876895905e-06,-5.0910646677948534e-05,87.69023132324219,80.2625732421875,94.25564575195312,64.13633728027344,291.09619140625,283.05859375,269.124755859375,220.1631317138672,-0.50164794921875,-1.130706787109375,-7.1152801513671875,-7.693878173828125,1.8780364990234375,5.0165252685546875,1.9080657958984375,2.53900146484375,7.222537662748908
1990-007,1990-11-01 00:00:00,12.0,86.5,0.0,1990-11-01 00:00:00,0.0,-1.0011252015829086e-05,-7.432885468006134e-06,1.966371200978756e-05,-3.669224679470062e-05,91.33380126953125,76.30255126953125,87.36634826660156,98.99175262451172,291.1650390625,283.39453125,269.169677734375,220.42616271972656,-5.1692962646484375,-0.8452911376953125,-6.7193756103515625,-8.06707763671875,-0.41497802734375,3.0054168701171875,5.64892578125,-0.54437255859375,2.9006688582178954
1990-007,1990-11-01 06:00:00,13.5,86.0,0.0,1990-11-01 06:00:00,0.0,4.568835720419884e-06,1.420639455318451e-05,1.4776363968849182e-05,3.273366019129753e-06,99.69965362548828,81.34561920166016,94.50971221923828,101.28018951416016,290.575927734375,283.800048828125,269.192138671875,221.88140869140625,-7.3197174072265625,-5.715789794921875,-2.4372406005859375,-10.114303588867188,-0.0085906982421875,-0.8259124755859375,6.3148193359375,-1.972198486328125,3.4154747066913664
1990-007,1990-11-01 12:00:00,14.0,86.5,0.0,1990-11-01 12:00:00,0.0,1.0918360203504562e-05,-5.261413753032684e-05,-2.8256559744477272e-05,1.4492776244878769e-05,86.6372299194336,91.81233978271484,93.64601135253906,100.37709045410156,292.25341796875,283.5546875,269.908447265625,222.0542449951172,-1.9199066162109375,-3.7638397216796875,2.420013427734375,-6.85430908203125,0.85430908203125,0.0577545166015625,4.9749298095703125,1.522003173828125,4.979371757050686
1990-007,1990-11-01 18:00:00,16.0,85.5,0.0,1990-11-01 18:00:00,0.0,-4.4476473703980446e-05,-7.665855810046196e-05,5.0988513976335526e-05,2.8662383556365967e-05,100.15476989746094,99.98481750488281,99.89488220214844,100.67051696777344,290.78076171875,282.622314453125,270.00341796875,221.42510986328125,-11.4873046875,-9.05810546875,-11.01873779296875,-10.621231079101562,-9.840896606445312,-5.4434356689453125,-0.9543914794921875,-1.6492156982421875,8.23733692384765
1990-007,1990-11-02 00:00:00,16.0,85.0,0.0,1990-11-02 00:00:00,0.0,3.2685697078704834e-05,2.714875154197216e-05,-0.00013265898451209068,4.724878817796707e-05,85.43879699707031,65.33558654785156,96.58169555664062,98.80156707763672,291.983154296875,283.9716796875,269.508056640625,221.4149169921875,-9.777267456054688,0.0708160400390625,6.5559539794921875,-4.297698974609375,-17.358551025390625,-3.5805816650390625,9.136627197265625,3.5856475830078125,21.649136844015004
1990-007,1990-11-02 06:00:00,17.0,84.5,0.0,1990-11-02 06:00:00,0.0,-9.498023428022861e-05,-0.0002939689438790083,0.00022176001220941544,-2.666260115802288e-05,98.39520263671875,93.56267547607422,102.16412353515625,100.1328125,291.29296875,284.050537109375,269.768798828125,221.4710693359375,-21.13348388671875,-17.955337524414062,-14.994537353515625,0.994781494140625,-14.539321899414062,-8.021682739257812,1.8130340576171875,7.464935302734375,31.206529185156764
1990-007,1990-11-02 12:00:00,17.0,84.5,0.0,1990-11-02 12:00:00,0.0,1.2894626706838608e-05,1.8174294382333755e-05,-4.3539563193917274e-05,-2.0209932699799538e-05,96.27863311767578,84.59513092041016,95.43720245361328,105.12923431396484,291.33837890625,283.932373046875,269.642822265625,222.70814514160156,-9.880722045898438,-7.8385162353515625,-2.918609619140625,-2.7797393798828125,-2.912322998046875,-1.08135986328125,3.4110107421875,6.124114990234375,11.49265706175499
1990-007,1990-11-02 18:00:00,17.5,84.0,0.0,1990-11-02 18:00:00,0.0,-2.1607615053653717e-05,1.2118136510252953e-05,-4.368484951555729e-05,-2.6812776923179626e-05,92.12580108642578,84.19078063964844,81.85212707519531,105.7905502319336,292.332763671875,284.284423828125,269.841552734375,221.6681671142578,-8.839645385742188,-7.0321502685546875,-6.368194580078125,0.013092041015625,-0.2489166259765625,0.771820068359375,9.3720703125,7.049957275390625,11.473644589892857
1990-007,1990-11-03 00:00:00,18.0,84.5,0.0,1990-11-03 00:00:00,0.0,4.8554036766290665e-05,-8.663395419716835e-06,2.9015354812145233e-05,4.719709977507591e-05,95.06702423095703,85.42117309570312,77.36792755126953,103.54072570800781,291.76025390625,284.142578125,270.36376953125,221.5504150390625,-8.923583984375,-7.3900604248046875,-1.5410308837890625,0.285675048828125,2.7000274658203125,5.59173583984375,8.113128662109375,8.621002197265625,10.948442524443704
1990-007,1990-11-03 06:00:00,17.5,84.5,0.0,1990-11-03 06:00:00,0.0,-9.356532245874405e-06,2.892129123210907e-05,-9.318278171122074e-05,7.449346594512463e-05,95.1640625,96.34577941894531,74.77267456054688,103.90032958984375,292.383056640625,284.796630859375,271.20068359375,221.6754150390625,-7.42584228515625,-6.791717529296875,0.81451416015625,-4.3849334716796875,-0.136566162109375,2.6674652099609375,6.074859619140625,14.309524536132812,14.7626780386798
1990-010,1990-12-14 12:00:00,8.0,88.0,0.0,1990-12-14 12:00:00,0.0,-3.7103425711393356e-05,-2.660299651324749e-05,-6.86347484588623e-05,3.821752034127712e-05,97.30683898925781,77.56320190429688,100.37689208984375,100.96106719970703,290.08349609375,282.02197265625,268.86944580078125,219.37721252441406,-8.786148071289062,-6.877593994140625,-7.4600067138671875,-8.017868041992188,0.80340576171875,4.7554168701171875,3.808868408203125,8.2501220703125,7.48624324905974
1990-010,1990-12-14 18:00:00,8.5,87.5,0.0,1990-12-14 18:00:00,0.0,5.197012796998024e-06,-5.701789632439613e-06,2.0984793081879616e-05,-6.300397217273712e-07,88.57722473144531,82.11341094970703,99.85505676269531,99.9726791381836,290.822998046875,281.9228515625,269.2070617675781,219.00086975097656,-9.006820678710938,-7.9999847412109375,-1.8960723876953125,-8.349853515625,4.11767578125,2.6407470703125,3.87554931640625,3.427520751953125,0.9528482659043649
1990-010,1990-12-15 00:00:00,9.0,87.0,0.0,1990-12-15 00:00:00,0.0,-1.0685529559850693e-05,-4.9263471737504005e-05,3.725872375071049e-05,2.1433457732200623e-05,95.12113189697266,83.33900451660156,96.06922912597656,81.02137756347656,289.777587890625,282.277587890625,268.98687744140625,219.38194274902344,-1.0896148681640625,-0.430877685546875,1.7679901123046875,-8.039321899414062,-0.3106689453125,4.2219390869140625,4.224700927734375,4.0041961669921875,8.180249920240202
1990-010,1990-12-15 06:00:00,9.8,86.5,0.0,1990-12-15 06:00:00,0.0,9.417068213224411e-06,2.324022352695465e-05,-1.775030978024006e-05,-3.354530781507492e-05,78.36385345458984,83.82353210449219,91.05619812011719,91.62324523925781,291.389404296875,281.766357421875,268.8008117675781,219.18296813964844,2.0095672607421875,2.5359039306640625,0.9817352294921875,-8.926467895507812,-2.662384033203125,3.9840850830078125,11.355926513671875,2.546234130859375,12.113074263692837
1990-010,1990-12-15 12:00:00,10.5,86.0,0.0,1990-12-15 12:00:00,0.0,-8.768169209361076e-06,1.3434328138828278e-05,-1.070578582584858e-05,2.9471542802639306e-05,81.55648803710938,82.029052734375,86.1695785522461,65.75792694091797,291.66650390625,280.760009765625,269.59002685546875,220.57127380371094,1.529754638671875,2.3085784912109375,9.533981323242188,-6.57012939453125,3.6093292236328125,0.421630859375,-0.1620025634765625,0.9467315673828125,8.526285687824853
1990-010,1990-12-15 18:00:00,11.0,85.5,0.0,1990-12-15 18:00:00,0.0,7.843133062124252e-06,-5.5622076615691185e-05,4.093232564628124e-05,-7.839803583920002e-05,91.47502136230469,82.3127212524414,96.45697021484375,94.56951141357422,290.873291015625,282.633056640625,268.847900390625,219.09442138671875,5.400299072265625,3.1073455810546875,9.265823364257812,-1.910247802734375,1.6199188232421875,-3.718109130859375,-5.997100830078125,3.53741455078125,7.557836031345403
1990-010,1990-12-16 00:00:00,12.0,85.0,0.0,1990-12-16 00:00:00,0.0,-6.298767402768135e-06,-2.7943868190050125e-05,3.547314554452896e-05,-4.4254120439291e-05,97.70652770996094,86.93702697753906,98.25466918945312,86.6082534790039,289.730224609375,282.630859375,268.6973876953125,220.07925415039062,1.413909912109375,-1.4635009765625,1.4728851318359375,-8.355484008789062,-8.3668212890625,-8.722091674804688,-7.2631378173828125,11.370590209960938,22.022862444820156
1990-010,1990-12-16 06:00:00,13.0,85.5,0.0,1990-12-16 06:00:00,0.0,7.877126336097717e-06,-9.678304195404053e-06,1.5801051631569862e-05,-2.907123416662216e-06,90.1963119506836,85.82080078125,86.48036193847656,96.36547088623047,290.789306640625,282.91943359375,269.4959716796875,219.60195922851562,-0.663116455078125,-0.3703765869140625,-1.1492919921875,-3.4619598388671875,-1.8584442138671875,-1.0364532470703125,0.4856109619140625,-2.9123687744140625,2.9906991266765255
1990-010,1990-12-16 12:00:00,14.0,85.5,0.0,1990-12-16 12:00:00,0.0,-6.139744073152542e-07,-8.599832653999329e-06,1.7910264432430267e-05,2.5019515305757523e-05,93.62348937988281,87.88424682617188,93.28166961669922,103.34701538085938,290.736328125,283.272216796875,269.6513671875,221.50003051757812,-1.260101318359375,1.5333251953125,-0.2252044677734375,-10.156982421875,-4.093475341796875,-3.85247802734375,2.83538818359375,-3.365478515625,8.926615974097336
1990-010,1990-12-16 18:00:00,14.5,86.0,0.0,1990-12-16 18:00:00,0.0,-9.923940524458885e-06,-9.435229003429413e-06,-1.2046191841363907e-05,2.730585401877761e-05,94.51703643798828,85.21990203857422,91.24995422363281,105.7183837890625,290.786865234375,283.4404296875,269.23681640625,220.77145385742188,2.2826080322265625,0.891693115234375,1.0266265869140625,-3.04022216796875,8.099334716796875,7.3853302001953125,8.004379272460938,10.267715454101562,5.74755568585684
1990-010,1990-12-17 00:00:00,15.5,86.0,0.0,1990-12-17 00:00:00,0.0,2.4614855647087097e-06,-1.6227830201387405e-05,2.569565549492836e-05,-9.905779734253883e-06,95.15520477294922,88.79022216796875,86.57080078125,94.73286437988281,290.197021484375,282.27001953125,268.94000244140625,220.19158935546875,0.8954620361328125,2.29949951171875,9.309677124023438,2.9750823974609375,1.8669586181640625,-0.0563507080078125,-1.8525543212890625,1.3222808837890625,2.1497661923042712
1990-010,1990-12-17 06:00:00,17.0,86.5,0.0,1990-12-17 06:00:00,0.0,2.722511999309063e-05,2.7905451133847237e-05,-2.6372261345386505e-05,4.9318885430693626e-05,91.9413070678711,77.3145751953125,91.97651672363281,89.19776153564453,290.708984375,281.940185546875,269.513427734375,220.24505615234375,-1.59442138671875,-2.7126922607421875,8.5999755859375,-4.7221221923828125,4.71875,-0.1558837890625,-6.6435699462890625,2.942169189453125,3.5970476374597844
1990-010,1990-12-17 12:00:00,18.0,87.0,0.0,1990-12-17 12:00:00,0.0,3.5227276384830475e-07,0.00010641664266586304,4.3964944779872894e-05,8.81801825016737e-05,92.0876235961914,66.78208923339844,37.605831146240234,99.95079803466797,290.064208984375,283.248779296875,269.0361022949219,220.20977783203125,1.7637786865234375,5.4778900146484375,16.0584716796875,-2.67919921875,4.665740966796875,4.634674072265625,-10.624862670898438,-0.219207763671875,6.603239868886802
1991-001,1991-04-24 12:00:00,9.5,89.0,0.0,1991-04-24 12:00:00,0.0,-2.2011809051036835e-05,-2.4012522771954536e-05,-1.5336088836193085e-05,6.67874701321125e-05,91.69146728515625,80.34737396240234,89.52708435058594,99.4072036743164,291.4189453125,283.693115234375,269.247314453125,222.1976318359375,1.8011627197265625,0.761383056640625,0.43548583984375,-1.6204833984375,10.323532104492188,8.711013793945312,4.022674560546875,5.9369049072265625,5.563286827563151
1991-001,1991-04-24 18:00:00,10.0,89.0,0.0,1991-04-24 18:00:00,0.0,-1.4960533007979393e-05,3.7830322980880737e-06,-7.112976163625717e-06,1.7420388758182526e-06,97.18173217773438,75.04610443115234,88.32997131347656,101.50559997558594,291.091064453125,283.677978515625,269.546875,221.52989196777344,1.8400115966796875,1.042877197265625,-3.0433502197265625,-5.7863311767578125,8.870773315429688,13.222213745117188,8.3040771484375,2.41204833984375,9.99380970442303
1991-001,1991-04-25 00:00:00,10.5,89.0,0.0,1991-04-25 00:00:00,0.0,-3.8386788219213486e-06,-3.670342266559601e-05,-1.7371028661727905e-05,7.82315619289875e-05,98.45008850097656,82.4967041015625,94.8970718383789,100.29350280761719,291.048583984375,283.9072265625,268.767578125,222.01072692871094,-3.2616119384765625,-0.4964447021484375,-1.3260040283203125,-8.207000732421875,5.7972869873046875,7.3728790283203125,8.193984985351562,2.9463653564453125,5.708294357212297
1991-001,1991-04-25 06:00:00,11.0,88.5,0.0,1991-04-25 06:00:00,0.0,-2.034055069088936e-05,2.2292369976639748e-05,1.820409670472145e-05,7.440103217959404e-06,98.22842407226562,91.60525512695312,78.61713409423828,100.01316833496094,291.252197265625,283.16162109375,270.00146484375,222.48977661132812,-10.870758056640625,-10.0238037109375,-5.7385406494140625,-9.712539672851562,4.833465576171875,4.924072265625,2.543670654296875,5.0904693603515625,1.1863898050934303
1991-001,1991-04-25 12:00:00,11.0,88.0,0.0,1991-04-25 12:00:00,0.0,-3.5991426557302475e-05,-2.990034408867359e-05,3.569526597857475e-05,3.3262185752391815e-05,98.55099487304688,79.04668426513672,94.19779205322266,102.39555358886719,291.286376953125,283.794921875,269.84765625,223.06446838378906,-11.434982299804688,-9.73809814453125,-11.44696044921875,-6.7761688232421875,-4.34124755859375,-1.63934326171875,0.1597747802734375,3.692840576171875,9.287147848859851
1991-001,1991-04-25 18:00:00,11.0,88.0,0.0,1991-04-25 18:00:00,0.0,-2.809334546327591e-05,-2.9259594157338142e-05,6.898026913404465e-05,-3.715464845299721e-05,98.82749938964844,81.88859558105469,98.73844146728516,112.01815795898438,291.648681640625,284.366943359375,270.67236328125,223.2652587890625,-11.517379760742188,-11.807647705078125,-11.824295043945312,-4.0431365966796875,0.5852203369140625,3.1653289794921875,4.7486419677734375,4.269775390625,8.333082072040442
1991-001,1991-04-26 00:00:00,11.0,87.5,0.0,1991-04-26 00:00:00,0.0,-4.179542884230614e-05,-3.313692286610603e-05,3.0421651899814606e-06,6.125029176473618e-05,98.03152465820312,84.03510284423828,102.84505462646484,101.63018798828125,291.869384765625,283.839111328125,269.890625,223.99424743652344,-3.8625946044921875,-3.7330322265625,-10.151763916015625,0.96746826171875,-4.450531005859375,-2.91278076171875,2.6774139404296875,4.470611572265625,10.144766739101723
1991-001,1991-04-26 06:00:00,11.0,87.5,0.0,1991-04-26 06:00:00,0.0,3.421609289944172e-05,7.430883124470711e-05,-1.8165912479162216e-05,7.388321682810783e-05,87.55655670166016,72.92158508300781,91.95748901367188,100.29032897949219,293.001220703125,283.3486328125,271.5654296875,225.00669860839844,9.697891235351562,8.177627563476562,-0.027374267578125,13.351486206054688,3.4364166259765625,4.5250396728515625,20.929351806640625,9.252532958984375,6.868476207211277
1991-001,1991-04-26 12:00:00,11.5,87.5,0.0,1991-04-26 12:00:00,0.0,1.5619676560163498e-05,-1.4220364391803741e-05,8.099526166915894e-05,0.00012013176456093788,89.77570343017578,73.597900390625,78.93861389160156,99.0661849975586,292.785888671875,284.4072265625,272.792724609375,223.79776000976562,5.01849365234375,2.6144866943359375,-0.311553955078125,8.742935180664062,2.8033599853515625,3.062225341796875,11.234237670898438,17.321334838867188,14.988097228974363
1991-001,1991-04-26 18:00:00,11.5,87.0,0.0,1991-04-26 18:00:00,0.0,-3.023957833647728e-05,4.944950342178345e-05,2.39440705627203e-05,7.5856223702430725e-06,88.05018615722656,87.94090270996094,104.93763732910156,105.51876831054688,293.041015625,283.825927734375,270.7861328125,223.63116455078125,16.49365234375,14.811065673828125,6.140045166015625,5.774139404296875,-5.155120849609375,-2.38287353515625,6.7013092041015625,17.4798583984375,25.04496442837593
1991-001,1991-04-27 00:00:00,12.0,87.0,0.0,1991-04-27 00:00:00,0.0,-2.110609784722328e-06,3.8038939237594604e-05,-2.000480890274048e-06,8.777412585914135e-05,93.3925552368164,91.298828125,92.06736755371094,101.94223022460938,292.868896484375,284.734619140625,270.912109375,225.85189819335938,19.149124145507812,17.024566650390625,13.3341064453125,15.471359252929688,-3.6358184814453125,-2.3689422607421875,6.3789825439453125,12.58209228515625,16.62968984192222
1991-001,1991-04-27 06:00:00,13.5,87.0,0.0,1991-04-27 06:00:00,0.0,-2.3881671950221062e-05,-4.052883014082909e-06,6.950437091290951e-05,7.025478407740593e-05,94.3245849609375,70.7852783203125,62.39588165283203,99.11381530761719,293.599365234375,285.530517578125,273.879150390625,225.1106719970703,-13.9017333984375,-15.589004516601562,-16.770263671875,-4.7281494140625,-4.5744171142578125,-3.2538299560546875,9.621627807617188,23.354629516601562,29.397045579906475
1991-001,1991-04-27 12:00:00,14.5,87.0,0.0,1991-04-27 12:00:00,0.0,-2.829614095389843e-05,6.654998287558556e-06,8.71601514518261e-06,-9.070313535630703e-05,97.81362915039062,70.015869140625,79.46685791015625,101.06082153320312,293.17578125,286.0537109375,271.981689453125,224.83265686035156,-20.502166748046875,-21.569732666015625,-19.887771606445312,-11.894393920898438,-6.428802490234375,-7.0065155029296875,-6.478668212890625,13.69427490234375,21.88679960139179
1991-001,1991-04-27 18:00:00,14.5,87.0,1.0,1991-04-27 18:00:00,0.0,-7.49765895307064e-05,-0.00010480429045855999,-6.7924614995718e-05,9.829970076680183e-05,97.25363159179688,80.04725646972656,103.46397399902344,100.63318634033203,293.495849609375,284.66064453125,270.8212890625,227.6383514404297,-7.3804931640625,-9.59466552734375,-14.647689819335938,0.3116302490234375,-11.560134887695312,-9.368667602539062,-8.052001953125,3.1071929931640625,16.56198266412508
1991-001,1991-04-28 00:00:00,15.0,87.2,1.0,1991-04-28 00:00:00,0.0,-4.602177068591118e-05,4.009343683719635e-07,2.2599240764975548e-05,-4.488951526582241e-05,96.76478576660156,89.55548095703125,101.43083953857422,99.87805938720703,293.169677734375,284.112548828125,270.814453125,227.64308166503906,7.560394287109375,6.5907745361328125,5.78240966796875,7.0124664306640625,-15.715530395507812,-13.389205932617188,-12.857223510742188,-2.3565521240234375,13.37021037208691
1991-001,1991-04-28 06:00:00,16.0,87.8,0.0,1991-04-28 06:00:00,0.0,-2.4821143597364426e-05,-1.6462523490190506e-05,-8.78283753991127e-05,0.00014497456140816212,94.70594024658203,79.01158905029297,100.47169494628906,97.35617065429688,293.744384765625,285.37890625,271.704833984375,229.10357666015625,-10.031539916992188,-10.70294189453125,-15.850936889648438,-4.76123046875,3.361785888671875,4.6308441162109375,6.662689208984375,11.781707763671875,9.933340126127485
1991-001,1991-04-28 12:00:00,16.5,88.0,0.0,1991-04-28 12:00:00,0.0,-5.150004290044308e-05,-2.080760896205902e-05,-1.9430182874202728e-05,2.6309164240956306e-05,95.8224105834961,77.30177307128906,101.15054321289062,95.80491638183594,293.727783203125,285.039794921875,272.033935546875,229.61990356445312,-0.8829193115234375,-1.85174560546875,-5.90203857421875,-1.1973724365234375,-15.781784057617188,-12.711471557617188,-10.951904296875,-2.5094146728515625,13.27609392304401
1991-001,1991-04-28 18:00:00,17.5,88.5,0.0,1991-04-28 18:00:00,0.0,-5.4247211664915085e-05,-5.1493989303708076e-05,-1.4808028936386108e-06,1.0241754353046417e-05,99.09556579589844,75.57347869873047,99.72612762451172,85.96984100341797,293.31982421875,286.0087890625,272.824951171875,229.09812927246094,-8.750473022460938,-8.284957885742188,-9.2183837890625,-6.994384765625,-13.812210083007812,-11.936981201171875,-9.888671875,-7.12103271484375,6.917781475157193
1991-001,1991-04-29 00:00:00,18.5,89.0,0.0,1991-04-29 00:00:00,0.0,3.5373959690332413e-06,1.4071119949221611e-05,2.7816276997327805e-05,3.49702313542366e-05,90.35838317871094,78.6890869140625,99.84527587890625,74.34427642822266,293.81005859375,286.740966796875,273.619384765625,228.7498779296875,-2.83026123046875,-1.895050048828125,-1.709259033203125,-3.896240234375,-0.7826995849609375,-0.8763427734375,-1.4152984619140625,6.009002685546875,6.874847705076086
1991-002,1991-05-31 06:00:00,15.0,89.5,0.0,1991-05-31 06:00:00,0.0,1.9619474187493324e-05,-1.710769720375538e-05,-4.216795787215233e-06,-5.123252049088478e-05,93.71868133544922,84.5928955078125,94.76770782470703,100.65218353271484,291.714599609375,284.572021484375,270.3994140625,225.425537109375,2.446380615234375,1.8258819580078125,-1.0617828369140625,-2.6799774169921875,-0.139373779296875,0.15606689453125,-0.527252197265625,6.36993408203125,8.285567904985266
1991-002,1991-05-31 12:00:00,16.0,89.0,0.0,1991-05-31 12:00:00,0.0,-1.0175397619605064e-05,1.1224998161196709e-05,9.060604497790337e-06,-5.4008327424526215e-05,85.65445709228516,90.33699035644531,91.23033905029297,103.11351776123047,292.2490234375,284.11376953125,270.798095703125,224.60523986816406,0.73858642578125,2.697540283203125,2.0802001953125,-10.282012939453125,0.019439697265625,0.2125244140625,0.23980712890625,7.1293487548828125,13.115045450801581
1991-002,1991-05-31 18:00:00,16.5,88.7,0.0,1991-05-31 18:00:00,0.0,-2.6382040232419968e-05,-1.0483432561159134e-05,-2.151564694941044e-05,3.821379505097866e-05,91.01284790039062,94.18943786621094,101.47184753417969,82.20547485351562,291.970947265625,284.479248046875,270.58056640625,223.51634216308594,4.795013427734375,2.0911865234375,2.6432952880859375,-0.45654296875,2.7894134521484375,1.059234619140625,1.6035614013671875,9.169647216796875,8.263548116699988
1991-002,1991-06-01 00:00:00,17.0,88.5,0.0,1991-06-01 00:00:00,0.0,-5.80507330596447e-05,-4.325760528445244e-06,8.182600140571594e-06,-5.614361725747585e-05,90.62322235107422,95.9767837524414,99.93029022216797,97.0767593383789,292.179443359375,283.801513671875,270.784423828125,223.6435089111328,10.852752685546875,5.335052490234375,2.2121429443359375,-1.1927642822265625,0.5735321044921875,0.587982177734375,-1.3714141845703125,6.507720947265625,13.427921516102726
1991-002,1991-06-01 06:00:00,19.0,89.0,0.0,1991-06-01 06:00:00,0.0,-2.1037645637989044e-05,-5.562719888985157e-05,5.105254240334034e-05,0.00012512179091572762,94.77046966552734,86.00254821777344,99.2890396118164,95.81525421142578,292.099365234375,284.318603515625,271.517822265625,225.09185791015625,3.81719970703125,3.517425537109375,6.30010986328125,-3.8445281982421875,-3.5217437744140625,-2.9603424072265625,-0.8974151611328125,7.433258056640625,13.368400787411232
1991-003,1991-07-27 06:00:00,20.5,89.0,0.0,1991-07-27 06:00:00,0.0,1.8276041373610497e-05,1.2754462659358978e-05,1.0507181286811829e-05,7.5178686529397964e-06,91.99623107910156,73.33006286621094,78.01397705078125,43.09650802612305,293.68701171875,286.721435546875,272.6083984375,225.7418212890625,-6.7060546875,-7.391021728515625,-4.720733642578125,-19.605484008789062,-4.5506591796875,-3.5875091552734375,-0.512725830078125,1.97216796875,14.45484523692057
1991-003,1991-07-27 12:00:00,20.5,88.8,0.0,1991-07-27 12:00:00,0.0,1.8727267161011696e-05,-3.6295969039201736e-06,1.5865080058574677e-05,2.534664236009121e-05,86.78785705566406,81.02704620361328,70.55796813964844,20.95203399658203,293.855224609375,285.982666015625,272.729248046875,226.13888549804688,1.1845245361328125,-1.3216705322265625,-7.2105712890625,-16.532684326171875,0.3561248779296875,2.36474609375,-1.1553192138671875,3.32354736328125,17.96399415712157
1991-003,1991-07-27 18:00:00,20.5,88.5,0.0,1991-07-27 18:00:00,0.0,-2.416083589196205e-06,2.1006213501095772e-05,2.9797665774822235e-05,1.1756550520658493e-05,90.11155700683594,77.13192749023438,78.85954284667969,54.70880126953125,293.55029296875,286.379150390625,272.875244140625,225.99835205078125,-1.8657989501953125,-2.1204681396484375,-8.157989501953125,-19.462081909179688,-1.343963623046875,1.307373046875,8.35845947265625,1.852630615234375,17.884277695698444
1991-003,1991-07-28 00:00:00,20.5,88.2,0.0,1991-07-28 00:00:00,0.0,-1.9364524632692337e-06,2.234848216176033e-05,-3.6722049117088318e-06,1.3968441635370255e-05,89.88063049316406,78.77337646484375,63.007896423339844,65.32527923583984,294.16796875,287.556640625,273.363037109375,226.7974395751953,-8.873077392578125,-7.7198638916015625,-11.298004150390625,-11.090347290039062,1.983428955078125,6.403289794921875,6.995025634765625,1.4472503662109375,2.281178045954775
1991-003,1991-07-28 06:00:00,20.5,87.8,0.0,1991-07-28 06:00:00,0.0,9.239884093403816e-06,1.6956590116024017e-05,8.740229532122612e-06,8.036219514906406e-05,91.84262084960938,70.64787292480469,70.57772064208984,100.01100158691406,294.326416015625,287.952392578125,273.618896484375,227.13307189941406,-9.459457397460938,-10.440628051757812,-7.5771942138671875,-14.589111328125,6.7533721923828125,5.8741455078125,4.8932952880859375,1.77020263671875,7.1515962042661805
1991-003,1991-07-28 12:00:00,20.5,87.5,0.0,1991-07-28 12:00:00,0.0,2.338457852602005e-05,8.89296643435955e-06,3.590621054172516e-05,5.242484621703625e-05,93.61140441894531,62.7347412109375,83.61463165283203,69.8951416015625,293.852783203125,290.148681640625,273.250244140625,227.718505859375,-6.0513153076171875,-10.3096923828125,-17.13226318359375,-12.227783203125,15.40679931640625,16.896514892578125,10.977325439453125,-4.388397216796875,20.736406666835403
1991-003,1991-07-28 18:00:00,21.0,87.0,0.0,1991-07-28 18:00:00,0.0,1.054280437529087e-05,1.0228948667645454e-05,-1.3938406482338905e-05,-6.572972051799297e-05,97.67912292480469,81.36886596679688,91.72238159179688,65.71161651611328,294.1259765625,287.62744140625,272.6923828125,227.04608154296875,-11.875747680664062,-12.372146606445312,-7.8292694091796875,-19.132064819335938,8.969451904296875,7.57257080078125,9.191192626953125,-2.2904815673828125,13.395530605527942
1991-003,1991-07-29 00:00:00,21.5,86.5,0.0,1991-07-29 00:00:00,0.0,4.1199615225195885e-05,6.834231317043304e-05,1.1428724974393845e-05,1.4674616977572441e-05,99.50044250488281,79.10089874267578,72.19702911376953,96.27198028564453,293.0498046875,286.703369140625,273.4130859375,226.43359375,-3.7718963623046875,-10.642288208007812,-7.4826812744140625,-14.70758056640625,11.9610595703125,17.251144409179688,13.538711547851562,12.972671508789062,10.982374412025148
1991-003,1991-07-29 06:00:00,21.5,84.2,0.0,1991-07-29 06:00:00,0.0,-5.7428376749157906e-05,4.2221974581480026e-05,2.0300736650824547e-05,-1.1761672794818878e-05,99.7902603149414,95.55390930175781,87.83927917480469,60.05846405029297,292.934814453125,286.30029296875,272.375244140625,226.43585205078125,-1.0218963623046875,-2.25091552734375,-6.0369110107421875,-11.686386108398438,6.407470703125,5.61749267578125,9.623611450195312,4.3584747314453125,10.859545388113553
1991-003,1991-07-29 12:00:00,22.0,82.0,0.0,1991-07-29 12:00:00,0.0,1.0540476068854332e-05,2.4862587451934814e-05,-6.316229701042175e-05,-3.3689429983496666e-05,98.42266845703125,98.70372009277344,95.63790130615234,24.816543579101562,293.28076171875,286.468017578125,273.22021484375,227.31739807128906,-6.8907623291015625,-7.1041107177734375,-7.8742523193359375,-14.583541870117188,0.6695404052734375,1.3262176513671875,2.82330322265625,3.092529296875,8.06534142088809
1991-003,1991-07-29 18:00:00,22.2,81.0,0.0,1991-07-29 18:00:00,0.0,4.384154453873634e-05,-1.0731164366006851e-06,-2.5064218789339066e-06,4.989071749150753e-05,99.79896545410156,96.33750915527344,92.00276184082031,36.23300552368164,293.274169921875,286.467041015625,272.755126953125,227.90785217285156,-8.669174194335938,-1.973663330078125,-1.612640380859375,-14.141693115234375,0.05682373046875,0.4767303466796875,1.4141082763671875,2.00689697265625,5.809582514216238
1991-003,1991-07-30 00:00:00,22.5,80.0,0.0,1991-07-30 00:00:00,0.0,-2.536294050514698e-05,2.4004606530070305e-05,2.006860449910164e-05,2.578413113951683e-05,100.09597778320312,98.9261474609375,92.9636459350586,19.09442901611328,293.083251953125,285.758056640625,273.033203125,228.35462951660156,-2.1667022705078125,-3.43511962890625,-2.278564453125,-13.524261474609375,0.573272705078125,-0.8705902099609375,3.197723388671875,2.5607757568359375,11.530148284190396
1991-003,1991-07-30 06:00:00,22.7,79.0,0.0,1991-07-30 06:00:00,0.0,2.2673048079013824e-06,-4.5507680624723434e-05,8.796318434178829e-05,1.433701254427433e-05,96.98088836669922,97.39067077636719,100.11467742919922,23.24310874938965,293.231201171875,285.912109375,272.91943359375,227.10708618164062,-1.0219879150390625,-0.2076263427734375,-1.8640594482421875,-14.182479858398438,-3.60302734375,-1.1521453857421875,4.0091400146484375,6.300537109375,16.470553635759426
1991-003,1991-07-30 12:00:00,23.0,78.0,0.0,1991-07-30 12:00:00,0.0,-1.3320939615368843e-05,2.8133857995271683e-05,-8.400436490774155e-05,1.2779375538229942e-05,98.50140380859375,88.72161865234375,93.36117553710938,16.035629272460938,293.762451171875,286.723876953125,273.280029296875,227.32579040527344,10.263961791992188,8.161666870117188,1.7974395751953125,-14.17352294921875,2.9057769775390625,1.5028839111328125,5.3446502685546875,3.4244232177734375,24.442987836993797
1991-003,1991-07-30 18:00:00,24.0,77.5,0.0,1991-07-30 18:00:00,0.0,-2.1438347175717354e-05,1.3025011867284775e-05,8.509843610227108e-05,-6.2820035964250565e-06,100.04165649414062,100.17378234863281,99.93073272705078,16.584144592285156,293.77294921875,286.7724609375,273.435302734375,227.80194091796875,1.6009063720703125,1.6858367919921875,-2.1473846435546875,-16.907684326171875,-0.2010955810546875,-0.7815399169921875,-0.423583984375,3.9906158447265625,18.977312093973747
1991-004,1991-08-22 00:00:00,20.7,88.2,0.0,1991-08-22 00:00:00,0.0,-2.6107532903552055e-05,1.0912073776125908e-05,1.9700033590197563e-05,-0.00012661446817219257,99.9609375,87.09337615966797,76.46546173095703,109.0795669555664,292.91650390625,285.324951171875,272.0888671875,225.67381286621094,3.102813720703125,-2.3164215087890625,-4.998931884765625,-2.0218048095703125,9.0347900390625,9.33209228515625,6.915802001953125,0.9756011962890625,9.550509927972733
1991-004,1991-08-22 06:00:00,21.3,87.5,0.0,1991-08-22 06:00:00,0.0,-3.758980892598629e-05,6.279442459344864e-06,7.286202162504196e-06,-7.877126336097717e-05,89.4106216430664,67.9012680053711,80.14021301269531,100.15782928466797,293.569091796875,286.042236328125,273.140380859375,226.5751495361328,-0.540283203125,0.618682861328125,-1.9593658447265625,-1.5914459228515625,13.34552001953125,11.431549072265625,16.50299072265625,-1.6398468017578125,15.022188982699358
1991-004,1991-08-22 12:00:00,22.5,86.0,0.0,1991-08-22 12:00:00,0.0,-1.6362639144062996e-05,2.210354432463646e-05,-1.4065532013773918e-05,2.5396468117833138e-05,96.00089263916016,75.2151870727539,74.61537170410156,102.41328430175781,293.282470703125,286.341552734375,274.098876953125,226.5592041015625,-6.884246826171875,-5.2893829345703125,-5.7843170166015625,-9.615692138671875,2.1929473876953125,4.0416717529296875,10.0943603515625,-0.1932373046875,3.6269368455130673
1991-004,1991-08-22 18:00:00,22.5,84.0,0.0,1991-08-22 18:00:00,0.0,-1.877150498330593e-05,-3.285403363406658e-05,0.00016995449550449848,6.826856406405568e-06,99.490966796875,92.67587280273438,95.08319091796875,89.903076171875,292.86328125,286.19677734375,272.230224609375,226.49159240722656,-7.22607421875,-6.4500579833984375,-3.6045989990234375,-8.275314331054688,0.9590301513671875,1.8004913330078125,6.6904449462890625,-2.6778717041015625,3.785229176626059
1991-004,1991-08-23 00:00:00,22.7,83.0,0.0,1991-08-23 00:00:00,0.0,8.136965334415436e-05,1.7163576558232307e-05,-8.517084643244743e-05,-5.171308293938637e-05,99.93775939941406,80.56597137451172,94.30675506591797,89.39349365234375,292.7255859375,287.228759765625,272.5931396484375,226.16302490234375,-4.59100341796875,-2.306243896484375,-5.546875,-7.3436126708984375,1.602081298828125,0.3553619384765625,12.627716064453125,0.62567138671875,2.9206564357656943
1991-004,1991-08-23 06:00:00,23.0,81.5,0.0,1991-08-23 06:00:00,0.0,1.4000339433550835e-05,4.684552550315857e-05,6.913905963301659e-06,1.2083386536687613e-05,99.86305236816406,89.16893768310547,99.35514831542969,98.92251586914062,293.291015625,286.30419921875,272.1865234375,226.82594299316406,1.9060516357421875,5.2037506103515625,-3.0773773193359375,-6.55108642578125,-8.838165283203125,-5.6888885498046875,-4.1451416015625,6.389190673828125,17.418253461062147
1991-004,1991-08-23 12:00:00,23.8,80.2,0.0,1991-08-23 12:00:00,0.0,2.1698419004678726e-05,-9.048264473676682e-06,-1.3486016541719437e-05,2.7306450647301972e-05,99.01160430908203,91.09447479248047,94.79299926757812,102.4888916015625,293.6259765625,286.42333984375,272.261474609375,227.16537475585938,-1.1075439453125,0.8343353271484375,-2.41986083984375,-8.8538818359375,-2.23486328125,-4.8311767578125,-1.6933746337890625,0.5529937744140625,8.232733305442881
1991-004,1991-08-23 18:00:00,24.0,80.0,0.0,1991-08-23 18:00:00,0.0,2.1948711946606636e-05,-3.9762817323207855e-06,2.6724068447947502e-05,-4.6232715249061584e-05,99.8551254272461,92.93455505371094,99.77558898925781,66.66026306152344,293.40869140625,285.7520751953125,272.758056640625,226.20645141601562,-0.625732421875,1.84014892578125,-4.467559814453125,-11.886154174804688,-4.518280029296875,-5.6287994384765625,-1.1019287109375,-0.5106201171875,11.952340190313386
1991-004,1991-08-24 00:00:00,24.5,79.8,0.0,1991-08-24 00:00:00,0.0,1.7571961507201195e-05,-2.647493965923786e-05,2.6438850909471512e-05,6.837071850895882e-06,99.7258529663086,97.90451049804688,82.08973693847656,67.85111999511719,293.06884765625,286.41064453125,273.048095703125,225.816162109375,-6.53802490234375,-3.8799591064453125,-2.1364288330078125,-7.37127685546875,-0.7281494140625,-0.150848388671875,0.084259033203125,1.15252685546875,2.0570007409246616
1991-004,1991-08-24 06:00:00,24.5,79.8,0.0,1991-08-24 06:00:00,0.0,-4.7818757593631744e-06,4.485645331442356e-05,-4.2842235416173935e-05,-2.752360887825489e-05,99.63516998291016,90.05957794189453,94.13370513916016,57.360015869140625,293.129638671875,286.977294921875,272.25439453125,225.80308532714844,-5.5555267333984375,-0.332977294921875,-4.43084716796875,-2.9007415771484375,-0.05621337890625,5.8671722412109375,3.78717041015625,1.7655181884765625,3.2197189519342175
1991-004,1991-08-24 12:00:00,24.5,79.8,0.0,1991-08-24 12:00:00,0.0,-2.6793917641043663e-05,3.1516654416918755e-05,8.14441591501236e-07,2.1800631657242775e-05,99.71632385253906,94.31370544433594,76.07646942138672,38.627620697021484,293.344482421875,286.79296875,273.062255859375,226.1869354248047,6.29437255859375,4.741973876953125,1.0021514892578125,-4.2604522705078125,0.549560546875,0.7349395751953125,5.2714996337890625,-1.969635009765625,10.85129823687547
1991-004,1991-08-24 18:00:00,25.0,78.6,0.0,1991-08-24 18:00:00,0.0,-1.87756959348917e-05,6.251386366784573e-05,-2.214452251791954e-06,1.4277175068855286e-05,99.941162109375,99.59415435791016,88.85755920410156,33.609371185302734,293.3271484375,285.462158203125,271.928466796875,226.2620086669922,-0.820465087890625,0.963836669921875,-4.089691162109375,-6.94464111328125,-8.341140747070312,-9.04473876953125,-3.2428741455078125,-0.4037628173828125,10.02534290628802
1991-004,1991-08-25 00:00:00,26.2,78.5,0.0,1991-08-25 00:00:00,0.0,-2.1178508177399635e-05,4.279427230358124e-06,2.696271985769272e-05,1.7495127394795418e-05,100.80411529541016,88.31900787353516,75.90736389160156,83.01425170898438,292.556640625,285.4169921875,271.64208984375,226.96246337890625,-5.6971893310546875,-6.5310516357421875,-7.1532135009765625,-5.792266845703125,-4.202667236328125,-5.04718017578125,-1.961944580078125,-6.976531982421875,2.775493715253823
1991-005,1991-09-21 06:00:00,15.5,83.5,0.0,1991-09-21 06:00:00,0.0,2.031237818300724e-05,-1.5329569578170776e-05,-2.9912451282143593e-05,-1.1566327884793282e-05,92.91996002197266,72.25077056884766,65.94988250732422,32.431236267089844,293.1796875,285.978515625,271.9757080078125,223.14759826660156,4.80224609375,5.8719329833984375,1.3806915283203125,-15.340896606445312,9.732223510742188,13.091278076171875,12.958389282226562,6.8096160888671875,20.354061805517603
1991-006,1991-10-12 12:00:00,18.0,87.0,0.0,1991-10-12 12:00:00,0.0,-3.5902485251426697e-07,-2.393685281276703e-05,-6.51057343930006e-05,0.00015934091061353683,86.9571762084961,79.8979721069336,94.63682556152344,96.89161682128906,292.1298828125,283.83447265625,269.266357421875,222.18089294433594,-3.9620819091796875,-2.5721588134765625,-8.594512939453125,0.5335540771484375,-3.144866943359375,-4.04193115234375,-0.68658447265625,8.01483154296875,12.0311933417813
1991-006,1991-10-12 18:00:00,18.5,87.0,0.0,1991-10-12 18:00:00,0.0,-5.356688052415848e-05,-3.2197218388319016e-05,9.941263124346733e-05,5.061924457550049e-05,92.3630142211914,85.24453735351562,100.30694580078125,84.149169921875,291.570068359375,283.4052734375,270.96044921875,221.73291015625,-2.3796234130859375,-1.9608917236328125,-5.8791351318359375,-5.9391021728515625,-2.7690582275390625,-2.2585296630859375,2.644989013671875,0.82147216796875,5.055867636943052
1991-006,1991-10-13 00:00:00,19.5,88.0,0.0,1991-10-13 00:00:00,0.0,-9.699491783976555e-06,-4.548323340713978e-05,5.3108204156160355e-05,4.387740045785904e-05,88.09547424316406,87.3039321899414,95.53673553466797,97.28157806396484,291.892333984375,283.352783203125,269.825927734375,222.6045379638672,-1.58599853515625,-1.72064208984375,-1.1356201171875,-5.37164306640625,1.724639892578125,6.2552032470703125,14.329696655273438,-0.960052490234375,4.640978098129153
1991-007,1991-10-28 06:00:00,10.5,82.0,0.0,1991-10-28 06:00:00,0.0,-5.6105200201272964e-06,-8.04034061729908e-06,1.852167770266533e-05,-2.8889626264572144e-05,89.91838073730469,88.4774169921875,81.05006408691406,105.51467895507812,291.448974609375,283.211669921875,269.56884765625,221.65151977539062,-1.06005859375,-1.8027191162109375,-4.041351318359375,-11.06549072265625,-2.3642425537109375,0.4104766845703125,3.974365234375,-0.7941131591796875,10.12788123951503
1991-007,1991-10-28 12:00:00,11.0,81.5,0.0,1991-10-28 12:00:00,0.0,1.0553980246186256e-05,-3.93381342291832e-05,-1.3585435226559639e-05,-0.000131203792989254,93.98360443115234,91.68047332763672,93.73361206054688,105.79768371582031,291.50146484375,283.85205078125,269.453369140625,222.1722412109375,-1.1206512451171875,1.9163665771484375,-1.6848602294921875,-6.199371337890625,1.3051605224609375,3.1465606689453125,11.6824951171875,-4.701080322265625,7.865642177572171
1991-007,1991-10-28 18:00:00,11.5,81.0,0.0,1991-10-28 18:00:00,0.0,1.2857373803853989e-05,-1.8587568774819374e-05,-1.6830163076519966e-05,2.5704503059387207e-06,94.07343292236328,70.3828353881836,70.52204895019531,99.33120727539062,291.568359375,284.26416015625,269.330078125,222.23365783691406,-2.896759033203125,1.467498779296875,0.9103546142578125,-1.0686798095703125,0.8908843994140625,3.177032470703125,14.694580078125,-6.978851318359375,8.079270630166869
1991-007,1991-10-29 00:00:00,12.0,80.5,0.0,1991-10-29 00:00:00,0.0,-3.943685442209244e-06,-3.446219488978386e-05,1.3504177331924438e-08,-6.0346443206071854e-05,94.49586486816406,69.1799545288086,51.33977127075195,101.39024353027344,291.391845703125,283.7021484375,270.07763671875,222.09494018554688,-5.6328887939453125,-5.5974578857421875,-3.6771240234375,-4.480438232421875,2.254638671875,7.8057098388671875,10.712982177734375,-3.71270751953125,6.077611608588226
1991-007,1991-10-29 06:00:00,12.5,79.5,0.0,1991-10-29 06:00:00,0.0,-2.9094284400343895e-05,4.396773874759674e-06,7.342780008912086e-05,-7.737264968454838e-05,98.9271011352539,75.6479721069336,75.69734191894531,101.06177520751953,291.1845703125,283.093505859375,269.694091796875,222.25782775878906,-8.60015869140625,-10.315414428710938,-7.5175628662109375,-8.732803344726562,-3.2675323486328125,4.3009490966796875,8.796051025390625,0.2756195068359375,3.545633889019862
1991-008,1991-11-11 12:00:00,11.0,87.5,0.0,1991-11-11 12:00:00,0.0,5.966750904917717e-06,-2.1321699023246765e-05,-1.6652047634124756e-05,-5.898764356970787e-06,90.59176635742188,82.10330963134766,88.73394775390625,99.57624816894531,290.306640625,281.96044921875,267.7940673828125,219.46603393554688,-2.4097137451171875,-1.038604736328125,-2.2522125244140625,-12.68145751953125,-3.32110595703125,-5.7753143310546875,-2.1871490478515625,2.286102294921875,11.702542653115401
1991-008,1991-11-11 18:00:00,11.0,87.5,0.0,1991-11-11 18:00:00,0.0,3.005494363605976e-05,5.341647192835808e-05,-8.612126111984253e-05,0.00010876823216676712,87.76936340332031,71.33351135253906,101.11048889160156,100.14082336425781,290.54736328125,282.102783203125,267.7421875,217.82286071777344,-3.2404022216796875,-1.481231689453125,1.4589385986328125,-8.9498291015625,1.1371307373046875,-3.3137969970703125,-0.901611328125,0.680755615234375,5.727637693567313
1991-008,1991-11-12 00:00:00,11.0,87.0,0.0,1991-11-12 00:00:00,0.0,-1.2674601748585701e-05,-4.95067797601223e-06,-4.349788650870323e-05,3.4442637115716934e-06,92.66121673583984,82.24974822998047,73.9718017578125,95.9791488647461,290.250244140625,282.05322265625,267.61798095703125,217.45233154296875,-1.496063232421875,-1.721466064453125,4.0048675537109375,-5.6853485107421875,1.039337158203125,-1.5194549560546875,-6.2710723876953125,-2.518157958984375,5.495987868615087
1991-008,1991-11-12 06:00:00,11.0,86.5,0.0,1991-11-12 06:00:00,0.0,1.3124896213412285e-05,6.9821253418922424e-06,-1.6528647392988205e-05,-2.5246990844607353e-05,92.18595123291016,78.4202880859375,66.32461547851562,93.21595764160156,290.273193359375,282.6025390625,267.903076171875,218.88075256347656,-1.300018310546875,-0.4039154052734375,-1.7364044189453125,-9.512908935546875,1.933349609375,0.321807861328125,-8.79425048828125,3.0365142822265625,8.286648581522
1991-008,1991-11-12 12:00:00,11.0,86.0,0.0,1991-11-12 12:00:00,0.0,6.279442459344864e-06,-3.6229612305760384e-05,1.8372200429439545e-05,5.8685196563601494e-05,93.54595947265625,87.79325866699219,81.04377746582031,100.7453384399414,290.490234375,282.531494140625,268.1985168457031,220.2288360595703,-1.3793182373046875,-1.1156005859375,-1.9860382080078125,-5.998748779296875,-1.231689453125,-3.3032073974609375,-7.8776397705078125,3.2681121826171875,6.448825729799054
1991-008,1991-11-12 18:00:00,11.0,85.0,0.0,1991-11-12 18:00:00,0.0,-1.5914440155029297e-05,-3.172759898006916e-05,1.5106052160263062e-06,-7.861526682972908e-06,95.25823974609375,81.4472427368164,67.28743743896484,101.9865493774414,290.17578125,282.630859375,268.5458984375,219.37744140625,-3.83392333984375,-6.794281005859375,-3.454498291015625,-6.0521240234375,-0.553009033203125,-5.046600341796875,-7.99078369140625,6.8946075439453125,7.770933467281263
1991-008,1991-11-13 00:00:00,11.0,84.5,0.0,1991-11-13 00:00:00,0.0,3.130640834569931e-06,4.861736670136452e-06,-7.665017619729042e-06,2.7140529709868133e-05,90.3245620727539,78.88995361328125,90.41502380371094,99.65416717529297,290.757568359375,282.5244140625,268.2173767089844,219.2075653076172,-0.5592803955078125,-1.6148529052734375,-3.7175750732421875,-2.60430908203125,-0.960479736328125,-2.9480133056640625,-1.094940185546875,3.82794189453125,5.20683435914623
1991-008,1991-11-13 06:00:00,11.0,83.5,0.0,1991-11-13 06:00:00,0.0,7.887836545705795e-06,-1.1417549103498459e-05,1.4505814760923386e-05,-7.493013981729746e-06,94.994873046875,73.7166748046875,80.48926544189453,76.23089599609375,290.467529296875,282.539794921875,268.7420654296875,219.12734985351562,-0.990264892578125,1.127838134765625,0.4670867919921875,-4.50927734375,-3.1234893798828125,-2.700714111328125,0.8113250732421875,-2.4701080322265625,3.5791557408092465
1991-008,1991-11-13 12:00:00,11.0,83.0,0.0,1991-11-13 12:00:00,0.0,1.392187550663948e-05,-1.0253861546516418e-06,-2.2421590983867645e-07,4.384247586131096e-05,92.36312866210938,81.38593292236328,76.01873779296875,92.3205337524414,290.679443359375,282.716064453125,269.232177734375,220.47731018066406,-0.8596954345703125,0.461944580078125,1.3884124755859375,-6.6386871337890625,3.0275726318359375,2.74908447265625,3.0327301025390625,-2.939910888671875,8.307081595071251
1991-008,1991-11-13 18:00:00,11.0,82.0,0.0,1991-11-13 18:00:00,0.0,3.260793164372444e-06,-8.739763870835304e-06,1.5132827684283257e-05,-2.162880264222622e-05,89.14689636230469,76.00788879394531,65.77592468261719,91.2834701538086,291.15380859375,283.48583984375,269.59423828125,220.07252502441406,-6.1686859130859375,-4.4371337890625,-1.4528656005859375,-9.530426025390625,2.205810546875,1.680938720703125,1.620574951171875,1.6944580078125,3.400408505148168
1991-008,1991-11-14 00:00:00,11.0,81.0,0.0,1991-11-14 00:00:00,0.0,2.6635825634002686e-06,-1.9362429156899452e-05,1.8184306100010872e-05,6.7462678998708725e-06,95.6456298828125,92.6794662475586,86.80654907226562,102.69873809814453,290.78125,283.1552734375,269.27587890625,220.06524658203125,-6.5804901123046875,-4.4088287353515625,-2.245330810546875,-8.382125854492188,-3.006072998046875,-2.4676361083984375,1.510223388671875,-1.7271270751953125,2.2094329637049728
1991-008,1991-11-14 06:00:00,10.5,80.5,0.0,1991-11-14 06:00:00,0.0,1.308368518948555e-05,1.0488089174032211e-05,-4.8707472160458565e-05,4.16547991335392e-05,94.56785583496094,76.37994384765625,67.03185272216797,100.08699798583984,291.03955078125,283.632080078125,269.76513671875,220.25729370117188,4.06805419921875,3.319061279296875,6.6805267333984375,-5.932708740234375,-6.4581146240234375,-4.1341094970703125,0.2534942626953125,-3.0701751708984375,10.55904319098942
1991-008,1991-11-14 12:00:00,11.0,80.5,0.0,1991-11-14 12:00:00,0.0,2.1636951714754105e-06,-1.4004763215780258e-05,2.924795262515545e-05,-1.440383493900299e-05,90.01947021484375,78.9571533203125,68.33284759521484,100.33184814453125,291.5390625,283.90185546875,269.906494140625,220.4566192626953,1.77972412109375,2.1772613525390625,7.397857666015625,-1.274505615234375,0.017730712890625,2.3170166015625,5.2791595458984375,-4.75439453125,5.66581844291142
1992-001,1992-05-16 06:00:00,11.5,87.5,0.0,1992-05-16 06:00:00,0.0,1.3401731848716736e-06,7.395166903734207e-06,-0.00012866687029600143,0.00012343493290245533,81.06330871582031,88.33834838867188,96.15235900878906,99.90093994140625,291.693115234375,282.905517578125,269.101318359375,221.89913940429688,8.851104736328125,6.256256103515625,-4.1313323974609375,6.2396240234375,-3.556060791015625,1.662567138671875,5.5049591064453125,6.2772674560546875,10.174191659705976
1992-001,1992-05-16 12:00:00,12.0,87.0,0.0,1992-05-16 12:00:00,0.0,-3.428640775382519e-05,-8.486537262797356e-05,4.744646139442921e-05,-5.603977479040623e-05,81.47147369384766,88.3559341430664,101.49215698242188,96.4119873046875,291.624267578125,282.872802734375,269.822265625,221.74710083007812,9.218109130859375,3.9795989990234375,0.004638671875,-4.2039031982421875,-0.351348876953125,-5.0384674072265625,-5.7241668701171875,2.797119140625,13.786343453587202
1992-001,1992-05-16 18:00:00,12.5,87.0,0.0,1992-05-16 18:00:00,0.0,-3.948132507503033e-05,-2.0487001165747643e-05,2.6637455448508263e-05,5.1137525588274e-05,80.92113494873047,87.6835708618164,100.20258331298828,100.143310546875,291.8515625,283.339111328125,269.2080078125,221.3382568359375,10.919052124023438,3.3957366943359375,-3.7354888916015625,0.960113525390625,-0.720489501953125,-3.6848297119140625,-6.805145263671875,-1.1730194091796875,9.969214679616092
1992-001,1992-05-17 00:00:00,12.5,87.0,0.0,1992-05-17 00:00:00,0.0,1.7057638615369797e-05,8.624978363513947e-06,-5.644187331199646e-05,-3.962218761444092e-05,76.86321258544922,72.92274475097656,101.50029754638672,101.12348937988281,292.29345703125,283.372802734375,269.0322265625,221.9702606201172,13.786849975585938,6.7647705078125,0.2346038818359375,-0.70745849609375,6.123565673828125,-6.7779388427734375,-5.3997344970703125,0.5950164794921875,15.512892517722094
1992-001,1992-05-17 06:00:00,14.0,87.0,0.0,1992-05-17 06:00:00,0.0,7.585855200886726e-06,3.362051211297512e-05,-2.192355168517679e-05,9.738444350659847e-05,81.14579772949219,77.95506286621094,101.2451171875,102.82211303710938,292.2275390625,282.499755859375,267.848388671875,222.6595458984375,15.939773559570312,5.1182403564453125,-0.933349609375,-7.0487060546875,1.817230224609375,-10.35699462890625,-15.384750366210938,11.974136352539062,25.132308629863726
1992-001,1992-05-17 12:00:00,14.5,87.5,0.0,1992-05-17 12:00:00,0.0,9.797164238989353e-05,-0.00012568547390401363,-7.08308070898056e-05,1.7117708921432495e-06,53.411983489990234,70.62625122070312,97.71880340576172,88.17249298095703,292.669921875,282.956787109375,270.078125,222.56846618652344,13.259246826171875,0.09637451171875,0.2543792724609375,8.387619018554688,-13.647079467773438,-6.73614501953125,8.655593872070312,0.0718231201171875,14.558195139232787
1992-001,1992-05-17 18:00:00,14.5,88.0,0.0,1992-05-17 18:00:00,0.0,3.6049168556928635e-06,-2.7769478037953377e-05,5.1451148465275764e-05,-1.9744911696761847e-06,33.669708251953125,67.6440658569336,98.84874725341797,95.70195007324219,295.772216796875,282.643310546875,268.87158203125,222.2072296142578,11.433013916015625,2.4846343994140625,3.54388427734375,-5.208343505859375,-6.332672119140625,-17.4669189453125,1.7545166015625,-1.4417724609375,17.34519173457606
1992-001,1992-05-18 00:00:00,14.5,88.0,0.0,1992-05-18 00:00:00,0.0,-7.207505404949188e-06,1.4113495126366615e-05,2.901698462665081e-05,1.1187512427568436e-06,70.71791076660156,51.332435607910156,97.37380981445312,91.22380065917969,294.507080078125,283.37548828125,268.19970703125,223.72691345214844,14.068511962890625,10.430770874023438,4.279998779296875,-5.77593994140625,0.087005615234375,-3.7453765869140625,-8.608963012695312,4.581268310546875,20.34700637824713
1992-001,1992-05-18 06:00:00,15.5,89.5,0.0,1992-05-18 06:00:00,0.0,1.3213139027357101e-05,-2.0311446860432625e-05,4.297727718949318e-05,-2.6752939447760582e-05,69.6743392944336,80.88363647460938,99.39534759521484,100.17575073242188,292.615478515625,282.9140625,269.649658203125,224.28933715820312,17.589889526367188,12.017578125,9.00726318359375,0.2594757080078125,-5.756011962890625,-10.732223510742188,6.2011260986328125,5.3067474365234375,20.560347483564225
1992-001,1992-05-18 12:00:00,16.5,91.0,0.0,1992-05-18 12:00:00,0.0,-1.9786879420280457e-05,2.3237429559230804e-05,-7.889373227953911e-05,-4.39169816672802e-05,82.0384521484375,84.15790557861328,87.574462890625,97.19967651367188,291.66943359375,284.567138671875,270.725830078125,224.66929626464844,20.7906494140625,13.00018310546875,12.1959228515625,2.1670684814453125,-7.4494476318359375,-1.0357513427734375,11.847183227539062,3.189239501953125,21.448063564909337
1992-003,1992-06-17 06:00:00,19.5,88.0,0.0,1992-06-17 06:00:00,0.0,-3.0756695196032524e-05,-8.217687718570232e-05,4.9969181418418884e-05,-1.9195489585399628e-05,96.8978500366211,90.70675659179688,95.64030456542969,108.14190673828125,293.448974609375,286.583740234375,272.12255859375,227.50209045410156,10.660888671875,3.24737548828125,-2.949920654296875,0.5638427734375,7.5118865966796875,8.591094970703125,4.9490966796875,2.950897216796875,11.079393485139759
1992-003,1992-06-17 12:00:00,19.5,87.0,0.0,1992-06-17 12:00:00,0.0,6.448617205023766e-05,-7.555121555924416e-05,-7.315538823604584e-07,-1.4366116374731064e-05,95.0512924194336,75.6646957397461,67.15425109863281,100.3167724609375,294.02685546875,286.654052734375,273.7763671875,227.47930908203125,19.162811279296875,12.240585327148438,-0.5007476806640625,-7.9049530029296875,9.827606201171875,13.436874389648438,10.042129516601562,-6.724884033203125,31.72772913710119
1992-003,1992-06-17 18:00:00,20.0,86.5,0.0,1992-06-17 18:00:00,0.0,6.431713700294495e-05,1.211441121995449e-05,-7.979129441082478e-05,4.861457273364067e-05,99.74810791015625,73.04961395263672,97.1885986328125,105.73222351074219,293.52978515625,286.549072265625,273.29541015625,226.4307098388672,9.303436279296875,7.3004913330078125,-3.5899658203125,-9.696334838867188,11.209564208984375,10.19195556640625,10.433273315429688,-1.1661529541015625,22.674868860553993
1992-003,1992-06-18 00:00:00,21.0,86.0,0.0,1992-06-18 00:00:00,0.0,2.9496848583221436e-05,2.1711457520723343e-05,7.501104846596718e-06,4.130043089389801e-05,92.95234680175781,59.96993637084961,64.74598693847656,94.09114074707031,294.903564453125,287.617919921875,272.77978515625,227.11044311523438,-6.1390380859375,-5.977142333984375,-11.55877685546875,7.2585601806640625,10.251556396484375,13.683013916015625,11.8255615234375,5.464691162109375,14.22707693397745
1992-003,1992-06-18 06:00:00,21.0,84.5,0.0,1992-06-18 06:00:00,0.0,-2.152053639292717e-06,2.0346371456980705e-05,1.872214488685131e-05,-0.00012004422023892403,98.68437194824219,80.61104583740234,72.2827377319336,99.45694732666016,292.948486328125,287.02685546875,272.92333984375,227.78305053710938,-6.6680908203125,-11.047943115234375,-11.542617797851562,-4.761566162109375,13.227005004882812,16.32666015625,12.176605224609375,6.1824188232421875,7.298015534575039
1992-003,1992-06-18 12:00:00,21.0,83.5,0.0,1992-06-18 12:00:00,0.0,5.7271914556622505e-05,5.3928233683109283e-05,4.660803824663162e-06,8.572963997721672e-05,97.0051498413086,97.74085235595703,95.81918334960938,100.2322006225586,293.288330078125,286.53857421875,273.350830078125,227.76974487304688,-14.578689575195312,-15.876861572265625,-11.797683715820312,1.6309814453125,1.3352813720703125,3.685943603515625,4.984222412109375,5.776641845703125,16.807115084089794
1992-003,1992-06-18 18:00:00,21.0,83.0,0.0,1992-06-18 18:00:00,0.0,8.541671559214592e-05,2.3222528398036957e-05,-6.350455805659294e-06,7.843389175832272e-05,99.73039245605469,94.59661865234375,79.14669036865234,98.5589370727539,293.33251953125,286.504638671875,274.380859375,226.30809020996094,-12.436874389648438,-12.051376342773438,-11.828216552734375,0.2034149169921875,3.0548248291015625,4.71661376953125,4.7058563232421875,-3.4080352783203125,14.196671247996074
1992-003,1992-06-19 00:00:00,21.0,82.5,0.0,1992-06-19 00:00:00,0.0,8.034729398787022e-05,-6.424263119697571e-06,-1.7080223187804222e-05,-1.5508849173784256e-05,100.36217498779297,86.55574035644531,79.26618957519531,46.79561233520508,292.9677734375,287.090576171875,273.16943359375,225.82781982421875,-10.18023681640625,-8.506240844726562,-9.326507568359375,-1.337310791015625,7.2404327392578125,10.316665649414062,6.8688201904296875,-9.55218505859375,18.97865519986208
1992-003,1992-06-19 06:00:00,21.0,81.0,0.0,1992-06-19 06:00:00,0.0,3.141630440950394e-05,-7.601920515298843e-07,3.095273859798908e-05,-2.4777371436357498e-05,99.41961669921875,93.38610076904297,82.97596740722656,45.55851364135742,293.2021484375,286.954345703125,273.755615234375,226.349609375,-10.579986572265625,-8.806793212890625,-10.825027465820312,-10.33123779296875,2.521636962890625,4.783599853515625,4.7266082763671875,-4.3593292236328125,6.885460886192048
1992-004,1992-07-26 00:00:00,20.0,88.5,0.0,1992-07-26 00:00:00,0.0,1.0260846465826035e-06,1.4220364391803741e-05,1.5961704775691032e-05,4.2957253754138947e-07,89.39242553710938,79.41061401367188,98.2955322265625,90.56126403808594,293.40087890625,285.89794921875,271.649169921875,224.96884155273438,-3.598846435546875,-1.6186370849609375,-8.804763793945312,1.3332977294921875,9.850723266601562,12.783706665039062,8.4189453125,13.7808837890625,6.306521053404904
1992-004,1992-07-26 06:00:00,20.5,87.5,0.0,1992-07-26 06:00:00,0.0,-7.675960659980774e-06,2.9569491744041443e-06,-2.3958273231983185e-06,-3.120093606412411e-05,92.29674530029297,83.4504165649414,99.62105560302734,102.80978393554688,293.728271484375,285.99560546875,272.416748046875,226.05978393554688,-14.001480102539062,-12.7139892578125,-9.362030029296875,-7.63848876953125,8.631805419921875,7.282196044921875,0.2502593994140625,2.4307708740234375,8.884845983097197
1992-004,1992-07-26 12:00:00,20.5,87.5,0.0,1992-07-26 12:00:00,0.0,7.124617695808411e-06,8.993782103061676e-06,-4.897057078778744e-05,9.46959771681577e-05,98.90107727050781,85.6214370727539,75.42822265625,99.9454345703125,293.47314453125,287.378662109375,273.584228515625,226.38375854492188,1.376434326171875,-0.9334869384765625,-13.341476440429688,-4.98040771484375,11.2943115234375,10.385879516601562,8.358535766601562,3.0998077392578125,10.371081573459874
1992-004,1992-07-26 18:00:00,20.5,87.0,0.0,1992-07-26 18:00:00,0.0,-7.340451702475548e-06,3.2382551580667496e-05,-3.8911122828722e-05,0.0002110411151079461,92.77679443359375,78.37032318115234,89.6733169555664,106.23978424072266,294.446533203125,288.861572265625,273.390625,227.6697235107422,-4.009979248046875,-3.8858642578125,-13.056549072265625,-0.478851318359375,11.728347778320312,14.813262939453125,14.0272216796875,8.1060791015625,5.058625783989158
1992-004,1992-07-27 00:00:00,21.0,86.0,0.0,1992-07-27 00:00:00,0.0,6.005261093378067e-05,3.258674405515194e-05,-1.6081612557172775e-06,-1.204758882522583e-05,99.14456939697266,84.09320831298828,92.02008819580078,100.17023468017578,293.4365234375,287.478515625,272.70458984375,226.9337615966797,-14.058746337890625,-9.204910278320312,-6.8484039306640625,-11.383453369140625,-5.6515045166015625,-1.73046875,3.132354736328125,2.3571624755859375,8.443692288353287
1992-004,1992-07-27 06:00:00,21.5,85.0,0.0,1992-07-27 06:00:00,0.0,-9.14325937628746e-06,-6.787106394767761e-05,8.34055244922638e-05,-3.963964991271496e-05,99.1448974609375,96.77037811279297,98.39762878417969,88.00982666015625,293.345458984375,286.765380859375,272.138671875,226.88160705566406,-12.0191650390625,-5.2942352294921875,-9.100738525390625,-8.310531616210938,-6.8679046630859375,-1.97802734375,-3.61090087890625,0.579345703125,8.319585319120216
1992-004,1992-07-27 12:00:00,22.0,83.5,0.0,1992-07-27 12:00:00,0.0,-3.638584166765213e-05,-5.849404260516167e-06,1.871609129011631e-05,1.4897435903549194e-05,97.52710723876953,96.0121841430664,99.775634765625,26.325029373168945,293.602294921875,285.974365234375,272.489990234375,226.420654296875,-12.402908325195312,-5.7838897705078125,-8.765533447265625,-11.309738159179688,-9.77301025390625,-6.9344482421875,-8.351898193359375,-7.3125457763671875,2.6923793300904317
1992-004,1992-07-27 18:00:00,22.0,83.0,0.0,1992-07-27 18:00:00,0.0,-4.127738066017628e-05,-3.559142351150513e-05,8.825445547699928e-06,-3.088521771132946e-05,100.21318817138672,100.54623413085938,101.19721984863281,93.78337097167969,292.583251953125,286.383056640625,272.1370849609375,226.67213439941406,-9.550201416015625,-6.7907562255859375,-3.947021484375,-9.090560913085938,-11.804443359375,-9.224197387695312,-5.6051177978515625,1.158203125,12.97079308565259
1992-004,1992-07-28 00:00:00,22.0,83.0,0.0,1992-07-28 00:00:00,0.0,6.943196058273315e-05,1.9656261429190636e-05,-3.895256668329239e-05,7.181800901889801e-05,99.26298522949219,97.35609436035156,95.49639129638672,101.0685043334961,291.5458984375,286.126708984375,272.032958984375,226.74488830566406,0.682647705078125,4.5577850341796875,8.31195068359375,-7.3850860595703125,-0.7657928466796875,-1.4741058349609375,2.9598541259765625,1.6925201416015625,8.43395700994502
1992-004,1992-07-28 06:00:00,22.5,82.5,0.0,1992-07-28 06:00:00,0.0,2.985633909702301e-05,1.6067642718553543e-05,1.4922115951776505e-05,-6.423797458410263e-07,96.88982391357422,99.24535369873047,88.4542236328125,97.71009826660156,292.26123046875,285.285888671875,272.779052734375,226.13111877441406,2.2502899169921875,3.5788726806640625,3.368255615234375,-4.6848602294921875,7.858123779296875,8.64849853515625,12.636062622070312,4.0652313232421875,7.904577201690095
1992-004,1992-07-28 12:00:00,23.0,80.0,0.0,1992-07-28 12:00:00,0.0,-4.1247112676501274e-05,-3.4567900002002716e-05,6.1750877648592e-05,9.026704356074333e-05,96.6454849243164,99.87100219726562,100.4950942993164,89.03228759765625,292.749267578125,285.281494140625,271.977294921875,226.6962890625,8.94415283203125,9.179367065429688,3.1894378662109375,-3.848358154296875,-0.1656646728515625,0.3791961669921875,-5.5746002197265625,-2.96185302734375,13.094541101127733
1992-004,1992-07-28 18:00:00,23.5,79.0,0.0,1992-07-28 18:00:00,0.0,-2.335989847779274e-06,-7.61435367166996e-05,0.0001398678869009018,-8.159247227013111e-05,99.45024871826172,99.21104431152344,99.02324676513672,55.59388732910156,292.47314453125,285.670166015625,272.289794921875,225.83798217773438,13.262405395507812,4.36236572265625,3.612548828125,-4.8972625732421875,4.8883209228515625,1.4041290283203125,3.5414276123046875,-0.0903472900390625,18.82978167449884
1992-004,1992-07-29 00:00:00,23.5,78.0,0.0,1992-07-29 00:00:00,0.0,-0.00011656596325337887,-9.47269145399332e-05,0.0001633400097489357,7.618963718414307e-05,97.82255554199219,99.25102233886719,100.58148193359375,98.83122253417969,291.6630859375,285.4375,272.043701171875,225.69125366210938,17.928817749023438,9.468902587890625,3.462371826171875,-4.19921875,11.222869873046875,-0.711822509765625,2.7223968505859375,8.184036254882812,22.335722711857738
1992-004,1992-07-29 06:00:00,24.5,76.5,0.0,1992-07-29 06:00:00,0.0,-3.8585392758250237e-05,2.6940135285258293e-05,1.3023847714066505e-05,1.4825636753812432e-05,97.86282348632812,99.89813232421875,98.04132080078125,100.91764068603516,292.658447265625,285.329833984375,271.497314453125,225.71853637695312,-0.2953338623046875,1.94891357421875,0.4498291015625,-6.7527313232421875,-0.85992431640625,0.0168609619140625,1.1911773681640625,6.805084228515625,10.022491604498725
1992-006,1992-10-07 12:00:00,14.0,85.5,0.0,1992-10-07 12:00:00,0.0,-1.3740966096520424e-05,-1.713121309876442e-05,-2.0627398043870926e-05,-1.9212020561099052e-05,90.734375,91.73735809326172,87.56654357910156,109.34956359863281,291.5146484375,283.37939453125,269.494873046875,222.52642822265625,-6.692901611328125,-5.3444061279296875,-1.036712646484375,-6.6339569091796875,2.3393402099609375,2.4752044677734375,2.978485107421875,-0.921356201171875,3.261229149183751
1992-006,1992-10-07 18:00:00,14.0,85.0,0.0,1992-10-07 18:00:00,0.0,-3.0722003430128098e-06,8.972827345132828e-06,5.349516868591309e-06,3.326265141367912e-05,93.61611938476562,81.38182830810547,75.85957336425781,102.44709777832031,291.35400390625,283.886474609375,269.7568359375,221.64747619628906,-5.9829254150390625,-5.57440185546875,-4.2005462646484375,-10.6944580078125,6.2189178466796875,6.6264190673828125,4.751800537109375,-3.3173828125,10.63670859030355
1992-006,1992-10-08 00:00:00,14.5,83.5,0.0,1992-10-08 00:00:00,0.0,-1.4865072444081306e-05,-5.548354238271713e-06,-8.160015568137169e-06,3.194529563188553e-05,92.34087371826172,91.99723815917969,77.72557067871094,101.07382202148438,291.58203125,284.12744140625,270.352294921875,221.0952606201172,-6.559906005859375,-5.03985595703125,-7.2677001953125,-10.294891357421875,2.7191314697265625,2.2347564697265625,7.03521728515625,-4.9576873779296875,8.537192934221217
1992-006,1992-10-08 06:00:00,15.0,82.5,0.0,1992-10-08 06:00:00,0.0,-1.8065795302391052e-05,-2.1878397092223167e-05,-5.064532160758972e-06,-7.727066986262798e-05,90.38419342041016,88.67179870605469,86.36967468261719,105.36045837402344,291.814697265625,283.99072265625,270.264892578125,223.93821716308594,-8.050643920898438,-9.93499755859375,-7.483917236328125,-9.806869506835938,-2.572235107421875,-1.57757568359375,5.947357177734375,-1.2994842529296875,2.1689220931864077
1992-007,1992-10-20 12:00:00,19.0,89.0,0.0,1992-10-20 12:00:00,0.0,-2.229120582342148e-06,-2.900604158639908e-05,1.9402476027607918e-05,-1.4235032722353935e-05,88.080810546875,87.12315368652344,79.32357025146484,86.63811492919922,291.78662109375,283.556640625,269.521240234375,222.00079345703125,3.255462646484375,3.90234375,4.0099639892578125,-0.1060638427734375,5.99139404296875,6.8873748779296875,-5.26763916015625,4.8781585693359375,3.541066725964992
1992-007,1992-10-20 18:00:00,19.5,89.0,0.0,1992-10-20 18:00:00,0.0,-1.2009171769022942e-05,7.200287654995918e-06,2.8179259970784187e-05,-3.1344592571258545e-05,97.60687255859375,87.72819519042969,66.83554077148438,98.50494384765625,291.1572265625,283.972412109375,270.045166015625,221.89212036132812,1.0820770263671875,3.95526123046875,1.564361572265625,1.180267333984375,4.2253570556640625,1.8397216796875,-1.8234100341796875,6.5422515869140625,2.3189742571762446
1992-007,1992-10-21 00:00:00,19.5,89.5,0.0,1992-10-21 00:00:00,0.0,1.278286799788475e-05,-6.866874173283577e-06,-9.132781997323036e-06,2.223416231572628e-05,93.68972778320312,92.64723205566406,81.17847442626953,109.19567108154297,291.75146484375,283.92626953125,269.669921875,221.74168395996094,5.121185302734375,6.1826629638671875,7.6030731201171875,-2.4127349853515625,-2.312896728515625,-1.963104248046875,1.24017333984375,2.029052734375,8.695543688897727
1992-008,1992-11-03 06:00:00,15.0,90.0,0.0,1992-11-03 06:00:00,0.0,-2.5471672415733337e-05,-3.1452393159270287e-05,4.548137076199055e-05,-1.4957040548324585e-06,93.43161010742188,72.46418762207031,93.38459014892578,100.26508331298828,290.173583984375,282.109375,267.9208984375,220.25537109375,-1.2402801513671875,0.527557373046875,3.220306396484375,0.836883544921875,9.113571166992188,5.360321044921875,3.694610595703125,6.0167694091796875,3.7289127300557507
1992-008,1992-11-03 12:00:00,15.5,89.5,0.0,1992-11-03 12:00:00,0.0,-2.9561808332800865e-05,-5.2930088713765144e-05,4.6987785026431084e-05,7.18175433576107e-05,94.86441802978516,87.4162826538086,99.63180541992188,100.00353240966797,289.96484375,281.695068359375,268.563232421875,219.5631561279297,-1.790130615234375,-0.5771942138671875,0.308837890625,3.80096435546875,6.1039276123046875,4.8631134033203125,8.210617065429688,5.921966552734375,5.5940551301021095
1992-008,1992-11-03 18:00:00,15.5,89.0,0.0,1992-11-03 18:00:00,0.0,2.2009480744600296e-06,2.0691193640232086e-05,-7.441826164722443e-05,1.4692079275846481e-05,81.38186645507812,79.78387451171875,96.48295593261719,95.4682846069336,291.121826171875,281.99609375,267.742431640625,218.7801971435547,-4.01055908203125,-1.3753814697265625,3.0650634765625,5.147003173828125,7.7803497314453125,4.0090789794921875,-0.633575439453125,8.533721923828125,9.188499122827183
1992-008,1992-11-04 00:00:00,15.5,89.0,0.0,1992-11-04 00:00:00,0.0,1.9832514226436615e-06,2.907821908593178e-06,-1.2879958376288414e-05,-1.8695835024118423e-05,88.59669494628906,80.83879852294922,87.8910140991211,91.91604614257812,290.868408203125,282.151123046875,267.97314453125,219.16506958007812,-2.09320068359375,0.5935516357421875,1.582550048828125,5.72650146484375,8.500320434570312,6.35760498046875,0.2507781982421875,4.971649169921875,8.579001257968999
1992-008,1992-11-04 06:00:00,15.5,87.5,0.0,1992-11-04 06:00:00,0.0,7.005874067544937e-07,-1.0341871529817581e-05,1.0450836271047592e-05,-4.6919332817196846e-05,89.35334777832031,80.69232940673828,98.30715942382812,97.12910461425781,290.805419921875,281.704345703125,268.16943359375,220.70681762695312,0.5951385498046875,0.4600982666015625,2.07159423828125,-0.4552154541015625,6.272125244140625,5.1793060302734375,6.0517120361328125,5.0294036865234375,1.6271448624164904
1992-008,1992-11-04 12:00:00,15.5,87.5,0.0,1992-11-04 12:00:00,0.0,6.055459380149841e-06,1.5984289348125458e-05,1.0353978723287582e-05,5.210377275943756e-05,87.5780258178711,79.2582778930664,94.64205932617188,94.2950668334961,291.101806640625,282.197021484375,268.22705078125,219.60379028320312,-0.4002838134765625,0.144073486328125,5.34033203125,4.8651275634765625,6.0381011962890625,4.919097900390625,7.10003662109375,5.470245361328125,5.29594346815056
1992-008,1992-11-04 18:00:00,15.5,87.5,0.0,1992-11-04 18:00:00,0.0,-3.0168332159519196e-05,-7.27770384401083e-05,7.787393406033516e-05,1.0550254955887794e-05,90.6737060546875,85.43751525878906,97.59796905517578,101.27568817138672,290.20458984375,282.0078125,267.819580078125,219.61000061035156,-1.18377685546875,0.796539306640625,5.7481536865234375,2.5200347900390625,7.206085205078125,6.0282745361328125,4.725250244140625,3.204620361328125,5.452516996870941
1992-008,1992-11-06 00:00:00,16.5,85.5,0.0,1992-11-06 00:00:00,0.0,-1.1877622455358505e-05,-2.856086939573288e-05,-7.725320756435394e-06,6.755325011909008e-05,95.65664672851562,85.44866943359375,83.40779876708984,100.51475524902344,290.484130859375,282.56640625,268.13818359375,220.67037963867188,-2.330657958984375,-0.0831298828125,1.1191558837890625,-1.5247650146484375,4.8641357421875,2.0519561767578125,1.8863067626953125,8.281478881835938,3.5110821083866277
1992-009,1992-11-11 06:00:00,7.5,85.5,0.0,1992-11-11 06:00:00,0.0,-2.4155713617801666e-05,-1.7369166016578674e-07,-5.8756908401846886e-05,7.417192682623863e-05,92.38397216796875,89.5648193359375,101.59181213378906,109.62458801269531,290.06103515625,281.818115234375,268.1923828125,219.4031524658203,-15.082611083984375,-13.120223999023438,-9.056045532226562,-13.887908935546875,-2.8140411376953125,-1.1232452392578125,1.9805755615234375,-0.9037322998046875,2.253129618908821
1992-009,1992-11-11 12:00:00,7.5,84.5,0.0,1992-11-11 12:00:00,0.0,2.1995045244693756e-05,-1.2221978977322578e-05,-0.00012012152001261711,5.4282136261463165e-05,90.898681640625,84.11839294433594,99.97449493408203,101.0185546875,290.475830078125,282.456298828125,268.3601379394531,220.11253356933594,-15.285430908203125,-13.090545654296875,-11.863861083984375,-12.971572875976562,-5.0417633056640625,-3.1182098388671875,3.2760162353515625,1.1092987060546875,6.5718720974551
1992-009,1992-11-11 18:00:00,7.5,83.5,0.0,1992-11-11 18:00:00,0.0,-2.829846926033497e-05,-2.254289574921131e-05,-2.6345718652009964e-05,6.07464462518692e-05,93.15289306640625,84.850341796875,101.159423828125,99.44013214111328,290.146484375,282.28759765625,268.9411926269531,219.0347442626953,-15.55218505859375,-14.495513916015625,-14.478240966796875,-10.21441650390625,-0.849365234375,-2.730560302734375,-0.416717529296875,1.6097564697265625,5.876993508503651
1992-009,1992-11-12 00:00:00,7.0,82.5,0.0,1992-11-12 00:00:00,0.0,-4.2869942262768745e-05,-3.7477584555745125e-05,-4.1252002120018005e-05,-5.6129880249500275e-05,96.08568572998047,89.19837951660156,99.69538116455078,101.91388702392578,290.27099609375,282.337646484375,269.52655029296875,219.9254150390625,-5.1235198974609375,-7.457916259765625,-9.8514404296875,-8.448745727539062,-4.160369873046875,-3.0224609375,0.477752685546875,-2.03680419921875,3.9454604284012094
1992-009,1992-11-12 06:00:00,7.0,81.5,0.0,1992-11-12 06:00:00,0.0,9.835162200033665e-05,6.3909683376550674e-06,-8.556991815567017e-06,-3.1268224120140076e-05,97.95230865478516,91.3631591796875,97.24385833740234,96.4974365234375,290.568115234375,281.80859375,269.4117431640625,220.66748046875,-3.4910430908203125,-3.0027313232421875,-6.6076812744140625,-4.5771942138671875,-7.6215972900390625,-4.9643096923828125,8.237716674804688,3.6490020751953125,11.322814769911123
1992-009,1992-11-12 12:00:00,7.5,80.0,0.0,1992-11-12 12:00:00,0.0,-6.64200633764267e-05,-0.00014269654639065266,0.00017070514149963856,-3.807945176959038e-05,99.1654052734375,97.26493835449219,100.91095733642578,104.71168518066406,290.717041015625,283.507568359375,268.8214111328125,220.7583465576172,-16.106124877929688,-14.7728271484375,-13.933578491210938,-8.965744018554688,-22.317626953125,-15.009475708007812,-1.27508544921875,2.6667327880859375,25.984673761568967
1992-009,1992-11-12 18:00:00,7.5,79.5,0.0,1992-11-12 18:00:00,0.0,-3.2115960493683815e-05,2.3842323571443558e-05,1.599709503352642e-05,1.7113052308559418e-06,91.13227081298828,91.14137268066406,77.5811767578125,97.25487518310547,291.404052734375,282.96484375,269.5699157714844,220.1399688720703,-16.183273315429688,-14.057037353515625,-14.262298583984375,-9.168472290039062,-7.344024658203125,-5.125701904296875,2.5214385986328125,8.388778686523438,17.22581012636737
1992-009,1992-11-13 00:00:00,7.5,79.0,0.0,1992-11-13 00:00:00,0.0,-0.0002034357748925686,-0.00016771350055933,0.00016955635510385036,3.920635208487511e-05,100.68986511230469,101.49781036376953,102.43292999267578,98.4580078125,290.3388671875,283.191650390625,269.75616455078125,220.3211669921875,-9.668304443359375,-6.2981719970703125,-13.22210693359375,-5.0737457275390625,-3.4810638427734375,-5.5583343505859375,0.7764434814453125,15.4193115234375,19.45081383327684
1992-009,1992-11-13 06:00:00,8.0,78.5,0.0,1992-11-13 06:00:00,0.0,-4.991190508008003e-06,7.518986240029335e-05,6.238720379769802e-05,-3.406684845685959e-05,95.06058502197266,84.22232818603516,82.51714324951172,98.92965698242188,291.601806640625,284.353515625,271.14178466796875,220.61190795898438,-11.06072998046875,-8.8719482421875,0.2237091064453125,-7.8778839111328125,-3.229095458984375,-1.4542083740234375,7.57647705078125,7.3154296875,11.014423256164099
1992-009,1992-11-13 12:00:00,9.0,77.5,0.0,1992-11-13 12:00:00,0.0,-0.0005165336187928915,-6.608897820115089e-06,0.0003250567242503166,-7.494702003896236e-05,100.706298828125,100.70370483398438,99.29617309570312,106.82437133789062,289.506103515625,282.85205078125,269.7529296875,220.85784912109375,-14.781295776367188,-24.039825439453125,-21.271575927734375,-7.443939208984375,-24.308853149414062,-12.929946899414062,-1.3824462890625,13.205734252929688,38.225398223759605
1992-009,1992-11-13 18:00:00,9.5,77.5,0.0,1992-11-13 18:00:00,0.0,-0.0004406939260661602,0.0004281499423086643,5.982629954814911e-05,7.853563874959946e-05,100.27519226074219,98.13861083984375,96.91172790527344,103.48597717285156,290.58544921875,283.0244140625,268.93212890625,221.16403198242188,-20.439346313476562,-18.7335205078125,-17.2939453125,-3.587677001953125,-11.63531494140625,-1.6531829833984375,5.905731201171875,15.883880615234375,32.26894610410402
1992-009,1992-11-14 00:00:00,9.8,77.0,0.0,1992-11-14 00:00:00,0.0,-0.00021496834233403206,-1.9014114513993263e-05,0.00014951452612876892,2.9825838282704353e-05,99.97188568115234,100.34690856933594,98.11598205566406,98.03113555908203,289.95458984375,282.82861328125,269.136474609375,219.99085998535156,-4.019622802734375,-15.011810302734375,-8.107406616210938,2.392578125,-0.0377349853515625,1.689666748046875,13.933181762695312,15.337051391601562,16.65834256084863
1992-009,1992-11-14 06:00:00,10.5,76.5,0.0,1992-11-14 06:00:00,0.0,-0.0003202189691364765,6.409990601241589e-05,8.896295912563801e-05,5.632615648210049e-05,100.29396057128906,101.14958190917969,92.92422485351562,99.45759582519531,289.39501953125,282.168701171875,268.9345703125,220.39515686035156,-14.3433837890625,-16.407379150390625,-1.2894134521484375,1.06463623046875,-4.2594757080078125,6.1331787109375,12.3214111328125,6.8525543212890625,18.99695481634547
1992-009,1992-11-14 12:00:00,10.5,76.0,0.0,1992-11-14 12:00:00,0.0,3.6454061046242714e-05,-9.391456842422485e-06,-1.3760291039943695e-05,3.5830307751894e-05,89.60211944580078,94.98374938964844,89.09728240966797,98.88483428955078,289.54296875,281.748779296875,268.17919921875,220.1458740234375,5.8810882568359375,5.5963134765625,1.5446319580078125,0.4801483154296875,8.2669677734375,6.1783447265625,11.012680053710938,2.85455322265625,7.646200593771128
1992-009,1992-11-14 18:00:00,10.5,75.5,0.0,1992-11-14 18:00:00,0.0,1.5904894098639488e-05,7.933005690574646e-06,2.2510765120387077e-05,3.434414975345135e-05,95.92444610595703,87.59286499023438,88.81572723388672,87.52715301513672,289.844970703125,282.78564453125,268.556640625,220.5739288330078,0.70855712890625,3.448516845703125,8.842910766601562,-2.0235137939453125,10.114959716796875,4.4465179443359375,6.445648193359375,2.191497802734375,8.381256482836566
1992-009,1992-11-15 00:00:00,10.5,75.0,0.0,1992-11-15 00:00:00,0.0,-2.532685175538063e-05,3.263913094997406e-05,1.4606630429625511e-05,-1.893565058708191e-05,97.13884735107422,93.69625091552734,67.50157928466797,102.35051727294922,289.95751953125,282.673583984375,269.0576171875,220.28683471679688,8.913284301757812,7.7026519775390625,13.87835693359375,0.32177734375,5.3336029052734375,4.09100341796875,7.7861785888671875,1.6105499267578125,9.36349909437336
1992-009,1992-11-15 06:00:00,11.0,74.5,0.0,1992-11-15 06:00:00,0.0,-1.3461103662848473e-05,1.544109545648098e-05,1.6762642189860344e-05,-2.6926863938570023e-06,93.08956146240234,72.38389587402344,92.35872650146484,96.47034454345703,290.8779296875,283.015380859375,268.794189453125,220.0675048828125,3.3525848388671875,3.73052978515625,9.938613891601562,0.2665863037109375,-2.36529541015625,-0.4640350341796875,2.5612335205078125,1.1385955810546875,4.669115444843454
1992-009,1992-11-15 12:00:00,11.5,74.5,0.0,1992-11-15 12:00:00,0.0,4.135235212743282e-05,1.7885351553559303e-05,-4.3436652049422264e-05,-1.0928604751825333e-05,92.2841567993164,91.6606216430664,78.77134704589844,96.29890441894531,290.70166015625,283.06396484375,268.7685546875,220.93470764160156,5.9383544921875,5.482757568359375,10.710464477539062,-8.941070556640625,-4.3661956787109375,-3.4142303466796875,5.328643798828125,4.3269195556640625,17.23274621938757
1992-009,1992-11-15 18:00:00,12.0,74.5,0.0,1992-11-15 18:00:00,0.0,3.800843842327595e-05,-4.84357587993145e-06,-5.980045534670353e-05,-2.099340781569481e-05,97.33660125732422,72.16657257080078,96.78067016601562,94.03168487548828,290.51513671875,282.921142578125,268.761474609375,219.86334228515625,-3.40521240234375,-1.11224365234375,3.26080322265625,-2.7625885009765625,2.2098388671875,-1.839813232421875,-2.1509857177734375,7.0990753173828125,4.931287716664568
1992-009,1992-11-16 00:00:00,12.5,74.5,0.0,1992-11-16 00:00:00,0.0,-9.793322533369064e-06,3.518303856253624e-06,0.00010554562322795391,2.9186325264163315e-05,99.65371704101562,93.37599182128906,100.6220474243164,104.969970703125,290.5634765625,283.092529296875,269.51873779296875,219.6916961669922,-0.583831787109375,0.7830810546875,1.5754547119140625,1.2579803466796875,6.305908203125,2.3012237548828125,3.5245361328125,6.3855438232421875,1.8435329582527318
1992-009,1992-11-16 06:00:00,12.5,74.5,0.0,1992-11-16 06:00:00,0.0,-2.171308733522892e-05,5.781650543212891e-06,-7.292255759239197e-07,-2.776971086859703e-05,98.67095184326172,81.81504821777344,80.89688873291016,106.90513610839844,290.4189453125,283.222412109375,268.94580078125,219.85110473632812,3.0022125244140625,4.7275848388671875,6.1403961181640625,-0.678253173828125,7.6197662353515625,4.719207763671875,5.716064453125,5.2877044677734375,4.357102230122328
1992-010,1992-11-16 06:00:00,9.5,95.5,0.0,1992-11-16 06:00:00,0.0,-6.814510561525822e-05,0.00011479854583740234,-0.00011171307414770126,0.00017239758744835854,93.63188934326172,78.82481384277344,95.52384185791016,99.15904235839844,289.4111328125,281.888427734375,268.19482421875,219.15383911132812,-15.104232788085938,-11.200149536132812,-14.324447631835938,-5.693878173828125,9.963516235351562,8.757293701171875,3.485595703125,4.7564544677734375,10.754918233880588
1992-010,1992-11-16 12:00:00,9.5,94.5,1.0,1992-11-16 12:00:00,0.0,-6.0085905715823174e-05,1.559383235871792e-05,-0.00011511449702084064,-4.628882743418217e-05,93.08134460449219,84.53373718261719,101.32604217529297,109.9703598022461,289.947021484375,282.26806640625,268.747802734375,219.1547088623047,-13.68145751953125,-9.472061157226562,-14.132781982421875,-1.690887451171875,10.153900146484375,8.236312866210938,4.674041748046875,8.709854125976562,12.077211576915435
1992-010,1992-11-16 18:00:00,9.5,93.5,1.0,1992-11-16 18:00:00,0.0,-8.046627044677734e-07,7.991772145032883e-05,-0.00020264298655092716,0.0004527526907622814,84.57707977294922,79.82120513916016,101.73738098144531,100.25112915039062,290.6474609375,281.6396484375,268.01318359375,220.13339233398438,-10.523757934570312,-10.91619873046875,-5.24176025390625,3.5532989501953125,14.51983642578125,6.909423828125,7.118804931640625,9.758010864257812,14.860636366431462
1992-010,1992-11-17 00:00:00,9.5,92.0,1.0,1992-11-17 00:00:00,0.0,-0.0001594198402017355,-0.0002494275104254484,0.0002959195990115404,2.650827809702605e-05,97.20733642578125,100.92561340332031,104.23233795166016,100.41663360595703,290.21630859375,281.534423828125,267.3095703125,220.2042694091797,-2.7194061279296875,-5.783843994140625,-1.2150421142578125,0.452667236328125,15.194442749023438,13.89569091796875,14.612503051757812,5.960540771484375,9.763554432635365
1992-010,1992-11-17 06:00:00,9.5,90.5,1.0,1992-11-17 06:00:00,0.0,-2.9563670977950096e-05,-7.33695924282074e-06,-7.783412002027035e-05,2.711918205022812e-05,89.7709732055664,82.76702880859375,98.17608642578125,99.94535827636719,290.872314453125,281.212890625,268.62841796875,219.6297149658203,8.865005493164062,7.9130706787109375,12.252975463867188,-0.6812896728515625,7.7444610595703125,7.057098388671875,2.9314727783203125,2.7500457763671875,10.773854250814155
1992-010,1992-11-17 12:00:00,10.0,90.0,0.0,1992-11-17 12:00:00,0.0,-3.161607310175896e-05,-4.7497451305389404e-07,7.272465154528618e-06,2.8922688215970993e-05,86.52323150634766,87.81251525878906,98.73153686523438,101.3463134765625,290.419189453125,281.52587890625,267.87109375,220.00917053222656,7.49957275390625,9.42034912109375,8.70098876953125,-0.6833038330078125,6.8529815673828125,6.0438995361328125,4.682830810546875,5.21661376953125,8.344888783351873
1992-010,1992-11-17 18:00:00,10.5,89.5,0.0,1992-11-17 18:00:00,0.0,-4.243268631398678e-05,-4.462664946913719e-06,9.772833436727524e-06,-9.470153599977493e-06,86.62772369384766,78.41438293457031,95.26716613769531,101.19285583496094,290.02734375,281.80419921875,267.894775390625,218.83920288085938,9.168060302734375,9.609695434570312,10.47265625,0.6332550048828125,8.323196411132812,8.4464111328125,-0.0373382568359375,2.01361083984375,10.613848103004594
1992-010,1992-11-18 00:00:00,11.0,88.5,0.0,1992-11-18 00:00:00,0.0,-4.37695998698473e-05,2.3334519937634468e-05,-6.279675289988518e-06,0.00011675036512315273,89.05142974853516,78.68541717529297,90.79169464111328,99.44731903076172,290.06787109375,282.33642578125,267.59765625,218.71495056152344,9.841354370117188,10.113525390625,8.295303344726562,-0.5992889404296875,3.7061004638671875,3.7016448974609375,0.0533905029296875,0.392578125,10.953833257277521
1992-010,1992-11-18 06:00:00,12.0,87.8,0.0,1992-11-18 06:00:00,0.0,1.868605613708496e-05,1.5442725270986557e-05,-6.7641958594322205e-06,-2.354950993321836e-06,92.15390014648438,77.49884033203125,96.13707733154297,99.92706298828125,289.86572265625,282.511962890625,267.5825500488281,219.14288330078125,8.658309936523438,11.200469970703125,10.4056396484375,-0.17889404296875,-0.1176300048828125,1.273101806640625,2.6053314208984375,2.1541290283203125,9.124530852602371
1992-010,1992-11-18 12:00:00,13.5,87.5,0.0,1992-11-18 12:00:00,0.0,-2.0767562091350555e-05,3.8861995562911034e-05,-6.169197149574757e-05,8.329655975103378e-05,80.5424575805664,71.93942260742188,78.02963256835938,99.68740844726562,291.628173828125,282.990966796875,268.7366943359375,219.64718627929688,11.620651245117188,12.796722412109375,13.136871337890625,-0.4821624755859375,-0.8388214111328125,-4.3792724609375,-2.7115478515625,-5.374969482421875,12.924965736229218
1992-010,1992-11-18 18:00:00,14.5,87.5,0.0,1992-11-18 18:00:00,0.0,1.1962838470935822e-05,-2.772151492536068e-05,3.916327841579914e-05,7.172627374529839e-05,75.4854736328125,78.90364074707031,53.05555725097656,99.27777099609375,291.913330078125,281.93798828125,269.3206787109375,219.24114990234375,8.923858642578125,13.017730712890625,17.271484375,2.627960205078125,-0.714019775390625,-4.2897796630859375,0.1212005615234375,-5.20269775390625,7.732177386100636
1992-010,1992-11-19 00:00:00,16.0,87.5,0.0,1992-11-19 00:00:00,0.0,3.050197847187519e-05,2.4483539164066315e-05,-8.53249803185463e-05,5.6622084230184555e-05,74.82229614257812,71.88497924804688,88.75435638427734,100.51333618164062,292.53515625,282.90625,269.45806884765625,220.26475524902344,1.676239013671875,3.3892974853515625,7.9246368408203125,0.2129669189453125,-3.7775421142578125,-6.518798828125,-8.686233520507812,-4.247528076171875,1.5368968825532012
1992-010,1992-11-19 06:00:00,16.5,87.5,0.0,1992-11-19 06:00:00,0.0,1.1714641004800797e-05,4.5939814299345016e-05,-5.1168957725167274e-05,-4.2724423110485077e-07,71.34410858154297,70.13607025146484,77.7118148803711,96.28288269042969,293.0849609375,283.666015625,269.08709716796875,220.00633239746094,5.6781005859375,7.267791748046875,7.759674072265625,-1.225250244140625,-2.6746673583984375,-4.393798828125,-3.8683929443359375,2.92767333984375,8.890583444427092
1992-010,1992-11-19 12:00:00,17.5,88.5,0.0,1992-11-19 12:00:00,0.0,2.755480818450451e-05,-3.214622847735882e-05,-2.231728285551071e-05,6.6317617893219e-05,90.7970199584961,69.60680389404297,60.350563049316406,100.33491516113281,291.640380859375,283.681640625,270.40631103515625,220.58201599121094,-1.215545654296875,1.100372314453125,8.483612060546875,-1.5460968017578125,9.8031005859375,7.776214599609375,-3.30352783203125,8.764480590820312,1.0899520885547993
1992-010,1992-11-19 18:00:00,18.0,88.5,0.0,1992-11-19 18:00:00,0.0,5.6927092373371124e-06,2.405606210231781e-05,-3.673112951219082e-05,4.986952990293503e-05,86.5928726196289,72.92565155029297,54.880882263183594,96.50347900390625,291.842041015625,284.121337890625,269.44091796875,218.52561950683594,-3.25958251953125,-2.1969146728515625,5.09100341796875,0.5409393310546875,9.48846435546875,3.1878662109375,-3.1485443115234375,7.5548553466796875,4.264130642423069
1992-010,1992-11-20 00:00:00,18.5,89.0,0.0,1992-11-20 00:00:00,0.0,-1.3901619240641594e-05,3.7649646401405334e-05,1.0093674063682556e-05,2.1694693714380264e-05,98.0244140625,87.12413024902344,47.711273193359375,106.06777954101562,291.370849609375,284.228271484375,269.737548828125,219.03016662597656,0.730499267578125,1.5915374755859375,2.3241119384765625,-3.252197265625,4.401275634765625,1.49365234375,-4.13031005859375,12.6544189453125,9.163855421164872
1992-010,1992-11-20 06:00:00,19.0,89.5,0.0,1992-11-20 06:00:00,0.0,3.214110620319843e-05,0.00010865693911910057,-0.00010665715672075748,0.0001720136497169733,90.42556762695312,70.04330444335938,72.80953979492188,94.4903793334961,292.097412109375,284.392822265625,269.0439453125,219.3801727294922,-5.8039093017578125,-5.216644287109375,2.90924072265625,-2.1197509765625,9.005050659179688,-0.278564453125,-9.11846923828125,4.0313262939453125,6.189584527771797
1992-010,1992-11-20 12:00:00,19.5,90.0,0.0,1992-11-20 12:00:00,0.0,2.5782501325011253e-05,-3.3464981243014336e-05,5.488283932209015e-06,-4.67060599476099e-05,95.63441467285156,55.993621826171875,46.19852066040039,102.27046966552734,291.10791015625,284.733642578125,268.064208984375,220.11952209472656,-4.42041015625,-2.3362274169921875,0.41571044921875,1.6050262451171875,5.26397705078125,-0.7004241943359375,-7.2372589111328125,10.961593627929688,8.292690666310751
1993-003,1993-12-01 06:00:00,7.0,91.0,0.0,1993-12-01 06:00:00,0.0,-1.3868091627955437e-05,2.5878893211483955e-05,-4.674075171351433e-06,-1.4478107914328575e-05,100.44683074951172,84.0037841796875,88.01272583007812,97.79908752441406,290.82568359375,282.668701171875,268.526123046875,220.9470977783203,-4.1419525146484375,-6.477508544921875,-8.771636962890625,-4.1245269775390625,7.7186126708984375,6.813720703125,6.5959014892578125,2.7822113037109375,4.936432123235786
1993-003,1993-12-01 12:00:00,8.0,89.0,0.0,1993-12-01 12:00:00,0.0,3.0711060389876366e-05,-1.1880649253726006e-05,2.2384338080883026e-05,9.862007573246956e-06,77.12946319580078,87.70298767089844,82.26090240478516,99.21138000488281,292.484375,283.139404296875,268.8759765625,220.95907592773438,-10.424041748046875,-13.77398681640625,-14.397079467773438,-1.730255126953125,2.8832550048828125,4.31005859375,9.754745483398438,7.53997802734375,9.862403110856219
1993-003,1993-12-01 18:00:00,8.0,88.0,0.0,1993-12-01 18:00:00,0.0,-6.403098814189434e-05,-2.4828827008605003e-05,0.00010897661559283733,-6.810319609940052e-05,95.32476806640625,91.84881591796875,97.14218139648438,103.03279113769531,290.960693359375,282.75439453125,269.88916015625,220.05758666992188,-13.627487182617188,-12.141448974609375,-6.823883056640625,-3.6917572021484375,-0.6624755859375,3.7847442626953125,8.904495239257812,-0.3356475830078125,9.941103901895632
1993-003,1993-12-02 00:00:00,8.0,87.5,0.0,1993-12-02 00:00:00,0.0,-3.258371725678444e-05,-2.7913134545087814e-05,1.3907905668020248e-05,-5.1122624427080154e-06,92.59618377685547,87.43806457519531,80.73235321044922,104.30635833740234,291.212646484375,283.41943359375,269.05322265625,220.6729278564453,-8.785324096679688,-6.0238494873046875,-1.9499969482421875,-2.6409759521484375,6.18585205078125,9.333526611328125,14.298629760742188,-0.6180419921875,9.167659912384963
1993-003,1993-12-02 03:00:00,8.0,87.0,0.0,1993-12-02 03:00:00,0.0,4.52650710940361e-05,5.357898771762848e-06,-0.00010375468991696835,6.322772242128849e-05,88.63973236083984,71.4824447631836,95.7960433959961,97.60293579101562,291.82861328125,284.0029296875,269.241943359375,221.09396362304688,-6.8258514404296875,1.2411346435546875,4.5039215087890625,4.6406707763671875,2.753509521484375,4.7784423828125,13.073959350585938,3.604156494140625,11.498031658522494
1993-003,1993-12-02 06:00:00,8.5,86.5,0.0,1993-12-02 06:00:00,0.0,2.093636430799961e-05,3.069848753511906e-05,1.436891034245491e-05,7.197167724370956e-05,97.06808471679688,70.110107421875,69.53466796875,99.82654571533203,291.34375,284.16552734375,269.80908203125,221.11434936523438,-11.5767822265625,-5.209259033203125,2.8844757080078125,2.4296417236328125,2.582611083984375,6.899261474609375,13.514434814453125,4.98480224609375,14.210926579640093
1993-003,1993-12-02 12:00:00,9.0,85.5,0.0,1993-12-02 12:00:00,0.0,-2.773711457848549e-05,-9.875278919935226e-06,6.218394264578819e-05,3.522448241710663e-05,92.79830932617188,82.62874603271484,80.38985443115234,97.2994155883789,291.64501953125,283.274169921875,269.67626953125,221.0810546875,-12.733535766601562,-6.225799560546875,-1.5307769775390625,-4.78839111328125,1.5316009521484375,5.51727294921875,19.16064453125,0.6012115478515625,7.99943423035731
1993-003,1993-12-02 18:00:00,9.0,85.0,0.0,1993-12-02 18:00:00,0.0,-5.318503826856613e-05,-8.637015707790852e-05,1.806439831852913e-05,-0.00012311316095292568,95.63227081298828,88.35267639160156,95.65496826171875,102.34449005126953,291.17822265625,283.56689453125,270.316162109375,221.383544921875,-9.935165405273438,-2.76873779296875,-1.4920806884765625,0.4525604248046875,6.181396484375,5.652740478515625,11.813278198242188,-2.46649169921875,13.516316730411901
1993-003,1993-12-03 00:00:00,9.5,84.5,1.0,1993-12-03 00:00:00,0.0,9.536277502775192e-06,-3.325054422020912e-05,2.5690067559480667e-05,-9.158230386674404e-05,85.85881042480469,80.89762115478516,97.12037658691406,99.50331115722656,292.086669921875,283.56396484375,270.52490234375,221.48428344726562,-5.964202880859375,-6.0245513916015625,-3.268310546875,-0.2909698486328125,13.250289916992188,13.499725341796875,15.166748046875,-1.171234130859375,15.497287791762387
1993-003,1993-12-03 03:00:00,9.5,83.5,0.0,1993-12-03 03:00:00,0.0,3.432156518101692e-06,4.179216921329498e-05,1.4132354408502579e-05,3.948737867176533e-05,90.29764556884766,82.1508560180664,95.14915466308594,99.75765991210938,292.20947265625,284.468017578125,271.130126953125,222.0516815185547,-2.20904541015625,-1.217864990234375,-1.4189910888671875,1.8694000244140625,-1.1728057861328125,-2.0710906982421875,-1.012908935546875,6.5712127685546875,8.752344859414059
1993-003,1993-12-03 06:00:00,9.5,83.0,1.0,1993-12-03 06:00:00,0.0,9.066425263881683e-06,3.276485949754715e-05,-0.00010618148371577263,0.00015440513379871845,86.89306640625,77.04470825195312,89.62166595458984,99.1304931640625,292.1220703125,283.663818359375,271.276123046875,222.3439178466797,2.6167144775390625,5.0178985595703125,0.0923004150390625,-1.9775238037109375,-4.314788818359375,-2.6248626708984375,3.2021942138671875,2.9249114990234375,8.57439712577017
1993-003,1993-12-03 12:00:00,10.0,82.0,0.0,1993-12-03 12:00:00,0.0,-3.504101186990738e-07,7.055304013192654e-05,-7.536658085882664e-05,-5.967286415398121e-05,88.13845825195312,76.77620697021484,87.99676513671875,96.75956726074219,292.34912109375,283.4306640625,269.367431640625,224.55099487304688,-0.5658111572265625,1.1931915283203125,5.8575286865234375,-3.4961700439453125,-4.3105621337890625,-2.7926177978515625,0.3944244384765625,-4.07012939453125,2.940205963377152
1993-004,1993-12-19 00:00:00,8.5,83.5,0.0,1993-12-19 00:00:00,0.0,3.580516204237938e-05,6.405357271432877e-05,-9.799608960747719e-05,-1.2366566807031631e-05,88.4896469116211,81.12614440917969,94.4955062866211,100.05941009521484,290.35107421875,282.146728515625,268.54949951171875,218.30368041992188,-7.23272705078125,-1.606048583984375,-7.6250152587890625,-7.7729644775390625,-8.285659790039062,-3.0220794677734375,12.84423828125,-0.17138671875,8.13223732761881
1993-004,1993-12-19 03:00:00,8.5,83.5,0.0,1993-12-19 03:00:00,0.0,-7.428927347064018e-06,-4.00603748857975e-05,-4.152115434408188e-05,0.00013586855493485928,92.57890319824219,74.99797821044922,76.41422271728516,97.95877075195312,290.880859375,283.228759765625,268.600341796875,218.87950134277344,-6.2354278564453125,-1.804412841796875,-2.139373779296875,-9.960540771484375,-0.399932861328125,2.089935302734375,16.042755126953125,-0.6789093017578125,3.735544683724937
1993-004,1993-12-19 06:00:00,9.0,82.5,0.0,1993-12-19 06:00:00,0.0,-1.7613405361771584e-05,2.5108689442276955e-05,-3.164447844028473e-05,7.642689161002636e-05,98.74273681640625,89.89675903320312,79.46029663085938,100.85517120361328,290.129638671875,282.464599609375,268.8466796875,220.36483764648438,-11.706741333007812,-5.47283935546875,-0.5209197998046875,-10.549819946289062,-5.4658050537109375,-2.24639892578125,10.376846313476562,1.5524749755859375,7.112996672617989
1994-001,1994-03-21 12:00:00,9.0,90.5,0.0,1994-03-21 12:00:00,0.0,-8.02110880613327e-05,-6.043701432645321e-05,7.905368693172932e-05,-1.8017366528511047e-05,94.85806274414062,96.36424255371094,98.00111389160156,100.61046600341797,290.37109375,282.3828125,267.01123046875,220.27902221679688,6.12158203125,0.759002685546875,-0.039703369140625,-11.316757202148438,-2.8780059814453125,-3.3610687255859375,0.34869384765625,-6.2943878173828125,17.769843557780888
1994-001,1994-03-21 18:00:00,10.0,90.0,0.0,1994-03-21 18:00:00,0.0,3.0077528208494186e-05,3.583962097764015e-05,-0.00012378650717437267,1.2161675840616226e-05,86.5677719116211,75.03028106689453,90.28943634033203,100.96563720703125,290.732421875,281.18798828125,268.358154296875,219.0421142578125,1.3881683349609375,-3.27947998046875,2.9062042236328125,-1.803924560546875,-4.254058837890625,-2.8614044189453125,1.8679351806640625,0.48345947265625,5.71257707136791
1994-001,1994-03-22 00:00:00,11.5,89.5,0.0,1994-03-22 00:00:00,0.0,-4.08184714615345e-05,-7.292348891496658e-05,5.625654011964798e-06,2.281786873936653e-05,93.74923706054688,84.822265625,95.19176483154297,99.82416534423828,290.42333984375,281.318115234375,267.75244140625,219.47813415527344,1.484619140625,-3.7928314208984375,-4.9029083251953125,-11.565567016601562,-2.2663726806640625,-2.3687896728515625,-13.063720703125,8.747177124023438,17.076464447847506
1994-001,1994-03-22 06:00:00,12.5,90.5,0.0,1994-03-22 06:00:00,0.0,2.834666520357132e-05,1.2254342436790466e-05,-0.00012227497063577175,3.498466685414314e-05,91.81803894042969,88.74327850341797,99.47833251953125,99.78607177734375,290.648193359375,281.7509765625,267.69091796875,220.63339233398438,-3.223419189453125,-6.511871337890625,-11.273025512695312,-8.327774047851562,-6.954559326171875,-6.7530975341796875,-8.7542724609375,3.12335205078125,11.296846296297785
1994-001,1994-03-22 12:00:00,13.0,90.5,0.0,1994-03-22 12:00:00,0.0,1.7258571460843086e-05,-1.741945743560791e-05,-0.00011629331856966019,4.055909812450409e-06,86.42081451416016,86.99284362792969,99.28651428222656,99.92373657226562,291.2958984375,282.9248046875,268.420654296875,220.63055419921875,-6.1452789306640625,-6.7963104248046875,-9.140045166015625,-3.294769287109375,-6.311126708984375,-7.74652099609375,-1.3788909912109375,3.46435546875,10.182605611296191
1994-001,1994-03-22 18:00:00,13.0,90.5,0.0,1994-03-22 18:00:00,0.0,-2.8806738555431366e-05,-3.2800715416669846e-05,6.357789970934391e-05,3.9665261283516884e-05,97.51229858398438,80.3373794555664,100.77323150634766,100.94871520996094,290.5703125,283.35546875,269.26220703125,219.46531677246094,-5.6240081787109375,-10.587753295898438,-6.93548583984375,2.5160675048828125,-6.8281097412109375,-5.1610565185546875,2.362701416015625,8.275604248046875,17.157593316194916
1994-001,1994-03-23 00:00:00,13.5,91.0,0.0,1994-03-23 00:00:00,0.0,-5.317386239767075e-06,-5.186907947063446e-05,-5.407584831118584e-05,-5.730660632252693e-06,81.2734603881836,81.95529174804688,85.86636352539062,102.07621002197266,292.23486328125,283.518310546875,267.737060546875,220.32174682617188,-6.8303070068359375,-8.159469604492188,-6.2760162353515625,0.2115478515625,4.732147216796875,1.7565155029296875,-2.761566162109375,7.8972320556640625,7.720458657617215
1994-001,1994-03-23 06:00:00,13.5,91.0,0.0,1994-03-23 06:00:00,0.0,3.2156240195035934e-05,-3.355718217790127e-05,-4.30690124630928e-06,-9.404309093952179e-05,82.55451202392578,82.64588928222656,69.37884521484375,96.27608489990234,291.71142578125,283.752197265625,267.477294921875,219.9963836669922,-6.6428375244140625,-7.69989013671875,-9.856277465820312,4.4412994384765625,8.99957275390625,3.6404876708984375,-7.048919677734375,8.890609741210938,11.084672532386955
1994-002,1994-04-29 00:00:00,8.5,92.0,0.0,1994-04-29 00:00:00,0.0,-1.6076955944299698e-05,2.498738467693329e-06,1.9316794350743294e-05,6.645475514233112e-05,98.43788146972656,82.15293884277344,97.20782470703125,90.55313110351562,290.809326171875,283.522705078125,270.158447265625,220.71392822265625,-0.519683837890625,-0.5323333740234375,-0.9027862548828125,1.9105682373046875,9.349609375,8.833694458007812,4.3824920654296875,-0.2304534912109375,9.883507963751779
1994-002,1994-04-29 03:00:00,9.0,91.5,0.0,1994-04-29 03:00:00,0.0,-1.204037107527256e-05,1.1805212125182152e-05,5.620531737804413e-07,4.6160537749528885e-05,96.4040298461914,91.04069519042969,93.70044708251953,94.73995971679688,290.853271484375,283.6279296875,269.708740234375,222.03610229492188,-3.2669830322265625,-3.483428955078125,-5.4978790283203125,-4.168548583984375,5.52783203125,4.5139617919921875,3.494598388671875,-1.178375244140625,6.766537996983281
1994-002,1994-04-29 06:00:00,9.3,91.3,0.0,1994-04-29 06:00:00,0.0,5.625654011964798e-06,-2.4257460609078407e-05,5.287583917379379e-06,8.443277329206467e-05,92.40043640136719,87.9864501953125,87.65505981445312,98.37505340576172,291.2333984375,283.9638671875,270.27685546875,223.1308135986328,-2.7230377197265625,-3.3847808837890625,-5.1233367919921875,-4.398651123046875,4.2841033935546875,3.8606109619140625,3.82275390625,0.4865264892578125,4.150815657366118
1994-002,1994-04-29 12:00:00,10.0,91.0,0.0,1994-04-29 12:00:00,0.0,-2.3711007088422775e-05,-1.4428049325942993e-05,3.077229484915733e-05,-9.464798495173454e-06,92.63410949707031,85.99147033691406,98.45990753173828,101.61720275878906,291.2109375,283.9560546875,270.14453125,222.93569946289062,-6.0578460693359375,-5.2609710693359375,-1.559234619140625,-0.6613922119140625,3.1110076904296875,1.769195556640625,4.2833251953125,-1.5541229248046875,7.133383341197955
1994-002,1994-04-29 18:00:00,10.4,90.7,0.0,1994-04-29 18:00:00,0.0,1.928885467350483e-05,4.335073754191399e-06,-3.0327122658491135e-05,0.00013787578791379929,91.35567474365234,79.22828674316406,89.5023193359375,98.37812042236328,291.953857421875,284.36962890625,270.435791015625,221.6709442138672,-0.7418975830078125,1.20074462890625,10.674957275390625,-1.06414794921875,5.91790771484375,1.1067962646484375,-0.0934295654296875,-7.4274749755859375,13.349272806132303
1994-002,1994-04-30 00:00:00,10.8,90.6,0.0,1994-04-30 00:00:00,0.0,-3.241910599172115e-05,4.992494359612465e-05,-4.285946488380432e-06,-3.781728446483612e-05,80.68302154541016,66.36750793457031,53.394527435302734,101.26570129394531,292.900390625,284.30126953125,269.7724609375,222.2996826171875,6.9530181884765625,9.781051635742188,12.556472778320312,-3.256256103515625,5.8736114501953125,5.7997283935546875,-11.859405517578125,-2.385833740234375,13.131934983955894
1994-002,1994-04-30 03:00:00,11.0,90.5,0.0,1994-04-30 03:00:00,0.0,2.6094960048794746e-05,8.305767551064491e-06,1.0253861546516418e-06,9.801937267184258e-06,83.59400939941406,64.43229675292969,63.876827239990234,97.14945983886719,293.104736328125,285.065185546875,269.069091796875,223.0786590576172,9.309585571289062,9.42431640625,13.930862426757812,-6.403106689453125,6.037933349609375,5.7215423583984375,-7.9503936767578125,1.839508056640625,16.263931659393652
1994-002,1994-04-30 06:00:00,11.5,90.4,0.0,1994-04-30 06:00:00,0.0,8.627772331237793e-06,4.2357947677373886e-05,3.296881914138794e-07,2.6668189093470573e-05,89.8469009399414,66.65664672851562,56.181724548339844,94.57254791259766,292.814453125,284.61962890625,269.645751953125,223.83187866210938,6.9293212890625,11.463348388671875,19.651565551757812,-5.19097900390625,8.5411376953125,5.480255126953125,-3.5977630615234375,9.186264038085938,12.137457196212006
1994-002,1994-04-30 12:00:00,12.0,90.5,0.0,1994-04-30 12:00:00,0.0,1.7654383555054665e-05,5.299830809235573e-05,7.535796612501144e-06,5.175895057618618e-05,83.47927856445312,56.983394622802734,29.395023345947266,96.20716857910156,293.6572265625,286.576171875,270.498291015625,223.90011596679688,7.6636505126953125,6.597320556640625,18.926284790039062,-4.2647552490234375,9.135269165039062,5.1563720703125,-3.9254913330078125,12.155471801757812,12.304815641977248
1994-002,1994-04-30 18:00:00,13.0,90.2,1.0,1994-04-30 18:00:00,0.0,-5.1116570830345154e-05,-5.2002957090735435e-05,3.5327160730957985e-05,-4.840199835598469e-05,64.02788543701172,52.164310455322266,21.707775115966797,96.5203857421875,295.34326171875,286.529052734375,270.427978515625,223.6338653564453,10.740310668945312,1.5495758056640625,20.929214477539062,-2.2268829345703125,4.3226165771484375,0.9619293212890625,-5.7316436767578125,14.383819580078125,16.412675461886703
1994-002,1994-05-01 00:00:00,13.5,90.1,1.0,1994-05-01 00:00:00,0.0,4.459661431610584e-05,1.5345169231295586e-05,1.8704449757933617e-05,7.09716696292162e-05,63.15863037109375,47.90792465209961,19.690757751464844,100.52882385253906,295.613525390625,286.339599609375,268.05517578125,222.75804138183594,12.149581909179688,7.3257598876953125,13.432815551757812,-0.5886383056640625,-3.67041015625,0.3759918212890625,-4.6927642822265625,11.863204956054688,20.088689671033165
1994-002,1994-05-01 03:00:00,14.0,90.0,1.0,1994-05-01 03:00:00,0.0,8.129049092531204e-06,2.488400787115097e-05,3.634090535342693e-05,-1.4290446415543556e-05,70.79532623291016,55.45201110839844,24.729461669921875,96.35828399658203,294.5078125,285.484619140625,268.417724609375,222.46502685546875,10.048385620117188,8.436386108398438,11.758087158203125,-1.0079193115234375,-5.5352630615234375,1.968292236328125,-3.7738037109375,8.36053466796875,17.757676460629106
1994-002,1994-05-01 06:00:00,15.0,90.1,1.0,1994-05-01 06:00:00,0.0,4.402012564241886e-05,-1.3849232345819473e-05,-1.0392628610134125e-05,-7.925089448690414e-06,70.92023468017578,59.2507438659668,53.96183776855469,98.185302734375,294.280517578125,284.85107421875,268.727783203125,222.84226989746094,7.74169921875,7.9669036865234375,10.636993408203125,1.129638671875,-11.78973388671875,-3.7362213134765625,-4.1065826416015625,6.2487640380859375,19.212151156461474
1994-002,1994-05-01 12:00:00,16.0,90.4,1.0,1994-05-01 12:00:00,0.0,-1.9437866285443306e-05,-2.1341722458600998e-05,3.8373516872525215e-05,-2.0601786673069e-05,83.95256805419922,72.52326965332031,44.979026794433594,82.43407440185547,293.414794921875,284.998046875,269.9072265625,223.4353790283203,8.6328125,7.339111328125,10.042449951171875,3.908782958984375,-4.4968414306640625,-3.831695556640625,1.1572418212890625,8.283889770507812,13.625841080131405
1994-004,1994-10-29 03:00:00,9.5,85.0,0.0,1994-10-29 03:00:00,0.0,1.1138850823044777e-05,-2.776854671537876e-05,-1.9966159015893936e-05,4.184618592262268e-05,91.11402130126953,80.46560668945312,79.9212417602539,98.25756072998047,290.40380859375,282.455078125,267.63671875,219.4622802734375,-0.0589141845703125,4.4778900146484375,1.7237701416015625,-7.4460906982421875,5.343170166015625,4.193115234375,2.4987335205078125,1.934295654296875,8.135772998356769
1994-004,1994-10-29 06:00:00,10.0,84.5,0.0,1994-10-29 06:00:00,0.0,7.1497634053230286e-06,4.260893911123276e-05,-7.288902997970581e-05,1.1749332770705223e-05,91.92577362060547,73.01748657226562,94.70643615722656,98.8691635131836,290.324462890625,282.943115234375,267.638916015625,219.695068359375,-2.88702392578125,-0.6995391845703125,3.39593505859375,-5.49078369140625,3.33099365234375,1.1204833984375,4.8461761474609375,0.7348175048828125,3.6769138561751307
1994-004,1994-10-29 12:00:00,10.5,84.5,0.0,1994-10-29 12:00:00,0.0,1.5164026990532875e-05,1.9186409190297127e-05,1.4221295714378357e-06,-1.7387326806783676e-05,89.79949188232422,77.15447998046875,83.61725616455078,95.72016906738281,290.8125,282.4619140625,268.25732421875,219.44500732421875,-2.1206207275390625,-5.1518096923828125,1.6230621337890625,0.303375244140625,6.5909576416015625,6.212615966796875,5.4815216064453125,-0.4425811767578125,7.439517778733212
1994-004,1994-10-29 18:00:00,11.0,84.0,1.0,1994-10-29 18:00:00,0.0,1.2137461453676224e-06,4.9818772822618484e-06,-1.855357550084591e-05,5.027768202126026e-05,89.46825408935547,76.6298828125,92.5156021118164,99.5203628540039,290.6826171875,282.789306640625,266.75146484375,219.32447814941406,-1.7711944580078125,-4.3974761962890625,-0.211883544921875,-4.0488128662109375,6.0459747314453125,8.1636962890625,11.316879272460938,-4.665740966796875,10.951182530364191
1994-004,1994-10-30 00:00:00,11.5,83.0,1.0,1994-10-30 00:00:00,0.0,6.911344826221466e-06,2.96903308480978e-05,-2.6265624910593033e-05,4.9012014642357826e-05,85.7504653930664,80.88118743896484,99.92788696289062,103.33914184570312,290.35595703125,281.348876953125,268.172607421875,219.24293518066406,-4.3708038330078125,-5.0662841796875,2.3253173828125,-6.109710693359375,3.25238037109375,5.23358154296875,3.7318572998046875,0.980621337890625,2.860889053059857
1994-004,1994-10-30 03:00:00,12.0,82.0,0.0,1994-10-30 03:00:00,0.0,-3.6055222153663635e-05,-2.9187649488449097e-06,-2.85380519926548e-06,2.1488231141120195e-06,91.21397399902344,78.96349334716797,98.93998718261719,78.26221466064453,290.077392578125,281.22998046875,268.62548828125,218.85263061523438,-6.5079345703125,-5.385955810546875,-3.0171051025390625,-9.904495239257812,-3.2722930908203125,-1.61767578125,-0.287933349609375,0.0010223388671875,4.717119701688361
1994-004,1994-10-30 06:00:00,12.2,81.5,0.0,1994-10-30 06:00:00,0.0,-1.7584534361958504e-05,3.0376948416233063e-05,-4.21842560172081e-05,3.329121682327241e-05,92.26244354248047,76.38665008544922,98.10842895507812,67.75731658935547,289.980712890625,281.46240234375,268.481201171875,218.9188690185547,-8.6976318359375,-7.141754150390625,-2.4803619384765625,-8.772476196289062,-5.71136474609375,-5.10552978515625,-5.3913726806640625,-0.55316162109375,5.1587460837917
1994-004,1994-10-30 12:00:00,12.3,81.0,0.0,1994-10-30 12:00:00,0.0,-2.4525215849280357e-05,-3.470131196081638e-05,0.00013070064596831799,-4.741549491882324e-05,92.94174194335938,77.53546905517578,78.17298889160156,82.67977142333984,289.542724609375,281.36669921875,269.8896484375,219.84519958496094,-4.2440338134765625,-7.12091064453125,1.7974395751953125,-4.8920135498046875,-5.6428985595703125,-8.095687866210938,-13.149612426757812,-1.15185546875,4.537548433052448
1995-002,1995-05-08 09:00:00,14.5,81.5,0.0,1995-05-08 09:00:00,0.0,1.092301681637764e-05,-3.294553607702255e-07,3.941613249480724e-05,7.683644071221352e-06,89.16373443603516,85.113037109375,96.3161392211914,100.89436340332031,291.94091796875,284.2705078125,270.710205078125,223.6586151123047,-0.757843017578125,-0.2030181884765625,-2.351654052734375,-7.1724395751953125,3.9594268798828125,4.2578887939453125,6.14971923828125,8.087677001953125,7.628204118098036
1995-002,1995-05-08 12:00:00,15.0,81.5,0.0,1995-05-08 12:00:00,0.0,1.2411968782544136e-05,2.0066741853952408e-05,8.253147825598717e-06,-3.3456599339842796e-05,95.1068344116211,90.85233306884766,97.11954498291016,97.17274475097656,291.412841796875,284.02099609375,270.664306640625,222.86553955078125,-4.0783538818359375,-3.3231964111328125,-0.50811767578125,-2.8554229736328125,-2.3106536865234375,0.225067138671875,4.272705078125,10.296096801757812,12.665927438605436
1995-002,1995-05-08 18:00:00,15.5,81.5,0.0,1995-05-08 18:00:00,0.0,-5.463836714625359e-06,-1.0975170880556107e-05,4.970352165400982e-05,-7.12997280061245e-05,91.8031005859375,87.7557601928711,86.54759216308594,88.11475372314453,292.144775390625,284.6064453125,271.195556640625,222.76458740234375,-0.3327789306640625,-0.867950439453125,-2.0252838134765625,-8.785797119140625,3.0327301025390625,4.351806640625,1.4024200439453125,7.730438232421875,9.670676200156981
1995-002,1995-05-09 00:00:00,15.5,81.5,0.0,1995-05-09 00:00:00,0.0,1.649279147386551e-05,-1.5247147530317307e-05,3.5064294934272766e-06,-6.827991455793381e-06,94.54695892333984,95.06398010253906,81.7161865234375,98.41337585449219,292.11865234375,284.38330078125,270.970458984375,222.80084228515625,3.631622314453125,4.1908416748046875,3.2553558349609375,-4.6553192138671875,0.0961456298828125,0.9373779296875,1.5497589111328125,10.827316284179688,13.558444730331065
1995-002,1995-05-09 03:00:00,16.0,82.5,0.0,1995-05-09 03:00:00,0.0,9.408686310052872e-06,-1.4987308531999588e-06,6.193993613123894e-06,3.7905992940068245e-05,94.61460876464844,87.31123352050781,84.56876373291016,63.632057189941406,292.019775390625,284.781982421875,271.08203125,223.4409942626953,0.79864501953125,1.963714599609375,2.4603729248046875,-6.6087799072265625,5.8467864990234375,6.1969146728515625,6.05828857421875,5.083465576171875,7.446650446799282
1995-002,1995-05-09 06:00:00,16.5,82.5,0.0,1995-05-09 06:00:00,0.0,-8.174683898687363e-06,6.218208000063896e-06,-2.5150133296847343e-05,1.0691583156585693e-06,94.42236328125,90.0025634765625,87.62518310546875,100.66869354248047,292.087158203125,284.7099609375,270.9853515625,224.4049072265625,-2.3065948486328125,-1.7176361083984375,2.9547576904296875,-2.9589385986328125,6.727508544921875,5.0281829833984375,3.7396087646484375,5.6255340576171875,1.2805858576583187
1995-002,1995-05-09 09:00:00,16.5,82.5,0.0,1995-05-09 09:00:00,0.0,-1.659151166677475e-06,-1.0201241821050644e-05,1.9090482965111732e-05,1.0084826499223709e-05,92.84236907958984,89.20436096191406,79.16898345947266,100.6368637084961,292.491943359375,284.926025390625,271.184326171875,224.92379760742188,0.5705108642578125,1.7587890625,4.169158935546875,-2.2489776611328125,7.3067474365234375,7.1287841796875,3.704681396484375,0.9342041015625,6.968416183090995
1995-003,1995-05-14 18:00:00,19.5,86.5,0.0,1995-05-14 18:00:00,0.0,-2.1795975044369698e-05,-1.3231998309493065e-05,-2.3408792912960052e-06,-1.6409438103437424e-05,94.79867553710938,90.77401733398438,95.66895294189453,104.59402465820312,293.723876953125,286.9697265625,272.082275390625,226.76539611816406,1.842254638671875,-1.729583740234375,-4.26324462890625,-3.6060638427734375,-4.6806182861328125,-1.473297119140625,8.113540649414062,10.277313232421875,15.919292999032033
1995-003,1995-05-15 00:00:00,20.0,86.8,0.0,1995-05-15 00:00:00,0.0,-0.0001443689689040184,1.4772173017263412e-05,4.7400593757629395e-05,6.45732507109642e-06,100.26892852783203,102.3836669921875,101.39912414550781,99.43948364257812,293.618408203125,286.375,271.9111328125,226.9070281982422,4.1533355712890625,1.93011474609375,2.920806884765625,2.7901458740234375,-9.971267700195312,-4.3081207275390625,3.5335845947265625,6.987640380859375,17.01360777296788
1995-003,1995-05-15 03:00:00,20.5,87.0,0.0,1995-05-15 03:00:00,0.0,7.67875462770462e-06,-2.376898191869259e-05,3.867899067699909e-05,-2.6229536160826683e-05,97.77882385253906,92.0691909790039,92.04195404052734,104.5871810913086,294.235107421875,287.0263671875,273.22705078125,226.6238555908203,-6.63055419921875,-6.5741119384765625,-7.72576904296875,0.871856689453125,-5.4392242431640625,0.27618408203125,6.92864990234375,4.108612060546875,12.142789927562893
1995-003,1995-05-15 06:00:00,21.0,87.3,0.0,1995-05-15 06:00:00,0.0,-4.2067840695381165e-06,2.453383058309555e-05,2.3030443117022514e-05,2.8513604775071144e-05,90.47893524169922,67.12666320800781,80.37185668945312,96.02389526367188,294.57568359375,287.9658203125,273.419677734375,227.75006103515625,-9.552505493164062,-9.562835693359375,-11.716400146484375,1.35028076171875,10.89892578125,9.55181884765625,9.345062255859375,2.1355743408203125,13.988104824748158
1995-003,1995-05-15 12:00:00,21.5,87.5,0.0,1995-05-15 12:00:00,0.0,-6.2335748225450516e-06,1.2147706001996994e-05,1.8992694094777107e-05,-3.6975834518671036e-06,99.3611068725586,80.3490982055664,85.99949645996094,117.5720443725586,294.3115234375,287.5341796875,273.440185546875,227.624755859375,-6.3500213623046875,-3.3498382568359375,-5.4313812255859375,-0.068145751953125,3.8115997314453125,6.725860595703125,7.784423828125,4.92169189453125,6.379205733825696
1995-003,1995-05-15 18:00:00,21.5,88.0,0.0,1995-05-15 18:00:00,0.0,-3.584730438888073e-05,1.9111204892396927e-05,-6.0833292081952095e-05,5.132798105478287e-05,96.62345886230469,97.53742980957031,95.31026458740234,105.02278137207031,294.435302734375,286.9384765625,272.9345703125,228.45469665527344,4.4801025390625,3.2443389892578125,-1.7374725341796875,6.6566009521484375,5.4607696533203125,10.223602294921875,15.815414428710938,7.32354736328125,2.864801238985511
1995-003,1995-05-16 00:00:00,22.0,88.5,0.0,1995-05-16 00:00:00,0.0,-2.0725885406136513e-05,1.695007085800171e-07,-1.4596153050661087e-05,1.1524971341714263e-05,95.13248443603516,84.13224029541016,94.2697982788086,98.37765502929688,294.216796875,287.046875,272.85107421875,227.53607177734375,1.3077392578125,-0.6538848876953125,2.634918212890625,5.66253662109375,7.0051727294921875,6.816009521484375,14.59271240234375,7.7819671630859375,4.4235358783786936
1995-003,1995-05-16 03:00:00,22.0,88.5,0.0,1995-05-16 03:00:00,0.0,2.5140587240457535e-05,-2.7153408154845238e-05,5.311821587383747e-05,3.839586861431599e-05,99.63561248779297,81.40984344482422,98.08235168457031,89.73401641845703,294.007568359375,286.607666015625,271.87548828125,227.7448272705078,5.8040618896484375,7.188629150390625,7.05145263671875,-1.52252197265625,-3.5394744873046875,-1.9847564697265625,3.1847076416015625,5.214630126953125,11.415479783555021
1995-003,1995-05-16 06:00:00,22.5,89.5,0.0,1995-05-16 06:00:00,0.0,4.287553019821644e-05,4.1433144360780716e-05,-5.122879520058632e-05,2.0428095012903214e-05,97.67799377441406,70.43108367919922,93.135009765625,100.36054229736328,293.967041015625,287.283203125,272.5966796875,228.109375,8.346221923828125,5.7357025146484375,8.705368041992188,7.1804962158203125,12.601486206054688,14.017684936523438,17.074417114257812,7.2479095458984375,5.479023588421578
1995-003,1995-05-16 12:00:00,23.0,89.5,0.0,1995-05-16 12:00:00,0.0,-1.0937685146927834e-05,1.9180821254849434e-05,-2.1082814782857895e-06,-3.207591362297535e-05,95.73826599121094,81.22297668457031,91.1502685546875,100.05292510986328,293.945556640625,286.600830078125,271.889892578125,228.5954132080078,15.125701904296875,11.506118774414062,9.05645751953125,6.67962646484375,1.848663330078125,-0.10491943359375,5.04351806640625,-1.6819000244140625,9.154292322676637
1995-003,1995-05-16 18:00:00,23.7,90.5,0.0,1995-05-16 18:00:00,0.0,-1.0929303243756294e-05,5.500158295035362e-05,-3.3043790608644485e-05,2.3354077711701393e-05,100.31519317626953,97.06089782714844,97.40838623046875,98.12039947509766,293.050537109375,285.69384765625,272.55615234375,227.0975799560547,3.2912139892578125,3.880615234375,-0.805938720703125,-1.39227294921875,14.489898681640625,15.120697021484375,15.017852783203125,2.8956146240234375,12.504498099148028
1995-004,1995-09-16 03:00:00,19.0,90.0,0.0,1995-09-16 03:00:00,0.0,-2.3568281903862953e-05,-1.9820639863610268e-05,5.91217540204525e-05,-6.36556651443243e-05,96.28508758544922,84.87104797363281,99.76499938964844,102.98436737060547,291.296875,283.784912109375,270.1627197265625,224.38504028320312,6.6552886962890625,1.25970458984375,-1.257904052734375,-6.80462646484375,7.14996337890625,4.1052093505859375,2.315704345703125,-4.6397857666015625,17.89322500442263
1995-004,1995-09-16 06:00:00,19.5,89.5,0.0,1995-09-16 06:00:00,0.0,-1.54001172631979e-05,-6.36829063296318e-05,5.092797800898552e-05,-5.394848994910717e-05,89.93717193603516,95.71880340576172,100.63915252685547,100.58927917480469,292.08056640625,283.319091796875,270.480712890625,224.69210815429688,5.3284759521484375,1.265350341796875,0.24993896484375,-4.992645263671875,1.1652679443359375,2.3353271484375,1.2912139892578125,-2.4897308349609375,10.949180756034572
1995-004,1995-09-16 12:00:00,20.0,89.0,0.0,1995-09-16 12:00:00,0.0,-1.0658521205186844e-05,6.123445928096771e-06,4.2154453694820404e-05,-2.4954788386821747e-06,84.71310424804688,78.1417465209961,62.219268798828125,92.35903930664062,292.4365234375,283.91845703125,272.5048828125,224.13424682617188,1.8228759765625,5.3803253173828125,0.9067535400390625,-6.992950439453125,5.465301513671875,8.00250244140625,5.511505126953125,3.2431793212890625,9.091568755456844
1995-007,1995-11-07 03:00:00,11.0,91.5,0.0,1995-11-07 03:00:00,0.0,-1.863366924226284e-05,8.365139365196228e-06,5.243346095085144e-07,-9.633274748921394e-05,90.75313568115234,89.04286193847656,89.9880599975586,50.57395935058594,290.422607421875,282.94580078125,269.223876953125,220.73045349121094,-1.4682159423828125,-0.257293701171875,-0.6172943115234375,-11.244949340820312,5.5396575927734375,5.0270843505859375,4.2404632568359375,-3.2204132080078125,13.127199106390652
1995-007,1995-11-07 06:00:00,11.5,91.0,0.0,1995-11-07 06:00:00,0.0,-1.599709503352642e-05,-1.4391262084245682e-05,5.58455940335989e-05,-2.5002926122397184e-05,87.30001831054688,94.87659454345703,92.81500244140625,100.87954711914062,290.8828125,282.671142578125,269.748046875,221.04666137695312,-2.531768798828125,-1.2710113525390625,-4.01007080078125,-6.270904541015625,6.8824920654296875,4.98907470703125,4.902923583984375,-8.276947021484375,15.613767307359295
1995-007,1995-11-07 12:00:00,12.5,89.5,0.0,1995-11-07 12:00:00,0.0,7.42543488740921e-06,-1.9792700186371803e-05,3.307173028588295e-05,7.464768714271486e-06,92.91364288330078,90.6914291381836,97.3869400024414,101.25196075439453,291.025146484375,283.174560546875,269.468505859375,221.45663452148438,-6.0149383544921875,-5.776214599609375,-7.3663330078125,-4.42767333984375,6.868011474609375,7.3428497314453125,2.2287445068359375,-0.4977874755859375,7.5348791895706775
1995-007,1995-11-07 18:00:00,13.0,89.0,1.0,1995-11-07 18:00:00,0.0,-2.5762245059013367e-05,-3.056623972952366e-05,-5.848705768585205e-05,-5.28339296579361e-06,93.03043365478516,84.93883514404297,101.50927734375,96.35448455810547,291.17138671875,283.70361328125,270.13916015625,220.70265197753906,-3.7222137451171875,-5.6736907958984375,-3.7621917724609375,-8.551666259765625,10.783935546875,8.87921142578125,8.970596313476562,5.325408935546875,7.288286791683038
1995-007,1995-11-08 00:00:00,13.0,88.5,1.0,1995-11-08 00:00:00,0.0,-2.3347558453679085e-05,-1.442781649529934e-05,-4.8451125621795654e-05,-7.875030860304832e-06,90.08655548095703,81.57254791259766,83.38749694824219,102.60723876953125,291.468994140625,283.6005859375,270.008544921875,221.87368774414062,3.64105224609375,2.8304901123046875,-4.8392333984375,-9.300140380859375,14.825653076171875,14.79205322265625,11.9364013671875,6.9624481201171875,15.14280221058272
1995-007,1995-11-08 03:00:00,13.5,87.5,1.0,1995-11-08 03:00:00,0.0,-1.0039657354354858e-05,8.245930075645447e-06,2.7060043066740036e-05,-8.85198824107647e-05,94.14063262939453,88.56997680664062,95.56327056884766,102.69914245605469,291.334228515625,283.9658203125,270.075439453125,221.5908966064453,2.8213348388671875,3.0792388916015625,-3.5117034912109375,-10.836776733398438,9.719482421875,10.431304931640625,13.697219848632812,3.421783447265625,15.040113832523081
1995-008,1995-11-21 12:00:00,6.5,91.0,0.0,1995-11-21 12:00:00,0.0,1.0285526514053345e-05,2.508680336177349e-05,-2.5657936930656433e-07,-4.184595309197903e-05,94.38533020019531,80.49871063232422,76.8526611328125,97.0878677368164,291.595947265625,284.17626953125,269.426513671875,221.494384765625,0.783111572265625,0.211334228515625,-1.820587158203125,-11.420135498046875,-0.289794921875,2.4661865234375,5.6202239990234375,4.55218505859375,13.128747434174777
1995-008,1995-11-21 18:00:00,7.0,90.5,0.0,1995-11-21 18:00:00,0.0,1.871422864496708e-05,1.1494150385260582e-05,-2.2183405235409737e-05,-5.9823039919137955e-05,89.40620422363281,78.5681381225586,88.69634246826172,100.92939758300781,291.89697265625,283.80224609375,268.946533203125,221.1057891845703,-2.87225341796875,-5.15380859375,1.5849151611328125,-10.30535888671875,2.75115966796875,5.0404510498046875,5.7581634521484375,1.4716033935546875,7.542434697692354
1995-008,1995-11-22 00:00:00,7.5,90.0,0.0,1995-11-22 00:00:00,0.0,-1.1350493878126144e-06,-2.0102830603718758e-05,-3.4220749512314796e-05,8.026580326259136e-05,96.25066375732422,77.49010467529297,67.97665405273438,100.65716552734375,290.9638671875,283.767578125,269.62744140625,220.88058471679688,-6.766693115234375,-6.207763671875,-2.0790252685546875,-7.54364013671875,7.782501220703125,6.8542633056640625,7.7866363525390625,2.7154083251953125,5.1263122306292646
1995-008,1995-11-22 03:00:00,7.5,90.0,0.0,1995-11-22 03:00:00,0.0,4.664994776248932e-06,4.91458922624588e-06,-5.927635356783867e-06,6.0749705880880356e-05,92.52444458007812,81.74307250976562,76.7006607055664,102.47270965576172,291.48681640625,284.053466796875,269.046875,220.98751831054688,-3.69610595703125,-3.3170166015625,-0.8209075927734375,-5.21868896484375,11.06048583984375,9.850051879882812,8.339859008789062,3.0644378662109375,8.139720032796998
1995-008,1995-11-22 06:00:00,8.0,89.0,0.0,1995-11-22 06:00:00,0.0,-1.0165618732571602e-05,1.6734004020690918e-05,1.082918606698513e-05,4.26657497882843e-05,96.36422729492188,81.29427337646484,75.33171081542969,98.48955535888672,291.383544921875,283.9716796875,269.69873046875,221.52825927734375,0.5802001953125,-2.081329345703125,0.3756561279296875,-8.164276123046875,7.3164215087890625,8.248138427734375,7.0724639892578125,3.0630950927734375,9.724024459220793
1995-008,1995-11-22 12:00:00,8.5,88.5,0.0,1995-11-22 12:00:00,0.0,3.1767413020133972e-06,-3.163795918226242e-05,-1.978944055736065e-05,6.203167140483856e-05,98.32642364501953,81.18689727783203,75.3250732421875,101.69598388671875,291.130859375,283.84814453125,269.72412109375,221.35862731933594,2.198211669921875,2.0493011474609375,2.6953582763671875,-7.766448974609375,9.342391967773438,12.052322387695312,14.11395263671875,4.4766387939453125,11.089184627793353
1995-008,1995-11-22 18:00:00,9.5,87.5,0.0,1995-11-22 18:00:00,0.0,-8.100876584649086e-06,-3.680563531816006e-05,2.4799956008791924e-05,5.824491381645203e-06,91.8316879272461,80.96208953857422,85.27481079101562,98.62689208984375,291.9951171875,284.003173828125,269.876953125,220.8542938232422,-4.855712890625,-2.7846221923828125,-2.0353851318359375,-2.00885009765625,11.308258056640625,12.666351318359375,19.715957641601562,6.19610595703125,5.851386746022722
1995-008,1995-11-23 00:00:00,10.0,86.5,1.0,1995-11-23 00:00:00,0.0,7.1302056312561035e-06,-5.236896686255932e-05,2.3410189896821976e-05,-0.00011316733434796333,90.32939910888672,75.09428405761719,45.22761154174805,96.41107177734375,292.854248046875,283.263427734375,271.0866394042969,221.45066833496094,1.4523773193359375,3.452056884765625,4.924713134765625,-0.713348388671875,6.704681396484375,7.6183013916015625,26.410415649414062,5.9070281982421875,2.307946807660855
1995-008,1995-11-23 03:00:00,10.0,86.0,1.0,1995-11-23 03:00:00,0.0,1.4334218576550484e-05,-2.2992026060819626e-06,9.227823466062546e-05,1.7512589693069458e-05,79.072998046875,71.64717102050781,54.747798919677734,98.50386810302734,293.4052734375,282.653564453125,270.5101623535156,221.93850708007812,9.631240844726562,8.923736572265625,15.428558349609375,10.2576904296875,7.9523162841796875,5.1020355224609375,25.364486694335938,5.95819091796875,2.0902093336945073
1995-008,1995-11-23 06:00:00,10.5,85.5,1.0,1995-11-23 06:00:00,0.0,5.023228004574776e-05,2.6662833988666534e-05,1.3698358088731766e-05,5.068443715572357e-05,92.56517791748047,74.1373519897461,68.54772186279297,93.37516021728516,292.647216796875,285.393798828125,271.3277587890625,221.0765838623047,19.601486206054688,19.786483764648438,10.525543212890625,10.60546875,5.80963134765625,8.38580322265625,16.665267944335938,4.2193145751953125,9.13550422836152
1995-008,1995-11-23 12:00:00,11.0,85.0,1.0,1995-11-23 12:00:00,0.0,8.573988452553749e-06,-2.3064203560352325e-05,1.0232673957943916e-05,7.531838491559029e-06,97.05081176757812,69.54580688476562,51.57805633544922,100.90977478027344,291.472412109375,284.152099609375,270.642578125,221.17662048339844,15.896774291992188,14.78759765625,18.80718994140625,6.689483642578125,0.1339263916015625,1.636444091796875,7.1538543701171875,5.3262939453125,10.570472170892733
1995-008,1995-11-23 18:00:00,12.0,85.0,0.0,1995-11-23 18:00:00,0.0,-1.6507692635059357e-07,1.225271262228489e-05,-1.7922837287187576e-05,-3.716582432389259e-05,78.05216979980469,68.80882263183594,49.74868392944336,94.69789123535156,293.4599609375,283.994873046875,271.762939453125,221.8424072265625,20.226669311523438,21.1754150390625,19.628402709960938,-4.5019989013671875,3.883056640625,1.4556884765625,11.829803466796875,4.6749114990234375,24.741343247689613
1995-008,1995-11-24 00:00:00,13.5,85.0,0.0,1995-11-24 00:00:00,0.0,-3.895559348165989e-05,6.76808413118124e-05,-0.00017078383825719357,-2.1687475964426994e-05,91.29972839355469,62.654476165771484,62.290489196777344,81.37018585205078,293.107177734375,285.395263671875,271.1790771484375,221.5738067626953,13.87860107421875,20.992462158203125,26.03814697265625,-8.408554077148438,5.74139404296875,1.7948760986328125,11.585311889648438,12.550338745117188,23.304055713502493
1995-008,1995-11-24 03:00:00,14.5,85.0,0.0,1995-11-24 03:00:00,0.0,-3.1981617212295532e-06,2.5434419512748718e-05,-1.5048310160636902e-05,-0.00011216942220926285,84.59344482421875,63.89607238769531,46.217838287353516,72.23640441894531,293.85009765625,285.716064453125,271.8701477050781,222.5050811767578,10.746414184570312,15.174514770507812,32.488250732421875,-8.060073852539062,6.39373779296875,3.25164794921875,9.574371337890625,19.100875854492188,22.697033947292667
1995-008,1995-11-24 06:00:00,15.0,85.0,0.0,1995-11-24 06:00:00,0.0,-1.9472790881991386e-05,2.067280001938343e-05,1.559150405228138e-05,-0.00017600785940885544,81.75452423095703,61.6988410949707,73.46986389160156,77.40634155273438,294.398681640625,286.24267578125,270.649169921875,222.7713623046875,13.972579956054688,19.79931640625,28.048538208007812,1.7404632568359375,-2.257781982421875,-4.1949005126953125,3.06243896484375,16.7294921875,22.586306899249568
1996-002,1996-06-12 12:00:00,11.0,86.0,0.0,1996-06-12 12:00:00,0.0,-3.431434743106365e-05,-0.0001549888402223587,0.0002147536724805832,6.370409391820431e-05,94.51575469970703,96.44918823242188,99.38627624511719,100.39839172363281,292.565185546875,284.52783203125,270.204345703125,224.46975708007812,-2.4058685302734375,-4.620635986328125,1.769073486328125,-8.770965576171875,5.5902557373046875,8.256622314453125,3.4327850341796875,3.634185791015625,6.658879037681967
1996-002,1996-06-12 18:00:00,11.5,85.0,0.0,1996-06-12 18:00:00,0.0,-1.5677185729146004e-05,2.6960624381899834e-05,1.0227086022496223e-05,3.398861736059189e-06,99.51058959960938,75.45217895507812,89.31529235839844,102.91777801513672,292.230712890625,285.3052978515625,270.772705078125,222.91427612304688,-0.9531402587890625,-0.2714996337890625,-3.2421112060546875,-7.8051910400390625,3.2516937255859375,1.3444061279296875,4.5420989990234375,8.954681396484375,8.914856604749643
1996-002,1996-06-13 00:00:00,12.0,84.0,0.0,1996-06-13 00:00:00,0.0,-3.2850075513124466e-06,-2.9089627787470818e-05,2.013961784541607e-05,0.0001145827118307352,94.86949157714844,79.05963134765625,87.4766845703125,100.07360076904297,292.410400390625,284.8837890625,270.8837890625,224.79676818847656,4.2591094970703125,0.868621826171875,-7.655975341796875,-1.49444580078125,1.23687744140625,2.6034698486328125,2.0210723876953125,3.7722320556640625,6.2874018151756585
1996-002,1996-06-13 03:00:00,12.5,83.0,0.0,1996-06-13 03:00:00,0.0,5.648471415042877e-06,-1.8577557057142258e-05,1.4365650713443756e-07,-5.089305341243744e-05,95.87301635742188,78.37445068359375,95.47276306152344,103.57486724853516,292.404541015625,284.7894287109375,270.669189453125,224.76266479492188,2.587799072265625,3.3621673583984375,-5.159393310546875,-5.959716796875,-0.5670318603515625,5.215484619140625,0.9143218994140625,-0.5857086181640625,8.547536273950126
1996-002,1996-06-13 06:00:00,12.7,83.0,0.0,1996-06-13 06:00:00,0.0,1.459335908293724e-05,-3.2738782465457916e-05,9.933719411492348e-06,-4.6948203817009926e-05,92.54972076416016,71.24073028564453,91.77519989013672,93.99424743652344,292.771484375,285.082763671875,270.810546875,224.48101806640625,0.9128265380859375,2.4761810302734375,-6.4083099365234375,-3.5032196044921875,1.733551025390625,6.061187744140625,3.8309783935546875,3.5047760009765625,4.758014443811467
1996-002,1996-06-13 12:00:00,13.0,82.0,0.0,1996-06-13 12:00:00,0.0,-2.5450950488448143e-05,4.773959517478943e-06,6.498768925666809e-05,-4.4300686568021774e-06,99.97432708740234,89.7155532836914,92.80427551269531,100.10897827148438,292.364501953125,285.212646484375,271.59423828125,225.6171875,4.366180419921875,-3.016815185546875,-5.331024169921875,-8.166976928710938,-1.2257232666015625,-1.482666015625,1.2879180908203125,-2.863861083984375,12.639759832937033
1996-002,1996-06-13 18:00:00,13.5,81.0,0.0,1996-06-13 18:00:00,0.0,-6.919261068105698e-06,-6.72205351293087e-06,-9.138602763414383e-06,2.2846972569823265e-05,100.96449279785156,88.11356353759766,84.72769165039062,104.06278228759766,292.505615234375,285.650146484375,271.30322265625,225.87026977539062,-4.3656005859375,-5.0411224365234375,-8.994064331054688,-11.841751098632812,-5.5767974853515625,-3.2389678955078125,-2.5637359619140625,-4.3544158935546875,7.575423634651613
1996-002,1996-06-14 00:00:00,13.5,80.5,0.0,1996-06-14 00:00:00,0.0,7.328134961426258e-05,-6.494531407952309e-05,6.494950503110886e-05,-7.492327131330967e-05,102.20382690429688,88.51448822021484,100.03657531738281,101.8647232055664,292.64794921875,284.864501953125,270.6492919921875,224.6448211669922,7.022003173828125,2.7610015869140625,-5.7391510009765625,-7.9718780517578125,-14.900375366210938,-16.422256469726562,-6.3159332275390625,0.41253662109375,21.4313263177508
1996-002,1996-06-14 03:00:00,14.0,80.5,0.0,1996-06-14 03:00:00,0.0,-7.554725743830204e-05,4.665902815759182e-05,2.5890767574310303e-05,-4.6742381528019905e-05,99.939697265625,93.40422821044922,98.96424102783203,105.4368667602539,292.36962890625,284.55615234375,271.529052734375,224.39097595214844,1.0946197509765625,-3.4443511962890625,-7.4214019775390625,-9.512664794921875,-20.351043701171875,-13.883575439453125,-5.2867584228515625,0.424560546875,23.32681326947852
1996-002,1996-06-14 06:00:00,14.5,80.8,0.0,1996-06-14 06:00:00,0.0,-2.007465809583664e-06,-3.2176729291677475e-05,2.3895874619483948e-05,-6.492482498288155e-05,99.02271270751953,86.25301361083984,86.62324523925781,61.558658599853516,292.4521484375,285.73876953125,271.4951171875,224.4771270751953,-4.51312255859375,-8.754226684570312,-9.192611694335938,-10.324783325195312,-18.215789794921875,-12.696945190429688,-5.0576324462890625,-0.461517333984375,18.681263112628642
1996-002,1996-06-14 12:00:00,15.0,81.0,0.0,1996-06-14 12:00:00,0.0,-2.762535586953163e-05,7.305131293833256e-05,7.796334102749825e-06,-8.007953874766827e-05,94.69507598876953,90.95642852783203,64.793212890625,87.40955352783203,292.042724609375,284.467041015625,272.09619140625,225.4271240234375,-7.3731842041015625,-11.283172607421875,-9.353866577148438,-6.751556396484375,-15.72747802734375,-13.134918212890625,-8.743911743164062,-2.8665313720703125,12.875960935052264
1996-002,1996-06-14 18:00:00,16.0,82.0,0.0,1996-06-14 18:00:00,0.0,-1.0587507858872414e-05,5.976762622594833e-06,8.838949725031853e-06,4.0408456698060036e-05,98.43701934814453,93.43289184570312,66.91699981689453,91.50263214111328,292.567138671875,285.606689453125,273.541748046875,224.43353271484375,-14.922653198242188,-10.765182495117188,-8.849151611328125,-7.53692626953125,-9.4442138671875,-5.85748291015625,-1.0625762939453125,2.8456268310546875,14.338380196300275
1996-002,1996-06-15 00:00:00,16.5,82.5,0.0,1996-06-15 00:00:00,0.0,3.3102696761488914e-05,-1.6258563846349716e-06,4.791584797203541e-05,1.0140938684344292e-05,97.56916809082031,84.48451232910156,67.11104583740234,78.23722839355469,293.1201171875,286.0283203125,273.5543212890625,223.7994384765625,-12.720611572265625,-10.747207641601562,-5.236480712890625,-5.9767608642578125,-10.81768798828125,-6.1728057861328125,0.6384735107421875,-2.8513336181640625,10.437543979413102
1996-002,1996-06-15 03:00:00,16.5,82.5,0.0,1996-06-15 03:00:00,0.0,1.1517899110913277e-05,4.59086149930954e-05,2.869567833840847e-05,-4.6628061681985855e-05,99.8277816772461,96.1676025390625,79.69830322265625,88.05733489990234,293.363525390625,285.3916015625,272.6146240234375,224.2394256591797,-10.754241943359375,-10.243820190429688,-6.2223968505859375,-6.7065582275390625,-12.501602172851562,-8.219406127929688,-1.3738555908203125,-1.15283203125,12.048996937099124
1996-007,1996-10-27 03:00:00,15.0,86.0,0.0,1996-10-27 03:00:00,0.0,1.2321164831519127e-05,-1.452956348657608e-05,3.381585702300072e-05,-4.821480251848698e-05,92.16203308105469,53.42617416381836,61.489356994628906,96.22871398925781,292.63818359375,286.673095703125,269.41162109375,222.79586791992188,5.2666015625,7.229248046875,0.5420379638671875,-0.716766357421875,7.3498687744140625,10.73480224609375,9.88861083984375,-6.3609771728515625,14.959545055074383
1996-007,1996-10-27 06:00:00,15.5,85.5,0.0,1996-10-27 06:00:00,0.0,9.03313048183918e-06,-1.2190314009785652e-05,2.9156915843486786e-05,-7.404922507703304e-05,97.54022216796875,78.0498046875,60.61756896972656,103.52362060546875,292.10302734375,285.510498046875,270.200927734375,223.43899536132812,3.42535400390625,5.576995849609375,5.24981689453125,-8.753433227539062,2.3355865478515625,3.41644287109375,10.118682861328125,-4.0375518798828125,13.745535706107637
1996-007,1996-10-27 12:00:00,16.0,85.5,0.0,1996-10-27 12:00:00,0.0,1.1903233826160431e-05,-1.619802787899971e-06,3.599096089601517e-05,-8.393311873078346e-06,95.85970306396484,78.83547973632812,62.211177825927734,94.9383773803711,292.2265625,285.050048828125,271.443115234375,222.1639862060547,7.5499725341796875,8.12493896484375,9.200332641601562,-10.014068603515625,-1.07177734375,-0.7027587890625,5.7362823486328125,1.315216064453125,17.725497979392806
1996-007,1996-10-27 18:00:00,17.0,86.0,0.0,1996-10-27 18:00:00,0.0,-2.2829044610261917e-06,3.3224932849407196e-06,4.990259185433388e-06,2.6739435270428658e-05,92.9101791381836,80.96312713623047,75.35990142822266,98.02752685546875,292.622314453125,285.44091796875,270.42236328125,221.46157836914062,5.88037109375,6.8658447265625,7.3619232177734375,-4.8816375732421875,1.204559326171875,1.7956390380859375,4.6811676025390625,4.0906219482421875,11.142270325518329
1996-008,1996-11-04 18:00:00,16.0,87.5,0.0,1996-11-04 18:00:00,0.0,5.3138937801122665e-06,-1.516193151473999e-05,2.0322389900684357e-05,-2.4227425456047058e-05,96.8707504272461,80.34625244140625,96.971923828125,88.82562255859375,290.490478515625,283.241943359375,269.112060546875,221.2044677734375,-1.583953857421875,-4.7548675537109375,-6.09417724609375,-8.989349365234375,-7.96722412109375,-7.766387939453125,-1.222442626953125,2.3737945556640625,12.719141083429472
1996-008,1996-11-05 00:00:00,16.0,87.0,0.0,1996-11-05 00:00:00,0.0,-2.3770611733198166e-05,-1.1615455150604248e-05,8.428934961557388e-05,-1.4881137758493423e-05,92.93624114990234,86.3835220336914,100.85108947753906,69.267333984375,290.7607421875,282.904541015625,269.309326171875,221.3046112060547,-1.491455078125,-2.3721771240234375,-5.2316741943359375,-7.6920623779296875,-6.393585205078125,-2.8253021240234375,-4.7611541748046875,1.879638671875,10.338944056555219
1996-008,1996-11-05 03:00:00,16.0,86.5,0.0,1996-11-05 03:00:00,0.0,-1.799757592380047e-05,-3.233342431485653e-05,8.620903827250004e-05,-4.3644336983561516e-05,96.7822494506836,82.05303955078125,100.0940933227539,37.3067626953125,290.5185546875,283.25732421875,269.356201171875,221.00889587402344,-1.796478271484375,-1.3240814208984375,-4.5666656494140625,-8.79193115234375,-6.24847412109375,-3.5838623046875,-4.8110504150390625,2.316253662109375,11.058522641324892
1996-008,1996-11-05 06:00:00,16.0,86.5,1.0,1996-11-05 06:00:00,0.0,1.1692754924297333e-05,-1.9259285181760788e-05,2.7913600206375122e-05,-3.6130601074546576e-05,100.61959075927734,86.59246826171875,91.97373962402344,54.072021484375,290.409423828125,283.32421875,269.59375,220.88104248046875,-0.1694488525390625,0.4421844482421875,-4.128997802734375,-10.743118286132812,-4.1932525634765625,-2.232940673828125,-2.9293365478515625,2.886749267578125,12.725129123849884
1996-008,1996-11-05 09:00:00,16.0,86.0,1.0,1996-11-05 09:00:00,0.0,-6.700865924358368e-06,-1.9349390640854836e-05,5.951849743723869e-06,-4.05868049710989e-05,91.19701385498047,89.34890747070312,91.30254364013672,41.72129440307617,291.24609375,283.272216796875,269.487060546875,220.9630126953125,0.256683349609375,0.678253173828125,-1.7471923828125,-9.60174560546875,-5.61114501953125,-5.09033203125,-2.4897308349609375,3.4090118408203125,13.362329559162584
1996-008,1996-11-05 12:00:00,16.0,85.5,1.0,1996-11-05 12:00:00,0.0,1.1136988177895546e-05,-1.266435720026493e-05,1.568184234201908e-05,-4.8080459237098694e-05,89.75434875488281,81.33204650878906,89.88782501220703,37.648231506347656,291.279541015625,283.428466796875,269.48583984375,220.9479217529297,-0.2917633056640625,-0.5701751708984375,-1.34228515625,-6.5489044189453125,-5.7319793701171875,-5.838104248046875,-3.7969970703125,3.2597503662109375,10.954588927142906
1996-008,1996-11-05 18:00:00,16.0,85.0,0.0,1996-11-05 18:00:00,0.0,-8.667819201946259e-06,-1.2766104191541672e-06,9.711366146802902e-07,1.5062978491187096e-05,98.8465576171875,83.297119140625,88.9465103149414,51.03141403198242,290.494384765625,283.416015625,269.448974609375,220.8819122314453,0.0141143798828125,-1.5274200439453125,-4.3298797607421875,-4.6783599853515625,-4.80426025390625,-4.6323699951171875,-3.4610443115234375,-0.030364990234375,6.693981749070616
1996-009,1996-11-28 03:00:00,11.5,86.5,0.0,1996-11-28 03:00:00,0.0,-3.0640512704849243e-06,-8.81473533809185e-06,-3.0556460842490196e-05,-4.402361810207367e-06,88.613525390625,79.64274597167969,99.68428039550781,63.91524124145508,290.507080078125,282.830810546875,268.5904846191406,220.54022216796875,1.480133056640625,1.081878662109375,-0.0118408203125,-7.84747314453125,11.868606567382812,11.51214599609375,9.741134643554688,7.5330963134765625,10.28595579447366
1996-009,1996-11-28 06:00:00,12.0,86.0,0.0,1996-11-28 06:00:00,0.0,2.0245322957634926e-05,1.5365658327937126e-05,2.0317034795880318e-05,4.521547816693783e-05,87.69325256347656,80.64913177490234,94.70803833007812,60.1788330078125,290.9365234375,283.075439453125,269.01605224609375,220.4232940673828,-2.324554443359375,-1.777099609375,0.4023895263671875,-8.068710327148438,11.104522705078125,12.239456176757812,6.5550384521484375,12.115982055664062,5.832527482589022
1996-009,1996-11-28 12:00:00,12.5,85.5,0.0,1996-11-28 12:00:00,0.0,-1.3870187103748322e-05,-2.3013446480035782e-05,-1.4405697584152222e-05,3.511551767587662e-05,98.17022705078125,80.42790985107422,85.89913940429688,109.07963562011719,290.33447265625,283.37060546875,268.7236328125,221.1039581298828,-6.023223876953125,-2.6339111328125,2.6380767822265625,-4.0175628662109375,10.77581787109375,7.5299530029296875,9.092941284179688,11.297836303710938,2.072481443584834
1996-009,1996-11-28 18:00:00,13.0,85.5,0.0,1996-11-28 18:00:00,0.0,-2.6573892682790756e-05,-3.837374970316887e-05,2.38961074501276e-05,2.5130808353424072e-05,93.90058135986328,95.3885726928711,93.51193237304688,107.98218536376953,290.567626953125,282.078125,268.4695129394531,221.14830017089844,-5.135589599609375,-3.9832763671875,-1.11395263671875,-1.8851470947265625,5.9717559814453125,7.085174560546875,10.749359130859375,8.463714599609375,4.095758077839925
1996-009,1996-11-29 00:00:00,13.0,85.5,0.0,1996-11-29 00:00:00,0.0,-1.0823830962181091e-05,-1.5278812497854233e-05,1.1604279279708862e-06,-3.433946403674781e-05,90.71954345703125,88.76449584960938,95.56147766113281,103.83406066894531,291.14013671875,282.8447265625,268.66973876953125,220.6107635498047,-5.7574920654296875,-2.540008544921875,3.4377288818359375,-2.7286224365234375,2.046875,4.9002227783203125,8.3995361328125,7.2547149658203125,6.024586984890002
1996-009,1996-11-29 03:00:00,12.5,85.0,0.0,1996-11-29 03:00:00,0.0,-2.80716922134161e-05,-3.14260832965374e-05,1.1337222531437874e-05,-6.323074921965599e-05,92.990966796875,87.03424072265625,75.44711303710938,102.2796630859375,290.617431640625,282.548583984375,269.091552734375,220.77145385742188,-4.4967041015625,-2.7932281494140625,2.4534454345703125,-1.9826507568359375,0.1648101806640625,3.565673828125,5.888214111328125,9.876693725585938,10.032006091019637
1996-009,1996-11-29 06:00:00,13.0,85.5,0.0,1996-11-29 06:00:00,0.0,-3.904663026332855e-05,2.1477695554494858e-05,-2.2192485630512238e-05,9.374669753015041e-05,95.54837799072266,81.49542236328125,79.81907653808594,100.85808563232422,290.75390625,282.8876953125,268.94927978515625,220.95249938964844,-4.240509033203125,-1.0952301025390625,1.7142486572265625,-0.2733001708984375,-3.2047119140625,-1.2859344482421875,7.29425048828125,10.764633178710938,14.521754318199374
1996-009,1996-11-29 12:00:00,13.5,86.0,0.0,1996-11-29 12:00:00,0.0,-6.970018148422241e-06,-2.7080532163381577e-06,-1.701153814792633e-05,-1.0952120646834373e-05,89.44503021240234,86.62855529785156,92.56607055664062,102.62421417236328,291.185302734375,282.401611328125,268.4372253417969,221.76126098632812,-2.0399627685546875,-2.7283935546875,2.447906494140625,-2.0107421875,-7.18603515625,-8.859451293945312,2.879974365234375,8.501693725585938,15.687756095514317
1996-009,1996-11-29 18:00:00,14.0,87.0,0.0,1996-11-29 18:00:00,0.0,-2.800486981868744e-06,1.729303039610386e-05,-2.2383639588952065e-05,6.231036968529224e-05,86.34828186035156,86.34686279296875,77.77025604248047,100.49868774414062,291.821533203125,282.957763671875,269.58782958984375,221.28155517578125,-4.3155975341796875,-5.009552001953125,1.4933929443359375,-4.066986083984375,-4.6294097900390625,-6.006195068359375,1.5760650634765625,6.794097900390625,11.426212653651884
1996-009,1996-11-30 00:00:00,14.5,87.5,0.0,1996-11-30 00:00:00,0.0,1.1824071407318115e-05,-2.327142283320427e-05,-8.373986929655075e-06,-3.800843842327595e-05,80.56534576416016,83.76371002197266,91.23795318603516,99.66756439208984,290.9814453125,282.666015625,268.50604248046875,220.00830078125,-3.8651275634765625,-1.465362548828125,3.52471923828125,-3.5235748291015625,-9.86187744140625,-8.607864379882812,1.4827728271484375,5.5238189697265625,15.389487071566231
1996-009,1996-11-30 03:00:00,14.5,87.5,0.0,1996-11-30 03:00:00,0.0,-8.495291694998741e-06,-1.2660864740610123e-05,1.4365650713443756e-07,-2.1392246708273888e-05,76.93560791015625,70.99909210205078,90.7657699584961,100.98069763183594,291.231689453125,283.5146484375,268.48016357421875,219.95150756835938,-5.7347259521484375,-2.3536224365234375,4.068878173828125,0.804840087890625,-13.458572387695312,-10.452011108398438,-2.1602630615234375,6.1307525634765625,20.652059849676913
1996-009,1996-11-30 06:00:00,15.0,88.0,0.0,1996-11-30 06:00:00,0.0,8.162343874573708e-06,4.732934758067131e-05,-2.4200882762670517e-05,-0.00010607810690999031,84.56318664550781,63.68613815307617,76.85348510742188,101.57152557373047,291.5947265625,283.622314453125,269.5068359375,220.34800720214844,-4.9976959228515625,-2.6874847412109375,5.53936767578125,3.4595489501953125,-11.99884033203125,-9.260848999023438,-3.1021728515625,2.3145294189453125,16.62520810308396
1996-009,1996-11-30 12:00:00,15.5,88.5,0.0,1996-11-30 12:00:00,0.0,6.0445163398981094e-06,-4.439381882548332e-06,2.0815059542655945e-06,-2.176244743168354e-05,92.2055435180664,70.527587890625,14.478023529052734,101.10287475585938,290.690185546875,284.155029296875,271.76837158203125,220.90414428710938,-6.8283843994140625,-6.3844451904296875,1.8173828125,1.04583740234375,-6.183441162109375,-12.53857421875,-5.3405914306640625,7.2505340576171875,15.571610680578468
1996-009,1996-11-30 18:00:00,15.0,89.0,0.0,1996-11-30 18:00:00,0.0,2.8498470783233643e-06,3.163609653711319e-05,-6.8820081651210785e-06,1.902715303003788e-05,97.0968246459961,86.03463745117188,84.32115173339844,102.82616424560547,291.53564453125,284.24609375,269.78717041015625,220.6895751953125,-5.90087890625,-7.8115081787109375,-4.4338531494140625,3.35546875,-2.5729827880859375,-4.9214630126953125,-4.4604339599609375,3.771942138671875,11.222212092968013
1996-009,1996-12-01 00:00:00,14.5,89.0,0.0,1996-12-01 00:00:00,0.0,1.6732141375541687e-05,-5.995435640215874e-05,-1.2001022696495056e-05,6.972067058086395e-05,93.2850570678711,85.60800170898438,94.52972412109375,106.5730972290039,291.92822265625,284.09912109375,269.0280456542969,221.47984313964844,-3.323211669921875,-1.744781494140625,-1.372894287109375,-9.975677490234375,-2.0061492919921875,-2.658050537109375,1.41522216796875,3.15496826171875,8.419764598470033
1996-009,1996-12-01 03:00:00,14.5,89.0,0.0,1996-12-01 03:00:00,0.0,-4.14170790463686e-05,4.13721427321434e-05,-7.575377821922302e-06,-6.0484278947114944e-05,95.17420959472656,79.95391845703125,68.75887298583984,98.97193145751953,291.515869140625,283.974365234375,270.0248107910156,221.34317016601562,-4.4269561767578125,-5.6414337158203125,-0.2945709228515625,-10.079635620117188,2.198394775390625,0.5133056640625,0.9942626953125,6.0521240234375,6.841345920696423
1996-009,1996-12-01 06:00:00,14.5,88.5,0.0,1996-12-01 06:00:00,0.0,3.715371713042259e-05,-3.0358321964740753e-05,-1.7380574718117714e-05,-2.0594801753759384e-05,89.92220306396484,76.02079010009766,94.54972839355469,109.84795379638672,291.958251953125,284.322998046875,269.5417785644531,220.95350646972656,-7.291748046875,-6.7381591796875,-2.337432861328125,-9.32061767578125,-1.76708984375,-3.8680267333984375,-1.6709442138671875,6.8070068359375,8.810870890197313
1996-009,1996-12-01 12:00:00,14.5,88.5,0.0,1996-12-01 12:00:00,0.0,-7.690861821174622e-06,6.271526217460632e-06,1.2738397344946861e-05,-5.973968654870987e-06,96.65111541748047,73.20623779296875,72.36579132080078,84.87643432617188,291.8505859375,284.461181640625,269.575927734375,220.9636993408203,-3.7831573486328125,-6.8497161865234375,-5.2877960205078125,-3.4311370849609375,0.8111114501953125,-0.48388671875,0.4765472412109375,10.420501708984375,9.615835866514452
1996-009,1996-12-01 18:00:00,14.5,88.0,0.0,1996-12-01 18:00:00,0.0,-2.852175384759903e-06,-1.516193151473999e-06,-6.880145519971848e-07,-2.5349901989102364e-05,92.7465591430664,74.41729736328125,83.16413879394531,35.84779357910156,291.6572265625,284.427978515625,268.86004638671875,220.8977508544922,-10.535919189453125,-10.99957275390625,-8.340087890625,-3.349945068359375,4.6846466064453125,4.7328948974609375,5.5194549560546875,12.459762573242188,10.587287299689605
1996-009,1996-12-02 00:00:00,14.0,87.0,0.0,1996-12-02 00:00:00,0.0,2.637738361954689e-06,-2.4077482521533966e-05,2.5129178538918495e-05,-6.354181095957756e-06,92.86827850341797,78.20883178710938,87.94010925292969,103.79798889160156,291.745849609375,283.96240234375,269.1302185058594,220.6236572265625,-8.05914306640625,-8.074172973632812,-3.712738037109375,-9.538284301757812,-1.8408203125,-1.8916473388671875,2.1727294921875,11.501220703125,13.42378177924303
1996-009,1996-12-02 03:00:00,14.0,87.0,0.0,1996-12-02 03:00:00,0.0,-1.0980060324072838e-05,-4.605622962117195e-06,7.175607606768608e-06,1.3867160305380821e-05,93.97186279296875,78.60639190673828,83.32209777832031,97.37823486328125,291.76123046875,283.907958984375,269.4265441894531,220.4706573486328,-7.9357452392578125,-8.186660766601562,-5.926361083984375,-10.454025268554688,2.4313812255859375,2.9885101318359375,4.268280029296875,10.883575439453125,8.819371935397976
1996-009,1996-12-02 06:00:00,14.0,87.0,0.0,1996-12-02 06:00:00,0.0,1.9377097487449646e-05,-1.0783551260828972e-05,-6.800517439842224e-06,4.158751107752323e-05,92.28247833251953,78.83344268798828,84.4067611694336,77.53970336914062,291.757080078125,284.294677734375,269.6070861816406,219.86187744140625,-7.235076904296875,-7.5167388916015625,-5.744476318359375,-8.243606567382812,7.5119476318359375,8.030807495117188,10.393203735351562,9.893646240234375,2.586430038213152
1996-009,1996-12-02 12:00:00,14.0,86.0,1.0,1996-12-02 12:00:00,0.0,-3.3240532502532005e-05,-3.2895710319280624e-05,5.307188257575035e-05,-1.439591869711876e-06,93.93417358398438,89.28668212890625,91.81387329101562,43.88475036621094,291.97509765625,283.842529296875,270.0047607421875,220.28636169433594,-7.0469970703125,-6.305419921875,-2.558013916015625,-9.805389404296875,1.0649566650390625,1.49139404296875,5.66900634765625,14.451202392578125,13.667490733351224
1996-009,1996-12-02 18:00:00,14.0,85.5,1.0,1996-12-02 18:00:00,0.0,-1.0494375601410866e-05,-3.429874777793884e-05,6.835581734776497e-05,-3.26717272400856e-05,92.65369415283203,81.37089538574219,94.64010620117188,112.51212310791016,292.078369140625,284.5078125,270.3194274902344,219.7487335205078,-6.8338775634765625,-5.1094512939453125,-0.7174530029296875,-3.751800537109375,4.1582489013671875,6.2352294921875,6.8256683349609375,11.35809326171875,7.831791468734762
1996-009,1996-12-03 00:00:00,14.0,85.0,0.0,1996-12-03 00:00:00,0.0,3.0866358429193497e-06,-1.8063001334667206e-06,7.11856409907341e-06,1.7097685486078262e-05,91.80919647216797,81.73563385009766,86.23114776611328,100.68648529052734,292.23828125,284.67919921875,269.5960388183594,220.63485717773438,-0.5963134765625,0.7022705078125,1.67254638671875,-5.4048919677734375,8.874404907226562,10.396636962890625,12.018035888671875,3.6090545654296875,7.130662053974857
1996-009,1996-12-03 03:00:00,14.0,84.5,0.0,1996-12-03 03:00:00,0.0,-2.8894981369376183e-05,4.568137228488922e-06,-1.0564224794507027e-05,-6.253691390156746e-05,90.55931854248047,68.77503967285156,70.13888549804688,102.10476684570312,292.08837890625,285.20751953125,270.5278625488281,220.55503845214844,5.3016204833984375,3.803955078125,2.22821044921875,-5.317352294921875,5.595977783203125,10.52789306640625,8.6666259765625,5.3940887451171875,10.620891772841256
1996-009,1996-12-03 06:00:00,14.3,84.0,0.0,1996-12-03 06:00:00,0.0,5.615409463644028e-06,1.9975006580352783e-05,-3.91760841012001e-06,-9.852251969277859e-05,91.26435089111328,79.08817291259766,79.3127212524414,106.43527221679688,292.240234375,285.2841796875,271.07489013671875,220.66668701171875,-0.1905364990234375,3.24462890625,6.60113525390625,-6.6476593017578125,3.476806640625,4.702301025390625,6.7853546142578125,5.088409423828125,6.655200855002071
1996-009,1996-12-03 12:00:00,14.5,83.5,0.0,1996-12-03 12:00:00,0.0,4.281988367438316e-06,-2.2551976144313812e-06,2.402486279606819e-05,5.241483449935913e-06,93.68929290771484,73.19780731201172,60.688568115234375,36.08637619018555,292.09765625,284.919677734375,271.7509765625,219.96292114257812,-0.3522796630859375,0.55511474609375,3.2005767822265625,-8.835525512695312,0.370452880859375,1.9107513427734375,2.14202880859375,11.648391723632812,14.112312520854
1996-009,1996-12-03 18:00:00,14.7,83.0,0.0,1996-12-03 18:00:00,0.0,8.429167792201042e-06,-4.490837454795837e-06,4.721339792013168e-05,-5.114823579788208e-05,94.44481658935547,80.5811996459961,95.49647521972656,17.15531349182129,291.87939453125,284.548095703125,270.93597412109375,219.9961700439453,-7.1148834228515625,-4.767608642578125,2.39453125,-7.896209716796875,-0.8191375732421875,-0.2761383056640625,1.2108306884765625,9.578323364257812,10.426776334248697
1996-009,1996-12-04 00:00:00,14.7,83.0,0.0,1996-12-04 00:00:00,0.0,-1.7062760889530182e-05,2.1652085706591606e-05,4.3907901272177696e-05,8.928123861551285e-06,94.62437438964844,70.7801284790039,83.91838073730469,24.712425231933594,291.743408203125,285.32763671875,270.58111572265625,220.09530639648438,-3.843963623046875,-4.474456787109375,-0.5261688232421875,-7.3330841064453125,10.339614868164062,12.7896728515625,7.8661651611328125,7.3954010009765625,4.565343036772782
1996-009,1996-12-04 03:00:00,14.8,82.2,0.0,1996-12-04 03:00:00,0.0,-5.493056960403919e-05,-1.171906478703022e-05,-1.1095311492681503e-05,-4.633958451449871e-05,90.90193176269531,89.2436294555664,97.88164520263672,14.097960472106934,292.295166015625,284.74853515625,270.233154296875,220.4141845703125,-5.3236083984375,-2.945526123046875,0.14892578125,-6.8127593994140625,0.251983642578125,1.321441650390625,4.7879791259765625,6.202392578125,6.1339169544382965
1996-009,1996-12-04 06:00:00,15.1,82.0,0.0,1996-12-04 06:00:00,0.0,-3.2147159799933434e-05,-8.476735092699528e-05,7.929583080112934e-05,-8.982652798295021e-05,97.58421325683594,96.08594512939453,95.71226501464844,54.87184143066406,291.1796875,284.398193359375,270.43243408203125,220.2415771484375,-7.9669189453125,-8.791473388671875,-4.414825439453125,-3.43414306640625,-5.65032958984375,-4.2971954345703125,-2.500396728515625,5.4569091796875,11.996533259728512
1996-009,1996-12-04 12:00:00,15.3,81.4,0.0,1996-12-04 12:00:00,0.0,-9.802402928471565e-06,-0.00013728439807891846,1.3072509318590164e-05,1.8028775230050087e-05,93.49927520751953,96.37995910644531,101.23246765136719,96.00453186035156,290.77783203125,283.512451171875,268.2989501953125,219.77987670898438,-6.7420501708984375,-6.462493896484375,-7.1383819580078125,-0.460357666015625,-20.324447631835938,-15.335769653320312,-7.33135986328125,8.886550903320312,29.878790071667922
1996-009,1996-12-04 18:00:00,15.5,81.4,0.0,1996-12-04 18:00:00,0.0,-7.707858458161354e-06,-0.00010342476889491081,-0.00011830497533082962,-1.9780825823545456e-05,94.26629638671875,94.63253784179688,101.04718780517578,100.10105895996094,290.793701171875,282.93994140625,269.2515563964844,218.89910888671875,-16.319732666015625,-13.36456298828125,-10.666305541992188,-2.018463134765625,-15.340286254882812,-13.7589111328125,0.7520904541015625,5.0787353515625,24.929154690240505
1996-009,1996-12-05 00:00:00,15.0,81.3,0.0,1996-12-05 00:00:00,0.0,-6.427266635000706e-05,-8.533010259270668e-06,5.0749396905303e-05,2.844654954969883e-05,99.39971923828125,99.2809066772461,102.96450805664062,71.12100219726562,290.6953125,283.377197265625,269.4837951660156,218.76510620117188,-11.995513916015625,-10.163238525390625,-5.2027740478515625,-5.595550537109375,-17.536590576171875,-15.956039428710938,-6.6326446533203125,5.82232666015625,24.219796566135074
1996-009,1996-12-05 03:00:00,14.5,82.0,0.0,1996-12-05 03:00:00,0.0,2.5237910449504852e-05,-1.1450611054897308e-06,3.2986514270305634e-05,-0.00010567926801741123,94.43887329101562,80.13236999511719,45.92657470703125,88.69843292236328,291.76025390625,285.73828125,271.5784912109375,217.36520385742188,-0.7417144775390625,-0.17864990234375,3.57574462890625,-9.326797485351562,4.5806732177734375,5.4737091064453125,8.3231201171875,16.212051391601562,14.456576651255864
1996-009,1996-12-05 06:00:00,14.5,81.7,0.0,1996-12-05 06:00:00,0.0,6.3765328377485275e-06,-2.228538505733013e-05,1.3291137292981148e-05,1.2926582712680101e-05,93.97770690917969,85.35982513427734,47.70195007324219,102.43252563476562,291.996337890625,285.3134765625,271.4293212890625,217.8656768798828,-1.70977783203125,-1.68853759765625,2.882080078125,-9.11822509765625,-2.41070556640625,-0.2977142333984375,8.23272705078125,11.393341064453125,15.666422510403791
1996-009,1996-12-05 12:00:00,14.3,81.7,0.0,1996-12-05 12:00:00,0.0,-6.197020411491394e-06,-3.914348781108856e-06,7.064314559102058e-05,-2.783280797302723e-05,93.3402099609375,89.0237045288086,22.75572967529297,81.40637969970703,292.00732421875,284.489990234375,272.1463623046875,218.32754516601562,-1.1269683837890625,-1.12432861328125,-3.5811309814453125,-16.938064575195312,-0.1563720703125,0.70928955078125,0.064697265625,15.90789794921875,22.539998536697198
1997-001,1997-05-15 06:00:00,6.5,90.5,0.0,1997-05-15 06:00:00,0.0,-2.3680971935391426e-05,1.555308699607849e-05,2.9857968911528587e-05,-5.5882264859974384e-06,82.28399658203125,87.10367584228516,86.2563247680664,98.67196655273438,291.523681640625,281.60205078125,269.36279296875,221.78781127929688,15.984954833984375,12.331695556640625,7.942901611328125,-5.665924072265625,-0.476898193359375,3.15203857421875,2.45355224609375,4.1584014892578125,22.141512156146252
1997-001,1997-05-15 09:00:00,7.0,90.5,0.0,1997-05-15 09:00:00,0.0,2.102903090417385e-05,-3.596418537199497e-05,-2.9636546969413757e-05,-1.0656091035343707e-05,86.42395782470703,79.54159545898438,93.29592895507812,101.37605285644531,291.353271484375,282.358154296875,268.89697265625,222.81155395507812,11.084930419921875,18.584991455078125,12.991119384765625,-6.0366973876953125,-0.5947418212890625,4.25250244140625,5.6306610107421875,-1.5506439208984375,17.148291098724904
1997-001,1997-05-15 12:00:00,7.5,90.5,0.0,1997-05-15 12:00:00,0.0,-1.586414873600006e-05,-6.818678230047226e-06,3.0485214665532112e-05,-8.634524419903755e-05,93.21337890625,77.17341613769531,97.27200317382812,100.6097412109375,291.115234375,282.466064453125,269.41845703125,222.10360717773438,10.500579833984375,11.247344970703125,13.561294555664062,-7.873260498046875,-1.777130126953125,0.87677001953125,5.09405517578125,4.3184814453125,19.35857662605691
1997-001,1997-05-15 18:00:00,8.0,90.5,0.0,1997-05-15 18:00:00,0.0,4.107598215341568e-05,-9.467126801609993e-06,-2.7401838451623917e-05,-5.946727469563484e-05,81.90525817871094,74.52517700195312,93.45892333984375,94.47454071044922,291.673828125,282.69921875,270.072021484375,221.4428253173828,13.324996948242188,13.763015747070312,11.6414794921875,-3.06170654296875,8.44683837890625,7.598876953125,8.774444580078125,4.0175323486328125,16.974769607234183
1997-001,1997-05-16 00:00:00,8.5,90.5,0.0,1997-05-16 00:00:00,0.0,1.2724194675683975e-05,-5.634268745779991e-06,6.716442294418812e-05,-1.6762176528573036e-05,89.12645721435547,80.30412292480469,92.56936645507812,97.58331298828125,291.56884765625,284.164794921875,270.73779296875,221.77320861816406,11.350509643554688,16.063339233398438,10.495925903320312,2.7974700927734375,0.48406982421875,3.7394256591796875,8.55950927734375,4.3115997314453125,9.370403979975576
1997-001,1997-05-16 03:00:00,9.0,90.5,0.0,1997-05-16 03:00:00,0.0,-3.282912075519562e-07,-1.3838056474924088e-05,2.8512440621852875e-06,3.148149698972702e-05,88.14860534667969,83.23711395263672,97.50914764404297,102.15504455566406,291.735595703125,283.923583984375,270.544677734375,222.01885986328125,8.646469116210938,6.0453338623046875,0.734130859375,0.4220733642578125,-1.7964019775390625,-2.1511688232421875,-1.1662445068359375,6.9950103759765625,12.038671714698916
1997-001,1997-05-16 06:00:00,9.2,90.5,0.0,1997-05-16 06:00:00,0.0,-2.4316832423210144e-05,-1.9191764295101166e-05,1.0032672435045242e-05,-5.072588101029396e-05,94.6577377319336,87.27751922607422,97.12663269042969,71.82511138916016,291.48388671875,284.09423828125,270.485595703125,222.52459716796875,11.59075927734375,7.9300994873046875,6.6162872314453125,-3.3920135498046875,-1.577972412109375,-1.20794677734375,-5.3052520751953125,5.1475982666015625,16.42305643125767
1997-001,1997-05-16 09:00:00,9.5,90.5,0.0,1997-05-16 09:00:00,0.0,-5.9246551245450974e-05,3.267056308686733e-05,1.0651769116520882e-05,-5.391193553805351e-06,100.243896484375,95.8522720336914,99.1555404663086,97.74205780029297,290.790283203125,283.690185546875,270.53173828125,222.60299682617188,18.89410400390625,13.294357299804688,10.493240356445312,-6.329803466796875,-5.34716796875,-5.08148193359375,-7.868896484375,5.996612548828125,27.65731123087669
1997-001,1997-05-16 12:00:00,10.0,91.0,0.0,1997-05-16 12:00:00,0.0,1.8075108528137207e-05,1.4622928574681282e-05,-3.921031020581722e-05,-2.0495383068919182e-05,93.24368286132812,85.33078002929688,92.16658782958984,49.05235290527344,292.401611328125,284.664794921875,270.63916015625,223.055908203125,13.190765380859375,13.04296875,5.5057525634765625,-6.1998443603515625,-2.8190460205078125,-0.7564849853515625,-2.8553314208984375,2.3282928466796875,20.062174447192994
1997-001,1997-05-16 18:00:00,10.5,91.3,0.0,1997-05-16 18:00:00,0.0,-8.80272127687931e-05,-5.955854430794716e-05,1.9741011783480644e-05,0.00015267031267285347,97.53933715820312,100.90013122558594,104.35212707519531,104.22312927246094,291.0224609375,283.8330078125,269.43505859375,223.4276580810547,27.793289184570312,20.015899658203125,13.576980590820312,-0.568756103515625,0.6244964599609375,-2.6087799072265625,0.7842864990234375,7.1930389404296875,29.112735413237285
1997-001,1997-05-17 00:00:00,11.0,91.4,0.0,1997-05-17 00:00:00,0.0,1.4371238648891449e-05,4.933122545480728e-05,-0.00015717069618403912,-2.6294030249118805e-05,78.08547973632812,72.29971313476562,95.2930679321289,97.80133819580078,290.907958984375,283.843017578125,270.6591796875,222.32638549804688,23.29150390625,15.838775634765625,15.675933837890625,7.2883758544921875,10.305404663085938,16.013168334960938,0.9309234619140625,1.9838409423828125,18.037420275601505
1997-001,1997-05-17 03:00:00,12.0,91.5,1.0,1997-05-17 03:00:00,0.0,-6.462936289608479e-05,-9.789061732590199e-05,6.877444684505463e-05,0.0002500221598893404,89.28854370117188,84.08902740478516,91.21575927734375,100.5684585571289,292.023193359375,284.8974609375,271.857421875,223.02500915527344,31.9530029296875,24.821762084960938,16.762588500976562,9.908340454101562,10.997024536132812,14.372833251953125,4.0847320556640625,-1.7617645263671875,25.4706466742381
1997-001,1997-05-17 06:00:00,13.0,91.5,0.0,1997-05-17 06:00:00,0.0,-1.683761365711689e-05,8.006859570741653e-05,7.020076736807823e-06,-4.138099029660225e-06,100.01260375976562,88.80825805664062,92.24873352050781,96.78414916992188,292.514404296875,285.960205078125,271.420654296875,225.94778442382812,26.96173095703125,22.70831298828125,18.886322021484375,8.0706787109375,2.0464324951171875,1.8849334716796875,12.083786010742188,6.3861846923828125,19.383119049789574
1997-001,1997-05-17 09:00:00,13.5,91.5,0.0,1997-05-17 09:00:00,0.0,8.000526577234268e-05,3.619189374148846e-05,4.227971658110619e-06,4.482921212911606e-06,90.70307159423828,66.7402572631836,63.136695861816406,96.02880859375,293.234619140625,287.669677734375,272.531005859375,223.64976501464844,30.791275024414062,21.326828002929688,13.717605590820312,19.025436401367188,11.27239990234375,15.247695922851562,24.861648559570312,10.911270141601562,11.771379409724048
1997-001,1997-05-17 12:00:00,14.0,91.0,0.0,1997-05-17 12:00:00,0.0,0.00012320210225880146,0.00013608182780444622,6.967363879084587e-05,-0.000278497114777565,100.20885467529297,95.84539031982422,81.34780883789062,92.94562530517578,292.7685546875,285.72802734375,274.1328125,224.9154815673828,35.222076416015625,29.55218505859375,23.428070068359375,14.379974365234375,-2.356903076171875,-2.1228179931640625,2.9230194091796875,12.600357055664062,25.65371022964493
1997-001,1997-05-17 18:00:00,15.0,91.0,0.0,1997-05-17 18:00:00,0.0,0.00014462927356362343,4.000798799097538e-05,2.6385532692074776e-05,-0.00013460544869303703,87.72267150878906,71.13800048828125,78.3775634765625,97.31887817382812,293.275634765625,287.296142578125,271.76318359375,224.96853637695312,35.43992614746094,27.611572265625,17.155914306640625,4.184600830078125,-1.433380126953125,4.2084808349609375,16.046600341796875,11.870285034179688,33.968851429139754
1997-001,1997-05-18 00:00:00,16.0,91.0,1.0,1997-05-18 00:00:00,0.0,0.00013297866098582745,-1.4974502846598625e-05,-5.512475036084652e-05,8.757202886044979e-05,77.95304870605469,64.92294311523438,64.50361633300781,98.2846450805664,293.347412109375,287.27783203125,272.809814453125,226.79815673828125,39.38871765136719,22.59521484375,14.34783935546875,21.9881591796875,20.538558959960938,23.302444458007812,30.0472412109375,8.282638549804688,21.28349173012803
1997-001,1997-05-18 03:00:00,16.5,90.5,0.0,1997-05-18 03:00:00,0.0,2.4898909032344818e-05,0.00020772451534867287,2.9733404517173767e-05,-0.00010078400373458862,98.38163757324219,95.798828125,82.69206237792969,100.73693084716797,293.31201171875,286.906494140625,272.5869140625,226.37860107421875,30.183517456054688,26.1884765625,24.919677734375,16.289794921875,3.037506103515625,3.0526123046875,6.8334503173828125,15.258026123046875,18.50342226196377
1997-001,1997-05-18 06:00:00,17.0,90.5,0.0,1997-05-18 06:00:00,0.0,0.00021793600171804428,0.0001631386112421751,-8.452753536403179e-05,-0.00010460615158081055,92.83119201660156,83.2237548828125,63.63465118408203,98.31072235107422,294.165283203125,288.13037109375,275.96044921875,225.7691192626953,29.622421264648438,27.612197875976562,14.400787353515625,15.747314453125,-0.8169708251953125,1.9970703125,17.396255493164062,16.051605224609375,21.841873705779648
1997-001,1997-05-18 09:00:00,17.5,90.5,0.0,1997-05-18 09:00:00,0.0,7.975543849170208e-05,8.869171142578125e-05,-5.150563083589077e-05,-4.224805161356926e-05,98.89756774902344,96.72877502441406,84.56690979003906,99.54949951171875,293.8603515625,287.061767578125,275.12744140625,225.7750244140625,19.869705200195312,18.4969482421875,9.890457153320312,12.822158813476562,-2.5101776123046875,0.209503173828125,10.118820190429688,14.490097045898438,18.40318582548402
1997-001,1997-05-18 12:00:00,18.0,90.5,0.0,1997-05-18 12:00:00,0.0,-0.00019246689043939114,-6.1891041696071625e-06,0.00010001263581216335,2.970593050122261e-05,96.68851470947266,95.6624755859375,96.6866226196289,98.44419860839844,294.723388671875,287.948486328125,274.53125,230.4007110595703,-0.5242462158203125,-1.2474365234375,1.391632080078125,12.880905151367188,-20.918350219726562,-16.037353515625,-6.63006591796875,0.0239105224609375,24.865163747117705
1997-003,1997-07-29 03:00:00,21.0,89.0,0.0,1997-07-29 03:00:00,0.0,8.14022496342659e-06,-3.4493859857320786e-06,2.1648593246936798e-05,1.257588155567646e-05,90.59353637695312,84.07520294189453,93.33456420898438,60.11680221557617,293.68798828125,285.97900390625,271.904052734375,225.94424438476562,-3.4174346923828125,-1.5740814208984375,-4.229583740234375,-8.92718505859375,4.37591552734375,5.8518829345703125,2.5606842041015625,1.6731109619140625,6.1369782154468435
1997-003,1997-07-29 06:00:00,21.0,89.0,0.0,1997-07-29 06:00:00,0.0,-1.2046657502651215e-06,4.787463694810867e-06,1.219077967107296e-05,1.1171912774443626e-05,94.26028442382812,81.14764404296875,89.08900451660156,56.857147216796875,293.497802734375,286.515625,272.117919921875,225.96888732910156,-2.8386993408203125,-1.72540283203125,-4.63507080078125,-11.874557495117188,7.6648406982421875,5.9001617431640625,5.2333526611328125,0.2148284912109375,11.711080841215638
1997-007,1997-09-23 03:00:00,15.5,82.5,0.0,1997-09-23 03:00:00,0.0,1.237425021827221e-05,-1.4605466276407242e-06,-8.564372546970844e-05,3.2619573175907135e-05,86.13287353515625,76.63768005371094,89.67506408691406,100.61711120605469,292.470947265625,283.888427734375,270.1387939453125,222.61595153808594,2.13525390625,4.7354888916015625,4.336090087890625,-2.969970703125,4.687774658203125,6.8605499267578125,15.941314697265625,5.674041748046875,5.199619321130825
1997-007,1997-09-23 06:00:00,16.0,82.5,0.0,1997-09-23 06:00:00,0.0,1.6307458281517029e-06,2.516200765967369e-05,-2.989545464515686e-06,4.7959620133042336e-05,89.92655181884766,70.72062683105469,76.10465240478516,96.21586608886719,292.107177734375,284.9169921875,270.439453125,222.45643615722656,-3.7115936279296875,-3.7203521728515625,-0.4261322021484375,-2.6661376953125,1.8642425537109375,6.480072021484375,16.853530883789062,5.53466796875,3.816412036770813
1997-007,1997-09-23 09:00:00,16.0,82.5,0.0,1997-09-23 09:00:00,0.0,-1.1556083336472511e-05,3.551947884261608e-05,-1.4819670468568802e-05,-1.630745828151703e-05,89.84569549560547,67.72586822509766,65.19436645507812,83.14797973632812,292.38134765625,285.177978515625,271.72021484375,222.99871826171875,-4.8038787841796875,-2.07891845703125,2.2922821044921875,-6.2816925048828125,0.226287841796875,5.1892852783203125,12.203781127929688,2.8070526123046875,2.973933454835978
1997-007,1997-09-23 12:00:00,16.0,82.5,0.0,1997-09-23 12:00:00,0.0,1.3033393770456314e-05,-1.232675276696682e-05,4.255678504705429e-06,-1.836777664721012e-05,93.15689849853516,73.11976623535156,51.840354919433594,75.2864990234375,292.171142578125,285.0966796875,271.8289794921875,223.18894958496094,-3.415130615234375,-3.4908905029296875,-2.879547119140625,-4.3582916259765625,0.0159149169921875,3.1493377685546875,6.091156005859375,-1.236572265625,1.5678892929044974
1997-007,1997-09-23 18:00:00,16.0,82.5,0.0,1997-09-23 18:00:00,0.0,-1.5109311789274216e-05,1.0058749467134476e-05,7.480778731405735e-05,2.1237414330244064e-05,94.14176940917969,79.26591491699219,69.38497924804688,83.43617248535156,292.1201171875,285.041259765625,271.4351806640625,223.27088928222656,-1.3591461181640625,-1.8415679931640625,-1.471435546875,-4.8770751953125,-1.740631103515625,1.161865234375,4.185089111328125,1.0560760498046875,4.49415129844106
1997-007,1997-09-24 00:00:00,16.5,82.5,0.0,1997-09-24 00:00:00,0.0,-4.311441443860531e-05,-3.291177563369274e-05,-5.3030671551823616e-05,0.00017228326760232449,96.75621032714844,96.35724639892578,104.39022827148438,102.64961242675781,292.127685546875,284.37744140625,269.3282470703125,224.42987060546875,-6.0601043701171875,-6.04888916015625,-8.338241577148438,-2.786468505859375,-7.40478515625,-3.6583099365234375,-0.45465087890625,9.7991943359375,17.51266976047236
1997-007,1997-09-24 03:00:00,16.5,82.5,0.0,1997-09-24 03:00:00,0.0,-2.1481653675436974e-05,0.00015770853497087955,-0.000133241293951869,5.975551903247833e-05,97.0821762084961,86.52183532714844,101.2279281616211,98.66122436523438,292.40380859375,284.365478515625,271.0732421875,224.0339813232422,-8.418380737304688,-3.17730712890625,-1.074737548828125,3.103607177734375,-5.9234619140625,-1.3130340576171875,5.3620758056640625,10.629531860351562,20.16823761289263
1997-007,1997-09-24 06:00:00,16.5,82.5,0.0,1997-09-24 06:00:00,0.0,8.519971743226051e-05,-9.680399671196938e-06,-3.593158908188343e-05,-1.4560995623469353e-05,93.36068725585938,75.05989837646484,97.50691223144531,98.77173614501953,293.32177734375,284.826416015625,271.3758544921875,224.1025390625,-6.4841461181640625,-4.7515106201171875,-2.536590576171875,-1.1594390869140625,-3.4940948486328125,-0.4408721923828125,-0.156097412109375,10.809860229492188,15.262884257100987
1997-007,1997-09-24 09:00:00,16.5,82.7,0.0,1997-09-24 09:00:00,0.0,6.675301119685173e-05,7.287715561687946e-05,-0.00014198850840330124,0.00011114240624010563,85.33651733398438,67.35736846923828,90.00900268554688,101.492919921875,293.702392578125,285.8916015625,270.9345703125,224.48248291015625,2.1982421875,7.3691558837890625,14.190567016601562,0.5574188232421875,-5.735198974609375,-1.5251617431640625,3.881591796875,3.7916717529296875,9.667138520365526
1997-007,1997-09-24 12:00:00,16.7,82.9,0.0,1997-09-24 12:00:00,0.0,4.796730354428291e-05,-6.51809386909008e-05,4.270975477993488e-05,7.929885759949684e-05,90.2369384765625,78.73672485351562,85.11182403564453,98.63972473144531,293.344482421875,285.57666015625,271.593994140625,224.04595947265625,3.965362548828125,5.8505859375,10.350753784179688,2.2524871826171875,-1.8787384033203125,3.1981353759765625,8.203079223632812,3.831634521484375,5.961736404816527
1997-007,1997-09-24 18:00:00,16.7,82.9,0.0,1997-09-24 18:00:00,0.0,-3.3099204301834106e-06,1.3140030205249786e-05,1.2207310646772385e-05,3.86267201974988e-05,100.3438949584961,87.13556671142578,81.75723266601562,106.25827026367188,292.482421875,284.91552734375,271.43310546875,224.09341430664062,9.66326904296875,9.8895263671875,7.0926055908203125,-0.71771240234375,0.749481201171875,1.283599853515625,6.4741668701171875,4.3665618896484375,10.99309094271818
1997-007,1997-09-25 00:00:00,17.3,83.6,0.0,1997-09-25 00:00:00,0.0,3.870483487844467e-05,7.874332368373871e-06,-9.875046089291573e-06,-0.0001374442654196173,93.02603149414062,84.02649688720703,72.99603271484375,101.78499603271484,292.997802734375,285.441162109375,272.018310546875,223.35552978515625,3.6666412353515625,2.7281341552734375,4.8390350341796875,-9.971664428710938,2.06036376953125,4.2457427978515625,11.82421875,4.578582763671875,13.868843076798075
1997-007,1997-09-25 03:00:00,17.3,83.7,0.0,1997-09-25 03:00:00,0.0,3.044051118195057e-05,-1.0644551366567612e-05,-1.19074247777462e-05,-0.00012806430459022522,94.68733215332031,99.12265014648438,80.58221435546875,110.15621948242188,292.944091796875,285.54541015625,272.309814453125,223.29917907714844,0.9830474853515625,3.6702423095703125,8.470291137695312,-11.979446411132812,1.77777099609375,4.3910369873046875,8.926681518554688,6.3330230712890625,13.739598592570522
1997-007,1997-09-25 06:00:00,17.7,84.0,0.0,1997-09-25 06:00:00,0.0,-3.1707342714071274e-05,-2.3298198357224464e-05,1.325993798673153e-05,-4.978431388735771e-05,95.44075775146484,97.95610809326172,97.72438049316406,81.09754180908203,292.58251953125,285.311279296875,271.580322265625,223.3363800048828,-3.544891357421875,-1.0215301513671875,0.51531982421875,-11.221832275390625,-7.887725830078125,-3.0654449462890625,2.8518829345703125,7.1158294677734375,16.853548392954895
1997-007,1997-09-25 09:00:00,18.0,84.5,0.0,1997-09-25 09:00:00,0.0,1.5170080587267876e-05,-4.124012775719166e-05,2.675713039934635e-05,-0.00015475694090127945,95.52813720703125,93.99457550048828,99.02233123779297,93.1189193725586,292.966552734375,285.819580078125,271.572509765625,223.71266174316406,0.6334991455078125,4.029693603515625,2.4682464599609375,-0.467559814453125,-5.156829833984375,-2.757965087890625,6.897796630859375,8.954269409179688,14.1539906981648
1997-007,1997-09-25 12:00:00,18.0,85.0,0.0,1997-09-25 12:00:00,0.0,1.2962846085429192e-05,-1.698918640613556e-05,5.3751980885863304e-05,-0.00019036419689655304,92.40492248535156,87.66665649414062,79.91171264648438,105.79549407958984,293.33251953125,286.1123046875,272.174560546875,224.8114776611328,6.399261474609375,8.759231567382812,11.709884643554688,-11.887115478515625,-4.713714599609375,-2.19085693359375,7.864837646484375,9.692520141601562,23.279415402682563
1997-007,1997-09-25 18:00:00,19.5,87.0,0.0,1997-09-25 18:00:00,0.0,1.1400086805224419e-05,-3.951089456677437e-05,3.7895748391747475e-05,2.6470283046364784e-05,99.03233337402344,79.11782836914062,73.70921325683594,100.54869842529297,292.663818359375,285.692626953125,271.7119140625,224.85223388671875,-2.803192138671875,-1.8730316162109375,-0.055145263671875,-2.8884429931640625,11.0250244140625,11.513046264648438,10.138214111328125,4.080352783203125,6.945194869019491
1997-008,1997-11-04 03:00:00,12.5,98.0,0.0,1997-11-04 03:00:00,0.0,-9.994767606258392e-05,0.00029567768797278404,9.390292689204216e-06,1.4527933672070503e-05,99.97042846679688,96.4249496459961,96.31690216064453,101.01174926757812,288.93896484375,282.896240234375,270.21435546875,221.4848175048828,-14.80865478515625,-8.708343505859375,2.5054931640625,-8.189468383789062,-6.183441162109375,3.3118743896484375,-4.898101806640625,3.0025177001953125,11.322343787219955
1997-008,1997-11-04 06:00:00,13.0,97.2,0.0,1997-11-04 06:00:00,0.0,0.0001657828688621521,3.307592123746872e-05,2.7470523491501808e-05,0.00012596044689416885,98.20410919189453,93.29335021972656,89.27609252929688,101.21858215332031,289.56689453125,283.195556640625,269.20751953125,221.57310485839844,-17.851516723632812,-8.406097412109375,4.002166748046875,-4.5402069091796875,-0.488372802734375,-1.7799835205078125,-6.848480224609375,2.04876708984375,13.55094269085614
1997-008,1997-11-04 12:00:00,13.5,96.5,0.0,1997-11-04 12:00:00,0.0,3.5320408642292023e-07,8.483417332172394e-06,-6.182119250297546e-06,2.0191073417663574e-05,97.15388488769531,92.47491455078125,84.20156860351562,102.92742919921875,290.716552734375,283.3603515625,270.056396484375,220.77821350097656,-11.508392333984375,-6.8275299072265625,-0.0896148681640625,-0.916290283203125,5.493621826171875,5.6160125732421875,-2.02545166015625,4.2940673828125,10.6598103508809
1997-008,1997-11-04 18:00:00,14.0,96.0,0.0,1997-11-04 18:00:00,0.0,-2.116127870976925e-05,2.7047237381339073e-05,5.0678616389632225e-05,-5.407724529504776e-05,96.00041961669922,96.58272552490234,100.47789001464844,101.77763366699219,290.885009765625,282.652587890625,270.718017578125,221.1588134765625,-8.13641357421875,-7.187713623046875,-2.3818206787109375,-2.174530029296875,12.921051025390625,13.118392944335938,7.613372802734375,4.0047454833984375,10.72588271059174
1997-008,1997-11-05 00:00:00,14.0,95.0,0.0,1997-11-05 00:00:00,0.0,-4.035886377096176e-05,-5.085626617074013e-05,-9.266333654522896e-05,0.0004044477827847004,98.57984924316406,97.08123016357422,102.09558868408203,109.45760345458984,291.05908203125,283.3251953125,268.526123046875,222.3772735595703,-0.7790069580078125,0.6471099853515625,-1.4689788818359375,-2.599395751953125,11.712539672851562,10.532577514648438,4.9381103515625,-3.5789337158203125,15.399447189999444
1997-008,1997-11-05 03:00:00,14.0,95.0,0.0,1997-11-05 03:00:00,0.0,-6.394716911017895e-05,1.7690937966108322e-05,-0.00011386885307729244,0.0002226273063570261,96.38043975830078,100.20304870605469,106.94416046142578,98.19535064697266,290.957763671875,281.906005859375,268.137939453125,223.00796508789062,-4.515380859375,-2.307037353515625,6.0485992431640625,-1.097381591796875,14.315841674804688,12.915191650390625,7.5407867431640625,2.6099700927734375,12.194677055509564
1997-008,1997-11-05 06:00:00,14.0,95.0,0.0,1997-11-05 06:00:00,0.0,-0.0001269106287509203,-6.862031295895576e-05,4.315073601901531e-05,0.00014705932699143887,96.57144165039062,100.22443389892578,103.23040771484375,99.07994079589844,290.41748046875,282.324951171875,267.80078125,223.24777221679688,-4.99395751953125,-0.685089111328125,8.664215087890625,1.6144561767578125,15.561141967773438,14.565780639648438,9.558700561523438,5.0451202392578125,12.420058155093866
1997-008,1997-11-05 12:00:00,14.5,94.0,0.0,1997-11-05 12:00:00,0.0,-6.40437938272953e-05,7.59446993470192e-05,3.726198337972164e-05,9.73707064986229e-05,98.3565673828125,100.37382507324219,86.32215118408203,99.99427795410156,291.169189453125,282.925048828125,269.84033203125,222.58914184570312,-2.801300048828125,0.348175048828125,-0.269439697265625,1.681732177734375,15.936126708984375,12.286270141601562,-1.3852386474609375,3.2527008056640625,13.452392745880363
1997-008,1997-11-05 18:00:00,14.5,94.0,0.0,1997-11-05 18:00:00,0.0,-4.72476240247488e-05,-1.83123629540205e-05,-4.0375394746661186e-05,-1.597730442881584e-05,98.92005157470703,82.88227844238281,100.87531280517578,98.48242950439453,290.140380859375,282.998046875,270.033447265625,220.82240295410156,-1.8507232666015625,3.9951171875,0.815704345703125,3.7700347900390625,19.155548095703125,12.507186889648438,10.895584106445312,3.2680206298828125,16.85249091702723
1997-008,1997-11-06 00:00:00,14.5,93.5,0.0,1997-11-06 00:00:00,0.0,-2.9089394956827164e-05,-1.5813857316970825e-06,1.4833873137831688e-05,2.224021591246128e-05,95.73721313476562,88.95526885986328,88.85606384277344,103.1172103881836,290.397705078125,282.06640625,268.50830078125,221.71304321289062,1.955078125,5.5972137451171875,10.2266845703125,0.3981170654296875,17.227249145507812,12.135299682617188,6.5377044677734375,-3.8091278076171875,21.093915782874145
1997-008,1997-11-06 03:00:00,15.0,93.5,0.0,1997-11-06 03:00:00,0.0,-3.2973941415548325e-05,1.0398682206869125e-05,9.362702257931232e-05,-5.173194222152233e-05,93.29309844970703,81.67296600341797,97.78238677978516,98.44432830810547,290.494140625,281.819580078125,268.89306640625,221.9943084716797,-3.8282928466796875,-0.5043487548828125,5.75,1.642852783203125,15.936309814453125,9.826766967773438,3.8661651611328125,8.9842529296875,8.846724220433398
1997-008,1997-11-06 06:00:00,15.0,93.0,0.0,1997-11-06 06:00:00,0.0,-7.151393219828606e-06,-7.651234045624733e-05,5.192309617996216e-05,3.140466287732124e-05,97.54489135742188,73.86802673339844,94.87211608886719,100.86441040039062,290.4453125,282.6650390625,268.698974609375,221.58328247070312,-1.93017578125,0.639190673828125,4.1084747314453125,5.9672393798828125,16.350555419921875,10.168014526367188,7.2930450439453125,11.10772705078125,9.47926239406612
1997-008,1997-11-06 09:00:00,15.0,92.0,0.0,1997-11-06 09:00:00,0.0,-3.2646581530570984e-05,-9.479699656367302e-06,4.0121376514434814e-06,1.0939082130789757e-05,95.39404296875,93.63990783691406,80.37698364257812,98.44990539550781,291.795166015625,283.400146484375,269.118896484375,222.44036865234375,2.354095458984375,3.0920867919921875,8.110198974609375,1.96893310546875,11.773269653320312,7.8916473388671875,-0.0254974365234375,7.30108642578125,4.4887384485228585
1997-008,1997-11-06 12:00:00,15.0,92.0,0.0,1997-11-06 12:00:00,0.0,3.3588847145438194e-05,-1.8019694834947586e-05,3.2353680580854416e-05,-4.2943982407450676e-05,85.42838287353516,73.39883422851562,78.34349060058594,99.5405044555664,292.184814453125,284.083740234375,269.197265625,221.17149353027344,0.1337127685546875,0.377288818359375,6.012847900390625,5.616455078125,11.720840454101562,6.7186431884765625,-0.2357025146484375,5.744415283203125,8.110371203372926
1997-008,1997-11-06 18:00:00,15.2,92.2,0.0,1997-11-06 18:00:00,0.0,-5.7885656133294106e-05,3.275764174759388e-05,-1.4525838196277618e-05,7.451698184013367e-05,100.30756378173828,84.27802276611328,79.88591003417969,100.87814331054688,290.50732421875,282.928955078125,268.927978515625,221.5949249267578,-3.832611083984375,0.478057861328125,-1.2206268310546875,7.8089599609375,11.61651611328125,7.6184539794921875,0.685333251953125,6.95819091796875,12.538986004428214
1997-008,1997-11-07 00:00:00,15.5,92.2,0.0,1997-11-07 00:00:00,0.0,7.6035503298044205e-06,4.760292358696461e-05,-5.7252589613199234e-05,-1.1373776942491531e-05,89.1436996459961,74.79164123535156,95.77733612060547,96.94493103027344,290.936279296875,282.27490234375,268.874755859375,221.59274291992188,-2.6973114013671875,-1.0088043212890625,4.766387939453125,5.8481292724609375,7.4754638671875,5.333282470703125,1.8297271728515625,11.816970825195312,9.585052893768836
1997-008,1997-11-07 03:00:00,15.5,91.5,0.0,1997-11-07 03:00:00,0.0,-2.1447427570819855e-05,-5.370704457163811e-06,2.9728049412369728e-05,1.5457626432180405e-06,90.52217864990234,75.54243469238281,53.11882781982422,103.30399322509766,290.71923828125,283.11328125,268.981689453125,221.33705139160156,-2.8689117431640625,-1.243927001953125,3.063507080078125,7.263031005859375,7.8101043701171875,5.363555908203125,-0.7266387939453125,9.451187133789062,10.263986384768325
1997-008,1997-11-07 06:00:00,15.5,91.5,0.0,1997-11-07 06:00:00,0.0,-3.1350646167993546e-06,-2.0281877368688583e-06,-1.5699071809649467e-05,2.9963208362460136e-05,95.46575927734375,79.03550720214844,49.057891845703125,102.43824005126953,290.572998046875,282.9033203125,269.11083984375,220.68997192382812,-0.090057373046875,-0.7858734130859375,3.9007110595703125,3.876190185546875,9.574462890625,6.652374267578125,-1.742889404296875,6.473175048828125,5.034789565982674
1997-008,1997-11-07 09:00:00,15.5,91.5,0.0,1997-11-07 09:00:00,0.0,-1.0651303455233574e-05,-3.111083060503006e-06,-1.772399991750717e-05,2.2301217541098595e-05,98.28960418701172,73.03572082519531,62.17275619506836,99.36463165283203,290.740478515625,283.69189453125,268.58642578125,221.55523681640625,3.1898040771484375,1.8781890869140625,4.0849761962890625,2.0073089599609375,9.34442138671875,5.940093994140625,-0.684234619140625,5.9968719482421875,3.550265052811836
1997-008,1997-11-07 12:00:00,15.5,91.5,0.0,1997-11-07 12:00:00,0.0,-3.531551919877529e-05,3.216019831597805e-05,-1.8209218978881836e-05,1.2402655556797981e-05,92.29717254638672,77.92353820800781,61.699893951416016,94.88455200195312,290.7451171875,283.14599609375,268.441162109375,221.0669708251953,2.2107086181640625,3.041473388671875,2.05303955078125,7.487396240234375,8.1507568359375,6.53564453125,-2.7041168212890625,2.05804443359375,8.06006058777373
1997-008,1997-11-07 18:00:00,15.5,91.5,0.0,1997-11-07 18:00:00,0.0,-2.8250738978385925e-05,6.584450602531433e-07,-4.473607987165451e-06,-1.7144018784165382e-05,100.82553100585938,79.00520324707031,50.289737701416016,102.59910583496094,290.333984375,282.827880859375,269.494384765625,220.90267944335938,2.6305999755859375,4.5050048828125,5.0198211669921875,5.7575225830078125,11.121871948242188,5.2136077880859375,-1.2924041748046875,4.931549072265625,6.935253585965315
1997-008,1997-11-08 00:00:00,15.5,91.5,0.0,1997-11-08 00:00:00,0.0,-2.9543880373239517e-06,1.9494211301207542e-05,-1.234724186360836e-05,3.867084160447121e-06,90.16525268554688,70.47986602783203,33.08761978149414,108.32521057128906,290.737060546875,282.9677734375,268.072998046875,220.29747009277344,2.382080078125,3.936614990234375,5.3251495361328125,7.9052276611328125,8.8551025390625,4.4095001220703125,-1.1351470947265625,-0.016082763671875,10.450028129107377
1997-008,1997-11-08 03:00:00,15.5,91.0,0.0,1997-11-08 03:00:00,0.0,-1.5152618288993835e-06,7.858499884605408e-06,2.1330779418349266e-05,-9.253621101379395e-06,97.72935485839844,64.51205444335938,33.16157531738281,73.20032501220703,290.671875,283.682861328125,268.226806640625,220.36834716796875,1.951385498046875,2.75531005859375,2.7472381591796875,11.535507202148438,6.45343017578125,1.86602783203125,-0.93743896484375,4.9007720947265625,9.709074927906112
1997-008,1997-11-08 06:00:00,15.5,90.5,0.0,1997-11-08 06:00:00,0.0,4.033790901303291e-06,2.9407208785414696e-05,1.7343554645776749e-06,-2.3123575374484062e-05,96.94804382324219,53.98894119262695,7.664952278137207,67.13677978515625,291.149658203125,284.026123046875,268.44873046875,220.07008361816406,2.9424896240234375,2.6249237060546875,3.015228271484375,11.267318725585938,4.240631103515625,-2.3372802734375,-1.53265380859375,3.30517578125,8.377222465123927
1997-008,1997-11-08 09:00:00,15.5,90.5,0.0,1997-11-08 09:00:00,0.0,-4.174374043941498e-05,1.72292347997427e-05,9.262003004550934e-07,-7.490161806344986e-07,95.0947036743164,57.00184631347656,7.940101623535156,54.71485137939453,291.04248046875,283.9736328125,268.312255859375,220.31944274902344,3.4149017333984375,4.1383819580078125,3.793121337890625,11.024017333984375,1.9088897705078125,-1.996612548828125,-1.631591796875,0.8772430419921875,7.678732655558291
1998-001,1998-05-17 12:00:00,14.5,88.0,0.0,1998-05-17 12:00:00,0.0,-2.5254907086491585e-05,-4.2367959395051e-05,2.4315668269991875e-05,-3.699655644595623e-05,92.94095611572266,84.45575714111328,80.86351013183594,99.43062591552734,292.97802734375,285.818115234375,271.72119140625,227.08914184570312,3.86077880859375,4.5863037109375,5.89501953125,-0.3094635009765625,16.68341064453125,14.25689697265625,13.62664794921875,8.257827758789062,9.40113652092352
1998-001,1998-05-17 18:00:00,15.0,88.5,0.0,1998-05-17 18:00:00,0.0,-5.7371798902750015e-06,-9.945128113031387e-06,8.863164111971855e-06,8.126231841742992e-05,91.66803741455078,72.4646987915039,73.9411392211914,101.36211395263672,293.710205078125,285.97607421875,272.078369140625,225.6420135498047,1.8141326904296875,2.1474456787109375,6.9243316650390625,-1.1507415771484375,17.8546142578125,15.1363525390625,14.721298217773438,3.732574462890625,14.429916402803725
1998-001,1998-05-18 00:00:00,15.0,88.5,0.0,1998-05-18 00:00:00,0.0,3.0292198061943054e-05,-9.09809023141861e-06,4.906696267426014e-05,-4.359288141131401e-05,95.00716400146484,86.53303527832031,94.59768676757812,94.53367614746094,293.693603515625,286.77197265625,272.17041015625,225.67037963867188,3.030364990234375,0.6249237060546875,4.78399658203125,1.01910400390625,10.236679077148438,10.112075805664062,12.313079833984375,6.1602325439453125,4.545611850256174
1998-001,1998-05-18 03:00:00,15.5,88.5,0.0,1998-05-18 03:00:00,0.0,-1.6948208212852478e-05,2.000667154788971e-05,-1.8513062968850136e-05,-2.4147331714630127e-05,92.96197509765625,84.28716278076172,92.13927459716797,97.63187408447266,293.92431640625,286.78369140625,272.2568359375,226.08029174804688,1.055633544921875,0.4334259033203125,6.416412353515625,-2.30255126953125,3.087921142578125,4.241851806640625,5.681793212890625,6.23516845703125,4.602452705499099
1998-001,1998-05-18 06:00:00,16.0,88.5,0.0,1998-05-18 06:00:00,0.0,1.199706457555294e-05,7.33276829123497e-06,-9.517651051282883e-06,4.0601007640361786e-05,93.02802276611328,82.89309692382812,76.69601440429688,105.06481170654297,294.07763671875,286.818115234375,272.23583984375,227.147705078125,1.634552001953125,0.936279296875,6.179229736328125,-3.3967437744140625,1.7100372314453125,1.714508056640625,-4.32647705078125,4.2158050537109375,5.620748132445725
1998-001,1998-05-18 12:00:00,17.0,89.5,0.0,1998-05-18 12:00:00,0.0,6.327405571937561e-06,3.0291033908724785e-05,-4.870002157986164e-05,-3.411085344851017e-05,96.93415069580078,73.99092864990234,38.694786071777344,101.68605041503906,293.620849609375,287.265869140625,274.097412109375,227.0165557861328,0.0036468505859375,2.90570068359375,15.100875854492188,-0.98687744140625,4.5958404541015625,-0.3505401611328125,4.4549407958984375,4.2654571533203125,1.0441702440032172
1998-001,1998-05-18 18:00:00,18.0,89.5,0.0,1998-05-18 18:00:00,0.0,2.162996679544449e-06,1.8236925825476646e-05,6.459187716245651e-06,-3.764033317565918e-05,87.06196594238281,69.9122314453125,55.33087921142578,101.36620330810547,294.822998046875,287.52099609375,272.9765625,227.79757690429688,6.9329833984375,6.463623046875,14.8128662109375,-2.890167236328125,-0.17529296875,-0.467742919921875,9.0125732421875,-2.056610107421875,10.001681987023824
1998-001,1998-05-19 00:00:00,19.0,90.0,0.0,1998-05-19 00:00:00,0.0,1.489417627453804e-06,1.757219433784485e-05,-1.0769348591566086e-05,-2.520950511097908e-05,94.08635711669922,80.91747283935547,96.01561737060547,94.67646789550781,294.350830078125,285.60107421875,272.064208984375,228.20765686035156,7.62786865234375,8.052932739257812,10.654159545898438,1.2684326171875,4.150390625,5.349853515625,12.781631469726562,9.124832153320312,8.073877333965482
1998-006,1998-10-13 12:00:00,15.5,82.5,0.0,1998-10-13 12:00:00,0.0,2.2815074771642685e-06,-2.817949280142784e-05,1.4543300494551659e-05,-3.772694617509842e-05,89.6162109375,87.98046112060547,91.38489532470703,105.70040130615234,292.320556640625,284.35107421875,269.869140625,223.71713256835938,-7.607940673828125,-8.190231323242188,-10.403976440429688,-10.183731079101562,-1.38348388671875,0.0187835693359375,0.87078857421875,-3.759185791015625,3.5040912873352057
1998-007,1998-10-26 12:00:00,11.5,88.5,0.0,1998-10-26 12:00:00,0.0,3.970460966229439e-06,4.773843102157116e-05,-0.00012019299902021885,-1.9236700609326363e-05,90.82475280761719,81.14753723144531,95.65538024902344,99.43232727050781,290.741455078125,283.179443359375,268.65234375,221.0282745361328,0.162200927734375,-3.6436309814453125,-6.36907958984375,-8.967010498046875,-5.8108367919921875,-1.5146636962890625,1.3728790283203125,1.566741943359375,11.737596400154782
1998-007,1998-10-26 18:00:00,12.0,88.0,0.0,1998-10-26 18:00:00,0.0,-2.2429972887039185e-05,2.3012980818748474e-05,1.0496703907847404e-05,4.0794722735881805e-05,92.77897644042969,89.3564453125,99.08828735351562,100.62076568603516,290.5478515625,282.491455078125,268.528076171875,220.0556640625,-3.3205718994140625,-2.5657958984375,-8.2259521484375,-9.926361083984375,-5.148223876953125,-2.5613250732421875,0.7888946533203125,1.8670196533203125,9.635875286658157
1998-007,1998-10-27 00:00:00,12.0,88.0,0.0,1998-10-27 00:00:00,0.0,3.296881914138794e-06,-3.261934034526348e-05,-1.2153759598731995e-06,2.0633917301893234e-05,91.79789733886719,84.82171630859375,97.880615234375,101.1415786743164,290.669921875,282.631591796875,269.04931640625,219.95928955078125,-3.3974761962890625,-1.7689971923828125,-10.581649780273438,-11.397918701171875,-3.8583984375,-1.8461761474609375,-0.0684967041015625,4.048309326171875,11.248249105262769
1998-007,1998-10-27 03:00:00,12.0,88.0,0.0,1998-10-27 03:00:00,0.0,-3.5208649933338165e-06,-1.615099608898163e-05,-5.3673284128308296e-05,-2.316664904356003e-06,95.25157165527344,86.86322021484375,97.3440170288086,102.27120208740234,290.515380859375,282.566650390625,268.673828125,220.1844940185547,-3.4950408935546875,-1.5783233642578125,-11.015960693359375,-10.268875122070312,-2.2521209716796875,-1.0350799560546875,-0.301177978515625,1.5903778076171875,7.787787042819535
1998-007,1998-10-27 06:00:00,12.5,87.0,0.0,1998-10-27 06:00:00,0.0,1.0766787454485893e-05,2.229306846857071e-05,-4.934635944664478e-05,-3.673136234283447e-05,90.34719848632812,79.83192443847656,99.07322692871094,100.0890884399414,290.826171875,282.660888671875,269.063720703125,220.24078369140625,-5.2681884765625,-6.1568450927734375,-9.5426025390625,-5.7430419921875,-4.004669189453125,-4.34356689453125,-0.2751312255859375,2.7744598388671875,6.795739565633495
1998-007,1998-10-27 12:00:00,13.0,87.0,0.0,1998-10-27 12:00:00,0.0,1.852959394454956e-05,-5.0590839236974716e-05,-6.027589552104473e-05,-1.9641593098640442e-05,92.03546142578125,82.89315795898438,98.93350219726562,100.60326385498047,291.0517578125,283.25927734375,270.033447265625,221.4558563232422,-8.22100830078125,-11.190582275390625,-13.80084228515625,-8.435531616210938,-2.40087890625,-0.421295166015625,-0.72088623046875,-0.2013092041015625,2.2100061374286524
1998-007,1998-10-27 18:00:00,13.0,86.0,0.0,1998-10-27 18:00:00,0.0,-2.244417555630207e-05,-3.23255080729723e-05,3.574625588953495e-05,2.623116597533226e-05,95.80928039550781,80.93917846679688,100.32880401611328,100.71821594238281,290.663330078125,283.462646484375,269.788330078125,220.44149780273438,-9.417770385742188,-10.429031372070312,-8.9429931640625,-11.498077392578125,-4.239044189453125,-1.114776611328125,1.0124969482421875,1.8555755615234375,6.439880988937941
1998-007,1998-10-28 00:00:00,13.0,85.5,0.0,1998-10-28 00:00:00,0.0,-7.192371413111687e-06,-1.1496944352984428e-05,2.0683277398347855e-05,4.5040855184197426e-05,92.62450408935547,85.69499206542969,99.49087524414062,98.60961151123047,290.8662109375,283.266845703125,269.48828125,220.9569854736328,-7.5368499755859375,-4.9598236083984375,-7.1920928955078125,-12.498428344726562,0.8607940673828125,3.0399627685546875,3.7456817626953125,0.7657012939453125,4.962489551493704
1998-007,1998-10-28 03:00:00,13.0,85.0,0.0,1998-10-28 03:00:00,0.0,-1.5458790585398674e-05,1.1092983186244965e-05,5.218922160565853e-05,1.7413869500160217e-05,92.01644897460938,87.69466400146484,96.5469741821289,105.97016143798828,290.957275390625,283.392333984375,269.61962890625,221.02944946289062,-6.20306396484375,-4.313629150390625,-5.567962646484375,-12.207260131835938,1.0254974365234375,2.5839080810546875,2.77655029296875,0.90557861328125,6.005393587092478
1998-007,1998-10-28 06:00:00,13.0,84.5,0.0,1998-10-28 06:00:00,0.0,6.056623533368111e-06,8.13906081020832e-06,1.9882339984178543e-05,-6.839283742010593e-05,90.9462661743164,85.76478576660156,78.1903076171875,94.75698852539062,291.2412109375,283.766845703125,270.208251953125,220.67042541503906,-4.3919219970703125,-3.6811065673828125,-6.57830810546875,-8.62158203125,0.8329010009765625,2.693206787109375,4.343353271484375,2.7869110107421875,4.659203700526644
1998-008,1998-11-13 12:00:00,13.0,87.5,0.0,1998-11-13 12:00:00,0.0,-2.0344741642475128e-05,-1.4207558706402779e-05,2.4118227884173393e-05,3.277580253779888e-05,98.60469818115234,85.59463500976562,92.72048950195312,106.31627655029297,290.601806640625,283.703369140625,269.67578125,220.33445739746094,-9.510513305664062,-8.373092651367188,-4.4894561767578125,-8.788040161132812,5.5962371826171875,6.981170654296875,8.65313720703125,2.4758453369140625,3.2029381379132857
1998-008,1998-11-14 03:00:00,13.5,86.5,1.0,1998-11-14 03:00:00,0.0,2.192799001932144e-06,1.0114163160324097e-06,1.7966842278838158e-05,-5.267607048153877e-05,91.92512512207031,89.64232635498047,61.87367630004883,101.2886734008789,292.041015625,284.6015625,271.04443359375,221.95545959472656,0.302093505859375,0.367828369140625,1.64288330078125,-4.118804931640625,3.205078125,4.3548431396484375,9.497146606445312,2.9698638916015625,4.42715131097675
1998-008,1998-11-14 06:00:00,14.0,86.0,1.0,1998-11-14 06:00:00,0.0,-1.0392861440777779e-05,4.844041541218758e-06,-5.401903763413429e-06,1.1816620826721191e-05,91.92857360839844,86.59898376464844,54.76371765136719,99.403076171875,292.00146484375,284.658203125,271.734130859375,221.81753540039062,-0.6406707763671875,0.1224517822265625,-2.6402435302734375,-5.4235076904296875,1.07000732421875,3.778411865234375,11.480056762695312,3.005340576171875,5.159558483304008
1998-008,1998-11-14 09:00:00,14.0,86.0,1.0,1998-11-14 09:00:00,0.0,9.084586054086685e-06,7.974682375788689e-06,-3.0827242881059647e-05,-2.971617504954338e-05,90.44147491455078,79.00350189208984,51.34160614013672,102.11517333984375,292.3359375,285.3515625,271.725341796875,222.49807739257812,2.3046417236328125,5.474395751953125,-1.1783599853515625,-2.992950439453125,1.44775390625,1.7779541015625,13.123428344726562,1.0225982666015625,5.314625108539117
1998-009,1998-11-19 03:00:00,12.0,92.5,0.0,1998-11-19 03:00:00,0.0,2.2540101781487465e-05,-2.511916682124138e-05,-6.131595000624657e-06,3.706640563905239e-05,91.79277038574219,70.60279846191406,61.43809509277344,95.45126342773438,292.734375,284.445556640625,269.207763671875,222.12350463867188,-4.784576416015625,0.24993896484375,-4.77630615234375,-6.262542724609375,2.801605224609375,1.3369140625,13.392486572265625,-0.0299530029296875,3.194073638049441
1998-009,1998-11-19 06:00:00,12.0,92.5,0.0,1998-11-19 06:00:00,0.0,-1.206924207508564e-05,1.8620863556861877e-05,9.150011464953423e-06,8.334359154105186e-05,89.11849975585938,63.035892486572266,67.23491668701172,101.77293395996094,292.8994140625,285.094970703125,269.301513671875,222.0420379638672,0.7685394287109375,1.6707611083984375,0.3830413818359375,-9.506179809570312,7.338836669921875,6.337982177734375,10.3792724609375,0.0566558837890625,12.593649686545547
1998-009,1998-11-19 12:00:00,12.5,91.5,0.0,1998-11-19 12:00:00,0.0,-1.0952586308121681e-05,1.4360062777996063e-05,3.1837960705161095e-05,3.6179786548018456e-05,89.42338562011719,69.08769989013672,68.49259948730469,96.4258041381836,291.715087890625,284.568603515625,269.902587890625,222.10621643066406,3.814453125,0.762542724609375,2.3922576904296875,-11.484375,7.003387451171875,8.158706665039062,5.2038116455078125,2.4318084716796875,15.967262644674754
1998-009,1998-11-19 18:00:00,12.5,91.0,0.0,1998-11-19 18:00:00,0.0,1.0114163160324097e-06,-6.142072379589081e-06,-4.870817065238953e-07,-3.335997462272644e-06,90.0492172241211,70.0201187133789,82.0873031616211,18.296791076660156,291.61669921875,283.990478515625,269.42529296875,221.67843627929688,4.6484527587890625,4.2357940673828125,4.4168853759765625,-13.153823852539062,4.7101287841796875,3.9545440673828125,0.36431884765625,6.8819580078125,17.9342659376643
1998-009,1998-11-20 00:00:00,14.0,89.0,0.0,1998-11-20 00:00:00,0.0,1.142243854701519e-05,4.6543776988983154e-05,-6.369990296661854e-05,-3.0155526474118233e-05,84.43671417236328,69.71904754638672,97.83731842041016,86.4879150390625,292.191650390625,284.145263671875,269.2158203125,221.8184051513672,-2.3735504150390625,0.72357177734375,0.1916961669921875,-7.2581329345703125,-2.1506500244140625,-2.695098876953125,-0.0535125732421875,2.741455078125,6.913164161539851
1998-009,1998-11-20 03:00:00,14.5,88.5,0.0,1998-11-20 03:00:00,0.0,-1.2945849448442459e-05,2.961256541311741e-05,-8.334941230714321e-05,3.7348654586821795e-05,96.7327651977539,76.50225830078125,101.85194396972656,107.20768737792969,291.131591796875,283.19677734375,270.24169921875,221.39894104003906,-4.5269775390625,1.2416534423828125,-4.23321533203125,-7.3622283935546875,-6.126312255859375,-4.3382568359375,-4.225372314453125,8.463577270507812,14.862823547344483
1998-009,1998-11-20 06:00:00,15.0,88.0,0.0,1998-11-20 06:00:00,0.0,7.615890353918076e-07,-3.091827966272831e-05,5.3437892347574234e-05,1.1461321264505386e-05,95.35049438476562,82.07255554199219,85.91324615478516,105.48558044433594,291.1123046875,282.97998046875,269.21240234375,221.61927795410156,-7.8199920654296875,-1.8788909912109375,5.4866943359375,-6.9528350830078125,-9.625503540039062,-8.72515869140625,-5.03192138671875,6.58306884765625,16.23175221839349
1998-009,1998-11-20 09:00:00,15.5,88.0,0.0,1998-11-20 09:00:00,0.0,-2.1704472601413727e-06,-2.3663975298404694e-05,2.2393185645341873e-05,-4.3726060539484024e-05,93.82503509521484,75.52540588378906,93.6494140625,105.37173461914062,291.03173828125,283.1572265625,268.87890625,221.86273193359375,-10.285354614257812,-4.0983123779296875,4.7196197509765625,-6.8282470703125,-6.197235107421875,-6.146759033203125,-7.46282958984375,9.425735473632812,16.000900048025542
1998-009,1998-11-20 12:00:00,15.5,88.0,0.0,1998-11-20 12:00:00,0.0,-1.099519431591034e-05,1.919316127896309e-05,7.826695218682289e-05,-5.450937896966934e-05,97.94463348388672,77.63994598388672,93.86873626708984,64.76559448242188,291.026611328125,283.681640625,269.985595703125,222.56060791015625,-6.43951416015625,-1.78753662109375,1.0951385498046875,-8.09051513671875,-1.74151611328125,-4.0748138427734375,-3.9033050537109375,10.563430786132812,12.415213345811262
1998-009,1998-11-20 18:00:00,16.0,88.0,0.0,1998-11-20 18:00:00,0.0,-1.7071142792701721e-06,3.153504803776741e-05,-9.161327034235e-05,2.881232649087906e-05,88.60009002685547,82.95550537109375,94.90000915527344,51.49610900878906,291.404296875,283.80029296875,270.45068359375,221.51422119140625,-7.4638214111328125,-5.759979248046875,-1.329071044921875,-9.664520263671875,-1.267852783203125,-3.847259521484375,-1.19500732421875,9.28497314453125,10.779852063021535
1998-009,1998-11-21 00:00:00,16.5,87.5,0.0,1998-11-21 00:00:00,0.0,2.832617610692978e-06,2.3725442588329315e-07,7.598078809678555e-05,-9.497161954641342e-06,88.899658203125,88.84870910644531,86.40647888183594,103.58541107177734,291.61474609375,283.16162109375,270.529541015625,221.5894317626953,-2.3773040771484375,-4.7772064208984375,-1.761627197265625,-7.694244384765625,-1.3153839111328125,-1.16522216796875,-4.8304595947265625,11.6986083984375,14.058230687690381
1998-009,1998-11-21 03:00:00,17.0,87.5,0.0,1998-11-21 03:00:00,0.0,-2.0922161638736725e-05,-1.3378448784351349e-06,2.0810402929782867e-06,6.077151920180768e-05,93.69810485839844,88.58348846435547,97.01403045654297,104.86075592041016,291.311767578125,283.723388671875,270.353759765625,221.43765258789062,-4.8202056884765625,-4.1202850341796875,-5.203277587890625,-3.4999542236328125,-1.472076416015625,0.3342742919921875,0.9527740478515625,13.514678955078125,15.044796458690607
1998-009,1998-11-21 06:00:00,17.5,87.5,0.0,1998-11-21 06:00:00,0.0,-1.0570511221885681e-06,4.2654573917388916e-07,1.4961697161197662e-06,1.9210303435102105e-05,96.13208770751953,87.84323120117188,97.00697326660156,94.34844207763672,291.02294921875,283.884033203125,270.5537109375,221.53314208984375,-7.0782012939453125,-5.7294921875,-5.9980316162109375,-0.254974365234375,0.74273681640625,2.2239227294921875,4.795684814453125,11.849624633789062,13.035312911802801
1999-001,1999-02-01 03:00:00,9.0,89.0,0.0,1999-02-01 03:00:00,0.0,-3.932463005185127e-05,2.4902168661355972e-05,-5.838670767843723e-05,5.7384371757507324e-05,94.12081146240234,81.6204833984375,98.93781280517578,105.51565551757812,290.327392578125,283.03173828125,268.3048095703125,220.57391357421875,-6.75,-9.008377075195312,-7.320648193359375,-3.7343597412109375,10.842987060546875,7.6234130859375,3.4227142333984375,8.321533203125,3.930879764828354
1999-001,1999-02-01 12:00:00,9.0,88.0,0.0,1999-02-01 12:00:00,0.0,-2.2523803636431694e-05,-3.429618664085865e-05,7.752655074000359e-05,3.886711783707142e-05,89.12883758544922,85.45104217529297,90.6181869506836,102.28858947753906,290.669677734375,282.85986328125,268.8005065917969,220.20945739746094,-2.8555755615234375,-1.209930419921875,-1.050445556640625,-2.00445556640625,11.27545166015625,9.535552978515625,1.18115234375,2.9935455322265625,8.325525470378887
1999-001,1999-02-02 03:00:00,9.5,86.0,0.0,1999-02-02 03:00:00,0.0,-1.868954859673977e-05,1.8238555639982224e-05,-7.306458428502083e-06,3.893626853823662e-05,93.26659393310547,83.81986999511719,91.30575561523438,99.06983947753906,290.617431640625,282.9541015625,268.3215637207031,221.0584259033203,4.2513885498046875,3.5924224853515625,-0.8622589111328125,1.9268035888671875,10.111373901367188,9.484100341796875,4.023284912109375,6.996551513671875,3.886619835731908
1999-001,1999-02-02 06:00:00,9.5,85.5,0.0,1999-02-02 06:00:00,0.0,-1.5875091776251793e-05,-2.4526380002498627e-05,2.4401117116212845e-05,4.4655054807662964e-05,97.01080322265625,89.13375854492188,84.6214599609375,101.6737060546875,290.22802734375,282.54248046875,268.62921142578125,221.1377716064453,6.1520233154296875,7.4598541259765625,1.563629150390625,1.2014312744140625,8.167922973632812,7.9619140625,4.4099578857421875,2.74981689453125,7.339225779396935
1999-001,1999-02-02 09:00:00,9.5,85.5,0.0,1999-02-02 09:00:00,0.0,1.761014573276043e-05,-4.2257364839315414e-05,1.499522477388382e-05,-1.4537014067173004e-05,90.10945129394531,87.09386444091797,94.78291320800781,101.09215545654297,290.719482421875,282.41748046875,268.35980224609375,221.69114685058594,6.9159698486328125,7.5996551513671875,8.166702270507812,1.471405029296875,9.350082397460938,9.061798095703125,2.7741546630859375,1.7016448974609375,9.388390823956831
1999-001,1999-02-02 12:00:00,10.0,85.0,0.0,1999-02-02 12:00:00,0.0,-2.1720770746469498e-05,-4.36736736446619e-05,3.045797348022461e-05,-8.525070734322071e-05,94.57585144042969,87.58897399902344,99.48622131347656,102.9968490600586,290.614013671875,282.807861328125,268.78485107421875,220.293212890625,5.72119140625,8.567367553710938,10.785247802734375,-2.592132568359375,7.74951171875,4.1096649169921875,2.8612823486328125,1.3585052490234375,10.486005874636053
1999-001,1999-02-02 18:00:00,11.0,85.0,0.0,1999-02-02 18:00:00,0.0,-4.131835885345936e-05,3.83937731385231e-06,-2.123229205608368e-05,1.2165866792201996e-05,93.84834289550781,85.0132064819336,97.4372787475586,101.3432846069336,290.731201171875,282.282958984375,269.05572509765625,219.44091796875,0.8759002685546875,1.355255126953125,7.039886474609375,-1.6623687744140625,7.993865966796875,5.017120361328125,-4.6056671142578125,1.1596832275390625,7.290326703794756
1999-005,1999-08-06 12:00:00,21.0,88.5,0.0,1999-08-06 12:00:00,0.0,-4.07432671636343e-05,5.309469997882843e-06,4.079192876815796e-07,1.8278369680047035e-05,94.39225769042969,88.68533325195312,90.05093383789062,50.210330963134766,292.987060546875,285.0517578125,271.190185546875,225.94918823242188,6.252044677734375,7.218841552734375,4.0051727294921875,-9.644927978515625,1.42822265625,2.1896209716796875,4.6383209228515625,-1.3104095458984375,16.131145215768303
1999-005,1999-08-06 18:00:00,21.0,88.5,0.0,1999-08-06 18:00:00,0.0,2.2880500182509422e-05,1.1827796697616577e-05,3.513065166771412e-05,1.8971040844917297e-06,100.90991973876953,87.0384521484375,99.41605377197266,48.360286712646484,292.590087890625,284.6142578125,271.46484375,225.92015075683594,12.277679443359375,9.580398559570312,2.9900665283203125,-9.87286376953125,2.0975494384765625,1.8595428466796875,5.629241943359375,-8.112930297851562,24.39058140086255
1999-005,1999-08-07 03:00:00,22.5,87.5,0.0,1999-08-07 03:00:00,0.0,7.867114618420601e-06,2.6263296604156494e-07,1.738104037940502e-05,3.363183350302279e-05,98.04310607910156,79.02301025390625,79.74545288085938,77.23956298828125,292.302001953125,285.464599609375,271.8946533203125,225.45603942871094,-5.4251251220703125,-5.859771728515625,-6.585296630859375,-14.595840454101562,2.03900146484375,2.8519439697265625,1.9502410888671875,-0.3829803466796875,9.485147104631714
1999-005,1999-08-07 06:00:00,22.5,86.5,0.0,1999-08-07 06:00:00,0.0,1.345132477581501e-05,1.3194745406508446e-05,-4.858244210481644e-06,1.2359349057078362e-05,98.73097229003906,78.22272491455078,75.52252197265625,72.46139526367188,292.235107421875,285.537353515625,272.101806640625,225.3096160888672,-3.6087799072265625,-4.7664794921875,-6.0060882568359375,-16.486068725585938,-4.919281005859375,-4.1382293701171875,-1.0488433837890625,-0.876800537109375,13.496896519262071
1999-005,1999-08-07 12:00:00,22.5,86.0,0.0,1999-08-07 12:00:00,0.0,-2.934969961643219e-05,7.73230567574501e-06,4.414771683514118e-05,-6.296113133430481e-05,97.89216613769531,92.86107635498047,97.67457580566406,98.96696472167969,292.60400390625,285.268798828125,271.806884765625,225.72373962402344,0.6510467529296875,-1.4886016845703125,-6.9455718994140625,-23.584365844726562,-3.2919921875,-3.1685638427734375,-2.3582763671875,-2.929534912109375,24.23812284511981
1999-005,1999-08-07 18:00:00,22.5,86.0,0.0,1999-08-07 18:00:00,0.0,-1.4889054000377655e-05,2.7835369110107422e-05,1.05986837297678e-05,-4.0471553802490234e-05,98.68565368652344,95.02163696289062,89.45985412597656,103.75255584716797,292.48291015625,285.1826171875,271.791259765625,226.083740234375,-1.2381134033203125,-0.2823333740234375,-2.8959808349609375,-24.041488647460938,-5.392181396484375,-5.2112274169921875,0.7350006103515625,-5.8929443359375,22.80887296747946
1999-006,1999-10-15 03:00:00,13.5,92.5,0.0,1999-10-15 03:00:00,0.0,-1.8839258700609207e-05,2.795085310935974e-05,-6.480258889496326e-05,4.5321881771087646e-05,80.50474548339844,83.38639068603516,96.32929229736328,99.6108169555664,291.252685546875,281.54931640625,268.514404296875,221.00057983398438,-0.8896636962890625,0.3434906005859375,0.4794464111328125,-10.708465576171875,-1.0746307373046875,-2.5858612060546875,2.9850006103515625,-0.6611785888671875,9.827502889108597
1999-006,1999-10-15 06:00:00,14.0,91.5,0.0,1999-10-15 06:00:00,0.0,-3.533461131155491e-05,1.670094206929207e-05,-1.0733259841799736e-05,-3.787432797253132e-05,83.84730529785156,78.28779602050781,100.55012512207031,99.24786376953125,290.772216796875,281.204833984375,268.53857421875,220.54859924316406,-1.1490020751953125,-0.7195892333984375,3.3110504150390625,-5.178466796875,-3.587554931640625,-3.789794921875,-1.5267333984375,-3.415283203125,4.033145607550876
1999-006,1999-10-15 12:00:00,15.0,90.0,0.0,1999-10-15 12:00:00,0.0,-5.2756164222955704e-05,3.7337420508265495e-05,-4.996126517653465e-05,0.00030623446218669415,85.25151824951172,85.14695739746094,98.9567642211914,103.28395080566406,290.89111328125,281.947265625,269.234130859375,221.25711059570312,-1.3289031982421875,-1.83514404296875,0.2050323486328125,-8.804901123046875,-6.2352294921875,-10.539932250976562,-10.594482421875,-7.9181976318359375,7.663088589515048
1999-006,1999-10-15 18:00:00,15.2,89.5,1.0,1999-10-15 18:00:00,0.0,-3.2256124541163445e-05,7.89109617471695e-06,-0.00010512932203710079,0.00017052097246050835,96.75779724121094,81.35557556152344,100.1233901977539,101.16688537597656,290.276611328125,282.81689453125,269.3544921875,221.71737670898438,6.879150390625,7.266754150390625,8.342987060546875,-2.3136749267578125,-0.8657684326171875,-1.353240966796875,-1.2885589599609375,-2.67333984375,9.368850074702822
1999-006,1999-10-15 21:00:00,15.3,89.0,0.0,1999-10-15 21:00:00,0.0,-4.7513749450445175e-05,-3.207474946975708e-06,-4.534749314188957e-05,-3.445381298661232e-05,93.1181640625,80.25830078125,99.68457794189453,97.42328643798828,290.37744140625,282.99365234375,269.56103515625,220.83090209960938,10.31414794921875,11.915054321289062,10.980453491210938,-1.0921173095703125,2.0052947998046875,1.645721435546875,0.2658538818359375,-0.358245849609375,11.64857122377208
1999-006,1999-10-16 00:00:00,15.5,88.5,1.0,1999-10-16 00:00:00,0.0,1.9679078832268715e-05,1.2680888175964355e-05,-8.209096267819405e-05,-5.56230079382658e-05,88.69176483154297,77.79032897949219,95.65815734863281,93.61331939697266,291.00634765625,283.0419921875,269.5791015625,220.67298889160156,10.1802978515625,10.122512817382812,9.07147216796875,-2.8048858642578125,2.2177276611328125,1.9006500244140625,0.68798828125,3.928314208984375,13.097370059339996
1999-006,1999-10-16 03:00:00,16.0,88.5,1.0,1999-10-16 03:00:00,0.0,-5.2677933126688e-06,4.981737583875656e-05,-2.9013026505708694e-05,-2.9327580705285072e-05,82.77710723876953,77.29448699951172,92.0385971069336,52.7868766784668,291.6259765625,282.225341796875,270.0478515625,220.29080200195312,6.9260101318359375,6.1965789794921875,3.670928955078125,-2.902435302734375,12.115936279296875,12.484298706054688,9.739334106445312,3.659423828125,12.965760390241329
1999-006,1999-10-16 06:00:00,16.5,88.0,1.0,1999-10-16 06:00:00,0.0,-8.767703548073769e-06,5.334080196917057e-05,1.6511185094714165e-05,7.467856630682945e-05,87.40902709960938,75.60456085205078,91.06065368652344,36.58989715576172,291.583740234375,282.646728515625,270.0146484375,221.1898193359375,3.5311279296875,4.0269012451171875,3.3882293701171875,-5.1077728271484375,12.153121948242188,13.104263305664062,10.086654663085938,7.955291748046875,9.604810496627842
1999-006,1999-10-16 09:00:00,17.0,87.5,1.0,1999-10-16 09:00:00,0.0,-5.988636985421181e-06,4.6756118535995483e-05,1.2130476534366608e-07,6.0916412621736526e-05,93.84415435791016,76.70475769042969,94.76228332519531,41.930511474609375,291.098876953125,283.04736328125,270.205322265625,221.54913330078125,-1.0942840576171875,-1.0373687744140625,-4.3514404296875,-4.43682861328125,12.35614013671875,11.522476196289062,8.61114501953125,10.742324829101562,3.71173866990916
1999-006,1999-10-16 12:00:00,17.5,86.5,1.0,1999-10-16 12:00:00,0.0,-1.4557037502527237e-05,-5.192565731704235e-05,3.528222441673279e-05,-2.2157328203320503e-05,94.17039489746094,85.63233184814453,97.23216247558594,24.20029067993164,290.98583984375,283.25048828125,270.822021484375,222.39552307128906,-11.305191040039062,-8.466949462890625,-14.238601684570312,-8.376876831054688,-8.066009521484375,-5.9874420166015625,0.6567535400390625,10.942306518554688,19.232553205036144
1999-006,1999-10-16 15:00:00,17.6,86.0,0.0,1999-10-16 15:00:00,0.0,-2.4623703211545944e-05,-3.946106880903244e-05,5.152984522283077e-05,-7.253559306263924e-05,91.41644287109375,87.73680877685547,98.7917251586914,43.70913314819336,291.5712890625,283.4912109375,270.66748046875,222.2177734375,-9.4229736328125,-6.8270111083984375,-11.793106079101562,-3.564727783203125,-8.690185546875,-8.13525390625,-2.7057037353515625,11.023666381835938,20.56586984062686
1999-006,1999-10-16 18:00:00,17.6,86.0,1.0,1999-10-16 18:00:00,0.0,-6.987247616052628e-07,7.726484909653664e-06,2.396106719970703e-05,-5.878857336938381e-05,92.54925537109375,77.74349975585938,87.07124328613281,77.37236022949219,291.70947265625,284.327880859375,271.10498046875,221.73594665527344,-8.284591674804688,-7.1594085693359375,-7.2337493896484375,1.6204681396484375,3.909698486328125,5.4166412353515625,9.429931640625,12.022003173828125,12.80311279614175
1999-007,1999-10-25 06:00:00,12.0,98.5,0.0,1999-10-25 06:00:00,0.0,-1.5218742191791534e-05,9.496277198195457e-05,0.000109540531411767,1.774023985490203e-06,99.8122329711914,95.60091400146484,97.58320617675781,92.07918548583984,290.566162109375,283.68408203125,269.519287109375,221.51126098632812,-2.73870849609375,-0.131011962890625,5.4989166259765625,-0.846923828125,4.323211669921875,6.511932373046875,6.8459014892578125,4.1213531494140625,1.9025236114863953
1999-007,1999-10-25 09:00:00,12.5,98.5,0.0,1999-10-25 09:00:00,0.0,-4.051323048770428e-05,-9.41101461648941e-06,-8.028605952858925e-05,-2.2391323000192642e-06,98.8580322265625,84.65313720703125,93.26899719238281,92.00308990478516,290.831298828125,284.012451171875,269.894287109375,221.82513427734375,-5.0933074951171875,-5.3887481689453125,-0.0132904052734375,-1.818145751953125,13.28485107421875,14.694442749023438,7.9066925048828125,3.875946044921875,9.962639122953991
1999-007,1999-10-25 12:00:00,12.5,98.0,0.0,1999-10-25 12:00:00,0.0,-4.071509465575218e-05,-7.146503776311874e-06,7.861992344260216e-06,-7.837777957320213e-06,95.52750396728516,75.67809295654297,92.05088806152344,103.6698989868164,291.6826171875,284.54150390625,270.109375,221.23681640625,1.6191253662109375,5.2447662353515625,3.2957305908203125,-4.6790771484375,12.804214477539062,14.335861206054688,5.431671142578125,5.41094970703125,9.712245820733527
1999-007,1999-10-25 18:00:00,12.5,98.0,0.0,1999-10-25 18:00:00,0.0,-3.5443808883428574e-05,-1.4010816812515259e-05,3.4539494663476944e-05,2.8607610147446394e-06,96.18019104003906,77.40367126464844,98.08062744140625,101.50849914550781,291.02587890625,283.2578125,269.564208984375,220.69606018066406,3.862884521484375,4.5017852783203125,-1.6990203857421875,-7.132965087890625,14.550399780273438,11.853500366210938,11.779037475585938,5.637054443359375,14.15473184935271
1999-007,1999-10-26 00:00:00,13.5,96.5,0.0,1999-10-26 00:00:00,0.0,-2.593686804175377e-05,6.507267244160175e-05,1.2731645256280899e-05,-7.35740177333355e-05,87.38163757324219,75.71249389648438,69.076416015625,95.87235260009766,292.754150390625,283.398681640625,270.3701171875,221.8393096923828,3.99139404296875,-0.455810546875,1.7106170654296875,4.4556427001953125,14.3270263671875,12.425323486328125,22.911819458007812,5.21136474609375,9.127475752146275
1999-007,1999-10-26 03:00:00,13.5,95.5,0.0,1999-10-26 03:00:00,0.0,4.6574510633945465e-05,-2.4172477424144745e-06,-8.732150308787823e-05,7.016141898930073e-05,84.64180755615234,72.34778594970703,97.99246978759766,96.60391998291016,293.747802734375,284.785400390625,269.55810546875,222.17784118652344,4.852630615234375,5.1195068359375,4.4093780517578125,-0.1536102294921875,10.142715454101562,4.4647674560546875,3.38262939453125,3.3050689697265625,8.474423687820567
1999-007,1999-10-26 06:00:00,13.5,95.0,0.0,1999-10-26 06:00:00,0.0,4.520174115896225e-05,5.380995571613312e-05,-0.00012474320828914642,0.00013880108599551022,79.80635070800781,70.28426361083984,85.904052734375,100.620849609375,292.91650390625,285.468505859375,270.525390625,222.53573608398438,20.808425903320312,11.345016479492188,7.52105712890625,0.06512451171875,11.95343017578125,7.9701385498046875,5.749969482421875,5.5197296142578125,21.71812734878784
1999-007,1999-10-26 09:00:00,14.0,94.5,0.0,1999-10-26 09:00:00,0.0,4.051346331834793e-05,-5.049165338277817e-06,1.9745435565710068e-05,1.731423253659159e-05,91.0274887084961,69.6768798828125,76.29299926757812,95.40885925292969,293.2021484375,286.072021484375,270.90673828125,222.52090454101562,13.616668701171875,9.945892333984375,3.6376495361328125,2.2521820068359375,3.9938507080078125,12.2279052734375,14.068130493164062,3.51275634765625,11.374665252626146
1999-007,1999-10-26 12:00:00,14.5,94.0,0.0,1999-10-26 12:00:00,0.0,9.841402061283588e-05,4.1781459003686905e-06,-7.441523484885693e-05,-5.0073955208063126e-05,91.08782958984375,76.26681518554688,85.25929260253906,99.04188537597656,293.197021484375,284.72900390625,271.281982421875,222.93170166015625,4.828338623046875,10.108062744140625,5.755950927734375,-0.109649658203125,-8.110763549804688,-7.1717071533203125,8.4332275390625,4.799713134765625,13.822595143047343
1999-007,1999-10-26 15:00:00,15.0,93.5,0.0,1999-10-26 15:00:00,0.0,1.3639219105243683e-06,-7.734098471701145e-05,2.6841647922992706e-05,1.0503092198632658e-05,100.1015625,98.22685241699219,94.05956268310547,97.2102279663086,292.546630859375,285.462646484375,271.473876953125,222.88832092285156,7.993072509765625,9.031112670898438,5.0357513427734375,0.4161529541015625,-4.0874176025390625,-1.2850494384765625,1.8913116455078125,3.3034210205078125,10.58462117909403
1999-007,1999-10-26 18:00:00,15.0,93.5,0.0,1999-10-26 18:00:00,0.0,-1.5174038708209991e-05,4.363246262073517e-05,7.255794480443001e-05,-8.0424128100276e-05,85.59407806396484,67.43650817871094,92.29234313964844,100.18846893310547,293.601806640625,284.629150390625,270.33837890625,222.1702117919922,14.71087646484375,11.900772094726562,4.8555908203125,-3.7258148193359375,1.1445159912109375,2.4982757568359375,15.45367431640625,8.75048828125,19.943981547950482
1999-007,1999-10-26 21:00:00,15.0,93.0,0.0,1999-10-26 21:00:00,0.0,2.3844419047236443e-05,-2.3366417735815048e-05,9.669503197073936e-05,-4.381313920021057e-05,99.54593658447266,78.40816497802734,98.91880798339844,99.63128662109375,291.00439453125,283.5830078125,270.442626953125,222.16873168945312,14.346450805664062,12.005706787109375,10.496673583984375,-1.381927490234375,1.8810577392578125,4.2569732666015625,7.1000213623046875,7.131439208984375,16.5815677605146
1999-007,1999-10-27 00:00:00,15.5,93.0,0.0,1999-10-27 00:00:00,0.0,-3.307615406811237e-05,-9.328359737992287e-06,0.00012794788926839828,1.5863683074712753e-05,92.98479461669922,76.88182830810547,96.2669906616211,102.94808959960938,292.032958984375,284.47900390625,270.181884765625,222.48953247070312,15.952606201171875,13.350906372070312,5.0927734375,-3.9576568603515625,11.596832275390625,10.785629272460938,14.942535400390625,3.63861083984375,21.441825099470016
1999-007,1999-10-27 03:00:00,16.0,92.0,0.0,1999-10-27 03:00:00,0.0,2.964213490486145e-05,0.00010079913772642612,-5.947868339717388e-05,-9.795231744647026e-05,87.99249267578125,63.91028594970703,73.11875915527344,91.17367553710938,293.152099609375,287.138427734375,271.02197265625,222.8056640625,25.362396240234375,17.187728881835938,5.3424224853515625,4.2906341552734375,3.641204833984375,11.764633178710938,22.227630615234375,1.6721649169921875,21.163560087090875
1999-007,1999-10-27 06:00:00,16.5,91.5,1.0,1999-10-27 06:00:00,0.0,0.00010474561713635921,-1.8009217455983162e-05,-6.679166108369827e-05,2.3450033040717244e-05,88.22945404052734,78.61211395263672,84.88430786132812,97.83529663085938,293.780517578125,286.666015625,271.9208984375,224.80299377441406,21.548812866210938,18.265487670898438,7.86798095703125,10.419174194335938,5.96551513671875,7.497589111328125,14.787261962890625,2.6240692138671875,11.620418143158053
1999-007,1999-10-27 09:00:00,16.5,91.0,1.0,1999-10-27 09:00:00,0.0,2.712407149374485e-05,8.441251702606678e-05,-7.402850314974785e-05,-1.39540497912094e-05,96.06253051757812,93.15931701660156,83.79180145263672,96.8418197631836,293.231689453125,286.379638671875,271.700927734375,224.3211212158203,22.764846801757812,18.96160888671875,11.969863891601562,9.31695556640625,-1.7526702880859375,-1.9017791748046875,5.6201324462890625,3.8286895751953125,14.560129003593762
1999-007,1999-10-27 12:00:00,17.0,90.5,1.0,1999-10-27 12:00:00,0.0,-4.504481330513954e-05,-1.0976102203130722e-05,2.5604618713259697e-05,3.817514516413212e-05,96.01776123046875,94.18394470214844,85.3856201171875,98.26408386230469,293.49267578125,286.245849609375,272.2373046875,226.3083953857422,10.13543701171875,8.5794677734375,6.3865509033203125,5.88336181640625,-10.848709106445312,-7.291412353515625,0.8072509765625,5.2707061767578125,16.670803596076414
1999-007,1999-10-27 15:00:00,17.0,90.5,1.0,1999-10-27 15:00:00,0.0,5.9064244851469994e-05,7.069110870361328e-05,-0.0001548738218843937,-3.771018236875534e-05,93.09213256835938,77.16071319580078,78.59233093261719,97.28254699707031,293.992431640625,287.934326171875,271.889404296875,225.679443359375,13.577362060546875,9.570510864257812,4.6314697265625,3.9327545166015625,11.5126953125,11.511886596679688,20.650161743164062,11.24737548828125,9.64825628213981
1999-007,1999-10-27 18:00:00,17.0,90.5,1.0,1999-10-27 18:00:00,0.0,3.7339283153414726e-05,2.8961803764104843e-05,-3.567780368030071e-05,-8.263089694082737e-05,88.4009780883789,80.91321563720703,73.36321258544922,100.09910583496094,293.240478515625,286.05419921875,271.664306640625,224.4679718017578,15.48529052734375,10.21124267578125,-2.0828857421875,2.8558502197265625,24.831924438476562,24.56280517578125,29.021316528320312,15.111602783203125,15.936982636799334
1999-007,1999-10-27 21:00:00,17.0,90.0,1.0,1999-10-27 21:00:00,0.0,0.00017922837287187576,-2.451031468808651e-05,3.5278499126434326e-06,-0.00017084130377043039,94.49632263183594,76.81623077392578,78.6221923828125,99.5658187866211,292.973876953125,286.1064453125,270.845703125,224.39886474609375,22.321929931640625,15.00872802734375,2.6167755126953125,6.376678466796875,20.300155639648438,21.097152709960938,27.021591186523438,14.37713623046875,17.00979727094421
1999-007,1999-10-28 00:00:00,17.5,90.0,1.0,1999-10-28 00:00:00,0.0,-4.2532337829470634e-05,-1.7541460692882538e-06,7.723341695964336e-05,-5.881371907889843e-05,99.42372131347656,96.90552520751953,65.989013671875,94.86256408691406,291.7392578125,284.532958984375,272.275146484375,223.5983428955078,8.709213256835938,1.5058135986328125,0.199859619140625,-8.078506469726562,29.408660888671875,29.162734985351562,31.6494140625,14.873687744140625,22.205696970143954
1999-007,1999-10-28 03:00:00,18.0,89.0,1.0,1999-10-28 03:00:00,0.0,5.890289321541786e-05,4.589906893670559e-05,-4.720874130725861e-06,-8.044298738241196e-06,96.09963989257812,88.8768081665039,71.968017578125,98.6586685180664,293.50830078125,287.8046875,273.87841796875,224.21484375,-15.97796630859375,-13.8475341796875,-9.87725830078125,-10.069427490234375,18.409408569335938,18.64019775390625,19.281036376953125,9.794174194335938,10.44667862548864
1999-007,1999-10-28 06:00:00,18.0,88.5,1.0,1999-10-28 06:00:00,0.0,7.904600352048874e-05,1.5117693692445755e-05,-4.534237086772919e-05,2.0299499738030136e-05,95.8281021118164,93.88763427734375,88.6448974609375,95.20682525634766,293.17724609375,286.7333984375,274.202392578125,225.685791015625,-9.190628051757812,-10.039306640625,-10.3582763671875,-5.1747283935546875,21.069442749023438,19.050064086914062,14.271820068359375,9.601608276367188,12.150665724848126
1999-008,1999-12-08 18:00:00,10.5,87.0,0.0,1999-12-08 18:00:00,0.0,-2.697971649467945e-05,-5.4416945204138756e-05,-1.9771046936511993e-05,0.00016307062469422817,91.15716552734375,92.46680450439453,93.6796646118164,105.85823822021484,290.59326171875,282.342041015625,267.6786804199219,219.6295623779297,-2.9240264892578125,-3.6031036376953125,-8.286239624023438,-3.038909912109375,-0.9035797119140625,0.661102294921875,-1.752655029296875,10.683547973632812,11.587697191505004
1999-008,1999-12-08 21:00:00,10.5,87.0,0.0,1999-12-08 21:00:00,0.0,1.4846213161945343e-05,3.2105715945363045e-05,-4.367181099951267e-05,-8.35806131362915e-05,94.93344116210938,77.76142883300781,92.28950500488281,101.30882263183594,290.322509765625,282.72900390625,267.7608642578125,219.52061462402344,-0.8707275390625,-2.3558807373046875,-9.415679931640625,-2.65185546875,-0.0821685791015625,2.7639923095703125,1.570526123046875,9.245193481445312,9.495899099634649
1999-008,1999-12-09 03:00:00,10.5,85.5,0.0,1999-12-09 03:00:00,0.0,-1.028762198984623e-05,-2.5296583771705627e-05,-1.258915290236473e-06,3.92659567296505e-05,88.26646423339844,85.33496856689453,89.93087005615234,103.62030029296875,290.26708984375,282.1767578125,267.6123962402344,219.05433654785156,1.5434722900390625,-1.6027374267578125,-4.921478271484375,-2.8645172119140625,-3.9372711181640625,-5.5406494140625,-4.2054901123046875,-0.945648193359375,5.327305057301103
1999-008,1999-12-09 06:00:00,10.5,85.0,0.0,1999-12-09 06:00:00,0.0,6.047077476978302e-06,-1.1673662811517715e-05,6.298767402768135e-06,-1.9497238099575043e-06,87.3364028930664,92.16035461425781,84.62650299072266,103.57584381103516,290.689697265625,281.830078125,267.80206298828125,219.61831665039062,2.2069091796875,-0.419036865234375,-1.8011474609375,-1.975830078125,-4.348876953125,-4.849456787109375,-4.68902587890625,-0.9672088623046875,5.378753273326279
1999-008,1999-12-09 09:00:00,10.5,85.0,0.0,1999-12-09 09:00:00,0.0,1.0873191058635712e-05,-2.719927579164505e-06,-7.924623787403107e-06,-6.75334595143795e-05,83.01583862304688,88.73319244384766,80.64605712890625,70.2378158569336,290.98095703125,282.162109375,268.22979736328125,219.36767578125,3.7397308349609375,1.4131317138671875,-1.1435699462890625,-5.7664031982421875,-5.579620361328125,-5.1164703369140625,-0.7475433349609375,4.6730499267578125,13.981553286148964
2000-001,2000-03-27 12:00:00,7.5,90.0,0.0,2000-03-27 12:00:00,0.0,1.3619428500533104e-05,-4.746951162815094e-06,2.0314473658800125e-05,5.440576933324337e-05,81.77247619628906,80.99186706542969,91.08684539794922,99.58595275878906,290.582275390625,281.941650390625,267.700927734375,219.3701171875,0.24920654296875,0.1239166259765625,4.3319244384765625,-2.092498779296875,7.6753082275390625,8.148590087890625,4.9296417236328125,4.560150146484375,3.8971519968160693
2000-001,2000-03-27 18:00:00,8.5,89.0,0.0,2000-03-27 18:00:00,0.0,-3.623776137828827e-06,-1.979735679924488e-05,-4.870770499110222e-05,-0.00017179250426124781,82.08126068115234,86.63175964355469,92.57190704345703,84.72593688964844,290.715576171875,281.580322265625,267.725830078125,218.07923889160156,1.4639129638671875,4.7127685546875,2.5819854736328125,-8.893630981445312,7.2781982421875,8.719940185546875,10.868759155273438,5.09173583984375,10.585808160737773
2000-001,2000-03-28 00:00:00,9.5,89.0,0.0,2000-03-28 00:00:00,0.0,-2.2484688088297844e-05,-1.783575862646103e-05,4.8876041546463966e-05,-8.28795600682497e-06,98.89128875732422,78.58303833007812,91.3428955078125,97.50994110107422,289.0625,281.683349609375,267.70062255859375,219.14926147460938,0.3679656982421875,2.53619384765625,2.5537109375,-4.6618499755859375,6.0049896240234375,9.586517333984375,12.103973388671875,2.6060791015625,6.070555036599434
2000-001,2000-03-28 03:00:00,10.0,88.5,0.0,2000-03-28 03:00:00,0.0,-2.9902206733822823e-05,-2.7239788323640823e-05,5.5713579058647156e-05,2.202182076871395e-05,89.2081069946289,83.73301696777344,92.19951629638672,91.03174591064453,289.677978515625,281.326416015625,267.69384765625,218.80332946777344,-1.3589630126953125,1.55792236328125,-0.0856475830078125,-6.1836700439453125,4.6732025146484375,3.39715576171875,6.03875732421875,5.959197998046875,4.993153544676387
2000-001,2000-03-28 12:00:00,12.0,88.0,0.0,2000-03-28 12:00:00,0.0,2.512708306312561e-06,-2.4623004719614983e-05,-8.967379108071327e-05,1.1374475434422493e-05,86.35675048828125,78.51892852783203,98.81454467773438,87.61276245117188,290.594482421875,282.60986328125,268.507080078125,219.73020935058594,-4.509735107421875,-2.9749755859375,-5.7299957275390625,-5.1214141845703125,1.5474700927734375,-4.2836456298828125,6.2662506103515625,11.384475708007812,9.856004807607075
2000-001,2000-03-28 18:00:00,12.0,88.0,0.0,2000-03-28 18:00:00,0.0,-2.418062649667263e-05,-2.5931047275662422e-05,6.409594789147377e-06,5.171759403310716e-05,91.9305419921875,81.13294219970703,90.58659362792969,102.77580261230469,290.152587890625,282.701904296875,268.512939453125,218.88052368164062,-3.689208984375,-3.458648681640625,0.8627166748046875,-7.1596832275390625,0.7573394775390625,-4.264801025390625,5.5432891845703125,10.666275024414062,10.499104492507355
2000-001,2000-03-29 00:00:00,12.5,88.0,0.0,2000-03-29 00:00:00,0.0,-5.5765267461538315e-06,-7.72508792579174e-06,-2.290494740009308e-05,6.617582403123379e-05,95.13192749023438,94.73920440673828,93.58258819580078,99.98793029785156,290.32080078125,282.55908203125,268.78759765625,219.36048889160156,-6.339996337890625,-5.4593505859375,-0.909637451171875,-7.205841064453125,1.2627716064453125,-1.10992431640625,0.6856842041015625,13.284408569335938,12.05277737113128
2000-001,2000-03-29 03:00:00,13.0,88.0,0.0,2000-03-29 03:00:00,0.0,-3.3920397982001305e-05,1.2214761227369308e-05,3.453157842159271e-05,6.724242120981216e-05,95.4698715209961,87.60596466064453,99.3263168334961,100.23612213134766,290.157958984375,282.879638671875,268.507568359375,219.665283203125,-8.653427124023438,-9.172515869140625,-2.80084228515625,-6.0821990966796875,1.334197998046875,-1.958587646484375,1.550323486328125,14.554885864257812,13.468400098912088
2000-001,2000-03-29 06:00:00,13.5,88.0,0.0,2000-03-29 06:00:00,0.0,-3.708386793732643e-05,-3.642006777226925e-05,1.1884840205311775e-05,8.494360372424126e-06,95.81312561035156,83.911865234375,101.30747985839844,99.0528335571289,290.233642578125,282.85498046875,269.35498046875,219.97474670410156,-8.418624877929688,-8.101699829101562,-3.3032684326171875,-4.7154541015625,1.97906494140625,0.0514373779296875,-2.2992706298828125,11.481842041015625,10.19883554156063
2000-001,2000-03-29 12:00:00,14.0,88.5,0.0,2000-03-29 12:00:00,0.0,1.6340985894203186e-05,0.00010813702829182148,-0.00012540258467197418,0.0002940839622169733,91.58155059814453,67.80610656738281,72.46124267578125,97.45423889160156,290.52197265625,283.0576171875,268.625732421875,219.4164276123047,-6.53857421875,-4.9078216552734375,-0.41583251953125,-2.751617431640625,-0.3900299072265625,3.3666229248046875,-5.839508056640625,5.637908935546875,7.118784193923182
