storm_id,datetime_utc,latitude,longitude,RI_24h,era5_datetime,era5_delta_minutes,era5_source_file,era5_grid_resolution,spatial_method,provenance_status,bilinear_cells
1982-001,1982-05-01 03:00:00,14.0,82.5,0.0,1982-05-01 03:00:00,0.0,carried_from_RI_ERA5_features_MVP.csv (raw NC absent in repo),0.25deg (documented),bilinear_storm_center,carried_historical,
1982-001,1982-05-01 06:00:00,14.5,82.5,0.0,1982-05-01 06:00:00,0.0,carried_from_RI_ERA5_features_MVP.csv (raw NC absent in repo),0.25deg (documented),bilinear_storm_center,carried_historical,
1982-001,1982-05-01 12:00:00,15.0,82.0,0.0,1982-05-01 12:00:00,0.0,carried_from_RI_ERA5_features_MVP.csv (raw NC absent in repo),0.25deg (documented),bilinear_storm_center,carried_historical,
1982-001,1982-05-01 18:00:00,15.5,82.5,0.0,1982-05-01 18:00:00,0.0,carried_from_RI_ERA5_features_MVP.csv (raw NC absent in repo),0.25deg (documented),bilinear_storm_center,carried_historical,
1982-001,1982-05-02 00:00:00,16.0,83.0,0.0,1982-05-02 00:00:00,0.0,carried_from_RI_ERA5_features_MVP.csv (raw NC absent in repo),0.25deg (documented),bilinear_storm_center,carried_historical,
1982-001,1982-05-02 03:00:00,16.5,83.5,0.0,1982-05-02 03:00:00,0.0,carried_from_RI_ERA5_features_MVP.csv (raw NC absent in repo),0.25deg (documented),bilinear_storm_center,carried_historical,
1982-001,1982-05-02 06:00:00,16.5,84.0,1.0,1982-05-02 06:00:00,0.0,carried_from_RI_ERA5_features_MVP.csv (raw NC absent in repo),0.25deg (documented),bilinear_storm_center,carried_historical,
1982-001,1982-05-02 12:00:00,16.5,84.5,1.0,1982-05-02 12:00:00,0.0,carried_from_RI_ERA5_features_MVP.csv (raw NC absent in repo),0.25deg (documented),bilinear_storm_center,carried_historical,
1982-001,1982-05-02 18:00:00,17.0,85.0,1.0,1982-05-02 18:00:00,0.0,carried_from_RI_ERA5_features_MVP.csv (raw NC absent in repo),0.25deg (documented),bilinear_storm_center,carried_historical,
1982-001,1982-05-03 00:00:00,17.0,86.0,1.0,1982-05-03 00:00:00,0.0,carried_from_RI_ERA5_features_MVP.csv (raw NC absent in repo),0.25deg (documented),bilinear_storm_center,carried_historical,
1982-001,1982-05-03 03:00:00,17.0,86.5,1.0,1982-05-03 03:00:00,0.0,carried_from_RI_ERA5_features_MVP.csv (raw NC absent in repo),0.25deg (documented),bilinear_storm_center,carried_historical,
1982-001,1982-05-03 06:00:00,17.5,87.5,1.0,1982-05-03 06:00:00,0.0,carried_from_RI_ERA5_features_MVP.csv (raw NC absent in repo),0.25deg (documented),bilinear_storm_center,carried_historical,
1982-001,1982-05-03 12:00:00,17.5,88.5,0.0,1982-05-03 12:00:00,0.0,carried_from_RI_ERA5_features_MVP.csv (raw NC absent in repo),0.25deg (documented),bilinear_storm_center,carried_historical,
1982-001,1982-05-03 18:00:00,17.5,90.0,0.0,1982-05-03 18:00:00,0.0,carried_from_RI_ERA5_features_MVP.csv (raw NC absent in repo),0.25deg (documented),bilinear_storm_center,carried_historical,
1982-001,1982-05-04 03:00:00,17.5,91.5,0.0,1982-05-04 03:00:00,0.0,carried_from_RI_ERA5_features_MVP.csv (raw NC absent in repo),0.25deg (documented),bilinear_storm_center,carried_historical,
1982-002,1982-05-31 12:00:00,14.5,91.5,0.0,1982-05-31 12:00:00,0.0,carried_from_RI_ERA5_features_MVP.csv (raw NC absent in repo),0.25deg (documented),bilinear_storm_center,carried_historical,
1982-002,1982-05-31 18:00:00,19.0,91.3,0.0,1982-05-31 18:00:00,0.0,carried_from_RI_ERA5_features_MVP.csv (raw NC absent in repo),0.25deg (documented),bilinear_storm_center,carried_historical,
1982-002,1982-06-01 00:00:00,15.5,91.0,0.0,1982-06-01 00:00:00,0.0,carried_from_RI_ERA5_features_MVP.csv (raw NC absent in repo),0.25deg (documented),bilinear_storm_center,carried_historical,
1982-002,1982-06-01 03:00:00,16.0,91.0,0.0,1982-06-01 03:00:00,0.0,carried_from_RI_ERA5_features_MVP.csv (raw NC absent in repo),0.25deg (documented),bilinear_storm_center,carried_historical,
1982-002,1982-06-01 06:00:00,16.5,91.0,0.0,1982-06-01 06:00:00,0.0,carried_from_RI_ERA5_features_MVP.csv (raw NC absent in repo),0.25deg (documented),bilinear_storm_center,carried_historical,
1982-002,1982-06-01 12:00:00,16.5,90.5,0.0,1982-06-01 12:00:00,0.0,carried_from_RI_ERA5_features_MVP.csv (raw NC absent in repo),0.25deg (documented),bilinear_storm_center,carried_historical,
1982-002,1982-06-01 18:00:00,17.0,90.0,0.0,1982-06-01 18:00:00,0.0,carried_from_RI_ERA5_features_MVP.csv (raw NC absent in repo),0.25deg (documented),bilinear_storm_center,carried_historical,
1982-002,1982-06-02 00:00:00,19.0,88.5,0.0,1982-06-02 00:00:00,0.0,carried_from_RI_ERA5_features_MVP.csv (raw NC absent in repo),0.25deg (documented),bilinear_storm_center,carried_historical,
1982-002,1982-06-02 03:00:00,17.5,89.5,0.0,1982-06-02 03:00:00,0.0,carried_from_RI_ERA5_features_MVP.csv (raw NC absent in repo),0.25deg (documented),bilinear_storm_center,carried_historical,
1982-002,1982-06-02 06:00:00,17.5,89.5,1.0,1982-06-02 06:00:00,0.0,carried_from_RI_ERA5_features_MVP.csv (raw NC absent in repo),0.25deg (documented),bilinear_storm_center,carried_historical,
1982-002,1982-06-02 12:00:00,18.0,89.0,1.0,1982-06-02 12:00:00,0.0,carried_from_RI_ERA5_features_MVP.csv (raw NC absent in repo),0.25deg (documented),bilinear_storm_center,carried_historical,
1982-002,1982-06-02 18:00:00,18.5,88.5,1.0,1982-06-02 18:00:00,0.0,carried_from_RI_ERA5_features_MVP.csv (raw NC absent in repo),0.25deg (documented),bilinear_storm_center,carried_historical,
1982-002,1982-06-03 00:00:00,19.0,88.5,0.0,1982-06-03 00:00:00,0.0,carried_from_RI_ERA5_features_MVP.csv (raw NC absent in repo),0.25deg (documented),bilinear_storm_center,carried_historical,
1982-002,1982-06-03 03:00:00,19.0,88.0,0.0,1982-06-03 03:00:00,0.0,carried_from_RI_ERA5_features_MVP.csv (raw NC absent in repo),0.25deg (documented),bilinear_storm_center,carried_historical,
1982-002,1982-06-03 06:00:00,19.5,87.5,0.0,1982-06-03 06:00:00,0.0,carried_from_RI_ERA5_features_MVP.csv (raw NC absent in repo),0.25deg (documented),bilinear_storm_center,carried_historical,
1982-002,1982-06-03 12:00:00,20.0,87.0,0.0,1982-06-03 12:00:00,0.0,carried_from_RI_ERA5_features_MVP.csv (raw NC absent in repo),0.25deg (documented),bilinear_storm_center,carried_historical,
1982-002,1982-06-03 18:00:00,21.0,86.5,0.0,1982-06-03 18:00:00,0.0,carried_from_RI_ERA5_features_MVP.csv (raw NC absent in repo),0.25deg (documented),bilinear_storm_center,carried_historical,
1982-002,1982-06-04 00:00:00,21.5,86.0,0.0,1982-06-04 00:00:00,0.0,carried_from_RI_ERA5_features_MVP.csv (raw NC absent in repo),0.25deg (documented),bilinear_storm_center,carried_historical,
1982-002,1982-06-04 03:00:00,22.0,85.5,0.0,1982-06-04 03:00:00,0.0,carried_from_RI_ERA5_features_MVP.csv (raw NC absent in repo),0.25deg (documented),bilinear_storm_center,carried_historical,
1982-003,1982-07-18 03:00:00,18.0,88.0,0.0,1982-07-18 03:00:00,0.0,carried_from_RI_ERA5_features_MVP.csv (raw NC absent in repo),0.25deg (documented),bilinear_storm_center,carried_historical,
1982-003,1982-07-18 12:00:00,18.3,87.0,0.0,1982-07-18 12:00:00,0.0,carried_from_RI_ERA5_features_MVP.csv (raw NC absent in repo),0.25deg (documented),bilinear_storm_center,carried_historical,
1982-003,1982-07-19 00:00:00,18.5,86.0,0.0,1982-07-19 00:00:00,0.0,carried_from_RI_ERA5_features_MVP.csv (raw NC absent in repo),0.25deg (documented),bilinear_storm_center,carried_historical,
1982-005,1982-08-18 03:00:00,21.0,88.0,0.0,1982-08-18 03:00:00,0.0,carried_from_RI_ERA5_features_MVP.csv (raw NC absent in repo),0.25deg (documented),bilinear_storm_center,carried_historical,
1982-005,1982-08-18 12:00:00,21.5,87.5,0.0,1982-08-18 12:00:00,0.0,carried_from_RI_ERA5_features_MVP.csv (raw NC absent in repo),0.25deg (documented),bilinear_storm_center,carried_historical,
1982-006,1982-08-27 03:00:00,19.0,88.5,0.0,1982-08-27 03:00:00,0.0,carried_from_RI_ERA5_features_MVP.csv (raw NC absent in repo),0.25deg (documented),bilinear_storm_center,carried_historical,
1982-006,1982-08-27 12:00:00,20.0,88.0,0.0,1982-08-27 12:00:00,0.0,carried_from_RI_ERA5_features_MVP.csv (raw NC absent in repo),0.25deg (documented),bilinear_storm_center,carried_historical,
1982-006,1982-08-28 03:00:00,21.0,88.0,0.0,1982-08-28 03:00:00,0.0,carried_from_RI_ERA5_features_MVP.csv (raw NC absent in repo),0.25deg (documented),bilinear_storm_center,carried_historical,
1982-006,1982-08-28 12:00:00,21.2,87.7,0.0,1982-08-28 12:00:00,0.0,carried_from_RI_ERA5_features_MVP.csv (raw NC absent in repo),0.25deg (documented),bilinear_storm_center,carried_historical,
1982-006,1982-08-29 03:00:00,20.5,85.5,0.0,1982-08-29 03:00:00,0.0,carried_from_RI_ERA5_features_MVP.csv (raw NC absent in repo),0.25deg (documented),bilinear_storm_center,carried_historical,
1982-006,1982-08-29 12:00:00,21.0,85.0,0.0,1982-08-29 12:00:00,0.0,carried_from_RI_ERA5_features_MVP.csv (raw NC absent in repo),0.25deg (documented),bilinear_storm_center,carried_historical,
1982-006,1982-08-30 03:00:00,22.0,85.0,0.0,1982-08-30 03:00:00,0.0,carried_from_RI_ERA5_features_MVP.csv (raw NC absent in repo),0.25deg (documented),bilinear_storm_center,carried_historical,
1982-006,1982-08-30 12:00:00,23.0,85.0,0.0,1982-08-30 12:00:00,0.0,carried_from_RI_ERA5_features_MVP.csv (raw NC absent in repo),0.25deg (documented),bilinear_storm_center,carried_historical,
1982-006,1982-08-31 03:00:00,24.0,84.5,0.0,1982-08-31 03:00:00,0.0,carried_from_RI_ERA5_features_MVP.csv (raw NC absent in repo),0.25deg (documented),bilinear_storm_center,carried_historical,
1982-006,1982-08-31 12:00:00,25.0,82.0,0.0,1982-08-31 12:00:00,0.0,carried_from_RI_ERA5_features_MVP.csv (raw NC absent in repo),0.25deg (documented),bilinear_storm_center,carried_historical,
1982-006,1982-09-01 03:00:00,25.0,81.5,0.0,1982-09-01 03:00:00,0.0,carried_from_RI_ERA5_features_MVP.csv (raw NC absent in repo),0.25deg (documented),bilinear_storm_center,carried_historical,
1982-006,1982-09-01 12:00:00,25.0,81.3,0.0,1982-09-01 12:00:00,0.0,carried_from_RI_ERA5_features_MVP.csv (raw NC absent in repo),0.25deg (documented),bilinear_storm_center,carried_historical,
1982-007,1982-09-09 03:00:00,18.0,89.0,0.0,1982-09-09 03:00:00,0.0,carried_from_RI_ERA5_features_MVP.csv (raw NC absent in repo),0.25deg (documented),bilinear_storm_center,carried_historical,
1982-009,1982-10-15 03:00:00,15.5,86.5,0.0,1982-10-15 03:00:00,0.0,carried_from_RI_ERA5_features_MVP.csv (raw NC absent in repo),0.25deg (documented),bilinear_storm_center,carried_historical,
1982-009,1982-10-15 12:00:00,16.0,85.5,0.0,1982-10-15 12:00:00,0.0,carried_from_RI_ERA5_features_MVP.csv (raw NC absent in repo),0.25deg (documented),bilinear_storm_center,carried_historical,
1982-009,1982-10-15 18:00:00,16.3,84.5,0.0,1982-10-15 18:00:00,0.0,carried_from_RI_ERA5_features_MVP.csv (raw NC absent in repo),0.25deg (documented),bilinear_storm_center,carried_historical,
1982-010,1982-10-16 12:00:00,9.4,84.0,0.0,1982-10-16 12:00:00,0.0,carried_from_RI_ERA5_features_MVP.csv (raw NC absent in repo),0.25deg (documented),bilinear_storm_center,carried_historical,
1982-010,1982-10-17 12:00:00,11.0,82.5,0.0,1982-10-17 12:00:00,0.0,carried_from_RI_ERA5_features_MVP.csv (raw NC absent in repo),0.25deg (documented),bilinear_storm_center,carried_historical,
1982-010,1982-10-17 18:00:00,12.0,82.0,0.0,1982-10-17 18:00:00,0.0,carried_from_RI_ERA5_features_MVP.csv (raw NC absent in repo),0.25deg (documented),bilinear_storm_center,carried_historical,
1982-010,1982-10-18 00:00:00,12.5,81.5,0.0,1982-10-18 00:00:00,0.0,carried_from_RI_ERA5_features_MVP.csv (raw NC absent in repo),0.25deg (documented),bilinear_storm_center,carried_historical,
1982-010,1982-10-18 03:00:00,12.7,81.5,0.0,1982-10-18 03:00:00,0.0,carried_from_RI_ERA5_features_MVP.csv (raw NC absent in repo),0.25deg (documented),bilinear_storm_center,carried_historical,
1982-010,1982-10-18 12:00:00,14.0,80.5,0.0,1982-10-18 12:00:00,0.0,carried_from_RI_ERA5_features_MVP.csv (raw NC absent in repo),0.25deg (documented),bilinear_storm_center,carried_historical,
1982-010,1982-10-19 03:00:00,15.0,79.0,0.0,1982-10-19 03:00:00,0.0,carried_from_RI_ERA5_features_MVP.csv (raw NC absent in repo),0.25deg (documented),bilinear_storm_center,carried_historical,
1982-010,1982-10-19 12:00:00,16.0,78.5,0.0,1982-10-19 12:00:00,0.0,carried_from_RI_ERA5_features_MVP.csv (raw NC absent in repo),0.25deg (documented),bilinear_storm_center,carried_historical,
1982-010,1982-10-20 03:00:00,17.0,78.5,0.0,1982-10-20 03:00:00,0.0,carried_from_RI_ERA5_features_MVP.csv (raw NC absent in repo),0.25deg (documented),bilinear_storm_center,carried_historical,
1982-010,1982-10-20 12:00:00,18.0,78.3,0.0,1982-10-20 12:00:00,0.0,carried_from_RI_ERA5_features_MVP.csv (raw NC absent in repo),0.25deg (documented),bilinear_storm_center,carried_historical,
1982-011,1982-11-28 03:00:00,7.0,88.0,0.0,1982-11-28 03:00:00,0.0,carried_from_RI_ERA5_features_MVP.csv (raw NC absent in repo),0.25deg (documented),bilinear_storm_center,carried_historical,
1982-012,1982-12-02 12:00:00,7.5,84.0,0.0,1982-12-02 12:00:00,0.0,carried_from_RI_ERA5_features_MVP.csv (raw NC absent in repo),0.25deg (documented),bilinear_storm_center,carried_historical,
1983-002,1983-06-24 03:00:00,18.0,87.0,0.0,1983-06-24 03:00:00,0.0,carried_from_RI_ERA5_features_MVP.csv (raw NC absent in repo),0.25deg (documented),bilinear_storm_center,carried_historical,
1983-002,1983-06-24 12:00:00,18.0,86.5,0.0,1983-06-24 12:00:00,0.0,carried_from_RI_ERA5_features_MVP.csv (raw NC absent in repo),0.25deg (documented),bilinear_storm_center,carried_historical,
1983-002,1983-06-24 18:00:00,18.5,86.0,0.0,1983-06-24 18:00:00,0.0,carried_from_RI_ERA5_features_MVP.csv (raw NC absent in repo),0.25deg (documented),bilinear_storm_center,carried_historical,
1983-002,1983-06-25 03:00:00,19.0,85.5,0.0,1983-06-25 03:00:00,0.0,carried_from_RI_ERA5_features_MVP.csv (raw NC absent in repo),0.25deg (documented),bilinear_storm_center,carried_historical,
1983-002,1983-06-25 12:00:00,19.5,85.0,0.0,1983-06-25 12:00:00,0.0,carried_from_RI_ERA5_features_MVP.csv (raw NC absent in repo),0.25deg (documented),bilinear_storm_center,carried_historical,
1983-002,1983-06-26 03:00:00,20.0,83.5,0.0,1983-06-26 03:00:00,0.0,carried_from_RI_ERA5_features_MVP.csv (raw NC absent in repo),0.25deg (documented),bilinear_storm_center,carried_historical,
1983-002,1983-06-26 12:00:00,21.0,83.0,0.0,1983-06-26 12:00:00,0.0,carried_from_RI_ERA5_features_MVP.csv (raw NC absent in repo),0.25deg (documented),bilinear_storm_center,carried_historical,
1983-005,1983-10-14 03:00:00,19.0,91.0,1.0,1983-10-14 03:00:00,0.0,carried_from_RI_ERA5_features_MVP.csv (raw NC absent in repo),0.25deg (documented),bilinear_storm_center,carried_historical,
1983-005,1983-10-14 12:00:00,19.5,90.5,0.0,1983-10-14 12:00:00,0.0,carried_from_RI_ERA5_features_MVP.csv (raw NC absent in repo),0.25deg (documented),bilinear_storm_center,carried_historical,
1983-006,1983-11-06 03:00:00,12.0,88.5,0.0,1983-11-06 03:00:00,0.0,carried_from_RI_ERA5_features_MVP.csv (raw NC absent in repo),0.25deg (documented),bilinear_storm_center,carried_historical,
1983-006,1983-11-06 12:00:00,13.0,87.5,0.0,1983-11-06 12:00:00,0.0,carried_from_RI_ERA5_features_MVP.csv (raw NC absent in repo),0.25deg (documented),bilinear_storm_center,carried_historical,
1983-006,1983-11-07 03:00:00,15.5,88.5,0.0,1983-11-07 03:00:00,0.0,carried_from_RI_ERA5_features_MVP.csv (raw NC absent in repo),0.25deg (documented),bilinear_storm_center,carried_historical,
1983-006,1983-11-07 12:00:00,15.5,88.5,1.0,1983-11-07 12:00:00,0.0,carried_from_RI_ERA5_features_MVP.csv (raw NC absent in repo),0.25deg (documented),bilinear_storm_center,carried_historical,
1983-006,1983-11-08 03:00:00,17.0,89.0,0.0,1983-11-08 03:00:00,0.0,carried_from_RI_ERA5_features_MVP.csv (raw NC absent in repo),0.25deg (documented),bilinear_storm_center,carried_historical,
1984-002,1984-07-31 03:00:00,20.0,88.5,0.0,1984-07-31 03:00:00,0.0,carried_from_RI_ERA5_features_MVP.csv (raw NC absent in repo),0.25deg (documented),bilinear_storm_center,carried_historical,
1984-002,1984-07-31 12:00:00,20.0,86.5,0.0,1984-07-31 12:00:00,0.0,carried_from_RI_ERA5_features_MVP.csv (raw NC absent in repo),0.25deg (documented),bilinear_storm_center,carried_historical,
1984-002,1984-08-01 03:00:00,20.5,85.0,0.0,1984-08-01 03:00:00,0.0,carried_from_RI_ERA5_features_MVP.csv (raw NC absent in repo),0.25deg (documented),bilinear_storm_center,carried_historical,
1984-002,1984-08-01 12:00:00,21.0,84.0,0.0,1984-08-01 12:00:00,0.0,carried_from_RI_ERA5_features_MVP.csv (raw NC absent in repo),0.25deg (documented),bilinear_storm_center,carried_historical,
1984-002,1984-08-02 03:00:00,22.0,82.0,0.0,1984-08-02 03:00:00,0.0,carried_from_RI_ERA5_features_MVP.csv (raw NC absent in repo),0.25deg (documented),bilinear_storm_center,carried_historical,
1984-002,1984-08-02 12:00:00,23.0,80.5,0.0,1984-08-02 12:00:00,0.0,carried_from_RI_ERA5_features_MVP.csv (raw NC absent in repo),0.25deg (documented),bilinear_storm_center,carried_historical,
1984-002,1984-08-03 03:00:00,23.5,79.0,0.0,1984-08-03 03:00:00,0.0,carried_from_RI_ERA5_features_MVP.csv (raw NC absent in repo),0.25deg (documented),bilinear_storm_center,carried_historical,
1984-002,1984-08-03 12:00:00,24.0,77.0,0.0,1984-08-03 12:00:00,0.0,carried_from_RI_ERA5_features_MVP.csv (raw NC absent in repo),0.25deg (documented),bilinear_storm_center,carried_historical,
1984-002,1984-08-04 03:00:00,25.0,75.0,0.0,1984-08-04 03:00:00,0.0,carried_from_RI_ERA5_features_MVP.csv (raw NC absent in repo),0.25deg (documented),bilinear_storm_center,carried_historical,
1984-002,1984-08-04 12:00:00,26.0,73.0,0.0,1984-08-04 12:00:00,0.0,carried_from_RI_ERA5_features_MVP.csv (raw NC absent in repo),0.25deg (documented),bilinear_storm_center,carried_historical,
1984-002,1984-08-05 03:00:00,25.5,71.5,0.0,1984-08-05 03:00:00,0.0,carried_from_RI_ERA5_features_MVP.csv (raw NC absent in repo),0.25deg (documented),bilinear_storm_center,carried_historical,
1984-002,1984-08-05 12:00:00,25.5,70.5,0.0,1984-08-05 12:00:00,0.0,carried_from_RI_ERA5_features_MVP.csv (raw NC absent in repo),0.25deg (documented),bilinear_storm_center,carried_historical,
1984-002,1984-08-06 03:00:00,25.5,69.0,0.0,1984-08-06 03:00:00,0.0,carried_from_RI_ERA5_features_MVP.csv (raw NC absent in repo),0.25deg (documented),bilinear_storm_center,carried_historical,
1984-002,1984-08-06 12:00:00,25.0,67.0,0.0,1984-08-06 12:00:00,0.0,carried_from_RI_ERA5_features_MVP.csv (raw NC absent in repo),0.25deg (documented),bilinear_storm_center,carried_historical,
1984-003,1984-08-15 03:00:00,20.0,90.0,0.0,1984-08-15 03:00:00,0.0,carried_from_RI_ERA5_features_MVP.csv (raw NC absent in repo),0.25deg (documented),bilinear_storm_center,carried_historical,
1984-003,1984-08-15 12:00:00,21.0,87.0,0.0,1984-08-15 12:00:00,0.0,carried_from_RI_ERA5_features_MVP.csv (raw NC absent in repo),0.25deg (documented),bilinear_storm_center,carried_historical,
1984-003,1984-08-16 03:00:00,21.7,86.5,0.0,1984-08-16 03:00:00,0.0,carried_from_RI_ERA5_features_MVP.csv (raw NC absent in repo),0.25deg (documented),bilinear_storm_center,carried_historical,
1984-003,1984-08-16 12:00:00,22.0,85.5,0.0,1984-08-16 12:00:00,0.0,carried_from_RI_ERA5_features_MVP.csv (raw NC absent in repo),0.25deg (documented),bilinear_storm_center,carried_historical,
1984-003,1984-08-17 03:00:00,23.0,84.0,0.0,1984-08-17 03:00:00,0.0,carried_from_RI_ERA5_features_MVP.csv (raw NC absent in repo),0.25deg (documented),bilinear_storm_center,carried_historical,
1984-003,1984-08-17 12:00:00,24.0,82.5,0.0,1984-08-17 12:00:00,0.0,carried_from_RI_ERA5_features_MVP.csv (raw NC absent in repo),0.25deg (documented),bilinear_storm_center,carried_historical,
1984-003,1984-08-18 03:00:00,23.5,80.5,0.0,1984-08-18 03:00:00,0.0,carried_from_RI_ERA5_features_MVP.csv (raw NC absent in repo),0.25deg (documented),bilinear_storm_center,carried_historical,
1984-003,1984-08-18 12:00:00,23.5,78.5,0.0,1984-08-18 12:00:00,0.0,carried_from_RI_ERA5_features_MVP.csv (raw NC absent in repo),0.25deg (documented),bilinear_storm_center,carried_historical,
1984-004,1984-10-13 03:00:00,19.5,87.5,1.0,1984-10-13 03:00:00,0.0,carried_from_RI_ERA5_features_MVP.csv (raw NC absent in repo),0.25deg (documented),bilinear_storm_center,carried_historical,
1984-004,1984-10-13 12:00:00,20.5,87.5,0.0,1984-10-13 12:00:00,0.0,carried_from_RI_ERA5_features_MVP.csv (raw NC absent in repo),0.25deg (documented),bilinear_storm_center,carried_historical,
1984-004,1984-10-14 03:00:00,20.7,86.8,0.0,1984-10-14 03:00:00,0.0,carried_from_RI_ERA5_features_MVP.csv (raw NC absent in repo),0.25deg (documented),bilinear_storm_center,carried_historical,
1984-004,1984-10-14 12:00:00,21.5,86.0,0.0,1984-10-14 12:00:00,0.0,carried_from_RI_ERA5_features_MVP.csv (raw NC absent in repo),0.25deg (documented),bilinear_storm_center,carried_historical,
1984-005,1984-11-09 12:00:00,9.5,87.5,0.0,1984-11-09 12:00:00,0.0,carried_from_RI_ERA5_features_MVP.csv (raw NC absent in repo),0.25deg (documented),bilinear_storm_center,carried_historical,
1984-005,1984-11-10 03:00:00,9.5,87.5,0.0,1984-11-10 03:00:00,0.0,carried_from_RI_ERA5_features_MVP.csv (raw NC absent in repo),0.25deg (documented),bilinear_storm_center,carried_historical,
1984-005,1984-11-10 12:00:00,10.0,86.0,0.0,1984-11-10 12:00:00,0.0,carried_from_RI_ERA5_features_MVP.csv (raw NC absent in repo),0.25deg (documented),bilinear_storm_center,carried_historical,
1984-005,1984-11-11 03:00:00,10.5,82.5,0.0,1984-11-11 03:00:00,0.0,carried_from_RI_ERA5_features_MVP.csv (raw NC absent in repo),0.25deg (documented),bilinear_storm_center,carried_historical,
1984-005,1984-11-11 12:00:00,11.0,81.5,1.0,1984-11-11 12:00:00,0.0,carried_from_RI_ERA5_features_MVP.csv (raw NC absent in repo),0.25deg (documented),bilinear_storm_center,carried_historical,
1984-005,1984-11-12 03:00:00,12.0,80.5,1.0,1984-11-12 03:00:00,0.0,carried_from_RI_ERA5_features_MVP.csv (raw NC absent in repo),0.25deg (documented),bilinear_storm_center,carried_historical,
1984-005,1984-11-12 12:00:00,12.5,80.5,0.0,1984-11-12 12:00:00,0.0,carried_from_RI_ERA5_features_MVP.csv (raw NC absent in repo),0.25deg (documented),bilinear_storm_center,carried_historical,
1984-005,1984-11-13 03:00:00,13.5,80.5,0.0,1984-11-13 03:00:00,0.0,carried_from_RI_ERA5_features_MVP.csv (raw NC absent in repo),0.25deg (documented),bilinear_storm_center,carried_historical,
1984-005,1984-11-13 12:00:00,13.5,80.3,0.0,1984-11-13 12:00:00,0.0,carried_from_RI_ERA5_features_MVP.csv (raw NC absent in repo),0.25deg (documented),bilinear_storm_center,carried_historical,
1984-006,1984-11-27 12:00:00,8.5,85.5,0.0,1984-11-27 12:00:00,0.0,carried_from_RI_ERA5_features_MVP.csv (raw NC absent in repo),0.25deg (documented),bilinear_storm_center,carried_historical,
1984-006,1984-11-30 03:00:00,9.5,84.5,0.0,1984-11-30 03:00:00,0.0,carried_from_RI_ERA5_features_MVP.csv (raw NC absent in repo),0.25deg (documented),bilinear_storm_center,carried_historical,
1984-006,1984-12-01 03:00:00,10.8,80.5,0.0,1984-12-01 03:00:00,0.0,carried_from_RI_ERA5_features_MVP.csv (raw NC absent in repo),0.25deg (documented),bilinear_storm_center,carried_historical,
1985-001,1985-05-22 03:00:00,16.0,89.0,0.0,1985-05-22 03:00:00,0.0,carried_from_RI_ERA5_features_MVP.csv (raw NC absent in repo),0.25deg (documented),bilinear_storm_center,carried_historical,
1985-001,1985-05-23 03:00:00,16.5,87.5,0.0,1985-05-23 03:00:00,0.0,carried_from_RI_ERA5_features_MVP.csv (raw NC absent in repo),0.25deg (documented),bilinear_storm_center,carried_historical,
1985-001,1985-05-24 03:00:00,19.0,89.0,0.0,1985-05-24 03:00:00,0.0,carried_from_RI_ERA5_features_MVP.csv (raw NC absent in repo),0.25deg (documented),bilinear_storm_center,carried_historical,
1985-001,1985-05-24 12:00:00,20.5,90.0,0.0,1985-05-24 12:00:00,0.0,carried_from_RI_ERA5_features_MVP.csv (raw NC absent in repo),0.25deg (documented),bilinear_storm_center,carried_historical,
1985-001,1985-05-24 18:00:00,20.5,90.0,0.0,1985-05-24 18:00:00,0.0,carried_from_RI_ERA5_features_MVP.csv (raw NC absent in repo),0.25deg (documented),bilinear_storm_center,carried_historical,
1985-004,1985-08-06 03:00:00,20.5,88.0,0.0,1985-08-06 03:00:00,0.0,carried_from_RI_ERA5_features_MVP.csv (raw NC absent in repo),0.25deg (documented),bilinear_storm_center,carried_historical,
1985-004,1985-08-06 12:00:00,22.5,86.0,0.0,1985-08-06 12:00:00,0.0,carried_from_RI_ERA5_features_MVP.csv (raw NC absent in repo),0.25deg (documented),bilinear_storm_center,carried_historical,
1985-004,1985-08-07 03:00:00,23.0,84.5,0.0,1985-08-07 03:00:00,0.0,carried_from_RI_ERA5_features_MVP.csv (raw NC absent in repo),0.25deg (documented),bilinear_storm_center,carried_historical,
1985-004,1985-08-07 12:00:00,23.5,83.5,0.0,1985-08-07 12:00:00,0.0,carried_from_RI_ERA5_features_MVP.csv (raw NC absent in repo),0.25deg (documented),bilinear_storm_center,carried_historical,
1985-004,1985-08-08 03:00:00,23.5,82.0,0.0,1985-08-08 03:00:00,0.0,carried_from_RI_ERA5_features_MVP.csv (raw NC absent in repo),0.25deg (documented),bilinear_storm_center,carried_historical,
1985-006,1985-09-19 03:00:00,17.5,90.0,0.0,1985-09-19 03:00:00,0.0,carried_from_RI_ERA5_features_MVP.csv (raw NC absent in repo),0.25deg (documented),bilinear_storm_center,carried_historical,
1985-006,1985-09-19 12:00:00,18.5,88.5,0.0,1985-09-19 12:00:00,0.0,carried_from_RI_ERA5_features_MVP.csv (raw NC absent in repo),0.25deg (documented),bilinear_storm_center,carried_historical,
1985-006,1985-09-19 18:00:00,18.5,88.0,0.0,1985-09-19 18:00:00,0.0,carried_from_RI_ERA5_features_MVP.csv (raw NC absent in repo),0.25deg (documented),bilinear_storm_center,carried_historical,
1985-006,1985-09-20 00:00:00,21.9,87.5,0.0,1985-09-20 00:00:00,0.0,carried_from_RI_ERA5_features_MVP.csv (raw NC absent in repo),0.25deg (documented),bilinear_storm_center,carried_historical,
1985-006,1985-09-20 03:00:00,19.5,87.0,0.0,1985-09-20 03:00:00,0.0,carried_from_RI_ERA5_features_MVP.csv (raw NC absent in repo),0.25deg (documented),bilinear_storm_center,carried_historical,
1985-006,1985-09-20 12:00:00,19.8,86.2,0.0,1985-09-20 12:00:00,0.0,carried_from_RI_ERA5_features_MVP.csv (raw NC absent in repo),0.25deg (documented),bilinear_storm_center,carried_historical,
1985-007,1985-10-01 03:00:00,14.0,83.5,0.0,1985-10-01 03:00:00,0.0,carried_from_RI_ERA5_features_MVP.csv (raw NC absent in repo),0.25deg (documented),bilinear_storm_center,carried_historical,
1985-009,1985-10-09 03:00:00,12.5,90.0,0.0,1985-10-09 03:00:00,0.0,carried_from_RI_ERA5_features_MVP.csv (raw NC absent in repo),0.25deg (documented),bilinear_storm_center,carried_historical,
1985-009,1985-10-10 03:00:00,16.0,85.5,0.0,1985-10-10 03:00:00,0.0,carried_from_RI_ERA5_features_MVP.csv (raw NC absent in repo),0.25deg (documented),bilinear_storm_center,carried_historical,
1985-009,1985-10-12 12:00:00,19.3,81.5,0.0,1985-10-12 12:00:00,0.0,carried_from_RI_ERA5_features_MVP.csv (raw NC absent in repo),0.25deg (documented),bilinear_storm_center,carried_historical,
1985-010,1985-10-13 12:00:00,13.5,93.0,0.0,1985-10-13 12:00:00,0.0,carried_from_RI_ERA5_features_MVP.csv (raw NC absent in repo),0.25deg (documented),bilinear_storm_center,carried_historical,
1985-010,1985-10-14 03:00:00,16.0,89.5,0.0,1985-10-14 03:00:00,0.0,carried_from_RI_ERA5_features_MVP.csv (raw NC absent in repo),0.25deg (documented),bilinear_storm_center,carried_historical,
1985-010,1985-10-14 12:00:00,17.5,89.0,0.0,1985-10-14 12:00:00,0.0,carried_from_RI_ERA5_features_MVP.csv (raw NC absent in repo),0.25deg (documented),bilinear_storm_center,carried_historical,
1985-010,1985-10-15 03:00:00,19.5,87.5,0.0,1985-10-15 03:00:00,0.0,carried_from_RI_ERA5_features_MVP.csv (raw NC absent in repo),0.25deg (documented),bilinear_storm_center,carried_historical,
1985-010,1985-10-16 03:00:00,21.6,86.8,0.0,1985-10-16 03:00:00,0.0,carried_from_RI_ERA5_features_MVP.csv (raw NC absent in repo),0.25deg (documented),bilinear_storm_center,carried_historical,
1985-012,1985-11-15 12:00:00,13.5,85.5,0.0,1985-11-15 12:00:00,0.0,carried_from_RI_ERA5_features_MVP.csv (raw NC absent in repo),0.25deg (documented),bilinear_storm_center,carried_historical,
1985-012,1985-11-16 12:00:00,13.5,84.0,0.0,1985-11-16 12:00:00,0.0,carried_from_RI_ERA5_features_MVP.csv (raw NC absent in repo),0.25deg (documented),bilinear_storm_center,carried_historical,
1985-013,1985-12-11 12:00:00,8.0,88.0,0.0,1985-12-11 12:00:00,0.0,carried_from_RI_ERA5_features_MVP.csv (raw NC absent in repo),0.25deg (documented),bilinear_storm_center,carried_historical,
1985-013,1985-12-12 03:00:00,8.5,87.0,0.0,1985-12-12 03:00:00,0.0,carried_from_RI_ERA5_features_MVP.csv (raw NC absent in repo),0.25deg (documented),bilinear_storm_center,carried_historical,
1985-013,1985-12-12 12:00:00,10.0,84.5,0.0,1985-12-12 12:00:00,0.0,carried_from_RI_ERA5_features_MVP.csv (raw NC absent in repo),0.25deg (documented),bilinear_storm_center,carried_historical,
1985-013,1985-12-13 03:00:00,11.5,82.5,0.0,1985-12-13 03:00:00,0.0,carried_from_RI_ERA5_features_MVP.csv (raw NC absent in repo),0.25deg (documented),bilinear_storm_center,carried_historical,
1986-001,1986-01-07 12:00:00,5.5,83.0,0.0,1986-01-07 12:00:00,0.0,carried_from_RI_ERA5_features_MVP.csv (raw NC absent in repo),0.25deg (documented),bilinear_storm_center,carried_historical,
1986-004,1986-08-10 12:00:00,18.0,88.0,0.0,1986-08-10 12:00:00,0.0,carried_from_RI_ERA5_features_MVP.csv (raw NC absent in repo),0.25deg (documented),bilinear_storm_center,carried_historical,
1986-004,1986-08-11 03:00:00,18.0,86.5,0.0,1986-08-11 03:00:00,0.0,carried_from_RI_ERA5_features_MVP.csv (raw NC absent in repo),0.25deg (documented),bilinear_storm_center,carried_historical,
1986-004,1986-08-11 12:00:00,18.0,85.5,0.0,1986-08-11 12:00:00,0.0,carried_from_RI_ERA5_features_MVP.csv (raw NC absent in repo),0.25deg (documented),bilinear_storm_center,carried_historical,
1986-004,1986-08-12 03:00:00,18.0,84.5,0.0,1986-08-12 03:00:00,0.0,carried_from_RI_ERA5_features_MVP.csv (raw NC absent in repo),0.25deg (documented),bilinear_storm_center,carried_historical,
1986-004,1986-08-12 12:00:00,18.7,84.0,0.0,1986-08-12 12:00:00,0.0,carried_from_RI_ERA5_features_MVP.csv (raw NC absent in repo),0.25deg (documented),bilinear_storm_center,carried_historical,
1986-004,1986-08-13 03:00:00,19.4,83.4,0.0,1986-08-13 03:00:00,0.0,carried_from_RI_ERA5_features_MVP.csv (raw NC absent in repo),0.25deg (documented),bilinear_storm_center,carried_historical,
1986-004,1986-08-13 12:00:00,20.4,82.7,0.0,1986-08-13 12:00:00,0.0,carried_from_RI_ERA5_features_MVP.csv (raw NC absent in repo),0.25deg (documented),bilinear_storm_center,carried_historical,
1986-005,1986-08-19 03:00:00,21.2,88.0,0.0,1986-08-19 03:00:00,0.0,carried_from_RI_ERA5_features_MVP.csv (raw NC absent in repo),0.25deg (documented),bilinear_storm_center,carried_historical,
1986-005,1986-08-19 12:00:00,21.3,87.3,0.0,1986-08-19 12:00:00,0.0,carried_from_RI_ERA5_features_MVP.csv (raw NC absent in repo),0.25deg (documented),bilinear_storm_center,carried_historical,
1986-006,1986-09-24 03:00:00,20.5,88.0,0.0,1986-09-24 03:00:00,0.0,carried_from_RI_ERA5_features_MVP.csv (raw NC absent in repo),0.25deg (documented),bilinear_storm_center,carried_historical,
1986-006,1986-09-25 03:00:00,21.0,87.5,0.0,1986-09-25 03:00:00,0.0,carried_from_RI_ERA5_features_MVP.csv (raw NC absent in repo),0.25deg (documented),bilinear_storm_center,carried_historical,
1986-006,1986-09-25 12:00:00,21.5,86.7,0.0,1986-09-25 12:00:00,0.0,carried_from_RI_ERA5_features_MVP.csv (raw NC absent in repo),0.25deg (documented),bilinear_storm_center,carried_historical,
1986-007,1986-11-07 03:00:00,14.0,82.0,0.0,1986-11-07 03:00:00,0.0,carried_from_RI_ERA5_features_MVP.csv (raw NC absent in repo),0.25deg (documented),bilinear_storm_center,carried_historical,
1986-007,1986-11-07 12:00:00,15.0,82.0,0.0,1986-11-07 12:00:00,0.0,carried_from_RI_ERA5_features_MVP.csv (raw NC absent in repo),0.25deg (documented),bilinear_storm_center,carried_historical,
1986-007,1986-11-08 03:00:00,18.5,85.0,0.0,1986-11-08 03:00:00,0.0,carried_from_RI_ERA5_features_MVP.csv (raw NC absent in repo),0.25deg (documented),bilinear_storm_center,carried_historical,
1986-007,1986-11-08 12:00:00,19.5,86.0,0.0,1986-11-08 12:00:00,0.0,carried_from_RI_ERA5_features_MVP.csv (raw NC absent in repo),0.25deg (documented),bilinear_storm_center,carried_historical,
1987-001,1987-01-30 03:00:00,5.5,88.5,0.0,1987-01-30 03:00:00,0.0,carried_from_RI_ERA5_features_MVP.csv (raw NC absent in repo),0.25deg (documented),bilinear_storm_center,carried_historical,
1987-001,1987-01-30 12:00:00,6.0,88.5,0.0,1987-01-30 12:00:00,0.0,carried_from_RI_ERA5_features_MVP.csv (raw NC absent in repo),0.25deg (documented),bilinear_storm_center,carried_historical,
1987-001,1987-01-31 00:00:00,6.5,87.5,0.0,1987-01-31 00:00:00,0.0,carried_from_RI_ERA5_features_MVP.csv (raw NC absent in repo),0.25deg (documented),bilinear_storm_center,carried_historical,
1987-001,1987-01-31 03:00:00,7.0,87.0,0.0,1987-01-31 03:00:00,0.0,carried_from_RI_ERA5_features_MVP.csv (raw NC absent in repo),0.25deg (documented),bilinear_storm_center,carried_historical,
1987-001,1987-01-31 06:00:00,7.0,86.5,1.0,1987-01-31 06:00:00,0.0,carried_from_RI_ERA5_features_MVP.csv (raw NC absent in repo),0.25deg (documented),bilinear_storm_center,carried_historical,
1987-001,1987-01-31 12:00:00,7.5,86.0,0.0,1987-01-31 12:00:00,0.0,carried_from_RI_ERA5_features_MVP.csv (raw NC absent in repo),0.25deg (documented),bilinear_storm_center,carried_historical,
1987-001,1987-02-01 00:00:00,8.0,85.5,0.0,1987-02-01 00:00:00,0.0,carried_from_RI_ERA5_features_MVP.csv (raw NC absent in repo),0.25deg (documented),bilinear_storm_center,carried_historical,
1987-001,1987-02-01 06:00:00,8.5,85.5,0.0,1987-02-01 06:00:00,0.0,carried_from_RI_ERA5_features_MVP.csv (raw NC absent in repo),0.25deg (documented),bilinear_storm_center,carried_historical,
1987-001,1987-02-01 12:00:00,10.0,86.0,0.0,1987-02-01 12:00:00,0.0,carried_from_RI_ERA5_features_MVP.csv (raw NC absent in repo),0.25deg (documented),bilinear_storm_center,carried_historical,
1987-001,1987-02-02 00:00:00,12.5,87.0,0.0,1987-02-02 00:00:00,0.0,carried_from_RI_ERA5_features_MVP.csv (raw NC absent in repo),0.25deg (documented),bilinear_storm_center,carried_historical,
1987-001,1987-02-02 12:00:00,14.5,88.5,0.0,1987-02-02 12:00:00,0.0,carried_from_RI_ERA5_features_MVP.csv (raw NC absent in repo),0.25deg (documented),bilinear_storm_center,carried_historical,
1987-001,1987-02-03 00:00:00,15.5,89.5,0.0,1987-02-03 00:00:00,0.0,carried_from_RI_ERA5_features_MVP.csv (raw NC absent in repo),0.25deg (documented),bilinear_storm_center,carried_historical,
1987-001,1987-02-03 03:00:00,16.0,89.5,0.0,1987-02-03 03:00:00,0.0,carried_from_RI_ERA5_features_MVP.csv (raw NC absent in repo),0.25deg (documented),bilinear_storm_center,carried_historical,
1987-001,1987-02-03 12:00:00,17.0,90.0,0.0,1987-02-03 12:00:00,0.0,carried_from_RI_ERA5_features_MVP.csv (raw NC absent in repo),0.25deg (documented),bilinear_storm_center,carried_historical,
1987-002,1987-06-01 03:00:00,16.0,92.0,0.0,1987-06-01 03:00:00,0.0,carried_from_RI_ERA5_features_MVP.csv (raw NC absent in repo),0.25deg (documented),bilinear_storm_center,carried_historical,
1987-002,1987-06-01 12:00:00,16.0,91.0,0.0,1987-06-01 12:00:00,0.0,carried_from_RI_ERA5_features_MVP.csv (raw NC absent in repo),0.25deg (documented),bilinear_storm_center,carried_historical,
1987-002,1987-06-02 03:00:00,16.5,90.0,0.0,1987-06-02 03:00:00,0.0,carried_from_RI_ERA5_features_MVP.csv (raw NC absent in repo),0.25deg (documented),bilinear_storm_center,carried_historical,
1987-002,1987-06-02 12:00:00,17.0,88.0,0.0,1987-06-02 12:00:00,0.0,carried_from_RI_ERA5_features_MVP.csv (raw NC absent in repo),0.25deg (documented),bilinear_storm_center,carried_historical,
1987-002,1987-06-03 03:00:00,18.0,87.7,0.0,1987-06-03 03:00:00,0.0,carried_from_RI_ERA5_features_MVP.csv (raw NC absent in repo),0.25deg (documented),bilinear_storm_center,carried_historical,
1987-002,1987-06-03 12:00:00,19.0,88.0,0.0,1987-06-03 12:00:00,0.0,carried_from_RI_ERA5_features_MVP.csv (raw NC absent in repo),0.25deg (documented),bilinear_storm_center,carried_historical,
1987-002,1987-06-04 03:00:00,20.5,90.5,0.0,1987-06-04 03:00:00,0.0,carried_from_RI_ERA5_features_MVP.csv (raw NC absent in repo),0.25deg (documented),bilinear_storm_center,carried_historical,
1987-002,1987-06-04 06:00:00,21.0,90.5,0.0,1987-06-04 06:00:00,0.0,carried_from_RI_ERA5_features_MVP.csv (raw NC absent in repo),0.25deg (documented),bilinear_storm_center,carried_historical,
1987-003,1987-08-26 03:00:00,24.0,90.0,0.0,1987-08-26 03:00:00,0.0,carried_from_RI_ERA5_features_MVP.csv (raw NC absent in repo),0.25deg (documented),bilinear_storm_center,carried_historical,
1987-003,1987-08-26 12:00:00,24.5,88.5,0.0,1987-08-26 12:00:00,0.0,carried_from_RI_ERA5_features_MVP.csv (raw NC absent in repo),0.25deg (documented),bilinear_storm_center,carried_historical,
1987-003,1987-08-27 03:00:00,24.5,87.5,0.0,1987-08-27 03:00:00,0.0,carried_from_RI_ERA5_features_MVP.csv (raw NC absent in repo),0.25deg (documented),bilinear_storm_center,carried_historical,
1987-003,1987-08-27 12:00:00,24.8,85.5,0.0,1987-08-27 12:00:00,0.0,carried_from_RI_ERA5_features_MVP.csv (raw NC absent in repo),0.25deg (documented),bilinear_storm_center,carried_historical,
1987-003,1987-08-28 03:00:00,23.5,84.0,0.0,1987-08-28 03:00:00,0.0,carried_from_RI_ERA5_features_MVP.csv (raw NC absent in repo),0.25deg (documented),bilinear_storm_center,carried_historical,
1987-003,1987-08-28 12:00:00,24.0,82.0,0.0,1987-08-28 12:00:00,0.0,carried_from_RI_ERA5_features_MVP.csv (raw NC absent in repo),0.25deg (documented),bilinear_storm_center,carried_historical,
1987-004,1987-09-11 12:00:00,23.0,85.5,0.0,1987-09-11 12:00:00,0.0,carried_from_RI_ERA5_features_MVP.csv (raw NC absent in repo),0.25deg (documented),bilinear_storm_center,carried_historical,
1987-005,1987-09-15 03:00:00,23.0,82.0,0.0,1987-09-15 03:00:00,0.0,carried_from_RI_ERA5_features_MVP.csv (raw NC absent in repo),0.25deg (documented),bilinear_storm_center,carried_historical,
1987-005,1987-09-15 12:00:00,23.5,81.5,0.0,1987-09-15 12:00:00,0.0,carried_from_RI_ERA5_features_MVP.csv (raw NC absent in repo),0.25deg (documented),bilinear_storm_center,carried_historical,
1987-006,1987-10-14 03:00:00,13.0,87.5,0.0,1987-10-14 03:00:00,0.0,carried_from_RI_ERA5_features_MVP.csv (raw NC absent in repo),0.25deg (documented),bilinear_storm_center,carried_historical,
1987-006,1987-10-14 12:00:00,14.0,86.5,0.0,1987-10-14 12:00:00,0.0,carried_from_RI_ERA5_features_MVP.csv (raw NC absent in repo),0.25deg (documented),bilinear_storm_center,carried_historical,
1987-006,1987-10-15 03:00:00,14.5,83.0,0.0,1987-10-15 03:00:00,0.0,carried_from_RI_ERA5_features_MVP.csv (raw NC absent in repo),0.25deg (documented),bilinear_storm_center,carried_historical,
1987-006,1987-10-15 12:00:00,15.0,82.0,0.0,1987-10-15 12:00:00,0.0,carried_from_RI_ERA5_features_MVP.csv (raw NC absent in repo),0.25deg (documented),bilinear_storm_center,carried_historical,
1987-006,1987-10-16 03:00:00,16.0,80.0,0.0,1987-10-16 03:00:00,0.0,carried_from_RI_ERA5_features_MVP.csv (raw NC absent in repo),0.25deg (documented),bilinear_storm_center,carried_historical,
1987-006,1987-10-16 12:00:00,16.5,78.0,0.0,1987-10-16 12:00:00,0.0,carried_from_RI_ERA5_features_MVP.csv (raw NC absent in repo),0.25deg (documented),bilinear_storm_center,carried_historical,
1987-006,1987-10-17 03:00:00,17.5,76.0,0.0,1987-10-17 03:00:00,0.0,carried_from_RI_ERA5_features_MVP.csv (raw NC absent in repo),0.25deg (documented),bilinear_storm_center,carried_historical,
1987-006,1987-10-17 12:00:00,19.0,75.0,0.0,1987-10-17 12:00:00,0.0,carried_from_RI_ERA5_features_MVP.csv (raw NC absent in repo),0.25deg (documented),bilinear_storm_center,carried_historical,
1987-006,1987-10-18 03:00:00,20.5,74.5,0.0,1987-10-18 03:00:00,0.0,carried_from_RI_ERA5_features_MVP.csv (raw NC absent in repo),0.25deg (documented),bilinear_storm_center,carried_historical,
1987-006,1987-10-18 12:00:00,22.0,76.0,0.0,1987-10-18 12:00:00,0.0,carried_from_RI_ERA5_features_MVP.csv (raw NC absent in repo),0.25deg (documented),bilinear_storm_center,carried_historical,
1987-007,1987-10-31 03:00:00,11.5,86.5,0.0,1987-10-31 03:00:00,0.0,carried_from_RI_ERA5_features_MVP.csv (raw NC absent in repo),0.25deg (documented),bilinear_storm_center,carried_historical,
1987-007,1987-10-31 12:00:00,12.5,85.5,0.0,1987-10-31 12:00:00,0.0,carried_from_RI_ERA5_features_MVP.csv (raw NC absent in repo),0.25deg (documented),bilinear_storm_center,carried_historical,
1987-007,1987-10-31 18:00:00,13.0,85.5,0.0,1987-10-31 18:00:00,0.0,carried_from_RI_ERA5_features_MVP.csv (raw NC absent in repo),0.25deg (documented),bilinear_storm_center,carried_historical,
1987-007,1987-11-01 00:00:00,13.5,85.0,0.0,1987-11-01 00:00:00,0.0,carried_from_RI_ERA5_features_MVP.csv (raw NC absent in repo),0.25deg (documented),bilinear_storm_center,carried_historical,
1987-007,1987-11-01 03:00:00,13.5,85.0,0.0,1987-11-01 03:00:00,0.0,carried_from_RI_ERA5_features_MVP.csv (raw NC absent in repo),0.25deg (documented),bilinear_storm_center,carried_historical,
1987-007,1987-11-01 12:00:00,13.5,84.0,0.0,1987-11-01 12:00:00,0.0,carried_from_RI_ERA5_features_MVP.csv (raw NC absent in repo),0.25deg (documented),bilinear_storm_center,carried_historical,
1987-007,1987-11-01 18:00:00,13.5,83.5,0.0,1987-11-01 18:00:00,0.0,carried_from_RI_ERA5_features_MVP.csv (raw NC absent in repo),0.25deg (documented),bilinear_storm_center,carried_historical,
1987-007,1987-11-02 00:00:00,13.5,82.5,0.0,1987-11-02 00:00:00,0.0,carried_from_RI_ERA5_features_MVP.csv (raw NC absent in repo),0.25deg (documented),bilinear_storm_center,carried_historical,
1987-007,1987-11-02 03:00:00,13.5,82.0,0.0,1987-11-02 03:00:00,0.0,carried_from_RI_ERA5_features_MVP.csv (raw NC absent in repo),0.25deg (documented),bilinear_storm_center,carried_historical,
1987-007,1987-11-02 06:00:00,14.0,81.5,0.0,1987-11-02 06:00:00,0.0,carried_from_RI_ERA5_features_MVP.csv (raw NC absent in repo),0.25deg (documented),bilinear_storm_center,carried_historical,
1987-007,1987-11-02 12:00:00,14.5,81.0,0.0,1987-11-02 12:00:00,0.0,carried_from_RI_ERA5_features_MVP.csv (raw NC absent in repo),0.25deg (documented),bilinear_storm_center,carried_historical,
1987-008,1987-11-11 06:00:00,14.5,89.0,0.0,1987-11-11 06:00:00,0.0,carried_from_RI_ERA5_features_MVP.csv (raw NC absent in repo),0.25deg (documented),bilinear_storm_center,carried_historical,
1987-008,1987-11-11 12:00:00,14.5,88.0,1.0,1987-11-11 12:00:00,0.0,carried_from_RI_ERA5_features_MVP.csv (raw NC absent in repo),0.25deg (documented),bilinear_storm_center,carried_historical,
1987-008,1987-11-11 18:00:00,14.5,86.5,0.0,1987-11-11 18:00:00,0.0,carried_from_RI_ERA5_features_MVP.csv (raw NC absent in repo),0.25deg (documented),bilinear_storm_center,carried_historical,
1987-008,1987-11-12 00:00:00,14.5,85.0,0.0,1987-11-12 00:00:00,0.0,carried_from_RI_ERA5_features_MVP.csv (raw NC absent in repo),0.25deg (documented),bilinear_storm_center,carried_historical,
1987-008,1987-11-12 03:00:00,14.5,84.5,0.0,1987-11-12 03:00:00,0.0,carried_from_RI_ERA5_features_MVP.csv (raw NC absent in repo),0.25deg (documented),bilinear_storm_center,carried_historical,
1987-008,1987-11-12 06:00:00,15.0,83.0,0.0,1987-11-12 06:00:00,0.0,carried_from_RI_ERA5_features_MVP.csv (raw NC absent in repo),0.25deg (documented),bilinear_storm_center,carried_historical,
1987-009,1987-12-19 12:00:00,10.5,82.0,0.0,1987-12-19 12:00:00,0.0,carried_from_RI_ERA5_features_MVP.csv (raw NC absent in repo),0.25deg (documented),bilinear_storm_center,carried_historical,
1987-009,1987-12-19 18:00:00,10.5,82.0,0.0,1987-12-19 18:00:00,0.0,carried_from_RI_ERA5_features_MVP.csv (raw NC absent in repo),0.25deg (documented),bilinear_storm_center,carried_historical,
1987-009,1987-12-20 00:00:00,10.5,82.0,0.0,1987-12-20 00:00:00,0.0,carried_from_RI_ERA5_features_MVP.csv (raw NC absent in repo),0.25deg (documented),bilinear_storm_center,carried_historical,
1987-009,1987-12-20 03:00:00,10.5,82.0,0.0,1987-12-20 03:00:00,0.0,carried_from_RI_ERA5_features_MVP.csv (raw NC absent in repo),0.25deg (documented),bilinear_storm_center,carried_historical,
1987-009,1987-12-20 12:00:00,11.0,82.5,0.0,1987-12-20 12:00:00,0.0,carried_from_RI_ERA5_features_MVP.csv (raw NC absent in repo),0.25deg (documented),bilinear_storm_center,carried_historical,
1987-009,1987-12-20 18:00:00,11.5,83.5,0.0,1987-12-20 18:00:00,0.0,carried_from_RI_ERA5_features_MVP.csv (raw NC absent in repo),0.25deg (documented),bilinear_storm_center,carried_historical,
1987-009,1987-12-21 00:00:00,12.0,84.0,0.0,1987-12-21 00:00:00,0.0,carried_from_RI_ERA5_features_MVP.csv (raw NC absent in repo),0.25deg (documented),bilinear_storm_center,carried_historical,
1987-009,1987-12-21 03:00:00,12.0,84.5,0.0,1987-12-21 03:00:00,0.0,carried_from_RI_ERA5_features_MVP.csv (raw NC absent in repo),0.25deg (documented),bilinear_storm_center,carried_historical,
1987-009,1987-12-21 06:00:00,12.0,89.5,0.0,1987-12-21 06:00:00,0.0,carried_from_RI_ERA5_features_MVP.csv (raw NC absent in repo),0.25deg (documented),bilinear_storm_center,carried_historical,
1987-009,1987-12-21 12:00:00,12.0,84.5,0.0,1987-12-21 12:00:00,0.0,carried_from_RI_ERA5_features_MVP.csv (raw NC absent in repo),0.25deg (documented),bilinear_storm_center,carried_historical,
1987-009,1987-12-21 18:00:00,11.5,84.0,0.0,1987-12-21 18:00:00,0.0,carried_from_RI_ERA5_features_MVP.csv (raw NC absent in repo),0.25deg (documented),bilinear_storm_center,carried_historical,
1988-001,1988-06-08 12:00:00,21.0,88.5,0.0,1988-06-08 12:00:00,0.0,carried_from_RI_ERA5_features_MVP.csv (raw NC absent in repo),0.25deg (documented),bilinear_storm_center,carried_historical,
1988-001,1988-06-09 03:00:00,22.0,87.6,0.0,1988-06-09 03:00:00,0.0,carried_from_RI_ERA5_features_MVP.csv (raw NC absent in repo),0.25deg (documented),bilinear_storm_center,carried_historical,
1988-003,1988-07-17 03:00:00,18.0,86.0,0.0,1988-07-17 03:00:00,0.0,carried_from_RI_ERA5_features_MVP.csv (raw NC absent in repo),0.25deg (documented),bilinear_storm_center,carried_historical,
1988-003,1988-07-17 12:00:00,18.3,85.9,0.0,1988-07-17 12:00:00,0.0,carried_from_RI_ERA5_features_MVP.csv (raw NC absent in repo),0.25deg (documented),bilinear_storm_center,carried_historical,
1988-004,1988-08-02 03:00:00,21.6,89.2,0.0,1988-08-02 03:00:00,0.0,carried_from_RI_ERA5_features_MVP.csv (raw NC absent in repo),0.25deg (documented),bilinear_storm_center,carried_historical,
1988-004,1988-08-02 12:00:00,21.5,88.5,0.0,1988-08-02 12:00:00,0.0,carried_from_RI_ERA5_features_MVP.csv (raw NC absent in repo),0.25deg (documented),bilinear_storm_center,carried_historical,
1988-004,1988-08-03 03:00:00,22.2,85.6,0.0,1988-08-03 03:00:00,0.0,carried_from_RI_ERA5_features_MVP.csv (raw NC absent in repo),0.25deg (documented),bilinear_storm_center,carried_historical,
1988-004,1988-08-03 12:00:00,22.9,83.4,0.0,1988-08-03 12:00:00,0.0,carried_from_RI_ERA5_features_MVP.csv (raw NC absent in repo),0.25deg (documented),bilinear_storm_center,carried_historical,
1988-004,1988-08-04 03:00:00,24.1,79.8,0.0,1988-08-04 03:00:00,0.0,carried_from_RI_ERA5_features_MVP.csv (raw NC absent in repo),0.25deg (documented),bilinear_storm_center,carried_historical,
1988-004,1988-08-04 12:00:00,24.4,78.0,0.0,1988-08-04 12:00:00,0.0,carried_from_RI_ERA5_features_MVP.csv (raw NC absent in repo),0.25deg (documented),bilinear_storm_center,carried_historical,
1988-004,1988-08-05 03:00:00,25.0,75.1,0.0,1988-08-05 03:00:00,0.0,carried_from_RI_ERA5_features_MVP.csv (raw NC absent in repo),0.25deg (documented),bilinear_storm_center,carried_historical,
1988-005,1988-10-01 03:00:00,17.5,84.5,0.0,1988-10-01 03:00:00,0.0,carried_from_RI_ERA5_features_MVP.csv (raw NC absent in repo),0.25deg (documented),bilinear_storm_center,carried_historical,
1988-005,1988-10-01 12:00:00,18.3,82.9,0.0,1988-10-01 12:00:00,0.0,carried_from_RI_ERA5_features_MVP.csv (raw NC absent in repo),0.25deg (documented),bilinear_storm_center,carried_historical,
1988-005,1988-10-02 03:00:00,19.6,80.1,0.0,1988-10-02 03:00:00,0.0,carried_from_RI_ERA5_features_MVP.csv (raw NC absent in repo),0.25deg (documented),bilinear_storm_center,carried_historical,
1988-007,1988-11-15 03:00:00,9.5,87.0,0.0,1988-11-15 03:00:00,0.0,carried_from_RI_ERA5_features_MVP.csv (raw NC absent in repo),0.25deg (documented),bilinear_storm_center,carried_historical,
1988-007,1988-11-15 12:00:00,10.0,87.5,0.0,1988-11-15 12:00:00,0.0,carried_from_RI_ERA5_features_MVP.csv (raw NC absent in repo),0.25deg (documented),bilinear_storm_center,carried_historical,
1988-008,1988-11-23 12:00:00,9.0,94.0,0.0,1988-11-23 12:00:00,0.0,carried_from_RI_ERA5_features_MVP.csv (raw NC absent in repo),0.25deg (documented),bilinear_storm_center,carried_historical,
1988-008,1988-11-24 03:00:00,10.0,94.0,1.0,1988-11-24 03:00:00,0.0,carried_from_RI_ERA5_features_MVP.csv (raw NC absent in repo),0.25deg (documented),bilinear_storm_center,carried_historical,
1988-008,1988-11-24 12:00:00,11.0,93.5,1.0,1988-11-24 12:00:00,0.0,carried_from_RI_ERA5_features_MVP.csv (raw NC absent in repo),0.25deg (documented),bilinear_storm_center,carried_historical,
1988-008,1988-11-25 06:00:00,11.5,92.0,0.0,1988-11-25 06:00:00,0.0,carried_from_RI_ERA5_features_MVP.csv (raw NC absent in repo),0.25deg (documented),bilinear_storm_center,carried_historical,
1988-008,1988-11-25 12:00:00,11.5,90.5,0.0,1988-11-25 12:00:00,0.0,carried_from_RI_ERA5_features_MVP.csv (raw NC absent in repo),0.25deg (documented),bilinear_storm_center,carried_historical,
1988-008,1988-11-27 03:00:00,13.5,87.5,0.0,1988-11-27 03:00:00,0.0,carried_from_RI_ERA5_features_MVP.csv (raw NC absent in repo),0.25deg (documented),bilinear_storm_center,carried_historical,
1988-008,1988-11-28 03:00:00,19.0,85.8,0.0,1988-11-28 03:00:00,0.0,carried_from_RI_ERA5_features_MVP.csv (raw NC absent in repo),0.25deg (documented),bilinear_storm_center,carried_historical,
1988-009,1988-12-06 12:00:00,8.0,90.0,0.0,1988-12-06 12:00:00,0.0,carried_from_RI_ERA5_features_MVP.csv (raw NC absent in repo),0.25deg (documented),bilinear_storm_center,carried_historical,
1988-009,1988-12-07 03:00:00,10.0,88.5,0.0,1988-12-07 03:00:00,0.0,carried_from_RI_ERA5_features_MVP.csv (raw NC absent in repo),0.25deg (documented),bilinear_storm_center,carried_historical,
1988-009,1988-12-07 12:00:00,11.0,89.5,0.0,1988-12-07 12:00:00,0.0,carried_from_RI_ERA5_features_MVP.csv (raw NC absent in repo),0.25deg (documented),bilinear_storm_center,carried_historical,
1989-001,1989-05-23 03:00:00,17.5,90.6,1.0,1989-05-23 03:00:00,0.0,carried_from_RI_ERA5_features_MVP.csv (raw NC absent in repo),0.25deg (documented),bilinear_storm_center,carried_historical,
1989-001,1989-05-23 12:00:00,18.8,90.4,0.0,1989-05-23 12:00:00,0.0,carried_from_RI_ERA5_features_MVP.csv (raw NC absent in repo),0.25deg (documented),bilinear_storm_center,carried_historical,
1989-001,1989-05-24 03:00:00,19.5,89.7,0.0,1989-05-24 03:00:00,0.0,carried_from_RI_ERA5_features_MVP.csv (raw NC absent in repo),0.25deg (documented),bilinear_storm_center,carried_historical,
1989-001,1989-05-25 03:00:00,19.6,88.1,1.0,1989-05-25 03:00:00,0.0,carried_from_RI_ERA5_features_MVP.csv (raw NC absent in repo),0.25deg (documented),bilinear_storm_center,carried_historical,
1989-001,1989-05-26 03:00:00,20.6,87.5,0.0,1989-05-26 03:00:00,0.0,carried_from_RI_ERA5_features_MVP.csv (raw NC absent in repo),0.25deg (documented),bilinear_storm_center,carried_historical,
1989-001,1989-05-26 12:00:00,21.5,87.2,0.0,1989-05-26 12:00:00,0.0,carried_from_RI_ERA5_features_MVP.csv (raw NC absent in repo),0.25deg (documented),bilinear_storm_center,carried_historical,
1989-003,1989-06-12 03:00:00,19.5,88.0,0.0,1989-06-12 03:00:00,0.0,carried_from_RI_ERA5_features_MVP.csv (raw NC absent in repo),0.25deg (documented),bilinear_storm_center,carried_historical,
1989-003,1989-06-12 12:00:00,19.5,87.5,0.0,1989-06-12 12:00:00,0.0,carried_from_RI_ERA5_features_MVP.csv (raw NC absent in repo),0.25deg (documented),bilinear_storm_center,carried_historical,
1989-003,1989-06-13 03:00:00,20.0,86.9,0.0,1989-06-13 03:00:00,0.0,carried_from_RI_ERA5_features_MVP.csv (raw NC absent in repo),0.25deg (documented),bilinear_storm_center,carried_historical,
1989-003,1989-06-13 12:00:00,21.4,86.9,0.0,1989-06-13 12:00:00,0.0,carried_from_RI_ERA5_features_MVP.csv (raw NC absent in repo),0.25deg (documented),bilinear_storm_center,carried_historical,
1989-005,1989-07-21 12:00:00,18.0,86.7,0.0,1989-07-21 12:00:00,0.0,carried_from_RI_ERA5_features_MVP.csv (raw NC absent in repo),0.25deg (documented),bilinear_storm_center,carried_historical,
1989-005,1989-07-22 03:00:00,18.0,86.0,0.0,1989-07-22 03:00:00,0.0,carried_from_RI_ERA5_features_MVP.csv (raw NC absent in repo),0.25deg (documented),bilinear_storm_center,carried_historical,
1989-005,1989-07-22 12:00:00,18.0,85.0,0.0,1989-07-22 12:00:00,0.0,carried_from_RI_ERA5_features_MVP.csv (raw NC absent in repo),0.25deg (documented),bilinear_storm_center,carried_historical,
1989-005,1989-07-23 03:00:00,18.6,82.0,0.0,1989-07-23 03:00:00,0.0,carried_from_RI_ERA5_features_MVP.csv (raw NC absent in repo),0.25deg (documented),bilinear_storm_center,carried_historical,
1989-005,1989-07-23 12:00:00,19.5,78.0,0.0,1989-07-23 12:00:00,0.0,carried_from_RI_ERA5_features_MVP.csv (raw NC absent in repo),0.25deg (documented),bilinear_storm_center,carried_historical,
1989-005,1989-07-24 03:00:00,20.5,77.0,0.0,1989-07-24 03:00:00,0.0,carried_from_RI_ERA5_features_MVP.csv (raw NC absent in repo),0.25deg (documented),bilinear_storm_center,carried_historical,
1989-005,1989-07-24 12:00:00,22.3,74.1,0.0,1989-07-24 12:00:00,0.0,carried_from_RI_ERA5_features_MVP.csv (raw NC absent in repo),0.25deg (documented),bilinear_storm_center,carried_historical,
1989-006,1989-08-16 03:00:00,16.5,86.0,0.0,1989-08-16 03:00:00,0.0,carried_from_RI_ERA5_features_MVP.csv (raw NC absent in repo),0.25deg (documented),bilinear_storm_center,carried_historical,
1989-006,1989-08-16 12:00:00,17.0,85.0,0.0,1989-08-16 12:00:00,0.0,carried_from_RI_ERA5_features_MVP.csv (raw NC absent in repo),0.25deg (documented),bilinear_storm_center,carried_historical,
1989-007,1989-10-17 03:00:00,17.5,89.5,0.0,1989-10-17 03:00:00,0.0,carried_from_RI_ERA5_features_MVP.csv (raw NC absent in repo),0.25deg (documented),bilinear_storm_center,carried_historical,
1989-008,1989-11-01 03:00:00,8.0,103.0,0.0,1989-11-01 03:00:00,0.0,carried_from_RI_ERA5_features_MVP.csv (raw NC absent in repo),0.25deg (documented),bilinear_storm_center,carried_historical,
1989-008,1989-11-01 12:00:00,8.0,102.5,0.0,1989-11-01 12:00:00,0.0,carried_from_RI_ERA5_features_MVP.csv (raw NC absent in repo),0.25deg (documented),bilinear_storm_center,carried_historical,
1989-008,1989-11-02 03:00:00,8.5,102.5,0.0,1989-11-02 03:00:00,0.0,carried_from_RI_ERA5_features_MVP.csv (raw NC absent in repo),0.25deg (documented),bilinear_storm_center,carried_historical,
1989-008,1989-11-03 03:00:00,9.5,101.5,1.0,1989-11-03 03:00:00,0.0,carried_from_RI_ERA5_features_MVP.csv (raw NC absent in repo),0.25deg (documented),bilinear_storm_center,carried_historical,
1989-008,1989-11-04 12:00:00,11.0,98.0,0.0,1989-11-04 12:00:00,0.0,carried_from_RI_ERA5_features_MVP.csv (raw NC absent in repo),0.25deg (documented),bilinear_storm_center,carried_historical,
1989-008,1989-11-08 03:00:00,14.5,83.4,0.0,1989-11-08 03:00:00,0.0,carried_from_RI_ERA5_features_MVP.csv (raw NC absent in repo),0.25deg (documented),bilinear_storm_center,carried_historical,
1989-010,1989-11-16 12:00:00,10.5,85.0,0.0,1989-11-16 12:00:00,0.0,carried_from_RI_ERA5_features_MVP.csv (raw NC absent in repo),0.25deg (documented),bilinear_storm_center,carried_historical,
1989-010,1989-11-17 03:00:00,10.5,84.5,0.0,1989-11-17 03:00:00,0.0,carried_from_RI_ERA5_features_MVP.csv (raw NC absent in repo),0.25deg (documented),bilinear_storm_center,carried_historical,
1989-010,1989-11-17 12:00:00,10.0,84.0,0.0,1989-11-17 12:00:00,0.0,carried_from_RI_ERA5_features_MVP.csv (raw NC absent in repo),0.25deg (documented),bilinear_storm_center,carried_historical,
1989-010,1989-11-18 03:00:00,10.0,84.0,0.0,1989-11-18 03:00:00,0.0,carried_from_RI_ERA5_features_MVP.csv (raw NC absent in repo),0.25deg (documented),bilinear_storm_center,carried_historical,
1989-010,1989-11-18 12:00:00,9.0,83.5,0.0,1989-11-18 12:00:00,0.0,carried_from_RI_ERA5_features_MVP.csv (raw NC absent in repo),0.25deg (documented),bilinear_storm_center,carried_historical,
1989-010,1989-11-19 03:00:00,9.0,83.0,0.0,1989-11-19 03:00:00,0.0,carried_from_RI_ERA5_features_MVP.csv (raw NC absent in repo),0.25deg (documented),bilinear_storm_center,carried_historical,
1990-001,1990-05-04 06:00:00,8.5,87.0,0.0,1990-05-04 06:00:00,0.0,carried_from_RI_ERA5_features_MVP.csv (raw NC absent in repo),0.25deg (documented),bilinear_storm_center,carried_historical,
1990-001,1990-05-04 12:00:00,9.5,87.0,0.0,1990-05-04 12:00:00,0.0,carried_from_RI_ERA5_features_MVP.csv (raw NC absent in repo),0.25deg (documented),bilinear_storm_center,carried_historical,
1990-001,1990-05-04 18:00:00,9.5,86.0,1.0,1990-05-04 18:00:00,0.0,carried_from_RI_ERA5_features_MVP.csv (raw NC absent in repo),0.25deg (documented),bilinear_storm_center,carried_historical,
1990-001,1990-05-05 00:00:00,10.0,85.5,0.0,1990-05-05 00:00:00,0.0,carried_from_RI_ERA5_features_MVP.csv (raw NC absent in repo),0.25deg (documented),bilinear_storm_center,carried_historical,
1990-001,1990-05-05 06:00:00,10.0,85.0,1.0,1990-05-05 06:00:00,0.0,carried_from_RI_ERA5_features_MVP.csv (raw NC absent in repo),0.25deg (documented),bilinear_storm_center,carried_historical,
1990-001,1990-05-05 12:00:00,10.1,84.7,1.0,1990-05-05 12:00:00,0.0,carried_from_RI_ERA5_features_MVP.csv (raw NC absent in repo),0.25deg (documented),bilinear_storm_center,carried_historical,
1990-001,1990-05-05 18:00:00,10.3,83.9,0.0,1990-05-05 18:00:00,0.0,carried_from_RI_ERA5_features_MVP.csv (raw NC absent in repo),0.25deg (documented),bilinear_storm_center,carried_historical,
1990-001,1990-05-06 00:00:00,10.3,83.3,1.0,1990-05-06 00:00:00,0.0,carried_from_RI_ERA5_features_MVP.csv (raw NC absent in repo),0.25deg (documented),bilinear_storm_center,carried_historical,
1990-001,1990-05-06 06:00:00,10.0,83.2,1.0,1990-05-06 06:00:00,0.0,carried_from_RI_ERA5_features_MVP.csv (raw NC absent in repo),0.25deg (documented),bilinear_storm_center,carried_historical,
1990-001,1990-05-06 12:00:00,10.2,82.9,1.0,1990-05-06 12:00:00,0.0,carried_from_RI_ERA5_features_MVP.csv (raw NC absent in repo),0.25deg (documented),bilinear_storm_center,carried_historical,
1990-001,1990-05-06 18:00:00,10.3,82.5,0.0,1990-05-06 18:00:00,0.0,carried_from_RI_ERA5_features_MVP.csv (raw NC absent in repo),0.25deg (documented),bilinear_storm_center,carried_historical,
1990-001,1990-05-07 00:00:00,11.3,82.3,1.0,1990-05-07 00:00:00,0.0,carried_from_RI_ERA5_features_MVP.csv (raw NC absent in repo),0.25deg (documented),bilinear_storm_center,carried_historical,
1990-001,1990-05-07 06:00:00,11.3,81.8,0.0,1990-05-07 06:00:00,0.0,carried_from_RI_ERA5_features_MVP.csv (raw NC absent in repo),0.25deg (documented),bilinear_storm_center,carried_historical,
1990-001,1990-05-07 12:00:00,11.4,81.7,0.0,1990-05-07 12:00:00,0.0,carried_from_RI_ERA5_features_MVP.csv (raw NC absent in repo),0.25deg (documented),bilinear_storm_center,carried_historical,
1990-001,1990-05-07 18:00:00,14.5,80.8,0.0,1990-05-07 18:00:00,0.0,carried_from_RI_ERA5_features_MVP.csv (raw NC absent in repo),0.25deg (documented),bilinear_storm_center,carried_historical,
1990-001,1990-05-08 00:00:00,13.3,81.8,0.0,1990-05-08 00:00:00,0.0,carried_from_RI_ERA5_features_MVP.csv (raw NC absent in repo),0.25deg (documented),bilinear_storm_center,carried_historical,
1990-001,1990-05-08 06:00:00,13.6,81.4,0.0,1990-05-08 06:00:00,0.0,carried_from_RI_ERA5_features_MVP.csv (raw NC absent in repo),0.25deg (documented),bilinear_storm_center,carried_historical,
1990-001,1990-05-08 12:00:00,13.9,81.1,0.0,1990-05-08 12:00:00,0.0,carried_from_RI_ERA5_features_MVP.csv (raw NC absent in repo),0.25deg (documented),bilinear_storm_center,carried_historical,
1990-001,1990-05-08 18:00:00,14.5,80.8,0.0,1990-05-08 18:00:00,0.0,carried_from_RI_ERA5_features_MVP.csv (raw NC absent in repo),0.25deg (documented),bilinear_storm_center,carried_historical,
1990-001,1990-05-09 00:00:00,15.1,81.0,0.0,1990-05-09 00:00:00,0.0,carried_from_RI_ERA5_features_MVP.csv (raw NC absent in repo),0.25deg (documented),bilinear_storm_center,carried_historical,
1990-001,1990-05-09 06:00:00,15.4,80.9,0.0,1990-05-09 06:00:00,0.0,carried_from_RI_ERA5_features_MVP.csv (raw NC absent in repo),0.25deg (documented),bilinear_storm_center,carried_historical,
1990-001,1990-05-09 12:00:00,15.9,81.0,0.0,1990-05-09 12:00:00,0.0,carried_from_RI_ERA5_features_MVP.csv (raw NC absent in repo),0.25deg (documented),bilinear_storm_center,carried_historical,
1990-002,1990-06-13 12:00:00,21.0,89.0,0.0,1990-06-13 12:00:00,0.0,carried_from_RI_ERA5_features_MVP.csv (raw NC absent in repo),0.25deg (documented),bilinear_storm_center,carried_historical,
1990-002,1990-06-13 18:00:00,21.5,88.5,0.0,1990-06-13 18:00:00,0.0,carried_from_RI_ERA5_features_MVP.csv (raw NC absent in repo),0.25deg (documented),bilinear_storm_center,carried_historical,
1990-002,1990-06-14 00:00:00,21.5,88.0,0.0,1990-06-14 00:00:00,0.0,carried_from_RI_ERA5_features_MVP.csv (raw NC absent in repo),0.25deg (documented),bilinear_storm_center,carried_historical,
1990-002,1990-06-14 06:00:00,22.0,87.0,0.0,1990-06-14 06:00:00,0.0,carried_from_RI_ERA5_features_MVP.csv (raw NC absent in repo),0.25deg (documented),bilinear_storm_center,carried_historical,
1990-003,1990-08-14 12:00:00,19.0,87.5,0.0,1990-08-14 12:00:00,0.0,carried_from_RI_ERA5_features_MVP.csv (raw NC absent in repo),0.25deg (documented),bilinear_storm_center,carried_historical,
1990-003,1990-08-14 18:00:00,19.0,86.5,0.0,1990-08-14 18:00:00,0.0,carried_from_RI_ERA5_features_MVP.csv (raw NC absent in repo),0.25deg (documented),bilinear_storm_center,carried_historical,
1990-003,1990-08-15 00:00:00,19.0,86.0,0.0,1990-08-15 00:00:00,0.0,carried_from_RI_ERA5_features_MVP.csv (raw NC absent in repo),0.25deg (documented),bilinear_storm_center,carried_historical,
1990-003,1990-08-15 06:00:00,19.5,85.0,0.0,1990-08-15 06:00:00,0.0,carried_from_RI_ERA5_features_MVP.csv (raw NC absent in repo),0.25deg (documented),bilinear_storm_center,carried_historical,
1990-003,1990-08-15 12:00:00,20.5,83.5,0.0,1990-08-15 12:00:00,0.0,carried_from_RI_ERA5_features_MVP.csv (raw NC absent in repo),0.25deg (documented),bilinear_storm_center,carried_historical,
1990-003,1990-08-15 18:00:00,21.5,82.5,0.0,1990-08-15 18:00:00,0.0,carried_from_RI_ERA5_features_MVP.csv (raw NC absent in repo),0.25deg (documented),bilinear_storm_center,carried_historical,
1990-003,1990-08-16 00:00:00,21.5,81.5,0.0,1990-08-16 00:00:00,0.0,carried_from_RI_ERA5_features_MVP.csv (raw NC absent in repo),0.25deg (documented),bilinear_storm_center,carried_historical,
1990-004,1990-08-20 06:00:00,20.0,88.5,0.0,1990-08-20 06:00:00,0.0,carried_from_RI_ERA5_features_MVP.csv (raw NC absent in repo),0.25deg (documented),bilinear_storm_center,carried_historical,
1990-004,1990-08-20 12:00:00,20.5,88.5,0.0,1990-08-20 12:00:00,0.0,carried_from_RI_ERA5_features_MVP.csv (raw NC absent in repo),0.25deg (documented),bilinear_storm_center,carried_historical,
1990-004,1990-08-20 18:00:00,20.5,87.5,0.0,1990-08-20 18:00:00,0.0,carried_from_RI_ERA5_features_MVP.csv (raw NC absent in repo),0.25deg (documented),bilinear_storm_center,carried_historical,
1990-004,1990-08-21 00:00:00,20.5,86.0,0.0,1990-08-21 00:00:00,0.0,carried_from_RI_ERA5_features_MVP.csv (raw NC absent in repo),0.25deg (documented),bilinear_storm_center,carried_historical,
1990-004,1990-08-21 06:00:00,20.5,86.0,0.0,1990-08-21 06:00:00,0.0,carried_from_RI_ERA5_features_MVP.csv (raw NC absent in repo),0.25deg (documented),bilinear_storm_center,carried_historical,
1990-004,1990-08-21 12:00:00,20.5,84.0,0.0,1990-08-21 12:00:00,0.0,carried_from_RI_ERA5_features_MVP.csv (raw NC absent in repo),0.25deg (documented),bilinear_storm_center,carried_historical,
1990-004,1990-08-21 18:00:00,20.5,83.0,0.0,1990-08-21 18:00:00,0.0,carried_from_RI_ERA5_features_MVP.csv (raw NC absent in repo),0.25deg (documented),bilinear_storm_center,carried_historical,
1990-004,1990-08-22 00:00:00,21.0,82.0,0.0,1990-08-22 00:00:00,0.0,carried_from_RI_ERA5_features_MVP.csv (raw NC absent in repo),0.25deg (documented),bilinear_storm_center,carried_historical,
1990-004,1990-08-22 06:00:00,21.5,81.0,0.0,1990-08-22 06:00:00,0.0,carried_from_RI_ERA5_features_MVP.csv (raw NC absent in repo),0.25deg (documented),bilinear_storm_center,carried_historical,
1990-004,1990-08-22 12:00:00,21.5,80.5,0.0,1990-08-22 12:00:00,0.0,carried_from_RI_ERA5_features_MVP.csv (raw NC absent in repo),0.25deg (documented),bilinear_storm_center,carried_historical,
1990-004,1990-08-22 18:00:00,22.0,79.0,0.0,1990-08-22 18:00:00,0.0,carried_from_RI_ERA5_features_MVP.csv (raw NC absent in repo),0.25deg (documented),bilinear_storm_center,carried_historical,
1990-004,1990-08-23 00:00:00,22.5,77.5,0.0,1990-08-23 00:00:00,0.0,carried_from_RI_ERA5_features_MVP.csv (raw NC absent in repo),0.25deg (documented),bilinear_storm_center,carried_historical,
1990-004,1990-08-23 06:00:00,23.0,77.5,0.0,1990-08-23 06:00:00,0.0,carried_from_RI_ERA5_features_MVP.csv (raw NC absent in repo),0.25deg (documented),bilinear_storm_center,carried_historical,
1990-004,1990-08-23 12:00:00,23.5,77.0,0.0,1990-08-23 12:00:00,0.0,carried_from_RI_ERA5_features_MVP.csv (raw NC absent in repo),0.25deg (documented),bilinear_storm_center,carried_historical,
1990-005,1990-09-03 06:00:00,22.5,88.2,0.0,1990-09-03 06:00:00,0.0,carried_from_RI_ERA5_features_MVP.csv (raw NC absent in repo),0.25deg (documented),bilinear_storm_center,carried_historical,
1990-005,1990-09-03 12:00:00,22.5,87.0,0.0,1990-09-03 12:00:00,0.0,carried_from_RI_ERA5_features_MVP.csv (raw NC absent in repo),0.25deg (documented),bilinear_storm_center,carried_historical,
1990-005,1990-09-03 18:00:00,22.5,86.0,0.0,1990-09-03 18:00:00,0.0,carried_from_RI_ERA5_features_MVP.csv (raw NC absent in repo),0.25deg (documented),bilinear_storm_center,carried_historical,
1990-006,1990-10-06 18:00:00,18.0,90.0,0.0,1990-10-06 18:00:00,0.0,carried_from_RI_ERA5_features_MVP.csv (raw NC absent in repo),0.25deg (documented),bilinear_storm_center,carried_historical,
1990-006,1990-10-07 00:00:00,20.0,88.5,0.0,1990-10-07 00:00:00,0.0,carried_from_RI_ERA5_features_MVP.csv (raw NC absent in repo),0.25deg (documented),bilinear_storm_center,carried_historical,
1990-006,1990-10-07 06:00:00,20.5,88.0,0.0,1990-10-07 06:00:00,0.0,carried_from_RI_ERA5_features_MVP.csv (raw NC absent in repo),0.25deg (documented),bilinear_storm_center,carried_historical,
1990-006,1990-10-07 12:00:00,21.0,87.5,0.0,1990-10-07 12:00:00,0.0,carried_from_RI_ERA5_features_MVP.csv (raw NC absent in repo),0.25deg (documented),bilinear_storm_center,carried_historical,
1990-007,1990-10-31 12:00:00,10.5,87.5,0.0,1990-10-31 12:00:00,0.0,carried_from_RI_ERA5_features_MVP.csv (raw NC absent in repo),0.25deg (documented),bilinear_storm_center,carried_historical,
1990-007,1990-10-31 18:00:00,10.5,87.0,0.0,1990-10-31 18:00:00,0.0,carried_from_RI_ERA5_features_MVP.csv (raw NC absent in repo),0.25deg (documented),bilinear_storm_center,carried_historical,
1990-007,1990-11-01 00:00:00,12.0,86.5,0.0,1990-11-01 00:00:00,0.0,carried_from_RI_ERA5_features_MVP.csv (raw NC absent in repo),0.25deg (documented),bilinear_storm_center,carried_historical,
1990-007,1990-11-01 06:00:00,13.5,86.0,0.0,1990-11-01 06:00:00,0.0,carried_from_RI_ERA5_features_MVP.csv (raw NC absent in repo),0.25deg (documented),bilinear_storm_center,carried_historical,
1990-007,1990-11-01 12:00:00,14.0,86.5,0.0,1990-11-01 12:00:00,0.0,carried_from_RI_ERA5_features_MVP.csv (raw NC absent in repo),0.25deg (documented),bilinear_storm_center,carried_historical,
1990-007,1990-11-01 18:00:00,16.0,85.5,0.0,1990-11-01 18:00:00,0.0,carried_from_RI_ERA5_features_MVP.csv (raw NC absent in repo),0.25deg (documented),bilinear_storm_center,carried_historical,
1990-007,1990-11-02 00:00:00,16.0,85.0,0.0,1990-11-02 00:00:00,0.0,carried_from_RI_ERA5_features_MVP.csv (raw NC absent in repo),0.25deg (documented),bilinear_storm_center,carried_historical,
1990-007,1990-11-02 06:00:00,17.0,84.5,0.0,1990-11-02 06:00:00,0.0,carried_from_RI_ERA5_features_MVP.csv (raw NC absent in repo),0.25deg (documented),bilinear_storm_center,carried_historical,
1990-007,1990-11-02 12:00:00,17.0,84.5,0.0,1990-11-02 12:00:00,0.0,carried_from_RI_ERA5_features_MVP.csv (raw NC absent in repo),0.25deg (documented),bilinear_storm_center,carried_historical,
1990-007,1990-11-02 18:00:00,17.5,84.0,0.0,1990-11-02 18:00:00,0.0,carried_from_RI_ERA5_features_MVP.csv (raw NC absent in repo),0.25deg (documented),bilinear_storm_center,carried_historical,
1990-007,1990-11-03 00:00:00,18.0,84.5,0.0,1990-11-03 00:00:00,0.0,carried_from_RI_ERA5_features_MVP.csv (raw NC absent in repo),0.25deg (documented),bilinear_storm_center,carried_historical,
1990-007,1990-11-03 06:00:00,17.5,84.5,0.0,1990-11-03 06:00:00,0.0,carried_from_RI_ERA5_features_MVP.csv (raw NC absent in repo),0.25deg (documented),bilinear_storm_center,carried_historical,
1990-010,1990-12-14 12:00:00,8.0,88.0,0.0,1990-12-14 12:00:00,0.0,carried_from_RI_ERA5_features_MVP.csv (raw NC absent in repo),0.25deg (documented),bilinear_storm_center,carried_historical,
1990-010,1990-12-14 18:00:00,8.5,87.5,0.0,1990-12-14 18:00:00,0.0,carried_from_RI_ERA5_features_MVP.csv (raw NC absent in repo),0.25deg (documented),bilinear_storm_center,carried_historical,
1990-010,1990-12-15 00:00:00,9.0,87.0,0.0,1990-12-15 00:00:00,0.0,carried_from_RI_ERA5_features_MVP.csv (raw NC absent in repo),0.25deg (documented),bilinear_storm_center,carried_historical,
1990-010,1990-12-15 06:00:00,9.8,86.5,0.0,1990-12-15 06:00:00,0.0,carried_from_RI_ERA5_features_MVP.csv (raw NC absent in repo),0.25deg (documented),bilinear_storm_center,carried_historical,
1990-010,1990-12-15 12:00:00,10.5,86.0,0.0,1990-12-15 12:00:00,0.0,carried_from_RI_ERA5_features_MVP.csv (raw NC absent in repo),0.25deg (documented),bilinear_storm_center,carried_historical,
1990-010,1990-12-15 18:00:00,11.0,85.5,0.0,1990-12-15 18:00:00,0.0,carried_from_RI_ERA5_features_MVP.csv (raw NC absent in repo),0.25deg (documented),bilinear_storm_center,carried_historical,
1990-010,1990-12-16 00:00:00,12.0,85.0,0.0,1990-12-16 00:00:00,0.0,carried_from_RI_ERA5_features_MVP.csv (raw NC absent in repo),0.25deg (documented),bilinear_storm_center,carried_historical,
1990-010,1990-12-16 06:00:00,13.0,85.5,0.0,1990-12-16 06:00:00,0.0,carried_from_RI_ERA5_features_MVP.csv (raw NC absent in repo),0.25deg (documented),bilinear_storm_center,carried_historical,
1990-010,1990-12-16 12:00:00,14.0,85.5,0.0,1990-12-16 12:00:00,0.0,carried_from_RI_ERA5_features_MVP.csv (raw NC absent in repo),0.25deg (documented),bilinear_storm_center,carried_historical,
1990-010,1990-12-16 18:00:00,14.5,86.0,0.0,1990-12-16 18:00:00,0.0,carried_from_RI_ERA5_features_MVP.csv (raw NC absent in repo),0.25deg (documented),bilinear_storm_center,carried_historical,
1990-010,1990-12-17 00:00:00,15.5,86.0,0.0,1990-12-17 00:00:00,0.0,carried_from_RI_ERA5_features_MVP.csv (raw NC absent in repo),0.25deg (documented),bilinear_storm_center,carried_historical,
1990-010,1990-12-17 06:00:00,17.0,86.5,0.0,1990-12-17 06:00:00,0.0,carried_from_RI_ERA5_features_MVP.csv (raw NC absent in repo),0.25deg (documented),bilinear_storm_center,carried_historical,
1990-010,1990-12-17 12:00:00,18.0,87.0,0.0,1990-12-17 12:00:00,0.0,carried_from_RI_ERA5_features_MVP.csv (raw NC absent in repo),0.25deg (documented),bilinear_storm_center,carried_historical,
1991-001,1991-04-24 12:00:00,9.5,89.0,0.0,1991-04-24 12:00:00,0.0,carried_from_RI_ERA5_features_MVP.csv (raw NC absent in repo),0.25deg (documented),bilinear_storm_center,carried_historical,
1991-001,1991-04-24 18:00:00,10.0,89.0,0.0,1991-04-24 18:00:00,0.0,carried_from_RI_ERA5_features_MVP.csv (raw NC absent in repo),0.25deg (documented),bilinear_storm_center,carried_historical,
1991-001,1991-04-25 00:00:00,10.5,89.0,0.0,1991-04-25 00:00:00,0.0,carried_from_RI_ERA5_features_MVP.csv (raw NC absent in repo),0.25deg (documented),bilinear_storm_center,carried_historical,
1991-001,1991-04-25 06:00:00,11.0,88.5,0.0,1991-04-25 06:00:00,0.0,carried_from_RI_ERA5_features_MVP.csv (raw NC absent in repo),0.25deg (documented),bilinear_storm_center,carried_historical,
1991-001,1991-04-25 12:00:00,11.0,88.0,0.0,1991-04-25 12:00:00,0.0,carried_from_RI_ERA5_features_MVP.csv (raw NC absent in repo),0.25deg (documented),bilinear_storm_center,carried_historical,
1991-001,1991-04-25 18:00:00,11.0,88.0,0.0,1991-04-25 18:00:00,0.0,carried_from_RI_ERA5_features_MVP.csv (raw NC absent in repo),0.25deg (documented),bilinear_storm_center,carried_historical,
1991-001,1991-04-26 00:00:00,11.0,87.5,0.0,1991-04-26 00:00:00,0.0,carried_from_RI_ERA5_features_MVP.csv (raw NC absent in repo),0.25deg (documented),bilinear_storm_center,carried_historical,
1991-001,1991-04-26 06:00:00,11.0,87.5,0.0,1991-04-26 06:00:00,0.0,carried_from_RI_ERA5_features_MVP.csv (raw NC absent in repo),0.25deg (documented),bilinear_storm_center,carried_historical,
1991-001,1991-04-26 12:00:00,11.5,87.5,0.0,1991-04-26 12:00:00,0.0,carried_from_RI_ERA5_features_MVP.csv (raw NC absent in repo),0.25deg (documented),bilinear_storm_center,carried_historical,
1991-001,1991-04-26 18:00:00,11.5,87.0,0.0,1991-04-26 18:00:00,0.0,carried_from_RI_ERA5_features_MVP.csv (raw NC absent in repo),0.25deg (documented),bilinear_storm_center,carried_historical,
1991-001,1991-04-27 00:00:00,12.0,87.0,0.0,1991-04-27 00:00:00,0.0,carried_from_RI_ERA5_features_MVP.csv (raw NC absent in repo),0.25deg (documented),bilinear_storm_center,carried_historical,
1991-001,1991-04-27 06:00:00,13.5,87.0,0.0,1991-04-27 06:00:00,0.0,carried_from_RI_ERA5_features_MVP.csv (raw NC absent in repo),0.25deg (documented),bilinear_storm_center,carried_historical,
1991-001,1991-04-27 12:00:00,14.5,87.0,0.0,1991-04-27 12:00:00,0.0,carried_from_RI_ERA5_features_MVP.csv (raw NC absent in repo),0.25deg (documented),bilinear_storm_center,carried_historical,
1991-001,1991-04-27 18:00:00,14.5,87.0,1.0,1991-04-27 18:00:00,0.0,carried_from_RI_ERA5_features_MVP.csv (raw NC absent in repo),0.25deg (documented),bilinear_storm_center,carried_historical,
1991-001,1991-04-28 00:00:00,15.0,87.2,1.0,1991-04-28 00:00:00,0.0,carried_from_RI_ERA5_features_MVP.csv (raw NC absent in repo),0.25deg (documented),bilinear_storm_center,carried_historical,
1991-001,1991-04-28 06:00:00,16.0,87.8,0.0,1991-04-28 06:00:00,0.0,carried_from_RI_ERA5_features_MVP.csv (raw NC absent in repo),0.25deg (documented),bilinear_storm_center,carried_historical,
1991-001,1991-04-28 12:00:00,16.5,88.0,0.0,1991-04-28 12:00:00,0.0,carried_from_RI_ERA5_features_MVP.csv (raw NC absent in repo),0.25deg (documented),bilinear_storm_center,carried_historical,
1991-001,1991-04-28 18:00:00,17.5,88.5,0.0,1991-04-28 18:00:00,0.0,carried_from_RI_ERA5_features_MVP.csv (raw NC absent in repo),0.25deg (documented),bilinear_storm_center,carried_historical,
1991-001,1991-04-29 00:00:00,18.5,89.0,0.0,1991-04-29 00:00:00,0.0,carried_from_RI_ERA5_features_MVP.csv (raw NC absent in repo),0.25deg (documented),bilinear_storm_center,carried_historical,
1991-002,1991-05-31 06:00:00,15.0,89.5,0.0,1991-05-31 06:00:00,0.0,carried_from_RI_ERA5_features_MVP.csv (raw NC absent in repo),0.25deg (documented),bilinear_storm_center,carried_historical,
1991-002,1991-05-31 12:00:00,16.0,89.0,0.0,1991-05-31 12:00:00,0.0,carried_from_RI_ERA5_features_MVP.csv (raw NC absent in repo),0.25deg (documented),bilinear_storm_center,carried_historical,
1991-002,1991-05-31 18:00:00,16.5,88.7,0.0,1991-05-31 18:00:00,0.0,carried_from_RI_ERA5_features_MVP.csv (raw NC absent in repo),0.25deg (documented),bilinear_storm_center,carried_historical,
1991-002,1991-06-01 00:00:00,17.0,88.5,0.0,1991-06-01 00:00:00,0.0,carried_from_RI_ERA5_features_MVP.csv (raw NC absent in repo),0.25deg (documented),bilinear_storm_center,carried_historical,
1991-002,1991-06-01 06:00:00,19.0,89.0,0.0,1991-06-01 06:00:00,0.0,carried_from_RI_ERA5_features_MVP.csv (raw NC absent in repo),0.25deg (documented),bilinear_storm_center,carried_historical,
1991-003,1991-07-27 06:00:00,20.5,89.0,0.0,1991-07-27 06:00:00,0.0,carried_from_RI_ERA5_features_MVP.csv (raw NC absent in repo),0.25deg (documented),bilinear_storm_center,carried_historical,
1991-003,1991-07-27 12:00:00,20.5,88.8,0.0,1991-07-27 12:00:00,0.0,carried_from_RI_ERA5_features_MVP.csv (raw NC absent in repo),0.25deg (documented),bilinear_storm_center,carried_historical,
1991-003,1991-07-27 18:00:00,20.5,88.5,0.0,1991-07-27 18:00:00,0.0,carried_from_RI_ERA5_features_MVP.csv (raw NC absent in repo),0.25deg (documented),bilinear_storm_center,carried_historical,
1991-003,1991-07-28 00:00:00,20.5,88.2,0.0,1991-07-28 00:00:00,0.0,carried_from_RI_ERA5_features_MVP.csv (raw NC absent in repo),0.25deg (documented),bilinear_storm_center,carried_historical,
1991-003,1991-07-28 06:00:00,20.5,87.8,0.0,1991-07-28 06:00:00,0.0,carried_from_RI_ERA5_features_MVP.csv (raw NC absent in repo),0.25deg (documented),bilinear_storm_center,carried_historical,
1991-003,1991-07-28 12:00:00,20.5,87.5,0.0,1991-07-28 12:00:00,0.0,carried_from_RI_ERA5_features_MVP.csv (raw NC absent in repo),0.25deg (documented),bilinear_storm_center,carried_historical,
1991-003,1991-07-28 18:00:00,21.0,87.0,0.0,1991-07-28 18:00:00,0.0,carried_from_RI_ERA5_features_MVP.csv (raw NC absent in repo),0.25deg (documented),bilinear_storm_center,carried_historical,
1991-003,1991-07-29 00:00:00,21.5,86.5,0.0,1991-07-29 00:00:00,0.0,carried_from_RI_ERA5_features_MVP.csv (raw NC absent in repo),0.25deg (documented),bilinear_storm_center,carried_historical,
1991-003,1991-07-29 06:00:00,21.5,84.2,0.0,1991-07-29 06:00:00,0.0,carried_from_RI_ERA5_features_MVP.csv (raw NC absent in repo),0.25deg (documented),bilinear_storm_center,carried_historical,
1991-003,1991-07-29 12:00:00,22.0,82.0,0.0,1991-07-29 12:00:00,0.0,carried_from_RI_ERA5_features_MVP.csv (raw NC absent in repo),0.25deg (documented),bilinear_storm_center,carried_historical,
1991-003,1991-07-29 18:00:00,22.2,81.0,0.0,1991-07-29 18:00:00,0.0,carried_from_RI_ERA5_features_MVP.csv (raw NC absent in repo),0.25deg (documented),bilinear_storm_center,carried_historical,
1991-003,1991-07-30 00:00:00,22.5,80.0,0.0,1991-07-30 00:00:00,0.0,carried_from_RI_ERA5_features_MVP.csv (raw NC absent in repo),0.25deg (documented),bilinear_storm_center,carried_historical,
1991-003,1991-07-30 06:00:00,22.7,79.0,0.0,1991-07-30 06:00:00,0.0,carried_from_RI_ERA5_features_MVP.csv (raw NC absent in repo),0.25deg (documented),bilinear_storm_center,carried_historical,
1991-003,1991-07-30 12:00:00,23.0,78.0,0.0,1991-07-30 12:00:00,0.0,carried_from_RI_ERA5_features_MVP.csv (raw NC absent in repo),0.25deg (documented),bilinear_storm_center,carried_historical,
1991-003,1991-07-30 18:00:00,24.0,77.5,0.0,1991-07-30 18:00:00,0.0,carried_from_RI_ERA5_features_MVP.csv (raw NC absent in repo),0.25deg (documented),bilinear_storm_center,carried_historical,
1991-004,1991-08-22 00:00:00,20.7,88.2,0.0,1991-08-22 00:00:00,0.0,carried_from_RI_ERA5_features_MVP.csv (raw NC absent in repo),0.25deg (documented),bilinear_storm_center,carried_historical,
1991-004,1991-08-22 06:00:00,21.3,87.5,0.0,1991-08-22 06:00:00,0.0,carried_from_RI_ERA5_features_MVP.csv (raw NC absent in repo),0.25deg (documented),bilinear_storm_center,carried_historical,
1991-004,1991-08-22 12:00:00,22.5,86.0,0.0,1991-08-22 12:00:00,0.0,carried_from_RI_ERA5_features_MVP.csv (raw NC absent in repo),0.25deg (documented),bilinear_storm_center,carried_historical,
1991-004,1991-08-22 18:00:00,22.5,84.0,0.0,1991-08-22 18:00:00,0.0,carried_from_RI_ERA5_features_MVP.csv (raw NC absent in repo),0.25deg (documented),bilinear_storm_center,carried_historical,
1991-004,1991-08-23 00:00:00,22.7,83.0,0.0,1991-08-23 00:00:00,0.0,carried_from_RI_ERA5_features_MVP.csv (raw NC absent in repo),0.25deg (documented),bilinear_storm_center,carried_historical,
1991-004,1991-08-23 06:00:00,23.0,81.5,0.0,1991-08-23 06:00:00,0.0,carried_from_RI_ERA5_features_MVP.csv (raw NC absent in repo),0.25deg (documented),bilinear_storm_center,carried_historical,
1991-004,1991-08-23 12:00:00,23.8,80.2,0.0,1991-08-23 12:00:00,0.0,carried_from_RI_ERA5_features_MVP.csv (raw NC absent in repo),0.25deg (documented),bilinear_storm_center,carried_historical,
1991-004,1991-08-23 18:00:00,24.0,80.0,0.0,1991-08-23 18:00:00,0.0,carried_from_RI_ERA5_features_MVP.csv (raw NC absent in repo),0.25deg (documented),bilinear_storm_center,carried_historical,
1991-004,1991-08-24 00:00:00,24.5,79.8,0.0,1991-08-24 00:00:00,0.0,carried_from_RI_ERA5_features_MVP.csv (raw NC absent in repo),0.25deg (documented),bilinear_storm_center,carried_historical,
1991-004,1991-08-24 06:00:00,24.5,79.8,0.0,1991-08-24 06:00:00,0.0,carried_from_RI_ERA5_features_MVP.csv (raw NC absent in repo),0.25deg (documented),bilinear_storm_center,carried_historical,
1991-004,1991-08-24 12:00:00,24.5,79.8,0.0,1991-08-24 12:00:00,0.0,carried_from_RI_ERA5_features_MVP.csv (raw NC absent in repo),0.25deg (documented),bilinear_storm_center,carried_historical,
1991-004,1991-08-24 18:00:00,25.0,78.6,0.0,1991-08-24 18:00:00,0.0,carried_from_RI_ERA5_features_MVP.csv (raw NC absent in repo),0.25deg (documented),bilinear_storm_center,carried_historical,
1991-004,1991-08-25 00:00:00,26.2,78.5,0.0,1991-08-25 00:00:00,0.0,carried_from_RI_ERA5_features_MVP.csv (raw NC absent in repo),0.25deg (documented),bilinear_storm_center,carried_historical,
1991-005,1991-09-21 06:00:00,15.5,83.5,0.0,1991-09-21 06:00:00,0.0,carried_from_RI_ERA5_features_MVP.csv (raw NC absent in repo),0.25deg (documented),bilinear_storm_center,carried_historical,
1991-006,1991-10-12 12:00:00,18.0,87.0,0.0,1991-10-12 12:00:00,0.0,carried_from_RI_ERA5_features_MVP.csv (raw NC absent in repo),0.25deg (documented),bilinear_storm_center,carried_historical,
1991-006,1991-10-12 18:00:00,18.5,87.0,0.0,1991-10-12 18:00:00,0.0,carried_from_RI_ERA5_features_MVP.csv (raw NC absent in repo),0.25deg (documented),bilinear_storm_center,carried_historical,
1991-006,1991-10-13 00:00:00,19.5,88.0,0.0,1991-10-13 00:00:00,0.0,carried_from_RI_ERA5_features_MVP.csv (raw NC absent in repo),0.25deg (documented),bilinear_storm_center,carried_historical,
1991-007,1991-10-28 06:00:00,10.5,82.0,0.0,1991-10-28 06:00:00,0.0,carried_from_RI_ERA5_features_MVP.csv (raw NC absent in repo),0.25deg (documented),bilinear_storm_center,carried_historical,
1991-007,1991-10-28 12:00:00,11.0,81.5,0.0,1991-10-28 12:00:00,0.0,carried_from_RI_ERA5_features_MVP.csv (raw NC absent in repo),0.25deg (documented),bilinear_storm_center,carried_historical,
1991-007,1991-10-28 18:00:00,11.5,81.0,0.0,1991-10-28 18:00:00,0.0,carried_from_RI_ERA5_features_MVP.csv (raw NC absent in repo),0.25deg (documented),bilinear_storm_center,carried_historical,
1991-007,1991-10-29 00:00:00,12.0,80.5,0.0,1991-10-29 00:00:00,0.0,carried_from_RI_ERA5_features_MVP.csv (raw NC absent in repo),0.25deg (documented),bilinear_storm_center,carried_historical,
1991-007,1991-10-29 06:00:00,12.5,79.5,0.0,1991-10-29 06:00:00,0.0,carried_from_RI_ERA5_features_MVP.csv (raw NC absent in repo),0.25deg (documented),bilinear_storm_center,carried_historical,
1991-008,1991-11-11 12:00:00,11.0,87.5,0.0,1991-11-11 12:00:00,0.0,carried_from_RI_ERA5_features_MVP.csv (raw NC absent in repo),0.25deg (documented),bilinear_storm_center,carried_historical,
1991-008,1991-11-11 18:00:00,11.0,87.5,0.0,1991-11-11 18:00:00,0.0,carried_from_RI_ERA5_features_MVP.csv (raw NC absent in repo),0.25deg (documented),bilinear_storm_center,carried_historical,
1991-008,1991-11-12 00:00:00,11.0,87.0,0.0,1991-11-12 00:00:00,0.0,carried_from_RI_ERA5_features_MVP.csv (raw NC absent in repo),0.25deg (documented),bilinear_storm_center,carried_historical,
1991-008,1991-11-12 06:00:00,11.0,86.5,0.0,1991-11-12 06:00:00,0.0,carried_from_RI_ERA5_features_MVP.csv (raw NC absent in repo),0.25deg (documented),bilinear_storm_center,carried_historical,
1991-008,1991-11-12 12:00:00,11.0,86.0,0.0,1991-11-12 12:00:00,0.0,carried_from_RI_ERA5_features_MVP.csv (raw NC absent in repo),0.25deg (documented),bilinear_storm_center,carried_historical,
1991-008,1991-11-12 18:00:00,11.0,85.0,0.0,1991-11-12 18:00:00,0.0,carried_from_RI_ERA5_features_MVP.csv (raw NC absent in repo),0.25deg (documented),bilinear_storm_center,carried_historical,
1991-008,1991-11-13 00:00:00,11.0,84.5,0.0,1991-11-13 00:00:00,0.0,carried_from_RI_ERA5_features_MVP.csv (raw NC absent in repo),0.25deg (documented),bilinear_storm_center,carried_historical,
1991-008,1991-11-13 06:00:00,11.0,83.5,0.0,1991-11-13 06:00:00,0.0,carried_from_RI_ERA5_features_MVP.csv (raw NC absent in repo),0.25deg (documented),bilinear_storm_center,carried_historical,
1991-008,1991-11-13 12:00:00,11.0,83.0,0.0,1991-11-13 12:00:00,0.0,carried_from_RI_ERA5_features_MVP.csv (raw NC absent in repo),0.25deg (documented),bilinear_storm_center,carried_historical,
1991-008,1991-11-13 18:00:00,11.0,82.0,0.0,1991-11-13 18:00:00,0.0,carried_from_RI_ERA5_features_MVP.csv (raw NC absent in repo),0.25deg (documented),bilinear_storm_center,carried_historical,
1991-008,1991-11-14 00:00:00,11.0,81.0,0.0,1991-11-14 00:00:00,0.0,carried_from_RI_ERA5_features_MVP.csv (raw NC absent in repo),0.25deg (documented),bilinear_storm_center,carried_historical,
1991-008,1991-11-14 06:00:00,10.5,80.5,0.0,1991-11-14 06:00:00,0.0,carried_from_RI_ERA5_features_MVP.csv (raw NC absent in repo),0.25deg (documented),bilinear_storm_center,carried_historical,
1991-008,1991-11-14 12:00:00,11.0,80.5,0.0,1991-11-14 12:00:00,0.0,carried_from_RI_ERA5_features_MVP.csv (raw NC absent in repo),0.25deg (documented),bilinear_storm_center,carried_historical,
1992-001,1992-05-16 06:00:00,11.5,87.5,0.0,1992-05-16 06:00:00,0.0,carried_from_RI_ERA5_features_MVP.csv (raw NC absent in repo),0.25deg (documented),bilinear_storm_center,carried_historical,
1992-001,1992-05-16 12:00:00,12.0,87.0,0.0,1992-05-16 12:00:00,0.0,carried_from_RI_ERA5_features_MVP.csv (raw NC absent in repo),0.25deg (documented),bilinear_storm_center,carried_historical,
1992-001,1992-05-16 18:00:00,12.5,87.0,0.0,1992-05-16 18:00:00,0.0,carried_from_RI_ERA5_features_MVP.csv (raw NC absent in repo),0.25deg (documented),bilinear_storm_center,carried_historical,
1992-001,1992-05-17 00:00:00,12.5,87.0,0.0,1992-05-17 00:00:00,0.0,carried_from_RI_ERA5_features_MVP.csv (raw NC absent in repo),0.25deg (documented),bilinear_storm_center,carried_historical,
1992-001,1992-05-17 06:00:00,14.0,87.0,0.0,1992-05-17 06:00:00,0.0,carried_from_RI_ERA5_features_MVP.csv (raw NC absent in repo),0.25deg (documented),bilinear_storm_center,carried_historical,
1992-001,1992-05-17 12:00:00,14.5,87.5,0.0,1992-05-17 12:00:00,0.0,carried_from_RI_ERA5_features_MVP.csv (raw NC absent in repo),0.25deg (documented),bilinear_storm_center,carried_historical,
1992-001,1992-05-17 18:00:00,14.5,88.0,0.0,1992-05-17 18:00:00,0.0,carried_from_RI_ERA5_features_MVP.csv (raw NC absent in repo),0.25deg (documented),bilinear_storm_center,carried_historical,
1992-001,1992-05-18 00:00:00,14.5,88.0,0.0,1992-05-18 00:00:00,0.0,carried_from_RI_ERA5_features_MVP.csv (raw NC absent in repo),0.25deg (documented),bilinear_storm_center,carried_historical,
1992-001,1992-05-18 06:00:00,15.5,89.5,0.0,1992-05-18 06:00:00,0.0,carried_from_RI_ERA5_features_MVP.csv (raw NC absent in repo),0.25deg (documented),bilinear_storm_center,carried_historical,
1992-001,1992-05-18 12:00:00,16.5,91.0,0.0,1992-05-18 12:00:00,0.0,carried_from_RI_ERA5_features_MVP.csv (raw NC absent in repo),0.25deg (documented),bilinear_storm_center,carried_historical,
1992-003,1992-06-17 06:00:00,19.5,88.0,0.0,1992-06-17 06:00:00,0.0,carried_from_RI_ERA5_features_MVP.csv (raw NC absent in repo),0.25deg (documented),bilinear_storm_center,carried_historical,
1992-003,1992-06-17 12:00:00,19.5,87.0,0.0,1992-06-17 12:00:00,0.0,carried_from_RI_ERA5_features_MVP.csv (raw NC absent in repo),0.25deg (documented),bilinear_storm_center,carried_historical,
1992-003,1992-06-17 18:00:00,20.0,86.5,0.0,1992-06-17 18:00:00,0.0,carried_from_RI_ERA5_features_MVP.csv (raw NC absent in repo),0.25deg (documented),bilinear_storm_center,carried_historical,
1992-003,1992-06-18 00:00:00,21.0,86.0,0.0,1992-06-18 00:00:00,0.0,carried_from_RI_ERA5_features_MVP.csv (raw NC absent in repo),0.25deg (documented),bilinear_storm_center,carried_historical,
1992-003,1992-06-18 06:00:00,21.0,84.5,0.0,1992-06-18 06:00:00,0.0,carried_from_RI_ERA5_features_MVP.csv (raw NC absent in repo),0.25deg (documented),bilinear_storm_center,carried_historical,
1992-003,1992-06-18 12:00:00,21.0,83.5,0.0,1992-06-18 12:00:00,0.0,carried_from_RI_ERA5_features_MVP.csv (raw NC absent in repo),0.25deg (documented),bilinear_storm_center,carried_historical,
1992-003,1992-06-18 18:00:00,21.0,83.0,0.0,1992-06-18 18:00:00,0.0,carried_from_RI_ERA5_features_MVP.csv (raw NC absent in repo),0.25deg (documented),bilinear_storm_center,carried_historical,
1992-003,1992-06-19 00:00:00,21.0,82.5,0.0,1992-06-19 00:00:00,0.0,carried_from_RI_ERA5_features_MVP.csv (raw NC absent in repo),0.25deg (documented),bilinear_storm_center,carried_historical,
1992-003,1992-06-19 06:00:00,21.0,81.0,0.0,1992-06-19 06:00:00,0.0,carried_from_RI_ERA5_features_MVP.csv (raw NC absent in repo),0.25deg (documented),bilinear_storm_center,carried_historical,
1992-004,1992-07-26 00:00:00,20.0,88.5,0.0,1992-07-26 00:00:00,0.0,carried_from_RI_ERA5_features_MVP.csv (raw NC absent in repo),0.25deg (documented),bilinear_storm_center,carried_historical,
1992-004,1992-07-26 06:00:00,20.5,87.5,0.0,1992-07-26 06:00:00,0.0,carried_from_RI_ERA5_features_MVP.csv (raw NC absent in repo),0.25deg (documented),bilinear_storm_center,carried_historical,
1992-004,1992-07-26 12:00:00,20.5,87.5,0.0,1992-07-26 12:00:00,0.0,carried_from_RI_ERA5_features_MVP.csv (raw NC absent in repo),0.25deg (documented),bilinear_storm_center,carried_historical,
1992-004,1992-07-26 18:00:00,20.5,87.0,0.0,1992-07-26 18:00:00,0.0,carried_from_RI_ERA5_features_MVP.csv (raw NC absent in repo),0.25deg (documented),bilinear_storm_center,carried_historical,
1992-004,1992-07-27 00:00:00,21.0,86.0,0.0,1992-07-27 00:00:00,0.0,carried_from_RI_ERA5_features_MVP.csv (raw NC absent in repo),0.25deg (documented),bilinear_storm_center,carried_historical,
1992-004,1992-07-27 06:00:00,21.5,85.0,0.0,1992-07-27 06:00:00,0.0,carried_from_RI_ERA5_features_MVP.csv (raw NC absent in repo),0.25deg (documented),bilinear_storm_center,carried_historical,
1992-004,1992-07-27 12:00:00,22.0,83.5,0.0,1992-07-27 12:00:00,0.0,carried_from_RI_ERA5_features_MVP.csv (raw NC absent in repo),0.25deg (documented),bilinear_storm_center,carried_historical,
1992-004,1992-07-27 18:00:00,22.0,83.0,0.0,1992-07-27 18:00:00,0.0,carried_from_RI_ERA5_features_MVP.csv (raw NC absent in repo),0.25deg (documented),bilinear_storm_center,carried_historical,
1992-004,1992-07-28 00:00:00,22.0,83.0,0.0,1992-07-28 00:00:00,0.0,carried_from_RI_ERA5_features_MVP.csv (raw NC absent in repo),0.25deg (documented),bilinear_storm_center,carried_historical,
1992-004,1992-07-28 06:00:00,22.5,82.5,0.0,1992-07-28 06:00:00,0.0,carried_from_RI_ERA5_features_MVP.csv (raw NC absent in repo),0.25deg (documented),bilinear_storm_center,carried_historical,
1992-004,1992-07-28 12:00:00,23.0,80.0,0.0,1992-07-28 12:00:00,0.0,carried_from_RI_ERA5_features_MVP.csv (raw NC absent in repo),0.25deg (documented),bilinear_storm_center,carried_historical,
1992-004,1992-07-28 18:00:00,23.5,79.0,0.0,1992-07-28 18:00:00,0.0,carried_from_RI_ERA5_features_MVP.csv (raw NC absent in repo),0.25deg (documented),bilinear_storm_center,carried_historical,
1992-004,1992-07-29 00:00:00,23.5,78.0,0.0,1992-07-29 00:00:00,0.0,carried_from_RI_ERA5_features_MVP.csv (raw NC absent in repo),0.25deg (documented),bilinear_storm_center,carried_historical,
1992-004,1992-07-29 06:00:00,24.5,76.5,0.0,1992-07-29 06:00:00,0.0,carried_from_RI_ERA5_features_MVP.csv (raw NC absent in repo),0.25deg (documented),bilinear_storm_center,carried_historical,
1992-006,1992-10-07 12:00:00,14.0,85.5,0.0,1992-10-07 12:00:00,0.0,carried_from_RI_ERA5_features_MVP.csv (raw NC absent in repo),0.25deg (documented),bilinear_storm_center,carried_historical,
1992-006,1992-10-07 18:00:00,14.0,85.0,0.0,1992-10-07 18:00:00,0.0,carried_from_RI_ERA5_features_MVP.csv (raw NC absent in repo),0.25deg (documented),bilinear_storm_center,carried_historical,
1992-006,1992-10-08 00:00:00,14.5,83.5,0.0,1992-10-08 00:00:00,0.0,carried_from_RI_ERA5_features_MVP.csv (raw NC absent in repo),0.25deg (documented),bilinear_storm_center,carried_historical,
1992-006,1992-10-08 06:00:00,15.0,82.5,0.0,1992-10-08 06:00:00,0.0,carried_from_RI_ERA5_features_MVP.csv (raw NC absent in repo),0.25deg (documented),bilinear_storm_center,carried_historical,
1992-007,1992-10-20 12:00:00,19.0,89.0,0.0,1992-10-20 12:00:00,0.0,carried_from_RI_ERA5_features_MVP.csv (raw NC absent in repo),0.25deg (documented),bilinear_storm_center,carried_historical,
1992-007,1992-10-20 18:00:00,19.5,89.0,0.0,1992-10-20 18:00:00,0.0,carried_from_RI_ERA5_features_MVP.csv (raw NC absent in repo),0.25deg (documented),bilinear_storm_center,carried_historical,
1992-007,1992-10-21 00:00:00,19.5,89.5,0.0,1992-10-21 00:00:00,0.0,carried_from_RI_ERA5_features_MVP.csv (raw NC absent in repo),0.25deg (documented),bilinear_storm_center,carried_historical,
1992-008,1992-11-03 06:00:00,15.0,90.0,0.0,1992-11-03 06:00:00,0.0,carried_from_RI_ERA5_features_MVP.csv (raw NC absent in repo),0.25deg (documented),bilinear_storm_center,carried_historical,
1992-008,1992-11-03 12:00:00,15.5,89.5,0.0,1992-11-03 12:00:00,0.0,carried_from_RI_ERA5_features_MVP.csv (raw NC absent in repo),0.25deg (documented),bilinear_storm_center,carried_historical,
1992-008,1992-11-03 18:00:00,15.5,89.0,0.0,1992-11-03 18:00:00,0.0,carried_from_RI_ERA5_features_MVP.csv (raw NC absent in repo),0.25deg (documented),bilinear_storm_center,carried_historical,
1992-008,1992-11-04 00:00:00,15.5,89.0,0.0,1992-11-04 00:00:00,0.0,carried_from_RI_ERA5_features_MVP.csv (raw NC absent in repo),0.25deg (documented),bilinear_storm_center,carried_historical,
1992-008,1992-11-04 06:00:00,15.5,87.5,0.0,1992-11-04 06:00:00,0.0,carried_from_RI_ERA5_features_MVP.csv (raw NC absent in repo),0.25deg (documented),bilinear_storm_center,carried_historical,
1992-008,1992-11-04 12:00:00,15.5,87.5,0.0,1992-11-04 12:00:00,0.0,carried_from_RI_ERA5_features_MVP.csv (raw NC absent in repo),0.25deg (documented),bilinear_storm_center,carried_historical,
1992-008,1992-11-04 18:00:00,15.5,87.5,0.0,1992-11-04 18:00:00,0.0,carried_from_RI_ERA5_features_MVP.csv (raw NC absent in repo),0.25deg (documented),bilinear_storm_center,carried_historical,
1992-008,1992-11-06 00:00:00,16.5,85.5,0.0,1992-11-06 00:00:00,0.0,carried_from_RI_ERA5_features_MVP.csv (raw NC absent in repo),0.25deg (documented),bilinear_storm_center,carried_historical,
1992-009,1992-11-11 06:00:00,7.5,85.5,0.0,1992-11-11 06:00:00,0.0,carried_from_RI_ERA5_features_MVP.csv (raw NC absent in repo),0.25deg (documented),bilinear_storm_center,carried_historical,
1992-009,1992-11-11 12:00:00,7.5,84.5,0.0,1992-11-11 12:00:00,0.0,carried_from_RI_ERA5_features_MVP.csv (raw NC absent in repo),0.25deg (documented),bilinear_storm_center,carried_historical,
1992-009,1992-11-11 18:00:00,7.5,83.5,0.0,1992-11-11 18:00:00,0.0,carried_from_RI_ERA5_features_MVP.csv (raw NC absent in repo),0.25deg (documented),bilinear_storm_center,carried_historical,
1992-009,1992-11-12 00:00:00,7.0,82.5,0.0,1992-11-12 00:00:00,0.0,carried_from_RI_ERA5_features_MVP.csv (raw NC absent in repo),0.25deg (documented),bilinear_storm_center,carried_historical,
1992-009,1992-11-12 06:00:00,7.0,81.5,0.0,1992-11-12 06:00:00,0.0,carried_from_RI_ERA5_features_MVP.csv (raw NC absent in repo),0.25deg (documented),bilinear_storm_center,carried_historical,
1992-009,1992-11-12 12:00:00,7.5,80.0,0.0,1992-11-12 12:00:00,0.0,carried_from_RI_ERA5_features_MVP.csv (raw NC absent in repo),0.25deg (documented),bilinear_storm_center,carried_historical,
1992-009,1992-11-12 18:00:00,7.5,79.5,0.0,1992-11-12 18:00:00,0.0,carried_from_RI_ERA5_features_MVP.csv (raw NC absent in repo),0.25deg (documented),bilinear_storm_center,carried_historical,
1992-009,1992-11-13 00:00:00,7.5,79.0,0.0,1992-11-13 00:00:00,0.0,carried_from_RI_ERA5_features_MVP.csv (raw NC absent in repo),0.25deg (documented),bilinear_storm_center,carried_historical,
1992-009,1992-11-13 06:00:00,8.0,78.5,0.0,1992-11-13 06:00:00,0.0,carried_from_RI_ERA5_features_MVP.csv (raw NC absent in repo),0.25deg (documented),bilinear_storm_center,carried_historical,
1992-009,1992-11-13 12:00:00,9.0,77.5,0.0,1992-11-13 12:00:00,0.0,carried_from_RI_ERA5_features_MVP.csv (raw NC absent in repo),0.25deg (documented),bilinear_storm_center,carried_historical,
1992-009,1992-11-13 18:00:00,9.5,77.5,0.0,1992-11-13 18:00:00,0.0,carried_from_RI_ERA5_features_MVP.csv (raw NC absent in repo),0.25deg (documented),bilinear_storm_center,carried_historical,
1992-009,1992-11-14 00:00:00,9.8,77.0,0.0,1992-11-14 00:00:00,0.0,carried_from_RI_ERA5_features_MVP.csv (raw NC absent in repo),0.25deg (documented),bilinear_storm_center,carried_historical,
1992-009,1992-11-14 06:00:00,10.5,76.5,0.0,1992-11-14 06:00:00,0.0,carried_from_RI_ERA5_features_MVP.csv (raw NC absent in repo),0.25deg (documented),bilinear_storm_center,carried_historical,
1992-009,1992-11-14 12:00:00,10.5,76.0,0.0,1992-11-14 12:00:00,0.0,carried_from_RI_ERA5_features_MVP.csv (raw NC absent in repo),0.25deg (documented),bilinear_storm_center,carried_historical,
1992-009,1992-11-14 18:00:00,10.5,75.5,0.0,1992-11-14 18:00:00,0.0,carried_from_RI_ERA5_features_MVP.csv (raw NC absent in repo),0.25deg (documented),bilinear_storm_center,carried_historical,
1992-009,1992-11-15 00:00:00,10.5,75.0,0.0,1992-11-15 00:00:00,0.0,carried_from_RI_ERA5_features_MVP.csv (raw NC absent in repo),0.25deg (documented),bilinear_storm_center,carried_historical,
1992-009,1992-11-15 06:00:00,11.0,74.5,0.0,1992-11-15 06:00:00,0.0,carried_from_RI_ERA5_features_MVP.csv (raw NC absent in repo),0.25deg (documented),bilinear_storm_center,carried_historical,
1992-009,1992-11-15 12:00:00,11.5,74.5,0.0,1992-11-15 12:00:00,0.0,carried_from_RI_ERA5_features_MVP.csv (raw NC absent in repo),0.25deg (documented),bilinear_storm_center,carried_historical,
1992-009,1992-11-15 18:00:00,12.0,74.5,0.0,1992-11-15 18:00:00,0.0,carried_from_RI_ERA5_features_MVP.csv (raw NC absent in repo),0.25deg (documented),bilinear_storm_center,carried_historical,
1992-009,1992-11-16 00:00:00,12.5,74.5,0.0,1992-11-16 00:00:00,0.0,carried_from_RI_ERA5_features_MVP.csv (raw NC absent in repo),0.25deg (documented),bilinear_storm_center,carried_historical,
1992-009,1992-11-16 06:00:00,12.5,74.5,0.0,1992-11-16 06:00:00,0.0,carried_from_RI_ERA5_features_MVP.csv (raw NC absent in repo),0.25deg (documented),bilinear_storm_center,carried_historical,
1992-010,1992-11-16 06:00:00,9.5,95.5,0.0,1992-11-16 06:00:00,0.0,carried_from_RI_ERA5_features_MVP.csv (raw NC absent in repo),0.25deg (documented),bilinear_storm_center,carried_historical,
1992-010,1992-11-16 12:00:00,9.5,94.5,1.0,1992-11-16 12:00:00,0.0,carried_from_RI_ERA5_features_MVP.csv (raw NC absent in repo),0.25deg (documented),bilinear_storm_center,carried_historical,
1992-010,1992-11-16 18:00:00,9.5,93.5,1.0,1992-11-16 18:00:00,0.0,carried_from_RI_ERA5_features_MVP.csv (raw NC absent in repo),0.25deg (documented),bilinear_storm_center,carried_historical,
1992-010,1992-11-17 00:00:00,9.5,92.0,1.0,1992-11-17 00:00:00,0.0,carried_from_RI_ERA5_features_MVP.csv (raw NC absent in repo),0.25deg (documented),bilinear_storm_center,carried_historical,
1992-010,1992-11-17 06:00:00,9.5,90.5,1.0,1992-11-17 06:00:00,0.0,carried_from_RI_ERA5_features_MVP.csv (raw NC absent in repo),0.25deg (documented),bilinear_storm_center,carried_historical,
1992-010,1992-11-17 12:00:00,10.0,90.0,0.0,1992-11-17 12:00:00,0.0,carried_from_RI_ERA5_features_MVP.csv (raw NC absent in repo),0.25deg (documented),bilinear_storm_center,carried_historical,
1992-010,1992-11-17 18:00:00,10.5,89.5,0.0,1992-11-17 18:00:00,0.0,carried_from_RI_ERA5_features_MVP.csv (raw NC absent in repo),0.25deg (documented),bilinear_storm_center,carried_historical,
1992-010,1992-11-18 00:00:00,11.0,88.5,0.0,1992-11-18 00:00:00,0.0,carried_from_RI_ERA5_features_MVP.csv (raw NC absent in repo),0.25deg (documented),bilinear_storm_center,carried_historical,
1992-010,1992-11-18 06:00:00,12.0,87.8,0.0,1992-11-18 06:00:00,0.0,carried_from_RI_ERA5_features_MVP.csv (raw NC absent in repo),0.25deg (documented),bilinear_storm_center,carried_historical,
1992-010,1992-11-18 12:00:00,13.5,87.5,0.0,1992-11-18 12:00:00,0.0,carried_from_RI_ERA5_features_MVP.csv (raw NC absent in repo),0.25deg (documented),bilinear_storm_center,carried_historical,
1992-010,1992-11-18 18:00:00,14.5,87.5,0.0,1992-11-18 18:00:00,0.0,carried_from_RI_ERA5_features_MVP.csv (raw NC absent in repo),0.25deg (documented),bilinear_storm_center,carried_historical,
1992-010,1992-11-19 00:00:00,16.0,87.5,0.0,1992-11-19 00:00:00,0.0,carried_from_RI_ERA5_features_MVP.csv (raw NC absent in repo),0.25deg (documented),bilinear_storm_center,carried_historical,
1992-010,1992-11-19 06:00:00,16.5,87.5,0.0,1992-11-19 06:00:00,0.0,carried_from_RI_ERA5_features_MVP.csv (raw NC absent in repo),0.25deg (documented),bilinear_storm_center,carried_historical,
1992-010,1992-11-19 12:00:00,17.5,88.5,0.0,1992-11-19 12:00:00,0.0,carried_from_RI_ERA5_features_MVP.csv (raw NC absent in repo),0.25deg (documented),bilinear_storm_center,carried_historical,
1992-010,1992-11-19 18:00:00,18.0,88.5,0.0,1992-11-19 18:00:00,0.0,carried_from_RI_ERA5_features_MVP.csv (raw NC absent in repo),0.25deg (documented),bilinear_storm_center,carried_historical,
1992-010,1992-11-20 00:00:00,18.5,89.0,0.0,1992-11-20 00:00:00,0.0,carried_from_RI_ERA5_features_MVP.csv (raw NC absent in repo),0.25deg (documented),bilinear_storm_center,carried_historical,
1992-010,1992-11-20 06:00:00,19.0,89.5,0.0,1992-11-20 06:00:00,0.0,carried_from_RI_ERA5_features_MVP.csv (raw NC absent in repo),0.25deg (documented),bilinear_storm_center,carried_historical,
1992-010,1992-11-20 12:00:00,19.5,90.0,0.0,1992-11-20 12:00:00,0.0,carried_from_RI_ERA5_features_MVP.csv (raw NC absent in repo),0.25deg (documented),bilinear_storm_center,carried_historical,
1993-003,1993-12-01 06:00:00,7.0,91.0,0.0,1993-12-01 06:00:00,0.0,carried_from_RI_ERA5_features_MVP.csv (raw NC absent in repo),0.25deg (documented),bilinear_storm_center,carried_historical,
1993-003,1993-12-01 12:00:00,8.0,89.0,0.0,1993-12-01 12:00:00,0.0,carried_from_RI_ERA5_features_MVP.csv (raw NC absent in repo),0.25deg (documented),bilinear_storm_center,carried_historical,
1993-003,1993-12-01 18:00:00,8.0,88.0,0.0,1993-12-01 18:00:00,0.0,carried_from_RI_ERA5_features_MVP.csv (raw NC absent in repo),0.25deg (documented),bilinear_storm_center,carried_historical,
1993-003,1993-12-02 00:00:00,8.0,87.5,0.0,1993-12-02 00:00:00,0.0,carried_from_RI_ERA5_features_MVP.csv (raw NC absent in repo),0.25deg (documented),bilinear_storm_center,carried_historical,
1993-003,1993-12-02 03:00:00,8.0,87.0,0.0,1993-12-02 03:00:00,0.0,carried_from_RI_ERA5_features_MVP.csv (raw NC absent in repo),0.25deg (documented),bilinear_storm_center,carried_historical,
1993-003,1993-12-02 06:00:00,8.5,86.5,0.0,1993-12-02 06:00:00,0.0,carried_from_RI_ERA5_features_MVP.csv (raw NC absent in repo),0.25deg (documented),bilinear_storm_center,carried_historical,
1993-003,1993-12-02 12:00:00,9.0,85.5,0.0,1993-12-02 12:00:00,0.0,carried_from_RI_ERA5_features_MVP.csv (raw NC absent in repo),0.25deg (documented),bilinear_storm_center,carried_historical,
1993-003,1993-12-02 18:00:00,9.0,85.0,0.0,1993-12-02 18:00:00,0.0,carried_from_RI_ERA5_features_MVP.csv (raw NC absent in repo),0.25deg (documented),bilinear_storm_center,carried_historical,
1993-003,1993-12-03 00:00:00,9.5,84.5,1.0,1993-12-03 00:00:00,0.0,carried_from_RI_ERA5_features_MVP.csv (raw NC absent in repo),0.25deg (documented),bilinear_storm_center,carried_historical,
1993-003,1993-12-03 03:00:00,9.5,83.5,0.0,1993-12-03 03:00:00,0.0,carried_from_RI_ERA5_features_MVP.csv (raw NC absent in repo),0.25deg (documented),bilinear_storm_center,carried_historical,
1993-003,1993-12-03 06:00:00,9.5,83.0,1.0,1993-12-03 06:00:00,0.0,carried_from_RI_ERA5_features_MVP.csv (raw NC absent in repo),0.25deg (documented),bilinear_storm_center,carried_historical,
1993-003,1993-12-03 12:00:00,10.0,82.0,0.0,1993-12-03 12:00:00,0.0,carried_from_RI_ERA5_features_MVP.csv (raw NC absent in repo),0.25deg (documented),bilinear_storm_center,carried_historical,
1993-004,1993-12-19 00:00:00,8.5,83.5,0.0,1993-12-19 00:00:00,0.0,carried_from_RI_ERA5_features_MVP.csv (raw NC absent in repo),0.25deg (documented),bilinear_storm_center,carried_historical,
1993-004,1993-12-19 03:00:00,8.5,83.5,0.0,1993-12-19 03:00:00,0.0,carried_from_RI_ERA5_features_MVP.csv (raw NC absent in repo),0.25deg (documented),bilinear_storm_center,carried_historical,
1993-004,1993-12-19 06:00:00,9.0,82.5,0.0,1993-12-19 06:00:00,0.0,carried_from_RI_ERA5_features_MVP.csv (raw NC absent in repo),0.25deg (documented),bilinear_storm_center,carried_historical,
1994-001,1994-03-21 12:00:00,9.0,90.5,0.0,1994-03-21 12:00:00,0.0,carried_from_RI_ERA5_features_MVP.csv (raw NC absent in repo),0.25deg (documented),bilinear_storm_center,carried_historical,
1994-001,1994-03-21 18:00:00,10.0,90.0,0.0,1994-03-21 18:00:00,0.0,carried_from_RI_ERA5_features_MVP.csv (raw NC absent in repo),0.25deg (documented),bilinear_storm_center,carried_historical,
1994-001,1994-03-22 00:00:00,11.5,89.5,0.0,1994-03-22 00:00:00,0.0,carried_from_RI_ERA5_features_MVP.csv (raw NC absent in repo),0.25deg (documented),bilinear_storm_center,carried_historical,
1994-001,1994-03-22 06:00:00,12.5,90.5,0.0,1994-03-22 06:00:00,0.0,carried_from_RI_ERA5_features_MVP.csv (raw NC absent in repo),0.25deg (documented),bilinear_storm_center,carried_historical,
1994-001,1994-03-22 12:00:00,13.0,90.5,0.0,1994-03-22 12:00:00,0.0,carried_from_RI_ERA5_features_MVP.csv (raw NC absent in repo),0.25deg (documented),bilinear_storm_center,carried_historical,
1994-001,1994-03-22 18:00:00,13.0,90.5,0.0,1994-03-22 18:00:00,0.0,carried_from_RI_ERA5_features_MVP.csv (raw NC absent in repo),0.25deg (documented),bilinear_storm_center,carried_historical,
1994-001,1994-03-23 00:00:00,13.5,91.0,0.0,1994-03-23 00:00:00,0.0,carried_from_RI_ERA5_features_MVP.csv (raw NC absent in repo),0.25deg (documented),bilinear_storm_center,carried_historical,
1994-001,1994-03-23 06:00:00,13.5,91.0,0.0,1994-03-23 06:00:00,0.0,carried_from_RI_ERA5_features_MVP.csv (raw NC absent in repo),0.25deg (documented),bilinear_storm_center,carried_historical,
1994-002,1994-04-29 00:00:00,8.5,92.0,0.0,1994-04-29 00:00:00,0.0,carried_from_RI_ERA5_features_MVP.csv (raw NC absent in repo),0.25deg (documented),bilinear_storm_center,carried_historical,
1994-002,1994-04-29 03:00:00,9.0,91.5,0.0,1994-04-29 03:00:00,0.0,carried_from_RI_ERA5_features_MVP.csv (raw NC absent in repo),0.25deg (documented),bilinear_storm_center,carried_historical,
1994-002,1994-04-29 06:00:00,9.3,91.3,0.0,1994-04-29 06:00:00,0.0,carried_from_RI_ERA5_features_MVP.csv (raw NC absent in repo),0.25deg (documented),bilinear_storm_center,carried_historical,
1994-002,1994-04-29 12:00:00,10.0,91.0,0.0,1994-04-29 12:00:00,0.0,carried_from_RI_ERA5_features_MVP.csv (raw NC absent in repo),0.25deg (documented),bilinear_storm_center,carried_historical,
1994-002,1994-04-29 18:00:00,10.4,90.7,0.0,1994-04-29 18:00:00,0.0,carried_from_RI_ERA5_features_MVP.csv (raw NC absent in repo),0.25deg (documented),bilinear_storm_center,carried_historical,
1994-002,1994-04-30 00:00:00,10.8,90.6,0.0,1994-04-30 00:00:00,0.0,carried_from_RI_ERA5_features_MVP.csv (raw NC absent in repo),0.25deg (documented),bilinear_storm_center,carried_historical,
1994-002,1994-04-30 03:00:00,11.0,90.5,0.0,1994-04-30 03:00:00,0.0,carried_from_RI_ERA5_features_MVP.csv (raw NC absent in repo),0.25deg (documented),bilinear_storm_center,carried_historical,
1994-002,1994-04-30 06:00:00,11.5,90.4,0.0,1994-04-30 06:00:00,0.0,carried_from_RI_ERA5_features_MVP.csv (raw NC absent in repo),0.25deg (documented),bilinear_storm_center,carried_historical,
1994-002,1994-04-30 12:00:00,12.0,90.5,0.0,1994-04-30 12:00:00,0.0,carried_from_RI_ERA5_features_MVP.csv (raw NC absent in repo),0.25deg (documented),bilinear_storm_center,carried_historical,
1994-002,1994-04-30 18:00:00,13.0,90.2,1.0,1994-04-30 18:00:00,0.0,carried_from_RI_ERA5_features_MVP.csv (raw NC absent in repo),0.25deg (documented),bilinear_storm_center,carried_historical,
1994-002,1994-05-01 00:00:00,13.5,90.1,1.0,1994-05-01 00:00:00,0.0,carried_from_RI_ERA5_features_MVP.csv (raw NC absent in repo),0.25deg (documented),bilinear_storm_center,carried_historical,
1994-002,1994-05-01 03:00:00,14.0,90.0,1.0,1994-05-01 03:00:00,0.0,carried_from_RI_ERA5_features_MVP.csv (raw NC absent in repo),0.25deg (documented),bilinear_storm_center,carried_historical,
1994-002,1994-05-01 06:00:00,15.0,90.1,1.0,1994-05-01 06:00:00,0.0,carried_from_RI_ERA5_features_MVP.csv (raw NC absent in repo),0.25deg (documented),bilinear_storm_center,carried_historical,
1994-002,1994-05-01 12:00:00,16.0,90.4,1.0,1994-05-01 12:00:00,0.0,carried_from_RI_ERA5_features_MVP.csv (raw NC absent in repo),0.25deg (documented),bilinear_storm_center,carried_historical,
1994-004,1994-10-29 03:00:00,9.5,85.0,0.0,1994-10-29 03:00:00,0.0,carried_from_RI_ERA5_features_MVP.csv (raw NC absent in repo),0.25deg (documented),bilinear_storm_center,carried_historical,
1994-004,1994-10-29 06:00:00,10.0,84.5,0.0,1994-10-29 06:00:00,0.0,carried_from_RI_ERA5_features_MVP.csv (raw NC absent in repo),0.25deg (documented),bilinear_storm_center,carried_historical,
1994-004,1994-10-29 12:00:00,10.5,84.5,0.0,1994-10-29 12:00:00,0.0,carried_from_RI_ERA5_features_MVP.csv (raw NC absent in repo),0.25deg (documented),bilinear_storm_center,carried_historical,
1994-004,1994-10-29 18:00:00,11.0,84.0,1.0,1994-10-29 18:00:00,0.0,carried_from_RI_ERA5_features_MVP.csv (raw NC absent in repo),0.25deg (documented),bilinear_storm_center,carried_historical,
1994-004,1994-10-30 00:00:00,11.5,83.0,1.0,1994-10-30 00:00:00,0.0,carried_from_RI_ERA5_features_MVP.csv (raw NC absent in repo),0.25deg (documented),bilinear_storm_center,carried_historical,
1994-004,1994-10-30 03:00:00,12.0,82.0,0.0,1994-10-30 03:00:00,0.0,carried_from_RI_ERA5_features_MVP.csv (raw NC absent in repo),0.25deg (documented),bilinear_storm_center,carried_historical,
1994-004,1994-10-30 06:00:00,12.2,81.5,0.0,1994-10-30 06:00:00,0.0,carried_from_RI_ERA5_features_MVP.csv (raw NC absent in repo),0.25deg (documented),bilinear_storm_center,carried_historical,
1994-004,1994-10-30 12:00:00,12.3,81.0,0.0,1994-10-30 12:00:00,0.0,carried_from_RI_ERA5_features_MVP.csv (raw NC absent in repo),0.25deg (documented),bilinear_storm_center,carried_historical,
1995-002,1995-05-08 09:00:00,14.5,81.5,0.0,1995-05-08 09:00:00,0.0,carried_from_RI_ERA5_features_MVP.csv (raw NC absent in repo),0.25deg (documented),bilinear_storm_center,carried_historical,
1995-002,1995-05-08 12:00:00,15.0,81.5,0.0,1995-05-08 12:00:00,0.0,carried_from_RI_ERA5_features_MVP.csv (raw NC absent in repo),0.25deg (documented),bilinear_storm_center,carried_historical,
1995-002,1995-05-08 18:00:00,15.5,81.5,0.0,1995-05-08 18:00:00,0.0,carried_from_RI_ERA5_features_MVP.csv (raw NC absent in repo),0.25deg (documented),bilinear_storm_center,carried_historical,
1995-002,1995-05-09 00:00:00,15.5,81.5,0.0,1995-05-09 00:00:00,0.0,carried_from_RI_ERA5_features_MVP.csv (raw NC absent in repo),0.25deg (documented),bilinear_storm_center,carried_historical,
1995-002,1995-05-09 03:00:00,16.0,82.5,0.0,1995-05-09 03:00:00,0.0,carried_from_RI_ERA5_features_MVP.csv (raw NC absent in repo),0.25deg (documented),bilinear_storm_center,carried_historical,
1995-002,1995-05-09 06:00:00,16.5,82.5,0.0,1995-05-09 06:00:00,0.0,carried_from_RI_ERA5_features_MVP.csv (raw NC absent in repo),0.25deg (documented),bilinear_storm_center,carried_historical,
1995-002,1995-05-09 09:00:00,16.5,82.5,0.0,1995-05-09 09:00:00,0.0,carried_from_RI_ERA5_features_MVP.csv (raw NC absent in repo),0.25deg (documented),bilinear_storm_center,carried_historical,
1995-003,1995-05-14 18:00:00,19.5,86.5,0.0,1995-05-14 18:00:00,0.0,carried_from_RI_ERA5_features_MVP.csv (raw NC absent in repo),0.25deg (documented),bilinear_storm_center,carried_historical,
1995-003,1995-05-15 00:00:00,20.0,86.8,0.0,1995-05-15 00:00:00,0.0,carried_from_RI_ERA5_features_MVP.csv (raw NC absent in repo),0.25deg (documented),bilinear_storm_center,carried_historical,
1995-003,1995-05-15 03:00:00,20.5,87.0,0.0,1995-05-15 03:00:00,0.0,carried_from_RI_ERA5_features_MVP.csv (raw NC absent in repo),0.25deg (documented),bilinear_storm_center,carried_historical,
1995-003,1995-05-15 06:00:00,21.0,87.3,0.0,1995-05-15 06:00:00,0.0,carried_from_RI_ERA5_features_MVP.csv (raw NC absent in repo),0.25deg (documented),bilinear_storm_center,carried_historical,
1995-003,1995-05-15 12:00:00,21.5,87.5,0.0,1995-05-15 12:00:00,0.0,carried_from_RI_ERA5_features_MVP.csv (raw NC absent in repo),0.25deg (documented),bilinear_storm_center,carried_historical,
1995-003,1995-05-15 18:00:00,21.5,88.0,0.0,1995-05-15 18:00:00,0.0,carried_from_RI_ERA5_features_MVP.csv (raw NC absent in repo),0.25deg (documented),bilinear_storm_center,carried_historical,
1995-003,1995-05-16 00:00:00,22.0,88.5,0.0,1995-05-16 00:00:00,0.0,carried_from_RI_ERA5_features_MVP.csv (raw NC absent in repo),0.25deg (documented),bilinear_storm_center,carried_historical,
1995-003,1995-05-16 03:00:00,22.0,88.5,0.0,1995-05-16 03:00:00,0.0,carried_from_RI_ERA5_features_MVP.csv (raw NC absent in repo),0.25deg (documented),bilinear_storm_center,carried_historical,
1995-003,1995-05-16 06:00:00,22.5,89.5,0.0,1995-05-16 06:00:00,0.0,carried_from_RI_ERA5_features_MVP.csv (raw NC absent in repo),0.25deg (documented),bilinear_storm_center,carried_historical,
1995-003,1995-05-16 12:00:00,23.0,89.5,0.0,1995-05-16 12:00:00,0.0,carried_from_RI_ERA5_features_MVP.csv (raw NC absent in repo),0.25deg (documented),bilinear_storm_center,carried_historical,
1995-003,1995-05-16 18:00:00,23.7,90.5,0.0,1995-05-16 18:00:00,0.0,carried_from_RI_ERA5_features_MVP.csv (raw NC absent in repo),0.25deg (documented),bilinear_storm_center,carried_historical,
1995-004,1995-09-16 03:00:00,19.0,90.0,0.0,1995-09-16 03:00:00,0.0,carried_from_RI_ERA5_features_MVP.csv (raw NC absent in repo),0.25deg (documented),bilinear_storm_center,carried_historical,
1995-004,1995-09-16 06:00:00,19.5,89.5,0.0,1995-09-16 06:00:00,0.0,carried_from_RI_ERA5_features_MVP.csv (raw NC absent in repo),0.25deg (documented),bilinear_storm_center,carried_historical,
1995-004,1995-09-16 12:00:00,20.0,89.0,0.0,1995-09-16 12:00:00,0.0,carried_from_RI_ERA5_features_MVP.csv (raw NC absent in repo),0.25deg (documented),bilinear_storm_center,carried_historical,
1995-007,1995-11-07 03:00:00,11.0,91.5,0.0,1995-11-07 03:00:00,0.0,carried_from_RI_ERA5_features_MVP.csv (raw NC absent in repo),0.25deg (documented),bilinear_storm_center,carried_historical,
1995-007,1995-11-07 06:00:00,11.5,91.0,0.0,1995-11-07 06:00:00,0.0,carried_from_RI_ERA5_features_MVP.csv (raw NC absent in repo),0.25deg (documented),bilinear_storm_center,carried_historical,
1995-007,1995-11-07 12:00:00,12.5,89.5,0.0,1995-11-07 12:00:00,0.0,carried_from_RI_ERA5_features_MVP.csv (raw NC absent in repo),0.25deg (documented),bilinear_storm_center,carried_historical,
1995-007,1995-11-07 18:00:00,13.0,89.0,1.0,1995-11-07 18:00:00,0.0,carried_from_RI_ERA5_features_MVP.csv (raw NC absent in repo),0.25deg (documented),bilinear_storm_center,carried_historical,
1995-007,1995-11-08 00:00:00,13.0,88.5,1.0,1995-11-08 00:00:00,0.0,carried_from_RI_ERA5_features_MVP.csv (raw NC absent in repo),0.25deg (documented),bilinear_storm_center,carried_historical,
1995-007,1995-11-08 03:00:00,13.5,87.5,1.0,1995-11-08 03:00:00,0.0,carried_from_RI_ERA5_features_MVP.csv (raw NC absent in repo),0.25deg (documented),bilinear_storm_center,carried_historical,
1995-008,1995-11-21 12:00:00,6.5,91.0,0.0,1995-11-21 12:00:00,0.0,carried_from_RI_ERA5_features_MVP.csv (raw NC absent in repo),0.25deg (documented),bilinear_storm_center,carried_historical,
1995-008,1995-11-21 18:00:00,7.0,90.5,0.0,1995-11-21 18:00:00,0.0,carried_from_RI_ERA5_features_MVP.csv (raw NC absent in repo),0.25deg (documented),bilinear_storm_center,carried_historical,
1995-008,1995-11-22 00:00:00,7.5,90.0,0.0,1995-11-22 00:00:00,0.0,carried_from_RI_ERA5_features_MVP.csv (raw NC absent in repo),0.25deg (documented),bilinear_storm_center,carried_historical,
1995-008,1995-11-22 03:00:00,7.5,90.0,0.0,1995-11-22 03:00:00,0.0,carried_from_RI_ERA5_features_MVP.csv (raw NC absent in repo),0.25deg (documented),bilinear_storm_center,carried_historical,
1995-008,1995-11-22 06:00:00,8.0,89.0,0.0,1995-11-22 06:00:00,0.0,carried_from_RI_ERA5_features_MVP.csv (raw NC absent in repo),0.25deg (documented),bilinear_storm_center,carried_historical,
1995-008,1995-11-22 12:00:00,8.5,88.5,0.0,1995-11-22 12:00:00,0.0,carried_from_RI_ERA5_features_MVP.csv (raw NC absent in repo),0.25deg (documented),bilinear_storm_center,carried_historical,
1995-008,1995-11-22 18:00:00,9.5,87.5,0.0,1995-11-22 18:00:00,0.0,carried_from_RI_ERA5_features_MVP.csv (raw NC absent in repo),0.25deg (documented),bilinear_storm_center,carried_historical,
1995-008,1995-11-23 00:00:00,10.0,86.5,1.0,1995-11-23 00:00:00,0.0,carried_from_RI_ERA5_features_MVP.csv (raw NC absent in repo),0.25deg (documented),bilinear_storm_center,carried_historical,
1995-008,1995-11-23 03:00:00,10.0,86.0,1.0,1995-11-23 03:00:00,0.0,carried_from_RI_ERA5_features_MVP.csv (raw NC absent in repo),0.25deg (documented),bilinear_storm_center,carried_historical,
1995-008,1995-11-23 06:00:00,10.5,85.5,1.0,1995-11-23 06:00:00,0.0,carried_from_RI_ERA5_features_MVP.csv (raw NC absent in repo),0.25deg (documented),bilinear_storm_center,carried_historical,
1995-008,1995-11-23 12:00:00,11.0,85.0,1.0,1995-11-23 12:00:00,0.0,carried_from_RI_ERA5_features_MVP.csv (raw NC absent in repo),0.25deg (documented),bilinear_storm_center,carried_historical,
1995-008,1995-11-23 18:00:00,12.0,85.0,0.0,1995-11-23 18:00:00,0.0,carried_from_RI_ERA5_features_MVP.csv (raw NC absent in repo),0.25deg (documented),bilinear_storm_center,carried_historical,
1995-008,1995-11-24 00:00:00,13.5,85.0,0.0,1995-11-24 00:00:00,0.0,carried_from_RI_ERA5_features_MVP.csv (raw NC absent in repo),0.25deg (documented),bilinear_storm_center,carried_historical,
1995-008,1995-11-24 03:00:00,14.5,85.0,0.0,1995-11-24 03:00:00,0.0,carried_from_RI_ERA5_features_MVP.csv (raw NC absent in repo),0.25deg (documented),bilinear_storm_center,carried_historical,
1995-008,1995-11-24 06:00:00,15.0,85.0,0.0,1995-11-24 06:00:00,0.0,carried_from_RI_ERA5_features_MVP.csv (raw NC absent in repo),0.25deg (documented),bilinear_storm_center,carried_historical,
1996-002,1996-06-12 12:00:00,11.0,86.0,0.0,1996-06-12 12:00:00,0.0,carried_from_RI_ERA5_features_MVP.csv (raw NC absent in repo),0.25deg (documented),bilinear_storm_center,carried_historical,
1996-002,1996-06-12 18:00:00,11.5,85.0,0.0,1996-06-12 18:00:00,0.0,carried_from_RI_ERA5_features_MVP.csv (raw NC absent in repo),0.25deg (documented),bilinear_storm_center,carried_historical,
1996-002,1996-06-13 00:00:00,12.0,84.0,0.0,1996-06-13 00:00:00,0.0,carried_from_RI_ERA5_features_MVP.csv (raw NC absent in repo),0.25deg (documented),bilinear_storm_center,carried_historical,
1996-002,1996-06-13 03:00:00,12.5,83.0,0.0,1996-06-13 03:00:00,0.0,carried_from_RI_ERA5_features_MVP.csv (raw NC absent in repo),0.25deg (documented),bilinear_storm_center,carried_historical,
1996-002,1996-06-13 06:00:00,12.7,83.0,0.0,1996-06-13 06:00:00,0.0,carried_from_RI_ERA5_features_MVP.csv (raw NC absent in repo),0.25deg (documented),bilinear_storm_center,carried_historical,
1996-002,1996-06-13 12:00:00,13.0,82.0,0.0,1996-06-13 12:00:00,0.0,carried_from_RI_ERA5_features_MVP.csv (raw NC absent in repo),0.25deg (documented),bilinear_storm_center,carried_historical,
1996-002,1996-06-13 18:00:00,13.5,81.0,0.0,1996-06-13 18:00:00,0.0,carried_from_RI_ERA5_features_MVP.csv (raw NC absent in repo),0.25deg (documented),bilinear_storm_center,carried_historical,
1996-002,1996-06-14 00:00:00,13.5,80.5,0.0,1996-06-14 00:00:00,0.0,carried_from_RI_ERA5_features_MVP.csv (raw NC absent in repo),0.25deg (documented),bilinear_storm_center,carried_historical,
1996-002,1996-06-14 03:00:00,14.0,80.5,0.0,1996-06-14 03:00:00,0.0,carried_from_RI_ERA5_features_MVP.csv (raw NC absent in repo),0.25deg (documented),bilinear_storm_center,carried_historical,
1996-002,1996-06-14 06:00:00,14.5,80.8,0.0,1996-06-14 06:00:00,0.0,carried_from_RI_ERA5_features_MVP.csv (raw NC absent in repo),0.25deg (documented),bilinear_storm_center,carried_historical,
1996-002,1996-06-14 12:00:00,15.0,81.0,0.0,1996-06-14 12:00:00,0.0,carried_from_RI_ERA5_features_MVP.csv (raw NC absent in repo),0.25deg (documented),bilinear_storm_center,carried_historical,
1996-002,1996-06-14 18:00:00,16.0,82.0,0.0,1996-06-14 18:00:00,0.0,carried_from_RI_ERA5_features_MVP.csv (raw NC absent in repo),0.25deg (documented),bilinear_storm_center,carried_historical,
1996-002,1996-06-15 00:00:00,16.5,82.5,0.0,1996-06-15 00:00:00,0.0,carried_from_RI_ERA5_features_MVP.csv (raw NC absent in repo),0.25deg (documented),bilinear_storm_center,carried_historical,
1996-002,1996-06-15 03:00:00,16.5,82.5,0.0,1996-06-15 03:00:00,0.0,carried_from_RI_ERA5_features_MVP.csv (raw NC absent in repo),0.25deg (documented),bilinear_storm_center,carried_historical,
1996-007,1996-10-27 03:00:00,15.0,86.0,0.0,1996-10-27 03:00:00,0.0,carried_from_RI_ERA5_features_MVP.csv (raw NC absent in repo),0.25deg (documented),bilinear_storm_center,carried_historical,
1996-007,1996-10-27 06:00:00,15.5,85.5,0.0,1996-10-27 06:00:00,0.0,carried_from_RI_ERA5_features_MVP.csv (raw NC absent in repo),0.25deg (documented),bilinear_storm_center,carried_historical,
1996-007,1996-10-27 12:00:00,16.0,85.5,0.0,1996-10-27 12:00:00,0.0,carried_from_RI_ERA5_features_MVP.csv (raw NC absent in repo),0.25deg (documented),bilinear_storm_center,carried_historical,
1996-007,1996-10-27 18:00:00,17.0,86.0,0.0,1996-10-27 18:00:00,0.0,carried_from_RI_ERA5_features_MVP.csv (raw NC absent in repo),0.25deg (documented),bilinear_storm_center,carried_historical,
1996-008,1996-11-04 18:00:00,16.0,87.5,0.0,1996-11-04 18:00:00,0.0,carried_from_RI_ERA5_features_MVP.csv (raw NC absent in repo),0.25deg (documented),bilinear_storm_center,carried_historical,
1996-008,1996-11-05 00:00:00,16.0,87.0,0.0,1996-11-05 00:00:00,0.0,carried_from_RI_ERA5_features_MVP.csv (raw NC absent in repo),0.25deg (documented),bilinear_storm_center,carried_historical,
1996-008,1996-11-05 03:00:00,16.0,86.5,0.0,1996-11-05 03:00:00,0.0,carried_from_RI_ERA5_features_MVP.csv (raw NC absent in repo),0.25deg (documented),bilinear_storm_center,carried_historical,
1996-008,1996-11-05 06:00:00,16.0,86.5,1.0,1996-11-05 06:00:00,0.0,carried_from_RI_ERA5_features_MVP.csv (raw NC absent in repo),0.25deg (documented),bilinear_storm_center,carried_historical,
1996-008,1996-11-05 09:00:00,16.0,86.0,1.0,1996-11-05 09:00:00,0.0,carried_from_RI_ERA5_features_MVP.csv (raw NC absent in repo),0.25deg (documented),bilinear_storm_center,carried_historical,
1996-008,1996-11-05 12:00:00,16.0,85.5,1.0,1996-11-05 12:00:00,0.0,carried_from_RI_ERA5_features_MVP.csv (raw NC absent in repo),0.25deg (documented),bilinear_storm_center,carried_historical,
1996-008,1996-11-05 18:00:00,16.0,85.0,0.0,1996-11-05 18:00:00,0.0,carried_from_RI_ERA5_features_MVP.csv (raw NC absent in repo),0.25deg (documented),bilinear_storm_center,carried_historical,
1996-009,1996-11-28 03:00:00,11.5,86.5,0.0,1996-11-28 03:00:00,0.0,carried_from_RI_ERA5_features_MVP.csv (raw NC absent in repo),0.25deg (documented),bilinear_storm_center,carried_historical,
1996-009,1996-11-28 06:00:00,12.0,86.0,0.0,1996-11-28 06:00:00,0.0,carried_from_RI_ERA5_features_MVP.csv (raw NC absent in repo),0.25deg (documented),bilinear_storm_center,carried_historical,
1996-009,1996-11-28 12:00:00,12.5,85.5,0.0,1996-11-28 12:00:00,0.0,carried_from_RI_ERA5_features_MVP.csv (raw NC absent in repo),0.25deg (documented),bilinear_storm_center,carried_historical,
1996-009,1996-11-28 18:00:00,13.0,85.5,0.0,1996-11-28 18:00:00,0.0,carried_from_RI_ERA5_features_MVP.csv (raw NC absent in repo),0.25deg (documented),bilinear_storm_center,carried_historical,
1996-009,1996-11-29 00:00:00,13.0,85.5,0.0,1996-11-29 00:00:00,0.0,carried_from_RI_ERA5_features_MVP.csv (raw NC absent in repo),0.25deg (documented),bilinear_storm_center,carried_historical,
1996-009,1996-11-29 03:00:00,12.5,85.0,0.0,1996-11-29 03:00:00,0.0,carried_from_RI_ERA5_features_MVP.csv (raw NC absent in repo),0.25deg (documented),bilinear_storm_center,carried_historical,
1996-009,1996-11-29 06:00:00,13.0,85.5,0.0,1996-11-29 06:00:00,0.0,carried_from_RI_ERA5_features_MVP.csv (raw NC absent in repo),0.25deg (documented),bilinear_storm_center,carried_historical,
1996-009,1996-11-29 12:00:00,13.5,86.0,0.0,1996-11-29 12:00:00,0.0,carried_from_RI_ERA5_features_MVP.csv (raw NC absent in repo),0.25deg (documented),bilinear_storm_center,carried_historical,
1996-009,1996-11-29 18:00:00,14.0,87.0,0.0,1996-11-29 18:00:00,0.0,carried_from_RI_ERA5_features_MVP.csv (raw NC absent in repo),0.25deg (documented),bilinear_storm_center,carried_historical,
1996-009,1996-11-30 00:00:00,14.5,87.5,0.0,1996-11-30 00:00:00,0.0,carried_from_RI_ERA5_features_MVP.csv (raw NC absent in repo),0.25deg (documented),bilinear_storm_center,carried_historical,
1996-009,1996-11-30 03:00:00,14.5,87.5,0.0,1996-11-30 03:00:00,0.0,carried_from_RI_ERA5_features_MVP.csv (raw NC absent in repo),0.25deg (documented),bilinear_storm_center,carried_historical,
1996-009,1996-11-30 06:00:00,15.0,88.0,0.0,1996-11-30 06:00:00,0.0,carried_from_RI_ERA5_features_MVP.csv (raw NC absent in repo),0.25deg (documented),bilinear_storm_center,carried_historical,
1996-009,1996-11-30 12:00:00,15.5,88.5,0.0,1996-11-30 12:00:00,0.0,carried_from_RI_ERA5_features_MVP.csv (raw NC absent in repo),0.25deg (documented),bilinear_storm_center,carried_historical,
1996-009,1996-11-30 18:00:00,15.0,89.0,0.0,1996-11-30 18:00:00,0.0,carried_from_RI_ERA5_features_MVP.csv (raw NC absent in repo),0.25deg (documented),bilinear_storm_center,carried_historical,
1996-009,1996-12-01 00:00:00,14.5,89.0,0.0,1996-12-01 00:00:00,0.0,carried_from_RI_ERA5_features_MVP.csv (raw NC absent in repo),0.25deg (documented),bilinear_storm_center,carried_historical,
1996-009,1996-12-01 03:00:00,14.5,89.0,0.0,1996-12-01 03:00:00,0.0,carried_from_RI_ERA5_features_MVP.csv (raw NC absent in repo),0.25deg (documented),bilinear_storm_center,carried_historical,
1996-009,1996-12-01 06:00:00,14.5,88.5,0.0,1996-12-01 06:00:00,0.0,carried_from_RI_ERA5_features_MVP.csv (raw NC absent in repo),0.25deg (documented),bilinear_storm_center,carried_historical,
1996-009,1996-12-01 12:00:00,14.5,88.5,0.0,1996-12-01 12:00:00,0.0,carried_from_RI_ERA5_features_MVP.csv (raw NC absent in repo),0.25deg (documented),bilinear_storm_center,carried_historical,
1996-009,1996-12-01 18:00:00,14.5,88.0,0.0,1996-12-01 18:00:00,0.0,carried_from_RI_ERA5_features_MVP.csv (raw NC absent in repo),0.25deg (documented),bilinear_storm_center,carried_historical,
1996-009,1996-12-02 00:00:00,14.0,87.0,0.0,1996-12-02 00:00:00,0.0,carried_from_RI_ERA5_features_MVP.csv (raw NC absent in repo),0.25deg (documented),bilinear_storm_center,carried_historical,
1996-009,1996-12-02 03:00:00,14.0,87.0,0.0,1996-12-02 03:00:00,0.0,carried_from_RI_ERA5_features_MVP.csv (raw NC absent in repo),0.25deg (documented),bilinear_storm_center,carried_historical,
1996-009,1996-12-02 06:00:00,14.0,87.0,0.0,1996-12-02 06:00:00,0.0,carried_from_RI_ERA5_features_MVP.csv (raw NC absent in repo),0.25deg (documented),bilinear_storm_center,carried_historical,
1996-009,1996-12-02 12:00:00,14.0,86.0,1.0,1996-12-02 12:00:00,0.0,carried_from_RI_ERA5_features_MVP.csv (raw NC absent in repo),0.25deg (documented),bilinear_storm_center,carried_historical,
1996-009,1996-12-02 18:00:00,14.0,85.5,1.0,1996-12-02 18:00:00,0.0,carried_from_RI_ERA5_features_MVP.csv (raw NC absent in repo),0.25deg (documented),bilinear_storm_center,carried_historical,
1996-009,1996-12-03 00:00:00,14.0,85.0,0.0,1996-12-03 00:00:00,0.0,carried_from_RI_ERA5_features_MVP.csv (raw NC absent in repo),0.25deg (documented),bilinear_storm_center,carried_historical,
1996-009,1996-12-03 03:00:00,14.0,84.5,0.0,1996-12-03 03:00:00,0.0,carried_from_RI_ERA5_features_MVP.csv (raw NC absent in repo),0.25deg (documented),bilinear_storm_center,carried_historical,
1996-009,1996-12-03 06:00:00,14.3,84.0,0.0,1996-12-03 06:00:00,0.0,carried_from_RI_ERA5_features_MVP.csv (raw NC absent in repo),0.25deg (documented),bilinear_storm_center,carried_historical,
1996-009,1996-12-03 12:00:00,14.5,83.5,0.0,1996-12-03 12:00:00,0.0,carried_from_RI_ERA5_features_MVP.csv (raw NC absent in repo),0.25deg (documented),bilinear_storm_center,carried_historical,
1996-009,1996-12-03 18:00:00,14.7,83.0,0.0,1996-12-03 18:00:00,0.0,carried_from_RI_ERA5_features_MVP.csv (raw NC absent in repo),0.25deg (documented),bilinear_storm_center,carried_historical,
1996-009,1996-12-04 00:00:00,14.7,83.0,0.0,1996-12-04 00:00:00,0.0,carried_from_RI_ERA5_features_MVP.csv (raw NC absent in repo),0.25deg (documented),bilinear_storm_center,carried_historical,
1996-009,1996-12-04 03:00:00,14.8,82.2,0.0,1996-12-04 03:00:00,0.0,carried_from_RI_ERA5_features_MVP.csv (raw NC absent in repo),0.25deg (documented),bilinear_storm_center,carried_historical,
1996-009,1996-12-04 06:00:00,15.1,82.0,0.0,1996-12-04 06:00:00,0.0,carried_from_RI_ERA5_features_MVP.csv (raw NC absent in repo),0.25deg (documented),bilinear_storm_center,carried_historical,
1996-009,1996-12-04 12:00:00,15.3,81.4,0.0,1996-12-04 12:00:00,0.0,carried_from_RI_ERA5_features_MVP.csv (raw NC absent in repo),0.25deg (documented),bilinear_storm_center,carried_historical,
1996-009,1996-12-04 18:00:00,15.5,81.4,0.0,1996-12-04 18:00:00,0.0,carried_from_RI_ERA5_features_MVP.csv (raw NC absent in repo),0.25deg (documented),bilinear_storm_center,carried_historical,
1996-009,1996-12-05 00:00:00,15.0,81.3,0.0,1996-12-05 00:00:00,0.0,carried_from_RI_ERA5_features_MVP.csv (raw NC absent in repo),0.25deg (documented),bilinear_storm_center,carried_historical,
1996-009,1996-12-05 03:00:00,14.5,82.0,0.0,1996-12-05 03:00:00,0.0,carried_from_RI_ERA5_features_MVP.csv (raw NC absent in repo),0.25deg (documented),bilinear_storm_center,carried_historical,
1996-009,1996-12-05 06:00:00,14.5,81.7,0.0,1996-12-05 06:00:00,0.0,carried_from_RI_ERA5_features_MVP.csv (raw NC absent in repo),0.25deg (documented),bilinear_storm_center,carried_historical,
1996-009,1996-12-05 12:00:00,14.3,81.7,0.0,1996-12-05 12:00:00,0.0,carried_from_RI_ERA5_features_MVP.csv (raw NC absent in repo),0.25deg (documented),bilinear_storm_center,carried_historical,
1997-001,1997-05-15 06:00:00,6.5,90.5,0.0,1997-05-15 06:00:00,0.0,carried_from_RI_ERA5_features_MVP.csv (raw NC absent in repo),0.25deg (documented),bilinear_storm_center,carried_historical,
1997-001,1997-05-15 09:00:00,7.0,90.5,0.0,1997-05-15 09:00:00,0.0,carried_from_RI_ERA5_features_MVP.csv (raw NC absent in repo),0.25deg (documented),bilinear_storm_center,carried_historical,
1997-001,1997-05-15 12:00:00,7.5,90.5,0.0,1997-05-15 12:00:00,0.0,carried_from_RI_ERA5_features_MVP.csv (raw NC absent in repo),0.25deg (documented),bilinear_storm_center,carried_historical,
1997-001,1997-05-15 18:00:00,8.0,90.5,0.0,1997-05-15 18:00:00,0.0,carried_from_RI_ERA5_features_MVP.csv (raw NC absent in repo),0.25deg (documented),bilinear_storm_center,carried_historical,
1997-001,1997-05-16 00:00:00,8.5,90.5,0.0,1997-05-16 00:00:00,0.0,carried_from_RI_ERA5_features_MVP.csv (raw NC absent in repo),0.25deg (documented),bilinear_storm_center,carried_historical,
1997-001,1997-05-16 03:00:00,9.0,90.5,0.0,1997-05-16 03:00:00,0.0,carried_from_RI_ERA5_features_MVP.csv (raw NC absent in repo),0.25deg (documented),bilinear_storm_center,carried_historical,
1997-001,1997-05-16 06:00:00,9.2,90.5,0.0,1997-05-16 06:00:00,0.0,carried_from_RI_ERA5_features_MVP.csv (raw NC absent in repo),0.25deg (documented),bilinear_storm_center,carried_historical,
1997-001,1997-05-16 09:00:00,9.5,90.5,0.0,1997-05-16 09:00:00,0.0,carried_from_RI_ERA5_features_MVP.csv (raw NC absent in repo),0.25deg (documented),bilinear_storm_center,carried_historical,
1997-001,1997-05-16 12:00:00,10.0,91.0,0.0,1997-05-16 12:00:00,0.0,carried_from_RI_ERA5_features_MVP.csv (raw NC absent in repo),0.25deg (documented),bilinear_storm_center,carried_historical,
1997-001,1997-05-16 18:00:00,10.5,91.3,0.0,1997-05-16 18:00:00,0.0,carried_from_RI_ERA5_features_MVP.csv (raw NC absent in repo),0.25deg (documented),bilinear_storm_center,carried_historical,
1997-001,1997-05-17 00:00:00,11.0,91.4,0.0,1997-05-17 00:00:00,0.0,carried_from_RI_ERA5_features_MVP.csv (raw NC absent in repo),0.25deg (documented),bilinear_storm_center,carried_historical,
1997-001,1997-05-17 03:00:00,12.0,91.5,1.0,1997-05-17 03:00:00,0.0,carried_from_RI_ERA5_features_MVP.csv (raw NC absent in repo),0.25deg (documented),bilinear_storm_center,carried_historical,
1997-001,1997-05-17 06:00:00,13.0,91.5,0.0,1997-05-17 06:00:00,0.0,carried_from_RI_ERA5_features_MVP.csv (raw NC absent in repo),0.25deg (documented),bilinear_storm_center,carried_historical,
1997-001,1997-05-17 09:00:00,13.5,91.5,0.0,1997-05-17 09:00:00,0.0,carried_from_RI_ERA5_features_MVP.csv (raw NC absent in repo),0.25deg (documented),bilinear_storm_center,carried_historical,
1997-001,1997-05-17 12:00:00,14.0,91.0,0.0,1997-05-17 12:00:00,0.0,carried_from_RI_ERA5_features_MVP.csv (raw NC absent in repo),0.25deg (documented),bilinear_storm_center,carried_historical,
1997-001,1997-05-17 18:00:00,15.0,91.0,0.0,1997-05-17 18:00:00,0.0,carried_from_RI_ERA5_features_MVP.csv (raw NC absent in repo),0.25deg (documented),bilinear_storm_center,carried_historical,
1997-001,1997-05-18 00:00:00,16.0,91.0,1.0,1997-05-18 00:00:00,0.0,carried_from_RI_ERA5_features_MVP.csv (raw NC absent in repo),0.25deg (documented),bilinear_storm_center,carried_historical,
1997-001,1997-05-18 03:00:00,16.5,90.5,0.0,1997-05-18 03:00:00,0.0,carried_from_RI_ERA5_features_MVP.csv (raw NC absent in repo),0.25deg (documented),bilinear_storm_center,carried_historical,
1997-001,1997-05-18 06:00:00,17.0,90.5,0.0,1997-05-18 06:00:00,0.0,carried_from_RI_ERA5_features_MVP.csv (raw NC absent in repo),0.25deg (documented),bilinear_storm_center,carried_historical,
1997-001,1997-05-18 09:00:00,17.5,90.5,0.0,1997-05-18 09:00:00,0.0,carried_from_RI_ERA5_features_MVP.csv (raw NC absent in repo),0.25deg (documented),bilinear_storm_center,carried_historical,
1997-001,1997-05-18 12:00:00,18.0,90.5,0.0,1997-05-18 12:00:00,0.0,carried_from_RI_ERA5_features_MVP.csv (raw NC absent in repo),0.25deg (documented),bilinear_storm_center,carried_historical,
1997-003,1997-07-29 03:00:00,21.0,89.0,0.0,1997-07-29 03:00:00,0.0,carried_from_RI_ERA5_features_MVP.csv (raw NC absent in repo),0.25deg (documented),bilinear_storm_center,carried_historical,
1997-003,1997-07-29 06:00:00,21.0,89.0,0.0,1997-07-29 06:00:00,0.0,carried_from_RI_ERA5_features_MVP.csv (raw NC absent in repo),0.25deg (documented),bilinear_storm_center,carried_historical,
1997-007,1997-09-23 03:00:00,15.5,82.5,0.0,1997-09-23 03:00:00,0.0,carried_from_RI_ERA5_features_MVP.csv (raw NC absent in repo),0.25deg (documented),bilinear_storm_center,carried_historical,
1997-007,1997-09-23 06:00:00,16.0,82.5,0.0,1997-09-23 06:00:00,0.0,carried_from_RI_ERA5_features_MVP.csv (raw NC absent in repo),0.25deg (documented),bilinear_storm_center,carried_historical,
1997-007,1997-09-23 09:00:00,16.0,82.5,0.0,1997-09-23 09:00:00,0.0,carried_from_RI_ERA5_features_MVP.csv (raw NC absent in repo),0.25deg (documented),bilinear_storm_center,carried_historical,
1997-007,1997-09-23 12:00:00,16.0,82.5,0.0,1997-09-23 12:00:00,0.0,carried_from_RI_ERA5_features_MVP.csv (raw NC absent in repo),0.25deg (documented),bilinear_storm_center,carried_historical,
1997-007,1997-09-23 18:00:00,16.0,82.5,0.0,1997-09-23 18:00:00,0.0,carried_from_RI_ERA5_features_MVP.csv (raw NC absent in repo),0.25deg (documented),bilinear_storm_center,carried_historical,
1997-007,1997-09-24 00:00:00,16.5,82.5,0.0,1997-09-24 00:00:00,0.0,carried_from_RI_ERA5_features_MVP.csv (raw NC absent in repo),0.25deg (documented),bilinear_storm_center,carried_historical,
1997-007,1997-09-24 03:00:00,16.5,82.5,0.0,1997-09-24 03:00:00,0.0,carried_from_RI_ERA5_features_MVP.csv (raw NC absent in repo),0.25deg (documented),bilinear_storm_center,carried_historical,
1997-007,1997-09-24 06:00:00,16.5,82.5,0.0,1997-09-24 06:00:00,0.0,carried_from_RI_ERA5_features_MVP.csv (raw NC absent in repo),0.25deg (documented),bilinear_storm_center,carried_historical,
1997-007,1997-09-24 09:00:00,16.5,82.7,0.0,1997-09-24 09:00:00,0.0,carried_from_RI_ERA5_features_MVP.csv (raw NC absent in repo),0.25deg (documented),bilinear_storm_center,carried_historical,
1997-007,1997-09-24 12:00:00,16.7,82.9,0.0,1997-09-24 12:00:00,0.0,carried_from_RI_ERA5_features_MVP.csv (raw NC absent in repo),0.25deg (documented),bilinear_storm_center,carried_historical,
1997-007,1997-09-24 18:00:00,16.7,82.9,0.0,1997-09-24 18:00:00,0.0,carried_from_RI_ERA5_features_MVP.csv (raw NC absent in repo),0.25deg (documented),bilinear_storm_center,carried_historical,
1997-007,1997-09-25 00:00:00,17.3,83.6,0.0,1997-09-25 00:00:00,0.0,carried_from_RI_ERA5_features_MVP.csv (raw NC absent in repo),0.25deg (documented),bilinear_storm_center,carried_historical,
1997-007,1997-09-25 03:00:00,17.3,83.7,0.0,1997-09-25 03:00:00,0.0,carried_from_RI_ERA5_features_MVP.csv (raw NC absent in repo),0.25deg (documented),bilinear_storm_center,carried_historical,
1997-007,1997-09-25 06:00:00,17.7,84.0,0.0,1997-09-25 06:00:00,0.0,carried_from_RI_ERA5_features_MVP.csv (raw NC absent in repo),0.25deg (documented),bilinear_storm_center,carried_historical,
1997-007,1997-09-25 09:00:00,18.0,84.5,0.0,1997-09-25 09:00:00,0.0,carried_from_RI_ERA5_features_MVP.csv (raw NC absent in repo),0.25deg (documented),bilinear_storm_center,carried_historical,
1997-007,1997-09-25 12:00:00,18.0,85.0,0.0,1997-09-25 12:00:00,0.0,carried_from_RI_ERA5_features_MVP.csv (raw NC absent in repo),0.25deg (documented),bilinear_storm_center,carried_historical,
1997-007,1997-09-25 18:00:00,19.5,87.0,0.0,1997-09-25 18:00:00,0.0,carried_from_RI_ERA5_features_MVP.csv (raw NC absent in repo),0.25deg (documented),bilinear_storm_center,carried_historical,
1997-008,1997-11-04 03:00:00,12.5,98.0,0.0,1997-11-04 03:00:00,0.0,carried_from_RI_ERA5_features_MVP.csv (raw NC absent in repo),0.25deg (documented),bilinear_storm_center,carried_historical,
1997-008,1997-11-04 06:00:00,13.0,97.2,0.0,1997-11-04 06:00:00,0.0,carried_from_RI_ERA5_features_MVP.csv (raw NC absent in repo),0.25deg (documented),bilinear_storm_center,carried_historical,
1997-008,1997-11-04 12:00:00,13.5,96.5,0.0,1997-11-04 12:00:00,0.0,carried_from_RI_ERA5_features_MVP.csv (raw NC absent in repo),0.25deg (documented),bilinear_storm_center,carried_historical,
1997-008,1997-11-04 18:00:00,14.0,96.0,0.0,1997-11-04 18:00:00,0.0,carried_from_RI_ERA5_features_MVP.csv (raw NC absent in repo),0.25deg (documented),bilinear_storm_center,carried_historical,
1997-008,1997-11-05 00:00:00,14.0,95.0,0.0,1997-11-05 00:00:00,0.0,carried_from_RI_ERA5_features_MVP.csv (raw NC absent in repo),0.25deg (documented),bilinear_storm_center,carried_historical,
1997-008,1997-11-05 03:00:00,14.0,95.0,0.0,1997-11-05 03:00:00,0.0,carried_from_RI_ERA5_features_MVP.csv (raw NC absent in repo),0.25deg (documented),bilinear_storm_center,carried_historical,
1997-008,1997-11-05 06:00:00,14.0,95.0,0.0,1997-11-05 06:00:00,0.0,carried_from_RI_ERA5_features_MVP.csv (raw NC absent in repo),0.25deg (documented),bilinear_storm_center,carried_historical,
1997-008,1997-11-05 12:00:00,14.5,94.0,0.0,1997-11-05 12:00:00,0.0,carried_from_RI_ERA5_features_MVP.csv (raw NC absent in repo),0.25deg (documented),bilinear_storm_center,carried_historical,
1997-008,1997-11-05 18:00:00,14.5,94.0,0.0,1997-11-05 18:00:00,0.0,carried_from_RI_ERA5_features_MVP.csv (raw NC absent in repo),0.25deg (documented),bilinear_storm_center,carried_historical,
1997-008,1997-11-06 00:00:00,14.5,93.5,0.0,1997-11-06 00:00:00,0.0,carried_from_RI_ERA5_features_MVP.csv (raw NC absent in repo),0.25deg (documented),bilinear_storm_center,carried_historical,
1997-008,1997-11-06 03:00:00,15.0,93.5,0.0,1997-11-06 03:00:00,0.0,carried_from_RI_ERA5_features_MVP.csv (raw NC absent in repo),0.25deg (documented),bilinear_storm_center,carried_historical,
1997-008,1997-11-06 06:00:00,15.0,93.0,0.0,1997-11-06 06:00:00,0.0,carried_from_RI_ERA5_features_MVP.csv (raw NC absent in repo),0.25deg (documented),bilinear_storm_center,carried_historical,
1997-008,1997-11-06 09:00:00,15.0,92.0,0.0,1997-11-06 09:00:00,0.0,carried_from_RI_ERA5_features_MVP.csv (raw NC absent in repo),0.25deg (documented),bilinear_storm_center,carried_historical,
1997-008,1997-11-06 12:00:00,15.0,92.0,0.0,1997-11-06 12:00:00,0.0,carried_from_RI_ERA5_features_MVP.csv (raw NC absent in repo),0.25deg (documented),bilinear_storm_center,carried_historical,
1997-008,1997-11-06 18:00:00,15.2,92.2,0.0,1997-11-06 18:00:00,0.0,carried_from_RI_ERA5_features_MVP.csv (raw NC absent in repo),0.25deg (documented),bilinear_storm_center,carried_historical,
1997-008,1997-11-07 00:00:00,15.5,92.2,0.0,1997-11-07 00:00:00,0.0,carried_from_RI_ERA5_features_MVP.csv (raw NC absent in repo),0.25deg (documented),bilinear_storm_center,carried_historical,
1997-008,1997-11-07 03:00:00,15.5,91.5,0.0,1997-11-07 03:00:00,0.0,carried_from_RI_ERA5_features_MVP.csv (raw NC absent in repo),0.25deg (documented),bilinear_storm_center,carried_historical,
1997-008,1997-11-07 06:00:00,15.5,91.5,0.0,1997-11-07 06:00:00,0.0,carried_from_RI_ERA5_features_MVP.csv (raw NC absent in repo),0.25deg (documented),bilinear_storm_center,carried_historical,
1997-008,1997-11-07 09:00:00,15.5,91.5,0.0,1997-11-07 09:00:00,0.0,carried_from_RI_ERA5_features_MVP.csv (raw NC absent in repo),0.25deg (documented),bilinear_storm_center,carried_historical,
1997-008,1997-11-07 12:00:00,15.5,91.5,0.0,1997-11-07 12:00:00,0.0,carried_from_RI_ERA5_features_MVP.csv (raw NC absent in repo),0.25deg (documented),bilinear_storm_center,carried_historical,
1997-008,1997-11-07 18:00:00,15.5,91.5,0.0,1997-11-07 18:00:00,0.0,carried_from_RI_ERA5_features_MVP.csv (raw NC absent in repo),0.25deg (documented),bilinear_storm_center,carried_historical,
1997-008,1997-11-08 00:00:00,15.5,91.5,0.0,1997-11-08 00:00:00,0.0,carried_from_RI_ERA5_features_MVP.csv (raw NC absent in repo),0.25deg (documented),bilinear_storm_center,carried_historical,
1997-008,1997-11-08 03:00:00,15.5,91.0,0.0,1997-11-08 03:00:00,0.0,carried_from_RI_ERA5_features_MVP.csv (raw NC absent in repo),0.25deg (documented),bilinear_storm_center,carried_historical,
1997-008,1997-11-08 06:00:00,15.5,90.5,0.0,1997-11-08 06:00:00,0.0,carried_from_RI_ERA5_features_MVP.csv (raw NC absent in repo),0.25deg (documented),bilinear_storm_center,carried_historical,
1997-008,1997-11-08 09:00:00,15.5,90.5,0.0,1997-11-08 09:00:00,0.0,carried_from_RI_ERA5_features_MVP.csv (raw NC absent in repo),0.25deg (documented),bilinear_storm_center,carried_historical,
1998-001,1998-05-17 12:00:00,14.5,88.0,0.0,1998-05-17 12:00:00,0.0,carried_from_RI_ERA5_features_MVP.csv (raw NC absent in repo),0.25deg (documented),bilinear_storm_center,carried_historical,
1998-001,1998-05-17 18:00:00,15.0,88.5,0.0,1998-05-17 18:00:00,0.0,carried_from_RI_ERA5_features_MVP.csv (raw NC absent in repo),0.25deg (documented),bilinear_storm_center,carried_historical,
1998-001,1998-05-18 00:00:00,15.0,88.5,0.0,1998-05-18 00:00:00,0.0,carried_from_RI_ERA5_features_MVP.csv (raw NC absent in repo),0.25deg (documented),bilinear_storm_center,carried_historical,
1998-001,1998-05-18 03:00:00,15.5,88.5,0.0,1998-05-18 03:00:00,0.0,carried_from_RI_ERA5_features_MVP.csv (raw NC absent in repo),0.25deg (documented),bilinear_storm_center,carried_historical,
1998-001,1998-05-18 06:00:00,16.0,88.5,0.0,1998-05-18 06:00:00,0.0,carried_from_RI_ERA5_features_MVP.csv (raw NC absent in repo),0.25deg (documented),bilinear_storm_center,carried_historical,
1998-001,1998-05-18 12:00:00,17.0,89.5,0.0,1998-05-18 12:00:00,0.0,carried_from_RI_ERA5_features_MVP.csv (raw NC absent in repo),0.25deg (documented),bilinear_storm_center,carried_historical,
1998-001,1998-05-18 18:00:00,18.0,89.5,0.0,1998-05-18 18:00:00,0.0,carried_from_RI_ERA5_features_MVP.csv (raw NC absent in repo),0.25deg (documented),bilinear_storm_center,carried_historical,
1998-001,1998-05-19 00:00:00,19.0,90.0,0.0,1998-05-19 00:00:00,0.0,carried_from_RI_ERA5_features_MVP.csv (raw NC absent in repo),0.25deg (documented),bilinear_storm_center,carried_historical,
1998-006,1998-10-13 12:00:00,15.5,82.5,0.0,1998-10-13 12:00:00,0.0,carried_from_RI_ERA5_features_MVP.csv (raw NC absent in repo),0.25deg (documented),bilinear_storm_center,carried_historical,
1998-007,1998-10-26 12:00:00,11.5,88.5,0.0,1998-10-26 12:00:00,0.0,carried_from_RI_ERA5_features_MVP.csv (raw NC absent in repo),0.25deg (documented),bilinear_storm_center,carried_historical,
1998-007,1998-10-26 18:00:00,12.0,88.0,0.0,1998-10-26 18:00:00,0.0,carried_from_RI_ERA5_features_MVP.csv (raw NC absent in repo),0.25deg (documented),bilinear_storm_center,carried_historical,
1998-007,1998-10-27 00:00:00,12.0,88.0,0.0,1998-10-27 00:00:00,0.0,carried_from_RI_ERA5_features_MVP.csv (raw NC absent in repo),0.25deg (documented),bilinear_storm_center,carried_historical,
1998-007,1998-10-27 03:00:00,12.0,88.0,0.0,1998-10-27 03:00:00,0.0,carried_from_RI_ERA5_features_MVP.csv (raw NC absent in repo),0.25deg (documented),bilinear_storm_center,carried_historical,
1998-007,1998-10-27 06:00:00,12.5,87.0,0.0,1998-10-27 06:00:00,0.0,carried_from_RI_ERA5_features_MVP.csv (raw NC absent in repo),0.25deg (documented),bilinear_storm_center,carried_historical,
1998-007,1998-10-27 12:00:00,13.0,87.0,0.0,1998-10-27 12:00:00,0.0,carried_from_RI_ERA5_features_MVP.csv (raw NC absent in repo),0.25deg (documented),bilinear_storm_center,carried_historical,
1998-007,1998-10-27 18:00:00,13.0,86.0,0.0,1998-10-27 18:00:00,0.0,carried_from_RI_ERA5_features_MVP.csv (raw NC absent in repo),0.25deg (documented),bilinear_storm_center,carried_historical,
1998-007,1998-10-28 00:00:00,13.0,85.5,0.0,1998-10-28 00:00:00,0.0,carried_from_RI_ERA5_features_MVP.csv (raw NC absent in repo),0.25deg (documented),bilinear_storm_center,carried_historical,
1998-007,1998-10-28 03:00:00,13.0,85.0,0.0,1998-10-28 03:00:00,0.0,carried_from_RI_ERA5_features_MVP.csv (raw NC absent in repo),0.25deg (documented),bilinear_storm_center,carried_historical,
1998-007,1998-10-28 06:00:00,13.0,84.5,0.0,1998-10-28 06:00:00,0.0,carried_from_RI_ERA5_features_MVP.csv (raw NC absent in repo),0.25deg (documented),bilinear_storm_center,carried_historical,
1998-008,1998-11-13 12:00:00,13.0,87.5,0.0,1998-11-13 12:00:00,0.0,carried_from_RI_ERA5_features_MVP.csv (raw NC absent in repo),0.25deg (documented),bilinear_storm_center,carried_historical,
1998-008,1998-11-14 03:00:00,13.5,86.5,1.0,1998-11-14 03:00:00,0.0,carried_from_RI_ERA5_features_MVP.csv (raw NC absent in repo),0.25deg (documented),bilinear_storm_center,carried_historical,
1998-008,1998-11-14 06:00:00,14.0,86.0,1.0,1998-11-14 06:00:00,0.0,carried_from_RI_ERA5_features_MVP.csv (raw NC absent in repo),0.25deg (documented),bilinear_storm_center,carried_historical,
1998-008,1998-11-14 09:00:00,14.0,86.0,1.0,1998-11-14 09:00:00,0.0,carried_from_RI_ERA5_features_MVP.csv (raw NC absent in repo),0.25deg (documented),bilinear_storm_center,carried_historical,
1998-009,1998-11-19 03:00:00,12.0,92.5,0.0,1998-11-19 03:00:00,0.0,carried_from_RI_ERA5_features_MVP.csv (raw NC absent in repo),0.25deg (documented),bilinear_storm_center,carried_historical,
1998-009,1998-11-19 06:00:00,12.0,92.5,0.0,1998-11-19 06:00:00,0.0,carried_from_RI_ERA5_features_MVP.csv (raw NC absent in repo),0.25deg (documented),bilinear_storm_center,carried_historical,
1998-009,1998-11-19 12:00:00,12.5,91.5,0.0,1998-11-19 12:00:00,0.0,carried_from_RI_ERA5_features_MVP.csv (raw NC absent in repo),0.25deg (documented),bilinear_storm_center,carried_historical,
1998-009,1998-11-19 18:00:00,12.5,91.0,0.0,1998-11-19 18:00:00,0.0,carried_from_RI_ERA5_features_MVP.csv (raw NC absent in repo),0.25deg (documented),bilinear_storm_center,carried_historical,
1998-009,1998-11-20 00:00:00,14.0,89.0,0.0,1998-11-20 00:00:00,0.0,carried_from_RI_ERA5_features_MVP.csv (raw NC absent in repo),0.25deg (documented),bilinear_storm_center,carried_historical,
1998-009,1998-11-20 03:00:00,14.5,88.5,0.0,1998-11-20 03:00:00,0.0,carried_from_RI_ERA5_features_MVP.csv (raw NC absent in repo),0.25deg (documented),bilinear_storm_center,carried_historical,
1998-009,1998-11-20 06:00:00,15.0,88.0,0.0,1998-11-20 06:00:00,0.0,carried_from_RI_ERA5_features_MVP.csv (raw NC absent in repo),0.25deg (documented),bilinear_storm_center,carried_historical,
1998-009,1998-11-20 09:00:00,15.5,88.0,0.0,1998-11-20 09:00:00,0.0,carried_from_RI_ERA5_features_MVP.csv (raw NC absent in repo),0.25deg (documented),bilinear_storm_center,carried_historical,
1998-009,1998-11-20 12:00:00,15.5,88.0,0.0,1998-11-20 12:00:00,0.0,carried_from_RI_ERA5_features_MVP.csv (raw NC absent in repo),0.25deg (documented),bilinear_storm_center,carried_historical,
1998-009,1998-11-20 18:00:00,16.0,88.0,0.0,1998-11-20 18:00:00,0.0,carried_from_RI_ERA5_features_MVP.csv (raw NC absent in repo),0.25deg (documented),bilinear_storm_center,carried_historical,
1998-009,1998-11-21 00:00:00,16.5,87.5,0.0,1998-11-21 00:00:00,0.0,carried_from_RI_ERA5_features_MVP.csv (raw NC absent in repo),0.25deg (documented),bilinear_storm_center,carried_historical,
1998-009,1998-11-21 03:00:00,17.0,87.5,0.0,1998-11-21 03:00:00,0.0,carried_from_RI_ERA5_features_MVP.csv (raw NC absent in repo),0.25deg (documented),bilinear_storm_center,carried_historical,
1998-009,1998-11-21 06:00:00,17.5,87.5,0.0,1998-11-21 06:00:00,0.0,carried_from_RI_ERA5_features_MVP.csv (raw NC absent in repo),0.25deg (documented),bilinear_storm_center,carried_historical,
1999-001,1999-02-01 03:00:00,9.0,89.0,0.0,1999-02-01 03:00:00,0.0,carried_from_RI_ERA5_features_MVP.csv (raw NC absent in repo),0.25deg (documented),bilinear_storm_center,carried_historical,
1999-001,1999-02-01 12:00:00,9.0,88.0,0.0,1999-02-01 12:00:00,0.0,carried_from_RI_ERA5_features_MVP.csv (raw NC absent in repo),0.25deg (documented),bilinear_storm_center,carried_historical,
1999-001,1999-02-02 03:00:00,9.5,86.0,0.0,1999-02-02 03:00:00,0.0,carried_from_RI_ERA5_features_MVP.csv (raw NC absent in repo),0.25deg (documented),bilinear_storm_center,carried_historical,
1999-001,1999-02-02 06:00:00,9.5,85.5,0.0,1999-02-02 06:00:00,0.0,carried_from_RI_ERA5_features_MVP.csv (raw NC absent in repo),0.25deg (documented),bilinear_storm_center,carried_historical,
1999-001,1999-02-02 09:00:00,9.5,85.5,0.0,1999-02-02 09:00:00,0.0,carried_from_RI_ERA5_features_MVP.csv (raw NC absent in repo),0.25deg (documented),bilinear_storm_center,carried_historical,
1999-001,1999-02-02 12:00:00,10.0,85.0,0.0,1999-02-02 12:00:00,0.0,carried_from_RI_ERA5_features_MVP.csv (raw NC absent in repo),0.25deg (documented),bilinear_storm_center,carried_historical,
1999-001,1999-02-02 18:00:00,11.0,85.0,0.0,1999-02-02 18:00:00,0.0,carried_from_RI_ERA5_features_MVP.csv (raw NC absent in repo),0.25deg (documented),bilinear_storm_center,carried_historical,
1999-005,1999-08-06 12:00:00,21.0,88.5,0.0,1999-08-06 12:00:00,0.0,carried_from_RI_ERA5_features_MVP.csv (raw NC absent in repo),0.25deg (documented),bilinear_storm_center,carried_historical,
1999-005,1999-08-06 18:00:00,21.0,88.5,0.0,1999-08-06 18:00:00,0.0,carried_from_RI_ERA5_features_MVP.csv (raw NC absent in repo),0.25deg (documented),bilinear_storm_center,carried_historical,
1999-005,1999-08-07 03:00:00,22.5,87.5,0.0,1999-08-07 03:00:00,0.0,carried_from_RI_ERA5_features_MVP.csv (raw NC absent in repo),0.25deg (documented),bilinear_storm_center,carried_historical,
1999-005,1999-08-07 06:00:00,22.5,86.5,0.0,1999-08-07 06:00:00,0.0,carried_from_RI_ERA5_features_MVP.csv (raw NC absent in repo),0.25deg (documented),bilinear_storm_center,carried_historical,
1999-005,1999-08-07 12:00:00,22.5,86.0,0.0,1999-08-07 12:00:00,0.0,carried_from_RI_ERA5_features_MVP.csv (raw NC absent in repo),0.25deg (documented),bilinear_storm_center,carried_historical,
1999-005,1999-08-07 18:00:00,22.5,86.0,0.0,1999-08-07 18:00:00,0.0,carried_from_RI_ERA5_features_MVP.csv (raw NC absent in repo),0.25deg (documented),bilinear_storm_center,carried_historical,
1999-006,1999-10-15 03:00:00,13.5,92.5,0.0,1999-10-15 03:00:00,0.0,carried_from_RI_ERA5_features_MVP.csv (raw NC absent in repo),0.25deg (documented),bilinear_storm_center,carried_historical,
1999-006,1999-10-15 06:00:00,14.0,91.5,0.0,1999-10-15 06:00:00,0.0,carried_from_RI_ERA5_features_MVP.csv (raw NC absent in repo),0.25deg (documented),bilinear_storm_center,carried_historical,
1999-006,1999-10-15 12:00:00,15.0,90.0,0.0,1999-10-15 12:00:00,0.0,carried_from_RI_ERA5_features_MVP.csv (raw NC absent in repo),0.25deg (documented),bilinear_storm_center,carried_historical,
1999-006,1999-10-15 18:00:00,15.2,89.5,1.0,1999-10-15 18:00:00,0.0,carried_from_RI_ERA5_features_MVP.csv (raw NC absent in repo),0.25deg (documented),bilinear_storm_center,carried_historical,
1999-006,1999-10-15 21:00:00,15.3,89.0,0.0,1999-10-15 21:00:00,0.0,carried_from_RI_ERA5_features_MVP.csv (raw NC absent in repo),0.25deg (documented),bilinear_storm_center,carried_historical,
1999-006,1999-10-16 00:00:00,15.5,88.5,1.0,1999-10-16 00:00:00,0.0,carried_from_RI_ERA5_features_MVP.csv (raw NC absent in repo),0.25deg (documented),bilinear_storm_center,carried_historical,
1999-006,1999-10-16 03:00:00,16.0,88.5,1.0,1999-10-16 03:00:00,0.0,carried_from_RI_ERA5_features_MVP.csv (raw NC absent in repo),0.25deg (documented),bilinear_storm_center,carried_historical,
1999-006,1999-10-16 06:00:00,16.5,88.0,1.0,1999-10-16 06:00:00,0.0,carried_from_RI_ERA5_features_MVP.csv (raw NC absent in repo),0.25deg (documented),bilinear_storm_center,carried_historical,
1999-006,1999-10-16 09:00:00,17.0,87.5,1.0,1999-10-16 09:00:00,0.0,carried_from_RI_ERA5_features_MVP.csv (raw NC absent in repo),0.25deg (documented),bilinear_storm_center,carried_historical,
1999-006,1999-10-16 12:00:00,17.5,86.5,1.0,1999-10-16 12:00:00,0.0,carried_from_RI_ERA5_features_MVP.csv (raw NC absent in repo),0.25deg (documented),bilinear_storm_center,carried_historical,
1999-006,1999-10-16 15:00:00,17.6,86.0,0.0,1999-10-16 15:00:00,0.0,carried_from_RI_ERA5_features_MVP.csv (raw NC absent in repo),0.25deg (documented),bilinear_storm_center,carried_historical,
1999-006,1999-10-16 18:00:00,17.6,86.0,1.0,1999-10-16 18:00:00,0.0,carried_from_RI_ERA5_features_MVP.csv (raw NC absent in repo),0.25deg (documented),bilinear_storm_center,carried_historical,
1999-007,1999-10-25 06:00:00,12.0,98.5,0.0,1999-10-25 06:00:00,0.0,carried_from_RI_ERA5_features_MVP.csv (raw NC absent in repo),0.25deg (documented),bilinear_storm_center,carried_historical,
1999-007,1999-10-25 09:00:00,12.5,98.5,0.0,1999-10-25 09:00:00,0.0,carried_from_RI_ERA5_features_MVP.csv (raw NC absent in repo),0.25deg (documented),bilinear_storm_center,carried_historical,
1999-007,1999-10-25 12:00:00,12.5,98.0,0.0,1999-10-25 12:00:00,0.0,carried_from_RI_ERA5_features_MVP.csv (raw NC absent in repo),0.25deg (documented),bilinear_storm_center,carried_historical,
1999-007,1999-10-25 18:00:00,12.5,98.0,0.0,1999-10-25 18:00:00,0.0,carried_from_RI_ERA5_features_MVP.csv (raw NC absent in repo),0.25deg (documented),bilinear_storm_center,carried_historical,
1999-007,1999-10-26 00:00:00,13.5,96.5,0.0,1999-10-26 00:00:00,0.0,carried_from_RI_ERA5_features_MVP.csv (raw NC absent in repo),0.25deg (documented),bilinear_storm_center,carried_historical,
1999-007,1999-10-26 03:00:00,13.5,95.5,0.0,1999-10-26 03:00:00,0.0,carried_from_RI_ERA5_features_MVP.csv (raw NC absent in repo),0.25deg (documented),bilinear_storm_center,carried_historical,
1999-007,1999-10-26 06:00:00,13.5,95.0,0.0,1999-10-26 06:00:00,0.0,carried_from_RI_ERA5_features_MVP.csv (raw NC absent in repo),0.25deg (documented),bilinear_storm_center,carried_historical,
1999-007,1999-10-26 09:00:00,14.0,94.5,0.0,1999-10-26 09:00:00,0.0,carried_from_RI_ERA5_features_MVP.csv (raw NC absent in repo),0.25deg (documented),bilinear_storm_center,carried_historical,
1999-007,1999-10-26 12:00:00,14.5,94.0,0.0,1999-10-26 12:00:00,0.0,carried_from_RI_ERA5_features_MVP.csv (raw NC absent in repo),0.25deg (documented),bilinear_storm_center,carried_historical,
1999-007,1999-10-26 15:00:00,15.0,93.5,0.0,1999-10-26 15:00:00,0.0,carried_from_RI_ERA5_features_MVP.csv (raw NC absent in repo),0.25deg (documented),bilinear_storm_center,carried_historical,
1999-007,1999-10-26 18:00:00,15.0,93.5,0.0,1999-10-26 18:00:00,0.0,carried_from_RI_ERA5_features_MVP.csv (raw NC absent in repo),0.25deg (documented),bilinear_storm_center,carried_historical,
1999-007,1999-10-26 21:00:00,15.0,93.0,0.0,1999-10-26 21:00:00,0.0,carried_from_RI_ERA5_features_MVP.csv (raw NC absent in repo),0.25deg (documented),bilinear_storm_center,carried_historical,
1999-007,1999-10-27 00:00:00,15.5,93.0,0.0,1999-10-27 00:00:00,0.0,carried_from_RI_ERA5_features_MVP.csv (raw NC absent in repo),0.25deg (documented),bilinear_storm_center,carried_historical,
1999-007,1999-10-27 03:00:00,16.0,92.0,0.0,1999-10-27 03:00:00,0.0,carried_from_RI_ERA5_features_MVP.csv (raw NC absent in repo),0.25deg (documented),bilinear_storm_center,carried_historical,
1999-007,1999-10-27 06:00:00,16.5,91.5,1.0,1999-10-27 06:00:00,0.0,carried_from_RI_ERA5_features_MVP.csv (raw NC absent in repo),0.25deg (documented),bilinear_storm_center,carried_historical,
1999-007,1999-10-27 09:00:00,16.5,91.0,1.0,1999-10-27 09:00:00,0.0,carried_from_RI_ERA5_features_MVP.csv (raw NC absent in repo),0.25deg (documented),bilinear_storm_center,carried_historical,
1999-007,1999-10-27 12:00:00,17.0,90.5,1.0,1999-10-27 12:00:00,0.0,carried_from_RI_ERA5_features_MVP.csv (raw NC absent in repo),0.25deg (documented),bilinear_storm_center,carried_historical,
1999-007,1999-10-27 15:00:00,17.0,90.5,1.0,1999-10-27 15:00:00,0.0,carried_from_RI_ERA5_features_MVP.csv (raw NC absent in repo),0.25deg (documented),bilinear_storm_center,carried_historical,
1999-007,1999-10-27 18:00:00,17.0,90.5,1.0,1999-10-27 18:00:00,0.0,carried_from_RI_ERA5_features_MVP.csv (raw NC absent in repo),0.25deg (documented),bilinear_storm_center,carried_historical,
1999-007,1999-10-27 21:00:00,17.0,90.0,1.0,1999-10-27 21:00:00,0.0,carried_from_RI_ERA5_features_MVP.csv (raw NC absent in repo),0.25deg (documented),bilinear_storm_center,carried_historical,
1999-007,1999-10-28 00:00:00,17.5,90.0,1.0,1999-10-28 00:00:00,0.0,carried_from_RI_ERA5_features_MVP.csv (raw NC absent in repo),0.25deg (documented),bilinear_storm_center,carried_historical,
1999-007,1999-10-28 03:00:00,18.0,89.0,1.0,1999-10-28 03:00:00,0.0,carried_from_RI_ERA5_features_MVP.csv (raw NC absent in repo),0.25deg (documented),bilinear_storm_center,carried_historical,
1999-007,1999-10-28 06:00:00,18.0,88.5,1.0,1999-10-28 06:00:00,0.0,carried_from_RI_ERA5_features_MVP.csv (raw NC absent in repo),0.25deg (documented),bilinear_storm_center,carried_historical,
1999-008,1999-12-08 18:00:00,10.5,87.0,0.0,1999-12-08 18:00:00,0.0,carried_from_RI_ERA5_features_MVP.csv (raw NC absent in repo),0.25deg (documented),bilinear_storm_center,carried_historical,
1999-008,1999-12-08 21:00:00,10.5,87.0,0.0,1999-12-08 21:00:00,0.0,carried_from_RI_ERA5_features_MVP.csv (raw NC absent in repo),0.25deg (documented),bilinear_storm_center,carried_historical,
1999-008,1999-12-09 03:00:00,10.5,85.5,0.0,1999-12-09 03:00:00,0.0,carried_from_RI_ERA5_features_MVP.csv (raw NC absent in repo),0.25deg (documented),bilinear_storm_center,carried_historical,
1999-008,1999-12-09 06:00:00,10.5,85.0,0.0,1999-12-09 06:00:00,0.0,carried_from_RI_ERA5_features_MVP.csv (raw NC absent in repo),0.25deg (documented),bilinear_storm_center,carried_historical,
1999-008,1999-12-09 09:00:00,10.5,85.0,0.0,1999-12-09 09:00:00,0.0,carried_from_RI_ERA5_features_MVP.csv (raw NC absent in repo),0.25deg (documented),bilinear_storm_center,carried_historical,
2000-001,2000-03-27 12:00:00,7.5,90.0,0.0,2000-03-27 12:00:00,0.0,carried_from_RI_ERA5_features_MVP.csv (raw NC absent in repo),0.25deg (documented),bilinear_storm_center,carried_historical,
2000-001,2000-03-27 18:00:00,8.5,89.0,0.0,2000-03-27 18:00:00,0.0,carried_from_RI_ERA5_features_MVP.csv (raw NC absent in repo),0.25deg (documented),bilinear_storm_center,carried_historical,
2000-001,2000-03-28 00:00:00,9.5,89.0,0.0,2000-03-28 00:00:00,0.0,carried_from_RI_ERA5_features_MVP.csv (raw NC absent in repo),0.25deg (documented),bilinear_storm_center,carried_historical,
2000-001,2000-03-28 03:00:00,10.0,88.5,0.0,2000-03-28 03:00:00,0.0,carried_from_RI_ERA5_features_MVP.csv (raw NC absent in repo),0.25deg (documented),bilinear_storm_center,carried_historical,
2000-001,2000-03-28 12:00:00,12.0,88.0,0.0,2000-03-28 12:00:00,0.0,carried_from_RI_ERA5_features_MVP.csv (raw NC absent in repo),0.25deg (documented),bilinear_storm_center,carried_historical,
2000-001,2000-03-28 18:00:00,12.0,88.0,0.0,2000-03-28 18:00:00,0.0,carried_from_RI_ERA5_features_MVP.csv (raw NC absent in repo),0.25deg (documented),bilinear_storm_center,carried_historical,
2000-001,2000-03-29 00:00:00,12.5,88.0,0.0,2000-03-29 00:00:00,0.0,carried_from_RI_ERA5_features_MVP.csv (raw NC absent in repo),0.25deg (documented),bilinear_storm_center,carried_historical,
2000-001,2000-03-29 03:00:00,13.0,88.0,0.0,2000-03-29 03:00:00,0.0,carried_from_RI_ERA5_features_MVP.csv (raw NC absent in repo),0.25deg (documented),bilinear_storm_center,carried_historical,
2000-001,2000-03-29 06:00:00,13.5,88.0,0.0,2000-03-29 06:00:00,0.0,carried_from_RI_ERA5_features_MVP.csv (raw NC absent in repo),0.25deg (documented),bilinear_storm_center,carried_historical,
2000-001,2000-03-29 12:00:00,14.0,88.5,0.0,2000-03-29 12:00:00,0.0,carried_from_RI_ERA5_features_MVP.csv (raw NC absent in repo),0.25deg (documented),bilinear_storm_center,carried_historical,
2000-004,2000-10-25 12:00:00,14.0,92.5,0.0,2000-10-25 12:00:00,0.0,era5_pressure_levels_2000-10-25.nc,0.25deg,bilinear_storm_center,extracted_from_raw,"[{'lat': [13.75, 14.0], 'lon': [92.25, 92.5], 'grid_indices': {'j_hi': 5, 'j_lo': 4, 'i_lo': 3, 'i_hi': 4}}, {'lat': [13.75, 14.0], 'lon': [92.25, 92.5], 'grid_indices': {'j_hi': 5, 'j_lo': 4, 'i_lo': 3, 'i_hi': 4}}, {'lat': [13.75, 14.0], 'lon': [92.25, 92.5], 'grid_indices': {'j_hi': 5, 'j_lo': 4, 'i_lo': 3, 'i_hi': 4}}, {'lat': [13.75, 14.0], 'lon': [92.25, 92.5], 'grid_indices': {'j_hi': 5, 'j_lo': 4, 'i_lo': 3, 'i_hi': 4}}, {'lat': [13.75, 14.0], 'lon': [92.25, 92.5], 'grid_indices': {'j_hi': 5, 'j_lo': 4, 'i_lo': 3, 'i_hi': 4}}, {'lat': [13.75, 14.0], 'lon': [92.25, 92.5], 'grid_indices': {'j_hi': 5, 'j_lo': 4, 'i_lo': 3, 'i_hi': 4}}, {'lat': [13.75, 14.0], 'lon': [92.25, 92.5], 'grid_indices': {'j_hi': 5, 'j_lo': 4, 'i_lo': 3, 'i_hi': 4}}, {'lat': [13.75, 14.0], 'lon': [92.25, 92.5], 'grid_indices': {'j_hi': 5, 'j_lo': 4, 'i_lo': 3, 'i_hi': 4}}, {'lat': [13.75, 14.0], 'lon': [92.25, 92.5], 'grid_indices': {'j_hi': 5, 'j_lo': 4, 'i_lo': 3, 'i_hi': 4}}, {'lat': [13.75, 14.0], 'lon': [92.25, 92.5], 'grid_indices': {'j_hi': 5, 'j_lo': 4, 'i_lo': 3, 'i_hi': 4}}, {'lat': [13.75, 14.0], 'lon': [92.25, 92.5], 'grid_indices': {'j_hi': 5, 'j_lo': 4, 'i_lo': 3, 'i_hi': 4}}, {'lat': [13.75, 14.0], 'lon': [92.25, 92.5], 'grid_indices': {'j_hi': 5, 'j_lo': 4, 'i_lo': 3, 'i_hi': 4}}, {'lat': [13.75, 14.0], 'lon': [92.25, 92.5], 'grid_indices': {'j_hi': 5, 'j_lo': 4, 'i_lo': 3, 'i_hi': 4}}, {'lat': [13.75, 14.0], 'lon': [92.25, 92.5], 'grid_indices': {'j_hi': 5, 'j_lo': 4, 'i_lo': 3, 'i_hi': 4}}, {'lat': [13.75, 14.0], 'lon': [92.25, 92.5], 'grid_indices': {'j_hi': 5, 'j_lo': 4, 'i_lo': 3, 'i_hi': 4}}, {'lat': [13.75, 14.0], 'lon': [92.25, 92.5], 'grid_indices': {'j_hi': 5, 'j_lo': 4, 'i_lo': 3, 'i_hi': 4}}, {'lat': [13.75, 14.0], 'lon': [92.25, 92.5], 'grid_indices': {'j_hi': 5, 'j_lo': 4, 'i_lo': 3, 'i_hi': 4}}, {'lat': [13.75, 14.0], 'lon': [92.25, 92.5], 'grid_indices': {'j_hi': 5, 'j_lo': 4, 'i_lo': 3, 'i_hi': 4}}, {'lat': [13.75, 14.0], 'lon': [92.25, 92.5], 'grid_indices': {'j_hi': 5, 'j_lo': 4, 'i_lo': 3, 'i_hi': 4}}, {'lat': [13.75, 14.0], 'lon': [92.25, 92.5], 'grid_indices': {'j_hi': 5, 'j_lo': 4, 'i_lo': 3, 'i_hi': 4}}]"
2000-005,2000-11-27 06:00:00,11.0,87.0,1.0,2000-11-27 06:00:00,0.0,era5_pressure_levels_2000-11-27.nc,0.25deg,bilinear_storm_center,extracted_from_raw,"[{'lat': [10.75, 11.0], 'lon': [86.75, 87.0], 'grid_indices': {'j_hi': 5, 'j_lo': 4, 'i_lo': 3, 'i_hi': 4}}, {'lat': [10.75, 11.0], 'lon': [86.75, 87.0], 'grid_indices': {'j_hi': 5, 'j_lo': 4, 'i_lo': 3, 'i_hi': 4}}, {'lat': [10.75, 11.0], 'lon': [86.75, 87.0], 'grid_indices': {'j_hi': 5, 'j_lo': 4, 'i_lo': 3, 'i_hi': 4}}, {'lat': [10.75, 11.0], 'lon': [86.75, 87.0], 'grid_indices': {'j_hi': 5, 'j_lo': 4, 'i_lo': 3, 'i_hi': 4}}, {'lat': [10.75, 11.0], 'lon': [86.75, 87.0], 'grid_indices': {'j_hi': 5, 'j_lo': 4, 'i_lo': 3, 'i_hi': 4}}, {'lat': [10.75, 11.0], 'lon': [86.75, 87.0], 'grid_indices': {'j_hi': 5, 'j_lo': 4, 'i_lo': 3, 'i_hi': 4}}, {'lat': [10.75, 11.0], 'lon': [86.75, 87.0], 'grid_indices': {'j_hi': 5, 'j_lo': 4, 'i_lo': 3, 'i_hi': 4}}, {'lat': [10.75, 11.0], 'lon': [86.75, 87.0], 'grid_indices': {'j_hi': 5, 'j_lo': 4, 'i_lo': 3, 'i_hi': 4}}, {'lat': [10.75, 11.0], 'lon': [86.75, 87.0], 'grid_indices': {'j_hi': 5, 'j_lo': 4, 'i_lo': 3, 'i_hi': 4}}, {'lat': [10.75, 11.0], 'lon': [86.75, 87.0], 'grid_indices': {'j_hi': 5, 'j_lo': 4, 'i_lo': 3, 'i_hi': 4}}, {'lat': [10.75, 11.0], 'lon': [86.75, 87.0], 'grid_indices': {'j_hi': 5, 'j_lo': 4, 'i_lo': 3, 'i_hi': 4}}, {'lat': [10.75, 11.0], 'lon': [86.75, 87.0], 'grid_indices': {'j_hi': 5, 'j_lo': 4, 'i_lo': 3, 'i_hi': 4}}, {'lat': [10.75, 11.0], 'lon': [86.75, 87.0], 'grid_indices': {'j_hi': 5, 'j_lo': 4, 'i_lo': 3, 'i_hi': 4}}, {'lat': [10.75, 11.0], 'lon': [86.75, 87.0], 'grid_indices': {'j_hi': 5, 'j_lo': 4, 'i_lo': 3, 'i_hi': 4}}, {'lat': [10.75, 11.0], 'lon': [86.75, 87.0], 'grid_indices': {'j_hi': 5, 'j_lo': 4, 'i_lo': 3, 'i_hi': 4}}, {'lat': [10.75, 11.0], 'lon': [86.75, 87.0], 'grid_indices': {'j_hi': 5, 'j_lo': 4, 'i_lo': 3, 'i_hi': 4}}, {'lat': [10.75, 11.0], 'lon': [86.75, 87.0], 'grid_indices': {'j_hi': 5, 'j_lo': 4, 'i_lo': 3, 'i_hi': 4}}, {'lat': [10.75, 11.0], 'lon': [86.75, 87.0], 'grid_indices': {'j_hi': 5, 'j_lo': 4, 'i_lo': 3, 'i_hi': 4}}, {'lat': [10.75, 11.0], 'lon': [86.75, 87.0], 'grid_indices': {'j_hi': 5, 'j_lo': 4, 'i_lo': 3, 'i_hi': 4}}, {'lat': [10.75, 11.0], 'lon': [86.75, 87.0], 'grid_indices': {'j_hi': 5, 'j_lo': 4, 'i_lo': 3, 'i_hi': 4}}]"
2000-006,2000-12-24 06:00:00,8.5,84.0,0.0,2000-12-24 06:00:00,0.0,era5_pressure_levels_2000-12-24.nc,0.25deg,bilinear_storm_center,extracted_from_raw,"[{'lat': [8.25, 8.5], 'lon': [83.75, 84.0], 'grid_indices': {'j_hi': 5, 'j_lo': 4, 'i_lo': 3, 'i_hi': 4}}, {'lat': [8.25, 8.5], 'lon': [83.75, 84.0], 'grid_indices': {'j_hi': 5, 'j_lo': 4, 'i_lo': 3, 'i_hi': 4}}, {'lat': [8.25, 8.5], 'lon': [83.75, 84.0], 'grid_indices': {'j_hi': 5, 'j_lo': 4, 'i_lo': 3, 'i_hi': 4}}, {'lat': [8.25, 8.5], 'lon': [83.75, 84.0], 'grid_indices': {'j_hi': 5, 'j_lo': 4, 'i_lo': 3, 'i_hi': 4}}, {'lat': [8.25, 8.5], 'lon': [83.75, 84.0], 'grid_indices': {'j_hi': 5, 'j_lo': 4, 'i_lo': 3, 'i_hi': 4}}, {'lat': [8.25, 8.5], 'lon': [83.75, 84.0], 'grid_indices': {'j_hi': 5, 'j_lo': 4, 'i_lo': 3, 'i_hi': 4}}, {'lat': [8.25, 8.5], 'lon': [83.75, 84.0], 'grid_indices': {'j_hi': 5, 'j_lo': 4, 'i_lo': 3, 'i_hi': 4}}, {'lat': [8.25, 8.5], 'lon': [83.75, 84.0], 'grid_indices': {'j_hi': 5, 'j_lo': 4, 'i_lo': 3, 'i_hi': 4}}, {'lat': [8.25, 8.5], 'lon': [83.75, 84.0], 'grid_indices': {'j_hi': 5, 'j_lo': 4, 'i_lo': 3, 'i_hi': 4}}, {'lat': [8.25, 8.5], 'lon': [83.75, 84.0], 'grid_indices': {'j_hi': 5, 'j_lo': 4, 'i_lo': 3, 'i_hi': 4}}, {'lat': [8.25, 8.5], 'lon': [83.75, 84.0], 'grid_indices': {'j_hi': 5, 'j_lo': 4, 'i_lo': 3, 'i_hi': 4}}, {'lat': [8.25, 8.5], 'lon': [83.75, 84.0], 'grid_indices': {'j_hi': 5, 'j_lo': 4, 'i_lo': 3, 'i_hi': 4}}, {'lat': [8.25, 8.5], 'lon': [83.75, 84.0], 'grid_indices': {'j_hi': 5, 'j_lo': 4, 'i_lo': 3, 'i_hi': 4}}, {'lat': [8.25, 8.5], 'lon': [83.75, 84.0], 'grid_indices': {'j_hi': 5, 'j_lo': 4, 'i_lo': 3, 'i_hi': 4}}, {'lat': [8.25, 8.5], 'lon': [83.75, 84.0], 'grid_indices': {'j_hi': 5, 'j_lo': 4, 'i_lo': 3, 'i_hi': 4}}, {'lat': [8.25, 8.5], 'lon': [83.75, 84.0], 'grid_indices': {'j_hi': 5, 'j_lo': 4, 'i_lo': 3, 'i_hi': 4}}, {'lat': [8.25, 8.5], 'lon': [83.75, 84.0], 'grid_indices': {'j_hi': 5, 'j_lo': 4, 'i_lo': 3, 'i_hi': 4}}, {'lat': [8.25, 8.5], 'lon': [83.75, 84.0], 'grid_indices': {'j_hi': 5, 'j_lo': 4, 'i_lo': 3, 'i_hi': 4}}, {'lat': [8.25, 8.5], 'lon': [83.75, 84.0], 'grid_indices': {'j_hi': 5, 'j_lo': 4, 'i_lo': 3, 'i_hi': 4}}, {'lat': [8.25, 8.5], 'lon': [83.75, 84.0], 'grid_indices': {'j_hi': 5, 'j_lo': 4, 'i_lo': 3, 'i_hi': 4}}]"
2001-005,2001-10-14 12:00:00,13.5,84.0,0.0,2001-10-14 12:00:00,0.0,era5_pressure_levels_2001-10-14.nc,0.25deg,bilinear_storm_center,extracted_from_raw,"[{'lat': [13.25, 13.5], 'lon': [83.75, 84.0], 'grid_indices': {'j_hi': 5, 'j_lo': 4, 'i_lo': 3, 'i_hi': 4}}, {'lat': [13.25, 13.5], 'lon': [83.75, 84.0], 'grid_indices': {'j_hi': 5, 'j_lo': 4, 'i_lo': 3, 'i_hi': 4}}, {'lat': [13.25, 13.5], 'lon': [83.75, 84.0], 'grid_indices': {'j_hi': 5, 'j_lo': 4, 'i_lo': 3, 'i_hi': 4}}, {'lat': [13.25, 13.5], 'lon': [83.75, 84.0], 'grid_indices': {'j_hi': 5, 'j_lo': 4, 'i_lo': 3, 'i_hi': 4}}, {'lat': [13.25, 13.5], 'lon': [83.75, 84.0], 'grid_indices': {'j_hi': 5, 'j_lo': 4, 'i_lo': 3, 'i_hi': 4}}, {'lat': [13.25, 13.5], 'lon': [83.75, 84.0], 'grid_indices': {'j_hi': 5, 'j_lo': 4, 'i_lo': 3, 'i_hi': 4}}, {'lat': [13.25, 13.5], 'lon': [83.75, 84.0], 'grid_indices': {'j_hi': 5, 'j_lo': 4, 'i_lo': 3, 'i_hi': 4}}, {'lat': [13.25, 13.5], 'lon': [83.75, 84.0], 'grid_indices': {'j_hi': 5, 'j_lo': 4, 'i_lo': 3, 'i_hi': 4}}, {'lat': [13.25, 13.5], 'lon': [83.75, 84.0], 'grid_indices': {'j_hi': 5, 'j_lo': 4, 'i_lo': 3, 'i_hi': 4}}, {'lat': [13.25, 13.5], 'lon': [83.75, 84.0], 'grid_indices': {'j_hi': 5, 'j_lo': 4, 'i_lo': 3, 'i_hi': 4}}, {'lat': [13.25, 13.5], 'lon': [83.75, 84.0], 'grid_indices': {'j_hi': 5, 'j_lo': 4, 'i_lo': 3, 'i_hi': 4}}, {'lat': [13.25, 13.5], 'lon': [83.75, 84.0], 'grid_indices': {'j_hi': 5, 'j_lo': 4, 'i_lo': 3, 'i_hi': 4}}, {'lat': [13.25, 13.5], 'lon': [83.75, 84.0], 'grid_indices': {'j_hi': 5, 'j_lo': 4, 'i_lo': 3, 'i_hi': 4}}, {'lat': [13.25, 13.5], 'lon': [83.75, 84.0], 'grid_indices': {'j_hi': 5, 'j_lo': 4, 'i_lo': 3, 'i_hi': 4}}, {'lat': [13.25, 13.5], 'lon': [83.75, 84.0], 'grid_indices': {'j_hi': 5, 'j_lo': 4, 'i_lo': 3, 'i_hi': 4}}, {'lat': [13.25, 13.5], 'lon': [83.75, 84.0], 'grid_indices': {'j_hi': 5, 'j_lo': 4, 'i_lo': 3, 'i_hi': 4}}, {'lat': [13.25, 13.5], 'lon': [83.75, 84.0], 'grid_indices': {'j_hi': 5, 'j_lo': 4, 'i_lo': 3, 'i_hi': 4}}, {'lat': [13.25, 13.5], 'lon': [83.75, 84.0], 'grid_indices': {'j_hi': 5, 'j_lo': 4, 'i_lo': 3, 'i_hi': 4}}, {'lat': [13.25, 13.5], 'lon': [83.75, 84.0], 'grid_indices': {'j_hi': 5, 'j_lo': 4, 'i_lo': 3, 'i_hi': 4}}, {'lat': [13.25, 13.5], 'lon': [83.75, 84.0], 'grid_indices': {'j_hi': 5, 'j_lo': 4, 'i_lo': 3, 'i_hi': 4}}]"
2003-002,2003-07-25 03:00:00,21.0,89.0,0.0,2003-07-25 03:00:00,0.0,era5_pressure_levels_2003-07-25.nc,0.25deg,bilinear_storm_center,extracted_from_raw,"[{'lat': [20.75, 21.0], 'lon': [88.75, 89.0], 'grid_indices': {'j_hi': 5, 'j_lo': 4, 'i_lo': 3, 'i_hi': 4}}, {'lat': [20.75, 21.0], 'lon': [88.75, 89.0], 'grid_indices': {'j_hi': 5, 'j_lo': 4, 'i_lo': 3, 'i_hi': 4}}, {'lat': [20.75, 21.0], 'lon': [88.75, 89.0], 'grid_indices': {'j_hi': 5, 'j_lo': 4, 'i_lo': 3, 'i_hi': 4}}, {'lat': [20.75, 21.0], 'lon': [88.75, 89.0], 'grid_indices': {'j_hi': 5, 'j_lo': 4, 'i_lo': 3, 'i_hi': 4}}, {'lat': [20.75, 21.0], 'lon': [88.75, 89.0], 'grid_indices': {'j_hi': 5, 'j_lo': 4, 'i_lo': 3, 'i_hi': 4}}, {'lat': [20.75, 21.0], 'lon': [88.75, 89.0], 'grid_indices': {'j_hi': 5, 'j_lo': 4, 'i_lo': 3, 'i_hi': 4}}, {'lat': [20.75, 21.0], 'lon': [88.75, 89.0], 'grid_indices': {'j_hi': 5, 'j_lo': 4, 'i_lo': 3, 'i_hi': 4}}, {'lat': [20.75, 21.0], 'lon': [88.75, 89.0], 'grid_indices': {'j_hi': 5, 'j_lo': 4, 'i_lo': 3, 'i_hi': 4}}, {'lat': [20.75, 21.0], 'lon': [88.75, 89.0], 'grid_indices': {'j_hi': 5, 'j_lo': 4, 'i_lo': 3, 'i_hi': 4}}, {'lat': [20.75, 21.0], 'lon': [88.75, 89.0], 'grid_indices': {'j_hi': 5, 'j_lo': 4, 'i_lo': 3, 'i_hi': 4}}, {'lat': [20.75, 21.0], 'lon': [88.75, 89.0], 'grid_indices': {'j_hi': 5, 'j_lo': 4, 'i_lo': 3, 'i_hi': 4}}, {'lat': [20.75, 21.0], 'lon': [88.75, 89.0], 'grid_indices': {'j_hi': 5, 'j_lo': 4, 'i_lo': 3, 'i_hi': 4}}, {'lat': [20.75, 21.0], 'lon': [88.75, 89.0], 'grid_indices': {'j_hi': 5, 'j_lo': 4, 'i_lo': 3, 'i_hi': 4}}, {'lat': [20.75, 21.0], 'lon': [88.75, 89.0], 'grid_indices': {'j_hi': 5, 'j_lo': 4, 'i_lo': 3, 'i_hi': 4}}, {'lat': [20.75, 21.0], 'lon': [88.75, 89.0], 'grid_indices': {'j_hi': 5, 'j_lo': 4, 'i_lo': 3, 'i_hi': 4}}, {'lat': [20.75, 21.0], 'lon': [88.75, 89.0], 'grid_indices': {'j_hi': 5, 'j_lo': 4, 'i_lo': 3, 'i_hi': 4}}, {'lat': [20.75, 21.0], 'lon': [88.75, 89.0], 'grid_indices': {'j_hi': 5, 'j_lo': 4, 'i_lo': 3, 'i_hi': 4}}, {'lat': [20.75, 21.0], 'lon': [88.75, 89.0], 'grid_indices': {'j_hi': 5, 'j_lo': 4, 'i_lo': 3, 'i_hi': 4}}, {'lat': [20.75, 21.0], 'lon': [88.75, 89.0], 'grid_indices': {'j_hi': 5, 'j_lo': 4, 'i_lo': 3, 'i_hi': 4}}, {'lat': [20.75, 21.0], 'lon': [88.75, 89.0], 'grid_indices': {'j_hi': 5, 'j_lo': 4, 'i_lo': 3, 'i_hi': 4}}]"
2003-003,2003-08-27 12:00:00,20.5,88.5,0.0,2003-08-27 12:00:00,0.0,era5_pressure_levels_2003-08-27.nc,0.25deg,bilinear_storm_center,extracted_from_raw,"[{'lat': [20.25, 20.5], 'lon': [88.25, 88.5], 'grid_indices': {'j_hi': 5, 'j_lo': 4, 'i_lo': 3, 'i_hi': 4}}, {'lat': [20.25, 20.5], 'lon': [88.25, 88.5], 'grid_indices': {'j_hi': 5, 'j_lo': 4, 'i_lo': 3, 'i_hi': 4}}, {'lat': [20.25, 20.5], 'lon': [88.25, 88.5], 'grid_indices': {'j_hi': 5, 'j_lo': 4, 'i_lo': 3, 'i_hi': 4}}, {'lat': [20.25, 20.5], 'lon': [88.25, 88.5], 'grid_indices': {'j_hi': 5, 'j_lo': 4, 'i_lo': 3, 'i_hi': 4}}, {'lat': [20.25, 20.5], 'lon': [88.25, 88.5], 'grid_indices': {'j_hi': 5, 'j_lo': 4, 'i_lo': 3, 'i_hi': 4}}, {'lat': [20.25, 20.5], 'lon': [88.25, 88.5], 'grid_indices': {'j_hi': 5, 'j_lo': 4, 'i_lo': 3, 'i_hi': 4}}, {'lat': [20.25, 20.5], 'lon': [88.25, 88.5], 'grid_indices': {'j_hi': 5, 'j_lo': 4, 'i_lo': 3, 'i_hi': 4}}, {'lat': [20.25, 20.5], 'lon': [88.25, 88.5], 'grid_indices': {'j_hi': 5, 'j_lo': 4, 'i_lo': 3, 'i_hi': 4}}, {'lat': [20.25, 20.5], 'lon': [88.25, 88.5], 'grid_indices': {'j_hi': 5, 'j_lo': 4, 'i_lo': 3, 'i_hi': 4}}, {'lat': [20.25, 20.5], 'lon': [88.25, 88.5], 'grid_indices': {'j_hi': 5, 'j_lo': 4, 'i_lo': 3, 'i_hi': 4}}, {'lat': [20.25, 20.5], 'lon': [88.25, 88.5], 'grid_indices': {'j_hi': 5, 'j_lo': 4, 'i_lo': 3, 'i_hi': 4}}, {'lat': [20.25, 20.5], 'lon': [88.25, 88.5], 'grid_indices': {'j_hi': 5, 'j_lo': 4, 'i_lo': 3, 'i_hi': 4}}, {'lat': [20.25, 20.5], 'lon': [88.25, 88.5], 'grid_indices': {'j_hi': 5, 'j_lo': 4, 'i_lo': 3, 'i_hi': 4}}, {'lat': [20.25, 20.5], 'lon': [88.25, 88.5], 'grid_indices': {'j_hi': 5, 'j_lo': 4, 'i_lo': 3, 'i_hi': 4}}, {'lat': [20.25, 20.5], 'lon': [88.25, 88.5], 'grid_indices': {'j_hi': 5, 'j_lo': 4, 'i_lo': 3, 'i_hi': 4}}, {'lat': [20.25, 20.5], 'lon': [88.25, 88.5], 'grid_indices': {'j_hi': 5, 'j_lo': 4, 'i_lo': 3, 'i_hi': 4}}, {'lat': [20.25, 20.5], 'lon': [88.25, 88.5], 'grid_indices': {'j_hi': 5, 'j_lo': 4, 'i_lo': 3, 'i_hi': 4}}, {'lat': [20.25, 20.5], 'lon': [88.25, 88.5], 'grid_indices': {'j_hi': 5, 'j_lo': 4, 'i_lo': 3, 'i_hi': 4}}, {'lat': [20.25, 20.5], 'lon': [88.25, 88.5], 'grid_indices': {'j_hi': 5, 'j_lo': 4, 'i_lo': 3, 'i_hi': 4}}, {'lat': [20.25, 20.5], 'lon': [88.25, 88.5], 'grid_indices': {'j_hi': 5, 'j_lo': 4, 'i_lo': 3, 'i_hi': 4}}]"
2004-002,2004-05-18 00:00:00,19.0,88.5,1.0,2004-05-18 00:00:00,0.0,era5_pressure_levels_2004-05-18.nc,0.25deg,bilinear_storm_center,extracted_from_raw,"[{'lat': [18.75, 19.0], 'lon': [88.25, 88.5], 'grid_indices': {'j_hi': 5, 'j_lo': 4, 'i_lo': 3, 'i_hi': 4}}, {'lat': [18.75, 19.0], 'lon': [88.25, 88.5], 'grid_indices': {'j_hi': 5, 'j_lo': 4, 'i_lo': 3, 'i_hi': 4}}, {'lat': [18.75, 19.0], 'lon': [88.25, 88.5], 'grid_indices': {'j_hi': 5, 'j_lo': 4, 'i_lo': 3, 'i_hi': 4}}, {'lat': [18.75, 19.0], 'lon': [88.25, 88.5], 'grid_indices': {'j_hi': 5, 'j_lo': 4, 'i_lo': 3, 'i_hi': 4}}, {'lat': [18.75, 19.0], 'lon': [88.25, 88.5], 'grid_indices': {'j_hi': 5, 'j_lo': 4, 'i_lo': 3, 'i_hi': 4}}, {'lat': [18.75, 19.0], 'lon': [88.25, 88.5], 'grid_indices': {'j_hi': 5, 'j_lo': 4, 'i_lo': 3, 'i_hi': 4}}, {'lat': [18.75, 19.0], 'lon': [88.25, 88.5], 'grid_indices': {'j_hi': 5, 'j_lo': 4, 'i_lo': 3, 'i_hi': 4}}, {'lat': [18.75, 19.0], 'lon': [88.25, 88.5], 'grid_indices': {'j_hi': 5, 'j_lo': 4, 'i_lo': 3, 'i_hi': 4}}, {'lat': [18.75, 19.0], 'lon': [88.25, 88.5], 'grid_indices': {'j_hi': 5, 'j_lo': 4, 'i_lo': 3, 'i_hi': 4}}, {'lat': [18.75, 19.0], 'lon': [88.25, 88.5], 'grid_indices': {'j_hi': 5, 'j_lo': 4, 'i_lo': 3, 'i_hi': 4}}, {'lat': [18.75, 19.0], 'lon': [88.25, 88.5], 'grid_indices': {'j_hi': 5, 'j_lo': 4, 'i_lo': 3, 'i_hi': 4}}, {'lat': [18.75, 19.0], 'lon': [88.25, 88.5], 'grid_indices': {'j_hi': 5, 'j_lo': 4, 'i_lo': 3, 'i_hi': 4}}, {'lat': [18.75, 19.0], 'lon': [88.25, 88.5], 'grid_indices': {'j_hi': 5, 'j_lo': 4, 'i_lo': 3, 'i_hi': 4}}, {'lat': [18.75, 19.0], 'lon': [88.25, 88.5], 'grid_indices': {'j_hi': 5, 'j_lo': 4, 'i_lo': 3, 'i_hi': 4}}, {'lat': [18.75, 19.0], 'lon': [88.25, 88.5], 'grid_indices': {'j_hi': 5, 'j_lo': 4, 'i_lo': 3, 'i_hi': 4}}, {'lat': [18.75, 19.0], 'lon': [88.25, 88.5], 'grid_indices': {'j_hi': 5, 'j_lo': 4, 'i_lo': 3, 'i_hi': 4}}, {'lat': [18.75, 19.0], 'lon': [88.25, 88.5], 'grid_indices': {'j_hi': 5, 'j_lo': 4, 'i_lo': 3, 'i_hi': 4}}, {'lat': [18.75, 19.0], 'lon': [88.25, 88.5], 'grid_indices': {'j_hi': 5, 'j_lo': 4, 'i_lo': 3, 'i_hi': 4}}, {'lat': [18.75, 19.0], 'lon': [88.25, 88.5], 'grid_indices': {'j_hi': 5, 'j_lo': 4, 'i_lo': 3, 'i_hi': 4}}, {'lat': [18.75, 19.0], 'lon': [88.25, 88.5], 'grid_indices': {'j_hi': 5, 'j_lo': 4, 'i_lo': 3, 'i_hi': 4}}]"
2005-004,2005-07-29 03:00:00,21.5,87.5,0.0,2005-07-29 03:00:00,0.0,era5_pressure_levels_2005-07-29.nc,0.25deg,bilinear_storm_center,extracted_from_raw,"[{'lat': [21.25, 21.5], 'lon': [87.25, 87.5], 'grid_indices': {'j_hi': 5, 'j_lo': 4, 'i_lo': 3, 'i_hi': 4}}, {'lat': [21.25, 21.5], 'lon': [87.25, 87.5], 'grid_indices': {'j_hi': 5, 'j_lo': 4, 'i_lo': 3, 'i_hi': 4}}, {'lat': [21.25, 21.5], 'lon': [87.25, 87.5], 'grid_indices': {'j_hi': 5, 'j_lo': 4, 'i_lo': 3, 'i_hi': 4}}, {'lat': [21.25, 21.5], 'lon': [87.25, 87.5], 'grid_indices': {'j_hi': 5, 'j_lo': 4, 'i_lo': 3, 'i_hi': 4}}, {'lat': [21.25, 21.5], 'lon': [87.25, 87.5], 'grid_indices': {'j_hi': 5, 'j_lo': 4, 'i_lo': 3, 'i_hi': 4}}, {'lat': [21.25, 21.5], 'lon': [87.25, 87.5], 'grid_indices': {'j_hi': 5, 'j_lo': 4, 'i_lo': 3, 'i_hi': 4}}, {'lat': [21.25, 21.5], 'lon': [87.25, 87.5], 'grid_indices': {'j_hi': 5, 'j_lo': 4, 'i_lo': 3, 'i_hi': 4}}, {'lat': [21.25, 21.5], 'lon': [87.25, 87.5], 'grid_indices': {'j_hi': 5, 'j_lo': 4, 'i_lo': 3, 'i_hi': 4}}, {'lat': [21.25, 21.5], 'lon': [87.25, 87.5], 'grid_indices': {'j_hi': 5, 'j_lo': 4, 'i_lo': 3, 'i_hi': 4}}, {'lat': [21.25, 21.5], 'lon': [87.25, 87.5], 'grid_indices': {'j_hi': 5, 'j_lo': 4, 'i_lo': 3, 'i_hi': 4}}, {'lat': [21.25, 21.5], 'lon': [87.25, 87.5], 'grid_indices': {'j_hi': 5, 'j_lo': 4, 'i_lo': 3, 'i_hi': 4}}, {'lat': [21.25, 21.5], 'lon': [87.25, 87.5], 'grid_indices': {'j_hi': 5, 'j_lo': 4, 'i_lo': 3, 'i_hi': 4}}, {'lat': [21.25, 21.5], 'lon': [87.25, 87.5], 'grid_indices': {'j_hi': 5, 'j_lo': 4, 'i_lo': 3, 'i_hi': 4}}, {'lat': [21.25, 21.5], 'lon': [87.25, 87.5], 'grid_indices': {'j_hi': 5, 'j_lo': 4, 'i_lo': 3, 'i_hi': 4}}, {'lat': [21.25, 21.5], 'lon': [87.25, 87.5], 'grid_indices': {'j_hi': 5, 'j_lo': 4, 'i_lo': 3, 'i_hi': 4}}, {'lat': [21.25, 21.5], 'lon': [87.25, 87.5], 'grid_indices': {'j_hi': 5, 'j_lo': 4, 'i_lo': 3, 'i_hi': 4}}, {'lat': [21.25, 21.5], 'lon': [87.25, 87.5], 'grid_indices': {'j_hi': 5, 'j_lo': 4, 'i_lo': 3, 'i_hi': 4}}, {'lat': [21.25, 21.5], 'lon': [87.25, 87.5], 'grid_indices': {'j_hi': 5, 'j_lo': 4, 'i_lo': 3, 'i_hi': 4}}, {'lat': [21.25, 21.5], 'lon': [87.25, 87.5], 'grid_indices': {'j_hi': 5, 'j_lo': 4, 'i_lo': 3, 'i_hi': 4}}, {'lat': [21.25, 21.5], 'lon': [87.25, 87.5], 'grid_indices': {'j_hi': 5, 'j_lo': 4, 'i_lo': 3, 'i_hi': 4}}]"
2005-005,2005-09-12 03:00:00,20.0,88.0,0.0,2005-09-12 03:00:00,0.0,era5_pressure_levels_2005-09-12.nc,0.25deg,bilinear_storm_center,extracted_from_raw,"[{'lat': [19.75, 20.0], 'lon': [87.75, 88.0], 'grid_indices': {'j_hi': 5, 'j_lo': 4, 'i_lo': 3, 'i_hi': 4}}, {'lat': [19.75, 20.0], 'lon': [87.75, 88.0], 'grid_indices': {'j_hi': 5, 'j_lo': 4, 'i_lo': 3, 'i_hi': 4}}, {'lat': [19.75, 20.0], 'lon': [87.75, 88.0], 'grid_indices': {'j_hi': 5, 'j_lo': 4, 'i_lo': 3, 'i_hi': 4}}, {'lat': [19.75, 20.0], 'lon': [87.75, 88.0], 'grid_indices': {'j_hi': 5, 'j_lo': 4, 'i_lo': 3, 'i_hi': 4}}, {'lat': [19.75, 20.0], 'lon': [87.75, 88.0], 'grid_indices': {'j_hi': 5, 'j_lo': 4, 'i_lo': 3, 'i_hi': 4}}, {'lat': [19.75, 20.0], 'lon': [87.75, 88.0], 'grid_indices': {'j_hi': 5, 'j_lo': 4, 'i_lo': 3, 'i_hi': 4}}, {'lat': [19.75, 20.0], 'lon': [87.75, 88.0], 'grid_indices': {'j_hi': 5, 'j_lo': 4, 'i_lo': 3, 'i_hi': 4}}, {'lat': [19.75, 20.0], 'lon': [87.75, 88.0], 'grid_indices': {'j_hi': 5, 'j_lo': 4, 'i_lo': 3, 'i_hi': 4}}, {'lat': [19.75, 20.0], 'lon': [87.75, 88.0], 'grid_indices': {'j_hi': 5, 'j_lo': 4, 'i_lo': 3, 'i_hi': 4}}, {'lat': [19.75, 20.0], 'lon': [87.75, 88.0], 'grid_indices': {'j_hi': 5, 'j_lo': 4, 'i_lo': 3, 'i_hi': 4}}, {'lat': [19.75, 20.0], 'lon': [87.75, 88.0], 'grid_indices': {'j_hi': 5, 'j_lo': 4, 'i_lo': 3, 'i_hi': 4}}, {'lat': [19.75, 20.0], 'lon': [87.75, 88.0], 'grid_indices': {'j_hi': 5, 'j_lo': 4, 'i_lo': 3, 'i_hi': 4}}, {'lat': [19.75, 20.0], 'lon': [87.75, 88.0], 'grid_indices': {'j_hi': 5, 'j_lo': 4, 'i_lo': 3, 'i_hi': 4}}, {'lat': [19.75, 20.0], 'lon': [87.75, 88.0], 'grid_indices': {'j_hi': 5, 'j_lo': 4, 'i_lo': 3, 'i_hi': 4}}, {'lat': [19.75, 20.0], 'lon': [87.75, 88.0], 'grid_indices': {'j_hi': 5, 'j_lo': 4, 'i_lo': 3, 'i_hi': 4}}, {'lat': [19.75, 20.0], 'lon': [87.75, 88.0], 'grid_indices': {'j_hi': 5, 'j_lo': 4, 'i_lo': 3, 'i_hi': 4}}, {'lat': [19.75, 20.0], 'lon': [87.75, 88.0], 'grid_indices': {'j_hi': 5, 'j_lo': 4, 'i_lo': 3, 'i_hi': 4}}, {'lat': [19.75, 20.0], 'lon': [87.75, 88.0], 'grid_indices': {'j_hi': 5, 'j_lo': 4, 'i_lo': 3, 'i_hi': 4}}, {'lat': [19.75, 20.0], 'lon': [87.75, 88.0], 'grid_indices': {'j_hi': 5, 'j_lo': 4, 'i_lo': 3, 'i_hi': 4}}, {'lat': [19.75, 20.0], 'lon': [87.75, 88.0], 'grid_indices': {'j_hi': 5, 'j_lo': 4, 'i_lo': 3, 'i_hi': 4}}]"
2005-010,2005-11-28 03:00:00,10.5,90.5,0.0,2005-11-28 03:00:00,0.0,era5_pressure_levels_2005-11-28.nc,0.25deg,bilinear_storm_center,extracted_from_raw,"[{'lat': [10.25, 10.5], 'lon': [90.25, 90.5], 'grid_indices': {'j_hi': 5, 'j_lo': 4, 'i_lo': 3, 'i_hi': 4}}, {'lat': [10.25, 10.5], 'lon': [90.25, 90.5], 'grid_indices': {'j_hi': 5, 'j_lo': 4, 'i_lo': 3, 'i_hi': 4}}, {'lat': [10.25, 10.5], 'lon': [90.25, 90.5], 'grid_indices': {'j_hi': 5, 'j_lo': 4, 'i_lo': 3, 'i_hi': 4}}, {'lat': [10.25, 10.5], 'lon': [90.25, 90.5], 'grid_indices': {'j_hi': 5, 'j_lo': 4, 'i_lo': 3, 'i_hi': 4}}, {'lat': [10.25, 10.5], 'lon': [90.25, 90.5], 'grid_indices': {'j_hi': 5, 'j_lo': 4, 'i_lo': 3, 'i_hi': 4}}, {'lat': [10.25, 10.5], 'lon': [90.25, 90.5], 'grid_indices': {'j_hi': 5, 'j_lo': 4, 'i_lo': 3, 'i_hi': 4}}, {'lat': [10.25, 10.5], 'lon': [90.25, 90.5], 'grid_indices': {'j_hi': 5, 'j_lo': 4, 'i_lo': 3, 'i_hi': 4}}, {'lat': [10.25, 10.5], 'lon': [90.25, 90.5], 'grid_indices': {'j_hi': 5, 'j_lo': 4, 'i_lo': 3, 'i_hi': 4}}, {'lat': [10.25, 10.5], 'lon': [90.25, 90.5], 'grid_indices': {'j_hi': 5, 'j_lo': 4, 'i_lo': 3, 'i_hi': 4}}, {'lat': [10.25, 10.5], 'lon': [90.25, 90.5], 'grid_indices': {'j_hi': 5, 'j_lo': 4, 'i_lo': 3, 'i_hi': 4}}, {'lat': [10.25, 10.5], 'lon': [90.25, 90.5], 'grid_indices': {'j_hi': 5, 'j_lo': 4, 'i_lo': 3, 'i_hi': 4}}, {'lat': [10.25, 10.5], 'lon': [90.25, 90.5], 'grid_indices': {'j_hi': 5, 'j_lo': 4, 'i_lo': 3, 'i_hi': 4}}, {'lat': [10.25, 10.5], 'lon': [90.25, 90.5], 'grid_indices': {'j_hi': 5, 'j_lo': 4, 'i_lo': 3, 'i_hi': 4}}, {'lat': [10.25, 10.5], 'lon': [90.25, 90.5], 'grid_indices': {'j_hi': 5, 'j_lo': 4, 'i_lo': 3, 'i_hi': 4}}, {'lat': [10.25, 10.5], 'lon': [90.25, 90.5], 'grid_indices': {'j_hi': 5, 'j_lo': 4, 'i_lo': 3, 'i_hi': 4}}, {'lat': [10.25, 10.5], 'lon': [90.25, 90.5], 'grid_indices': {'j_hi': 5, 'j_lo': 4, 'i_lo': 3, 'i_hi': 4}}, {'lat': [10.25, 10.5], 'lon': [90.25, 90.5], 'grid_indices': {'j_hi': 5, 'j_lo': 4, 'i_lo': 3, 'i_hi': 4}}, {'lat': [10.25, 10.5], 'lon': [90.25, 90.5], 'grid_indices': {'j_hi': 5, 'j_lo': 4, 'i_lo': 3, 'i_hi': 4}}, {'lat': [10.25, 10.5], 'lon': [90.25, 90.5], 'grid_indices': {'j_hi': 5, 'j_lo': 4, 'i_lo': 3, 'i_hi': 4}}, {'lat': [10.25, 10.5], 'lon': [90.25, 90.5], 'grid_indices': {'j_hi': 5, 'j_lo': 4, 'i_lo': 3, 'i_hi': 4}}]"
2020-001,2020-05-17 09:00:00,11.7,86.0,1.0,2020-05-17 09:00:00,0.0,era5_pressure_levels_2020-05-17.nc,0.25deg,bilinear_storm_center,extracted_from_raw,"[{'lat': [11.5, 11.75], 'lon': [85.75, 86.0], 'grid_indices': {'j_hi': 8, 'j_lo': 7, 'i_lo': 3, 'i_hi': 4}}, {'lat': [11.5, 11.75], 'lon': [85.75, 86.0], 'grid_indices': {'j_hi': 8, 'j_lo': 7, 'i_lo': 3, 'i_hi': 4}}, {'lat': [11.5, 11.75], 'lon': [85.75, 86.0], 'grid_indices': {'j_hi': 8, 'j_lo': 7, 'i_lo': 3, 'i_hi': 4}}, {'lat': [11.5, 11.75], 'lon': [85.75, 86.0], 'grid_indices': {'j_hi': 8, 'j_lo': 7, 'i_lo': 3, 'i_hi': 4}}, {'lat': [11.5, 11.75], 'lon': [85.75, 86.0], 'grid_indices': {'j_hi': 8, 'j_lo': 7, 'i_lo': 3, 'i_hi': 4}}, {'lat': [11.5, 11.75], 'lon': [85.75, 86.0], 'grid_indices': {'j_hi': 8, 'j_lo': 7, 'i_lo': 3, 'i_hi': 4}}, {'lat': [11.5, 11.75], 'lon': [85.75, 86.0], 'grid_indices': {'j_hi': 8, 'j_lo': 7, 'i_lo': 3, 'i_hi': 4}}, {'lat': [11.5, 11.75], 'lon': [85.75, 86.0], 'grid_indices': {'j_hi': 8, 'j_lo': 7, 'i_lo': 3, 'i_hi': 4}}, {'lat': [11.5, 11.75], 'lon': [85.75, 86.0], 'grid_indices': {'j_hi': 8, 'j_lo': 7, 'i_lo': 3, 'i_hi': 4}}, {'lat': [11.5, 11.75], 'lon': [85.75, 86.0], 'grid_indices': {'j_hi': 8, 'j_lo': 7, 'i_lo': 3, 'i_hi': 4}}, {'lat': [11.5, 11.75], 'lon': [85.75, 86.0], 'grid_indices': {'j_hi': 8, 'j_lo': 7, 'i_lo': 3, 'i_hi': 4}}, {'lat': [11.5, 11.75], 'lon': [85.75, 86.0], 'grid_indices': {'j_hi': 8, 'j_lo': 7, 'i_lo': 3, 'i_hi': 4}}, {'lat': [11.5, 11.75], 'lon': [85.75, 86.0], 'grid_indices': {'j_hi': 8, 'j_lo': 7, 'i_lo': 3, 'i_hi': 4}}, {'lat': [11.5, 11.75], 'lon': [85.75, 86.0], 'grid_indices': {'j_hi': 8, 'j_lo': 7, 'i_lo': 3, 'i_hi': 4}}, {'lat': [11.5, 11.75], 'lon': [85.75, 86.0], 'grid_indices': {'j_hi': 8, 'j_lo': 7, 'i_lo': 3, 'i_hi': 4}}, {'lat': [11.5, 11.75], 'lon': [85.75, 86.0], 'grid_indices': {'j_hi': 8, 'j_lo': 7, 'i_lo': 3, 'i_hi': 4}}, {'lat': [11.5, 11.75], 'lon': [85.75, 86.0], 'grid_indices': {'j_hi': 8, 'j_lo': 7, 'i_lo': 3, 'i_hi': 4}}, {'lat': [11.5, 11.75], 'lon': [85.75, 86.0], 'grid_indices': {'j_hi': 8, 'j_lo': 7, 'i_lo': 3, 'i_hi': 4}}, {'lat': [11.5, 11.75], 'lon': [85.75, 86.0], 'grid_indices': {'j_hi': 8, 'j_lo': 7, 'i_lo': 3, 'i_hi': 4}}, {'lat': [11.5, 11.75], 'lon': [85.75, 86.0], 'grid_indices': {'j_hi': 8, 'j_lo': 7, 'i_lo': 3, 'i_hi': 4}}]"
2020-001,2020-05-17 18:00:00,12.5,86.1,1.0,2020-05-17 18:00:00,0.0,era5_pressure_levels_2020-05-17.nc,0.25deg,bilinear_storm_center,extracted_from_raw,"[{'lat': [12.25, 12.5], 'lon': [86.0, 86.25], 'grid_indices': {'j_hi': 5, 'j_lo': 4, 'i_lo': 4, 'i_hi': 5}}, {'lat': [12.25, 12.5], 'lon': [86.0, 86.25], 'grid_indices': {'j_hi': 5, 'j_lo': 4, 'i_lo': 4, 'i_hi': 5}}, {'lat': [12.25, 12.5], 'lon': [86.0, 86.25], 'grid_indices': {'j_hi': 5, 'j_lo': 4, 'i_lo': 4, 'i_hi': 5}}, {'lat': [12.25, 12.5], 'lon': [86.0, 86.25], 'grid_indices': {'j_hi': 5, 'j_lo': 4, 'i_lo': 4, 'i_hi': 5}}, {'lat': [12.25, 12.5], 'lon': [86.0, 86.25], 'grid_indices': {'j_hi': 5, 'j_lo': 4, 'i_lo': 4, 'i_hi': 5}}, {'lat': [12.25, 12.5], 'lon': [86.0, 86.25], 'grid_indices': {'j_hi': 5, 'j_lo': 4, 'i_lo': 4, 'i_hi': 5}}, {'lat': [12.25, 12.5], 'lon': [86.0, 86.25], 'grid_indices': {'j_hi': 5, 'j_lo': 4, 'i_lo': 4, 'i_hi': 5}}, {'lat': [12.25, 12.5], 'lon': [86.0, 86.25], 'grid_indices': {'j_hi': 5, 'j_lo': 4, 'i_lo': 4, 'i_hi': 5}}, {'lat': [12.25, 12.5], 'lon': [86.0, 86.25], 'grid_indices': {'j_hi': 5, 'j_lo': 4, 'i_lo': 4, 'i_hi': 5}}, {'lat': [12.25, 12.5], 'lon': [86.0, 86.25], 'grid_indices': {'j_hi': 5, 'j_lo': 4, 'i_lo': 4, 'i_hi': 5}}, {'lat': [12.25, 12.5], 'lon': [86.0, 86.25], 'grid_indices': {'j_hi': 5, 'j_lo': 4, 'i_lo': 4, 'i_hi': 5}}, {'lat': [12.25, 12.5], 'lon': [86.0, 86.25], 'grid_indices': {'j_hi': 5, 'j_lo': 4, 'i_lo': 4, 'i_hi': 5}}, {'lat': [12.25, 12.5], 'lon': [86.0, 86.25], 'grid_indices': {'j_hi': 5, 'j_lo': 4, 'i_lo': 4, 'i_hi': 5}}, {'lat': [12.25, 12.5], 'lon': [86.0, 86.25], 'grid_indices': {'j_hi': 5, 'j_lo': 4, 'i_lo': 4, 'i_hi': 5}}, {'lat': [12.25, 12.5], 'lon': [86.0, 86.25], 'grid_indices': {'j_hi': 5, 'j_lo': 4, 'i_lo': 4, 'i_hi': 5}}, {'lat': [12.25, 12.5], 'lon': [86.0, 86.25], 'grid_indices': {'j_hi': 5, 'j_lo': 4, 'i_lo': 4, 'i_hi': 5}}, {'lat': [12.25, 12.5], 'lon': [86.0, 86.25], 'grid_indices': {'j_hi': 5, 'j_lo': 4, 'i_lo': 4, 'i_hi': 5}}, {'lat': [12.25, 12.5], 'lon': [86.0, 86.25], 'grid_indices': {'j_hi': 5, 'j_lo': 4, 'i_lo': 4, 'i_hi': 5}}, {'lat': [12.25, 12.5], 'lon': [86.0, 86.25], 'grid_indices': {'j_hi': 5, 'j_lo': 4, 'i_lo': 4, 'i_hi': 5}}, {'lat': [12.25, 12.5], 'lon': [86.0, 86.25], 'grid_indices': {'j_hi': 5, 'j_lo': 4, 'i_lo': 4, 'i_hi': 5}}]"
2020-001,2020-05-18 03:00:00,13.3,86.2,0.0,2020-05-18 03:00:00,0.0,era5_pressure_levels_2020-05-18.nc,0.25deg,bilinear_storm_center,extracted_from_raw,"[{'lat': [13.25, 13.5], 'lon': [86.0, 86.25], 'grid_indices': {'j_hi': 7, 'j_lo': 6, 'i_lo': 3, 'i_hi': 4}}, {'lat': [13.25, 13.5], 'lon': [86.0, 86.25], 'grid_indices': {'j_hi': 7, 'j_lo': 6, 'i_lo': 3, 'i_hi': 4}}, {'lat': [13.25, 13.5], 'lon': [86.0, 86.25], 'grid_indices': {'j_hi': 7, 'j_lo': 6, 'i_lo': 3, 'i_hi': 4}}, {'lat': [13.25, 13.5], 'lon': [86.0, 86.25], 'grid_indices': {'j_hi': 7, 'j_lo': 6, 'i_lo': 3, 'i_hi': 4}}, {'lat': [13.25, 13.5], 'lon': [86.0, 86.25], 'grid_indices': {'j_hi': 7, 'j_lo': 6, 'i_lo': 3, 'i_hi': 4}}, {'lat': [13.25, 13.5], 'lon': [86.0, 86.25], 'grid_indices': {'j_hi': 7, 'j_lo': 6, 'i_lo': 3, 'i_hi': 4}}, {'lat': [13.25, 13.5], 'lon': [86.0, 86.25], 'grid_indices': {'j_hi': 7, 'j_lo': 6, 'i_lo': 3, 'i_hi': 4}}, {'lat': [13.25, 13.5], 'lon': [86.0, 86.25], 'grid_indices': {'j_hi': 7, 'j_lo': 6, 'i_lo': 3, 'i_hi': 4}}, {'lat': [13.25, 13.5], 'lon': [86.0, 86.25], 'grid_indices': {'j_hi': 7, 'j_lo': 6, 'i_lo': 3, 'i_hi': 4}}, {'lat': [13.25, 13.5], 'lon': [86.0, 86.25], 'grid_indices': {'j_hi': 7, 'j_lo': 6, 'i_lo': 3, 'i_hi': 4}}, {'lat': [13.25, 13.5], 'lon': [86.0, 86.25], 'grid_indices': {'j_hi': 7, 'j_lo': 6, 'i_lo': 3, 'i_hi': 4}}, {'lat': [13.25, 13.5], 'lon': [86.0, 86.25], 'grid_indices': {'j_hi': 7, 'j_lo': 6, 'i_lo': 3, 'i_hi': 4}}, {'lat': [13.25, 13.5], 'lon': [86.0, 86.25], 'grid_indices': {'j_hi': 7, 'j_lo': 6, 'i_lo': 3, 'i_hi': 4}}, {'lat': [13.25, 13.5], 'lon': [86.0, 86.25], 'grid_indices': {'j_hi': 7, 'j_lo': 6, 'i_lo': 3, 'i_hi': 4}}, {'lat': [13.25, 13.5], 'lon': [86.0, 86.25], 'grid_indices': {'j_hi': 7, 'j_lo': 6, 'i_lo': 3, 'i_hi': 4}}, {'lat': [13.25, 13.5], 'lon': [86.0, 86.25], 'grid_indices': {'j_hi': 7, 'j_lo': 6, 'i_lo': 3, 'i_hi': 4}}, {'lat': [13.25, 13.5], 'lon': [86.0, 86.25], 'grid_indices': {'j_hi': 7, 'j_lo': 6, 'i_lo': 3, 'i_hi': 4}}, {'lat': [13.25, 13.5], 'lon': [86.0, 86.25], 'grid_indices': {'j_hi': 7, 'j_lo': 6, 'i_lo': 3, 'i_hi': 4}}, {'lat': [13.25, 13.5], 'lon': [86.0, 86.25], 'grid_indices': {'j_hi': 7, 'j_lo': 6, 'i_lo': 3, 'i_hi': 4}}, {'lat': [13.25, 13.5], 'lon': [86.0, 86.25], 'grid_indices': {'j_hi': 7, 'j_lo': 6, 'i_lo': 3, 'i_hi': 4}}]"
2020-001,2020-05-18 12:00:00,14.0,86.3,0.0,2020-05-18 12:00:00,0.0,era5_pressure_levels_2020-05-18.nc,0.25deg,bilinear_storm_center,extracted_from_raw,"[{'lat': [13.75, 14.0], 'lon': [86.25, 86.5], 'grid_indices': {'j_hi': 5, 'j_lo': 4, 'i_lo': 4, 'i_hi': 5}}, {'lat': [13.75, 14.0], 'lon': [86.25, 86.5], 'grid_indices': {'j_hi': 5, 'j_lo': 4, 'i_lo': 4, 'i_hi': 5}}, {'lat': [13.75, 14.0], 'lon': [86.25, 86.5], 'grid_indices': {'j_hi': 5, 'j_lo': 4, 'i_lo': 4, 'i_hi': 5}}, {'lat': [13.75, 14.0], 'lon': [86.25, 86.5], 'grid_indices': {'j_hi': 5, 'j_lo': 4, 'i_lo': 4, 'i_hi': 5}}, {'lat': [13.75, 14.0], 'lon': [86.25, 86.5], 'grid_indices': {'j_hi': 5, 'j_lo': 4, 'i_lo': 4, 'i_hi': 5}}, {'lat': [13.75, 14.0], 'lon': [86.25, 86.5], 'grid_indices': {'j_hi': 5, 'j_lo': 4, 'i_lo': 4, 'i_hi': 5}}, {'lat': [13.75, 14.0], 'lon': [86.25, 86.5], 'grid_indices': {'j_hi': 5, 'j_lo': 4, 'i_lo': 4, 'i_hi': 5}}, {'lat': [13.75, 14.0], 'lon': [86.25, 86.5], 'grid_indices': {'j_hi': 5, 'j_lo': 4, 'i_lo': 4, 'i_hi': 5}}, {'lat': [13.75, 14.0], 'lon': [86.25, 86.5], 'grid_indices': {'j_hi': 5, 'j_lo': 4, 'i_lo': 4, 'i_hi': 5}}, {'lat': [13.75, 14.0], 'lon': [86.25, 86.5], 'grid_indices': {'j_hi': 5, 'j_lo': 4, 'i_lo': 4, 'i_hi': 5}}, {'lat': [13.75, 14.0], 'lon': [86.25, 86.5], 'grid_indices': {'j_hi': 5, 'j_lo': 4, 'i_lo': 4, 'i_hi': 5}}, {'lat': [13.75, 14.0], 'lon': [86.25, 86.5], 'grid_indices': {'j_hi': 5, 'j_lo': 4, 'i_lo': 4, 'i_hi': 5}}, {'lat': [13.75, 14.0], 'lon': [86.25, 86.5], 'grid_indices': {'j_hi': 5, 'j_lo': 4, 'i_lo': 4, 'i_hi': 5}}, {'lat': [13.75, 14.0], 'lon': [86.25, 86.5], 'grid_indices': {'j_hi': 5, 'j_lo': 4, 'i_lo': 4, 'i_hi': 5}}, {'lat': [13.75, 14.0], 'lon': [86.25, 86.5], 'grid_indices': {'j_hi': 5, 'j_lo': 4, 'i_lo': 4, 'i_hi': 5}}, {'lat': [13.75, 14.0], 'lon': [86.25, 86.5], 'grid_indices': {'j_hi': 5, 'j_lo': 4, 'i_lo': 4, 'i_hi': 5}}, {'lat': [13.75, 14.0], 'lon': [86.25, 86.5], 'grid_indices': {'j_hi': 5, 'j_lo': 4, 'i_lo': 4, 'i_hi': 5}}, {'lat': [13.75, 14.0], 'lon': [86.25, 86.5], 'grid_indices': {'j_hi': 5, 'j_lo': 4, 'i_lo': 4, 'i_hi': 5}}, {'lat': [13.75, 14.0], 'lon': [86.25, 86.5], 'grid_indices': {'j_hi': 5, 'j_lo': 4, 'i_lo': 4, 'i_hi': 5}}, {'lat': [13.75, 14.0], 'lon': [86.25, 86.5], 'grid_indices': {'j_hi': 5, 'j_lo': 4, 'i_lo': 4, 'i_hi': 5}}]"
2022-009,2022-08-19 00:00:00,20.5,89.7,0.0,2022-08-19 00:00:00,0.0,era5_pressure_levels_2022-08-19.nc,0.25deg,bilinear_storm_center,extracted_from_raw,"[{'lat': [20.25, 20.5], 'lon': [89.5, 89.75], 'grid_indices': {'j_hi': 5, 'j_lo': 4, 'i_lo': 3, 'i_hi': 4}}, {'lat': [20.25, 20.5], 'lon': [89.5, 89.75], 'grid_indices': {'j_hi': 5, 'j_lo': 4, 'i_lo': 3, 'i_hi': 4}}, {'lat': [20.25, 20.5], 'lon': [89.5, 89.75], 'grid_indices': {'j_hi': 5, 'j_lo': 4, 'i_lo': 3, 'i_hi': 4}}, {'lat': [20.25, 20.5], 'lon': [89.5, 89.75], 'grid_indices': {'j_hi': 5, 'j_lo': 4, 'i_lo': 3, 'i_hi': 4}}, {'lat': [20.25, 20.5], 'lon': [89.5, 89.75], 'grid_indices': {'j_hi': 5, 'j_lo': 4, 'i_lo': 3, 'i_hi': 4}}, {'lat': [20.25, 20.5], 'lon': [89.5, 89.75], 'grid_indices': {'j_hi': 5, 'j_lo': 4, 'i_lo': 3, 'i_hi': 4}}, {'lat': [20.25, 20.5], 'lon': [89.5, 89.75], 'grid_indices': {'j_hi': 5, 'j_lo': 4, 'i_lo': 3, 'i_hi': 4}}, {'lat': [20.25, 20.5], 'lon': [89.5, 89.75], 'grid_indices': {'j_hi': 5, 'j_lo': 4, 'i_lo': 3, 'i_hi': 4}}, {'lat': [20.25, 20.5], 'lon': [89.5, 89.75], 'grid_indices': {'j_hi': 5, 'j_lo': 4, 'i_lo': 3, 'i_hi': 4}}, {'lat': [20.25, 20.5], 'lon': [89.5, 89.75], 'grid_indices': {'j_hi': 5, 'j_lo': 4, 'i_lo': 3, 'i_hi': 4}}, {'lat': [20.25, 20.5], 'lon': [89.5, 89.75], 'grid_indices': {'j_hi': 5, 'j_lo': 4, 'i_lo': 3, 'i_hi': 4}}, {'lat': [20.25, 20.5], 'lon': [89.5, 89.75], 'grid_indices': {'j_hi': 5, 'j_lo': 4, 'i_lo': 3, 'i_hi': 4}}, {'lat': [20.25, 20.5], 'lon': [89.5, 89.75], 'grid_indices': {'j_hi': 5, 'j_lo': 4, 'i_lo': 3, 'i_hi': 4}}, {'lat': [20.25, 20.5], 'lon': [89.5, 89.75], 'grid_indices': {'j_hi': 5, 'j_lo': 4, 'i_lo': 3, 'i_hi': 4}}, {'lat': [20.25, 20.5], 'lon': [89.5, 89.75], 'grid_indices': {'j_hi': 5, 'j_lo': 4, 'i_lo': 3, 'i_hi': 4}}, {'lat': [20.25, 20.5], 'lon': [89.5, 89.75], 'grid_indices': {'j_hi': 5, 'j_lo': 4, 'i_lo': 3, 'i_hi': 4}}, {'lat': [20.25, 20.5], 'lon': [89.5, 89.75], 'grid_indices': {'j_hi': 5, 'j_lo': 4, 'i_lo': 3, 'i_hi': 4}}, {'lat': [20.25, 20.5], 'lon': [89.5, 89.75], 'grid_indices': {'j_hi': 5, 'j_lo': 4, 'i_lo': 3, 'i_hi': 4}}, {'lat': [20.25, 20.5], 'lon': [89.5, 89.75], 'grid_indices': {'j_hi': 5, 'j_lo': 4, 'i_lo': 3, 'i_hi': 4}}, {'lat': [20.25, 20.5], 'lon': [89.5, 89.75], 'grid_indices': {'j_hi': 5, 'j_lo': 4, 'i_lo': 3, 'i_hi': 4}}]"
2023-001,2023-01-30 03:00:00,7.7,87.2,0.0,2023-01-30 03:00:00,0.0,era5_pressure_levels_2023-01-30.nc,0.25deg,bilinear_storm_center,extracted_from_raw,"[{'lat': [7.5, 7.75], 'lon': [87.0, 87.25], 'grid_indices': {'j_hi': 4, 'j_lo': 3, 'i_lo': 3, 'i_hi': 4}}, {'lat': [7.5, 7.75], 'lon': [87.0, 87.25], 'grid_indices': {'j_hi': 4, 'j_lo': 3, 'i_lo': 3, 'i_hi': 4}}, {'lat': [7.5, 7.75], 'lon': [87.0, 87.25], 'grid_indices': {'j_hi': 4, 'j_lo': 3, 'i_lo': 3, 'i_hi': 4}}, {'lat': [7.5, 7.75], 'lon': [87.0, 87.25], 'grid_indices': {'j_hi': 4, 'j_lo': 3, 'i_lo': 3, 'i_hi': 4}}, {'lat': [7.5, 7.75], 'lon': [87.0, 87.25], 'grid_indices': {'j_hi': 4, 'j_lo': 3, 'i_lo': 3, 'i_hi': 4}}, {'lat': [7.5, 7.75], 'lon': [87.0, 87.25], 'grid_indices': {'j_hi': 4, 'j_lo': 3, 'i_lo': 3, 'i_hi': 4}}, {'lat': [7.5, 7.75], 'lon': [87.0, 87.25], 'grid_indices': {'j_hi': 4, 'j_lo': 3, 'i_lo': 3, 'i_hi': 4}}, {'lat': [7.5, 7.75], 'lon': [87.0, 87.25], 'grid_indices': {'j_hi': 4, 'j_lo': 3, 'i_lo': 3, 'i_hi': 4}}, {'lat': [7.5, 7.75], 'lon': [87.0, 87.25], 'grid_indices': {'j_hi': 4, 'j_lo': 3, 'i_lo': 3, 'i_hi': 4}}, {'lat': [7.5, 7.75], 'lon': [87.0, 87.25], 'grid_indices': {'j_hi': 4, 'j_lo': 3, 'i_lo': 3, 'i_hi': 4}}, {'lat': [7.5, 7.75], 'lon': [87.0, 87.25], 'grid_indices': {'j_hi': 4, 'j_lo': 3, 'i_lo': 3, 'i_hi': 4}}, {'lat': [7.5, 7.75], 'lon': [87.0, 87.25], 'grid_indices': {'j_hi': 4, 'j_lo': 3, 'i_lo': 3, 'i_hi': 4}}, {'lat': [7.5, 7.75], 'lon': [87.0, 87.25], 'grid_indices': {'j_hi': 4, 'j_lo': 3, 'i_lo': 3, 'i_hi': 4}}, {'lat': [7.5, 7.75], 'lon': [87.0, 87.25], 'grid_indices': {'j_hi': 4, 'j_lo': 3, 'i_lo': 3, 'i_hi': 4}}, {'lat': [7.5, 7.75], 'lon': [87.0, 87.25], 'grid_indices': {'j_hi': 4, 'j_lo': 3, 'i_lo': 3, 'i_hi': 4}}, {'lat': [7.5, 7.75], 'lon': [87.0, 87.25], 'grid_indices': {'j_hi': 4, 'j_lo': 3, 'i_lo': 3, 'i_hi': 4}}, {'lat': [7.5, 7.75], 'lon': [87.0, 87.25], 'grid_indices': {'j_hi': 4, 'j_lo': 3, 'i_lo': 3, 'i_hi': 4}}, {'lat': [7.5, 7.75], 'lon': [87.0, 87.25], 'grid_indices': {'j_hi': 4, 'j_lo': 3, 'i_lo': 3, 'i_hi': 4}}, {'lat': [7.5, 7.75], 'lon': [87.0, 87.25], 'grid_indices': {'j_hi': 4, 'j_lo': 3, 'i_lo': 3, 'i_hi': 4}}, {'lat': [7.5, 7.75], 'lon': [87.0, 87.25], 'grid_indices': {'j_hi': 4, 'j_lo': 3, 'i_lo': 3, 'i_hi': 4}}]"
2023-002,2023-05-11 00:00:00,11.2,88.1,1.0,2023-05-11 00:00:00,0.0,era5_pressure_levels_2023-05-11.nc,0.25deg,bilinear_storm_center,extracted_from_raw,"[{'lat': [11.0, 11.25], 'lon': [88.0, 88.25], 'grid_indices': {'j_hi': 4, 'j_lo': 3, 'i_lo': 3, 'i_hi': 4}}, {'lat': [11.0, 11.25], 'lon': [88.0, 88.25], 'grid_indices': {'j_hi': 4, 'j_lo': 3, 'i_lo': 3, 'i_hi': 4}}, {'lat': [11.0, 11.25], 'lon': [88.0, 88.25], 'grid_indices': {'j_hi': 4, 'j_lo': 3, 'i_lo': 3, 'i_hi': 4}}, {'lat': [11.0, 11.25], 'lon': [88.0, 88.25], 'grid_indices': {'j_hi': 4, 'j_lo': 3, 'i_lo': 3, 'i_hi': 4}}, {'lat': [11.0, 11.25], 'lon': [88.0, 88.25], 'grid_indices': {'j_hi': 4, 'j_lo': 3, 'i_lo': 3, 'i_hi': 4}}, {'lat': [11.0, 11.25], 'lon': [88.0, 88.25], 'grid_indices': {'j_hi': 4, 'j_lo': 3, 'i_lo': 3, 'i_hi': 4}}, {'lat': [11.0, 11.25], 'lon': [88.0, 88.25], 'grid_indices': {'j_hi': 4, 'j_lo': 3, 'i_lo': 3, 'i_hi': 4}}, {'lat': [11.0, 11.25], 'lon': [88.0, 88.25], 'grid_indices': {'j_hi': 4, 'j_lo': 3, 'i_lo': 3, 'i_hi': 4}}, {'lat': [11.0, 11.25], 'lon': [88.0, 88.25], 'grid_indices': {'j_hi': 4, 'j_lo': 3, 'i_lo': 3, 'i_hi': 4}}, {'lat': [11.0, 11.25], 'lon': [88.0, 88.25], 'grid_indices': {'j_hi': 4, 'j_lo': 3, 'i_lo': 3, 'i_hi': 4}}, {'lat': [11.0, 11.25], 'lon': [88.0, 88.25], 'grid_indices': {'j_hi': 4, 'j_lo': 3, 'i_lo': 3, 'i_hi': 4}}, {'lat': [11.0, 11.25], 'lon': [88.0, 88.25], 'grid_indices': {'j_hi': 4, 'j_lo': 3, 'i_lo': 3, 'i_hi': 4}}, {'lat': [11.0, 11.25], 'lon': [88.0, 88.25], 'grid_indices': {'j_hi': 4, 'j_lo': 3, 'i_lo': 3, 'i_hi': 4}}, {'lat': [11.0, 11.25], 'lon': [88.0, 88.25], 'grid_indices': {'j_hi': 4, 'j_lo': 3, 'i_lo': 3, 'i_hi': 4}}, {'lat': [11.0, 11.25], 'lon': [88.0, 88.25], 'grid_indices': {'j_hi': 4, 'j_lo': 3, 'i_lo': 3, 'i_hi': 4}}, {'lat': [11.0, 11.25], 'lon': [88.0, 88.25], 'grid_indices': {'j_hi': 4, 'j_lo': 3, 'i_lo': 3, 'i_hi': 4}}, {'lat': [11.0, 11.25], 'lon': [88.0, 88.25], 'grid_indices': {'j_hi': 4, 'j_lo': 3, 'i_lo': 3, 'i_hi': 4}}, {'lat': [11.0, 11.25], 'lon': [88.0, 88.25], 'grid_indices': {'j_hi': 4, 'j_lo': 3, 'i_lo': 3, 'i_hi': 4}}, {'lat': [11.0, 11.25], 'lon': [88.0, 88.25], 'grid_indices': {'j_hi': 4, 'j_lo': 3, 'i_lo': 3, 'i_hi': 4}}, {'lat': [11.0, 11.25], 'lon': [88.0, 88.25], 'grid_indices': {'j_hi': 4, 'j_lo': 3, 'i_lo': 3, 'i_hi': 4}}]"
2023-004,2023-08-01 00:00:00,20.5,91.5,0.0,2023-08-01 00:00:00,0.0,era5_pressure_levels_2023-08-01.nc,0.25deg,bilinear_storm_center,extracted_from_raw,"[{'lat': [20.25, 20.5], 'lon': [91.25, 91.5], 'grid_indices': {'j_hi': 5, 'j_lo': 4, 'i_lo': 3, 'i_hi': 4}}, {'lat': [20.25, 20.5], 'lon': [91.25, 91.5], 'grid_indices': {'j_hi': 5, 'j_lo': 4, 'i_lo': 3, 'i_hi': 4}}, {'lat': [20.25, 20.5], 'lon': [91.25, 91.5], 'grid_indices': {'j_hi': 5, 'j_lo': 4, 'i_lo': 3, 'i_hi': 4}}, {'lat': [20.25, 20.5], 'lon': [91.25, 91.5], 'grid_indices': {'j_hi': 5, 'j_lo': 4, 'i_lo': 3, 'i_hi': 4}}, {'lat': [20.25, 20.5], 'lon': [91.25, 91.5], 'grid_indices': {'j_hi': 5, 'j_lo': 4, 'i_lo': 3, 'i_hi': 4}}, {'lat': [20.25, 20.5], 'lon': [91.25, 91.5], 'grid_indices': {'j_hi': 5, 'j_lo': 4, 'i_lo': 3, 'i_hi': 4}}, {'lat': [20.25, 20.5], 'lon': [91.25, 91.5], 'grid_indices': {'j_hi': 5, 'j_lo': 4, 'i_lo': 3, 'i_hi': 4}}, {'lat': [20.25, 20.5], 'lon': [91.25, 91.5], 'grid_indices': {'j_hi': 5, 'j_lo': 4, 'i_lo': 3, 'i_hi': 4}}, {'lat': [20.25, 20.5], 'lon': [91.25, 91.5], 'grid_indices': {'j_hi': 5, 'j_lo': 4, 'i_lo': 3, 'i_hi': 4}}, {'lat': [20.25, 20.5], 'lon': [91.25, 91.5], 'grid_indices': {'j_hi': 5, 'j_lo': 4, 'i_lo': 3, 'i_hi': 4}}, {'lat': [20.25, 20.5], 'lon': [91.25, 91.5], 'grid_indices': {'j_hi': 5, 'j_lo': 4, 'i_lo': 3, 'i_hi': 4}}, {'lat': [20.25, 20.5], 'lon': [91.25, 91.5], 'grid_indices': {'j_hi': 5, 'j_lo': 4, 'i_lo': 3, 'i_hi': 4}}, {'lat': [20.25, 20.5], 'lon': [91.25, 91.5], 'grid_indices': {'j_hi': 5, 'j_lo': 4, 'i_lo': 3, 'i_hi': 4}}, {'lat': [20.25, 20.5], 'lon': [91.25, 91.5], 'grid_indices': {'j_hi': 5, 'j_lo': 4, 'i_lo': 3, 'i_hi': 4}}, {'lat': [20.25, 20.5], 'lon': [91.25, 91.5], 'grid_indices': {'j_hi': 5, 'j_lo': 4, 'i_lo': 3, 'i_hi': 4}}, {'lat': [20.25, 20.5], 'lon': [91.25, 91.5], 'grid_indices': {'j_hi': 5, 'j_lo': 4, 'i_lo': 3, 'i_hi': 4}}, {'lat': [20.25, 20.5], 'lon': [91.25, 91.5], 'grid_indices': {'j_hi': 5, 'j_lo': 4, 'i_lo': 3, 'i_hi': 4}}, {'lat': [20.25, 20.5], 'lon': [91.25, 91.5], 'grid_indices': {'j_hi': 5, 'j_lo': 4, 'i_lo': 3, 'i_hi': 4}}, {'lat': [20.25, 20.5], 'lon': [91.25, 91.5], 'grid_indices': {'j_hi': 5, 'j_lo': 4, 'i_lo': 3, 'i_hi': 4}}, {'lat': [20.25, 20.5], 'lon': [91.25, 91.5], 'grid_indices': {'j_hi': 5, 'j_lo': 4, 'i_lo': 3, 'i_hi': 4}}]"
2023-007,2023-10-23 03:00:00,17.0,86.8,1.0,2023-10-23 03:00:00,0.0,era5_pressure_levels_2023-10-23.nc,0.25deg,bilinear_storm_center,extracted_from_raw,"[{'lat': [16.75, 17.0], 'lon': [86.75, 87.0], 'grid_indices': {'j_hi': 5, 'j_lo': 4, 'i_lo': 3, 'i_hi': 4}}, {'lat': [16.75, 17.0], 'lon': [86.75, 87.0], 'grid_indices': {'j_hi': 5, 'j_lo': 4, 'i_lo': 3, 'i_hi': 4}}, {'lat': [16.75, 17.0], 'lon': [86.75, 87.0], 'grid_indices': {'j_hi': 5, 'j_lo': 4, 'i_lo': 3, 'i_hi': 4}}, {'lat': [16.75, 17.0], 'lon': [86.75, 87.0], 'grid_indices': {'j_hi': 5, 'j_lo': 4, 'i_lo': 3, 'i_hi': 4}}, {'lat': [16.75, 17.0], 'lon': [86.75, 87.0], 'grid_indices': {'j_hi': 5, 'j_lo': 4, 'i_lo': 3, 'i_hi': 4}}, {'lat': [16.75, 17.0], 'lon': [86.75, 87.0], 'grid_indices': {'j_hi': 5, 'j_lo': 4, 'i_lo': 3, 'i_hi': 4}}, {'lat': [16.75, 17.0], 'lon': [86.75, 87.0], 'grid_indices': {'j_hi': 5, 'j_lo': 4, 'i_lo': 3, 'i_hi': 4}}, {'lat': [16.75, 17.0], 'lon': [86.75, 87.0], 'grid_indices': {'j_hi': 5, 'j_lo': 4, 'i_lo': 3, 'i_hi': 4}}, {'lat': [16.75, 17.0], 'lon': [86.75, 87.0], 'grid_indices': {'j_hi': 5, 'j_lo': 4, 'i_lo': 3, 'i_hi': 4}}, {'lat': [16.75, 17.0], 'lon': [86.75, 87.0], 'grid_indices': {'j_hi': 5, 'j_lo': 4, 'i_lo': 3, 'i_hi': 4}}, {'lat': [16.75, 17.0], 'lon': [86.75, 87.0], 'grid_indices': {'j_hi': 5, 'j_lo': 4, 'i_lo': 3, 'i_hi': 4}}, {'lat': [16.75, 17.0], 'lon': [86.75, 87.0], 'grid_indices': {'j_hi': 5, 'j_lo': 4, 'i_lo': 3, 'i_hi': 4}}, {'lat': [16.75, 17.0], 'lon': [86.75, 87.0], 'grid_indices': {'j_hi': 5, 'j_lo': 4, 'i_lo': 3, 'i_hi': 4}}, {'lat': [16.75, 17.0], 'lon': [86.75, 87.0], 'grid_indices': {'j_hi': 5, 'j_lo': 4, 'i_lo': 3, 'i_hi': 4}}, {'lat': [16.75, 17.0], 'lon': [86.75, 87.0], 'grid_indices': {'j_hi': 5, 'j_lo': 4, 'i_lo': 3, 'i_hi': 4}}, {'lat': [16.75, 17.0], 'lon': [86.75, 87.0], 'grid_indices': {'j_hi': 5, 'j_lo': 4, 'i_lo': 3, 'i_hi': 4}}, {'lat': [16.75, 17.0], 'lon': [86.75, 87.0], 'grid_indices': {'j_hi': 5, 'j_lo': 4, 'i_lo': 3, 'i_hi': 4}}, {'lat': [16.75, 17.0], 'lon': [86.75, 87.0], 'grid_indices': {'j_hi': 5, 'j_lo': 4, 'i_lo': 3, 'i_hi': 4}}, {'lat': [16.75, 17.0], 'lon': [86.75, 87.0], 'grid_indices': {'j_hi': 5, 'j_lo': 4, 'i_lo': 3, 'i_hi': 4}}, {'lat': [16.75, 17.0], 'lon': [86.75, 87.0], 'grid_indices': {'j_hi': 5, 'j_lo': 4, 'i_lo': 3, 'i_hi': 4}}]"
2024-006,2024-09-08 00:00:00,17.9,87.0,0.0,2024-09-08 00:00:00,0.0,era5_pressure_levels_2024-09-08.nc,0.25deg,bilinear_storm_center,extracted_from_raw,"[{'lat': [17.75, 18.0], 'lon': [86.75, 87.0], 'grid_indices': {'j_hi': 4, 'j_lo': 3, 'i_lo': 3, 'i_hi': 4}}, {'lat': [17.75, 18.0], 'lon': [86.75, 87.0], 'grid_indices': {'j_hi': 4, 'j_lo': 3, 'i_lo': 3, 'i_hi': 4}}, {'lat': [17.75, 18.0], 'lon': [86.75, 87.0], 'grid_indices': {'j_hi': 4, 'j_lo': 3, 'i_lo': 3, 'i_hi': 4}}, {'lat': [17.75, 18.0], 'lon': [86.75, 87.0], 'grid_indices': {'j_hi': 4, 'j_lo': 3, 'i_lo': 3, 'i_hi': 4}}, {'lat': [17.75, 18.0], 'lon': [86.75, 87.0], 'grid_indices': {'j_hi': 4, 'j_lo': 3, 'i_lo': 3, 'i_hi': 4}}, {'lat': [17.75, 18.0], 'lon': [86.75, 87.0], 'grid_indices': {'j_hi': 4, 'j_lo': 3, 'i_lo': 3, 'i_hi': 4}}, {'lat': [17.75, 18.0], 'lon': [86.75, 87.0], 'grid_indices': {'j_hi': 4, 'j_lo': 3, 'i_lo': 3, 'i_hi': 4}}, {'lat': [17.75, 18.0], 'lon': [86.75, 87.0], 'grid_indices': {'j_hi': 4, 'j_lo': 3, 'i_lo': 3, 'i_hi': 4}}, {'lat': [17.75, 18.0], 'lon': [86.75, 87.0], 'grid_indices': {'j_hi': 4, 'j_lo': 3, 'i_lo': 3, 'i_hi': 4}}, {'lat': [17.75, 18.0], 'lon': [86.75, 87.0], 'grid_indices': {'j_hi': 4, 'j_lo': 3, 'i_lo': 3, 'i_hi': 4}}, {'lat': [17.75, 18.0], 'lon': [86.75, 87.0], 'grid_indices': {'j_hi': 4, 'j_lo': 3, 'i_lo': 3, 'i_hi': 4}}, {'lat': [17.75, 18.0], 'lon': [86.75, 87.0], 'grid_indices': {'j_hi': 4, 'j_lo': 3, 'i_lo': 3, 'i_hi': 4}}, {'lat': [17.75, 18.0], 'lon': [86.75, 87.0], 'grid_indices': {'j_hi': 4, 'j_lo': 3, 'i_lo': 3, 'i_hi': 4}}, {'lat': [17.75, 18.0], 'lon': [86.75, 87.0], 'grid_indices': {'j_hi': 4, 'j_lo': 3, 'i_lo': 3, 'i_hi': 4}}, {'lat': [17.75, 18.0], 'lon': [86.75, 87.0], 'grid_indices': {'j_hi': 4, 'j_lo': 3, 'i_lo': 3, 'i_hi': 4}}, {'lat': [17.75, 18.0], 'lon': [86.75, 87.0], 'grid_indices': {'j_hi': 4, 'j_lo': 3, 'i_lo': 3, 'i_hi': 4}}, {'lat': [17.75, 18.0], 'lon': [86.75, 87.0], 'grid_indices': {'j_hi': 4, 'j_lo': 3, 'i_lo': 3, 'i_hi': 4}}, {'lat': [17.75, 18.0], 'lon': [86.75, 87.0], 'grid_indices': {'j_hi': 4, 'j_lo': 3, 'i_lo': 3, 'i_hi': 4}}, {'lat': [17.75, 18.0], 'lon': [86.75, 87.0], 'grid_indices': {'j_hi': 4, 'j_lo': 3, 'i_lo': 3, 'i_hi': 4}}, {'lat': [17.75, 18.0], 'lon': [86.75, 87.0], 'grid_indices': {'j_hi': 4, 'j_lo': 3, 'i_lo': 3, 'i_hi': 4}}]"
2024-008,2024-09-13 12:00:00,22.0,90.8,0.0,2024-09-13 12:00:00,0.0,era5_pressure_levels_2024-09-13.nc,0.25deg,bilinear_storm_center,extracted_from_raw,"[{'lat': [21.75, 22.0], 'lon': [90.75, 91.0], 'grid_indices': {'j_hi': 5, 'j_lo': 4, 'i_lo': 3, 'i_hi': 4}}, {'lat': [21.75, 22.0], 'lon': [90.75, 91.0], 'grid_indices': {'j_hi': 5, 'j_lo': 4, 'i_lo': 3, 'i_hi': 4}}, {'lat': [21.75, 22.0], 'lon': [90.75, 91.0], 'grid_indices': {'j_hi': 5, 'j_lo': 4, 'i_lo': 3, 'i_hi': 4}}, {'lat': [21.75, 22.0], 'lon': [90.75, 91.0], 'grid_indices': {'j_hi': 5, 'j_lo': 4, 'i_lo': 3, 'i_hi': 4}}, {'lat': [21.75, 22.0], 'lon': [90.75, 91.0], 'grid_indices': {'j_hi': 5, 'j_lo': 4, 'i_lo': 3, 'i_hi': 4}}, {'lat': [21.75, 22.0], 'lon': [90.75, 91.0], 'grid_indices': {'j_hi': 5, 'j_lo': 4, 'i_lo': 3, 'i_hi': 4}}, {'lat': [21.75, 22.0], 'lon': [90.75, 91.0], 'grid_indices': {'j_hi': 5, 'j_lo': 4, 'i_lo': 3, 'i_hi': 4}}, {'lat': [21.75, 22.0], 'lon': [90.75, 91.0], 'grid_indices': {'j_hi': 5, 'j_lo': 4, 'i_lo': 3, 'i_hi': 4}}, {'lat': [21.75, 22.0], 'lon': [90.75, 91.0], 'grid_indices': {'j_hi': 5, 'j_lo': 4, 'i_lo': 3, 'i_hi': 4}}, {'lat': [21.75, 22.0], 'lon': [90.75, 91.0], 'grid_indices': {'j_hi': 5, 'j_lo': 4, 'i_lo': 3, 'i_hi': 4}}, {'lat': [21.75, 22.0], 'lon': [90.75, 91.0], 'grid_indices': {'j_hi': 5, 'j_lo': 4, 'i_lo': 3, 'i_hi': 4}}, {'lat': [21.75, 22.0], 'lon': [90.75, 91.0], 'grid_indices': {'j_hi': 5, 'j_lo': 4, 'i_lo': 3, 'i_hi': 4}}, {'lat': [21.75, 22.0], 'lon': [90.75, 91.0], 'grid_indices': {'j_hi': 5, 'j_lo': 4, 'i_lo': 3, 'i_hi': 4}}, {'lat': [21.75, 22.0], 'lon': [90.75, 91.0], 'grid_indices': {'j_hi': 5, 'j_lo': 4, 'i_lo': 3, 'i_hi': 4}}, {'lat': [21.75, 22.0], 'lon': [90.75, 91.0], 'grid_indices': {'j_hi': 5, 'j_lo': 4, 'i_lo': 3, 'i_hi': 4}}, {'lat': [21.75, 22.0], 'lon': [90.75, 91.0], 'grid_indices': {'j_hi': 5, 'j_lo': 4, 'i_lo': 3, 'i_hi': 4}}, {'lat': [21.75, 22.0], 'lon': [90.75, 91.0], 'grid_indices': {'j_hi': 5, 'j_lo': 4, 'i_lo': 3, 'i_hi': 4}}, {'lat': [21.75, 22.0], 'lon': [90.75, 91.0], 'grid_indices': {'j_hi': 5, 'j_lo': 4, 'i_lo': 3, 'i_hi': 4}}, {'lat': [21.75, 22.0], 'lon': [90.75, 91.0], 'grid_indices': {'j_hi': 5, 'j_lo': 4, 'i_lo': 3, 'i_hi': 4}}, {'lat': [21.75, 22.0], 'lon': [90.75, 91.0], 'grid_indices': {'j_hi': 5, 'j_lo': 4, 'i_lo': 3, 'i_hi': 4}}]"
2025-014,2025-11-25 03:00:00,5.4,99.7,0.0,2025-11-25 03:00:00,0.0,era5_pressure_levels_2025-11-25.nc,0.25deg,bilinear_storm_center,extracted_from_raw,"[{'lat': [5.25, 5.5], 'lon': [99.5, 99.75], 'grid_indices': {'j_hi': 4, 'j_lo': 3, 'i_lo': 3, 'i_hi': 4}}, {'lat': [5.25, 5.5], 'lon': [99.5, 99.75], 'grid_indices': {'j_hi': 4, 'j_lo': 3, 'i_lo': 3, 'i_hi': 4}}, {'lat': [5.25, 5.5], 'lon': [99.5, 99.75], 'grid_indices': {'j_hi': 4, 'j_lo': 3, 'i_lo': 3, 'i_hi': 4}}, {'lat': [5.25, 5.5], 'lon': [99.5, 99.75], 'grid_indices': {'j_hi': 4, 'j_lo': 3, 'i_lo': 3, 'i_hi': 4}}, {'lat': [5.25, 5.5], 'lon': [99.5, 99.75], 'grid_indices': {'j_hi': 4, 'j_lo': 3, 'i_lo': 3, 'i_hi': 4}}, {'lat': [5.25, 5.5], 'lon': [99.5, 99.75], 'grid_indices': {'j_hi': 4, 'j_lo': 3, 'i_lo': 3, 'i_hi': 4}}, {'lat': [5.25, 5.5], 'lon': [99.5, 99.75], 'grid_indices': {'j_hi': 4, 'j_lo': 3, 'i_lo': 3, 'i_hi': 4}}, {'lat': [5.25, 5.5], 'lon': [99.5, 99.75], 'grid_indices': {'j_hi': 4, 'j_lo': 3, 'i_lo': 3, 'i_hi': 4}}, {'lat': [5.25, 5.5], 'lon': [99.5, 99.75], 'grid_indices': {'j_hi': 4, 'j_lo': 3, 'i_lo': 3, 'i_hi': 4}}, {'lat': [5.25, 5.5], 'lon': [99.5, 99.75], 'grid_indices': {'j_hi': 4, 'j_lo': 3, 'i_lo': 3, 'i_hi': 4}}, {'lat': [5.25, 5.5], 'lon': [99.5, 99.75], 'grid_indices': {'j_hi': 4, 'j_lo': 3, 'i_lo': 3, 'i_hi': 4}}, {'lat': [5.25, 5.5], 'lon': [99.5, 99.75], 'grid_indices': {'j_hi': 4, 'j_lo': 3, 'i_lo': 3, 'i_hi': 4}}, {'lat': [5.25, 5.5], 'lon': [99.5, 99.75], 'grid_indices': {'j_hi': 4, 'j_lo': 3, 'i_lo': 3, 'i_hi': 4}}, {'lat': [5.25, 5.5], 'lon': [99.5, 99.75], 'grid_indices': {'j_hi': 4, 'j_lo': 3, 'i_lo': 3, 'i_hi': 4}}, {'lat': [5.25, 5.5], 'lon': [99.5, 99.75], 'grid_indices': {'j_hi': 4, 'j_lo': 3, 'i_lo': 3, 'i_hi': 4}}, {'lat': [5.25, 5.5], 'lon': [99.5, 99.75], 'grid_indices': {'j_hi': 4, 'j_lo': 3, 'i_lo': 3, 'i_hi': 4}}, {'lat': [5.25, 5.5], 'lon': [99.5, 99.75], 'grid_indices': {'j_hi': 4, 'j_lo': 3, 'i_lo': 3, 'i_hi': 4}}, {'lat': [5.25, 5.5], 'lon': [99.5, 99.75], 'grid_indices': {'j_hi': 4, 'j_lo': 3, 'i_lo': 3, 'i_hi': 4}}, {'lat': [5.25, 5.5], 'lon': [99.5, 99.75], 'grid_indices': {'j_hi': 4, 'j_lo': 3, 'i_lo': 3, 'i_hi': 4}}, {'lat': [5.25, 5.5], 'lon': [99.5, 99.75], 'grid_indices': {'j_hi': 4, 'j_lo': 3, 'i_lo': 3, 'i_hi': 4}}]"
