{"type":"FeatureCollection","features":[{"type":"Feature","properties":{"name":"Thailand"},"geometry":{"type":"Polygon","coordinates":[[[97.48913815479452,18.58638264744245],[97.42234262302642,18.604077019297936],[97.39875928053284,18.607369636535775],[97.37560422218472,18.607808996307316],[97.35620851319742,18.606278321113965],[97.33756190056805,18.601018258952077],[97.32045246054143,18.592251201987374],[97.30560301712661,18.580347705568744],[97.29364053554163,18.56581076851375],[97.28506963876666,18.54925451576565],[97.2802513677078,18.531378197411822],[97.27938807076526,18.51293661443478],[97.28251503844756,18.494708228920153],[97.28926317133968,18.47102964342249],[97.29583014099092,18.454569805146807],[97.36598797697768,18.319979463832865],[97.37514113256013,18.305847554627643],[97.3868661031108,18.293546981698313],[97.4599055890161,18.229796509816108],[97.4758973710437,18.218526374210043],[97.49400742030048,18.210678478352968],[97.51343529286571,18.206599735042975],[97.5333225077629,18.20647047926636],[97.54057072617641,18.207151216856463],[97.56176346167523,18.145848588367905],[97.56623439592275,18.135235060057823],[97.6291813631383,18.009454177989525],[97.64217190973386,17.94400246858427],[97.61052022861192,17.86611997943445],[97.60565906257698,17.8496151723108],[97.60418097592726,17.83252576529428],[97.60613890812438,17.815474143784517],[97.61406488970354,17.7790523940749],[97.61957769924722,17.762221292406807],[97.62842888630973,17.746732380586057],[97.64027763167185,17.733180873360638],[97.65548826969894,17.718892867681785],[97.71371236246053,17.63271060211819],[97.72222583561928,17.621961106432344],[97.85710422796406,17.475633615409627],[97.98958870103746,17.317241742310124],[98.10112415502444,17.183879056416657],[98.10295519285323,17.18175495260158],[98.18489467196603,17.089542952274535],[98.19060412503345,17.083665108838268],[98.35844861481559,16.92540568367071],[98.37798855344009,16.8766931426222],[98.38436085583197,16.728650658396916],[98.38688160077623,16.711329829710614],[98.39285370068058,16.694800233445296],[98.43790224187886,16.600774889841272],[98.44250117871496,16.592369609370706],[98.48228150862242,16.528113918961438],[98.50706467249809,16.4800071864782],[98.57232288801787,16.3008628960148],[98.5786038737904,16.28730881988088],[98.58711866053633,16.274928012054012],[98.59763535284674,16.264057164863562],[98.62614887152637,16.23906444278307],[98.64131936920326,16.228240602701664],[98.65843985673806,16.220558562691146],[98.67681384222463,16.216330845145798],[98.69569401325018,16.215729459525946],[98.69692814047326,16.215931638571853],[98.54412871446466,16.127739058495692],[98.52792238973194,16.115887547263473],[98.5147756408488,16.100943638583068],[98.505311634952,16.08361652352938],[98.4999784253019,16.064728291379538],[98.48166688779702,15.952663250681208],[98.48090358495831,15.946692652206304],[98.465157779723,15.776672155967024],[98.46480216058161,15.77019059474723],[98.46118157948474,15.561356780751884],[98.46137572478703,15.55386399673992],[98.46882543145092,15.446249153225546],[98.45963848989916,15.446969082960882],[98.4389202405665,15.446364576636801],[98.41885613776556,15.441363640688774],[98.40043808114847,15.432213588798847],[98.29426712263182,15.364044252444998],[98.2706704549113,15.360234419378763],[98.2544412534992,15.356136668683599],[98.23923971386203,15.34929950830209],[98.18532269264321,15.319063485005403],[98.16846403604356,15.306959177424318],[98.12725321950902,15.269693524638694],[98.1150559464409,15.256217366370818],[98.10587149387396,15.240675654058087],[98.1000633981688,15.22368473081838],[98.08700031480272,15.166991540728235],[98.08486121700378,15.151207225329333],[98.0856419326,15.135304387034804],[98.10992823541964,14.963834326053183],[98.11214166462135,14.953104444705767],[98.15604727402116,14.791942477634354],[98.16167631038016,14.776870458473814],[98.16998272604809,14.763001900975308],[98.25615112756516,14.644740611880716],[98.32422971911961,14.551257206124946],[98.32430009704845,14.551160644857966],[98.41799839392978,14.42268160404091],[98.49194368753282,14.311334086110202],[98.5002267807916,14.300680951800468],[98.51004432436646,14.291330886398129],[98.6601268539405,14.16807605648423],[98.86517944488503,13.98866096451876],[98.93702890056822,13.897668241726333],[99.00367987113384,13.781888348586842],[99.04691116207279,13.69132174213541],[99.06434627393841,13.563960417552579],[99.06521616596014,13.55876855147053],[99.07934481777916,13.487600194609014],[99.08333454392117,13.258432212578764],[99.05905002330894,13.221072059450972],[99.05181929304236,13.207519300479387],[99.02215341434155,13.138028713076569],[99.01674586251232,13.120505124412862],[99.01509473189567,13.102278482681562],[99.01726758030134,13.084103759596056],[99.03379611922968,13.011356938904251],[99.03938111506223,12.994683828809048],[99.0481818682561,12.979383864541026],[99.08126258419189,12.933107746071766],[99.08128119734886,12.881916074926439],[99.08237378740674,12.868150157007841],[99.08561589864378,12.854709651777753],[99.13194787536487,12.712539741912014],[99.13945166460942,12.695694155538696],[99.15030784013692,12.680687091782202],[99.22785024313059,12.593842929835535],[99.23956076716158,12.582849439375844],[99.30392177137117,12.53227277517861],[99.30875900776705,12.525505306558609],[99.3030494459996,12.48628762418983],[99.30231649871511,12.46797041997658],[99.30540407393786,12.449889226357538],[99.32646126647785,12.37479327715873],[99.3418918027738,12.292786638209392],[99.34314626146984,12.287143136478102],[99.3736525772393,12.168356419811435],[99.38344859460943,12.144880030007407],[99.43782669833503,12.053856096481558],[99.52076998331918,11.775479056561354],[99.50040742216312,11.743362696647782],[99.46089567009926,11.704611801767603],[99.4370617746314,11.693004331447213],[99.42219004312375,11.68393253360114],[99.40934880572557,11.672260223974124],[99.39900548478009,11.658412589688592],[99.36376367959194,11.600297845797016],[99.36052546691359,11.594478370410856],[99.27801138906158,11.432135769042256],[99.11533589344103,11.157888669107015],[98.95890867756162,10.98188397773688],[98.8263043350017,10.855614708735839],[98.72925348867244,10.778220491193826],[98.7181108125086,10.767676684353235],[98.70893440552437,10.75544118005871],[98.67925682593899,10.707923368455637],[98.67182971900903,10.69314068922785],[98.66727381698956,10.677275968489905],[98.66574177840177,10.660862558574294],[98.66575381691678,10.623510490148583],[98.6688847831825,10.600219860967812],[98.68328027596876,10.54753696085726],[98.67759083046843,10.444864668639319],[98.65921426650425,10.376329437461962],[98.63168341048892,10.294086135852785],[98.6289913063389,10.284169627107275],[98.61467250363788,10.216032673649876],[98.47698313174801,9.870247921949735],[98.47332808328419,9.858901637043825],[98.40865419160527,9.59962470371047],[98.36908054804674,9.545089984267992],[98.35715772684524,9.522437255800716],[98.28543430488398,9.320125146601196],[98.2811939301039,9.302823910392977],[98.27002194410021,9.22355904023651],[98.24447181612486,9.21499607301565],[98.22727274578405,9.207180302134061],[98.21207843880144,9.196023836848232],[98.19954558526543,9.182009146222638],[98.19021558208676,9.165742190150969],[98.17498885821144,9.131265478867332],[98.16824188923738,9.10755657756751],[98.16064073811381,9.05296573172699],[98.1599182597442,9.035978395848726],[98.16244628108771,9.019164770343112],[98.16813387534235,9.003126268721141],[98.17677718443962,8.988436485751444],[98.18806676461963,8.975620707324723],[98.20159868650033,8.965137156361868],[98.21688898857849,8.957360640168245],[98.22209576168103,8.955848942613443],[98.15778926900204,8.802122401031351],[98.15325185494923,8.788132218807116],[98.15107848147503,8.773601527196215],[98.13629818588042,8.549384453796252],[98.1364916297335,8.535251648725094],[98.14775509910174,8.414702682037296],[98.15216878153156,8.39414538704005],[98.2194954460118,8.19729511058153],[98.22530747327323,8.184746319328637],[98.21745483384866,8.170306731621665],[98.21212898386189,8.152364382826487],[98.17312308826195,7.942202313120091],[98.17164380540238,7.924169828361148],[98.17383635067077,7.9062150177144375],[98.20785532949026,7.756229286011339],[98.21386225812628,7.738558346243385],[98.22341946311529,7.722504027368662],[98.23611490745414,7.708757721736614],[98.25140158861011,7.697911358007954],[98.26862110418708,7.690431958998923],[98.2870319752371,7.686641573405669],[98.30584151472637,7.6867034369303555],[98.32423988158247,7.690614952850765],[98.3435719210628,7.696862658959067],[98.35842439184407,7.703161017290379],[98.37191959503973,7.711971100333457],[98.38362938353438,7.7230135526326755],[98.39752514432732,7.73867586172238],[98.41475213569144,7.74002194815076],[98.43280205768696,7.745292989435122],[98.44937319390453,7.7541430371948215],[98.46375218890304,7.7661912987367305],[98.47531984463608,7.780919279334791],[98.48357777900995,7.797693048698295],[98.48816992471308,7.815790483980231],[98.49747341317352,7.880031327507688],[98.49814726579987,7.878205927897308],[98.50695608812713,7.863646979887135],[98.51837196640794,7.850995067054925],[98.53198713211772,7.84070182300449],[98.54731543695252,7.833134657907885],[98.56380969290346,7.828563670827689],[98.58088117138821,7.827152029118552],[98.59792057141674,7.828950154792662],[98.61431971630127,7.833893923506308],[98.62949321323855,7.841806940515465],[98.64289931099431,7.852406814332409],[98.65405921793034,7.865315207751871],[98.66607357746128,7.882207359028644],[98.67392935602099,7.895550765150134],[98.67936860817366,7.910026837030427],[98.68223057575088,7.925208625914277],[98.69456887781514,8.048595937708095],[98.69456494056658,8.04910779664958],[98.70528178976338,8.024321632182504],[98.71349372586408,8.009408759845291],[98.72439254070663,7.996298147980469],[98.7375884778961,7.9854583107564965],[98.75260982387938,7.977276582620804],[98.83064090355491,7.943856774140708],[98.91786027604881,7.891311872993951],[98.95778708137885,7.852533584585681],[98.9522479251319,7.771610268282981],[98.95255446561569,7.755950700711906],[98.95559605110314,7.740585152562456],[98.96128003174364,7.725979891509081],[98.96943363380441,7.712578050995783],[98.97970621213634,7.698609896891044],[98.96904085322518,7.685257608173927],[98.96201150060945,7.674464918545501],[98.95409500325404,7.659337048669339],[98.9491951501583,7.643002869282346],[98.94748746209012,7.626049014577129],[98.94711661968584,7.54880462968443],[98.94841191028213,7.53322000642631],[98.95240853371975,7.518097694407149],[98.95898524790516,7.503895177596674],[98.98916806922963,7.451315857860788],[99.00133971275865,7.43481491778905],[99.0169573618443,7.421479046850442],[99.0534762918337,7.396875943684312],[99.06921682193595,7.388397744418372],[99.08633410182563,7.383164869316128],[99.10415823668086,7.381382110932087],[99.12199171364279,7.383119266567978],[99.13913663735272,7.388308407844384],[99.15492198304746,7.396746525066835],[99.16872981182753,7.40810344525536],[99.18001943118604,7.421934718675128],[99.18834856072233,7.43769897589116],[99.19339067567546,7.454779083058864],[99.19494784574673,7.4725062740564105],[99.19295855868745,7.490186320043376],[99.17169578854872,7.588989126359577],[99.18982013137153,7.5666304658834],[99.21731649655105,7.523427692137025],[99.27201240676678,7.345845285986603],[99.27912182629622,7.329061138804211],[99.28949253803353,7.314048743744386],[99.30269863438602,7.301424074612769],[99.31819803319144,7.291705077419017],[99.39474565955726,7.2538724623254724],[99.41205742242023,7.247411720683535],[99.43033374216803,7.244583752478418],[99.46609493233609,7.242727985005686],[99.46313281943509,7.229050530999808],[99.46280798630681,7.211690852611797],[99.46584686331072,7.194596695284181],[99.47213569736344,7.178405322796719],[99.48143966167689,7.163720248192266],[99.53085737202518,7.100255397620199],[99.54402466691786,7.086597031673515],[99.55977901892149,7.075983441329981],[99.57742259451656,7.068884603558197],[99.59617404922531,7.065614851734743],[99.62486125568346,7.063665347329419],[99.60608186235555,6.885968112069934],[99.60606751087336,6.867307773985344],[99.60992584475935,6.849050755984315],[99.61749017446611,6.831983184832402],[99.62843435285627,6.816839850244578],[99.64228688268477,6.8042726077534486],[99.64392533517348,6.803070791949072],[99.63862467824896,6.802698861319033],[99.62094071599766,6.797756733130398],[99.60462225852383,6.7893616542996],[99.5903430661274,6.77786039065575],[99.5786925284212,6.763727943286566],[99.57015132781848,6.747547889935478],[99.5228120121053,6.630251387598906],[99.51773428401457,6.612685399973472],[99.51632851884,6.594464983181066],[99.51865223451115,6.576342606508912],[99.52460895939515,6.559066557616242],[99.56202364578546,6.478364607812914],[99.57144164402247,6.462540739070214],[99.58389977084072,6.448961024917703],[99.5988761139435,6.438194017472666],[99.61574348272964,6.430690468550156],[99.63379564823828,6.426764496948906],[99.65227686456707,6.426580466078422],[99.67041344561817,6.430146115675376],[99.68945270042866,6.435955202441248],[99.70633634673717,6.443038696480746],[99.7214423390998,6.4533658933221645],[99.73414956556424,6.4665123803114515],[99.77243507297658,6.515136700463749],[99.78195122365949,6.530021389509024],[99.78836880432051,6.54646544560192],[99.79144060289981,6.563836563640008],[99.79104800742202,6.581466676021838],[99.78720563825436,6.59867763698027],[99.74404207199134,6.729600733399012],[99.80566862496936,6.684343532148658],[100.04892701834146,6.385385154873809],[100.06084625503411,6.373265494177617],[100.07484120893436,6.363593905301732],[100.0904134589147,6.356714714448783],[100.10700852087544,6.35287282303922],[100.12403555975722,6.352205007924325],[100.14088838438988,6.354735061946266],[100.15696698477863,6.360372946122998],[100.17169885272313,6.368917983694406],[100.18455933389966,6.38006598413994],[100.19509029251473,6.39342004688075],[100.2029164273824,6.408504664423873],[100.22177250814379,6.455179932318703],[100.22728368180925,6.475285569854289],[100.23863974848554,6.549899778097287],[100.26895508061415,6.5019605244229295],[100.28101983168553,6.486790027251197],[100.29606695318151,6.474543804730466],[100.31339930987366,6.46578897527221],[100.53181321086481,6.383437207479006],[100.53797185218532,6.381361769201567],[100.60358297800373,6.361835852308933],[100.62291906123093,6.35830414236949],[100.64256665172364,6.359024494113067],[100.66159469806038,6.3639627985698946],[100.70767114165676,6.381439085700892],[100.71270416506255,6.377095556650549],[100.7287173412047,6.310627544505186],[100.73373282607287,6.29570654194536],[100.74128249501851,6.281886242074635],[100.79871334332024,6.195669545835698],[100.80898183009084,6.1829344461566595],[100.82139349237211,6.172261833948195],[100.83553860845701,6.164003849233403],[100.8509503501006,6.158432940721745],[100.86712017046244,6.155732896432692],[100.8835145564886,6.155992794189218],[100.98001904154782,6.166293398453007],[100.98206048314728,6.16567265167144],[100.9867608891644,6.149671016246743],[100.99580999072947,6.036415766493836],[100.98951230658948,5.991893749555698],[100.92058751674395,5.900057118112876],[100.91267928941171,5.8874700011604215],[100.90695593615443,5.873757318893649],[100.90357333933653,5.859293145852111],[100.89245791418956,5.784144325064928],[100.8915418140897,5.7680444140465505],[100.89352249634331,5.752041387706494],[100.89833594529857,5.736649714818811],[100.90582712030739,5.722364137029957],[100.9157549757678,5.709643778963536],[100.95930964497119,5.663119993241464],[100.96567420383938,5.656958296536572],[101.01717332767602,5.6117824409769],[101.04507325282688,5.578775903647137],[101.0587709489011,5.565663947662261],[101.07491705019342,5.555707276699327],[101.09279519983316,5.549347483936919],[101.11161234303397,5.546866618388326],[101.13053385016073,5.548374704506045],[101.16421780565679,5.554670818011935],[101.17958259112193,5.55897642965307],[101.19394651429145,5.565919141917209],[101.23691038669031,5.59159672202358],[101.25427306835083,5.6050969423959875],[101.26784084947846,5.622393739538032],[101.30700894615056,5.687325143516287],[101.31077586666764,5.694235354354487],[101.32324764056574,5.719706252156415],[101.43747981637333,5.768055904076803],[101.53918539635383,5.805637353727988],[101.5726238040706,5.749855606874099],[101.58606490015444,5.732601238778827],[101.60327905288345,5.7190894085922634],[101.63169363571487,5.701906684161105],[101.64573222419455,5.6950013230623835],[101.66075578510355,5.69062242098695],[101.70186013328741,5.682420811492344],[101.71616942750131,5.680736229234749],[101.73056457038896,5.681347722951954],[101.8017409282295,5.6900863644309165],[101.81864445076725,5.693831485973341],[101.8345180184426,5.700732178409556],[101.91741650245608,5.7466676874483955],[101.93211726138729,5.756836385310039],[101.94451540037144,5.769701305243905],[101.9541225272215,5.784755976657793],[101.99769022794088,5.870828482232081],[102.00407070269807,5.887261696698645],[102.01660419623275,5.932195002488773],[102.11860025488343,6.032699658079354],[102.13079358824439,6.047600875968708],[102.13952912688634,6.064747232245043],[102.14440692743612,6.083354685592796],[102.15513320599082,6.154839297047158],[102.17960604152383,6.197885249908221],[102.18698878766705,6.214651037824318],[102.19081007129745,6.232560937160659],[102.19091098011191,6.250872502109208],[102.1872868062023,6.268826503865936],[102.18008732724017,6.2856784070680325],[102.16961067718013,6.300729258743912],[102.15629104718812,6.313354706109257],[101.86635147067014,6.536602886198913],[101.68971729696295,6.803452370522285],[101.67693940120012,6.818743905930487],[101.56062899664968,6.930096007210367],[101.54549038341037,6.941779204440329],[101.52821562874213,6.950026679249759],[101.43112590160858,6.984314379326212],[101.40890110710228,6.989138893200933],[101.30995094578653,6.997881388390087],[101.29593162521793,6.9980325011263975],[101.28205712017584,6.996026552804282],[101.13969328769015,6.96403750410354],[101.03841539044227,6.953500025954938],[100.8479190427509,7.06658878393277],[100.7645207570346,7.146684976978929],[100.75903042968893,7.151542911514819],[100.6435919786528,7.245559774072272],[100.63126821510889,7.253611733341489],[100.63000321531541,7.258393481502386],[100.58852126080114,7.368807001836275],[100.58549937977104,7.375903036664351],[100.53995812464052,7.471200641021158],[100.36824537358439,8.286972435697226],[100.36582513506292,8.296044211896739],[100.31517689722936,8.452261718247737],[100.30910689522935,8.466583700849055],[100.30063667114699,8.479656058669274],[100.23540896748949,8.563363560448657],[100.22321462808316,8.576182124762648],[100.20872759056309,8.586400350235264],[100.19250371624508,8.593626019128857],[100.17516566803076,8.597581764849982],[100.15737896877204,8.59811574455462],[100.13982639637658,8.595207481303209],[100.12318170983212,8.588968648862267],[100.1137510907486,8.583141096194176],[100.06982032294017,8.634578305735774],[100.04963678584805,8.691897974320185],[99.9949943130781,9.124122593961031],[99.99117327657505,9.140956249856767],[99.964043800076,9.222703462472477],[99.96080769743561,9.231030533721938],[99.9188348712041,9.32479382516805],[99.91065518587098,9.339275359479291],[99.89991906523414,9.352025383918532],[99.88699167893434,9.362609878330918],[99.87231292376367,9.37066850135706],[99.85638244345597,9.375926884696703],[99.74463264625676,9.401763536243342],[99.72877078131161,9.403997924079434],[99.71275588966336,9.40345317799909],[99.69708392813199,9.400146192379937],[99.38925865578884,9.30640759992148],[99.36524670354387,9.311224941191943],[99.35231648765517,9.317537158116266],[99.35408879306428,9.331472012367119],[99.37364275358989,9.383273736530231],[99.3781870200036,9.400177892313256],[99.37933131045938,9.417628036836481],[99.37703176789887,9.434964194177702],[99.37137481215424,9.451530577602107],[99.27722447298731,9.658021123661989],[99.25247582929057,9.744650744019038],[99.26039185044311,9.927706450287008],[99.28547435086384,10.16624938151449],[99.28586182727908,10.179680810519185],[99.28159292241872,10.2701140391798],[99.2790923517127,10.28722993395113],[99.27490685641996,10.299042086567518],[99.30058571391524,10.32330405749156],[99.31160754936319,10.335830305452319],[99.32010900243579,10.350131741115048],[99.32580126607161,10.365723229409468],[99.36983267567469,10.53345382512709],[99.56470010305256,10.842165545706493],[99.5731875466144,10.859490150464664],[99.57773303871635,10.878189188423029],[99.60374949885527,11.077768032472191],[99.64636180786216,11.181644675560971],[99.65001135327442,11.192474310062376],[99.7138376812249,11.431672180807041],[99.80333449757715,11.612910912587383],[99.86957914384709,11.691579044528877],[99.87817365528326,11.703678600638613],[99.88463536438807,11.716989685539057],[99.88879044369897,11.731154915646975],[99.92271218093042,11.896913410995799],[100.00127403665566,11.990340657209085],[100.01361053927063,12.009483465057116],[100.07243182044104,12.132806217508389],[100.07790892659882,12.147499118592942],[100.08069990890215,12.162897084476363],[100.09736710215684,12.346828701249207],[100.09706031394295,12.365553933222316],[100.05734790609695,12.685828987999223],[100.0706542929439,12.745717629827203],[100.17611457096312,13.013418209504131],[100.18125832488327,13.03248758027609],[100.18201261519195,13.052190661661472],[100.17834014235461,13.071580238727517],[100.13951321162477,13.197180790013439],[100.132641978286,13.213435558988692],[100.12265262140498,13.228078311327641],[100.09102464941633,13.265822298016792],[100.10031650275745,13.303587394326408],[100.17087599934182,13.361680533286108],[100.25828832164706,13.396340674422548],[100.54580299852896,13.424988146662745],[100.56364796477403,13.428508392337061],[100.580438287245,13.435360827691106],[100.59552330037906,13.445279964970782],[100.60081291454817,13.449552622861365],[100.60613474232503,13.445589200226625],[100.61975150889833,13.438580516517101],[100.63437505572924,13.433867116742713],[100.85749145086345,13.3814275828765],[100.83957025860495,13.334169090008913],[100.83535851085047,13.31918155685961],[100.8338611398276,13.303712226221935],[100.83512233196734,13.288222924777543],[100.85167638961394,13.191765781896276],[100.81476971539992,13.058307909002421],[100.81164697161998,13.037934683671844],[100.8046242457131,12.833311184281255],[100.77524852604255,12.741223501544606],[100.77154512936853,12.723452974786781],[100.77157211993898,12.705319127748542],[100.775327605785,12.687559279704004],[100.78265816388038,12.670895390748889],[100.81714422211331,12.610213183090723],[100.8261957685177,12.597136022963202],[100.83744942560539,12.585803948533261],[100.85055863797142,12.576565666006333],[100.90650434478212,12.544006536152214],[100.92165550000908,12.53692602663931],[100.93787131664367,12.532647689869272],[100.95461320054093,12.531313623378958],[100.9713251366882,12.53296814010906],[100.98745209862784,12.537556300248836],[101.1006398722096,12.580997629798041],[101.43047971171931,12.53012452013463],[101.44936407359135,12.529117560010224],[101.46806142261306,12.53189502357174],[101.71544502559243,12.594406032483553],[101.78473699601496,12.564135626732513],[101.82722012309964,12.526599991416369],[101.84489135668466,12.514340644696828],[101.90034747007046,12.484760055439857],[101.91316112390923,12.479116099062612],[101.98581921677452,12.45341400842948],[102.06755233371055,12.380651283857459],[102.15899614168941,12.273937114437523],[102.17135967938454,12.261999045993594],[102.18579851015221,12.252544530560844],[102.20179786484151,12.245910493307736],[102.21878751556466,12.242333320784038],[102.23616205325604,12.24194046252366],[102.24250388339333,12.242978597107944],[102.24644942863549,12.23632835924132],[102.23280282804677,12.230493537542118],[102.21852999411801,12.220934020638966],[102.20634199177958,12.208931305635526],[102.19666981222915,12.194910139870087],[102.18985525219902,12.179366626995815],[102.18613885975203,12.162850642668177],[102.18204905046714,12.130330031993086],[102.18143065482658,12.115878043088106],[102.18318994628484,12.101515919608035],[102.21184909685029,11.962999754673792],[102.2176246157881,11.945024159260774],[102.22710068326695,11.928619980844283],[102.23986085153673,11.914507001779553],[102.25534483375658,11.903304357476015],[102.27287312013291,11.895503429447759],[102.29167676728002,11.891446344952747],[102.34966541648598,11.885051984093105],[102.36681078040691,11.884734597698293],[102.37968124792845,11.886869505155943],[102.39892717084508,11.880108825864468],[102.41714952258975,11.875699458059179],[102.4359066553198,11.875004252749454],[102.45441671968707,11.878052168791527],[102.47190814199418,11.88471614521491],[102.48765169487261,11.894718384535153],[102.50099082645855,11.907641902258556],[102.51136899854578,11.922947867391839],[102.51835290235897,11.939998019852846],[102.52165058440555,11.958081240056158],[102.5211237187826,11.976443172192766],[102.51790995807809,12.000419070778122],[102.51473730330797,12.014813232853253],[102.51084934745583,12.024438273094363],[102.521563456736,12.02117627178611],[102.53932452957149,12.019306068513144],[102.55711986663636,12.02082908706355],[102.57427840587525,12.025687878344678],[102.5901530349481,12.033699200274565],[102.60414493100045,12.044560910006746],[102.6130707765606,12.054813526672733],[102.67782529048802,11.973145306347883],[102.70197280945804,11.868794618988732],[102.70854102904653,11.850171868679686],[102.71909384914173,11.833394840605132],[102.80339998081922,11.727362105592807],[102.82724608974485,11.66998794544196],[102.8352277559648,11.654995080193864],[102.84593261617151,11.64172956127252],[102.85898210122606,11.63066002182032],[102.87391498667215,11.622177455795661],[102.8902036871318,11.616581439371043],[102.90727286655063,11.614069579641022],[102.92451971197704,11.614730558307187],[102.9460945733091,11.617561837689694],[102.96380047647254,11.621666105952187],[102.98033233345026,11.629109341985842],[102.99504118924492,11.6395994009129],[103.00734946642142,11.652724525037707],[103.01677361635475,11.66796946779971],[103.02294311914315,11.684735678873027],[103.02561508534168,11.702364766071957],[103.02468387896502,11.720164320392511],[103.02018537129685,11.737435095841217],[103.01229564233029,11.753498479655715],[102.99857243329024,11.775533953549498],[102.82484506366734,12.118262266879999],[102.80021541569181,12.253036429197397],[102.82524274389736,12.355506909331705],[102.84067577629048,12.391708690331797],[102.84616726342286,12.409669250584273],[102.84772715321397,12.428351713903814],[102.84528682229518,12.446944409371945],[102.83895146266964,12.464639388923072],[102.8289956562049,12.480667546725334],[102.77666075945426,12.547917841830797],[102.77043931960742,12.555097016041747],[102.69680979653198,12.63153171006098],[102.68675689462255,12.64052537161172],[102.58938730886929,12.715444321686894],[102.58282099788933,12.833216607714427],[102.5819232947924,12.841760016779535],[102.55298667919396,13.028487501106829],[102.5485313164031,13.045607217734412],[102.54072632101092,13.061548311793215],[102.50349447260419,13.121570214615053],[102.44856799743134,13.227493259246446],[102.42254435096994,13.304505491376831],[102.41508075909853,13.4762967813786],[102.43597813356952,13.477943127156596],[102.44291808822474,13.47874714610199],[102.56123422154836,13.496856526005253],[102.57902490924455,13.501373547472031],[102.59554617468612,13.509222175511846],[102.61014552688914,13.52009248490369],[102.62224616008311,13.533555194118383],[102.63136971559783,13.549078575872825],[102.65003284520206,13.589746171242671],[102.65567779865641,13.606106579914101],[102.65800430884642,13.62321346052039],[102.65750935166459,13.631119630616341],[102.67708188051033,13.64584866319188],[102.69117205249009,13.658980398650963],[102.79967698640203,13.783902218358271],[102.8074871500025,13.794317648295422],[102.88991388399654,13.922548353752665],[102.94874851685437,14.002734690946925],[102.95848529598753,14.01956877809343],[102.98732439662807,14.085015233511848],[103.08533373166732,14.17820576139494],[103.22816828675417,14.24614002215779],[103.32891875361722,14.262657128486488],[103.33486941375624,14.263826572764497],[103.45377101530315,14.291113330300217],[103.46321263305296,14.293796667544935],[103.56533584567096,14.328585844493238],[103.58810063564607,14.330130230536282],[103.7117880680157,14.28911289875431],[103.72702829825516,14.285416319747053],[103.80346421114487,14.273410235811971],[103.81910584677172,14.272252239949683],[103.89617630117007,14.27286395777894],[103.97618076783284,14.268169814588811],[103.98819801459774,14.268217986896783],[104.0606308237696,14.27305173414946],[104.07206787398577,14.27450936643309],[104.2299654641765,14.304346713642271],[104.39818515773611,14.280626560822531],[104.4234649954095,14.280423891181252],[104.58756157121981,14.300879378169897],[104.59329149521498,14.301768785165176],[104.77648509123023,14.33584996783766],[104.8491168610581,14.318509891196408],[104.8861702436352,14.303073341009265],[104.8908022358134,14.275167164116086],[104.89503046388825,14.259207456133629],[104.90219506621908,14.24426479953841],[104.9232001952019,14.209260815956334],[104.93105119098126,14.198176449575614],[104.94052062334713,14.188351336911586],[104.97079360478952,14.161308925156025],[104.98452858412578,14.15115822715954],[104.99996783530617,14.143652338304493],[105.0165759790734,14.139051423952024],[105.03377726099778,14.137514920809796],[105.0741916494667,14.137564144520155],[105.09298281035325,14.13944960942029],[105.11099204810017,14.144985009874809],[105.12747281745065,14.153940830783458],[105.14174175737021,14.165945759931986],[105.19359716753704,14.219447814830824],[105.1998970532229,14.22667126518107],[105.23223964774407,14.267966393199838],[105.27582118963454,14.283585815047006],[105.28592413072367,14.287882297487327],[105.38443187383011,14.336695996317573],[105.39567875142063,14.343276100912687],[105.47613062133762,14.398192215544126],[105.49250831997999,14.412457971148136],[105.5454396624568,14.47093898492815],[105.55585447996125,14.484953984202788],[105.56331085535817,14.500634969974806],[105.58510682672595,14.561172599412311],[105.58865720189236,14.574018331947391],[105.59020979707745,14.5872289364131],[105.59292128748847,14.654108470488918],[105.61465539066194,14.826730107315248],[105.63681955193789,14.910222685849883],[105.63952810213794,14.92651410773465],[105.63910725872898,14.943006876844498],[105.62587077647393,15.052138894817888],[105.62280844746435,15.066747858929084],[105.61728472722572,15.080665197655485],[105.58357793413728,15.148176163624731],[105.58361965901963,15.246191677372373],[105.59657777795073,15.299043304931377],[105.59773856707795,15.304535173390574],[105.5995887224332,15.31493481957009],[105.6359441762257,15.346353880424564],[105.64699332299294,15.357707718242908],[105.65584767490063,15.370726029377728],[105.69776002278114,15.445759433280143],[105.70655328785192,15.468281221258687],[105.72983232047534,15.565926334840428],[105.7321611340974,15.583384388302415],[105.73434039129253,15.653985948000008],[105.73281153219808,15.673065841936477],[105.72711775247186,15.691396965973297],[105.7081873232782,15.734810349210685],[105.70017962000698,15.74929446451783],[105.68956421628565,15.76213248577307],[105.67669506531227,15.772895786783073],[105.61701986477063,15.814218826476703],[105.59761336069717,15.82452987963277],[105.5102220813513,15.858626956932364],[105.47631526379803,15.885219654531147],[105.46751426988762,15.90573545621051],[105.4678792463844,15.913830127390003],[105.4845734970479,15.938457154209232],[105.49290034767147,15.953778024246628],[105.49802584052343,15.97034387426877],[105.49975985587687,15.987542602735793],[105.49803749612711,16.004738591159832],[105.49292160160807,16.021296179495756],[105.48460054904533,16.03660316398835],[105.47338139618708,16.050093448901272],[105.45967861002323,16.06126801172986],[105.38408198174787,16.111725544014853],[105.37209265390389,16.118511798369987],[105.359184849366,16.123512288229627],[105.1902872801634,16.175199444930353],[105.12878461992649,16.21560225634779],[105.1163075533001,16.261018987961332],[105.11054015078939,16.27626377027908],[105.10200916952002,16.290261547270973],[105.0261522285771,16.392236965950502],[105.01643772309761,16.403285195580896],[104.9004170318597,16.51540480689505],[104.84392988971973,16.664694807013415],[104.83756928022983,16.88230880500253],[104.85211858326822,17.063057720407016],[104.90741991327441,17.27904530393544],[104.91010638274531,17.298730891316666],[104.90820488345041,17.318493525773068],[104.90180681063607,17.337369452562545],[104.82549833187664,17.49877036028649],[104.81798540795828,17.51169121423132],[104.808351337634,17.52325873775132],[104.72456930794601,17.608341628045196],[104.71403976752998,17.61752124103222],[104.70217402499306,17.625076455636435],[104.59338696990292,17.68344425411461],[104.49481249500845,17.763026073356272],[104.39734846446949,17.871045793857146],[104.27525112594937,18.03773516733783],[104.12930887661864,18.263848031098714],[104.11834715788521,18.277630835600323],[104.01923511423406,18.37995483729647],[104.00640521323731,18.39097006133247],[103.99167412806005,18.39957817744096],[103.9755347430025,18.405491037320346],[103.95852727444068,18.40851067780951],[103.94122113164545,18.408535974567496],[103.92419577905711,18.405566044460727],[103.90802125315845,18.399700280045813],[103.88647452113877,18.389654324997217],[103.82096456871393,18.402681610012962],[103.66695816595963,18.465256291799836],[103.6540147971918,18.469485955757232],[103.51225674484321,18.505098815954383],[103.49237460989801,18.507986784890363],[103.37132155203584,18.51316699019112],[103.34854368287623,18.511516003614783],[103.2697970199832,18.49656896091942],[103.2519687281241,18.491405417656377],[103.23554859531716,18.483025829499137],[103.2211731520112,18.471755075013863],[103.18464950805112,18.436832659524427],[103.17398976430508,18.42466096163848],[103.16574111648761,18.41090390864906],[103.16015874253235,18.395987944815378],[103.15741502744841,18.380375350587496],[103.15459994313339,18.3458527034116],[103.15476351407263,18.33843988671637],[103.14177542076321,18.330506561108518],[103.09059492985212,18.292750222597096],[103.07902349551735,18.28264064663301],[103.06937135133694,18.270850594921924],[103.0120657965867,18.1873338348523],[103.00187877086226,18.1675383161218],[102.97163301969121,18.084161509599788],[102.95592668033842,18.073083182106856],[102.88875986928277,18.066328610161637],[102.86663812915634,18.061490672072125],[102.7753917091674,18.030132199316196],[102.7575298405616,18.021877165950695],[102.6778231441772,17.974571363648124],[102.67216804359192,17.98273846903611],[102.66068129191198,17.9942483711563],[102.61497531622784,18.03259047035265],[102.60219111534272,18.04160926604744],[102.58799563371416,18.048455040363958],[102.57279223728241,18.05293321949186],[102.49423229829311,18.069302747052873],[102.40838970643033,18.118538711260808],[102.29490451590458,18.21582044831439],[102.28546358618269,18.22292511984773],[102.2020484170437,18.277826327177255],[102.18319297129649,18.28743030328482],[102.16254697469525,18.292756842620452],[102.11574882531824,18.299547913435628],[102.09874099904896,18.30053739639003],[102.08182168315679,18.29860838361433],[102.06554070978919,18.293823546898793],[102.05042708489644,18.286338347031162],[101.98351618736795,18.24550304347063],[101.965643492123,18.231359527102203],[101.88978884944302,18.1544230532646],[101.8679050094886,18.143764355291378],[101.84880461739051,18.149882901197923],[101.83102413951929,18.15380732546922],[101.81278157920046,18.154405047943825],[101.79475826002637,18.151653742445518],[101.77762728566202,18.145656144342812],[101.762028302506,18.13663620084425],[101.71817398912343,18.10537575147162],[101.70468045398134,18.09365332852969],[101.69381057400223,18.07967833359304],[101.68597038803514,18.06397353130953],[101.66116289090526,17.998604395903396],[101.6260572940654,17.959367562238075],[101.51605799029277,17.898154158541328],[101.49708651001949,17.88423587506921],[101.49441120980208,17.881696911433245],[101.35984015482452,17.792600248366796],[101.35207728379217,17.78686198174846],[101.23810240624846,17.693082501825174],[101.23310786164953,17.688659214299093],[101.11678185411704,17.5778111351908],[101.11413496194969,17.57698357241496],[101.09018513546117,17.58923166205088],[101.07788148772646,17.59447939330109],[101.02278782847661,17.61358754278241],[101.08562847137794,17.761437951996566],[101.19905341155176,17.995878802539185],[101.20452031350091,18.01027309211021],[101.2352323923987,18.11934356005444],[101.23829959971087,18.137454082717944],[101.24312359442166,18.216993386741798],[101.24202571942745,18.236777833779836],[101.23082636101928,18.301479440970787],[101.22595852837674,18.318703566312625],[101.21761016102694,18.334676024184738],[101.17290015710495,18.402367326407838],[101.16798721233941,18.4091004195177],[101.14593725144272,18.436552642864584],[101.18030445359841,18.477369039468407],[101.18527824763113,18.48384653730349],[101.2444773928766,18.56859277134856],[101.25131788113845,18.580145934507016],[101.25629602938963,18.592528271184477],[101.31087179121818,18.76544250254344],[101.37623172134221,18.948282823979504],[101.38037631562236,18.964929791837527],[101.38111964155011,18.982019367141742],[101.37473180396633,19.093790152675137],[101.37253983276065,19.108727760785282],[101.3677414474864,19.123108704757566],[101.31735460866578,19.239098202231695],[101.29420817299172,19.3321918606093],[101.3150894316027,19.474249644767003],[101.31513381525595,19.498703304603985],[101.30627837981244,19.560426054468937],[101.30236428539604,19.57647204753257],[101.29541668518914,19.591575442750813],[101.2856678916194,19.605229678374137],[101.2734443843747,19.61697670244476],[101.25915590945422,19.626422371879038],[101.20191304958831,19.657292991881803],[101.18712607367247,19.66374987674843],[101.17138953025685,19.667734173185913],[100.98311558753457,19.699339093206767],[100.9574722555837,19.700319880023994],[100.89699348959608,19.69489722063384],[100.8816483729115,19.6923101837667],[100.86695723679443,19.687396044157413],[100.81908806663922,19.667075746823986],[100.80639316043673,19.660548836861597],[100.79489269949593,19.65228324154524],[100.75418205586553,19.61810566072418],[100.7172124543762,19.602117394848978],[100.64216898967358,19.592685694764388],[100.57085350038767,19.62684813787545],[100.50841480956959,19.687678628689323],[100.4972113627907,19.74349979344297],[100.55197776484319,19.849485622044437],[100.55403998861638,19.853753156964725],[100.60242428436041,19.96115736885754],[100.60620903611812,19.971157192612818],[100.63476827102178,20.06348046188926],[100.63802098756311,20.07890596885509],[100.63836949163125,20.094630800988792],[100.63526796198842,20.138333452101886],[100.63290650768661,20.15307185250035],[100.62799075725158,20.167242184388897],[100.60759921216189,20.21280732170362],[100.59908690632484,20.227719809572474],[100.5877551538722,20.240869273605558],[100.57400502208675,20.251789707977128],[100.5583235740917,20.260094038338412],[100.54126659779573,20.265487882409975],[100.53995729632915,20.265776349825526],[100.50876611466757,20.29519907050374],[100.45692441594866,20.383730428038632],[100.44769802038654,20.396679379251896],[100.43623200943236,20.407938588481837],[100.38105035419694,20.45346176166703],[100.36723628846133,20.46294325769677],[100.35184755012125,20.469964384162697],[100.33537587543786,20.47430077043307],[100.31834776139107,20.475813836897387],[100.30130756796306,20.474455239197468],[100.24932913338654,20.465856928934354],[100.23327328177874,20.46182103877956],[100.2182065180641,20.45523456388449],[100.20458379296089,20.446296426416705],[100.156628810491,20.40858838890822],[100.15191222545076,20.40422945522876],[100.05659157946337,20.454708320978668],[100.01279669456784,20.48653990236072],[99.9991344992705,20.49482792200511],[99.98417783530547,20.500825985310627],[99.96835843289921,20.504360962185928],[99.90436112917801,20.513348088419423],[99.88703683615695,20.514284981783785],[99.86982096873957,20.512269065923295],[99.8532797637899,20.507366656947166],[99.83795716083904,20.499738981031864],[99.77280504121312,20.45978256497731],[99.76169657720918,20.451819906041095],[99.7249973176173,20.42126641693462],[99.70217011703662,20.414459065782957],[99.64597089888788,20.411022318392565],[99.55548708443172,20.429923331457275],[99.48587690116742,20.44926249958759],[99.46860249401749,20.452472501353444],[99.45099898065372,20.452655733967845],[99.43366276370935,20.449806022138926],[99.4171811374584,20.44401992134769],[99.40211230691052,20.435493430568496],[99.38896641537941,20.424515325971335],[99.37802926427368,20.413525990585025],[99.366970179675,20.400048646162727],[99.35881885607378,20.38484936089068],[99.35386713819734,20.368473778736007],[99.35229182893265,20.351509627429767],[99.35414846886147,20.334565605468935],[99.3593694831464,20.318249537662172],[99.3952357752396,20.23545712942568],[99.40236596827813,20.19885268144034],[99.39530548534279,20.19237146805542],[99.36549721874259,20.178216124370465],[99.32728802234324,20.169150228565403],[99.30437063638136,20.169790149893625],[99.23410654956078,20.197883620812313],[99.21690190554992,20.203018461138058],[99.19898267479155,20.20502062413087],[99.13283583853703,20.20648492858384],[99.1168123194301,20.205568119920315],[99.10118302384289,20.202140121328174],[99.04461619038369,20.18489482966217],[99.02897447107583,20.178624749133707],[99.01476859383916,20.169841981338248],[98.98029143991575,20.144100819363594],[98.96703245501833,20.13205743534417],[98.95648605725856,20.11783652175385],[98.93745405560979,20.085994028295286],[98.9307347066473,20.07209923638602],[98.92661440113116,20.057329899494654],[98.89573591300609,19.889559858170884],[98.88143275639399,19.862069264611414],[98.87902111012127,19.860198835272442],[98.83511749588398,19.867132572061518],[98.82098308269845,19.868354620202915],[98.80681653337048,19.867586612954817],[98.74790203215042,19.860209039437134],[98.73504907658761,19.85773920545078],[98.4720660121511,19.78895801706245],[98.44277554079495,19.78376986419357],[98.36667026610831,19.77897151893064],[98.29536842743767,19.7772214059352],[98.26790837160918,19.77894097780813],[98.15946858900935,19.83948191806816],[98.14191107914522,19.847132969168513],[98.12308418987105,19.851293794084846],[98.06104124733781,19.858864299877286],[98.04459996706768,19.859519714509453],[98.0282905581316,19.857502441228498],[98.01259895581697,19.852872618365165],[97.99799259369362,19.84576820125639],[97.96400103829177,19.825545149428837],[97.94943172153248,19.81487884372648],[97.93732570692818,19.801760595030768],[97.92813683868918,19.78668283251125],[97.92220918315623,19.770211403059523],[97.90547660133501,19.70280404054439],[97.8540766203968,19.66098131388178],[97.83858813395788,19.644889323483188],[97.73901308339609,19.511947534467417],[97.73096013413577,19.4990081548302],[97.72530713122835,19.484978012864207],[97.72221151850533,19.47024930248975],[97.69907059672097,19.27615419897248],[97.69872481825146,19.259567042250584],[97.70687415673706,19.15371236519767],[97.63390481669029,19.044686732914847],[97.62467110075147,19.026714339960723],[97.61987252266641,19.0072450997733],[97.61180054323948,18.94254699845083],[97.61215337136613,18.918946263312982],[97.65383723822181,18.64955147265372],[97.65256766432098,18.6493072997997],[97.63904480574267,18.645696869049743],[97.54477241107638,18.613162250197572],[97.5332108705347,18.608315914984438],[97.48913815479452,18.58638264744245]],[[98.66080783602251,8.127149287022059],[98.65591453619085,8.13132411115249],[98.58100165274124,8.182557508040293],[98.56492270384565,8.191312536487528],[98.5486525217886,8.196292402281381],[98.5536857416766,8.203964275486555],[98.5594076124589,8.216563721156382],[98.56867538919909,8.24203274290082],[98.58372589419103,8.231689226463637],[98.62993228964885,8.198485425046954],[98.66080783602251,8.127149287022059]]]}},{"type":"Feature","properties":{"name":"Thailand"},"geometry":{"type":"Polygon","coordinates":[[[102.64153877011165,11.759611123127357],[102.60402934751546,11.774801303236993],[102.58617459759421,11.780027221098823],[102.56761004187258,11.7816168364275],[102.54910044550252,11.77950464139089],[102.5314083114295,11.773777631601167],[102.5152623770917,11.764671714441612],[102.5013275211053,11.752561965061052],[102.47886716385923,11.728630281419887],[102.46957923844836,11.716926271691708],[102.462381955237,11.70388679937168],[102.45747064440974,11.689866322234106],[102.44381586762775,11.637029375692157],[102.44114121622472,11.619769874225636],[102.4419215027293,11.602328964073083],[102.44612665862395,11.585363901265536],[102.45359761397737,11.569513882344634],[102.46405238070477,11.55537597712784],[102.47709674468389,11.543482664673524],[102.53421906014444,11.50072165342134],[102.54884131333121,11.491768981586006],[102.56491302286283,11.48565353102156],[102.58186731486067,11.482590949146012],[102.59910628397657,11.482689215824234],[102.61602202157927,11.485944849090837],[102.6320179907803,11.492243029924218],[102.64653000525209,11.501361641405236],[102.65904608207788,11.512979081564916],[102.6691244764607,11.526685577913524],[102.67640926695798,11.541997609428783],[102.68064294229016,11.55837493278536],[102.697181087192,11.662714342411043],[102.69820843382438,11.679776983066027],[102.69592054117138,11.696722298449973],[102.69039945427618,11.712938031591316],[102.6818441217802,11.727838171842786],[102.67056328261057,11.74088415102586],[102.65696436192218,11.751604338163611],[102.64153877011165,11.759611123127357]]]}},{"type":"Feature","properties":{"name":"Thailand"},"geometry":{"type":"Polygon","coordinates":[[[99.94327951409714,9.670009078917678],[99.93911999610198,9.669776283646353],[99.92092571187476,9.664930926262675],[99.90412880719639,9.656499862884774],[99.88944712890573,9.644843546228383],[99.87750790333799,9.630460244087034],[99.8634492285702,9.609411589230685],[99.85362181681262,9.589902329363944],[99.84883714539596,9.568637060579343],[99.84056113616452,9.484748589016696],[99.84065095849812,9.46645642559089],[99.84448965750403,9.448562831512694],[99.8519177806801,9.431808134480734],[99.88307860182289,9.377374327297263],[99.89417935288154,9.362007240928145],[99.90828576830245,9.349268230619572],[99.92477610275908,9.339718471405208],[99.94292380518213,9.33377861092419],[99.96192947991348,9.33171028327288],[99.98095602185938,9.333604611751836],[99.99916539476145,9.339378201158723],[100.09045566010604,9.37916047685159],[100.10724800324742,9.388695190762098],[100.12162178444288,9.40151729566089],[100.1329272516923,9.417047554569416],[100.14065304795393,9.43458427036301],[100.162253035005,9.50259535775017],[100.16585416110237,9.519436280504806],[100.16613844736771,9.536644252592813],[100.16156515455657,9.593238421348516],[100.15827456689264,9.611038990175597],[100.15143689363373,9.627827455842601],[100.14488921293797,9.637606308682471],[100.15328983017642,9.652109980749273],[100.16010048350992,9.666785648661392],[100.16414304427325,9.682424366846305],[100.16528691121212,9.698522616715648],[100.16422878511892,9.75096461037899],[100.16217569621615,9.768228859362935],[100.15679121694674,9.78477950351902],[100.1482761005181,9.799997852495476],[100.1186911499516,9.84253502124584],[100.10776477682094,9.855457003920268],[100.09458561760728,9.866144855439574],[100.07961518239622,9.874224128365283],[100.06337787354411,9.879411745904823],[100.0464425845797,9.881525944420293],[99.98636546033241,9.883430796972421],[99.96901864251623,9.882345926622673],[99.95219414895962,9.87803786086931],[99.9365030123045,9.87066310746886],[99.9225149907758,9.860489545278122],[99.91073784381184,9.847886666502284],[99.90159888576564,9.833312124868945],[99.89542948988584,9.817295084175417],[99.89245310318186,9.800416977779776],[99.89277720112754,9.783290382648518],[99.8963894648621,9.766536778305962],[99.91105008366338,9.720593868126272],[99.91703446176909,9.706279648921836],[99.9254204861593,9.693191232562953],[99.94327951409714,9.670009078917678]]]}},{"type":"Feature","properties":{"name":"Sri Lanka"},"geometry":{"type":"Polygon","coordinates":[[[79.7536831628568,8.383633069887695],[79.74577204283264,8.384076772830563],[79.72763961688301,8.381451136929435],[79.71040865531266,8.375280257710598],[79.69477983046768,8.365815104380019],[79.68138853830152,8.353440586715163],[79.67077904141911,8.338659874925414],[79.66338234777966,8.322073910426603],[79.62658760929027,8.210153209859689],[79.62221807738477,8.186262595948287],[79.61706825351939,8.06961266041867],[79.6186138593476,8.048713853647124],[79.67047694967005,7.781296884623508],[79.70196464656755,7.574523503907423],[79.76915687787123,6.821381812676942],[79.77404442469941,6.799154206913154],[79.8605321644347,6.557606225987398],[79.91992224641358,6.340789109102438],[79.92365484292117,6.329939128507665],[80.01177001859745,6.118726581709107],[80.0224113653461,6.099949360589169],[80.037239615159,6.084229874107025],[80.20930114497868,5.940843601094493],[80.22574240970042,5.929938327841737],[80.24417264922401,5.922847239287483],[80.47255307846784,5.862457058172523],[80.4899316554237,5.859622794812115],[80.507532935784,5.860194667401373],[80.73581283210102,5.889876472628221],[80.7608960065871,5.896899054469311],[81.00434162362271,6.004659819566043],[81.33583258546093,6.118870417092898],[81.34706531086242,6.123601087416979],[81.42078587958305,6.16065569048644],[81.4328515519083,6.167946582725447],[81.69025264588599,6.35214503793949],[81.70591700960415,6.366396850117758],[81.78121227490617,6.453104184412693],[81.79252442717252,6.469486124592029],[81.84761404937596,6.571917678786462],[81.85306868993592,6.584175898929445],[81.90387266856273,6.726059019768169],[81.90544376167277,6.730869270979714],[81.94833922824668,6.875928555266566],[81.95126007825293,6.889721906288297],[81.96681017404535,7.008906539113885],[81.96755615134532,7.021386723401691],[81.96477918493417,7.289255574621723],[81.9610147542854,7.3139924762281066],[81.91895118662042,7.454087748163794],[81.9103705526288,7.473730365837983],[81.89734990256977,7.490805782699549],[81.87350647850784,7.515346391144227],[81.81073245129319,7.660451870279013],[81.80027601948235,7.678502565934165],[81.76815152757398,7.721512299387818],[81.76918664746815,7.734459029793022],[81.76886095004954,7.7519633311623375],[81.76511829709916,7.769073428460212],[81.75184509846478,7.809993845434987],[81.74066498785693,7.832786634210414],[81.51514453393719,8.163486511427394],[81.51302123100776,8.16795353229088],[81.5130319477545,8.215225601629038],[81.51080805472984,8.235020193654316],[81.4615383003698,8.451240563551007],[81.45657470353538,8.466509739629428],[81.44894724335735,8.480663707816685],[81.43889834369803,8.493252101001714],[81.40003136129005,8.533883314533279],[81.3858247346225,8.545955987912611],[81.36941734049485,8.554893361176829],[81.35150560094999,8.560316006397978],[81.30826352530318,8.568709932617505],[81.31007429579408,8.603832434237264],[81.30904122648538,8.622673247430463],[81.30405455019564,8.640886061949999],[81.2830686656301,8.69445523485984],[81.27399737574713,8.71175914318101],[81.09180222007689,8.98244668519164],[81.08046163561374,8.996139346925528],[81.06662585889823,9.00737359966269],[81.02980491613273,9.03169524318923],[81.00825890137058,9.042162716325665],[81.00120813977571,9.044508042471213],[80.99590530313375,9.055587378107152],[80.98144475906624,9.109092668561651],[80.97677807496504,9.122196770127555],[80.97012297385403,9.134434779796083],[80.78783332126201,9.414937643585839],[80.77949453533417,9.425837356768259],[80.76957866693942,9.43536546293072],[80.44172413585231,9.705369795983103],[80.32449025283678,9.852012006846618],[80.31334751316321,9.86364398011624],[80.30028932048313,9.873146528727004],[80.285728881118,9.880218878447222],[80.2701270452646,9.884637163659203],[80.19823461179868,9.898311993025066],[80.17866532577355,9.899912270523112],[80.07977394329973,9.897463510385977],[79.98732479304056,9.902488208568522],[79.96947580604696,9.901730433839928],[79.95211947224492,9.89756061399592],[79.93592122624747,9.890138632117292],[79.92150200129275,9.879749041816618],[79.90941439035635,9.866790135730202],[79.89408437132914,9.846719337076028],[79.88558863917575,9.832944742083578],[79.87114916550622,9.834257694439101],[79.85231926438354,9.83209252171986],[79.83435090294667,9.826139043500952],[79.81802005211533,9.816654392066418],[79.80434693041313,9.806691460645547],[79.79202916363933,9.795888704243742],[79.78188650907157,9.783076806259762],[79.76899818860626,9.763347376453137],[79.76098304747273,9.748022568191654],[79.75608339416482,9.731471020660903],[79.75447894713922,9.714301344236182],[79.7562282191196,9.697144793601383],[79.76126643509534,9.680632057019864],[79.77299079972468,9.652363763186562],[79.7838363036156,9.633253703997942],[79.8332559434513,9.566710128631977],[79.84445134004625,9.554241003032814],[79.85778500109127,9.544020736846878],[79.87279978015592,9.536399638571273],[79.8889810176494,9.531638915781253],[79.90577415543326,9.529901737597628],[79.922603705808,9.531247651783561],[79.98528394480505,9.542084701381633],[79.99972318299226,9.545990274111363],[80.02028999436344,9.44201939850101],[80.02681492132552,9.331337521354762],[80.0105872711821,9.230013433952859],[79.98167683573052,9.134884340890402],[79.95383180142427,9.09465203608737],[79.95160503720793,9.099048395038775],[79.93991858366694,9.113595803524573],[79.92507452716474,9.128589207773956],[79.90886738503316,9.141579247875692],[79.89008996508194,9.150584377314022],[79.77776192204858,9.189458981821177],[79.76004327225057,9.193680068055075],[79.74182837953275,9.194333636146537],[79.72384699468601,9.191393522816718],[79.70681948536668,9.18497753333031],[79.69142791865825,9.17534270943282],[79.67828869510451,9.162875010100713],[79.66792783935716,9.148073822881148],[79.66075994168881,9.131531931871539],[79.65707159314317,9.113911750610292],[79.65700997198046,9.095918776982886],[79.66057702859678,9.078273336865852],[79.66762948934286,9.061681749526207],[79.68677539698575,9.02687076068338],[79.69696235222236,9.012074800165774],[79.70991236059396,8.999562696135218],[79.76420509329078,8.956650205335327],[79.77228214961285,8.950949341620056],[79.83886746720643,8.909161588695598],[79.83789773817271,8.900859118889741],[79.83693435497614,8.848076335537225],[79.83789835985293,8.833300589032003],[79.85242093277965,8.736212120600486],[79.85134420630862,8.707205175501299],[79.76431609219635,8.43905760855495],[79.76131759201688,8.427011400658396],[79.7536831628568,8.383633069887695]]]}},{"type":"Feature","properties":{"name":"Pakistan"},"geometry":{"type":"Polygon","coordinates":[[[61.50106865389799,25.25301117508032],[61.489493008797155,25.242265513319303],[61.478911652331,25.227582219410007],[61.471677727020825,25.21133164629734],[61.4680648619717,25.194131942087942],[61.46820874244517,25.176637037793466],[61.47210219944595,25.1595117636392],[61.47959573814409,25.143406599496984],[61.49040344654391,25.128933016004403],[61.50411402596054,25.116640333704705],[61.520206499848385,25.10699496460265],[61.53806999287727,25.10036280703781],[61.71470056866347,25.052249672444603],[61.73878991460306,25.048521551882285],[61.90291883594885,25.041634385572365],[61.921996579251605,25.042489063266743],[62.103404644420344,25.06648397255276],[62.122396852785826,25.070744732255992],[62.14011059105664,25.078293077431496],[62.15585787396191,25.088836116339817],[62.193521490974966,25.11965579849545],[62.243868047881634,25.072462660671768],[62.2598257905293,25.06035534566708],[62.27823440797444,25.051544340376346],[62.29828082604018,25.046418663844815],[62.31908008375932,25.04520464330951],[62.33971415587493,25.0479559762533],[62.41554126990257,25.065565683192222],[62.43103435599358,25.070421898272784],[62.44544275343474,25.077518319477612],[62.45837365500086,25.086661682107625],[62.50144084891297,25.122638337485462],[62.601059949361314,25.167445612244105],[62.66420782784842,25.17432435448354],[63.00215596918684,25.135573829738455],[63.019008183028255,25.134927617775418],[63.03574600870764,25.136874512563146],[63.16757339318143,25.162588785757475],[63.260428944331096,25.140676314698098],[63.27667582099259,25.138119295678543],[63.48217869531804,25.12137753083046],[63.50221664148058,25.121568920904604],[63.521814498849814,25.125401403020703],[63.54017396991486,25.13271899214136],[63.55654683133946,25.143223716388846],[63.570265282152064,25.156487662864837],[63.580769116562,25.17197030230138],[63.58762862637027,25.189040408198924],[63.5905622928669,25.207001699035548],[63.593187975865796,25.259043681409644],[63.60647791150156,25.2711745618602],[63.72052787921446,25.293880428266192],[63.9135898813057,25.254859889428612],[63.933445557295165,25.25269834873645],[63.953386493150575,25.25417962984151],[64.00510645582071,25.26281387306587],[64.02827651634931,25.26940267251249],[64.04900438337823,25.280872993848813],[64.06384957000067,25.291535754997938],[64.06708136816111,25.286720448347808],[64.07832471650642,25.273079039163935],[64.09221364878147,25.26160667886435],[64.10824919893396,25.252714955342388],[64.12585580954814,25.24672280832565],[64.501874248701,25.15384286066642],[64.53886320396053,25.131508348896165],[64.55884790282839,25.12221098634853],[64.62374648488648,25.1000097459143],[64.6432061801348,25.095328229483272],[64.66331559419176,25.094306138757535],[64.68324682623539,25.09698561830547],[64.70217922608852,25.10325643477487],[64.71933296381276,25.112860471184813],[64.73400097899268,25.12540227280737],[64.82253841051212,25.218089306855692],[65.062481890171,25.22121131683663],[65.08102085604769,25.223019355303705],[65.41224764811815,25.283745521440075],[65.67180344108122,25.26565049465862],[65.6923580882382,25.266128019329457],[65.71237102333663,25.270423499855557],[65.90702929353539,25.331856281355897],[66.24229412369797,25.374554374831526],[66.31532361180176,25.375659540415345],[66.37591659607887,25.360270468370405],[66.40027463552886,25.356945420387415],[66.464969428698,25.355431579628164],[66.47355378020525,25.355987811228175],[66.47492406648077,25.35196810008318],[66.48158883494504,25.33721313983264],[66.49102882290912,25.32375761145537],[66.60230847885752,25.192312074539192],[66.61008283115216,25.11338861309275],[66.5841174709965,24.94095935964826],[66.58343677452595,24.922666184930772],[66.5868489200145,24.90463101762339],[66.60769988214194,24.836727179799578],[66.61422419621032,24.82119247324062],[66.62378467684435,24.807018503266352],[66.63605349013699,24.79468975328281],[66.65061061832216,24.784627491751774],[66.66695824912023,24.777175447724105],[66.68453775684323,24.772588135625433],[67.06631485219481,24.706356718987553],[67.0872054194055,24.69580172891693],[67.19192340949857,24.34962619789728],[67.20619755065925,24.254339761206836],[67.21113185395146,24.169961475968073],[67.21334829866927,24.1551937914293],[67.21820272337649,24.140965962790712],[67.22556088219784,24.127668755356297],[67.28145529455276,24.04450179451186],[67.29293755824655,24.03062239837171],[67.30712747720419,24.01902973824272],[67.32349300208978,24.010157875777374],[67.3694473166724,23.99046044083326],[67.38313315983267,23.977466895664442],[67.3834152483208,23.977200136669047],[67.39010658900288,23.970898005888465],[67.40992773896323,23.91307628382455],[67.41881719631647,23.894660976501154],[67.43195616370288,23.878522709586253],[67.49143246157627,23.82035202996808],[67.50485775391188,23.809417364386675],[67.520232987685,23.80091101880331],[67.5370429941663,23.795117790276294],[67.55472484847742,23.792231609725437],[67.57206851987401,23.792345089449597],[67.57474845722463,23.78439612946433],[67.58233281878361,23.7679205791209],[67.59332163948616,23.753149620687413],[67.60727946719261,23.740666984300017],[67.62365402597013,23.730965796846252],[67.64179805927024,23.724429199203566],[67.66099482971063,23.721315302800285],[67.68048628425856,23.72174706243489],[67.83096200637968,23.73882214690257],[67.84974237500207,23.74268680289859],[67.86734205304828,23.749840188693625],[67.88308380354063,23.760007209040445],[67.88510191349599,23.761951393032238],[67.88582493572835,23.76136262609632],[67.90372241599621,23.749788261849584],[67.92397435851314,23.742146575350116],[67.94557148088347,23.73881823350418],[67.99602165024545,23.736280951403746],[68.00934735522056,23.736938812939453],[68.03424236642323,23.703079318282676],[68.04633033512197,23.68964957004588],[68.06101177905005,23.67861106312475],[68.07773589702991,23.670377412240136],[68.09587576560389,23.665257059885008],[68.1147517418179,23.663441792530058],[68.13365678222237,23.66499960423026],[68.15188275628,23.66987216626157],[68.1687468000044,23.677876994539147],[68.1836167542261,23.688714236712663],[68.19593476143395,23.701977833438868],[68.22925124470733,23.74580567822383],[68.23812599618132,23.76010194612577],[68.24401603811596,23.77564048486952],[68.25125005318998,23.802390602183824],[68.28764991529894,23.825125144195166],[68.32128650450306,23.84421681203225],[68.40134858669605,23.86278101236573],[68.49640327721237,23.877255058963268],[68.58551966770816,23.876675294681487],[68.72256816104222,23.874776203950425],[68.7417852728705,23.876234822775906],[68.76032190091132,23.881106170519743],[68.77746377831402,23.889202606175182],[68.79255004418945,23.900212204149586],[68.80499861191426,23.91371069608096],[68.81432858554226,23.929177730155853],[68.82017886775802,23.946016838532845],[68.82232223498258,23.963578360610526],[68.8253020407731,24.174511731597704],[68.83593390430572,24.174351948895783],[68.87106435148377,24.17683990146901],[68.88956340943507,24.179789104911336],[68.90711425959374,24.185894795304552],[68.9225791438448,24.194652214699627],[68.96043373655534,24.18591000239526],[68.98287040869053,24.18317740829046],[69.00539682401636,24.18519970593185],[69.0483021516756,24.19367761037607],[69.09256719778534,24.182162635501268],[69.11922381589662,24.178720530745938],[69.23466375293575,24.178331030501525],[69.23884189651314,24.17839615716244],[69.44423873675319,24.185424880422516],[69.52725875026768,24.183787313852864],[69.57777641476659,24.15152535684526],[69.65974456120999,24.098996532787694],[69.67453857917212,24.09116481027165],[69.69058916910163,24.085792316942552],[69.70741223490992,24.08304101303706],[69.79631055575088,24.075674475374612],[69.81041264554692,24.075429825709875],[69.93892821456221,24.08157863052449],[69.95795919635306,24.08420451229125],[70.04520360300727,24.10435515270551],[70.0647273873941,24.110932985037994],[70.08230059059191,24.121119746530166],[70.09713695677394,24.134460047619754],[70.14118960957268,24.183457564296003],[70.14786658949821,24.191817846910045],[70.16387023969286,24.21448476903307],[70.32165584151426,24.271345706072104],[70.46032097648614,24.310066765088745],[70.46477905373203,24.296934230754125],[70.48825105608036,24.244898916543917],[70.49695429631042,24.229828068195083],[70.50860844748966,24.216523625947836],[70.52279499671523,24.20546225189346],[70.53900513259018,24.197040108382847],[70.61913751869052,24.164106284185618],[70.64441058129673,24.157244324526097],[70.70120508282594,24.14914550199886],[70.71655764976762,24.148066744772066],[70.7319041012009,24.149189485926136],[70.78284250720615,24.156606110858597],[70.80990687791049,24.164322106403432],[70.84767939862475,24.18086326100772],[70.8639711853309,24.189861098830345],[70.87806054918767,24.201558873868617],[70.94646672391065,24.270467358659428],[70.94967069969276,24.271889954535997],[70.98029702616098,24.271148959637344],[71.00109006060028,24.272660466666107],[71.02106447909085,24.27813553432286],[71.03932550797364,24.287328946351927],[71.10053470939688,24.326366118181586],[71.11437148083851,24.337040499310874],[71.1258307915771,24.349849300337215],[71.1345243917342,24.364359491728855],[71.14015720101493,24.38008035262129],[71.14253739580398,24.3964800077668],[71.14383242417907,24.426360544659143],[71.14256987092855,24.444685054876715],[71.13725119393875,24.462397907286565],[71.12809647775214,24.478760195954116],[71.11548624030895,24.493089032864873],[71.09994576041385,24.504786137958114],[71.08212325493307,24.513362930009784],[71.07731590527273,24.51513084123617],[71.0779685698646,24.52308433064099],[71.07651282441432,24.537802767612718],[71.06963118257137,24.57386077342571],[71.07135717724452,24.58615316354542],[71.07615071699635,24.592633807898405],[71.11036915934456,24.618063466206422],[71.12457761060051,24.63102737200524],[71.13560422209466,24.646346377644534],[71.14299033200581,24.663385130343926],[71.14642783131812,24.681436652553582],[71.14577218161614,24.69975159509249],[71.14104870909239,24.71756930077266],[71.11394977739076,24.78750950630328],[71.110087032328,24.796047951145685],[71.04190278870232,24.927041634530962],[70.97018854898158,25.095393071548518],[70.96678947453465,25.10244760409586],[70.88963012779986,25.245369322494824],[70.88152786779439,25.257741491092574],[70.78810373522549,25.377275106453347],[70.7520567752888,25.4429542056633],[70.7568258551468,25.62360235196582],[70.75506958440282,25.642694592429446],[70.74631522034099,25.68386257371785],[70.74162028928379,25.698811603263287],[70.73414212294745,25.71281026065705],[70.72410312688598,25.725440326282982],[70.71180249616667,25.736324324028157],[70.67820241595895,25.761292597509033],[70.66350735491146,25.770352748380613],[70.64725995727842,25.77691384850796],[70.60191713794109,25.790987452695685],[70.58000989707901,25.795376027881282],[70.55757135964126,25.79523841071484],[70.53573905142255,25.790581541860572],[70.48473778759681,25.774039126236406],[70.44664655893574,25.77141022029265],[70.34538061653546,25.77502303906757],[70.32785183642692,25.781047182809527],[70.19260726351828,25.948558621264382],[70.17845884747628,26.00115780696823],[70.17790743520827,26.057243828340297],[70.2272554432281,26.1853595884743],[70.23213769999678,26.204698167399194],[70.24885730554958,26.337448276824823],[70.24933644064333,26.34253800097621],[70.25706551331001,26.466407934724266],[70.25458186395218,26.49192274961914],[70.2454314721965,26.526938244155442],[70.23920492352292,26.543392830872268],[70.22955897415802,26.558469474705543],[70.19656690758593,26.600091867869818],[70.18347212067528,26.613545617685826],[70.1676650090798,26.62442180557542],[70.11236886865035,26.65515732881025],[70.09748506116527,26.661961603957675],[70.08154609673181,26.66646586799133],[70.06499319031255,26.66854538441265],[69.92703426568943,26.67542708731877],[69.77510837634622,26.710857849176133],[69.6520242630066,26.77640502265379],[69.64707352068233,26.778871586107726],[69.57323404435098,26.813228913978904],[69.59373708306144,26.937736331595598],[69.63252670426257,27.091324793677344],[69.65138041479767,27.122743248379585],[69.69555943111288,27.166766845783663],[69.7305630150023,27.198827127350604],[69.79044661862768,27.244268344584814],[69.79829669927857,27.25089775098512],[69.96979031657867,27.411739741045754],[69.98256934688212,27.42649613276385],[70.1361943775509,27.647488221947956],[70.13900306368049,27.651778564827563],[70.22739151880032,27.79557069572241],[70.26449659847287,27.82997441324846],[70.30797624534158,27.863831247370612],[70.37390553737292,27.90607537917774],[70.42976625935306,27.934517724307195],[70.46116063624403,27.93381324256956],[70.51045842873935,27.909763787080976],[70.53502347120997,27.89076346902762],[70.54896315854062,27.819994400595498],[70.55342584513097,27.805056451439167],[70.5607108970618,27.791013544132785],[70.603230533888,27.72468363027055],[70.62032593286159,27.70495563209683],[70.6661260276019,27.66499049942008],[70.68328489122925,27.652942139381107],[70.70295566181521,27.644429785216413],[70.76346127094767,27.62506129292546],[70.78403171080153,27.620553276931805],[70.80520749597702,27.619926020182834],[70.8820956099663,27.62475679730704],[70.89885088055271,27.627062376490077],[70.91493883395638,27.631806839499855],[71.21740716866199,27.746195120287304],[71.30615244873114,27.766098856644927],[71.54954136833558,27.78014862651761],[71.57179883936352,27.78364044445948],[71.7453970470158,27.828820253762764],[71.75034566442814,27.830226711952502],[71.90384872098097,27.87760195444289],[71.92303506933948,27.885577298080133],[71.93993416663781,27.896894828311567],[71.953811986558,27.911063492629804],[71.96406490310594,27.92746833275432],[71.97024597830863,27.945397041263202],[71.98701811000335,28.02187396715171],[72.03549008808344,28.12801645473391],[72.20286590182667,28.2846658434589],[72.2164496639641,28.300557327947452],[72.26717195632908,28.37596125846688],[72.27616525349727,28.39327269368092],[72.33019943301053,28.535249227556765],[72.38182489860436,28.6518097815748],[72.40997971366377,28.68261149063371],[72.67598315000498,28.817801815391057],[72.95249058986718,28.9498074446244],[72.97285974924627,28.962530749535034],[72.98910937482303,28.97918330713787],[73.03454548018989,29.03921068932713],[73.03816436348103,29.044355585823784],[73.21790844307004,29.319325660981587],[73.22136062859799,29.325058672788803],[73.32431954238515,29.511700224319522],[73.3275747906507,29.518239739093172],[73.35428231443554,29.57827647440893],[73.35636678949739,29.583416792654678],[73.41559981786862,29.744639276189616],[73.46587133889976,29.870442014152488],[73.50903997903383,29.889191988082203],[73.69423079076931,29.948985547696402],[73.7014790360277,29.951593046553157],[73.8525477135984,30.01170252281306],[73.8691083022977,30.019949895062556],[73.88364442950275,30.030681057200695],[73.96098577681214,30.099290007858404],[73.97274837525397,30.111778432213253],[74.01964903210981,30.171804502710703],[74.02867905418121,30.18594299740848],[74.03463484687785,30.20124902124783],[74.03732276714089,30.217228632130226],[74.03665444298215,30.23336591346633],[74.02792791579716,30.292941510915334],[74.02412492594786,30.308149766255067],[74.01733573041369,30.322564138691884],[73.99160929145964,30.36594495405633],[73.99414475161967,30.377834609096077],[73.99452505577604,30.37973176897234],[73.99637236332921,30.38957310663205],[74.07843511827947,30.452618399520134],[74.09402801484593,30.467598274252513],[74.29817237055578,30.71366434296499],[74.38812274395487,30.804187111531807],[74.39877818943351,30.804976867727476],[74.41705557903997,30.809270448317974],[74.43413446147481,30.816317440875096],[74.56345694493753,30.882527056751623],[74.57058107249591,30.886512284637355],[74.69357438267797,30.961457088399428],[74.7084821648932,30.97246373526637],[74.72073061916144,30.985659896498365],[74.7298881045256,31.000581715049034],[74.73563115200862,31.016704473230057],[74.7377559943985,31.033460968950553],[74.73618595523044,31.050261415066014],[74.72919128605005,31.084347480551127],[74.72639391005066,31.094482885287754],[74.71100855363953,31.13858498629257],[74.70340525896245,31.154568840164096],[74.69236296453113,31.169013187924158],[74.67828833898412,31.18138408518035],[74.66170074597954,31.191224016581096],[74.64321309794033,31.198168912761602],[74.62859563791412,31.202277714562715],[74.63770819777551,31.242025040018103],[74.69627655452344,31.44384253648583],[74.6993119617371,31.46233479519499],[74.69779521936734,31.480960451704004],[74.68574974321713,31.539512519119075],[74.68225122654474,31.55154848409339],[74.62003656477609,31.715664645858464],[74.62582051420425,31.734445038377665],[74.64393766258304,31.767096438198507],[74.70428370595293,31.820641390211513],[74.79286849653204,31.87109000392814],[75.10929961867441,32.00500772293248],[75.16640781942057,32.01810287192108],[75.17506654951637,32.020426750630754],[75.29030365409776,32.05594578801596],[75.30788936986536,32.06295642326395],[75.32367524805554,32.07256062320373],[75.33713244684739,32.08443693196815],[75.4077564772116,32.15934210669124],[75.41857668407253,32.17328096561888],[75.42616808541165,32.18866691673603],[75.43026789203968,32.20497061660294],[75.43912816585527,32.26887633032461],[75.439676522788,32.28447350045371],[75.43701804473412,32.29991267681534],[75.43123144965104,32.314727477936955],[75.42249014540847,32.328470159241945],[75.39165563055339,32.368187151201404],[75.37458141037638,32.38513246018288],[75.3056320381948,32.43839365019828],[75.29201553501623,32.447304936242396],[75.27686670360227,32.454244636517345],[75.14718946023619,32.502533242396886],[75.14594641727398,32.50298735174736],[75.02906752888067,32.54487417852276],[75.00734538658988,32.55043157941382],[74.98471207261669,32.55198636415433],[74.80881118007889,32.54811296304752],[74.75786255474206,32.56589950585953],[74.75090934675994,32.608903006610845],[74.76951827600647,32.74773517297103],[74.76976866443005,32.765805581626616],[74.765707424412,32.783548209979294],[74.75749656597011,32.80024449610277],[74.74546660305552,32.81521786446461],[74.73010347709584,32.82786122216482],[74.71202905708638,32.837661685317165],[74.68115122158109,32.85090592022334],[74.66297241248951,32.857008438511556],[74.64376735851519,32.860224359967],[74.6241810495133,32.86044559833459],[74.60487142367963,32.85766464749732],[74.58648707443584,32.85197484568258],[74.57458215279063,32.847209696571234],[74.50462495163214,32.859057349799365],[74.48131270478669,32.860804925644665],[74.43626406830417,32.860018406588196],[74.43658912803018,32.86897356788425],[74.42944220913661,32.93611556668709],[74.42666146108442,32.94993272001458],[74.407590853513,33.0137633705583],[74.39952347188503,33.032038077901426],[74.38693469364104,33.04841912439306],[74.37041578195247,33.06213409145613],[74.35039209660694,33.075474482289714],[74.33313833643729,33.08485124905592],[74.31405673101303,33.091292513584925],[74.26887215285072,33.102450344447476],[74.19640598056513,33.14416623218477],[74.12967500856402,33.20300015207672],[74.11163049505839,33.22136031137843],[74.13451658668797,33.24540491810669],[74.13932531659579,33.25086481731249],[74.20674718067059,33.333678672018735],[74.21513938516738,33.34594230595922],[74.22113089704982,33.35914917680603],[74.24600958129444,33.43036704344081],[74.24954371053192,33.44475813964531],[74.2570262781962,33.49636098027423],[74.25767679074214,33.511556988101],[74.25524257677199,33.52662319578726],[74.24979184062857,33.54112789903468],[74.231078890345,33.57922691370423],[74.21968823819616,33.596623762617256],[74.20398337094649,33.61151004728684],[74.14245590490442,33.6581753573724],[74.13431811540855,33.66376080182573],[74.0850577265081,33.694304841067975],[74.08478564244,33.708730815843744],[74.09444610093828,33.73501696209537],[74.13364910305138,33.760559778441056],[74.25737043238358,33.80374170009737],[74.27451726962703,33.81127712474176],[74.28977720586492,33.821229373459936],[74.3026605945119,33.83327948637589],[74.31275346050217,33.84704115743105],[74.34805473403244,33.90653538758873],[74.35505563397729,33.921599169391214],[74.35869859664183,33.937454213260004],[74.35886435410251,33.95358933808743],[74.35452368695138,33.997683082911436],[74.35117935506501,34.01365192940354],[74.34442276498419,34.0288577467614],[74.33447244822486,34.04280484278043],[74.32165147303348,34.05503832488163],[74.30637705342522,34.06515899936172],[74.28914700766646,34.072836471279174],[74.25161924595585,34.08608161357653],[74.2310512898227,34.091406565001236],[74.20960954441381,34.093255189517166],[74.11904222847673,34.093535734016186],[74.03437481888899,34.10141209638797],[74.06703695166935,34.13824829624106],[74.07763576465467,34.15293893480602],[74.08468554079988,34.16901956328337],[74.08792930919978,34.18590852146352],[74.08724747114015,34.20299459045029],[74.08017421600456,34.24831063640399],[74.07609135939579,34.263678803117116],[74.068822153756,34.2782175916545],[74.05858839007703,34.29148031102632],[74.01085811414964,34.34273193591385],[73.99770447969122,34.35449812094635],[73.98222050761399,34.36414329072246],[73.96489917385986,34.37135989865986],[73.91314347593642,34.38830840850717],[73.94533221061997,34.44154062400211],[73.97564980527405,34.48166931976438],[73.97995577821479,34.48790542037689],[74.03815798950333,34.58047395154273],[74.09165679777973,34.59583979276001],[74.09815797397428,34.59789851879835],[74.21417619250563,34.63809824452567],[74.2143008504234,34.638141435063346],[74.31141600876046,34.67179676168675],[74.47566178628256,34.64405450637248],[74.47578242846338,34.644034106932125],[74.57032064488405,34.62805801718341],[74.76321603314716,34.590367083154284],[74.76338878912073,34.59033331104184],[74.92632102836086,34.55848657801411],[74.94453003319191,34.55623004952377],[75.110960367409,34.54721195798046],[75.12247732359582,34.54708179316916],[75.15913114776491,34.54825479318985],[75.20790969579859,34.52427054262043],[75.22199871718645,34.51843426595326],[75.41033235671115,34.45385258303496],[75.42401203988052,34.450005620450945],[75.57690075526006,34.41605972524402],[75.60581099466123,34.41295342834983],[75.70931726945213,34.413299792017014],[75.73223592034624,34.415375491042965],[75.75412504707131,34.42137447355623],[75.90693212040975,34.4785052032065],[75.93189481307681,34.49140216691238],[76.00392349975282,34.54083360665438],[76.07335607259294,34.57961153200046],[76.16990068487785,34.57798974401363],[76.19080046841884,34.57928416709771],[76.21102604915966,34.5838356667956],[76.45793244828984,34.66064825390355],[76.4737121392001,34.65612987722879],[76.50181141857153,34.65136302963521],[76.5861974517051,34.646343416252364],[76.60881821038326,34.646919949038285],[76.63082320183776,34.65130941386386],[76.65127062621104,34.659323810548194],[76.75306202669961,34.71035651617882],[76.7706869251465,34.72131949014315],[76.78528235625414,34.73495817976386],[76.83804216053389,34.79556595305668],[76.8488006211122,34.810897359814554],[76.8556960875897,34.82765072838225],[76.85591299947014,34.8284205058978],[76.93486665652675,34.85636823888457],[76.94762827918055,34.861713152088186],[77.05673739649406,34.914940863812404],[77.0723570814295,34.92415083987146],[77.08578263668475,34.93544704916896],[77.09660101348665,34.948482632209064],[77.10447874851867,34.96285718925336],[77.1343358497597,35.033191922229385],[77.13550615964914,35.03610509271665],[77.15352626788554,35.08364609283259],[77.15756941489173,35.09885158843724],[77.15834076504585,35.11439067359929],[77.15581535923319,35.129796549975055],[77.15006732430894,35.14460617588223],[77.10602863983718,35.23103975971911],[77.08051898615261,35.28110902329258],[77.02948132236295,35.3812832890791],[76.9841101184762,35.47034461568886],[76.91485980158936,35.60640067320974],[76.86907162601308,35.696298774207385],[76.86034377358165,35.70995182350616],[76.84885761184243,35.72218392122378],[76.83495104819094,35.7326339542112],[76.81903392277839,35.74099327194105],[76.78411707885306,35.756031597425505],[76.69668246678383,35.80240293996424],[76.66968881058222,35.8196385383486],[76.6617154517936,35.895073894668386],[76.65797909745379,35.911704948167625],[76.65044809531479,35.92746173314032],[76.63938819858608,35.94178381472461],[76.62519124025219,35.95416149682698],[76.60836137564192,35.96415404361443],[76.58949721351182,35.97140546939091],[76.56927046372215,35.97565731751242],[76.54840187151757,35.976757955847674],[76.52763532147486,35.974668042580014],[76.4783653508519,35.965823412829316],[76.45807364215331,35.96047892703978],[76.3506339309728,35.92255102810612],[76.23846213722774,35.90062163851619],[76.23717094291726,35.900615111193304],[76.20961171385213,35.975239014163705],[76.20202096756226,35.99049580220824],[76.19110395212444,36.00436425336245],[76.15869916666365,36.0381742290455],[76.14226258203223,36.05196140161488],[76.12255986697156,36.06259921149556],[76.10049171068621,36.06960068850282],[76.04622769537986,36.081571314391816],[76.02965219131823,36.086964619910226],[76.0553718017592,36.112909636474726],[76.06838044381144,36.129418308249186],[76.0766717366882,36.147795514524425],[76.07985019197092,36.167171688161275],[76.0859023779663,36.38072877677839],[76.08289192301044,36.40359793769721],[76.06044594838606,36.479243498311135],[76.04169644897952,36.54268064418965],[76.03351094980262,36.56110281713142],[75.9855435774698,36.64028634824437],[75.97530550399313,36.65392512064455],[75.93060780686521,36.70292968620141],[75.91187484561823,36.71889268462839],[75.84379535289276,36.764145289681935],[75.82718782452605,36.77327815148825],[75.72214332639618,36.82039452812236],[75.69289979525928,36.8294501316264],[75.59934795338899,36.84680592085058],[75.57762709097739,36.84906505883711],[75.55575678512484,36.84789495091896],[75.53457465696162,36.843340294017594],[75.50854377466966,36.83548934629968],[75.4854651749928,36.90660786234089],[75.47708476095062,36.924386427670335],[75.46419878336089,36.94033927319237],[75.4340373205289,36.97014478078452],[75.42023121296147,36.98153982895845],[75.40411546280761,36.99080203837948],[75.38619544201528,36.997640513940205],[75.1845549065472,37.057472037189136],[75.16670066001772,37.0614466975626],[75.07529627897202,37.07538084969824],[75.05246734478322,37.0769513010232],[75.02969816666263,37.0747890737674],[74.92480181542362,37.05597457112482],[74.91400047485712,37.05357545376042],[74.90748138867848,37.0518438183713],[74.9055086184768,37.05293836114089],[74.8964199521617,37.057480893149744],[74.82117784474138,37.09115590354917],[74.80722027225839,37.09642211294064],[74.73332920675504,37.119445202203906],[74.7140332736803,37.12390827596986],[74.69403754020337,37.12555392388835],[74.60233256651111,37.12648646231139],[74.58495027271522,37.12558051215137],[74.56794353507681,37.12254330813245],[74.50870427424701,37.10802852321291],[74.49675764177383,37.10449688274446],[74.38631064024757,37.065985494993996],[74.38451331293187,37.065342710790816],[74.14798665227814,36.9784492033929],[74.13940156240007,36.97491943226746],[74.01179185578626,36.916684949159674],[73.94935485156384,36.93648723951098],[73.94238010217106,36.9384860151206],[73.80357876286968,36.97407281841723],[73.78546267859294,36.977410388834336],[73.7668974519836,36.97830674854255],[73.72959664636495,36.97762409203584],[73.4085800433528,36.97152453691952],[73.40532595519922,36.97142094227421],[73.1106605996489,36.958281672760876],[73.098095529855,36.95713630880153],[72.97940725491183,36.94079849714439],[72.75869386079592,36.92470055043978],[72.61772163690837,36.91937333753474],[72.60038083002758,36.91761725676754],[72.58358633996906,36.91372562369726],[72.49199824227992,36.886112165508294],[72.48551226436511,36.88396599657065],[72.39296520551164,36.85054743187572],[72.30500185314098,36.830763859172166],[72.2361927676433,36.823926078662524],[72.21963371787231,36.821247668715955],[72.20376130293877,36.81660422315401],[72.1106171936833,36.78273524165236],[72.09388325241169,36.775195178910664],[72.07899558512138,36.765476604117424],[72.06639071730486,36.75386488821658],[72.0161171995196,36.6985986266216],[71.85940539418955,36.60934616464884],[71.76434502741081,36.56288602175294],[71.74692431296364,36.552362700584986],[71.73236970259732,36.53932292681953],[71.71254145275537,36.51762734602778],[71.63482707076881,36.525656311986054],[71.61473018071656,36.526255556572],[71.59482114402337,36.52394131913045],[71.57574741930061,36.51878881813572],[71.55812905438584,36.51096554785142],[71.54253836308388,36.500725788607696],[71.46792368525074,36.44189291410581],[71.45839274775365,36.433342044411454],[71.37984778028392,36.353001447859185],[71.23903966558028,36.23885000171404],[71.16524807911146,36.19306857993504],[71.1467679969155,36.17855011228014],[71.13291566099086,36.160987293873774],[71.0851371931538,36.081263230799905],[71.07720891436989,36.06344811070142],[71.07406430260819,36.04468803930432],[71.07583953373211,36.02581483204572],[71.08245264238174,36.00766478536833],[71.09360773043696,35.9910416402897],[71.12878884705803,35.94965962714823],[71.14349517285105,35.935665665024885],[71.16140465755878,35.92439159410672],[71.26686734093043,35.87097669163859],[71.30373814339114,35.83167778502802],[71.32644144316599,35.796575915854824],[71.37786501811057,35.68756807423677],[71.41181955405375,35.575882704601895],[71.42076114843823,35.55643180086333],[71.43494342156264,35.53917541194902],[71.46738312443254,35.50815143615914],[71.47830818477377,35.447689223292606],[71.47936280192407,35.44279263429361],[71.4838362025825,35.42493253036883],[71.47842425550921,35.41782649264362],[71.474046693515,35.411525502965304],[71.44761659024847,35.36961134844719],[71.43849187328082,35.349584380633125],[71.43541164442911,35.32837037760815],[71.435463429112,35.28872060337465],[71.43743327426442,35.271881505133],[71.44322724554961,35.25564521675526],[71.4526382511627,35.24058611083963],[71.48436667558035,35.19978719092001],[71.49370976567907,35.18773061541497],[71.46518245310621,35.16267080659874],[71.45436218423336,35.15150523849614],[71.44583328223536,35.13908270425348],[71.42000260597084,35.09327802815706],[71.37278693351665,35.02910090293281],[71.29402322642797,34.98251191735754],[71.2898013448218,34.97988236617191],[71.22581673914874,34.93795552866919],[71.21268281654403,34.927777949710375],[71.20176538409888,34.915969278084546],[71.13908094514198,34.8350058224576],[71.03378587850318,34.74325069385204],[71.0231602785653,34.73240396128894],[71.01469946173629,34.72033884385499],[70.97396337064824,34.650135266438134],[70.94675859745568,34.625308122712724],[70.91082170034268,34.608093608903324],[70.89447599131,34.59850145677455],[70.88053922330452,34.58660681784633],[70.86948210841626,34.5728122999718],[70.86167733989964,34.55758462795212],[70.85738711126916,34.541438774913175],[70.85675445376035,34.524920485775475],[70.85979865837902,34.5085877940359],[70.87313071559399,34.46450584498679],[70.87910292483343,34.45008536095573],[70.88793941095464,34.43670557179108],[70.9320162711836,34.38160855033909],[70.9449327463197,34.3683683563613],[70.98561215324052,34.33390120755837],[70.9836940857027,34.27619675746965],[70.98048379205652,34.20750797748816],[70.98043208080384,34.20194973171286],[70.9821931429683,34.13917290765217],[70.97134161960923,34.11987469190072],[70.81813892898894,34.06869412312428],[70.64370379976067,34.042148681088676],[70.42295161046506,34.04043069705093],[70.346525937485,34.0495076359524],[70.2848995793321,34.06220130584295],[70.0307925981383,34.13663421431489],[70.00945198342569,34.14090779780409],[69.98750733731131,34.14153408044246],[69.96585880662856,34.138487356340995],[69.94539429065803,34.13189256460736],[69.84024349787315,34.08732162988734],[69.82313241343948,34.07829112010593],[69.80835110433416,34.066777795734474],[69.79641620177803,34.05318481270462],[69.78774408260166,34.03798795786599],[69.78263641182876,34.02171890985209],[69.76118415255424,33.91208171651421],[69.75980029702558,33.896220817325265],[69.76180162467148,33.88040616338398],[69.76712378507587,33.865132113271635],[69.77559882897498,33.85087588349108],[69.78696064917877,33.838082674067],[69.97042025974936,33.665283072048375],[70.03871296957671,33.57809633797395],[70.12075570235909,33.41916368984105],[70.1285659339612,33.40676495018578],[70.1689447849957,33.35320523827126],[70.16670193439512,33.34538532673316],[70.03370892453916,33.27457865490274],[69.88556725988161,33.20003887811412],[69.69314834943413,33.18421921207142],[69.67596265050089,33.18159728788842],[69.53990247975227,33.15100209217661],[69.51946724893025,33.14445986557485],[69.50104255813392,33.134581734612816],[69.43481313123827,33.09045621931292],[69.41753569185056,33.07594678422738],[69.40463188357128,33.05853377179706],[69.39677048627784,33.03912324029276],[69.35222583503808,32.86617498972136],[69.31266210171908,32.810204252527534],[69.30431118173455,32.79548318832627],[69.29926166631401,32.7797360588789],[69.29767801622656,32.76348115430075],[69.29835646334713,32.70038445022218],[69.26889125391682,32.64094796007429],[69.21373095756633,32.59349251936403],[69.20113182718228,32.58038022085343],[69.19166359312918,32.56551469898511],[69.1432138850163,32.46845731503455],[69.1363034600223,32.44825840180267],[69.1351396924881,32.42725749522273],[69.15045931709146,32.2435295928637],[69.17100273544929,31.965713688887476],[69.1057572472828,31.8958953677359],[69.01075667598572,31.804671704884747],[68.92181585951187,31.74699208668375],[68.85841213169039,31.72687638696629],[68.83461672114431,31.73023045804554],[68.79667286412142,31.76430438385288],[68.76131506022769,31.80953338861758],[68.74827587480097,31.823114590926988],[68.73238062943663,31.83428668527953],[68.65676153101337,31.877582637527066],[68.63993025382135,31.8854263677664],[68.6217058795785,31.89055810959016],[68.60268884602775,31.892808747480977],[68.58350593059558,31.892104106182703],[68.50648096971207,31.88325759705012],[68.48556670241601,31.878974495328254],[68.4661065645025,31.871187060842853],[68.42006959884925,31.84761917913766],[68.34837462716526,31.855270497892594],[68.25665586575819,31.88966300143681],[68.2395716649294,31.894630795385964],[68.22174100880987,31.89705969375222],[68.20368367055174,31.896878897901086],[68.15070352599955,31.892480477541962],[68.13222413626838,31.88951651241093],[68.11465574009945,31.883821443898345],[68.09855356394826,31.875575330581814],[68.08442612605913,31.865038823338296],[68.07271910451703,31.852544867099546],[68.0495458884307,31.82270164034644],[67.95588431714474,31.75194895816094],[67.70792947185295,31.635898580345398],[67.61641332641969,31.62826444962726],[67.59694398069131,31.62503823333838],[67.57852919308557,31.618766370653457],[67.56181994716117,31.60967068483833],[67.51327134380271,31.57737054619813],[67.49794580619545,31.56485730851542],[67.48587357135003,31.549982748591166],[67.47754210760863,31.533349518159426],[67.4732867515756,31.515631185165073],[67.47327741547001,31.497544871918695],[67.47751207150264,31.47982218623945],[67.49689880293282,31.426663537426023],[67.50700529985886,31.407323169155045],[67.52212568029383,31.390533694217645],[67.55500432325056,31.361766439242377],[67.55015510057474,31.3591360865946],[67.42890350753828,31.322754976478176],[67.29003167611864,31.30866322429847],[67.15909459312448,31.327842041527703],[67.0914550303969,31.371817279840517],[67.07388376330887,31.381060159086054],[67.0545363955409,31.387198224359338],[67.03415735665494,31.389995250308125],[66.9306416762032,31.395369911818378],[66.91183008322554,31.394900507047875],[66.89341809603582,31.391579284067173],[66.87599479399586,31.385512538516313],[66.78091865228471,31.34353366817772],[66.76229306356143,31.333020661261802],[66.66432356692198,31.263829306988132],[66.65204436714538,31.253593386557707],[66.64187756688663,31.241786832596983],[66.54032070030912,31.10085144599054],[66.5213605516297,31.083440877453196],[66.50488907197814,31.070151099036405],[66.44758127105574,31.04370268659458],[66.442784878656,31.04134553411942],[66.34254157044342,30.988958926123505],[66.32464562657431,30.977150612701642],[66.3101185571007,30.962330490285574],[66.2996332873011,30.945186834214432],[66.24943585280126,30.835727289620255],[66.24563606870574,30.825759296408158],[66.18586712731765,30.630843857316496],[66.18268516503144,30.6143124275289],[66.18312438700895,30.597560007144406],[66.19673401164161,30.49681723184009],[66.20110320836942,30.32729306470731],[66.18122867067949,30.219302685948424],[66.14352861622707,30.14626012199042],[66.13753528538821,30.131154998181476],[66.13472841398705,30.115371554749128],[66.13519504098711,30.099407903937948],[66.14395398337527,30.033303176680082],[66.14773765904854,30.017478007280346],[66.15473141483831,30.002494759699484],[66.16470813550205,29.988837047754355],[66.18970466077391,29.960584835241008],[66.16318967336322,29.93469692303962],[66.13320388160683,29.918023086711834],[65.93158202514171,29.86494573651087],[65.63661017723868,29.78746008802797],[65.44190089279078,29.737823925107165],[65.15353539227188,29.664438173091348],[65.0808027664708,29.64888797642691],[64.9240637586614,29.642944473709697],[64.84196732972974,29.653135822850594],[64.83029314605143,29.6539987300203],[64.70635365075137,29.65697692491639],[64.70190894670111,29.656998617726778],[64.51932310915248,29.654353854471076],[64.50263502821112,29.65291935277884],[64.37518372048144,29.632731628385077],[64.36079192727702,29.62950113514825],[64.23306158748518,29.592063578676946],[64.21495946039593,29.585000243479588],[64.12096854528654,29.53837975411127],[64.09996283733341,29.52459230897629],[64.0669087940777,29.496469541207464],[64.00450581233943,29.515080100180153],[63.99085613661292,29.51825768845303],[63.58709004124604,29.586224841075424],[63.55838534660244,29.58747212429413],[62.4812796543525,29.498983568981007],[62.39924814337787,29.512533203203322],[62.033001743977735,29.615792042087364],[61.55351966089473,29.751032208129757],[61.256811137622705,29.834663228219306],[60.875867609947,29.94389755039197],[60.855698041843866,29.947769648634473],[60.83503831026035,29.948107518307417],[60.81470954185533,29.94489786234068],[60.795519544083646,29.938268371419994],[60.77823046967005,29.928482589354903],[60.76352837244417,29.915929346904708],[60.75199589814302,29.901107201875078],[60.7440892105658,29.88460452556708],[60.740120063870506,29.8670760488234],[60.74024370685867,29.849216818041416],[60.744453057064064,29.83173460771947],[60.75257932379842,29.815321888619327],[60.764299001771825,29.800628458774664],[60.95514547849796,29.605483605862435],[60.9553058565021,29.60531953003754],[61.07328939120069,29.48468934607521],[61.07342311322779,29.484552652958744],[61.23024595601819,29.324184150848456],[61.23587340451373,29.313314171417236],[61.23483056998542,29.266698019247237],[61.236150062258,29.250531554247676],[61.24078738486174,29.234837962255444],[61.24858988659537,29.22012887316801],[61.415596657436616,28.967142555681942],[61.4730585733649,28.838293119777564],[61.480690281268316,28.824683134751574],[61.535025584050075,28.745426247582433],[61.54883073619633,28.729576116760253],[61.68378861969644,28.605727179432108],[61.683897626513925,28.605627107209845],[61.81573066041431,28.48455925124071],[61.830955633812266,28.47306124196554],[61.84844967757395,28.46439837458728],[61.99151580542209,28.40892161310352],[62.01849318775502,28.40213900283874],[62.10715467324812,28.391044609990413],[62.306178534310405,28.333733685460185],[62.36519826591213,28.296606206735184],[62.48838144314316,28.17533213159996],[62.50293838912282,28.16351830576518],[62.51981551857003,28.15440609942218],[62.53837694024184,28.148338637345354],[62.55792375562127,28.145544386040093],[62.57772020679154,28.146128604923867],[62.654679559583634,28.155012540608443],[62.63842232235191,28.010847637727764],[62.63966942474842,27.985404635144032],[62.6815170941538,27.788235764104744],[62.70985346804764,27.501357486441428],[62.70289715267504,27.4684117369107],[62.66931699666775,27.38772664075883],[62.664878340321664,27.37359737419802],[62.6630897600303,27.359019684256502],[62.66168201194036,27.31231492506265],[62.65463611639618,27.287289290411138],[62.65174388312319,27.2700221619884],[62.6526664949734,27.252590397245033],[62.657367288194266,27.235652279211074],[62.66566712927065,27.219847142060384],[62.67592840167038,27.204424382090636],[62.68762349157532,27.190234084574506],[62.70221009960119,27.178347462395948],[62.71912790462747,27.169220491585175],[62.76773068747915,27.148483310570384],[62.78322631696065,27.143212718281642],[62.79948726119882,27.140269553634568],[62.90321025570993,27.129239863333545],[62.93059743378453,27.129640883186298],[63.155121009111156,27.160096103427644],[63.17754954600776,27.146665447637226],[63.1773977826003,27.146552541263105],[63.163967113019574,27.134469126632847],[63.15333123483935,27.120357342582544],[63.14586933647768,27.104721948879387],[63.1418467230737,27.088121943034295],[63.13127546729943,27.008576371827687],[63.131591407400784,26.98531633911595],[63.14230148864999,26.918532993998436],[63.137737927497106,26.91629737152292],[63.12150591292352,26.906396302353613],[63.107735908825184,26.89387830799508],[63.096951375723684,26.879220226364858],[63.08956156885077,26.86298016707606],[63.08584610167576,26.845776177800367],[63.07306308264203,26.723005015652177],[62.790945820047575,26.733624072053473],[62.77178831428619,26.732689361850344],[62.73670293329118,26.727947915064547],[62.71105958967804,26.721280521262646],[62.60672223734911,26.680034431953835],[62.421087029279455,26.649306446712973],[62.40374874974232,26.644959670488817],[62.34951613352758,26.62653497451615],[62.33546956550331,26.620614372794115],[62.322607448787316,26.612834024353006],[62.249841073958535,26.561040380350104],[62.23173311707415,26.544287498323015],[62.17912148778739,26.480877365230953],[62.167082814538325,26.461928334481687],[62.165003001526614,26.45530900530001],[62.13791742847033,26.458156519345938],[62.119352380188204,26.45855710046432],[62.10101488624143,26.455888670729802],[62.08353420886294,26.45024290247985],[62.067509967147956,26.44181362242108],[62.05349145515041,26.430890103429046],[62.041958745980544,26.417847068797727],[62.02282986652082,26.391534097299623],[61.83384602080308,26.326122293889497],[61.814123677458674,26.316914063656984],[61.78667421176987,26.30039776868864],[61.77281070154736,26.29034599051568],[61.76114899824777,26.278258559262028],[61.75205725074803,26.264517983332617],[61.719676736052584,26.203853043502356],[61.711024645671586,26.178724897464303],[61.68198179378482,26.009312305532923],[61.65959125038131,25.879158763280618],[61.60462485925079,25.837651687247348],[61.59196124327342,25.82619098215758],[61.58177900100404,25.812882302948857],[61.57440651732141,25.798156208160464],[61.567584375862786,25.780428152715288],[61.56252393873301,25.759429468002107],[61.56314810024404,25.737965826077378],[61.569823544791845,25.69712248566414],[61.543771853327286,25.60700153258743],[61.54082488937038,25.59097364595392],[61.51716966864221,25.302122625753938],[61.50106865389799,25.25301117508032]]]}},{"type":"Feature","properties":{"name":"Nepal"},"geometry":{"type":"Polygon","coordinates":[[[80.56301855118664,28.553974435656688],[80.60740426202774,28.525864674809654],[80.65861326844966,28.486380637543956],[80.66996693485385,28.478783570028572],[80.69456525615495,28.464584393786062],[80.70103546410655,28.46114212615355],[80.84627030005524,28.39005091429019],[80.84640408704105,28.38998542383531],[80.96684745632673,28.331042546284696],[80.96697951927932,28.330977932858204],[81.0993735770435,28.266208969458955],[81.12076522563424,28.240077238030537],[81.15120705314575,28.194966834945117],[81.16617870567408,28.177849640281355],[81.23805289350594,28.113385870407047],[81.25030212924759,28.104011406808286],[81.42543876656231,27.989927602755774],[81.4324538760398,27.985734890061785],[81.5819485465085,27.90402573308908],[81.70357284185208,27.83742123114127],[81.70795538637103,27.835149642159095],[81.80331542296814,27.78845499055869],[81.81937899545794,27.782117748947382],[81.83643612642761,27.77832291067877],[81.85397722875571,27.77718385412795],[81.87147835443244,27.778734626570788],[81.91568171297175,27.78610089252217],[81.93231716832626,27.7901887478826],[81.94793265582463,27.79670586908729],[81.98933001136614,27.817944069151856],[81.99171175079252,27.818757299974852],[81.99779113487331,27.8171314912613],[82.05858246080824,27.788205507628483],[82.22954138578692,27.68280777307388],[82.23648694968752,27.678877964330226],[82.40007945141046,27.59422094701725],[82.41935077064642,27.58649090347688],[82.44001049774909,27.58246718366083],[82.46116269584473,27.58232429041759],[82.60300737028638,27.59444709738916],[82.61407477261,27.569125288821475],[82.63521539471107,27.496541630491063],[82.64253875455385,27.479089621170456],[82.6537545065624,27.46334957422513],[82.66838073537126,27.449995638668582],[82.68579013663211,27.439599547833996],[82.70523692385147,27.43260626475862],[82.90450632457592,27.381327675607462],[82.91311707900816,27.379462873080225],[83.03878690635511,27.357304496628096],[83.17705630864731,27.318323461792737],[83.2470802183606,27.289441878845395],[83.26502216669756,27.28378842947314],[83.28383717208146,27.281219288221187],[83.3028608363762,27.281825181189024],[83.32142144187415,27.285584726611187],[83.33886349997717,27.292365182763877],[83.41851234493949,27.331594421992136],[83.43332285128052,27.340482996292106],[83.44614559431375,27.351545541259597],[83.45658089892439,27.36443782514805],[83.46160013785259,27.373746478494382],[83.52982532789586,27.367877343928892],[83.71359542866696,27.311041696139334],[83.72252249229115,27.308676479716677],[83.8042972608848,27.290575895780062],[83.82431874257405,27.287988654586044],[83.84451930853356,27.288990199410947],[83.86409332542976,27.293540592844057],[83.88225996884903,27.30145835356378],[83.89829417085026,27.312427643411173],[83.9468344636258,27.353085068052124],[84.04787296302939,27.374100544822255],[84.07050683232023,27.381408465623043],[84.09055836573573,27.3904022748097],[84.18331835233421,27.347923984700888],[84.19582748726059,27.343106053513036],[84.44376509529133,27.264474120853304],[84.53851342250677,27.228211843562523],[84.54634720595787,27.215712033153547],[84.55358144322892,27.19201793915118],[84.55280426830934,27.092364250991313],[84.55416346896595,27.07702305598623],[84.55843926541755,27.062112578546675],[84.5655053861098,27.04806915398423],[84.59707663219508,26.997406315738278],[84.60846695793346,26.98275511571315],[84.62287257301885,26.97039199393527],[84.63972770004288,26.960801714926315],[84.88660445733899,26.848975323139424],[84.9649316546579,26.80327389459067],[84.97933602305949,26.796283587330826],[84.99481804041497,26.791469645202074],[85.06195731625041,26.775905432624107],[85.07108289601402,26.774626292768982],[85.07791553762758,26.754952780958455],[85.08436814892272,26.74076776606348],[85.09341938376046,26.727765014813457],[85.10480636586247,26.716320923754537],[85.12248154781695,26.70133985069853],[85.13842724109865,26.690307711011577],[85.15651107631854,26.68233469937447],[85.20491698831188,26.66613644581235],[85.22072720901038,26.66212218885519],[85.27342241163335,26.652804090832852],[85.29220808773628,26.651091628712628],[85.31102046980435,26.652544277958487],[85.32919842818661,26.657110974155085],[85.49256857812159,26.713270142040788],[85.49598741934341,26.71450736645938],[85.58164088254999,26.74711077212862],[85.59979015416882,26.744651598122122],[85.60309979211665,26.74160762679069],[85.60724030820766,26.70392090220166],[85.61293201960643,26.681692404178985],[85.64286899643757,26.60881222087974],[85.65185115050386,26.59234374031041],[85.66437608480125,26.57784321148237],[85.67992335881577,26.56591166842827],[85.73713076116867,26.53033984853539],[85.75271459532499,26.522386636669076],[85.7696278747408,26.517036869725036],[85.78733275038971,26.514460597686],[85.84841729742769,26.510509556816036],[85.86951669969986,26.511128251463532],[85.89000600330553,26.5156752944799],[86.00818383653625,26.554005486061886],[86.09660240817556,26.5267287163896],[86.11585626208439,26.5226244235439],[86.22439804083892,26.509355095987917],[86.3360476837355,26.488212559035645],[86.37178345847337,26.474822618865698],[86.49720025550782,26.416296942464903],[86.50395851191267,26.413419899338248],[86.66158200111158,26.352530609025912],[86.67850662885935,26.34752287237637],[86.69615067271513,26.345274389943626],[86.71395881110989,26.345855892201435],[86.7750439292256,26.352735434117225],[86.79167303871132,26.35590425967728],[86.80746636278094,26.361541609650953],[86.97815748571914,26.43789527778265],[86.99721342468574,26.397955364207014],[87.00795503375572,26.38086999243461],[87.0225711579129,26.36627304437029],[87.04036649793532,26.354857475126877],[87.11757770207569,26.315921119704743],[87.13683447521088,26.3084554717243],[87.25735877320183,26.274549114674638],[87.27725034114506,26.270873599755202],[87.29755722436764,26.27086332205897],[87.31744843949221,26.274518647025083],[87.3361099205177,26.281689944179934],[87.42997638101058,26.32830570728995],[87.49327721773894,26.31686863495882],[87.50775169269713,26.315219013267246],[87.6279687293119,26.309367710604675],[87.64495804756966,26.309824857691847],[87.66161609118427,26.312844275808164],[87.767368536382,26.340495230185496],[87.83329838755964,26.34550269337414],[87.95647879526315,26.299451286683],[87.97597632786233,26.294157436841587],[87.99626143659354,26.292499539193635],[88.01649931943925,26.294545749000346],[88.0358571360232,26.300211798587334],[88.06767372556169,26.312850020949778],[88.08323513216769,26.320574920600283],[88.09702852691024,26.330641625693055],[88.10862008517384,26.34273387113489],[88.13656102560398,26.377725813080076],[88.1445306689244,26.389519994028753],[88.15039221739647,26.402268074823066],[88.20714766305818,26.558621306343717],[88.20719683587228,26.55875691150448],[88.25729970237215,26.697097140371387],[88.26129643901392,26.712797639834708],[88.26209110495606,26.728884710695546],[88.25786972106194,26.811404120687474],[88.25264077654523,26.836160893443807],[88.20654379683339,26.957332678427186],[88.19503505675148,26.978196233217606],[88.08934949408561,27.119692883486877],[88.08647395246626,27.135426203465848],[88.12385299995219,27.392361340230295],[88.16422340788453,27.538146118772083],[88.19828313835374,27.60583912748549],[88.20156941698932,27.61322656420831],[88.24305734827395,27.719981594756707],[88.24771927873411,27.737497274412085],[88.25508814006412,27.78695328412931],[88.25564845594675,27.80572831453949],[88.25168641192762,27.850358807288494],[88.24779720313151,27.868890001288687],[88.23961743568586,27.886297675713486],[88.22750512683666,27.901815648422033],[88.21199201510588,27.914760576900342],[88.17145535246829,27.942073224490397],[88.15021826562105,27.95306814241439],[88.12661029739235,27.959237893020077],[88.04011592756633,27.972043839505986],[88.0328325711262,27.972882521825557],[87.9428168295758,27.980313176825213],[87.92591919199737,27.98045858960245],[87.85320257774556,27.975720541386163],[87.83734671989947,27.973563549649256],[87.82207293984176,27.969233318062923],[87.65694730591044,27.909232011481883],[87.6222925070931,27.905660219403682],[87.56651980101586,27.911163126393014],[87.55782419789021,27.911687326583866],[87.46663532102363,27.913693199935864],[87.46295388707077,27.9137140732368],[87.29637427080182,27.911893453501282],[87.18391006516443,27.924262714258962],[87.08571598750629,27.99741132999486],[87.06727785497509,28.00833459263376],[86.98090508222859,28.0481604436062],[86.97006574307116,28.05246280116768],[86.87859993157062,28.083201441284903],[86.87008358014162,28.085687112334842],[86.81875955230856,28.098474050243965],[86.80863613341928,28.11447858126277],[86.80009463420936,28.12585388908411],[86.78969771127011,28.13595823716816],[86.76059468836185,28.160241162731047],[86.74341200989123,28.17179304658082],[86.7238508920574,28.17989321399195],[86.70279068312358,28.184177294332375],[86.62665438874781,28.192290435376883],[86.60401381415255,28.19246524107699],[86.58188841266882,28.188232689395548],[86.52188425940804,28.170397301481483],[86.50370377528643,28.163173445172237],[86.48746851415846,28.152967869503883],[86.47379961681712,28.140171394254555],[86.46321941331172,28.125273917567227],[86.4561314724513,28.108845565630457],[86.42959297489338,28.02273368415103],[86.42198523638697,28.021647352435856],[86.37676083946593,28.039074031897446],[86.29462476543341,28.085530062931475],[86.26340280467942,28.13527723078623],[86.2497889562026,28.152064685853993],[86.23218806191637,28.165671926792758],[86.19496829477276,28.188343903893873],[86.17802291836931,28.196682759729228],[86.15959037863402,28.20204106673255],[86.14033893158137,28.204224482218546],[86.1209667591441,28.203153787572028],[86.10217646717935,28.198867786709272],[86.084649415283,28.191521892474093],[86.02632043878367,28.160739052384127],[86.00999152104703,28.15002645863796],[85.99640421751873,28.136667344187817],[85.98609941880567,28.12119458457402],[85.97948653445506,28.10422512932264],[85.97776314032608,28.09269651681798],[85.9317107505709,28.17512987442271],[85.91859828420071,28.19291754531808],[85.83785811574782,28.278265453996173],[85.82302869593647,28.291027736836256],[85.74185725466398,28.347852651191673],[85.72237667620504,28.358571594063896],[85.70066406383728,28.36518685609197],[85.6778191898427,28.367363231336792],[85.41516601557122,28.365981496852935],[85.23159355127206,28.381337100647514],[85.19929900527758,28.389751174514306],[85.21902166117775,28.45664238442091],[85.25559346332113,28.539310533055822],[85.26120498583988,28.55734006488453],[85.2624530446905,28.57599897947704],[85.26139878780428,28.596360594194934],[85.25852950000315,28.61379085694735],[85.25184381777773,28.630395630788076],[85.24159663746997,28.645537546981895],[85.22818002511447,28.65863512438034],[85.21210832491921,28.669185183208995],[85.19399846834763,28.67678227214111],[85.16126080872496,28.68719181070406],[85.14060328241987,28.691693597722168],[85.08332988164138,28.698730929499085],[85.0614557852778,28.69934341324793],[85.03993271475449,28.695866405309825],[84.84659130928797,28.645252673024377],[84.83037079602427,28.64708982082123],[84.81066367754457,28.65709779954061],[84.79841023972132,28.662395335330146],[84.7665150994469,28.673928604512135],[84.75488056685235,28.681991509742797],[84.73835193136884,28.70603889153203],[84.7282410401994,28.718282467298188],[84.71593207237663,28.728866612516583],[84.70177288068602,28.737491690991664],[84.52976827179495,28.82425598219689],[84.48553716832541,28.86550688846635],[84.47203350004757,28.8760531027098],[84.3733702940665,28.940306315110192],[84.36487285998045,28.945278828017436],[84.31242310314947,28.972750019964234],[84.27238502784961,29.06683931887991],[84.22511028381678,29.185836667679624],[84.22466522969202,29.186932646796915],[84.19825207146168,29.250623330116376],[84.18978235910392,29.266183942332255],[84.17806440424414,29.28004929757391],[84.16352758194547,29.291709909415623],[84.14670539827314,29.300737148999723],[84.06726408947738,29.334649431289016],[84.0553500383968,29.3389474549469],[83.96925221806116,29.364603365854588],[83.951300956055,29.368420594476728],[83.93285579894484,29.369383809560336],[83.9145097377521,29.36746204731497],[83.89685255220198,29.362717090652467],[83.75243354815505,29.311049583409503],[83.64944578970766,29.27666749088848],[83.62717932433753,29.275652330154482],[83.53833450875432,29.36165406396023],[83.44114388496602,29.489000636912984],[83.43181498454308,29.49944694238481],[83.31180961227753,29.6149442571662],[83.30160839664289,29.62348870541917],[83.22190467048412,29.681583292632382],[83.20322007641717,29.692422564437855],[83.18228089470577,29.69950130265247],[83.16007553857278,29.702485270324562],[83.03926818836901,29.70712084831643],[82.90940320066287,29.76026049386161],[82.70613647533679,29.901037272559236],[82.55251782795503,30.010902336384337],[82.53535388742401,30.0208481746853],[82.28225101096176,30.13739713313459],[82.24502394497645,30.16837006386538],[82.23151663366738,30.193443308012192],[82.1967009832594,30.275906554993657],[82.18872206598725,30.29054204606336],[82.1332016918906,30.372269271329465],[82.1205248630076,30.387159178576994],[82.10458567645458,30.39949941071997],[82.08605707992933,30.408768193095792],[82.06572222651336,30.41457351157433],[81.87708666346244,30.450245634143638],[81.86904970698149,30.45147726592017],[81.65587354202425,30.47659382419679],[81.63579454394592,30.477258878165916],[81.61594252110595,30.474591402606805],[81.39105442671382,30.42464292663953],[81.37160937443477,30.418469983377268],[81.35396927858211,30.40910004630295],[81.33883194502168,30.396904120156588],[81.32679546938584,30.382364929134717],[81.1747884361053,30.15302437793896],[81.15223687876288,30.13756331569919],[81.14179678374387,30.14941233621462],[81.09953805946157,30.210597096014787],[81.0860882998733,30.22601243332402],[81.06913710182258,30.238592007062085],[81.04946618615743,30.24775492414192],[81.00529374100698,30.26329385293637],[80.98722141515196,30.268048310019243],[80.96845239645607,30.269902447902815],[80.94960623461024,30.268795104323473],[80.89106019169111,30.260681783789927],[80.87098974640811,30.256082277825858],[80.85238079481381,30.24813073370795],[80.79288297679601,30.215927994347712],[80.78137706654978,30.20870312393174],[80.75314921971196,30.188279185507398],[80.74416396277579,30.180946920093618],[80.61759083411486,30.064403892474285],[80.55783852859281,30.03209400076949],[80.53898219429475,30.01901686981299],[80.4751179009089,29.962928363674965],[80.46613451220578,29.953905823839293],[80.3190336140122,29.78428636237228],[80.30798315014506,29.7682925768004],[80.22314189949041,29.610034727258004],[80.21967290368899,29.60272886524465],[80.15778717920467,29.45395861067656],[80.15310083031126,29.438483761160246],[80.15164324330436,29.422529855403752],[80.15273765977854,29.324854416394704],[80.1355527532502,29.231972224149153],[80.0979679306677,29.19029820266226],[80.07129315000626,29.17395134616984],[80.05579075639493,29.162274197196414],[80.04324697183414,29.148149145973438],[80.03415729748241,29.132135679740287],[79.98834559567078,29.025904168223985],[79.98440356588632,29.014518391587384],[79.95160832230327,28.890621093326853],[79.94898598443733,28.872164847578656],[79.95076089520774,28.853630869930896],[79.95685478260225,28.835812687422543],[79.97592673177063,28.79569090362929],[79.98402407366824,28.78206325304112],[79.99465031112967,28.76984132868352],[80.00749468493197,28.75938165473334],[80.08637687235965,28.70531543565121],[80.0864740243848,28.705248864603153],[80.16340381883138,28.652549724531312],[80.17009147599316,28.64833226104482],[80.26833794725485,28.591410709703474],[80.36204724727118,28.537054234864918],[80.38259828391918,28.52785341554452],[80.40497110926668,28.52292315457615],[80.4654674036963,28.51579865071516],[80.48694291025919,28.51526098614139],[80.5080739107803,28.518669105945182],[80.52793148380745,28.525873271670335],[80.5456422567498,28.536556825458046],[80.56042660765665,28.550250007300868],[80.56301855118664,28.553974435656688]]]}},{"type":"Feature","properties":{"name":"Maldives"},"geometry":{"type":"Polygon","coordinates":[[[73.59843814710008,4.138268278753083],[73.60527627550232,4.160581566049947],[73.60847308831593,4.17535950598288],[73.61083787023739,4.193634259369728],[73.61428565057763,4.20654223132763],[73.61699365916066,4.221995528996056],[73.61816716515418,4.235619389726337],[73.61779359169836,4.254535690659796],[73.61345974748588,4.272955385628077],[73.60535719878007,4.29006315965486],[73.5938443854618,4.3051017189428755],[73.57943078883726,4.317405326320929],[73.56275439634918,4.326429289404424],[73.5522064918323,4.330774727949724],[73.53562708144062,4.335808066922675],[73.51838816393754,4.337585928287431],[73.50112652109922,4.336042639731586],[73.48447977541821,4.33123520675183],[73.46906281354322,4.323341205037568],[73.45544505380957,4.312652215094719],[73.44177395463343,4.2996142022059995],[73.42908707139621,4.2845331018237065],[73.41999495684786,4.2670605382546505],[73.41349617938408,4.250301499530755],[73.4040554426597,4.234780666725592],[73.3993439064641,4.225964636720547],[73.39124029104295,4.208531855584998],[73.38495954482002,4.189924186850872],[73.38287755479637,4.170400582224628],[73.38509325502385,4.150891614490073],[73.3915007444923,4.1323270953061995],[73.39706765542034,4.120560630718381],[73.40528954643146,4.106597891007203],[73.4158881760301,4.094331978837798],[73.42851990690312,4.084160481329146],[73.44277524790164,4.076413084731719],[73.45819212504726,4.071340895876431],[73.47440149175982,4.0675812870682035],[73.49054788510031,4.065345161031023],[73.50683402331819,4.066045397371916],[73.52272766505297,4.069659111055389],[73.53770938431663,4.076068200714705],[73.55509118810285,4.085442332680708],[73.56962166432315,4.095208780237743],[73.58198433990003,4.1075938861731185],[73.59171232387206,4.122130012620372],[73.59843814710008,4.138268278753083]]]}},{"type":"Feature","properties":{"name":"Maldives"},"geometry":{"type":"Polygon","coordinates":[[[73.48125148979636,3.1686312109247097],[73.49961056336622,3.187525925828509],[73.51216189217759,3.203815358893032],[73.52068184258098,3.222524531282595],[73.52849576993526,3.246693798544246],[73.53206607975503,3.262472893141606],[73.53274734594659,3.2786353140591236],[73.53051738066883,3.294658119875183],[73.5254481951903,3.310022859333272],[73.51770368818343,3.3242323486286445],[73.5075343582606,3.336826763824426],[73.49249542977299,3.3523558283701993],[73.47795832160875,3.364501505840803],[73.46119678482741,3.3733411782070255],[73.44295314398079,3.3784833274803168],[73.42403541968991,3.379700197555981],[73.39786193690195,3.3786260814410407],[73.38075183048713,3.376269200211208],[73.3644069341604,3.3706956401945365],[73.34942821042237,3.3621103380224424],[73.3363663501288,3.350828962044502],[73.31976447936427,3.333444780099036],[73.30800923366071,3.318137412641895],[73.29979427252712,3.3006795722516498],[73.29549732170801,3.281874415425851],[73.29256962078885,3.2569711561688983],[73.29222504366898,3.2395357021089892],[73.29525724323398,3.2223616745630728],[73.30155203536768,3.2060948116066537],[73.3108725946412,3.191346709962728],[73.3241550745263,3.1742587383663343],[73.33651602101823,3.1612674711994444],[73.35121088786588,3.150980926954719],[73.36765631653059,3.1438074157488014],[73.38519951028732,3.1400316731196027],[73.40314413143204,3.1398035663821444],[73.42443118817067,3.14165837762938],[73.44022861644675,3.1444671863716733],[73.45527633108821,3.150030244909604],[73.46909682099196,3.1581710284036206],[73.48125148979636,3.1686312109247097]]]}},{"type":"Feature","properties":{"name":"Iran"},"geometry":{"type":"Polygon","coordinates":[[[44.0628778325995,39.102164605450845],[44.058135627924386,39.07362780400486],[44.04982947823051,39.04843882683462],[44.04090720582238,39.03441155023744],[44.03293800091736,39.017963348711575],[44.0292756403416,39.00060764030008],[44.030058340119126,38.98301395255315],[44.035252815658865,38.96586053358371],[44.06159746659716,38.90587660927125],[44.075258982783254,38.88451294292666],[44.136922602673366,38.813418143737834],[44.15213196012517,38.79988537442147],[44.14239113865028,38.70853136890114],[44.142637548542154,38.69166434771478],[44.14693245251672,38.675116630793546],[44.16803483538426,38.620655470865564],[44.18266758591682,38.55254174351496],[44.17630156070378,38.424050019387565],[44.17802409575557,38.404704725808614],[44.18578704072156,38.370875881356014],[44.19190775913871,38.35393475446761],[44.202126115512236,38.33823925257501],[44.216047239973896,38.32439238921402],[44.23313486775394,38.312925903049496],[44.25421665814796,38.30136416311485],[44.27059995285647,38.293869693546036],[44.277201226478844,38.291902267192434],[44.272575062138415,38.283825609572595],[44.267616037765606,38.26749017673734],[44.260744789402004,38.22912976007763],[44.24103916708731,38.176630978627514],[44.22834548583993,38.15238486567385],[44.17372926489408,38.08963703862162],[44.16310040472825,38.074414475443454],[44.12412296631957,38.00275544051095],[44.117946052709904,37.98791119262496],[44.10045168289298,37.928769978415154],[44.097614368777464,37.91260316551574],[44.09855126148399,37.89628714013356],[44.10322890493848,37.88036322846252],[44.114883453106714,37.852493797140106],[44.123777380257984,37.8365795076935],[44.136385777579186,37.822301273470664],[44.152234722033086,37.81019378652697],[44.17072979015666,37.80071027536177],[44.19117832066668,37.794205658072514],[44.212815208048866,37.79092336219615],[44.2892711133492,37.785261155206996],[44.322998103757456,37.7619492827866],[44.335772670923355,37.75429456054142],[44.44422320756084,37.69821890504831],[44.440137623795884,37.69215319702605],[44.433633826409924,37.6743757507631],[44.43189979840879,37.655907857310545],[44.43271277468005,37.63408410808943],[44.43494882683291,37.618805913161545],[44.440450206424295,37.60404409575635],[44.449053567605326,37.59023221114485],[44.45883619165529,37.57741602796878],[44.463296889850916,37.555869842663185],[44.460093693022515,37.51194596002494],[44.45991234351531,37.50579164339007],[44.46089391713415,37.434801478097604],[44.46304629281044,37.418336581659965],[44.46897570410581,37.4024542578947],[44.47847822997615,37.38769487926164],[44.49122889624803,37.374560351984464],[44.50679291896791,37.363497131436546],[44.52464057648825,37.35488114025019],[44.5448941425067,37.34702479136671],[44.63954227479044,37.290273427755274],[44.66523625739629,37.26859674812502],[44.66060720343954,37.26224307102926],[44.65093681492197,37.244971671979904],[44.64605444973575,37.226459799488595],[44.646174274440554,37.207532645036935],[44.653418549771494,37.155678981350064],[44.652861731151134,37.15065347540004],[44.65248641347525,37.1398648740049],[44.65279004575868,37.1324436494508],[44.65484500991828,37.11806391689175],[44.65977627469299,37.10412634090662],[44.69071737322981,37.03763074780339],[44.77197114164185,36.77794049675773],[44.77957085420234,36.76099723403067],[44.79123707509263,36.74559535194048],[44.806499466447555,36.73235305762719],[44.853459897108685,36.69898206619306],[44.86643069926184,36.691026467661224],[44.90424181928702,36.671131705475304],[44.91785966085153,36.6569839954844],[44.92099398099345,36.6486172678285],[44.917654594818075,36.60313139070363],[44.91748345391853,36.59609027476888],[44.91924362541006,36.52461156598457],[44.92079275139214,36.51139185248127],[44.924755884940936,36.498494710925485],[44.9468879366803,36.44407325538403],[44.95704856587112,36.426066077273326],[44.98774155901717,36.38448877795314],[44.99744366123228,36.373348662984924],[45.009120848827465,36.36350747105194],[45.03772689613745,36.34277204397529],[45.058302164865474,36.330940378937534],[45.08164394354854,36.323122494077865],[45.106558356805664,36.319718286940564],[45.13828558076935,36.318308818593],[45.13899327852101,36.31746600529785],[45.2431547678197,36.03250359661575],[45.253132438559525,35.99616751160504],[45.26034955806913,35.97863798274029],[45.27184930042371,35.96266315538439],[45.28714325288483,35.948918408958825],[45.305583567333535,35.937984582495744],[45.32639041951602,35.93032358516568],[45.37243969169995,35.91778535752674],[45.395128840993955,35.913674188943546],[45.4183683743715,35.913466272842896],[45.462838948557405,35.91683779449157],[45.50407203166913,35.90022667152856],[45.564667787618,35.86476565312363],[45.632317330858704,35.78573885025471],[45.64758448305919,35.771380464275744],[45.66621922632544,35.75992603298178],[45.687393344507704,35.75188407659781],[45.74027177831395,35.73705290718938],[45.76377525337196,35.73269904810847],[45.78787341224171,35.732561625202365],[45.942777092775216,35.74530045459282],[45.9691428744331,35.74358708697921],[45.965861601614364,35.74174433607596],[45.95111085505037,35.72949176495018],[45.93951234087986,35.71518486112005],[45.89719083426352,35.650114713656926],[45.88727331893163,35.62846144037379],[45.86345438421231,35.54451082302774],[45.86095636394643,35.531177038893865],[45.86094817977924,35.51768595246713],[45.86530776112869,35.47032951022024],[45.869611219089485,35.451346307515024],[45.87880117493631,35.43354190119343],[45.914093937548415,35.381568607961135],[45.92467885895095,35.3687176039523],[46.006629289168146,35.28553486536935],[46.00848286580055,35.27339434338792],[46.01180319718171,35.26002637511137],[46.02983141043379,35.208042091756106],[46.03486241716566,35.19656174779478],[46.03897260405768,35.18887053970248],[46.03758487865501,35.18426312568908],[45.98674872466014,35.15801185368655],[45.86979087070921,35.108014341406005],[45.85258152884927,35.09887192115741],[45.837766159668526,35.08726906024768],[45.59507392517896,34.85703369167335],[45.58199492179229,34.84154307781805],[45.57316339443572,34.82415147775461],[45.55515609559183,34.7744812308719],[45.55169022165498,34.761408989707775],[45.55063581215202,34.748056822130444],[45.551626790615586,34.6662227270947],[45.51613238845221,34.67040144987264],[45.49350773773716,34.671116595289874],[45.47119625304328,34.6679885452531],[45.4501575727113,34.66115199865546],[45.43129603274513,34.6509010961554],[45.41542152840697,34.6376766430006],[45.40321460980564,34.62204700140578],[45.39519733730302,34.604683506813224],[45.39171113890902,34.58633149808407],[45.38990042177472,34.55719953344184],[45.361628611535934,34.510301536798735],[45.355594779826106,34.498106071908204],[45.33388090697348,34.44286724109394],[45.32920802659965,34.424749478445314],[45.32915880611836,34.406223725005205],[45.333732358513714,34.38807993880529],[45.34273096271387,34.37109131073846],[45.42330795378568,34.25351564896698],[45.432133533154115,34.21538738273105],[45.425519713679016,34.18580063902787],[45.354116884364416,34.091763795187134],[45.351109548179,34.08754651543184],[45.30214718433933,34.01431955091696],[45.2933161463823,33.997035536438055],[45.289031074655796,33.9786067935754],[45.289476670191846,33.959840465350304],[45.294630387383194,33.94155794930831],[45.30426394677392,33.92455897260932],[45.316187871212485,33.90821029596717],[45.32747504957431,33.89542840219819],[45.3412943035851,33.88448446894432],[45.35721563199835,33.87571843555765],[45.3990351536061,33.85685118681234],[45.58385969333237,33.63688718170457],[45.64735953838175,33.55451845549441],[45.65972941981934,33.54133635880516],[45.674819778492044,33.53028767629254],[45.69210726251851,33.52175502181538],[45.71099299533553,33.516033822284875],[45.73082320594165,33.51332216269833],[45.750911685809314,33.51371397719529],[45.77003777939017,33.51710274079076],[45.76610367033086,33.502258508869154],[45.76587602940301,33.4837397763373],[45.77022025439407,33.46557438722775],[45.77894870217176,33.44853558581037],[45.79168768894454,33.433348254933],[45.80789371995863,33.42065819799339],[45.82687677859166,33.41100482422807],[45.8478296605776,33.40479836796838],[45.91162864296878,33.39186389612197],[45.926771094449684,33.370692080951855],[46.03635472930066,33.20911989875116],[46.03568762638586,33.201310267494556],[45.98760048493731,33.13115214209223],[45.97984250686766,33.11715097172784],[45.97507127921219,33.1022452085971],[45.97342640478346,33.086875859711654],[45.97320424524991,33.028579072110276],[45.975338385845994,33.01047211943865],[45.987993553875846,32.95814152980059],[45.99347009803255,32.94273315220429],[46.00213864469473,32.928389042781326],[46.0137200313116,32.91556880518254],[46.033448201474656,32.8973683504191],[46.049062699166576,32.88553443497521],[46.06713368517392,32.876485632254905],[46.086964199802246,32.87057073386959],[46.10778999124281,32.86801773107566],[46.27912769421006,32.86116177919902],[46.33313366915003,32.846771951736656],[46.509258634118616,32.759747248260936],[46.722607955157464,32.61770268294289],[46.72282619995935,32.617557326967976],[46.90225495045349,32.49806925384224],[46.90245140740084,32.497938408892544],[47.05522885762832,32.39621055541263],[47.07135392041658,32.387322107229664],[47.08911216127241,32.381026047163076],[47.10792378620229,32.37752791576944],[47.1271748845872,32.376941935301595],[47.263055195927684,32.38310838397392],[47.26927525701526,32.38052914036828],[47.284048603333616,32.36922104516438],[47.320943228818386,32.30349643798115],[47.41393793151045,32.11615855790459],[47.42476887996264,32.09949360711641],[47.439501721624474,32.08513095928095],[47.510656237746474,32.02898794899127],[47.62723018977163,31.8855437889217],[47.62738780913569,31.885349973918064],[47.712883535819955,31.780353837919808],[47.653747045843254,31.629785438150307],[47.653196957899056,31.628342288457844],[47.57898621659003,31.427509946685372],[47.575347024749995,31.414150582965544],[47.57413655664852,31.40047598246058],[47.57442907980706,31.141387828718226],[47.57458488466843,31.00228336706556],[47.576505878945134,30.985253216638572],[47.5821626258588,30.968846493733704],[47.591348141860045,30.953658160358007],[47.603727924840506,30.940238733889046],[47.61885225151068,30.929074416566298],[47.63617255331578,30.920569574796605],[47.65506126939174,30.915032186023943],[47.67483446460801,30.912662763679407],[47.83152057484336,30.906705556334003],[47.83166823083897,30.906699939196418],[47.90655513266693,30.90387395701469],[47.90730736198226,30.822830349127145],[47.90895664078896,30.655684101627674],[47.91062955969794,30.46490689872426],[47.91281627081357,30.44726727320122],[47.91898454644694,30.430345186397112],[47.92889198123444,30.41480018066865],[47.94215095674357,30.401237834249173],[47.95824393217129,30.390186271161934],[47.976543675632655,30.38207570874612],[47.996337640976854,30.377221817475622],[48.02947095999208,30.372070040887174],[48.06769630576119,30.352918882576898],[48.08873269265715,30.31566979467508],[48.09931797562305,30.300793217010135],[48.11303855950968,30.287965980717114],[48.156779875870605,30.254298849732535],[48.17382723573862,30.243634295422204],[48.19301373455231,30.23615037901746],[48.213555076866236,30.232152940442177],[48.24138744204255,30.229242580639703],[48.25980488536552,30.21851854103525],[48.28906548895173,30.187180453816158],[48.28569803624496,30.17769810661852],[48.283617316355325,30.1603425476234],[48.28545778567961,30.142970494564825],[48.29654317097355,30.092737417784758],[48.30324498847085,30.073896897155187],[48.339237079200025,30.0019053367522],[48.35042273234037,29.984889867682874],[48.36560134382466,29.970379328675833],[48.40953854633765,29.936614163746057],[48.41872663315425,29.930315922645487],[48.48666556163631,29.888892239248612],[48.50288713693659,29.880785689765975],[48.52052866852152,29.875340172559284],[48.53901550160499,29.87273306043914],[48.55774564957365,29.87304929696813],[48.5761092416101,29.876278646002298],[48.62509471462073,29.888960670183717],[48.64402079476961,29.89567626221632],[48.66106593037074,29.905474823396794],[48.71009900779124,29.940113774269726],[48.83755663746482,29.945756483479357],[48.859373863183535,29.948747581465174],[48.879973278585716,29.955665989580375],[48.89842346996617,29.966199119694426],[48.936111578110236,29.9930830673169],[48.954171968349286,30.009704187185342],[49.00322299241377,30.068168268900145],[49.01260079105405,30.081685932518347],[49.019108027309784,30.09641002557953],[49.022543416519895,30.11188820215577],[49.02279986550421,30.127644716268975],[49.01461835141716,30.22325366175098],[49.36851453704414,30.05705797375161],[49.4837450809072,29.963445776975462],[49.500324066352384,29.952452694209388],[49.519108838237905,29.94455758756076],[49.53933966312062,29.940079631463142],[49.56019877975191,29.93919985583711],[49.58084320798501,29.94195387909187],[49.60043854130499,29.948230469992783],[49.99427355933686,30.114191027500656],[50.029447120388326,30.02206820478328],[50.06890484253613,29.897455568093232],[50.075808740195804,29.881638649863348],[50.08600674303061,29.86722464636415],[50.0991369078561,29.854723230921515],[50.15193968609245,29.813064530323985],[50.30220290263641,29.627401188124324],[50.31523787968543,29.61418908627335],[50.465226358122514,29.48878601726146],[50.55282443098057,29.38323894340962],[50.56333234553921,29.33752650747586],[50.54423099034324,29.225381165234186],[50.543145717595905,29.20990926507922],[50.545120383117485,29.194506894158838],[50.55009491499902,29.179631738159003],[50.57924852453223,29.114030154348484],[50.5877912293258,29.099084526224274],[50.59935006877138,29.085780449310857],[50.61352516507459,29.07457690965537],[50.629826878349554,29.065860292588418],[50.647692696220886,29.059931137527357],[50.74830674081479,29.03556333945512],[50.77238327161021,29.019157963755028],[50.74679102545233,28.959294669193525],[50.74195485162985,28.943957194539255],[50.740282456393686,28.928116094203247],[50.741824701172526,28.91226739044767],[50.746531820154466,28.896907101825057],[50.77060193896151,28.839260543444635],[50.78030877957929,28.82199740978889],[50.79398478493642,28.80694320864648],[50.81100230595581,28.79478707526489],[50.94672092110724,28.717300312150947],[50.96339110845149,28.694475876506672],[50.99245495581819,28.500361019709477],[50.99877186224162,28.478957032731625],[51.03340140536758,28.40203135580594],[51.04090644540717,28.38869334769283],[51.174934330045964,28.192643704900334],[51.17706795190878,28.128664001615878],[51.17933085864235,28.112280902473866],[51.184947718555435,28.096541556618003],[51.19372791344058,28.081975961603465],[51.20537464924515,28.06907437255029],[51.445030744649145,27.847876531740496],[51.458407795042675,27.837486871822197],[51.528891577658285,27.791719163278454],[51.544487386762285,27.78337884895907],[51.56151600551242,27.777640759694812],[51.63870179063408,27.758418708645547],[51.65343120793622,27.755768822417693],[51.66844233684388,27.755073322541758],[51.83578290567944,27.758192229742694],[51.9906074333052,27.738659712561216],[52.130930198431756,27.645379698509227],[52.15428796420303,27.633748837036606],[52.4166770697755,27.540673926359247],[52.512705301154,27.447448816944945],[52.54162496805245,27.36518129747361],[52.547298776756016,27.352500550931733],[52.5550641598915,27.34073003571745],[52.608509707248004,27.272162521410106],[52.61999111980952,27.25990525224902],[52.633724611483224,27.249647406334372],[52.92453663491574,27.068334446998527],[52.94287532400451,27.05923706455141],[53.29547737319979,26.924338839787698],[53.37828166343696,26.879605833800593],[53.4174632753219,26.810941430741646],[53.43099804330651,26.792954306270524],[53.448949810617556,26.778383752542616],[53.64751495846371,26.65230346302929],[53.667232177999495,26.64252847435671],[53.688884734850596,26.636931897223235],[53.805587790831176,26.619076649965834],[53.833821793756336,26.61834916785824],[54.06374935050845,26.641338180602187],[54.21573962104877,26.610771773169887],[54.47187101501318,26.510697028705394],[54.58586433443929,26.43628059075394],[54.60293682617673,26.42728682342161],[54.62164259851136,26.421474253688384],[54.64125380890092,26.41906893964736],[54.755513532166006,26.415215129319556],[54.77735406987752,26.416614156274125],[54.79833390470174,26.42223164650511],[54.934770448160265,26.473801232913626],[54.9549626535355,26.48402646938319],[55.19496895648343,26.640460433523096],[55.19528863194156,26.628651542215785],[55.19931081247647,26.612037550639396],[55.21585161221793,26.565467609811158],[55.22384735754866,26.54890892792627],[55.23536624213764,26.53410959910617],[55.24994412648056,26.521664143419397],[55.26699458775023,26.512072313856187],[55.28583250041886,26.505719141076458],[55.314717936445575,26.498840332525376],[55.33700999610387,26.495873976067855],[55.42024044121698,26.49324024670668],[55.437622783213506,26.49403799747106],[55.45458775436125,26.497515515141156],[55.57393532510981,26.53191160369844],[55.59365893108292,26.539769920785638],[55.70638918269428,26.598353685870897],[55.75753851932626,26.60302409385621],[55.772457902513935,26.605412478908676],[55.78680445250026,26.609783690720896],[55.869325475451646,26.64129526870697],[55.90403697458438,26.623319942952797],[55.92227470232828,26.615930793625694],[55.941780753592866,26.611921392639974],[55.96178243571635,26.61145048670926],[55.98148758653448,26.614536688310775],[56.00011571886034,26.62105774983318],[56.01692871668388,26.63075537293093],[56.15751641183965,26.730735138580496],[56.17760855372456,26.749904620122248],[56.25294898662908,26.846955266321917],[56.31516439774491,26.868014375374294],[56.33364916338228,26.87629513229742],[56.349846579674605,26.887776535294382],[56.363072874270266,26.90197449974598],[56.37276891276756,26.918290198912572],[56.37852387688176,26.93603519361872],[56.38009281542132,26.9544603711001],[56.377407294706074,26.972787494951454],[56.37057864854034,26.990242049963474],[56.35989363061488,27.0060860002358],[56.34580259324008,27.019649070822815],[56.280364677100735,27.0708547810256],[56.26225919848645,27.08214372645445],[56.25040241614753,27.086501020095927],[56.30752425286101,27.102792392989176],[56.35294701340651,27.108881957360754],[56.69438024050836,27.0422846700161],[56.75114726251275,27.017048984319324],[56.83211691516263,26.9379128641617],[56.89483124701606,26.86013579216783],[56.94107110034136,26.770242993844757],[56.97273598661845,26.66430516464287],[57.00455432186403,26.363162124814846],[57.00703916882041,26.35004353370141],[57.01165266392873,26.337394156396538],[57.10200244267168,26.139921773563895],[57.10573699460429,26.034551494298945],[57.10800596989082,26.018151172663657],[57.113569504388586,26.002395845388357],[57.16902629756914,25.884074867993473],[57.17253835993464,25.877359760171988],[57.24624872662026,25.75011417270456],[57.256059555124644,25.736361180473804],[57.268461069690886,25.724432011855203],[57.28304330553335,25.7147201883436],[57.299324753645166,25.707545970806695],[57.316768222664074,25.703145864770743],[57.67797870082387,25.642717586742272],[57.71840109104703,25.597043411627997],[57.732232134143956,25.58424566193212],[57.7485818985191,25.574164637019248],[57.76680497740424,25.567197798333236],[57.78618258029323,25.56361973065685],[57.80595073855474,25.56357140064498],[57.82533022791772,25.567054651100413],[57.92120264769714,25.59342427794197],[57.9679005399254,25.56573919435077],[57.99393577743993,25.55476347331006],[58.17437839430582,25.505591190046108],[58.1926889469324,25.50224029326411],[58.30392880270181,25.491509893977714],[58.32049753943115,25.491159289798336],[58.52633536005613,25.502171664305774],[58.76314076121033,25.46862752277605],[58.994418308468155,25.340730005574304],[59.01276550423476,25.33276066613103],[59.032507188656794,25.328333638120924],[59.052817161203855,25.327634047936492],[59.233822575424,25.338080370395748],[59.25261373633117,25.34080676810453],[59.44350872675521,25.38569391533369],[59.569004517533166,25.324321360478496],[59.59137021849056,25.316349023911283],[59.61517507422094,25.313460995370864],[59.792634811228005,25.31138769952902],[59.84959262111417,25.283123453984327],[59.86535039259542,25.276834123493646],[59.882059280633825,25.27309722381843],[59.899218127311244,25.272024739162326],[59.916312402912475,25.273648760929373],[60.02416008576321,25.292515950985912],[60.379725806445265,25.2237996436973],[60.39790335768924,25.22182127669912],[60.41615860853503,25.22289827545816],[60.433871046371564,25.22699395840385],[60.45043851656375,25.233969053483108],[60.46529755813348,25.243586406358155],[60.47794246356246,25.255518993339972],[60.520393935005,25.303806004910278],[60.529053165725486,25.285541413171266],[60.542526084817126,25.268948240195932],[60.59126430342936,25.22136913331462],[60.60581633676497,25.209678662345397],[60.62258967912406,25.20076844818944],[60.640942017180265,25.194979297834916],[61.08103328535935,25.097704662073124],[61.21111360431143,25.057159087566113],[61.21856086830768,25.055124847253555],[61.387681297855565,25.015274003776476],[61.40491943368029,25.012641259956947],[61.42238391125691,25.012793717208538],[61.439531822897074,25.015726556091945],[61.455830068335175,25.02134854357177],[61.470771814517434,25.029484856856154],[61.5488675094364,25.081012056635995],[61.56317055639418,25.09252420822532],[61.58203851516293,25.110978419321608],[61.60188269616529,25.11345242225081],[61.62015703801261,25.1173604401514],[61.63727132486336,25.124327764684743],[61.652610107464454,25.134103892587028],[61.66562140827513,25.14633730957293],[61.6758365144328,25.160588054587198],[61.682886854681215,25.17634345829691],[61.7104876030996,25.26010707574918],[61.714338605771935,25.278983228140916],[61.738627796571976,25.56934617372559],[61.76768513281281,25.6692432408335],[61.770784737919186,25.68697632968732],[61.76989982020328,25.704927709540044],[61.76656447396294,25.725567881459042],[61.80186704362632,25.75218489915864],[61.82035378566963,25.770632349163492],[61.83706115401687,25.792885714677805],[61.84719667231201,25.81022133194317],[61.8528938450793,25.829144202062935],[61.879391798137284,25.981605177475036],[61.879409959862606,25.981709858151717],[61.90649040971318,26.138062828118265],[61.920135314070784,26.163550501731496],[62.125370167484185,26.234521434865464],[62.14382847654168,26.242953242654824],[62.15993473433184,26.25462376579618],[62.17299642818645,26.269031752593083],[62.17620515986457,26.273439753352726],[62.22805793983667,26.267959001203753],[62.24885257845528,26.267703737735285],[62.269237836111344,26.27130193950957],[62.28833562745686,26.27859850905473],[62.305323004701044,26.289279057584277],[62.319467410496145,26.30288336788239],[62.32972424027815,26.315083531964962],[62.34191484857671,26.334041228071722],[62.348596306412105,26.35510271297752],[62.354911726128734,26.391495252452465],[62.385105403094805,26.427815619614808],[62.435563179905095,26.46370005708133],[62.46686206693237,26.47432944763122],[62.655054017931796,26.505462704224154],[62.67743548839213,26.511639879818706],[62.78027706998631,26.55229378190167],[62.79259724256038,26.553958532795665],[63.089093474476456,26.542765843911344],[63.1059154515586,26.543373340819112],[63.122373424145245,26.546484233866842],[63.1871673715025,26.563904705904317],[63.20456316582701,26.570221460839413],[63.22031971158448,26.5793308030547],[63.23388413843421,26.590913302051433],[63.244780024121575,26.60456273564986],[63.25504026429992,26.620374939838342],[63.263756841605584,26.637929451934554],[63.26806931497577,26.6567585534821],[63.28129693584654,26.78170138332025],[63.29033450742212,26.786121233510894],[63.30610451226508,26.795681726260582],[63.31954827520865,26.807736358026638],[63.3301801546314,26.821850359145184],[63.3389765630242,26.836345465328197],[63.347033771478564,26.853829884134587],[63.350782108900454,26.8724496433413],[63.35005218068098,26.891374438665537],[63.33305319282902,26.998701662039203],[63.33746872808365,27.03147802883202],[63.37003685457268,27.05565781060701],[63.38397062706226,27.068285899149412],[63.39482561898764,27.083115832045408],[63.40217635624606,27.099568101368487],[63.40573384443955,27.116999542734334],[63.40535707978834,27.134728391671498],[63.401769911383504,27.1616333025796],[63.398392929811244,27.176321434773254],[63.39231019353328,27.190316396226894],[63.38369062068289,27.20322703544814],[63.33840494248478,27.259700078187937],[63.32659958664374,27.271933118577515],[63.31252913986831,27.28210802858803],[63.25235481961611,27.318171867081595],[63.22728016098803,27.32907957491399],[63.19796319127935,27.33763349872177],[63.174809036573016,27.34181387301446],[63.151216355688,27.34111800428507],[62.913310617856574,27.30888734818428],[62.86405099640531,27.314132372558195],[62.86485193790998,27.339116588503177],[62.8957738682956,27.413077282722618],[62.90032048982197,27.427591989909963],[62.911500252272724,27.480069599914213],[62.91288544689809,27.50435148612517],[62.883495619933896,27.807870032990742],[62.88216011056049,27.81659387555522],[62.84243195611388,28.00551837326708],[62.863921046540206,28.192738910422417],[62.86398919379406,28.21019283778158],[62.859538849693045,28.25169757088984],[62.855735922909744,28.268913218605203],[62.848196529513146,28.2851613021909],[62.83720721582392,28.299820444875618],[62.828616664148015,28.309151702488926],[62.815897650360746,28.3206883991721],[62.8010484308196,28.33005606547971],[62.78454423133827,28.336954438979955],[62.766913698771496,28.341162309923057],[62.7487218851617,28.34254467310453],[62.71685774297161,28.342448452043072],[62.70405017741984,28.3416982653664],[62.60455672199105,28.33026532528362],[62.50998937072897,28.423458091318146],[62.49325230500713,28.436674458434382],[62.41237029185054,28.487593664308385],[62.39907802531206,28.49468093311771],[62.384720070750674,28.49992170243135],[62.16210054143605,28.564051821408153],[62.1447557189846,28.56760210358144],[62.06119367845714,28.578067853494783],[61.94970668167056,28.621319388637477],[61.83207504468301,28.729477065659676],[61.70512461594234,28.846151065512903],[61.66126432177226,28.910292150620084],[61.604379771233596,29.038377576383073],[61.59772100620424,29.050555627658515],[61.441506417492796,29.28791139722188],[61.442528664624476,29.32971730071066],[61.44048985498866,29.34949178802065],[61.43350502021745,29.368401872357964],[61.412444460278785,29.409235899030108],[61.39700283654324,29.430546367456234],[61.230900810055616,29.60070918273194],[61.11309475281859,29.72135756607886],[60.97880078523414,29.859006352863833],[61.18376516017276,30.070676869093106],[61.18400892829622,30.070928730331854],[61.411586886618785,30.306083746418413],[61.4118312844749,30.306336303554822],[61.639703066510506,30.541831472525313],[61.63996469717295,30.542101941850664],[61.864711897758525,30.774523462412425],[61.87687430835906,30.790126991318274],[61.88498155480141,30.80756239404296],[61.91171846698964,30.888883417949845],[61.915626355281184,30.9114911533292],[61.919221829716655,31.07075616396169],[61.91642600476222,31.093139035036113],[61.85747340512595,31.30591878707598],[61.84922151539557,31.325333418789835],[61.83597941537909,31.342629919331365],[61.741092512610784,31.43980856262811],[61.72752002000488,31.45136548807308],[61.71170993097552,31.46063649724805],[61.694186793551886,31.46731354047094],[61.6755325208242,31.471174660511025],[61.361712036260016,31.510419924269534],[61.12601859570949,31.539918557797744],[60.91487985049474,31.566401375033095],[60.898400259574956,31.660666334157767],[60.90890895111109,31.721409582429253],[60.90952048749154,31.743298317455135],[60.89350421144482,31.88074128376807],[60.89578679398752,31.978430568752383],[60.931882398050796,32.15244967137866],[60.933459629703115,32.16599515892279],[60.93560587448231,32.2474338628187],[60.93477205127851,32.26083166959588],[60.93158128893633,32.27397539049561],[60.81313097453688,32.624586714103465],[60.74745925469532,32.818916425920605],[60.68100843462787,33.01562068790649],[60.669079566626884,33.06794481040662],[60.668405137769945,33.10986965464704],[60.80036160746078,33.26521384678972],[60.8425339201919,33.299979717205446],[60.84960459632941,33.306398785173684],[60.9392178099112,33.39598654333205],[60.993882324318605,33.44233993497414],[61.00759509174026,33.456606951443284],[61.01756043901594,33.47288824766805],[61.0233639877403,33.490510249950695],[61.02476299486914,33.5087435298233],[61.021696783783554,33.52683291210794],[61.01167794510279,33.56057950021293],[61.00524170008411,33.576032625543306],[60.995536897503655,33.59025567928795],[60.98288471116339,33.60277566127564],[60.967704859739584,33.61317599346693],[60.95050172902061,33.6211104594866],[60.931847586403755,33.62631481171003],[60.831265816702626,33.64606485314652],[60.80805087331548,33.64844826253272],[60.67689895813963,33.649941070543775],[60.634227034016085,33.66470270816494],[60.606883135659004,33.68668140021065],[60.597987723456896,33.712850924263975],[60.63174116083847,33.819206820198346],[60.635110036781775,33.8365192996551],[60.63435779823405,33.85404223626543],[60.59818368890998,34.07716789049316],[60.66269398341819,34.17233468279921],[60.702383650654134,34.22025600421149],[60.895757130168406,34.22982761423041],[60.916560833426274,34.232524430582835],[60.936351446528235,34.23847527118354],[60.954389189962015,34.24745766115624],[60.96999928062723,34.25913577930517],[60.982597035352974,34.27307292152008],[60.99170972818612,34.28874772267215],[60.99699439094277,34.30557355043707],[60.99825087809463,34.322920365857996],[60.995429675649454,34.3401382500752],[60.988634116129774,34.35658172847429],[60.978116863429435,34.3716339859085],[60.89532200298116,34.46717114742197],[60.878561209128556,34.49043560828421],[60.917019088646,34.52000435915916],[60.97942265712451,34.56158928453749],[61.011507651266385,34.579088037665244],[61.02666196774478,34.589043637868265],[61.039442405804884,34.60104103032896],[61.0494459839896,34.61470284780614],[61.056356588037396,34.62959920664787],[61.05995503444436,34.64526116549207],[61.06392874805279,34.678542509864705],[61.07841531926288,34.6959397798513],[61.124986650064585,34.74246480355571],[61.135188945522806,34.75453630118722],[61.17487533139029,34.81075478989788],[61.18442043021846,34.828393088550996],[61.18915292382635,34.84728961722089],[61.18885123422747,34.866572559736305],[61.18230262943904,34.91086414326408],[61.20934469149332,34.96963357512997],[61.212522925031664,34.97765635098116],[61.226177846887815,35.018553179853996],[61.24771645689276,35.053496180672774],[61.25528113661388,35.06932995501993],[61.25906294533458,35.086039928890784],[61.25892420052233,35.10302776686205],[61.25486750016202,35.119684830599134],[61.231798427553535,35.18249382754105],[61.23166747831827,35.18284747560458],[61.217166946226214,35.22170311320418],[61.24380923655001,35.23412643777172],[61.259885191134096,35.24325083437881],[61.27373363578373,35.25454790880138],[61.284916821559605,35.26766126543835],[61.29308057195928,35.282177063461695],[61.29796555387427,35.297637004563676],[61.306480859441535,35.33977749508132],[61.32999595154544,35.39544553325358],[61.330566585272585,35.39683180792152],[61.34561689976347,35.434384399327094],[61.369917585106734,35.463568725069706],[61.37934291799901,35.47734276779275],[61.38566696269081,35.49223939219442],[61.38869347353798,35.507800290079835],[61.3920660330819,35.547443058687925],[61.39193842248804,35.56117878867529],[61.38923061063877,35.574733797315275],[61.369490455432114,35.64090894811557],[61.362042449607976,35.65803553834424],[61.348099666540605,35.68200542128323],[61.3472784994028,35.69367502981794],[61.36372946433878,35.733526332218496],[61.36842580347096,35.749773314849264],[61.36933346040413,35.76643778556791],[61.36293469868449,35.87224820307224],[61.359556529507636,35.89025488522312],[61.35174832918906,35.90733068998707],[61.305534951723615,35.98343787278886],[61.29195623326541,36.00054122838364],[61.28122271078083,36.008995308125],[61.2847998360713,36.017148498128066],[61.311038526579246,36.05784862390473],[61.320473189379946,36.078105675630624],[61.3236380485007,36.099585083523436],[61.32337421403377,36.19098600911087],[61.31872834651264,36.21642231819726],[61.28527568188675,36.30662830625508],[61.27230650031354,36.43413477277115],[61.281639364422965,36.56749560969774],[61.280792327203784,36.58465486054276],[61.2758834491641,36.601362132836584],[61.26709011650452,36.61700519187201],[61.21685985456043,36.687353111738],[61.20320669011331,36.70251871436728],[61.18590959818105,36.715076234660806],[61.165721237867665,36.7244780383962],[61.143521415931076,36.73031388802751],[61.12027854998169,36.73232900005653],[60.70809394115818,36.73273980128775],[60.70635725853125,36.73272794715917],[60.39399188044572,36.728273501079265],[60.27257778828023,36.87842321252535],[60.270774380149426,36.88057956468327],[60.15533852623091,37.01410825329161],[60.136523392591315,37.030853774409195],[60.022345835137486,37.10963143537906],[59.99645014599222,37.12299940262557],[59.73482196631268,37.219978969457074],[59.72991651427499,37.22167854204988],[59.622127986459446,37.25655955083276],[59.5352603109763,37.316484057603446],[59.47386169296469,37.37326676921089],[59.456425555728934,37.45926928132045],[59.45028689453359,37.477293324093374],[59.432556471325924,37.51373166804056],[59.420764921393676,37.53162910816244],[59.39559106211199,37.56113995400999],[59.379660209414745,37.57600913583283],[59.36003706346394,37.58778678941472],[59.332383610733594,37.60088487749412],[59.31013837479375,37.60896905695306],[59.28620599897996,37.613069935957164],[59.263917521669484,37.61300225453539],[58.99086009340616,37.72892465811367],[58.975095884161746,37.734414776972756],[58.85320479834734,37.76829189928017],[58.830122267114305,37.772612593868],[58.8063962785483,37.7730404730053],[58.78306567474403,37.76955670256644],[58.677901787171976,37.744571819473485],[58.66911959968742,37.74375903172487],[58.598427584627,37.76971989488176],[58.57847958065406,37.77531336240302],[58.55755549548337,37.777876001074816],[58.53638483900244,37.777318401469934],[58.515705835434275,37.77365993552345],[58.4962394180967,37.76702808397721],[58.402644677502956,37.72652833622368],[58.3946207475746,37.726009030109104],[58.352533969074756,37.73329328784984],[58.32530359992387,37.742255883047235],[58.187964683151705,37.84766935950099],[58.17347219463516,37.85706359390496],[58.15721396697831,37.86444205258016],[58.02888858024808,37.91190476866836],[58.02451067435005,37.913432852712425],[57.93204845407707,37.94383726202206],[57.92284825222485,37.94649668187154],[57.74503604502781,37.99098132703972],[57.728309732526334,37.99407775322923],[57.54380454559181,38.01666253504311],[57.46215301263135,38.03283278091958],[57.45050510495622,38.03709488201542],[57.45041973150505,38.03962212530252],[57.445229624287684,38.09602213968679],[57.44209628959274,38.1113953094759],[57.435638245385995,38.12610661194344],[57.41234439015659,38.167188629893026],[57.398806935212576,38.185103802675876],[57.35088431050101,38.234356116729934],[57.339363026734326,38.244490483777746],[57.32602241512334,38.25313732147608],[57.25939095388052,38.28998798115687],[57.23660775440826,38.29974024414223],[57.211599412713156,38.30519556349964],[57.18565817028786,38.30607193003662],[57.07642532132505,38.29993126634648],[56.927839645031575,38.30259353610589],[56.81311187334697,38.334750397032586],[56.7839816597528,38.33965849962289],[56.679172042243856,38.34625999631161],[56.66205393151199,38.346321411856955],[56.54000476553894,38.33950795225678],[56.440452358405025,38.33932054532839],[56.41596393636969,38.33717997648099],[56.39262188659325,38.33096886159202],[56.318828342529876,38.30403823480449],[56.303093891379916,38.29705280260104],[56.288954372355896,38.28820794951078],[56.246174419261784,38.256785139147354],[56.23108495555558,38.24322430285478],[56.2197356988401,38.227572671741925],[56.21258038154854,38.21045923085369],[56.20019270185443,38.16632776943158],[56.18374349131584,38.167747023780116],[56.170404685331995,38.16827761168359],[56.0558629801575,38.16749600833305],[55.853099956775615,38.1840744294507],[55.844404653561874,38.18451504598159],[55.581203646056686,38.189651322594074],[55.56268014803955,38.18880608983114],[55.54457324511679,38.18560901487375],[55.34681172840641,38.136925793072635],[55.32475245455657,38.129382722324735],[55.16848987729901,38.05954051136601],[55.161384325589054,38.05607992567032],[55.012181214283636,37.977149124612396],[54.99961405294384,37.969427696283915],[54.82409416495558,37.84476427269041],[54.808614307233164,37.8312526354394],[54.75717862196637,37.77594187161828],[54.74218872872245,37.75394272124679],[54.649038552050015,37.55458823726762],[54.63465637275886,37.54461414333986],[54.60639988221163,37.53258572196943],[54.56842445670791,37.529773636645245],[54.54238675218557,37.525342498643944],[54.422054962170265,37.49264277563416],[54.41436649153916,37.49029712787589],[54.26389100759401,37.43919823597781],[54.180797505922826,37.42296501802135],[53.91968841009817,37.43337969717534],[53.89708526835942,37.432453698791505],[53.87516806734084,37.42796457952655],[53.854817026815454,37.42009263890977],[53.83684886344742,37.409153975354],[53.82198378846788,37.39558768302908],[53.81081654523045,37.37993809084897],[53.80379266598553,37.36283278360701],[53.801190886785555,37.34495731476286],[53.80311238354732,37.32702764870385],[53.841126980821905,37.16524314821517],[53.84204512167167,37.16171907150235],[53.882539282050885,37.02026862340389],[53.767599563701395,37.02025397822541],[53.746310713854136,37.018615278672996],[53.352332439366954,36.9569767807314],[53.34643439491702,36.95591150180146],[52.17436989338964,36.71143036477005],[51.77452877755943,36.704679179480486],[51.154799696632864,36.82801264283126],[50.98087691096902,36.88956251765373],[50.60089257105303,37.08573413416671],[50.428098480110876,37.20569816016637],[50.314382615697525,37.38087347954797],[50.30515131497515,37.39271063458706],[50.267378811750305,37.43365585450421],[50.25610366982572,37.444092201749555],[50.242957496805865,37.45304156715937],[50.197135145907865,37.47967599556571],[50.18154111440823,37.48727977985687],[50.1646099699263,37.49278966497075],[50.014653725357704,37.53057060488328],[50.0003578383626,37.53336551352057],[49.74636368976503,37.56904353268786],[49.73585601247009,37.570109407604356],[49.490901428283266,37.58552845285348],[49.41450811742737,37.60374637734145],[49.23674245224386,37.67496352395472],[49.17411368391933,37.721494005715414],[49.11981447595829,37.81144126714999],[49.06928807051515,37.915820841588385],[49.03731582671211,38.03104547576445],[49.01475566046603,38.154200174207425],[48.985056882939,38.39820936299697],[48.98328948976006,38.43843281671761],[48.979993354089544,38.45695083762171],[48.97187979125285,38.474542367963146],[48.9592971223931,38.49044536539654],[48.94278822783074,38.50397052389574],[48.92306732228435,38.51453131128512],[48.90098906582683,38.52166957879338],[48.87751134401382,38.52507559448507],[48.84905958397636,38.52683470481483],[48.83112422055381,38.526839516544],[48.81341469392626,38.52465328293766],[48.65451217153983,38.49478490146648],[48.50768475416825,38.64157745271568],[48.49587225788429,38.65167211814222],[48.48223990698235,38.66025259125354],[48.44608635007348,38.67965527491104],[48.4222321528147,38.68946279073476],[48.396123752564314,38.69466855032804],[48.35340312687794,38.699110422082484],[48.34977776881586,38.70147213868527],[48.327061715477406,38.73101619030943],[48.30928153394287,38.761353892431906],[48.29877272177256,38.77565128639882],[48.28509810296808,38.78821823367381],[48.26871651369084,38.79863182999175],[48.14261655992669,38.86467590266778],[48.171748881707224,38.87244887165788],[48.270459787426404,38.89183050029569],[48.29923929181338,38.900823313290786],[48.3323231277197,38.91545700917109],[48.350217954394175,38.925227731527464],[48.365416371243086,38.93745828545887],[48.37737117534357,38.95170950551047],[48.39438959996441,38.976940699667075],[48.401896127003866,38.990770624617646],[48.40633324156676,39.005387320302894],[48.40757502384242,39.020382052951085],[48.406563952201246,39.06081364494062],[48.40495095034673,39.07412476524571],[48.40081432332822,39.08710823252299],[48.38397082196701,39.12696796545506],[48.37610326570684,39.14126939513013],[48.365180982792296,39.15431092227229],[48.351529745423775,39.165701846379676],[48.33555765041407,39.1751007739118],[48.222060953462375,39.23051402526444],[48.22116579376469,39.23776493042881],[48.22250256894203,39.2440120566525],[48.30536491355738,39.273131411874616],[48.33385494541354,39.28735767457684],[48.39878565363471,39.33141084300619],[48.41473342356741,39.3446543917205],[48.42691698468484,39.360115600048736],[48.434838159875554,39.377165463165504],[48.438171423694044,39.39510989007851],[48.43677760421275,39.41321787061832],[48.43071009120379,39.43075122138546],[48.420213211508695,39.44699470593992],[48.37981997190149,39.49629435379678],[48.368121326087966,39.508235503814994],[48.237474780252626,39.620530369196295],[48.234603100334056,39.62290568349096],[48.07942616437445,39.74639499177409],[48.06190519620359,39.75781434748659],[48.041829839392925,39.7663810522022],[48.019976446333686,39.77176364071691],[47.99719085983397,39.77375383844455],[47.8934494539187,39.774874291883144],[47.87083128989283,39.77340755279699],[47.849028227236644,39.768593124318684],[47.729483575974925,39.732074907439504],[47.70494310045647,39.721773017540656],[47.51937805820298,39.61950325963581],[47.419602063920976,39.576973273867424],[47.409271707221194,39.57199836972464],[47.271513869955264,39.49746193972648],[47.27074846709095,39.49704341689906],[47.120586001005265,39.41405242479979],[47.10939725071318,39.40699630124549],[46.98644104409916,39.318834624809156],[46.975509362890975,39.309812029583874],[46.92132015714285,39.25831056422313],[46.818770921624804,39.23441505740727],[46.799008723801855,39.22820451960835],[46.78107127625063,39.21928146616043],[46.76556904215034,39.207950001333025],[46.69812105369898,39.148514262592464],[46.507748969950526,38.99592338409798],[46.49538450251451,38.99636234518407],[46.3223231030399,39.00231807118583],[46.29903210900382,39.0012680500039],[46.27650917722075,38.996595832335835],[46.1598289056509,38.962148011740794],[46.136835951681704,38.96575382354131],[45.946364998734964,38.99554321717265],[45.612143645074276,39.05806490286804],[45.552961477492225,39.07883889914364],[45.48021326086594,39.15101397436221],[45.47247819889887,39.15792453618436],[45.418765930827604,39.201221375251095],[45.41284296942541,39.20566524920569],[45.333232521323765,39.26123042884785],[45.31746147777578,39.270474867395606],[45.29990113731154,39.27751900090186],[45.256292956785096,39.29150544554703],[45.240832086663836,39.30361447564821],[45.22152039979578,39.343045099022014],[45.211488023081046,39.358722920036676],[45.17011973248452,39.4100752692589],[45.15742432916124,39.42304746412334],[45.09361059171181,39.477237741804935],[44.937653638777064,39.675418685452506],[44.930984779326444,39.68297304272488],[44.90999822462464,39.70432562765161],[44.89583651950591,39.71631798754398],[44.87911491917793,39.726170597518326],[44.860376974540166,39.733562798770706],[44.84023247521621,39.73825397180293],[44.81957123285611,39.740070895611204],[44.79515947524725,39.7531729497487],[44.66076601997029,39.8378238793721],[44.64291984956053,39.84708314971233],[44.62317987314522,39.85368369192694],[44.60221570642577,39.85740162210407],[44.58073890882433,39.858110871276054],[44.559478582890335,39.8557874920384],[44.53915635260446,39.850510462914585],[44.520461615886965,39.842458964006504],[44.450019728616944,39.805115961435156],[44.434856618450056,39.79551126791738],[44.422031553036135,39.784074977070134],[44.36133660633309,39.71953022756422],[44.34927316695481,39.70334663947492],[44.34185609173225,39.68557269617917],[44.287829967142876,39.48606664067342],[44.24584550432798,39.4863804521153],[44.134213344098875,39.494472479225166],[44.100854678878996,39.49315661502109],[44.0206864730006,39.48088186512257],[43.99951294258453,39.47597137302688],[43.97995715345046,39.468046503284455],[43.9627301709435,39.457395768886485],[43.94202834084159,39.4418546680242],[43.928294793190105,39.42945063392462],[43.91773001346279,39.41531461548607],[43.91068447140921,39.399918198091584],[43.907390750764534,39.383774690306595],[43.907956079403604,39.36742196178616],[43.91235908587919,39.35140450591903],[43.92294081346759,39.324999314905945],[43.92831043945915,39.314132084914334],[43.94776123073075,39.2812758746519],[43.95971838713756,39.24521847075631],[43.96372721568439,39.210793995130636],[43.96839980928341,39.19241001148135],[43.97789490235222,39.175157091581546],[43.99179591443623,39.15978658459946],[44.033989362077904,39.12211974272826],[44.04853698381459,39.111200764419195],[44.0628778325995,39.102164605450845]],[[55.66733783195087,26.87091726582874],[55.66759825908483,26.87040053761816],[55.666676708814144,26.869994181162653],[55.66733783195087,26.87091726582874]]]}},{"type":"Feature","properties":{"name":"India"},"geometry":{"type":"Polygon","coordinates":[[[68.06847709808618,23.84086021777569],[68.09551314966434,23.71247330991287],[68.09783360421379,23.703809656528232],[68.14087706018468,23.571915726309165],[68.14763469786168,23.5565644630626],[68.15739133780349,23.54260234533663],[68.16981123471446,23.530508798910876],[68.18446753839395,23.520699032691518],[68.2008569487095,23.513509840591013],[68.21841693970416,23.509188085469727],[68.23654497153198,23.50788225259341],[68.25461904702641,23.50963735756603],[68.33388262601832,23.524166584004483],[68.44124263939031,23.32503363645216],[68.4446671484909,23.31922028757418],[68.55623951377765,23.14516758736657],[68.56585616761646,23.132710152979943],[68.57765233991157,23.12192043027799],[68.75396758668164,22.985753733404604],[68.77116486965113,22.975085131479872],[69.18979584913572,22.76999756871185],[69.21451286534293,22.7615327233262],[69.64294753674643,22.67209432116744],[69.66501066563498,22.669827860144537],[69.68705554926716,22.672189109330798],[69.76201500386686,22.688284956164928],[69.78252948153751,22.69497438781588],[69.80090578170278,22.705669594459632],[69.89866735430049,22.777747651920343],[70.14835564150803,22.861948253894067],[70.2096990910426,22.87752334961611],[70.23769668375374,22.879981026645975],[70.25316840405027,22.874522326608172],[70.2465169072624,22.86538422783366],[70.24284822240953,22.859928306602207],[70.11370724085964,22.651192779905255],[70.0693467142909,22.642013230886334],[69.99785847054072,22.636700520722474],[69.9773892598213,22.633123822011115],[69.95822558025291,22.625636303739046],[69.80088932457045,22.544816732198253],[69.74278522682377,22.553331031288952],[69.72519854718801,22.554423184399106],[69.70768903442625,22.55258978140992],[69.69083138132602,22.54789117474421],[69.67517870406488,22.540481731927123],[69.66124431578044,22.53060472251693],[69.61895331137653,22.494550680525364],[69.55396464226038,22.497530115475545],[69.53759599350593,22.49701149006323],[69.52155736285795,22.493982249176806],[69.50630363726243,22.48852845827576],[69.27934632082938,22.386225885760275],[69.26667852002653,22.39641307645543],[69.21030516808324,22.46831594341326],[69.19583161433216,22.483003368220935],[69.17818237296541,22.49440692417809],[69.15822636362273,22.501965080173],[69.07848855063749,22.52301548392781],[69.05988917023323,22.52616810283683],[69.04097909296256,22.525965404626376],[69.02247319642024,22.52241527897641],[69.00507090195134,22.515652140253312],[68.98942961319332,22.50593178711713],[68.92126540496692,22.45399946185929],[68.90846679110044,22.44222535454604],[68.89827960621258,22.42847586707004],[68.89105739719861,22.4132294736166],[68.88705029714194,22.397016520241586],[68.87354350971933,22.301902593522335],[68.87278957806878,22.28722150262963],[68.87467382635577,22.272624318540693],[68.87914430436813,22.258507404006536],[68.91805418405639,22.165031449100464],[68.92480210786249,22.152050596623543],[68.9337318025932,22.140232734236154],[69.11664484399185,21.935048359388375],[69.12888961922283,21.923566276951064],[69.3176786153404,21.775538180769043],[69.46990202705175,21.61904282984301],[69.47704688076874,21.6124163836726],[69.67800660707358,21.444206016144236],[69.95932368419115,21.12271022667328],[69.96700383178657,21.11489582942049],[70.05995705214201,21.030801791583343],[70.06877200427928,21.023732377080762],[70.4263707909018,20.76935335912261],[70.44498374085993,20.758939469313713],[70.6791401150623,20.659222944828866],[70.70281993061181,20.65238586430911],[70.86307401335779,20.62645905130956],[70.8799087388754,20.62512856398241],[70.89673691638777,20.62656007827242],[71.04158175161672,20.650897589510482],[71.0586744953559,20.655307448348108],[71.43039684722962,20.78611342762743],[71.44724784099343,20.793842936968005],[71.61640552855641,20.89144412677508],[72.05457400348119,21.074037956633514],[72.07345296356965,21.084411439922594],[72.08932093797192,21.098477037196737],[72.15066898433719,21.166810560059957],[72.16159006996246,21.181832356770933],[72.3391862023937,21.488694012302222],[72.34752986330143,21.50835702462143],[72.35066397888053,21.529283527777615],[72.35338823933246,21.659517586718984],[72.3519035719219,21.67694845419673],[72.34678171309555,21.69378026511585],[72.33821709592283,21.709370215857007],[72.29194360164955,21.776388683513375],[72.28630521665507,21.783710475870336],[72.24685481270828,21.829822541703173],[72.23366620880911,21.84245520289925],[72.21806120552041,21.8524672257201],[72.20064033409365,21.859473209059548],[72.1779988525546,21.86622600466761],[72.18038374897316,21.873421278226],[72.22178158637837,21.9132909972552],[72.29183669216543,21.949586121076784],[72.30863256236243,21.96059983127264],[72.32252805593826,21.97464127242091],[72.33289512156786,21.99107696044944],[72.36300881557408,22.053174092749526],[72.36743947641109,22.06419928459079],[72.39953519173626,22.163652186193044],[72.40024570422855,22.16692311694106],[72.43742539029981,22.160241773599783],[72.45459154871462,22.15889529285393],[72.4264166771388,21.989907332933374],[72.42537639098147,21.972492013515318],[72.42801431762757,21.955219294415198],[72.43422906907784,21.938744729010317],[72.4437837360981,21.923693382852992],[72.45631502174106,21.91063617594762],[72.47134710825166,21.900068296236643],[72.48830972035222,21.8923904900545],[72.49604381705383,21.890485202545438],[72.44920415500482,21.718478156138136],[72.44638960455816,21.700944864287827],[72.44736606723993,21.683241583357546],[72.45209390539009,21.66606233394479],[72.46038659885282,21.650080367135537],[72.47191823128438,21.635921833969796],[72.48623637983117,21.624141324540556],[72.50277988622956,21.615200221273977],[72.52090080829883,21.609448699454504],[72.53988969973499,21.607112066342204],[72.63687447897242,21.604113860438183],[72.54757001506213,21.527470248023732],[72.53537153183835,21.51479704480568],[72.5259780165831,21.500218572654166],[72.51972661521063,21.484259604014955],[72.5168411499196,21.467494384916648],[72.5174242159099,21.450525946958198],[72.52145366105206,21.43396441450485],[72.52878355081556,21.418405087669942],[72.53619164062977,21.408401807834682],[72.53203815390705,21.39981857024811],[72.52778626466943,21.381372266171297],[72.52779862901795,21.362509911141895],[72.53207307354423,21.34406876133075],[72.6007251652921,21.14978430819901],[72.60745388121342,21.135213545198653],[72.61684389289246,21.121973422472315],[72.62860041746573,21.110478768578393],[72.68776677873221,21.062013327297826],[72.70116856066205,21.052812931649935],[72.71607537238813,21.045894551336175],[72.7320419793613,21.041464853657153],[72.73254571245006,21.04136820938521],[72.74486262124026,20.942218263493853],[72.74800928210132,20.927633335841627],[72.78389417390757,20.81194815823943],[72.79717643829592,20.67349196082129],[72.78673506495154,20.582166639544944],[72.61808418929745,20.106056297549053],[72.61437722754708,20.091689534550962],[72.57332099674888,19.844617296150282],[72.57225067115351,19.82749626249824],[72.5746847968124,19.810503150993235],[72.58290614502206,19.777502249988977],[72.59027470081114,19.75822697005132],[72.60525452382122,19.72979575362094],[72.63222392628634,19.564615743863833],[72.63626283981048,19.549175088563445],[72.6431499729155,19.53465315481527],[72.65266743895033,19.52150789784128],[72.66451462527117,19.510153776254135],[72.67695875392394,19.500178325929],[72.67403001285206,19.49544962371705],[72.66681841185014,19.480972969923105],[72.66245979481367,19.465528667573622],[72.66109198394409,19.449608235877342],[72.662757578789,19.433718179150144],[72.67029774323656,19.39637232187834],[72.67696545635911,19.376438427282967],[72.70090985102654,19.326257689790314],[72.70929753113579,19.31221755530352],[72.71391276435659,19.306984388920018],[72.70443717278913,19.280976522755378],[72.70028186992892,19.26480697005129],[72.69937730369921,19.24820012547985],[72.70175364255998,19.231728637834415],[72.70754606790732,19.208235477957587],[72.70789379030371,19.078909998091742],[72.71160504598755,19.054364872792856],[72.74329523443986,18.95067846333638],[72.75057291113136,18.933657052432],[72.76138542633954,18.91839963880545],[72.77527755534365,18.905547438908375],[72.79166506381856,18.89564050491931],[72.80985924847108,18.889095113511612],[72.82909578763325,18.886186339198982],[72.84856670874179,18.887036531159538],[72.84985804378552,18.88734929988101],[72.81368301263197,18.81860543284243],[72.80713465625051,18.802377747773495],[72.77935747187574,18.706472242899572],[72.77629848984903,18.689966475005555],[72.77654958830497,18.67321987344448],[72.78116194738848,18.632990733633704],[72.78544111045258,18.614420999809635],[72.79377840317191,18.59713255998749],[72.82532934601474,18.546709825407664],[72.84908905509542,18.355006760488337],[72.85144389666674,18.343063082723283],[72.87894124512138,18.2421023264966],[72.90015419791574,18.086050508750063],[72.90253379202883,18.074541993132833],[72.95584565455128,17.883617292251174],[72.9584000638368,17.875888494726137],[73.06059517767287,17.608970567031072],[73.05501455933377,17.53342829119242],[73.05518879702204,17.518846156179265],[73.05785044823317,17.50449252181544],[73.14663098057365,17.181158691072607],[73.244678887174,16.448238151416028],[73.24952224897922,16.42904051934666],[73.36368771728007,16.126828437026457],[73.38479100852973,16.034681336869312],[73.39034595202152,16.018223652209993],[73.39910388638835,16.003113065123255],[73.52551295706436,15.827341974247329],[73.59408658948014,15.673356066903125],[73.60227470972329,15.658838275695732],[73.61310726575289,15.64602712935673],[73.66603218736512,15.594094053374048],[73.67965160316035,15.583220920329925],[73.67861101605003,15.57009751070511],[73.68117730529012,15.551606556488162],[73.68767376693128,15.5340467851147],[73.69781764035125,15.518179750452541],[73.71116830593469,15.504693432738609],[73.74309286292957,15.478553784772865],[73.74848072344072,15.470623409337595],[73.73647937423526,15.461484728004603],[73.72482677318904,15.448455366965508],[73.71595699394427,15.43354152330992],[73.71019416502018,15.417289569686499],[73.70774843798547,15.400294701399188],[73.70870841488728,15.383179117821038],[73.71303804089017,15.366569243544665],[73.72057805601152,15.351072823044856],[73.73105193374522,15.33725672316493],[73.80012480123112,15.262403317434197],[73.85947397853967,15.050977786177189],[73.86502592855966,15.036365358709258],[73.87312361707906,15.022914678288831],[73.96454389440541,14.897566233458779],[73.97430667970511,14.886277993582164],[74.01640615863134,14.84504684210473],[74.1459079878294,14.658699061115824],[74.15508664728772,14.647524262689366],[74.20830757645469,14.592418479558356],[74.25669841293677,14.526905729687016],[74.29348090468297,14.464011723563432],[74.30578587146248,14.392292385903378],[74.30985645482372,14.377036016549091],[74.37436642530291,14.200875653813583],[74.37418439224872,14.168859665191794],[74.37699190530262,14.146452443251713],[74.4088759858349,14.023966054082596],[74.41724182637634,14.003192504097521],[74.52341116822942,13.81343503602261],[74.58045611695101,13.647236799168368],[74.58945023938578,13.577248749190694],[74.59011988441864,13.505606849992093],[74.59191728909335,13.488789127210596],[74.68027258349873,13.059270423077889],[74.68273386220712,13.04992152884093],[74.71519020475428,12.949453881372083],[74.72005355104382,12.937483855127962],[74.78173749145552,12.812697631488062],[74.85687030578711,12.54071688938243],[74.86291442993296,12.524920227045616],[75.11420669023398,12.018023663352007],[75.12125845992152,12.00617386635604],[75.13008296541857,11.995531701255096],[75.16318588237098,11.961363660618304],[75.17320082896828,11.952458974254515],[75.2479504310865,11.895313520877114],[75.34845274271385,11.759284466864361],[75.3550660507518,11.751334139058253],[75.44859969454367,11.651202782651048],[75.56463760143818,11.427324907766288],[75.57176706750835,11.415802259595017],[75.64292974021933,11.31822611961816],[75.75807596126317,11.028520369435617],[75.83489071911356,10.759294580717949],[75.83947624636112,10.746834815630177],[76.01167510514591,10.368236161520526],[76.03776494812617,10.296254203103816],[76.04573535880557,10.279796580871842],[76.10453213328422,10.184762046224765],[76.10429463157094,10.183764146080442],[76.10193871052716,10.159778832004479],[76.1048971772627,10.082147616994236],[76.1070846587418,10.06566782979937],[76.11231233547518,10.049891666799537],[76.13947609869987,9.988041039013252],[76.14743220452033,9.973693733313448],[76.15790532349301,9.961037447457333],[76.15849074275988,9.960549217284644],[76.1534403406875,9.944133320237693],[76.15167179892319,9.926592031890443],[76.15339709984117,9.909071117714078],[76.2030156506297,9.660803909538911],[76.23497961205291,9.438819484796909],[76.23946928304926,9.42098186166011],[76.31804171153836,9.205742011915573],[76.32363381825482,9.19341626523613],[76.3395568038638,9.164419753184141],[76.34867233535847,9.150920333755224],[76.36010856746603,9.139298109831287],[76.37348815294753,9.129936269199723],[76.38620798102647,9.122664683488114],[76.39361514581927,9.076139857660666],[76.39818879767783,9.058852303526432],[76.46874426461616,8.870903094249307],[76.47500227900781,8.857655752905355],[76.48335497209743,8.845614578248043],[76.49357900027326,8.83510114087355],[76.55137599077669,8.784695952306452],[76.89599170066275,8.351317203248358],[76.90541343133415,8.341168564357675],[77.00442611264397,8.249841946347132],[77.01266161362997,8.243104614384501],[77.24816427016003,8.072558841200498],[77.26066635348944,8.064970054972335],[77.27425199822916,8.059516029915915],[77.4902953521163,7.992544214649234],[77.50685196922497,7.9890693444139025],[77.5237883021817,7.988754537125748],[77.54050502300768,7.991611003569404],[77.5564105209222,7.997537763268241],[77.57094178300952,8.006325193018402],[77.62876847361017,8.049137380734305],[77.79788694035086,8.1044965288311],[77.82036765785817,8.115469673748288],[78.11017962850836,8.310116785179716],[78.12195599704896,8.319517144083909],[78.13201158817235,8.330729983418397],[78.14006611016434,8.343443138390134],[78.20631053409552,8.470177528002411],[78.2132345005519,8.487636014695953],[78.2163816303564,8.506125598897876],[78.22558886250698,8.650121694053343],[78.27522626861104,8.849888137059498],[78.3379123111035,8.92574532090407],[78.46341887296454,9.023787593839984],[78.98982658885895,9.177985390512573],[79.19594555842835,9.166891539785158],[79.38333227194354,9.106837307375205],[79.40114709854072,9.103039930691477],[79.41937968853551,9.102874927622054],[79.43728921517919,9.10634905902807],[79.45414791122651,9.113321257283339],[79.46927055756863,9.123508325184464],[79.48204227219928,9.136496391123519],[79.49194348238217,9.151757664754086],[79.49857107051527,9.168671824149492],[79.50165483184782,9.186551177460082],[79.50106856512565,9.20466858689269],[79.4968353292037,9.22228702701106],[79.48912663208309,9.23868957813224],[79.47825556487739,9.25320863261068],[79.4231778297022,9.312992740251152],[79.40813358837089,9.326051565227225],[79.39055327852222,9.33549312354092],[79.30966858838339,9.367976508155785],[79.2888857855809,9.373563647377589],[79.12624774422977,9.397041135180135],[79.06533004268576,9.41411750128067],[79.02475212864539,9.450847071945724],[79.01414549778119,9.469299229819777],[79.02686446342008,9.538186778631536],[79.07433350074852,9.636953583145456],[79.3307891524288,9.982044478698898],[79.34087797900924,9.999306971829087],[79.34689072661993,10.018332363391325],[79.34853127961482,10.03818701551195],[79.34530953181482,10.1467316271569],[79.37787393565809,10.19046430493503],[79.42419454677241,10.22049410201821],[79.52528548657729,10.237455562449753],[79.5616494200038,10.226413463382059],[79.57376119819082,10.223617423078009],[79.65254047821367,10.210974495068989],[79.67186219584627,10.20993703329734],[79.7613792356376,10.214571650355001],[79.77675995186743,10.21667782472793],[79.85798199756215,10.234880558740352],[79.87430221744408,10.240177305197843],[79.88933484739175,10.248413000138667],[79.90254373693352,10.259294113653379],[79.9134575728484,10.272432750088736],[79.92168668722792,10.287360430958772],[79.9269369883672,10.303544755935535],[79.92902051402487,10.320408355487144],[79.94120753884705,10.766702558298352],[79.94124002082665,10.769397002627501],[79.93985033947875,11.197435201818788],[79.93836675366737,11.213282454790173],[79.92501503022396,11.285263467197638],[79.91654509866241,11.309912597054847],[79.88033131439865,11.379753298251734],[79.87094134044574,11.394232325690263],[79.86906479418529,11.396174590069005],[79.87247153432436,11.402001436473467],[79.8800573949448,11.418689625226898],[79.88406551559822,11.436533969785016],[79.88432958690332,11.454798031663781],[79.88083779085935,11.472727827206766],[79.84747513477583,11.582184021522021],[79.86092835046301,11.671393322738174],[79.94423995308738,11.956507821928618],[80.05827742769577,12.18457874934668],[80.10534381949209,12.23549447396126],[80.11388520857946,12.246267493492649],[80.21948675987251,12.402426939567585],[80.22955002302307,12.422188410580308],[80.31567545402864,12.660482672309874],[80.31972192037836,12.675859309795458],[80.4332955678238,13.346813070669224],[80.43450547262147,13.36373469265464],[80.43243694589515,13.380571470457493],[80.42716281743107,13.396724122524331],[80.41887012693566,13.411617561337868],[80.39147896231904,13.451322918159894],[80.39426936692412,13.457540064534314],[80.39815812351716,13.475062232400889],[80.39840728298215,13.49298247354533],[80.39500598537602,13.51058876460722],[80.33786171750258,13.699766273146205],[80.33646612053943,13.775280929724218],[80.33420856774515,13.793480015185246],[80.31451721738733,13.878208354376854],[80.31047013988105,13.89105581307218],[80.23270686307721,14.084554074805252],[80.20720712855677,14.207230452961781],[80.22193820475516,14.251857550790165],[80.2521263257374,14.307791350547728],[80.25926980649825,14.325235641597008],[80.26253203119126,14.343733727308436],[80.271187735512,14.472638121963652],[80.27062357274527,14.48997603991791],[80.25738873169482,14.589496843972876],[80.25441426872314,14.603253411896967],[80.18939086299598,14.818147413092854],[80.14773250553415,15.073002514733814],[80.19035313920926,15.295658184147449],[80.36988642554212,15.656573775102506],[80.4358070196505,15.71571085678636],[80.65934585080086,15.80303210252745],[80.68910195541095,15.799660676135575],[80.71296488533443,15.792973830603835],[80.73993032372681,15.731070502116195],[80.74871557577568,15.71543933861179],[80.76052101448984,15.701783028512397],[80.77488462198738,15.690635301740532],[80.79124470638172,15.682431761752488],[80.80896183648703,15.677492925351343],[80.8273437612112,15.67601174961559],[80.84567235373109,15.678046123747372],[80.86323154763251,15.683516613337726],[80.86445440684176,15.684031116154667],[80.88002363241947,15.677405945716254],[80.89742384335996,15.67189639449214],[80.91560814894619,15.669771688077669],[80.97651621434886,15.668453522955568],[80.99402548847718,15.66966386602302],[81.01099308553503,15.674014229143904],[81.02681871067963,15.681350763042044],[81.0409422963986,15.691413964970058],[81.05286376651793,15.70384781724365],[81.06216071708818,15.718212334202446],[81.06850339264929,15.733999082121066],[81.08102254384923,15.77670821238558],[81.10506328290452,15.824394738983392],[81.19117158163039,15.892139970835181],[81.20357085436576,15.903901674836437],[81.21349246860113,15.917671952300374],[81.22059168385452,15.932973220639427],[81.32366748054693,16.225205080485747],[81.34552363876742,16.258777584373206],[81.40871980819377,16.2741571111804],[81.70197287443959,16.245029856456803],[81.70207567982251,16.245019614056346],[81.75224576119177,16.24004091584151],[81.76807433782,16.2397616228464],[81.783726800396,16.24205035546044],[81.7987555843825,16.246841690786244],[82.17820369636867,16.402621584387113],[82.19320540455087,16.410375606474293],[82.31046312235641,16.484852328296316],[82.32582724816878,16.49703933689718],[82.33816111307135,16.512068571657],[82.40654897099407,16.616530249149182],[82.41319766888765,16.62863329452618],[82.41785655206151,16.641563167392086],[82.42936644549359,16.683619662199686],[82.45046237155171,16.759753450040932],[82.45358757641925,16.780917507450017],[82.45141296795833,16.802190001340325],[82.44166801978668,16.844577158820154],[82.43510481959072,16.863163977967933],[82.42448746128184,16.879943746039],[82.3890917448837,16.92413536066743],[82.37797566581666,16.949445568256877],[82.4316382595964,17.03614758043467],[82.64442313208518,17.197994590105424],[83.01972957143795,17.381737761095028],[83.03072586875365,17.388039959068134],[83.25216064111726,17.535140563083914],[83.2644560470218,17.544865171722417],[83.45410025969107,17.722479920229866],[83.46139521318946,17.730133439143206],[83.64015888853028,17.940485461597284],[83.70743637038666,17.99481241164451],[84.1477495594224,18.212866698344172],[84.16088813567939,18.220709446398203],[84.1725016995492,18.230486713870672],[84.18227805691716,18.241935918462943],[84.25607714637927,18.344449624390972],[84.53251087139235,18.628718890070648],[84.54006898503908,18.637527208084716],[84.68271174931346,18.826767726868226],[84.75941863479002,18.90242862575391],[84.7704123574956,18.91550691616981],[84.82941989973442,19.000880169505173],[84.8366698948944,19.013443563041896],[84.841719907072,19.02693622402768],[84.85563214042485,19.076276641912074],[85.28184361585028,19.435168328761293],[85.48949988802967,19.548781622913488],[85.50482007758073,19.559182293123662],[85.51766686056396,19.572221747061846],[85.52753692238926,19.587389766024497],[85.53404308351679,19.604092699288532],[85.53418929994601,19.60498355143914],[85.56982663950708,19.603153523408864],[85.589657003413,19.60407973944382],[85.60885417162933,19.60884758733766],[85.88380838261911,19.70661863381515],[86.24399647997954,19.80978537607441],[86.25156014441076,19.812272163373876],[86.31481110096749,19.835893567826062],[86.33473380342863,19.84604528437043],[86.35155580742337,19.860320319955548],[86.37499552529192,19.885554364786458],[86.38482906842795,19.89821654405304],[86.39217248012872,19.91229274075686],[86.39419558740673,19.91887569737878],[86.40323248334376,19.92041069074984],[86.42149743043022,19.9273703816299],[86.43785673135072,19.937699398099202],[86.45161617183439,19.950959643190995],[86.52086567258226,20.03310664415592],[86.5278810944666,20.04262230597707],[86.56854051431638,20.106122460117255],[86.79966210228646,20.236125645550636],[86.81592354455208,20.247615967947123],[86.8292301431257,20.26206778073068],[86.83898099746851,20.27882937538324],[86.85784730500896,20.321494499626745],[86.86265307395026,20.335505260916644],[86.86495425390571,20.35006384663934],[86.86468842768504,20.364779880227395],[86.8611152384299,20.398514894980092],[86.91264255630401,20.479256508957338],[86.9934512880755,20.55717731801501],[87.00714640907034,20.573921723270253],[87.05814776323871,20.65426644552495],[87.0661445844757,20.67024595964382],[87.07064866164308,20.687378752853213],[87.07148525638259,20.705004660799485],[87.06862084826024,20.72244429046926],[87.06216462050405,20.739025192583046],[87.05236444149826,20.75410780262866],[87.02984438898694,20.782128462878973],[86.99052098867803,20.981845841362755],[86.98659425094174,20.995565310395605],[86.94075263140736,21.116363195533562],[86.95242772447882,21.203997979476807],[87.02861356758218,21.30756839965728],[87.1570214694498,21.426185447000194],[87.2332620178191,21.459798151392416],[87.70106720434218,21.566225950821266],[87.72463925553505,21.57470726353439],[87.87008494054733,21.648498968651264],[87.88633686176658,21.65885377742232],[87.96480813470644,21.72059137701412],[87.96162116547933,21.710266304680072],[87.9600630152162,21.692658287231357],[87.96224866636389,21.67510868396245],[87.9680922395181,21.65829633302704],[87.9773665367172,21.64287131737035],[87.98971200489291,21.629429861442453],[88.05494798925322,21.57110586559846],[88.07169568422985,21.55910630507294],[88.09085008088852,21.550774918014977],[88.11149568339458,21.546509642657977],[88.24305832161373,21.533046440485762],[88.26200479457943,21.53283455855116],[88.28063310716456,21.536057558102378],[88.29822899456761,21.542591772742192],[88.31411760725545,21.552186569538318],[88.32768927685927,21.564473922755113],[88.33842283822561,21.578982471347352],[88.33901214446867,21.580256349158528],[88.38392661802067,21.545378565506834],[88.40052349295627,21.534992571915435],[88.41906563291458,21.528001698554597],[88.43875955128846,21.524704916782916],[88.45876279132109,21.52524313387587],[88.47821978644463,21.529593215513003],[88.61681665134113,21.575031087564675],[88.62836447397149,21.580034829321747],[88.63714233612659,21.566238948836368],[88.66918418876341,21.528654744072636],[88.68308014401995,21.515416237867413],[88.6995990956752,21.505101377921346],[88.71804100364689,21.498146876289674],[88.73762482884644,21.494847068104757],[88.75752148527074,21.49534152635514],[88.77688876688674,21.499609203021905],[88.79490680661743,21.50746933508919],[88.81081260616642,21.518589074745908],[88.87057206226798,21.570086655162253],[88.8708831535917,21.56993758039248],[88.88739826390055,21.565234425607642],[88.94703315613013,21.553525212498492],[88.9647774809269,21.55160331288712],[88.98260043379832,21.55274347090014],[89.06711884537165,21.565484758080252],[89.08459501939461,21.56969872659471],[89.10092492568477,21.576853283251474],[89.1155401040583,21.586699367609224],[89.12793151604231,21.598894216935243],[89.13766722749179,21.6130132496847],[89.14440746056913,21.62856479283045],[89.14791649129592,21.645007149763533],[89.14807097087242,21.661767423701896],[89.13847311590256,21.76635633038651],[89.1353354964882,21.78261598561026],[89.11301958279641,21.857576738997412],[89.10227195797457,21.880276474698043],[89.11051239429662,21.89022963925622],[89.11915685273826,21.9068792384591],[89.12394160172066,21.92481345617301],[89.14757657067038,22.080748847289104],[89.14842545747308,22.08927237638326],[89.15288213531018,22.18233080827345],[89.15279935794942,22.191744559866954],[89.14700104558958,22.280122163837717],[89.14293084667064,22.300941185132636],[89.06456384484679,22.53730158501683],[89.06230493374223,22.543331056466094],[89.02083426671163,22.642394299068126],[89.02335642322721,22.65810676670756],[89.02437843293215,22.673370558940384],[89.02257390294116,22.688570538437688],[89.01959363654348,22.702526100586613],[88.99634568845924,22.856013965519324],[88.9927796526299,22.870565642548968],[88.96245278912443,22.95914645879351],[88.95166974354434,23.02626207019678],[89.01600410545389,23.147310167951403],[89.02252947212529,23.163244334493264],[89.02566518101436,23.180019036031116],[89.02529739936615,23.19703188376284],[89.02143805296548,23.213671723881745],[89.01422458106913,23.229340583893606],[89.00391517240459,23.243475176739324],[88.99087962847626,23.25556718731356],[88.95982199418779,23.279358201305126],[88.94088400914026,23.29072728365402],[88.91959670580628,23.297794985012274],[88.83436613375362,23.316177344057373],[88.81224968446408,23.32290609706025],[88.83620170528253,23.416163186997125],[88.8387928437812,23.43487592602075],[88.8370617347437,23.45366689064416],[88.83108300086597,23.471706959386605],[88.82111890017197,23.488199818145308],[88.77797546077839,23.54461639197912],[88.76724201179343,23.556363358424356],[88.70954877804718,23.60949097671513],[88.69677119778184,23.624538014932206],[88.68462087797495,23.64208275019772],[88.67128420410656,23.675807278715187],[88.71487167529806,23.795593282567],[88.79111908588881,23.969224681078163],[88.79647282351061,23.985901480932434],[88.8104833147308,24.052980091217286],[88.81173192947928,24.0608167069008],[88.82439721281374,24.175500816920433],[88.8311614308714,24.21827878300539],[88.83212354965704,24.233846025736028],[88.830115006183,24.24932556378353],[88.82008772803319,24.293323292377444],[88.8145675272726,24.309586280475976],[88.80577002658725,24.324602194743722],[88.79401089213836,24.337830374649375],[88.77971279452926,24.348794356130792],[88.69844371091807,24.399898495090802],[88.67908242955505,24.409352250441195],[88.6578911940887,24.41466568578941],[88.52759489514261,24.43339802770607],[88.45852942231521,24.462394471765457],[88.41326761946377,24.511583502092673],[88.40075479282515,24.52292937765733],[88.3862108224157,24.532060197800142],[88.33580174309303,24.557955303182275],[88.31682299133104,24.56543411041019],[88.29653792656761,24.569150994107154],[88.27583816270628,24.568942464367858],[88.25563370391932,24.564817570577873],[88.22562467896635,24.555598135209934],[88.20094472594477,24.563405943149526],[88.15721431168429,24.605645050849258],[88.12758150810637,24.64717730798473],[88.13818138815296,24.681789760991286],[88.20670841288873,24.8136669643713],[88.2371612753375,24.800667502989004],[88.25756184592969,24.794315028710155],[88.27900226471101,24.792123653830362],[88.31286581729157,24.79202720840267],[88.33215931783276,24.793689454975205],[88.35073464630139,24.79872636399362],[88.36788150784686,24.80694524995899],[88.38294394980487,24.81803173418606],[88.39534534850795,24.831561715359236],[88.45493794393727,24.91121744705933],[88.46700558341556,24.933365144289766],[88.52763936442189,25.098310179162514],[88.56944414850138,25.098112493547724],[88.66449397502635,25.0913149477554],[88.72956446081103,25.080607540681047],[88.74411697593308,25.079202938088535],[88.75874415560637,25.079750461224737],[88.82842153243037,25.087024926240346],[88.84349059229783,25.089674497354647],[88.91629515121026,25.107829995872933],[88.93505112298308,25.114409964734925],[88.9519677941427,25.124269045136607],[88.9916052999001,25.152867716324504],[89.00578903605823,25.16537332757836],[89.01695794916085,25.180167322486145],[89.03884830843612,25.21643355661539],[89.04590481960756,25.23107517643611],[89.04998627188394,25.24660823926404],[89.05096273224044,25.262542332550165],[89.04880221077639,25.2783742141611],[89.04130684659782,25.309871078827104],[89.0345215230228,25.32833109963013],[89.02348416693569,25.345026358326923],[89.00871250074972,25.359171301355516],[88.990900645353,25.370100096775307],[88.9152853501693,25.406310564958854],[88.91041149876408,25.410835139883087],[88.89202158789195,25.47801344825391],[88.88614884697012,25.493338338611167],[88.87730974067433,25.507452355044293],[88.8510544936294,25.541693668655906],[88.83914339240445,25.55448144067552],[88.82480131545596,25.56504953755448],[88.8085257645098,25.57303091362099],[88.79088176543213,25.578148270806576],[88.77248218599783,25.580223747958925],[88.6189333609015,25.584465250269044],[88.55757946677701,25.61257930548973],[88.52768777391377,25.634906294245226],[88.446745309879,25.74725033752463],[88.43088648088732,25.764198909890926],[88.32072915169711,25.85584686148455],[88.30708244564097,25.865353541512377],[88.29181029664663,25.87259548225419],[88.27537085219588,25.8773552765074],[88.19237949589622,25.894386001141495],[88.18896579391027,25.89686971414188],[88.1878719260404,25.899208799895586],[88.19364453471248,25.929813213011258],[88.21977485952875,25.98082886720819],[88.22514498536609,25.99387460546112],[88.24115394316874,26.044447017516063],[88.30726353080416,26.115634000828788],[88.40064976922967,26.19067442362825],[88.41500601649149,26.204946214274017],[88.45479617284117,26.254143567533827],[88.51212946061344,26.3069184561641],[88.52398168380321,26.320095468144256],[88.5328775463233,26.33502202535595],[88.53850116497301,26.351169857187966],[88.54340269542728,26.371934294622644],[88.54355894530754,26.371800623367722],[88.5814419842254,26.323244165994787],[88.58268576338236,26.288590890877206],[88.58557377736558,26.269890955656617],[88.59276103075031,26.252156861618452],[88.60392800730436,26.23617257791216],[88.61857978391575,26.22264442098034],[88.63606809289737,26.212169935015027],[88.65562002836948,26.205211606520965],[88.69495072601657,26.195356725173912],[88.71506074585102,26.19225417725411],[88.73655888930412,26.190936032663338],[88.78605246509284,26.170576201652143],[88.80379565580331,26.165019080515847],[88.82239290366164,26.162539696674784],[88.84118858665829,26.163225370889847],[88.88434894951371,26.168464737590718],[88.90478997352865,26.161470169797493],[88.92304560030247,26.156945918745965],[88.94193383795772,26.155591218317937],[88.96077856444718,26.157454468697253],[88.99044472730863,26.16297016014614],[89.00788164408797,26.167726216772166],[89.01485881790232,26.17096024685869],[89.01762083185021,26.164000922875776],[89.02735196339128,26.14923719703327],[89.10551325819394,26.05298481389129],[89.11534162638884,26.04262873092709],[89.12680513402599,26.033731349277993],[89.22961693606912,25.965411596343667],[89.24913970538984,25.955279087846804],[89.32956929421782,25.92380778067117],[89.34449594902736,25.919187994035706],[89.44160358463249,25.896648431048366],[89.45921689443944,25.894037219040232],[89.47707511005986,25.894287112890744],[89.49460823639443,25.89739004555873],[89.57756005765074,25.919107818923173],[89.59570394212024,25.925635326799664],[89.61210107727142,25.93520379937105],[89.62612572644625,25.947448208370957],[89.63724221315361,25.961901386377047],[89.67414506670312,26.02153948864701],[89.7186699388857,25.93113208393951],[89.70183022736782,25.857408692835183],[89.70012598389138,25.832022239077226],[89.72473671076428,25.562484063578367],[89.69778605348003,25.387981487217328],[89.69738185158843,25.366246685265143],[89.70200290037502,25.326550124055068],[89.7081686906803,25.30352846970117],[89.72137315443955,25.272772445904703],[89.7298663214688,25.257500127044093],[89.74141655799257,25.24396814081999],[89.75560358202546,25.232667756833116],[89.77483774964085,25.22007698908371],[89.7931647920593,25.210590780658396],[89.8133073565769,25.204827553195397],[89.8343540368714,25.203047897340497],[89.85305232130027,25.203271263401124],[89.97302614590305,25.17289838202579],[90.08518178143667,25.13574115405896],[90.09122740009768,25.133932773942224],[90.22191408127472,25.09895188810638],[90.23455526800414,25.096361783759747],[90.42339600502157,25.06914464874534],[90.44751518551939,25.06834214296565],[90.56025582291757,25.076993820358314],[90.61001971145218,25.077963862059626],[90.72214184876812,25.07006715064173],[90.73519837193399,25.06992190035432],[91.04142405127956,25.084453614582348],[91.27994721248166,25.08813521080199],[91.3694394453267,25.065342063819692],[91.38397409352494,25.06267783467854],[91.46692703722766,25.05321767768366],[91.4866315666852,25.052748739125125],[91.76843909977086,25.07114742776487],[92.03109244684363,25.07929180274394],[92.15860761836079,25.03113046542818],[92.24201501511483,24.983826237993657],[92.23138739535186,24.98276498107449],[92.21340103505527,24.977739296125456],[92.19678008738282,24.96973621062801],[92.17382056677309,24.95600938697352],[92.15832232043306,24.94455878329392],[92.14567436843618,24.930537094171783],[92.13639080331306,24.914515160113446],[92.13084828423287,24.897145098050846],[92.12927085193637,24.879133675890596],[92.13131537121173,24.79524348499133],[92.13097208261546,24.79390069332609],[92.10437758632517,24.71449536373252],[92.02513988085127,24.525555415914372],[92.01999693362602,24.50819171185683],[92.01153463097371,24.461216951186685],[91.9953495473832,24.46032632624378],[91.97159878885995,24.456334184265323],[91.92215349726197,24.44216837807053],[91.90562566072042,24.435885507532632],[91.89061387763925,24.4269990144429],[91.8776122753498,24.415801476143137],[91.86704848796555,24.40266153477208],[91.84645363401927,24.371448637204306],[91.84105154885172,24.36203879162616],[91.80905046463761,24.29717366582119],[91.80770475437862,24.293917538239892],[91.79984469435315,24.29678900676534],[91.77991670007877,24.300014010240165],[91.75967348988374,24.299469316863842],[91.71374322954608,24.29390187554788],[91.69975318247658,24.29125558057201],[91.64190411309431,24.276259733131717],[91.6262184264352,24.270843006326917],[91.6117644009354,24.263090355848217],[91.55412664504195,24.22581608558307],[91.5335600287589,24.207936251556387],[91.51106205562685,24.18175340549668],[91.40039081877683,24.18947425171621],[91.38307097575144,24.189287158793093],[91.36604822766371,24.186343122437826],[91.34044589256588,24.179748517500684],[91.3208120679659,24.172542091739803],[91.30331487903256,24.16169069621089],[91.28876168028441,24.147695200621264],[91.27782333246726,24.13120152615222],[91.2609435048564,24.098182707580634],[91.25590199670471,24.086118094916063],[91.2490549574864,24.065343784064915],[91.1613500398805,23.982677713454965],[91.1501727551332,23.970016903213217],[91.14168214642537,23.955731273956072],[91.1361560184493,23.94028962612011],[91.09729662290923,23.78505045358209],[91.06605624872884,23.685109617181556],[91.06287823327477,23.67031032598991],[91.06245994710005,23.655238475245387],[91.06759618313826,23.57564584241229],[91.06969178289901,23.561770802279785],[91.07412675040003,23.548367330192615],[91.15960116528466,23.347880273546036],[91.21955455211673,23.08590724629645],[91.22670462825833,23.066281590330547],[91.23857198585124,23.048689294577166],[91.26221335336135,23.021306576234373],[91.27844130583799,23.006479031018053],[91.29798921707135,22.995531157032353],[91.31848891449314,22.986894167820513],[91.33808922305562,22.98084656016614],[91.35864229042194,22.978722282377724],[91.37922785687464,22.980616264183784],[91.39892429865854,22.98644352405369],[91.4168496558256,22.995942985595395],[91.42156306614072,22.999093761391087],[91.42722351047708,22.98783325330505],[91.43934602625575,22.972909188432233],[91.4816399580777,22.93078906028738],[91.49707717728025,22.918342354081112],[91.51501311845757,22.909141129918122],[91.53465320114461,22.90359262744093],[91.6006297691762,22.891739395436986],[91.61816729130138,22.89007472176066],[91.63574900382578,22.891332806469716],[91.65280222015498,22.895472549935597],[91.72814947944813,22.920607820657274],[91.74616067544312,22.92860857356798],[91.76202531938787,22.939806022106694],[91.81807169081657,22.988465764534627],[91.83180209392197,23.00327339402004],[91.84173805777667,23.02044211433291],[91.86461496445365,23.07301448690201],[91.86950193106883,23.08784537733094],[91.87153249112954,23.103222299768447],[91.87064507099088,23.1186861246081],[91.85545089016765,23.21814551539533],[91.85299165457641,23.270268791758294],[91.87135853010085,23.30800457945196],[91.98583134244757,23.405504122960913],[91.99733784280039,23.417165805605187],[92.00644832691763,23.43048009602211],[92.02521174899132,23.464111491093735],[92.03190794505018,23.479450496910406],[92.03541568464225,23.495646533436105],[92.0356148732321,23.512150275234784],[92.02871295571605,23.589654078260352],[92.03941842651864,23.58828435353259],[92.05783208530795,23.58910735370627],[92.07575962980316,23.593058938680073],[92.09256933800259,23.599999731946717],[92.11707852958315,23.612766783353695],[92.1177596863412,23.61201951822179],[92.13182726425673,23.60141797586407],[92.14780592753262,23.593382198337597],[92.16514292914104,23.58818989567668],[92.1675342189725,23.587903323412778],[92.19335773920074,23.474161719133246],[92.19410142526509,23.471147626959688],[92.23621845344758,23.313118895775315],[92.23593117161957,23.242591901832316],[92.23600838192695,23.23869147483795],[92.24355429168459,23.06612287258122],[92.24433460906646,23.05786940107959],[92.26484492746471,22.917050130080064],[92.26937160003948,22.899575085152023],[92.27760818836218,22.883285163592642],[92.28922217861833,22.86883539527368],[92.31062107539884,22.84715359211394],[92.33998974399043,22.788033994994464],[92.37264632904065,22.70419380709818],[92.3774433810821,22.693939744992225],[92.39634684810012,22.65960170258685],[92.41275145464222,22.51624403187451],[92.41372599665101,22.509911180478515],[92.43520595010042,22.39900492595365],[92.46448086226789,22.04126535749116],[92.46575555813907,22.032072806039476],[92.47947496638149,21.96210405015976],[92.48469445512941,21.945183064887495],[92.49339467530228,21.929532884683294],[92.50523880838182,21.91575729907105],[92.51976911358591,21.9043875660858],[92.5364246719242,21.89586198935879],[92.55456303356925,21.890509094749362],[92.57348493421075,21.888535041140596],[92.59246113941032,21.89001573718585],[92.61076040362593,21.89489395687771],[92.6276774938891,21.902981558300713],[92.68312461314375,21.93621821721448],[92.69588125873213,21.945335504657315],[92.70682801126387,21.956277795229923],[92.71566205567318,21.968742738894328],[92.73576907247175,22.00301696951833],[92.77887137393938,21.953840905839254],[92.78993166987877,21.94315742381258],[92.80274447762822,21.934300404474328],[92.81696058731667,21.927510941778852],[92.87211392546138,21.90628657023029],[92.89315609410812,21.90066136660039],[92.91502998796894,21.89954248503552],[92.93662009518692,21.902986722178817],[92.9916652061594,21.91782569887275],[93.00841822926898,21.9239471614713],[93.0236588364042,21.93282304347895],[93.03686138249793,21.944147259573146],[93.04757020611521,21.9575292829292],[93.055415330224,21.972507560168715],[93.11102276148682,22.109768191447397],[93.11447626622386,22.116059935035626],[93.13299455380948,22.116308760200077],[93.15283779976235,22.120485498537654],[93.17130521964458,22.12838201321098],[93.18758641450594,22.139651692770133],[93.21726899198583,22.16507921086659],[93.231116911887,22.17983549384834],[93.24117299537728,22.19700260322038],[93.24695891884902,22.215766188988166],[93.25822723147752,22.277034514421583],[93.2595936680795,22.292417192112914],[93.25925074778819,22.360721313767847],[93.25566444367995,22.384394950019033],[93.20009783882746,22.567239137547766],[93.18473619918919,22.645840920527093],[93.17800251771332,22.706615141612847],[93.20475549228856,22.77235608660548],[93.25205227177888,22.872469293304764],[93.25746180007667,22.88735995624807],[93.25995494464038,22.90288418715298],[93.25945416821384,22.918565181738707],[93.25844666707991,22.92642049641436],[93.26381183004362,22.926497031082132],[93.2813239045519,22.92972729820649],[93.33578227164917,22.944614114478153],[93.35597268267277,22.952480827032925],[93.37374841801879,22.96427276879084],[93.38821408049854,22.9793961551598],[93.4296304361001,23.033964072143167],[93.43704042546288,23.045460198465264],[93.44250477098099,23.057834316109663],[93.45913286956679,23.105380309438253],[93.46318652900501,23.12271076712856],[93.48862015092965,23.329317443463324],[93.4889138009189,23.332077610621415],[93.50584179329671,23.520917611283515],[93.50608868299244,23.524580705615243],[93.5130352306329,23.678615587264396],[93.51157899282899,23.698091416839],[93.50552048150682,23.716806281970772],[93.46626762996482,23.80223315502694],[93.44190531125138,23.895042448070196],[93.45824611641665,23.88932781252367],[93.47624871742791,23.88476477531152],[93.4948827788167,23.88338576163832],[93.51347564672217,23.885240383956138],[93.58374182801637,23.89846951200744],[93.59268373203433,23.90055232569171],[93.64902801274492,23.916254794231342],[93.66328015905914,23.91658984091378],[93.715304780845,23.895313189207833],[93.72201357421648,23.892834617061684],[93.82157557813997,23.859853999729328],[93.82792446667752,23.8579687154852],[93.973535634831,23.819595515482074],[94.02857859270343,23.79304750105194],[94.0460629560567,23.78648915167509],[94.06461155562373,23.783104738705436],[94.08353732783796,23.783019436210356],[94.13633354082293,23.787416244259724],[94.15401133058502,23.790385545481172],[94.17080853989415,23.796231624623935],[94.18616442240588,23.80475920578377],[94.19956613173365,23.815683499508335],[94.21056578007178,23.828639674697023],[94.21879537631688,23.843194992547783],[94.26151883100457,23.93935508730644],[94.26402540658049,23.945658955472506],[94.3135194243817,24.08614702366823],[94.31356005277034,24.086262426169682],[94.38466574441735,24.288226491492562],[94.46544031654227,24.43376840734008],[94.46563020824776,24.434111823310072],[94.48473259901046,24.46882984777358],[94.5745970169876,24.5872024471779],[94.5766362207485,24.589994772916363],[94.66758884638814,24.71953183520802],[94.67478405508965,24.73175259717613],[94.75406179921472,24.89546630369071],[94.75711637776845,24.90256864326245],[94.801520126329,25.02025707876758],[94.80600314460874,25.037624284948336],[94.80657719809393,25.055433912671518],[94.80270980083445,25.104553273560274],[94.7980774593916,25.12589767160861],[94.78784423587919,25.14557995804009],[94.75944734460525,25.186314458642908],[94.74829042162692,25.199425520004265],[94.73462780408205,25.21045063526626],[94.71892780422705,25.219011276363446],[94.66350077230163,25.24319716991068],[94.65879728876874,25.245775129244397],[94.67345287723978,25.289580252698126],[94.70859396180761,25.36323988728595],[94.73271213272257,25.389469534521062],[94.8348211453482,25.441740528361667],[94.84878467000195,25.45036085044626],[94.86093366243126,25.460971778455228],[94.93622656582285,25.538816561349304],[94.94128782905416,25.544491401704626],[95.02587406080244,25.647472781724083],[95.03149460543935,25.655087381274715],[95.07780679169774,25.72527382863447],[95.08604257739701,25.741061769726407],[95.09071569070142,25.75796470297465],[95.1100960034689,25.87625534437405],[95.11479478015623,25.881481360663418],[95.16287372368096,25.923792826103952],[95.17654272976564,25.938710705573865],[95.21600973006743,25.9926426416961],[95.22615513406227,26.01060706016027],[95.2315671012239,26.03012135055803],[95.23197011536371,26.050199910974463],[95.22886903478566,26.079348770391142],[95.22472151390427,26.097647836876718],[95.2163938828749,26.114755597381784],[95.20424923526294,26.129922547179454],[95.19628941342857,26.13792605406264],[95.16733048633371,26.21125892881853],[95.15144655022091,26.34953744677087],[95.15858708793166,26.4502099859653],[95.17869033824759,26.485046452350858],[95.17966252702189,26.48677588039568],[95.20718840712506,26.537054629919332],[95.2461643971922,26.560697086418553],[95.33645805471376,26.587593261927225],[95.35606747575952,26.59558322850964],[95.51477383904971,26.67933067963835],[95.52639254689458,26.686465815862164],[95.79897914149461,26.87945955058352],[95.89075814255386,26.93825665508184],[95.95304689408552,26.96832827394976],[95.97185709244114,26.980019390548886],[95.98723164777904,26.995151573789627],[96.04954728467065,27.072439867471104],[96.11996263314029,27.141659021100654],[96.21995558539352,27.175809022522785],[96.29379643616831,27.19094721819685],[96.66707425280708,27.249060120386456],[96.69681669559613,27.245560660608007],[96.72441044471203,27.23085477546609],[96.7941970550649,27.13074244651418],[96.80685544747081,27.11620495578119],[96.82263854775925,27.10429421274296],[96.89576986550466,27.059792832944915],[96.91401246499561,27.051002266126506],[96.9986402328789,27.019779961631727],[97.0187855213244,27.014454270769274],[97.03977147347312,27.012951859436345],[97.0606835067139,27.015337906482767],[97.124601007828,27.028714285574434],[97.14255488668282,27.034074063212156],[97.15908667372153,27.04229358191086],[97.17361580405822,27.053084116393983],[97.18563168045277,27.066066658946283],[97.19471156561485,27.080785172750705],[97.20053545990005,27.096722543749255],[97.20289744031105,27.113318682380747],[97.20459768963838,27.16121173511339],[97.20321488110547,27.178962120070125],[97.19786003658253,27.196089940802434],[97.18874520865836,27.211911419485336],[96.9970503191571,27.47471798478977],[96.98396097974268,27.5285550535071],[96.97958020321673,27.575711988149525],[96.98735747068059,27.595118235022138],[97.02996301470024,27.631868303558317],[97.11302559792537,27.690840218877963],[97.11316482773749,27.690939141843856],[97.22123210258762,27.767754411561448],[97.2248499229762,27.77044602704273],[97.27400337420862,27.808736138628994],[97.32928662494317,27.820501966685644],[97.34984951942188,27.826980564061653],[97.36840251594361,27.837147859396804],[97.3840919200333,27.850535981116145],[97.41309690702899,27.881184905712047],[97.42337262291151,27.894215620448946],[97.43088294597479,27.908612453379007],[97.43539144752604,27.923924027283654],[97.44382609302085,27.968493378007572],[97.4448900187225,27.990088366356076],[97.44053849092604,28.038620124269904],[97.43630857325806,28.0579431033528],[97.42732171950507,28.07594209883889],[97.40710377184445,28.10658408147591],[97.4112287759244,28.144240750478936],[97.42285328204143,28.203727015637618],[97.42429041709629,28.220815169079682],[97.42196536385043,28.237799358888093],[97.41596236534114,28.25405203709232],[97.40650175193547,28.26897241160402],[97.393932019708,28.282008677517833],[97.37871711490249,28.292678474345283],[97.35030697595184,28.308908491487276],[97.21021402943411,28.409434773969586],[97.1891864328325,28.42103493826867],[97.11942936296884,28.44967248204524],[97.10027404780494,28.45556254383181],[97.08012534614045,28.45800156231922],[97.05978726870626,28.456891951983373],[97.04007154423334,28.452277723952726],[96.97258523104054,28.429983415132067],[96.85297447289867,28.44997363415521],[96.84334359469948,28.451165365045025],[96.81532670400506,28.453442052895294],[96.71554650266992,28.520591950279236],[96.69713736635121,28.530424712001654],[96.67672959337331,28.536624862190866],[96.62650104836,28.546793174221456],[96.60744191437044,28.549018338394692],[96.58821133189693,28.54807592011631],[96.56949403410779,28.54399925043542],[96.43410487670788,28.50230867858835],[96.47267297077381,28.548114050564973],[96.65177251304311,28.699960832375023],[96.66492136969072,28.713506953758024],[96.67477552215537,28.729021586494095],[96.6809474220759,28.745896523040358],[96.68319345143044,28.763470028615167],[96.68142369519805,28.78105271631781],[96.67570574283296,28.79795454350486],[96.64489973347274,28.86388488339564],[96.64212018786883,28.869302048806546],[96.57647903254347,28.986389948521225],[96.56870534144427,29.035319524388843],[96.56364331149261,29.05320103760178],[96.55444299883396,29.069758804628385],[96.54149692402223,29.0842830797708],[96.51015574666427,29.11271553833889],[96.49610576933422,29.123309120899087],[96.480050794311,29.13149446411807],[96.46252360045501,29.13699959540021],[96.44410623567826,29.139641479044606],[96.42541059099989,29.139332154160048],[96.40705794116055,29.136081700528333],[96.39155170733177,29.132032389308502],[96.4038035843337,29.14062180425706],[96.41745924466449,29.152132089373968],[96.42847604349399,29.16560347838729],[96.43647896652122,29.180578410718244],[96.452618470425,29.219822821883984],[96.4577513403491,29.238225062713983],[96.4583144625838,29.257115239042193],[96.45428027495203,29.275646039003163],[96.44582753173388,29.292985870087367],[96.43333368633411,29.308356186056262],[96.41735828294058,29.32106650407611],[96.39870333877239,29.332988409512048],[96.38109011408869,29.342019765490246],[96.361721478569,29.347815465489944],[96.34137182366142,29.350143507415847],[96.32085514789838,29.34891052213646],[96.2696166360883,29.34131587865757],[96.21967856678074,29.423581528702442],[96.20195347281502,29.44453039334931],[96.15303584299362,29.48727793139548],[96.13331294243798,29.500693040514104],[96.08906059752717,29.52375736975957],[96.07154820190206,29.531009554877542],[96.05273812952669,29.53526159343507],[96.03330445231938,29.536360899350083],[96.01394383250572,29.534267855777042],[95.99535037548064,29.529057274743675],[95.84495285722751,29.472780451116808],[95.83913846809945,29.470413181594147],[95.66432040131286,29.393273918780185],[95.65577658326174,29.389042809010157],[95.46114289321248,29.281515459835745],[95.44452138611736,29.2700863716385],[95.4309105162391,29.25596931708928],[95.42088388597085,29.239760209468788],[95.41486318004179,29.22214310913054],[95.4131005499492,29.20386124952857],[95.41335426734764,29.192389028635407],[95.38170482861534,29.162842367337046],[95.37094930902346,29.150936221214447],[95.3531086281945,29.127351886922305],[95.31263680429315,29.134829504875288],[95.18874053183043,29.18508521071855],[95.17993183227078,29.18822612778412],[95.0339470495353,29.233386282493896],[95.01656512668137,29.237295770281833],[94.99863787207916,29.238501644480987],[94.98071618217794,29.236966697520877],[94.96823574017205,29.234927637112225],[94.84768440368144,29.254332754644686],[94.82496531258863,29.292910601176832],[94.81555225714526,29.305946322953908],[94.8036794363449,29.317357656553032],[94.7473356482922,29.362792976042936],[94.7298124292654,29.374129498642034],[94.70988429967713,29.38195735530587],[94.6558468560365,29.397353510363992],[94.63708453318765,29.401040692458565],[94.6178283780148,29.401616714191366],[94.59875540279651,29.399061140106614],[94.58053620294811,29.393463623661326],[94.56381121166253,29.38502076028451],[94.41645772891115,29.29356299606607],[94.25009629875639,29.22544060695117],[94.23519737730894,29.217954310437968],[94.22191810697956,29.208425428531147],[94.12209673390299,29.123664205289586],[94.11550566115994,29.117513135474955],[94.05692878263895,29.057422932238907],[93.99831601209917,29.04720470968508],[93.97995205607765,29.042415135503735],[93.9629023581838,29.03474151449951],[93.94776074171963,29.024451044304776],[93.93505419247619,29.011902056688946],[93.9252244596733,28.99753148083824],[93.91861270044645,28.98183956361993],[93.91544770112672,28.96537239043953],[93.91327160664338,28.93936298905467],[93.8972801466757,28.9204985616724],[93.84110387363461,28.87518327207531],[93.71318572236875,28.8087923471274],[93.63623344790666,28.77703083246732],[93.34739170376406,28.742709542427182],[93.33567786426673,28.7406930554],[93.22700140315705,28.716122962889976],[93.21024009809857,28.71093741821126],[93.19473618610053,28.70330009881709],[93.18095682708655,28.693441114180242],[93.13553983698262,28.654749179510848],[93.12262169330631,28.64136622641534],[93.11290270592276,28.626058782861087],[93.06423049762911,28.527928922604875],[93.06222640026114,28.523576638223673],[93.03144228103245,28.451292703150234],[92.96833131715348,28.395355629118825],[92.82837542818575,28.30438909802108],[92.65586046938348,28.226741564524094],[92.63792858833143,28.216445024260246],[92.6228131479208,28.203098070305757],[92.57350362444728,28.149312653523577],[92.561545975179,28.132907365782184],[92.55387940719676,28.114639354230825],[92.5448214328687,28.08279536615284],[92.54182512939649,28.063986037731983],[92.54339422878648,28.045067465252824],[92.5494560532378,28.026889365795125],[92.55973639472451,28.01026781668548],[92.56947930987386,28.000328620943783],[92.49345660326959,27.95525986502618],[92.43812299785792,27.92738999938886],[92.39444589772393,27.91323449398146],[92.3462583259797,27.91072017921487],[92.30754565039894,27.91589679802083],[92.30624464292218,27.916644526997278],[92.28975414775,27.924306664140328],[92.27193177270743,27.92916496044628],[92.25338180902597,27.931054540428736],[92.23473343939202,27.92991118074135],[92.21661925947892,27.925773520332914],[92.19965367281675,27.91878176043667],[92.18371703653189,27.910566036898086],[92.1406877902519,27.900786380072287],[92.09239758166918,27.896813227138136],[92.07496010709792,27.8940074006509],[92.05832434522814,27.88857244397299],[92.04299722402708,27.88067387811575],[91.94530656268793,27.819647084256108],[91.92058069935396,27.819399610939605],[91.84737093509791,27.833884358070733],[91.83887487513623,27.83522990858435],[91.72668465650875,27.848625130576742],[91.71339241693788,27.84942679745973],[91.63266660985555,27.849579611282103],[91.61326152503256,27.84795939393099],[91.59454570729108,27.84309472153324],[91.57721015671895,27.835165058235827],[91.56189463501684,27.824463013795],[91.54916393827244,27.811383495624103],[91.5394870115014,27.79640906925415],[91.53321968550286,27.780092079853123],[91.52905968310365,27.764480032864842],[91.50400443312958,27.710854997662558],[91.49927179823307,27.698094580147746],[91.48096177595053,27.632502949059603],[91.47831614003735,27.618014985780285],[91.47837438100882,27.603351432057575],[91.48113393743057,27.588904879168396],[91.49660802395437,27.535150588375068],[91.50509001007553,27.51561577331836],[91.51847183253857,27.498382719654067],[91.58186655648652,27.434349706060743],[91.60104906853518,27.419342960971136],[91.68598866191175,27.36830042945298],[91.70229931760818,27.360339331990403],[91.71999616951528,27.355177553745666],[91.73847723581034,27.352990532927983],[91.84660038583233,27.349095007511487],[91.87280332411866,27.35117608830145],[91.9301480964937,27.362506633707923],[91.9547698167368,27.323632820968996],[91.969157612532,27.295984728146813],[91.94489102913658,27.26048683784899],[91.93676746907572,27.245702296473873],[91.90819574546562,27.17873743378335],[91.90344008661059,27.163796911759015],[91.89322246568759,27.11632613102694],[91.8915053225395,27.095969905214158],[91.89501572810792,27.07581924838202],[91.90138014761021,27.055216615778246],[91.90797075174335,27.039701499284153],[91.91767477798844,27.0255480118885],[91.94476907962148,26.993228080996474],[91.96927218796496,26.950185710266148],[91.96943138260481,26.948381275426847],[91.95626777356658,26.9497935635716],[91.94229339050507,26.95042011160509],[91.89714272162334,26.94964184520317],[91.88509296331638,26.94878726642555],[91.82850791134328,26.941706349945726],[91.81518241811214,26.93921084069422],[91.72674149766078,26.916984569003436],[91.71727426428806,26.91414536957661],[91.6548381989972,26.892290220757314],[91.56353521659383,26.89545740530055],[91.5300075790636,26.927830892898033],[91.5146840375849,26.939876828969883],[91.49692072490701,26.948900351116226],[91.47745384755352,26.9545271186854],[91.45709075301274,26.956523581080457],[91.42796814342414,26.956720722252577],[91.40920764628962,26.955280046431724],[91.39106105433447,26.95075798457343],[91.37416327757413,26.9433126261549],[91.26296854502296,26.88215619099556],[91.14419810781338,26.892638208732116],[91.12404424382618,26.892602560756018],[90.84802744552425,26.867134428385455],[90.74116416579801,26.861571394647964],[90.639556535736,26.868854306133976],[90.59918926211455,26.87977991248302],[90.49588507772648,26.92968895542351],[90.48826939530554,26.93300137399322],[90.38646063610885,26.972582139064055],[90.36771982623425,26.97798136407441],[90.34814086284626,26.980020009096197],[90.32847554693613,26.978619668121585],[90.30947907084439,26.9738339762877],[90.21401008989966,26.940471767669194],[90.18618851238247,26.935387511881686],[90.16937195311206,26.930925801551226],[90.15366869080705,26.923935799856654],[90.13955515105609,26.9146295637455],[90.12745926119817,26.903289412152056],[90.0677126421119,26.83646730541883],[89.92711065144152,26.812478650933517],[89.77019559292077,26.792925769578485],[89.73669765016871,26.80074352603399],[89.71748366955478,26.803485705355673],[89.69793428393974,26.80455989959896],[89.68725245093665,26.819046673787266],[89.67289802926427,26.831857034456164],[89.64984829520444,26.848614351840762],[89.62940058542269,26.86011683663575],[89.58836529409477,26.877414214777282],[89.57301016716562,26.882560168201742],[89.55691087853069,26.885407046925582],[89.49467509332729,26.891747609656115],[89.42020558122853,26.910811286264455],[89.3756130637954,26.929722847622116],[89.35546773910274,26.9360197916618],[89.33426890034447,26.938378811414896],[89.31297325269932,26.936693308280237],[89.16323754159471,26.91027877048893],[89.0906240316494,26.943347476158138],[88.9723376960269,27.008627170846392],[88.96681395202276,27.011459959910948],[88.94753992471959,27.020628791691284],[88.93417853756111,27.08278142348306],[88.9297065185522,27.097055778006865],[88.92265209381863,27.110471589481257],[88.90108838296325,27.14392915783161],[88.890755741665,27.15706419679064],[88.87795021670661,27.168342148574904],[88.86682105336637,27.17652000974832],[88.94124967385618,27.22517604107434],[88.95399602988017,27.235054728449395],[88.96472329607083,27.246677075449398],[88.97313151271585,27.25971867404262],[88.98290676878662,27.27831548707259],[88.9891554783335,27.29370890242295],[88.99216582182333,27.309844126218383],[88.99183674768382,27.326186518113573],[88.98817780363562,27.342194373887846],[88.9813089992221,27.357336874652912],[88.97145699730636,27.37111170219949],[88.95894773830298,27.383061734222977],[88.90421595458078,27.426562691674746],[88.8603123933312,27.470090404742695],[88.852441125957,27.51608473092319],[88.92719646283213,27.742458244607203],[88.92992679681258,27.75302461515365],[88.94895408686591,27.854276816336917],[88.95027480381054,27.87208169264599],[88.94759049894627,27.889752408537255],[88.94100537734018,27.90659123649005],[88.92542274083354,27.936411558381483],[88.90296521619277,28.026593418253235],[88.89776683735712,28.041291959394147],[88.889793106159,28.054978146367663],[88.87927837453046,28.067248102648033],[88.8665322659125,28.07773961520878],[88.81906307880666,28.110521663949353],[88.7973276482508,28.121974157598924],[88.66209967760732,28.174161871274194],[88.6442170861114,28.179368358365245],[88.6255391115113,28.181569580138476],[88.5823418972152,28.18308565924759],[88.5629874488373,28.18213168694972],[88.5441758959446,28.17795657210855],[88.52659080457993,28.1707119264996],[88.51087091488667,28.16066087601076],[88.47244136669094,28.130777921323904],[88.4410383395241,28.114973990641648],[88.39061631311748,28.095861678272477],[88.25142350541898,28.056338184668093],[88.12455969356512,28.037491906428585],[88.10762412780306,28.03362214716458],[88.09168074499696,28.02724662771133],[88.0595354622369,28.011319619103737],[88.04367508425034,28.001609632239216],[88.03016541477103,27.989433711035655],[88.01949191578778,27.975229977691363],[88.01203755635105,27.959509393941754],[88.00200006753447,27.931035284500236],[87.9980014405972,27.914099930970906],[87.99774327712848,27.89681148794836],[88.00123350164014,27.87981058699823],[88.01210051547585,27.845879753773357],[88.02021598122886,27.82807799069691],[88.03242698733102,27.812223830295054],[88.04817357301658,27.799042279246915],[88.05173488067817,27.796645586658773],[88.04774763271423,27.769560489637215],[88.01119708809426,27.675100728328143],[87.97537575613849,27.603672853896995],[87.96953049553693,27.588489726500562],[87.92590053676724,27.429960862236793],[87.92383410630171,27.42006458814503],[87.88431189135405,27.14507731140435],[87.88483504002289,27.119150045752512],[87.89366342087723,27.071301385897776],[87.89935369322909,27.052934506311754],[87.90926794740186,27.036062338348316],[88.01994579354117,26.888217929254246],[88.05740866686163,26.790173956475368],[88.06023986654765,26.736644309231206],[88.01596823120418,26.613839957465494],[87.97080403564809,26.48890898907562],[87.8880290916732,26.51983773418677],[87.86498332425418,26.525662478905787],[87.84103677834646,26.526424820942356],[87.74057223033441,26.51880660786808],[87.7209771937381,26.515537144723762],[87.62197358686282,26.489665144458147],[87.52601749844257,26.49433862765719],[87.43359011969389,26.511029427809007],[87.41605054454972,26.512772191779337],[87.39843407264507,26.511734138374248],[87.38128690419511,26.507947388511635],[87.36514061620207,26.50152927411066],[87.27661160297865,26.4575880930862],[87.20702830559605,26.4771622648161],[87.16852043641136,26.496595167144076],[87.13024870681265,26.57701283128116],[87.12165719101972,26.59130434507792],[87.11032518736718,26.603971908883086],[87.09662265779919,26.61460105760124],[87.0751323838315,26.628427041123054],[87.05952646559923,26.636658516969778],[87.04251245396173,26.642241152889877],[87.02464576542367,26.644992621292346],[87.00650985722383,26.644823017771095],[86.98869705802096,26.641737821664627],[86.97178909670873,26.635837723690635],[86.73313922407596,26.529192946892127],[86.71620115359924,26.527286760055556],[86.58693684264755,26.577227897164377],[86.46097944345284,26.636027945478137],[86.45340913753343,26.6392053626754],[86.40504325018722,26.65733288450239],[86.38713347159131,26.662338619071484],[86.26253833110914,26.685941735067164],[86.25542329438413,26.68704907325992],[86.15296252544738,26.699583794008486],[86.04018921793596,26.734362814441894],[86.0180453350472,26.738758149441583],[85.99535401325652,26.738596883612363],[85.97327362988851,26.73388716058827],[85.84169620162541,26.69124052941514],[85.8293909262613,26.692037112714598],[85.82076576726872,26.69740394593172],[85.80623819344353,26.732907213388412],[85.80001144696229,26.79046945994496],[85.79535253965288,26.81014026223743],[85.78591228447716,26.82838554452359],[85.77216160934776,26.844291220771254],[85.72070111500935,26.891676893685506],[85.70399748433164,26.90404203012915],[85.68470435047873,26.91291480020452],[85.66372049635582,26.91788163607275],[85.58368268044642,26.928730780656164],[85.56519031723235,26.929692629937804],[85.5468086845529,26.92761151766723],[85.52916124519895,26.922557980512252],[85.4187747980062,26.880549888791435],[85.2840898388407,26.83426155619548],[85.26793465930122,26.83711772164808],[85.25921876151037,26.84003592460991],[85.24770992098028,26.87331119288385],[85.24085047664563,26.888230201215286],[85.23111225925724,26.901809729904283],[85.21880836665567,26.91361191666682],[85.2043349767501,26.92325608829645],[85.17815322198973,26.937619783886483],[85.16342165186394,26.94427792934443],[85.14766452373378,26.948693376164915],[85.13130666253676,26.9507470487084],[85.10312208524641,26.952193628954372],[85.0614980453572,26.96184548934477],[84.99237436565406,27.002192386611508],[84.98298331432017,27.007045622394454],[84.75855704155997,27.108775392100917],[84.75486459331022,27.114715152857006],[84.75570932437529,27.203028515055163],[84.75221764710221,27.227249780214574],[84.73819098215611,27.273449472865728],[84.72896561814291,27.293665315716115],[84.69842439408556,27.34250934596876],[84.68569105636918,27.35847323659259],[84.66936835642693,27.37159967443537],[84.65023098085709,27.381264864772085],[84.52086248656609,27.430808914338716],[84.51499110242355,27.432863362791597],[84.27016972164272,27.51053109927882],[84.13737618365244,27.571326120681483],[84.11970294753203,27.577614753530916],[84.10101244704555,27.58084938486584],[84.08196740933433,27.58091531037108],[84.06324322617463,27.577810171374686],[84.04550384290273,27.57164404196399],[83.9900656785537,27.546787841764914],[83.87412671083588,27.52265623154681],[83.85731766036248,27.517738213181612],[83.84172931092303,27.510292742397287],[83.82783886697287,27.500547827436698],[83.79969457748182,27.476967110904223],[83.77593142192374,27.4822233604394],[83.58487888064997,27.541306768031234],[83.56148716046289,27.545856528046887],[83.4569170676426,27.554847384909102],[83.43439958619035,27.55453857845048],[83.41251545584305,27.549811511834964],[83.34929217370829,27.529290334657286],[83.32975539371681,27.520724795479723],[83.31273564564908,27.50864129307814],[83.2990219212947,27.49360052066943],[83.28924908851393,27.476300182243712],[83.28779260327211,27.472834157152178],[83.2857136157202,27.471809939169514],[83.25641602787807,27.48388991607982],[83.24451229383932,27.4880056243466],[83.09461123286849,27.530270105493447],[83.08381410209019,27.5327355258893],[82.95680052233789,27.555134862926288],[82.81701449835089,27.591133931208066],[82.80890760321697,27.619120151764314],[82.80529245480288,27.629130221958544],[82.77184874337387,27.705906621279613],[82.76390066433103,27.720215686915182],[82.7532258841565,27.733053050704648],[82.74015990330727,27.74401429002372],[82.72511391024644,27.7527539914487],[82.70856183526186,27.758996684323815],[82.66106989433287,27.772629746453482],[82.64087833999938,27.77646173091538],[82.62022994818184,27.77658504504703],[82.47420154502328,27.764137966785583],[82.34230184431202,27.832403194774272],[82.1698316943928,27.938781758895527],[82.15996845411952,27.944143114732885],[82.08502992182251,27.979809984532416],[82.06634290473254,27.986672242902696],[82.01699265443335,27.99986488988728],[81.99503231925124,28.003461552438363],[81.97271681914764,28.002723175892225],[81.95112640945875,27.997685516505058],[81.90862062207073,27.983173762512287],[81.89427654929231,27.97709123931304],[81.86671064877224,27.96294662934867],[81.80852624734888,27.9914368825543],[81.68896372183472,28.056938200103396],[81.54300057792588,28.136752978694783],[81.37769215975842,28.24450285336808],[81.32017877907046,28.29614392591752],[81.29379806746243,28.33531989679522],[81.28886455022317,28.341958018569333],[81.2515744574795,28.38758321872454],[81.23660769447542,28.402201288546035],[81.21839256157331,28.413598086204626],[81.0660327249622,28.48817526156484],[80.9455816320399,28.547139299338916],[80.80355546201966,28.616682546181316],[80.78806919951613,28.625626138887522],[80.73855103414596,28.66383398499392],[80.73092417363974,28.669172589098356],[80.64661938139312,28.722572058324076],[80.63018866429871,28.73104982391714],[80.61225814221609,28.73670289133571],[80.54306701696625,28.752289619817677],[80.52225295095974,28.75500920727679],[80.50125312690022,28.753925800873933],[80.48095806987446,28.749085381264432],[80.46222819571322,28.740693198476993],[80.44585711192647,28.729105010768905],[80.43253784457025,28.714811915629678],[80.43082486592598,28.712528784254328],[80.38098369633136,28.741438616707267],[80.28615480477362,28.796406312010394],[80.21246839401695,28.846914455769934],[80.16016912837682,28.88279413250785],[80.18282030818226,28.967754456129672],[80.2151804127834,29.042496160089133],[80.22838030066849,29.05057640488185],[80.25004535297951,29.068462645246168],[80.31354334369061,29.13874448817615],[80.32311091096288,29.1513918474118],[80.33011101808717,29.165272958850018],[80.3343431653364,29.179992168235877],[80.357402076857,29.303369236540355],[80.35874723288406,29.318609583847156],[80.35792173792797,29.40768203324989],[80.4121227011659,29.53739421462903],[80.49068804467348,29.68346842154232],[80.6272846711542,29.840686306450962],[80.6778223681796,29.885018149140663],[80.73872984140806,29.91792599170621],[80.75933208036349,29.932559560610173],[80.89095712062026,30.053614304922345],[80.90900992131436,30.06666441967447],[80.94473301874888,30.085990752539423],[80.95410443314636,30.087289411512497],[80.97148465003593,30.081173767035487],[80.99172226750903,30.07605830956746],[81.01272588834854,30.074604616061176],[81.03362739679919,30.076872820888312],[81.05356285270251,30.082769184961144],[81.07170795179509,30.092049940910307],[81.08731190701758,30.104331306429636],[81.09972839119636,30.11910526488959],[81.1084422859794,30.13576047888108],[81.11309113401018,30.153607492082223],[81.11348038812808,30.171907196044106],[81.10959178836933,30.18990139871858],[81.08484695020852,30.262524610717215],[81.07726684789526,30.278750243178056],[81.06620593724297,30.293399471321518],[81.05208232409542,30.30591691382189],[81.03543079916948,30.315827861077356],[80.92635238557429,30.367947507881485],[80.81140414331782,30.43128168232634],[80.75445898073855,30.479257137136205],[80.7311556139811,30.49403522329269],[80.65787384513823,30.528089828179237],[80.63387535029796,30.536110679243638],[80.57305064843673,30.54923789469278],[80.44832556605274,30.592832294501676],[80.30322710994159,30.643455847273437],[80.30854640220909,30.66333428809945],[80.3111302291005,30.679857868696757],[80.31013530220577,30.696516186699522],[80.29741335328839,30.772014934360186],[80.29273796395897,30.788555651945273],[80.28453446919038,30.80404653402392],[80.27309561793098,30.81793211045078],[80.25883064397925,30.829714302784236],[80.21389618641057,30.86034708814772],[80.19626858506962,30.87005763211129],[80.17675505834596,30.87654474907346],[80.1561408820686,30.879547408011042],[80.1352559436586,30.87894480341969],[80.11115288210812,30.87614288473786],[79.98898822912749,30.959301591341415],[79.98538321612216,30.96122714230806],[79.98113685591801,30.96468234114848],[79.93639724035488,30.995120044602494],[79.92899846677733,30.999715049686177],[79.85171897841518,31.043394751392405],[79.83296263678547,31.051790216157425],[79.81263572149997,31.056769071185954],[79.7915710028,31.058127413607416],[79.66108906271894,31.055093974440595],[79.64452240604872,31.053556276743755],[79.58965388161023,31.04459048259561],[79.55565991111547,31.065580557435837],[79.4571073187399,31.131978083138282],[79.44231322428034,31.144324460459856],[79.41942281005441,31.163458922398362],[79.31953247769862,31.29158086690367],[79.19416783920292,31.452469132968044],[79.18150410495348,31.465756963303477],[79.1661344496638,31.47675180037858],[79.14861742603833,31.485053680866145],[79.08519593516519,31.508652824368408],[79.0647674122359,31.514209004112693],[79.0434614570006,31.516097961207176],[79.02216765882625,31.514240924633437],[79.00177506493212,31.508715485442476],[78.96913787738575,31.496596263328225],[78.95083942926166,31.487832244984684],[78.9349617697791,31.476113284019018],[78.92214129029487,31.461909728544885],[78.91289103960895,31.44579142855761],[78.90283913158412,31.42265609287288],[78.88387826219508,31.420264118283484],[78.8627823543966,31.41563522611126],[78.86126984968303,31.41499361868466],[78.8627469396019,31.425982010944118],[78.86311065124883,31.44333631835591],[78.85957425397987,31.460439484831614],[78.85226788669556,31.47665315230991],[78.84298740499591,31.48929533299747],[78.85154620716784,31.512939037080795],[78.89282169492606,31.5713210844628],[78.90204660829613,31.588052517942288],[78.90706190141847,31.606060755958033],[78.90765226212514,31.62458068746447],[78.90379023998192,31.642825092026307],[78.89563780944391,31.66001810472793],[78.88353985312027,31.67542825837523],[78.83700112094678,31.72320638098606],[78.79581622823832,31.77233068608302],[78.79369536944786,31.793985965158186],[78.8194033988116,31.85835630129008],[78.82314981190102,31.870425438293637],[78.83894135524773,31.940730509897364],[78.84079871058887,31.955706529718153],[78.83969534194236,31.970746818674094],[78.8356609788408,31.985428588953937],[78.82582006400155,32.011265515980554],[78.8191622410611,32.02484962877921],[78.80999741903167,32.03733530198264],[78.79857033437736,32.048388028451576],[78.75564389914445,32.0836234614043],[78.58792632436877,32.26153034881287],[78.58404246211092,32.269682289902974],[78.58393830342101,32.26990007448385],[78.5585193630187,32.32281753265954],[78.5463687921145,32.40783699025871],[78.54292599669198,32.42211580927799],[78.52319378705157,32.47970495693004],[78.5387832460377,32.48149147761032],[78.64161596397228,32.48946047425204],[78.64717530611573,32.49038950536755],[78.65054762708651,32.47855341808493],[78.65820917506677,32.460413844857335],[78.6760037846559,32.42922321069559],[78.68521621666045,32.4160479054086],[78.69691713042333,32.404378756857966],[78.76351522698923,32.34830676336875],[78.7730312165366,32.34119045361362],[78.85405957088865,32.28746266645258],[78.87119323725717,32.27818232440339],[78.89007985412054,32.2718444827171],[78.91002596133447,32.26868189875149],[78.93029948377993,32.268810742823064],[79.00894211758889,32.27573702592687],[79.03654197723777,32.2814266262901],[79.10583094787079,32.30445528487932],[79.12655394617225,32.31371030946801],[79.14435463418285,32.32662559923267],[79.15835812250948,32.34256722884372],[79.20461563836491,32.40963475185049],[79.22940971063264,32.41156761290976],[79.24904864768476,32.41470728301964],[79.26762974637091,32.420927710594235],[79.2844910808851,32.43000737476181],[79.29903152757511,32.44162283070231],[79.3107321166601,32.455360162848294],[79.31917454846881,32.470729661015],[79.32405621473825,32.487183209437994],[79.32520117645942,32.50413378088232],[79.32491532486277,32.510620894797086],[79.32272019005838,32.56060093659408],[79.33943994533134,32.69322894496091],[79.33961682019677,32.710794926540295],[79.33371819122183,32.76651349742021],[79.32734587947617,32.79013762402364],[79.31302800454229,32.82238183237935],[79.31569541342631,32.859012400654805],[79.31559635639658,32.87128130354151],[79.30835845166287,32.952489565130655],[79.30427669055952,32.97127289853793],[79.29559178042138,32.98892008061988],[79.28269335753002,33.0046348386103],[79.22596423742996,33.06008379541353],[79.21829737742148,33.065850668268496],[79.22413866327643,33.08301277193502],[79.22660555640915,33.091967321306946],[79.24014831531586,33.155779289676474],[79.24181241514893,33.171094901008175],[79.24035134393809,33.18643583720854],[79.23580648559773,33.201352483357184],[79.21319819854901,33.255714170991496],[79.20270799025728,33.27400629706549],[79.18761847643978,33.28986823344259],[79.1686972395524,33.30249125440476],[79.13086091822977,33.32233778952477],[79.08650028153967,33.356142573487055],[79.03178865819324,33.40313798433741],[79.00573009959076,33.43620370523008],[78.99296578407417,33.44947595078671],[78.94571816393336,33.49004938625438],[78.90650708329416,33.53266902293744],[78.89701529954795,33.65432163368935],[78.89109639352424,33.811252214458136],[78.88833807909589,33.82884891164621],[78.86636758827109,33.90760442138543],[78.8355066326561,34.01877410433388],[78.83639639957627,34.02609797097655],[78.99248472392445,34.11449854857036],[79.01496131487616,34.13154910642024],[79.05384116123511,34.17078705875612],[79.0642913736409,34.183389786692054],[79.07201060514882,34.19730155816884],[79.07677252615397,34.212116677874896],[79.08315331910545,34.2419953387018],[79.08478670261641,34.25549239198043],[79.08396128922574,34.26904984683307],[79.07717443189884,34.31358783064406],[79.07249396331473,34.33070364510503],[79.06391233160235,34.34675182434215],[79.03025269115615,34.396088650163584],[79.01473759435844,34.41353834395006],[78.99466701451169,34.427411399082644],[78.92603295895731,34.46421680352368],[78.83010149805456,34.52324541392005],[78.74064695175998,34.58649961031423],[78.72255100257391,34.59686323040013],[78.70232566757319,34.60399446338972],[78.54719208848711,34.64379667118929],[78.39097492829197,34.683893566121476],[78.37900654059995,34.69656021356813],[78.33918747977295,34.79737949978883],[78.33808398791585,34.80003001427688],[78.26064500284426,34.97666645486456],[78.17814029884283,35.16507474113305],[78.17503237014995,35.17139803598227],[78.12021557511868,35.27172560269149],[78.11879714138087,35.29850859545817],[78.15413096169075,35.42943630792763],[78.15661381863613,35.44482458182291],[78.15583313349981,35.4603511999884],[78.15108334572548,35.490726652142776],[78.14682378389021,35.506540683709666],[78.13918527221402,35.52148825916766],[78.12841413654252,35.53508437706522],[78.11485880635517,35.54688772755675],[78.09895861155046,35.5565150765629],[78.08122954810484,35.563653771951444],[78.04799936040827,35.574109968000194],[78.02938262739102,35.57846646970243],[78.01014311616166,35.58006834758763],[77.99088273402855,35.578865574998545],[77.97220402514665,35.574895831946804],[77.90857921620804,35.55627608335543],[77.89348781681156,35.55075961070743],[77.88903092279554,35.54878358760741],[77.8855492824276,35.55081741761812],[77.88373756513357,35.55263051468973],[77.86769367425617,35.56569296907856],[77.84875039618413,35.57579696358806],[77.82771151792122,35.58251359264181],[77.80547050347818,35.585557726707925],[77.78297228185586,35.5848001891847],[77.76117276382145,35.580273264606184],[77.74099787897144,35.57216929871846],[77.63853866598626,35.51950857986825],[77.51319170573603,35.455010277783245],[77.36512840148158,35.378857724378534],[77.23470929844467,35.311821830050334],[77.11035334197736,35.24781847859792],[76.99046012986707,35.18619360004556],[76.97519402822813,35.176684189332015],[76.96221501124195,35.165099157982944],[76.9519262030469,35.151799135354395],[76.94464654538919,35.13719796715703],[76.92727564619173,35.09108556694309],[76.91113745758197,35.05287194520643],[76.84182626828284,35.019033750126745],[76.73938687225154,34.982747016952736],[76.72007705300346,34.973856756856556],[76.70338926446497,34.96189845662185],[76.67800349787625,34.93952281022131],[76.66638763390812,34.92728668663421],[76.6575312397751,34.91355563761632],[76.65170110071686,34.89874525455148],[76.64810274863541,34.88587442891917],[76.62077301942574,34.85441102414477],[76.56699131020824,34.82743796146846],[76.53113663225108,34.82956813617373],[76.49144141216634,34.840926252282415],[76.47325390336053,34.84471710378969],[76.45457395682992,34.84587056784884],[76.43595867236982,34.84435234060158],[76.417963178435,34.84020776354453],[76.15293329136384,34.757818761391455],[76.04221218995895,34.75965591154958],[76.02029678124785,34.7581631098397],[75.9992367804501,34.75303530787411],[75.97990114259714,34.74448419564684],[75.87712845562802,34.68706926860075],[75.86874389615714,34.68186705211074],[75.80370535386618,34.63719862136087],[75.68480265383616,34.59273693182619],[75.61866233206334,34.592513123550006],[75.48656190650397,34.62183738779821],[75.31193961409363,34.6817247852257],[75.2421492401147,34.71604002283394],[75.22327488883535,34.723400681804144],[75.20308188574141,34.72765651239605],[75.18231458420297,34.72865080353762],[75.11888386454122,34.72662901065263],[74.96693202376541,34.73485983535401],[74.81269527157649,34.76499662992347],[74.61796355658737,34.803037870880495],[74.61484723681525,34.803604811099824],[74.51861669755878,34.81986343907889],[74.32092506586636,34.853219491379775],[74.29947967737844,34.85502618235672],[74.27807044500979,34.85330471847861],[74.25754160164308,34.84812312653772],[74.12908340676559,34.80361535820165],[74.0160631537299,34.76444510912907],[73.92456736382012,34.73814115610875],[73.90621234507664,34.73119218321852],[73.8897851154842,34.72152519131762],[73.87586035741847,34.70947879854237],[73.86492453159931,34.69547477654929],[73.78885948688225,34.57414328541555],[73.758132097909,34.53335973185362],[73.7532103594549,34.526078908534494],[73.71527517103452,34.463118866562674],[73.70939522373037,34.45127835105562],[73.69186268845367,34.407129819923945],[73.68741670526565,34.39100428504566],[73.68664032966173,34.374442254291154],[73.68955822036519,34.35801091663874],[73.70504152800163,34.305143950786515],[73.71190953616012,34.28873653970025],[73.72243229407061,34.27369567308566],[73.7362161360464,34.26058195378835],[73.75274649920846,34.24988401894142],[73.77140714430799,34.242000420422244],[73.85802679924096,34.21367323487197],[73.8614626545175,34.20999130461173],[73.85202207907064,34.199315991634485],[73.81852825340567,34.16345591432694],[73.80621403150991,34.146703104263494],[73.7986400570028,34.12807588419493],[73.79617076877122,34.10847766108442],[73.796403427154,34.0761562852671],[73.79905470810536,34.056896288717425],[73.80660715081753,34.03851475001657],[73.82489191670429,34.00590979950135],[73.83354869678,33.99323239615562],[73.84453235585727,33.981862582819026],[73.87207044805577,33.95760928803471],[73.88638992613339,33.94702397441799],[73.90269565978518,33.93868705267138],[73.92047742459116,33.93285936463747],[73.93917916397317,33.929723261603144],[74.03491354689594,33.920858630572184],[74.01170946826934,33.90951664974454],[73.93425359700035,33.8589944912121],[73.91875006774387,33.84655506750635],[73.90658319210452,33.83175109865092],[73.89824479663132,33.815183044177424],[73.87380109899279,33.74827653738207],[73.87019370035254,33.734634827024614],[73.86918116010314,33.720668224365774],[73.87031463023023,33.66720603439442],[73.87241934397136,33.65103177680584],[73.87797903209302,33.635410652077155],[73.88680943910681,33.620855979649384],[73.91329146194161,33.58547255231584],[73.92565800959483,33.57194448791201],[73.94082033759969,33.56057789761935],[74.00224062819873,33.52252982880408],[74.04016404415846,33.49380233266831],[74.03736704793178,33.474200860027054],[74.01976749652776,33.4235012667344],[73.96410621231543,33.354968820001105],[73.91044691835226,33.298456532518465],[73.90070111660327,33.286215782520465],[73.89350555021021,33.272776610286286],[73.88905522148002,33.25850528335284],[73.88468377474048,33.23750688958016],[73.88309675533738,33.22180131649485],[73.88481724532294,33.2060779281602],[73.88979039613503,33.190823765496354],[73.90378154914937,33.159096546572904],[73.91150938787126,33.145270159168646],[73.92189448013482,33.13271763901271],[73.96721349011794,33.0866969193865],[73.97236563346577,33.081827402049235],[74.04951107106476,33.01389610139597],[74.06674455133346,33.001583792647345],[74.16249807800229,32.94649014169478],[74.17719912534807,32.939380477731056],[74.19302646167237,32.934305639748054],[74.21278409324988,32.92943088663217],[74.21753860372516,32.91362501542092],[74.22170351816149,32.87531750060812],[74.20702769324751,32.84507815159069],[74.2011059760805,32.828337081000235],[74.19917014285271,32.810914407652795],[74.2012919906614,32.79347529926444],[74.20738847167071,32.77668524648013],[74.21722517165567,32.76118470180291],[74.23042550957038,32.747564713315825],[74.27954190631384,32.705839977372165],[74.29631315483591,32.69420339131967],[74.31549324047981,32.68565104852109],[74.33628909703026,32.680536619323135],[74.3578413277381,32.67907165610255],[74.47488217462413,32.68115372602435],[74.54463301448129,32.66933156833341],[74.53792883203356,32.61844615797263],[74.53828727115727,32.59619625101608],[74.55283095854855,32.50744188901451],[74.55806921718111,32.48939378491356],[74.56757123865069,32.47261090974943],[74.58092902281648,32.45781058966261],[74.60885744774549,32.43267825434496],[74.62613558210906,32.420110255340866],[74.64614261129576,32.41092119672691],[74.74919129893222,32.37495527182729],[74.7704915326271,32.3696290479743],[74.7925954628596,32.368165672517215],[74.96796099858865,32.372051659003915],[75.06287895267766,32.33803072566773],[75.17577926116138,32.29600485568969],[75.22189622367006,32.260416473128174],[75.22402475634176,32.257681701426584],[75.22321264078612,32.25173031517785],[75.18974677874805,32.21617290923589],[75.10621574370096,32.19041424029583],[75.04319172807443,32.175957230848816],[75.02394069148284,32.16975723338505],[74.69173305417233,32.02911801855922],[74.68032974851725,32.02348024998155],[74.57658514118998,31.964356900829177],[74.55941169258443,31.952083724999216],[74.47924816514875,31.880854569740055],[74.46864723553807,31.869754915294273],[74.46028034363394,31.85734137170765],[74.43073367742744,31.803908330946843],[74.42416463656794,31.788455206509877],[74.4081990338823,31.736250322399563],[74.40503134973642,31.71947009646055],[74.40564481450485,31.702455789042716],[74.4100154814123,31.685820320002527],[74.47978453749965,31.50280798471878],[74.48678327858484,31.469136226703814],[74.43330137713579,31.283502317560753],[74.4321932601631,31.27919566774415],[74.41498237919156,31.203408630607324],[74.41307196178198,31.187479008789445],[74.414503859937,31.171490302737435],[74.41923083653168,31.155953241476514],[74.44134143824367,31.103039960125415],[74.44943933636287,31.088097823079814],[74.46056566771476,31.074652331829217],[74.47434638565673,31.063154377224272],[74.48676929999675,31.05602649466706],[74.45223516807616,31.034951377282816],[74.35111147112269,30.9831623401487],[74.33897203923728,30.983203932466925],[74.31662532484648,30.981198986150915],[74.2953357410126,30.975125993797825],[74.27609274194374,30.965267411565897],[74.25978993793869,30.952081503038187],[74.13609903147818,30.827460733820487],[74.13065247404198,30.82146165539097],[73.93083437514967,30.58015464212585],[73.82978526940919,30.50240628984758],[73.81424336749575,30.48736210430813],[73.80304030586473,30.46966932348454],[73.79674489667674,30.450229944255273],[73.7892452697753,30.409859633600618],[73.78059603835423,30.36889902896431],[73.77899714998536,30.349379208751547],[73.78234858994293,30.329993099981355],[73.79048788988534,30.311665697871618],[73.82405426366098,30.255258634930833],[73.82561333325738,30.24476154596255],[73.80560618265403,30.219095188779978],[73.748012067714,30.16794186610925],[73.61762468729276,30.116034406395872],[73.43060229661634,30.055624298838186],[73.42052954540016,30.051819604030925],[73.33464953256508,30.01448542501007],[73.31794203011606,30.00537009127793],[73.3035755804912,29.9936498353749],[73.29207710538448,29.9797552833177],[73.28386766285101,29.964196724612847],[73.21964859891524,29.80279132797024],[73.21885394607503,29.800708903672838],[73.16045501948268,29.640937098408287],[73.13640339511451,29.586645300164278],[73.03701694744066,29.40589581883793],[72.86107093632184,29.136031338364848],[72.83147402648441,29.096850567797222],[72.57583634666072,28.974717000113632],[72.5736643813583,28.973646225614395],[72.28987003655136,28.829302895701208],[72.27469063975192,28.819822692035682],[72.26176219900655,28.80807115866114],[72.21188012236053,28.753409640180056],[72.20320793164271,28.742253247263097],[72.19656938120892,28.730067900571093],[72.13856788860008,28.59859680703019],[72.13692836578015,28.59459488684684],[72.0857464680216,28.45948132146413],[72.0462498531249,28.400621172882374],[71.87348819707898,28.238673282854318],[71.86203031965877,28.22568136532247],[71.85349807351302,28.211046066190118],[71.79441732910111,28.081186738481865],[71.7889930953809,28.064881872026167],[71.78142184488092,28.03007746081333],[71.6848800031181,28.00025224217053],[71.52438763284452,27.95847185695304],[71.28270281663745,27.94448609159856],[71.26446477327929,27.94193168298942],[71.15902561978794,27.91827456476115],[71.14425429934676,27.913859771445217],[70.84993175457728,27.80252869188132],[70.81161046247973,27.800118467991847],[70.79258767054955,27.806207346475883],[70.77292455093686,27.82338084426903],[70.7461677811581,27.865221833087194],[70.72922020879423,27.952008005028496],[70.72276250489172,27.97149322082364],[70.71148649834457,27.989229372952217],[70.69597055576708,28.00430388899242],[70.63609064305994,28.050665891965473],[70.61812064895986,28.061810675585388],[70.53741076385569,28.10118674535088],[70.51468112187825,28.109314576976974],[70.49043729290463,28.112450569532022],[70.4055082886352,28.114347694016306],[70.38699075955675,28.1132677306335],[70.36903161167737,28.10924792023415],[70.35223008390119,28.102422568208258],[70.26694740980447,28.058982647965593],[70.25815044547967,28.053941406811987],[70.18401721459612,28.0064009232411],[70.1766129842348,28.001160146314998],[70.12622293973043,27.96188012196663],[70.11995907096292,27.956550388421938],[70.07055575047418,27.910677981459546],[70.05511248129788,27.89191097125521],[69.96178395608095,27.739688612815986],[69.8152314599778,27.528386351183],[69.65455135139875,27.377476184745706],[69.59512613420665,27.332332347340518],[69.58834162296999,27.32666758244484],[69.54860360401048,27.290223758948944],[69.54577543396753,27.287518378898074],[69.49217873462622,27.234027089439497],[69.47867630772397,27.21678994175902],[69.4477532809819,27.165116485581244],[69.4385047599178,27.142875423765016],[69.39616527979992,26.97406826096586],[69.39480725999067,26.96749101794467],[69.37042338052292,26.8177854013246],[69.36966515174902,26.79847535027528],[69.37361376307852,26.77944661530296],[69.38486577911232,26.746009668641417],[69.3922795925608,26.72987666278795],[69.40306669969442,26.715304476530495],[69.4287527073164,26.686997813538202],[69.44339804895708,26.67387073118171],[69.46074545709519,26.663673202654362],[69.55180714411124,26.62131985368633],[69.68463142577508,26.55059190264912],[69.71105942475005,26.540707857948394],[69.8864214724645,26.499801380327405],[69.90644580158362,26.496992240762225],[70.02850761116906,26.490906768515934],[70.04452299298582,26.482007213037242],[70.05441272547766,26.469551204691996],[70.05586110336223,26.464043531635756],[70.04927063723329,26.355415887918813],[70.0342976318603,26.234881044037465],[69.98307637341463,26.10130159865424],[69.9789779652252,26.086636357069054],[69.97771714953643,26.07155078465474],[69.97866222005395,25.98962625378051],[69.98146893718847,25.969491213333754],[70.00310547598275,25.889532107209074],[70.00953288287707,25.873011413009827],[70.01942500330871,25.857908147440927],[70.18391266890951,25.654482391044667],[70.19670781192457,25.641470151309438],[70.21204853605923,25.630898764705545],[70.22935974122366,25.623164380465333],[70.28986779514668,25.602371911422523],[70.30554205672287,25.5982602701248],[70.32174208743504,25.596491171390973],[70.44499351293707,25.592088174107378],[70.45666073625249,25.59227964545909],[70.51394524407691,25.596226456623636],[70.54018100853241,25.601284369128546],[70.5570635316143,25.606761475744282],[70.55257431475783,25.425324172629658],[70.55492666097214,25.403898430485853],[70.56291072777695,25.383576328298957],[70.6134384031337,25.29176538421343],[70.62135396921619,25.279799874554065],[70.714743870194,25.16052062906553],[70.78670855404125,25.027568765020533],[70.85842260945262,24.85979278779275],[70.86128978863927,24.853743016822804],[70.92901580283382,24.723994917296327],[70.93217782120617,24.715870432231732],[70.92000626979011,24.703705343015333],[70.89404592771028,24.668537932257507],[70.88368562994009,24.650207362534594],[70.87825737061291,24.630205126439282],[70.87175044651319,24.583330843436627],[70.87100959050257,24.570073324462925],[70.87244888642229,24.556856201404848],[70.8791638497034,24.52196866592298],[70.87563634152218,24.50145313636491],[70.87452888183336,24.484472332249613],[70.87699778044099,24.467598717752626],[70.88295228958359,24.451443450472723],[70.88777463289595,24.44367886671018],[70.88443660870679,24.442625616373792],[70.84252586454654,24.424007847896586],[70.82654827838307,24.415100783040796],[70.8127362692082,24.403608341306313],[70.74451857753778,24.334816988256463],[70.73710461645076,24.33156842126538],[70.71584601541288,24.32847125187015],[70.68777498343229,24.332471857252123],[70.65800052546764,24.34471365447172],[70.66261205713431,24.3720615275206],[70.663587800164,24.390515629257628],[70.66034770956843,24.40876884540961],[70.6530287655713,24.426040092273023],[70.63477968411027,24.458572119185177],[70.62391946396336,24.47385784076306],[70.60987387034461,24.48685229747691],[70.59322229036665,24.497018917331957],[70.57465221572662,24.503937880485026],[70.554930754129,24.507323528276046],[70.53487277431054,24.507036200410063],[70.47731669764683,24.500873693089254],[70.45992354247205,24.497548232561417],[70.25962184639606,24.441636805706846],[70.25231599855297,24.439303784878714],[70.0614095727318,24.37044748543244],[70.04338794287922,24.36188026061097],[70.02771072843335,24.350138644004886],[70.01504688722518,24.335724423781397],[69.98499903996084,24.29309163110048],[69.96499733289683,24.27081418499205],[69.91857014811394,24.26008190225483],[69.80675871621439,24.25472052908877],[69.75132296663945,24.259312479350267],[69.69089506133434,24.298044509684548],[69.61586457079802,24.345968343125097],[69.59890195938502,24.35466835014034],[69.58038989343596,24.360189712426482],[69.56105061753595,24.362317209561546],[69.44524840812416,24.36460166341632],[69.43946499338432,24.364560325682643],[69.233028356527,24.357478006762786],[69.13328838319157,24.357807606737946],[69.07851381277095,24.37204413205366],[69.0625629080863,24.37492792775791],[69.04631326280936,24.375406390052554],[69.03020661861822,24.373466653397422],[68.98601088025887,24.364735501661354],[68.92484937237825,24.378838136288362],[68.90724769178573,24.381393331916808],[68.88943519777116,24.381047456688393],[68.87199352673568,24.377811991175022],[68.86515931626514,24.375319310347116],[68.860352690438,24.379437407365966],[68.84384740493083,24.38882403119583],[68.82563258659243,24.395104861905562],[68.80677194892843,24.399745003316774],[68.78800750851566,24.402644116557543],[68.76898830645311,24.402237910218606],[68.75042222064974,24.398541731467603],[68.72824300264553,24.3920415249068],[68.71012615559576,24.384837888554088],[68.69398278670442,24.374504073422244],[68.67464743012155,24.359261006679176],[68.65898203698022,24.343565440114673],[68.6478702270708,24.32496232682902],[68.63636532781531,24.298591347929978],[68.63134004820066,24.283048985005365],[68.62951447678728,24.266931738089212],[68.62688177453504,24.055205336827715],[68.58777778902825,24.05573093621684],[68.58705404500057,24.05573816708737],[68.48903899084296,24.056361634873237],[68.47209240617445,24.055134206766894],[68.36460551798694,24.038754899794593],[68.3565846421337,24.037215853216658],[68.25780059212845,24.014290983876602],[68.24348030989671,24.009873043258334],[68.23008594319533,24.003515875715316],[68.18173556418299,23.976055598325377],[68.17815749714303,23.973922529388172],[68.10900619559877,23.930682505065217],[68.09460065238623,23.91967224000775],[68.08279275082087,23.906365757383718],[68.07401683949257,23.891253695184066],[68.06859515362672,23.874893015819712],[68.06672609200096,23.85788643808169],[68.06847709808618,23.84086021777569]],[[85.42102964546939,19.75755943858801],[85.41756845796706,19.75871375789649],[85.42338501910073,19.76251688190582],[85.42102964546939,19.75755943858801]]]}},{"type":"Feature","properties":{"name":"India"},"geometry":{"type":"Polygon","coordinates":[[[93.58435632984542,7.191822531188599],[93.57875201088906,7.1822785920608725],[93.57194585958382,7.167810025817498],[93.56786528011169,7.152322316948991],[93.56664162027779,7.13631565247145],[93.56834070473266,7.016139137507272],[93.57006434460251,6.999887407112812],[93.57471413080049,6.984174657533073],[93.58213483361101,6.969523630767204],[93.59207911404533,6.956421610445623],[93.60421580979343,6.9453042349980825],[93.61814099125553,6.936541042950677],[93.63339141499927,6.930423226001086],[93.64576115673796,6.926715359932786],[93.74795343222847,6.711424047880262],[93.75656968983965,6.696910773626504],[93.7677208671905,6.684215365907329],[93.78101525487182,6.673783147655527],[93.79598611143595,6.665979938925624],[93.81210805250672,6.661079271775698],[93.82881546949092,6.659252844132325],[93.84552233481442,6.66056453998203],[93.86164270540736,6.6649682192241935],[93.87661121418246,6.672309350271413],[93.88990284092142,6.682330426286428],[93.90105127908032,6.6946799760775235],[93.9622811057645,6.777028093032386],[93.97068595351095,6.7908211869166735],[93.97642697369011,6.80594392565097],[94.01601084085473,6.948345640811334],[94.01895122333147,6.9648187350415185],[94.01874632487781,6.981597579741119],[94.01540279628776,6.998091601780356],[93.94487575156785,7.231452256041069],[93.93800292170458,7.248040030801087],[93.92798038889897,7.2629865921735455],[93.9152070742341,7.275695991266739],[93.87868540855617,7.305492203412037],[93.86275767179515,7.315931319882914],[93.84503522532054,7.322840748867705],[93.82630706933533,7.325912511741167],[93.8180173036886,7.325516682174807],[93.8221525174204,7.340467238181696],[93.82331132974012,7.358681795433024],[93.82072711960421,7.376805922791189],[93.81450694649732,7.39408342534073],[93.8049096444607,7.409793212358911],[93.76380795299448,7.463908208877094],[93.75146242268055,7.477189215542686],[93.73673539814565,7.487783230085495],[93.72022112135171,7.495262279700781],[93.70258623368498,7.499324104861943],[93.68454282696284,7.499804434082162],[93.66681962254738,7.496683673572059],[93.65013245589167,7.490087731949592],[93.63515527570505,7.480282941255422],[93.60375700628929,7.45480494497556],[93.5705829949284,7.436894079780142],[93.55453728329496,7.425768524821591],[93.54136238418114,7.411391590316576],[93.53169131276174,7.39445450353314],[93.51470602135812,7.355089714679733],[93.50922336002519,7.337523096568816],[93.50749577309381,7.31915663117563],[93.50959621170139,7.300773678326833],[93.51543433444344,7.283158084887274],[93.52476049205833,7.26706075039602],[93.56598496371491,7.210188678536526],[93.5774489859521,7.197172717602047],[93.58435632984542,7.191822531188599]]]}},{"type":"Feature","properties":{"name":"India"},"geometry":{"type":"Polygon","coordinates":[[[93.37113981177463,8.107095882291704],[93.36789342329483,8.107175309769087],[93.35098815765464,8.104344188732224],[93.30995866238429,8.09335640216383],[93.29380479576098,8.087302484726784],[93.27916090285574,8.078265569403417],[93.2665706958327,8.06658123499846],[93.2565014730846,8.05268338103181],[93.23140786882699,8.009751227660109],[93.22424540791751,7.994178040062169],[93.22023351611925,7.97748928781039],[93.21952010597708,7.960302649737559],[93.22213094447969,7.943254081342257],[93.227968791337,7.926974260498578],[93.23681709292666,7.912065253341305],[93.26577660226101,7.872419966584718],[93.28588891014279,7.83511888019591],[93.29506748290193,7.8212839479342176],[93.30661626495792,7.809322766201422],[93.32014367321551,7.7996403522109885],[93.3351912750909,7.792564458611668],[93.35124932044243,7.788334519293268],[93.36777398549752,7.787093585611003],[93.44528651808206,7.788369597508007],[93.46210831795479,7.790232829065366],[93.47823647012103,7.795207544406868],[93.493098414398,7.803117060768486],[93.50616646992762,7.813680549652279],[93.51697652169119,7.826522981490266],[93.52514447362009,7.841188402003585],[93.53037988932743,7.857156075567217],[93.53517068989899,7.87844112280688],[93.53730267390468,7.90014911769295],[93.53407457488056,7.921797043640714],[93.52941979946256,7.938592856203841],[93.53058007868533,7.939010810111876],[93.54679171331716,7.949227969674507],[93.59365674780855,7.986422679584625],[93.6057201552763,7.998024573273027],[93.6153583269111,8.011693457421572],[93.62223124548505,8.02694761513042],[93.62609620910027,8.043249386563293],[93.62681642940639,8.060024077122495],[93.62436592023275,8.076680183279937],[93.60560804276884,8.153272981831126],[93.61620646832743,8.181833695392337],[93.62076770924776,8.199631718625128],[93.62154861457525,8.218030268989091],[93.61851527868778,8.236248965993532],[93.61179557750945,8.253514834404578],[93.60167388196804,8.269095095153768],[93.58857911763575,8.282328289833506],[93.57306665585729,8.292652412707785],[93.5557947892508,8.29962884539991],[93.51818725134781,8.3105245320108],[93.50000111499324,8.313844686804549],[93.48156461464794,8.313424883460991],[93.46365132935024,8.309282547637173],[93.44701290554865,8.301591365670737],[93.43234741826528,8.29067399465263],[93.42027000049754,8.276988491930423],[93.38267373351492,8.224189387926696],[93.37287965481195,8.206366028528743],[93.36744038711238,8.186746377199908],[93.36663846127281,8.166352930258244],[93.37113981177463,8.107095882291704]]]}},{"type":"Feature","properties":{"name":"India"},"geometry":{"type":"Polygon","coordinates":[[[93.21849743395842,8.295204537800414],[93.17955054174986,8.384171356336068],[93.17071653822853,8.399881164161865],[93.15893285929275,8.413571786912781],[93.14467030972331,8.424695420422067],[93.12849909691622,8.432806823820478],[93.11106603568885,8.4375812027024],[93.09306864251826,8.438827274085247],[93.075227162258,8.436494978079454],[93.05825565959155,8.430677517696658],[93.04283334916259,8.421607639128615],[93.02957733010551,8.409648300220141],[93.01014182289873,8.38815734249551],[92.99779694388744,8.370597361074381],[92.99007464544646,8.35056249599372],[92.9768080606941,8.297622323686273],[92.97425813226482,8.280314292749956],[92.97515896173377,8.262801396042589],[92.97947531588407,8.24575508473095],[92.98704104497247,8.22982873491268],[92.99756555620037,8.215632611390719],[93.04855109378644,8.159204194359686],[93.06064954557517,8.148021940976058],[93.07456015361866,8.139181333922656],[93.08982083473477,8.132975716117425],[93.105924841501,8.129610918386884],[93.16127826242861,8.12317337505008],[93.17888333182985,8.12284239121854],[93.19617194670955,8.125920276224653],[93.21248392802661,8.132289376945852],[93.22719634792341,8.141706414235308],[93.23974724877536,8.153811754481842],[93.24965705768845,8.168143105294186],[93.25654688801595,8.184153119502044],[93.26015303308968,8.201230244702833],[93.26033709677297,8.218722032444102],[93.25709136621842,8.235960026367648],[93.25053920911738,8.252285285965135],[93.24093046477246,8.267073574736441],[93.21849743395842,8.295204537800414]]]}},{"type":"Feature","properties":{"name":"India"},"geometry":{"type":"Polygon","coordinates":[[[92.55957894317153,11.551794196710519],[92.55934566662276,11.551450927006009],[92.55243366005978,11.53459492432992],[92.54916018893806,11.516684633738794],[92.54522075663029,11.465313790081122],[92.52852621399003,11.447671861786597],[92.51737730613343,11.433133847423173],[92.50949180026639,11.416650973894203],[92.50519755973993,11.39891003411411],[92.50467263398045,11.380650069982893],[92.50793796766044,11.362631534904317],[92.51485667881877,11.345604597532422],[92.52513991119102,11.330277912093337],[92.53835899195654,11.317289154891263],[92.55396336733848,11.307178546912997],[92.60278242673827,11.282094003733686],[92.62143425512447,11.274918203548383],[92.64119107883077,11.27188074641418],[92.66110734004596,11.273126740779592],[92.68022998541502,11.278596357189635],[92.72884482912167,11.298414218206563],[92.74440234092557,11.306585998606348],[92.7580299663683,11.317567764833688],[92.76921424169147,11.330945924337003],[92.7775335146351,11.346216599190539],[92.782673838921,11.36280454860192],[92.7844408541224,11.380084783528508],[92.78276719674761,11.397406069384436],[92.77896756330105,11.416632387883311],[92.78121908754184,11.457811481954419],[92.78080608411051,11.465040666230138],[92.79037637232351,11.475287281183789],[92.80026034180337,11.48801254656731],[92.80764971980149,11.502285970458543],[92.84957043742492,11.605336061840145],[92.85423848932841,11.620712139990452],[92.85601616797923,11.636684106017068],[92.8581993565408,11.751081196004717],[92.88583660320286,11.85039950196024],[92.88902777969517,11.875426688134587],[92.88826404779276,11.918294359941457],[92.88635746135536,11.934999257044463],[92.88206741144425,11.948645135004266],[92.90339843010301,11.91390854408528],[92.91378689484885,11.900128384879745],[92.9266381215731,11.888500805155706],[93.00700651629198,11.828467858897728],[93.02214477248052,11.819264857155924],[93.03878598377023,11.813078825854122],[93.05630406581955,11.810142242706924],[93.07404013254303,11.81056536437807],[93.09132719894444,11.814332121565903],[93.10751517277889,11.821300744600551],[93.1219952120133,11.831209092931276],[93.13422254869737,11.843684489041413],[93.14373693478315,11.858257691839015],[93.15017994995657,11.874380492061904],[93.15330852319265,11.891446277953069],[93.1530041552435,11.908812808138492],[93.14927748454609,11.925826344372599],[93.1046091564642,12.063238827244655],[93.09787334995636,12.078760229412602],[93.08829871915867,12.092803562145065],[93.07622236138127,12.104873407690093],[93.06206982905557,12.114543829765347],[93.04634015275558,12.121473450459044],[93.0295882335417,12.125417550277467],[93.01240522742995,12.126236755544479],[92.99539762102742,12.123901998381802],[92.97380646060502,12.11887214237247],[92.95651364778695,12.112988036775604],[92.94080173405683,12.10383811190179],[92.91033839666319,12.081725829311337],[92.94397099775776,12.131961067727685],[92.95102837400478,12.14464864904721],[92.95588871938008,12.158301172949344],[92.96820865185283,12.20477664217948],[92.97075796862919,12.219155242561454],[92.97087519000144,12.23376826678354],[92.960725761351,12.367970309416666],[92.97167035703745,12.371751857772919],[92.98618792384735,12.379965613026217],[92.99889977704584,12.390645096279549],[93.00937725288546,12.40343035716199],[93.06700338716001,12.48885191239424],[93.0761053328736,12.506251241428886],[93.08109072978472,12.525198946027052],[93.08171951130169,12.54478670751784],[93.0566652728869,12.856734964852265],[93.05323678107895,12.87496094002746],[93.04603893968749,12.892142206998209],[93.03537841313401,12.90754435605604],[92.99937635027621,12.949513480461407],[93.02185504978384,12.996878357120499],[93.04748160820955,13.00978226120415],[93.0621444872698,13.018997067837104],[93.07472480275096,13.030763544615438],[93.08476630540686,13.044655234789337],[93.12305973648188,13.110163136530966],[93.1301966355141,13.125649179321009],[93.15336199100793,13.192332215862342],[93.15552631001633,13.199552003721596],[93.16325256930536,13.23006377086768],[93.1658629678599,13.248451392007343],[93.16450677433366,13.266997234849532],[93.15924136238264,13.284901941304321],[93.15029268839423,13.30139352580386],[93.13267916648981,13.327034755944764],[93.14489343187716,13.340016033391665],[93.15584789085433,13.354317002554438],[93.16363950812138,13.370471165514939],[93.1679563688934,13.387833333136234],[93.16862515262423,13.40570990656897],[93.16561818137578,13.423386536321598],[93.15839466838555,13.449385954899224],[93.1544554789356,13.54824333500761],[93.1519399155185,13.565848930130016],[93.14589610884039,13.582653002055343],[93.13656105928976,13.597994006407491],[93.12430153650787,13.611267788746334],[93.109599743194,13.62195142167877],[93.09303438346201,13.629623865950354],[93.07525787337529,13.633982629769418],[93.0569705925703,13.634855756778347],[93.02404559120212,13.63324659452796],[93.00294265402447,13.629793639681724],[92.98326811809181,13.62170192393249],[92.87844565206254,13.563672620121523],[92.86408632902096,13.553821784063123],[92.85194491871552,13.541481244853209],[92.842466019416,13.5271032551299],[92.77520903063098,13.39933079957219],[92.76948292367715,13.38578571128071],[92.7661204217071,13.371496478373487],[92.7652115168513,13.356847600576707],[92.76781841044654,13.241754799167087],[92.7199396989539,13.062780762862994],[92.71792104040377,13.050340474161835],[92.7031816641282,13.050869149903141],[92.68332996407081,13.047277951704851],[92.66711202004002,13.042491707294781],[92.65058390924003,13.035828924540372],[92.63572521284316,13.026158663946209],[92.62310149912769,13.013849091961635],[92.60835555764811,12.996313996455468],[92.59906046357256,12.98293141388539],[92.59241097274877,12.968116773467283],[92.5886247336116,12.952356205122985],[92.58782532244548,12.936166765899898],[92.59394214795661,12.79685103574757],[92.59633078970884,12.7800358030093],[92.60192547697999,12.763935626382873],[92.61052484539677,12.749127734042556],[92.62181996037124,12.736142853297125],[92.63540547270091,12.725446222413831],[92.65079419482396,12.71742096677044],[92.658176639359,12.715173408633369],[92.66368058622817,12.683469390320173],[92.64967625048409,12.655863973499578],[92.64439215164678,12.643006144557324],[92.64121849674115,12.629489540467134],[92.62992010055758,12.555112871839887],[92.62893649026391,12.542835763023973],[92.62725826270307,12.358883279504012],[92.62902563831804,12.340575255099306],[92.63457934382728,12.322973549699418],[92.64368457650508,12.306819232131438],[92.65252717352581,12.294334757347572],[92.63710836378007,12.284806449822863],[92.62296496327525,12.270983624266448],[92.60470324150624,12.24866203609365],[92.59245258117654,12.228825018800705],[92.55663248534032,12.148627813335416],[92.55185171196968,12.134990352483355],[92.54938495731041,12.120759616686122],[92.54169597355597,12.034339341706385],[92.53442079035035,12.015069068064372],[92.52675014772929,12.011515908091136],[92.51082503577217,12.00206320251544],[92.49722561670353,11.98962374990416],[92.48651962688945,11.97471718107924],[92.45391236070255,11.917571334463169],[92.44628334940963,11.899959971468654],[92.44267836420919,11.88112917370192],[92.44326197574321,11.861943920957167],[92.44800628466123,11.84328520845199],[92.45669240310478,11.826009567786588],[92.47173027988075,11.802729356140429],[92.48500077374577,11.706963862152739],[92.48833531511819,11.692266276967727],[92.49412641496156,11.678300010761168],[92.55957894317153,11.551794196710519]],[[92.87179155774757,11.967815251657504],[92.86253849946728,11.979206969294008],[92.85970311515092,11.981606272097547],[92.86524196003535,11.989236104454935],[92.86887709435682,11.973920464597585],[92.87179155774757,11.967815251657504]]]}},{"type":"Feature","properties":{"name":"India"},"geometry":{"type":"Polygon","coordinates":[[[92.86558566409691,9.090658243392788],[92.88736691813592,9.127366676543984],[92.89531563926256,9.144878169291895],[92.89927348366517,9.163713138861404],[92.89905599657403,9.182997961047557],[92.89467230619118,9.2018378950377],[92.87116166617116,9.268981416098923],[92.86428202584766,9.28403018024245],[92.85475069147162,9.29761128961147],[92.84288898288591,9.30926608701068],[92.82909707540394,9.318600850602103],[92.81384051362701,9.325300133708541],[92.7976344884087,9.329137466046616],[92.7739936765288,9.332509878519401],[92.75422902910933,9.333171366394655],[92.7348406068759,9.329568551851514],[92.71675509222325,9.321873473035703],[92.6932130533939,9.30863712402443],[92.67333837479877,9.293422634228344],[92.6480426424265,9.267633015673757],[92.63632718448812,9.252792757541602],[92.62805690890777,9.23580876478926],[92.62360142117134,9.217441474159296],[92.62315934277048,9.198513074245403],[92.6264953129626,9.158716258970722],[92.62965877138588,9.141515416672084],[92.63612358816619,9.125210609715527],[92.64564361287438,9.110420847184082],[92.6726040470827,9.07629881763092],[92.68576702284093,9.06277868601864],[92.7014421193749,9.052224486281775],[92.71894751249006,9.045094793010133],[92.73752209548474,9.041699256135601],[92.75635850954448,9.042185220678768],[92.80028704863675,9.047898972050577],[92.81611448152411,9.051419253780956],[92.83101600873188,9.057698921221215],[92.84450954398483,9.06653478787185],[92.85615845596506,9.077640997161172],[92.86558566409691,9.090658243392788]]]}},{"type":"Feature","properties":{"name":"India"},"geometry":{"type":"Polygon","coordinates":[[[92.58517436102073,10.516065512047719],[92.65668884604855,10.66539065309767],[92.66304657155445,10.6835040673594],[92.66531610935814,10.702574250852432],[92.66339189794336,10.721722553559399],[92.64311897453611,10.81728151560027],[92.63730591403811,10.835141101540442],[92.59368965367523,10.93281021963113],[92.58445066691749,10.948836244291343],[92.57210024278451,10.962706670040168],[92.5571563653099,10.973838881780251],[92.54024623388932,10.981765117160933],[92.52207993217925,10.986152194516778],[92.50342055697249,10.9868155866683],[92.4850520725841,10.983727234616662],[92.46774626017226,10.977016761516502],[92.40522546251073,10.94507197034812],[92.38482602390394,10.930774169124545],[92.30766605161301,10.858727911396072],[92.29550052674455,10.844705944142275],[92.28655290152324,10.828494406619143],[92.26869209214357,10.786100815625302],[92.26332374576064,10.768262060165252],[92.26183877810747,10.749680653693549],[92.26430068721206,10.731162747581001],[92.28538614168637,10.644131863344683],[92.27882367866067,10.554750719539594],[92.27932530296883,10.536920521221797],[92.28340269446092,10.51950710898626],[92.29089341256139,10.503200673350715],[92.30149985576513,10.488647325686863],[92.31480116339313,10.476423528781261],[92.33026996454377,10.467013312674226],[92.3472933001802,10.460789168514733],[92.45038646027452,10.434148839938825],[92.46692368370198,10.431436172748429],[92.48365479291832,10.431750760782199],[92.50001309833358,10.435081822090442],[92.51544454728378,10.441316441285338],[92.529426424814,10.45024339330319],[92.54148500391048,10.461560280919137],[92.57165961131382,10.495679835334306],[92.58517436102073,10.516065512047719]]]}},{"type":"Feature","properties":{"name":"India"},"geometry":{"type":"Polygon","coordinates":[[[73.00228056139906,8.361107439403357],[72.99917078315458,8.360431457345783],[72.98270744127926,8.353265075748846],[72.96795535581549,8.343024163500356],[72.9554961757109,8.330112949083743],[72.94582086509588,8.315040894313098],[72.93931038118501,8.298402536457141],[72.93667770591807,8.289027075641298],[72.93347003438318,8.26964427543117],[72.934574873085,8.25008385063593],[72.9399383351251,8.23128321413261],[72.94501884451323,8.218884176206817],[72.95363770455816,8.202822988205064],[72.96538084877211,8.188878006830443],[72.97975802026515,8.177630934944867],[72.9961692968475,8.169550910725695],[73.01393007856173,8.16497499545987],[73.02427737105867,8.163411931932256],[73.04537815924662,8.16271838495487],[73.06612159955635,8.166931034813096],[73.0805711125438,8.171664011339006],[73.09753722876091,8.179201740238021],[73.1126395936196,8.190007919440026],[73.12670336025991,8.202406487496352],[73.13828655465447,8.214695629391407],[73.14739348342808,8.22888582612283],[73.15980277271217,8.252856081510286],[73.167941362067,8.275594206168446],[73.17175682747038,8.293562891595789],[73.173707826551,8.31235597277379],[73.17165758560361,8.331091300719644],[73.16569633343725,8.34893680964566],[73.15608815560351,8.365099755728984],[73.1519862826367,8.370570432378459],[73.14047490683525,8.383167927950224],[73.12673430977208,8.393329606173877],[73.11126670605958,8.40068393697254],[73.09463758225242,8.404962055479398],[73.07745496635816,8.406007617960471],[73.06034712638977,8.403782524516838],[73.04393952611876,8.398368297721657],[73.02883189387387,8.389963068704066],[73.01557625454754,8.37887428605342],[73.00465673635848,8.365507421786228],[73.00228056139906,8.361107439403357]]]}},{"type":"Feature","properties":{"name":"India"},"geometry":{"type":"Polygon","coordinates":[[[72.86017887891306,11.159917979481198],[72.86770335675779,11.173343492781052],[72.87365733637196,11.186271655466062],[72.87747368018414,11.199939443418542],[72.88246443836164,11.225574138944674],[72.88297526314194,11.228450309415182],[72.8860102261821,11.247346408686864],[72.88709635673473,11.263608701220003],[72.88516440067693,11.279767145385188],[72.88027767890263,11.295286885244515],[72.87259741856909,11.30965408711257],[72.86237747933542,11.322392984261976],[72.84995598814528,11.333081671031737],[72.84673316940408,11.335377494931347],[72.8319510677411,11.343925407668038],[72.81576762966259,11.349578159966038],[72.79876037761306,11.352134091322194],[72.7815362813196,11.351502099952423],[72.76471001649759,11.347704889582937],[72.74888195214888,11.340878135205232],[72.73461666577529,11.33126560107573],[72.72242276442972,11.319210391520627],[72.71273473864183,11.305142655006458],[72.70190127657807,11.285706077715425],[72.69488595749793,11.269578647468663],[72.6855227088725,11.24052346626251],[72.68211409813941,11.225695699774437],[72.68129930755066,11.21054023650839],[72.68189260463224,11.192378082185394],[72.68405203909755,11.17569132759405],[72.6893596729063,11.159727106681073],[72.69762718503408,11.145050017342118],[72.70856174161045,11.132179036891783],[72.7217763932457,11.121569217988704],[72.73680376513502,11.113595647595151],[72.75311255617109,11.10854022783175],[72.77012626903284,11.106581738888039],[72.78724351856397,11.10778953021555],[72.80385921278078,11.112121060780188],[72.81938587105438,11.11942337621636],[72.83327433831568,11.129438474563846],[72.84059870160252,11.135832035708265],[72.85143851816682,11.147055552180559],[72.86017887891306,11.159917979481198]]]}},{"type":"Feature","properties":{"name":"China"},"geometry":{"type":"Polygon","coordinates":[[[73.66020702820845,38.98396322605196],[73.65795294305784,38.98283023509155],[73.64340268952277,38.9723731858345],[73.63146500867714,38.96017990621827],[73.60835432019914,38.931696587629624],[73.60038002700067,38.91996109974489],[73.59483568486084,38.90745768157586],[73.58414559401592,38.87552080121857],[73.58067569493306,38.85687603985422],[73.58257505915181,38.83811396461887],[73.589751260102,38.82010682866762],[73.60679192218443,38.789682446529234],[73.64203903135476,38.67841615474491],[73.64686137771459,38.666804012297774],[73.69451772018253,38.57482349252617],[73.7077949187093,38.55619761589681],[73.72660177036941,38.54056312693924],[73.794047547139,38.496610782242904],[73.81012809258516,38.48783268893562],[73.82796204638706,38.48128869885105],[73.9287272532538,38.45211113856696],[73.9474329353132,38.44802741682887],[73.96678700828234,38.44640574115159],[73.98623450624471,38.44729287284057],[74.04173800699208,38.453428997484295],[74.06432745244028,38.4577293855131],[74.08533232291201,38.46539815111005],[74.10389188712908,38.476121811325875],[74.11924447512307,38.489461544283024],[74.13075869193621,38.504870967779205],[74.16246797834812,38.55949469696222],[74.17632798148264,38.5705453209618],[74.17703809446164,38.570498558862205],[74.19079439792714,38.57021960306758],[74.26038366177977,38.57194812712007],[74.46919208184909,38.51916896556594],[74.67716283078362,38.43813842116946],[74.7117714747276,38.41259036171212],[74.71445200561129,38.40626087175301],[74.66482085345787,38.30524247386451],[74.65907567928352,38.28886397332377],[74.65757422277085,38.27195798263879],[74.66073243306283,38.18911799650156],[74.66160303332485,38.1805889929743],[74.67628335793802,38.0923400348814],[74.68190907426352,38.074211418406534],[74.69242903406273,38.05742137169292],[74.73829769720393,38.000625165022534],[74.77827299621264,37.90805733801564],[74.78679847537703,37.8255102704315],[74.79162803646943,37.80632219690342],[74.801886229085,37.78845573610119],[74.81878970265015,37.76616484170045],[74.81933114811574,37.76513329440685],[74.80166113616824,37.706865102641885],[74.8001236599035,37.70085120984827],[74.78219207777919,37.614962531658215],[74.78102032970817,37.59501263187022],[74.78574725525932,37.575399162712586],[74.79612232746622,37.557143346820425],[74.81772180039657,37.528552277034294],[74.83027736384167,37.51506980188501],[74.84592207911597,37.503675842575646],[74.9128392587717,37.463475589992996],[74.99583416910768,37.40440416688536],[74.99596019690152,37.40401779643204],[74.99447274952902,37.40245608214496],[74.93976324864464,37.36329175593954],[74.85866601683024,37.32410887692309],[74.8478290795135,37.31784857670457],[74.84558497991732,37.31859135575067],[74.83586189644255,37.33108319610649],[74.82399744029185,37.34362228822072],[74.80942840705696,37.354320514089885],[74.7926175319875,37.362837536710025],[74.78030094788444,37.36791998704879],[74.7598089159655,37.374456934743115],[74.73803571575829,37.37776239554859],[74.71582347003559,37.37770888202893],[74.69403125033666,37.37429887406659],[74.67350150841956,37.36766465937019],[74.62351808731965,37.346844090612116],[74.52177602554825,37.31898645081728],[74.50536422902803,37.31331810588811],[74.31844934430937,37.23430509832766],[74.29941943747157,37.224169955465044],[74.28342579704646,37.21126782518213],[74.27113348003836,37.19613717455726],[74.26305221086912,37.17940891623592],[74.25951549257607,37.16177997225237],[74.26066720504032,37.14398417235211],[74.2646993349653,37.12363139947225],[74.26949513042278,37.108546529759685],[74.27766952238574,37.09437603184363],[74.28896205645482,37.081568479812745],[74.30301411659711,37.070529141492514],[74.41742045772205,36.995291849745435],[74.43979462787229,36.9744653752783],[74.45959884740046,36.96002942028187],[74.4745296166939,36.951541193392295],[74.49255410129327,36.94318990724633],[74.51228373611204,36.93759978586723],[74.53303010292447,36.93496610161199],[74.55406951192079,36.935381045825864],[74.57466798253054,36.93883050183513],[74.61652602993533,36.9490819645754],[74.66909779137178,36.94854150418582],[74.71625562340819,36.93384347395979],[74.77991965653723,36.90535933096207],[74.82353984396535,36.88115777278046],[74.84191977811822,36.87288313697155],[74.86199411060613,36.86746075224193],[74.8830445807155,36.865084869253394],[74.90431819191119,36.865840811288585],[74.92505386652728,36.86970190612447],[74.97941493008656,36.88414596721789],[75.05513856831209,36.89772264439358],[75.11358641246593,36.88880237267444],[75.2746932242674,36.841016145876736],[75.31548904739331,36.716199328670506],[75.32412924174108,36.69824750986581],[75.33758495506311,36.682222935827525],[75.35520664963846,36.66889623610075],[75.3761457679362,36.65890810314753],[75.41214501938421,36.6457359944969],[75.43342757858427,36.6399114767319],[75.45579840017581,36.63754513869427],[75.47835078495568,36.63873328844465],[75.5001705221369,36.643428205452274],[75.58103361958868,36.667847305829085],[75.62493487129771,36.659694732541205],[75.70708465553815,36.62285787722261],[75.75695836284793,36.58974245819671],[75.78804560107176,36.555739076677995],[75.8268058726944,36.492017840592496],[75.84300451520586,36.437700862673125],[75.84304511921262,36.43756502321353],[75.86250009756726,36.372611727800496],[75.85808532920294,36.1992643038211],[75.84640614904538,36.18744885971861],[75.83478734147913,36.172999213032014],[75.80564274290188,36.12752127475552],[75.79747655645268,36.11068747923893],[75.79383502267488,36.09292084251588],[75.79486822006018,36.07496942409878],[75.80234247140366,36.03548254067916],[75.8070433596548,36.020213570586726],[75.81513689401913,36.00587358273547],[75.82636067965456,35.992924540561575],[75.85917367140111,35.96155376836626],[75.87871783049012,35.94694289699602],[75.90218465024573,35.93651174186459],[75.96744973900424,35.9152880254629],[75.97986280582919,35.91191334238086],[76.00318384759987,35.90677247542436],[76.04145323966533,35.803788474053334],[76.05011910183339,35.78707454277209],[76.0629519669397,35.77215148375547],[76.07940300449022,35.759655301361654],[76.1093651336515,35.74121469355321],[76.13020764276628,35.7311104314504],[76.1533801998233,35.72489871434066],[76.17774949550426,35.72288370393297],[76.25149407248685,35.72326174557777],[76.27751851959107,35.72583950538378],[76.41147444638432,35.752010457829215],[76.4303094064378,35.7571277861481],[76.45306982015885,35.765168686274016],[76.45309564063638,35.76492947582411],[76.4572033942345,35.747642351423906],[76.46559211601269,35.73137897427097],[76.47792169264196,35.716794137645984],[76.49369416295585,35.704474787448966],[76.56201520064833,35.66091036980036],[76.56991206910774,35.65631452085186],[76.66554473064504,35.60562614726861],[76.67425264135048,35.60145372967361],[76.71353843407496,35.584540372384126],[76.82541544301355,35.536158772813586],[76.84045309805175,35.53076637576531],[77.05136514517383,35.46957995898547],[77.06067946814692,35.467234429750086],[77.26523840228393,35.42336099711229],[77.26542734827551,35.42332040889775],[77.41692020661942,35.39076998363391],[77.44165432974067,35.38778529267156],[77.51504611157314,35.385629716382915],[77.56746466907828,35.38401469566299],[77.57980055579034,35.3841818968393],[77.73110001752194,35.392889043001894],[77.75061110359934,35.395409716397225],[77.76963470635428,35.39927980360607],[77.78591947829382,35.38976545863663],[77.80005360452796,35.382757910196595],[77.81536606033808,35.37753836129883],[77.85868023250245,35.365778404971856],[77.88110931470499,35.36171394964561],[77.90414079089182,35.361459186747624],[77.91160256687532,35.362635597078416],[77.90147257714209,35.32472061596716],[77.89915175125441,35.30243237152507],[77.90225537018148,35.24653708269136],[77.90501126508835,35.230505847726455],[77.91140134069687,35.21517213180832],[77.9734731598632,35.10205294910052],[78.05504416625715,34.91673790681283],[78.05514074215684,34.916518611347875],[78.13241390693328,34.74117649354961],[78.17793970920007,34.62655169941664],[78.18506643212721,34.612765806658565],[78.19499981567444,34.60017279153265],[78.23992995013032,34.552699869327796],[78.25498012773707,34.539765041091975],[78.27297397882948,34.529559759600076],[78.29317515516529,34.52250140827707],[78.48174770602357,34.474095348457524],[78.48197146168125,34.47403788736705],[78.61553291052236,34.43976658427335],[78.69092539324372,34.38647967969],[78.69673156294026,34.38265053827483],[78.79843013428255,34.32010617443953],[78.80423669818303,34.3167685662832],[78.85387501866359,34.29016866815667],[78.86478556560031,34.27422159581699],[78.86649137634116,34.2632026734413],[78.85708872400018,34.253691601858314],[78.69131538333544,34.159661841217435],[78.6721950151355,34.145838886397314],[78.65754273062726,34.12880863487869],[78.63628738437367,34.09666573328335],[78.62799501466695,34.08045832871094],[78.62380093565679,34.063270163097606],[78.61877990748773,34.02108624904708],[78.61849520007893,34.00699945586721],[78.62097883009906,33.993077227109225],[78.65617847928448,33.86735043336379],[78.65622617636986,33.86718037691843],[78.67607529222353,33.796625317935735],[78.68208919350292,33.646656778857995],[78.68226690033595,33.64370757314202],[78.69437088606081,33.49311195136445],[78.69770206585329,33.47641956645718],[78.7048856883742,33.46059055863877],[78.71565420739486,33.44621013361744],[78.77885024330449,33.37765913623371],[78.78686098399491,33.369939464453104],[78.83163836993099,33.3315389959743],[78.85798020870351,33.298181642764305],[78.87037574977877,33.28532202044211],[78.93452337639717,33.23028843148312],[78.93909827074702,33.226590326758306],[78.99298528036446,33.18556011870737],[79.00804857244158,33.17599943096051],[79.0229213692552,33.16820492162879],[79.0247618131902,33.163801573906895],[79.01695002390434,33.12657765878985],[78.99961905543896,33.075286484416175],[78.99586267415826,33.05661571017441],[78.99702602162938,33.03775975439112],[79.00282244718835,33.0078874291214],[79.00824980154101,32.99098386916265],[79.01764693379862,32.97533565831375],[79.03064035300282,32.96156158231822],[79.04671509831908,32.95020611214756],[79.07228575218969,32.935532482989295],[79.09812191277808,32.91032263540984],[79.1024319880301,32.8631458294085],[79.09891173331805,32.81319884712895],[79.09987986868897,32.79519924337326],[79.1052699675734,32.77778053238026],[79.12283384510854,32.7384267547931],[79.12670039820668,32.70267225517872],[79.11053192545315,32.572009872723086],[79.11044896338359,32.56986048793161],[79.0727707459645,32.550876102807834],[79.05805439422203,32.54196922831876],[79.04535091013679,32.53114357402141],[79.03502816836965,32.51871363499428],[78.99343544257415,32.45824917454675],[78.97292234072312,32.45142371072528],[78.95230488801356,32.44960681164594],[78.90987456553661,32.477743878887544],[78.86011230259238,32.51969172370957],[78.85465661249874,32.52928615971775],[78.84044894943446,32.579497312050826],[78.83313770287828,32.59682486371432],[78.821600490042,32.61247100908954],[78.78576583342439,32.651123035114004],[78.77106190698422,32.66399161677141],[78.75348343394626,32.67412131052365],[78.73375004552024,32.681097198742435],[78.71267024999817,32.684633619812494],[78.69110804203007,32.68458594154878],[78.66994716760193,32.68095649246287],[78.61150694388947,32.66572069846343],[78.51763453226616,32.6584239862369],[78.51300645698501,32.657978205445055],[78.39903033627583,32.64486140693111],[78.38124515951489,32.64151287233065],[78.36437332868776,32.63572192320429],[78.34890712841634,32.62765788601523],[78.32810334116284,32.614657150365375],[78.31127317391541,32.601588833454166],[78.29818317535748,32.5858814761113],[78.28943926608866,32.568265401581854],[78.28544460680847,32.54955901762111],[78.28342514725914,32.524707836448805],[78.28472377473248,32.50391196604691],[78.2919037785477,32.48401355618073],[78.31703886832142,32.43609334453138],[78.33675766352097,32.378907081972194],[78.34983490177254,32.288781388424844],[78.3566191083726,32.26675052481352],[78.38748418343476,32.202769612356356],[78.39722002690658,32.182417059881054],[78.4121958586812,32.16081296812935],[78.59405014209668,31.968233666843958],[78.60296285066502,31.95992401660286],[78.6246181153113,31.942175662490612],[78.61713894953323,31.90853980574147],[78.58681103218836,31.832163869995373],[78.58216540108498,31.814776427506004],[78.58178922912083,31.797014063890416],[78.58830963948206,31.731895217875188],[78.5914371018003,31.716774999081462],[78.59767628627512,31.70237639556694],[78.60683559949128,31.689138378493624],[78.66730229915905,31.61716803570674],[78.67185177263327,31.612145729831248],[78.6749579080909,31.608964683734495],[78.66454953806499,31.594190789710186],[78.65429306091363,31.574588171253286],[78.6260649675293,31.496109043893643],[78.62216009532429,31.479923208508886],[78.62191552366124,31.463455792039348],[78.62533777238913,31.44728279129313],[78.63230530918702,31.431969575353556],[78.64257304697725,31.41805118662109],[78.64950934714763,31.410381092875323],[78.639183011511,31.332244971308484],[78.6390250685339,31.314090861649515],[78.64331011659341,31.296350563965323],[78.6518536308841,31.279777735903878],[78.66612102831623,31.258502623912893],[78.67720581008054,31.24510768559677],[78.69108985391685,31.233708380374516],[78.70729041521048,31.224700476721868],[78.725244832662,31.218396705614413],[78.75900223626141,31.209563817720216],[78.78348203180404,31.205774007429227],[78.80842165753609,31.206956628475805],[78.86130351011245,31.214802846700028],[78.88170841212974,31.21963199412283],[78.9006106901412,31.2277784915906],[78.93489341619089,31.24637157147665],[78.93649897562013,31.245877151051225],[78.95651101396868,31.24155353011722],[78.97720228765081,31.240627559762384],[78.99776676781734,31.243135641145127],[79.0174031394783,31.248980422039622],[79.03534577592941,31.25793450154532],[79.0508944068315,31.269649166555663],[79.06344135860938,31.283667841393093],[79.06778664511502,31.29123967341897],[79.14456219186796,31.192800815267997],[79.14471629575193,31.192603457225847],[79.25091311896517,31.056662331246763],[79.26446455428287,31.042702139871068],[79.2953154157689,31.016941242682005],[79.29540237798635,31.016868674177747],[79.31424537014229,31.00115793177838],[79.32243409847679,30.995022745398703],[79.42706872657084,30.924570996434635],[79.43058677732792,30.922301450392393],[79.5028110566621,30.877708061872447],[79.52116456673618,30.868665881293488],[79.54136899609695,30.862990211685556],[79.56257983150599,30.86091851696547],[79.58391066386353,30.86253771400545],[79.67422837602926,30.877296409174075],[79.76288177718759,30.87935237741362],[79.80909056841885,30.853232723142778],[79.83739240611034,30.83399287672313],[79.84237824002123,30.828594706664344],[79.85763905247782,30.81749197866864],[79.87095810354393,30.8111398039101],[80.01518180501532,30.712965203202508],[80.03276864405328,30.703300569711494],[80.05234530605345,30.696854678918648],[80.07311172749807,30.693891133994907],[80.09421946477235,30.694531319585188],[80.09961050541403,30.69515935079995],[80.10117081898149,30.686004556443596],[80.08458478466072,30.623490796693705],[80.08218467476861,30.608781424521908],[80.08271972211831,30.593975817831645],[80.08774053489488,30.55707279029779],[80.09181936774192,30.54082689304976],[80.09943826480378,30.525565262314103],[80.11032441208873,30.51183123075779],[80.12408919775129,30.500113560581884],[80.14024212741289,30.490829153833342],[80.15820826442686,30.48430831899894],[80.17734858057635,30.480783100582897],[80.23310494246522,30.475118261321736],[80.36869786551911,30.427792620173086],[80.3688051963815,30.427755125485714],[80.50013620483577,30.381839211544715],[80.51404163611852,30.377926735798717],[80.56931520951386,30.36599536499362],[80.61862187909104,30.34308493221278],[80.6730857582868,30.29723280094665],[80.68947519892698,30.28602445906933],[80.81615032632904,30.216255115029867],[80.82178293520555,30.213361957679243],[80.89745112917635,30.177234121516427],[80.9106639406177,30.13865099343692],[80.9207689121023,30.11875680173358],[80.96610901441963,30.053271623097615],[80.97246449277641,30.04516235720721],[81.0272598593849,29.983046927761833],[81.04074349882777,29.9705257593436],[81.05684010634141,29.960496449042513],[81.07494512822987,29.95333542979513],[81.09437910728664,29.949311521395515],[81.11441299843572,29.948575902953465],[81.1811461440381,29.951640854242807],[81.20258981341159,29.954556268862955],[81.2229217710029,29.961210015025436],[81.24125227799409,29.971311486909652],[81.31917739045547,30.02468257865396],[81.33358046627511,30.036619824444255],[81.34508108378542,30.05065700243834],[81.48533483657782,30.261704332889824],[81.64671399776803,30.29749834451819],[81.83510988741928,30.27526169486675],[81.97576168832961,30.248675689437672],[82.00437739654296,30.20664300100564],[82.03776124436813,30.127924603185242],[82.04108833210965,30.121009849110735],[82.06474854267897,30.077236410385915],[82.07408971692307,30.063428446307086],[82.0862163990988,30.05132118472612],[82.14791933638747,30.000041087049212],[82.17078190202643,29.98573417607276],[82.42747300444164,29.867592431183397],[82.57391303975795,29.762929199104974],[82.57537199455234,29.761903574989333],[82.78875209628539,29.614214707518045],[82.80897569189385,29.603283423118796],[82.9685169930685,29.537999606922586],[82.98774831674362,29.532065184884136],[83.00801781645191,29.529540000320416],[83.1146465566235,29.525459640034452],[83.16264667519525,29.490489749453523],[83.27312510893387,29.38430595875282],[83.3705610992082,29.25689169302155],[83.3796130900508,29.24674327129866],[83.50645950596986,29.124077288362194],[83.51965681182634,29.113396459849742],[83.53486105206584,29.10492548367865],[83.55159407582325,29.09893064596172],[83.56932997763747,29.095600431456674],[83.58751150574278,29.09503963368073],[83.67502893292121,29.0990291075833],[83.69124271895919,29.10088541584571],[83.70694771630004,29.104937097727518],[83.82620707276158,29.14473041987561],[83.82863530836588,29.14556961979065],[83.93792984751134,29.18466313959034],[83.98124669535643,29.17174588096205],[84.0184776266754,29.1558631562233],[84.03099971526223,29.12578989165005],[84.07864134884515,29.006439118930984],[84.07942073571044,29.004552933700126],[84.13263897139143,28.88000333999993],[84.14277911644034,28.862531693960253],[84.15713456961022,28.847478714221047],[84.17499986228785,28.835582550935914],[84.25406574381611,28.794204314724865],[84.34157573914295,28.737254058508288],[84.39022289077315,28.691931231172166],[84.4133515468253,28.67592680692493],[84.57608977917172,28.593906134475628],[84.58901863071414,28.575132729970747],[84.59958685713812,28.562505937812432],[84.61257163206677,28.55173007548179],[84.6500550751768,28.52577366554227],[84.67405543507437,28.513456693515156],[84.71292190969562,28.499407154436675],[84.74458950590564,28.483325889536907],[84.76281597422707,28.476082848055366],[84.78236953358211,28.47212151094373],[84.84051819431919,28.465529777614552],[84.86204849475449,28.46508702464682],[84.88326876254523,28.46859787174977],[85.02273728399949,28.5051451035409],[84.9899529954846,28.393154099535025],[84.98700020372969,28.377072984415314],[84.9874462382301,28.36083254281464],[84.99127450450885,28.344975996650735],[84.99835546316473,28.330033452327957],[85.03227155268465,28.273766124788857],[85.04323076558963,28.259278775435085],[85.05725099365364,28.246984546359563],[85.07378988987821,28.23735828384206],[85.09220839569085,28.23077174834773],[85.18177789281236,28.207445724875075],[85.20112071437778,28.204156328749903],[85.39947260829497,28.187549497215358],[85.40998390289667,28.187139514195458],[85.64181877276911,28.188376369670443],[85.68739025787734,28.15648810409601],[85.75416617482958,28.086010498215913],[85.83002476844504,27.95053992797021],[85.86203343637526,27.889949402528973],[85.87357374376768,27.873265075769716],[85.88903471144,27.859260116656476],[85.90766260719725,27.848616170165638],[85.94806243027018,27.830806274980088],[85.96793069619747,27.824257924770443],[85.98897578555683,27.821524684796366],[86.01026719171577,27.82272765989726],[86.03086343425454,27.82781396769314],[86.10044970391134,27.852102562730558],[86.11918756700372,27.860685052848712],[86.13556186514707,27.872453263483816],[86.14886780914712,27.88690176645408],[86.15853171494801,27.903409619640787],[86.16413584436249,27.92126691552289],[86.16838791527655,27.943614472482444],[86.2728737364533,27.884551180227362],[86.28688171433203,27.877945317932877],[86.36689793252225,27.847108460310313],[86.38519877854274,27.841825493544004],[86.40435472138115,27.839706531938297],[86.42366895872543,27.840828845319223],[86.49987562751213,27.85169947687985],[86.51795676403673,27.855790313710624],[86.53492692157396,27.862707335136534],[86.55021398594239,27.872217725322603],[86.58214735011015,27.896172904291877],[86.59637472014724,27.909199981057956],[86.60738061603938,27.924432708287988],[86.6147170329091,27.941253582866562],[86.63630217812377,28.010894079251806],[86.64108256268015,28.010384342847242],[86.66156845899964,27.9780645328277],[86.67273387294964,27.963920400871476],[86.68683157771544,27.951974976046284],[86.70332862047692,27.942679189464872],[86.72160200720762,27.936383913271445],[86.80926009276881,27.914558892530643],[86.89100662096973,27.887088986972202],[86.96243418201665,27.854166668098504],[87.07534927817252,27.770092218815567],[87.091167332023,27.76044213548343],[87.10882073427867,27.753641273706503],[87.12766458515499,27.749938110891733],[87.276845540246,27.733533807080807],[87.29077791331623,27.73284804172792],[87.46223083029987,27.734714501798525],[87.54709600564625,27.732842565013968],[87.6100124473744,27.72662699113179],[87.6331176745844,27.726677650819614],[87.69322212838233,27.73286680037684],[87.72042037467214,27.73909273338436],[87.88325146358878,27.798249324814872],[87.93118768450664,27.801367485520245],[88.00901101117806,27.794937016453616],[88.09176857389352,27.782679045803647],[88.11214526057849,27.781497531360355],[88.13242578391741,27.783944721362822],[88.15178552136297,27.789921375082876],[88.16943688498796,27.799184722966746],[88.18466117422658,27.811358225416186],[88.19683774063432,27.825946751570935],[88.2054692971042,27.842356586549023],[88.2102023386651,27.85991947975062],[88.21052492958822,27.86899727934724],[88.29087544438183,27.880907960238382],[88.30538891013614,27.88402916400328],[88.45606474938094,27.92679863089232],[88.46524545411718,27.929831181446282],[88.52536595525702,27.952609181059586],[88.53578414088801,27.95718426371188],[88.58127308719399,27.980062049717876],[88.5983975620777,27.99084881949421],[88.6086678630741,27.998830346648084],[88.70299485935725,27.96242353798737],[88.71236658375088,27.955958033197867],[88.72961341080739,27.887169312067005],[88.73650666932306,27.8691423729714],[88.74382301133942,27.85519225740017],[88.7309850803346,27.78618291424852],[88.6520622820114,27.54580098393753],[88.64826749904738,27.52671117266691],[88.64920952892354,27.507396065314797],[88.66511639509824,27.41542791931331],[88.66982212011371,27.39895974006239],[88.67798870825916,27.383619754150804],[88.6893174136292,27.369966456621174],[88.75699195082784,27.302970721912324],[88.76476298505303,27.296080133165017],[88.82363245966341,27.249335708413454],[88.83964517259942,27.23897175745773],[88.85768392475963,27.23162940122532],[88.87704261255104,27.227596043968255],[88.8969637728617,27.227029647171126],[88.916667996935,27.229952572918652],[88.93538418690468,27.236250684386707],[88.95237951698019,27.245677742203377],[88.96698796818212,27.257864936685944],[88.97863635008656,27.27233520159832],[88.98686680518915,27.288521771637164],[89.03335396838675,27.41069944956315],[89.08702828391706,27.44775874796553],[89.09982079642423,27.458247214899284],[89.17669904764867,27.5329060058592],[89.18702484386772,27.544752931274623],[89.19500258968843,27.557928189695872],[89.24759899652348,27.665163940692704],[89.34989827999622,27.776149717463408],[89.47209369249306,27.899964733799163],[89.47746462748157,27.905880227961678],[89.55698923422331,28.00128579104695],[89.59551847923322,28.03377021073013],[89.69156218862696,28.07593594379616],[89.78248016224417,28.10390853490457],[89.79876055092039,28.11035487899574],[89.81354342419813,28.119186420579705],[89.82637586038429,28.13013305222705],[89.8809242602526,28.185468581457737],[89.93308975156478,28.209838430924062],[89.98755245843451,28.220987540249766],[90.08740069338656,28.21358999422064],[90.19342793184663,28.191414069686463],[90.24867087755312,28.176784296717866],[90.23728911379747,28.146304035324835],[90.23366518868598,28.133491847596893],[90.2322180249081,28.120368710643948],[90.23156012293056,28.09522371799582],[90.23283211416768,28.07893000772869],[90.23745691437968,28.06314150977147],[90.24527842704398,28.048385945608327],[90.25603404291697,28.035156290499685],[90.26936354695455,28.023894374827062],[90.28898496923807,28.01013562469792],[90.30549176205952,28.000729068901837],[90.32378400063119,27.994331118326095],[90.34317038316243,27.991183598327343],[90.46766638253864,27.98180781834964],[90.48225183230451,27.981628610917173],[90.62741026245236,27.988952245487397],[90.69694496367639,27.983398224470783],[90.8641088297399,27.943806632553265],[90.90671588628503,27.91944922418708],[90.91816819013366,27.913800677265918],[90.97642759805524,27.889307374753088],[90.99318361194433,27.883810651146558],[91.01080205945208,27.881010998583857],[91.02873296943245,27.880995911584417],[91.08561592805931,27.885382208008686],[91.10570249491862,27.888742605903968],[91.12465838177333,27.895575582564735],[91.14171646287046,27.905604982034262],[91.20986302821164,27.95495461967183],[91.25830221123952,27.983304501012572],[91.3041313609886,27.9513315663022],[91.31770286365564,27.943349692051896],[91.3325724733483,27.937408148165336],[91.45825229164468,27.897593381280004],[91.4631303944528,27.89616757312965],[91.53546434619501,27.876790424009393],[91.52851564657877,27.808083028578004],[91.52827026148972,27.79513625399573],[91.53085026588975,27.75422428425301],[91.53368571643985,27.737626957843215],[91.53998720357453,27.721819238046244],[91.54953097531758,27.70735858971065],[91.56197935894392,27.694754754624608],[91.57689278104164,27.684451869494715],[91.5937452941792,27.67681290643673],[91.61194306136004,27.672106968385503],[91.6308451577015,27.67049987258824],[91.70480019072063,27.67036172173775],[91.80599672947379,27.65827847248865],[91.88641575174132,27.642364277971467],[91.90965462729166,27.64021128552674],[91.97785539986097,27.640889654609946],[91.99819884455906,27.6429145111911],[92.01770375623468,27.648513705673004],[92.03557394252311,27.657458971605916],[92.13688590526466,27.720738694877415],[92.16611820853566,27.72313965856926],[92.18207438446753,27.72559379708418],[92.24667341768193,27.74027265652555],[92.25202518366427,27.74221646484814],[92.25418368119468,27.741716473505353],[92.32501914525484,27.732247836000642],[92.3461738361673,27.731396815918],[92.41993636232804,27.73524488466705],[92.44903745524755,27.74060206020492],[92.51481301112341,27.761916671605498],[92.53029282542116,27.768268585124623],[92.59627935855026,27.801489562409817],[92.60268982111157,27.80499624144669],[92.72032719501026,27.874662729505843],[92.7337595055992,27.884136302154698],[92.74521553059097,27.89545786597055],[92.75436816807849,27.908305034521486],[92.77783648489311,27.948328177866596],[92.78644727835012,27.968697617537792],[92.78927463461584,27.99025813213698],[92.78901936094107,28.027028494002],[92.78640243924502,28.04666181589474],[92.7789523527942,28.06527465983775],[92.77011902011358,28.077636359160195],[92.92747254029533,28.148405296997726],[92.94187915120737,28.156251429577576],[93.09496774975649,28.25568068388704],[93.1069541914361,28.264781750839273],[93.19124169529707,28.33938790911674],[93.2048610755183,28.354291132732847],[93.21461184449915,28.37136687407483],[93.25232242568237,28.459559595676588],[93.29193877976854,28.539155011882563],[93.3032048953112,28.548742478344554],[93.37960227184465,28.566006850876487],[93.67785063371784,28.60142752065788],[93.69326038309119,28.60430873556967],[93.70799983517851,28.609227893270305],[93.80374459798787,28.648739100535202],[93.81245241506309,28.652784237575954],[93.95389396467868,28.726154491298775],[93.97129665463676,28.73748166242539],[94.04268346780275,28.795007053651478],[94.05567894052767,28.807638452658242],[94.0953495855426,28.85434094785604],[94.10540845728744,28.868841707229052],[94.11218649247598,28.884717144113264],[94.13091322324817,28.887973561959054],[94.15278564448735,28.89405593447675],[94.17259935735241,28.904228434519407],[94.18936451825107,28.917983574038285],[94.26819656803029,28.99875990080911],[94.35213473006239,29.069960899046947],[94.51118817038653,29.13505250155245],[94.52737108314308,29.14329450270877],[94.63388201192556,29.209404479510475],[94.65019889564309,29.196259072759037],[94.66555743409586,29.170255609302494],[94.66906711600352,29.15627293895246],[94.6752207280084,29.13969554082775],[94.68494039762253,29.124490007514023],[94.69785681868107,29.111231686365034],[94.71348031718198,29.100422047637423],[94.73121943382796,29.092469827599622],[94.75040324368501,29.087675676119144],[94.94826831986128,29.05586058151304],[94.96705621857221,29.054365204172154],[94.98585868348175,29.055901136310915],[94.99009436946076,29.056594091432135],[95.10549706664621,29.020893423734126],[95.23547888207864,28.968184358859638],[95.25743935664582,28.96179175933121],[95.33139585977015,28.948129454301085],[95.35750883089484,28.946293527648866],[95.39360845983016,28.947803126718064],[95.41093776172883,28.949828046968257],[95.42763909931965,28.9543949355413],[95.44322835037265,28.96137154961258],[95.4741724615859,28.978251412627717],[95.49156846656344,28.990171301419824],[95.50567383675887,29.005053510689084],[95.5372273374654,29.046692467125354],[95.5610774655294,29.068927787979305],[95.57541689049334,29.07765834697024],[95.59079472238744,29.089121439471228],[95.60333056591496,29.10297801506362],[95.6125401459497,29.118694426281127],[95.61806677748598,29.135665066083387],[95.61969533533015,29.15323561936715],[95.61960344146284,29.157803547826177],[95.7608586850633,29.235758565864533],[95.92828474966015,29.309614344407862],[96.02392352109828,29.34542149459413],[96.04470846117877,29.327280477721803],[96.10382355079773,29.230152895153005],[96.11626293800171,29.21415501741449],[96.13235390650499,29.20087471997087],[96.13608085263603,29.198407395664866],[96.1311931522267,29.196029171776033],[96.1224246600445,29.19124509197922],[96.06390944656385,29.15561870812349],[96.04943537333774,29.144951584420667],[96.03743318855538,29.13215702912081],[96.02830846749941,29.117668676390178],[96.02236885482831,29.101977316129396],[96.01981379857297,29.085614203981727],[96.02072800370541,29.06913303377535],[96.03822867415137,28.960859442405944],[96.03505516207245,28.93036490718193],[96.03511593272383,28.91350841952225],[96.03877466800196,28.896974473347566],[96.04590056950661,28.88134613276377],[96.05624090045532,28.867174249727217],[96.06943008012782,28.85495811924498],[96.0850026773931,28.845127975881837],[96.11008597371575,28.832248363104696],[96.12800998821764,28.824985424509027],[96.1472078230509,28.82088351769247],[96.16696446141918,28.820095469435383],[96.18654419331938,28.822650724291893],[96.2052177897243,28.828454242393075],[96.22228945307037,28.837289992960482],[96.37813532012696,28.936621367058578],[96.37916782322951,28.932565850516177],[96.38517493446619,28.91934439841633],[96.45660493382425,28.79235573225571],[96.45977872892745,28.785594779763695],[96.32471040619102,28.67087342089179],[96.3135455976839,28.659664868057014],[96.2453221759803,28.578466933927782],[96.23581444100226,28.564727671909303],[96.2292360391962,28.5497316428167],[96.22579602141865,28.533958686125253],[96.22560284371694,28.517913234963792],[96.22647905735765,28.50817253948225],[96.20801217227618,28.49237800298909],[96.19555623482646,28.479518317181036],[96.18604417031672,28.46484814516759],[96.1798103976392,28.448885549734793],[96.17707323843847,28.432193930007575],[96.17792743158836,28.415362089467312],[96.1804824277837,28.399252202831367],[96.1851477192104,28.382224464190713],[96.19348674259012,28.36633705508025],[96.20517982518403,28.352195869076574],[96.21977993327081,28.34033997050982],[96.25814419267739,28.31482144945421],[96.27622837329409,28.305217447435197],[96.32277799579053,28.285995057738003],[96.3453838995449,28.279377165064457],[96.36914140959215,28.27758164381442],[96.39177778904218,28.27821496402004],[96.4122504270851,28.280629513910995],[96.43177253836153,28.286629532217432],[96.44954324494904,28.29596911374909],[96.46483293264073,28.30826530279326],[96.48591183928802,28.329011763208758],[96.60800853739454,28.36663198380886],[96.60817271256356,28.366598756481675],[96.71367171328087,28.29563378691832],[96.72972341587999,28.28678417423662],[96.74737062864305,28.280719045353937],[96.7660019559176,28.277648497519277],[96.8183835841225,28.27340137209721],[96.96137573078816,28.249499204005634],[96.97984145927234,28.247919810965737],[96.99834114513905,28.24932341371192],[97.0162611173019,28.253663540873333],[97.07071238555477,28.271669249828662],[97.09043555590362,28.26357324317179],[97.22501975851398,28.16708060218872],[97.23395542365235,28.161348366946033],[97.26694691554874,28.14251622977209],[97.28577919869745,28.134078832324438],[97.30619612929428,28.129270986975648],[97.32731576127058,28.12830041038515],[97.34822597951343,28.131209121873916],[97.36802358028787,28.13787162554727],[97.38585299242797,28.148000265816957],[97.40094302886898,28.161157537788327],[97.43493916633697,28.197658296885233],[97.44108532153774,28.204976447582013],[97.51613937799303,28.30433870465337],[97.51993060824614,28.309756212461128],[97.56389446568545,28.37778337499717],[97.5855722471431,28.40502115128177],[97.59012524229946,28.411271417442833],[97.59785780560838,28.422911197101925],[97.60451924957614,28.421008448862302],[97.61111943988439,28.41534899645636],[97.63895724139523,28.36656828482536],[97.64550881756766,28.356706744814943],[97.68449461900961,28.30575888414629],[97.69718271911462,28.292246390123672],[97.71261921622192,28.28118172860679],[97.73021309322687,28.272987975107338],[97.74929137932499,28.267978369634665],[97.76912475005255,28.266344426841915],[97.81654236294888,28.266538418958152],[97.83311660103485,28.26780017600205],[97.84137897196939,28.26903381459479],[97.8565101064486,28.25514668536386],[97.94121543219714,28.156973269211928],[97.9617153836504,28.139145614257618],[97.98927322504314,28.12120546902348],[98.0037266454728,28.104328973560754],[98.01799467430384,28.040679266937975],[98.02973894352272,27.956293127161956],[98.03389705486956,27.939649171368853],[98.14469818788214,27.63535764177691],[98.14910357280165,27.62532576256059],[98.18212237417242,27.56168113547035],[98.20654295604623,27.513169592180216],[98.21531705990414,27.499224928409006],[98.22673915538951,27.486895752821585],[98.240446292265,27.47657288501346],[98.25600348833812,27.468583448519787],[98.27291750231669,27.463180570738132],[98.32453479382417,27.451178166634328],[98.34409075627714,27.448413965970175],[98.36389263454281,27.44909994754573],[98.38317980112745,27.45320984593857],[98.40121120648472,27.46058588603293],[98.41729365305767,27.47094478229871],[98.43080830357349,27.483888529698937],[98.47272270558409,27.532835583862248],[98.48283359281123,27.547277098500352],[98.48553615200028,27.553506291970454],[98.54903063751742,27.520972056925817],[98.55851432452397,27.516108047195313],[98.57604456563635,27.413512930674916],[98.58147812790203,27.24919812526219],[98.57485521405862,27.20130443324103],[98.57430444966076,27.184544286257612],[98.57725293044035,27.167997346142098],[98.61682573189192,27.03019472088736],[98.62933871598923,26.870783414972394],[98.62948592163308,26.869123980976113],[98.63821191398482,26.780993057474195],[98.63910309819008,26.699962920633183],[98.63209813275407,26.59144812113053],[98.61113250666882,26.44638047079195],[98.57518229092521,26.320552710341012],[98.57227715921503,26.304387394969922],[98.5726768287235,26.288029296746938],[98.58241427983992,26.210886734735666],[98.542894902269,26.199872353180115],[98.52591344711946,26.193545622568173],[98.51049418029098,26.184527496175615],[98.49715944188357,26.173123874033198],[98.48636046447358,26.159721421299043],[98.47846210426539,26.14477437874694],[98.47373057185318,26.128789095109223],[98.4658592082953,26.0871341698436],[98.46444256208768,26.071943947466693],[98.46589199417355,26.056768390675085],[98.470164596606,26.04204398093335],[98.4971691148609,25.973366943976878],[98.50824142008028,25.95347521875461],[98.53961237019622,25.911202333785095],[98.53683747432537,25.91084789530161],[98.52112132371312,25.90636489322845],[98.42819222200126,25.871957607621013],[98.41263065482711,25.864687915009423],[98.39870836381328,25.855072248570114],[98.38685616624944,25.84340862782617],[98.37744038632648,25.830058402837704],[98.31625378023409,25.72366529579212],[98.27332834339391,25.66592768309354],[98.19509153973262,25.6821112438541],[98.17657318653191,25.684298409259885],[98.1579123483289,25.683300161904018],[98.13977223201955,25.679152059785352],[98.1227973667286,25.672001618934473],[98.10759055315953,25.66210301913834],[98.07789976266918,25.638649348996132],[98.06412621788449,25.62532072845574],[98.05359244389966,25.60976439851588],[98.04673015227526,25.592620320388903],[98.00607631026078,25.446140742469854],[97.9806276342232,25.398275002021343],[97.94289991662184,25.35830102141627],[97.90765229631995,25.33427075220121],[97.90007313307115,25.330279241100637],[97.8371439628053,25.34031840988261],[97.81913966056183,25.341661010448618],[97.8011486366163,25.340003631350918],[97.78377278201425,25.335401804930278],[97.76759322548621,25.328009577670535],[97.75315077646361,25.31807430734158],[97.74092776631191,25.30592832157457],[97.73133190836275,25.29197772775948],[97.67924597050809,25.198143515029827],[97.67523859549351,25.18992421645761],[97.62289167876068,25.066156799429898],[97.61852892442984,25.052856375036022],[97.61646306823971,25.039115584950686],[97.61232259094301,24.97515017243673],[97.61256460092183,24.961651941487517],[97.61502515132689,24.948351451969856],[97.62795200397737,24.90068895122453],[97.62244750540945,24.898135275436392],[97.53500705799121,24.852784949150784],[97.52028860351207,24.84344257392899],[97.50765161505758,24.831836327199284],[97.49751264640439,24.81834960903166],[97.49020538290024,24.803427743625043],[97.43641300952088,24.659786952951006],[97.43233343346984,24.64478430087967],[97.43112282663182,24.629381434952542],[97.43329779612232,24.489888171303875],[97.43508148492613,24.47408173254004],[97.43988532820856,24.458828803904012],[97.44755761411248,24.444607279984055],[97.47941378849255,24.396780358357727],[97.49251372304202,24.381253892896048],[97.50900765253547,24.368733380257677],[97.52810378472954,24.359819108265423],[97.56676946380077,24.3464354119245],[97.57067220932177,24.34253567157604],[97.57286161030746,24.307132963375153],[97.57512208467871,24.2923983525189],[97.58000983321665,24.278224215000048],[97.60709215489251,24.217697796323492],[97.59818777861514,24.167833662583885],[97.49165988133056,24.043778795340444],[97.4807459834364,24.027907849071806],[97.47363771170322,24.010324863323703],[97.47064217867153,23.99179430187998],[97.46699928749645,23.914353079366915],[97.46818248775102,23.896014397405803],[97.4734006475095,23.87830638335055],[97.48243353507682,23.861970218708763],[97.49490170091879,23.84768933910634],[97.51028254684006,23.836060953051003],[97.52793226646278,23.82757119401917],[97.59302502422226,23.803712258706643],[97.61130544052195,23.79885312216907],[97.63028628809307,23.797362777078515],[97.64924452493946,23.79929806259963],[97.70555123642812,23.810224310310808],[97.7311450681485,23.818731531372862],[97.80074131419664,23.85249176815874],[97.81244509461332,23.859164908268205],[97.88741812355619,23.908858199774304],[98.04982663062455,23.980568069064898],[98.22687490475829,24.021480344411327],[98.36824555342717,24.029141747080246],[98.48396419427326,24.026191395007054],[98.50055049285477,24.02187801111839],[98.5105810083964,24.009509211810627],[98.52378955135073,23.998316663723045],[98.53901974224262,23.98955253394044],[98.5557547630743,23.983513978824543],[98.57342707529948,23.98040572263288],[98.59143755458967,23.980333163438992],[98.6047887712794,23.98256563111056],[98.58568640087663,23.93704452834634],[98.58027447991785,23.91842357003861],[98.57929297018451,23.89919174031207],[98.58344861792183,23.835916777424046],[98.58692873315613,23.816981676582188],[98.59470611608116,23.79918396741586],[98.60642316154053,23.783337592178576],[98.66063045714546,23.724680507697215],[98.66835063486096,23.71723726358064],[98.70396851411459,23.686631655979888],[98.72960068664705,23.621455709573123],[98.70476845299076,23.546148768897986],[98.70102347274812,23.5288639063926],[98.70099853956057,23.511255818843278],[98.70469289186781,23.494000809666435],[98.71196306734443,23.47776128303459],[98.73385703436905,23.43988827511576],[98.74560132022711,23.423976911945754],[98.77356795848853,23.393700338889616],[98.78608164742083,23.362246472517114],[98.78810365439318,23.31301237830895],[98.7681586191868,23.206084576854167],[98.76678648150495,23.18807516935038],[98.76932703901286,23.17019583888825],[98.77567604445979,23.153167688463757],[98.78557594378451,23.137677149416522],[98.79862648624973,23.12434838914294],[98.81430099916223,23.113718266154212],[98.8319676510804,23.10621482064479],[99.0231452395812,23.045567001415275],[99.0376657404323,23.042087628950277],[99.20277484796519,23.014860730253698],[99.21342960101806,23.01365667812595],[99.31980520986376,23.007109026589205],[99.37781209541681,22.98708895696858],[99.38973630844842,22.981192708236804],[99.38913545675526,22.980596141510162],[99.30753040034708,22.878346455760028],[99.29910393147395,22.86572904568136],[99.29301788543366,22.85200817302498],[99.24624413716914,22.71554967595081],[99.24251237447542,22.700029150433327],[99.24177434634117,22.684154879320037],[99.24651969268106,22.58658970695901],[99.24294469155772,22.52796653011858],[99.16384525285547,22.421102853605166],[99.15364034744432,22.403350683926316],[99.11600453113286,22.315531556340925],[99.11428409142611,22.31119530596072],[99.08134043034869,22.221084562285526],[99.07727010575474,22.205558062880264],[99.07620216392701,22.189619944916256],[99.07730911422124,22.150462318482443],[99.07945806363288,22.13380797202915],[99.08488547871856,22.117835770713654],[99.09340081117048,22.103102720696295],[99.11294083675668,22.075773516096312],[99.12472596958075,22.062333459086073],[99.1390749465434,22.05128740440585],[99.15544819372495,22.043050199497813],[99.195852590477,22.027241053553713],[99.21901129944665,22.021235487024203],[99.28868608800086,22.011720723595072],[99.31473068038582,22.011495361681035],[99.38881578768589,22.02029100697629],[99.57819583817039,22.000200687685325],[99.80463052841341,21.961811358341514],[99.84843407563478,21.951530167098905],[99.84511510157846,21.912373139171255],[99.83107012479644,21.835573188565014],[99.82972816386891,21.817882590623146],[99.8321158473191,21.8003070376345],[99.84729807545285,21.738259940755327],[99.85201165577494,21.72432338752308],[99.85907785033528,21.711300888850342],[99.89660000848806,21.654198921289915],[99.90669279687279,21.641506380104094],[99.91901434243628,21.630688903105934],[99.93318027414222,21.622083424319715],[99.94874906215077,21.61595792003469],[100.00217522424786,21.599976041062124],[99.99668930624115,21.580259281959247],[99.9937793483617,21.563385934397058],[99.99431764108348,21.5463162201119],[99.99828329661625,21.529666465918513],[100.00553181917483,21.514037549270178],[100.03309188200463,21.4673300528099],[100.04720034203177,21.44922300093175],[100.07805980567339,21.418577352010903],[100.09092498732228,21.407914479982676],[100.10562240009357,21.399599355328828],[100.12167713493486,21.393900440188716],[100.18872145304526,21.376383598390643],[100.20628402055272,21.37341958307388],[100.2241417071524,21.373582308810917],[100.24167195960345,21.376866148901705],[100.35517305083535,21.408651718273696],[100.42165110079671,21.39680505951758],[100.50161412700895,21.37255171085374],[100.5173578792136,21.369124536269158],[100.53350188860404,21.36824597077615],[100.54958438185228,21.36994116596423],[100.62277547222246,21.38360006722202],[100.64608982880868,21.39096607980683],[100.71861210853294,21.424094237765093],[100.73263887449352,21.431943619729836],[100.7450563766369,21.441912534706834],[100.89106658658439,21.580676973445094],[101.0403957143715,21.64649623393503],[101.04828618930992,21.595841229286652],[101.04776389038918,21.594709895036402],[101.04378892616768,21.577375603745928],[101.04350775595623,21.559658398591594],[101.04692967741583,21.542246433532597],[101.05392028219637,21.525815669874266],[101.06420690577669,21.511003675918243],[101.07738939174551,21.4983849608863],[101.09298652783855,21.486145970145664],[101.08123883290371,21.422641320062393],[101.07988140004527,21.404093128132587],[101.08260607790109,21.385693029815886],[101.08929463001496,21.36822722230331],[101.09965976215689,21.35244160934301],[101.11325763630607,21.33901003313443],[101.12242667270776,21.33165615889433],[101.1170102957477,21.288475717549126],[101.11646431587957,21.273546358138343],[101.11854980508211,21.258747121619518],[101.13118727607056,21.204265271225076],[101.13871000184304,21.18393154817609],[101.15115629994777,21.16588723382123],[101.17459827331402,21.13948597314464],[101.1911600135314,21.12482236777982],[101.21094650234312,21.11428725699748],[101.24451992184288,21.101114269309704],[101.26019453029254,21.09641439192305],[101.27650183637316,21.094329317964014],[101.29295636946755,21.094921122254526],[101.30906829255936,21.09817221903624],[101.45920949908522,21.141403993060194],[101.51073075864306,21.143214766135802],[101.52483228494631,21.13278054342351],[101.53856172395102,21.124317355257865],[101.57633645747045,21.105191486133435],[101.59117525747573,21.099145997417786],[101.62921309831594,21.087143616149238],[101.65735985718528,21.072010106963365],[101.67461386006454,21.06476755880154],[101.69305292386962,21.060882694377202],[101.71195281327897,21.0605080661481],[101.73057129412459,21.06365841433164],[101.75389621457907,21.069902942310257],[101.77437815876473,21.077902856699215],[101.79236779399707,21.0901378983221],[101.83857820669428,21.129973009240416],[101.84467785571665,21.132986838553077],[101.86106058343509,21.143227388022687],[101.87488494969453,21.156406425757663],[101.88556506450448,21.171966460440185],[101.8926475579811,21.189249000548546],[101.89583092257845,21.207522309946054],[101.89731434489994,21.230909522452496],[101.89665962094107,21.24806858930952],[101.89255318482267,21.26478826955015],[101.88514351078962,21.280458380837576],[101.87469989437042,21.29450678604426],[101.83574078763917,21.33745101282573],[101.82911527450159,21.34404197420392],[101.8190863407177,21.353054314306352],[101.81968063307741,21.38874617313812],[101.83831426409775,21.522431617268783],[101.8390050887682,21.52959207695724],[101.84287155868168,21.601514238313108],[101.84297916434276,21.607606250756863],[101.83979641536136,21.779828977016834],[101.8388516648695,21.790950125850458],[101.83146738814087,21.83949194738949],[101.82671465863278,21.85735212681771],[101.81817405729213,21.87391917751714],[101.78128271081565,21.929902350395814],[101.77305095518726,21.940549326031054],[101.6867354765414,22.03636532231436],[101.66804803858153,22.081583564500164],[101.65677512892648,22.129391874488512],[101.6579317513124,22.15946975399316],[101.65595673350863,22.18110086627477],[101.64848785517832,22.20164318244149],[101.64040056860378,22.217330612188473],[101.68955004147418,22.26552279148874],[101.70281917498615,22.281911954818455],[101.7117757173529,22.30067290558461],[101.735445271363,22.370772660271527],[101.76464168231797,22.33443759310945],[101.77776827471538,22.321136202823737],[101.79348803602397,22.310565610238537],[101.81116382976181,22.303153768897065],[101.83007977250017,22.29920068630616],[101.84947008257004,22.298866362471323],[101.86854988729674,22.302164358520994],[101.88654678031705,22.308961246865806],[101.96889333639358,22.349433517874722],[102.00421335854733,22.349345237976483],[102.03664551627459,22.3363180718946],[102.05973861248006,22.315084651898168],[102.07519046216846,22.30354422054329],[102.09284918946483,22.29520333736044],[102.11196868311598,22.29041416945064],[102.13174152122392,22.28937890210588],[102.15133286246979,22.292141262507847],[102.16991545984587,22.29858468299277],[102.18670436729832,22.308437179354858],[102.23522984136208,22.343861499342633],[102.24044023920288,22.347946545661603],[102.30146990371904,22.39928095140152],[102.31370582102329,22.411683759201107],[102.37896350414918,22.4916215441704],[102.38196195992663,22.495500254560238],[102.45553569522124,22.596085943412252],[102.46331540025388,22.60882289949622],[102.48612199468513,22.654407506852735],[102.5527260365451,22.621147721150287],[102.55844457677644,22.618512681314748],[102.67579879248508,22.56878651112156],[102.76168534429584,22.52052288825125],[102.79391648804018,22.47545885162204],[102.80460114712825,22.463053906858462],[102.86554006438644,22.40386103761216],[102.8808266501422,22.391805034123237],[102.89845561579153,22.38295909916638],[102.9452055688045,22.365053396743296],[102.96373903813499,22.35990853241101],[102.98300432148136,22.358321276491154],[103.0022266018791,22.360355461210496],[103.02564686533154,22.36508823849559],[103.04319113369617,22.370308993112836],[103.05935786450753,22.37854507817183],[103.12984211458007,22.423043457154062],[103.13577231160201,22.42709917453936],[103.1962083368892,22.47179424760721],[103.21123267839228,22.485643788672235],[103.22267156155904,22.502205777737295],[103.22997569024432,22.520687408442765],[103.23279317674375,22.540203530433235],[103.23308376762228,22.551441176745733],[103.25694294520409,22.570915787396753],[103.26489735538085,22.578203090875117],[103.32389550286233,22.638826664602213],[103.39117203312503,22.54679610264422],[103.40222399047123,22.53426382456525],[103.41551200610012,22.523787430822907],[103.4306035591734,22.515707426423045],[103.45256428819194,22.50629089858422],[103.4691309147207,22.500827594599695],[103.48648730276098,22.498255922068566],[103.50405843209072,22.49866105693924],[103.52126221330624,22.50202958946819],[103.53752864079425,22.508249963954935],[103.55231855925886,22.51711614468458],[103.58473301401573,22.540683730331775],[103.5982065301788,22.552582088885067],[103.60899165559844,22.566661252603648],[103.61668908246995,22.58240141148477],[103.6404526745569,22.646724457114875],[103.8505751213629,22.47131098257406],[103.86626076256444,22.46063205188761],[103.8839216094828,22.453099647254568],[103.90284227550273,22.449018668504955],[103.92225669353574,22.44855428161925],[103.94870143130566,22.450408613961738],[103.97522633687392,22.455839017644642],[104.00509074954786,22.466230414058163],[104.02121556500981,22.47349139484541],[104.03562598663484,22.483405095086425],[104.04782565165401,22.495630469274893],[104.05739389349566,22.509746811454434],[104.07684649694636,22.545377609419585],[104.0843642178768,22.563985028237784],[104.10425763597381,22.636729402730225],[104.1293513323155,22.68898219441605],[104.16653899314235,22.708933416682978],[104.16960081466475,22.70522866538466],[104.22966053646313,22.648769763627048],[104.2465637586997,22.636092848634977],[104.26607663251147,22.62724760035764],[104.28721529266643,22.622679666428052],[104.36059645174076,22.61472770760349],[104.3780245145068,22.61430814643653],[104.39524935678809,22.6168119124582],[104.41171065216867,22.62215758537864],[104.42687274853279,22.63017131126514],[104.57071634872808,22.722948839568755],[104.59177055301417,22.72956044800881],[104.62829829753584,22.728340087355154],[104.63927781334796,22.728551983626073],[104.69480189312308,22.732552615060257],[104.71336077445079,22.735598845761086],[104.73093108011207,22.74193601815334],[104.74684592615253,22.75132374331168],[104.79956698577081,22.789578094548048],[104.80772667829605,22.796211188042967],[104.86338898454598,22.84681413348728],[104.87615135994515,22.86108672696168],[104.8854895901322,22.87749228991474],[104.89100460832938,22.895332503533012],[104.91012753761771,22.994974542336138],[104.91090291796749,22.99974965921987],[104.91877830229308,23.058972430669776],[104.92467524219445,23.06455579496075],[104.95350536228086,23.079894998188934],[105.03374983342017,23.111580514399684],[105.0380967243677,23.1134134617314],[105.23135045284639,23.200063662434463],[105.25374162395484,23.21392265436616],[105.28389093371784,23.238822455476743],[105.29493171886949,23.23330050847495],[105.37250843146147,23.170755106140504],[105.41585498811054,23.12736257280239],[105.44175419409473,23.085433515343897],[105.45598092727396,23.044936305364534],[105.46328293025952,23.029328620263048],[105.47361663916581,23.015270983310696],[105.4866119009165,23.00326542717845],[105.50180393233529,22.993740531614872],[105.51864994375747,22.98703620800129],[105.64722914955506,22.94865561509906],[105.72332203803577,22.898064857505602],[105.781403571359,22.853520161168703],[105.79598687040297,22.84426399385378],[105.81212970272252,22.83761852587522],[105.82929602256715,22.833804258430398],[105.84691604368487,22.832947723454907],[105.90653747648149,22.835094432115156],[105.92411587198238,22.837233544439403],[105.98374036614139,22.849723327300474],[106.00153263574516,22.855174506402918],[106.01785549996926,22.8637118104373],[106.03209711241125,22.87501549187281],[106.04277555367915,22.885313659692063],[106.06570048580294,22.885575679809467],[106.12145304463562,22.881768261730993],[106.170548936277,22.817515807190528],[106.18197203251285,22.805108003114388],[106.19561162566947,22.794817139261177],[106.21101895661248,22.78698129535005],[106.2405921443293,22.775028281142806],[106.25647283709202,22.770073886459464],[106.27302732249649,22.7677370225561],[106.28976048730229,22.768087536618573],[106.34879703917456,22.774089000767454],[106.36528673685267,22.77712856749697],[106.47279972224693,22.806123137649557],[106.52941900807485,22.815130066276147],[106.57767193285142,22.795129799208365],[106.64992593605336,22.7510870896781],[106.64790840423348,22.747465781490607],[106.62256070908738,22.694022544707355],[106.5879401777556,22.667859758118944],[106.55690976886046,22.660023578349204],[106.54046978949519,22.654327929395247],[106.52541876288046,22.64595125637131],[106.51225463281227,22.635170935678687],[106.50141254311296,22.622343847511132],[106.49325043487134,22.607894492924743],[106.46126401724946,22.53599424275915],[106.45465537263199,22.512612473365554],[106.44067756666436,22.406642261097815],[106.44030822890159,22.388018981307503],[106.44405908102229,22.36971453840574],[106.46138325446603,22.31601631198874],[106.46926467776895,22.298510219156988],[106.48089743853741,22.282927570566656],[106.4957628742106,22.269961130019997],[106.51319924121687,22.260187101525588],[106.5399740128759,22.248557365768757],[106.55399374039708,22.236960614478253],[106.55882027256325,22.224107351205745],[106.56385675764106,22.13518176118247],[106.5616696604976,22.020095097969993],[106.56258735151657,22.00599688571649],[106.56847760837799,21.96669394461568],[106.57326275887094,21.948614358135643],[106.58191579868743,21.93183420069353],[106.59406464064267,21.91707189061406],[106.60918806070353,21.904959158991137],[106.62663812558154,21.896014139482958],[106.64566791928173,21.890619332858154],[106.66546338797389,21.889005361821567],[106.68517796674573,21.891241187401867],[106.71923575611538,21.898511482340947],[106.73709738306998,21.90431035217579],[106.76226332924838,21.89716121222063],[106.82985411070635,21.871341437196133],[106.87273175398816,21.84499425034737],[106.89184238831103,21.835914724260984],[106.91260940178067,21.83102282263538],[106.92272706325738,21.830805053463585],[106.92605688342954,21.81628026286111],[106.93139540861374,21.800349601974272],[106.93977610148346,21.785608071853936],[106.95090960998218,21.77256264805869],[106.99270956265573,21.73191311343461],[107.00672581490872,21.720661688699447],[107.12358715757512,21.643618289714684],[107.13856655796536,21.63551109337372],[107.15484185547595,21.630053877777407],[107.17188495756757,21.627423581965747],[107.2210617071238,21.624046391901782],[107.27393571811902,21.55606779488385],[107.2862083026369,21.54310021566435],[107.30088845755115,21.532573898864914],[107.31743160498779,21.524878784810003],[107.33522453896012,21.520299843954817],[107.35360805802702,21.519006597644413],[107.37190124742888,21.52104689144532],[107.38942653672002,21.526345142578293],[107.40629829036973,21.533194957279406],[107.41045026616429,21.52924865158843],[107.42616647238934,21.519279537985984],[107.44364945005299,21.51240355853678],[107.4622158953385,21.50888922946667],[107.48114046525886,21.508873745249915],[107.65064302597092,21.524439739718286],[107.67460957798987,21.529611034091264],[107.76152129009785,21.559836043521617],[107.84628024027096,21.492297578665415],[107.91014281626425,21.440207964894732],[107.92438990849384,21.430570316327568],[107.94025400132796,21.423528868414845],[107.95720337896508,21.419319409874294],[107.97467021268713,21.418082855818366],[107.99206947411089,21.41986056842807],[108.08672870487185,21.437865362377572],[108.11272073903214,21.44663586393733],[108.16668781045746,21.47368925554246],[108.23986606253129,21.46874946068324],[108.25799888729844,21.469139596145528],[108.27571103410378,21.472739735018017],[108.29236631172564,21.479420574227994],[108.30736627209988,21.48894217620202],[108.32017160286465,21.500962529704772],[108.36716933082037,21.554378403084183],[108.36985687050299,21.551239023277695],[108.38270514033987,21.53886153907847],[108.39781845667109,21.52900351842897],[108.41464090204667,21.522027098246582],[108.43255413705549,21.518188475728973],[108.4509000234377,21.5176285687567],[108.46900466066144,21.520367885888437],[108.4862029788712,21.526305786468676],[108.5439832990406,21.552409406302722],[108.56005745206886,21.56160594811268],[108.57388441264558,21.573593728009765],[108.58492687119262,21.587907602866014],[108.60847885099341,21.625830299725415],[108.61611161619096,21.64136577867764],[108.61816228076809,21.649213878375924],[108.6725036053234,21.591810083759583],[108.68446243860994,21.581158232203112],[108.71219270022668,21.56037153070619],[108.72686584606058,21.551291740681663],[108.74303983272995,21.544867332789895],[108.76017277031394,21.541313353383],[108.77769087956524,21.540748723851113],[108.84287440224085,21.544246379157094],[108.90881103829147,21.5354490491002],[108.92433573357006,21.53457010679317],[109.00782951004497,21.536193048938788],[109.015252671682,21.532437937415022],[109.00734073940549,21.516057099379406],[108.99076926354265,21.468971827782962],[108.98653673055888,21.45073841678847],[108.98641321633579,21.4320544926146],[108.99040217036232,21.413727974924022],[108.99832934782374,21.39655090680294],[109.00985064659217,21.381265266053997],[109.02446721636647,21.36853100368251],[109.04154714763345,21.358897671059385],[109.06035278263053,21.35278083502344],[109.127397674893,21.338049095525967],[109.15057485042259,21.335689042912136],[109.17363646668214,21.33867115168999],[109.237553130419,21.354586950989017],[109.35567423179415,21.364451620316597],[109.3751751951823,21.368025060814876],[109.4639825780349,21.393543352840407],[109.48351973109665,21.4014928385958],[109.59196413633956,21.45989790322293],[109.60722434993167,21.470108482257167],[109.60976397884922,21.472649739959657],[109.61495658361139,21.465884318084505],[109.62773135023643,21.45441138609639],[109.64251129077621,21.44532003641653],[109.65879523763874,21.438918148801264],[109.67603139143444,21.435422451365593],[109.69363593084363,21.43495123892025],[109.74556352099013,21.438053908614187],[109.75738370544015,21.42518274227772],[109.75743496225341,21.425137364167856],[109.75207311986249,21.423655316331214],[109.73567171063465,21.417511575975077],[109.7207791455315,21.408620614266546],[109.70790672113954,21.39728793451562],[109.69749599069102,21.383902855890764],[109.6899036019591,21.368925064969886],[109.68538911408024,21.352868755777152],[109.66993451170008,21.26576497619979],[109.60544879496891,21.186635098930047],[109.59611337650846,21.172646948579732],[109.58967791942142,21.15726386499677],[109.58636049217614,21.141009818487966],[109.58627278583977,21.124438205343065],[109.58941647460358,21.108112973672643],[109.60543718740954,21.053875231638617],[109.5711762364085,20.942487724923048],[109.56788255573012,20.926334090070934],[109.56777320021614,20.909864409857132],[109.57085056964124,20.893632302753677],[109.57701001074622,20.878183146106302],[109.59920294737097,20.834936084660477],[109.60905520117379,20.81974362642074],[109.6218631361998,20.806657685560648],[109.65419981609057,20.77951379884771],[109.68551901910804,20.7353302592784],[109.70698338996901,20.69616776274588],[109.69795600030072,20.634929912516593],[109.69743954604512,20.614405106458257],[109.70186235878671,20.594272511240543],[109.71099109009212,20.575583519220128],[109.78008381030182,20.46806067900923],[109.7908842128285,20.454340791263547],[109.79856449346836,20.44767934965532],[109.79437324957841,20.437354141368047],[109.79124788010732,20.419512143464807],[109.78796490214964,20.370435415398383],[109.78842851781842,20.35422357557367],[109.79195697989465,20.338333503064245],[109.7984342148629,20.323282663084562],[109.80764830129627,20.309560969872287],[109.86362611296235,20.240649670799005],[109.87561897896595,20.228396718635246],[109.88977095167226,20.218438484826134],[109.90559545841683,20.211116861791172],[109.92254881867086,20.20668313441211],[110.10709243620995,20.175319590822152],[110.12243820090202,20.173906782292974],[110.13780253384927,20.17487422501383],[110.35922686461153,20.205958989109384],[110.37752244930475,20.210320865492765],[110.39451197566784,20.218051774509807],[110.49925127565245,20.278605884059882],[110.51331599033628,20.288550672026336],[110.52517635265983,20.30080837125331],[110.53442191918927,20.314955540324835],[110.56643299618207,20.37602115488549],[110.58907311947205,20.400482014488986],[110.60018210124139,20.415301730238834],[110.60788367993749,20.43196792828658],[110.61185874808197,20.44979312011138],[110.61194164691959,20.468041669850273],[110.6059313732761,20.5262957660241],[110.60227294967176,20.543728080131814],[110.5950694008315,20.560167329815723],[110.58460078821832,20.574971114673005],[110.57127514375317,20.587560667425556],[110.4393026716644,20.68972284147053],[110.44027275401949,20.690555243762407],[110.44996940673504,20.702206900188482],[110.45748653325093,20.71522737622721],[110.47547589350933,20.7536887309714],[110.48159706971731,20.77176483749112],[110.48354251042149,20.79068410277341],[110.4812230470554,20.809598010964024],[110.4747408146267,20.827657833270138],[110.45172202597188,20.87474418380402],[110.44178842664778,20.890593884864806],[110.43028462552348,20.90254573967698],[110.46145087579572,20.887663846207268],[110.4799979250078,20.880975607108926],[110.49957827658103,20.878042433072697],[110.51934545678571,20.87899097884843],[110.53844502371322,20.88378016140643],[110.55605126401866,20.89220293844309],[110.57140267768531,20.90389520545065],[110.5838347619935,20.918351438089697],[110.61881205660134,20.969058448601533],[110.62682120901634,20.98335750285945],[110.63196168484295,20.998802948266757],[110.63406471510712,21.014891001717903],[110.63476473848752,21.035446454274094],[110.6334815044363,21.053305301740163],[110.6284695032448,21.070598437338695],[110.61052977716697,21.114701356913294],[110.601965522863,21.130576074435137],[110.61276395298093,21.13483592036062],[110.62773409813,21.14422303385866],[110.71267329658451,21.20922021408209],[110.71855212307781,21.214109381620812],[110.81370875194378,21.30002894739262],[110.88766726080046,21.306538441258198],[110.90683144039814,21.310113144860228],[111.02550123100497,21.34441491714028],[111.04365853337316,21.35167158837237],[111.05980661780423,21.362300886165443],[111.07325287365634,21.375847327412394],[111.08341994818146,21.391730276805372],[111.08521267913042,21.396605179296245],[111.09561461627835,21.395093990541184],[111.13923436011613,21.392607968194596],[111.16039566052781,21.393609034145324],[111.22515612884727,21.403509380641243],[111.31193473321042,21.396672918121173],[111.32864490248788,21.396726305147787],[111.34506476065052,21.399512666917317],[111.36069303703283,21.404946910140218],[111.37505250124082,21.412863127530976],[111.42871139075832,21.44874020590056],[111.61501183016496,21.469959833822724],[111.6365920121142,21.474848310963644],[111.65634237695618,21.484294292189194],[111.73521717140255,21.533674116733046],[111.75099366149968,21.546067361929076],[111.76353727766002,21.561374165815405],[111.78872456511782,21.60021567816275],[111.8099919379457,21.62146262285729],[111.82329913377183,21.62003429978373],[111.840705170971,21.621153699938166],[111.88949790585896,21.628522526742078],[111.9058565288536,21.63240924116231],[111.92120503657466,21.638939036159073],[111.93506509094954,21.647908483860906],[111.94700448442097,21.659038129525552],[112.00003737944199,21.718135049787627],[112.01244513902648,21.735899535018365],[112.01737812197123,21.748978560954484],[112.07400766942216,21.72649644278898],[112.14415933889101,21.68657882100491],[112.15908474588838,21.679647778622346],[112.17503706241601,21.67522199007693],[112.28658151406445,21.65380942259263],[112.30307734815275,21.652006044205404],[112.31962996938164,21.652893456364865],[112.33574348360706,21.656445010506076],[112.35093509910831,21.662554271108483],[112.4023728125871,21.688414923213465],[112.41548023978545,21.696370596283998],[112.42700625775137,21.70623600799067],[112.45672311768807,21.736241710283494],[112.48003504685775,21.72570373283518],[112.4772908503515,21.72235060029236],[112.44332512374825,21.670616193078892],[112.43537189883479,21.65540073786327],[112.4306427681305,21.639023170382675],[112.42930650909287,21.62207258762359],[112.43140973322492,21.605158414288603],[112.43687541250033,21.58888846848914],[112.44550585244076,21.573847127645006],[112.45698997591303,21.56057437764947],[112.47091463063987,21.54954649083895],[112.48677949617687,21.54115901507776],[112.50401504656575,21.535712670251105],[112.52460634827771,21.53117647740777],[112.54630486712692,21.52878615880176],[112.56796664867353,21.531063173841655],[112.66604082999528,21.552191809427036],[112.673801870925,21.554583581377816],[112.69490873441138,21.528329383151814],[112.70765305739654,21.515317771291983],[112.72282944559554,21.504859687750088],[112.73985549561367,21.497355850002858],[112.7580783470095,21.4930936582499],[112.77679961168258,21.492236271414455],[112.79530198693121,21.49481641838455],[112.81287656106353,21.500735170637512],[112.82884979888094,21.509765718942205],[112.84260920635124,21.521562012408396],[112.86174966853356,21.54156912745436],[112.87329557162697,21.556519585941338],[112.88129265697845,21.57340943028715],[112.88539771618349,21.59151702626205],[112.8929176761251,21.658012692996312],[112.92564476771646,21.68449064682846],[112.93834745674503,21.696988971901817],[112.94822109177977,21.71156810282815],[112.95489585853659,21.727683567186943],[112.95812107378954,21.744733279075895],[112.95777471409308,21.762079960828316],[112.95386818590976,21.779074917742143],[112.94654612836568,21.79508228567526],[112.94318902614108,21.79970875998376],[112.95084903013273,21.802826240865453],[113.00091980613747,21.828686970170757],[113.01394453682829,21.836790975640092],[113.02535842230614,21.84678964169128],[113.05524183809727,21.87767911159189],[113.06662902155742,21.89217010597073],[113.07465674486788,21.908531423341906],[113.07899803844596,21.926099545239758],[113.08974160694592,22.005443065249313],[113.09402559842711,22.0020126119758],[113.1095729130127,21.99361721219573],[113.12648492617022,21.98804140176208],[113.14417634670708,21.985477933701425],[113.16203514260621,21.986015356480344],[113.27932883374118,21.999779570643593],[113.29950984485734,22.004257574673016],[113.31814124962996,22.012696085741577],[113.33435069639094,22.024700144937626],[113.38564316272891,22.072053741086222],[113.40468400674543,22.0813846030582],[113.44418380085477,22.092434794797953],[113.49848090911324,22.10755014904835],[113.50054352548219,22.107973707160113],[113.51948314136492,22.11385952653231],[113.53666369293894,22.12329112082365],[113.5500973989197,22.134795696375264],[113.5549503742212,22.13470098585358],[113.57291677440632,22.137570443487864],[113.58994146954055,22.143561283499142],[113.59228410610635,22.14463452205926],[113.60786199557772,22.153606976078926],[113.62129189014077,22.165200314781668],[113.63208207025002,22.17899064463438],[113.63983693572942,22.194473600470843],[113.66722597509188,22.266519170424846],[113.67052649931607,22.277315471277113],[113.6829675302869,22.330523973669614],[113.68515243090319,22.348105455897883],[113.68357624702226,22.365781525968394],[113.67829886812852,22.382861590092748],[113.66952495573341,22.398677987816246],[113.64804517577572,22.429537426237395],[113.64952364130457,22.592354954854663],[113.64786516306744,22.609708653671166],[113.64263132175486,22.626473376868688],[113.63401792462874,22.64201693284978],[113.60866790019008,22.67860008930967],[113.61676112337456,22.68248382026901],[113.63123007709808,22.693157428799438],[113.64051682806382,22.70329343895728],[113.67938702973811,22.674983637882516],[113.74361523587027,22.565143826791772],[113.75466746695541,22.55005961422413],[113.76873662343651,22.53732034403642],[113.87155501087364,22.461202793693367],[113.88943436699313,22.450670509564276],[113.90930090381558,22.443973177240697],[113.99352217283256,22.424853213603622],[114.01265011354955,22.422345881053477],[114.03188884781049,22.42342443426632],[114.05046923783875,22.428045634375334],[114.06764836211086,22.43602465959588],[114.0827390318356,22.447042455826214],[114.08540710756971,22.449433308709843],[114.09701109798493,22.459730262582806],[114.1166940945799,22.46317100653374],[114.1326532524098,22.467316602565663],[114.14757980152078,22.47395607273791],[114.15014200128878,22.47536235883602],[114.17524069433496,22.47536255780567],[114.19871341952985,22.468894809510967],[114.23348905358026,22.45694801165821],[114.25212273551146,22.452431309648833],[114.27130639867872,22.451426519395543],[114.29028016724527,22.453973291153865],[114.308292497805,22.459970650265973],[114.32462974827043,22.469180985410024],[114.36793240835107,22.49950715476903],[114.38173884405045,22.497777426591117],[114.43673039207417,22.45716604892251],[114.45108983926241,22.44834851118843],[114.46686879816075,22.442011864357987],[114.48357035926739,22.438355418975135],[114.50066880469247,22.437494117145285],[114.55863174515271,22.439351066893543],[114.57794356041771,22.441804147746645],[114.59628257161687,22.447829376847697],[114.61289753652052,22.45717993077719],[114.62710745770852,22.469472787116313],[114.63832937310632,22.484204318417135],[114.64610223294635,22.500770809240464],[114.65010589180204,22.518493079180054],[114.65017442566642,22.536644226731624],[114.64418112434342,22.59337140763166],[114.64888899724636,22.59908288488941],[114.65527819077072,22.609163314210175],[114.65862697836111,22.59959197819466],[114.66616043521341,22.58353212638326],[114.67688257590571,22.569094376747007],[114.6903863537725,22.556825083525574],[114.70615992197705,22.54718831660894],[114.72360604797801,22.54054840602702],[114.74206467008692,22.537156263108795],[114.84540518918021,22.527650199826887],[114.86523610547758,22.527717340013737],[114.88458438956742,22.53154905300327],[114.90263345394972,22.53898353345779],[114.94518894798392,22.561672548898557],[114.96279268670371,22.57375500114816],[114.97694232880141,22.5892613459359],[114.98690047697087,22.60738505713467],[114.98790402707019,22.60988779932814],[115.03815430527686,22.62238978128751],[115.05358795506918,22.627580703915662],[115.06781435678639,22.635142223078784],[115.0804192883679,22.644854285944174],[115.14519841488304,22.704196324260533],[115.19222101226408,22.72024986761209],[115.24306766781537,22.697939880111328],[115.32971140536465,22.644497800991964],[115.34658463499896,22.63615489158063],[115.36485003010023,22.631020824512422],[115.38379965930729,22.62929433266773],[115.49952958866768,22.629302150354032],[115.51744645894307,22.630853413616034],[115.53469864658841,22.635468602199115],[115.55068619507533,22.642987174442908],[115.56485289707584,22.65314764513361],[115.57670554488219,22.66559662390094],[115.61304323156935,22.711908689190945],[115.62406074082027,22.730161989270503],[115.63509332799136,22.75494344867203],[115.64688100022579,22.759210807340875],[115.73125170579507,22.737651856585103],[115.73355822245028,22.737089592823192],[115.829782801497,22.714752115247414],[115.84969429785488,22.712107896253183],[115.86971116812607,22.713326790287535],[115.88897022234379,22.718356074631213],[116.08664401538395,22.79120163084178],[116.16781859337364,22.79834889340667],[116.18377446069715,22.801019784973413],[116.19898641567927,22.806133058726857],[116.2130251010152,22.813544380779536],[116.26192964128656,22.84472376370712],[116.27477527095046,22.854552687081334],[116.28556377650581,22.866310928832306],[116.28673764485829,22.86817316430711],[116.30567512250218,22.860023374458223],[116.32778758998344,22.853322473426054],[116.35091516506488,22.851657833182003],[116.4760114913427,22.856496622790523],[116.49692731515029,22.859446433325733],[116.51658462929169,22.866549228821608],[116.53404018072517,22.87746417681142],[116.54845580668538,22.891667542315428],[116.59758746451864,22.95232673859298],[116.606651954027,22.96593169956891],[116.6129154403249,22.98085008326834],[116.61617478468176,22.996600635092705],[116.63084589162857,23.1332174322152],[116.68289073051153,23.13945001343598],[116.70035748004011,23.143087326065007],[116.716754644676,23.149643140372678],[116.73152039579911,23.158892849400225],[116.74414849801113,23.17051955715009],[116.75420559550966,23.184124869389336],[116.78391337567278,23.23370932395287],[116.79148745431286,23.250045240906797],[116.79537277621515,23.267487230103775],[116.79541297827782,23.285340876226954],[116.79283015421696,23.2972464503302],[116.80416809632196,23.302504016594664],[116.81882968864964,23.310913382225785],[116.92015873296734,23.381420727582938],[116.93604996904352,23.395383729244482],[116.94805317668278,23.412336689539384],[116.95554528504779,23.43140208160139],[116.98391256565705,23.541666051304695],[116.98602885355626,23.541263047198758],[117.01500089103934,23.515236613830645],[117.02890763788072,23.504821780332108],[117.044609931226,23.496887118923333],[117.06158144704105,23.491698205785283],[117.07925368205427,23.489428619993845],[117.09703489455454,23.490154191748587],[117.11432978855044,23.49385050185768],[117.17990673962314,23.51385645944737],[117.20380463078156,23.524730694782157],[117.2723479210063,23.567750015618692],[117.2777172066202,23.555721039821176],[117.28694211135603,23.539776589068527],[117.2994186102419,23.525802368706966],[117.31464302308903,23.514360954167667],[117.3320016018272,23.505912712776222],[117.35079525390019,23.50079739765629],[117.37026759410412,23.49922059222664],[117.38963521573494,23.501245529028317],[117.40811899666356,23.506790595593383],[117.42497522278073,23.515632619116932],[117.47426995020949,23.54798306584752],[117.48870021315855,23.559630133586346],[117.50030017488201,23.573702232043484],[117.50861095876016,23.58964396961466],[117.55389915163275,23.704832916402893],[117.558709327176,23.722659802562976],[117.55942100977259,23.741064769663645],[117.55778675116007,23.763170924804466],[117.56696619611965,23.764504700465356],[117.58919495335496,23.75531807056482],[117.60824375820033,23.749494532534694],[117.6281313035139,23.74734017550001],[117.64802220763595,23.74894526189168],[117.66708106133743,23.754242203541477],[117.68450726739253,23.763008409608144],[117.69956845032205,23.77487558977882],[117.71163107857022,23.789345132220287],[117.7201870449546,23.80580892980402],[117.75357792183085,23.89200663032383],[117.78517289532914,23.924321919224358],[117.83808253896534,23.92296847933602],[117.85804491941546,23.92433581242147],[117.87722472282009,23.929409056390696],[117.894815023181,23.93797467493074],[117.91007541790566,23.949672236010265],[117.92236302816141,23.964009485466196],[117.98139903399901,24.049897674185047],[118.12586863029368,24.182585762642947],[118.13860062484883,24.197036854753968],[118.14772996303942,24.213631759172213],[118.15285659208206,24.231646197580066],[118.15375472657674,24.25029357052832],[118.1483587388154,24.33134376973138],[118.14564660607613,24.34739088966669],[118.15360742663586,24.346820545232763],[118.17416472871373,24.349351729965168],[118.19361459163284,24.35578514585739],[118.21108350567627,24.365831803495823],[118.22578644279507,24.379040467264723],[118.23706197300102,24.394817797105148],[118.270587228245,24.45494434531239],[118.27728554309004,24.47041396784338],[118.28029779941986,24.484912622284632],[118.28341837314176,24.484238308972444],[118.30265551306555,24.483584571371],[118.32161031964783,24.48635898906283],[118.41877904408861,24.509669193753584],[118.54701880838624,24.492069305088826],[118.56612094197267,24.49114703850311],[118.5850040516532,24.4936100011324],[118.60295277051537,24.499364737363543],[118.6995669574156,24.540400903392783],[118.71432793440076,24.548174709571672],[118.72733984839707,24.558187654099537],[118.73820508822965,24.570134103094254],[118.74659125740435,24.583649331833758],[118.80877023054002,24.70829851896428],[118.81513703128408,24.725619593198935],[118.81745614946712,24.743807898757765],[118.81562778592551,24.762096438576744],[118.80972700362146,24.77971355537346],[118.80040761013302,24.79523807577663],[118.85987278176883,24.82705667261479],[118.93197936565855,24.841784144266548],[118.9512530642862,24.847690662626437],[118.96871225804962,24.857095791020736],[118.98360544196316,24.869594872624212],[118.99529093120196,24.884650075877037],[119.041905560338,24.960489359116323],[119.04967948982497,24.976820021990893],[119.05368565964278,24.994273325617513],[119.05376170670348,25.012149759603293],[119.04990264729646,25.029732474193494],[119.02272051403791,25.1104569280186],[119.03973275088876,25.132672788626852],[119.22784543996283,25.1170836174951],[119.24805227502092,25.117269769293003],[119.26773494359618,25.121175124564033],[119.28606924070604,25.12863599308405],[119.33603978145645,25.154887071338962],[119.35102107149277,25.164583860085738],[119.3636934688345,25.176669025164664],[119.37360937711587,25.190716417013288],[119.38041798317866,25.206230552854407],[119.38387771690282,25.222664006892483],[119.38386492721422,25.23943665246299],[119.38037844829715,25.255956090197156],[119.37353986723872,25.271638550130632],[119.33160248961978,25.346468845439734],[119.32160369204993,25.36003758496031],[119.33998026429506,25.357166049829573],[119.36352138911836,25.35860232274297],[119.3992828395987,25.364721475859398],[119.44166782640212,25.336828370153917],[119.45743196633693,25.3283177673327],[119.55094030975444,25.287733296913398],[119.5688939699333,25.281759148506605],[119.58773226500672,25.27898724257279],[119.60675688281512,25.279520100347348],[119.62526275673862,25.28333778958443],[119.64256400312541,25.29029868494531],[119.65801915907483,25.300144698520285],[119.6876979294778,25.32327254112267],[119.69847105576443,25.33337946404589],[119.70162330413493,25.33188295471508],[119.71824403375419,25.325635715470675],[119.73579601726328,25.32217957954956],[119.75370411142875,25.32162758825213],[119.77138167070665,25.323997658138527],[119.78824962489436,25.32921202000672],[119.8037553073615,25.337099764766986],[119.87793685400784,25.383355465073645],[119.89121075672897,25.393308669997587],[119.90231499024961,25.40522915789142],[119.91090623446891,25.41874911564291],[119.9224428276586,25.44134625428026],[119.92914455953236,25.459391471220187],[119.93140693193904,25.478365801415737],[119.92912375445316,25.497398256971223],[119.92363116944423,25.512273780283202],[119.92687448555661,25.517946161728748],[119.93506609485935,25.53789123498002],[119.93772893056291,25.559087914738797],[119.93746542996885,25.590480480323368],[119.93438810100201,25.61191330410508],[119.92569150103115,25.632128711870273],[119.91603521145683,25.648443798146186],[119.90551370724067,25.66276762017301],[119.89217962411797,25.67506605886463],[119.87652026817653,25.68488852288456],[119.86900551475729,25.68870772136398],[119.86328385456446,25.6974874206138],[119.85221862038534,25.711310353892095],[119.83847694752475,25.723042107999404],[119.82255299919063,25.73225980914533],[119.80502008215389,25.738631022692278],[119.78650995299638,25.74192583457368],[119.76768993947456,25.74202522657027],[119.74923872197685,25.73892542906673],[119.69382285815763,25.724560740668224],[119.67516090240576,25.71777851991288],[119.6714641252265,25.715548673052478],[119.70704910161574,25.78438601827515],[119.71219415417254,25.796642210771022],[119.74361350639916,25.89240769469593],[119.74724363206496,25.90952086809117],[119.74708010510017,25.92698743513512],[119.74312731571005,25.944137995475725],[119.71371169318144,26.029016688010564],[119.70570746407016,26.045857891217253],[119.69407348626092,26.060936580809027],[119.6792938345178,26.073623096766227],[119.66198459052015,26.083387358733304],[119.66090047218346,26.083752325261674],[119.75649313947875,26.16671840635559],[119.84718624902902,26.221959677646232],[119.92328895869096,26.25286791178655],[119.94099532346627,26.262159220287295],[119.95613599286509,26.274537291212255],[119.96806206373714,26.289472306132396],[119.97626157846979,26.306324826819406],[119.98038155509981,26.324373027437623],[119.98024334487425,26.34284348429054],[119.97568933001483,26.37961017122201],[119.97216510444851,26.395220362120657],[119.96560387215335,26.41006192056063],[119.95621254809726,26.423663730069986],[119.93298044130007,26.451483823083144],[119.9285772326335,26.468833806977344],[119.92291596131179,26.48440746848895],[119.91102963301157,26.50918196953482],[119.93881158797309,26.501360865306822],[119.95679470141336,26.497865330307228],[119.97514662022046,26.497351769666043],[119.993250076794,26.499837281437856],[120.01049618139756,26.505238126676126],[120.02630474486028,26.513372543339745],[120.10146402847212,26.560798704973273],[120.1130660134842,26.56937436680793],[120.1568071084218,26.607092058541074],[120.16829011420457,26.61893411756739],[120.17723061895074,26.63241937820459],[120.18334898901875,26.647127524488262],[120.18645326462767,26.662599951813043],[120.19621225608219,26.760765108047565],[120.230155456494,26.847639981088637],[120.35312291793986,27.03254274302376],[120.43846521888544,27.079640809392135],[120.45328699541561,27.089643340507216],[120.46572431697426,27.101934748376316],[120.5452612792829,27.197147144452266],[120.61098044358508,27.25444703505091],[120.6250383958743,27.269828127624585],[120.69274765111514,27.363815503080822],[120.69979564532345,27.375424765644386],[120.70480727233351,27.38785131661362],[120.72644672376312,27.457552529199933],[120.72984753216652,27.47577245152527],[120.72890601832964,27.494268214339034],[120.72366038720814,27.512242474798473],[120.70658090920688,27.552849584254407],[120.73124875017595,27.571545702127736],[120.74403197913946,27.583213039080594],[120.75416078505675,27.596768152781202],[120.76129460698799,27.61175667188333],[120.76519290963168,27.627675987813628],[120.76572339006427,27.64399203796955],[120.76360381671275,27.673604073619995],[120.7735874818504,27.69730393586333],[120.90912846198867,27.831831840954866],[120.91987420265878,27.84465351997653],[120.92781403775682,27.85898911659869],[120.93269031175184,27.87437556514539],[120.93434404487081,27.890315644142476],[120.93437680094935,27.922890094483797],[120.94354797008882,27.926381250211033],[121.0096188897661,27.95946228547256],[121.02438790263696,27.968488744017378],[121.03706592359443,27.979695917831428],[121.04724939531634,27.992727637248397],[121.05525673137768,28.005261723279915],[121.05909468696409,28.001014489500104],[121.07475208103213,27.98939981019309],[121.09269461072499,27.980735838337694],[121.11219961604918,27.975370950674964],[121.1324821332894,27.9735206998447],[121.16516743695966,27.973426055432093],[121.18062726404197,27.974420532027032],[121.19570461927641,27.977474651310402],[121.28273919486963,28.00138527868632],[121.30219884289343,28.008784874128654],[121.31942151511343,28.019605823012906],[121.33364872237105,28.033371914629413],[121.34425307117405,28.04947722031923],[121.35076591505862,28.067212603572557],[121.35289818548091,28.08579678786707],[121.35259435716452,28.140010192503095],[121.36666853187829,28.14133446481228],[121.38313112391921,28.144108018978535],[121.39881453448771,28.14922600171043],[121.41329070791151,28.156548670872315],[121.52558962253357,28.224797484053546],[121.57594127843713,28.208616482953524],[121.59570229658614,28.204151565622514],[121.61603249654102,28.203208608973355],[121.63611950198116,28.20582503667046],[121.6551607085589,28.211896094203652],[121.67239509599654,28.221179034586612],[121.68713342362545,28.233302766883487],[121.6987856459837,28.247782593048555],[121.70688448158039,28.264039463185686],[121.71110420218066,28.28142300361014],[121.71127387962123,28.299237422211963],[121.70344279760442,28.37369778251355],[121.69778404527825,28.395917633428773],[121.63396760875713,28.550446204763734],[121.63082910339809,28.557175054096007],[121.58895324459145,28.637471687356268],[121.59084043254455,28.64057021813079],[121.62427991448638,28.650495581589382],[121.64408318008181,28.65854815278767],[121.6614081158239,28.670121977119774],[121.70114477005937,28.703203814040435],[121.7164980407128,28.719483204004778],[121.72696054038651,28.738507707681617],[121.75944889750053,28.82196742398127],[121.76413703756035,28.84005950423976],[121.76439265213935,28.858648818946232],[121.7602020534847,28.876924532857373],[121.75348052571641,28.89056789191705],[121.75600252967752,28.89299125226408],[121.76752458660661,28.906458833130408],[121.77589300872492,28.92160434771016],[121.78080588216085,28.937884003228408],[121.78208500715887,28.95471301721864],[121.77968252309886,28.971486554005793],[121.76499654006429,29.028963331757137],[121.75793908257377,29.047131419068865],[121.74659253945067,29.06361763242984],[121.7314780475084,29.077661338325452],[121.63873976559199,29.147200005866015],[121.65648900124798,29.147108750374237],[121.67523808110901,29.148508366409203],[121.6933391386707,29.15285586008319],[121.71368446721463,29.159546702926843],[121.71751865763706,29.157944262629055],[121.76420551473228,29.08598048377661],[121.77577143208522,29.071605253415683],[121.7903161395293,29.059429377693018],[121.80728120101946,29.04991914889571],[121.82601611844657,29.043438549786238],[121.84580320329492,29.040235438217696],[121.86588491601466,29.040432165538576],[121.93008106721429,29.046536488969164],[121.94907202231148,29.049945845579792],[121.9669406727444,29.056409191626063],[121.98304637100448,29.065694736538415],[121.99681127916408,29.077469522953763],[122.00774099512196,29.091311285537493],[122.01544227785648,29.106723497526488],[122.0196372410533,29.123153082524535],[122.07058700235933,29.478677425039255],[122.07130345187306,29.493061057958066],[122.06932261314037,29.5073820650964],[122.04230061072,29.622674377685986],[122.03673602623536,29.638613785102997],[122.03229163853678,29.64601449347784],[122.03314817828559,29.645793904559117],[122.10111654358636,29.59393452995051],[122.11732559044526,29.583763754467757],[122.13546283275662,29.576450426606566],[122.15485147845646,29.572266996812047],[122.17476854655466,29.571369164321386],[122.19447163726034,29.573790155774724],[122.21322637918436,29.579439532293293],[122.23033357192543,29.588106562408473],[122.2451550544095,29.59946803581791],[122.25713737116499,29.613100235072693],[122.26583237952107,29.62849463369103],[122.27091403948928,29.6450767544103],[122.27444893768836,29.663821242054354],[122.27557071854991,29.683766817973],[122.27149649664284,29.70347447520731],[122.26399945681604,29.725255348055523],[122.2580642707373,29.738533615744092],[122.21272781951355,29.820008547176695],[122.20266016972624,29.834448913498683],[122.18964130763769,29.847036459018806],[122.18371625686152,29.850967099903457],[122.18612122749404,29.863588288066428],[122.18552034384476,29.88068350277149],[122.18339863863405,29.888760882300193],[122.23310214276215,29.86568571521259],[122.25098000581409,29.859141313054415],[122.25508515641671,29.858365753528304],[122.27077931747098,29.822320050898114],[122.2792887983162,29.807224864471358],[122.2909081049708,29.793733871626436],[122.30522662121516,29.78232208346899],[122.32173923873168,29.773391060805526],[122.33986418665364,29.767254879489055],[122.36630880226812,29.76067193256084],[122.38743231137266,29.757394125096432],[122.40883864024403,29.757926875578846],[122.4296098550237,29.762247056395083],[122.44885518676084,29.770169182259448],[122.46574892125687,29.78135333684081],[122.47956558607821,29.79531966187977],[122.48971097595505,29.81146880726749],[122.49574771187095,29.829107493897848],[122.50565686781464,29.875381850117023],[122.50730411098529,29.894473108284288],[122.50502604420089,29.95232835053591],[122.50215754460243,29.970352978701126],[122.49509010024018,29.9875404883056],[122.48411642361935,30.003173249931862],[122.46969289738624,30.016598110369024],[122.45242077933543,30.027253791759907],[122.43302120823374,30.034694498637375],[122.42535471659576,30.03614348987587],[122.4253787728351,30.039231752762056],[122.42099096354714,30.057534923612746],[122.41226087193691,30.074691003830875],[122.39957011746195,30.08994516811824],[122.36179127797843,30.12659161557588],[122.34649129753534,30.13875091815647],[122.32870343073988,30.148078173292035],[122.15468043942239,30.219886455885884],[122.13409001621032,30.226194409631052],[122.11245858339613,30.228689155951468],[121.97121025438518,30.232076408629236],[121.95192861737058,30.23098225018884],[121.93325525889631,30.226837774655696],[121.91583952575526,30.219786955672184],[121.9002867655078,30.210074856289747],[121.88713714058943,30.198039053927065],[121.87684678351893,30.184097825941233],[121.86977196217109,30.168735520500043],[121.86615680628714,30.152485637241323],[121.86612500929458,30.135912221417822],[121.87461301263005,30.056612445080756],[121.87835326092673,30.03972594929674],[121.88578838365432,30.023736417666758],[121.89061246157218,30.01729169022415],[121.85867765191179,30.031323571129537],[121.8349423255893,30.03880170969025],[121.73419184119062,30.059039577818652],[121.51153985696372,30.283999748359502],[121.49212887731753,30.29921274983051],[121.40001550373509,30.35497706062769],[121.38574165349652,30.362235811819193],[121.3703243032331,30.367474617158347],[121.28764373933988,30.389232549841505],[121.27110233060178,30.392350873258852],[121.25421376196412,30.393136417589954],[121.15548440288765,30.39079979940824],[121.13690991782525,30.38890647883442],[121.11906504826557,30.384186113918734],[121.10252961272447,30.37679197401383],[120.86762119126843,30.246754206409605],[120.68221617460564,30.228001360691934],[120.62248339543551,30.301195541572717],[120.79987360175028,30.267646300980342],[120.81906719937349,30.265575204329515],[120.83834367709511,30.266582157904576],[120.85703807998635,30.27063224150486],[120.87450545530751,30.27758558932166],[120.95043125334303,30.315543507842367],[120.96747090113679,30.326199495513617],[120.98160897805715,30.33961267246614],[120.99225831873102,30.355227094449322],[121.0311156788409,30.428489577522303],[121.073362314434,30.49140992794727],[121.3593171053011,30.620868551720637],[121.38295489278133,30.635512768134564],[121.48210121453448,30.717438269626275],[121.56383938136742,30.755953969986823],[121.68972708823343,30.775399186840954],[121.7788771932393,30.781640967039678],[121.79860911497393,30.784663910048902],[121.81726571120254,30.790849632159215],[121.92567829522179,30.8374439735549],[121.94258817635692,30.846543127323745],[121.957116201894,30.8582413575795],[121.968726359097,30.872107702282847],[121.97698954201036,30.88763118482082],[121.98159945615488,30.904239533417527],[121.98238410098911,30.92132017934709],[121.97931238132901,30.93824277793075],[121.93601874582748,31.08289245552774],[121.93153300980782,31.094493353753446],[121.88310030050404,31.195793613519378],[121.87272079155512,31.212304429615752],[121.74753834735107,31.36922481768963],[121.733544824319,31.383363397268287],[121.73173145627702,31.384575188135795],[121.74286108474128,31.380896407087132],[121.76215166365094,31.376243283684943],[121.78210333628753,31.374757644958482],[121.80199544183867,31.376492920427314],[121.82110956242907,31.3813862340878],[121.90326436043978,31.409879495860928],[121.92193557002943,31.41830830117091],[121.93819877839246,31.429748711912968],[121.95139210576315,31.443735656530443],[121.96097773493486,31.459700402502992],[121.96656386190418,31.476993539462843],[121.9679208559586,31.494911263673927],[121.96499093993361,31.512723921372814],[121.95789094458421,31.529705669720947],[121.93888090682283,31.56380009947566],[121.92738040531563,31.579831875800267],[121.91218630916146,31.59350950322577],[121.8815926757799,31.615840405326868],[121.89270825317307,31.61721739260802],[121.91236142744032,31.623182352525205],[121.93020341964291,31.632313423997367],[121.94553215311362,31.644251443126354],[121.95774375179529,31.658526791583867],[121.9663562694197,31.674577745193194],[121.9710287624816,31.6917724458092],[121.97157494455847,31.70943365755371],[121.96175059872547,31.822318912667185],[121.95908778444954,31.83669707907082],[121.93525961730992,31.920009154915057],[121.9283177215885,31.936759846733203],[121.91757986360344,31.95204869519818],[121.83629064999995,32.045218660795136],[121.82170081692038,32.058781038211876],[121.74484798135872,32.11698281980101],[121.73190488748749,32.125365276241595],[121.71759702143177,32.13199258710524],[121.55066954326637,32.1957167476564],[121.53059874941252,32.21200353411537],[121.50957448668132,32.23577932489462],[121.5073292364235,32.372586320348084],[121.50525158252553,32.38894426858496],[121.49961860654113,32.40472375740072],[121.490620458422,32.41938664584293],[121.47856243265181,32.432432557803416],[121.41930147703985,32.485596325712784],[121.40783024670624,32.49448428058721],[121.35948363277802,32.52678812545513],[121.33528232060735,32.53897295328181],[121.04578616028691,32.64373319805402],[120.95991320181652,32.70305177119582],[120.9598875230577,32.74388597100525],[120.99424989127805,32.805059069819116],[121.0009871725436,32.82071983082531],[121.00410139507174,32.837168907081534],[121.00348160447804,32.8538311031],[120.97743122679391,33.027124861859996],[120.97347218682789,33.042416569158135],[120.96636254826907,33.05691277004357],[120.83259674559662,33.27286504889537],[120.71611294731377,33.52238219255223],[120.70720730068113,33.53718565160499],[120.61117050098751,33.66535891762556],[120.60772315096438,33.72068717141729],[120.6052867844993,33.73547868810758],[120.5998939664986,33.74973861966575],[120.52828870171275,33.8948870644409],[120.42730887808342,34.19268837740538],[120.42224534845433,34.20438126637709],[120.36640353415346,34.30944824977173],[120.35603434299082,34.32468261922296],[120.3422504175822,34.33798444724414],[120.27702377184215,34.389687579935426],[120.25925386126725,34.401104224068675],[120.02135708797486,34.52335149636653],[119.99532198636123,34.5330767506913],[119.81271826895947,34.578668815758384],[119.65029130739607,34.65351804801743],[119.50533086284882,34.77609940306897],[119.48106136584627,34.791521704916555],[119.40563037895161,34.826814366609284],[119.38813721653251,34.83340143833899],[119.36950434761356,34.83739158600438],[119.35030899427066,34.838661003232176],[119.28304396057358,34.83825369216071],[119.27881863386287,34.85019497810804],[119.3141947132991,34.96389867197352],[119.42708778587276,35.04790428956331],[119.43968701229652,35.05899435660109],[119.44980196026292,35.07165528101143],[119.45714214673822,35.08552487733238],[119.52308285802681,35.24606233192487],[119.59147037251051,35.28643596422722],[119.60799102569615,35.29841824526839],[119.62120927007574,35.3128423987877],[119.70012444359142,35.41987014899464],[119.78924120371603,35.51493373672119],[119.85133083628787,35.53475431312763],[119.86598322500193,35.54046683164739],[119.92160470168278,35.56637082018864],[119.93992260435388,35.577047376937564],[119.95516353640966,35.590509232812884],[119.99355296609248,35.63227788536235],[120.05148957527074,35.6729167801501],[120.0710365602708,35.69085176840865],[120.11979583231216,35.74994157855326],[120.131911805421,35.76941616332953],[120.14526939306059,35.79962672075901],[120.27318830424889,35.85700962740355],[120.29508727025653,35.869862629845365],[120.3607931628635,35.91933305339735],[120.37565216403767,35.93304888634033],[120.38673566607531,35.948902719448796],[120.39310556994425,35.96503251647251],[120.40722327155616,35.96541535587853],[120.4272919085704,35.968999629756716],[120.44619142349056,35.9754877179205],[120.55883004112103,36.02440971580012],[120.66224446876798,36.04293914466274],[120.68399145079745,36.04876514586568],[120.70378314944624,36.05804005062865],[120.72077956957564,36.07037035772086],[120.76384578063013,36.10876658491589],[120.77589789694592,36.12168691881821],[120.78484387275749,36.136136992459726],[120.79038929714206,36.15164397442414],[120.79235062283668,36.167700190553525],[120.793743166103,36.326336343879184],[120.80137258921714,36.34517997497972],[120.81351772252127,36.34110145825641],[120.83372461102644,36.33761137986848],[120.85438699245586,36.33715047756667],[120.87479893956159,36.339734292981106],[120.89426308797893,36.345274361792775],[120.94294920198251,36.36332541842592],[120.96139482868581,36.37195940786364],[120.97743988123283,36.383239976875544],[120.99049613762642,36.39675418922168],[121.00008404170349,36.41200719587227],[121.00585035920331,36.42844023429242],[121.01508396016725,36.469588838082466],[121.01682508162942,36.48425559457326],[121.01550843394165,36.49895240426938],[121.0118568229263,36.511005022614285],[121.01865532126727,36.511818380190796],[121.0824528614056,36.525236656275524],[121.10045988731873,36.530362558009955],[121.11710811563363,36.53785258778046],[121.19575357741687,36.58061978255922],[121.45140878231335,36.65466738085742],[121.46194308019997,36.65819555144767],[121.71825140769963,36.75610638623022],[121.72694002571514,36.7597907409068],[121.96967409684899,36.873388633939314],[122.04881307415606,36.881035818671585],[122.10471374751225,36.875052572759266],[122.11132968108141,36.85602540734101],[122.1234565054339,36.83366665927038],[122.14604345344974,36.803995817230856],[122.161999650366,36.78766207350143],[122.18226923395704,36.77467694891292],[122.2141888486345,36.75867881443753],[122.23196685383478,36.751430988306566],[122.25107982559327,36.74679346819651],[122.27092349456935,36.744912618851906],[122.3375454418417,36.74331055452839],[122.35894163005568,36.744412504511594],[122.37968162656325,36.74871613642881],[122.39901082856606,36.756064672324996],[122.41622556226314,36.76619055937997],[122.525430124705,36.8441356704178],[122.58029368557678,36.871857278109275],[122.5970917755288,36.88223193200724],[122.61111522724194,36.894927481457394],[122.62185973801704,36.9094885184864],[122.62893792647924,36.92539251515174],[122.63209340727808,36.94206846246053],[122.63588580363302,36.99786835547671],[122.63478101149535,37.015952275135376],[122.62906004087652,37.03348654194742],[122.61895695894609,37.04974401205743],[122.60488821046974,37.064049973822385],[122.59330093068547,37.071858617364995],[122.59554543973235,37.07412716482208],[122.65579344234399,37.11042014222851],[122.67221758922604,37.122524346451215],[122.6852746620129,37.13695570709331],[122.69444497767441,37.1531418585216],[122.69936221854705,37.17044052955974],[122.6998282744023,37.18816489694038],[122.68980373038292,37.28782836773682],[122.75242779794992,37.34452433189516],[122.76578350718852,37.35945171045365],[122.77498581117544,37.37620634798705],[122.7796450331803,37.394083707383864],[122.77956193231125,37.41233157445993],[122.77473659131947,37.430181604945155],[122.76536898255125,37.44688163790452],[122.75185109340471,37.46172742336201],[122.73475085095538,37.47409242054874],[122.71478844916592,37.4834543895118],[122.6500931532681,37.507069300933544],[122.62702030247627,37.51321483135548],[122.60280287760774,37.51534591244813],[122.57856349527555,37.51336339061828],[122.48000430158724,37.49670133612385],[122.35755545937609,37.49460603642517],[122.24190969675709,37.529540371533365],[122.20222548799093,37.573670357902024],[122.18743683188265,37.58704607352911],[122.16955685551586,37.5978577383244],[122.1492940964253,37.60567590787249],[122.1274526351733,37.61018980618187],[122.07446503901633,37.61679503346917],[122.0542262636853,37.61787323190752],[122.03406439543356,37.6161076166219],[122.01462540707132,37.61155456414117],[121.99653195526601,37.60435977015065],[121.98036324103239,37.59475355522761],[121.93386304731126,37.56157039991812],[121.91750739513272,37.54703014460679],[121.91023312165703,37.53892944041985],[121.82733779515512,37.545242131038464],[121.81960665236245,37.545619388468175],[121.66923392602533,37.548818716849446],[121.56395773372918,37.591491954574515],[121.45288837280431,37.65210944791298],[121.43062264437928,37.66154534444663],[121.40623651846192,37.66687478071794],[121.27186324407243,37.683802468066844],[121.1267364774373,37.79030281056282],[121.11275847413492,37.799030794491],[121.09720103514739,37.80593342989787],[120.79795356567693,37.91481523389201],[120.77503869567877,37.92089695897423],[120.75099020966178,37.923052764643195],[120.72689631499574,37.92118478001414],[120.70384745769377,37.91537724305501],[120.33876506686839,37.787687743490146],[120.26969793241548,37.780466994704774],[120.24687973729641,37.776159104970496],[120.22567384419075,37.768271208031884],[120.19821180125618,37.75517305401764],[120.17979545226228,37.74423089673948],[120.16458060110531,37.73059703113397],[120.15319452665997,37.714835023135336],[120.14610529840343,37.69759611622323],[120.14360271464534,37.67959216807735],[120.1457867687302,37.66156613525244],[120.15256404992915,37.644261349078],[120.16277459474803,37.62964713033362],[120.08251081026637,37.56369074444791],[119.81972793503478,37.42481312189381],[119.80334005173751,37.41423056877224],[119.78974403875698,37.40142770458383],[119.77941549541094,37.38685364260598],[119.77271473345705,37.37101941313823],[119.76987432928935,37.35447994216148],[119.76702604027868,37.299441864945216],[119.76789086192066,37.285726093879575],[119.70884128682093,37.239967295498474],[119.44888177997778,37.21458670654652],[119.31742169217054,37.225543222164276],[119.17279148998817,37.27737078584869],[119.08345000993816,37.33709703998064],[119.06614294692767,37.357690254198],[119.06809570898818,37.48514279914415],[119.09260582056852,37.58504797947995],[119.1097665618593,37.5949571489424],[119.16541368358537,37.63461939421095],[119.1798845597595,37.647066185137255],[119.19112897203348,37.66142514583577],[119.19874513609126,37.677185510874494],[119.2024597319462,37.693786378085434],[119.20213790578873,37.71063658000542],[119.19778842191988,37.72713567711614],[119.1790074648953,37.77500014379948],[119.16938014577971,37.792559234426044],[119.1551993074304,37.8081014905486],[119.14939414616711,37.81320235343663],[119.14922006057395,37.81524687400281],[119.14126365816226,37.91002777392089],[119.13764451397098,37.92721763985093],[119.12982674578508,37.943524836925796],[119.04248909760409,38.082357953034],[119.02840399567887,38.099453928115935],[119.00971947150337,38.11360611932768],[118.8696434948176,38.197578108606656],[118.84833995613154,38.207649729821874],[118.82473490384845,38.21387503297679],[118.79995155994513,38.21595737710138],[118.6668802046947,38.215675404721594],[118.64920667426667,38.21455530886186],[118.63196356156337,38.21131638018174],[118.53746371983364,38.18733910062347],[118.06020089263731,38.267291022045406],[117.84611529174974,38.37798025017784],[117.7574566916678,38.46828873246533],[117.67194606285635,38.64372636613949],[117.66978602977834,38.68046426694566],[117.72485494157954,38.8212560089154],[117.8798987139916,39.0806258041727],[117.92246582407955,39.11043206076967],[118.03389323128633,39.13302179992326],[118.08026630328372,39.11928326410696],[118.21185968554892,39.00710880411957],[118.22895142080883,38.99516264860038],[118.24877772128838,38.986078070375456],[118.27055075513506,38.98021544654227],[118.29340628878045,38.977807164814145],[118.31643770282135,38.97894852639067],[118.33873158540295,38.98359404052712],[118.5126662544107,39.034474732214555],[118.52316360233026,39.03800030965537],[118.64380149279346,39.08399903791768],[118.73282617169792,39.07244296366508],[118.754104789731,39.071209635504935],[118.77532672148003,39.07300522457535],[118.83287721006509,39.08204903354568],[118.90196804416293,39.07745201437606],[118.92516526742632,39.077698017561474],[118.94784797650055,39.08149859322634],[119.01242305560005,39.09764626650789],[119.03228819072406,39.10423537728088],[119.05023504347407,39.11354574596808],[119.11339013123477,39.15330387045533],[119.13233787253057,39.168385215046776],[119.3168781072873,39.35393182830128],[119.330897390339,39.37203635617036],[119.33902413699533,39.3921421011318],[119.37328084846634,39.53382115995094],[119.42600483003889,39.62062158346368],[119.48429032472747,39.69753376151526],[119.65732400095345,39.82735423048714],[119.89617431476462,39.905464083519256],[119.90686984949734,39.909444153024275],[120.41533629933235,40.12165804643781],[120.51494675749439,40.14616490721703],[120.53418258645851,40.1523587970807],[120.55168964049028,40.161024950938625],[120.56691783927839,40.17189125593809],[120.57938802815374,40.184616457006996],[120.86592173518332,40.53596566569445],[120.91631919672786,40.57887040649528],[120.97941642957166,40.605270586953765],[120.99533439893365,40.61324206241362],[121.00936074355089,40.623026081342076],[121.09002337402521,40.68898342463591],[121.10119123827022,40.69960703717254],[121.17601980007036,40.782869749052715],[121.21531570830231,40.80933882253659],[121.49238704702218,40.79188526599713],[121.527036194733,40.772270164656106],[121.54990199822178,40.76212951314933],[121.57522575804704,40.75607519999805],[121.60173704982542,40.7544104546891],[121.7319367785246,40.75715515265511],[121.75560821480249,40.75943799975893],[121.7782200453772,40.765219770423144],[121.78886185037955,40.76988509717853],[122.04009107243319,40.632762425144655],[122.06653338493757,40.573945254272545],[122.07521333661623,40.55920667249239],[122.08729579977773,40.54590250618138],[122.10238165712914,40.53446999940891],[122.14085395541397,40.51018370495726],[122.095159784957,40.43133980962202],[122.08872213338478,40.41700590980078],[122.08174087134915,40.39563331657126],[121.89198272219207,40.19252333205994],[121.78443705465993,40.10796108687454],[121.76554181855103,40.08830297207664],[121.71562299272412,40.01780402474778],[121.46590584471775,39.92466466611688],[121.44683021917758,39.91570751843156],[121.43033589222073,39.90416238115444],[121.4170250559664,39.89045151523355],[121.40738260676845,39.87507621882575],[121.3643311673152,39.78508665793109],[121.35874120802214,39.76865937464035],[121.35734001443701,39.75173446588602],[121.36017540397002,39.734925717645304],[121.3671416166709,39.71884226431237],[121.37393378626916,39.70707129581316],[121.36403232353734,39.7041028400984],[121.33837578447587,39.693422521209655],[121.19932220330361,39.61678735086384],[121.18114281627415,39.604346514816186],[121.16673980748999,39.58930101628898],[121.1567406738184,39.57230875395181],[121.15157928633715,39.554112352356306],[121.15147737101312,39.535506535279545],[121.15643543238502,39.51730330139867],[121.1662334122775,39.50029644780474],[121.17443277498809,39.48933931051063],[121.18092681339932,39.45720585403459],[121.16331637149581,39.40814438036597],[121.15951638177508,39.39150302528337],[121.15988535328667,39.37462146642388],[121.1644070834997,39.35810642857543],[121.17291631172387,39.34255103423722],[121.18510505430571,39.32851352908585],[121.20053398934739,39.316497316893994],[121.21864843709939,39.3069330079927],[121.23879833468114,39.300163107008245],[121.2602614815359,39.29642986749829],[121.34034209394522,39.28848859256743],[121.35352856147807,39.287757879027225],[121.51016873999077,39.285823086470096],[121.52667232533626,39.28650853273206],[121.54515965787375,39.28829039501147],[121.52732530433428,39.264765864141296],[121.5170594579401,39.24701223719058],[121.51204949727963,39.227985697979015],[121.51252933256309,39.208590364859674],[121.51847176800987,39.189747164110685],[121.53472473423314,39.155214096754314],[121.22546833022201,39.044861063197494],[121.16204139653975,39.0333836882066],[121.14449583323855,39.029044322619924],[121.06286736858935,39.003141658162505],[121.04401752932955,38.99552202489142],[121.02729330334243,38.985375255480726],[121.01326060927629,38.973045115473745],[121.00239346830625,38.95894923294871],[120.99505800242771,38.94356484880343],[120.99150020559281,38.927412559284136],[120.99183788138093,38.91103861792878],[121.00695301196517,38.80351978847688],[121.01444113596432,38.7802294293408],[121.05644671160947,38.69861885632314],[121.06647569525552,38.68350670460419],[121.08003432454676,38.67014824432758],[121.09662786884203,38.65902890517634],[121.11565217085277,38.650552467437755],[121.13641562824033,38.645026523231195],[121.15816420563986,38.642651432056155],[121.18010859143806,38.64351315042248],[121.20145255372232,38.64758017869558],[121.24525225255263,38.659434901740006],[121.26974289999465,38.66869093487053],[121.29075844989961,38.682127146780694],[121.30998954779133,38.69771054212228],[121.3611845230233,38.72291924048447],[121.53373766886034,38.742669711744455],[121.55371591936715,38.74636607402002],[121.68628128080633,38.78066291037648],[121.70517328208368,38.78703044524663],[121.72230850674569,38.79588407092463],[121.73714174561225,38.806942276803106],[121.74920037540751,38.81985339803236],[121.76972782912793,38.84654350080936],[121.77920058794835,38.86208760227373],[121.78463708227166,38.87873649558295],[121.78583280555839,38.8958723571173],[121.7843094724344,38.904240140790925],[121.7897348550225,38.90315958265071],[121.81774830556571,38.9029446249607],[121.87685361506323,38.90802228710548],[121.90014769158357,38.91191785489217],[121.92192519611827,38.91940368055073],[121.94126317588743,38.93016242041305],[121.98288149645555,38.9587370698406],[122.02151550394844,38.96951623441655],[122.03904196410815,38.97571334129747],[122.05499889285018,38.98405837928708],[122.12029836556526,39.02464566593592],[122.13077802487713,39.0320077376956],[122.20401052650801,39.09006173789332],[122.21619326459654,39.1014500121206],[122.31706615204634,39.213159050492294],[122.41116175627428,39.29769491608705],[122.88299198251698,39.51689250087448],[122.98417394588571,39.53287173402732],[123.00560453885568,39.53791942973082],[123.02539016457683,39.54599330744832],[123.04280176022688,39.5567958834973],[123.08410878943626,39.58785679631637],[123.23634543391044,39.59809716872884],[123.25956571165807,39.601469022256666],[123.28143764401581,39.60832659124292],[123.30106759432398,39.618389549350844],[123.31765270529515,39.63124660210938],[123.34684193768585,39.658967698021314],[123.382574218857,39.67522550336512],[123.49489280534381,39.6791280604394],[123.51970660313253,39.682026551506844],[123.6102217590178,39.700275101814064],[123.63028013027387,39.705836606403395],[123.6486913252821,39.714069346052575],[123.66484367047816,39.724699885885286],[123.67819984963866,39.737375125475246],[123.68831471027248,39.75167393142422],[123.6884728999681,39.75195652518146],[123.69192569310505,39.750085414584156],[123.70930752241748,39.742296119027756],[123.72820329413756,39.73689860704846],[123.74804996111857,39.734053426715455],[123.7682565447269,39.7338450844315],[124.11341992927264,39.75246440527506],[124.13379150013654,39.75491336760904],[124.15329497596545,39.760034072345945],[124.17132644066943,39.7676678151231],[124.33292609761938,39.85074177927635],[124.34914442919174,39.860753573013824],[124.36277371629959,39.87277994474753],[124.41076115558279,39.92358128077651],[124.41243835951829,39.92404763291502],[124.43143604404116,39.93267239202964],[124.44797411348023,39.943834833687845],[124.46146469317986,39.95713880510231],[124.47142724377355,39.97211201018028],[124.47750572244014,39.98822265377935],[124.49595602483461,40.063184867828284],[124.56108773942022,40.116501309831726],[124.7850432857196,40.24963239956255],[124.79803397022154,40.25857399193558],[124.80912595136289,40.26886341786902],[124.86018354253612,40.32408357846737],[124.93066668489925,40.36975985412234],[124.93681127821012,40.36956669790329],[124.96057515967222,40.37062199071343],[125.01509461907125,40.37721177178002],[125.03917216879282,40.38211347831648],[125.06137034314371,40.3906943509477],[125.08070237315538,40.40257291404639],[125.09630773012053,40.41722109219408],[125.10749025417559,40.433987490973514],[125.12375412049747,40.46651142995272],[125.13200215811194,40.47064989676157],[125.23798867311594,40.509990885476675],[125.24455113570836,40.51261632602632],[125.35613346159262,40.560576258931036],[125.43946394889292,40.57301018923645],[125.45946755169889,40.57738057475363],[125.4781592599906,40.58429950686105],[125.49496286904258,40.59355365506718],[125.6205924897373,40.67614071927769],[125.62406283101065,40.67850863307015],[125.64078816045973,40.690375706647075],[125.64451255322626,40.69037543056744],[125.66855195325172,40.69220881509145],[125.69162190114614,40.69763724949065],[125.71276843315421,40.706435990779504],[125.7311164078522,40.71824094021633],[125.74590542621807,40.73256358290396],[125.75998029477505,40.74949339405776],[125.76497647530113,40.75611408406219],[125.78310155133052,40.782707360426535],[125.798484730237,40.7841772710513],[125.81748941440374,40.787182351691094],[125.90005520636736,40.80555217582148],[126.00556404014655,40.81702404783738],[126.02679573385421,40.82082751085749],[126.04675950112359,40.827452994986835],[126.06478440868294,40.83667772972857],[126.080264076923,40.84819159669767],[126.15800906707571,40.917563076668635],[126.16904246295235,40.92915379795498],[126.17746186903362,40.94189528023541],[126.19871837776837,40.981780701777936],[126.23074274297657,41.015770114324994],[126.32385711676677,41.06654908193201],[126.34061545871569,41.07759315820845],[126.35432515210411,41.09075104855816],[126.42929775401264,41.17835660632111],[126.50595313540147,41.26646370028541],[126.51197325073588,41.27109522967315],[126.51495050635336,41.27156895837033],[126.53594659844354,41.27643161610212],[126.55541270534702,41.28404385634104],[126.57269417321996,41.294149658300384],[126.58720911992256,41.306409146040885],[126.59846792485924,41.32040992050556],[126.62165049791761,41.35632202047377],[126.63119533732144,41.37770369063045],[126.65693308983235,41.475471482811436],[126.69268272866627,41.567551935291654],[126.70154662061374,41.585511373927474],[126.76700954694677,41.62031822658047],[126.78145224407696,41.62932663485003],[126.78237594912108,41.630114810457826],[126.78695168607231,41.629778066688175],[126.81085990762935,41.63154473049448],[126.83384729483805,41.63676298936436],[126.85500048581001,41.64522522421659],[126.91452497240988,41.67498033046421],[126.92068991081513,41.67832440477484],[126.92087185715224,41.67822871899138],[126.95535496065415,41.64361712067558],[126.97389874347978,41.610102600156125],[126.98281976912159,41.59715597699005],[126.99451318340722,41.58547371117779],[127.01331834547592,41.569616971719306],[127.01741784258866,41.543803594653134],[127.02274491057833,41.52618276538879],[127.03283225765537,41.50974976403218],[127.04725514144477,41.49519071986224],[127.06540889828828,41.483112983507475],[127.10836490111495,41.45994739055838],[127.13231203453661,41.449931944099994],[127.15875961380762,41.44422597189734],[127.24121885494188,41.43381098169358],[127.38234198208929,41.399816984660845],[127.41623042600982,41.39547137272592],[127.47866369358334,41.39416397834755],[127.50543649144228,41.38106752792572],[127.52733004441569,41.37262280250832],[127.55113267062158,41.36768448701023],[127.66651949878445,41.35297279940152],[127.6842020956041,41.35169705650162],[127.70196096488142,41.35236449360332],[127.91468709825863,41.37188334504338],[127.95049432691481,41.36717088075615],[127.96275624952096,41.35695738505441],[127.97545479090746,41.34784734327647],[127.98984984971375,41.34022915232552],[128.04831485014512,41.31389681940352],[128.0658766869695,41.30738388304889],[128.08466277597213,41.3030875481264],[128.10416560964515,41.30112361916732],[128.14229982783758,41.29961681985557],[128.1646815302948,41.30027517515332],[128.18652993790448,41.30399303126933],[128.20708271348127,41.31064038501118],[128.2256223432411,41.31998503555388],[128.24150093904584,41.33170063019509],[128.29238630946185,41.37692366310995],[128.30541390271918,41.39105294294466],[128.36006963067857,41.4645320631293],[128.36339094693264,41.46932882686272],[128.39948685039113,41.52553918394072],[128.40846088623883,41.54512340834573],[128.41101600377849,41.56567592269658],[128.4094379596046,41.61029858993729],[128.40614901308987,41.628618456386334],[128.39772041100866,41.646009517796784],[128.36634496977263,41.69398093783621],[128.35224465808398,41.710504883959885],[128.3334999349429,41.72432401410921],[128.27678187904783,41.75767561262296],[128.2395094786311,41.809500271685486],[128.1926769479585,41.87974347225533],[128.1747679563116,41.89933637468915],[128.15751647829322,41.913585184571694],[128.15411283779557,41.91870468311147],[128.18403375096418,41.92497676574401],[128.3045620825123,41.93643687918504],[128.40603882992406,41.92379018845857],[128.4349608249567,41.92274604728582],[128.63419992739176,41.93286747571941],[128.65233830243795,41.934786725824],[128.75894581427104,41.9520935535867],[128.83381591451464,41.949764538444356],[128.83987536405468,41.94968503568604],[128.92335601667622,41.95008615330475],[128.94866120169237,41.952149731206774],[128.97285203464892,41.95802347993163],[128.9948602155866,41.9674476713578],[129.01371294867315,41.98000580651957],[129.0456365939986,42.00621105129785],[129.1493875993646,42.07165322701001],[129.1982177069232,42.09424581512344],[129.22358707840374,42.10985602420049],[129.28540101890295,42.15975957233007],[129.2997810529005,42.17395759908785],[129.31002347051603,42.18992514161456],[129.31571879849375,42.20702846909173],[129.3250580938659,42.255893313866274],[129.33273415307713,42.28182240660601],[129.3537123580433,42.30901956435254],[129.39441748629108,42.34608040672576],[129.41220926922688,42.33864948800552],[129.44148244014812,42.31936146445969],[129.46021712130678,42.30923425725082],[129.48130868165737,42.30191424264087],[129.50397352789636,42.29767277285058],[129.52737048819995,42.29666684857567],[129.55063171895472,42.298933411462365],[129.594420814813,42.30635111621025],[129.61760935995378,42.31209897737865],[129.63877937407426,42.32108107393215],[129.6570761568196,42.33293481912899],[129.67175988889971,42.347181696182645],[129.6815764748398,42.3590049465646],[129.70618462144589,42.36036144868785],[129.72939175169557,42.36328666715294],[129.75142287856772,42.369382314572746],[129.77145667881885,42.37842091631072],[129.78874558595703,42.390065303366725],[129.80264346387966,42.403881078459335],[129.82454039840033,42.43071418352882],[129.8344993698189,42.44610349207059],[129.84021343031463,42.462564254073214],[129.86683912875844,42.58961330015709],[129.89351610128003,42.68952963518074],[129.89551684216096,42.70099676311192],[129.90028692588535,42.758544237299155],[129.95602865692535,42.86345310575858],[129.96180285562545,42.87782456999754],[129.96356134896004,42.88417189145994],[129.97810581569948,42.88023886510932],[130.00262725818973,42.87562650340533],[130.02798719243054,42.874741222992284],[130.04289117084468,42.87645051900118],[130.05289502061768,42.86484096356289],[130.06747654689184,42.853233474175745],[130.08471590222325,42.843684891940896],[130.10406503882615,42.83649788554782],[130.12556764201892,42.83019110935447],[130.12431331907203,42.745102019181864],[130.12607111731145,42.72931302874717],[130.13174240318932,42.71402959641882],[130.14114036712073,42.69974752708182],[130.19014573569874,42.639920921882656],[130.20305284160412,42.62701131025486],[130.2682275315022,42.57295741591468],[130.28634467956644,42.56072225199383],[130.37587489939682,42.511611744276095],[130.3931368391339,42.5037005176882],[130.41201197196335,42.49799693103728],[130.4163446580817,42.49698830885178],[130.42182256629752,42.49030228153923],[130.4352286400464,42.47699165230661],[130.45186086428922,42.465740765911505],[130.47113254178242,42.456945113188475],[130.49236512961537,42.45091360043691],[130.5148120257663,42.4478578291043],[130.5376846053919,42.44788478399915],[130.56017962903064,42.45099316719847],[130.58150711149764,42.45707349223084],[130.60091773144683,42.46591192849444],[130.65839897085814,42.49781318259942],[130.67653310863992,42.510157635728625],[130.69085353552077,42.52487567155503],[130.70076441971423,42.54135742740362],[130.70585155817923,42.5589195912334],[130.70589998470254,42.57683355594265],[130.6980985013004,42.63273875105825],[130.69368927977092,42.64887690934279],[130.6851632265877,42.66411689246419],[130.672817102921,42.67792288553375],[130.61811535273543,42.727932985461194],[130.62006568334002,42.72868481221666],[130.74918894781393,42.75022739464566],[130.76340200888916,42.75324625350664],[130.83203079802743,42.77107842709597],[130.86289560265493,42.77415662547154],[130.91593932419747,42.765901033929765],[130.94100835417873,42.763905743488316],[130.96615541329638,42.7656411291799],[130.99031554254566,42.771033235356036],[131.01246529904034,42.77985328430264],[131.06454911557452,42.805893861768205],[131.11562619208888,42.82141548870607],[131.13679032771083,42.82966312038818],[131.15534355263367,42.84069407623932],[131.170574738632,42.85408610964119],[131.18189883499335,42.86932647225076],[131.18887936734473,42.8858313832587],[131.20391413824913,42.93985926371674],[131.20625595507187,42.95494650080737],[131.20816808756038,43.011021855115985],[131.2109183586246,43.013948353019416],[131.21708135243432,43.02123706156635],[131.24147002173575,43.05345023399691],[131.27903241790037,43.0952016164],[131.2891391613542,43.108925058219036],[131.29573730808355,43.123678698016114],[131.33200976812068,43.23839845146695],[131.35833445958554,43.31462082533292],[131.37513039274083,43.35225505147378],[131.3807371671965,43.373729642555816],[131.3853365076628,43.4286950433132],[131.38437314212476,43.4460190231915],[131.37862471493895,43.46283959976771],[131.36081953813166,43.498836897695746],[131.35215621131314,43.512461267474166],[131.34032994334808,43.52481996885644],[131.32568451433986,43.53555163076919],[131.30482983412284,43.548398179890505],[131.30413370509422,43.5677385426568],[131.3077087341269,43.6490332974457],[131.30686299216606,43.66236807797451],[131.29920247165663,43.70689557398456],[131.3357526037356,43.98175982623817],[131.36998402027757,44.03754551443791],[131.37784481248607,44.055206829728654],[131.38029791326286,44.07359347313515],[131.3772302426829,44.0918940807521],[131.24872733852104,44.489006607694115],[131.2102909659596,44.61493474796027],[131.20826764776584,44.620613508216074],[131.18212743208693,44.684642308779054],[131.17714824327237,44.69452202385066],[131.1205791152505,44.788116957094644],[131.11556416988685,44.79542710229014],[131.10389112328892,44.810569497306616],[131.1175963965776,44.82243380499565],[131.1228578430167,44.824689556394574],[131.2390008038434,44.83279331944192],[131.2652415860698,44.83657303241464],[131.2898251182983,44.844074147507506],[131.32182216635525,44.85674328127279],[131.4913106282025,44.902204461865495],[131.51614126596667,44.91109126452187],[131.537650285836,44.92348418084283],[131.5782670409162,44.95255579073372],[131.58173153996103,44.955132857957125],[131.6729390014814,45.0255685615845],[131.6847315736495,45.03614963280638],[131.6941046657311,45.04781703771044],[131.72942837516496,45.10070508315017],[131.73198171319459,45.104788009058595],[131.75615815048417,45.146223172675086],[131.80770413358002,45.16800751945386],[131.82495954880898,45.17671597718233],[131.8399131897259,45.187259472458805],[131.84853563331896,45.195777154059165],[131.90837040100757,45.169732942075434],[131.9405324787518,45.15975801063282],[132.03026929777607,45.14177927882257],[132.0306259103177,45.141708082428075],[132.14143218462743,45.119653617787044],[132.31989858778167,45.077134801590326],[132.32628105064148,45.0757388091621],[132.50825225327918,45.03943004378659],[132.6209681343131,45.011320271602784],[132.62435680026027,45.01051090340072],[132.68181233347067,44.99740236071268],[132.69167908079004,44.99545261939818],[132.7965555815604,44.97783474910247],[132.83402484720574,44.9665582934746],[132.87862518332412,44.951366017977776],[132.90167483643313,44.94537000798366],[132.92602357070123,44.94258223674103],[132.9507501592386,44.943107721044235],[132.97491946684372,44.94692614925057],[132.9976173555317,44.95389270548703],[133.0179848178346,44.96374353651215],[133.09210699000346,45.007430076377574],[133.19223863209652,45.062659435044054],[133.2109980157905,45.07533361219916],[133.2256520671145,45.09034436045206],[133.23558079215329,45.10705960251967],[133.24036194006632,45.1247750690063],[133.23978933083845,45.14274377965183],[133.22527463749375,45.22214542244229],[133.23906188899824,45.30540003689161],[133.29887314205433,45.44750991401265],[133.32920178815573,45.46639271791845],[133.34127465480404,45.46860764508445],[133.3753621213725,45.47860583942981],[133.42031710917968,45.49735207066101],[133.50028244604596,45.529422790715394],[133.5224999781252,45.5406277747652],[133.54078235730037,45.55476825303584],[133.55429092402326,45.57119751194463],[133.58355675577164,45.617695766915844],[133.59141669514636,45.63472779675086],[133.59407831717823,45.65244422336171],[133.59142689456243,45.670112778007145],[133.58220509793313,45.70043173801659],[133.59731725958486,45.730105399123644],[133.60361685167226,45.74885674329273],[133.61141435036896,45.794585105345696],[133.62464146506335,45.826264191181295],[133.67184661180454,45.844955155198925],[133.69233697108223,45.854962303975405],[133.70964466655712,45.86744165985764],[133.74950073605063,45.90231922646469],[133.7641955513289,45.918452395887726],[133.8021562264586,45.972119253151966],[133.81004932711133,45.98622608250991],[133.83555229415973,46.046881557875345],[133.8400106189372,46.063101662632306],[133.83990314814932,46.07955534594678],[133.8344873636953,46.11645681215983],[133.84140832940173,46.122901497423314],[133.90519023356921,46.152476034169034],[133.93271171427315,46.16952957734605],[133.96123132624015,46.192991090438106],[133.97454205524681,46.20617865663283],[133.98414126179588,46.22073248375181],[133.98971142978613,46.23617536341202],[134.00331924627508,46.29747618035646],[134.00353419612904,46.29848213135416],[134.00617947822892,46.31138517498694],[134.01937565007296,46.32949023589466],[134.02875357762994,46.346603704950375],[134.03270066843686,46.364596806322815],[134.0310416725372,46.382693965541115],[134.01517381969313,46.446320209609716],[134.01455215098133,46.44862123888362],[134.0034345251575,46.48681733866362],[134.0726969173548,46.57425757167713],[134.07694865238912,46.58012076870212],[134.14223103265513,46.67896749994299],[134.14958947743045,46.69326087816535],[134.1531886982706,46.70814645297092],[134.16879115500802,46.84733229214715],[134.17400815854518,46.86395862771593],[134.19722306552075,46.92648871503713],[134.20974889408157,46.949172935446484],[134.2538294300451,47.028231604980554],[134.3079991022724,47.07720528391029],[134.3210258431249,47.09163756728596],[134.32971666173677,47.10740231485503],[134.33375087414748,47.12392441340429],[134.33297706447092,47.14060065563079],[134.3202470697149,47.2067618654222],[134.31685194861106,47.218193837904536],[134.2964467822448,47.26859969428841],[134.29675579632433,47.27140381499608],[134.3264683251712,47.297408957297215],[134.3569333470098,47.31931516004364],[134.3750406714108,47.33572255695272],[134.3853352060903,47.34769770322832],[134.38692257339156,47.3482170598547],[134.40913275942142,47.352727409359716],[134.4992250036799,47.36088462543838],[134.52713296561487,47.36545240574622],[134.55300861346143,47.373844654664516],[134.57564633181008,47.38567014594047],[134.63402569377004,47.42342008257328],[134.6387369738202,47.426617623840244],[134.69302641589618,47.465295384513865],[134.70730959784387,47.477383976879906],[134.80700498222203,47.57826079380201],[134.8210870230544,47.596923056417],[134.85051695689899,47.65099165825339],[134.87069326020182,47.67671093892623],[134.8810803781052,47.694319800506854],[134.88551844530843,47.7129076684689],[134.88379627867752,47.73161537883002],[134.87598724866345,47.74957735243913],[134.82246117828382,47.835601637942645],[134.82140633561053,47.837245712346316],[134.7743908257687,47.908363388876964],[134.7173618304946,48.006356230466835],[134.7096320765317,48.0208885488382],[134.7225251073151,48.04059850460539],[134.75507968211573,48.06949641539543],[134.77034882940862,48.08679194258793],[134.79247279786878,48.119918606673494],[134.80258692250288,48.14356916312868],[134.81424594552587,48.200673237426955],[134.81527205336837,48.21628828818426],[134.81198942318983,48.231718490082244],[134.79647209569978,48.27518277706117],[134.7890676521528,48.28979722187238],[134.77776208862906,48.30328464222334],[134.76290863482393,48.31521999402423],[134.66128775260617,48.3831214337805],[134.64399049989586,48.39280393969846],[134.62432829041256,48.40040309169629],[134.51680567680583,48.43405866800141],[134.48176563031222,48.44133398485307],[134.36026522942646,48.454915524571334],[134.3186009386743,48.45951860677998],[134.29151451905875,48.460705995580184],[134.2645022998985,48.45835683960488],[134.1768610694383,48.44482329924448],[134.16197900908577,48.44193311937637],[133.7977663833801,48.35566599917942],[133.77490810064302,48.3485956611568],[133.60430504321104,48.28250287070988],[133.58618219585725,48.2740992899846],[133.57036641505738,48.26391109005191],[133.4891216792201,48.202264969755454],[133.44009278629395,48.18551582817314],[133.30915013284812,48.18892213168911],[133.15194212398194,48.193099350088254],[133.12891287765868,48.19240861473325],[133.10632938208687,48.18916729801123],[133.08485771204468,48.18347070393556],[132.96077460304704,48.14216379647997],[132.93068546446762,48.128550404799576],[132.79898904153586,48.04993826627812],[132.75005378313313,48.03164333401817],[132.73170359599953,48.03364999110973],[132.7031969954921,48.03473621824356],[132.67487377412036,48.03183680143237],[132.64802857962528,48.02508368619619],[132.62388782187358,48.01478500088817],[132.6035529444542,48.00141087249708],[132.53325744512526,47.94417162545597],[132.5219008970569,47.933381154053066],[132.51308064868078,47.921638398985124],[132.44935440589765,47.81801608573154],[132.43814704625808,47.81101226009115],[132.4122413372872,47.814918714591236],[132.39260175309255,47.81687163442975],[132.37268374649568,47.8168758335839],[132.1419368556223,47.80536999290709],[132.13190262473705,47.8046092724683],[131.7779393374219,47.76831694175856],[131.59966242994537,47.769544391506145],[131.53956315390255,47.79592630523987],[131.51921120142464,47.8032197474534],[131.49716747855214,47.808040003721594],[131.474110032682,47.81023842072172],[131.3289585755074,47.81549374340097],[131.29163449781882,47.81336072438549],[131.10377893320572,47.7846879791448],[131.06317472220695,47.78259044870984],[131.06290227441804,47.78306490384366],[131.04774438910033,47.85639842380247],[131.04301440310692,47.8704408838034],[131.03483148154325,47.883741131153585],[130.96819832237574,47.97031586722926],[130.95145793604135,47.9869106231541],[130.8608020372249,48.05722570401644],[130.84944271576964,48.11807354443689],[130.91246709988954,48.2241578783766],[130.92063316883116,48.24502210966145],[130.9379310362208,48.33190124993652],[130.9385992236504,48.350577937574194],[130.9331962704558,48.36884776285711],[130.9219603421925,48.385884592414726],[130.88983477594905,48.42292120312975],[130.87769038930645,48.45379584268292],[130.86922988962064,48.46910913063776],[130.85651013435995,48.48307814097147],[130.83997066025287,48.4952164302829],[130.77215706041528,48.53628855748782],[130.72137004990765,48.611401879374455],[130.7086132495455,48.626111987316655],[130.69419809545633,48.636983006781016],[130.69855224816084,48.661676060472004],[130.74487464026706,48.74491210862271],[130.7514651023414,48.76163531498942],[130.75293003870814,48.778802411147176],[130.74920855446314,48.79575794627517],[130.74043791941992,48.81185392205376],[130.67655671386652,48.89989249889306],[130.66151746959358,48.91580518545679],[130.64149798358815,48.92921588124905],[130.61741453110113,48.93950805518769],[130.5903724145446,48.946207993318474],[130.56161499153887,48.94900689311676],[130.377192579803,48.95386756838812],[130.2590997889651,48.972646720725535],[130.13845883341259,49.03391989425025],[129.9056074594449,49.250138952471005],[129.89156892182444,49.2610584054349],[129.77012364278096,49.340790210204645],[129.7482824280115,49.35233660432807],[129.7230764951314,49.360675943781644],[129.69560307598584,49.365444320661936],[129.65868833590366,49.3692331599605],[129.65337314155715,49.37262358135322],[129.62810621342783,49.41930881809859],[129.6166373168154,49.43509932854462],[129.60044337620837,49.449050065702025],[129.58016653395475,49.46060448632756],[129.5566135198393,49.4693011547366],[129.53072355527732,49.47479237755099],[129.50353064439975,49.47685830605648],[129.44601136199097,49.477502580554436],[129.44373210257456,49.47751549996291],[129.38758170094462,49.47752351393622],[129.3629606774922,49.476104171974676],[129.3390403304422,49.4718954023082],[129.3165930663733,49.465032812229865],[129.30409552373237,49.45929705698978],[129.29342444122742,49.462498111050756],[129.26066990079931,49.466549369284934],[129.1972826552119,49.46929681255353],[129.17418045069866,49.46904488798886],[129.15138863137682,49.46631944066061],[129.14069656184873,49.463812043150085],[129.1364483652938,49.468044119350374],[129.1159144063383,49.48389993665607],[129.09002611867393,49.49614588133461],[129.0079266547271,49.525883706330454],[128.98834822103194,49.53168979008956],[128.96751484520215,49.53542895466746],[128.92845711069836,49.54032131024683],[128.92712118033774,49.557660276101],[128.91921369761596,49.57602786075221],[128.89732104928112,49.611151547216295],[128.88297169945542,49.628240206802566],[128.8629918429981,49.64280208555501],[128.83836454084584,49.65411714437535],[128.7732705832012,49.67734937529827],[128.75012530078865,49.68386269941699],[128.7254011228849,49.687520666752235],[128.69994396772555,49.6881977555905],[128.52239182448102,49.68230451121047],[128.50422533339867,49.6809179738779],[128.23130074497874,49.64803353332606],[128.03594840896395,49.65573739658219],[127.88678800600424,49.69882924582736],[127.83107433308459,49.725562954521486],[127.82281186710505,49.743451854456545],[127.81338227998914,49.75849224606259],[127.79973124245727,49.77210733035573],[127.74636307751018,49.81560689815884],[127.72201988046861,49.83091608837773],[127.66428665421921,49.858906076808076],[127.63929452492255,49.89607772109917],[127.6313559461474,49.97390009560418],[127.64821103516526,50.0523275004346],[127.72136487527236,50.18062285050724],[127.72850890348286,50.19889325903305],[127.7294387768427,50.217620425389015],[127.72410585744716,50.23596245714246],[127.71274344744461,50.253093887567516],[127.69585747223167,50.26824286784674],[127.6742046573115,50.280726097880496],[127.49715474541301,50.3622170708273],[127.48642891391174,50.3717594783696],[127.48840207508333,50.37784203678534],[127.49126561721424,50.394862161765595],[127.48889312222786,50.41183798173437],[127.47863566086676,50.44631513585448],[127.47221657807611,50.46080921385306],[127.46193183742764,50.47434360445876],[127.45228493150339,50.482824947601486],[127.47556841237811,50.51609621773465],[127.48465136484128,50.53382634117599],[127.48770667577402,50.55227324784516],[127.48761494478768,50.62350112881541],[127.48224097649991,50.64753123977816],[127.442625352638,50.7341798606785],[127.43053461950191,50.752402652770805],[127.32198367645543,50.87397574063872],[127.31431987216831,50.88157331475239],[127.1422124615463,51.03333493617011],[127.06310825538155,51.12819082769234],[127.05293909229759,51.18432969301681],[127.04950095183248,51.196045147474734],[127.02583264347795,51.25387391508559],[127.01829256539057,51.26744483972295],[127.00724920474022,51.280018105868464],[126.98748855643446,51.298612340439526],[126.97896586357,51.320914777801555],[126.98909859772387,51.36338242618163],[126.99013935661834,51.383802226967596],[126.98357995809968,51.40371207950191],[126.96327072633777,51.44181337158408],[126.95848215785263,51.4495272805686],[126.94610732881098,51.466911149532216],[126.94862248740348,51.50420161555661],[126.94584927068621,51.52553082091398],[126.93480743789293,51.545695161718506],[126.90393969522749,51.585124494158606],[126.88851906770576,51.60043987248485],[126.86823928010662,51.613403057867295],[126.84396114933128,51.623461278854116],[126.83463583799993,51.6264984151963],[126.84415865973317,51.698028143300746],[126.84336512988598,51.71701522016738],[126.8359759564881,51.73535910577377],[126.78910981640726,51.813667834254396],[126.77755239973487,51.828429795576675],[126.64584780947526,51.96178745794926],[126.61156252108384,52.04753966349771],[126.60026020117886,52.13564303875027],[126.59536800369071,52.15243519430454],[126.58522242878908,52.168255340552456],[126.57019969515174,52.18250882866608],[126.53778779284035,52.20740098546245],[126.5367466508752,52.22094507486567],[126.53659236986006,52.22261314257372],[126.52880735759445,52.29463073239853],[126.52428908313144,52.31136259489981],[126.51454575358306,52.32717639082665],[126.49993392923032,52.34148507890836],[126.48572639093388,52.35069054604034],[126.4859417326249,52.351216788575584],[126.48741830563267,52.36816039611773],[126.48354459612214,52.38488114849484],[126.47445725718869,52.40076494302288],[126.44574087973356,52.43853268489184],[126.43320429035252,52.45176035108146],[126.41699921499738,52.463407746406205],[126.35677560932314,52.49951837320105],[126.34408502844876,52.513846425569575],[126.33929623084981,52.53400392022662],[126.33326211362636,52.54934776626435],[126.32275572620519,52.563722171906036],[126.3081115793807,52.576663956316054],[126.27034850258144,52.604184480051735],[126.24482281081134,52.61865516410658],[126.2141101734393,52.628904717934724],[126.17939659133005,52.637295174031124],[126.1794464462055,52.637358648004394],[126.18181131938965,52.640523764334674],[126.1949377396759,52.659014491046186],[126.20286116929897,52.67337226984257],[126.20668081476447,52.68826794814562],[126.20628288137915,52.703273033724],[126.2022573346958,52.727150544866205],[126.20018186198361,52.735462821574444],[126.19234430079482,52.75905152570531],[126.18491303603406,52.77413304286971],[126.17308784117596,52.788104407800084],[126.1572448479693,52.8005166471492],[126.11341648340927,52.82896923645774],[126.10267647989112,52.83523538611834],[126.05729681394928,52.859023144932856],[125.99938921541441,52.91801901340001],[125.97963623054913,52.933665727973576],[125.9544287072437,52.946178550973045],[125.92503878722482,52.95492375689552],[125.84211969186677,52.97280535514074],[125.83940745177783,53.009971926612586],[125.83596161105856,53.02543553758995],[125.82799824562407,53.04022192886139],[125.81576252179795,53.05386796010421],[125.77315555239626,53.09247768155576],[125.75719482886383,53.10443376822862],[125.73790860313547,53.11448604693024],[125.71588779391674,53.12232534514677],[125.66279792632582,53.13754070449623],[125.63654539369392,53.14326119538083],[125.6088188976201,53.14587596285354],[125.58062597384081,53.145289640395106],[125.56157011723008,53.14269308040442],[125.50039605166553,53.16058620705438],[125.31257619304967,53.238957168067486],[125.28637222571867,53.247584190221346],[125.13558584069098,53.285503268651276],[125.11246904024799,53.289980896830585],[125.08832950649989,53.292112157814024],[125.06382592757029,53.29183867334505],[124.95952187094659,53.28549171581821],[124.92492926159095,53.28086929194677],[124.89293578037542,53.27153949393203],[124.8286061718675,53.24684804355763],[124.8197436633735,53.24253825413145],[124.73052419007347,53.282261138927744],[124.70202305603479,53.29211567813958],[124.67038317881175,53.29787380220452],[124.52823219821977,53.313430909731146],[124.4792383415585,53.33436268900346],[124.41622714709682,53.391168355774006],[124.3989832794434,53.40386254269501],[124.37798809924878,53.41436799751484],[124.30645658315196,53.44366353851037],[124.27789991952407,53.452720286078716],[124.24654057016339,53.45779982734819],[124.21389374308939,53.458656196320625],[124.18153813237889,53.45524745825551],[124.17179565080872,53.45355474020129],[124.07337352848435,53.48249713070094],[123.82846202010518,53.58425794004597],[123.80525164216985,53.59207823754141],[123.67197487815095,53.62769525206732],[123.64284564787621,53.63336568024142],[123.6122168557327,53.63533470899012],[123.58139928240993,53.63351766377249],[123.55171207832132,53.627991855344376],[123.5244253347274,53.61899329270842],[123.51974006417305,53.61705630425628],[123.50957713971641,53.61772399408614],[123.49836394814955,53.61820615794895],[123.45650767539591,53.61905810336747],[123.36398586525844,53.63915277809728],[123.33037881932844,53.643869587256],[123.29564591336984,53.643831798164655],[123.13987361566555,53.6327939925337],[123.10155229420391,53.626972569593704],[122.91594449182274,53.5827175901316],[122.72507791379294,53.55656078991752],[122.5181762305932,53.5461690378184],[122.44396376201514,53.54920585991539],[122.43867929214174,53.55201432877224],[122.41634296344913,53.5617596225447],[122.39123227563385,53.5688046066831],[122.36423306568115,53.5729002708154],[122.33629905240966,53.57390164474817],[122.30841764902699,53.57177303652726],[122.05902422492858,53.53819366073199],[122.04549109680619,53.53596042755309],[121.70032812660354,53.46807597038329],[121.37559023987944,53.40427566242812],[120.96929571193482,53.372888377490376],[120.93584944979698,53.36786712263451],[120.90505421728608,53.358410097246235],[120.62341464717855,53.24551271842705],[120.59141289891467,53.22823304067163],[120.31216598367675,53.0267541952222],[120.12309218854439,52.90732548781065],[120.01155139157255,52.859762538451214],[119.99076155168265,52.8490538918843],[119.97348404287004,52.83625864864413],[119.96030052418409,52.82180955857874],[119.9102559075893,52.75276079685202],[119.90129670602694,52.73623308110166],[119.89772680939983,52.71902960388113],[119.89967475496677,52.70179824852235],[119.92317713957135,52.616510073636064],[119.93030777404374,52.60028792561401],[119.94234831199626,52.58523679451394],[119.95886368881085,52.571894901561194],[119.9792603138982,52.560738882031124],[120.00280759245739,52.55216690915632],[120.10785605204077,52.52180170134551],[120.137683865925,52.51551123338221],[120.16916089671108,52.51332750157756],[120.20080661666641,52.51535284234662],[120.36377065989643,52.53671260768332],[120.47073526404432,52.528777879245396],[120.53599567460951,52.50542032867448],[120.5454327012927,52.48949331583521],[120.51102946098018,52.42019793285983],[120.50541678954464,52.40298465189639],[120.50538844413876,52.385501322631875],[120.52072151248628,52.28950974608176],[120.52589517956807,52.27318275648184],[120.53596023416009,52.25779603383192],[120.60051485502306,52.18100928451198],[120.6042597142335,52.10824023467325],[120.5538006094542,52.01663225843167],[120.41245215119598,51.913486999932346],[120.15265927469073,51.79416946765257],[120.12911270256667,51.78059699540425],[119.95903594666731,51.658145292343846],[119.94310728272494,51.644176392544544],[119.93167526700962,51.62863232564733],[119.83749661408633,51.45952637564002],[119.69247415956303,51.3129357451027],[119.6813853330427,51.29921008427594],[119.62502788981551,51.21159820182081],[119.61520149408909,51.186110344031476],[119.60718144637497,51.1310047025501],[119.56596231084187,51.07843695034511],[119.46587653951902,51.00351171399246],[119.44521270642198,50.982970612155135],[119.38423837585881,50.89926369476113],[119.37577130911518,50.88426560417804],[119.37161170848434,50.868603511323904],[119.36328181724559,50.800877714679764],[119.32791325383221,50.75249958250298],[119.24207335496821,50.694198091391364],[119.22130254633686,50.67601615832621],[119.15803620727813,50.60305230338094],[119.1491174121913,50.59061526496868],[119.14325137376767,50.577492856454974],[119.12217336646594,50.511698219848256],[119.10524639868966,50.48930293568308],[119.0784192851004,50.47587516233402],[119.05906806144888,50.46417053591982],[119.04346492952787,50.45038789463917],[119.03216567892453,50.43502077014687],[119.02557077002558,50.41861906657659],[119.02391145953705,50.401769250302124],[119.02724214199732,50.38507328802875],[119.03543909499,50.36912710239185],[119.04820557524036,50.35449932132414],[119.07646467604602,50.32835040509085],[119.09456175716274,50.31479696944815],[119.11658812154464,50.30387761464331],[119.14165242182668,50.29603300129346],[119.19318270615021,50.283869820231835],[119.20413964457083,50.26558302525904],[119.19014456764629,50.178254397866255],[119.15007084659953,50.124515359270106],[119.0851313583158,50.093860047159],[118.95249706481447,50.06660543046755],[118.74258341181712,50.05157474485698],[118.71324568686713,50.047357681905005],[118.68590671716925,50.03919838117779],[118.38118942415011,49.92068966082325],[118.36087429070811,49.91104513299976],[118.09611304238841,49.75932653952498],[117.82589261102133,49.60463594799753],[117.75162906299249,49.61915372041537],[117.54116015612696,49.68916481568772],[117.51792771760874,49.69518340692237],[117.4933319674056,49.69834534829856],[117.28464765441186,49.71228534886733],[117.08422630604053,49.77326175256038],[116.95973749366374,49.81533240215266],[116.75932692020204,49.89917301013469],[116.7357323327786,49.90701751141011],[116.71017936256735,49.91176397290539],[116.68362201145615,49.9132349679442],[116.65705243780366,49.911375342721854],[116.63146334190284,49.906254336605926],[116.60781031824791,49.89806299158597],[116.58697568562181,49.88710694972337],[116.56973523609128,49.8737949215092],[116.55672920590173,49.858623279248846],[116.46353795473686,49.71971401184171],[116.27668276926497,49.44124346817566],[116.11844762015721,49.20542282976202],[116.11730798769705,49.20366475658166],[116.03386720636458,49.07066625695956],[116.03328178936694,49.06971496690761],[115.97292139584312,48.96977833130489],[115.91017356843074,48.87504485485706],[115.9032043035061,48.86177089383065],[115.89944636005603,48.8479668596374],[115.89324923591379,48.80703777951293],[115.83953666708973,48.7372026323315],[115.7147136655699,48.63204901001538],[115.70196731795926,48.619165241002385],[115.69270342263397,48.60505337582978],[115.68719128466078,48.590127793278015],[115.65867068573641,48.46855570690729],[115.65713257000053,48.45196843384411],[115.66206605005624,48.347284219168586],[115.65676680404253,48.29918660714008],[115.5683038656163,48.26158808015861],[115.56165811183749,48.25857101991913],[115.44721923550941,48.203134727730045],[115.42590945434432,48.19028807365153],[115.40911616454285,48.17474276136499],[115.39759980133321,48.157206196600555],[115.39187897792252,48.13847581629711],[115.392207679824,48.11940261576824],[115.42517517942363,47.93358144157601],[115.43080229540453,47.91644328171262],[115.44131560737046,47.9004097633165],[115.50021383640971,47.83024350367385],[115.51442748654623,47.81651293394757],[115.60979238464257,47.74070686455416],[115.62224305902423,47.73206522193774],[115.72223193536423,47.67144051593965],[115.72349442799378,47.67068371198526],[115.81000361716937,47.61942503796906],[115.82918759563816,47.6099799014818],[115.85059952813543,47.603024853817914],[115.87354788307684,47.59878420825264],[115.89729227754982,47.59739461921417],[115.92106707305058,47.598900747738085],[115.94410572185964,47.603253860077785],[116.03958189272423,47.62763888246727],[116.06367717460904,47.63572312030384],[116.08493422658701,47.64688927794399],[116.10248708424201,47.66068317883353],[116.16854013104853,47.724417221224044],[116.27118091820408,47.769480841648644],[116.29287942517774,47.76990018785413],[116.32913174585057,47.76050348360731],[116.34934061815609,47.75647710557649],[116.37027635330243,47.75466224301529],[116.50531356999707,47.75018684783138],[116.52613738638675,47.7505846057234],[116.54665171067114,47.75316317683046],[116.67269918624278,47.7758910911072],[116.7521520898676,47.7797565701878],[116.85836524225019,47.76715214088326],[116.89232950310223,47.75605204967361],[116.90321857363719,47.752891600696664],[117.00309391134844,47.72738480053492],[117.10308561205795,47.67551344101068],[117.18243981508898,47.60959582605238],[117.20003698583308,47.597539658087335],[117.22073401417857,47.587974454394846],[117.24378263827889,47.581245283693235],[117.30854195775171,47.5671099099861],[117.33280237628124,47.56347238907067],[117.35769531754573,47.56296794894988],[117.3823446447687,47.565614146119785],[117.40588274966402,47.57131761970697],[117.42748066728774,47.579877362989116],[117.44637691456381,47.59099173635644],[117.47957911918516,47.61450219487187],[117.49087383312377,47.62361623804102],[117.5545927863136,47.682348972346425],[117.64568982548664,47.73981640275159],[117.65960061479883,47.75001533401466],[117.78094614740955,47.853528203636834],[117.78177924646033,47.85424429166983],[117.84462976625188,47.90874965982174],[117.85494214182411,47.91046089138296],[117.97705519620119,47.910247534333955],[118.00607202837546,47.91231457548499],[118.03381082324225,47.91854548955298],[118.07850374822777,47.93233472307369],[118.12450119267011,47.936698962369434],[118.18113299481277,47.91871650819882],[118.20312029720797,47.91327392350456],[118.22624025780459,47.91051479467473],[118.44188999898434,47.89762784373633],[118.46662096156993,47.883113375600146],[118.58017117555967,47.77139763460227],[118.58230795210984,47.76935386304495],[118.65181424649647,47.70475994171114],[118.66797106991581,47.69236764320561],[118.68728985612691,47.68222492209797],[118.70910502679308,47.67468030224394],[118.82675361197103,47.64289823637127],[118.89704984719775,47.621518119345936],[118.90192189518037,47.62011375530617],[118.95179965570233,47.60652110696185],[118.96608095962162,47.599605280665635],[118.96929518069527,47.59170438669581],[118.97020970577367,47.58956247172924],[118.9960180448927,47.531818122470405],[119.00545580195782,47.51624725281206],[119.01909428950873,47.502191270758864],[119.05857634303709,47.46892084617609],[119.07237743988668,47.45897674566818],[119.08829550504554,47.45059450867649],[119.16110230854162,47.418021714049665],[119.17207850414907,47.413613481045395],[119.17890549573855,47.411169168824536],[119.18149602495382,47.40508622434587],[119.19366564091861,47.38564472021594],[119.21108031561627,47.36510182525797],[119.22378502142175,47.3527128754873],[119.23943168740125,47.34198244122315],[119.28127559919182,47.31782244860293],[119.42432324836756,47.19907128661822],[119.45244159500014,47.18168173172259],[119.51637278876207,47.15251274357611],[119.6041575980275,47.09524822406753],[119.6267660413614,47.065922263398285],[119.62865079216655,47.02325640526012],[119.63138766187447,47.00764259995954],[119.63812461296514,46.992633995985734],[119.66683115378234,46.94446378092494],[119.68080869796924,46.9269841699588],[119.74943469160165,46.86034449323013],[119.7626995313477,46.84199946320271],[119.75469625126624,46.802695222675794],[119.75467654558922,46.77823465285348],[119.76244977884143,46.739813118007895],[119.75918168071875,46.73287555570973],[119.68564819286877,46.705230099262685],[119.66944611858702,46.69803058200547],[119.66204291350665,46.69418791383466],[119.63418397239178,46.693526667220766],[119.50427482648072,46.7137058690155],[119.48156258639476,46.7158010704926],[119.45861581563352,46.71513565867894],[119.33866692462702,46.70432461986608],[119.21118345413699,46.72300317375615],[119.10600440730775,46.7651580248507],[119.0438036438699,46.80237499259281],[119.02282620376876,46.81256969269278],[118.99926113047053,46.81971330698146],[118.88593467409993,46.84509948114994],[118.85788794226376,46.84909262473811],[118.82916581231491,46.84879639084285],[118.80115873881653,46.84422476518443],[118.74747252720385,46.831075201369394],[118.72621466317044,46.82435764233097],[118.70700328650899,46.81518012973003],[118.69045051597764,46.80383539024062],[118.6729313757224,46.78948744442146],[118.64915956842813,46.79096358810731],[118.6234910984414,46.789075609213754],[118.57457490672228,46.78208645013748],[118.42552210525061,46.7916394410804],[118.33711496970584,46.80445379827295],[118.31283235920253,46.806358224689525],[118.2884036080996,46.80512738570609],[118.264688957738,46.80080440324331],[118.12219828652205,46.76471527822533],[118.0465087333814,46.75413490783426],[118.02110831449609,46.74869518592489],[117.86006588835383,46.70137486491328],[117.83263891888288,46.6904483196344],[117.80978622995278,46.6753524876508],[117.73474148957021,46.612119230501385],[117.72422432126793,46.60927712999816],[117.70613037781206,46.619988452869066],[117.69727887747204,46.62477724578051],[117.62360949556106,46.66110212276836],[117.59935727251874,46.6704946320906],[117.57267710365669,46.676095906424884],[117.54480266295785,46.677646606353875],[117.435843226102,46.67560117126025],[117.41096714464169,46.67347348145997],[117.38709481568847,46.66812572707029],[117.36510966845657,46.659755643047895],[117.33256387579848,46.64440616992835],[117.31474978700001,46.63431879560788],[117.29976790274046,46.622258775190474],[117.2880835341991,46.60860201731454],[117.28005838682118,46.593773983292806],[117.26674548516768,46.560458067545774],[117.2657832600919,46.55790195184105],[117.23014590402387,46.456929843888425],[117.22779968010873,46.4428068730881],[117.16324039590123,46.44441693913349],[117.0036076623958,46.450466614329855],[116.89942568080019,46.47324187876258],[116.8771456429654,46.47664226212323],[116.85430327557349,46.47729115233343],[116.8316093749351,46.475168204903774],[116.75943266422297,46.46387810533876],[116.73129753584838,46.45706760986823],[116.70609175971188,46.44604130096676],[116.63382402805718,46.40576926769214],[116.59689878485929,46.40104750603826],[116.57469747909333,46.39677749843346],[116.55390299178966,46.38987740176746],[116.49711068618139,46.36655952757424],[116.47410712703065,46.35456171363885],[116.45545211741099,46.339389490405324],[116.44205858461196,46.32178800345597],[116.40612409579549,46.25839653600378],[116.35323762576814,46.221342985566125],[116.35249397112626,46.22081718731523],[116.26528158980204,46.1585472616116],[116.25200285290981,46.14739249664128],[116.24146202955211,46.134923854210165],[116.14858598275084,46.00128646371954],[116.14806625843285,46.00052747124006],[116.09661358168282,45.9243528930329],[116.0887884278304,45.90947369408623],[116.08483696557965,45.89389320526347],[116.08487932135368,45.878097204473136],[116.08891098057389,45.8625778258185],[116.10331751713669,45.825979524631734],[116.10692781103958,45.81053961248081],[116.0957707249149,45.79579326594305],[116.05256086923583,45.769873503079516],[116.01555192309947,45.764730548615375],[115.99044939083672,45.75933684638166],[115.96740124436353,45.75050580180956],[115.86195066079804,45.69966811384711],[115.84894828750569,45.69248835819127],[115.70388086658757,45.60103489049416],[115.69862149274532,45.59751776439958],[115.61887468626531,45.5410185917159],[115.51666235523045,45.527474327111484],[115.50621026144985,45.525764664771685],[115.41362237011977,45.5076903890822],[115.19901982863054,45.48470842761009],[115.14945006889413,45.479332668871685],[114.93613121405349,45.46887761647669],[114.77915544480457,45.504847623061934],[114.75372013246613,45.50869026237446],[114.727659928721,45.50882327698024],[114.63308400534618,45.502472126230515],[114.59838293820461,45.4966269894762],[114.51409825217901,45.47330929066296],[114.49542120335582,45.466863187822355],[114.47845990735304,45.458385155657034],[114.43547319509352,45.432968212980974],[114.4160412896062,45.41864146698258],[114.40151608149878,45.401699598129895],[114.39259767311157,45.38296404114081],[114.37798812255409,45.335431515321936],[114.36895655616283,45.30832721811343],[114.32249114763235,45.261111933753845],[114.19923169970603,45.17918677465153],[114.09095682760957,45.12101571762732],[114.06769937166034,45.104793219796264],[113.9896735634555,45.034208175447404],[113.96479339354568,45.019986619592736],[113.88185956352876,44.994725316626635],[113.82840267372991,44.978716909180605],[113.7988590218227,44.96630294441534],[113.67389122546858,44.89596505703452],[113.66881187312451,44.892943849153006],[113.5866631404283,44.84136897944119],[113.58272888313458,44.84030389979487],[113.54448447417505,44.84834986516549],[113.52588354657958,44.851193645676325],[113.47869106433596,44.855783851938405],[113.32884651536995,44.87924869807231],[113.30724868770213,44.88124862659432],[113.20895213368593,44.884231001319016],[113.07788829514539,44.89811354781695],[112.7511297587564,44.96783223416722],[112.67887270488274,44.99034178337502],[112.6013603735272,45.06460827739608],[112.57644558515034,45.082478133617016],[112.48842017173598,45.12979854084161],[112.46728486332863,45.13897330712313],[112.44399365898488,45.14504540757747],[112.41944341358035,45.147780815670494],[112.30002933265298,45.15262740917005],[112.29287962396306,45.15277141359459],[112.13389023602811,45.15270483601531],[112.07292740499054,45.16690623356913],[112.05242426134673,45.17036808225873],[112.03137171273438,45.17137692338207],[112.01035355771926,45.16990470659239],[111.87558981904728,45.15230739262361],[111.85296561848,45.14777940057955],[111.83188860696232,45.140386278064184],[111.813081460372,45.13038159863512],[111.66606907225612,45.03575363339416],[111.64752037428329,45.020822445972826],[111.5779465505113,44.95040340435461],[111.5727100802604,44.94464132887221],[111.51263252193482,44.872565921366785],[111.5017038623525,44.855670266533245],[111.42813669466236,44.7013461748874],[111.42454693406444,44.69224662227897],[111.39311206536817,44.59258594996414],[111.37398822899048,44.548351645061146],[111.30367997087565,44.465447565531676],[111.2923048702474,44.44807204311226],[111.28633484776815,44.42938419927623],[111.27774659053824,44.37746903029725],[111.27709386812965,44.361639213829854],[111.28033357138808,44.34598691739634],[111.28736206304829,44.33099881049449],[111.31477628497946,44.286099785122225],[111.33174701419213,44.265995953572975],[111.37339867773797,44.22875233174436],[111.40006454666333,44.16555460802438],[111.40733128430234,44.15225408402228],[111.41744939213113,44.139961825743],[111.50043703177191,44.05526079460345],[111.50906721580141,44.047413095461245],[111.59024728959743,43.98145642819619],[111.59712706193827,43.97629211295292],[111.73722528949439,43.8790195474335],[111.7717738578092,43.83467981678166],[111.7727297041788,43.83347420822488],[111.81173645835011,43.78511069174066],[111.81579322406184,43.76258671933652],[111.74711477439081,43.752583877769666],[111.7208900345599,43.74650821083145],[111.69713872006571,43.73640774850617],[111.67702950166981,43.722779838770826],[111.62857721664442,43.6817439337775],[111.55343615329784,43.62649894309817],[111.49139240543333,43.582074780854924],[111.49044458004559,43.58199865568433],[111.47046559228913,43.57917399627471],[111.45138217280213,43.57401436577884],[111.40074379836267,43.556757151943295],[111.14384400429306,43.47615874028196],[111.0494108302605,43.45427445991636],[111.03406570444446,43.449872993069036],[110.95468748141809,43.42249802193753],[110.93117014955365,43.41188894648717],[110.91147223095669,43.397749141285736],[110.81867526285488,43.31415933289525],[110.74611562758544,43.2522911536995],[110.74345264482051,43.24993795769925],[110.65247557952227,43.16656636689842],[110.6522068953896,43.16631881375046],[110.61228382830798,43.12937373000071],[110.60857811264172,43.125759109025736],[110.53006902256134,43.044909332748844],[110.42689642122282,42.95262891654123],[110.36845316152458,42.90208273583064],[110.36487056829144,42.898830816462194],[110.33275791020576,42.868238602932],[110.32184720656413,42.85586157574419],[110.31446247835925,42.84575591079273],[110.2459147532103,42.82671297226538],[110.23596957228116,42.82357117464977],[110.14395873615656,42.7908454519369],[110.01041169160177,42.74332281759677],[109.81657643986061,42.69044055526929],[109.80977697915816,42.688405632744704],[109.64886596702037,42.63590530189664],[109.63779997689366,42.63177721434643],[109.53884027867284,42.590017370487956],[109.40266079184892,42.54122011070766],[109.32722567441479,42.528388788113986],[109.13356765312179,42.53042660416413],[109.12311439235992,42.53019674062447],[108.86574556160994,42.51608092990339],[108.69072155518525,42.50641663968783],[108.5619691813824,42.51846724719037],[108.55269342796116,42.5190650841249],[108.34245098065894,42.526463789797425],[108.18197831726704,42.536861216749514],[108.16184792409264,42.536918011350465],[108.1419737915637,42.534523251428304],[108.0409304612682,42.515860919543755],[107.79240984637242,42.495172686344574],[107.79228374815716,42.49516201117809],[107.73497916670007,42.490274856599335],[107.73083504306514,42.48986701776297],[107.27387861246297,42.438099813833546],[107.27050338396764,42.43767486744931],[107.0741742357183,42.41068178698122],[106.89492330222252,42.39840628595332],[106.88247144238255,42.39705990551242],[106.74625963956224,42.376870069492945],[106.72114419349788,42.3709745369121],[106.64488017843486,42.34601811507455],[106.5351120320791,42.31114955400351],[106.47852847775548,42.29636062061207],[106.46697779951933,42.29283277231976],[106.26704731382195,42.22240123932413],[105.8188363229236,42.07624896520676],[105.81122055574625,42.073505478494695],[105.50978570871952,41.954474997998105],[105.50804209521442,41.953769340062955],[105.45874031817135,41.93340733819704],[105.26375058065607,41.85275880183384],[105.15475677153343,41.82221303488004],[105.13572522059701,41.81539177912662],[105.11858371250196,41.80619321298519],[105.10385940108418,41.79490064541264],[105.02657539041375,41.7240515944551],[104.98719396806615,41.69526933614353],[104.91659413378702,41.72324540669691],[104.89720333568101,41.72936044185458],[104.87667996119556,41.73285134835085],[104.85565468095047,41.73361084056096],[104.77643950074274,41.73124963955759],[104.61855890055782,41.741364765707786],[104.61880439355569,41.87695748610504],[104.61648398047342,41.89463654936078],[104.60954651801993,41.91162953728047],[104.59825959968738,41.92727270099827],[104.58306155218656,41.94095458893578],[104.56454465433717,41.95214007381118],[104.54343214000241,41.960391433027446],[104.52054986403928,41.96538562867856],[104.49679375410419,41.96692708154136],[104.47309436871889,41.964955414040865],[104.27996140945228,41.934086037798366],[103.97204632776462,41.88491506674029],[103.72909618537913,41.8461955584715],[103.50665369973305,41.93511689594924],[103.30468287122515,42.01589821683578],[103.12953135005233,42.085362023942785],[103.10035964394915,42.093514575625846],[102.83417373463257,42.139587724150815],[102.60240541926393,42.1796959560885],[102.60051608564257,42.18000915734267],[102.19302776449699,42.244295048629596],[102.04492569192195,42.29088469040568],[101.97481406641546,42.34853768677646],[101.81311673456027,42.517754582110484],[101.79318697197742,42.53393965989413],[101.7392650130023,42.56820257171358],[101.7227505984643,42.57702697639999],[101.70447403188494,42.58369657297934],[101.62352606845751,42.60721033338036],[101.6081469535416,42.6108241615754],[101.52425154615835,42.62607741244896],[101.49445147410104,42.62867897341342],[101.31818425192208,42.627826511687935],[101.10615177102945,42.64065814029872],[100.79100210415226,42.67663099084014],[100.53840811796108,42.705524061395735],[100.10616383947514,42.75940686999992],[100.09674504862285,42.76028854254826],[99.99406479443262,42.76688669732359],[99.97180106443285,42.76680939480175],[99.94993690267098,42.76375920010793],[99.72348230864677,42.71583154805717],[99.45799497333584,42.6597094061804],[98.96202687835788,42.70533483908664],[98.73209757632543,42.727773950051365],[98.2639776469328,42.77356140483993],[97.73516830255961,42.82525116623653],[97.22206412469602,42.87872418705501],[97.19230135101549,42.87908112892503],[96.81935582687107,42.84950280716802],[96.6115752202023,42.83308288403038],[96.60878874344688,42.83283651965201],[96.46798570822156,42.81909940258937],[96.46457500551023,42.8552036647007],[96.46184036898502,42.86884011562992],[96.45629145860251,42.88201780483458],[96.41343756231964,42.961455346047416],[96.39998772324854,42.979806259490935],[96.38113500151528,42.9954159247581],[96.25808474269206,43.07603416405988],[96.17661179908147,43.15154864518501],[96.16247167285924,43.16258929860716],[96.01008447734,43.262918166188435],[95.97910612441045,43.303672903209595],[95.96456659573816,43.393793246240605],[95.9566529520236,43.416533087223605],[95.80310196827381,43.695749119825614],[95.70796977549301,43.884073545762426],[95.70469065393773,43.889902186837],[95.68072016711713,43.92854852370152],[95.67913258082626,43.9310063576329],[95.63761187930547,43.99276486883182],[95.62337355163268,44.00916446484293],[95.60460143484052,44.02301044052522],[95.55028067547246,44.055270730651046],[95.52644751632508,44.06641135476974],[95.49975450281067,44.07340317014767],[95.45039202898177,44.081914991368656],[95.45042363338598,44.097923144311],[95.46647155083544,44.17753610159599],[95.48816168734672,44.23914165882062],[95.49190641882255,44.25836450442513],[95.48978482097831,44.27773829895395],[95.48189104897307,44.2963541463122],[95.46859084451424,44.31333797766211],[95.45209857405128,44.32990465203209],[95.43485524182987,44.34389922246929],[95.41396211875427,44.355059873439565],[95.39031964834575,44.36290493421832],[95.36494825966693,44.36709575857832],[95.33894390712686,44.36745148836529],[95.06407428490826,44.35040441220185],[94.91011901902264,44.38715401904604],[94.77611437241713,44.42850139089633],[94.57128579102475,44.54303443123152],[94.55079819127995,44.55234271638147],[94.44105075839808,44.59214016547977],[94.29092870360365,44.70627403990785],[94.27028345754712,44.71889590752696],[94.24633927221602,44.728099322245015],[94.22020841334076,44.73345658252351],[94.00960108837339,44.75945587647272],[93.95880734253015,44.78734895632326],[93.85648809952241,44.885096963553394],[93.84378719907636,44.89545800226778],[93.74494573866205,44.96456964196852],[93.72698194267969,44.97500684177724],[93.7066503640348,44.9829655444731],[93.56625312824326,45.02652001003602],[93.5458135205261,45.03143411899761],[93.32362873753698,45.070146011020164],[93.31104086911115,45.071857110943135],[92.9344201067401,45.10867961641033],[92.80835226399849,45.123995248221064],[92.78718893939612,45.12528530924256],[92.76604553276181,45.12406935554917],[92.56611255048479,45.10038024382934],[92.4310050792608,45.09858564284642],[92.20105738081052,45.12266273324103],[92.0685478750747,45.153488878980234],[92.04934292548096,45.15680826668781],[92.02966416969088,45.15799400000903],[91.85244709132535,45.15881230443007],[91.8511966274924,45.15881286793826],[91.7408305648749,45.15843176839725],[91.61287342371723,45.16474291828916],[91.56415027099217,45.17898325710026],[91.50105705540383,45.203212527042176],[91.47868950724967,45.20994403702485],[91.45494640349821,45.21357353202329],[91.43069479193709,45.213968666327865],[91.33188757820349,45.208882933556694],[91.28774600398316,45.22178751503101],[91.21871304376594,45.262370346366986],[91.20130045549188,45.270982008708906],[91.18211653953983,45.277454008912215],[91.09431034413679,45.3009668304188],[91.0705580064247,45.30553866550548],[91.04603767516781,45.30682754069121],[90.96413476264435,45.30553944680579],[90.9630106280091,45.307471923015825],[90.88415309676533,45.40207552023481],[90.87486270223935,45.43535952918648],[90.86713983051048,45.45307343173739],[90.85439001093714,45.46933142223101],[90.80602592573409,45.51825453462788],[90.79218572392696,45.539788172804165],[90.7975760695434,45.58148485868313],[90.83219808462852,45.70112371385021],[90.8991024774317,45.79606783942404],[90.93396080060418,45.815700217767464],[90.94790721621868,45.82484706167096],[90.95971510031885,45.83535414465037],[90.9914486512763,45.868454675741035],[91.0608145211936,45.928910611601665],[91.07161247664767,45.93992232565756],[91.1136762855045,45.99062046552666],[91.12374436586418,46.00596231125995],[91.12945004361251,46.02237411974032],[91.13058539347952,46.03926864479071],[91.12575641156812,46.10846930310183],[91.12207290578665,46.125790612341945],[91.11359377242114,46.14231819830433],[91.06950262205972,46.20729462098075],[91.0425247290321,46.27758387057912],[91.04487732792168,46.29597291917002],[91.08400272561724,46.34269007015271],[91.09560492706423,46.36107475552096],[91.15829480972565,46.5020422197722],[91.16327969981099,46.5189398697591],[91.16343557862636,46.53621566418125],[91.15853677458037,46.57328420033309],[91.15307887949106,46.592037337647206],[91.14195573285063,46.609609099853635],[91.13226827878482,46.621326913126616],[91.12794920690374,46.666106329988985],[91.12767782243456,46.66844930555441],[91.11576422770482,46.75640888809567],[91.10771368508424,46.780107960787355],[91.03275234518065,46.914418483643146],[91.03254051512522,46.91479438708027],[90.99203906070406,46.986078267772875],[90.97917993370562,47.00308129523435],[90.96135085426513,47.017879734821065],[90.93935983675253,47.029800341490294],[90.8683965783268,47.06049998410961],[90.83879551578555,47.07003671982382],[90.8074595576261,47.07706122076121],[90.76034981639755,47.140130890308356],[90.75892791580537,47.141978790696264],[90.66866691410121,47.25576642259303],[90.61839046002027,47.31897140054158],[90.60693763445786,47.344440778837004],[90.5992364541693,47.41386542850493],[90.59414667685948,47.43262425715959],[90.55205342747846,47.5286220030114],[90.54000005293334,47.547687017067],[90.4959818495978,47.59974068289633],[90.4736105754715,47.62698790961324],[90.46096969013635,47.67112969867381],[90.45531812472345,47.68487914064306],[90.44650403665402,47.69787723999592],[90.42914853475945,47.71889001150789],[90.4147054337508,47.733029529254985],[90.39655610260857,47.7450968938415],[90.3753619544471,47.75465115946103],[90.3518969362939,47.76134310274062],[90.25080447882108,47.78278426777566],[90.21116654390431,47.80235111202181],[90.19493827490037,47.82820114258082],[90.1849857362345,47.86529904606433],[90.17783994680363,47.88221950685128],[90.16591491438864,47.897919836415305],[90.13996743476082,47.92514157570197],[90.1227888616204,47.939646928534074],[90.10157300768982,47.951522324418306],[90.07722105909575,47.96026240608388],[90.05076928639514,47.965495167265345],[89.98142046086006,47.97414461507028],[89.95727273128206,47.97565458286738],[89.93317219884796,47.974218740279674],[89.9099161758538,47.969884775203425],[89.88827357471504,47.962796188666054],[89.86895917743551,47.95318746547851],[89.85260982022061,47.941376212304164],[89.82636104958236,47.918497206988626],[89.81928337982723,47.916613442706605],[89.81725426079824,47.917597841365414],[89.79610919172875,47.93500426354412],[89.77680859203004,47.94796592630132],[89.74269317819346,47.96665636757776],[89.6779971383892,48.04598119319436],[89.66150574644956,48.0618670732021],[89.64034470594068,48.07507113125804],[89.61549421297792,48.08498029512349],[89.53365166428648,48.11010817491359],[89.50344219552818,48.11663440411648],[89.47187288564352,48.1182623339857],[89.32231500024679,48.114043859964994],[89.29519622528935,48.11137813983223],[89.26954523362113,48.105063983276565],[89.17149555313674,48.07281155715063],[89.1433119580286,48.07517715881954],[89.11597699276395,48.08114702130442],[89.06560226203273,48.11235624946988],[89.01620128939088,48.14858472346975],[88.99609196496874,48.1606590638536],[88.97281550997083,48.16984440416917],[88.9473123164097,48.17576946822887],[88.8910627600229,48.184753250157186],[88.75636473903944,48.24402831357948],[88.70588976044107,48.26771346149932],[88.70092108739773,48.32167759830637],[88.69666922335509,48.339155442253364],[88.68731781132274,48.35578336575188],[88.63771500620419,48.422875502695355],[88.62235109878893,48.43905345962498],[88.60220258162111,48.4527571260892],[88.57818266059178,48.463363602320044],[88.55138255950885,48.470390612516695],[88.48285824071979,48.48298399336428],[88.40442956588228,48.53477564688202],[88.38145129432819,48.5469797698761],[88.35509627375718,48.55565595395004],[88.20797227754746,48.59153135727303],[88.14643587791595,48.61004965566364],[88.15858423203389,48.62065841940053],[88.17366252524027,48.63742854847383],[88.18276795509564,48.65602414645634],[88.19271044651914,48.68814672579076],[88.19541813467751,48.70681450840215],[88.19211875174499,48.725501442810504],[88.18295271276821,48.743377715977886],[88.1683219576012,48.75964880375663],[88.13621297048091,48.78809455370332],[88.11518043813193,48.802925723437724],[88.08968572553646,48.814323253267446],[88.00384095510583,48.84404623442038],[87.98685481109358,48.84898928411965],[87.93906918994544,48.860418947312446],[87.93773981678551,48.86301536506815],[87.92527980875997,48.880741204906215],[87.92051657077229,48.884873761253296],[87.92901353266942,48.888077139476316],[87.9511015368253,48.898508057121965],[87.96948622720274,48.91166783595818],[87.98341782976162,48.92702206956779],[87.99232589035795,48.94394665565866],[88.00471538719776,48.97855705365494],[88.00810797678884,48.994232583457574],[88.00719356697607,49.01009771457608],[88.00199733013164,49.025649500251546],[87.99268051407797,49.0403945329577],[87.97953576166968,49.05386465973327],[87.95990827366374,49.070534595261556],[87.95534895406007,49.082617261901014],[87.95985035052884,49.10068017663651],[87.96161459431995,49.114578509274345],[87.9600298664839,49.12852103727927],[87.94920563974506,49.17453358601537],[87.94285682648447,49.1909720029632],[87.93188287953244,49.20638261644113],[87.91667495043349,49.22021098146349],[87.8977777648741,49.23195926234595],[87.87587024427535,49.241204307199055],[87.85174105823488,49.24761304007666],[87.8262599953653,49.25095458921761],[87.77441427103248,49.254470222951994],[87.74740693729197,49.254549375571884],[87.72099133927787,49.25116378845231],[87.63009216554067,49.2331927755562],[87.54158519066004,49.21887057131954],[87.54127380952761,49.218819813100865],[87.48044144305973,49.20883804174592],[87.45415571058332,49.20255892189646],[87.43049736285924,49.19287661299454],[87.41047207351038,49.18020359570306],[87.39557044481192,49.16855424743653],[87.35256887042526,49.172751255087036],[87.2708687085162,49.190393721887055],[87.23252763555479,49.194878601787345],[87.05077461408025,49.19891988083649],[87.02337450343732,49.19770434849785],[86.91265395339033,49.18532127732999],[86.90837120876348,49.18479395677442],[86.85624164758293,49.17779511114751],[86.8260726085343,49.171236853410804],[86.79919692924118,49.16025641866393],[86.72153723719207,49.11933436820986],[86.70535377719905,49.1092085737386],[86.6502060944425,49.06829720104972],[86.63165552798938,49.05046884191889],[86.62035580165383,49.03016291144519],[86.59601457781002,48.96066353064077],[86.59261520449915,48.940141605744124],[86.5965561571952,48.91958091615776],[86.61940882151504,48.85848352358165],[86.58810743357617,48.72862063615681],[86.54930964805595,48.68438670498943],[86.45659324777723,48.59753476057355],[86.4319944166855,48.5888794060225],[86.3362575546682,48.572315250185156],[86.31564394078326,48.56751553996221],[86.22102915077387,48.5394664298691],[86.03225398830463,48.51167532833591],[85.81344146311065,48.49648981196877],[85.79363835420982,48.49409320735627],[85.77465168763969,48.48976556401769],[85.69409287916487,48.466727950319395],[85.66808430819076,48.456820335389914],[85.64618732416201,48.443296410108765],[85.62950455903814,48.42683960167895],[85.57241016170582,48.35355042587583],[85.56885032749959,48.34859761648463],[85.52834888163153,48.287286331566534],[85.5250016939245,48.28169690456023],[85.4999066151599,48.235144643802464],[85.49704294571659,48.229158382672495],[85.4333306409472,48.076964380282725],[85.43050946588046,48.068673719107025],[85.39450928829963,47.93242494100048],[85.39252340378452,47.91850362166527],[85.39385095744404,47.904512528141076],[85.42947137929029,47.73738327516226],[85.4555793358451,47.55634981970867],[85.4541894690262,47.496466859531],[85.45626534504311,47.47931537654407],[85.4632101047245,47.462701991884316],[85.51715994411384,47.36895565163776],[85.5355724247078,47.33036645418055],[85.52948097641566,47.29108138614011],[85.47424176325548,47.244953455479376],[85.46231466498244,47.23310584701977],[85.45341797131815,47.22008490490258],[85.41348630286846,47.146156932667495],[85.41190237188952,47.144841489049725],[85.33288251907956,47.13456222487055],[85.21511403632083,47.12454441528149],[85.18952270849503,47.12055304574591],[85.16570349484583,47.11318086915456],[85.14461477991439,47.102725057026625],[85.0251365195931,47.02962050395076],[84.93552676790269,46.98219155271401],[84.85152778482481,46.946161992723084],[84.8471025747765,46.958762097284804],[84.83853739092592,46.97555123723668],[84.82524540070645,46.9909064864203],[84.8077513792616,47.00421775803784],[84.75480299514477,47.037261740595916],[84.73653878700601,47.046818353671945],[84.71613571478234,47.05410409476027],[84.69421738485367,47.05889628182094],[84.67145429866675,47.06104850428693],[84.59701920791845,47.06363201980352],[84.59305296427974,47.06372798749096],[84.54202403622783,47.064431442733635],[84.35700554737203,47.08386674012116],[84.33474486945741,47.08489806531957],[84.21082008405182,47.0834656213909],[84.18076607307559,47.0807291388072],[84.09637467075804,47.0661097490155],[84.02104340900097,47.06034786365011],[83.86323264070815,47.083846249895764],[83.75566839237445,47.104861907977046],[83.68756422385081,47.123755821193996],[83.50174217950855,47.18756058713479],[83.4974623756825,47.18896113550131],[83.24665612734209,47.26697701043197],[83.23270351489636,47.270674762972284],[83.12982084132805,47.293500480695585],[83.102828492828,47.2974515069456],[83.07529053953886,47.297565188127884],[83.04841051044619,47.29383698496216],[83.02336259988215,47.2864301882174],[82.96247606242561,47.26295651019157],[82.9432680530516,47.253887689571485],[82.92684194507207,47.24263323057058],[82.9137254437104,47.229556141569795],[82.90433861598058,47.21507785854857],[82.8989805982922,47.199664569401484],[82.88971028383578,47.155179809135106],[82.88906985710173,47.15156310564455],[82.87449103726705,47.051695692988375],[82.84969923394345,46.994091953805466],[82.67656760068809,46.65448732965774],[82.67522029372199,46.6516795154076],[82.56962421742993,46.417626246229226],[82.43516680308718,46.193231732198306],[82.42798230128476,46.17670372600817],[82.38606384201927,46.02773093081969],[82.30778877003353,45.84174749853878],[82.22882267545339,45.70529430699141],[82.2250071283395,45.69768585810665],[82.19225291118791,45.621053445873805],[82.1873337713108,45.60194135049237],[82.184375556352,45.57074232351229],[82.1873746332803,45.54504898867614],[82.20191179797457,45.50127103114687],[82.21077504325892,45.48343136112351],[82.22484913079707,45.46723660921014],[82.2434977986091,45.45341472185658],[82.26588090370687,45.44258667944489],[82.39074732871187,45.39468993817406],[82.41377322506587,45.387760189611804],[82.49750584162742,45.36896319682297],[82.49761145778628,45.36859377599603],[82.49410539497241,45.30540572152368],[82.47511440893518,45.24424548016774],[82.46933239717747,45.23500411967154],[82.4053382211247,45.27294554198233],[82.3851057826046,45.28277898033949],[82.36257777363782,45.28975627953157],[82.30566426627111,45.30300169204437],[82.28244608066021,45.30677902251472],[82.25867508187189,45.30750303026289],[82.23518143058716,45.30514873907364],[82.0911481407535,45.280878528648664],[82.07876663740157,45.2783113106074],[81.9647649085649,45.250114438541246],[81.93154268903763,45.25922228909427],[81.90276473893181,45.275483980236196],[81.88260053775286,45.331355019009685],[81.87325996687053,45.34903691861037],[81.8587692509956,45.36500302709362],[81.83977762031834,45.378534151247706],[81.77284487265506,45.41710068861987],[81.75068081567522,45.42738888255684],[81.72597854249395,45.434311127959106],[81.69980629619442,45.43756831499474],[81.67329655579987,45.437019924828846],[81.64759639930296,45.43269011716857],[81.62381722739008,45.42476659793605],[81.54561923654902,45.39125037987294],[81.29116724821317,45.32964601628688],[81.28857710992348,45.32899370909076],[80.99768692063259,45.25282255221546],[80.84028332121777,45.21927671336538],[80.79395143360667,45.22321887405207],[80.76720227054322,45.22352797972017],[80.62168086523606,45.21446248288616],[80.60281768581926,45.21226979255091],[80.47707190278933,45.19068951311023],[80.4551340206823,45.18537884232776],[80.36783377145298,45.15768009191667],[80.19299391308903,45.11914985472021],[80.02856124285586,45.09233380026507],[80.00168155824538,45.0856132572079],[79.977742141815,45.07485686843707],[79.86874151538578,45.01242877092859],[79.855571899078,45.003671170860464],[79.77728986797929,44.94330972186229],[79.76190583401718,44.92856873601815],[79.75127832022098,44.911896192874764],[79.74586238032799,44.89401283218232],[79.7458870731067,44.87569098456671],[79.74935191121816,44.85274956676233],[79.75395149789581,44.83670018417189],[79.7627046104193,44.821479608530446],[79.77530889670183,44.80760859427073],[79.79133110538426,44.79556145760168],[79.84814193579933,44.759954092514064],[79.86674258470096,44.75024692907755],[79.93171898364085,44.722299069462245],[79.9556445577456,44.714248601709215],[79.98138133984024,44.70982577651481],[80.00780710173095,44.709223866114364],[80.13694685654198,44.71567352843541],[80.22890645320001,44.71881308568895],[80.27403162342375,44.702686835562076],[80.2740284265116,44.70268323822851],[80.26317734112573,44.68724636430765],[80.25686621185312,44.67059139479436],[80.25533321612954,44.65335728435462],[80.25863300028045,44.63620461931184],[80.26002042012733,44.632084005802035],[80.23556872842313,44.58095460082639],[80.22991130357444,44.56308353837668],[80.21139984018973,44.44946128883957],[80.21146119138619,44.429062212455825],[80.22991150911716,44.31918400067239],[80.23965483668923,44.22485753945608],[80.23424174046531,44.17975177265195],[80.23386801198723,44.17529847753866],[80.23030979455676,44.10128481696087],[80.2316750759412,44.08492548587271],[80.23729289236617,44.06899292972087],[80.24696693837308,44.054035031777055],[80.27935279030726,44.0140913322051],[80.31101786219254,43.92996952821247],[80.3197451057742,43.91349101306465],[80.33287705666245,43.898523694938454],[80.38461055812682,43.85070612602315],[80.47571888776658,43.65790186235217],[80.47589067900068,43.65753925205724],[80.53229754128215,43.53898847122565],[80.57398850713453,43.43177200510373],[80.54946930463129,43.38425709828758],[80.5433909709968,43.367553839255415],[80.54199846573793,43.35029360567915],[80.54442525994797,43.307383475527914],[80.54831899458516,43.288633475124925],[80.55769613422432,43.2708700825975],[80.57212225448262,43.25490827995457],[80.59093272283508,43.24147993721833],[80.62180134471075,43.22368177099276],[80.62467609814348,43.21634005038601],[80.6017357183971,43.21599378948017],[80.5791288901328,43.212543765206085],[80.557864347657,43.20611567010515],[80.44912672340395,43.164077721486365],[80.33355876640664,43.12181898380149],[80.3119606833283,43.11170129145451],[80.29384097272363,43.0985440503066],[80.28000170489733,43.082931831059625],[80.26431432303559,43.06021530282891],[80.25624412078905,43.04517921881115],[80.25214290639123,43.02931458159376],[80.24896864690594,43.004510678909774],[80.24974619781344,42.98365485712993],[80.25730661738682,42.96346933603567],[80.26944496082024,42.941657704612744],[80.27919349179442,42.92777824541688],[80.29214646368881,42.91531646658293],[80.29822474520365,42.91120493125578],[80.19750864702,42.87722967033044],[80.17582401515277,42.86779568107877],[80.15735464032794,42.85532489759357],[80.14289511871917,42.840355675953255],[80.09493623203628,42.777527000745856],[80.0881513098748,42.76703877576738],[80.05106082608448,42.698067522908545],[80.04557184888716,42.684842326186],[80.04302273587543,42.671143612444254],[80.03997502263093,42.63115758059924],[80.04064701448318,42.61586426219871],[80.0582245205071,42.50872240975454],[80.05896914261858,42.50488809346638],[80.08564242707403,42.38598979882062],[80.08883477565801,42.37565905335077],[80.13421761978623,42.26094215713364],[80.12179908062721,42.25158954715571],[80.10684782669898,42.23777689828573],[80.0960008056136,42.222058121241936],[80.08968867654644,42.20506216362583],[80.08816002493882,42.18746847546339],[80.09147200333969,42.169979799966704],[80.10967371300009,42.11500388541783],[79.89920337655899,42.10292266090191],[79.8658931726016,42.09744828754089],[79.79658890694667,42.07817790027647],[79.77783471499845,42.07154460892258],[79.7609529158084,42.06265053154049],[79.7464471989848,42.051761743779664],[79.73474955650525,42.0392037408033],[79.68106438511218,41.96908507720216],[79.45974816395626,41.90326110083377],[79.33458093760615,41.86981068671558],[79.29750226385885,41.8708725781985],[79.2743637886943,41.86990292875083],[79.25193679537203,41.86571618745734],[79.23105146106812,41.858467736983705],[79.08850603596957,41.795877176527085],[78.68510499320374,41.637631377604556],[78.67415984800552,41.63273886458857],[78.47882610723676,41.534224760225925],[78.38285638150532,41.49396151787356],[78.36895881633026,41.48712871967801],[78.28847464388802,41.441177424441236],[78.27326933970575,41.43079911392581],[78.26075812082009,41.41863696961196],[78.25131720202107,41.40505851441256],[78.2452295073575,41.390473750394854],[78.23173883550561,41.344032734133116],[78.22920995252717,41.32932649740841],[78.22835990699983,41.31419040102175],[78.05681853905091,41.15552533240274],[77.94672747067222,41.1390451859677],[77.82024080366187,41.143435494279615],[77.79279900514064,41.142033145428535],[77.76655441682257,41.136035064256895],[77.67691559123361,41.10675954522727],[77.56893913199528,41.08199449386811],[77.29494654818154,41.101785026551454],[77.2778119850139,41.10209091118408],[77.190384732585,41.09898469719178],[77.0091256995043,41.12530697607947],[76.98266284245534,41.126913564086585],[76.95639751785,41.12417510732777],[76.87740517933557,41.109154424716266],[76.85820999970643,41.10417221316579],[76.84046440498342,41.09685421523824],[76.7567416583352,41.05495518717427],[76.74155912894872,41.04591466880325],[76.72860348568028,41.03516135466819],[76.71822309583496,41.02298560106578],[76.60989160876292,40.86876995865509],[76.57296622681717,40.83866549334417],[76.56085178866512,40.8269220529152],[76.55159089586867,40.81383651023567],[76.53035981746213,40.77641958064965],[76.52268794788661,40.75661493487707],[76.50713085891537,40.68573739396442],[76.47164241164447,40.61774337851738],[76.4208799937701,40.558295634050296],[76.41457714196656,40.54992405836213],[76.38310750123684,40.50211094522351],[76.35397875130201,40.48133272224935],[76.34748602150022,40.48813594098337],[76.33057204005684,40.50001254361782],[76.31085240623862,40.50920602306174],[76.28909227036237,40.51535955085688],[76.26613671071803,40.51823439246151],[76.24287757770654,40.517719236655296],[76.22021844905798,40.513834511371215],[76.19903913442187,40.506731517624914],[76.1467644399109,40.48433660565614],[76.12833104662234,40.47456541516227],[76.12041664858934,40.469448066023716],[76.08044085297992,40.47412900237979],[76.06026304031144,40.47518803171025],[76.04014588207012,40.473678508634336],[76.02068034771658,40.46964506003968],[75.96262005410793,40.45350432969325],[75.93682930028507,40.443474000461194],[75.83577395042877,40.39135370500336],[75.76240824956965,40.39233102238008],[75.73433023023468,40.5296246151566],[75.73126210737762,40.5401575244482],[75.69750027916777,40.628926811154855],[75.69007861853811,40.64337611712087],[75.67933751017382,40.65664273437446],[75.66560996079934,40.6683133141968],[75.63767025876436,40.68820557826081],[75.6164779712986,40.700208474500656],[75.59219488582954,40.708412478151686],[75.56605318637847,40.71240154149926],[75.53124213172032,40.71474328228606],[75.51029631221496,40.71477724799425],[75.48967987350943,40.712088583157765],[75.47003764017248,40.70676171182978],[75.45198350344451,40.69896353052226],[75.18931807091336,40.560608982208564],[75.0918894503545,40.54092512525363],[75.02524846645335,40.538055459219365],[74.91194371709992,40.57392293030567],[74.88781845673213,40.57938300124691],[74.86268354712081,40.58094177403879],[74.83768364403024,40.57852878767768],[74.81395689498733,40.57225446646562],[74.78346612622667,40.56134867745115],[74.75970398512418,40.550069195560546],[74.74025803619806,40.53494111070672],[74.71625793077067,40.51109551267396],[74.70404931750231,40.49598280662239],[74.69619332399652,40.47936220481997],[74.68638283732005,40.4490855636637],[74.68323005997495,40.432314236695966],[74.68450570413347,40.415402649425324],[74.68852683481309,40.40372564016155],[74.64615346657844,40.39440950304124],[74.62587485110403,40.3883811809255],[74.60745452924762,40.379683982044575],[74.54064759712297,40.34121124986777],[74.53398468750817,40.337069016177225],[74.35012527751898,40.21360853257082],[74.2136123149084,40.17713718356779],[74.0673659157932,40.160647613449065],[74.05018794857932,40.157707095783216],[73.98547659279306,40.14273748939387],[73.96668468950902,40.13701931877896],[73.94950330829232,40.12898436840947],[73.92059214034376,40.112705131754254],[73.90441578997223,40.10167903378783],[73.89128854236299,40.088609920251905],[73.83853503411987,40.02426614171075],[73.82974866086084,40.011184810054424],[73.77623320412054,39.91125960580443],[73.75074532081567,39.86678683695832],[73.73256385586916,39.84191897106687],[73.72362445417374,39.826195450448694],[73.71896459100942,39.80947713543112],[73.71875938792175,39.79240404317913],[73.72321426098166,39.75511272703151],[73.72651636457478,39.74088914112364],[73.73291283428988,39.72726719565725],[73.74222728887071,39.71461895879476],[73.77313794317544,39.67978082398155],[73.79480920921588,39.60729001383861],[73.7766177557079,39.58330702297386],[73.75494811934553,39.563992036933726],[73.68521752361427,39.54659881698881],[73.60748908387596,39.53421369494241],[73.58485829386858,39.52874384854717],[73.56417950360112,39.51995105835712],[73.54631370011644,39.508202360479366],[73.53200343905085,39.493987678938346],[73.52184200261173,39.47789920888845],[73.51624900500688,39.46060658886639],[73.51545341398837,39.442828928713254],[73.51956215063201,39.39791612554195],[73.50791067901083,39.30945125966948],[73.4929087683201,39.24387084576477],[73.49133179922326,39.225425479331236],[73.49495802176448,39.2071519161465],[73.5036210104457,39.18986935013676],[73.58683298570922,39.06530461775015],[73.59417026312757,39.05582991990791],[73.64751654256526,38.995870486871404],[73.65865278790041,38.985231260981315],[73.66020702820845,38.98396322605196]]]}},{"type":"Feature","properties":{"name":"China"},"geometry":{"type":"Polygon","coordinates":[[[109.0922260404403,19.731564868084494],[109.0172512248166,19.692472663218286],[109.00100783466,19.68171747138539],[108.84729335613383,19.554685892814295],[108.74269454374424,19.495559212709473],[108.72954261473829,19.48655552463559],[108.63206350741908,19.406622269560796],[108.61944217071424,19.394002515415433],[108.59142027558734,19.35980553345665],[108.58362020744347,19.3486409865463],[108.57766057265326,19.336476875919573],[108.5621554760858,19.297401262171345],[108.55794293410119,19.283458603805514],[108.55614011360957,19.269034825656263],[108.54204356461922,18.91168765917635],[108.54213071630963,18.903170903081797],[108.54460164239079,18.861765482168668],[108.54879367929767,18.839819044112396],[108.58415415187056,18.732022695155006],[108.6087718472538,18.525622282076572],[108.61246364636845,18.5088860261474],[108.61937445760913,18.493103968022226],[108.62925351462799,18.478846103507884],[108.64174315035379,18.46662715749312],[108.6563918051297,18.456888073419634],[108.87701184738583,18.337836082215844],[108.8833766819962,18.33469300515283],[108.99094479036715,18.28639115328344],[109.00469243727659,18.281429151601102],[109.1579234865073,18.238839771537208],[109.16849071347409,18.236523776873344],[109.31933960012955,18.212111576283963],[109.36363113139925,18.198266724922075],[109.47513549787928,18.13951740976251],[109.4929312662534,18.132307614512317],[109.51185285665939,18.128767615116537],[109.531093330652,18.129048228417933],[109.6012610743319,18.13709993351427],[109.61165000371365,18.138871270683783],[109.70309527828454,18.15965849203743],[109.72797290037063,18.169134518482576],[109.74964246642887,18.18113840177788],[109.76218341178689,18.189484243333705],[109.77312367964126,18.199707338946993],[109.78216832123643,18.21153248166429],[109.83227529384033,18.289800030621052],[109.8585597203869,18.31256191990651],[109.97114586862183,18.33135634126622],[110.0103436992534,18.327021474480258],[110.02700290641972,18.326617216242298],[110.04344566426913,18.32907272707376],[110.05914802872284,18.334309741969122],[110.07360953659784,18.342161392868046],[110.12076125412682,18.373439899941037],[110.13483680356191,18.38493128412176],[110.1462532706902,18.398894165917145],[110.15455972021535,18.41477817934226],[110.15942744717049,18.431957007166233],[110.16066307568606,18.44975299062708],[110.16011266398576,18.465899033824584],[110.20611160264872,18.49345727255443],[110.22040705864336,18.50401040673582],[110.30222953654749,18.577611791971382],[110.31227015218265,18.58115032665428],[110.342994683216,18.58384417140949],[110.36880104060083,18.589754057647205],[110.43458434873615,18.614785762088573],[110.45127153547558,18.62310251733936],[110.46585222746671,18.634484548829622],[110.51760659776028,18.684064400047436],[110.5296445784604,18.69825724929332],[110.53840035206842,18.714533472067636],[110.56480149176474,18.779160521852592],[110.56835489229039,18.78975755033376],[110.60916111272215,18.943602327346596],[110.65459073157804,19.06824716672843],[110.65911323001144,19.086815628154124],[110.65942320900072,19.10591606896194],[110.6573889349949,19.127267518269402],[110.65791937489921,19.129276880903955],[110.67510392775745,19.148775804775482],[110.68942123415007,19.170958071977207],[110.72414061096295,19.248182058643796],[110.88341322658128,19.482252263815504],[110.94262327047834,19.500689060255162],[110.95592688029934,19.505942593347598],[110.96821330044278,19.513083825304044],[111.06915638886575,19.582423062751705],[111.08417080753837,19.59530133427199],[111.09591594519267,19.61097291316953],[111.10384586738827,19.628711100409845],[111.10759106641368,19.647693025597803],[111.10697584763385,19.667037697185346],[111.09104071223541,19.776272900398126],[111.08981568043164,19.78286279038214],[111.06294837242521,19.901482208506657],[111.05574613637759,19.921508191749815],[111.02336083307638,19.98578736275872],[111.01436792087316,20.000089650073686],[111.00277265297936,20.0125975611505],[110.95326226444769,20.057008938677484],[110.93538157161977,20.06964879786575],[110.9149261713309,20.07800213227859],[110.85117668369344,20.095981544229026],[110.81007586255974,20.124690920756095],[110.75188275730231,20.19313678262418],[110.73728876800358,20.20694185693289],[110.71992685608105,20.21746013654873],[110.70061406749515,20.224195996173503],[110.68025991051196,20.226831907550828],[110.65348268458521,20.22751653977784],[110.63715765927167,20.226588311722978],[110.6212699063096,20.223001661451036],[110.60629538493794,20.216864031359815],[110.59268255277298,20.208359304016913],[110.53925008696484,20.16819614595557],[110.52677991589962,20.156886697038246],[110.51671192237208,20.143589594547457],[110.50938327624706,20.128751241064883],[110.50397275655182,20.11450977609631],[110.45808998075162,20.13556159086884],[110.43511056308303,20.142850237133057],[110.4110716644129,20.147347831497143],[110.39191024097093,20.149039989803267],[110.37281673497962,20.147016053471475],[110.35458217894522,20.141359818306764],[110.33796184699712,20.132305609863852],[110.33579945428745,20.130481940395622],[110.22560147579009,20.14502642071212],[110.20707461490977,20.145721686175158],[110.16524747134672,20.143377221030295],[110.14775220639466,20.14081113767538],[110.13109550398829,20.135183291659374],[110.1158634800709,20.126691768102887],[110.04458227494838,20.07776338430605],[109.90133009865129,20.053303410336166],[109.6589812095547,20.073868545328715],[109.64461956233895,20.074031147311274],[109.63041390092508,20.072122302602367],[109.56327801715855,20.058049744122716],[109.54664994485579,20.052978078486706],[109.53131431661066,20.045070162979588],[109.51779765322446,20.034597679825907],[109.46816365490741,19.988143837033977],[109.41698446280411,19.979872737692403],[109.32895483907237,19.99314332194535],[109.31094757193969,19.994193743482395],[109.29308244653983,19.991968731273946],[109.27601191302787,19.986549517576154],[109.22461639734553,19.964804916125544],[109.21086555865855,19.95761309454359],[109.19857799191584,19.94833918476437],[109.1540409722585,19.90847074920494],[109.1438019284473,19.897664230006306],[109.13554955278505,19.885409459966393],[109.09407798471412,19.811013298633686],[109.08699072818612,19.794468741159108],[109.08349947788929,19.776891741958572],[109.0837415158361,19.758981032074868],[109.08770565821929,19.74144826183387],[109.0922260404403,19.731564868084494]]]}},{"type":"Feature","properties":{"name":"Myanmar"},"geometry":{"type":"Polygon","coordinates":[[[92.49889786535667,21.450835648318115],[92.42453606591177,21.485343828426533],[92.39021069734781,21.510434513957147],[92.37532311669983,21.519390788792972],[92.35892772486778,21.525668405910928],[92.34157680356806,21.529055916506515],[92.32385497270988,21.5294392416038],[92.3063593928621,21.52680552735617],[92.25545491015139,21.514590067521368],[92.23863829174272,21.508962740927036],[92.22322884108571,21.500549341992308],[92.20975438645188,21.48963826182031],[92.13827629316813,21.419883681866228],[92.12719591203744,21.40682704027407],[92.11889755920544,21.39209053990378],[92.09031835648763,21.32733231055299],[92.08535862291005,21.31258917938403],[92.08318729737766,21.297270675269374],[92.08386776499277,21.281830000023707],[92.09632512273646,21.190971056290383],[92.098160086047,21.181578811483227],[92.12096437607515,21.0920428439012],[92.12599920510402,21.07772577568872],[92.13352666204625,21.06439190074863],[92.14333476236698,21.05241568371459],[92.17053135090806,21.024409502942405],[92.17234979293279,20.99883548267859],[92.17454048914762,20.984837817012707],[92.19235455738449,20.911753638081954],[92.19558908592663,20.90139465171698],[92.21826460885968,20.842212201389145],[92.22910785165818,20.777944558879142],[92.23471957252512,20.75877570724279],[92.24470015177121,20.741224604147202],[92.29891615089119,20.666981576052862],[92.30578589533347,20.658657784386957],[92.53043888152492,20.416503500076388],[92.64127562263866,20.24843226855921],[92.65255823694912,20.234528096485572],[92.66649351851441,20.222930945614117],[92.68255518708918,20.214078438462064],[92.69557379179015,20.209803366900214],[92.69727395251543,20.193715236583664],[92.7029254651871,20.176528640061008],[92.71210984656817,20.16073990928898],[92.72445868153086,20.146980763300157],[92.76156511075126,20.113156295737873],[92.77276888272404,20.104391702129607],[92.7852591438495,20.097323896125353],[92.81876440316579,20.081486886653767],[92.81701459443092,20.001707851080855],[92.81889571743136,19.98202717045094],[92.82530921634904,19.963206809763122],[92.88786320363684,19.831452805439504],[92.89840029070096,19.814499149968956],[92.91259867383782,19.80009941113591],[92.96063861340367,19.760954566403935],[92.97632739800103,19.750561291655664],[92.99390520488653,19.74332367900794],[93.0126641691801,19.739533177865987],[93.0318490712495,19.739342449221155],[93.05068760008196,19.74275923870682],[93.06842129267983,19.749646055497347],[93.08433593382465,19.759725671399575],[93.09779021938394,19.772592225474675],[93.09826012894109,19.773272799718555],[93.10060785374917,19.772334072926956],[93.1183179465375,19.76874526153377],[93.17941700973554,19.76196029309156],[93.19756928174255,19.761574230340642],[93.21547135819682,19.764422925223524],[93.23247792410702,19.770403748650324],[93.24797577190063,19.77930114689992],[93.26140582896642,19.790794370921645],[93.27228327813093,19.804468989015465],[93.28021505379583,19.81983177676809],[93.28491408325944,19.836328456926523],[93.2933395256069,19.883444455559115],[93.29453033766049,19.903075942245387],[93.2911498102668,19.92248192013212],[93.27495329813523,19.977054103101597],[93.32046491329362,19.972263850333054],[93.31776699067757,19.95998586622726],[93.31757491715675,19.94265209125298],[93.32425756510094,19.869903605478072],[93.32878533707213,19.849274704630716],[93.35391778271577,19.77814584616588],[93.36133494845092,19.76238282078323],[93.37181237829414,19.748240171947852],[93.38496446766715,19.736237447427545],[93.45360330385311,19.68459929245065],[93.46954811343097,19.674872515012293],[93.48722111224583,19.668306745694775],[93.50592384999145,19.665161467684534],[93.52491736017312,19.66556100680632],[93.54345122038875,19.669489634066835],[93.5607930580731,19.67679217524091],[93.57624247989673,19.68717010858983],[93.60810864342537,19.662534255646026],[93.62464869225101,19.652248058475802],[93.66247985484702,19.633705076228914],[93.64207858574066,19.62305044081106],[93.62780072231165,19.61391042890019],[93.61550662323381,19.602497609383025],[93.57117870642269,19.553114302722893],[93.56082146440029,19.53904380584094],[93.55348600209759,19.52337811828505],[93.5494377013084,19.506685968605204],[93.54882245080049,19.48957316264079],[93.5488988865311,19.489117885655148],[93.52296081048544,19.487165182014127],[93.50448816060207,19.484026477626436],[93.48702685248755,19.477538331031074],[93.47125377421098,19.46795236928815],[93.43374908031183,19.439862993909028],[93.42009230428914,19.427338223132807],[93.4093519604032,19.41250346364763],[93.40195634330502,19.395951508614782],[93.39819981197947,19.378343564106714],[93.3982311821783,19.360382791647577],[93.40204796936409,19.342786208244465],[93.40949668267181,19.3262560698442],[93.51463512653108,19.145301758287193],[93.51752355897631,19.140658990863088],[93.62489052972258,18.979135047573305],[93.6257389393586,18.978088180871804],[93.61930731357437,18.978706945420377],[93.60217002703862,18.97741383753825],[93.4713416047831,18.956110249298995],[93.45281934723191,18.95122087007683],[93.43571773678434,18.94290693592234],[93.42073692031501,18.931509014590894],[93.40848982986763,18.91749388664049],[93.39947708074692,18.901435356845333],[93.39406654567965,18.883990691959678],[93.39247843207917,18.865873663702438],[93.39477645237385,18.847825311525096],[93.40086541959685,18.830583627896612],[93.41049533387006,18.81485340673994],[93.49293742676545,18.70692982843386],[93.50840257666542,18.6910854184255],[93.61248828838272,18.607233418034514],[93.6280792129937,18.597016990919798],[93.6455017307258,18.589939628218847],[93.66406118792587,18.586283487765588],[93.68301779468202,18.586194347969446],[93.70161598245576,18.589675815944027],[93.71911437979307,18.59658917582935],[93.73590619118836,18.605177840163467],[93.75099017518396,18.61476175270889],[93.76387292874664,18.626891283804028],[93.79141726085679,18.65832662242366],[93.802475417638,18.67404972517042],[93.8098220562136,18.691613370606497],[93.83701889017685,18.783935993955094],[93.84050493510377,18.80919706261643],[93.8400877524168,18.841260005957867],[93.88672506532346,18.819231769762922],[93.90396392888402,18.81298198910027],[93.9221542156274,18.810003215512626],[93.9406101573868,18.81040778757414],[93.9586359998088,18.814180499544392],[93.97555210851058,18.82117916506282],[93.99072048429451,18.831139946674984],[93.99402649485951,18.834368768729814],[94.00485362219413,18.811915268098776],[94.01271533046186,18.798692118602023],[94.02281359316851,18.786908108798347],[94.0348606565286,18.776898544812298],[94.07747614976695,18.747106898682546],[94.07582672357375,18.736237015077023],[94.07693159950983,18.718247595189823],[94.08180250540296,18.700828460852986],[94.09024273671645,18.684679075076343],[94.1606604767544,18.57821177008808],[94.17174806967245,18.49585875505651],[94.17523858418421,18.48061212164545],[94.18145562010888,18.46616748698641],[94.33968289263811,18.17332968373052],[94.40107326263993,17.810350471109018],[94.40440971940293,17.797091055747774],[94.40981336509638,17.78446488583303],[94.47023825300683,17.669071943147134],[94.49375772567139,17.563838992435596],[94.47212982933081,17.332421069973222],[94.41194414462053,17.210412766652293],[94.39427454366862,17.184458912762178],[94.38452368806867,17.165635261688493],[94.37960911846606,17.145165943392907],[94.36115593859917,16.983151267890396],[94.31875340080772,16.91328744300103],[94.31205126297002,16.89975736665062],[94.30778839237477,16.88535191899928],[94.26276244900336,16.66420426693597],[94.24626846895005,16.621279633527976],[94.20427742847217,16.58014553275161],[94.19197774811313,16.565216297409563],[94.1832292036034,16.548142806627926],[94.17842238793762,16.529689428615058],[94.12158589108819,16.138995785238553],[94.12101602558475,16.119038107451992],[94.13064011802525,16.008889130557648],[94.13392245432749,15.991669749064288],[94.14061300327809,15.97539094966326],[94.15045734528088,15.960669737371154],[94.16308177006484,15.94806394686033],[94.1780075033234,15.938051156975451],[94.19466886238065,15.931010653004915],[94.2124346528125,15.92720910967633],[94.28759409536872,15.9183741232354],[94.30575773078122,15.918245202532932],[94.3196398205915,15.834232953823994],[94.32443368599756,15.816768162242743],[94.33275820052332,15.800580737229469],[94.3442766085006,15.786323880810285],[94.35852357234008,15.774572758663018],[94.37492399687028,15.765801360122014],[94.39281621842821,15.760363442446296],[94.41147862786073,15.758478315484828],[94.43015866762163,15.760222029778937],[94.44810305454104,15.765524317015458],[94.46458803408395,15.774171404593742],[94.47894847029488,15.785814594271491],[94.49060461826379,15.799984266937305],[94.54798129098911,15.886255988631959],[94.56799721725126,15.90268501061625],[94.56823401375084,15.898923110813604],[94.57116821685209,15.881374010113802],[94.5776327894227,15.86472540239938],[94.58737430710458,15.849627676145555],[94.60001158278378,15.83667048660532],[94.61505062946505,15.82635978187148],[94.63190397225993,15.819098106604407],[94.64061361073968,15.817198152532507],[94.64066793828816,15.812907849753918],[94.64462643420426,15.795291606227824],[94.6521550761963,15.778791479560352],[94.66295059453923,15.764070213549564],[94.67281434490674,15.753135874828],[94.68722298078912,15.740212052684994],[94.70412664168083,15.730486339664454],[94.7451281916648,15.712233257997365],[94.76203410974813,15.706528166293086],[94.77976174650458,15.704037421232016],[94.79765910300605,15.704852648241896],[94.81506795204947,15.70894389752519],[94.8313479473431,15.71616073630661],[94.8459000900765,15.72623775377599],[94.85818870548042,15.738804281070102],[94.87359873648181,15.757947145135489],[94.88536244241706,15.747157712875776],[94.9015417013875,15.73746412435248],[94.91942854867878,15.73113546088786],[94.93827862208963,15.728435055091307],[94.9573076302559,15.72947528189292],[95.07909783487929,15.748227477604459],[95.16376022690442,15.736656425498559],[95.18179361257106,15.73588407018157],[95.19964639105991,15.738466096506166],[95.20946748795997,15.74183903696174],[95.21260492305329,15.728474003894053],[95.21921029763973,15.713552929512604],[95.22849116226813,15.700018609566591],[95.24014515145393,15.688311205407109],[95.25379292655208,15.678811389571647],[95.30075198578156,15.651967751150586],[95.31641964385742,15.644812666601938],[95.33319119638823,15.640572890933397],[95.37428639758275,15.634032727507883],[95.39260668229831,15.632878026739515],[95.41080891139484,15.635199974154087],[95.42818957047223,15.640908858591436],[95.4440767626521,15.649784061669548],[95.61016086425501,15.764824273581006],[95.62656779405994,15.7793189520963],[95.75041121281794,15.91818938198741],[95.76113885037758,15.93298020622438],[95.76858547027848,15.949531745616143],[95.79810820245929,16.038740075301178],[95.82922792031135,16.09610497254592],[96.04345757307225,16.16891163869232],[96.06248078521345,16.177797349586893],[96.07894476775066,16.19055843632929],[96.09200906774493,16.206543991723454],[96.11184147181818,16.23744379415422],[96.11948628917801,16.25224152825265],[96.12003354248833,16.254092274423446],[96.13528087957116,16.252598385218505],[96.15465123898304,16.254590495855073],[96.17317475111169,16.260387201510746],[96.33112596455749,16.327885223317065],[96.34870632796972,16.33770657671242],[96.36366658059187,16.35093795819153],[96.39491984729709,16.385301391552773],[96.40519831680567,16.399009508671764],[96.41262664692331,16.414319656430752],[96.41331618254257,16.416935793187804],[96.42603871261073,16.415133780195646],[96.4432604525967,16.415754281235692],[96.51871351833584,16.425172372095947],[96.5448575149499,16.432236365052262],[96.66063611277218,16.481774060353988],[96.6768724141892,16.490671487985153],[96.69094677561307,16.502481689604537],[96.83392244173955,16.648866145368206],[96.84459365195202,16.6620392974576],[96.88982612050467,16.730037378956393],[96.90013613759656,16.75114364583889],[96.94602892081978,16.88932943447158],[96.99461482510677,16.994642910316784],[97.00005590731602,17.010081613734172],[97.00249610421854,17.026206109489117],[97.0018545335524,17.04248728487213],[96.99815142739531,17.058390737482064],[96.9529083282325,17.193432777729353],[96.95576781978009,17.19837808514501],[96.99803883461938,17.153676496280763],[97.01877593228943,17.119479748288345],[97.03039984400722,17.10424664114753],[97.04508855479055,17.09166386819346],[97.0845058869675,17.064429301792064],[97.08426939687003,17.061997672195258],[97.08590839422172,17.04532618274625],[97.11939145931018,16.875907838586805],[97.12325270177432,16.862301903126237],[97.1790777438272,16.712864369822636],[97.1862571007381,16.698038202211062],[97.19611699822747,16.6847009552112],[97.24653811564458,16.628155312632646],[97.28579717624477,16.498005450815246],[97.29221005044788,16.48237554617635],[97.30153950896984,16.468161216758183],[97.3134597406025,16.455857879074003],[97.32755488057064,16.445894246486684],[97.34333352596886,16.438617436058212],[97.36024584137881,16.434280919352844],[97.3772124642631,16.43307071721687],[97.38693756697577,16.299486478922486],[97.3903085828466,16.28106289364155],[97.39757445709617,16.263706510614796],[97.40841997148247,16.24816780472716],[97.46526437378932,16.182613127296943],[97.47887836525157,16.169813251612666],[97.4949048184527,16.15992445147054],[97.51268059394546,16.1533556599808],[97.51577276952408,16.15286584945411],[97.49245095631852,16.036650550388277],[97.49076654313711,16.020725137943668],[97.49204521995027,16.00476415192821],[97.49624572980287,15.989273288396339],[97.5032343173948,15.974743218201818],[97.51278904952194,15.96163406184647],[97.62150936039939,15.837494194498472],[97.67947789323112,15.435320372288283],[97.65307661856374,15.32751075103216],[97.65059266428895,15.308198854003793],[97.65247159950208,15.28882186316085],[97.65862415984645,15.2702871359767],[97.70743405612309,15.16427730982728],[97.71941593060211,14.855625274584822],[97.72187580222092,14.838177026808054],[97.72780187399529,14.821525438948466],[97.78467946244805,14.70133430495914],[97.79344200390261,14.686645068864753],[97.80489495781033,14.673808111807391],[97.818000593139,14.663762707007852],[97.81699788776154,14.656702678903148],[97.81783682157887,14.640067323309774],[97.82182844424422,14.623865509873923],[97.88631862753358,14.439497923161277],[97.90701680194675,14.320429620342315],[97.91110392926535,14.305193463884269],[97.91786599974527,14.290880385648993],[98.00377589801883,14.144290494408494],[97.98115835508611,14.000089072474273],[97.98028319945028,13.980964387956336],[97.98359434383896,13.96209041976263],[98.00656465025196,13.883088775461278],[98.0184132253843,13.707101668166631],[98.02222357623003,13.68677988224845],[98.03069710569483,13.667836502264487],[98.06958159094424,13.602567792029228],[98.07976704079074,13.588686605216337],[98.09245845560727,13.576924033399347],[98.10719946825492,13.567702625412286],[98.12346030253467,13.561353580391808],[98.14065677938167,13.558104895067734],[98.15817124411167,13.558073209689182],[98.17537467347786,13.561259639522328],[98.19164918219872,13.567549738182086],[98.20641013555017,13.576717593627905],[98.21912708787302,13.58843391226115],[98.22759043427948,13.599903245192376],[98.33789310416876,13.443322539018803],[98.39968691289094,13.264477229534716],[98.41019052272772,13.243522094185884],[98.48669214746651,13.130697499511115],[98.50352463402005,12.976622120899593],[98.50684669765756,12.960454262776903],[98.54481452439985,12.836044525391538],[98.5436403657709,12.772248990113445],[98.54636315141776,12.748860190148639],[98.57134668120719,12.65095056849286],[98.57251285608923,12.556710226513465],[98.55542467839526,12.514535359618034],[98.5598392877106,12.563321406319657],[98.55974655320928,12.580145170753491],[98.55645084904764,12.59666133335524],[98.55006686240964,12.612291569641823],[98.54081753228337,12.626488435768968],[98.52902632190631,12.638754569536387],[98.51510594235727,12.648660151857877],[98.49954391529651,12.655858010479138],[98.48982897825101,12.658329624918888],[98.483359133882,12.676546396534214],[98.47471693021596,12.694319271319912],[98.46232875034687,12.709833735552568],[98.44678707370457,12.722346758990133],[98.42883579111394,12.731258912254479],[98.34443365522301,12.7623285416844],[98.32677352547438,12.766930312036303],[98.30853438122357,12.76803059860174],[98.29043631369335,12.765585925216648],[98.27319383620717,12.759692797950178],[98.25748757464805,12.750583882953203],[98.24393731778663,12.738618787205025],[98.23307750761309,12.724269812770014],[98.22533614702525,12.708103256661703],[98.22101795920861,12.690757005677055],[98.21147494833386,12.62414976164543],[98.21080085658775,12.60554478842493],[98.21405886612452,12.587199053148206],[98.2382836926073,12.50339663711327],[98.22246373054655,12.344831838177463],[98.22239572983794,12.328077645152202],[98.22550295599878,12.311598705226006],[98.23167686712922,12.295966973664694],[98.24070259091795,12.281724863610265],[98.25226645803946,12.26936645070238],[98.26596693700968,12.259320368821916],[98.281328584787,12.251934984156938],[98.29781852741766,12.247466354850685],[98.31486490204776,12.246069386948019],[98.33546255169551,12.246265575000226],[98.35177807637461,12.247854078389235],[98.36754206924815,12.252259529123739],[98.41391263438885,12.269732437022139],[98.431123886073,12.278352606863374],[98.44610687983631,12.290313503378222],[98.45819699621848,12.305084922155206],[98.53484975605824,12.422095434606337],[98.53789873964195,12.410567855047281],[98.54483947627202,12.39588172789247],[98.56051277398798,12.369282972273176],[98.56036117039048,12.369159496172506],[98.54846478652722,12.357501488065418],[98.53894692945636,12.343909620770079],[98.53212743980006,12.328841320438794],[98.51329783652946,12.274144414184645],[98.50936739027692,12.257821777213756],[98.50860217744108,12.241064399899768],[98.51102812467028,12.22445557587406],[98.51656010838465,12.208573279129212],[98.52500501243192,12.193970060115912],[98.53606852876959,12.181153845527232],[98.5493654536729,12.17057030570044],[98.57621703910878,12.152991231981074],[98.57274728223076,12.137374775926332],[98.57238450858804,12.11997291634846],[98.5754496034465,12.102824240646603],[98.58121888426986,12.082414911629554],[98.54021099194007,12.137337838689547],[98.52764958185718,12.150981925930342],[98.51252313987406,12.161843070357545],[98.49546287826844,12.169467709996198],[98.47718101145861,12.173537378974926],[98.45844095144358,12.173882061331744],[98.44002532742401,12.170487325735406],[98.4227031863454,12.163494936337898],[98.40719776822905,12.153196912801162],[98.39415622477365,12.140023291740029],[98.3841225631268,12.124524109733567],[98.37240956415863,12.101521106462675],[98.36605218393376,12.085246679266834],[98.36302024158368,12.068071916520303],[98.36342696780225,12.050642565086328],[98.38331599757753,11.888784106987403],[98.38472423224205,11.882582073173758],[98.36783258039391,11.881034396233336],[98.35023295450829,11.877691789130848],[98.3336384382609,11.871048961402694],[98.32883133905356,11.867934654659965],[98.32579636181045,11.869148163263311],[98.30854857399223,11.87248979238637],[98.2909715249649,11.872538502145241],[98.27371251476227,11.869292472891367],[98.25740710079728,11.862871241071423],[98.24265561542563,11.85351128219894],[98.2300010011508,11.8415572712399],[98.20851855455606,11.81693981989999],[98.19846579436158,11.802894584791474],[98.19132011829704,11.787226601347827],[98.17179698382154,11.730368819272044],[98.17201257530222,11.740877391618985],[98.1682843359192,11.759634385797566],[98.16060335769403,11.777198767891848],[98.14931569412998,11.79277713709157],[98.1369650803619,11.806470900443017],[98.09340825979945,11.898192970979188],[98.08417663132437,11.913475128617941],[98.0720645530544,11.926682163107843],[98.05754417095712,11.937298654506321],[98.04118185825308,11.944910197595542],[98.02361609965425,11.949219631187866],[98.00553251819753,11.950058683861103],[97.9876370305238,11.947394572785845],[97.97062819474907,11.941331292430744],[97.95516984911484,11.932105541261292],[97.94186512764894,11.920077448160017],[97.93123288168006,11.90571646713465],[97.92368743607771,11.889583000233872],[97.91952247143414,11.872306476533243],[97.91889965466237,11.854560752833674],[97.92970763251974,11.690207767210488],[97.93235792131907,11.67377417914989],[97.9380443349419,11.658098356125516],[97.94657172696922,11.64371656362264],[97.95764790542415,11.631120683142793],[98.0201476161842,11.572058250098449],[98.03380374815225,11.561407953888276],[98.04926323259126,11.553490754965514],[98.06596599565587,11.548593330814258],[98.08330708665638,11.546892987102385],[98.10065852474057,11.548451264882019],[98.10611854788658,11.550004750448474],[98.09673004142498,11.485196082343856],[98.0958868538441,11.469027525464039],[98.09800717236088,11.45296934228252],[98.10302166286738,11.437542030085226],[98.11076725657385,11.423245516934836],[98.12099250160865,11.4105429797012],[98.13336576002202,11.399845865366608],[98.15543288122032,11.383982816384249],[98.16887852834702,11.375960084870798],[98.1835194681255,11.370317515500117],[98.19892348565166,11.367221606781726],[98.20575690784635,11.366441045486903],[98.22467135206568,11.366215747583977],[98.24322416044379,11.369820154606801],[98.26062237465848,11.377100218450897],[98.27612223664651,11.387744808144964],[98.28906090005607,11.40129896130572],[98.29888473220784,11.417183268212774],[98.30517300574333,11.434718572916792],[98.30523449154059,11.434970723318221],[98.33129600149421,11.463405303825814],[98.34333002641952,11.479982125824705],[98.35125611126828,11.498800524583741],[98.3573629494275,11.51975946854077],[98.36666818557504,11.507106554131939],[98.38098246748665,11.494408076603046],[98.39768043505651,11.484933075600523],[98.41602180250386,11.479101368366404],[98.43519369404804,11.477171297784126],[98.44520715409236,11.477204228158056],[98.490510145928,11.456885193297282],[98.5067197746987,11.451348484871435],[98.52369139229266,11.448880708379614],[98.54082894754332,11.449568487046664],[98.55753059260182,11.453387644687869],[98.57320974746587,11.46020405499262],[98.5873156357109,11.46977833632532],[98.59935258151067,11.481774229845149],[98.6088973988659,11.495770371635913],[98.61561426702575,11.511275051890863],[98.61926656969912,11.52774344991784],[98.63361275048496,11.643938911554915],[98.6612996419154,11.634268889038797],[98.65590231724367,11.623936959678637],[98.65086681871844,11.605073070838873],[98.65009416467508,11.585580475281098],[98.65440548528656,11.524979065618796],[98.64282738776838,11.448657677204464],[98.64186886876062,11.438080274689097],[98.63868718262347,11.332802997517101],[98.63981308506638,11.315818071964882],[98.64937357323232,11.25748784259361],[98.60320206725073,11.177680639720721],[98.5948706162419,11.158272621526871],[98.59314796067383,11.148060822485494],[98.58204571206109,11.158315157198967],[98.56652265817446,11.167764099766677],[98.5494053143569,11.173991539882659],[98.5313765129495,11.1767489385771],[98.51315558478703,11.175926219671021],[98.49546956684962,11.171556185080151],[98.47902409500732,11.163813205593009],[98.4644751628132,11.153006239614344],[98.45240289065005,11.13956646318163],[98.44328836424924,11.12403001325636],[98.39419509042855,11.01678183915501],[98.3885729773592,11.00046968357287],[98.38621598492105,10.983396549161636],[98.38721000049439,10.966189683823286],[98.39151779521872,10.949481087742639],[98.39898049584933,10.933884302812722],[98.40932351372805,10.919971902754035],[98.42216669963051,10.90825450688006],[98.44277048800264,10.892782163151415],[98.45908983729929,10.882996930745252],[98.47711237856608,10.876766849993741],[98.49800326770225,10.871886282119519],[98.50025905575133,10.871548664060242],[98.4654289960049,10.803290956389512],[98.45194953045218,10.794839802047825],[98.44050609360205,10.786347408984193],[98.43055698542987,10.776190413341444],[98.39452418208191,10.733062920830305],[98.3837381611812,10.716854847159304],[98.37673317734658,10.69873781210882],[98.37383450609732,10.67955537894856],[98.37517609651,10.660200478118384],[98.43077204246757,10.352091784579812],[98.40690135766503,10.196104236138927],[98.40617449944445,10.175455581407396],[98.41023650057909,10.155180960928298],[98.43467488637765,10.079897140464437],[98.44212889419005,10.063063421094512],[98.48345471570939,9.990812459453704],[98.4942164480345,9.975805485072883],[98.50783455989489,9.963271044074608],[98.52373983850157,9.953732576359739],[98.54126779287473,9.947588331863667],[98.55968637168398,9.945094799051498],[98.57822646136742,9.946356039740122],[98.59611390635834,9.951319366911013],[98.61260173397918,9.959777541677452],[98.62700125899438,9.971377398428476],[98.63871078710481,9.985634543702584],[98.71488377206762,10.100636540359556],[98.7253557139194,10.103299384036045],[98.74119779738432,10.108918343739106],[98.75571613457721,10.117328342196226],[98.76841344661707,10.12824144173266],[98.77885465734055,10.141283966485572],[98.78668178904867,10.156009260572743],[98.79162624656679,10.17191294684035],[98.80650769661219,10.242503490643522],[98.83331422029593,10.322421652947586],[98.83488835018606,10.32763697021431],[98.85639837392446,10.407655493678778],[98.85930617462938,10.425745469778342],[98.86638502389586,10.551912018907855],[98.86603516531935,10.56619277195551],[98.86339731411674,10.580242784459468],[98.8483901396058,10.635307080058539],[98.8483901412968,10.63531158467669],[98.85640506032243,10.648130919774045],[98.94451615911177,10.71835867529714],[98.950558111649,10.723624450388943],[99.0888337184072,10.855222890932824],[99.09412202119223,10.860693152580932],[99.25887520083919,11.045939212214543],[99.26905053804488,11.059852036679304],[99.43775894784302,11.343963125536916],[99.44060735044246,11.349133981935536],[99.52302997704606,11.51108618066468],[99.54280680976325,11.543667260961927],[99.55601958740425,11.550099045189484],[99.56870172054902,11.557586118484151],[99.57998493865435,11.56698637929904],[99.63760082766204,11.623462001991703],[99.65060406916342,11.639518233035767],[99.69026333304643,11.70200219294707],[99.69963391409689,11.721770740758707],[99.70387197686411,11.743183341902872],[99.70613045170477,11.774724514195034],[99.70583459504547,11.790602957201637],[99.70269584589046,11.806188622454656],[99.61101347225424,12.114668671751064],[99.60212908439685,12.134903163621148],[99.54872024381669,12.224416352881608],[99.52220640841243,12.327956601999405],[99.50666151325004,12.410905466885794],[99.50491120103369,12.418415625055392],[99.48790759731556,12.479224330772691],[99.49607491365427,12.535016111448599],[99.49690664953052,12.551874135586996],[99.4945011865602,12.568592798364545],[99.48894260180741,12.584582654754957],[99.4804262354618,12.599279806808854],[99.4473307228448,12.6456298038626],[99.42953978945293,12.664247403157212],[99.36128680264368,12.717911559466497],[99.30171621408795,12.784678686607013],[99.26560721564049,12.89573719396416],[99.26563542543492,12.961169431998938],[99.26375012598027,12.97930891654473],[99.25815487171072,12.99670991760779],[99.24907890364919,13.01265673538127],[99.2099430743788,13.067466812898088],[99.20370012163676,13.09504054165551],[99.21917583133835,13.131223521305271],[99.25404690303839,13.184805006816186],[99.26210140770746,13.200319537601514],[99.26693891393775,13.217060687335882],[99.26837754068374,13.234401672228373],[99.26400111178829,13.49826491028515],[99.26234859611776,13.513813027144286],[99.24726851984957,13.59008992090787],[99.22844632256229,13.728403733427822],[99.2255736387989,13.741694608933729],[99.2206759484409,13.754415801617972],[99.17012570468249,13.860490720867872],[99.16695575585993,13.866531698639536],[99.09540997253126,13.990973529671459],[99.08808549604844,14.001795332727758],[99.00704932374971,14.104510981974448],[98.99559875071131,14.116561640076538],[98.78318811322401,14.302517420000498],[98.78107875268903,14.304306141733317],[98.64049685084049,14.419821875233028],[98.57303414888804,14.52151217374249],[98.57081474828605,14.524703546344783],[98.47605199027622,14.65477054526892],[98.40805015488402,14.748240320740917],[98.33162014454757,14.853248019313272],[98.29354512571506,14.99344118862836],[98.27242258207481,15.143517437478211],[98.27563078684986,15.157388700147512],[98.28816335912512,15.168713629499592],[98.3182680763173,15.185591671549563],[98.34479575652905,15.189871880401375],[98.36367149687791,15.194933626326833],[98.38103141560687,15.203696784290395],[98.47686494326912,15.265225011834062],[98.52979150213953,15.261064188000542],[98.54867435781406,15.26143069090117],[98.56709034262114,15.265465007014337],[98.58428326213706,15.273001472311197],[98.59954696188977,15.283730618215825],[98.61917419873716,15.30071633286865],[98.63207544046051,15.314446864312341],[98.64178402422003,15.33044077267028],[98.6478865918355,15.348018456067907],[98.65620240780108,15.383901979377137],[98.65824700925116,15.409429005844707],[98.6478361782185,15.561895059112395],[98.65152186372859,15.763741043921868],[98.6668425737102,15.927528754637683],[98.67795895177944,15.995193053833137],[98.86610827656195,16.10367813436331],[98.87929695544271,16.11285973770254],[98.8906283547247,16.124100877063185],[98.93819240429218,16.18033249051267],[98.94703010167964,16.19277799357975],[98.9535798596794,16.206467624431642],[98.97655419041101,16.267491050294424],[98.9807527019329,16.282675971875037],[98.98213356911097,16.2983324827173],[98.98196481647281,16.352139517598435],[98.98001664993966,16.370112863948222],[98.97436247494386,16.387351622204115],[98.95543424587115,16.42964456644567],[98.94739727247683,16.443898430688332],[98.93682374876084,16.456538406870656],[98.92405678408262,16.467153702114494],[98.89016406166762,16.490552690268522],[98.8751980875482,16.498984449821325],[98.85886860069124,16.504626368338332],[98.84173564500871,16.507284868403346],[98.82438695391672,16.50686871068256],[98.80741770619174,16.503392142285193],[98.7914100192397,16.496974409944187],[98.77691289844547,16.48783565452958],[98.71891489579644,16.443360039078375],[98.68218791061338,16.544385026736652],[98.67775241675427,16.554534734586934],[98.64886680804373,16.610698880057605],[98.64544180473628,16.616759064784514],[98.60638808434678,16.679927705114853],[98.57118234957855,16.753548487805414],[98.56507813897085,16.898623586228908],[98.56322623291673,16.913127088873885],[98.55894368584273,16.9271530689596],[98.52665416634514,17.007831040908204],[98.51756926546335,17.024845547308868],[98.50493001267186,17.03964175320465],[98.32559802982856,17.208860276708428],[98.24732309468634,17.29701936968571],[98.13674844889856,17.429351286996887],[98.00301474907923,17.58937909315668],[98.00018918310742,17.592599092355716],[97.8685483003419,17.735533173567305],[97.80853342445819,17.824466878496544],[97.80015305422093,17.83430320376589],[97.82806046908819,17.902787627178355],[97.83284836285274,17.91878361931517],[97.83445884469965,17.935345446070013],[97.8328359218079,17.95190662369974],[97.81267530792958,18.054014729214487],[97.80517066591821,18.07596049312065],[97.73964180186715,18.207154896765037],[97.72151172029474,18.259745873284714],[97.7232539775797,18.26550137996246],[97.72670462394382,18.284007127816615],[97.72602933831713,18.302790129983126],[97.72125627628932,18.321029987156134],[97.7125927116279,18.337929761611385],[97.70041619096365,18.352750833246503],[97.68525819161847,18.364845245531743],[97.66778097035233,18.37368411387307],[97.63485670460594,18.386337599911773],[97.61282646153862,18.391987424789807],[97.59001157236287,18.39247348254651],[97.55673965273753,18.389356540537225],[97.53327905077454,18.40984258984684],[97.54340716917251,18.41191462016148],[97.55920271534808,18.418126692791024],[97.61576407966491,18.4462721702108],[97.69735981819667,18.474427512976323],[97.74656568753186,18.483882813058166],[97.76331077348084,18.488657313846893],[97.7788477983774,18.496265333391218],[97.79264897009713,18.506448511421606],[97.81081189165401,18.522605179512805],[97.82299880209747,18.535785384612257],[97.83225904825045,18.550956368423474],[97.83824026370982,18.567542187630846],[97.84636298626069,18.600154859317808],[97.84881127095674,18.6168838450131],[97.84791567433786,18.633751833753],[97.80194922975967,18.932991623320913],[97.80605495117683,18.965619147159742],[97.88429680322047,19.08233080223879],[97.89322829932671,19.09940816470535],[97.89815398843409,19.117879949370906],[97.89885158263408,19.136917630219443],[97.88920842809824,19.26402426908005],[97.9088071935849,19.426922981370833],[97.9876046806525,19.531989984365246],[98.05357916091548,19.58562822095583],[98.06725652289335,19.599339546134292],[98.07760824186441,19.61543087439562],[98.08418052643428,19.633198391736883],[98.09280217745781,19.667797039348027],[98.19031968306024,19.613344861980625],[98.2107527719799,19.604792544174142],[98.23273634659031,19.600949154566532],[98.28729629358322,19.597533743650136],[98.2961535116719,19.59736582548088],[98.37374733025409,19.599269828918697],[98.37768198709686,19.599442071604564],[98.46132659001528,19.604714351777744],[98.47263631644454,19.60606684152732],[98.51148359503266,19.612947650740256],[98.5194763529787,19.614700254148268],[98.77978596605611,19.682786687601723],[98.8178759556971,19.687557336735747],[98.85993953143382,19.68091079898099],[98.88398909738186,19.680001272051445],[98.92488439014608,19.683320178342388],[98.94373810229726,19.686667733713325],[98.96150247691789,19.693492890575993],[98.97746167417338,19.703520643123195],[99.01876391365872,19.735539146396675],[99.03299307030628,19.749199926982495],[99.04383207547502,19.765382750242356],[99.0732479276332,19.82181319433188],[99.08160611018204,19.84601151366287],[99.11219074860425,20.01120979189534],[99.11399355136697,20.014221198092986],[99.12022499147993,20.018871427097384],[99.14479272753373,20.026360909403476],[99.17624641108694,20.025664737094473],[99.24615334646947,19.997709275872516],[99.26314130251285,19.992607895419425],[99.28084183993886,19.990555173296073],[99.33501135554759,19.989043182235996],[99.36133631189234,19.99174639006946],[99.42263217129539,20.006290755343237],[99.44241583384802,20.013237238222892],[99.49473904486739,20.038079652925667],[99.50726362452583,20.04520039037225],[99.51848726769734,20.054030382893473],[99.55286046681772,20.085560813528662],[99.56582278233935,20.100280523057556],[99.5751838432807,20.11723712320979],[99.59092321728791,20.155118689574977],[99.59578409044096,20.170982806911788],[99.59747305863111,20.187412671906614],[99.59593221676519,20.20385453914398],[99.58918663746782,20.238697600560535],[99.61776661132775,20.232720286953175],[99.64490558026688,20.230755086915277],[99.7263041845771,20.235734288796593],[99.74916184368624,20.2397784642952],[99.80235798581973,20.255641131476768],[99.82071347228184,20.263169431017385],[99.83700310313678,20.27410866281741],[99.8835898696721,20.31287807248945],[99.91223323658042,20.330442996723637],[99.91528363985773,20.330014546628178],[99.94481626167561,20.30855525143373],[99.95644799518162,20.301307754401606],[100.07525919582422,20.23840044787529],[100.09245071263452,20.231274205515586],[100.11079479005663,20.227430784844387],[100.12958680961809,20.22701774873035],[100.14810505833623,20.23005090040441],[100.1656383095896,20.236413688594887],[100.18151300740607,20.24586167116598],[100.19511903497971,20.258031868534268],[100.20593309773552,20.27245665456422],[100.21353883482666,20.288581661517934],[100.21764288854887,20.30578702302178],[100.22426940233588,20.356511853257732],[100.27543442891347,20.56078460409536],[100.32929456109991,20.676858988221134],[100.3767306216594,20.717281863923933],[100.41826090406558,20.73134234027729],[100.4811033364095,20.723841837711827],[100.49578822179531,20.723145687368213],[100.51041631138727,20.72454985565162],[100.58215376454274,20.73665524661454],[100.60017091648916,20.741421604489126],[100.6168618639499,20.749358781352775],[100.67465494065225,20.783815209518597],[100.69029709986208,20.795433048964973],[100.70303777223013,20.809816714118078],[100.71232718946918,20.826346427413824],[100.71776388040088,20.844309764442208],[100.71911211780663,20.862932282541003],[100.71631229236226,20.88141085459759],[100.71105082640217,20.901090952007518],[100.70423142215294,20.91860841328481],[100.69368453922256,20.934432630517204],[100.67986332416227,20.947882049436412],[100.66336241501169,20.958377211975588],[100.64489237805078,20.965465807255168],[100.63291652167423,20.967524572457734],[100.63361333753306,20.968571234535887],[100.65539407521108,20.978351650252392],[100.67140593974753,20.987423867112806],[100.68523779886995,20.999213809584],[100.69636682263847,21.013276219943346],[100.74189682704169,21.084299035676242],[100.75047563262159,21.101608968187364],[100.78890112580963,21.207251214635164],[100.80346259164445,21.223919588908196],[100.82201066500589,21.224378906395216],[100.84352360513377,21.227188354893435],[100.863821831789,21.2344080446913],[100.97178454444519,21.286385927594363],[100.98394396741261,21.29333765973563],[101.1367337479418,21.3957329349287],[101.15263770473273,21.409095839070442],[101.16499072058149,21.425387986802146],[101.22351097943208,21.52416836782668],[101.23190442231024,21.538307318832224],[101.23994406357154,21.556152531254522],[101.24369207671279,21.57517946811208],[101.24297325815803,21.594506912295202],[101.22547107655949,21.70789670019608],[101.22730389819728,21.728142429969566],[101.22695771074724,21.746351825671002],[101.2226623090847,21.76411830918163],[101.21459285615276,21.780711664097286],[101.20307990583936,21.795449649757728],[101.19292552435465,21.806000674125055],[101.17895984657115,21.817915850617695],[101.16275224668647,21.827070282815537],[101.14492608356885,21.833111625055466],[101.10398651825687,21.84288346528466],[101.08533888207054,21.845569101801082],[101.06647983466235,21.844846162940705],[101.04812680816809,21.840742073010063],[100.98764597795908,21.82125116155101],[100.97793302748812,21.817560384076373],[100.79366955655745,21.73632125469793],[100.77897254149973,21.72828559607751],[100.76602142187988,21.71798043664931],[100.6196437726561,21.578759290132673],[100.57331572482073,21.557588492225687],[100.53728052875034,21.550864373380502],[100.4757203866434,21.569534114934147],[100.46399203557206,21.572345905875963],[100.36882236647244,21.58930126240752],[100.34568261823728,21.59078228448295],[100.32282539696858,21.587094715219393],[100.21387338503943,21.55659904286126],[100.1998256443946,21.560270052259934],[100.19572594160435,21.5643455021238],[100.1924654499237,21.56988412726892],[100.19935336189582,21.594501179270512],[100.2024504374206,21.61533833222076],[100.20025344177324,21.63627009586135],[100.19002626464423,21.679878257543056],[100.18449836090365,21.695976826228257],[100.1758216014362,21.710826604197095],[100.16430213531468,21.723902084662647],[100.15034702152474,21.734740410812133],[100.13444987540028,21.74295781202991],[100.08012998951457,21.765089676952975],[100.070975241251,21.76831497352894],[100.04218651340867,21.776933404503456],[100.03165381123475,21.792991422108116],[100.02427677093735,21.823317068131743],[100.03593369074495,21.886547743872345],[100.03701452466825,21.89455193770565],[100.04449234146347,21.981264457457563],[100.0443795917644,21.996812017625068],[100.04137835375509,22.012106564578502],[100.03557756492246,22.026690372030863],[100.02715007189877,22.04012685296157],[99.99698623019037,22.079836736337757],[99.98592014457624,22.09195989674148],[99.97272011103009,22.102086147346036],[99.9577984976918,22.109898818282094],[99.94162176188813,22.11515353206405],[99.84928692557358,22.136848013093175],[99.84300310978351,22.138118733414263],[99.61015509049362,22.177599939451802],[99.6038506741696,22.178467430025925],[99.3997254019886,22.200115624514467],[99.37643225202993,22.19996649476272],[99.30412012023616,22.19138625241715],[99.27587809060537,22.195244392333674],[99.2965461261376,22.251545253004412],[99.32936074074449,22.327868847339303],[99.41789118168641,22.447233543821827],[99.42651027502286,22.46144719452728],[99.43221618467643,22.476862631822428],[99.43482079533518,22.49297413793074],[99.44034871114604,22.581445073451565],[99.44041869687221,22.59053870752105],[99.4363550929685,22.67676598296418],[99.47320250790672,22.783808896808278],[99.53869304157104,22.8657339971916],[99.5705517863727,22.89087241409642],[99.58473821046206,22.90471017573049],[99.5954522574218,22.920985367747857],[99.60221327829552,22.93896965563829],[99.60471712059926,22.95785796937328],[99.60284998176436,22.976804474532674],[99.59301680537168,23.022267712728905],[99.58677276491765,23.040603807069616],[99.57643363697778,23.05729410165702],[99.54373102368692,23.09895828235023],[99.5289440394127,23.113903117573464],[99.51089443151281,23.125423637029993],[99.46439205537628,23.148434416064188],[99.4524881694338,23.153407352965978],[99.37520402907852,23.180083674105983],[99.3474828365823,23.185597692030164],[99.23233548312136,23.19269359015246],[99.07987467876254,23.21783692685335],[98.97426184249565,23.25137284414129],[98.98195392560154,23.292246759452997],[98.9833223049674,23.310842941993318],[98.98044303169455,23.383694120216365],[98.97869817648368,23.397636601136373],[98.97461106516919,23.411157730395207],[98.95091595106831,23.47093510122327],[98.9436096705597,23.485277775065217],[98.93367181119767,23.4982183782695],[98.90365778324927,23.53076198707984],[98.92604354476055,23.59830424417069],[98.92995823583982,23.61710491385263],[98.92944635473717,23.636235641109284],[98.92452929523195,23.654829775421053],[98.88006461051017,23.768328264731462],[98.8697732997665,23.78722684434102],[98.8549456323902,23.803399042214497],[98.80643631218608,23.84513225296785],[98.77699173136189,23.877041352686728],[98.77609587933594,23.891017947862498],[98.7861882881044,23.91497937862656],[98.90497776076546,24.0284043547956],[98.91618925452184,24.041264917907483],[98.92465649336584,24.0557734360988],[98.93009588710731,24.07144547025752],[98.93232472192366,24.087757579746434],[98.93342167458417,24.118371387148382],[98.93230257415388,24.13514670843575],[98.92778442100551,24.151435254631885],[98.92002398409029,24.166667602615533],[98.90929161580894,24.180311076345696],[98.89596192109514,24.191888414298326],[98.88050072813823,24.200994515671415],[98.86344880730437,24.207310670659496],[98.84540290740009,24.210615767173586],[98.8269947811466,24.210794072655883],[98.79462675455844,24.208331188782918],[98.75698146019474,24.205718769771444],[98.73797901028489,24.202666849069765],[98.6200178819371,24.1725511072604],[98.60834063533521,24.179214597408173],[98.5912232161394,24.185301992377664],[98.52644011381457,24.202158789115327],[98.50228808910487,24.205556199394522],[98.3700722323031,24.208929169098422],[98.36157539839097,24.208807623569548],[98.2066886798094,24.20040653120604],[98.18848041376474,24.197833340461305],[97.99275736402848,24.152593608869356],[97.97417713209417,24.14641524595456],[97.7948942244325,24.06722197155896],[97.78001418056742,24.059085712817975],[97.71951098694242,24.018965555380095],[97.76794119183118,24.075218979169406],[97.77703745235318,24.087825922206854],[97.78370024276437,24.101644728367955],[97.78774115251845,24.116286167398442],[97.80538668517904,24.214224569969016],[97.80667590228643,24.230627676333224],[97.80467207921875,24.246969233644183],[97.79944107403914,24.262702678952476],[97.76820278942637,24.33277535077316],[97.76505544259356,24.384993780028765],[97.76128892390612,24.405142052483505],[97.75262760629911,24.423991371098793],[97.73951738884108,24.44056718608587],[97.6965528704133,24.483553967860548],[97.67915905949037,24.497308233942487],[97.65873479288699,24.507009247629593],[97.63008950612193,24.51693271612133],[97.62977880474601,24.517400124806997],[97.62839003792308,24.616872652076083],[97.66474065844535,24.713546160237215],[97.7156412449925,24.739924178603584],[97.76457248167091,24.76007038165641],[97.77997082656907,24.767983832869998],[97.79357686922206,24.778262858302917],[97.80495575817625,24.79057922982644],[97.81374345845865,24.80453957843754],[97.8278210719034,24.832413162815918],[97.83473854362136,24.851463077425052],[97.83684039986578,24.87142994938209],[97.83401995545665,24.891320728487877],[97.81050118206888,24.978614023155284],[97.81292301428685,25.015092492902024],[97.8581485599573,25.121616368874637],[97.87488411253184,25.15169781453047],[97.90065611434478,25.147576071110482],[97.91796030445919,25.14620740458437],[97.93526473132425,25.14759614945583],[97.95203951710315,25.151699758243712],[97.96777091164513,25.158392533138244],[98.01179615628237,25.181573236396982],[98.02161687650396,25.187474131678893],[98.0703345950979,25.220660680395707],[98.08614180830747,25.234102029695464],[98.1394705083677,25.290524852438526],[98.1535064718973,25.309971349520662],[98.18908671090425,25.376700527859924],[98.19596103963951,25.393823354186537],[98.22329116528176,25.491767037407733],[98.2742467087667,25.481203662709017],[98.29184268671541,25.479024770198755],[98.30958958486588,25.479711068888985],[98.3269221130541,25.483240671924836],[98.34328810842769,25.489501105621724],[98.38047832402341,25.50741144188594],[98.40039383216126,25.52003986072543],[98.41633450701329,25.53665530602639],[98.48423563565754,25.627833489421942],[98.4899806079098,25.636566268124266],[98.53703732046641,25.71819629517224],[98.58065545540273,25.734337677436507],[98.63095402333647,25.736939232197436],[98.65223821579514,25.740147513535913],[98.67226569255733,25.747413189428922],[98.69009867955879,25.758396046419183],[98.70490160019604,25.772581752623978],[98.73576953359974,25.809432413581042],[98.74716125918523,25.82676062011057],[98.7539984785431,25.84593532909487],[98.75593652858542,25.865995668390266],[98.7544166682162,25.920194596712417],[98.75220176167892,25.936894116096447],[98.74657261783334,25.952925309334855],[98.73772512126297,25.967726812763857],[98.68101841386213,26.044336159144844],[98.67889952907623,26.049748925230624],[98.69255557117546,26.05354692225981],[98.70897599583927,26.059594894632212],[98.72395532966587,26.06815939169489],[98.73702181796763,26.07897080469904],[98.74776362097575,26.09168873559825],[98.75584178200691,26.10591267061502],[98.7782344999379,26.155802021580552],[98.78313254208398,26.169973995833516],[98.78537533356086,26.18467421160674],[98.78490091927702,26.19950261191917],[98.77336142578038,26.292244181511833],[98.8064493370533,26.407343780245704],[98.80878584653013,26.41815689901922],[98.8312675783583,26.571851286003604],[98.83194561443571,26.578233853128477],[98.83955596140824,26.692974372289804],[98.83972973750252,26.6990585394215],[98.83892238345665,26.786654418172162],[98.83854806170166,26.793703283942833],[98.82971658825028,26.884536819652627],[98.81692745873629,27.05124811436673],[98.81405359843977,27.067267565540234],[98.77716890952983,27.19652313452481],[98.78246651762838,27.23433091187613],[98.78320652481185,27.247992660044414],[98.77768859956797,27.424604781988574],[98.77660454614241,27.43547532686796],[98.75114059007517,27.586024587107477],[98.74685774513414,27.601648287548826],[98.73950969113164,27.616338325396168],[98.72933077972597,27.62962408238347],[98.71664636505581,27.641079791041786],[98.70186245226125,27.650338222957934],[98.65045320897651,27.67673165236251],[98.55510071873971,27.725588584335068],[98.54060419534906,27.73170198199489],[98.52519711796023,27.735699461565332],[98.47320812338228,27.745277410581576],[98.45196659071972,27.747143670327613],[98.43075050802338,27.745009136437027],[98.41050529678337,27.738968866416545],[98.36682933778769,27.721184590937746],[98.34797790116882,27.711179095210674],[98.3341627138903,27.699614931067458],[98.22998499231045,27.98710253561468],[98.21911740139738,28.066236887906978],[98.21795066024714,28.072734402207683],[98.19858830371317,28.15980462808725],[98.1916464763607,28.17914015304476],[98.17997698546026,28.19659897863775],[98.14268547707982,28.240220461210505],[98.12197157012542,28.258312863079105],[98.0943450369056,28.276314642578484],[98.01502099187563,28.36839174314894],[98.00745245322163,28.376197059237114],[97.96097117133331,28.418892987501536],[97.9427901322186,28.43210795899642],[97.92164850932797,28.44127283642104],[97.89897738449152,28.44835752745237],[97.88235524870812,28.452191123425425],[97.86523615755556,28.453499974853525],[97.84810861837016,28.452246727464534],[97.82152813217552,28.448283705329406],[97.81813589493429,28.452724048413288],[97.7856493358061,28.509805673929158],[97.77681277713813,28.522553436692114],[97.76570162530616,28.53383026181363],[97.72995900864446,28.56450914800503],[97.71154174708315,28.577039142422432],[97.69037588383335,28.58555362941725],[97.63066914260588,28.602606011863863],[97.60883801501035,28.606575326866057],[97.58654606565469,28.606262438176067],[97.52517190207931,28.59942228795405],[97.50696512574474,28.595873838051638],[97.48979433690201,28.58945999409191],[97.47423449547726,28.580395537204662],[97.46080628437352,28.56898396474654],[97.44995862965446,28.555607278487237],[97.41636206917266,28.504931578034473],[97.39437029686889,28.47724180096777],[97.38926535122714,28.470125100680065],[97.34478969930689,28.401131083595626],[97.27466914645876,28.308102723341335],[97.24395645535162,28.275072664217266],[97.23402439768266,28.262278590584618],[97.22672771049473,28.24816580963237],[97.22228282346983,28.233154756885014],[97.21012718339497,28.17040331398067],[97.209127037742,28.16375788761825],[97.20166537122101,28.094514113323356],[97.20185859221228,28.075799100260625],[97.20641981006912,28.057526528913115],[97.21514962427464,28.040487485352223],[97.23988340748281,28.003101962578615],[97.2414359924313,27.986114222470754],[97.24137193973465,27.985772800235765],[97.20243218850229,27.97748145060155],[97.17945531132577,27.969882021308234],[97.15920806804436,27.957614370110008],[97.09268570612991,27.905776758056362],[96.98643281051457,27.83021487822637],[96.89956003652529,27.768506371246104],[96.89228623940872,27.762806166542045],[96.82919815555594,27.708337258077137],[96.81456369542812,27.692414590403345],[96.8043834727617,27.67395436847702],[96.78157079543654,27.61681262565781],[96.77658282567529,27.598263095792028],[96.7761058808053,27.57919561128622],[96.78290423595627,27.507324476305428],[96.78486803243153,27.49570491593158],[96.80328532215289,27.420471363289135],[96.80880437059116,27.40488483468993],[96.81728165218273,27.390639907951734],[96.7834456144894,27.408678087055517],[96.76485774672778,27.41641796730476],[96.74489498233439,27.420647922828636],[96.6789295814247,27.428417015341985],[96.66369042671275,27.429171798954815],[96.64849781398024,27.4278709061438],[96.25671822707848,27.3669417977784],[96.25161624528401,27.366020566548627],[96.16816068339527,27.34891933230635],[96.15475205894566,27.345276759247046],[96.02528265035795,27.30106016664332],[96.00447055778712,27.29132375790216],[95.98675777647887,27.27755340380676],[95.8962401658991,27.188500226031522],[95.88910846117359,27.18062704424331],[95.83701292437043,27.115932680845866],[95.78937496154762,27.09292669992723],[95.77863850450827,27.08692941406596],[95.67968494636345,27.023516467433357],[95.67596454449098,27.021011225254874],[95.40685180826807,26.830400672115857],[95.2632061304339,26.754591379246175],[95.16967683162198,26.7267299768887],[95.14515445387264,26.715895087328853],[95.07237806194742,26.671730986821984],[95.05893066029644,26.66194213198609],[95.04756871426305,26.650222890273476],[95.03863109329323,26.636923407109002],[94.9998850247128,26.565989836246242],[94.97071785143135,26.51531694313453],[94.96317664796383,26.49802077765477],[94.95976150482426,26.47969898240365],[94.95097487626529,26.352986686659907],[94.95132685833721,26.338026277932563],[94.96951367584433,26.18188588233472],[94.9747938434008,26.160994168385038],[95.01431018220057,26.061309743424705],[95.01979507324941,26.05081247334822],[95.01546247830012,26.044880428368334],[94.97090635855514,26.005633578786245],[94.96312458888465,25.997930260741057],[94.9376420908653,25.969548983828155],[94.92776273748153,25.956280271990547],[94.92065084774883,25.941641971146378],[94.9165304025168,25.92609709715004],[94.89625123981467,25.80120643233259],[94.8626493539725,25.750180646051692],[94.78350900546114,25.653696565071506],[94.72201362778954,25.59005618821098],[94.61865570639841,25.537121465567154],[94.60392855953125,25.527889803974368],[94.5912797970179,25.516414719330378],[94.54636889905046,25.46751821281769],[94.53157845231996,25.445687878242396],[94.48866216304829,25.35548063597471],[94.48481002136354,25.345918147115192],[94.45937324661939,25.26953850837723],[94.45524750737654,25.247552860573627],[94.45390044832264,25.219818605727202],[94.45459980216863,25.204503159196296],[94.45815877818993,25.18951453030794],[94.46447305159475,25.17528812102443],[94.47796175775923,25.15107625659344],[94.48781963785096,25.136851573429563],[94.50041791552898,25.124532499395183],[94.51531721017271,25.11454807693626],[94.56441906222798,25.087658029923734],[94.57275309380947,25.08357057474167],[94.6066591024875,25.068786015420066],[94.60731777321905,25.060579225972255],[94.57092504146001,24.963755022269876],[94.4965802085774,24.809809536079598],[94.41080557255556,24.687438061156286],[94.31813456547017,24.565178112654433],[94.31112626892991,24.554377116271638],[94.2890674323463,24.514195902856862],[94.20505342616148,24.362461859037705],[94.19920028492794,24.349422404865024],[94.12600626465752,24.140733306399554],[94.07781594276685,24.003420111430955],[94.06642117977684,23.97770969340232],[94.05659161404475,23.98244983826228],[94.03800975577546,23.98930077673927],[93.88575669064942,24.029443235325736],[93.79264080036359,24.060298275354132],[93.72345310099467,24.088597861345587],[93.7025821185538,24.094688600653864],[93.6807589775462,24.096409686571235],[93.63062919710414,24.095235743048978],[93.60452069715285,24.09136827863082],[93.53962775987483,24.073290613437784],[93.50417352201967,24.066620564245568],[93.42446555115383,24.138203499940452],[93.41007288201922,24.148884959649298],[93.39374495902528,24.156915075764996],[93.37606131012075,24.162008777614396],[93.35764984984414,24.16398523817396],[93.33916446936306,24.162774322043482],[93.32126168044215,24.158419082260867],[93.29195068672657,24.148500745533745],[93.27375325188503,24.140299010150642],[93.25779447069311,24.12885791962591],[93.24475382574585,24.11466508210528],[93.23518592392831,24.09832519287956],[93.2162643934732,24.05598235612715],[93.21055114884611,24.038050463024955],[93.20902082037044,24.01942071257506],[93.21173784004463,24.00089816375582],[93.27713088853724,23.753235144169718],[93.28213660644349,23.739318640811238],[93.31604019305937,23.665763638737758],[93.31026888384913,23.53360660876631],[93.29388659994582,23.34793192381579],[93.26998454164438,23.151551886682714],[93.2608659093763,23.125381140078986],[93.25301862523582,23.115029177312483],[93.24547084947083,23.118303970183074],[93.22783815959721,23.124128195970496],[93.20932483985804,23.126750502008527],[93.19061219278164,23.12607444817419],[93.15084203363865,23.121089397864374],[93.1334508494475,23.1173918024635],[93.11708697328588,23.11084247835542],[93.10229753399507,23.101660504489203],[93.08957673357645,23.090152946267644],[93.07934929691046,23.076704539852816],[93.07195629512853,23.06176478080156],[93.05879381916694,23.027041824954633],[93.05392219810936,23.00717018337649],[93.05403995302652,22.98679327027217],[93.06249491358643,22.9215865843527],[93.02481373853209,22.841604069613638],[93.02293628489821,22.837317746626372],[92.98743921778033,22.749801722574393],[92.98206172172098,22.729749650101613],[92.9817931974801,22.709089205892834],[92.99132214929797,22.624135991942293],[92.99237625901158,22.617303470104016],[93.00932443456556,22.53118211764795],[93.01142222216855,22.52281037317413],[93.06489593857853,22.347637470888156],[93.0652040521527,22.299292724355627],[93.06509407483729,22.298690562220127],[93.0580876300077,22.298565738635364],[93.03755277872652,22.29397024701338],[93.01858448193097,22.28537270991423],[93.00208121700565,22.27318058604219],[92.97444631743784,22.247729992734246],[92.9644229159088,22.236896539442466],[92.95638154727735,22.22472934685049],[92.93540350453685,22.18643899513196],[92.93107396660481,22.177309580898026],[92.90003704747096,22.100500218945292],[92.84670017187614,22.161388155695654],[92.83474059286158,22.172802120764114],[92.82079678788428,22.182088031632365],[92.77038682613771,22.20973806946258],[92.75328396687541,22.21714121043721],[92.73495929236226,22.22134200576775],[92.7161062617937,22.22218154676069],[92.6840558162937,22.220714659112883],[92.6642540033001,22.21788933561834],[92.6455065746563,22.211359691329854],[92.62861307473707,22.201404332492817],[92.61429356096258,22.188447906505544],[92.60315784091246,22.173042905769307],[92.58891120828373,22.148085624049404],[92.5834123292343,22.13655616403987],[92.5638656890774,22.086268181467602],[92.55689885291429,22.0743711434738],[92.52215074485525,22.05353175831754],[92.50717871553496,22.042456972832927],[92.49485535338455,22.028867061127574],[92.48566170578907,22.013293430231858],[92.47995609014444,21.996344859658098],[92.47796022141691,21.978683650431094],[92.47975073057022,21.960999712322682],[92.48593886963832,21.931563245197715],[92.48757497731214,21.6087333414604],[92.48775290380341,21.603679528013707],[92.49702290542587,21.461990487100113],[92.49889786535667,21.450835648318115]]]}},{"type":"Feature","properties":{"name":"Myanmar"},"geometry":{"type":"Polygon","coordinates":[[[98.35223052331365,13.230843692868214],[98.34862518530315,13.240752222246714],[98.3388594014074,13.256449318758404],[98.32602887403475,13.26988879209436],[98.31066790018951,13.280510343817555],[98.29341656872461,13.287871060054517],[98.27499405227663,13.291663944977858],[98.25616854721424,13.291730776436737],[98.23772513119815,13.288068736759502],[98.22043290153007,13.28083053574143],[98.20501279014543,13.270318019763415],[98.19210742103978,13.256969538327423],[98.18136713758756,13.243293514916466],[98.17156881522183,13.227772791638692],[98.16518558949447,13.210640841350227],[98.16247917114173,13.192602352123794],[98.15870637232744,13.108420475311199],[98.15900754123192,13.096241246617646],[98.16754218301101,13.005862981761279],[98.17188211772245,12.985670464050726],[98.1808195425091,12.966970348312893],[98.23074170782496,12.887692427835592],[98.24166304122339,12.873640446921291],[98.25517867487802,12.86193699431702],[98.27076892358527,12.853031669674115],[98.28783463864427,12.84726651447641],[98.30572018883889,12.844862922639587],[98.32373857458742,12.845913173817388],[98.34119772440471,12.85037690790985],[98.35742698091254,12.8580826728596],[98.37180277716348,12.86873448684914],[98.38377253314269,12.881923167213184],[98.39287586614788,12.897141998422777],[98.39876230552788,12.913806146802745],[98.40120482920167,12.931275086213033],[98.40752509316124,13.095624776249055],[98.40678745327175,13.110843605146469],[98.40342689496117,13.125725098829928],[98.38664997115696,13.17831987274344],[98.38033310612097,13.19324360175383],[98.37138267033453,13.206827939056286],[98.35223052331365,13.230843692868214]]]}},{"type":"Feature","properties":{"name":"Myanmar"},"geometry":{"type":"Polygon","coordinates":[[[98.23876036817042,9.859324918228706],[98.26697974114622,9.871221675706403],[98.28294433321457,9.879918287265395],[98.2968295195379,9.891594741121827],[98.34897752044837,9.945240286916802],[98.35984600583602,9.95882954351028],[98.36787337618105,9.974233039294093],[98.3727607468582,9.990878333770915],[98.381076641081,10.034575166906231],[98.38262881937166,10.052904135583278],[98.38037550617936,10.071167539239209],[98.37441019130245,10.08860094341589],[98.36498184842208,10.104474460094739],[98.35248462898748,10.118123340228587],[98.33744143969223,10.128975864272396],[98.32048207839584,10.136577351872198],[98.30231683991802,10.14060927212035],[98.28370670225539,10.140902640974746],[98.21268507307893,10.134797862382442],[98.19374677618126,10.131133878371],[98.17602316731444,10.123600503914593],[98.16031277066698,10.112537252919438],[98.07983774391342,10.041957058063879],[98.06714526715069,10.028244701139544],[98.05758195272794,10.012239491331293],[98.05155658250042,9.994626684919558],[98.02942059865886,9.897839158144608],[98.02719622271594,9.879552225249512],[98.02878545756705,9.861195967861605],[98.03412079280224,9.843540667873437],[98.04297762278702,9.827326997235781],[98.05498378849693,9.813234976992712],[98.06963527318176,9.80185550650341],[98.08631738060322,9.79366564650644],[98.10433050293379,9.789008679955039],[98.12063393743223,9.78651994961627],[98.13938839393762,9.7855983001468],[98.15792888092962,9.788510409239107],[98.17546426481375,9.795132019505802],[98.19124618310121,9.805180613086424],[98.20460090098116,9.818227425603471],[98.23876036817042,9.859324918228706]]]}},{"type":"Feature","properties":{"name":"Myanmar"},"geometry":{"type":"Polygon","coordinates":[[[98.25997088434403,11.027778348682647],[98.21748289078887,11.055377018687658],[98.20136112795231,11.063707999413154],[98.18388486844582,11.068726778385647],[98.16574870634192,11.070233798286516],[98.14767356470402,11.068169114677488],[98.13037794418788,11.062614792907619],[98.1145492677661,11.053791636302002],[98.08983806264372,11.036598405009894],[98.0712497854196,11.019346394256202],[98.00914789141392,10.94281053781158],[97.99926225606534,10.927751236436466],[97.99261141278663,10.911054662211042],[97.98945957484801,10.893385896075385],[97.9899314751518,10.87544856853931],[97.99400751906938,10.857956817281357],[98.00152469172572,10.841606855654609],[98.0121831635794,10.827049283840601],[98.02555831327517,10.81486324027724],[98.04111767584618,10.805533413955576],[98.05824213502721,10.799430821872544],[98.07625051717741,10.796798105325072],[98.09442661633618,10.797739919919316],[98.12439509771013,10.802275705994669],[98.13932379747423,10.787965406574369],[98.16581901314528,10.714443196543755],[98.17361332618455,10.698176143234067],[98.18453111177503,10.683759274980362],[98.19813548632538,10.671768710772541],[98.21388243978856,10.66268350851727],[98.23114258156507,10.656866581183097],[98.2508619067667,10.652327802219773],[98.26954292924154,10.649994500654948],[98.2883065809874,10.651493242648268],[98.30635355735943,10.656760167117127],[98.32291499899041,10.665570922134403],[98.33728515268814,10.677550189394513],[98.35017616497379,10.69077805888272],[98.36236390460378,10.706407496426753],[98.37079949910478,10.724286002071517],[98.3798897355625,10.750843863315168],[98.38387066692141,10.767665868798494],[98.38451358898647,10.784932439564395],[98.38179404832333,10.80200605202497],[98.3758117733496,10.818256145595903],[98.29216924866118,10.991335005014978],[98.28374142963207,11.00533906675334],[98.27289026310707,11.01762099213823],[98.25997088434403,11.027778348682647]]]}},{"type":"Feature","properties":{"name":"Myanmar"},"geometry":{"type":"Polygon","coordinates":[[[97.94981175102478,12.20587830032452],[97.95028454838176,12.20394040773736],[97.95685471879887,12.189251816959429],[97.9949586357598,12.121248541414658],[98.0053899445934,12.106381248513133],[98.0186350613219,12.093849860315316],[98.03416117992876,12.0841579827841],[98.06725768383133,12.067808015606738],[98.09076191871746,12.059885532119905],[98.10735771850173,12.05666418374363],[98.12712077016837,12.054969627220727],[98.1467892665744,12.05747818136967],[98.16544431865255,12.064072640261042],[98.1770619974922,12.069636415671837],[98.19166088565925,12.078368047635015],[98.20435015871921,12.089606315246739],[98.21468845006557,12.102960631886273],[98.22231592292054,12.11796678911687],[98.22696681144673,12.134103052800167],[98.22847872203725,12.15080826837144],[98.22679836374598,12.167501351742885],[98.22198349749324,12.183601492181165],[98.21101506052507,12.210631167232268],[98.2108357024779,12.214125139942567],[98.21730848015227,12.23867568019701],[98.2200525317057,12.2556568389195],[98.21944612749257,12.272842526321606],[98.21551067565551,12.289604309953175],[98.20955991888371,12.307087696244118],[98.20246297794753,12.32276839372031],[98.19245598941622,12.336847689485124],[98.1799024572931,12.34881335096598],[98.16525874682166,12.358229948706555],[98.1549174759904,12.363574191502977],[98.1568768136319,12.375879433915681],[98.15787401421802,12.393896436099444],[98.15517621086259,12.411749117797418],[98.14889117355688,12.428718495913817],[98.13927127495022,12.44412097354996],[98.13302253206652,12.452180217393579],[98.12081901406334,12.465079228535647],[98.10628621295595,12.475411144491675],[98.08997919522177,12.482781062949899],[98.07252104977255,12.48690724517241],[98.05457902124648,12.487631928352618],[98.0368389257255,12.484927384128463],[98.02383255120922,12.480275511039762],[98.00166198081835,12.483015772632452],[97.98143838543866,12.483318275868951],[97.96164129416901,12.47928262432415],[97.94323073255642,12.471104532984395],[97.92709927153732,12.459180610395524],[97.8755348686336,12.411459440067146],[97.86424409876399,12.398851496748042],[97.85554451529434,12.384408064786925],[97.84973844224771,12.368631987687513],[97.84702733066725,12.352072380542847],[97.84750482525727,12.335305489334727],[97.85115359976781,12.318914624104682],[97.85784605827017,12.30346986671797],[97.87093845628381,12.27969496904915],[97.88000823321285,12.26625789051809],[97.89137678750271,12.254618039354634],[97.9419598863149,12.21132331932209],[97.94981175102478,12.20587830032452]]]}},{"type":"Feature","properties":{"name":"Bhutan"},"geometry":{"type":"Polygon","coordinates":[[[88.79949563892097,27.355410589717245],[88.70033083100984,27.290497389155952],[88.6873757661957,27.28038404320567],[88.67654335967308,27.26846206543803],[88.6681478967148,27.25507817659601],[88.64659457891148,27.21253539385999],[88.640422873557,27.196423586699655],[88.63777669660466,27.179566300357425],[88.63874927432386,27.16256768774965],[88.6433041360457,27.146036690071266],[88.65127665137595,27.130565233744477],[88.67815264054367,27.089225356082423],[88.68853481378083,27.07610638642383],[88.70136865157106,27.064838397756933],[88.73516111530263,27.040040817522808],[88.7391982050568,27.033791723172094],[88.75854661072037,26.94446964717762],[88.76350342317377,26.92908463790197],[88.77143993536095,26.914726685896884],[88.78210384742383,26.901850282479792],[88.79515686084753,26.89086287887857],[88.81018544490183,26.882112048003588],[88.86885907352274,26.85422503669546],[88.98786560557976,26.788579499543207],[88.9951517516366,26.78491878265853],[89.10241818625676,26.736076177935846],[89.12336702965604,26.729019171020994],[89.14554307970403,26.726267788314495],[89.16785231714266,26.727957786045785],[89.31896261648018,26.754657640027045],[89.34093183014289,26.74534005707026],[89.35644962547916,26.740106492686564],[89.44681453103618,26.716979833299114],[89.4632219830246,26.71406513166513],[89.50982695399439,26.709324409413654],[89.51051031716932,26.705453780733393],[89.51538055745125,26.68863480400392],[89.52377767696615,26.672966096900417],[89.53538723784827,26.659031814683015],[89.54977549536954,26.64735125095512],[89.5664056540192,26.638359566563384],[89.58465787359873,26.632391661562192],[89.60385228297673,26.629669775662745],[89.69498808801794,26.624692317355784],[89.73841597718365,26.614555480169145],[89.75801559593619,26.611784402919483],[89.77784243039626,26.612504637619292],[89.95700110788002,26.634849157658742],[89.96210366055703,26.635602022173973],[90.14175335003206,26.66624136377335],[90.15890156580228,26.670589057254908],[90.17492432151532,26.677570329641892],[90.18931973770061,26.68696662372452],[90.2016365799874,26.6984837118076],[90.2619947188894,26.76593650723957],[90.2625818495914,26.766043736523436],[90.27916863939909,26.77042548627305],[90.3438557870763,26.793044737727044],[90.40348907881298,26.769859943881507],[90.51190097166945,26.71750292956479],[90.53068444802871,26.710507516057167],[90.59109258372708,26.694163172438188],[90.61231543906926,26.690577320188513],[90.7315562520078,26.682039395620972],[90.7455646957705,26.681903643563704],[90.86158655586374,26.687953105764088],[90.86623383017607,26.688290054802316],[91.13409372646346,26.71303668030501],[91.27655927318533,26.700453481247173],[91.29840016438445,26.700638778871856],[91.3196831478506,26.70502515667221],[91.33940838323157,26.71340655893405],[91.4274642989564,26.761866633571294],[91.44361706828684,26.746277576668085],[91.45840714586264,26.734552338364168],[91.47547505374068,26.725632571955096],[91.49416335305293,26.719861597140447],[91.51375264227207,26.717461486052912],[91.6676341388418,26.712145069584565],[91.68837211578823,26.713332896967202],[91.70839633007671,26.718295751794894],[91.78584631420271,26.745416449883454],[91.86284452355068,26.764772571886095],[91.90664681600528,26.770257474314437],[91.93869792123321,26.770812751491604],[91.98629537870777,26.765702787378345],[92.00403820638623,26.76520043836809],[92.02160441128801,26.767484659444115],[92.03844959274588,26.772484645455496],[92.08978545081048,26.792344396059576],[92.1094038295263,26.80239746055203],[92.12601795213607,26.81610205586298],[92.13879037533687,26.83276837588355],[92.16254363340751,26.872742921164495],[92.16980656042112,26.88834745761705],[92.17366952905306,26.904888383826982],[92.17399471257417,26.921782005441813],[92.1687747466118,26.982135946543217],[92.16535209883186,26.999415942940246],[92.15822646088897,27.015774756666826],[92.12096175609473,27.081423156235058],[92.11184281026003,27.094542770399134],[92.09767663956981,27.11147588907584],[92.10010704701656,27.12267673916797],[92.12234206840249,27.174596312113128],[92.16979843645348,27.243834794508842],[92.17839497496162,27.259666053831715],[92.18336391132888,27.27668136870622],[92.18451377501785,27.294230845921348],[92.18179882681603,27.311643882384313],[92.17532107809978,27.328254776005533],[92.136894553068,27.402351321482165],[92.1332562991886,27.408689047170768],[92.07920249192813,27.49422052829145],[92.06703051798047,27.509487673245765],[92.05155812888842,27.52219069833273],[92.03345445369747,27.531779374766174],[92.01350327001973,27.537838233199235],[91.9736304238941,27.545951109488055],[91.95132170812496,27.54822399756818],[91.9289959960732,27.546085993950754],[91.84217101685019,27.528955078876976],[91.77604446017536,27.53134651587774],[91.72578161528706,27.561567940424517],[91.68707122244714,27.600727772196382],[91.68393976069785,27.611672554500608],[91.69436357313909,27.648780653190798],[91.71971385586988,27.702843737349376],[91.72474046414482,27.71657709514788],[91.73081469763878,27.739228592026233],[91.73341433015595,27.764855220132823],[91.73131161092925,27.799260043668703],[91.74325537280873,27.91511544631058],[91.7432066330802,27.931910008156276],[91.7396234128077,27.948403476952542],[91.73262917826709,27.964020318269803],[91.72246668660775,27.978215346210682],[91.7094896854971,27.990492804820114],[91.67315638731809,28.018977431971518],[91.65533144475744,28.030171000994375],[91.63520689963426,28.037744575223666],[91.52539539235002,28.06718457048509],[91.41770859231154,28.101307373458],[91.3700651824258,28.134559633500047],[91.35109785739174,28.145027801694535],[91.31728959352614,28.159393658944026],[91.29755445414766,28.165663299460935],[91.27678032621904,28.168238219901127],[91.25584788807382,28.167009241474133],[91.20864216872371,28.159874693017894],[91.18827372334327,28.154828163887373],[91.16952687108703,28.146182854493286],[91.09351987703637,28.101670382881863],[91.08525367470007,28.09627541930524],[91.03836863026066,28.062296960175033],[91.01231903163462,28.073248427809133],[90.96203642552295,28.102001150095546],[90.94809366470008,28.10867131788032],[90.93314528878635,28.113351579061884],[90.74208513128495,28.158603220916604],[90.72494875179154,28.161291943731236],[90.63923326965677,28.168132741490314],[90.62431275364199,28.168351951961224],[90.4787642880004,28.161004868237146],[90.45493451607085,28.162805164777623],[90.46309155237492,28.199026526699438],[90.46503174704473,28.21801872380952],[90.46238386297463,28.236944456222453],[90.45526462928866,28.254952568657817],[90.44053691732968,28.282403307505454],[90.42947801757113,28.2984303185088],[90.41488123744843,28.312087841269953],[90.39738118245697,28.322780977681028],[90.37773964677704,28.330043797881956],[90.25020555935723,28.363859594635347],[90.24445489008869,28.36522170188782],[90.12805618992982,28.389558192769144],[90.11309914909688,28.39166291806366],[89.98955954412585,28.40080116713588],[89.97365154388037,28.400877255596697],[89.95792326464401,28.39877970143328],[89.87465607058647,28.38172463021604],[89.84996281938948,28.373582720573577],[89.76896312589899,28.335712726968193],[89.75329049508701,28.326662392051286],[89.73976306388371,28.315242481774312],[89.69049435118441,28.26519590180495],[89.61903555956692,28.243187009519556],[89.60725738103126,28.238807804778467],[89.49137304303149,28.187890592226516],[89.47823472934348,28.180978430446103],[89.46641887620113,28.17241106435691],[89.41016661276205,28.1249216539683],[89.39853054405623,28.113225885441487],[89.31632400780144,28.01440555785033],[89.19590665475498,27.89217736549441],[89.19379397119813,27.88995830130829],[89.08161845331682,27.76802033061611],[89.06722692656965,27.74703930471978],[89.01593126769608,27.642079137120643],[88.95632471940186,27.58409591591507],[88.8852003076054,27.534917592416182],[88.87092830084437,27.522889688398234],[88.85954949685362,27.508642079890983],[88.85149220709361,27.492712583037697],[88.79949563892097,27.355410589717245]]]}},{"type":"Feature","properties":{"name":"Bangladesh"},"geometry":{"type":"Polygon","coordinates":[[[88.27548816620589,24.381260510833794],[88.3213206140264,24.33150045739137],[88.3370627613432,24.317800836039787],[88.35571475798648,24.307576187833817],[88.45722428066708,24.264975149939392],[88.48322731627002,24.257801941838082],[88.60475478631889,24.24034857452862],[88.63269632189032,24.22279136061985],[88.62896732176559,24.198980282769153],[88.62846095160592,24.1951655507137],[88.61618683366109,24.08250350310142],[88.6048577685432,24.027881196558447],[88.53127171495268,23.859772718704907],[88.52924972071129,23.854712308992912],[88.47417209708587,23.70272818953165],[88.46964865792447,23.68315373945811],[88.46996489421062,23.663148053168143],[88.47510296851999,23.643701546876883],[88.50375934361176,23.571502388430243],[88.51318797467961,23.553955453946383],[88.53360854376209,23.52452352009145],[88.53903087634104,23.517476390195352],[88.55837169795144,23.494732092878177],[88.56628701485393,23.48650898886574],[88.62226883534318,23.435013985494482],[88.63536212604765,23.417924424000404],[88.60867193644299,23.313349984174664],[88.60625345209098,23.298000904868186],[88.60674295979344,23.282498668791067],[88.61012489182716,23.267304366828576],[88.6162977285873,23.25286977562217],[88.6367261004758,23.215039600486772],[88.64698553099174,23.199981574861123],[88.66026389272618,23.18707037834478],[88.67604276748727,23.176809347518123],[88.6937067038772,23.169598410559754],[88.77686139319749,23.14432092669894],[88.7852992005506,23.142133519202382],[88.79461938159355,23.140126635114285],[88.76272740993863,23.0799203385979],[88.75596463818597,23.06303303973162],[88.75299347889573,23.045245326070017],[88.75393144150102,23.02726982855063],[88.77040880789956,22.92562123520395],[88.77390161656253,22.91172343550828],[88.80421861099867,22.8235348218863],[88.8269214453993,22.67502268950426],[88.82783134234175,22.670069064381423],[88.82808751986768,22.668877443899206],[88.82430638690778,22.645106739697265],[88.82330712716112,22.62968604395616],[88.82518204059816,22.61433542996529],[88.82987485250669,22.599507814725648],[88.87947553874285,22.481418557141556],[88.95372689291746,22.258394621311428],[88.95861762051547,22.185393778378312],[88.95450871194001,22.097045916930266],[88.9555162829371,22.079689296172884],[88.96010761833917,22.062837130317483],[88.98600188046966,21.995833736107016],[88.99736827812767,21.86551569579014],[89.00062168914735,21.84858139802059],[89.00728827120399,21.832532462425135],[89.01712313171501,21.817955742963093],[89.0902869247564,21.72951471245839],[89.09893427471921,21.72040004254278],[89.16611984200078,21.658515089847196],[89.18211202610335,21.646612991993752],[89.20044033884025,21.638107119378777],[89.24475310880113,21.622735333220483],[89.26206865163769,21.61837585115088],[89.27995238709873,21.617063038049096],[89.2977901561236,21.618841990101195],[89.3728430892666,21.632944319389136],[89.39225605566153,21.63861548540671],[89.40996632164352,21.64793451848298],[89.42519103519497,21.660489740241957],[89.48560818080415,21.721978459020868],[89.49057318416837,21.71414123263025],[89.50386662951426,21.700525345858356],[89.51986011143468,21.689705195711163],[89.53788562526783,21.682132342171073],[89.5571907784852,21.678122768638435],[89.57697006695852,21.677843764774412],[89.596398309757,21.681306984045705],[89.6146648832918,21.688367958005042],[89.63100736594058,21.698732087389715],[89.69056939662607,21.745436411023693],[89.70233456567699,21.75639801461015],[89.71190406219536,21.76907055139198],[89.7370358004017,21.80930627600159],[89.8001510899685,21.838601618385276],[89.81791051741759,21.849228954856716],[89.83276891126259,21.863176254336228],[89.88786035232661,21.927602759942136],[89.89680926168984,21.940065585751555],[89.90068547815896,21.948096069470694],[89.91586835555525,21.940242756543167],[89.93479306402419,21.93473882796888],[89.95452860191271,21.932921034765936],[89.97347838904979,21.934789269797882],[89.97430065067053,21.885878182844447],[89.97625727335881,21.86924503870315],[89.98149883572799,21.853236247048386],[89.98984291085537,21.838405648115955],[90.00099998662556,21.82526614983209],[90.0145835791698,21.814272037209886],[90.06463310597628,21.780808941078423],[90.08506473522588,21.758537595936165],[90.09988762794275,21.745464991537833],[90.1173321629296,21.735573109811128],[90.13662151956633,21.72930216666328],[90.15689719839162,21.72693118938866],[90.17725705270028,21.728565667768976],[90.24899039146945,21.74149620225545],[90.26580860153678,21.746021198466046],[90.28147586081788,21.753285080810993],[90.2954802514625,21.763050618046535],[90.30736390806474,21.77499881786617],[90.3649976498834,21.844599723097364],[90.37748337741935,21.864502709400057],[90.43795264394666,21.99750218850504],[90.44468062286191,22.003858869310193],[90.4509396933614,21.997638733729637],[90.46639883461314,21.987330152122315],[90.48372997492922,21.980019671863374],[90.5022659053629,21.975988615009793],[90.59078392218979,21.965057970335888],[90.60759956626288,21.964343103535533],[90.62429526800868,21.966334973328795],[90.79821375041861,22.001420628280677],[90.81566690806446,22.006571002057576],[90.83176605200788,22.014670671563017],[90.84593766562595,22.025431240037154],[90.85767654751416,22.03846949166322],[90.90994389954301,22.109096754789235],[90.92031569295379,22.12724524393255],[90.92597502366863,22.14710065443317],[90.96206998960932,22.377692540669948],[90.9630496064156,22.388475180455615],[90.9654607964593,22.482760243297808],[90.96441231553317,22.498220061697136],[90.96185665457803,22.50807991996636],[90.98101297585727,22.50967726027715],[90.94795714677416,22.112099234240155],[90.94828403077398,22.095132387105608],[90.95204416685166,22.078524167413153],[90.95910252008268,22.062865699431047],[90.9692068836736,22.04871410512474],[90.98199698333741,22.03657272597381],[90.99701737455516,22.0268732773608],[91.01373366399537,22.019960560178134],[91.0315514770343,22.016080262331254],[91.04983750457878,22.01537027350738],[91.06794189616383,22.017855813708422],[91.08522122388347,22.023448543677578],[91.10106122388656,22.031949687721312],[91.20708667949674,22.101930967701968],[91.22034417558991,22.112457403030778],[91.23135338077171,22.12501379986703],[91.23975778353285,22.13919428939537],[91.2452848108554,22.154540375257803],[91.2727964575791,22.262336109380346],[91.27540127634244,22.282447420654396],[91.27307605813853,22.302588657778664],[91.25320864745798,22.385022112756797],[91.24626787300758,22.403769839787408],[91.18233557054818,22.529129371873726],[91.1928558810075,22.53269933873407],[91.2576691985185,22.560855496400293],[91.27285306637461,22.569068489516287],[91.28619023845496,22.579669777244206],[91.35605953685275,22.646203746097296],[91.34837575124136,22.63213978183469],[91.34346432122632,22.617009047117335],[91.31600762340742,22.493847309026474],[91.31405585417909,22.47846712763487],[91.31498873695435,22.4630052949869],[91.31877764265772,22.447920264540354],[91.3253093423043,22.433659165205373],[91.38092137932766,22.336423074142495],[91.39001573121996,22.323374670522522],[91.40139849932531,22.311966569813837],[91.4147303684115,22.3025382974763],[91.45827044183044,22.276917960120755],[91.47514011628617,22.269004125026473],[91.49334479213834,22.264261919353697],[91.51219607647286,22.262870613982617],[91.5309812764333,22.264882787182607],[91.54899019130688,22.270222351252304],[91.56554181184023,22.278687415209394],[91.61181705925463,22.308115367986115],[91.62602797468607,22.31913234266887],[91.63772092564804,22.33244472621514],[91.64647016669187,22.34756869421539],[91.65069528282932,22.360187739911193],[91.71133334445305,22.25514741582044],[91.72137659828364,22.241086819574594],[91.72827062825644,22.234529009560333],[91.72815850208598,22.21963988351378],[91.7325027468946,22.200676349250347],[91.75614196669108,22.133919438550656],[91.78811469661643,21.995640379856468],[91.7763724328058,21.98482104993174],[91.76630912517938,21.971353511589438],[91.75905041615069,21.956415005506816],[91.74354629647675,21.91470654652976],[91.73994092736704,21.902101390631145],[91.72456138414624,21.826553208829164],[91.72296792181928,21.80601018829483],[91.72645020900993,21.78566823774041],[91.74435833180141,21.72610818337564],[91.75098576059824,21.71012113454634],[91.76075369484205,21.695590595582456],[91.76131620242134,21.695028430545737],[91.77490531901802,21.58303457754648],[91.76710378528973,21.559496378462544],[91.76320673198552,21.541090149042088],[91.76350060919295,21.522331217714154],[91.76797097642826,21.504036098118394],[91.77642175684575,21.487000794591747],[91.78848402886317,21.47196620979689],[91.81788077986356,21.442340389987574],[91.8309176679343,21.43138623071398],[91.84586664965039,21.422808343735742],[91.86223419495312,21.41688971608344],[91.87948021474074,21.413825565829963],[91.89703580526034,21.413716938917112],[91.9268899486986,21.416063414127088],[91.96037080668495,21.163834735828157],[91.96583077660901,21.143166146389262],[91.9763427682116,21.12427132776886],[92.11132360943283,20.93883909318161],[92.1619894449776,20.843624478522006],[92.16563564243546,20.837396453702436],[92.22533941079655,20.744262692296697],[92.2359905047229,20.73069653531739],[92.24915406751997,20.719222224454025],[92.26436911139322,20.710241073022438],[92.28110321518946,20.70406711753409],[92.29877110643164,20.70091619067736],[92.31675504594635,20.70089841778502],[92.33305299632016,20.70231375015267],[92.35227064413554,20.70585671371858],[92.37032056755375,20.712970724103016],[92.38645379037027,20.72336065897934],[92.40000048520268,20.73659543995081],[92.41039771334029,20.75212583690348],[92.41721281961713,20.76930717156292],[92.42016151006321,20.78742599629202],[92.41911984527027,20.80572965760352],[92.40695991251214,20.878342768358575],[92.4025236830712,20.89464797583793],[92.37882391804644,20.956706109923832],[92.36405608188684,21.01760849759603],[92.36058501811833,21.067309608170333],[92.3568065497618,21.087045688122448],[92.34843516698865,21.105511855855756],[92.33588557484597,21.121789560434966],[92.30283000236932,21.155875761930695],[92.2870159572991,21.218269630016135],[92.2785231667151,21.280812355645114],[92.29053887514091,21.30796190664755],[92.31842661802284,21.33515625349902],[92.32966631983295,21.328540385474074],[92.42277669030582,21.28534140591681],[92.46347770942147,21.259242728171795],[92.481772267341,21.224119335462003],[92.49145808981928,21.20933562181124],[92.50400138131998,21.19655532215342],[92.5189365827359,21.186252027095087],[92.53570987470917,21.17880743156875],[92.55369967623358,21.174497260414476],[92.57223959343126,21.17348111118921],[92.5906429837821,21.17579658041567],[92.62187455161468,21.182628725162896],[92.64157903631835,21.189104555919542],[92.65932478689493,21.19938552247131],[92.6742791994076,21.212989524747456],[92.70612031370527,21.24900934601752],[92.71705655983251,21.264340261727995],[92.72441304183984,21.28142747001194],[92.72788009155546,21.299554747273728],[92.72731084192881,21.31796199423456],[92.72099263186998,21.362495978429322],[92.71886543213746,21.372807101360994],[92.68935276070609,21.481171151171882],[92.68097581952978,21.61185805792058],[92.67975033106296,21.94063240781526],[92.67798224576853,21.95742374422119],[92.67021569053321,21.99460610397873],[92.6576008919221,22.059398375774084],[92.62883801334317,22.41698544323568],[92.6276081091447,22.426029470648693],[92.60603458228145,22.53823587878888],[92.58834760655857,22.6947416493699],[92.58490643400485,22.710801799539325],[92.57836423344216,22.726020712397716],[92.55420058538608,22.77002565112523],[92.52233043771128,22.85213379279387],[92.51923383958827,22.859157954107097],[92.48196940606631,22.93437315125441],[92.47468458406921,22.946496691016502],[92.46546219250426,22.95744567845367],[92.45440861381994,22.968662273021955],[92.43870761153404,23.077522944849818],[92.43167285836245,23.243923970532098],[92.43211316357335,23.323393129928267],[92.42934424341806,23.34508555423794],[92.38504029828178,23.512236293501477],[92.3422614702185,23.70183594967829],[92.33680109907928,23.71807581729723],[92.32809907400744,23.73308497827629],[92.3164653650792,23.746326951122146],[92.30231509622737,23.757328259249704],[92.28615376752865,23.76569542385513],[92.26855917780154,23.77112910269943],[92.25016069654427,23.773434857419694],[92.2334548736948,23.77261993465312],[92.23334021059625,23.77277283343404],[92.22058340034788,23.786571124342174],[92.20506579389688,23.797755181596234],[92.18741462198192,23.805872455680184],[92.16834390449313,23.810594404227807],[92.1486254547292,23.811729863806615],[92.12331499508069,23.81085060768814],[92.10013570887487,23.807476598079155],[92.07849387562949,23.799168941449793],[92.02906903561605,23.77344367701195],[92.0011421565033,23.779496272883645],[91.98339004906705,23.781802868089425],[91.96547532201882,23.78111787842208],[91.91651629477775,23.77510836446795],[91.89694655166981,23.77079847084324],[91.87874895254684,23.762928112480516],[91.86268808297693,23.751828074777794],[91.8494382680868,23.737964801992927],[91.83955519924696,23.721920703159817],[91.83345265443998,23.704369587241167],[91.83138528289516,23.68604827985524],[91.83135313708138,23.598303099319207],[91.83168939612275,23.59083627869719],[91.83770270042666,23.52441870612955],[91.72330890113383,23.426886289037142],[91.71032999656587,23.413333311433252],[91.7005635083867,23.39767503322861],[91.66476272950831,23.32392386670751],[91.65800170617914,23.3040728725397],[91.65638913916385,23.28332622146787],[91.66015725968133,23.205836672040206],[91.66102942239095,23.19722111520036],[91.67336751467732,23.117228335860023],[91.66819006316659,23.105294270838773],[91.64256147401554,23.083026981394852],[91.61167838702924,23.072726422490078],[91.603624772228,23.074174171060832],[91.59708760935445,23.080691544715172],[91.5639770547509,23.17024099936379],[91.55707254769561,23.184629796827444],[91.52194251086972,23.243290729900263],[91.50923925866418,23.259783259637885],[91.49284585911437,23.27325272810127],[91.47359000909032,23.28301822206209],[91.43675511845797,23.29699227184076],[91.41935126591845,23.30190868195323],[91.40125658937907,23.3037786238204],[91.38309803706528,23.302537289389853],[91.37077994783031,23.299520109216463],[91.34970581631332,23.392068366075115],[91.3451060172623,23.406281760871853],[91.26259371303446,23.600486860086683],[91.2594363179946,23.650562556005497],[91.28691306906148,23.738058978278637],[91.28823966264545,23.7427528983528],[91.32174047782726,23.875854776503576],[91.40703720643286,23.95614737368285],[91.42126111484217,23.97318580282677],[91.43067268832611,23.992814716381012],[91.43534766999404,24.006944960906555],[91.51881542915724,24.001108944638965],[91.540632778227,24.001793629406457],[91.56174999362212,24.006850793283554],[91.60674470832939,24.02266188949991],[91.62258440830732,24.029771529932706],[91.63678208595267,24.039348109918937],[91.64888194584746,24.051084445285735],[91.67979258377333,24.087024754829383],[91.71193615960352,24.107804226212117],[91.74662595989614,24.116797602421496],[91.75436887290448,24.117737425063186],[91.80032442280404,24.095700677732108],[91.81705312613221,24.089388864664212],[91.83476367151631,24.08597575243964],[91.85285921916757,24.085576332316446],[91.87073004378911,24.088204041864763],[91.88777395400834,24.09377031772857],[91.90341646453228,24.102087564730418],[91.93416939032333,24.122095381410162],[91.95014501046019,24.135087331648993],[91.96267407422911,24.150918579499812],[91.97116516264545,24.168843504743645],[91.9914693659828,24.228866538397426],[92.0174176453991,24.281322272077706],[92.01911060456139,24.281807234144456],[92.07007091688492,24.284606519758356],[92.08618881111693,24.28671516731963],[92.10170788303026,24.291209590366712],[92.11620619599837,24.29796759786665],[92.13709718363343,24.309777737222294],[92.15281085225658,24.320792481535],[92.16579450117065,24.334445254531282],[92.18269507111096,24.35631132436562],[92.19334333650082,24.374018793192207],[92.19938842889347,24.39344290462173],[92.21335070086728,24.470357302728015],[92.2904700412847,24.65361843451835],[92.29270243063739,24.659519515398976],[92.32137258946497,24.74475480801563],[92.32310519912006,24.75059805499463],[92.32702211211381,24.76582938936469],[92.32777364942655,24.772345237241677],[92.34958694931422,24.764783602580223],[92.3675615199019,24.760257419445043],[92.38615209053849,24.758869912219197],[92.44431346664805,24.75950539391151],[92.46307382666355,24.76133780424493],[92.48111288679833,24.766365281785376],[92.49777702847409,24.774405659308297],[92.5296016876061,24.793486672988067],[92.54354356394526,24.803588186566525],[92.555266516795,24.815793840511464],[92.5643903243301,24.829708441865613],[92.57061861549228,24.84488133834307],[92.58109181356124,24.879688300000762],[92.58443159316496,24.89824832207156],[92.58344235811184,24.91703152309837],[92.57816546945877,24.93521625203111],[92.56110195179079,24.976046890394638],[92.55369090520833,24.99000554592099],[92.54374382283498,25.002602836243444],[92.53155563808953,25.013464323341502],[92.43662000365032,25.084499496197104],[92.42623583632147,25.091290703010007],[92.25742614645709,25.187149636097484],[92.24302958520072,25.193897080882174],[92.08796485368963,25.252482137305066],[92.06761346670642,25.25793515487974],[92.04644407215218,25.259353508929294],[91.76000659141077,25.25051368083689],[91.75645478128958,25.25034314062893],[91.4823391789011,25.232479719431414],[91.41648935015259,25.239993825662303],[91.32007672573509,25.264551660271064],[91.29158494948153,25.26789592487362],[91.0365170496372,25.263987781303804],[91.0332028873976,25.26388420523846],[90.73141313842368,25.249592324226473],[90.62076629081636,25.25738809383292],[90.61097753777337,25.257636410515808],[90.55312263030818,25.256512725277286],[90.54692662737865,25.256215938606484],[90.44304856316376,25.248256335268103],[90.272400636651,25.272858304851212],[90.15087067974407,25.30539646689758],[90.03798689425481,25.34280377724376],[90.03067581899703,25.344937391455048],[89.8972391329318,25.378725638909376],[89.92359608892971,25.54762478223107],[89.92424916737585,25.567418432601954],[89.90033794089243,25.834025496755306],[89.92085352193145,25.923188696587],[89.92293156521448,25.941629245244247],[89.92076242081062,25.96006166024256],[89.91443636099974,25.977702772144873],[89.80149003323666,26.20760474488669],[89.78731220686913,26.228286854691177],[89.74835587400398,26.27088453185311],[89.73333263750007,26.28416523606453],[89.71554161163033,26.294331560041094],[89.69577100384348,26.30093279596476],[89.6748973132907,26.30367623607767],[89.62300343380687,26.305533314535765],[89.60250486497756,26.304374408147233],[89.5827015703055,26.29949216420913],[89.56442587505525,26.291091815419367],[89.54844549434043,26.27952641460354],[89.51514451664039,26.249872123302563],[89.50288025890042,26.23661985936644],[89.49366030204459,26.22151152042449],[89.48782210955261,26.205102055645956],[89.4748759931947,26.151383135886793],[89.4726586785345,26.12965295541169],[89.47633454825058,26.108081901390914],[89.48392545515958,26.083769109351998],[89.48238695276063,26.08127743182852],[89.46529070509914,26.076801156663027],[89.40240808763618,26.091395816870186],[89.33965524983877,26.115959142769615],[89.25834325877602,26.170030241099624],[89.20679147446035,26.23362608997913],[89.20210099539203,26.3131133048575],[89.19933089337546,26.32986384669546],[89.19310629173441,26.345852523098305],[89.15799098039933,26.414427862438504],[89.14536836139206,26.43283857295091],[89.12820507387984,26.448020907788074],[89.08004789819344,26.481390010062256],[89.0642847968601,26.490342661937376],[89.04694274191665,26.496528054955093],[89.01166515736854,26.50581124375242],[88.99384860333366,26.508964635729935],[88.97568978523638,26.509193158687435],[88.95778347629305,26.506489346189575],[88.9263172701871,26.499061807176567],[88.90934965141815,26.49355158955033],[88.89376080444026,26.48540952695678],[88.8800548241577,26.474899083594792],[88.86867455027418,26.462360274967033],[88.8408572428189,26.425334393272315],[88.83190537187804,26.410611922232775],[88.82616250539294,26.39465530523616],[88.82382712539479,26.378019686460235],[88.82497902101544,26.361283603467346],[88.82782984094446,26.35120533694267],[88.8036897762185,26.361132338802296],[88.78662015025607,26.366538688280688],[88.77925234029381,26.36759736954038],[88.77849672674401,26.372898482893135],[88.77242784323796,26.389323686505136],[88.76295934392144,26.404404211210466],[88.70243852893284,26.482122093939008],[88.68950702525483,26.495636642994974],[88.58764515868694,26.582791589148123],[88.5699980169993,26.59484027210863],[88.46985677113194,26.648633250984087],[88.45380266340497,26.655596964199848],[88.4366249325144,26.659914094936155],[88.41886512570146,26.66144855163293],[88.40108325714168,26.660151975678925],[88.35280646656878,26.652723928340663],[88.33248346649401,26.647579332469594],[88.31381558408513,26.638750248487348],[88.29762750145754,26.62662694566929],[88.28463368701763,26.611745145895814],[88.27540682159999,26.59476223352724],[88.25142465167853,26.535422275725434],[88.24668515663875,26.518956550780384],[88.24549555862107,26.501985015107362],[88.24789689763783,26.485114778313257],[88.2534811041106,26.462901685815016],[88.25989615504145,26.445700253157025],[88.27003149483389,26.429998685653707],[88.28347407614248,26.41643481103035],[88.2996770585817,26.405559438661896],[88.31798207373794,26.397814086784102],[88.32777656111706,26.394706213738843],[88.3060864599282,26.37471063396934],[88.29678536275706,26.364793082549216],[88.25905935016333,26.318080847410272],[88.16822334204905,26.24502175796469],[88.15816167165039,26.23565537465155],[88.07380688231147,26.144695524631643],[88.06220773057343,26.129118637142753],[88.05446088993659,26.111719150392076],[88.03484458954608,26.049459776092625],[88.00647358265118,25.99390289064684],[87.99875238283141,25.97133561666924],[87.98601375160334,25.903212688152088],[87.9846553480173,25.88630866551282],[87.98684703409673,25.86947411373214],[87.99250951427905,25.853307055135414],[88.0146091061907,25.806201937589524],[88.02219938011854,25.793125080055756],[88.03206008013439,25.781340107190992],[88.0439255167097,25.77116385546447],[88.08473639388963,25.741493290621804],[88.10392697105154,25.730526434330777],[88.12536920581586,25.72374951548529],[88.20483628282345,25.707457791929958],[88.28627854202473,25.639753977990168],[88.36879103017499,25.52542326777399],[88.37796957185083,25.51458552153119],[88.38885666298293,25.50512389489647],[88.43894372664768,25.46774234229681],[88.45741151134703,25.456816003812904],[88.54838219628668,25.415141756284918],[88.56885602911832,25.408185072399032],[88.59051501962232,25.40543150765347],[88.70768311673467,25.402228960215165],[88.72373838528137,25.343884954246786],[88.72945358755604,25.32889536127023],[88.73799034847109,25.31504482009426],[88.74908272623502,25.302763389029334],[88.78355601951826,25.27079730659835],[88.79199002829567,25.264105519340156],[88.75080759295739,25.25980770987299],[88.69528240169286,25.26894271857057],[88.68539108327,25.270107986477257],[88.58160529077821,25.277533914873665],[88.57434599086342,25.277809920839832],[88.45668263831773,25.278345670111428],[88.4360424142346,25.276473899367783],[88.41628347039682,25.27076808540035],[88.39826720359017,25.261477055726353],[88.38277857148664,25.249005884441072],[88.37049177115136,25.233898133729703],[88.36194087028963,25.21681205206996],[88.28311658898691,25.001674861818014],[88.27070344818152,24.985061562967378],[88.23106034256433,25.00196974960558],[88.2121875136077,25.00799410677256],[88.19236456777392,25.01046283631159],[88.1723991771826,25.009275389718763],[88.1333104934826,25.003313610375155],[88.11488631254268,24.998813492288594],[88.0977563877438,24.991198264706416],[88.08255523820263,24.980750164385867],[88.0698455172679,24.967856318491336],[88.06009714695529,24.952994328612807],[87.95552475092649,24.751325412412207],[87.94971157534289,24.737074818782514],[87.93490204543221,24.688482530087523],[87.93269906699864,24.679476304887487],[87.92589179527181,24.642851697420053],[87.9245282947499,24.626194204955983],[87.92657844086806,24.609594308731268],[87.9319701828003,24.593624796353073],[87.94051634308697,24.5788364998726],[87.9962079833624,24.500937021798013],[88.00720218735484,24.488216422024212],[88.07361040577119,24.424136319252877],[88.09182268552956,24.410321242507745],[88.11312209879813,24.400851434791683],[88.19256654730532,24.375720958713114],[88.21372462110601,24.371319334617088],[88.23542647151454,24.371230945454588],[88.25662563637941,24.37546010297218],[88.27548816620589,24.381260510833794]]]}},{"type":"Feature","properties":{"name":"Afghanistan"},"geometry":{"type":"Polygon","coordinates":[[[60.73253523075903,33.46975728335736],[60.687431029733226,33.42455538285454],[60.64232168899464,33.38730916270083],[60.63023947368973,33.375423044958275],[60.47282814955213,33.18962178904513],[60.4618301350298,33.17318346762259],[60.45517928672141,33.1551918556607],[60.453165583276466,33.13643897227131],[60.454629818696674,33.05739150738816],[60.45656036816711,33.041768073601446],[60.47128203901198,32.97786793611884],[60.473468363972934,32.97019850975069],[60.54164571053835,32.769777116135764],[60.5416909558195,32.76964411932273],[60.60781017872818,32.575323510625466],[60.60786668865275,32.575157580992695],[60.7226776619611,32.237671658367326],[60.72121105147139,32.176551572805224],[60.685494044228356,32.00238714604071],[60.6839510649178,31.988637223799547],[60.68163947971503,31.878728960234806],[60.68215872329217,31.868100149353506],[60.69781764529898,31.736366953203603],[60.68707093523776,31.673396917538863],[60.68715937494473,31.64711885894091],[60.7164425927676,31.48172211768105],[60.721813111612946,31.463940388373825],[60.7313181150915,31.447466600107926],[60.744558292903406,31.43298928763141],[60.76097897913874,31.421113264437427],[60.77989344841074,31.41233449589501],[60.813266165902995,31.400430492599902],[60.838759326414284,31.394403845032922],[61.09515177578432,31.36229645333165],[61.09541618587151,31.362263341756478],[61.33093110669046,31.332791491107493],[61.33122626150067,31.332754620849805],[61.60499803669495,31.298570713005052],[61.658499251186036,31.243869394684225],[61.709093649953694,31.06268110121033],[61.70632152754858,30.926301600108122],[61.68940757679448,30.87452162602395],[61.47917689593122,30.65668051388304],[61.25164408579042,30.421118288361694],[61.02439325877089,30.185887240522153],[60.76384335626812,29.916101730099424],[60.75248868088105,29.90165263059273],[60.74457446992891,29.885579710406326],[60.74039843864048,29.868491363444246],[60.740116519648936,29.851034055552464],[60.7437372638788,29.83386783592705],[60.75112183323288,29.817641390174735],[60.7619895380165,29.802967576375952],[60.7759286669367,29.790400359285854],[60.79241216826056,29.780413998530157],[60.81081757277217,29.773385257483852],[61.19155929189766,29.66419605542781],[61.19240990634863,29.663954012312026],[61.48923549657828,29.58028153859397],[61.48961706922539,29.580174115914616],[61.96871757169399,29.44502985580671],[61.96916461851999,29.444903652457395],[62.34132234159403,29.339960442235533],[62.354077515069804,29.33711152953222],[62.45710969180194,29.32008348695236],[62.48655107525481,29.318944123204357],[63.562208713345875,29.407357898336503],[63.944195199965904,29.343029001580945],[64.06516622304497,29.306911118762773],[64.0861684790616,29.30270656915382],[64.10771931227035,29.302405057202552],[64.12887779369856,29.306019808284702],[64.14871995480205,29.313393067017834],[64.16637883434792,29.32420291805958],[64.18108213599523,29.33797722714924],[64.19557647788292,29.35477265878574],[64.23462909216043,29.387963801531882],[64.30837262356157,29.424514996427803],[64.4194567841826,29.45705821167512],[64.53114558068766,29.474742003840127],[64.70281640410924,29.47721585045001],[64.818483766212,29.47443287663791],[64.90422068493193,29.463781162620577],[64.92340935861453,29.462963254414895],[65.09980921457334,29.4696438235551],[65.12007004113586,29.472164196795624],[65.20495979039188,29.49030989035653],[65.20948955301763,29.491371865816944],[65.49978221405941,29.565224386825538],[65.50006730188721,29.565296912499917],[65.69512445840704,29.615004355002977],[65.69618136887779,29.6152780457581],[65.99135386075304,29.692790954934726],[65.99166056901475,29.692871516416425],[66.20691691927237,29.749506905093373],[66.23285791317707,29.759874782481848],[66.28703230757733,29.78997685654246],[66.30862616247781,29.805969188189355],[66.36430014708678,29.860231133153583],[66.38060433286066,29.881584909313073],[66.40710670982175,29.93010001065825],[66.41361280638046,29.945485861521266],[66.41679345614668,29.96163877848708],[66.41654141081527,29.978022728072357],[66.41286329435313,29.99409372460524],[66.40587961281567,30.009317894990332],[66.3958209659329,30.023189244355674],[66.34709999704368,30.078411131171052],[66.34489176335272,30.095348747364614],[66.37669300070355,30.156703452695115],[66.38449078039493,30.1792555847534],[66.40825909993661,30.306922985972456],[66.4095619841546,30.323049405671586],[66.40527068285503,30.504890972604272],[66.40461610864845,30.513279037440224],[66.3929135146243,30.601339987392706],[66.4464371352493,30.774659129936634],[66.48164138165762,30.85109873679412],[66.54941544437548,30.88648008633314],[66.61637924493274,30.917361639635697],[66.63859019005453,30.93106902509197],[66.66759212270009,30.95444105335846],[66.67239863430517,30.958572490287306],[66.70081967316054,30.984628784302117],[66.71345668586619,30.998794918288272],[66.81156120353572,31.13460968570577],[66.88749034386628,31.188174809630162],[66.94681072819844,31.21435863289211],[66.98950286053446,31.212141807567985],[67.05228688473943,31.171333967979635],[67.07407036962286,31.160420249374358],[67.09826320458976,31.15426496333901],[67.26949016670252,31.129191162743897],[67.29974824524366,31.128524328138592],[67.46511740649144,31.145304350716064],[67.48766713296202,31.149773090192408],[67.63110633790215,31.192799363866783],[67.652692054666,31.201736004013586],[67.71239448972214,31.23408411246897],[67.78293470027741,31.262670071598848],[67.8014020295656,31.27224144553785],[67.81719803669611,31.28483397807319],[67.82965698224054,31.299917936120437],[67.83825275138186,31.316858491470853],[67.84262117710831,31.334942303788978],[67.84257568885991,31.353407453381315],[67.83822053397886,31.388714154103866],[67.83348630127625,31.407493860862495],[67.82418576066247,31.424986236120816],[67.8107413047385,31.44039219959698],[67.79376549694634,31.453007598338722],[67.77403327937407,31.462255558367264],[67.77247782183434,31.462809135703736],[67.790718797024,31.469418169616826],[68.06789494812426,31.599089885060057],[68.08730230492002,31.610721737230584],[68.2002719567206,31.695959390777674],[68.21377272912586,31.709179918726537],[68.27714554509512,31.685405004827732],[68.30673297784156,31.6784388495315],[68.43005182807055,31.6652685738142],[68.45351655468848,31.664984865706938],[68.47647663598168,31.669114159078386],[68.49780202038247,31.67745323822781],[68.55651312360233,31.707511005480686],[68.57199616828034,31.70929043025514],[68.59688170640639,31.69504975145359],[68.6257413650343,31.658212942208518],[68.637069468735,31.64613747185498],[68.70572739207456,31.584559200781744],[68.72309880819655,31.572002685975544],[68.74322236520901,31.562911216475502],[68.76516238342552,31.557707169717986],[68.85170164100994,31.545512887772745],[68.86996609440193,31.54430535722432],[68.88819981878255,31.54580663237388],[68.90585458538153,31.54997156643629],[69.01026368311925,31.583094930240584],[69.02441594644193,31.588619745589195],[69.03746181708372,31.595857083565797],[69.14709118074572,31.666894339887182],[69.16222644569217,31.678841805618532],[69.26605226940575,31.77838383598296],[69.26976096662109,31.782134895427042],[69.36217546285523,31.880802318510533],[69.37281467201751,31.89456126611329],[69.38032408007821,31.90973681979176],[69.38445069435215,31.925820980756704],[69.3850544856853,31.942275056921336],[69.36266844127066,32.25493763636044],[69.3626159067465,32.25562573490375],[69.34943481678329,32.41831128065108],[69.38026172717849,32.47979559148271],[69.43560747970825,32.52732331521679],[69.44835142217264,32.54056298388675],[69.45790458747526,32.55559245618382],[69.50388623082173,32.64793782164768],[69.51018276218919,32.665301973931676],[69.51220887652842,32.68337764090843],[69.51173662820158,32.739813051907184],[69.54503614852257,32.786764831128714],[69.55266296510962,32.79980047933704],[69.55769456842293,32.813698482439534],[69.5981892046313,32.96959006163343],[69.61706769831116,32.982153666410746],[69.72300665386487,33.00596812649743],[69.93048994776383,33.023003321789915],[69.95380940404382,33.02712583658077],[69.97547002351854,33.035459762028765],[70.14548783879668,33.12098092029207],[70.14795981604627,33.122259732782055],[70.31876652901754,33.21309924737663],[70.33504878802638,33.22369723348796],[70.34861388109911,33.23670056715452],[70.3589617652734,33.251631141342656],[70.3657100839642,33.267939738180566],[70.3888471545908,33.34794770306397],[70.3917845082798,33.3656572388919],[70.39046746584039,33.383502463931265],[70.38494552890187,33.400777623193534],[70.37543477806116,33.4167990899036],[70.31551723488529,33.496536847208134],[70.23344374943551,33.656207311258754],[70.22476438440961,33.669737010170735],[70.14728827962038,33.768913949172706],[70.13788158437094,33.77922851477369],[69.98330318123567,33.92516905219997],[69.98780856212166,33.94790880139306],[70.00261245275465,33.9541806408449],[70.21738335007649,33.891236567470266],[70.22753388555175,33.88870675673127],[70.29953630499493,33.873879035314715],[70.3103761777395,33.87212428077016],[70.40032360864988,33.86144292175811],[70.41686834581279,33.86053535980263],[70.65489799261458,33.86239365767481],[70.67366136941244,33.86388225357773],[70.86789874652288,33.89344507830272],[70.88903738952023,33.898527865173214],[71.09199180249165,33.96628659122154],[71.11010254149552,33.97402061124937],[71.12615257386409,33.9844239835718],[71.13957601176054,33.99713041351082],[71.14989883720199,34.0116923570118],[71.18970694896613,34.082216420330454],[71.19759373972977,34.1017286178058],[71.1999163549516,34.12221389247291],[71.19784890983858,34.203226870769306],[71.20112120115779,34.26963701887217],[71.20116409709543,34.27064556348436],[71.2046081891952,34.36683207090639],[71.20308016684449,34.38472446002441],[71.19727490401296,34.40200982369212],[71.18742115697643,34.41799942487642],[71.17390957972972,34.43205577168349],[71.10838700024635,34.48769092145274],[71.10063007581958,34.49741770007875],[71.14664548586364,34.5393403173904],[71.16415830410882,34.560829968036465],[71.20451051293126,34.63012193360313],[71.30530665095924,34.717795485127006],[71.31812759409947,34.731300456290555],[71.3767451067996,34.8068254537369],[71.42438052611891,34.838004078163124],[71.51916418114514,34.894009579321505],[71.53572404975756,34.906031021847014],[71.54901014454262,34.920529699842824],[71.61107993684124,35.004661366304504],[71.61676204859012,35.013406605677346],[71.63784620208284,35.0506489956279],[71.6820334464807,35.089380345985035],[71.69252794302187,35.10010862461893],[71.70090412540043,35.11201808715962],[71.71978126218103,35.14432632145453],[71.72757042519522,35.16237034782435],[71.73051282749661,35.181351129267796],[71.72847187920817,35.2004091282141],[71.72153666907533,35.2186807255851],[71.70633133291892,35.247452468716524],[71.69839928741416,35.25974314253738],[71.67039850108931,35.29599360801541],[71.67032439160286,35.2960893696374],[71.65856862744513,35.31125533745061],[71.66791638950927,35.326020877192185],[71.69420992155158,35.36042908559992],[71.70351126576232,35.37562231064128],[71.7091453148708,35.39196832841244],[71.71090905141185,35.408884557427236],[71.70873718425923,35.42576773890742],[71.6962247445107,35.47627361393276],[71.68134711225383,35.55981308922944],[71.67652194960387,35.57605200329576],[71.66808044515972,35.59128223880705],[71.6563127062467,35.60497685067382],[71.62026619548273,35.63953818799571],[71.59116195190197,35.73607480919148],[71.58711621344858,35.74662273795056],[71.53119505826758,35.8658066038429],[71.52587965358666,35.87539016249585],[71.49594245126845,35.921848985396785],[71.48605103642706,35.93449250719197],[71.43139283340395,35.99287982181585],[71.417905597242,36.00485320494718],[71.40197447198484,36.014670629978006],[71.31783134868175,36.05735266173399],[71.32149001710805,36.063429902139625],[71.38030946751518,36.09987538357164],[71.39150647667705,36.10782072547732],[71.54218434211201,36.22979629447909],[71.55084098171685,36.237655357159774],[71.62906518596604,36.317510666152515],[71.65987791969113,36.34178482580437],[71.70204039031823,36.33741822069922],[71.72927234839969,36.33728810000097],[71.78545947501678,36.34255767809782],[71.80781251223851,36.34654951860768],[71.82869141342276,36.35412500974609],[71.84722016947704,36.364966413351716],[71.86262050718754,36.378618903434976],[71.89915873241219,36.418535049513466],[71.97867052110624,36.45736265136167],[71.98539420877334,36.46091368355068],[72.16020858539214,36.56038495040181],[72.17414816372147,36.56974254618787],[72.18602505878928,36.580784128002605],[72.22979774321797,36.628814695921385],[72.28044250610552,36.647223195548605],[72.34059118355215,36.65319756816383],[72.35720629805003,36.65587756663349],[72.46129750796185,36.679292007857946],[72.47720817724864,36.683924831159146],[72.57411939505941,36.718918979661616],[72.6457298513139,36.7405137277127],[72.77129670449024,36.74525617342984],[72.77640148612412,36.745539818682055],[73.00368104354142,36.762129568722095],[73.0127327260293,36.763079889571976],[73.12940066953848,36.779152432079606],[73.41545864208372,36.79192187916905],[73.73427699246213,36.797999744211914],[73.7527169281074,36.79833995108221],[73.86979662532143,36.76832735016582],[73.96030614798579,36.73962039975251],[73.98554783756933,36.73422317048974],[74.01167146883525,36.73364475848447],[74.04864121626075,36.736279257515285],[74.0723356778198,36.74005095741317],[74.09448370169939,36.74778981891111],[74.24604278209681,36.816959894642984],[74.47690040286948,36.9017550520789],[74.58625666395261,36.939882825022224],[74.60511097151088,36.94823908337216],[74.62163328426436,36.95930707783228],[74.63521766527994,36.972681524975044],[74.64536500255822,36.98787250410149],[74.65170139273084,37.00432328969464],[74.6539920683392,37.021430653432475],[74.65215032879877,37.038566910152866],[74.64624110224457,37.05510291290071],[74.6364789525952,37.070431159964826],[74.62322054803393,37.08398816422679],[74.6069518167065,37.095275253886335],[74.60320608479334,37.09740671570094],[74.58363839869601,37.11565149295733],[74.56988376001773,37.12643853421437],[74.55762458003073,37.13452249949152],[74.60387153890748,37.15401510644945],[74.69695941723366,37.179479383586234],[74.70342109051958,37.175107984754426],[74.7238978326069,37.1662624876325],[74.79668732580863,37.14216924922439],[74.81659845006077,37.13723471476822],[74.83731585461241,37.1353033664997],[74.85813263028754,37.136441012599875],[74.90914977566703,37.14302783135688],[74.9300012799917,37.14737251303149],[74.94944502044034,37.15478962120569],[74.96677312515398,37.16500919590702],[74.98135406020472,37.17765921364538],[74.99265554735467,37.19227902571547],[75.00026400438564,37.20833601918531],[75.00389979706375,37.225244914291395],[75.00342772402458,37.242389014424845],[74.99886231218318,37.25914264935969],[74.99036767755966,37.274894002178215],[74.97825190002466,37.28906748825301],[74.96295606414826,37.30114486261533],[74.95592385741861,37.30572132942923],[74.9182581323111,37.342606776843134],[74.90605640766127,37.3527943610879],[74.80614362337647,37.423949436058145],[74.79326066900033,37.43185749143901],[74.72203505632933,37.4693456130617],[74.70475963842199,37.476798516600766],[74.68610869721499,37.4817624529692],[74.66664726397649,37.484086918158305],[74.64696521167136,37.48370138107372],[74.52985422736243,37.47322314491632],[74.47330994364391,37.48265801810518],[74.38212841524864,37.504668122456344],[74.36326620069187,37.507850391969335],[74.34398944667446,37.50844642967642],[74.2545297290006,37.50512633667045],[74.23433804842762,37.50291393076095],[74.21496850585149,37.49786802969546],[74.19704965894718,37.49015234315403],[74.18116255795246,37.48001719404102],[74.12500345414675,37.437013042660844],[74.10965079741864,37.422462382078706],[74.09979006489115,37.410807440826375],[74.05714290446447,37.404485152706975],[74.04323554568211,37.40168633907982],[73.91421182667537,37.36860154446716],[73.84209795629313,37.350054496103404],[73.84258256214025,37.351408872103576],[73.84626666530083,37.36652401900692],[73.8466492149736,37.38191240194731],[73.84371701515299,37.39712221333338],[73.83059202387243,37.44010096405895],[73.82387622055128,37.45566975262721],[73.8136854841068,37.46999890552086],[73.80036092755788,37.48260615553599],[73.78434978343753,37.4930669503828],[73.76619044581757,37.50102884009739],[73.74649433063884,37.5062234452423],[73.68876231968119,37.51688603164755],[73.6723365548288,37.52140211081288],[73.64681412004985,37.52948044061421],[73.63365703588431,37.53291859201026],[73.51018961805585,37.558586015909235],[73.48923807368354,37.561298861878605],[73.46800862957048,37.56086435342175],[73.36945664435021,37.55143313494648],[73.34157109986175,37.54583945282455],[73.1696306356801,37.49202711452546],[73.155921522273,37.48685664404683],[72.84006418130066,37.345756078996025],[72.82191973796216,37.335628390116575],[72.68340412886536,37.24072371968918],[72.66947626014401,37.22930002465621],[72.65829850380833,37.2161021311023],[72.58434583831757,37.10932275715938],[72.33734188008974,37.0711082061905],[72.30843520561294,37.06323877339199],[72.10299750932637,36.980786666803404],[72.083808741357,36.97100108259947],[71.8766073040735,36.83960298639062],[71.75984503366465,36.77938134086675],[71.73655637440032,36.775883749210955],[71.7108368507237,36.780748186229665],[71.68542604849847,36.79417121601487],[71.63654736740165,36.8766838470947],[71.58040336600118,37.03911075258498],[71.54751456225775,37.13443257629483],[71.56691021416957,37.26112509638952],[71.59205087403924,37.42532914607903],[71.61735968207952,37.590112320262286],[71.65631516786495,37.77150069608804],[71.686229084924,37.83136950004567],[71.69182075772568,37.846143719928534],[71.69413692102151,37.86145199143369],[71.69606153066582,37.90729790659467],[71.69437513551655,37.92596558246412],[71.68782291532983,37.943947627030035],[71.6766859043685,37.960463610617374],[71.66144495424184,37.97479624593402],[71.63117045786852,37.99786237838834],[71.61351109215789,38.008867755813434],[71.59344244015641,38.01691647053031],[71.57174938179122,38.02169345142201],[71.54928103184773,38.02301162350289],[71.48504472488885,38.021742707291565],[71.45219469531378,38.017240968416104],[71.39870591764247,38.00330860265128],[71.44375679645525,38.149150948358105],[71.44697899409758,38.16852250127884],[71.44480599732204,38.187978677659494],[71.43733635183831,38.206600500900954],[71.36063787103589,38.34337961550506],[71.35054073338458,38.357663698873736],[71.33730753397585,38.370272588273295],[71.3213751954693,38.38078857017878],[71.1175661520413,38.49178534337951],[71.10129963425167,38.499148783768945],[71.08371048283918,38.50433026696014],[70.91028602850744,38.542901578882436],[70.88892672275276,38.54596226238909],[70.8672077678325,38.545816898144906],[70.84590848625133,38.54247065551185],[70.70278841750493,38.508598389767116],[70.67871737694571,38.500432304528644],[70.65764079875679,38.488199942723504],[70.53750605695751,38.39999042949382],[70.52498806190881,38.389151584680825],[70.51487615095887,38.376865991275686],[70.42061381085806,38.23857363675599],[70.32787010302704,38.131168244817864],[70.23636820833927,38.05173932868228],[70.1708374264531,38.013368614526485],[70.16337013569488,38.0085938431791],[70.13924279584687,37.99178242704943],[70.12506190457908,37.979926340929026],[70.11382872945809,37.96624736829671],[70.10591112918769,37.95119545292805],[70.09072626972937,37.91280267431085],[70.08596474719815,37.89363536000932],[70.08655719937457,37.874111789440995],[70.09247161985907,37.855153001409555],[70.14077134307796,37.750618947954585],[70.13877035543132,37.69042434581748],[70.10384807278166,37.64491634787146],[70.08675198869356,37.635238538248856],[70.0700192596081,37.636064152555385],[70.04796818748068,37.64305583740214],[70.01972200823995,37.66481257691396],[69.9996633863006,37.67711765049234],[69.97664549861018,37.68558042713539],[69.95182146020305,37.689776650220644],[69.83195588403188,37.69906583197283],[69.80973954806528,37.699046405702006],[69.61439564586121,37.68350421378346],[69.58498198868722,37.67793220328034],[69.45116486338432,37.63692282575434],[69.42669543381143,37.62651734863183],[69.40615154459155,37.611712577187255],[69.33419651132704,37.54530610941711],[69.32269689716321,37.53258871159299],[69.31415253103941,37.51848262848332],[69.30882086277151,37.50341563740301],[69.28804434121825,37.415993105982984],[69.2861005915796,37.39776428769683],[69.28883804218893,37.37960175603646],[69.31489133972778,37.28736045482201],[69.30735026375021,37.245903671593375],[69.27448611053991,37.21458760588909],[69.25503726935182,37.22604837897239],[69.13156142736642,37.328761028402184],[69.12180996694026,37.33595599266151],[69.03223397731259,37.39455248550115],[69.0103643894347,37.40575632125973],[68.9858457410122,37.41268644503887],[68.93716051684714,37.421583634665595],[68.9186663063047,37.423700151304296],[68.89998466232211,37.42336668427276],[68.88162666654257,37.42059234393486],[68.85503694091038,37.41472611097746],[68.83697588678466,37.409384523313385],[68.80706816081567,37.39814315269563],[68.78932090302746,37.38981755983148],[68.77377086564006,37.37906963098996],[68.7568778637805,37.36504462561699],[68.74785112083838,37.35579774813147],[68.7468847960961,37.35596205085636],[68.72276174993071,37.357945741202876],[68.69866083682568,37.35578779247075],[68.64450117671419,37.34615746373765],[68.62554697705305,37.34135467653106],[68.60794658164697,37.33398141470661],[68.59224604289534,37.32426659832915],[68.57893192256606,37.312511755121946],[68.56088906925865,37.293436434102404],[68.49908595595554,37.265422050314825],[68.34850838110587,37.22205320527767],[68.32201680370379,37.21104867764954],[68.2345725352527,37.161931495811174],[68.21882849196619,37.151222537157814],[68.20580703854719,37.13839891138372],[68.19594602648957,37.12389320965352],[68.19012038108136,37.1095361394663],[68.17205427247805,37.10558247827348],[68.15267782365345,37.09792151046822],[68.04897284231879,37.046397554380704],[68.01374697609845,37.053524595348996],[67.91951347032847,37.123883240124606],[67.87268524295754,37.17589724374694],[67.87012251141661,37.18766223212601],[67.86410692091843,37.215255562760426],[67.85783832547612,37.23298008782766],[67.84716547997374,37.24931485538368],[67.83253397459063,37.26357391569237],[67.8145566232027,37.275158142155966],[67.76159692008176,37.30262518725575],[67.74014212508803,37.31130653430289],[67.71686028483026,37.31617048966362],[67.6928109150861,37.31699567139576],[67.61885345230917,37.31321789626973],[67.61354437779157,37.31436278138716],[67.60768727162525,37.3205872220579],[67.59124437639426,37.334636919907304],[67.57142251883623,37.345586932554056],[67.54912625824241,37.352936923402524],[67.52537425752926,37.35635093741862],[67.50125238292087,37.35567289672051],[67.42558099795247,37.347021100068524],[67.4080219751708,37.343854417285264],[67.39131992983067,37.33850820574286],[67.30712888900418,37.305085226183],[67.25329296394267,37.31619285983978],[67.14829701921644,37.39880171712218],[67.13104968832045,37.40991311848126],[67.11140083452804,37.41813125095171],[67.09010856235425,37.423138804807714],[66.84872721920983,37.4596534527805],[66.81729661663758,37.46083743413934],[66.51158167105137,37.43801467988277],[66.48012820194302,37.43567056669962],[66.37694785702763,37.45555168754358],[66.15038957452259,37.499195334932054],[65.95652914350676,37.586333542342565],[65.82092035545409,37.64736960291854],[65.80074488534174,37.65447525633075],[65.77921453394865,37.658350126971754],[65.75714624028264,37.65884720629117],[65.73537755588575,37.65594766034856],[65.71473453092185,37.6497615472415],[65.69352693342223,37.64145187716595],[65.66966045108019,37.62889413459499],[65.6088080246461,37.58715900752214],[65.58779195196213,37.56797262234901],[65.54603318190576,37.51662230516797],[65.5376070123222,37.50420906136785],[65.53173327838202,37.49090127807357],[65.49991165723542,37.39521950935445],[65.47488722494482,37.33976503259402],[65.3009122013066,37.33666685745135],[65.29780169225843,37.3365751697571],[65.08358883452864,37.327723815640844],[65.06514192485832,37.325722691963435],[65.04736231953945,37.32133691058519],[64.90915472443884,37.27690445866599],[64.89562457363063,37.27168362014684],[64.76028142796983,37.21014676549867],[64.74418146402093,37.20124736634257],[64.73026361969086,37.19025982680532],[64.71894782767102,37.17751647332257],[64.71057481437293,37.16340255587357],[64.67677474434517,37.09057228625275],[64.67305638685512,37.08091409138215],[64.6444710206775,36.98830822682025],[64.56664196033857,36.77556926807636],[64.49512992675606,36.57990466607539],[64.49350537362167,36.574923737025095],[64.46000735235458,36.45856448040862],[64.42042843627898,36.39565156442101],[64.29211163084894,36.299479579056346],[64.1330018252208,36.228750895034324],[64.04333287435708,36.19349810006377],[64.02072311387037,36.18166483556047],[64.00230882875948,36.165790797973685],[63.96151325665423,36.12069382958995],[63.953164800853884,36.10877884174334],[63.95249529974931,36.10884987788866],[63.924725625766015,36.108970965461],[63.84905703563539,36.10158810749314],[63.82747634081692,36.09768511966877],[63.66140414673455,36.053102954470056],[63.65744653857278,36.051969716233465],[63.4806949636474,35.99813775510621],[63.284560769653304,35.948283168293116],[63.17881123806823,35.94831514271966],[63.16224317890013,35.94730636656224],[63.14604934674236,35.94430677087553],[63.097077080286475,35.932036653104525],[63.07892873062008,35.92601487948871],[63.06237885461427,35.91749916460885],[63.047944911590584,35.90675610926751],[63.03607760847407,35.89412190353416],[63.014712227307605,35.86661625831477],[63.00578915954618,35.85248732010113],[63.000078151158014,35.83730497965276],[62.99775571469993,35.82154344361474],[62.998892350816526,35.805694726277096],[63.00345059330935,35.79025327831296],[63.02489531846487,35.738319915336234],[63.028545805805024,35.73065473332881],[63.04348715908714,35.7030839543804],[63.04132443451325,35.7013398507642],[63.02731698026663,35.68752811753245],[63.016964935937146,35.67173482317922],[62.98188417837175,35.60222478071854],[62.97542385395417,35.584274753439935],[62.95708354638706,35.50239411384748],[62.9241572148635,35.48658914751637],[62.92364301612767,35.486340681575115],[62.80130823638775,35.426760867272286],[62.79417030642192,35.42296548934532],[62.663324228302606,35.34721892863821],[62.64224110827658,35.33744811573559],[62.59748134568575,35.32465161563259],[62.54974387180153,35.32880030036267],[62.48444053766896,35.33946858596594],[62.46585659602781,35.34117942361368],[62.44718715003476,35.34030280464888],[62.428971210395346,35.33686409008541],[62.35263170594223,35.316724083411394],[62.33495801734667,35.310225865864126],[62.29844318994156,35.34672957693123],[62.28651099951106,35.356905805348596],[62.163045566325536,35.446724215646825],[62.155516887589044,35.45172429535141],[62.0497086764122,35.51579311090274],[62.03320900389358,35.524047028485356],[62.0151894300684,35.52982993702246],[61.996205110677266,35.53296365660896],[61.95035398904812,35.537165610286436],[61.93290939736649,35.53763229548812],[61.91559448120965,35.53585807496065],[61.8229843893059,35.520203661375426],[61.72173354945821,35.510136796834956],[61.65060396793469,35.51941971420029],[61.60190623386373,35.535320018374435],[61.50346541191867,35.60690144966111],[61.46638893861966,35.6467711375023],[61.43382222923865,35.68270385593214],[61.42059880052833,35.69482412282999],[61.40490721514105,35.704823100601885],[61.38725728266773,35.712375492630144],[61.368223050465986,35.71723554760338],[61.348424010253396,35.71924512043437],[61.32850476210304,35.7183388598072],[61.24570200119713,35.70841286660725],[61.2234644441639,35.70378528596167],[61.20288969622546,35.69553358314835],[61.184864325228034,35.68401368713996],[61.17016404337156,35.669722246730586],[61.15942024822884,35.65327505437988],[61.153092997639945,35.635380353036275],[61.15145155828681,35.61680821030303],[61.15456330693069,35.59835730591922],[61.17041475989892,35.54569442384072],[61.170277601858714,35.54402944075879],[61.15394993550662,35.52435931339541],[61.14046143931643,35.50185341382687],[61.12097087095965,35.452918734109204],[61.094867337723436,35.39074238315185],[61.09037834286491,35.37613000468807],[61.088895740614404,35.36869924762963],[61.08703567141827,35.36783058229227],[61.04966620740794,35.3522227311524],[61.03143672379868,35.34264751322308],[61.015869855269635,35.33034651364396],[61.00356855807746,35.31579733142642],[60.995008247677085,35.29956453948112],[60.99051855231771,35.28227766267858],[60.990270848111074,35.264606680959076],[60.99699473850649,35.20177472343271],[61.00142491837888,35.183217950522454],[61.02124434798074,35.13047801996928],[61.0317361465442,35.10212357907201],[61.024940754085215,35.09105104342228],[61.01711689838287,35.07430356536052],[61.00201973176557,35.02874670662759],[60.96748773240245,34.953268681814286],[60.96129374238342,34.932349955116194],[60.96136193003203,34.910823460871626],[60.96682723932048,34.87452481842982],[60.950012211444964,34.850622543071886],[60.906106070923784,34.80666584304309],[60.900353179608274,34.800356018612995],[60.86737212415886,34.760635785083686],[60.85838362516328,34.74757586980228],[60.85217367865828,34.73346964232725],[60.84891429568595,34.718711184049205],[60.84726222202772,34.704576160877274],[60.84583440174041,34.703713414058235],[60.77638612831609,34.657384914804645],[60.77061537494563,34.653247202759886],[60.750710803712934,34.63792772424229],[60.71881419348036,34.63289480106631],[60.69806606429666,34.627822586451636],[60.678946742290364,34.61948721889578],[60.66220780737119,34.6082167299229],[60.64850643749077,34.594454444173245],[60.63837956254545,34.57874141202042],[60.6252245215983,34.55226672294237],[60.61849773506735,34.53253513809876],[60.61738917318577,34.51206216111419],[60.621952516086886,34.491914615854675],[60.631844398591866,34.465459172874425],[60.64070750729667,34.44831469625624],[60.65367366279265,34.4330431980117],[60.67018354436503,34.42030114401216],[60.679741435180766,34.4143269018597],[60.6904370442806,34.39953457853358],[60.63597468055517,34.39678484351864],[60.61639830133589,34.39430519179039],[60.597692654272635,34.38894513140297],[60.58047710855783,34.38088229217479],[60.56532122811976,34.370383751943955],[60.55272583327623,34.35779711309851],[60.480321314868945,34.2701974319506],[60.47524266226522,34.26341646225015],[60.39087436608535,34.13850161153404],[60.381788585831536,34.12079126819962],[60.377480184424634,34.101888051471576],[60.378143834277274,34.08266036270511],[60.41687500905656,33.84752768541507],[60.38133167835149,33.73460837179908],[60.37815335038523,33.71891129465938],[60.378364303224366,33.70299569470617],[60.381956037509255,33.687361871104066],[60.40693681147637,33.614388460118626],[60.41369202274636,33.59968084010642],[60.4234317145089,33.58618073570432],[60.43585547915025,33.5743027800831],[60.498835511021795,33.523754992677574],[60.514597950926955,33.51327307609395],[60.53242807949716,33.50541608748271],[60.613122394125355,33.47751049142526],[60.63275094547551,33.472476448352765],[60.653169998479655,33.47063057251884],[60.73253523075903,33.46975728335736]]]}}]}