{"type":"FeatureCollection","features":[{"type":"Feature","properties":{"name":"Thailand"},"geometry":{"type":"Polygon","coordinates":[[[97.45512669457834,18.109766400504306],[97.46388356202594,18.089003706617063],[97.52056032255636,17.975873559046764],[97.52483736905553,17.95438778608059],[97.50486248479199,17.90516407494186],[97.49418745123423,17.86884996734987],[97.49095747138871,17.83125330665845],[97.4952858587496,17.793743328256756],[97.5032309722972,17.757326721850223],[97.51537656182578,17.720305124407734],[97.53485985592971,17.686238494525707],[97.56092945076975,17.656434938764853],[97.56720480750643,17.650542309238464],[97.61865355348796,17.5744322095202],[97.63738661508918,17.55079071444341],[97.77052500850999,17.406407797090374],[97.90144336727224,17.249956539478635],[98.01299348645759,17.11663619748802],[98.01702218992345,17.111964669715615],[98.09896806032116,17.01978263539932],[98.11152892022442,17.006855727755863],[98.26199685472581,16.86503957014568],[98.26616747231303,16.854654829047185],[98.2718482076541,16.724311432466465],[98.27741366951658,16.68620940351974],[98.2905679343487,16.649851050556524],[98.33565052825281,16.555846952769095],[98.34577404451696,16.537359873206114],[98.3833676010198,16.476680025509992],[98.40319718032593,16.43822345376624],[98.46625219808,16.265354074272746],[98.48008123072191,16.235541586520572],[98.4893734866552,16.222039457585225],[98.48617227981717,16.22018980416145],[98.45051368435743,16.194106260267937],[98.42159605712511,16.16121982405723],[98.40078935737544,16.12309256868303],[98.38907662430123,16.08153451607294],[98.37082334146504,15.969464764690077],[98.36915094539927,15.956329111871597],[98.35349425929941,15.786307039497887],[98.35271935304559,15.772047721370678],[98.3492072899212,15.563219204528764],[98.3496428657244,15.546735819693755],[98.35093198313064,15.528265429853548],[98.33833467549469,15.522005033803339],[98.25206625570397,15.46660843750386],[98.21637257301032,15.457594734364461],[98.1829185388301,15.442545828701203],[98.12898826721995,15.412296528111433],[98.09189433556199,15.38565668205394],[98.05068379380567,15.348378217510598],[98.0238539623169,15.318721819980833],[98.00365959097152,15.284522942030359],[97.99089864149929,15.247138656194538],[97.97786312576378,15.190441702102587],[97.97317447694694,15.15571538144036],[97.97490943647739,15.120731196331468],[97.99927756500819,14.9492780711893],[98.004157829,14.925675276829184],[98.04813234390868,14.764537515110854],[98.06052872509608,14.731385204236076],[98.078810323121,14.700881996349846],[98.16502097214503,14.582621575112004],[98.23311448139432,14.489164081272998],[98.23326934661131,14.488951705291962],[98.3256147629862,14.3623916537275],[98.3982934816757,14.253011805205873],[98.41651921960977,14.229581535533166],[98.43811659334432,14.209017989810734],[98.58689315990411,14.086860587883502],[98.7831262884389,13.915207968088579],[98.84392719920093,13.838239994831165],[98.90465604786147,13.732816679380331],[98.9390501538371,13.66082897660403],[98.95430762672176,13.549733334517889],[98.95622634800927,13.53831233549212],[98.96855197151969,13.47636857995675],[98.97190375207859,13.28883714950381],[98.96533728396405,13.278727595728734],[98.94943915653965,13.248906032826438],[98.91979874868156,13.179405190432233],[98.90791780764724,13.140849374677607],[98.90430325091133,13.100750305695414],[98.90910075973036,13.060768987963705],[98.92565866141388,12.988030860532218],[98.93795886541189,12.951355790478814],[98.95732855273823,12.917703538151928],[98.97056280480977,12.899202043267959],[98.97057666966109,12.881851607150548],[98.9729935087421,12.85156839430225],[98.98013779101498,12.822002930325326],[99.02652112404314,12.67985485622632],[99.04304070565277,12.64280162136077],[99.06692918975726,12.609794599012723],[99.14447552759418,12.522975409797462],[99.17023721539596,12.498797165523257],[99.19280525730551,12.48107010330159],[99.19201607767697,12.46113335052549],[99.19882483039531,12.421358433119016],[99.21866227846523,12.35071711998679],[99.2332704879194,12.273250982279407],[99.23603511422064,12.260836676730426],[99.26658606030522,12.142064820521352],[99.28815312446694,12.090425888967365],[99.33571001061621,12.010871519551936],[99.39949722329517,11.797110171793193],[99.39564686880063,11.793332519491285],[99.38798373801646,11.789599562150956],[99.3552598469214,11.769634156706045],[99.3270088439536,11.74394715217548],[99.30425908456546,11.71347511137439],[99.26903202697571,11.655348691180635],[99.26191150228881,11.642543468974607],[99.18104355964898,11.48332119932594],[99.02553503581142,11.2209978470307],[98.87908819546183,11.056155445820396],[98.7532969363209,10.936335680075956],[98.6600195210744,10.861929773905915],[98.63550617161764,10.838726562786213],[98.61532291876668,10.811802258360943],[98.58565673492734,10.764275084040314],[98.56932654250848,10.731748026412697],[98.55931610636509,10.696842750685366],[98.55595958990405,10.660733013473436],[98.55598607361947,10.623382108351436],[98.56289286965799,10.57214695900225],[98.57275544055209,10.536104089012637],[98.56865720748428,10.461631145756785],[98.5540004432847,10.406890429359281],[98.52753232673001,10.32773260792],[98.5216174517524,10.305914640520054],[98.5092117838514,10.246776274156824],[98.37504056372593,9.909509215363203],[98.36700782092677,9.884545100854355],[98.30744714575607,9.645427239334968],[98.28014448372568,9.607782722938127],[98.25392737590738,9.557938875105958],[98.18226854503331,9.355606400826272],[98.17295264180242,9.317541419930382],[98.17034570770915,9.298999468710226],[98.13817454975413,9.275371772894783],[98.11060552739477,9.244531736470103],[98.09008819646961,9.208738367469707],[98.07487146143647,9.174257224661643],[98.06004518875307,9.12209387690975],[98.05246309139216,9.067502077867122],[98.05088665746548,9.030130685801932],[98.05646026573037,8.99314409933281],[98.06898218892309,8.957864941747173],[98.08800264797443,8.925554332351295],[98.09029051473435,8.922958239419742],[98.05695514474063,8.843189137888054],[98.04698249326691,8.812408092814442],[98.04221194648832,8.780439906830233],[98.02750816164263,8.556225408509214],[98.0279441053834,8.525134534028673],[98.03924647996017,8.40459414568921],[98.04896981626872,8.359373170285124],[98.10883421756245,8.18451340310939],[98.1050317496194,8.171688403300948],[98.06609335443272,7.961519274860251],[98.06285172047502,7.921848031322988],[98.06768729272184,7.882350607195546],[98.1017480895228,7.7323821465211235],[98.11497270431563,7.69351183133739],[98.13600348218208,7.6581996630262505],[98.16393312561782,7.627965456951525],[98.19755830585456,7.604110157408192],[98.23543148769122,7.587660083738029],[98.27592307643347,7.57932296901494],[98.31729124831604,7.579457642694177],[98.35775652007148,7.588058634879014],[98.37708383788767,7.594303601057036],[98.40975249559222,7.608154490371652],[98.43943864720882,7.627530245033537],[98.45159528898401,7.63899133642391],[98.47401136964343,7.6455354193504865],[98.51046188191876,7.664998481496442],[98.5420948189767,7.691496968755909],[98.56502913353849,7.720685898329147],[98.58195570535794,7.719285197238448],[98.61943108068783,7.723238505028199],[98.6555000184876,7.734110006544153],[98.68887594712757,7.751512304726672],[98.71836783109907,7.774825027081146],[98.74292255541687,7.803216814646582],[98.75493971649911,7.820105547114289],[98.77222863646251,7.8494560403315585],[98.77282660421287,7.851046244095754],[98.78047834156347,7.847768172126072],[98.8457531604345,7.808449112743244],[98.84373005035484,7.778755637370252],[98.84441527547187,7.744305795452526],[98.85111644817242,7.710504886025194],[98.85446918575131,7.701897077007435],[98.85328348040588,7.699629747421329],[98.84251421887988,7.663691645955031],[98.83876900522299,7.626392823289002],[98.83842235190966,7.549150466956284],[98.84128236897385,7.514866278768816],[98.85008374982114,7.481601127074069],[98.86455871345673,7.450361000707416],[98.89474962775081,7.39779211286921],[98.92153022866047,7.3614982467469865],[98.95588578552716,7.33216727096776],[98.99239863471098,7.307571213707443],[99.02702041088479,7.288924607465135],[99.06466796861505,7.277415469173155],[99.10386915285922,7.273493855843094],[99.14309126848642,7.277313253797792],[99.17913001167281,7.288219116781873],[99.18377969306462,7.277248175677548],[99.20659873081301,7.244228059659255],[99.23565070927135,7.216461036322077],[99.26974329666066,7.195085417691231],[99.34627374450321,7.157264002832224],[99.36754053575112,7.14932829204922],[99.37508934925143,7.129905834742577],[99.39556226648715,7.097605276257554],[99.44498432430316,7.034154995253786],[99.47395200545998,7.004114139611047],[99.5071020813656,6.981784208576146],[99.4981788221104,6.897102102756869],[99.49815934494026,6.856050204220962],[99.5016674404542,6.839474370183805],[99.48829079136742,6.82324168096549],[99.46950753290204,6.787640121856684],[99.42219681657052,6.670329897127315],[99.41103613539539,6.631681658901553],[99.40795504889896,6.591596516340042],[99.4130781959965,6.551729931140734],[99.42619155347481,6.513727696890769],[99.46362133170287,6.433039050742817],[99.48434569847026,6.398233236048001],[99.51175376241454,6.368365073792636],[99.54469730464277,6.344684191054422],[99.58179724661876,6.328181169351373],[99.6215012528932,6.319546286915493],[99.66214845355607,6.319140775783404],[99.70203862528652,6.326981770288666],[99.72107341757521,6.3327885729827305],[99.75821003800097,6.348366662221573],[99.79143983177005,6.371079608975409],[99.81939691230404,6.399994815919038],[99.85768774885089,6.448608727797639],[99.85782746466083,6.448827189977196],[99.96469657862087,6.317437220207745],[99.9909185194619,6.290780569793536],[100.02170318111732,6.26950904408439],[100.05595464188625,6.25437932626837],[100.09245409208215,6.245929571853846],[100.12990305293154,6.244460355393485],[100.16696937723161,6.250024025383909],[100.20233442821433,6.2624228381912515],[100.2347397937149,6.281215937734328],[100.26303190711559,6.305734941095612],[100.28620301437574,6.335107591084104],[100.29728542065367,6.356457880591032],[100.49336553175672,6.2825233190521335],[100.50691124323056,6.27795876969282],[100.57250583217711,6.258438913173728],[100.6150337379257,6.250671463132733],[100.63505636978824,6.25140608616252],[100.65104194050849,6.2221569831447905],[100.70848325828132,6.135957459306609],[100.7310758004415,6.1079464619727855],[100.75837971621311,6.084472911490882],[100.78949385564869,6.066310711348949],[100.82339186921965,6.054058553745983],[100.85895597305688,6.048120275892248],[100.88623912454972,6.048552967591508],[100.88695271845587,6.039650337939991],[100.88620321130551,6.03434144870203],[100.83393852138396,5.964673699055614],[100.81654451839036,5.936977015539889],[100.8039595838423,5.906805237343426],[100.79652595008076,5.874981747471343],[100.78543046498453,5.7998296226463495],[100.78342458205385,5.764409375895901],[100.78779128123654,5.72920445908378],[100.79838856001145,5.69534647642308],[100.8148743594907,5.663923384967762],[100.83671772906266,5.63594459852536],[100.88027313826508,5.589431848589871],[100.8942748878365,5.575879477147403],[100.93972175487575,5.536021929514504],[100.96242870372194,5.509165892755249],[100.9925629549747,5.480326728438872],[101.02807928001879,5.458428354298049],[101.06740259418193,5.444441180975775],[101.10878968191142,5.438984959027304],[101.15040620755738,5.442301451366366],[101.184081777783,5.448595314815143],[101.21787648253316,5.4580644281350725],[101.24947146891057,5.473333604852543],[101.29242920641829,5.499003516638553],[101.33062410141162,5.528695940840878],[101.36047638643163,5.566740870488025],[101.39965408779457,5.631660744123586],[101.40190080995737,5.635780425297255],[101.4773983105492,5.667726251970314],[101.49543525369171,5.674393164477779],[101.50936953409132,5.656510161017187],[101.5472376778146,5.626792185786123],[101.57564817121002,5.609614568495543],[101.60652751262667,5.594427501081265],[101.63957165090511,5.584797146920616],[101.68066569888514,5.576598388275677],[101.71213796302175,5.5728936401417375],[101.74379887265232,5.574238534129521],[101.8149566135928,5.582974364908609],[101.852135135318,5.591210971863027],[101.88704998325764,5.606387786913957],[101.96993469998296,5.652309574921205],[102.00227250437932,5.674674422541772],[102.02954862526515,5.702970456246943],[102.05068858255937,5.736084492602457],[102.09427138086782,5.822143166446291],[102.10831604775598,5.858291537038163],[102.11314454403181,5.875586773196632],[102.19468265655959,5.955906744144103],[102.22151002780181,5.9886821371572605],[102.2407348273947,6.026397979237023],[102.25147600831697,6.067330490087434],[102.25924476726063,6.119013064243808],[102.273821032284,6.144638537886863],[102.29007044160649,6.181517858214766],[102.29848741405618,6.220916469253053],[102.29872068962557,6.261201516089277],[102.29075806060587,6.300702768222434],[102.27492729371272,6.337781852244893],[102.2518829360068,6.370900269546825],[102.2225794850322,6.398683365886072],[101.94694003878874,6.610975645783223],[101.78029535124585,6.8628242057289945],[101.75218642961634,6.896473269235763],[101.6358744685776,7.007854364098994],[101.602566464418,7.033564716859714],[101.56455422906727,7.051715067914627],[101.46744068351774,7.08601447442338],[101.41853265562716,7.096632101287227],[101.31955327902642,7.105377610732963],[101.28870159198345,7.105710113670573],[101.25816890060821,7.101295377582285],[101.12204097512114,7.070706236649568],[101.06308139873072,7.06457404022533],[100.91435651239672,7.152868952222876],[100.83998277982715,7.224311938832481],[100.82790337438222,7.235002289186798],[100.72248910081026,7.320875525743956],[100.6903133088461,7.406578198865345],[100.68366869310147,7.422191814567867],[100.6437072881437,7.5058668689459145],[100.47487880964275,8.30909685133126],[100.46956007775167,8.32905689040462],[100.41895496924296,8.485294072291937],[100.40560863125243,8.51680733928286],[100.38697850081877,8.545572583330024],[100.32175849596841,8.629299899565009],[100.29493121800397,8.657508111814193],[100.26305499613673,8.67999499575095],[100.22735343739716,8.69589663104441],[100.1891977756794,8.70460201707004],[100.16037695904816,8.705467414327364],[100.15644184585223,8.71665195702517],[100.1033703955805,9.137563142504668],[100.09497581667082,9.174600846020024],[100.06930761141783,9.252023812159383],[100.13452076386513,9.280434460923418],[100.1714569947796,9.301403470265429],[100.20307842093743,9.329603916278275],[100.22795576520232,9.363762929946784],[100.24496311734772,9.402338123158472],[100.26658459563967,9.470342055429773],[100.27451964977568,9.507389571999298],[100.27515863010089,9.54524738486268],[100.27060540924627,9.601844089644445],[100.26441822564526,9.635378584302153],[100.272158170823,9.665279138383342],[100.27468746255067,9.70069479491007],[100.27364839107857,9.753137918056671],[100.26914499217293,9.791121514505077],[100.2573101511406,9.82753773898471],[100.23858387815783,9.861024764345496],[100.20900506526338,9.90357173382727],[100.18496895861905,9.932007384031188],[100.15597165882627,9.955527734553101],[100.12302891498422,9.973308010390099],[100.08729549172094,9.984724618115147],[100.05002453664751,9.989377136369544],[99.98992552032318,9.991281815979793],[99.95174885682978,9.988893555756658],[99.91472317994243,9.979411640665893],[99.8801944672525,9.963180994056282],[99.84941736924273,9.94079184875918],[99.82350944442717,9.913058147979639],[99.80341050937028,9.88098779615008],[99.78984859161439,9.845745870666395],[99.78331371103613,9.808612160594462],[99.7840404101348,9.770934599374224],[99.79199962043407,9.73408029884124],[99.80059192953688,9.707185198101625],[99.78614785935605,9.689776588766474],[99.77209321402748,9.668723550607771],[99.75048400196005,9.625796237597111],[99.7399736537893,9.579009478197031],[99.73335721173507,9.511699028429172],[99.69945705779578,9.510545160981474],[99.66496770851315,9.50326641063808],[99.48498604446577,9.448497089735215],[99.483548030711,9.45936545848534],[99.47111310460299,9.495816717243507],[99.3803456765455,9.695035753232533],[99.36256491134529,9.75735303457426],[99.36965358597463,9.919898700853222],[99.39448116692196,10.15518217409442],[99.39534469347176,10.184731661990078],[99.39169080941015,10.262763776916241],[99.40073354674215,10.273036172876283],[99.41944421486042,10.304493374720378],[99.4319783462263,10.338790636446271],[99.47188391087954,10.490592902450352],[99.65800757536786,10.785271992905148],[99.6766908927464,10.823379938052277],[99.68670607030997,10.864514687649717],[99.7110031495827,11.050346728590451],[99.74837441914732,11.14135858925515],[99.75641175225536,11.16518109101499],[99.81760330635798,11.394171797945813],[99.8967117522615,11.55425102203677],[99.95455660025567,11.622912737162947],[99.97346968316494,11.649525605053153],[99.98769429631287,11.678805082090628],[99.99684708697373,11.709965448695122],[100.02540129683123,11.849226750181952],[100.08643316026111,11.921769753106009],[100.11358311740928,11.963874842666316],[100.17244290752816,12.087176826043427],[100.1845039948311,12.119496911998633],[100.19065799726059,12.153370404863967],[100.20740333747084,12.337297737951092],[100.20674599593751,12.378494117542951],[100.16940325381744,12.68073301217765],[100.17697800223895,12.71475764793906],[100.27949288231243,12.974696763362507],[100.29082621337511,13.016645268695898],[100.29250494653537,13.059991926719787],[100.28444336026249,13.102652898098748],[100.24566469724236,13.228270792847832],[100.23055996907969,13.264037606507566],[100.22818898647817,13.267515454801448],[100.22904843847714,13.268222708669127],[100.2854360165948,13.290578639075337],[100.5570442006691,13.3176296697699],[100.5962869825046,13.325370525359855],[100.60653470608906,13.329553119814037],[100.60837796916425,13.328958880850758],[100.72317342286308,13.30200489150534],[100.72575969725675,13.27041600029297],[100.73837069271663,13.197132176767367],[100.70778381178391,13.086342385124864],[100.700933179018,13.041518768971429],[100.69449424953277,12.851445110349337],[100.66958473501066,12.773249869312478],[100.66145347513142,12.734151671853231],[100.66153028594903,12.69425757206688],[100.66980819911018,12.65518960550372],[100.68594714697396,12.618535482443464],[100.72044875482325,12.55786624768253],[100.74036752005236,12.529103497490478],[100.76512576190997,12.504180372479482],[100.79396104728941,12.48386312284381],[100.84989322771159,12.451315787879132],[100.88321581416105,12.43574452200183],[100.9188770489789,12.426335866514586],[100.95569380453769,12.42340195593647],[100.99244486393097,12.427040144148092],[101.02791116045259,12.437129791652383],[101.11311596531091,12.46983454359155],[101.41316209991808,12.423538926363564],[101.45469030076177,12.421324527440996],[101.49580776820315,12.427432353806482],[101.70562804464379,12.480466894573892],[101.72357181686662,12.472627882294532],[101.75305178976184,12.446586114391035],[101.79192205568582,12.419624963016405],[101.84736394345572,12.390055618220895],[101.87554546691172,12.377643827503658],[101.92759239817208,12.359236581043136],[101.98764245015575,12.305788493441689],[102.07432573766401,12.204666978635379],[102.0814575633505,12.197783442460063],[102.07656612505261,12.176004171746092],[102.07248976590421,12.143481666801291],[102.07114268114714,12.111686522653052],[102.07502622362195,12.08009123842487],[102.10374061339469,11.941585827334752],[102.1164610960226,11.902044262606424],[102.13731759731363,11.8659623693404],[102.16539236929462,11.834922402786267],[102.19945238691574,11.810284977778414],[102.2380035640961,11.793129688433192],[102.27935614192556,11.784208054113375],[102.33732170730407,11.77781684435271],[102.36694047726115,11.777269271228013],[102.37671720327563,11.77490411949542],[102.36142976209041,11.747189299840741],[102.3506352952639,11.716339822385008],[102.33700005161353,11.663496993204307],[102.33113073547422,11.625523376648577],[102.3328630438926,11.587153719031964],[102.34212848766047,11.54983392489488],[102.35857502091889,11.514969722144597],[102.38158073245233,11.483873791712648],[102.41027759164454,11.457716477752959],[102.46739306353103,11.414969805989607],[102.4995557777833,11.395281020231455],[102.53490271175636,11.381832520481062],[102.57218825322386,11.3750979706946],[102.61009894376896,11.375314493201092],[102.64729947479107,11.382474380568825],[102.68247942539445,11.396325376729585],[102.71439914595325,11.41637951615916],[102.74193321822352,11.441930217720694],[102.76410999876224,11.472077047239246],[102.78014587554492,11.505757298828637],[102.7894730354969,11.541783307849553],[102.79027685284484,11.54684402211201],[102.79503501382855,11.542808351629477],[102.82788028054574,11.524153679840639],[102.86370390709094,11.511847689679843],[102.90124176145791,11.506324389281042],[102.93916965198517,11.507778491183918],[102.9607359970738,11.510608912398304],[102.99967441068316,11.519635192219951],[103.03603359715056,11.536004528481778],[103.06838754868647,11.55907509197189],[103.0954664647875,11.587942182426334],[103.11620644737502,11.62147352296433],[103.12979130908364,11.658353472551715],[103.13568485224283,11.697134460521223],[103.13365231964627,11.736293661249714],[103.123770116645,11.774292713043495],[103.1064233460843,11.80963815254222],[103.09521569140973,11.827645417230496],[102.93073968056082,12.15238349585733],[102.91297137660986,12.249839475626784],[102.9306267299246,12.321999943988715],[102.94266008090331,12.350200051137497],[102.95475578062712,12.389707961696242],[102.9582048985836,12.430807352463162],[102.9528534854039,12.471712904875405],[102.93892997739329,12.510646862603089],[102.91703597715515,12.54591633673732],[102.86471213393799,12.613183793653805],[102.85102675463577,12.62898231236828],[102.7774015273581,12.705439477669405],[102.75528442827546,12.72523184137151],[102.69716467333947,12.76997063425092],[102.69334334225091,12.839049660066422],[102.69137662213706,12.857845764933835],[102.66252101655553,13.044583211045028],[102.65273467214149,13.082250204436587],[102.63557496343195,13.117326885669165],[102.60053891498913,13.173845621486027],[102.55129613599419,13.268884424231663],[102.532699386479,13.323990443437278],[102.53016867215383,13.382868035157793],[102.57845358342236,13.390252045881919],[102.61757721954393,13.400185664734447],[102.65391259517266,13.417446116791336],[102.68602601465588,13.44135257780857],[102.71264932347133,13.470961904349299],[102.73272985337314,13.505105640592518],[102.7514062615964,13.545765524772802],[102.76194264339787,13.576265186896173],[102.77604236359532,13.589400851971687],[102.88455778892022,13.714286495481732],[102.90174379741079,13.737194325294478],[102.98241683170177,13.862623882263117],[103.03931318243606,13.940128735341608],[103.06074389703458,13.977155296738927],[103.08093683414003,14.022940737202893],[103.15042485771792,14.088992232190142],[103.26264863771888,14.142364445153103],[103.34743714291662,14.15626347716886],[103.36052278839868,14.158835352203534],[103.479372569133,14.186112281453186],[103.50013542913433,14.192013440711012],[103.57932999641379,14.218997015928956],[103.67569321833264,14.187038245731918],[103.70920799423946,14.178910016159442],[103.78561038228042,14.166911000474236],[103.82000633309373,14.164365364645365],[103.89323598206344,14.164948942724097],[103.96940562079543,14.160481109695018],[103.99583131606835,14.160587719721189],[104.06823048050225,14.165421174351543],[104.09338045399754,14.168627185228623],[104.23264699924883,14.19495328479704],[104.38208192094787,14.173880623514235],[104.43767201126077,14.173436612025938],[104.60169288165736,14.193887930292394],[104.61429294810029,14.195844142202347],[104.77347250241138,14.225471305558925],[104.79094513431713,14.22130086579949],[104.80596585925832,14.190002430372479],[104.82698186929834,14.15500567814377],[104.84426014572169,14.130625902429758],[104.86509495082785,14.109017220404036],[104.89536787329607,14.081983893405171],[104.9255815398789,14.059660682597665],[104.95953857475406,14.043155159313509],[104.99606242555247,14.033038673855732],[105.03388835878192,14.029661233486552],[105.07428411707657,14.029711924493181],[105.11560569393198,14.033859605752692],[105.15520951665034,14.046033555197914],[105.19145588501952,14.065729476073212],[105.22284326699634,14.092131600310521],[105.27469788309843,14.14561694972535],[105.28855844670912,14.161503776771056],[105.301276657676,14.177738008862162],[105.31440054228568,14.182440804099887],[105.33661867046676,14.191889805242214],[105.43509259980631,14.240686427401107],[105.45982841358335,14.255157603540953],[105.5402609240598,14.310054726241193],[105.57628744220952,14.341429082526695],[105.62922029239311,14.399892136690841],[105.65213711473231,14.430716453850414],[105.6685517937983,14.46520700536902],[105.69037042813258,14.525733338720961],[105.69819293443298,14.553989508315377],[105.70162224180548,14.583050083511342],[105.70418519445641,14.645518269939043],[105.72456794037792,14.806790499881691],[105.74496394282649,14.883484023822476],[105.75093932714415,14.919321003525493],[105.75003155771057,14.955603887928685],[105.73684976619967,15.064736990695463],[105.73012835549055,15.096878309996615],[105.71798940866091,15.127500431987103],[105.69537875518044,15.172834069907413],[105.69543574536614,15.233666261196612],[105.70147137373466,15.25823582465509],[105.71055615215398,15.266083927925123],[105.73486380996115,15.291054332211937],[105.75434886836867,15.31968670368536],[105.79628187515041,15.394701362223444],[105.81564565852955,15.444239406242342],[105.83896900500028,15.541870149097486],[105.84411118064466,15.58027386923041],[105.84632673149463,15.650871208427155],[105.8429850138577,15.692846590873481],[105.83047797422098,15.733178879623946],[105.81156631473628,15.776598690207974],[105.79396125577743,15.808469875027717],[105.77061324031314,15.836721439658431],[105.74230016966702,15.860409353978032],[105.68261634657908,15.9017492941691],[105.63991085420412,15.924444064105849],[105.60456424924465,15.938242112724398],[105.60813767163135,15.949771647618588],[105.61197176738885,15.98760551352905],[105.60820251719478,16.02543679426243],[105.59696524283503,16.06186702946055],[105.57867176436883,16.095548856684886],[105.55399570565103,16.125235918517028],[105.52384798213613,16.149829124297668],[105.44823861278441,16.20030776351764],[105.42185564484198,16.215244253181353],[105.39344810452836,16.226251081622365],[105.24020524500631,16.273160313719725],[105.22678430666328,16.281980074190834],[105.22496615267676,16.288610004095794],[105.21229341110853,16.322152921821054],[105.19353586195315,16.352954779498802],[105.11770562026025,16.454957099749063],[105.0963378382425,16.479270521742492],[104.99776747512617,16.574574672227072],[104.95596331762725,16.685209021445203],[104.95038388064025,16.879781257299225],[104.96386309761765,17.04610296049727],[105.01707937955022,17.253503772982537],[105.02301287932279,17.296807767811465],[105.01885402191085,17.34028593116701],[105.00479915899169,17.38181794293729],[104.9285624515508,17.54324742883043],[104.91204486515191,17.571679508442447],[104.89085529108795,17.597135632572343],[104.80708179147835,17.68224723648264],[104.78391635689208,17.702449881701074],[104.75780614439681,17.71907862285267],[104.65840042014653,17.772425618149036],[104.57489853472055,17.839859485509198],[104.48703781096559,17.937282745739957],[104.37017847086838,18.096925019442683],[104.22605759725617,18.320388042911947],[104.20194904721201,18.350719139543344],[104.10284795931679,18.4530779946434],[104.07462104027634,18.47732069098467],[104.04220385689705,18.49626716302962],[104.00668191653119,18.50928233216102],[103.96924572920406,18.515929758832527],[103.93115062921987,18.515986405097333],[103.89367431800478,18.509450196123403],[103.87413880769591,18.502366839642505],[103.85541915789365,18.506088702651592],[103.71173061003405,18.56447278149149],[103.68324212012352,18.573783048328078],[103.5414128922709,18.60941623209099],[103.49764846930175,18.615773824831532],[103.37652660253913,18.620959093427132],[103.32638692797667,18.617326039741553],[103.2475972725619,18.602372908407983],[103.20835524957562,18.59100821599057],[103.17221746707555,18.572565291672483],[103.14058636078413,18.547760081442586],[103.10406200490073,18.51282514351307],[103.08061373570669,18.486038628460776],[103.0624767766486,18.45576522742362],[103.05021126224739,18.42294408854898],[103.04549651354475,18.396027761628982],[103.02101213521058,18.377958510809165],[102.99555277582722,18.355709227824182],[102.97432230579933,18.329762949008767],[102.91703908257341,18.2462224879302],[102.89464448146057,18.20266230291344],[102.8844015087918,18.174392804833712],[102.87690306438405,18.173637902737354],[102.82820991431912,18.16298988445942],[102.73692082658748,18.13161757433459],[102.69760922948552,18.11344867573168],[102.69321248093856,18.110840253717065],[102.68995788527492,18.113570540958833],[102.6618273741609,18.133420001987595],[102.63058609966293,18.148487681279917],[102.59712273158765,18.158344722558223],[102.53680730510428,18.170915496651567],[102.47628897307668,18.2056299999082],[102.37087998030836,18.296011778202587],[102.35010673512357,18.311648290813938],[102.266672172005,18.366572624543334],[102.22517583192528,18.387710935325465],[102.17973196402735,18.399435300331263],[102.13290831349462,18.406230074475694],[102.09547012696692,18.408408266609356],[102.05822702003033,18.404162529801564],[102.02239129224125,18.393630990843853],[101.98912903010103,18.377156301157964],[101.92219904140272,18.336303770285063],[101.88287367752363,18.305176074771314],[101.83933782542032,18.261012619810433],[101.80573050841369,18.26211335301839],[101.76605779728145,18.25605759253038],[101.728352455101,18.242856740099302],[101.69402425375954,18.223004396115144],[101.65016118182703,18.19173136801014],[101.62047329801784,18.165932495870912],[101.59656605722877,18.13517832600537],[101.5793317587938,18.100620305637133],[101.56153728114782,18.053668274969105],[101.55226765232891,18.043302947598217],[101.45887096806072,17.99131694773898],[101.43474645788464,17.973616424434212],[101.29518797510585,17.881204313257523],[101.27810673043041,17.868575140355844],[101.25159043920964,17.846764150311625],[101.30193612712701,17.950638205525678],[101.31397845394737,17.98230032704038],[101.34474805827186,18.09135683711633],[101.3515183913275,18.1311968947157],[101.35638915040616,18.210734055536232],[101.35399933325968,18.25426108027821],[101.3428368110568,18.318968134283118],[101.33214764317366,18.356866239381507],[101.31379521558995,18.392013584642935],[101.28643659554746,18.433471831695496],[101.33916276967174,18.508895645716475],[101.35422099203076,18.534306310209235],[101.36518601906576,18.5615425578294],[101.41927342110941,18.732599773219874],[101.48407921033349,18.913598846652906],[101.49321789667177,18.95021788792203],[101.49487616268767,18.987814182026995],[101.48855696004624,19.09958815576931],[101.483754305549,19.132453245763067],[101.47321461543329,19.164096256866067],[101.42634177330973,19.272141706935077],[101.41019310953484,19.33725295896481],[101.42821852405169,19.459353269156775],[101.42834977537623,19.51315134227578],[101.4195322724162,19.574878509843593],[101.4109417927498,19.61018387467424],[101.39567265176504,19.643418292136584],[101.37423384440821,19.673466403838834],[101.34734246850586,19.699319322883657],[101.31589990266183,19.720108668355472],[101.25863677507292,19.750993287239847],[101.22609143603435,19.765205118222347],[101.19145237176636,19.773974905774626],[101.0030700022904,19.805595414038454],[100.94662103005814,19.807753958490547],[100.8861063739352,19.802328092301856],[100.85232787574999,19.796633461567918],[100.81999153803957,19.785816828709972],[100.77210170007417,19.765486531492357],[100.7441627715884,19.75112058791485],[100.71885693734889,19.732928629222258],[100.69093728902045,19.709484236759227],[100.68509748161769,19.706958521756633],[100.66220679531602,19.70408246774243],[100.63964916673957,19.714887694692994],[100.61974666528687,19.734287348893485],[100.65484739810266,19.802126188249346],[100.65938870691686,19.81151277678139],[100.70782591484173,19.918895559802987],[100.71616414964147,19.9408914297685],[100.74477630304054,20.03320172138851],[100.75195305203766,20.067134614763305],[100.75274213631187,20.101729157520523],[100.74966879134465,20.145433728632604],[100.74449385008299,20.177861041875026],[100.73369623697499,20.209041134728505],[100.71332694115019,20.254616001469785],[100.69461298033333,20.28743190246581],[100.66968780062275,20.316370473422886],[100.63943307093292,20.34040512666207],[100.6049209390741,20.358682927420627],[100.60272530737329,20.359377427075973],[100.60149652729388,20.36053689827311],[100.55751418004671,20.435710034612168],[100.53722434220977,20.464206329571255],[100.511999717598,20.488985753715255],[100.45681133907212,20.534527180123074],[100.42641288296392,20.5553953518929],[100.39254286661566,20.570848996337105],[100.356284985001,20.58039358135136],[100.31880010047848,20.58372365073666],[100.28128873863976,20.58073267685053],[100.22927964375576,20.572129169980993],[100.19393736908974,20.563245196005322],[100.16077628433952,20.54874759707122],[100.1393698319675,20.534700375884988],[100.12022409472969,20.54483544724215],[100.08305754591056,20.57185345604471],[100.0529910633548,20.590095081082687],[100.02007060909781,20.603296941741927],[99.98524780171223,20.611077443549906],[99.92121155552675,20.62006834499174],[99.88307445726294,20.622129979384976],[99.84517671609424,20.617691975258392],[99.8087670441002,20.606900621046048],[99.77504459586392,20.590111410771573],[99.70987432770613,20.550136432024555],[99.68543124213164,20.532610965924952],[99.67112839174993,20.520701267160252],[99.65473533881024,20.51969829587218],[99.5841297966775,20.534442630946167],[99.51829596123672,20.55273003263931],[99.48026973498335,20.55979499304355],[99.44151798057024,20.56019749652316],[99.40335602554089,20.553924038855037],[99.36707892162399,20.541187596079872],[99.33391707820503,20.52242031673836],[99.30499420368551,20.498258725988048],[99.2940580948983,20.487265381988653],[99.26973527644783,20.457605771400555],[99.25181775360177,20.424159833433713],[99.24094537128275,20.388129052977288],[99.23750403454602,20.35080706614717],[99.24161246437505,20.31353312346153],[99.24347553324604,20.307723163126372],[99.24095573148209,20.308474891959506],[99.20150952225069,20.312881056821986],[99.13532188749294,20.314344528831242],[99.10004873554921,20.31232560807627],[99.06564526015808,20.304779307747257],[99.00904971321037,20.28752402268523],[98.97462278452625,20.273722426334217],[98.94336170344698,20.254391364042117],[98.90887959138506,20.228639176970436],[98.87971007534925,20.202133573248876],[98.85651759541993,20.170838432154277],[98.83749887269208,20.138988159802913],[98.82273134566385,20.108413525988002],[98.81368609523797,20.07591744017885],[98.79512066749395,19.974723079808484],[98.79153638408481,19.974528464122915],[98.7325875201583,19.96714538014709],[98.70429528234449,19.96170816614343],[98.44589290661966,19.89412188084431],[98.42810725710177,19.8909712215538],[98.36111459452317,19.886744899465157],[98.3017863025179,19.885287765963678],[98.21763879795164,19.93226023114403],[98.17899448585376,19.949099633937262],[98.13755164223547,19.958256813316456],[98.07547139525349,19.965829144432924],[98.03927865073757,19.96727052253341],[98.00337716556957,19.962828935405728],[97.9688384660522,19.95263711420648],[97.9366929425807,19.936999300843823],[97.90269231523328,19.916766553816508],[97.87063529161084,19.893290544816],[97.84400700512052,19.864420627471315],[97.82380515462282,19.831241605079185],[97.81078462965783,19.79499952304498],[97.80253094763434,19.76166977714701],[97.7792142411549,19.742687577330532],[97.7451444858064,19.70727293109549],[97.64561050902569,19.574292999135114],[97.6279053975991,19.545819483681058],[97.61548527493645,19.514948451967737],[97.60869467330764,19.48254325240014],[97.58567518398814,19.28844468836855],[97.58493720803897,19.251954078842424],[97.59040298675419,19.181548764753952],[97.53754076725649,19.102489735886927],[97.51724479049673,19.062942712253072],[97.50671296112633,19.020107039721065],[97.49868065410142,18.9554077037481],[97.49948840648689,18.9034886460368],[97.52768194706023,18.722107240330107],[97.5056400661938,18.714495060095427],[97.48019483606136,18.70382736151091],[97.47602984322954,18.701754769914945],[97.45269201350337,18.70793326575388],[97.40077937854348,18.71517854291214],[97.37761098464074,18.71561713451145],[97.33491661222037,18.712246124329386],[97.29387464522958,18.700666784480912],[97.25622210911173,18.681369591433057],[97.22355118046794,18.655171395534325],[97.1972415241886,18.623180560980003],[97.17840197857056,18.586749768598526],[97.16782405999683,18.54741854361114],[97.16594919353263,18.506847996925526],[97.17285094100593,18.466750579203214],[97.1796111954795,18.443076116629843],[97.19407461133189,18.4068722938502],[97.26428114508194,18.27231641522618],[97.28442630429828,18.241235172795964],[97.31022167517797,18.214183229932715],[97.38325205770234,18.15045613617661],[97.41842504358752,18.12567130687807],[97.45512669457834,18.109766400504306]]]}},{"type":"Feature","properties":{"name":"Sri Lanka"},"geometry":{"type":"Polygon","coordinates":[[[79.66009750512168,8.470700745418704],[79.62872192146703,8.45169682715308],[79.59926083170768,8.424467574051244],[79.57592401125709,8.391945180611307],[79.5596590009239,8.355452499033257],[79.52289112545834,8.24352384996966],[79.51329183135694,8.190962703945894],[79.50817344240684,8.074312979105112],[79.51158579370497,8.028337086168497],[79.56310461802077,7.763047792673063],[79.59382017213107,7.56168087854961],[79.6608992580999,6.81185938696613],[79.67166236278676,6.762961750548481],[79.75681613038198,6.525286928690675],[79.81516782103685,6.312429336511625],[79.82338389611893,6.2885614500231855],[79.91153376545915,6.0773699800480685],[79.93494976952971,6.036065146189179],[79.96757217087674,6.001487934907439],[80.13962343891993,5.858127610820232],[80.17579036775395,5.834140621735262],[80.21632981376672,5.8185434666324465],[80.44466556841057,5.758166145896468],[80.48289056478896,5.751932091705805],[80.52160514603845,5.753189794174256],[80.74983740409225,5.7828642310051555],[80.80500998872012,5.798310403123298],[81.04422429324717,5.904193763033724],[81.37131914392634,6.016884335626566],[81.39602691878129,6.027289630474376],[81.46973623346554,6.064336615279211],[81.49627735951017,6.080373393632774],[81.75365334546557,6.264536598299328],[81.788113548841,6.29588504963285],[81.86341140646991,6.382578412850861],[81.88830126882701,6.418613557955171],[81.9434046674262,6.5210325388457],[81.95540921361747,6.547997715228012],[82.00623937043694,6.689867674855186],[82.00969781739688,6.7004493063984025],[82.05262246793185,6.845496806796964],[82.05905495715167,6.875840255898628],[82.07463269673053,6.995019519529034],[82.0762804239755,7.022475153971427],[82.07356950911807,7.290341121697814],[82.0653009915611,7.344763656134052],[82.0232693150744,7.484867533148437],[82.00440048353319,7.528085252752202],[81.97575887027844,7.565656779616838],[81.96572299233564,7.5759887394258705],[81.91081743518404,7.702971741388353],[81.8878196807477,7.742688085881349],[81.87718438313829,7.756932458185166],[81.8770468321902,7.764430181491515],[81.86882227091994,7.802074064278268],[81.85555848756611,7.842997347799982],[81.8309716712853,7.89314675923402],[81.62206088704897,8.199614069625788],[81.62206867335411,8.215189346448502],[81.61718772142882,8.258738357292483],[81.56797367815152,8.474969757893218],[81.55706184381273,8.508564462666202],[81.54028710174117,8.539706949803675],[81.51818205355563,8.567405936894446],[81.4793163476589,8.60804462612073],[81.4480603446203,8.634609937102228],[81.41300379686835,8.653707406447355],[81.40585328964163,8.679848169982778],[81.38487962423038,8.733422312625018],[81.36492995164402,8.771495478921677],[81.18277228400643,9.042223245878104],[81.15782536675228,9.072352275116444],[81.1273846134342,9.097072868015564],[81.09137898453982,9.120858454981896],[81.08704450522409,9.136911565452765],[81.07678480862857,9.165743151848465],[81.06214858768116,9.192670229991565],[80.8799006499466,9.473214889301175],[80.8615578003713,9.497198274958038],[80.8397426602773,9.518164290224023],[80.5206509743135,9.780998624639118],[80.41050959490873,9.918803980813085],[80.38599603022767,9.944399305477834],[80.35726462876289,9.96530962688501],[80.3252248615877,9.980872642617928],[80.29089145326114,9.990595358157178],[80.2189779488922,10.004273612807934],[80.17591243207387,10.007794944311302],[80.08140043467415,10.00545453943527],[79.9933273658537,10.01024006898525],[79.95404762433891,10.008572149828895],[79.9158531667108,9.999395702673258],[79.88020955705653,9.98306290828555],[79.84848398372267,9.96020046715107],[79.82670661653694,9.936848129024101],[79.788827902811,9.924297070334834],[79.75289427818522,9.903425544121676],[79.7392198133261,9.893460284057106],[79.71211984900874,9.869689156776996],[79.68980908811223,9.841498184834682],[79.67692401855618,9.821765842129448],[79.65929782646074,9.788047169070344],[79.6485286274912,9.751631271177311],[79.64501032550871,9.713857450642555],[79.64886997061873,9.676114538943771],[79.65996342475707,9.639789825436916],[79.67169418220861,9.611524797711818],[79.6955614262027,9.569488683801644],[79.74498771905749,9.502956414079817],[79.76961852785988,9.475529454895304],[79.79894948391353,9.453049718523248],[79.8319752950771,9.436287232136031],[79.86756462213917,9.425816126205437],[79.90449870757627,9.42199504119974],[79.91186979937113,9.422584748440645],[79.91695908305196,9.336688743530104],[79.90468137553148,9.259887052114927],[79.81390522871642,9.29129945410716],[79.77491364361228,9.300587942982744],[79.7348292378038,9.302025743528196],[79.69525932457228,9.295555303270804],[79.65779044915362,9.28143614599564],[79.62392448914231,9.26023440375982],[79.59501823550424,9.232800010037161],[79.5722289205165,9.200232490719529],[79.5564678973298,9.163836752686791],[79.54836432230333,9.12507067136668],[79.54824026477013,9.085486602973067],[79.5560981909435,9.046669181833254],[79.57162126160257,9.010171900614662],[79.59077299777101,8.975365737787959],[79.61318800600569,8.942819788761959],[79.64167728901108,8.915298502854059],[79.69596487705077,8.872394981844602],[79.71373215695631,8.859855780474968],[79.72775721416902,8.851056226735677],[79.72773855552,8.850017800745436],[79.72986851953834,8.817512079054934],[79.74294674694703,8.730245454197947],[79.74279108921269,8.726019791712469],[79.66042448611877,8.472015721227379],[79.66009750512168,8.470700745418704]]]}},{"type":"Feature","properties":{"name":"Pakistan"},"geometry":{"type":"Polygon","coordinates":[[[61.39436304199375,25.30634887899499],[61.373244376002276,25.277003644482278],[61.357360781474135,25.241241030756992],[61.34945083115651,25.20339719055076],[61.34980723970161,25.164911438625484],[61.35840823459914,25.127245932768425],[61.374919621223675,25.09183019997895],[61.398708573428415,25.060007120730276],[61.42886846443683,25.032982375012452],[61.464253681290415,25.01177919776992],[61.503523050391756,24.99720007631992],[61.680002404882856,24.949123834557746],[61.73295061581555,24.940927027678107],[61.896925244104054,24.934037251606817],[61.93885754882196,24.935913296231398],[62.12010429609873,24.959874600072492],[62.161852885582014,24.969237126487002],[62.18336467787236,24.978402310130473],[62.19330401478703,24.970862251725897],[62.23377654543644,24.95149366533543],[62.277840784317824,24.940225842280825],[62.32355641919041,24.937555199643985],[62.36891123321942,24.943599839350327],[62.44467629399455,24.961188860264254],[62.478735917832964,24.97186099328359],[62.510417866653455,24.9874584441541],[62.53885975774623,25.007557612435182],[62.56939074369768,25.033047148969715],[62.63530872689448,25.062685618119993],[62.66354998488187,25.065759634681136],[62.986710703686484,25.028672586273476],[63.02375078823213,25.027250553015193],[63.06054088526273,25.031527771737984],[63.16463007572347,25.05183593654404],[63.23009297632497,25.03637848799331],[63.26580348180831,25.03075698571077],[63.471113748707744,25.01402265567204],[63.51515609492004,25.014441348786974],[63.55823473980125,25.022862861947697],[63.59859932336799,25.03894562513894],[63.634607989144655,25.06203665870641],[63.664793469679296,25.091197666156322],[63.68792255607766,25.12524265091738],[63.70304659421191,25.162785629989795],[63.70598571707521,25.180669212188064],[63.72007319313347,25.18347017365814],[63.88727592896704,25.149654151400394],[63.93091783306353,25.144901717224645],[63.974747478009135,25.14815554580055],[64.02642196194604,25.15677931516519],[64.0446715370578,25.16197000663186],[64.05576069899276,25.15582086011399],[64.09446479186641,25.142649194551787],[64.4516954562889,25.054435962184726],[64.47273617132203,25.04173288653986],[64.51667396479182,25.021295687230896],[64.5815217879206,24.999113292449717],[64.62429632797047,24.988822473529982],[64.66849574067548,24.986574565274612],[64.71230535478395,24.992462175245336],[64.75392609467858,25.006243965822787],[64.79164730806721,25.027354352249326],[64.82391624860429,25.054926337494877],[64.87748960274186,25.110983063890785],[65.06385613773872,25.11336399701939],[65.10460458324754,25.11733649345835],[65.41942484509143,25.175060183392954],[65.66235156635469,25.158103348884577],[65.7075294765341,25.159151665066123],[65.7515205964879,25.16859153015647],[65.93509802286616,25.22652221336599],[66.25142401184264,25.26679265435356],[66.29974962206792,25.267524742107753],[66.34354975792246,25.256397784693146],[66.39708846003637,25.24908878042163],[66.40414601419114,25.248925046186443],[66.48679399567777,25.15141366262964],[66.4903419887522,25.115761488133426],[66.46635884854557,24.955385162494515],[66.4649025663798,24.915139770461245],[66.4724477802236,24.875469917876366],[66.49335972569226,24.80758557322191],[66.50774042579044,24.773421867469835],[66.52878956567362,24.742255584955505],[66.55578375953085,24.715150359625415],[66.58779861356734,24.693030544954816],[66.62374042347739,24.6766500286044],[66.6623833283813,24.66656685785164],[66.99032930095524,24.609745295774545],[67.07586449128367,24.327757089717327],[67.08849706413379,24.24398235499591],[67.0932507913764,24.16405292120084],[67.0981582314937,24.131568867745244],[67.10886442435198,24.100277192359815],[67.12507115783494,24.071036532713762],[67.18100776486018,23.987912844199734],[67.20627833710374,23.957396238597962],[67.2374912023204,23.931910788826475],[67.27347661003672,23.912408708528883],[67.28891489072767,23.90579528854102],[67.29756120543274,23.880634186760293],[67.31714670737139,23.840136810738922],[67.34606409619755,23.80465333369709],[67.40554417689305,23.746521394850436],[67.43507506946365,23.722482467846696],[67.46888355785406,23.703783774567288],[67.49498991409673,23.694789427776843],[67.50325389697656,23.68369088844193],[67.53395955688532,23.656248056871192],[67.5699672795263,23.634922542159284],[67.60985566403764,23.620554590818518],[67.65205234057652,23.613710093263357],[67.69489524126354,23.61465860578952],[67.8452391328934,23.63171585464258],[67.88652184845475,23.64020975856062],[67.88664297021182,23.640259000210754],[67.89162068995907,23.63838010218201],[67.93909350689432,23.631064325299917],[67.94763013648202,23.630636317374474],[67.96339043903905,23.613139339755445],[67.99568188835127,23.588872670852297],[68.0324540026749,23.570773847178476],[68.07233066549007,23.559519194863626],[68.11382126295547,23.55552914974727],[68.15537570808567,23.558952776125093],[68.19544153590418,23.569662276338786],[68.23252108518366,23.58725768213723],[68.26522677949562,23.611081567033114],[68.2923325695476,23.64024327107276],[68.3256674765003,23.684046927762992],[68.34521018021697,23.71548379371322],[68.35268030179246,23.735144721974596],[68.3677334315744,23.743686767987853],[68.4254266673303,23.757059194145526],[68.50566449866423,23.769277267272024],[68.58419952105343,23.768763243748968],[68.72070738503842,23.766871231251155],[68.7629474290975,23.770077030712255],[68.80369569681606,23.78078398540243],[68.84138572346482,23.798580804754433],[68.87456699377796,23.822783583068418],[68.90196023705177,23.85246171984857],[68.92250653627454,23.886473268004778],[68.93540840016863,23.923508432373044],[68.94016118728184,23.962139628478848],[68.94194228047034,24.080012994881084],[68.98083438785685,24.0752750682222],[69.03034824220916,24.07971984747949],[69.04439610589208,24.08249703018777],[69.06026299835494,24.07836807024941],[69.11885616759567,24.070802765681755],[69.2341908429793,24.070413863358826],[69.24337438179295,24.070557023995942],[69.44517627411427,24.077465538194648],[69.4890181016919,24.07660637151243],[69.51018572850028,24.063089473688695],[69.59207843923477,24.010631520563308],[69.62460849619029,23.993416329572636],[69.65989392673772,23.98160779635559],[69.69687281245045,23.975560929139096],[69.78569142667969,23.968202118602402],[69.81668792146878,23.96766462887396],[69.94508702878524,23.973808420452322],[69.98691846387098,23.979580149084597],[70.07409040743919,23.999712424509216],[70.11701089348286,24.014170798945397],[70.15565379117655,24.03656348237675],[70.18829256176485,24.06589182118458],[70.23235663142674,24.114858777460285],[70.24168083876629,24.12652250519697],[70.3607089535938,24.16939195242488],[70.39365687208289,24.1786057831077],[70.39823477380217,24.17068908363509],[70.42388263477739,24.141437011549144],[70.4550877359564,24.117120091539253],[70.4907314661552,24.098607318514826],[70.57081163242178,24.065703613640828],[70.62636895162983,24.050621968228693],[70.68311384065782,24.04253172869594],[70.71685916537223,24.040161245661654],[70.7505908987279,24.042629364252917],[70.80148435981472,24.050039564310243],[70.86097907779461,24.06699986128124],[70.8987270733158,24.083526844936827],[70.93455063536103,24.103305906534946],[70.96554280402586,24.12902252334343],[71.00130402644686,24.16503369344643],[71.0229904308672,24.16660839211774],[71.06689882650396,24.178642954886495],[71.10705003108929,24.198851627259604],[71.16823424877477,24.23785787874721],[71.1986682510483,24.261324113351165],[71.22388516915447,24.289485901572228],[71.24303001668937,24.32139293079797],[71.25545110586077,24.355967680495],[71.26072256760298,24.392041526054765],[71.26204761709218,24.42192025210207],[71.259310399657,24.462235778163976],[71.24764479833759,24.501213374482628],[71.2275291137942,24.537225918046556],[71.21011077088826,24.557039713868438],[71.21655148073098,24.562910558567356],[71.2408254102856,24.59659388963814],[71.25710399476179,24.634064996243218],[71.26470464111532,24.673770857336024],[71.26330311450373,24.714064146223052],[71.25294840516025,24.753271361552915],[71.22590975961646,24.823233324488392],[71.21742684926136,24.842024662161272],[71.1512057915694,24.969484729254294],[71.08120342394622,25.134192189422258],[71.07373767788833,25.14971811520817],[70.99668282771114,25.292700578180064],[70.97887426482956,25.319932887355375],[70.89087419069124,25.43266425529356],[70.87211043787201,25.466918203794343],[70.87633931238396,25.620888599497288],[70.87251945076916,25.662894254745567],[70.86380672562991,25.704069342443447],[70.85350904864143,25.736965683787236],[70.83708019672746,25.76777577480977],[70.8150066973326,25.795577987298827],[70.7879452969528,25.819539965426443],[70.75433797360756,25.84452780464621],[70.72199585773947,25.86447688600302],[70.68622708367744,25.878924928597705],[70.64084837486492,25.89301250413793],[70.59260998783262,25.902677437452603],[70.54319797091,25.90237502565983],[70.49512436618389,25.892120469364528],[70.45935137631756,25.88051859807233],[70.44437956339237,25.87948490179837],[70.3950763787909,25.881251689293407],[70.30358643767798,25.994671512941487],[70.29830006639926,26.014400067105683],[70.29808057117582,26.039468568743175],[70.34075553445108,26.14994803010028],[70.35153855961627,26.192482881126537],[70.36839913249345,26.325216073114078],[70.36946526054409,26.336412357618276],[70.37732874347967,26.460273571642574],[70.37192504488858,26.516410361701713],[70.36281026339223,26.551433591191202],[70.34914540076453,26.5876451208334],[70.32794598166305,26.62083029487299],[70.29497320381418,26.662477159489946],[70.26617115072493,26.692095181544772],[70.23138497569957,26.716042281016573],[70.17606106237646,26.74680490287647],[70.14329581597445,26.76178816384215],[70.10820067403584,26.771707507095837],[70.07174955020702,26.776287410992904],[69.94579990696298,26.782577257934047],[69.82219377488927,26.811410071797624],[69.71384764691238,26.86911865817684],[69.70534823053089,26.873354709070604],[69.7127446986952,26.91794135488335],[69.74707059660801,27.05328461269227],[69.75136871510038,27.060435177647598],[69.78422195314356,27.09314166765273],[69.81353440822927,27.119969936698062],[69.86910729811736,27.16211392218197],[69.8863760234538,27.176687669592592],[70.05788061868675,27.337414585005376],[70.08600587325805,27.369858045120186],[70.23976080811046,27.590727767017427],[70.24594598895148,27.600161504084255],[70.3267144471089,27.731360171684226],[70.34904550212383,27.752047389982298],[70.38423435520573,27.779432147265286],[70.42766609481826,27.807253373378327],[70.42881241486226,27.80146398150011],[70.438664577948,27.76860885894337],[70.45471756231896,27.73772761896931],[70.49728328240063,27.671431446294715],[70.53491013347548,27.62805704136994],[70.58071020747008,27.588121707659994],[70.61844931344027,27.561637059733645],[70.6616957240448,27.542927777542012],[70.7221518060579,27.52357902846157],[70.76736554204699,27.513671999981472],[70.81390542989271,27.512294163440554],[70.89071598387778,27.517121090420698],[70.92754145405691,27.52218871137868],[70.96290435128007,27.53261669954713],[71.25651138230441,27.643650669748133],[71.32534027198619,27.65908799979863],[71.55741897225157,27.672479258190595],[71.60633770670944,27.680154371164267],[71.77977827885832,27.725292108472274],[71.79065557905088,27.728383439947475],[71.94402589932902,27.775714730879862],[71.98620460753223,27.793244616965733],[72.02336849059206,27.818122742950152],[72.05390514184023,27.84927228926343],[72.07648569066512,27.88534403499927],[72.09012277369159,27.92477415239398],[72.10473668134408,27.991074253901264],[72.14031496665928,28.068808091941587],[72.2919727628516,28.21060676191459],[72.32186967378232,28.245545494294348],[72.37263878978611,28.320907310123697],[72.39245504588685,28.35897486335514],[72.44569985225266,28.49847305619435],[72.4895214764718,28.59718404606394],[72.49156468857518,28.599417218963996],[72.73636405790974,28.72376985622158],[73.01140147807305,28.855043226258474],[73.05619289950657,28.883010790494716],[73.09194904222528,28.91962074577109],[73.13741620513956,28.979611378824494],[73.14538447452858,28.990923535177004],[73.32531221689479,29.265739961909702],[73.33291638055665,29.278345910557857],[73.43602678475285,29.464894359484443],[73.4432010170039,29.479274626994126],[73.46996533445237,29.539285769151476],[73.47456237795578,29.550589978961998],[73.53350453184841,29.710514035191853],[73.56640358179102,29.79264397713881],[73.73762579336434,29.847914312619274],[73.75355813316193,29.85364547972429],[73.90450310269884,29.913699314668392],[73.94091177268996,29.931827184635633],[73.9728821080892,29.955416360439177],[74.0502212180859,30.023972524184433],[74.07610604615407,30.051427694180354],[74.12303720891371,30.111415445310026],[74.14292550562311,30.142502710240038],[74.15606285966497,30.17616279212752],[74.16201885179213,30.211310710617205],[74.16059362485515,30.246812384197053],[74.15194215258389,30.306393372510065],[74.14361608277086,30.339857779737944],[74.13726129673337,30.353386883655187],[74.16165651610585,30.372103125415734],[74.19596451466519,30.405034375945977],[74.39710889667789,30.64720505341806],[74.4568867682134,30.707328798279537],[74.46100303188565,30.708295203668115],[74.49854592951698,30.72378421258038],[74.62778146592424,30.789933543813937],[74.64344519639913,30.798693185927252],[74.76637520835959,30.873571920410566],[74.7991628417073,30.897766378641563],[74.82611802810935,30.92677730523153],[74.84628999788927,30.959587084760493],[74.85896360252356,30.995043880333554],[74.86368515823797,31.031901706219625],[74.86027944462997,31.06886394425068],[74.85332844471553,31.102954817173757],[74.84720188590691,31.12525731820398],[74.83186905358369,31.169371462725117],[74.81517933834324,31.20454928700505],[74.79090864839463,31.23634550940226],[74.77114183277558,31.2537377563789],[74.81901348716146,31.417893451872658],[74.82574322190429,31.45856788804545],[74.82246096573029,31.49954527903026],[74.81049184508318,31.55810570342026],[74.80282829932659,31.584590695107224],[74.75539802164886,31.71018501744389],[74.78640756137321,31.73767398382104],[74.85685936961332,31.77778049307631],[75.1545998204396,31.903780468116338],[75.19951795199374,31.914079560016784],[75.21854758279447,31.919187344736585],[75.33367115158936,31.954672954274184],[75.37232629315248,31.970081827717358],[75.40703702412063,31.991192181308563],[75.43664232733039,32.017299308851236],[75.50728882868349,32.092149528156725],[75.53111082947393,32.12279485150109],[75.54784541082728,32.15662741526982],[75.5569099029714,32.192484923569154],[75.56585559382289,32.256378152408594],[75.56710909603517,32.290688617688886],[75.5613065960455,32.32465836920063],[75.54861572700423,32.357260949724626],[75.52941320526081,32.38751012563821],[75.49860829118218,32.42725109486207],[75.46105944493031,32.464558005299466],[75.39210624380526,32.51786509922687],[75.36214116808505,32.53748829950028],[75.32879147460032,32.552772201517776],[75.19900810909193,32.601116913014785],[75.19627114281408,32.60211712010828],[75.07929375969782,32.6440530976289],[75.03145793110842,32.656294930568976],[74.98160720941705,32.65972180981858],[74.88639252631688,32.657659271626976],[74.8969723864314,32.73570586029209],[74.89757900231442,32.775457994983874],[74.88869716295014,32.81449824796456],[74.87067478442204,32.851244758963674],[74.8442322918232,32.884206713317326],[74.81043494388622,32.91204520721798],[74.77065056404658,32.93362817583398],[74.73975009321813,32.94688713724864],[74.6997213358403,32.960328628441744],[74.6574238968605,32.967413571472086],[74.61428293880171,32.96790284973174],[74.57175275070362,32.9617796092166],[74.56319740810613,32.95913324469915],[74.55452857557381,32.960601355357596],[74.55141765537266,32.976166133964206],[74.53243172783309,33.04001183628463],[74.51473144634036,33.08023070718001],[74.48706380367412,33.116290790860745],[74.45072435631741,33.14648870597992],[74.43069508926796,33.159841592258964],[74.39271697436034,33.180491489270224],[74.35070012406302,33.19467904493548],[74.32515759682029,33.20099031989001],[74.28071773141225,33.22658447249819],[74.27767011709587,33.229275651432815],[74.31338729512053,33.27306100703264],[74.33187122899434,33.30002450438308],[74.34508483255549,33.32906636041245],[74.37005165837832,33.400257538791536],[74.37786892918407,33.43190896022098],[74.38542408114469,33.4835018909236],[74.3869034456189,33.516929991200655],[74.38159553360185,33.55007919955534],[74.3696449944604,33.58199937149814],[74.35097669098629,33.620113948171856],[74.32595381493111,33.65840737666933],[74.29141394109875,33.69118237587239],[74.2845657980884,33.6963841477054],[74.30737160442818,33.704331411069475],[74.34506362995705,33.72089306170035],[74.37862103913648,33.7427680867609],[74.40696846994253,33.76925729813904],[74.42919470654999,33.79951349249736],[74.46455238476389,33.85897434253729],[74.47999165315798,33.89209914818551],[74.4880540449779,33.92697076827005],[74.48847106775905,33.96246582645186],[74.48419564976221,34.00656155748678],[74.47688857208296,34.04169840926121],[74.46206574370699,34.0751635443373],[74.44020251175095,34.105864850865444],[74.41200603247296,34.13279927633245],[74.37839288810913,34.15508590165554],[74.34045947295196,34.17199511113191],[74.30289831871225,34.18525607667272],[74.25760225556692,34.19698597523812],[74.21722334803314,34.20047000245233],[74.21659225995536,34.2168995462852],[74.2095859830263,34.26222033883014],[74.20065159266048,34.29603741114903],[74.18469752294169,34.32803613877233],[74.16220702480331,34.35723217324529],[74.11450552384319,34.40852055890901],[74.09033429426832,34.430165828079524],[74.09605720013805,34.43843822391372],[74.13030714342814,34.49282854044525],[74.13453151184515,34.49404090565872],[74.14881937121554,34.49856548354183],[74.26472295454815,34.53872423046269],[74.26499693074123,34.538819152833305],[74.32462755067291,34.55949551755295],[74.44898934066472,34.538475688435526],[74.44925444736486,34.5384308739525],[74.54181247934085,34.522794531356034],[74.73263216860629,34.485517782655265],[74.73301180534938,34.48544358774609],[74.8957613853402,34.453641412314205],[74.93577370307446,34.44868482773611],[75.10199887099219,34.439685762269505],[75.12498923508063,34.43942726890159],[75.14066866191537,34.431718058536106],[75.17164041181782,34.418893103876606],[75.35980363134877,34.35439073657249],[75.38986886566053,34.345938366597956],[75.5425922042586,34.31203922932457],[75.60611937152501,34.30521677599802],[75.70949690382697,34.305568364628975],[75.75985599919271,34.310132177448885],[75.80795982844478,34.323317174034884],[75.96062094100668,34.38039138202264],[76.01550013483222,34.40873755455143],[76.08256051556712,34.454738282481514],[76.11209097751083,34.471232462483115],[76.16685169689504,34.47030706294423],[76.21277404017007,34.473154041543204],[76.25721928806894,34.48315804404332],[76.46646673641825,34.548299911620326],[76.49207136074622,34.543954160083885],[76.57635345385305,34.53894577349848],[76.62605701409942,34.540215686523915],[76.67441117385675,34.549863940932646],[76.71935357731391,34.56747837650803],[76.82106871513558,34.61846167821732],[76.85982355722074,34.64255783506638],[76.89193775683803,34.67253863989491],[76.94472817348203,34.733101749710336],[76.95373274749956,34.745915002704656],[76.98657319637523,34.7575316455104],[77.01462357359472,34.7692789246972],[77.123647713362,34.82245485050249],[77.1579910113387,34.84269769981587],[77.1875254118064,34.86752822505331],[77.21134246155589,34.89618590405397],[77.22870655383848,34.92779236718579],[77.25864983665913,34.99809426453283],[77.2612325689149,35.004500361816305],[77.27931379326333,35.05202087638272],[77.28825565996787,35.085461833615504],[77.29000529181447,35.11964343926448],[77.2845015044323,35.15353927039053],[77.27190114739159,35.186130299243224],[77.22798564803364,35.27257282940621],[77.20256775361719,35.322607489499504],[77.15169168476623,35.4227566674455],[77.10648369781637,35.5117581729011],[77.03745433789729,35.64778041641431],[76.99179837559633,35.737684472433834],[76.97263071939977,35.76773683510473],[76.94737854394567,35.794666994395946],[76.91678317141643,35.817678208199546],[76.88174632982512,35.8360889597597],[76.85216356538693,35.84883649952191],[76.79703359744431,35.87809963143483],[76.79427822390903,35.904565873827636],[76.78611524710075,35.941159743221824],[76.76959344468685,35.97583818062893],[76.74529088872758,36.00736633185601],[76.7140654397722,36.03462010464107],[76.67702508537793,36.05662664516286],[76.63548880520784,36.072599534809434],[76.59093931514022,36.081967366971824],[76.54496942186972,36.08439459747389],[76.49922403038883,36.07979384880178],[76.44989266307736,36.07094122640209],[76.40519950418597,36.05917174935477],[76.32507436182664,36.03089871872542],[76.32059607611863,36.03992479072814],[76.2966061235201,36.070454721379186],[76.2642222195991,36.10428987541659],[76.22806787783641,36.13464777004678],[76.2098755466432,36.14447880748743],[76.21328184926669,36.1650366844153],[76.21968214142258,36.378572910628115],[76.21314067149976,36.42888829879528],[76.19083043573005,36.50448873004885],[76.1721979990737,36.567877876828746],[76.1542469972931,36.60842151157715],[76.10637568357959,36.687645180232465],[76.08388165231803,36.71766892065547],[76.03921945913422,36.76670896557963],[75.99801584599487,36.80185772200075],[75.92992035798038,36.84715554680514],[75.89336532502962,36.86726972154722],[75.78824337612654,36.91444191889294],[75.7238428580183,36.93439045623999],[75.63017799295932,36.95177249070388],[75.60636150432441,36.95425297860612],[75.59749783947859,36.973115667835025],[75.56918041764808,37.008234991211644],[75.5390354038269,37.03806392027543],[75.5086665971633,37.063155147716884],[75.47319590133691,37.08355378737952],[75.43373711013558,37.09861714612548],[75.23188533435157,37.15852878244621],[75.19256027433713,37.16728553780684],[75.10104099554988,37.181241555426716],[75.05075102173657,37.184703395530875],[75.00059213219276,37.17994291187793],[74.92826319795341,37.166983559505404],[74.88752580985754,37.1852150861053],[74.85679156601708,37.196815143510946],[74.78282461745887,37.219868446767514],[74.7403245289004,37.22970098423525],[74.69627601012206,37.23332802768247],[74.6044469473002,37.23426602824771],[74.5661542966854,37.23227214726168],[74.52869173096144,37.22558356984758],[74.46938111161835,37.211053378738285],[74.44306879442411,37.2032754319891],[74.33250629355354,37.164722625101774],[74.3285481034396,37.16330697983795],[74.09178248266275,37.076320125131765],[74.07287778196788,37.0685463626518],[74.0015708478447,37.03602511826851],[73.99932961865949,37.03673546608673],[73.9839687300217,37.04113855505994],[73.84501168337462,37.07677329993019],[73.80510772539508,37.08412649306596],[73.76420985639716,37.08610258186066],[73.72691400922655,37.08542153593563],[73.40551940103148,37.07932731050594],[73.39835075061194,37.079099372594946],[73.103288509965,37.065953734324694],[73.07560861234651,37.06343167168381],[72.96216312689158,37.04782240386925],[72.74965999711394,37.03232912837098],[72.61155863072582,37.02711339740694],[72.57335851513156,37.02324627392219],[72.53636626524984,37.014675226707084],[72.44467694779253,36.98703110043889],[72.43039272347059,36.9823043070914],[72.34704192121028,36.952207877277296],[72.27860437508387,36.93681729745422],[72.21982581267758,36.930975870388835],[72.18334957959276,36.92507698093535],[72.14839145586781,36.914850026178506],[72.05515459527588,36.88094373295599],[72.01830951610123,36.86433791774279],[71.98554400285394,36.84293637545651],[71.95781986054462,36.81736934195623],[71.92056707674381,36.776368896131295],[71.78570278882219,36.699510565829755],[71.6946998102627,36.655017300659914],[71.65689965890535,36.63217224300478],[71.6520576844513,36.632671197828415],[71.6077861336344,36.63399215127858],[71.56392967520823,36.62889542710258],[71.52192003660635,36.61754720771835],[71.48312745022523,36.6003176305608],[71.44881514609607,36.57776849462401],[71.37419515065454,36.51888288521942],[71.35323084559381,36.50005517278073],[71.27956924498858,36.424621567523054],[71.15061225750648,36.31998890373377],[71.08390172344923,36.278574751662504],[71.04324233834438,36.24660576781834],[71.0127974868889,36.20794145434242],[70.96510654573179,36.128173003978276],[70.94771543626206,36.08896269775869],[70.94086162593776,36.047682927014414],[70.9448333912731,36.00616500274338],[70.95943880934591,35.966248208800245],[70.9840170433587,35.92969843063125],[71.01922802851718,35.88834520679903],[71.05159314184455,35.857582997780376],[71.0909789415764,35.83280441367677],[71.17582940429047,35.78985895688052],[71.19129948120664,35.77339019070267],[71.20524481017625,35.7518754342563],[71.251081419887,35.65501693929453],[71.2832251158019,35.54981413002613],[71.30295156869985,35.507039724079846],[71.33418101390156,35.46910108403829],[71.34200389198807,35.46163089305508],[71.34535976092077,35.44321417749656],[71.33002189924522,35.418831814420116],[71.31000226633148,35.37475299967984],[71.30329670247178,35.328074501838145],[71.30341063011343,35.28842390090941],[71.30780140288769,35.25138137114665],[71.32059748110191,35.21567301504121],[71.33353286652894,35.19502338353254],[71.32610768115624,35.18418510484789],[71.30337164009089,35.143771633097074],[71.27388133998366,35.1036249161456],[71.21698360459663,35.06994435726685],[71.20769125498907,35.06415380062462],[71.14368204203318,35.02218746887811],[71.11478374876819,34.99977712828601],[71.09077816838256,34.97377886756919],[71.0348942396138,34.901490313011],[70.9382429435878,34.81717974786409],[70.91487593467035,34.79329875951077],[70.89628499622899,34.76673922835883],[70.86382863578773,34.71068439079878],[70.86314997808672,34.710064449535096],[70.84493030489826,34.70133221996803],[70.80895098480939,34.68020905704441],[70.7782913042702,34.654019006854035],[70.75398663027406,34.623650746650874],[70.73685402876757,34.59013379934677],[70.72746520364538,34.55460325601551],[70.72612813851646,34.51826104106537],[70.73287792933763,34.48233508062247],[70.74627109695021,34.438265284721794],[70.75945028115258,34.40655205299244],[70.778918437776,34.37713306411704],[70.82303559812894,34.32207203076452],[70.85146452175914,34.29296528165995],[70.85362296838849,34.29113909495723],[70.85325780944108,34.27962428543048],[70.85017754806073,34.21153601200359],[70.85008207144915,34.19930754015911],[70.8501869745956,34.19575816650951],[70.78170451022501,34.17285680002537],[70.63131944627668,34.14997233549552],[70.43164892929994,34.148420024290616],[70.3715949470651,34.155552341875065],[70.32252775379499,34.1656599515701],[70.07416612326055,34.23841317842747],[70.02716405866744,34.247826310708675],[69.97882647202246,34.24920618345542],[69.93114335374578,34.2424959091668],[69.8860772545927,34.227971575944956],[69.78084016428942,34.18335376801523],[69.74317224672632,34.1634668654128],[69.71064965520617,34.138115652898165],[69.6844094589352,34.10819012282592],[69.6653653402735,34.07473991929724],[69.65417612779348,34.03893710677171],[69.63287982237895,33.92927833061726],[69.62988628266415,33.894381149537686],[69.63433958454446,33.85959299392889],[69.64609191780765,33.82600093546163],[69.66476841711084,33.79465349719208],[69.68977979085166,33.7665281002936],[69.8670965105278,33.5996998316126],[69.92427420898163,33.526817430758065],[69.99833995170106,33.38370489518703],[69.96575307942418,33.366326644221786],[69.84402052998554,33.30507408322568],[69.68044700879294,33.29160888201847],[69.64259523365197,33.28583423452333],[69.50638794928607,33.25520507297907],[69.4613873931775,33.24079668158421],[69.42082878960971,33.21904357486216],[69.35457616703198,33.174877752384084],[69.3165657552636,33.14293082536616],[69.28820562674893,33.10459868348414],[69.27096121797416,33.061879486179635],[69.23104905642614,32.90610860175945],[69.20222611236879,32.86525515450881],[69.18388583002478,32.83285264108262],[69.17282049375967,32.79819846672384],[69.1693861986548,32.76243423091125],[69.16988442168142,32.721472932611164],[69.16006082061942,32.7016049394675],[69.12214066899321,32.66894620080209],[69.09443331291048,32.640078236643745],[69.07363177541457,32.60735626534805],[69.02528487717501,32.5102553457067],[69.01013610535331,32.46580360161078],[69.00763946635544,32.41959911348584],[69.02317702772412,32.23629649265668],[69.04096112093073,32.00027317082948],[69.00823659358522,31.965200498567416],[68.92380364545437,31.884052740819527],[68.87850255859344,31.854667860589547],[68.86712634358682,31.869235192062074],[68.83845058464354,31.899135236062722],[68.8034712271443,31.923735293227704],[68.72781244468075,31.96707209423924],[68.6907574155012,31.984345429474207],[68.6506246742044,31.995647352482997],[68.60874030402432,32.00060421998353],[68.56648936316353,31.999052127808017],[68.48937771398957,31.990195367469543],[68.4433179086053,31.980761991375097],[68.40047110752982,31.963611935052345],[68.39217641372056,31.959366154243515],[68.38270484166432,31.960375982735957],[68.307983051932,31.988393133402237],[68.27036144793861,31.99933385902776],[68.23109037581608,32.00468321686475],[68.19131839965628,32.004284776711785],[68.13827784375408,31.999881031211807],[68.09757887122446,31.993352771276346],[68.05889306047277,31.980810110427004],[68.02344634584577,31.9626508810594],[67.99236020623,31.939450754801168],[67.96661583284909,31.911944702332516],[67.95265367235893,31.893940152598567],[67.88219065165917,31.840674194721373],[67.66955082241644,31.741134335690923],[67.60397082100155,31.735656468571683],[67.5610922043712,31.728550477214142],[67.52054394662431,31.714737553658683],[67.48376322205256,31.694707797983053],[67.43519837192655,31.662378629378768],[67.40148061779303,31.63482708255815],[67.37494114607071,31.602082290211392],[67.35664921884323,31.565473418968498],[67.34733655273908,31.526484839961764],[67.3473690573723,31.486695531220498],[67.35673377621777,31.447714921979873],[67.36506288699881,31.424963580531657],[67.29330687531596,31.41767269979681],[67.21100505943403,31.42973100888526],[67.16804474738993,31.457666000189292],[67.12936412337906,31.478019478904102],[67.08676037672637,31.491536928818203],[67.04187728542591,31.49769655308471],[66.93824392059078,31.503075629256003],[66.89681149059943,31.50204109637023],[66.8562624275119,31.494725729187852],[66.81789813843847,31.481364485391815],[66.72275332250479,31.439342439121077],[66.68175620336537,31.416191835294388],[66.58376231039068,31.346939934118698],[66.55674786671717,31.324402799995163],[66.53439442374271,31.298411326151744],[66.4395137928602,31.166546112840592],[66.43189891146515,31.15954664885821],[66.43047023710045,31.158393202114684],[66.38773024094534,31.13865778630968],[66.37717150863052,31.13346688066936],[66.27687021954793,31.08102900271027],[66.23748614549186,31.055027517121356],[66.20553744825362,31.022400092799188],[66.18250251584567,30.984665194150153],[66.13242021806644,30.875163146075693],[66.12408536630055,30.85322645872777],[66.06454749604819,30.65826044706351],[66.05759250440597,30.62188567747881],[66.058606116847,30.585032273403137],[66.07165994645439,30.489314165510997],[66.07584704490937,30.33456319771841],[66.06042954828779,30.250214177367074],[66.02949624774458,30.190136736271807],[66.0163466759661,30.156894408492278],[66.01021421443023,30.122165976651974],[66.01128499385054,30.087047886748927],[66.02012536944008,30.020953224566835],[66.02462480436803,30.002233762778065],[65.89546044641148,29.968182756227396],[65.60101486448964,29.89082006022333],[65.40691319866181,29.84132792771001],[65.12114553080679,29.768590477579888],[65.0631134419828,29.756182742521652],[64.93020977619373,29.751138350891093],[64.85954112340941,29.759905727105817],[64.83383028691448,29.761805337130685],[64.70975646601009,29.764782570414337],[64.69996752652469,29.76483000875926],[64.51718430321715,29.76217590551132],[64.48043178454917,29.759015276371766],[64.35285123244121,29.73880139169118],[64.32115910360086,29.73168574216104],[64.19331642152025,29.694205375065845],[64.15346201923768,29.678649523044655],[64.05941596687853,29.631982718253603],[64.03882255352491,29.618462250983292],[64.01472424652077,29.624071081170644],[63.61053889624405,29.69209506307632],[63.547320928062824,29.694839325756668],[62.486937986622685,29.60774418209796],[62.4302664468008,29.61710007965953],[62.07149040913383,29.718231926054422],[61.59202080679563,29.85345573806641],[61.29574642781617,29.936955944912597],[60.91493640124603,30.046139195367164],[60.87051714352484,30.054664268065483],[60.825016223625866,30.05540542490306],[60.78024793574427,30.048333750761003],[60.73799655519482,30.033731813172942],[60.69994407240296,30.012182103872227],[60.667602385115465,29.984543364292648],[60.64225281720165,29.951915827557496],[60.62489544646188,29.915596869823958],[60.61621022671659,29.877028946126252],[60.61653131896454,29.837741974862713],[60.625835441884426,29.799292522438652],[60.64374444981631,29.763202223493515],[60.66954177681968,29.730897856357966],[60.8604180258829,29.53589465541157],[60.86077091241391,29.535533950065634],[60.97877259832279,29.41499106824966],[60.97906683171503,29.41469056080248],[61.11138444726435,29.27955044775849],[61.11115356292117,29.26864008497804],[61.1140991146828,29.23307919368291],[61.124337842073544,29.198564899570044],[61.14152919853585,29.16622127964364],[61.30409075266377,28.92036588256656],[61.35830745009024,28.799079601726035],[61.37511954143526,28.769153237711254],[61.429500459564366,28.689943312635155],[61.459882222647465,28.655096427638156],[61.59483593721152,28.53133984559482],[61.59507574489703,28.53111985067144],[61.72690480218234,28.410142050656077],[61.76038996311493,28.38486644514454],[61.79885066478718,28.365824462632776],[61.941799628837316,28.310395821574257],[62.00109388106607,28.29548629770128],[62.079099542855886,28.285724676047415],[62.250045385302606,28.23650193412248],[62.28288129006044,28.21585192971522],[62.3970872208601,28.103491062937763],[62.4291061963255,28.077520650274653],[62.46621325281034,28.05749080337851],[62.50701281732432,28.044153871222875],[62.51916709241296,28.04241738460095],[62.5168114409288,28.021298941594626],[62.5196191013169,27.96533022368762],[62.56057968498002,27.77337348050517],[62.58725232402359,27.506455534512142],[62.5852601169175,27.496968833483013],[62.55531356749995,27.424818328291824],[62.545580985599415,27.39372691254327],[62.54168227132906,27.361654280601346],[62.540670157981594,27.326754822827766],[62.5368656060234,27.313186687477746],[62.530544881682495,27.275195419640085],[62.5326174124951,27.236849711617175],[62.54299614277359,27.199597149669515],[62.56128147173672,27.164842570512814],[62.571551407948895,27.149428504244938],[62.59729119821637,27.118229661762843],[62.62937539523368,27.092098871060465],[62.666572283364104,27.07203628319003],[62.71513888128723,27.051316827262916],[62.7492007832594,27.03973137489592],[62.78494057910091,27.03326130224558],[62.88856076036213,27.022237949306533],[62.948753058416735,27.02311636155568],[63.01246962976258,27.031795608361335],[63.01104644131431,27.020991722433227],[63.011798210392456,26.969823131611975],[63.01323617423195,26.960924269577315],[62.98984050768841,26.929082270542203],[62.973615337056835,26.893341866257714],[62.96548188874076,26.855487737633595],[62.963379450124826,26.8350847249084],[62.796132153121455,26.841298059486775],[62.75394451087938,26.839237486155124],[62.71882614990742,26.834489482215147],[62.66236395029691,26.819804296527828],[62.57100331363027,26.783681071299632],[62.399229863823926,26.755226674475182],[62.361053604919356,26.745652504234293],[62.30678054130902,26.727207711179958],[62.27585834390586,26.714169103823682],[62.247551195617696,26.697037086256387],[62.17477008650176,26.645200586026075],[62.1349381778327,26.608318241207122],[62.09831158467974,26.56413119477934],[62.07099477981139,26.560152896146064],[62.03250819257052,26.547718487118196],[61.997237738688064,26.529156596117787],[61.96639418498264,26.505106010209435],[61.943904703973445,26.479644688676107],[61.79058740142415,26.426533122279984],[61.74717368939768,26.40625507752021],[61.71971408016903,26.389723994185164],[61.68920901874836,26.36759206265306],[61.663561477486944,26.340982328501088],[61.643580328442006,26.31073849712343],[61.6112498218545,26.250049687418347],[61.59226907906266,26.194754555472294],[61.56341376722505,26.02536677296088],[61.548025866539746,25.935373026021683],[61.5276796242126,25.919992826652617],[61.49982268320074,25.894761327490333],[61.47743790540403,25.865466342918804],[61.46124563669769,25.833057142550683],[61.45444017807294,25.815324245183504],[61.443354367354814,25.769120307357756],[61.44477723418909,25.721904860588072],[61.44793615019559,25.702705278288192],[61.428082281797174,25.63376371575606],[61.42163559806956,25.598498957807262],[61.399220412935755,25.321210557172286],[61.39436304199375,25.30634887899499]]]}},{"type":"Feature","properties":{"name":"Nepal"},"geometry":{"type":"Polygon","coordinates":[[[80.55776341833341,28.4206424506803],[80.57765247690934,28.40530951324397],[80.60262103173685,28.388609247360083],[80.62720653721446,28.37442182807684],[80.64143265100986,28.366855213357514],[80.78657381335286,28.295824762968678],[80.78686795522202,28.29568080712975],[80.90723386966651,28.23678832381644],[80.90752422154473,28.236646295832017],[81.01600274712908,28.183604140686707],[81.01828608326628,28.180817386214297],[81.04599558403108,28.139812567088388],[81.07894546918351,28.102178227881055],[81.15081846882599,28.037760270785643],[81.17776073922076,28.017152039716642],[81.35282720329374,27.903159454172478],[81.36825304381745,27.89394302873282],[81.5177268949675,27.81226834463944],[81.63928437473392,27.745719485384157],[81.64892029058794,27.740726212114218],[81.74422045021164,27.69407145863568],[81.77953398034272,27.68014176436342],[81.8170254138377,27.671800561415534],[81.85557771280006,27.669296405260702],[81.89404269931615,27.67270399203245],[81.93820464170459,27.680062206396318],[81.97477072050876,27.689046220634356],[81.99327299846706,27.696767691184647],[81.99468134144371,27.696097326016876],[82.15985871119022,27.594294680383744],[82.1751310764979,27.585656275450884],[82.33862826810953,27.501071030129523],[82.38099431474771,27.484079903754157],[82.42640377268377,27.47523571828709],[82.47289276004614,27.474921016237687],[82.51481664566433,27.478518911635078],[82.51744953933716,27.469506760089587],[82.53359483238313,27.431126118369722],[82.55828831283156,27.396516657178804],[82.59046662031282,27.367158346230323],[82.62874961960121,27.344305560740988],[82.67149959414121,27.328934080034646],[82.87059485538953,27.27770260778795],[82.88952138711167,27.273603830024104],[83.0085065439064,27.252627051612457],[83.13295610907691,27.217545208936823],[83.19596340956092,27.191560084100516],[83.23540368397812,27.179133857283045],[83.27675756663594,27.173486990305644],[83.3185688446289,27.174818351040024],[83.35936543092416,27.18308112304047],[83.39771038328371,27.197984420061974],[83.47731229874817,27.237179246771607],[83.50988124412163,27.25671796621903],[83.51250581627508,27.258981415003365],[83.67360975534045,27.209144870564284],[83.693232424394,27.203946288579818],[83.77493397171884,27.185862939176243],[83.81893952472346,27.180176470406387],[83.86333758541078,27.182377593283654],[83.90636256031985,27.192378802895764],[83.94630260396401,27.20978235697914],[83.98156676884092,27.233895851302588],[84.00633581167081,27.2546349319632],[84.07550571936892,27.269012065646432],[84.08432367877055,27.271860448040123],[84.12764792745472,27.252013577502442],[84.15514791268943,27.241423794666385],[84.39932762492528,27.163998039497496],[84.43198835883618,27.151509314034733],[84.43159708513501,27.093064480903394],[84.43462390418294,27.059316365103985],[84.4440631634876,27.026521229009383],[84.45963330456634,26.995638084712905],[84.4912382444227,26.944999469911828],[84.51631207941129,26.9127848387856],[84.54800299293062,26.88560524728277],[84.58506652805418,26.86452419224239],[84.82597616790741,26.75543570079351],[84.89880885355694,26.712953404901327],[84.93047979273085,26.697588125915928],[84.96451318145814,26.68700747022283],[84.98305912684542,26.682712337616426],[84.99668079461601,26.663168034790203],[85.02173672334722,26.638007390872154],[85.0394108798415,26.623037013453676],[85.07448113497153,26.598785163218075],[85.11424002555223,26.58126014295079],[85.16260873754477,26.56507713346576],[85.19736190740609,26.55625436362137],[85.25000952820561,26.54694571314975],[85.29129913340961,26.54318236048163],[85.33264708935093,26.546375492189792],[85.37260436824191,26.556413139694545],[85.51562711928257,26.605585815203952],[85.52961505457387,26.57160512917542],[85.54940282773526,26.53538963708296],[85.57696916403103,26.503507363986238],[85.61116724955986,26.477277489847097],[85.66835230433175,26.441734615866714],[85.70261806096349,26.424252649486597],[85.7397983537225,26.412494407788994],[85.77871355924931,26.40683258939793],[85.8397401912667,26.40288628285491],[85.88611467822606,26.404246772013316],[85.93115165316324,26.414241432159386],[86.00921827061752,26.439574094915386],[86.05732050998995,26.424728896645004],[86.09964228746362,26.41570866356992],[86.20379345026716,26.402980092664258],[86.30003443359598,26.38476094502687],[86.32066545844062,26.377031843027307],[86.44154878398773,26.320635516884238],[86.45640731048236,26.314311814582386],[86.61392125062524,26.253479594044787],[86.65112608236076,26.24247342295964],[86.68990750320013,26.237532340689857],[86.72904822400348,26.238811260912968],[86.79007610505634,26.245685476659418],[86.8266273029044,26.252651034794372],[86.86134614327685,26.26504261580906],[86.93166394998083,26.296530783044854],[86.94230356295047,26.28591130485087],[86.98143983748393,26.26081726035557],[87.05860932891812,26.221915182086512],[87.10094524662911,26.205506185505126],[87.22137300921709,26.17163408363467],[87.26509616183898,26.163556722905945],[87.3097290508248,26.163535331578412],[87.35345033725156,26.1715705159499],[87.39447544152246,26.187334139820795],[87.44963084908069,26.214732265237757],[87.46955430794951,26.211129985634205],[87.50136889942513,26.207505211850005],[87.62147242937648,26.20166311764485],[87.6588134519625,26.202668976133875],[87.69542797561236,26.209306397936672],[87.78958633971538,26.23393108143412],[87.81423582496369,26.235805548922208],[87.91019462814153,26.199928304590202],[87.95305480466679,26.18829386655305],[87.99764062551252,26.184651457321117],[88.04212225398253,26.18915021275136],[88.0846742173489,26.201605213130186],[88.1164675702479,26.214232937888397],[88.15068169794966,26.231213951133842],[88.18101815753013,26.25334425197945],[88.2065236744983,26.27993010052029],[88.23447760989325,26.31490157549926],[88.25202458376909,26.340835104443865],[88.26494194784267,26.36886960058219],[88.32183546295526,26.52517010104189],[88.32194390756077,26.525468331705298],[88.37216980039584,26.663761849180496],[88.38099630225041,26.69829412719831],[88.38278245790855,26.733682706554863],[88.37865064606686,26.81620244866877],[88.36720347558607,26.870675116702497],[88.32122088998672,26.99188127535794],[88.29593741248615,27.037799739484573],[88.21110715024658,27.151552623102063],[88.24349179350897,27.372436181389325],[88.27977880582644,27.502974877792415],[88.30946262748198,27.561847826374404],[88.31670619461795,27.578093699846963],[88.35829089531968,27.684810226370455],[88.368586034294,27.723334439284343],[88.37600865495689,27.77278196785529],[88.37728762726765,27.81408425715391],[88.37337596529268,27.85871645298446],[88.36486403805836,27.899490958940408],[88.34690296132673,27.937801392226717],[88.32027434035466,27.971959799187072],[88.28614473823414,28.000459537100525],[88.24559653126626,28.02779461055735],[88.19885041059275,28.052005294067026],[88.14686864412968,28.065593370857908],[88.06029192188925,28.0784149073504],[88.04425297958944,28.080262381120694],[87.95414840121465,28.08770345687902],[87.91693631874328,28.088024890781476],[87.84414667970273,28.08328437004249],[87.8092296275969,28.078535316451788],[87.77559778909041,28.06900055344631],[87.62597777636829,28.014641292077947],[87.6219798137239,28.014229299269676],[87.58004803128878,28.018365730422957],[87.56089871671792,28.019520690010058],[87.46961842438432,28.021531224238906],[87.46151113453149,28.02157742267386],[87.30317518902207,28.019856150365676],[87.23501078202631,28.02736218594799],[87.16454957839376,28.079866199622565],[87.1239684799628,28.10391791560947],[87.03754189951222,28.143780897832283],[87.01367843243916,28.15325523907785],[86.92214064826118,28.18402475012039],[86.90338900782213,28.189498858665765],[86.89757561049919,28.19094858009589],[86.89676533847778,28.19202880170858],[86.87389635852188,28.214273389105816],[86.84479218581792,28.23857425335999],[86.80697884845897,28.264009073829072],[86.76391476383583,28.281846406216452],[86.71753976392826,28.29128160333676],[86.64132842625226,28.29940454865617],[86.59146900457247,28.299790563677195],[86.54274697337235,28.290470709265595],[86.48269087583807,28.272619196405298],[86.44266378887158,28.256712659964784],[86.40693090316788,28.234242218176025],[86.37686103264204,28.206070443403107],[86.36687539819465,28.19199439195894],[86.34058780879963,28.224446382487898],[86.30186018307853,28.25440511316095],[86.26462511642193,28.277096310014457],[86.22732344471765,28.295458381352468],[86.1867377352243,28.307258579260605],[86.14434306231072,28.312067627303772],[86.1016814071893,28.309710444969962],[86.06030468488815,28.30027264075614],[86.02171737157744,28.284097367053278],[86.0017637206413,28.273568883944257],[85.93203389432429,28.347338301561496],[85.89940892246143,28.37543564619975],[85.81821546992957,28.43230615401103],[85.77533654795003,28.455908370346197],[85.72752907397387,28.47047641358618],[85.67722050484082,28.475269921188357],[85.4206042072634,28.47392898506179],[85.36064388133474,28.478969991712972],[85.3700409472881,28.500146209410758],[85.38242697376846,28.53980013151987],[85.3852199583425,28.580846800966462],[85.384189403327,28.601209111918266],[85.37792030266279,28.63956081850067],[85.36324720731372,28.676103349238932],[85.3407254731969,28.709432670664274],[85.31121424972505,28.73826692195907],[85.2758442485673,28.761496120907278],[85.23597456375155,28.778225360416368],[85.20320963326327,28.788645180887794],[85.15772093183607,28.798559285904442],[85.10039043112448,28.80560424473234],[85.05221824812588,28.80695347512948],[85.00482128089332,28.79929674016782],[84.85194319000571,28.759300262031974],[84.84533539891682,28.762156959625894],[84.84260437325199,28.763145059722362],[84.82154238928278,28.788678644703445],[84.79446216276965,28.81198075607933],[84.76329858792764,28.83097193097418],[84.60709066863475,28.90980679465339],[84.57540823163491,28.93937359241934],[84.54569566930816,28.962593020015344],[84.44699631409877,29.026899410800585],[84.42829313051395,29.03784831836169],[84.4130072973658,29.045860575445378],[84.38861881042945,29.10330359868518],[84.34191750957321,29.221190489909215],[84.34094077125096,29.22360247311952],[84.31459005202946,29.287315489741076],[84.29598535777214,29.321563938815462],[84.27021933743661,29.352086380725463],[84.23823461563066,29.37775922443538],[84.20120541798978,29.397636637217758],[84.12170722913119,29.431580558894264],[84.09547528350701,29.44104526595158],[84.00930184813062,29.466726360357885],[83.96977127399288,29.475132670587996],[83.9291496579997,29.477253879306943],[83.88874698842784,29.47302159208977],[83.84986606808732,29.46257229719518],[83.7067556650299,29.411365701579154],[83.66723514379007,29.398181330140126],[83.6364822054209,29.427957421423045],[83.54441527630705,29.548738618885373],[83.52390020535118,29.571735180028284],[83.4039128473793,29.687313358227925],[83.38146874395218,29.70612524010003],[83.30174509131301,29.764266225539828],[83.2606186476096,29.78813310889914],[83.21451372069042,29.803721158107788],[83.1656120520698,29.81029227000161],[83.06968822064086,29.81398097002754],[82.97563884135168,29.85246717395352],[82.78463347670031,29.984800871013864],[82.63182955961527,30.094139693792258],[82.59404981094345,30.116039374007],[82.3562249661101,30.22559835099823],[82.34839083768881,30.232121131093002],[82.34700077143088,30.234706405242346],[82.31410998166483,30.31282164003866],[82.2965840740083,30.345034573326657],[82.24112003332976,30.426806430069878],[82.21324540942966,30.459584908832962],[82.1781728802996,30.486754666368306],[82.13738395271751,30.507164231303378],[82.09260590474062,30.519948104243742],[81.90377816581626,30.555654111484166],[81.88607841961046,30.558366218835886],[81.67267557785674,30.583505144607823],[81.62845397934666,30.584968896455095],[81.584734272867,30.579093421447027],[81.35962810970562,30.529088970431506],[81.31681229983813,30.515494208105054],[81.27798306058912,30.49486130452675],[81.2446788462333,30.46800946854004],[81.21821575893448,30.436003963086645],[81.1441962091592,30.324286047270967],[81.13990740169163,30.32746917717113],[81.09660121601064,30.347645592223554],[81.05239093557307,30.36319888675072],[81.01259399981923,30.373668353482866],[80.9712582957907,30.377750667592792],[80.92975259259843,30.375310848258486],[80.87114626924942,30.367187506601795],[80.8269493592797,30.357057191685534],[80.78598105287107,30.339546495823186],[80.72645225645644,30.30731398891709],[80.70112984583018,30.291405418316057],[80.6728962398509,30.2709647207081],[80.65312791207033,30.254821304741633],[80.5376744731311,30.14843926740275],[80.49165986133559,30.123543628545274],[80.4501654141886,30.09475006782194],[80.38630578749425,30.038620099103795],[80.36654817022584,30.018757027697326],[80.21952858029908,29.849032590823715],[80.195242707439,29.813828108467806],[80.11054462749338,29.65550460306399],[80.10292837478681,29.639425778616342],[80.04119471998892,29.49060742937417],[80.03092242278393,29.45655495260951],[80.0277578028255,29.421454833691588],[80.0288564222794,29.3329546576591],[80.01851195675698,29.27668934298545],[80.01196687450671,29.26942342395689],[80.00016502655787,29.262186272598125],[79.96605470008632,29.23647625457513],[79.938471795699,29.205381902901145],[79.918504269806,29.170137111677793],[79.87279771275212,29.063870329622663],[79.86415175575259,29.038815030643427],[79.83149452436004,28.914893595651098],[79.82577246440597,28.874286348050852],[79.82972429411676,28.83351673710945],[79.84316985983637,28.794329637292826],[79.862276393684,28.75422495704443],[79.88011196122561,28.72425908070454],[79.90349868117126,28.697387878958423],[79.9317518668575,28.674393735218274],[80.01060538877972,28.620370357037647],[80.01081904559884,28.620224016752598],[80.08772090573588,28.567566614820542],[80.10242718055163,28.558295706885488],[80.20067775704075,28.501389016629357],[80.29433820972578,28.44707745174044],[80.33951877494349,28.4268529993303],[80.38869279574958,28.4160156908585],[80.44912847779266,28.408896557418554],[80.49632665170448,28.40771345183162],[80.54277062618084,28.415202494245584],[80.55776341833341,28.4206424506803]]]}},{"type":"Feature","properties":{"name":"Maldives"},"geometry":{"type":"Polygon","coordinates":[[[73.70190823955431,4.106717568518291],[73.70874889559707,4.129029982323195],[73.71578585829941,4.1615405097987574],[73.71723670268055,4.172741182474326],[73.71884427368441,4.17875675055456],[73.72480619045564,4.212753181803283],[73.7259814984871,4.226376860748229],[73.72516520992282,4.267992729374137],[73.71563581216192,4.3085171596059375],[73.69781385079246,4.346156271588652],[73.67248723302797,4.379243667793313],[73.64077652049123,4.406314271580759],[73.60408541128007,4.426169282380309],[73.59353640832083,4.4305152546577995],[73.5570574013554,4.441590009697363],[73.51912668258045,4.445501840701211],[73.48114593043452,4.442106187527368],[73.44451867862534,4.431528525766662],[73.410598330914,4.414159719998553],[73.38063805073486,4.390641549012105],[73.3669668458061,4.3776023125209065],[73.33905675227204,4.344421149838143],[73.31905749737996,4.305979255682821],[73.31600852921558,4.2981141195131],[73.31152774409107,4.290746111241755],[73.30116403490686,4.271349685527424],[73.29306210741021,4.253915976033996],[73.27924908088148,4.2129774825848685],[73.2746743105964,4.170025031844526],[73.27955438729884,4.127105973411443],[73.29365529417687,4.086265758104851],[73.29922328026977,4.074499941880689],[73.31731367137557,4.043783900457611],[73.34063130742075,4.016801121868856],[73.36842011565042,3.9944260157430875],[73.39977935224347,3.9773836171184107],[73.43369277916194,3.9662261272487127],[73.44990021607674,3.9624669802385775],[73.48541784603826,3.9575481224984013],[73.52124275471381,3.9590884669320205],[73.55620459645162,3.967037688301361],[73.5891611670172,3.9811360821604618],[73.60654154752716,3.9905091861051543],[73.6385066714739,4.011993149024868],[73.66570451294358,4.039237957673888],[73.68710793278728,4.071215164496204],[73.70190823955431,4.106717568518291]]]}},{"type":"Feature","properties":{"name":"Maldives"},"geometry":{"type":"Polygon","coordinates":[[[73.55881997421011,3.0934827492127988],[73.57717911392214,3.112375931409607],[73.6047932664875,3.1482101387710744],[73.62354039972233,3.189368301873152],[73.63135661034973,3.2135366708695385],[73.63921486538125,3.2482497383535325],[73.64071763402484,3.2838068380481835],[73.6358155934932,3.319057533056005],[73.62466666438925,3.352861168258028],[73.6076309912046,3.3841237866730234],[73.5852593685381,3.4118335513191185],[73.57022054420776,3.427363900966949],[73.53823809033022,3.454086827625758],[73.50136001315612,3.4735361601732055],[73.4612198975093,3.4848501880413196],[73.41959611793614,3.4875276119639227],[73.39341959873269,3.4864533541594978],[73.35577313850496,3.4812675745995807],[73.31981091662928,3.4690043287356875],[73.28685555891246,3.450114690288359],[73.2581188979961,3.4252934259165664],[73.24151720333222,3.4079078174765876],[73.21565700321905,3.374229210058454],[73.19758723858732,3.335820095225234],[73.18813830989714,3.294447755986402],[73.18521338049861,3.2695442117966613],[73.18445960577597,3.231186214859415],[73.19113442799883,3.1934042046886053],[73.2049860574749,3.1576186729253344],[73.2254930342895,3.125174896848395],[73.23877606448258,3.108088156941327],[73.26597029721812,3.079509651787015],[73.29829748339989,3.056881375125252],[73.334474480998,3.04110128538264],[73.37306559783478,3.032795552781508],[73.41253949492256,3.0322937493730597],[73.43382426527974,3.0341483381349126],[73.46857501948392,3.040327010275065],[73.5016770822697,3.052564416612591],[73.53208029187113,3.070472363011863],[73.55881997421011,3.0934827492127988]]]}},{"type":"Feature","properties":{"name":"Iran"},"geometry":{"type":"Polygon","coordinates":[[[43.91003595267764,39.06913311515135],[43.89893114969187,39.04612494694222],[43.89094375250393,39.00793717013161],[43.89273737317701,38.96923640087203],[43.90422784853203,38.931513950597086],[43.930661715972164,38.87156143405044],[43.96077083211006,38.8245929191359],[44.01003278749352,38.76790406752799],[44.004791357778636,38.71787034276378],[44.00540164131881,38.68076679587039],[44.01491172813928,38.644374790372275],[44.033543631680935,38.59650776542744],[44.04446778521905,38.54608199303615],[44.03886382652442,38.42863387162671],[44.04272942918449,38.38608201659938],[44.05054978604218,38.352264246925586],[44.0640729019976,38.31501052168355],[44.08659100377027,38.28050378340137],[44.11722970144668,38.25006710228636],[44.1237838174398,38.24567385577531],[44.11145949002739,38.21268183350648],[44.10692963592449,38.20400159342855],[44.060468326750815,38.15052005931814],[44.03712525277264,38.11701039859344],[43.9982509622764,38.04531784410186],[43.98471356348617,38.01264922241769],[43.96731979105739,37.953494702040864],[43.96114032450018,37.91792423797361],[43.96326478162725,37.88203438595656],[43.97361123810583,37.84701533830841],[43.98530588807402,37.8191598431719],[44.00491513964872,37.78416972587172],[44.032673114134695,37.75278293989667],[44.06753434816243,37.72617205267635],[44.108192113583364,37.705330383392194],[44.15312723239997,37.69103549675342],[44.20066412524976,37.683820683525624],[44.23303981748522,37.68142626649407],[44.23345160136295,37.68114167569394],[44.26153945446819,37.66431863476962],[44.29607016130899,37.64648943073978],[44.296664208255926,37.631259124542304],[44.30164060330343,37.597655136629946],[44.31379162227656,37.56519391373992],[44.32630935903253,37.545149654439996],[44.32441085648357,37.518472815223014],[44.324035697709434,37.50493406808876],[44.32514152950036,37.43395110674558],[44.32993804816622,37.39773639864751],[44.34303382773343,37.36281115694962],[44.36397338948083,37.33036205007594],[44.392037255392246,37.30149036595898],[44.426267279242175,37.27717503870196],[44.46549956911452,37.258239907211184],[44.47398335579341,37.25494984598254],[44.511363581731324,37.2325589617962],[44.51165837535724,37.19593558454974],[44.5178324505331,37.15228338204637],[44.51731565000795,37.13665353515756],[44.51763203496374,37.12923326190934],[44.52220561384571,37.09760522244865],[44.53309938885348,37.06695588080086],[44.56154601582715,37.00603185156098],[44.64138236449554,36.752170924055854],[44.65815086676885,36.71491482658523],[44.683843943262644,36.681055256346596],[44.717422561594105,36.65194836429021],[44.7643677764279,36.61860971862049],[44.78348237916771,36.606892931079685],[44.78319524744021,36.59419828917225],[44.78507558440155,36.522727326557],[44.78853127741157,36.49364988193478],[44.79729218665843,36.465287189256806],[44.819498420326894,36.410891688006025],[44.84189628800513,36.37129953027165],[44.872623797936754,36.329751891398274],[44.893982671254655,36.30526280037184],[44.919671842686526,36.28363176366281],[44.94826946274126,36.26291618571941],[44.993506872113684,36.23691279818518],[45.03421300093089,36.223281032414526],[45.11396247745504,36.005824414956805],[45.1230132182537,35.973051216114385],[45.13894177853956,35.934504523235574],[45.16427065695409,35.89938426806706],[45.19792048509024,35.869172208072655],[45.2384655315087,35.845141786659745],[45.28419416963406,35.828305208362714],[45.33018994136623,35.8157798555729],[45.38004351190754,35.80674368014729],[45.43110314957955,35.80628359681818],[45.43702738695593,35.80673327236411],[45.468401769342066,35.788382316751814],[45.52311697698605,35.724542220086825],[45.556710924275066,35.692980670535455],[45.597685499841084,35.66780579449883],[45.64422250499298,35.65013198590459],[45.6970404510563,35.635316152144206],[45.74868389526063,35.625746696473],[45.750276527675204,35.625737839104914],[45.7342157105149,35.56879621679728],[45.728766479346206,35.539458317097775],[45.72879623244957,35.509780088032755],[45.73323084305576,35.46243163778606],[45.74276055436544,35.42068114419922],[45.76302327828712,35.38153293489989],[45.798362233082614,35.329594124926665],[45.82166688710346,35.30134291307676],[45.88250332522217,35.23968594282152],[45.88353304337833,35.23556473306601],[45.80831955386955,35.20337924075659],[45.77043840245475,35.18324340573329],[45.737845470428816,35.15769361480466],[45.49525157199152,34.927270462108915],[45.466504203773546,34.89316777575608],[45.447123154095145,34.85488995273122],[45.42918650639906,34.80520511175736],[45.42160449319917,34.77644051674513],[45.420863180879714,34.766863921808],[45.38926878612275,34.75659105706353],[45.34775220079964,34.7340141944515],[45.312833071098794,34.7048947812093],[45.286007741112776,34.67048757947429],[45.268419601225354,34.63227326451712],[45.2608112726734,34.59189405620562],[45.260396497694735,34.5850493291438],[45.244207572248406,34.558124383666964],[45.23096708557347,34.53128328532504],[45.20932921045046,34.47602676464495],[45.19910759905995,34.43616024843544],[45.19906182251126,34.39540666139766],[45.2091793838608,34.35550337490001],[45.22901593152892,34.31814919458795],[45.29691291896958,34.21928735056442],[45.24360392640181,34.14893346649928],[45.23699662292249,34.1396499815744],[45.18810865926156,34.06638232448009],[45.16872658890912,34.028341404660786],[45.159358659339425,33.98779169251882],[45.16040092106817,33.94651000884444],[45.17179305248812,33.906302675802614],[45.19302354168031,33.868926621134975],[45.20495928067878,33.85258913872311],[45.229803810751726,33.82449032278827],[45.260200570577574,33.800435055814575],[45.29520427678107,33.78116857565134],[45.310132079831824,33.77443749169549],[45.47614588709981,33.57707031551766],[45.53838191888111,33.49646255029921],[45.56560566881291,33.46748448872905],[45.598794296365845,33.44319940405148],[45.636797852998285,33.4244460334075],[45.65416554151441,33.41918654108882],[45.665916605515086,33.3963011573446],[45.69395963097906,33.36291344878337],[45.729605634317416,33.335019988392496],[45.771337845122204,33.31380333979551],[45.81738556436045,33.30016254123975],[45.82770746734201,33.29807190885786],[45.89029817952076,33.20599425484482],[45.8756780477113,33.184610188867325],[45.858644737798585,33.153793435245625],[45.84819232917071,33.120992562736944],[45.84462272357293,33.08717874147794],[45.844485564414654,33.02888595165009],[45.84923682072156,32.98905822514593],[45.86196163384782,32.936743837621194],[45.87405113522322,32.90285925604479],[45.89314970850566,32.87132098068553],[45.918639702623274,32.84313775165744],[45.93836919187877,32.82495233384938],[45.97271222044689,32.79894078319538],[46.01243907324479,32.77905276614873],[46.05602092938336,32.766052683800886],[46.10178333889752,32.76044019096235],[46.25622526543988,32.75426168697817],[46.28052687592071,32.74778560026951],[46.43658516199657,32.67068844285924],[46.64299151353586,32.53332035816103],[46.64347144480309,32.533000869819304],[46.82282283188334,32.41362286344758],[46.823254851211715,32.41333526949181],[46.97596661874002,32.31170098313927],[47.01141916502314,32.29216508623808],[47.05045022966308,32.278327492528156],[47.091789064469864,32.27063862208446],[47.13409110415776,32.269348861597386],[47.19721926666539,32.2722286716726],[47.204379997469914,32.25949208890738],[47.296463381799555,32.074456533643065],[47.320320211883136,32.03781591453115],[47.35273778891277,32.00624299942429],[47.41377134690848,31.958125210960358],[47.522569214051,31.824410580079213],[47.522916199227105,31.82398448505156],[47.57241507398782,31.76331605544744],[47.53347361108286,31.663779148282583],[47.53226726759382,31.660603214890838],[47.458301186378854,31.459709618225677],[47.45033270147569,31.4303127676553],[47.447710503444995,31.40022770254881],[47.4483540667395,31.141132765625485],[47.44869681490785,31.002036469577266],[47.452971777302174,30.96457643999673],[47.465457326842206,30.928495326723308],[47.485692279635806,30.89510007184762],[47.512936918839806,30.86559907050095],[47.546200583260756,30.841058850680298],[47.584277864581004,30.82236597361821],[47.62579206934434,30.810195450383603],[47.6692444124205,30.80498673691232],[47.78190188866244,30.800718181416332],[47.78353456332586,30.65465659316242],[47.78545804293487,30.463931173205843],[47.79031804029102,30.42513079509899],[47.803928541094216,30.387916738188334],[47.82575006770623,30.353737743229495],[47.85492602016677,30.323922992146713],[47.89031689261303,30.299630907286243],[47.93054490992584,30.28180468573631],[47.97404732033146,30.27113619229173],[47.97490468766895,30.27100297190463],[47.976404858701805,30.26835081185637],[47.99971290621338,30.235642852243426],[48.029899851129855,30.20744500186737],[48.073630646987226,30.173806461858693],[48.11111651103334,30.150365531980512],[48.15329094230875,30.13391674418674],[48.16190226509453,30.132242103890515],[48.162936518175094,30.12259195435239],[48.17408224305539,30.072372083746405],[48.18887081151246,30.030938617843937],[48.224928698049894,29.958982464477018],[48.249563086917654,29.92157056388584],[48.28295899462123,29.889671930636617],[48.32688554211958,29.8559353158172],[48.34709153353088,29.842091321856135],[48.41499553945824,29.800705126136833],[48.45065851745314,29.782887419741417],[48.48943342755489,29.770918804300038],[48.53006073505734,29.765188019680725],[48.57122170385052,29.765881318222196],[48.61158046051903,29.77297649283149],[48.660519846909736,29.785642998109914],[48.702123267894194,29.80040055678744],[48.73960511936881,29.82193634817639],[48.75703609922633,29.83424686974113],[48.84369552187331,29.83806595091053],[48.89164304960644,29.844637278917997],[48.93692353325302,29.859840360960074],[48.9774946932593,29.882990602597257],[49.01517445358384,29.90985053356098],[49.05491365741195,29.94638875800766],[49.10399682164728,30.004814538523547],[49.12465041018012,30.03453664811321],[49.129963147161526,30.04652711232635],[49.29487310128794,29.968929015012538],[49.398501774708414,29.884785578562457],[49.43496055169757,29.860622195019786],[49.4762542522151,29.84326975867182],[49.52071671687913,29.833427777599205],[49.566556114394544,29.831493002911667],[49.611925971874754,29.837543680083044],[49.654998238544145,29.85133640277669],[49.919065447246524,29.962768464329404],[49.94892090535117,29.86881114226375],[49.96414402053311,29.834028837460295],[49.986599764438274,29.802337395121327],[50.01548907701015,29.77485538215531],[50.05817972296093,29.741201158883392],[50.2006652338718,29.565346813806332],[50.22934812695348,29.536301706580527],[50.3713535860045,29.41767036497865],[50.436777339106136,29.33894819740424],[50.437774975368676,29.33463094407514],[50.42195959718126,29.241080566206385],[50.4196142040658,29.20704106992074],[50.42399948153857,29.173161067966767],[50.434978442133875,29.14044684509049],[50.46419492565581,29.074873444453974],[50.4830151253699,29.042010112397968],[50.50845554296457,29.012761183705233],[50.539634980594684,28.98813368941104],[50.57547704582197,28.968974910089514],[50.61474719043373,28.95594361200207],[50.61980974714106,28.954719757149444],[50.6170579605838,28.928346479274623],[50.62049303359644,28.893483594285208],[50.63088525322545,28.859701550515144],[50.65501169930648,28.80207840005929],[50.67639712801084,28.76411882695887],[50.706494581447615,28.7310227058175],[50.74392142771415,28.70430195509031],[50.84675413248076,28.645637440250287],[50.8708143878997,28.48615635318328],[50.88476195261195,28.439081672221164],[50.91946265228797,28.362188877227165],[50.93599681968491,28.332860106523587],[51.05363486795043,28.16109271504805],[51.054869459854565,28.12533463997955],[51.059889502678175,28.089297445488572],[51.0722813339469,28.054682984834937],[51.091620978904025,28.022655629932636],[51.11725242334655,27.994291677134292],[51.35691623513188,27.773261820850028],[51.38633962845959,27.75042318954842],[51.45679428998109,27.704695340051817],[51.49108499497061,27.686363410027557],[51.528516377590634,27.67375193752008],[51.60563014110716,27.654548955933073],[51.638003029865985,27.648724936953094],[51.67099332935569,27.647195984794763],[51.82834244458102,27.650132306565766],[51.942506492262005,27.63573885778367],[52.057881766468,27.559055799924728],[52.10923657926976,27.533491600095832],[52.345746593711894,27.449642298950856],[52.40489099813478,27.392272893235116],[52.42581926257336,27.33291139990777],[52.438326546168476,27.30502514216372],[52.455426933171374,27.27914431870035],[52.508905245582056,27.21061938983384],[52.53417117881052,27.183672054020242],[52.5643774544796,27.161123338024375],[52.85506213766173,26.979969652117454],[52.895382278719964,26.959973982138827],[53.24010290326438,26.828132980222723],[53.286364616745296,26.80315717268634],[53.30995507670457,26.761877574852093],[53.33975159340581,26.722329443011382],[53.3792401499297,26.690299438353023],[53.57772374062023,26.5643289484961],[53.62107526563194,26.542843918124266],[53.66866892932806,26.530543988274555],[53.785259663724524,26.512707575450378],[53.847312705926605,26.511108877632694],[54.05705874166563,26.532096029824356],[54.178210425619675,26.507730136483556],[54.411730196772425,26.416514464293794],[54.51510149895703,26.349056816917486],[54.55264015048698,26.32928872475495],[54.59375901464764,26.31651409588551],[54.63686204524859,26.311228260978357],[54.75100787798418,26.30737946126565],[54.79900961535797,26.310454488381744],[54.84512493572654,26.322800815867527],[54.98145678626163,26.37432086437782],[55.025852885557995,26.396795948277546],[55.13886213389769,26.470535854573374],[55.14408906086886,26.463826606361234],[55.17615885459528,26.43646764070677],[55.213651200280474,26.415384785843592],[55.25506180401722,26.401422073425586],[55.283921448949016,26.394550669260887],[55.33291695313895,26.388032120244755],[55.4160642548386,26.385402303156297],[55.45426732550608,26.387156020817642],[55.491555568687545,26.39479913409903],[55.6107997418262,26.42916184520714],[55.65415930767695,26.446433890712253],[55.74446092721054,26.49336069606041],[55.769847166730834,26.49567629201353],[55.80263823566776,26.500925752508234],[55.834173757812216,26.51053317348775],[55.86378310138672,26.52184630901985],[55.88391928990106,26.513688170563036],[55.92679334288721,26.50487730909263],[55.970753112695455,26.503843196386082],[56.01406271269357,26.51062648583501],[56.055011600314835,26.524959223347235],[56.09198109441678,26.54627527488062],[56.23252383892568,26.646172129197655],[56.27672916623534,26.688314342928106],[56.33078622652023,26.757888349271866],[56.3580177918379,26.767099850571604],[56.39865594169981,26.785300707656205],[56.43427870790076,26.810538884695834],[56.46338374431339,26.841752873077912],[56.48473979526721,26.877628842499597],[56.497438966930936,26.916655329748842],[56.50093600707194,26.957186384952404],[56.49905849247117,26.970101668270793],[56.65396405094582,26.939789394716552],[56.67717127654726,26.9294770521461],[56.73823150055741,26.869845204513428],[56.79005647497715,26.805653347500755],[56.82718688697992,26.733617374111635],[56.85369054418483,26.64527349080904],[56.88488347839814,26.35312863101103],[56.89038115774321,26.32427203687584],[56.90055763648371,26.296451880461074],[56.982811088689104,26.1171175210693],[56.985948733888605,26.031260236924535],[56.99097938380645,25.995183140027805],[57.003252367157074,25.960531553920493],[57.05881049660328,25.842256336103237],[57.06654882394064,25.82748940385542],[57.14035273905773,25.70030320659035],[57.161953853078295,25.67006328191033],[57.1892409415019,25.64383781137428],[57.2213116150126,25.622490100005805],[57.2571079096957,25.606722335424934],[57.295451002250566,25.597052808970112],[57.612643260849985,25.544061475914646],[57.625276844600215,25.529796288764636],[57.655707728892445,25.501661703121545],[57.69166327428562,25.47950303963133],[57.73172577935066,25.464191664522666],[57.774318318741635,25.456329228056457],[57.817766109263594,25.456224409418372],[57.860361419298734,25.463881027417628],[57.902771266402254,25.47555623651971],[57.959889572950914,25.451485011093904],[58.14018339625252,25.40236741244825],[58.180430585210146,25.395004294077907],[58.29156506651927,25.384288968051653],[58.327981068818495,25.383519759815425],[58.52092668250745,25.393858635506334],[58.72156781609409,25.36545681049632],[58.93250922137447,25.24883171053999],[58.97284773778181,25.23131673494602],[59.016242345512296,25.22158873296952],[59.06088153480327,25.220053092901342],[59.24171171898214,25.23049622956803],[59.28301329891215,25.23648987414026],[59.4284950827478,25.27073073206186],[59.51268805131626,25.229554130136886],[59.56185733508198,25.212033674969845],[59.61417980696077,25.205688882585374],[59.76183270501485,25.203988300795523],[59.79271794034358,25.18866402152693],[59.82736197691361,25.17484188729291],[59.86409025097793,25.166630622317722],[59.90180393110964,25.16427541653839],[59.939375298873756,25.167846365339496],[60.02351837936753,25.182577814592815],[60.35521826951206,25.11846593469062],[60.395171866394534,25.114120059201976],[60.435294773809936,25.11648908958683],[60.47422705809548,25.125492373888573],[60.51064869830567,25.140824480188915],[60.51224886285741,25.141860207895043],[60.53626437716178,25.122579293080747],[60.57314801190202,25.10299549910208],[60.61349265826495,25.090273665358218],[61.04803025932686,24.994274251457647],[61.17296440833808,24.955344735629406],[61.18933534465964,24.950874703973295],[61.35831515468142,24.91107309648925],[61.396205219515615,24.905289161795782],[61.4345903359115,24.905626530265444],[61.47228062535755,24.91207435660954],[61.5081075889376,24.924432468917942],[61.540959790772035,24.94231751567002],[61.619020278190106,24.993803050982237],[61.641128248908494,25.011590180915736],[61.65882597949957,25.01537371779777],[61.6964489315321,25.03068899496444],[61.730178042432,25.052179035992992],[61.758801286333615,25.079072985241442],[61.78128775179817,25.11040571119643],[61.79682472690557,25.145052036868382],[61.824499336866744,25.22878507937508],[61.83301216214162,25.27030179590622],[61.85678111951922,25.550919255380403],[61.88319038876193,25.641381709236928],[61.89004907647337,25.68038527737294],[61.890034469256655,25.680688181747463],[61.91944906637619,25.710013506084913],[61.93616519034526,25.73225290992088],[61.95848670982997,25.770370712705457],[61.97105899455834,25.811986721131397],[61.99771382102298,25.9644113950012],[61.99775401455953,25.964641637660502],[62.0181885824627,26.081958552676653],[62.16887954468997,26.134024125678916],[62.209458472124,26.152558312714],[62.22109698397629,26.160990507164108],[62.26024627189837,26.160511542918798],[62.30505062109628,26.16842215196737],[62.34703186436994,26.184461025935974],[62.38438529294972,26.2079388112452],[62.415502505425316,26.237846327905945],[62.42576268411073,26.250038292246916],[62.45260490125504,26.29172116258273],[62.46734710155305,26.338039665255256],[62.46912281384186,26.348212137370314],[62.472361871112646,26.352103939871938],[62.496084018493605,26.368967990767327],[62.499944851868186,26.370279036595967],[62.67738492007511,26.399634883256365],[62.72657941036599,26.413213784830198],[62.80875198339786,26.44570537916739],[63.08447057823803,26.43529521897453],[63.12144174707805,26.436632976081487],[63.157614163826516,26.443472243174266],[63.22234823888717,26.46087893626734],[63.2605868968325,26.474764188139993],[63.29523108063638,26.494787949370238],[63.32506729770313,26.520249797076083],[63.349048211454345,26.550258767115675],[63.35931707597379,26.566061610453314],[63.37852215988789,26.604662227578764],[63.38805154572525,26.646073876173745],[63.39642855536561,26.724439462483982],[63.4129812457404,26.739269460109107],[63.43638386079127,26.77030033604339],[63.44518910069233,26.784787162017054],[63.4629454098255,26.823234489533295],[63.4712344388601,26.864186651043113],[63.469676015192086,26.905818984708553],[63.45770799280798,26.98194222956361],[63.47842085298051,27.00069905630628],[63.502316178526144,27.033304214673436],[63.51851740731006,27.06948217652791],[63.52638420231323,27.10782062253585],[63.525600129737036,27.146821343073853],[63.5220439882762,27.173727293205783],[63.51465086479645,27.20604544201861],[63.50129928835541,27.236844175085793],[63.48235747965991,27.265261873394483],[63.437104836605215,27.321768560631114],[63.41114291823176,27.34869977082498],[63.38018316879656,27.371104038295854],[63.319986908726264,27.407202560954882],[63.264788459620405,27.431225640643014],[63.23544745629235,27.439790305631107],[63.18446100911978,27.449000450451493],[63.13250369243897,27.447471673864605],[63.025137727233805,27.432992709040704],[63.03084394196712,27.459626739058578],[63.033952384357285,27.513039388594787],[63.00492059390045,27.81656036689876],[63.00200504603646,27.83575403667392],[62.9656641922021,28.009567398322815],[62.985601917002576,28.181457726444258],[62.98579769948012,28.21985292164747],[62.981397379043166,28.261358447883513],[62.97307525156749,28.299237788909153],[62.95652436493025,28.33499614724187],[62.93236966678976,28.36726459507426],[62.92378329526652,28.37660216433441],[62.89580625215702,28.402002357481148],[62.86312758959374,28.422630701508798],[62.826794107792836,28.437824134479985],[62.78797190934473,28.44709382308313],[62.74790857209127,28.45014117584151],[62.71601052796255,28.45004709335431],[62.68780387368861,28.44839681273832],[62.65268358839773,28.44437279468863],[62.60143869643229,28.494898279351467],[62.564615662271756,28.52399858539037],[62.48370732558475,28.574966143030874],[62.45445001152377,28.59057404333324],[62.42283876935907,28.6021172337285],[62.20002844603845,28.666328147454283],[62.16183371251208,28.674149561379814],[62.09509731203553,28.682517576368536],[62.02167143197745,28.71101786060222],[61.92108409142044,28.803573069328653],[61.80374220259654,28.911531797693602],[61.77238109944137,28.957469194437557],[61.71940699533881,29.07706318618182],[61.70478282934035,29.10386647416485],[61.56590939536424,29.3153004403287],[61.56621362906235,29.327122251839484],[61.561782539065916,29.37062737530413],[61.546462433274385,29.412241318334143],[61.52544217544928,29.453092128410724],[61.491504632673326,29.500001512968694],[61.32553411989129,29.670218093599317],[61.20792285417606,29.790800790438638],[61.14133178852613,29.859191962411785],[61.27924166210754,30.0013276881882],[61.279778058657534,30.00188136570473],[61.50740173757341,30.236858944583695],[61.507939521956814,30.237414150142364],[61.73585799897287,30.47273086509559],[61.73643370582035,30.473325445790085],[61.961228104324974,30.705570131497286],[61.9880028564147,30.73987457474527],[62.00587586838986,30.778213692518687],[62.032704791035805,30.859503406988097],[62.04136458060867,30.909228284138223],[62.04517295079414,31.068477343686855],[62.039087744150265,31.117722017065862],[61.98040862863555,31.33054424278722],[61.96230422661395,31.373270803751193],[61.93320010206862,31.411346071239656],[61.83835581977773,31.50859632664081],[61.80849954169504,31.534042718239213],[61.77370284781761,31.55445966551764],[61.735121635874755,31.569166718678837],[61.69404010684086,31.577673248187057],[61.38004047926016,31.616962180126187],[61.14440497705934,31.646468815188555],[61.02667269793988,31.661287980350227],[61.03440422668913,31.705620718720223],[61.03581536745759,31.753771330371464],[61.020719978094135,31.88487614597219],[61.02277515595975,31.967900377976818],[61.05739916470761,32.133714107397566],[61.060909735092,32.16350869158353],[61.06317023324447,32.24493964691272],[61.06137736391503,32.274414664767306],[61.05439684145566,32.30333594093957],[60.93642485439494,32.653976941102606],[60.87104909026863,32.84823986741118],[60.80640828987345,33.04040093496446],[60.79818520023039,33.07670250383761],[60.89897870299384,33.195164281270735],[60.933163344974055,33.22332064899056],[60.94871966007649,33.237430807995395],[61.03500864550604,33.323610354160145],[61.08601255184767,33.36682288351243],[61.11619035593272,33.398185754531994],[61.13814621389824,33.43398309974629],[61.1509632926071,33.47273658220044],[61.15409952415012,33.51284391614788],[61.14741185490491,33.552644697038176],[61.13744012341764,33.5863991189857],[61.12332415526116,33.62040770348023],[61.10200354723579,33.651716114951135],[61.07418088962238,33.67928142084687],[61.04077792109333,33.702184328255576],[61.00290522574186,33.71966022462576],[60.96182518874568,33.731125104127734],[60.86113170449253,33.75090409670357],[60.80999798297733,33.756156756996056],[60.746176132030506,33.756903712342115],[60.75729734584645,33.79175345668685],[60.76476269410474,33.82983103860923],[60.76316560876501,33.868380668204246],[60.733053192986326,34.05591018701293],[60.77353804141682,34.11549819830641],[60.773887144853006,34.11591936441375],[60.90332052596504,34.12230030400754],[60.949032457317394,34.12822849801729],[60.99252531999198,34.14130707669396],[61.03217847721297,34.16104854885812],[61.066511847566986,34.18671702517963],[61.09424047297497,34.21735521067696],[61.1143223950455,34.25181958522578],[61.125998091006295,34.28882255532216],[61.128819940131066,34.32698010127715],[61.12267047425019,34.36486322513215],[61.10776851429147,34.401051335581805],[61.08466270697934,34.4341855969645],[61.05229872282905,34.471616661274915],[61.056899100999836,34.47467851870986],[61.083780912687345,34.489333612452874],[61.11710562105202,34.51121505890442],[61.14522682851273,34.5375872338846],[61.16725748225399,34.56762268091144],[61.182499326458895,34.60037822209541],[61.190465380950265,34.634824246886005],[61.19095052989023,34.63883796451163],[61.22631028967362,34.67411691236214],[61.24877038750539,34.70065438908068],[61.28850249584986,34.756835034393596],[61.30954336620832,34.79561751462863],[61.3200142023887,34.83717661596844],[61.31941674692351,34.87959677882038],[61.31676941797585,34.897697304667446],[61.33248887492234,34.93174112803762],[61.339503699842595,34.94938327287979],[61.34971439113494,34.979832892558875],[61.36532362557827,35.005097123638144],[61.3820070209282,35.03991344427692],[61.39038086079466,35.07666443637504],[61.390134624500064,35.11403532862027],[61.3812656488493,35.150687465104355],[61.37000409817906,35.181488429423545],[61.37495670095669,35.18552374559511],[61.39957626417733,35.21435133714672],[61.41757062541984,35.24626753518725],[61.42836501782142,35.28026641218571],[61.435121091479616,35.31344907790994],[61.45507509535273,35.36051586009609],[61.45633443561916,35.363564238898746],[61.46562357375666,35.38666087595827],[61.4794577401027,35.40324702187989],[61.50022015240229,35.43352978560977],[61.51417491553861,35.46628672324264],[61.520885210420936,35.50051147264666],[61.524320787901964,35.54014786041827],[61.52408875675317,35.57036456055763],[61.518178629283035,35.60018961595799],[61.49853933308989,35.66638039543923],[61.48700268348417,35.693006916208745],[61.48968116286692,35.699468483341796],[61.50006496087499,35.735198997688805],[61.502120814766386,35.77185610884987],[61.49589520911134,35.87766554305597],[61.48852665145952,35.91728512901991],[61.47140055218409,35.95486648964204],[61.43354532240683,36.017375161559066],[61.45008524428436,36.0527694376944],[61.45712279794061,36.10001361777479],[61.45701034912973,36.191408205316094],[61.446879882112064,36.24737471365672],[61.417550669620894,36.32681745079233],[61.40665694956056,36.43570848306216],[61.415682395850396,36.56164271868],[61.41388239318665,36.59939232277949],[61.40314113302947,36.63615692454155],[61.38384037046832,36.67058837097839],[61.33368588303989,36.740979335272655],[61.30367430350254,36.77436831505866],[61.26561755666077,36.802022002144476],[61.221171980495136,36.82273090643513],[61.17227850785444,36.8355881852034],[61.121076965477265,36.840030122791546],[60.70833129830177,36.840464746874005],[60.70450539146198,36.84043884305841],[60.46659563408837,36.837128949375376],[60.38584593642109,36.9371020382383],[60.38188257889097,36.941849359022385],[60.26655706465051,37.075474847956876],[60.22517672167342,37.11234700782836],[60.110978482025935,37.19120481646306],[60.05397384953794,37.2206481801504],[59.792102581931665,37.31775364272169],[59.78130001628927,37.32149764336713],[59.69420082106596,37.34970170770024],[59.63177655076661,37.3927945764316],[59.60178132954412,37.42057755913578],[59.590519194959285,37.476589801409226],[59.577077326441795,37.51625449171093],[59.55939941420847,37.552708781970765],[59.53350474526498,37.59210600234967],[59.50835647469715,37.62163825550718],[59.47332365969187,37.65437828103674],[59.43013522224255,37.68031729366574],[59.402462025125665,37.69343113347701],[59.353475947795864,37.7112394242465],[59.30075778412426,37.720275263152395],[59.29975568315392,37.72027246212557],[59.055399292080146,37.82401090806249],[59.0206836897071,37.836105047606296],[58.89865528978924,37.87002928817758],[58.84780975673127,37.87954906929889],[58.79553986653438,37.88049375144588],[58.74414370182265,37.87282131861676],[58.681926664308826,37.858053992202734],[58.656098740240296,37.86753582700576],[58.61216397838926,37.879858372189474],[58.56606957985715,37.88550533342881],[58.51942897678979,37.884278738567225],[58.473875296272986,37.87622119013379],[58.43100288580973,37.861614387543796],[58.389337237679435,37.843595216217764],[58.28315688981153,37.9251355263141],[58.251263882822855,37.94582456610286],[58.21546818993429,37.96207679596178],[58.08701969496535,38.00960057712719],[58.07737864388168,38.012966748313865],[57.98481991823241,38.043411390358784],[57.96455685069795,38.049270067263144],[57.78653370903236,38.093816920294124],[57.74968878061764,38.100639063430634],[57.57822294904753,38.12164173050827],[57.57496285010853,38.13777399314667],[57.56080438716893,38.17015211848165],[57.537566184714734,38.211255695498586],[57.50782485938438,38.2506953782488],[57.45993425642503,38.299987681891395],[57.43459481101694,38.32230326857649],[57.40523650556057,38.3413463806196],[57.338568579409795,38.37823874081868],[57.28840336939342,38.399720011058236],[57.23331670040812,38.41173868154622],[57.17616546510618,38.41367085302095],[57.07333080854314,38.40789566105559],[56.95335182234801,38.41005565825503],[56.85943571857275,38.43637501891371],[56.79526543723248,38.44718853072166],[56.690308061566135,38.453801468471156],[56.65259458639143,38.45393764965305],[56.5351529376091,38.44738671536587],[56.44025114544863,38.447208408415996],[56.386301226375025,38.442493968819136],[56.334886766102905,38.428812948705584],[56.261016797160295,38.40185025578204],[56.22637102106704,38.38646462484517],[56.19525050783576,38.3669855490435],[56.15246357844835,38.335531710124414],[56.11927513779491,38.305671283297826],[56.097579843040286,38.275690804579455],[56.062569953691174,38.27544388603102],[55.86729081924313,38.2914071042919],[55.84813419857994,38.29237809494011],[55.58455960227969,38.2975255447091],[55.54375036314408,38.29566413018668],[55.503862566468435,38.288621845976316],[55.30585720671515,38.239878117213244],[55.25727524205941,38.223263364096645],[55.10087983923265,38.15334024327577],[55.08523577494901,38.14571831716401],[54.93593421781685,38.06669991024016],[54.90827397151221,38.04969485546964],[54.73271643405671,37.92490708475727],[54.69866727879901,37.89515480923021],[54.647267172338914,37.8397999193536],[54.61434194293156,37.791371057076255],[54.54137973324941,37.63476605588851],[54.498459577718066,37.62745945664658],[54.37798719569794,37.59471911029889],[54.36105375271621,37.589552346275],[54.22069101464968,37.54188756624235],[54.167800105580035,37.531556728217545],[53.9263399667591,37.54116899602302],[53.876544536342905,37.539129197790295],[53.82826636799543,37.529240539918554],[53.783451557084526,37.511901695595725],[53.74390363240333,37.48781136840385],[53.711209875442144,37.457939596144335],[53.68667716633249,37.423488029847846],[53.67128001672962,37.38584092126831],[53.66562280519282,37.34650892581826],[53.669917518550626,37.30706809366743],[53.70819749207809,37.14532300300426],[53.71022991598647,37.13757211669485],[53.71426551840507,37.12358039637197],[53.32612107193775,37.0628439091185],[53.3131289372079,37.06049725368657],[52.15539892657582,36.81906905030779],[51.78958210349062,36.81289056496065],[51.198391504097515,36.930522059036136],[51.045136996159655,36.98476412340425],[50.6822795504713,37.17216413157302],[50.53651648596778,37.27345105331849],[50.4349047995563,37.43030052623337],[50.41461863678102,37.4563608658996],[50.376871017048735,37.49733875747728],[50.352072581487974,37.520318708162215],[50.32314177189149,37.540027009687265],[50.277293858090424,37.566689624455606],[50.24296059605751,37.58343640894555],[50.20567137406692,37.59557229742606],[50.055533027017525,37.63339774304529],[50.024041654396626,37.639553685746776],[49.769706380276844,37.67527150440226],[49.746557825412346,37.67761884685936],[49.51589637640357,37.6921435349735],[49.465076472484114,37.70426130919892],[49.315564072111414,37.76417617565526],[49.286069999627834,37.78610794095616],[49.24531860422559,37.853772735932495],[49.200576244127035,37.94652093193161],[49.17203838191328,38.05000781120995],[49.150863174458074,38.16672704168481],[49.12230396271082,38.404892313086165],[49.12074838832263,38.441820450502],[49.113568107740576,38.48256936982725],[49.09577441796749,38.52128989099367],[49.068123936219365,38.55630224927965],[49.031805537081006,38.58608555244631],[48.988390225381984,38.609344621283554],[48.939763250244425,38.62506716100597],[48.88804137268525,38.63256859275944],[48.85954892947014,38.63432904296412],[48.820034639446725,38.63433815938012],[48.78102052642967,38.62952055231669],[48.70825582058255,38.61586705327213],[48.61621826733399,38.70791533994797],[48.59023393854299,38.73014417644836],[48.56022921303357,38.7490409606394],[48.52405101076098,38.76846492422346],[48.47152131721931,38.79006610699856],[48.44059404677494,38.79623523681979],[48.43492911529108,38.805924964086586],[48.4169474100755,38.830443316398046],[48.44017244084716,38.84311381064358],[48.473613492804304,38.86999541682064],[48.49994396811033,38.90132530075085],[48.516993908471704,38.92654109903334],[48.533552427662144,38.95695175489023],[48.54336989272738,38.98909971562272],[48.54616310590017,39.02208675031444],[48.54522756924428,39.06252133099562],[48.541732657037045,39.09181093788498],[48.53267997910022,39.12038525513681],[48.51589851330364,39.16026378477084],[48.49863277749241,39.19174509369487],[48.47462794428951,39.2204586823261],[48.46212495423926,39.23090527870911],[48.49053361436537,39.25015288242301],[48.52562631572216,39.27926132909898],[48.55246656723025,39.31325233916638],[48.569952587583145,39.35074591232049],[48.57735870172977,39.390217659147844],[48.57436699596367,39.4300603425656],[48.561082857745134,39.46864915171369],[48.538033354789626,39.50440808788659],[48.49768462147569,39.553745695952855],[48.47196274549784,39.58003869110727],[48.34133793249167,39.69243911980652],[48.33502074834426,39.697669817824895],[48.179843493220986,39.8212796759839],[48.141282497600066,39.84642867164251],[48.097074816703426,39.865297306968635],[48.04893483092458,39.877152986970984],[47.9987329937577,39.88153534968236],[47.89483683279354,39.882652741151176],[47.845004308468695,39.87941919561394],[47.79697631592078,39.86881128263085],[47.67729732326602,39.83224101629103],[47.62326204243288,39.809547543043344],[47.444245374284534,39.710831366527024],[47.351545460739864,39.6712956011301],[47.328802730403346,39.660337238896744],[47.19096970013627,39.585712460373706],[47.18928492163855,39.58479062386866],[47.0390453582679,39.501702190517065],[47.01442267942028,39.48616161079932],[46.891458383235616,39.39790896304363],[46.86741421794309,39.378040462923],[46.84006229555171,39.352019016808086],[46.77813012583268,39.33757233616797],[46.734606316042736,39.32388980427344],[46.695118257398704,39.30423513878112],[46.66101241345452,39.27928061751346],[46.595829041629365,39.22176839445009],[46.45111304001075,39.10571188536494],[46.32778050552323,39.10992488428297],[46.27646687454546,39.10760874693678],[46.22685383766139,39.0973136251573],[46.1474477811237,39.07387692012337],[45.9758122028803,39.10069985947526],[45.65681205469923,39.160369534775874],[45.64106725176564,39.16589807897001],[45.58953175426559,39.21707550560148],[45.57251808439415,39.23229277622392],[45.51880456335818,39.27563148394029],[45.505771849963494,39.28541772647387],[45.42613713298617,39.34103963551607],[45.39142040325594,39.36139915721258],[45.35381930373607,39.376484310129705],[45.35176194042342,39.380697410981064],[45.32973202034945,39.415211672495616],[45.288409384938184,39.466604022074655],[45.260494700105035,39.495167571284604],[45.205883399557166,39.541599163733466],[45.05717918963093,39.73090446762352],[45.042520110389404,39.74753777046194],[45.0215450549498,39.76890906606355],[44.99039228450741,39.79531739176889],[44.953583318201154,39.817016460875585],[44.91231670617233,39.83329779944132],[44.87429665180535,39.842150740355876],[44.749328281542105,39.92089903140221],[44.71003679963553,39.941291960719695],[44.666557937469285,39.95582966938314],[44.62037170057498,39.964017376869286],[44.57305229724788,39.96557661060833],[44.52621326405688,39.96045483434606],[44.481451122990414,39.94882719818616],[44.44028971948338,39.93109035463891],[44.3698096788066,39.89370162854876],[44.33644236103273,39.87254769352841],[44.308240462343555,39.84736510023206],[44.2476025344608,39.782769055805154],[44.221106837901615,39.74714210298896],[44.204856074168596,39.70802558556785],[44.17563817167098,39.59946620590709],[44.14645232949612,39.60156992985854],[44.072957061370985,39.5986656297918],[43.99268019093829,39.5863682943474],[43.946041284778936,39.575547688230934],[43.90298176143944,39.55808929008538],[43.86507125512582,39.53463125842706],[43.84437093818895,39.519074412517156],[43.8141720176292,39.49176121503695],[43.79096734001041,39.46064188362663],[43.7755228769848,39.42675656225993],[43.768342899114366,39.39123626651771],[43.76965453639442,39.355264900746946],[43.77940180851087,39.320039722858226],[43.79002505526893,39.29364755916965],[43.80187239665677,39.26975330552925],[43.81616500600383,39.245681048307404],[43.8222615086902,39.227395693692095],[43.82530864717069,39.201638557595366],[43.83565823298132,39.161208101958394],[43.856597651230146,39.12327490508195],[43.88720184938724,39.08948792495477],[43.91003595267764,39.06913311515135]]]}},{"type":"Feature","properties":{"name":"India"},"geometry":{"type":"Polygon","coordinates":[[[67.95263325982987,23.82103391222537],[67.97976875166293,23.692684497699698],[67.98488760871405,23.673630652006953],[68.02802010294556,23.541783758576695],[68.04290578996459,23.50802478525824],[68.06437853780213,23.477323373896912],[68.09169862488642,23.450732187277023],[68.12392750433179,23.4291627020909],[68.1599599678974,23.413354240991683],[68.19856175748558,23.403848855442806],[68.2384113841838,23.400972882972795],[68.26796204561947,23.40383927636604],[68.33575578728077,23.278147692547563],[68.34329472612663,23.265364244025967],[68.45492460924676,23.09139474904771],[68.47608595945977,23.064002304127577],[68.50203236799783,23.040277947006977],[68.67828536208958,22.904187044031225],[68.71610037487454,22.880728897636],[69.13447263794488,22.675747049832168],[69.18881144232746,22.657132171282278],[69.48484604360459,22.595437574383094],[69.4547171787895,22.584659784698655],[69.31294334331922,22.52076969331851],[69.30512125950118,22.5307463253116],[69.27327670883295,22.56307580618196],[69.23443014098075,22.58817727057367],[69.19049671045693,22.604812679676748],[69.11069891200871,22.625869615941866],[69.06974854292615,22.63280560970288],[69.02811474039649,22.632353972543044],[68.98737498978504,22.624532915761723],[68.94907203999524,22.609639771130485],[68.91465485986427,22.588239437072],[68.8464905096133,22.536274261071124],[68.81833927072253,22.51035724228342],[68.79594386328385,22.48009727756616],[68.78007980272447,22.446548542089424],[68.7712939391141,22.41087871391283],[68.75786788663687,22.315768626056638],[68.75623626256608,22.28347365579994],[68.76040636776528,22.251367215102025],[68.77026124805091,22.220320502170214],[68.80922234388366,22.126880683870134],[68.82408032609665,22.098334990990985],[68.84373020102271,22.07234853185455],[69.02664638066977,21.867270419101533],[69.05358012850014,21.842023292799897],[69.23641892979138,21.698700059369266],[69.38345969128405,21.547589691647623],[69.39917545338999,21.533019248345205],[69.59355416295402,21.370371773862615],[69.86932672446795,21.05536006683899],[69.88622150739685,21.038177262504146],[69.97915564693743,20.95412750393606],[69.9985426104567,20.93858305085049],[70.35600181773013,20.684339259915546],[70.39692914232053,20.661440458795408],[70.63094113668103,20.56177109652852],[70.68300117479251,20.54673487339896],[70.84313941808848,20.5208094306293],[70.88014904994455,20.51788038311514],[70.91714588402724,20.521023341466133],[71.06189849678638,20.545327956103257],[71.09948112607636,20.555019144781156],[71.47102087294468,20.68570305744676],[71.50807882463671,20.70269416641794],[71.67069707328938,20.796483326246896],[72.10170548899023,20.976007797397695],[72.14322700207491,20.99881274682888],[72.17814008753224,21.029740439282367],[72.23951079211696,21.098043406689353],[72.26355306273052,21.131079373159217],[72.41252616760433,21.38821297871414],[72.41257958074155,21.351084168147057],[72.42201120377712,21.3105238888168],[72.49077936689754,21.116301494084084],[72.50559848439022,21.08425760142882],[72.52626367956479,21.05514252897292],[72.55212555986678,21.02986726072808],[72.61127668893235,20.98142763620106],[72.62479700707645,20.972148817532233],[72.63008258291016,20.92982310263204],[72.63702721297695,20.89774398475734],[72.66990711259952,20.79200010393618],[72.68128696246032,20.674304766663465],[72.67340241804995,20.604872274324045],[72.50895845215435,20.13962134216603],[72.50082639762199,20.108012152295494],[72.45995613191704,19.860937589254007],[72.45762952442777,19.823273662135342],[72.46301027553406,19.785896165819285],[72.47125238560874,19.752903824194444],[72.48748553068931,19.71051199783159],[72.49464754552805,19.696936274024285],[72.51903830887706,19.548163922450588],[72.52794468972341,19.514203447649095],[72.54311053094838,19.482266835786355],[72.54887526208121,19.474312149228606],[72.54666989618892,19.448423919544688],[72.55035840195917,19.413471790397804],[72.55792271041068,19.376134553161553],[72.57261594409248,19.332293140244673],[72.59080969975687,19.29421738346009],[72.58716255100066,19.279984192887706],[72.58519905734384,19.243451577341183],[72.59045122075693,19.207221374016584],[72.59333695304686,19.195550832745806],[72.5937345925221,19.078376238601916],[72.60193478277365,19.024387646004456],[72.63368379870143,18.920730858009044],[72.64971220900833,18.883296516315003],[72.67350662314145,18.849744813848012],[72.69659840450626,18.82839051403222],[72.66947243132456,18.734501367695252],[72.6627683304246,18.698187880409307],[72.66334640904687,18.661349494794102],[72.66798556319694,18.621127443780512],[72.67742433514194,18.580283940832526],[72.6957820645217,18.54226310181476],[72.71514174202436,18.511356008217152],[72.73621494811414,18.342199810856634],[72.74141177418173,18.315929591810182],[72.76721164355317,18.22143049337297],[72.78762233435491,18.07200085891057],[72.79287269533953,18.04668789361248],[72.84629085957144,17.855814165059606],[72.85191937227347,17.83881577180162],[72.94606233089561,17.593360433032537],[72.94219560045829,17.540544965776157],[72.9426001637896,17.50846771653737],[72.94847464458832,17.476896442269688],[73.0356201354216,17.160246400795657],[73.13319176003252,16.434226341306104],[73.14386947197403,16.392001860354085],[73.25569172698621,16.096447434783112],[73.2752767025549,16.01114346127672],[73.28751439691415,15.974946821826713],[73.3067910077872,15.941716033774723],[73.42691819246744,15.774797486786651],[73.49117193184243,15.630671244162476],[73.509194859074,15.598743857386618],[73.53302751953336,15.570571590083158],[73.57150806771216,15.532830543623751],[73.57248452417268,15.525821646851268],[73.58679340840591,15.48720148673551],[73.60662846820637,15.456199146800019],[73.60146269724018,15.441604851424302],[73.59610494597742,15.404216211184282],[73.59823901272883,15.366566725906141],[73.60778237306194,15.330033825882484],[73.62438203337277,15.295953263952072],[73.64742797112967,15.2655704695213],[73.69919026558924,15.209509213763525],[73.75180869013792,15.022389383837343],[73.76403629566715,14.99025151928714],[73.78185838734284,14.960671092343377],[73.873295520701,14.835373706268406],[73.89477405260995,14.81055027972386],[73.92961980060123,14.776437081721365],[74.0533890996006,14.598438162606795],[74.07358346861989,14.573863958342383],[74.12188098307118,14.523876898645037],[74.16271282500969,14.468628881358761],[74.18702092528558,14.4271015955098],[74.19614574115643,14.374078861581703],[74.2051168478694,14.340522780693718],[74.2632348552611,14.182062243915105],[74.26316686373944,14.168811467062811],[74.26936949984608,14.119523438125718],[74.30131109512187,13.997065512603173],[74.31973315823373,13.951377148149035],[74.42134767357456,13.769921330607703],[74.47194939900947,13.622713210373757],[74.47882914706847,13.569399144462796],[74.47947656297742,13.503953245766736],[74.4834501134152,13.466959681389294],[74.57201043851924,13.037527024124314],[74.57743435549403,13.016964145603351],[74.60993174087558,12.916522213481667],[74.6206404338497,12.890195797252401],[74.677941163086,12.77439073639326],[74.75053052180841,12.51206415438504],[74.7638401330353,12.47732113203953],[75.01527567575903,11.970586146929417],[75.03079498324297,11.94452562365186],[75.05020964195543,11.921122190188692],[75.08331000540117,11.886968480518695],[75.10533913299547,11.86738665018166],[75.16795707544871,11.819529781726917],[75.25945115429136,11.695745860507245],[75.2740009655973,11.678262079803524],[75.35754744897937,11.588862745137583],[75.46692678009643,11.377984665650658],[75.48261631633625,11.352643627520088],[75.54589022019371,11.265936287099677],[75.65424026113057,10.993615373600889],[75.72971282332897,10.729500053427925],[75.73981024590624,10.702095603136867],[75.91040299682045,10.32737997822472],[75.93510299595205,10.259310744843194],[75.95264732200253,10.2231146826576],[75.9933043744159,10.157453315895697],[75.99305799426118,10.1549333398689],[75.99605179763115,10.077309164280319],[76.0008797731956,10.041058758915709],[76.01239259809779,10.00635939305826],[76.0395739636186,9.944526049966873],[76.04390285310683,9.936726385939371],[76.04281885795562,9.925926072601484],[76.04663124918736,9.887384784954403],[76.095789733089,9.641958302354716],[76.12743692511698,9.422830071694541],[76.13732864557484,9.383595049831468],[76.21596843403927,9.168408346908414],[76.22827815134208,9.141299260779945],[76.24420706381613,9.112311744200039],[76.26426489895735,9.082623180179034],[76.28618361475931,9.060355533050837],[76.28647483591166,9.058530536269693],[76.29655037914141,9.020505560768841],[76.36716249471444,8.832603040720404],[76.38093727771904,8.803467116377364],[76.39931609994203,8.776985642144957],[76.42180730989287,8.753865108432185],[76.47232197665949,8.709824204452767],[76.81094356358831,8.284140024352938],[76.83167048900435,8.261821510639322],[76.93067068572597,8.170531279529786],[76.94878552532076,8.15571519270107],[77.18423493324273,7.985240288395119],[77.21173185404226,7.968551957726881],[77.24160953883639,7.956557945018861],[77.4575696948726,7.889611414018464],[77.4939796230715,7.881969046164388],[77.53122436555,7.881274977227287],[77.56798751966426,7.887554080901931],[77.60296944407555,7.900584914989591],[77.63493293354338,7.919907429116612],[77.67859998114812,7.9522267803650095],[77.83094392778747,8.002071542062385],[77.88038992999975,8.026199134591701],[78.17016345493617,8.220751832125663],[78.19606999008043,8.241423478126393],[78.21819538447618,8.266082914450408],[78.23592266534268,8.294044349494579],[78.30220696331584,8.420750345745475],[78.31745363116873,8.45915266444498],[78.32439428090824,8.499827807474475],[78.33304092305723,8.634157644594573],[78.3744842720411,8.800661123096605],[78.41394497570212,8.848384850920015],[78.51369743774971,8.926282353664082],[79.00209271356483,9.069300268810014],[79.17561987804991,9.059953586458318],[79.3496389964737,9.004179169092842],[79.38881531470851,8.995828300684042],[79.42890972336085,8.99546421297331],[79.46829516993522,9.003101954085261],[79.50537305022883,9.018432030274441],[79.53863768952381,9.040832807921502],[79.56673718990444,9.069395492898968],[79.58852823146718,9.102960719142223],[79.60312262928917,9.14016531744952],[79.60992374630706,9.179497423808682],[79.60865123801551,9.219357740118696],[79.59935304849812,9.258124494012739],[79.58240407580311,9.294219471676254],[79.5584914614733,9.326172428492423],[79.50341413956114,9.385979494009018],[79.4703127588532,9.414720834378421],[79.43162429867358,9.435501722546894],[79.35070986921886,9.46800003189131],[79.30496895365782,9.480297033886307],[79.14931889991564,9.502766319871233],[79.13234524053841,9.507525993697016],[79.16794554582059,9.581527057821132],[79.41831614468889,9.918212074610185],[79.44052284021285,9.956179534833153],[79.4537681804422,9.998029541845378],[79.4573973801466,10.041709233825042],[79.45534577183085,10.111958630024057],[79.46455703843324,10.117928450075103],[79.51765842714272,10.126835626946198],[79.52935988474094,10.123281679326182],[79.55599418793075,10.117133062150316],[79.63473798291068,10.104494991251615],[79.67722635185591,10.102212622827693],[79.76670285681224,10.106841993894172],[79.80052570824739,10.111472023311915],[79.88171437546337,10.129662482300306],[79.91760560709035,10.141308175958336],[79.9506691500967,10.159417121244646],[79.97972664143349,10.183344898572717],[80.00374149569231,10.21223963867689],[80.02185583691863,10.245072135050705],[80.03342122722718,10.28067229483521],[80.03802208138661,10.317770666369428],[80.050420288399,10.76407054342256],[80.05049458445383,10.769998447403186],[80.04931171087941,11.19804953546736],[80.04606440596439,11.232916330426399],[80.03274548715929,11.304906874600581],[80.01413275643034,11.359146348212512],[79.9891094568599,11.407453134797285],[79.9929022431746,11.424300606514938],[79.99350302244986,11.464482358609281],[79.98583904027613,11.503933334649961],[79.95953054950573,11.590392676422518],[79.96835732438412,11.648727129609984],[80.04709810606579,11.917739599404413],[80.1500748431528,12.123490564632448],[80.18670327127676,12.163091509591966],[80.20549891373192,12.186783661715305],[80.31114279166783,12.34289322239393],[80.33329804588561,12.386357605379175],[80.41953038741478,12.624608767573006],[80.4284490881191,12.658433025061822],[80.54237330440361,13.329335271125194],[80.54505528870955,13.366562104069986],[80.54052403080404,13.403606546351437],[80.52893699748067,13.439149687094456],[80.51070339494441,13.471925306638326],[80.50826426451354,13.475464244592388],[80.50865388933452,13.502430555195506],[80.50119077200573,13.541169651477658],[80.44835138247537,13.71641763435521],[80.44725842497697,13.777373624021793],[80.44231328956171,13.817415513138027],[80.4226648286925,13.902157362624889],[80.41377452313962,13.93042750338864],[80.33960293841328,14.11523988321908],[80.32178639706463,14.201192374735612],[80.32474692117937,14.210145258279228],[80.3504900146103,14.257793433061126],[80.36622346355813,14.296162771090724],[80.37342286749814,14.336855233367363],[80.38215257031618,14.465757527313041],[80.38093320562376,14.503902638234704],[80.3677538360229,14.603433878365374],[80.36122607033397,14.633702940551395],[80.29832508998491,14.841975031833734],[80.26090851929575,15.071712905344611],[80.29745216947052,15.262028519622783],[80.46154037292392,15.591526619165714],[80.49687968811416,15.623215021983105],[80.64195318642133,15.67989442131459],[80.6560567569536,15.65482296801277],[80.68203216160826,15.624791609821424],[80.71362621161848,15.600278730830146],[80.74960411030004,15.582240791968825],[80.78856132254505,15.571381415995429],[80.82897805558778,15.568124177600113],[80.85795685707592,15.571340853413533],[80.87302681594626,15.566568227988979],[80.91300926034863,15.561896165071525],[80.97388157081488,15.560577799182845],[81.01237974603107,15.5632382063256],[81.04968920939173,15.57280250830692],[81.08449200384233,15.588933141846507],[81.1155578863686,15.61106055874564],[81.14178754251395,15.63840314289955],[81.16225136219998,15.669994588539794],[81.17622242738993,15.704717812398627],[81.18606018726993,15.738212540472386],[81.19498228326067,15.755891364576788],[81.26196103267841,15.80855913137447],[81.28923967495697,15.834422965306551],[81.3110756857333,15.864706609986255],[81.32670949322515,15.898360889346968],[81.42072517249179,16.164491557633777],[81.69028816144504,16.13769760317271],[81.69051419908129,16.13767508228832],[81.74065451275712,16.132699132854214],[81.77545653715134,16.132084758809047],[81.80987214986317,16.137116423365665],[81.84291894918093,16.1476505961699],[82.22219731400375,16.303334702748504],[82.25518880152671,16.32038363545433],[82.37241378170478,16.394819338437593],[82.40621003434904,16.421617221984942],[82.43335089688279,16.45466819960188],[82.50177312789866,16.559093467255604],[82.51641113985299,16.585712055443814],[82.5266757823088,16.61415172953736],[82.53816852204793,16.656050415223312],[82.55926647895521,16.732020707183466],[82.56617074989585,16.778577451371834],[82.56141603322752,16.825380043938758],[82.55169640535553,16.86777333821723],[82.53727929455772,16.9086730636865],[82.5139338289232,16.945601228572954],[82.5098107972847,16.950753792716707],[82.51805405173877,16.964056456703858],[82.70587436146755,17.106857197895714],[83.07112657966768,17.285630356211264],[83.09531001917335,17.29948728358322],[83.3166844775986,17.446507230184828],[83.34373006050012,17.467890367373084],[83.53336940059552,17.64541975095478],[83.5494195665592,17.662249842720847],[83.72156371531361,17.864698672186606],[83.77114202551255,17.904719377380665],[84.20007347607753,18.117082333707447],[84.2289682865286,18.134326643812255],[84.25451495203546,18.155825733560665],[84.27602699488503,18.1810030797498],[84.3452185166911,18.27704574937917],[84.61610515426561,18.555451363785505],[84.63273606002389,18.574821159443772],[84.77064863691153,18.75765893985581],[84.84166913243568,18.827672893172643],[84.86586033836669,18.85643259430071],[84.92489470513993,18.94177254026664],[84.94085613185908,18.969402462918943],[84.9519830297533,18.999078916388104],[84.95712832638766,19.017287016839894],[85.34928757325666,19.347328639917524],[85.54691924627778,19.45543005581106],[85.5806135840774,19.47829888618462],[85.59913805324219,19.497093358739964],[85.6072294597567,19.49747065478287],[85.64943668064552,19.507953850420524],[85.92082410385655,19.604458039276967],[86.27730542290242,19.706562678283873],[86.29393556731178,19.712030421585062],[86.3571505818678,19.735637967013965],[86.4009602922636,19.757958866128476],[86.43796336345386,19.789347719196172],[86.46140508286118,19.814569829992134],[86.47490492920483,19.83194191810131],[86.4753641862863,19.832116837664543],[86.51134180804316,19.854827937745934],[86.54161168248616,19.88398605533048],[86.61087477328786,19.96609587966437],[86.62631435243559,19.9870215243598],[86.65223909618314,20.027478885551268],[86.85872840261932,20.14358296232558],[86.89449315187225,20.16884780331035],[86.92377037915504,20.200626761452394],[86.94523765135737,20.237488750738905],[86.96412702248736,20.280140788744674],[86.97471860822147,20.310956607092596],[86.97980406432983,20.342980820424696],[86.97927629915414,20.373467676265733],[87.00461793850276,20.41313189095736],[87.0761076227348,20.48202773244879],[87.10624395084609,20.518848884752224],[87.15727550523373,20.599162049762093],[87.17488600388967,20.634305171039387],[87.18482029989795,20.671989313828906],[87.18669012150994,20.710763344914092],[87.18041725212213,20.749133062040258],[87.16623748014861,20.785618698658077],[87.14469243641372,20.818812048313106],[87.13849219994115,20.82653429030158],[87.10421253953218,21.001298599012227],[87.09559541930743,21.0314858861055],[87.05893140937029,21.128305255755954],[87.06380388680444,21.164668843916285],[87.11795410736251,21.23821327637159],[87.22455735869966,21.33665043667154],[87.27231440070021,21.357702975433508],[87.72845430246943,21.461476125565923],[87.7802808433107,21.4801242449891],[87.91365960524861,21.547796189021255],[87.97448617397784,21.493443289378607],[88.01132482488894,21.467060153859478],[88.05344456122559,21.4487447468848],[88.09883505843413,21.43936996986179],[88.23030405672883,21.425923274428754],[88.2719557889054,21.42545964446372],[88.31290870635442,21.43254717224142],[88.34102083028516,21.442988265669154],[88.34603120469353,21.439853238746792],[88.38680251436081,21.424485437109535],[88.4300997814416,21.417239954457322],[88.47407455415353,21.41842553397426],[88.51685004279344,21.42799102472827],[88.58888513354843,21.451627900336902],[88.60883711327288,21.43262997229186],[88.64516910869993,21.409952000837237],[88.6857201417253,21.394664240457264],[88.72877547018008,21.387412204584137],[88.77251596279413,21.388501696208444],[88.81509413315274,21.39788612653722],[88.8547112608926,21.41516855589085],[88.88969252996074,21.439618359281603],[88.90391123778033,21.451872487411123],[88.92300967393193,21.448121401611527],[88.96201966948361,21.443898548403],[89.00120123571415,21.446407353159607],[89.08565799136677,21.45914421729348],[89.12407883186823,21.468410440093894],[89.15998407905265,21.484141529926866],[89.19212595620753,21.50579077770237],[89.21938617965868,21.532605771536637],[89.24081463717269,21.563654313280505],[89.25566247686103,21.597856560887788],[89.26340845947124,21.634022324353612],[89.26377762384355,21.670892262917505],[89.25426400339457,21.775480893225545],[89.24738943153824,21.811254545287568],[89.2291688427373,21.872627093426733],[89.23913388831863,21.909870868212995],[89.26288863635956,22.065780097071617],[89.26477100678575,22.084529352239585],[89.26930285621694,22.17757855446745],[89.26913769508116,22.19828756248951],[89.2634122429429,22.28666334947577],[89.25449457213064,22.332468395946613],[89.17630687578243,22.568867379987964],[89.17134706043836,22.5821347629625],[89.1400158756649,22.657131991501323],[89.14129299624857,22.67596863808258],[89.13735090489175,22.70940920735241],[89.13500792352713,22.720423761626353],[89.1123352757254,22.87094819463956],[89.10451588318256,22.902965305270946],[89.07704327423518,22.983407169626645],[89.0729429738973,23.009065639428727],[89.12139537572223,23.10008121716328],[89.1357733661823,23.13512517642278],[89.14270104552091,23.172022483371148],[89.14192385028318,23.20944889206656],[89.13346347057738,23.246060137605163],[89.11761795847147,23.280540175527847],[89.09495186645194,23.311648559829123],[89.06627664797898,23.33826524481688],[89.03521589683118,23.36207070499862],[88.9935396356331,23.387099819939685],[88.95192819007602,23.40091987802617],[88.95635688741896,23.43270615081242],[88.95258406285986,23.474046365666418],[88.93946207949303,23.51374118250452],[88.91756242442636,23.550037554290043],[88.87444384219022,23.606477611809545],[88.85083765782221,23.632333321857896],[88.79820832860233,23.680830958657005],[88.79751803497427,23.68164459367569],[88.82559263931647,23.758601165072157],[88.90063771956906,23.929185534956133],[88.91244283567832,23.965864499164653],[88.92650780607545,24.032929342917555],[88.92926921013816,24.050166917471785],[88.94177871953903,24.162551158109096],[88.9482180074747,24.203049733848037],[88.95036473176741,24.237294024506056],[88.94597618447953,24.271350029985612],[88.93598704539131,24.315352166126946],[88.92387164817353,24.351137049758762],[88.9045379137116,24.384182901623745],[88.87867731540979,24.413298722294552],[88.84721834520901,24.43743431262149],[88.76592640014978,24.48857350763689],[88.72331227503075,24.50938760290996],[88.67665920625967,24.521088303295862],[88.56252939885768,24.53750840410452],[88.53249604691878,24.55012215793105],[88.50428201349904,24.58080387553599],[88.47675598825482,24.605778684773803],[88.44475008427067,24.625880209769928],[88.39431928574098,24.65179469880466],[88.35254243623062,24.66826156736727],[88.30788187206042,24.676447214770388],[88.26633868624691,24.676031407170886],[88.2710586566153,24.68510489259667],[88.27842776106615,24.684351186104166],[88.31226329448455,24.684256603037394],[88.35467403667926,24.68791289232711],[88.39550902798042,24.69898763116018],[88.43321026552626,24.71705788153284],[88.46633796933425,24.74143371080931],[88.49362505165986,24.77118427324692],[88.55324450071093,24.850802479943173],[88.57982060693836,24.899508515767458],[88.6120192907211,24.986966252380387],[88.64887679524647,24.98432717447899],[88.70801650909546,24.97459785718534],[88.74000621724001,24.971511955887763],[88.7721590846082,24.97271737902994],[88.84177835123234,24.979990020498363],[88.87490337498875,24.98581634442848],[88.94765120897576,25.00396169169671],[88.9888852232509,25.018428839974625],[89.02608407899581,25.040105437651622],[89.06570895815155,25.06868695568946],[89.09690946009941,25.096183733926303],[89.12149173251211,25.128715018728798],[89.14340040298934,25.164965916515943],[89.1589450903146,25.197165677560758],[89.16795229292153,25.231330080008586],[89.17013266514923,25.266381266517627],[89.16541180338781,25.301212590834332],[89.15794485854457,25.332712844454836],[89.14305089846744,25.373332872518606],[89.11879032147071,25.410076159458914],[89.08629805428593,25.441211935410745],[89.04710012017824,25.46527221610164],[89.01429202763993,25.480994511989756],[89.0080000214191,25.504051769953147],[88.99510788109238,25.537773580845666],[88.97568129124932,25.568835505508424],[88.94944267015647,25.603091591318957],[88.92324675518282,25.631238828862436],[88.89168981079663,25.654503583457764],[88.85586692485244,25.67207628875849],[88.81702344475156,25.68334499559933],[88.77651136149039,25.68791695242743],[88.64956546134715,25.691440922087644],[88.62384204411413,25.70323016847672],[88.61820159897177,25.7074454827612],[88.54722652272669,25.80605760472391],[88.51234806721757,25.84336329434496],[88.40218938100507,25.935066483882448],[88.37216058788,25.95599506286577],[88.34223952070545,25.970188053445618],[88.34952235058829,25.993132974581254],[88.39370287371023,26.04066744125279],[88.4805607466323,26.110429657563795],[88.51214593196735,26.141810292188268],[88.52377932677068,26.156187199240076],[88.54160241119915,26.139739895017485],[88.58006389434266,26.116712576322847],[88.62305093592283,26.101417676541775],[88.66235257371567,26.091572503576355],[88.70606110289432,26.08483159027134],[88.73576721943579,26.072612437480746],[88.77477585963149,26.060397991032442],[88.81565635833579,26.054949996104597],[88.85697100784168,26.056459633104385],[88.87189406348436,26.058273491222316],[88.90187945445165,26.050843148984686],[88.94339844774531,26.047867627651016],[88.95966125769736,26.049477924528567],[89.00851395824438,25.989359409064964],[89.03014302649791,25.96658773633699],[89.05536070065891,25.947025821619366],[89.15814817143661,25.87875305255304],[89.20107986151989,25.856478639008227],[89.28146227565476,25.82503447469684],[89.31427887543965,25.81488042619056],[89.41131433638868,25.79236410770155],[89.45003263125797,25.78662637917717],[89.48928698375892,25.78717820071871],[89.5278276614247,25.794001564017698],[89.58211182126081,25.808222955846187],[89.60453358061416,25.565197503118355],[89.57955801652552,25.40248727600289],[89.57871319065694,25.35466674338667],[89.58337146377274,25.314970776347643],[89.59698099255014,25.26432938359531],[89.61020992396593,25.23358056574412],[89.62891805538727,25.199991927666044],[89.65434025565155,25.170235395260985],[89.68555025279545,25.145389774235884],[89.70477980639957,25.132807664212482],[89.74508251834656,25.111953975000585],[89.78936634328794,25.099287015957145],[89.83563151269716,25.095377925223907],[89.83718474864446,25.09539666639398],[89.9361554799513,25.070344564728448],[90.04391919087998,25.034651032647368],[90.05721076545161,25.030676394576396],[90.18780737677547,24.99573032894728],[90.21559745080148,24.990038348573215],[90.40429085970321,24.962855741620572],[90.45730943700217,24.961095463050253],[90.56624338143918,24.969464605974178],[90.60636332406148,24.97024994128872],[90.71253322927313,24.962778327675725],[90.74123368985344,24.962461202813184],[91.0452083422269,24.976912013170185],[91.26413051040485,24.980318981425523],[91.33681677711343,24.96180881588336],[91.3687690897651,24.955954543915595],[91.45165623270779,24.9465085565825],[91.49497041186561,24.9454812807517],[91.77440447822913,24.963751064170523],[92.00881037586028,24.971057270085876],[92.03091225281216,24.96271738481925],[92.02601627045995,24.95425436761126],[92.01385144979113,24.916028608519486],[92.01041644269067,24.876397276681526],[92.01211073617652,24.809374566674716],[91.99192174225223,24.748934752394362],[91.91427541192049,24.563425778935716],[91.91077490410747,24.551577186710265],[91.88671337158098,24.54468314119187],[91.85032689780907,24.53085316007398],[91.81728464537255,24.511291336498786],[91.78867581897164,24.4866428572841],[91.76544188712866,24.457720557443277],[91.74485930822115,24.426493391061868],[91.73298484186243,24.405782949629923],[91.73241043962732,24.404617631267428],[91.69835735809505,24.400491551092397],[91.66755461345181,24.394667658374424],[91.60966090273003,24.379664755165425],[91.57512772063653,24.36774151719928],[91.5433114459564,24.35067564137499],[91.48564879035125,24.313379385057875],[91.46227853503413,24.293059465060875],[91.40968136165925,24.29672392046406],[91.37154673223169,24.296315109939925],[91.33406669634923,24.28983613392271],[91.30844468923583,24.28323838590936],[91.26522032870434,24.267375464466316],[91.22670900091354,24.24348835281838],[91.1946900660437,24.212681542179393],[91.17063972948493,24.176379120871193],[91.15377820814996,24.14334734335268],[91.1447654196675,24.12173957043032],[91.07645474992363,24.057308798859854],[91.05186826169448,24.029440768206033],[91.03320340006783,23.99799907112161],[91.02106942539864,23.964016801794983],[90.98303628841533,23.81157373966353],[90.95274112936207,23.71440071220392],[90.94577512841639,23.68183484377978],[90.94488357853307,23.648673345380047],[90.95008966723576,23.569077685457913],[90.9547264562013,23.538553332790244],[90.96450713958457,23.509070132910868],[91.04660028011976,23.31690197313606],[91.10477397153734,23.06364605875069],[91.12053740375573,23.020476936531168],[91.14666648949697,22.98178765325827],[91.17031781161204,22.954417268324182],[91.20602343688113,22.921814263438474],[91.24901490262684,22.89774640343867],[91.26950466044026,22.889116605256007],[91.31259972197115,22.875824379985012],[91.35778309806172,22.871158092951323],[91.38002440442062,22.873207840045357],[91.39548073543202,22.85782274173771],[91.42944204735888,22.830456105919673],[91.46888625518555,22.81022878346688],[91.51206789369108,22.798034022317086],[91.57799852443135,22.786194868483754],[91.61655251826164,22.78253852980395],[91.65520219668562,22.785307434453905],[91.69269152439357,22.79441101662562],[91.76798646097345,22.819533473455813],[91.80758687053694,22.837125412138768],[91.84247646108318,22.861745919220997],[91.89851238818626,22.9103790010335],[91.92872080644048,22.94293908650054],[91.95059657472653,22.98069454991915],[91.97350442761817,23.033248122897323],[91.98427792405822,23.06586620491408],[91.98877243873746,23.0996892187848],[91.98684928368837,23.133707822557742],[91.9725157309493,23.22806617536221],[91.97165238528595,23.246699468163712],[92.06578583265701,23.326829056437674],[92.09109963629199,23.35247119462688],[92.10088855378382,23.366765724871854],[92.11868525039142,23.300189489564016],[92.11850144624127,23.242766619379605],[92.11867870255362,23.2341849756018],[92.12637326988916,23.061605135396196],[92.1281055689191,23.043446975921103],[92.14873613402696,22.902628803598674],[92.15872634953368,22.86418709157051],[92.17687140876745,22.828358300471958],[92.20243589945632,22.79658205422223],[92.21165434426676,22.787249758506164],[92.23147569564647,22.747412098320595],[92.2625332875873,22.66784480448242],[92.2731027997485,22.64529100086293],[92.28232400674594,22.628566887937783],[92.29658667805967,22.50484002063584],[92.29874231897551,22.49090790676882],[92.31927072520092,22.38537113701802],[92.34839420340879,22.033052268487012],[92.35121513361987,22.012828642174078],[92.3649913430306,21.94286268400069],[92.37650293731836,21.90564090139433],[92.39566493249987,21.87122002427227],[92.42173306813827,21.84092693314917],[92.45369865512433,21.815928383616583],[92.4903278570206,21.797186382102787],[92.53020928013687,21.785421516892455],[92.57180804393526,21.781085589340908],[92.61352430839625,21.78434453453464],[92.65375410830946,21.79507223655225],[92.69095028472069,21.81285544386864],[92.74134643242502,21.843063588249894],[92.77223223381057,21.828318725198052],[92.82735845310582,21.807113051552605],[92.87362360497178,21.794750332843623],[92.92171116758344,21.792295198941073],[92.9691740396322,21.799871314697214],[93.02417982304446,21.81470429915881],[93.06101213810638,21.82816496810629],[93.09452502486353,21.84768123267095],[93.12356432034122,21.872581155214487],[93.14712844946065,21.90200739478315],[93.16440284192073,21.934946473746592],[93.20011986111778,22.022999297632456],[93.23103638093416,22.03621892659478],[93.2668410908437,22.060998590379384],[93.29651711909695,22.0864123561584],[93.32698267959157,22.11885958440851],[93.34912111377825,22.156611227564444],[93.36187732806947,22.197878714724638],[93.37319152737524,22.259132943060767],[93.37622455994591,22.292969134716813],[93.37593812718292,22.361266091965327],[93.36809142053325,22.41334806858841],[93.31415877811148,22.591307245425103],[93.30062220499569,22.660870901833714],[93.29713085026651,22.692622443963977],[93.31329830912543,22.73227023292402],[93.35945801806173,22.829825798003352],[93.36319574365685,22.840095649416433],[93.3690871165419,22.841705552772208],[93.41347646894506,22.85900351866454],[93.45256651817726,22.88493126916561],[93.4843907051196,22.91818534941278],[93.52581932762406,22.97272676995344],[93.54213029478252,22.998006820763568],[93.55416736061876,23.025219720642557],[93.57082666405793,23.072750053400735],[93.57977306053711,23.110867021628057],[93.60537520651536,23.31743338823752],[93.60602625902604,23.323504637243886],[93.62311248374455,23.512311936380765],[93.62366249067831,23.52036946964668],[93.63074161732796,23.67438235590489],[93.62757565273638,23.71722674830206],[93.61428116115734,23.75840453402447],[93.59898722442635,23.791760702396385],[93.60734517676111,23.793333319338036],[93.62700201363982,23.79791386004541],[93.64984607716225,23.80428530911079],[93.6667250987338,23.797382800547652],[93.6814765272657,23.791935085742047],[93.7809811120248,23.75898722747502],[93.79494014378083,23.754843933023956],[93.92885302063613,23.719575053197516],[93.97319813310062,23.69819402457394],[94.0116435904372,23.683779193118777],[94.05242180892267,23.676343260905536],[94.09402544936928,23.67616018135145],[94.14677889328881,23.680559165094714],[94.18563899810154,23.687090584764288],[94.22256633758319,23.699945757738536],[94.256330777092,23.71869588988481],[94.28580651129784,23.742715831618696],[94.31000926734384,23.771204735171214],[94.32812902154573,23.803212515786647],[94.37090915202259,23.899335440403156],[94.376432442157,23.91319889530458],[94.42602213322499,24.05363888709487],[94.4261116892157,24.053892685618415],[94.49452723592607,24.247789160314863],[94.5712076066452,24.38576145168059],[94.57162573745502,24.386516636306567],[94.58704365876869,24.414503125715918],[94.6722417085216,24.52662794136833],[94.67672968886444,24.532768001496038],[94.76772345322517,24.662241522269433],[94.78356509203593,24.68911501875797],[94.86293683577344,24.852761044989634],[94.86966680173657,24.86838011264235],[94.91415153409469,24.98602574229114],[94.9240443748718,25.02422227800606],[94.92534319222747,25.06339769921091],[94.92152214126547,25.112513808217255],[94.91137446265277,25.159473256595685],[94.88889472848055,25.202785288121433],[94.86052331366564,25.2435347727981],[94.8359916831874,25.272392131560206],[94.80629508946487,25.296371946699633],[94.81109995927162,25.306422719780176],[94.89353945355414,25.348616974344054],[94.92424365595498,25.367570530743745],[94.9509659929461,25.390901121286795],[95.02625856583268,25.468702489896486],[95.03739451714748,25.481180336187013],[95.12199990238645,25.584106993354396],[95.13437001501556,25.60085055771472],[95.18070979079893,25.67100272278885],[95.19884787281707,25.705721058732326],[95.20915855761514,25.74289590337784],[95.22295712420373,25.82668913106882],[95.24667914793211,25.847550996530202],[95.27675313364799,25.880352232113474],[95.31623675440832,25.93425648833384],[95.33857694743087,25.973760221368217],[95.35051806023704,26.01667816170088],[95.35144705341523,26.060844688839808],[95.34837469709636,26.08999212814983],[95.33928901093486,26.130251814325693],[95.32099957291656,26.16789768854173],[95.30328148417618,26.19005170380244],[95.28543693718355,26.23534967939118],[95.2721324863434,26.35218015483009],[95.27712354271998,26.421618958384894],[95.28570273001336,26.436461801824343],[95.28784358529997,26.44026479401973],[95.30096382967847,26.46420274729331],[95.37408180850008,26.485985481048935],[95.41719077862702,26.503553791919078],[95.5757981189834,26.587251556645153],[95.6013458107833,26.602939382730625],[95.87162349056305,26.794266787121387],[95.95483430109168,26.847571581435588],[96.01031610146785,26.874357412946768],[96.05167691238732,26.90006233049276],[96.08549895743708,26.93333379947393],[96.14384138725784,27.00563888850323],[96.19013035220961,27.05112700094524],[96.25489092746558,27.073245622027883],[96.31728068615227,27.086043153556272],[96.6468458603139,27.13743797455133],[96.69100461236884,27.07416146353933],[96.71886971570824,27.04219408893584],[96.75359254596734,27.01600832664063],[96.8267073826333,26.97154240790531],[96.86682458451779,26.952220824283263],[96.9514041913977,26.921031656898663],[96.99569318407376,26.9093297914727],[97.04182277994236,26.906033391286183],[97.08778768659704,26.91128431722085],[97.15164839908138,26.92465758264045],[97.19111371657281,26.93644411968668],[97.2274591275949,26.954516654952418],[97.25941080791175,26.978241430504774],[97.28584718972031,27.006786624507086],[97.30583807725417,27.039151233844503],[97.31867739383259,27.07419985279024],[97.32390840756891,27.11070218400157],[97.32565693123104,27.158586813296704],[97.32265502969712,27.197634183190686],[97.31091178861426,27.2353189514541],[97.2908877849768,27.270136252249227],[97.1112469691842,27.516774441882944],[97.10443297724497,27.544920969644924],[97.10426259544084,27.54677545914009],[97.11048441919148,27.552138143460468],[97.18892858498197,27.607817494358674],[97.18923475870447,27.608034990243866],[97.29725548585583,27.68480269925614],[97.30521160345144,27.690720587634722],[97.33145764276547,27.711166394279967],[97.35703388686855,27.716610452275514],[97.40223383817667,27.730856897146598],[97.44302471344771,27.753211512718266],[97.47753307535487,27.78264740843546],[97.50653915078274,27.813278258893884],[97.52915313460853,27.841929873685118],[97.54569532510354,27.873588047946253],[97.5556431819872,27.90726160207341],[97.56412052125765,27.951818100105932],[97.56651019789862,27.999318156450325],[97.56221086605935,28.047845932776212],[97.55295011087534,28.090357376391324],[97.5332153227141,28.129964542160554],[97.53241337479807,28.131182075456543],[97.54329195037133,28.186557933704343],[97.54649236030211,28.22414383199748],[97.54141762738759,28.26150740967837],[97.52824716395973,28.297268311695824],[97.50746037864529,28.33010406847386],[97.47982003616595,28.35879910828261],[97.44634486974425,28.382289996867797],[97.42345481063596,28.395374602455153],[97.28845448257486,28.492308581178186],[97.24217918608969,28.51785101212244],[97.17238476451936,28.546518093845435],[97.13021464276184,28.55949164958344],[97.08584898845064,28.564867959279873],[97.04106272835341,28.56243067586113],[96.99764840175195,28.55227601655214],[96.96267378179498,28.540731404540963],[96.87700585291773,28.55505086859409],[96.86343687298819,28.556731977784676],[96.79092727085384,28.60554879423359],[96.75041298344831,28.62719989546318],[96.74267599077122,28.629552697588938],[96.76570777395833,28.653263432706055],[96.78740406628695,28.687378135250064],[96.80101313396857,28.724488516692944],[96.80599425208231,28.76314101576568],[96.80214343020775,28.80182042385159],[96.78960273011535,28.83900904823738],[96.75886054114255,28.904954113426722],[96.75275665628345,28.916874942304354],[96.69574254722994,29.01877668650163],[96.6906757055723,29.05089410975112],[96.67958166321387,29.09023666949305],[96.65937370466008,29.12667424125572],[96.63090978266017,29.158643610071135],[96.59957690452435,29.187093438573093],[96.57461927348463,29.205925720781032],[96.57999629085296,29.225125986144693],[96.58128082340825,29.266677559627485],[96.57245083199263,29.30744660684342],[96.55389152852078,29.345603408688923],[96.52642674624265,29.379433540628085],[96.49128358381746,29.40741519510412],[96.47262513193878,29.41934660844228],[96.43386070570912,29.43923365139248],[96.39121943927559,29.451999498537663],[96.34640979242228,29.45713131101499],[96.3397170438406,29.456730819916867],[96.32917257614929,29.47412378132132],[96.29020501907898,29.52023317376049],[96.24129759940327,29.563007792160363],[96.19790196526272,29.59254343729813],[96.15363241377207,29.61562861722891],[96.11508373830235,29.631599688632946],[96.0736682619036,29.640966962718196],[96.03087368599643,29.643392925926676],[95.98823843836142,29.63878935503507],[95.94729552043461,29.627320680907918],[95.79677223123846,29.571011523483236],[95.78397031962648,29.5658004269856],[95.6090186765457,29.4886138615365],[95.59020912828734,29.479299549284967],[95.39545329235374,29.371703156854668],[95.35886984447582,29.346543004443014],[95.32892801486183,29.315466936770495],[95.30688933964365,29.279789070439794],[95.29972025078287,29.258754594379198],[95.24166500579474,29.282298077732936],[95.22227341425541,29.289215535675595],[95.07618538983121,29.334427640439035],[95.03791438257804,29.34303990496216],[94.99843758091554,29.345699704026284],[94.97237787090565,29.34347207987569],[94.92913682819577,29.350442673742368],[94.91425391360217,29.371081022627628],[94.88814228533752,29.396200522950913],[94.8318025080089,29.441666275130803],[94.79324386379034,29.46662595363559],[94.74937582928155,29.483864751590406],[94.69529812756313,29.49927915132696],[94.65398635124097,29.50740227651122],[94.61158226522797,29.508675400177815],[94.56958096581691,29.50305274447495],[94.52946345979157,29.49073160671693],[94.49264362224051,29.472145426445046],[94.35445299272888,29.38637363481051],[94.19823634038588,29.322407993005783],[94.16543663173464,29.30592760410239],[94.13621097166238,29.28495059186445],[94.03637016473677,29.200136207948532],[94.02186879135728,29.186595575181375],[93.9913323201658,29.155262163012136],[93.97506890495292,29.152426310045477],[93.93463179533117,29.14188412116762],[93.8970951146834,29.124991575899237],[93.86376904827749,29.102337981342846],[93.8358149507353,29.0747136886992],[93.81420459784692,29.043082230034443],[93.79968642270713,29.008546384873227],[93.7949001806411,28.983510893758183],[93.76764665847985,28.961515564004234],[93.65604993570608,28.903591645516617],[93.60174970486217,28.881186262988788],[93.33160205010174,28.84909872883648],[93.30580742813015,28.84466109761925],[93.19703165145009,28.82008002641634],[93.16012532157025,28.808665476986956],[93.12599391428144,28.79185264393036],[93.09566790469887,28.77014906098469],[93.05024262306577,28.731433162849683],[93.02182513124106,28.701973522983202],[93.00046143606612,28.668280813204923],[92.95185892519451,28.57010920830967],[92.94745708247717,28.560530286245797],[92.92599514478175,28.510036436095476],[92.88828504861377,28.476591750812624],[92.76414574938205,28.395891684190612],[92.60060098442952,28.32227935546166],[92.56112889110624,28.299612473972843],[92.5278704296553,28.27023143319767],[92.47856886129792,28.216415493217028],[92.45227655880979,28.18030541578934],[92.43544131708394,28.1401006465057],[92.426412251855,28.108247119723668],[92.41986130067843,28.066857708655238],[92.42189174397718,28.042681878821735],[92.3870134406371,28.025114263242067],[92.36994871905836,28.01958557953106],[92.35258193391091,28.018680783455572],[92.34566956561741,28.01960583202576],[92.33696594011478,28.02365035753607],[92.29772781008656,28.03435038640356],[92.25688196489669,28.038514593256902],[92.21581745389348,28.03600072439109],[92.1759311291391,28.0268935828884],[92.13857941474453,28.011502195378043],[92.13740393567068,28.01089630042577],[92.12035969808697,28.007023641708358],[92.08175389030228,28.00384972037411],[92.04335651073836,27.99767495138111],[92.00672811962811,27.985711103101245],[91.97298755751703,27.9683231693551],[91.91344285578614,27.931136501104145],[91.87463227928214,27.938814191713995],[91.85592516802211,27.94177843056051],[91.74363709778467,27.955194383150573],[91.71436780241484,27.956962025537667],[91.63356751892572,27.95712182863108],[91.59083689025566,27.953557874942923],[91.5496268173115,27.94284989450977],[91.51146267182651,27.925393551346797],[91.47775571980964,27.901834220000605],[91.44975036597995,27.873042877277033],[91.42847793943403,27.84008357270617],[91.41471877526256,27.804173741994745],[91.4128190951522,27.797018714907228],[91.39155410552846,27.751413213965186],[91.38116526074384,27.723330768838935],[91.3629141678088,27.657720477089853],[91.3571243849686,27.625839953305352],[91.35728576518972,27.593577387006615],[91.36338913561679,27.56179676465673],[91.37891600247376,27.50804940936363],[91.3976142907372,27.46508277477958],[91.42707532060577,27.427186670584177],[91.49048987749526,27.363188410793203],[91.53269009617615,27.33019491435819],[91.61760395273427,27.279191245849592],[91.65347083298266,27.26169156077699],[91.69237647098912,27.25034748676459],[91.73300020188051,27.245543398786943],[91.8062403412197,27.24291860989393],[91.79492099695545,27.216320357782852],[91.78448618219214,27.183441023241315],[91.7743123064399,27.135958580780475],[91.77057857796535,27.091168001121027],[91.77834577435935,27.046838273538036],[91.77986512692803,27.04193612050292],[91.69434590535619,27.020450428102702],[91.67350113176207,27.014200733591956],[91.63473296396161,27.00063683906755],[91.61871989370161,27.0011948328183],[91.5853814129631,27.027418466597098],[91.54628527619401,27.047286472689425],[91.50342810270314,27.059678181080724],[91.45859099770003,27.064077665346435],[91.42944234884048,27.064277380745946],[91.38813222416745,27.061108614434872],[91.3481762123768,27.051154999135377],[91.31097577415585,27.034765043939952],[91.23467602217558,26.992814070939637],[91.1566104091174,26.99969987730617],[91.11223246892035,26.999624907678456],[90.83874907286695,26.974415724602757],[90.74300472516006,26.96944081767965],[90.66270354163346,26.975203461309917],[90.64646767341617,26.97959910418958],[90.55385696478828,27.024353019923584],[90.5370934054678,27.03164664901689],[90.43522358587465,27.071263247382404],[90.39396450390791,27.08315348051114],[90.3508539386692,27.087645248178838],[90.30755147453577,27.08456502685023],[90.26572445124674,27.074030736290243],[90.17992456052222,27.04405545942107],[90.16232662734427,27.04084024145756],[90.12529976858069,27.03101893679918],[90.09072957966454,27.015631136855443],[90.05966696715079,26.99514455545392],[90.033054903545,26.970181851649496],[90.00134402083074,26.93470275194676],[89.90783143272809,26.918742039889118],[89.77781899554375,26.90255986762685],[89.7676728382396,26.9049276818457],[89.75995706081036,26.9060301785091],[89.7494659888966,26.91539728956178],[89.7264130093703,26.932165811603532],[89.68141118942816,26.957490454913103],[89.6403526992204,26.974802734180088],[89.60654894408266,26.986134387366548],[89.57110177192627,26.992404779737058],[89.51880799954611,26.99773720553864],[89.4635160530215,27.01189537772947],[89.42788344457739,27.027010106323154],[89.38353311874742,27.040876514402868],[89.33685592086854,27.046073473265835],[89.28996371899903,27.04236519095501],[89.18127908051729,27.02321505242298],[89.15036750008106,27.037292098856007],[89.05603266847794,27.089380087990193],[89.05304350998222,27.10334615119399],[89.04323432585664,27.134754959995778],[89.03304099718571,27.154176194490507],[89.04072910934406,27.160131079434834],[89.06433328246555,27.18568632942255],[89.08284621466848,27.214364882783766],[89.09263371371782,27.232954256884994],[89.1064072803331,27.266808399351724],[89.11306371931711,27.302298845850633],[89.1123763038477,27.338250321530133],[89.10436123283317,27.37347132104613],[89.08927796049811,27.40679356149853],[89.06762142275586,27.437110796722216],[89.040106307785,27.46341569603341],[88.99035987440138,27.502979497618014],[88.97843488871938,27.514814641307147],[89.0439191163344,27.71247495692332],[89.04994733817391,27.735715215890906],[89.06907320322719,27.836947088751533],[89.07201877837944,27.876113152480766],[89.06615332732527,27.914990671434072],[89.05169983003015,27.95204435203826],[89.04165973148285,27.971295279459895],[89.02211520009115,28.05010185551482],[89.0107092904481,28.08244505506953],[88.99318967143377,28.112565117090586],[88.97006924635288,28.139572289986653],[88.94202775771392,28.162668147129445],[88.89454880937593,28.195473106553493],[88.846709545962,28.220688456419825],[88.71139499782129,28.27292278176507],[88.67202389187145,28.284388188211103],[88.6308958386042,28.289237203685303],[88.58765860143555,28.290756987682933],[88.54503913517775,28.28865880901643],[88.50361756017888,28.279468044211434],[88.46490294171734,28.26351904062768],[88.43030445547708,28.241392238998706],[88.4013115098969,28.218840781552974],[88.3868525126034,28.21156319378375],[88.34812706000027,28.19688523457144],[88.22286238525149,28.16132434918048],[88.10467439250948,28.14377051849088],[88.06738394967617,28.135251768412743],[88.03228339842325,28.121216075645847],[88.00011854593548,28.105278219625173],[87.96520979134311,28.083902133579915],[87.9354870357253,28.057099215905062],[87.91201847949831,28.02583561023206],[87.89564474679578,27.991237630055586],[87.88563195221894,27.9627550270275],[87.876870378161,27.925488982441777],[87.87634186542502,27.887451987114982],[87.88405805307077,27.85005377519517],[87.89495739595478,27.816129192482116],[87.91284455127493,27.776976047532226],[87.91901147469991,27.768980255947117],[87.89788687242167,27.714234481947326],[87.8643083312708,27.647155121346678],[87.8514761934963,27.61374172213277],[87.80799065160893,27.45517365780903],[87.80346517032635,27.43339745462742],[87.76421185885218,27.158367119400907],[87.76541988109292,27.10132506999036],[87.77429544635184,27.05348049970618],[87.78685126236883,27.0130804088963],[87.80868843045957,26.975974647645984],[87.91072124836181,26.839847726706388],[87.93766444854575,26.769511417226823],[87.9386743392404,26.750770049376978],[87.90124698484554,26.64666608201453],[87.89500058240188,26.629362956866668],[87.88394201634077,26.632157043010366],[87.83121372756358,26.633838107679296],[87.73066055756608,26.626218419899164],[87.68751474066318,26.619021740259747],[87.60825317098451,26.59831820075343],[87.54157090376584,26.60156639465026],[87.45765768950184,26.61672085498183],[87.4190377464647,26.620559743214923],[87.38024741655985,26.618275861269623],[87.34249254914089,26.609939897120853],[87.30694644921124,26.595810615974436],[87.26365250927041,26.574330337316322],[87.26241439559513,26.574678556193398],[87.2411501185053,26.61943380809911],[87.22226964256474,26.650886453976284],[87.19734869797543,26.678769028114836],[87.16719994645187,26.702167894755867],[87.14570335879571,26.716003482765032],[87.11135489902931,26.734126334837864],[87.07389839805668,26.746418850775747],[87.03455910184744,26.75247851380564],[86.994624849794,26.752106696490095],[86.95540334802782,26.745315283945605],[86.9181787322166,26.7323263165756],[86.71950151503147,26.643578834854914],[86.63896176460568,26.67468802561637],[86.51689814171203,26.731682117867848],[86.5002336116959,26.738678064046706],[86.45183657591491,26.756820664206888],[86.41240600004467,26.7678430881967],[86.28770950448222,26.791469229038384],[86.27204335596642,26.79390785307748],[86.18129588213557,26.805015483160382],[86.07969486268983,26.836349409735277],[86.03093910020914,26.846028300212055],[85.98097405937331,26.845674765717682],[85.932357095621,26.835306470737592],[85.91350568500874,26.829205223575826],[85.90995305054764,26.844264006092533],[85.88921405976882,26.884416543366246],[85.85897517441575,26.919426252720744],[85.8075190327729,26.966839170884516],[85.77076464755093,26.99405996613677],[85.72829631387499,27.013595131991334],[85.68209566589171,27.02453202714529],[85.60198939787185,27.03539218667139],[85.56127026274609,27.037511086120894],[85.5207951933516,27.03292994115397],[85.48194059482601,27.02180429897447],[85.37350720292606,26.980539765351],[85.32868842346964,26.965152583139442],[85.32666935139603,26.967970666368604],[85.29960435254159,26.993950000523206],[85.26775381707324,27.015181472227145],[85.24156035130825,27.029555633372528],[85.20913246302776,27.044214845815425],[85.17444069920673,27.05393717071327],[85.13842247383198,27.05845974255885],[85.12213876326713,27.059296419371258],[85.11123531870899,27.06182525407579],[85.05866983623231,27.092511769358428],[85.03799937396921,27.103196799070446],[84.8765443063863,27.176444413476663],[84.8768170286116,27.202186078821992],[84.86918781256867,27.255477353579813],[84.85520366212349,27.30168620956776],[84.83494335310164,27.34617419635973],[84.80443324260594,27.39503743586106],[84.77643525116686,27.430174584967112],[84.74052190452322,27.45907064487241],[84.69839811747443,27.480349892832383],[84.56894360530751,27.529933743140187],[84.55601749613929,27.534457223316096],[84.31870882073257,27.60975567066991],[84.19309377182714,27.66727049856878],[84.15418548778534,27.681116632076915],[84.11303124413843,27.688239168101628],[84.07109399421387,27.688384859250675],[84.02986498330749,27.681548424264257],[83.99080993891477,27.667972752700557],[83.94831498554503,27.648920284269508],[83.84643457353332,27.62771151041313],[83.80942591578707,27.616883609170692],[83.7751116648125,27.600491740746335],[83.77144748719807,27.597920890675077],[83.6248062542312,27.643247822460335],[83.57330123044053,27.653265820581012],[83.46863704061238,27.662264939623547],[83.41905357428621,27.66158532384111],[83.37086834642442,27.651177622638134],[83.30759777909964,27.630640571053927],[83.26459017914438,27.611782450033097],[83.24826729179905,27.600191768628186],[83.13132828385659,27.633149269888083],[83.10755504235999,27.638577666961286],[82.98563285702924,27.660080739399074],[82.91413869245417,27.678507849745138],[82.88532323187665,27.744797785246007],[82.8678595359648,27.776289370789478],[82.84438575056522,27.80454562087681],[82.81563860824613,27.8286750460725],[82.78252295086233,27.84791589174768],[82.74608322474062,27.861660424638124],[82.69855403047221,27.87530440461543],[82.65409461742921,27.883741651641696],[82.60862652867044,27.884013117044123],[82.50164975111494,27.874908226620445],[82.40792277811222,27.923411606781418],[82.23942878391972,28.02736398585296],[82.2177188785705,28.03916740089037],[82.14273643500051,28.074860602343136],[82.10159577814487,28.08996913103202],[82.05220548940255,28.103172196966568],[82.00385029269954,28.111091089110502],[81.95471102227582,28.10946493259711],[81.90717290756139,28.098372723549023],[81.86884629171796,28.085287380699743],[81.75315481152593,28.148679019790347],[81.61145408306547,28.226182914200507],[81.45801704622374,28.326230919404946],[81.417736815828,28.362421620377418],[81.39894697553297,28.390357935766417],[81.38810038031565,28.40496873061172],[81.35082835283674,28.450616973913103],[81.31790544069395,28.482795097878572],[81.27781628053813,28.50788520413265],[81.12543618218619,28.58248312553401],[81.00505342271836,28.64142206065308],[80.86697556863501,28.709044253340867],[80.8624457375081,28.71166100945057],[80.81936823939117,28.744911914618438],[80.8025841621591,28.75666464844664],[80.71824606322714,28.81010077957707],[80.68207835536485,28.828765258050247],[80.6425999789321,28.841211403390734],[80.57334848243467,28.856809857717128],[80.52751528648942,28.862797094873144],[80.48127228345072,28.860410575657927],[80.43658593309992,28.849751967522618],[80.42550937646448,28.844789580513797],[80.35776380584281,28.88405928548459],[80.29777790483726,28.92519329599088],[80.30065930391703,28.9359528768279],[80.31929143923107,28.978893305550454],[80.34655474509843,29.001383334214037],[80.41007764451948,29.071627807872275],[80.43114133362658,29.099439004233197],[80.44656681806674,29.129967301003735],[80.45591016342259,29.162343409982228],[80.479100758348,29.28570593931662],[80.48209685454201,29.3192332399447],[80.48152964073758,29.38880492766911],[80.52631631414857,29.495707517961687],[80.59718659501313,29.627236400172347],[80.72108508149853,29.769691670560903],[80.75562607175621,29.79997259197781],[80.8042030561016,29.82620774294064],[80.8495176689342,29.85837952066535],[80.97077933623122,29.96983668865717],[81.01568267876695,29.966727622152096],[81.06162195667272,29.971712573387027],[81.1054442887794,29.9846731620598],[81.14534203594175,30.005074956335775],[81.1796669942917,30.03207621910291],[81.20699788978744,30.06456220772215],[81.22619910972372,30.101190714172215],[81.23646826722636,30.1404470627057],[81.23737055018199,30.180706386053206],[81.22885825682543,30.220300679345367],[81.20418583205398,30.292943237303877],[81.18754086757008,30.328651964192293],[81.1632239214062,30.360896181872082],[81.13215222402388,30.38845165824387],[81.09550224403634,30.4102714535331],[80.98983034315233,30.460772031176834],[80.88906650236397,30.516307326837858],[80.84136725520945,30.55651194696655],[80.79007952749909,30.589046646891312],[80.71674995533238,30.62312726711353],[80.66391046006078,30.64078696833928],[80.61155534576291,30.652086235700455],[80.49490744829743,30.69285271837314],[80.43334165569078,30.71435432574198],[80.42113871132521,30.787271447672158],[80.41089139084136,30.823669571310894],[80.39287173354026,30.85776282968734],[80.3677197668326,30.888327298245294],[80.33633384706326,30.914264897164937],[80.29138449383046,30.944919077443938],[80.2525830493328,30.96629800507281],[80.20961781918548,30.98058082158138],[80.16422206806072,30.98719146801493],[80.1503803332828,30.98679317243676],[80.06646946236455,31.043907995358254],[80.06289774033762,31.045816620357126],[80.05868849591145,31.049242790486097],[80.01393379440758,31.07970179049935],[79.997649460563,31.0898180605357],[79.92032978374269,31.133529900826964],[79.8790374036905,31.152013996897708],[79.8342770352037,31.16297590423406],[79.78788746102238,31.165965659399717],[79.6572718342337,31.162925673354273],[79.62078877512653,31.15953862536868],[79.61959162463835,31.15934319780547],[79.53957629819884,31.21326548468468],[79.52964807977845,31.22155522895486],[79.51632020952607,31.232703782880193],[79.42393805834058,31.351321244149077],[79.29872209518314,31.5122085297802],[79.27086947046733,31.54145889306326],[79.2370465064457,31.565664212702444],[79.19848339552703,31.583942153638613],[79.13501077899541,31.60755954091556],[79.09002701378859,31.619792440171977],[79.04310567131915,31.623950298440786],[79.03303064947455,31.62307256783444],[79.03333624856424,31.6323084228498],[79.02488562361769,31.67245412786815],[79.00698469140714,31.71029290901101],[78.9803863539327,31.744213160984756],[78.93682869671937,31.788970050968267],[78.9290005862914,31.798321185701454],[78.93893877687663,31.82312424626694],[78.94721082422868,31.849671006893654],[78.96308566188625,31.91996643168039],[78.96721209511642,31.952911737297363],[78.96482511567028,31.986003567036704],[78.95598560893664,32.01831143906047],[78.94617128734167,32.04415664081802],[78.93155125640739,32.07405325038862],[78.91140491090373,32.1015357793211],[78.8862689135009,32.125866815399405],[78.84925395189099,32.15626906327143],[78.82997662799737,32.17677630511018],[78.85549810186706,32.16820945863244],[78.89933475149044,32.16125658481664],[78.94388928404557,32.16153814701979],[79.02245021529674,32.16845520434515],[79.08311244293152,32.18095912318988],[79.15234513948005,32.20396585303624],[79.19790638230108,32.224309176925935],[79.23706118301683,32.252702454251654],[79.26788613013915,32.28775498210497],[79.28389505435447,32.310940841651565],[79.28462877152432,32.311058023060944],[79.3254740890062,32.324730041997405],[79.3625504940196,32.34468896269446],[79.39453814675998,32.370225502831275],[79.42029553253327,32.40043150630052],[79.4389001578371,32.4342318863641],[79.44968190073924,32.47042256088011],[79.45224776978058,32.50771308732491],[79.45197047943014,32.51419192311743],[79.4501699164586,32.55641170962621],[79.46607573421933,32.68131957720725],[79.46651403164446,32.719965736274226],[79.4606855140358,32.77569087634091],[79.44672661933275,32.82767640785323],[79.44202023131328,32.83830588643791],[79.4430292659478,32.851920827009266],[79.4428459825136,32.878913510372996],[79.43571147456544,32.96013031474533],[79.42678152944238,33.00146202954195],[79.40771175829879,33.040300911101774],[79.37935269961147,33.07489247399148],[79.35753629693423,33.09624431453249],[79.3660931322992,33.13631309449639],[79.36979759377604,33.17000568400886],[79.36662647937882,33.20375947641552],[79.35666579397169,33.23658489317732],[79.33411497682806,33.2909653283917],[79.311071313561,33.33122559885426],[79.27788531980437,33.36614290798484],[79.23624340777806,33.39393381128866],[79.20820876984226,33.408643122816784],[79.17530778001384,33.43372605175551],[79.13193371311712,33.47101002620738],[79.11268403421889,33.49546425967434],[79.08461129159613,33.52468101502382],[79.04265842381669,33.56073364435913],[79.03218209436137,33.57213536255179],[79.02551593428801,33.659002420205006],[79.01987236624976,33.81411271838331],[79.01385400284417,33.852831757775135],[78.9920029702921,33.931522893875375],[78.97955099606745,33.97662538918772],[79.06524907506757,34.02510464205133],[79.11469297202255,34.062588839588614],[79.15358803400956,34.101802752159415],[79.17659598035289,34.1295138561086],[79.19360896982681,34.160108058993195],[79.20412555520852,34.19269418785581],[79.21054562889,34.222568780212875],[79.2141791336935,34.25226046363769],[79.2124035982237,34.28208942502344],[79.20567579129397,34.32663449472982],[79.1954255765256,34.36429871193299],[79.17658011612703,34.39961965926052],[79.14295836320818,34.4489814483924],[79.1088422663571,34.48739351935522],[79.06467288592108,34.517936723012106],[78.99958020249564,34.55285104283719],[78.91064665691984,34.607590409057615],[78.82459083252317,34.66846574705887],[78.78475816365737,34.69128345714846],[78.74022240717966,34.706985053118636],[78.5850217474711,34.746796021944505],[78.4858095195378,34.77227798052255],[78.4629322439162,34.830360308857465],[78.46051117222142,34.83619354090252],[78.38331038634794,35.01280138875931],[78.30105867623135,35.20118567796077],[78.29423600642976,35.215102647423635],[78.25165109056854,35.29324232120507],[78.28207249646069,35.40536630119762],[78.28758247985358,35.43921756168202],[78.2859136998786,35.47337910972902],[78.28120622499183,35.50375983753545],[78.27188084471595,35.53855975072026],[78.25511070823434,35.57145836008468],[78.23143324198752,35.6013868713058],[78.20161249843626,35.6273722045295],[78.16661484165084,35.648568923071636],[78.12757766185372,35.66428704837873],[78.09431474705197,35.67475191694736],[78.05331385268548,35.68434386578917],[78.01093704091724,35.68786963285285],[77.96851471911697,35.685218953238866],[77.9273786453621,35.67647529376295],[77.90907069541711,35.67112003499982],[77.90805907554633,35.67165943467154],[77.86172839098549,35.686448145894545],[77.81274169321996,35.69314966624689],[77.76318734402483,35.69147905533169],[77.71517817156817,35.68150801819921],[77.67075968171623,35.6636617102632],[77.56827865889053,35.61097121376329],[77.44298468326339,35.54647727636779],[77.29501961072445,35.470348003319316],[77.1646593287618,35.40331816321141],[77.04037317599708,35.3393275325288],[76.92051462219983,35.27769791639254],[76.88691828414856,35.256759863842724],[76.85837093375694,35.23125563854327],[76.83575860951727,35.201980750561845],[76.81978009875945,35.169847493869085],[76.80326294026342,35.125843452505954],[76.7818525608121,35.11538332779776],[76.68704372395665,35.08178909958123],[76.64453515150896,35.06221205456241],[76.60781717127949,35.03588360235644],[76.58243659659621,35.013492760977094],[76.5568957101792,34.98655726023311],[76.5374405883647,34.95633604428019],[76.53217305098052,34.94291158431583],[76.4930993759971,34.95105249977499],[76.45195586776454,34.953590173536476],[76.41095606616122,34.95024432883145],[76.37132673617957,34.94111539965291],[76.12943354324196,34.865925670096324],[76.0436339587116,34.86733676781332],[75.99536561603362,34.8640462890347],[75.9489887583026,34.852751783048966],[75.9064224257473,34.833921158447275],[75.80360458854071,34.77645577844144],[75.78515272671301,34.76500136336007],[75.73348124563965,34.72949711863205],[75.65547059229951,34.700321856065365],[75.6343933925375,34.70024842975638],[75.52745499477815,34.723974229102964],[75.36948564813066,34.77814100511715],[75.3078338758133,34.808452944718056],[75.26627379682073,34.824658800410226],[75.2218009926497,34.83402771712662],[75.17606009639886,34.83621403189818],[75.11937815487411,34.83440471299252],[74.98504346352196,34.84167196273743],[74.8414462012045,34.86971050949203],[74.64659058354682,34.90775694964329],[74.63972702294724,34.90900493676252],[74.54344993511324,34.925261962261466],[74.34559719028385,34.958625377710014],[74.29836271899806,34.96260028550385],[74.25120955965237,34.95880554906589],[74.2060033011676,34.94739200484064],[74.07749669595198,34.902854382494574],[73.96819441914893,34.864963082870105],[73.88046447632317,34.83973315409777],[73.84005325387054,34.82442912185047],[73.80390061802726,34.80314323419096],[73.77327261494831,34.7766230315472],[73.74923852327505,34.745798936520615],[73.67563932912617,34.62816928754794],[73.6476420457357,34.59094866789189],[73.63682927731834,34.574923973671815],[73.59895899330108,34.5119399460978],[73.58605292528567,34.485882874103964],[73.56857512631018,34.44172418028939],[73.55884074860921,34.40624329163538],[73.55718296747276,34.369808864027036],[73.56364920542715,34.33366842450954],[73.57919631318293,34.28081839548898],[73.59434435132832,34.24473656921501],[73.61751665858826,34.2116647594424],[73.64784393350799,34.18283362065932],[73.677069267563,34.16392662191352],[73.67226112331124,34.15206076377193],[73.66688713788051,34.10894422570364],[73.66716378055155,34.076626071253045],[73.67305176368424,34.034262665700496],[73.6897099829349,33.99383920466184],[73.70802311318262,33.96124994401585],[73.72708720242541,33.933374642964736],[73.75125708291365,33.90837696122587],[73.7787939916953,33.884140088586705],[73.78936617796282,33.87633021623634],[73.774887873396,33.84748857474897],[73.75052638477415,33.78056837586142],[73.74262877774828,33.75055289598319],[73.7404424330708,33.719827395131915],[73.74164724925079,33.66637109505852],[73.74632334386823,33.630794694790595],[73.75859251297487,33.59644049311252],[73.7780444887739,33.564436186347066],[73.80454676550362,33.52907265475131],[73.83176226982067,33.49932923795474],[73.86510988848936,33.47434023825995],[73.8916894303504,33.45788572300886],[73.86043110101573,33.419336622878724],[73.80976146985246,33.3659113202948],[73.7883402271349,33.338968381619516],[73.77254080112493,33.30939251644333],[73.76278883443608,33.277990559313075],[73.75844449712942,33.2569905357953],[73.7549983589131,33.22243862547827],[73.75882739148767,33.18785336433205],[73.76980553439009,33.15430547171603],[73.78382794222823,33.122591231361454],[73.80085439789643,33.09218753577759],[73.82371346455781,33.06458813080636],[73.86904068891428,33.018596521860786],[73.88037604064229,33.007890538320375],[73.95751695560578,32.940004409221515],[73.9954174151236,32.912936247898074],[74.08079493807561,32.86382585309493],[74.07581982865949,32.84970871889023],[74.07161025605131,32.811378805191275],[74.07632593943889,32.77301984407938],[74.0897769892416,32.736094832753615],[74.11144186725792,32.70201077863697],[74.14048849416862,32.67206539724087],[74.18959922615139,32.63036853208249],[74.22648189387783,32.604785927451815],[74.26864566478264,32.58598429494787],[74.31435110505012,32.574739511976645],[74.36171496246843,32.57151586621684],[74.41385868094403,32.57245002626507],[74.4268840707635,32.49354874284043],[74.43845220131544,32.45385491252374],[74.45938591603688,32.416949761490876],[74.48878271585119,32.384408499908425],[74.51671035919328,32.359292538863656],[74.55471001540946,32.331661962539066],[74.5986928287067,32.31146055137073],[74.7016502076358,32.275519807843295],[74.74846488444203,32.26380950251011],[74.79704173669396,32.260589423664],[74.94477498693965,32.263865082125484],[74.95366135111024,32.26068093508581],[74.63435408147741,32.12544048984396],[74.60925380103075,32.11302625533809],[74.50546893071433,32.05385315328628],[74.46768257627926,32.02683222205093],[74.38753432033957,31.95555722156914],[74.36422331141402,31.931124158654086],[74.34583846119739,31.90380306819877],[74.31634283229113,31.850352034611962],[74.30192736128042,31.816346813615247],[74.28602238672339,31.764133759984958],[74.27909811880222,31.727214906472376],[74.28049325574275,31.689787735893344],[74.29014862047883,31.65320004562159],[74.35737670436014,31.477384009851935],[74.3581789936153,31.473546681884045],[74.31125170375576,31.309963079441573],[74.30882487171881,31.300487336008278],[74.29170309721411,31.22469319650314],[74.28754219841817,31.189647734843977],[74.29073357790328,31.15447806356769],[74.30116809978392,31.120307082450662],[74.31393509493181,31.089841292038965],[74.31095073796533,31.088311539676646],[74.28928060547439,31.08636386275792],[74.24240592454773,31.07298855951581],[74.20005138010045,31.05128082449921],[74.16418656120922,31.022252317412235],[74.04054311804595,30.897559770867147],[74.0285671899274,30.884354743458406],[73.83692830046354,30.65266702312042],[73.74622142643926,30.58282239284321],[73.71203988286454,30.549705774566625],[73.68742490599138,30.510767064356212],[73.67362142929213,30.467993591094984],[73.66637673630792,30.428749896614914],[73.6580105460086,30.38891079565226],[73.65454282781782,30.345968426226875],[73.6619622463888,30.303328462692456],[73.67990267475115,30.263024092940665],[73.6802166266566,30.26249771012985],[73.67448441057816,30.25740142529185],[73.56906477729574,30.215411954095273],[73.38625447622289,30.156339924748718],[73.36407987167632,30.147961247836925],[73.27815056366892,30.110591945650576],[73.2413794326862,30.090521351895397],[73.20977494889426,30.064719740019335],[73.18449606241228,30.034136977729055],[73.16646647950688,29.99989785118523],[73.10241227133577,29.83845861006466],[73.10066875226389,29.83387637359106],[73.04355342886136,29.677145679798844],[73.02261969308682,29.629776455373882],[72.9273570062808,29.456194731727102],[72.75577594192005,29.192615066658853],[72.74513012773532,29.178506050035228],[72.51602672877992,29.068976652675985],[72.51124619141277,29.066618869483662],[72.22732778978144,28.922149990578514],[72.1939247155514,28.90127738371049],[72.16548809123358,28.875408472852474],[72.11563134999803,28.82071872161762],[72.09656776228384,28.796163784560168],[72.08198603727192,28.769347992314305],[72.02410919612612,28.6378469537484],[72.02051077201872,28.629040929281757],[71.97351769490507,28.504646428183722],[71.9474184374745,28.465694776160177],[71.78390089410392,28.312270515089317],[71.75870757540625,28.283674187948733],[71.73996271031506,28.251466242864538],[71.68100150900499,28.121576679695362],[71.67785751251502,28.11209765708345],[71.64661256349213,28.102434369888623],[71.50202738694385,28.0647835625125],[71.2737406662247,28.051539683181023],[71.23358288565687,28.0459110248542],[71.12806165698578,28.022223668869994],[71.09554218573767,28.01250022721066],[70.8584464618808,27.922831425025784],[70.84939438842694,27.969397958072285],[70.83522365295924,28.01228031323779],[70.81043583833794,28.051319039194727],[70.77629935281131,28.08450257654134],[70.71640042606677,28.13089344420923],[70.67684586936392,28.155427331917632],[70.59608082342693,28.194827573779566],[70.54603518912808,28.212718607851244],[70.49264909457214,28.21961771232215],[70.4076405591119,28.22150657553752],[70.36686518132387,28.219123881964027],[70.32732440174233,28.21026870624915],[70.29034061248537,28.19523806096037],[70.20502352192138,28.151759731971232],[70.18566430835423,28.14065984563284],[70.1115164874468,28.093082698197538],[70.09522571398982,28.08154467160543],[70.04483693501811,28.042238171992196],[70.0310583438218,28.030505374896602],[69.9816680088994,27.984606049941142],[69.94771651353787,27.94329991556456],[69.85606191672116,27.793567559642504],[69.71785177487882,27.59402356333492],[69.57012969691822,27.455159739879132],[69.51556653764521,27.413679556434783],[69.50064234678503,27.401209173372095],[69.4609140350928,27.3647439370057],[69.45469395988168,27.358788729977974],[69.40111702328319,27.305268270010096],[69.3714347347656,27.2673304360877],[69.34055266973903,27.21564087333457],[69.32025113660555,27.16670168425999],[69.27808180504762,26.997885005460184],[69.27510885508698,26.983414760945507],[69.2508777016946,26.83371106840171],[69.24925237491838,26.791233542629996],[69.25797669664966,26.749382157545455],[69.26925504307127,26.71595731715389],[69.28558866628363,26.680479716301065],[69.30933011858694,26.64843774524472],[69.33501844787108,26.620147074359068],[69.36723242735633,26.59128450886661],[69.40537532315984,26.568863331525545],[69.49333256041561,26.527950323728167],[69.62312714842801,26.45883104758106],[69.68122437300158,26.43709735994045],[69.85643582236324,26.396204607969917],[69.90045049007527,26.390024440994164],[69.93073505663726,26.388519639282322],[69.92931551495845,26.364760461384204],[69.9162706035597,26.258899858656484],[69.86942484377238,26.136414936930993],[69.86043907672922,26.104148801640378],[69.85769789318111,26.07096282702195],[69.85872222511101,25.98904980408892],[69.86493706848665,25.9447628904401],[69.88663887685476,25.864828968456678],[69.90080469287057,25.828497205774003],[69.92258058321413,25.79528626678326],[70.08710919822396,25.59196876837149],[70.11525770441189,25.563357885775165],[70.14899277422816,25.540114562504257],[70.18705136009734,25.52310829994638],[70.24751282030931,25.50232601738568],[70.28196805697534,25.493283928349978],[70.31757746960331,25.48939097246284],[70.4345624006046,25.48520024342335],[70.43319730297094,25.428152385465193],[70.43841476590748,25.381025308425567],[70.45601021991497,25.33633333559749],[70.50658521119915,25.244563313570694],[70.52400946334572,25.218251915843446],[70.611924426114,25.106065850342965],[70.67754023094972,24.985007610167756],[70.74753180936149,24.82156081538308],[70.75384741305963,24.80825675288177],[70.79548605563444,24.72864759556716],[70.79516919563117,24.728217754998038],[70.77240555051516,24.687879112798367],[70.76050263216618,24.643870736623573],[70.75403904297575,24.596997392439828],[70.75243595700006,24.567833229831663],[70.75562767244261,24.53876133686089],[70.75900513070532,24.5212973466947],[70.75848124766473,24.518234139913083],[70.75744669232479,24.502142620063875],[70.75482759393545,24.500681449360442],[70.74737329738443,24.494476000210415],[70.74044899421739,24.50683290899979],[70.71656665924111,24.540477986971375],[70.68566179825187,24.5690817761234],[70.6490097790768,24.591461195339054],[70.6081261024069,24.60669052599729],[70.56470323577115,24.61414006238218],[70.52053973799599,24.61350236325379],[70.46293898926818,24.60732841702325],[70.42464673454373,24.600002549920358],[70.22421777620633,24.54402802115745],[70.2081354004786,24.53888993537939],[70.01712497812612,24.46996467316952],[69.97746147964943,24.451100467315438],[69.9429704951656,24.425252076368427],[69.91512389543095,24.39352629082475],[69.89595950184462,24.366304681399534],[69.80863220908975,24.362104776963523],[69.79349149460222,24.363358186814313],[69.75901707948427,24.385450336290468],[69.68394999695602,24.433401649042246],[69.64660943404732,24.452552197006785],[69.60585140135403,24.464704115995456],[69.56326971162494,24.469383150867316],[69.44737205797948,24.47165493473657],[69.43463815927593,24.47156231823222],[69.2305581956599,24.464536636065954],[69.14979206294356,24.464796642460257],[69.11087363469805,24.47490486039443],[69.0757527621661,24.481249930473346],[69.03997407877594,24.482298784229094],[69.00451260901094,24.4780235230693],[68.98771064594438,24.474703318878802],[68.95374486210389,24.4825274089916],[68.91498904470826,24.488148429759757],[68.88751444014991,24.487612349392474],[68.85640773741908,24.49833402080663],[68.83753188051173,24.502975542729327],[68.79621590261469,24.509353439362542],[68.75433982090979,24.508453577132727],[68.71346597422173,24.500310635884407],[68.69127325084058,24.493802959676657],[68.65139680317594,24.47793947876063],[68.61587550713475,24.45518834163952],[68.59654096105707,24.439935578221018],[68.56208870693123,24.40538756670467],[68.53767177964919,24.36444890748728],[68.52618867431605,24.33807318429934],[68.51516307757937,24.303876680827642],[68.51117931631376,24.268420918849813],[68.50998116337439,24.163189546184892],[68.4894487846273,24.1633125163899],[68.45213736307684,24.160605075239225],[68.34457230363647,24.144198927912722],[68.32691411790178,24.140808143807565],[68.22806497350271,24.117853346108877],[68.19654210323147,24.108122953715917],[68.16706328573319,24.094124736279866],[68.11870046599957,24.066642472507706],[68.11082699870803,24.06194608022053],[68.04166338734575,24.018673553169492],[68.00997167454871,23.99443530855052],[67.9840074551135,23.96514770367102],[67.96472434486653,23.93189209542435],[67.95282774372366,23.895895124403033],[67.94874956771197,23.858483272954242],[67.95263325982987,23.82103391222537]]]}},{"type":"Feature","properties":{"name":"India"},"geometry":{"type":"Polygon","coordinates":[[[93.46176761401199,7.1719442908409405],[93.4616731388215,7.171585133517485],[93.45899400108878,7.136365159892946],[93.46073999774468,7.016176172190777],[93.46454635972803,6.98042047802223],[93.47478971281713,6.945854307708981],[93.4911267384994,6.913627441860798],[93.51301179170926,6.884811192216415],[93.53971532346182,6.8603628851141165],[93.56712778016045,6.843120248316869],[93.65095901967597,6.666663058572845],[93.66992520561068,6.6347404898142575],[93.69446377625384,6.60681979780186],[93.72371215437754,6.583879416938574],[93.75664341759826,6.56672269801062],[93.7921023647016,6.555949981010724],[93.82884594741266,6.551937790273329],[93.8655866651643,6.554825845465155],[93.90103743234297,6.5645123131947045],[93.93395638748235,6.5806574444500905],[93.96319012188314,6.602695461318916],[93.98771386007546,6.629854280761057],[94.04894333689363,6.71217255017092],[94.06743644803946,6.742507019910411],[94.0800739710378,6.775767649520385],[94.11969708623381,6.9181340965092435],[94.12617761148128,6.95436746609519],[94.1257410746906,6.991276849846857],[94.11840012080366,7.027563561950103],[94.04796810393778,7.260936774322181],[94.03286207382507,7.297434132869818],[94.01082268028962,7.330324646021797],[93.98272592201269,7.358295948677979],[93.94620588497162,7.3881056420425075],[93.9249823474462,7.402023045872942],[93.91163622657051,7.439138615794919],[93.89053364683599,7.473707718235577],[93.84944682466472,7.527838311362809],[93.82229239147304,7.557066884478093],[93.78989220705877,7.580385274498856],[93.75355371042443,7.59685008423998],[93.71474464668523,7.605794590699741],[93.67503359655754,7.6068560329128125],[93.63602624906086,7.599990549459007],[93.59930006078059,7.5854751139364245],[93.5663400294118,7.563896363636615],[93.54261810950652,7.544645656039618],[93.5181565789755,7.531437671679342],[93.48284565139396,7.5069520526702425],[93.45385763237813,7.475310749222447],[93.43258574799508,7.438036758857793],[93.41560857504358,7.3986602459877515],[93.40355719532955,7.360003816207374],[93.39977125457324,7.31959116673571],[93.40440874835524,7.279146765668037],[93.41726814271104,7.240395389395766],[93.43779760787746,7.204988517927334],[93.46176761401199,7.1719442908409405]]]}},{"type":"Feature","properties":{"name":"India"},"geometry":{"type":"Polygon","coordinates":[[[93.11959854821598,8.020052813024575],[93.11325222280801,7.993609514265683],[93.11169772350553,7.955794016833429],[93.1174575279205,7.918286373673864],[93.13031537474228,7.88247418593458],[93.14979272372614,7.849681494604109],[93.17435991474423,7.816072327458779],[93.19094628189639,7.785336476035236],[93.21114858105119,7.754907208462351],[93.23656043027603,7.728602348235928],[93.26631975232458,7.707311629909073],[93.299418134369,7.6917546936446834],[93.3347349778654,7.682456954094984],[93.37107532153696,7.679732037918119],[93.44855627394888,7.681015262563059],[93.4855487402758,7.68511585426361],[93.52101607324519,7.696057644430337],[93.5537006890805,7.7134522881926],[93.58244333266184,7.736682840261608],[93.60622395714444,7.76492551215733],[93.62419777685828,7.797178702766157],[93.6357252406802,7.83229830416824],[93.64052297666392,7.853578586858615],[93.64391894657648,7.888025988614999],[93.66172166291142,7.902149988556195],[93.68825650394483,7.927664146945821],[93.70946163642928,7.95772478546447],[93.72458887841883,7.991273647933081],[93.73310334938533,8.027129321117707],[93.73470251211347,8.064028631070594],[93.72932714812926,8.100670976821283],[93.71827686364313,8.145871959957411],[93.72770753131864,8.182615767940662],[93.72944176732125,8.22308710046598],[93.72278582410284,8.263167507059865],[93.70801809845936,8.30115657191407],[93.68576156392152,8.335441487042251],[93.65695795274388,8.364565640672192],[93.62282824440915,8.38729074362215],[93.58482105885184,8.402649803311768],[93.54720201232288,8.413554738866043],[93.50717825590989,8.420866967370499],[93.46660088836876,8.419947035872632],[93.42717463339798,8.410832677875003],[93.39055595227174,8.39390621244859],[93.35828296105257,8.369878469371931],[93.33171042284755,8.339758767007048],[93.32611359418938,8.331898007490427],[93.32536878246528,8.333045058784517],[93.31186880910812,8.349985395936484],[93.27867645878457,8.4258853876254],[93.25925402140608,8.460454027656244],[93.23333674817005,8.490583519870032],[93.2019593094987,8.51506708642643],[93.16637612246605,8.532923355161],[93.12801121107732,8.543435997336754],[93.0884010496321,8.54618275604654],[93.0491327100959,8.541052641660968],[93.01177985539297,8.528250556144267],[92.977839228314,8.508289131397884],[92.94867027225683,8.481968103590239],[92.92923298905838,8.460468786461728],[92.90207630544293,8.421822887790118],[92.88509847738378,8.377733825677653],[92.87184925905316,8.324781497658302],[92.8662535206653,8.28669693668561],[92.8682516602607,8.248165635214885],[92.87776368863018,8.210665223255376],[92.8944216515204,8.175632899050504],[92.91758423551835,8.144410386603493],[92.96858112252967,8.088001850418552],[92.9952004299148,8.06341101285181],[93.02580095241318,8.043972175713801],[93.05936648312817,8.030329318001758],[93.09478322478601,8.022934022932324],[93.11959854821598,8.020052813024575]]]}},{"type":"Feature","properties":{"name":"India"},"geometry":{"type":"Polygon","coordinates":[[[92.43537995419247,12.08004346859628],[92.41404995178371,12.060526456002123],[92.3904998356941,12.027719333824832],[92.35790436829905,11.970553288442726],[92.34113225836045,11.931796362418945],[92.33321957052812,11.890360183537632],[92.33452502467011,11.84814922899477],[92.34498333780071,11.807102295114948],[92.36410919199592,11.769103338333593],[92.36624038440874,11.765807023115121],[92.37631125932438,11.693404495124145],[92.38366371160448,11.661071012406273],[92.39641838232312,11.63034975240247],[92.44266538196838,11.541065445925259],[92.43986354452109,11.525692218696301],[92.43859395154794,11.509040242916901],[92.42334812603055,11.489148918246421],[92.40600948891709,11.452874932653737],[92.39657796265242,11.413835980024633],[92.39544263423099,11.373659411309875],[92.40264636286088,11.334018981389011],[92.41788472371559,11.296564996382504],[92.44051942061279,11.262855622609107],[92.46960548905851,11.234292212657724],[92.50393105658337,11.212061307652116],[92.55273941755378,11.186992868462132],[92.59376086208316,11.171217786636543],[92.63720708930323,11.164543195065367],[92.6810014085563,11.167286859864216],[92.72305114121333,11.1793166850997],[92.77164426698268,11.199127216816906],[92.80585715966056,11.217097807913813],[92.83583040291595,11.241247351043244],[92.86043551250721,11.270667477490145],[92.87874491679489,11.304251415400193],[92.89006690944709,11.34073535821364],[92.89397193147575,11.378745759438543],[92.8903091637687,11.416850823377757],[92.8890862675005,11.423054757234869],[92.88919956127144,11.425109042703687],[92.89322917803425,11.430293776336045],[92.90949305222132,11.461684718915706],[92.95144564051846,11.564703648596232],[92.96172798534349,11.598522206999661],[92.96565525912469,11.633654669255742],[92.96748468079564,11.727174334236807],[92.97424381482183,11.72306642710949],[93.01084270130934,11.709467614449315],[93.04936563354372,11.703014538437992],[93.08836556160401,11.703948664157565],[93.12637799833618,11.712234152832295],[93.16197557795651,11.727559310730229],[93.1938212246204,11.749348286052879],[93.22071801282283,11.776782578588918],[93.24165391350438,11.808831576916997],[93.25583978943135,11.84429101418776],[93.26273922736611,11.881827945800772],[93.26208906840714,11.920030609795324],[93.25390981611466,11.95746134197741],[93.20931089653187,12.094886264709793],[93.19450822890697,12.12903861425849],[93.1734550947594,12.159942717914664],[93.14689154316815,12.18650742816042],[93.11575315305741,12.207794133947296],[93.08113817740461,12.223050148434819],[93.08039222151133,12.223225948184673],[93.08054175652595,12.240713412530983],[93.07511373872616,12.312949495860332],[93.07839756522353,12.315707145865526],[93.10144829776671,12.343823217489563],[93.15908521590525,12.429211835094547],[93.1791187870974,12.467477136247151],[93.19010400860186,12.509151802197653],[93.19150946854336,12.552239487640513],[93.16662423715799,12.864169643179627],[93.15910339147567,12.904267162626754],[93.14328679231517,12.942071589139076],[93.14163974909009,12.944453459481922],[93.15872638534061,12.960428950296434],[93.18082059330213,12.990978509821192],[93.21912760180994,13.056462275642895],[93.23483904064368,13.090520341312581],[93.25802990469388,13.157184164693527],[93.26279796920998,13.17306344974149],[93.27053769565599,13.20356770542062],[93.27630058515493,13.244012854381085],[93.27333952795763,13.284811154393632],[93.26230427823258,13.322407782839926],[93.26798294044718,13.334167865498717],[93.277497065267,13.372355343268833],[93.27898946850031,13.411678714480459],[93.2723959269389,13.450567224280041],[93.26844548996182,13.464815299661009],[93.26503945919434,13.55152243416179],[93.25952709926439,13.590254020416413],[93.24625031600733,13.6272272702178],[93.22572743727744,13.660986121344818],[93.19876311369062,13.690200085736194],[93.16641713652652,13.713716901149017],[93.12996295939125,13.730608271500797],[93.09083751735817,13.740206834032527],[93.05058432688371,13.742132829694157],[93.01764123869323,13.740525871360836],[92.97118930259936,13.732929015937263],[92.92788430894095,13.715120189869278],[92.82301800898385,13.657065226242297],[92.79141684924551,13.635383584057914],[92.76470272736455,13.608222518153651],[92.74385418085306,13.576578716379375],[92.67663107746515,13.448761368983586],[92.66404377122674,13.418952819588176],[92.65666063858939,13.387509209934322],[92.65467811714923,13.35527721598313],[92.65700022126035,13.255122453165917],[92.62687540203407,13.142340049855118],[92.59793503104783,13.130673814940378],[92.56523440158225,13.109389754245571],[92.53745831701592,13.082296890232088],[92.52271247896253,13.064754474238786],[92.50226694863537,13.035301324460479],[92.48764828415092,13.002698687628701],[92.4793339654164,12.968017405608729],[92.47759384338157,12.932396044569371],[92.48378604523663,12.793070023246836],[92.48906112462721,12.75607601197754],[92.50138748394525,12.72065957820494],[92.52031957205106,12.688090057785788],[92.5374594259072,12.668399803545677],[92.53222808126569,12.646071086903813],[92.52096528122706,12.571680505212578],[92.51881492122475,12.544666893848737],[92.51723245717749,12.360694871616232],[92.52114201743997,12.320415513585429],[92.52138628292268,12.31964271124257],[92.51854688758816,12.316170031915734],[92.49160298753652,12.27251265471111],[92.45580693349629,12.192290051564568],[92.44530007107676,12.162279277037756],[92.43988749068303,12.130965519138202],[92.43537995419247,12.08004346859628]]]}},{"type":"Feature","properties":{"name":"India"},"geometry":{"type":"Polygon","coordinates":[[[92.95925564942537,9.035411727773546],[92.98104193756609,9.072107472852066],[92.99853790537178,9.11062095225369],[93.00726021662726,9.152049081544206],[93.00680032641279,9.194471509570988],[92.99717490894007,9.23592058337081],[92.97369359857645,9.303070668258654],[92.95857185817461,9.336183133496604],[92.93761212920377,9.366069850342233],[92.91152006542688,9.391720662458782],[92.88117554391015,9.41226800236509],[92.84760306720374,9.427016425236117],[92.81193713338929,9.435466349608882],[92.7882868954657,9.438842866523089],[92.7447859275428,9.440303100342291],[92.70211208809198,9.432376339379683],[92.66230774150698,9.415441181812211],[92.63875724051044,9.402199593540441],[92.59502150195752,9.368714074457193],[92.56972252638147,9.342914097766352],[92.54394877814416,9.31025314647707],[92.52576213844371,9.272876612773048],[92.51597430354778,9.2324595373013],[92.51501970287616,9.190812328117017],[92.5183736257861,9.15101338379618],[92.5253503164191,9.113171709670578],[92.53958790363916,9.077305642122763],[92.56054261880821,9.044776319995538],[92.58751190929218,9.010665052008884],[92.61647530428107,8.980932129150814],[92.65095780281017,8.957725084403306],[92.68945986828604,8.942050694998539],[92.73030874817978,8.934588319946432],[92.77173085423821,8.935660781413507],[92.81563974080568,8.941375445524752],[92.85044466089788,8.949118912446371],[92.8832147607438,8.962929406040775],[92.91289115031162,8.982360522095743],[92.9385144508268,9.00678436887553],[92.95925564942537,9.035411727773546]]]}},{"type":"Feature","properties":{"name":"India"},"geometry":{"type":"Polygon","coordinates":[[[92.6839523816505,10.469445250533512],[92.75550316110063,10.61872248501029],[92.76950309572322,10.658561050446638],[92.77451450581252,10.700508418890358],[92.77030180952627,10.742632851205753],[92.75007586917198,10.838194056445342],[92.7373057043642,10.87748870552666],[92.69373250767484,10.975173493028986],[92.67342036992439,11.010438796165912],[92.64625615435142,11.040964921809843],[92.613378287368,11.065468251046562],[92.57616681686481,11.082917625061144],[92.53618545284071,11.092578096125767],[92.49511559609864,11.094042217627953],[92.45468518204825,11.08724748408866],[92.4165954269991,11.072479131433905],[92.35404961457851,11.04052133701137],[92.3091572821998,11.009052826854656],[92.23198423072306,10.936976203764969],[92.20521914962498,10.906115515426128],[92.18554154933945,10.87043804310248],[92.1676930468692,10.828031770494803],[92.15589681332118,10.788776694711824],[92.15264850986671,10.747891817665426],[92.158084628165,10.707151656129057],[92.17527892105375,10.636326890327293],[92.16996744735978,10.563501561088676],[92.17108967029786,10.52427195435467],[92.18007825924546,10.485964002649826],[92.19657298048392,10.450095874653549],[92.21991675483439,10.418088066918257],[92.24918220440838,10.391207301209839],[92.28320872607507,10.370516633406325],[92.32064857576162,10.356833701515411],[92.42370371911989,10.33021691271385],[92.46007066077566,10.324255674949198],[92.49686198233931,10.324950771089535],[92.53283325469093,10.332278076940284],[92.5667678364544,10.345989312368898],[92.59751771400497,10.365620436876362],[92.62404207062995,10.390507266263961],[92.65421495018629,10.424613100686859],[92.6839523816505,10.469445250533512]]]}},{"type":"Feature","properties":{"name":"India"},"geometry":{"type":"Polygon","coordinates":[[[72.93465132986772,8.448567496262367],[72.9306175835995,8.44681050280153],[72.89816103655161,8.424269032803624],[72.87075551962921,8.395853729016862],[72.84948040521932,8.36268707486374],[72.83517212729058,8.326078324554212],[72.83254345276985,8.316702320310934],[72.82550496746866,8.274060514895375],[72.82795280082357,8.231033256454717],[72.83976515205707,8.1896817682471],[72.84484865138107,8.177286292735962],[72.86381587969505,8.14196309061403],[72.8896496426097,8.111295711336371],[72.92127158606128,8.086561995122606],[72.95736318653282,8.06879243072508],[72.99642050493689,8.058727491865602],[73.00676337140425,8.05716434898073],[73.05316583226677,8.05563509220823],[73.09878562936044,8.064893983516265],[73.11323098015735,8.069623342195406],[73.15054820459312,8.0861955197034],[73.18377185864414,8.109957346279048],[73.19783653048958,8.12235060555841],[73.22332419793794,8.149376838079151],[73.24336922563204,8.18058759141581],[73.25578721867325,8.204553340406893],[73.2737124200548,8.25457205511015],[73.27753562776218,8.272540343020859],[73.281845544364,8.313886769373168],[73.27735092596922,8.355110905730877],[73.26424747198371,8.394381089003351],[73.24311416438574,8.4299515189875],[73.2390124536697,8.435424208433068],[73.2136852153297,8.463149404681122],[73.18344783827655,8.485514066556021],[73.14940635447181,8.50169951978433],[73.1128066833428,8.511113394580416],[73.07498875551848,8.513411436933845],[73.03733711689118,8.508510143515574],[73.00122988453137,8.496589749244915],[72.96798798935643,8.478087467302425],[72.9388266222846,8.453681254529537],[72.93465132986772,8.448567496262367]]]}},{"type":"Feature","properties":{"name":"India"},"geometry":{"type":"Polygon","coordinates":[[[72.95590346587326,11.10877855259367],[72.96343329001641,11.122201075434534],[72.97654451755979,11.150638212108221],[72.98495520730765,11.180705363225652],[72.98995885267955,11.206339662771938],[72.99108585645276,11.212667205087541],[72.99413036165878,11.231563400241848],[72.99653771814351,11.26734263621319],[72.99230359975486,11.302897156753017],[72.98156518076739,11.337049504213034],[72.9646755227613,11.368668076497734],[72.9421921914253,11.39670477748625],[72.9148589794808,11.420229949002353],[72.91163517859451,11.422526764440777],[72.8791023860932,11.441340066947653],[72.84348223601859,11.453780311658825],[72.80604762943281,11.4594032454386],[72.76813654984086,11.458008456863029],[72.73110385255252,11.44964651847626],[72.69627246806452,11.43461706274258],[72.66488583189029,11.413457877600482],[72.63806329653494,11.38692544262704],[72.61676015303549,11.355967642139653],[72.60593457582299,11.336526781612053],[72.59051692473098,11.301040988420766],[72.58116781944534,11.271983218937141],[72.57368519118188,11.239361039558792],[72.57190924494682,11.206021439533044],[72.57251129257203,11.187861523187612],[72.57727849065078,11.151157109974934],[72.58896744259101,11.11604533542097],[72.60716215302962,11.083766977718152],[72.6312175395895,11.055462211991292],[72.66028242022186,11.032130562167856],[72.69332961169084,11.01459583247808],[72.72919207913978,11.003477217433131],[72.76660388660973,10.999167576452274],[72.80424454821527,11.001819616551572],[72.84078527229792,11.011340460725103],[72.87493552855805,11.027394798341962],[72.90548835264671,11.049416524969066],[72.91281314324047,11.055807164619697],[72.9366650887065,11.08048912212402],[72.95590346587326,11.10877855259367]]]}},{"type":"Feature","properties":{"name":"China"},"geometry":{"type":"Polygon","coordinates":[[[73.48946878687082,38.98535233420851],[73.47248862395168,38.96029024716303],[73.46034257604872,38.93277515602154],[73.44971491397082,38.90083371468937],[73.44216281482701,38.85981698498868],[73.44641902597381,38.8185564477263],[73.46226597570914,38.77896809003978],[73.47489269326007,38.75649544088079],[73.507645645665,38.653672501095464],[73.51829214248428,38.62814381775013],[73.56606584885756,38.53623600826061],[73.59531140890789,38.495296444073844],[73.63667891371853,38.460938030497665],[73.70408229165722,38.41703556614891],[73.73942865156182,38.397745594631246],[73.7786151284362,38.38336374789813],[73.87924420683332,38.35421300548997],[73.92033803646055,38.34523514001507],[73.96285366539252,38.34166472734597],[74.0055773622249,38.343604956605965],[74.06100613702402,38.34972089492302],[74.11064308414987,38.35915852038824],[74.15681703416516,38.37599975377507],[74.19764035295233,38.399559789890226],[74.23143866584903,38.42887840084677],[74.2565352373283,38.46237916336421],[74.41542685195982,38.42216693976177],[74.54978119378252,38.369867191261356],[74.53599421362277,38.34167825936632],[74.52342253739636,38.305639539930795],[74.52019125664386,38.26845210978376],[74.52350558952809,38.18563759431354],[74.52545527046475,38.16688092717612],[74.54029168131125,38.07867186480284],[74.55273111181994,38.03881267027635],[74.57591274958205,38.00190588539218],[74.61340977954605,37.95556759469755],[74.64328673963968,37.88665395280079],[74.65063451671281,37.816721143731556],[74.66132850068819,37.77453001634583],[74.67501064020053,37.750773142393534],[74.66880741855897,37.7301859002859],[74.66544990663614,37.71695466953802],[74.6476810210648,37.6310666388657],[74.64518515068053,37.58718519852635],[74.65565464699696,37.54405820641295],[74.6785239677199,37.50392767568728],[74.69586996163356,37.48101287491062],[74.65472222749878,37.47456374544953],[74.6095166134395,37.45994125651828],[74.56882306909546,37.442975817436526],[74.47696131262646,37.417793296995335],[74.44082523875234,37.405300390895036],[74.25379177798871,37.32615864675838],[74.21191226619327,37.303829850506744],[74.17674206534356,37.27541580567036],[74.14974162931459,37.242105992722166],[74.13202524634707,37.20529210854605],[74.12431628228124,37.16650929998706],[74.12691942170751,37.12737183011281],[74.13098523154446,37.10702898218427],[74.14158551174889,37.07386231865782],[74.15960194799455,37.04271254331203],[74.18445746858197,37.01456333467663],[74.2153616637314,36.99030284353403],[74.32093163400029,36.92092060338769],[74.33593693972709,36.90696552337928],[74.37948598796272,36.87524064986848],[74.39440447652835,36.8667617272523],[74.43401758391478,36.848408450450805],[74.4773660641043,36.836120722994785],[74.52294323460427,36.83032669778031],[74.56916592456646,36.83122919127244],[74.61442820767549,36.838798583109586],[74.63554274437303,36.84396623454477],[74.64139936371454,36.84390497413167],[74.65663172388872,36.83915429121587],[74.70648588345534,36.81684784122428],[74.74480253305488,36.79559196187574],[74.78519597075338,36.77740697786174],[74.82930129624071,36.76548758972911],[74.87554658100011,36.76025976256803],[74.9222845337665,36.76191133924708],[74.96784983542565,36.77038527041859],[75.01562116012977,36.783066885596035],[75.05655015818128,36.79039959581654],[75.07566965119523,36.78747668820793],[75.16132137700305,36.76208977777462],[75.18509353869472,36.68963614994241],[75.20414941214258,36.65017096525594],[75.23376953656138,36.614950041005144],[75.27252167529845,36.58566246825841],[75.31854202412032,36.563711866108854],[75.35449848332301,36.55055278065907],[75.40125905249027,36.537749508159315],[75.45040546987265,36.5325421658227],[75.49995410590692,36.535142862837766],[75.54790436070303,36.5454487359324],[75.58432257325424,36.55644367035536],[75.62910832872767,36.53635543978666],[75.65717420919678,36.517730011469155],[75.67188373226107,36.50166119890933],[75.69946611318265,36.45642672948402],[75.71245816923188,36.41309064727477],[75.71254793968986,36.412791971222454],[75.72824101577018,36.36070076113514],[75.72519181034382,36.231838742050265],[75.71548817724852,36.219742127700705],[75.68640916743317,36.1742415377287],[75.66850297765276,36.137195179089346],[75.66056051701088,36.098108866924996],[75.66290045554419,36.058628265331166],[75.67043727293698,36.01915962010595],[75.68082727214725,35.98558724619275],[75.6986649101756,35.954063925239275],[75.72336888920768,35.92560282193405],[75.75618289521654,35.89426349275324],[75.79916150922979,35.86215321484661],[75.850734944163,35.8392281854648],[75.8946516763701,35.82494839512946],[75.91386169541651,35.77341264004401],[75.93296625761485,35.73666938520225],[75.96121212403004,35.70386924913397],[75.99738964566279,35.67640628575111],[76.02733030510673,35.657985302870465],[76.07313960636415,35.63577900808462],[76.12405402154106,35.622124124574334],[76.17759285426771,35.61768772078791],[76.25123771088924,35.61805144859354],[76.3084194889682,35.62370399683109],[76.38820674102809,35.63929317336097],[76.41008241819223,35.62221414810018],[76.47835782262146,35.57869592598349],[76.49571737564297,35.56859576767692],[76.59126567591063,35.51796080043945],[76.61040440975471,35.508791010361385],[76.64960611344331,35.49191313500551],[76.76132263195458,35.443599024438974],[76.79436694877202,35.43174704077991],[77.0050146618387,35.37061271090456],[77.02547973724424,35.36545647709411],[77.2297683337658,35.32161118368247],[77.23018346615844,35.32152194708975],[77.38147645017914,35.28899250619611],[77.43581779817059,35.28242611533125],[77.50903708874165,35.280262686183185],[77.56131157493246,35.27864287287926],[77.58841437783,35.27900534025462],[77.7395171399782,35.28767317385054],[77.74171037836463,35.287956477190896],[77.76816372280535,35.27893717419156],[77.7703300108444,35.241015041885944],[77.77644725623664,35.205761174123],[77.79054660232629,35.172048860865324],[77.85080847210278,35.062517526549236],[77.93099805608985,34.88093392305556],[77.9312110871105,34.88045179473132],[78.00804354675856,34.70668960886669],[78.05311883068838,34.59361514729801],[78.06882856090482,34.563307970186706],[78.09069625336072,34.535627533816395],[78.13563588442973,34.48819907529555],[78.16873950000024,34.45977050804557],[78.20829460717333,34.43734190892338],[78.25268634146794,34.4218278105684],[78.44102272035339,34.373458716272],[78.44151436688017,34.37333239850977],[78.54931122775146,34.345674348228236],[78.60445940091971,34.30670132120683],[78.61722511969099,34.29828583611278],[78.66139751768166,34.271155861019324],[78.61708224905053,34.245957710369176],[78.57502128744078,34.21551461962403],[78.54282294785384,34.1780218818622],[78.52160818563934,34.145862340847806],[78.50341574875223,34.11019322310507],[78.49424931778172,34.07237713089735],[78.48929668969164,34.0301970336121],[78.4887196437325,33.99921241849974],[78.49422810536046,33.96859635791434],[78.52959602951546,33.84293486547452],[78.52970146212648,33.84256093565327],[78.54686010551892,33.78190121999881],[78.55267982102933,33.6421021907028],[78.55308070507883,33.63561584829843],[78.56541240290349,33.48506785740859],[78.57279226514098,33.44836070290102],[78.5886330572934,33.41355987744475],[78.61234082632514,33.38194945835206],[78.67555094310862,33.31346082551964],[78.6931741963905,33.29649352541744],[78.72969427339498,33.26520233277384],[78.74955389012369,33.24008572813421],[78.77682745654721,33.21182048910775],[78.8409600127974,33.15684011877431],[78.85102142762544,33.148712238903386],[78.88305058781081,33.124348150590606],[78.87568636676697,33.102449606257736],[78.86748581963408,33.06137360910195],[78.87010670373989,33.01990258569708],[78.87594434919421,32.99004313588783],[78.88793002006298,32.952875657531806],[78.90863079979304,32.91847550607649],[78.93722081750185,32.88819994929708],[78.97256650422162,32.863242538372646],[78.97372356901467,32.86257898321605],[78.97387220175644,32.86097626030088],[78.97091277948583,32.81806438042836],[78.97310103470397,32.77847640822713],[78.98500622446937,32.74017575748015],[78.99678256704901,32.71387427318928],[78.998077977508,32.702055172135125],[78.98929118428445,32.63013805795632],[78.9747360070378,32.62131826075133],[78.96242124682179,32.610812262663515],[78.94894546543085,32.64284654372358],[78.92358170242763,32.67729637722964],[78.88775365204141,32.71598325768265],[78.8553981743451,32.74432104972794],[78.81669585187613,32.766628394446776],[78.77323466602375,32.781988886756416],[78.72680108195215,32.789771860471035],[78.67930532552188,32.78965865401314],[78.63270122060365,32.78165573847315],[78.58735937266601,32.769826616159605],[78.50708042916324,32.763566968910965],[78.49688671813283,32.76258318388841],[78.38277918886996,32.74942932242551],[78.34361057482603,32.74204647352307],[78.30646347899814,32.729285463188205],[78.27242429530563,32.711521242300414],[78.25161721688038,32.69850519651401],[78.2145981814253,32.669726183043174],[78.18583320941553,32.635147045518664],[78.16664919493114,32.596378711776154],[78.15792338349374,32.555224049179195],[78.15594177818728,32.53037631433337],[78.15886504418812,32.48463902036353],[78.17471074703438,32.440888102157366],[78.19659843368416,32.39926417508193],[78.21135351102751,32.356642360264665],[78.22334598355106,32.274785455572925],[78.2383290159856,32.22634359614826],[78.26919966223784,32.16251991912596],[78.27890021750021,32.142294985666695],[78.3118743661159,32.094803860356336],[78.48524127884534,31.91143196453463],[78.46648406515422,31.864009580887984],[78.4563195338542,31.82575423964095],[78.45554873813475,31.786685002329314],[78.46215951481415,31.721588091666682],[78.46908264603884,31.68833834396316],[78.48284025362156,31.65668158986837],[78.50300706186991,31.627581119666413],[78.53026099360842,31.595205704148775],[78.50515587564792,31.525119150377183],[78.49661679386426,31.489508626850625],[78.49613062210815,31.453287944298122],[78.50370451282348,31.417723224209954],[78.51906488930005,31.384056066759513],[78.5193264265028,31.383702251339887],[78.51390977302053,31.342273224492082],[78.51361900048238,31.30234285820384],[78.52309376705725,31.26333268610748],[78.5419201394849,31.22689763446461],[78.55619990447268,31.20563919480532],[78.58059517002681,31.176195317506274],[78.61112953266061,31.15114040920433],[78.64674243355967,31.131341925495608],[78.6861999308875,31.11748528415712],[78.71991834153256,31.108658503900976],[78.7737091772002,31.10032289860001],[78.82851291790386,31.1029119090958],[78.88133838450896,31.110739241976123],[78.92618698046643,31.121343138389996],[78.9601836598364,31.135984145466466],[78.98107528372914,31.135043440608477],[79.02626771730387,31.140546578007132],[79.03246357822988,31.142390282058834],[79.03900966574734,31.13399428744941],[79.03934886136928,31.13356045990999],[79.14559759271272,30.997731967670926],[79.17541176440747,30.967046751681327],[79.20625277621046,30.94130994104602],[79.20644403181174,30.941150439584217],[79.22528096388808,30.925454383783475],[79.24328768837037,30.911969765405903],[79.34785937265792,30.84158537366751],[79.35559406743474,30.83659714709157],[79.42776826191928,30.792046391571194],[79.46811047419388,30.77217211344136],[79.51251037489862,30.759694768988748],[79.55911826968446,30.755135280841884],[79.6059932890863,30.7586851626731],[79.68611861847084,30.771766026573086],[79.72481920928101,30.77266190429423],[79.73384979247352,30.767555859410642],[79.74895190602253,30.757293894524697],[79.75108049194601,30.754990719171563],[79.78463738154083,30.73058774476786],[79.79658030013574,30.724894176520134],[79.935770948287,30.630172398370576],[79.95814139227106,30.617884154928994],[79.95731977026558,30.612805554624938],[79.95854110226203,30.580241482683807],[79.9636096092303,30.54335170143686],[79.97262499017246,30.50762744011809],[79.98941469829768,30.474074122430928],[80.01337460981401,30.44388393299036],[80.04364835234342,30.418128669326443],[80.07915810779305,30.39772219429749],[80.11864279366013,30.38338848791606],[80.16070229969947,30.3756363488519],[80.1997300420694,30.371668272880267],[80.31970817642929,30.329771652342096],[80.31994405660225,30.329689232926015],[80.45113743601102,30.283811682345124],[80.4816955185472,30.275210554107947],[80.52188320631822,30.266533733700054],[80.54251488962295,30.256947501612483],[80.5847674880401,30.221389861880496],[80.62080363016265,30.196754577696456],[80.74737937694499,30.127050647324268],[80.7597607391775,30.12069161723735],[80.79246926200048,30.10508651739689],[80.813492616236,30.063787850742482],[80.85886612364563,29.998352870948313],[80.87285442538548,29.98052684662201],[80.92766075376106,29.918463671544032],[80.95732010480194,29.890941533390112],[80.99270901850421,29.868897621125633],[81.03250100824832,29.8531570403643],[81.07520707505041,29.84430917557722],[81.1192305423323,29.842685925367487],[81.18588854012333,29.845736453358654],[81.23301540990768,29.852135200415173],[81.27771098060397,29.866750539711592],[81.31802383672317,29.888947089711078],[81.39594288033922,29.942261982952584],[81.42763671421379,29.968499988827013],[81.45296360978878,29.9993620199623],[81.56692820369311,30.170556215402605],[81.65243799780353,30.189494150537218],[81.81138899655265,30.17069596328467],[81.89323331290358,30.15523587123957],[81.92073431276692,30.090556145656155],[81.92806698966216,30.075353342719545],[81.9517608465147,30.03160941264712],[81.97232793006509,30.001254593633956],[81.99900601771414,29.974641696463436],[82.06068952402107,29.92340820848107],[82.11095445454215,29.8919621955632],[82.35670767747038,29.778876265294578],[82.49372935956004,29.68097010881904],[82.4969373623763,29.678715824074096],[82.71020096296839,29.53116362974733],[82.75465845749733,29.50713691635688],[82.91404805030976,29.44191073018625],[82.9563126005298,29.428865268733727],[83.00085435228783,29.42331041106068],[83.0657199051185,29.42083097137406],[83.0757449828849,29.413527467108548],[83.17477492143848,29.318421515625126],[83.26737184181891,29.19747571633777],[83.2872897489241,29.175167488467917],[83.41412540578077,29.052607008058402],[83.44314936029274,29.029130138656136],[83.47657385611669,29.01051104959994],[83.51335006871953,28.997333452047222],[83.55232554775716,28.990010643724432],[83.5922797520465,28.9887727192614],[83.67970084870285,28.99274480388602],[83.71533386209768,28.996818742286308],[83.74985444237373,29.005717605640942],[83.86902203016417,29.045451475522505],[83.87436013753381,29.047295000794442],[83.92444928685546,29.065213623598787],[83.96238404937264,28.97041678836939],[83.9641025015245,28.966269519603067],[84.01743211001067,28.841791361162546],[84.03976591384345,28.803379476161844],[84.07134953342677,28.770290300660882],[84.1106306767099,28.744142469250505],[84.18450516880915,28.705489099948327],[84.25868138055841,28.657234260410334],[84.30008236184338,28.61868511450581],[84.35093854764531,28.583506957789155],[84.48792053472272,28.514502284045893],[84.50708947335467,28.49162217641721],[84.53564710263454,28.46793604814052],[84.57311064173516,28.442003096879677],[84.62586999996299,28.41493005770079],[84.65724882329722,28.403587166442193],[84.68192829334258,28.391054523416216],[84.72198929931797,28.375133556248954],[84.7649604448314,28.36642357864842],[84.8230441352169,28.359832151936736],[84.86578143759647,28.358948508664696],[84.86612391694457,28.346999235494323],[84.87458400262237,28.31212912087428],[84.89018855555756,28.279275040142107],[84.92413930211777,28.223045748085966],[84.94826130915358,28.191197405665367],[84.97909859294853,28.164173338329306],[85.01545912587414,28.14301466162843],[85.05594082372558,28.128536339141313],[85.14541641231976,28.105227016667573],[85.18792424220338,28.097993603279857],[85.38605602155411,28.081380952330097],[85.4091553507313,28.080477052932306],[85.59806886682686,28.081495079031736],[85.60099730694071,28.07944596188075],[85.65098844656534,28.026730909516665],[85.72012817573922,27.903467897614078],[85.75163925138038,27.843936424966746],[85.77704501078802,27.80725692089462],[85.81105285895768,27.776471992582387],[85.85200583750037,27.7530762740794],[85.89237071563377,27.735282055465472],[85.936038295442,27.720887323784183],[85.9822871908351,27.714875606055216],[86.02907906320569,27.71751309289914],[86.07435124164556,27.72868502546498],[86.14388634673843,27.75293962611949],[86.18508675712495,27.771797790151563],[86.2125445885071,27.79151616943733],[86.23686603414785,27.78004628427475],[86.31680829014611,27.749235907525403],[86.35702957091482,27.737622315436813],[86.39912670594781,27.732961001323236],[86.4415733363735,27.73542190528295],[86.51770427231311,27.746270555713625],[86.5574468848594,27.75525554731554],[86.59475721132985,27.770453251059823],[86.62837981405633,27.791354101820197],[86.66031233034234,27.815286729643592],[86.68215008481589,27.835262388368896],[86.68708972659199,27.83355938628304],[86.7695570313832,27.81302236690607],[86.83973278226999,27.78943803456336],[86.89330628171642,27.764748522761813],[86.99618198866206,27.688171929634112],[87.03095982800072,27.666960763760216],[87.06976183946864,27.652011728451363],[87.11117437722605,27.64386962306741],[87.2601926728377,27.62746731866751],[87.29081054784432,27.625956804535157],[87.45988759354717,27.62777874772572],[87.5372704662002,27.626063952850515],[87.59495409433254,27.620357879786486],[87.64573111792816,27.620463302447977],[87.70577393946908,27.626638269857327],[87.76555646207397,27.64031347050162],[87.9101789007613,27.692835651447627],[87.92850843546354,27.694024968033236],[87.99181878615802,27.688785396420876],[88.07018315368047,27.67716907200996],[88.11496317134795,27.674567782617892],[88.15953529623427,27.679940388931517],[88.20209258849067,27.69307036170298],[88.24090784542231,27.713426603202738],[88.27440279852715,27.740184438917403],[88.30121180990047,27.77225841805325],[88.30228134936286,27.774287622065064],[88.30962466688878,27.775372824202194],[88.34152478039647,27.78222827952319],[88.49207358173933,27.824934885919223],[88.51225540557377,27.831597258393316],[88.57233339048989,27.854345338380266],[88.59523942134204,27.864398106766146],[88.60878426914908,27.871208375723953],[88.61086572534556,27.862936838509185],[88.61857758011931,27.842833578844047],[88.61225664435077,27.8086257611098],[88.53564574381925,27.57439793558069],[88.52734797004025,27.53239737597933],[88.52947091736694,27.489912170535792],[88.54548062886086,27.39797282341752],[88.55586984434203,27.361757815876622],[88.57386023882987,27.328030035631226],[88.59879115726888,27.298015255576537],[88.66646370144694,27.23107378100051],[88.68355667273424,27.21592716038534],[88.74240620684411,27.169222955648873],[88.77761453443843,27.146442441663716],[88.81726530230426,27.130303376161407],[88.85981042823529,27.121435872082326],[88.90359029591669,27.120186541101877],[88.94689742040843,27.126605086262373],[88.98804190600046,27.140442244418566],[89.0254163598015,27.161159175933534],[89.05755792405921,27.18794799239425],[89.08320515054356,27.219762709812667],[89.1013475663467,27.255359525707863],[89.1361764311643,27.346624745905885],[89.16074428626507,27.363568297418198],[89.18888970209423,27.386622818503223],[89.26579432620525,27.461223800951952],[89.28852595911188,27.487269482640848],[89.30610318269153,27.516241382269374],[89.35206416472471,27.609727853075277],[89.44245960377243,27.70766411619172],[89.56339749181004,27.83005904292465],[89.57522043087211,27.843063985800562],[89.64844681326197,27.930796728602164],[89.66570834488236,27.945336910209132],[89.73804572149412,27.97707180374446],[89.82159097458069,28.002758189113912],[89.85738312579328,28.016922158067022],[89.88989420492193,28.036331035889805],[89.91812916380916,28.060393070558902],[89.95761929159767,28.100413069114374],[89.97526983829472,28.108653089251632],[89.9953049814343,28.11275206381388],[90.06690454611959,28.10743753110669],[90.1097504238613,28.09848287745964],[90.10970300360914,28.09658197799391],[90.1125445502389,28.06074317130928],[90.12275524998275,28.026022664124167],[90.13998692242036,27.993579554993712],[90.16365863262924,27.96449585131602],[90.19297670012236,27.939740729566775],[90.2125890071639,27.925994253722166],[90.24887999579272,27.905318672835936],[90.28908530736936,27.891255566641608],[90.33168970512591,27.88433510758572],[90.45604941347155,27.874958374471568],[90.48810253324986,27.87456147090579],[90.62418845362545,27.881418641164444],[90.6744296890758,27.877401572656467],[90.81314173104262,27.8445463154831],[90.83986838760399,27.829267770369007],[90.86504426365354,27.816852375143043],[90.92325386449694,27.792381438288245],[90.96008205395529,27.780299226521393],[90.99880127293586,27.77414368874156],[91.03820669708729,27.77410685944174],[91.09502982809647,27.778482739945687],[91.13917696367854,27.78586319333925],[91.18084872587075,27.800876400344528],[91.21836243311887,27.822917904667143],[91.25628355716051,27.850366525785407],[91.2579375321604,27.849393643805023],[91.29062206408527,27.83633414034269],[91.4071364950829,27.79942571463594],[91.40693602868915,27.788130527386286],[91.40956519745306,27.747225879886532],[91.41584461379992,27.71072215637745],[91.42973970771403,27.675961984770677],[91.45075380538226,27.644169431168407],[91.47814157409081,27.616463010297757],[91.5109357981559,27.593816752737908],[91.54798155014156,27.577026400809242],[91.5879765509559,27.566681845571257],[91.62951635349935,27.563146705023946],[91.69543667986932,27.563019946726588],[91.78356437429011,27.552489396056306],[91.85889461055484,27.537575789036712],[91.90996529343845,27.532840331699653],[91.97809287014218,27.533511957719803],[92.02280247376848,27.537957672371373],[92.06567690468641,27.550259056381268],[92.10497040948282,27.569916635132643],[92.18001706792393,27.61677294526088],[92.21134477487682,27.621587446526835],[92.25871862819089,27.632349995609847],[92.30583756676154,27.626043161882258],[92.35232769976236,27.624169207075315],[92.426011951385,27.62800658620682],[92.48997293678471,27.63977398514384],[92.55569529641083,27.661060611488573],[92.58972765464333,27.67501796731237],[92.6556788373411,27.70820180919813],[92.6697753387837,27.715908187998618],[92.78736746487341,27.78550222078255],[92.81691315681731,27.806324322304857],[92.8421247337673,27.831212705117743],[92.86228165349694,27.859460271442064],[92.88578617482713,27.899464348519096],[92.90477765729746,27.944262374472522],[92.91105593420835,27.991693746715796],[92.91089039432282,28.020727915793746],[92.98212102975207,28.052710262017673],[93.01380066361897,28.069953124289565],[93.16684535741473,28.169283282685058],[93.19321325556845,28.189287350154608],[93.27751305423473,28.263831368680023],[93.30749140489398,28.296595129410314],[93.32897800896023,28.334144273470763],[93.36564571085506,28.419653779039077],[93.38385314076352,28.45615803895547],[93.40240226440244,28.460343889029538],[93.69329047881027,28.494855542133877],[93.72715829882404,28.501184485457763],[93.75955857166147,28.51199268389276],[93.8552359625928,28.55145627190745],[93.87438128425445,28.56034531171021],[94.01574788875807,28.633634470159855],[94.05402260540752,28.658529527258892],[94.12540897638783,28.716003861695675],[94.15400767128006,28.743771191979057],[94.19370526131188,28.790441881532825],[94.19632501487243,28.794213166374576],[94.20219163560719,28.795842636669295],[94.24575826415327,28.81819743724123],[94.28264238425238,28.84843230305159],[94.3577491814584,28.925305922304585],[94.42264733079597,28.980311985232973],[94.5628224024889,29.03763496245418],[94.59311747050587,29.053056773307016],[94.61208180578238,29.03360570640026],[94.64643871120069,29.00984614354435],[94.6854332919854,28.992368143358224],[94.72759423327844,28.98183061859365],[94.92524297819614,28.95004049939958],[94.96653025704163,28.946751897507802],[94.97368440361329,28.947336825823154],[95.05849509396725,28.921090285688603],[95.18321371786739,28.87051707187862],[95.23147917942953,28.856466623943877],[95.3053561654316,28.84281590424161],[95.36274103263177,28.83877806923814],[95.39880076834918,28.840283598303078],[95.43688470829355,28.844730840207422],[95.47359408286717,28.854764596487563],[95.50786768083275,28.870095468714098],[95.53879631621837,28.886957211154048],[95.57705811533074,28.91315571989618],[95.60810355501765,28.945872345004595],[95.63391848853449,28.979888947659077],[95.64173436537816,28.987168328684948],[95.64539701020689,28.989396614800242],[95.6792236702266,29.014592137296777],[95.7068172153651,29.04505474432946],[95.72711003931899,29.07961374339391],[95.73129231868411,29.09240922119513],[95.8213449837498,29.14205232130808],[95.93572343167502,29.192512296396984],[95.93539508732039,29.192161730117494],[95.91534828821936,29.160270425004008],[95.90232039009436,29.12573862692279],[95.89674488235977,29.08973654182582],[95.89880198283372,29.053482720048294],[95.91442340365981,28.957599191758572],[95.91256886117544,28.93955611508184],[95.9127496196321,28.902474703408963],[95.92084122269966,28.86611077217409],[95.93655000817012,28.83174554937633],[95.9593155438943,28.800588510785076],[95.98833124124513,28.773735158477976],[96.022573252201,28.752128924403692],[96.04763892034627,28.73926174176003],[96.0870382657182,28.72329886342226],[96.1292293981388,28.714282847601755],[96.17264577634994,28.712548713901917],[96.20998817298432,28.71742035330316],[96.14677231769399,28.642075692735727],[96.12587832362989,28.611831917402213],[96.11144067976772,28.57882850244068],[96.10551067906422,28.551483286657213],[96.09541551017328,28.5410467153549],[96.07451526637155,28.508754838988978],[96.0608394487881,28.47362578212452],[96.05486295266986,28.436900603230917],[96.05678786217987,28.39987516457516],[96.05936202380022,28.383769046492347],[96.0696667841574,28.346320831302496],[96.08804113362814,28.311387583445633],[96.11377752471682,28.28029938627706],[96.14589076919638,28.254238799749945],[96.18423730311783,28.228743602173616],[96.22399598252929,28.207634823727176],[96.27050683278803,28.188431107605396],[96.3201920311075,28.173885573133717],[96.37240175094013,28.16993715121554],[96.39501347977122,28.170568460840336],[96.44000631170356,28.17587186447178],[96.48291800267431,28.189055320035997],[96.52199261539887,28.20958051814743],[96.55558065218695,28.236570134194768],[96.58578889466388,28.245879056656396],[96.63925034873613,28.20990820042359],[96.67454174035956,28.19045746677845],[96.71333033793178,28.17712713708232],[96.75427591195937,28.170377655522156],[96.80085479771077,28.166600049486398],[96.93802801349513,28.143662364849312],[96.9786085005895,28.140189687875623],[97.01926438934417,28.14327193965106],[97.05289184598988,28.15141415984545],[97.14781180317236,28.083357558504765],[97.16746064681612,28.07075825080065],[97.20043232984611,28.05194390371168],[97.24183132121209,28.03339961534047],[97.2867034804191,28.02283230334365],[97.33311621750134,28.020697254381655],[97.37907147695051,28.02708687584745],[97.42259026050725,28.041726701747894],[97.46179645117904,28.06398690013926],[97.49499662269326,28.092908847027438],[97.52900715901457,28.129382930366152],[97.54253718758825,28.145471955557035],[97.60244522771501,28.22468340111545],[97.61106720850665,28.215507475230638],[97.64501525770403,28.191186966527695],[97.68369283325411,28.17317824157155],[97.72562379129371,28.16216778485117],[97.76920985758424,28.15857532124195],[97.78604805240904,28.158645615320765],[97.84406850876665,28.09144522613967],[97.88916377874797,28.05225688981388],[97.89135121897866,28.050834011239807],[97.89759622417134,28.02311303407938],[97.9088930526686,27.94263869356417],[97.9180813742703,27.906033092538706],[98.02918642382306,27.60186497542552],[98.03889831871979,27.579805104411903],[98.0716950298912,27.516720876450677],[98.09588850770493,27.46876383055559],[98.11521173408083,27.43810387741264],[98.1403462865723,27.410999999248663],[98.17049295472012,27.38830944844469],[98.20469593308249,27.37074941950072],[98.24187297169057,27.35887469794087],[98.29343918143626,27.346883766125583],[98.33641755906324,27.340807707338282],[98.37993561805037,27.3423133167125],[98.42232696894567,27.351343349355606],[98.45651582011097,27.365324355864],[98.46033534161305,27.253746530208975],[98.45488761856787,27.214006289065242],[98.45371975532912,27.17713460022245],[98.46024725916047,27.140739674267202],[98.49724965714697,27.01241193824465],[98.5091718979984,26.8627398839429],[98.50949997052284,26.859089643424024],[98.51790613751403,26.775181829010837],[98.51879623859439,26.70203121721893],[98.51239215802539,26.600995509804505],[98.4930817895845,26.466300831460174],[98.45909639207999,26.346866394866993],[98.45274500823253,26.311298028534598],[98.45357194799378,26.27897046370901],[98.43660306409267,26.269038649463624],[98.40726655563294,26.24393011076807],[98.38352372051354,26.2144257869772],[98.36617520739118,26.181527553629863],[98.35580290532559,26.146351354790053],[98.34797797520584,26.104690598691402],[98.34489930986369,26.071270674744827],[98.34812523540505,26.03788938907538],[98.35755711486688,26.00550642884379],[98.37283972412865,25.966758484138328],[98.3490463566455,25.95563688321765],[98.3184089155507,25.934463156549384],[98.29233946023285,25.90878391763395],[98.27164321887206,25.879396510364792],[98.21893376717726,25.78758665808404],[98.18138744452972,25.792019536424412],[98.14029236706585,25.789819171389134],[98.10034834019531,25.78068187101348],[98.06297837762803,25.76493379393617],[98.02951219632878,25.743136554821024],[97.99981812352598,25.71966284840136],[97.96952177270222,25.69031771865047],[97.94637006258729,25.65607485914918],[97.9313090398921,25.618345267326717],[97.89376527978717,25.48253996425149],[97.88039978856898,25.457351449747193],[97.86859709638195,25.44483394310021],[97.85830599887225,25.446472956149954],[97.8186567388159,25.449428163448207],[97.77903771410847,25.445776104035755],[97.74077824478158,25.43563972471447],[97.70516114556006,25.41935957466037],[97.67337912138086,25.397482138181196],[97.64649442990792,25.370741175744246],[97.62540322804155,25.34003275287745],[97.57339212407842,25.246155166556626],[97.56459154738182,25.22806535275051],[97.5123591343979,25.104254396034552],[97.5027901999434,25.074985718309005],[97.4982780478449,25.044753196094973],[97.494207826235,24.980787414952136],[97.4946880837764,24.955540259272627],[97.47695276201642,24.946329541636008],[97.4445607725388,24.925757079540173],[97.41676206404318,24.90020358405844],[97.3944726820442,24.870515128665225],[97.37842456519282,24.837673742585128],[97.32476896574218,24.69398900773753],[97.31582740871606,24.660976274735102],[97.31320061584272,24.627089364120604],[97.31552550345603,24.487606856367222],[97.31948571172417,24.452838692079602],[97.33008445007545,24.41929422025042],[97.34698420587794,24.388023314514598],[97.37886440593192,24.340225300114128],[97.40769302114924,24.306090534020218],[97.4439683799813,24.27856813667347],[97.45997419804169,24.271100738522446],[97.46047096997897,24.267883248880253],[97.47125113263039,24.236711999129803],[97.48395147105462,24.208400029568917],[97.39963161852096,24.11006901508477],[97.37564222561835,24.075133807268017],[97.36003872156607,24.036438541621663],[97.35349075328075,23.995667214722257],[97.34992961264642,23.91822707424288],[97.35257424806323,23.877886999708615],[97.36408913676638,23.838942503399092],[97.38398400799198,23.80302199933673],[97.4114203811471,23.771625887534423],[97.44524751525796,23.74606441937871],[97.48405083500698,23.727403627171956],[97.54909183390164,23.703566299790882],[97.58927357577757,23.692885603921333],[97.63099150156533,23.68960841960678],[97.67266092914359,23.693859558189665],[97.72891826340572,23.7047717459966],[97.78518287905852,23.723466610355995],[97.85473986770697,23.757192419840173],[97.88047670674358,23.77185921671831],[97.94698569227158,23.815920538823487],[98.08926771900592,23.87871809733143],[98.2440830047212,23.914478887831347],[98.36938489096505,23.921260120805115],[98.44422428475328,23.919358989354937],[98.45235358409106,23.91247275800594],[98.46306301778814,23.90631396878122],[98.46234854075603,23.892021930128863],[98.46656971864638,23.828754331102754],[98.47426667548785,23.787106630187285],[98.49140687070843,23.747968968841782],[98.51719819500062,23.713128885260023],[98.57141404708666,23.654513666407986],[98.58839825183018,23.638150832192743],[98.60359412487058,23.625105146199186],[98.60645619544418,23.61784632557291],[98.5930112446193,23.576935031092273],[98.58481004773734,23.538902111622157],[98.5847950930665,23.500166197306314],[98.59295863544754,23.462214858252718],[98.6089796061111,23.426503901682853],[98.63089619657642,23.38865130560802],[98.65674729476873,23.353668198330297],[98.67034211210043,23.338966267671278],[98.67115910663071,23.31955454071456],[98.6533918628938,23.22376957147923],[98.65041347350498,23.184147839754054],[98.65604105150675,23.14482067257108],[98.67003914210073,23.10737330982385],[98.69183632221485,23.073313568253145],[98.72054929887449,23.044011513620166],[98.75501913840746,23.020644856935554],[98.79385807580111,23.00415216979013],[98.98487961868999,22.943559583330334],[99.0167969382555,22.935911778466906],[99.1817555068349,22.908707712584395],[99.1926927361192,22.907472116720133],[99.18239444505333,22.884202335464575],[99.1357425501204,22.747705032967907],[99.1275650848533,22.71355341900447],[99.1259763569318,22.678629998491065],[99.13054644206129,22.586564668959326],[99.12917887005963,22.563766037223594],[99.06868616998668,22.48191825953883],[99.04626147177501,22.442845234767763],[99.00869693713278,22.35499485434463],[99.00491994937934,22.345451968234023],[98.97205373394175,22.255314050958614],[98.96313047729087,22.22114868325074],[98.96081539894612,22.18608415258484],[98.96196067484462,22.14692944590053],[98.96672292139345,22.110296146981263],[98.97869150455388,22.075169839381594],[98.99744333035528,22.042774197352625],[99.01699409166915,22.015461549137967],[99.04292678310205,21.985913399396175],[99.07448554492491,21.961631429557066],[99.11048467106525,21.9435254328991],[99.15085961473316,21.927730468147608],[99.20176656168293,21.914529841547402],[99.27137892195515,21.90502253188652],[99.32862518660644,21.90452524050589],[99.38897872719454,21.911690993002278],[99.56083979095767,21.89344836889921],[99.72003865782443,21.86650056757223],[99.717619819552,21.853198115283544],[99.71470503719395,21.814277468806406],[99.71999387583053,21.775617835186118],[99.735230251323,21.713587515653646],[99.74562458883696,21.682937784636977],[99.76118725587605,21.654302553649913],[99.79873580783342,21.597233039803523],[99.82094800440888,21.56932718911544],[99.8480517183944,21.54554673064752],[99.87920180628323,21.526630700800553],[99.88203685205359,21.5255159725649],[99.88916957165354,21.495683496257247],[99.90513948319962,21.461315073993262],[99.9327246644507,21.41463220406096],[99.96377543577007,21.37482152642248],[99.99463537019102,21.344197874476922],[100.02293312602944,21.32075762616075],[100.0552504331109,21.302480022386526],[100.09054467653955,21.289953680191566],[100.15753435049629,21.2724525743239],[100.1961387255281,21.26593729578813],[100.23539065017836,21.26629379596751],[100.27392532847394,21.273509902800036],[100.36066048706755,21.29780320292662],[100.39282811604853,21.29206786899846],[100.46598289560185,21.26987977961151],[100.50059016903695,21.26234672232409],[100.53607534534956,21.260414932213635],[100.57142610678643,21.264139624273632],[100.64455631766577,21.27778285576728],[100.69581055989443,21.293971208711824],[100.76829005113535,21.327067242162084],[100.7991345599291,21.344320139503502],[100.82644908334456,21.36623440430333],[100.94908393870533,21.482724402161057],[100.9520609779331,21.475739785735946],[100.96994264741372,21.45002398457585],[100.96822482885649,21.440686413755294],[100.96527712866259,21.399878663014402],[100.97130833776284,21.359405332911887],[100.98605210800646,21.320994881220734],[101.00302628554593,21.295179119753225],[101.00205210288863,21.267832597068985],[101.00666987973459,21.235279592420365],[101.01935461280145,21.180811204477525],[101.03593851481523,21.136093158117585],[101.06333705502615,21.096418392803095],[101.08678371444782,21.070034807272336],[101.12321538245784,21.03779892487503],[101.16672173758278,21.014641783416575],[101.20027171709626,21.001480774464174],[101.2347291903098,20.991150526608717],[101.27057415969837,20.986567289289745],[101.30674225554745,20.9878671660252],[101.34215959218142,20.99501171471614],[101.4768115874946,21.033782345895187],[101.48424564676132,21.029200322827016],[101.52199849046113,21.01009136568211],[101.5546216854364,20.996803361132816],[101.58206925925987,20.988145526060922],[101.60052656999704,20.9782237680718],[101.63846013356437,20.96230456606388],[101.67899249621168,20.953765723027267],[101.72053555086934,20.952941638526898],[101.76146207351724,20.959864726593253],[101.78476895557297,20.966102708363717],[101.82979953174363,20.983685298923685],[101.86936407881704,21.010579808293446],[101.90851385676753,21.044308162503903],[101.93353605685462,21.059939645986827],[101.96395094482352,21.088912651482325],[101.9874636830466,21.12312598299056],[102.00307413135604,21.161134097987475],[102.01011414975126,21.201329440890923],[102.01161966774184,21.22471566688949],[102.0102147762405,21.262467743080975],[102.00121230285716,21.299260236939446],[101.98493429049374,21.33374942495692],[101.96196979555783,21.36467444656025],[101.93594308987136,21.39339315697386],[101.95211895185581,21.50864243119642],[101.95365372954154,21.52439427797341],[101.95758913471279,21.596314103786536],[101.95783874917332,21.60971656810287],[101.95482193881905,21.781945854436433],[101.95276681998021,21.806414890838642],[101.94542787548573,21.854964815866143],[101.93500597405954,21.894267813260303],[101.91624026882228,21.930732326893448],[101.87937630112677,21.986746891399623],[101.86127459343265,22.01018477990764],[101.78738827889703,22.092290348508474],[101.77882240202625,22.1130618135365],[101.77261872927468,22.139480274414932],[101.77326420145481,22.155847137971776],[101.7703124416195,22.188528594524012],[101.77300428626381,22.191164343895533],[101.77986231616879,22.199628417549693],[101.81603822031373,22.192068071576184],[101.85865784072682,22.19133260703291],[101.90059721720547,22.19858006793721],[101.94016284204453,22.213518210853948],[101.98318889516368,22.234667395780544],[102.01257606023267,22.212729568355527],[102.0514009850951,22.19439636460682],[102.09342897408519,22.183870268755637],[102.13688951916518,22.181594413625792],[102.17995258336907,22.187664711504578],[102.22080453721871,22.20182586054748],[102.25772346848362,22.22348188764325],[102.30623625280849,22.258876647471972],[102.31769698831945,22.267856477702693],[102.37872012517681,22.319150631568668],[102.4056427946905,22.3464174795891],[102.47092861660295,22.426304619577653],[102.47752868724919,22.434832569691377],[102.5330484253987,22.5106635210856],[102.62164169427899,22.47312532180892],[102.67971606770305,22.440509607052537],[102.69764355361568,22.41546905507693],[102.72115676487422,22.38819624822854],[102.7820978089552,22.329046687037092],[102.81572101704988,22.302544647891164],[102.85448202110707,22.283101316536015],[102.90119839957863,22.265212719802758],[102.94193910390717,22.253905059385776],[102.98428423481764,22.250416371310997],[103.02653530706158,22.254886567910777],[103.04993555515425,22.25961429447293],[103.08850284570973,22.271088220085044],[103.12404984314831,22.28919076651101],[103.19450556612443,22.333650087069056],[103.20754763651769,22.342565052752462],[103.2679680154826,22.387223082791746],[103.30102143559877,22.417669352390348],[103.32589134575521,22.45363177863891],[103.34902290390073,22.43540406309294],[103.38220628048968,22.4176441498406],[103.4041523144745,22.40823656295025],[103.44057101852755,22.396229039053342],[103.47872111828985,22.390577039801602],[103.51734201929432,22.39146720970126],[103.55515778667639,22.39887019477496],[103.59091867555543,22.41254159082181],[103.62344186170917,22.432029876340266],[103.65584722436137,22.455577802446076],[103.67535735958255,22.47279712496532],[103.77331585292688,22.390959446683983],[103.80781213389929,22.367485678564545],[103.8466401881697,22.350930128896266],[103.88823030388386,22.341961064730665],[103.93090278696565,22.340940401480715],[103.95732330066922,22.342792739498762],[104.01562848630982,22.354727370872926],[104.04547065374094,22.365108474389814],[104.08092271389033,22.381067504267634],[104.11261494876852,22.40285920136608],[104.13945683355169,22.429735773903797],[104.16052256758877,22.4607742909641],[104.179998573224,22.496388021185204],[104.19657009803146,22.537309188497375],[104.19710509521813,22.539259793705746],[104.22742295590267,22.525518602098533],[104.27388845136079,22.515479456941133],[104.34720284701928,22.507535918490927],[104.38550916262828,22.5066139072633],[104.42337000564783,22.512116520649144],[104.45955700947424,22.52386536225744],[104.49289532902436,22.541479448601542],[104.61585685668298,22.620771390281543],[104.6241785704151,22.620492431198],[104.64831104495474,22.62095818987457],[104.70378381224809,22.624954793489575],[104.74457714990366,22.631649694192454],[104.78320326447354,22.64557789142572],[104.81819930118336,22.66621256203695],[104.87090477198686,22.704434996538406],[104.88885296776924,22.71901617603003],[104.94451310131012,22.769580706719573],[104.97259748859663,22.800959147534375],[104.99316434639873,22.83703337931083],[105.00533193200998,22.876270136227692],[105.02455061146895,22.975892852737186],[105.02626670485553,22.986396365231357],[105.02696248387812,22.991591881008592],[105.07933476417158,23.01225824365415],[105.088891353482,23.01628685758003],[105.28037570282957,23.1021205781605],[105.29145639372011,23.093186460624405],[105.32154189280806,23.063096337873308],[105.33490404044962,23.04149616560388],[105.34544325370838,23.011576633482655],[105.36153378883253,22.977253970482202],[105.38428212809117,22.94634551001669],[105.4128719562538,22.9199531286157],[105.44628073846809,22.89901689959706],[105.48331628694496,22.884282013420112],[105.59453535880056,22.851101189865705],[105.65261803671523,22.812499112065044],[105.70762463476885,22.77033684118896],[105.73969520327259,22.749991213256923],[105.77518551452471,22.73538561685986],[105.81291941754435,22.72700326236731],[105.8516475860595,22.72512133627257],[105.91121334815558,22.727266502179212],[105.94985058567353,22.731968092292533],[106.00942304929451,22.744445656818385],[106.04853480365905,22.75642665123537],[106.06745789861641,22.766322784524323],[106.07600592961151,22.755142506735297],[106.1011429417077,22.727863999779768],[106.13114328174085,22.705242782950315],[106.16502057767168,22.68802020325583],[106.19457363540936,22.67607913773927],[106.22948421549101,22.665190821891557],[106.26587157780001,22.66005561862075],[106.30265032204731,22.66082649473313],[106.36163253669369,22.666822536450912],[106.39787782457557,22.673503194520524],[106.40011415505657,22.67410737862757],[106.3861749322616,22.64938954005559],[106.35424223904107,22.577459062431817],[106.33974835577159,22.526004544919697],[106.325872908495,22.42001866397538],[106.32510069569175,22.379045867324358],[106.33339041358025,22.338783291694803],[106.35076146319763,22.28510046902503],[106.36812991862861,22.24660211834943],[106.39373699645583,22.212340511670963],[106.4264390391015,22.183836175568793],[106.44615495391763,22.172791595033434],[106.44841697457105,22.133525855252596],[106.44641132384756,22.02225008584303],[106.44846035317299,21.991235361593315],[106.4543880709041,21.951937359230385],[106.46495094003792,21.912171489779713],[106.48401301615468,21.875271320333013],[106.51075144061016,21.84281462671427],[106.544017697596,21.816187768190204],[106.58238725052391,21.79652706758744],[106.62422037714154,21.78467093370833],[106.66773163653502,21.781124640317223],[106.71106512788198,21.78603915288488],[106.73507539851742,21.791165284096934],[106.77634810689523,21.77540284981294],[106.80986712911674,21.754813896942135],[106.83423396799218,21.743244058654668],[106.84380783607841,21.72642801713574],[106.86831022744208,21.697746498977438],[106.91011360389564,21.657126291094343],[106.9409446733774,21.632392766185493],[107.05776555552241,21.555415948304745],[107.09070392657472,21.537596518920058],[107.12648374915192,21.52560298004041],[107.15965090022385,21.520486400748872],[107.18134427018049,21.492615212228515],[107.2083493025534,21.464105995073812],[107.24063708407371,21.440967348474604],[107.27701081684997,21.4240543231023],[107.31612456217294,21.41399148130786],[107.35653257587852,21.411150187550664],[107.39478988241021,21.41541772023184],[107.4104225880583,21.409269592244463],[107.4512348488345,21.4015468015262],[107.49283166811549,21.401513763210758],[107.66218306208717,21.417067800352886],[107.71486535541511,21.42843445843662],[107.7388750054382,21.436790954211723],[107.77183612187777,21.410528178239083],[107.83522418402171,21.35885961371105],[107.86655799667982,21.33767487167113],[107.90143804451553,21.322198805401708],[107.93869733906277,21.31294814917622],[107.97709054663503,21.31023157323561],[108.01533508503373,21.314139565664064],[108.10991327358728,21.332128569833387],[108.16705281136277,21.351406362517405],[108.19195265139273,21.36388975878973],[108.23217892688545,21.36117026114974],[108.27203545343595,21.362028847101605],[108.31096914727169,21.369942232916237],[108.34758507875972,21.384626931294843],[108.38057031735376,21.40555694277384],[108.39252881566973,21.416777134549733],[108.41844703794136,21.41122336013505],[108.45877201781165,21.4099940794952],[108.49856747391554,21.416015614427216],[108.53637529727253,21.429067273395933],[108.59411767453393,21.455147703591344],[108.62946235392451,21.475362807702407],[108.63529297030108,21.48041639493103],[108.6409052657324,21.47621094091432],[108.67317389628836,21.456253154855286],[108.70873361907293,21.442133811307325],[108.74639533716923,21.434324113317405],[108.7849008099455,21.43308449010074],[108.8386752633189,21.435973981614627],[108.87232802803187,21.431487282540456],[108.87227490532247,21.422077792291834],[108.88108730236553,21.381766209150438],[108.89855518468445,21.343990995490334],[108.9239167586606,21.310382046846133],[108.95607207508804,21.28238793276361],[108.99363115479547,21.261214043388474],[109.03497402541227,21.247771317675003],[109.10196496973776,21.233056639128495],[109.15291074113337,21.22787162104229],[109.20360193654763,21.23442735170612],[109.25810093747842,21.247999976184424],[109.36645946202262,21.257047507130554],[109.40932478576708,21.264902640352368],[109.49806084614114,21.290398559031065],[109.54101245504904,21.307872101782646],[109.56323757076953,21.319851810854523],[109.56159673297601,21.310552385064558],[109.51440016701784,21.25256803553121],[109.49387540117536,21.221776448913012],[109.47974114913282,21.1879196093738],[109.47247393021485,21.152152146188094],[109.47231524891818,21.115692679446393],[109.47926416164209,21.079782144683268],[109.48656910579376,21.055134526358227],[109.46142031342205,20.973107622260724],[109.45420488680912,20.937561142908244],[109.45399808389509,20.901325898588397],[109.46080067923415,20.865620100705094],[109.47437813123537,20.831642926799883],[109.4966008574547,20.78841382749158],[109.51829415542109,20.75500740743572],[109.54647644459949,20.726238118836104],[109.56781231540468,20.708343176081723],[109.58736505694235,20.680791453125327],[109.5890687050144,20.677688799788008],[109.58508676897777,20.650497820766446],[109.58399198002175,20.605339968759623],[109.59376128823294,20.5610554210359],[109.61387328560221,20.51995575017558],[109.67734545757484,20.421321845021026],[109.67448612841426,20.377982558385266],[109.67553873306055,20.34231573358449],[109.68333197726986,20.3073632729198],[109.69760655425503,20.274262856475445],[109.71789307220365,20.244090815331802],[109.77389563457774,20.17522114807749],[109.77697298068155,20.172080568804173],[109.66814301781594,20.181259348077567],[109.63652019601612,20.18161869219998],[109.6052411917595,20.177416219894937],[109.53805005987128,20.16333214894134],[109.50144039323833,20.152164947668034],[109.46768251817296,20.13475286215983],[109.43793743155304,20.111695600535413],[109.41408431022543,20.089363954848203],[109.3459238205806,20.099637700079786],[109.30627422577338,20.101952429589673],[109.26693762405387,20.09705392157353],[109.22935424377245,20.085121394600947],[109.17792443315147,20.06335801594851],[109.14765543683752,20.04752266040081],[109.12061456467525,20.02710416674904],[109.07607160839751,19.987206366079256],[109.05354718315508,19.963415771491356],[109.03540259101459,19.93643999990716],[108.99397017303487,19.862006484216774],[108.97840200548923,19.82559341744806],[108.97176028939454,19.79200926794481],[108.96241534417587,19.78713132209681],[108.92666525602,19.763450903707216],[108.78056816346341,19.642660732359285],[108.68463756371652,19.588410846993625],[108.65569230256254,19.568586963968933],[108.55819160516879,19.488593301003426],[108.53042459432031,19.460810569028038],[108.5024101268889,19.42659199875048],[108.48525879416519,19.402015905313522],[108.47216328185915,19.37524278232166],[108.45668457253782,19.33615207169022],[108.44743995725011,19.305468687402215],[108.44350066469691,19.27373142433311],[108.42971440624547,18.916357059195644],[108.42992238406809,18.897619657911463],[108.43242920664868,18.856215001423898],[108.44169182093786,18.807939657196265],[108.47388474673036,18.710060987745237],[108.49744068889909,18.51396702260638],[108.50559254483404,18.47715342911386],[108.52081982547794,18.442445109444062],[108.54256750346562,18.41109430259708],[108.57004676820104,18.38423104365536],[108.60226391383958,18.362822778067933],[108.82278450287662,18.24387734162919],[108.83678016066926,18.236968929088558],[108.94428971679002,18.188712735599754],[108.9745156240854,18.17780719518048],[109.12764027155117,18.13526282874313],[109.15087113902455,18.130173290810106],[109.29349236034334,18.10710738178705],[109.31993941848687,18.098843781190546],[109.42217183637099,18.044998122430236],[109.46129990474213,18.029151973299637],[109.50289638131001,18.021372950272088],[109.54519122232915,18.02199134183969],[109.61530246715672,18.0300379157534],[109.6381400750538,18.03393196533411],[109.72951511598318,18.05470271176966],[109.78420941090114,18.07553285832528],[109.8058676681615,18.087527026376335],[109.8334465289086,18.10587354874755],[109.8575125239584,18.128348530291948],[109.87741705611198,18.154348204629763],[109.91459703418607,18.212369263133066],[109.97531455492859,18.22250018689447],[109.99852662677134,18.21993304218302],[110.03514720417105,18.21904610116933],[110.07129234902868,18.22444447962286],[110.1058130307278,18.235956464650155],[110.1376113262561,18.253216134748254],[110.18474349401771,18.284470104506166],[110.21570211622507,18.30973246868652],[110.24082388336174,18.340431620846747],[110.25911590008259,18.375359747381026],[110.26682592497096,18.40249461720007],[110.29731666535106,18.424993448559498],[110.35475325042069,18.476645506915546],[110.41088401377883,18.489499773857123],[110.47662220776002,18.51451078816365],[110.51331261713236,18.532792725805425],[110.54538088026854,18.557814380448942],[110.5971307830937,18.607359297792755],[110.62361885543955,18.638563589956153],[110.64289941641282,18.67435370128812],[110.66934135249117,18.73895435013412],[110.67717503309386,18.762259569276313],[110.716903504097,18.911579911138805],[110.76082681589949,19.031817461447996],[110.77080772672403,19.07265664547418],[110.7711714174477,19.093948047060724],[110.79291470203616,19.12759132048255],[110.82393679777852,19.196474597685754],[110.95670293168232,19.391427570172002],[110.9784957279737,19.398208710348516],[111.00774342751374,19.409756873880507],[111.03475959086462,19.425454825380218],[111.13566194057009,19.49473926491974],[111.16868691790273,19.52305051822356],[111.19453563447807,19.557507002122875],[111.21200534562261,19.596513823433202],[111.22027878901919,19.638263825123172],[111.21896321706586,19.680820715140033],[111.20312522591509,19.790064381073304],[111.20044291645443,19.804563817663336],[111.17367862477477,19.923201553914353],[111.15786867397802,19.96727076551206],[111.1255275974231,20.031575287168682],[111.10576104153597,20.063055536395904],[111.0802580325826,20.090590992348897],[111.0307484894334,20.135035265267916],[110.99140172160449,20.162866135057588],[110.94637298922834,20.181262179986064],[110.90177349857022,20.19384981478663],[110.88882692989054,20.202898108709118],[110.8400150820978,20.26036146628396],[110.80791089368743,20.29075433743847],[110.76970061964882,20.313915205897647],[110.7271843652121,20.328749837779288],[110.6823682902343,20.334556728111448],[110.67901718862412,20.3346429135061],[110.69923120346357,20.361580109588143],[110.71619757301552,20.39822920483613],[110.7249751853448,20.437434239304622],[110.72519430699612,20.477578520690802],[110.71923774456185,20.53583503154431],[110.71122341244303,20.57419162213617],[110.69540286369735,20.610370474523606],[110.67238798809382,20.642956377673325],[110.64307393697796,20.67067332107877],[110.58257977627902,20.71757038533882],[110.5933039422405,20.749155051677274],[110.59762141185617,20.790770966873254],[110.59753251534467,20.791501520303466],[110.61854892715549,20.801551129921048],[110.6523115350897,20.827253983787173],[110.67966743452419,20.859036616308696],[110.71466411468688,20.909713633842205],[110.73230107310457,20.941155268558294],[110.74363610543193,20.97512307322888],[110.74829457592064,21.0105103057909],[110.74901381813878,21.031063865098233],[110.74622761805857,21.070353766074433],[110.74027319808569,21.090967405170986],[110.78521875608918,21.125326616002205],[110.79814925644342,21.136074517135004],[110.86477743263748,21.196220721238117],[110.89922937202951,21.199248303853818],[110.94135430264294,21.20710661862189],[111.05992813421449,21.24137941832389],[111.09984552391896,21.257330404372894],[111.13535559584372,21.280695767249934],[111.1400122459155,21.285385387569747],[111.17976636267794,21.28726658684704],[111.2306220676698,21.295045782468264],[111.30331490064349,21.289319264178857],[111.34004443669622,21.289438490258],[111.37613663604874,21.29556401737149],[111.410492508868,21.307509177883926],[111.44206533625116,21.32491020218194],[111.47224918319009,21.34508989184337],[111.62973510385197,21.36301319689079],[111.67717130592858,21.373759362765732],[111.72059394224118,21.39452288772865],[111.79943008422953,21.44386179758266],[111.83412819137173,21.471105621520632],[111.8617314755759,21.504758492716203],[111.86915980097608,21.51620304819268],[111.90875263213759,21.52218209589941],[111.94471108172944,21.53072605979389],[111.97845395749883,21.545079346868793],[112.00893186356943,21.564795924489843],[112.03519571071384,21.589262988977584],[112.05532382893784,21.61168505664816],[112.08521443358583,21.594677948808346],[112.11803232616363,21.57944515847371],[112.15310112205304,21.569719918973938],[112.26455403111609,21.548335389484187],[112.30081344497653,21.544374143269277],[112.33219897881507,21.54605905360221],[112.35020427769699,21.514729388376704],[112.37547965131924,21.485547849125503],[112.4061107313678,21.46130610883668],[112.44099728138886,21.442871590953455],[112.47888864851251,21.430903338730563],[112.49946356701491,21.426372897916018],[112.5471592819781,21.421122422992205],[112.59477263385845,21.426129510863344],[112.63313317276821,21.434405619462293],[112.66500604873015,21.412455292660454],[112.70244203626523,21.395963985068615],[112.74250106680013,21.38659886322851],[112.78365141891189,21.384717107350138],[112.82432053952596,21.390390039965826],[112.86295428817175,21.40340052837027],[112.8980754835821,21.42325121753763],[112.92833967275185,21.44918329266237],[112.94748063215083,21.469176159741398],[112.97289038141918,21.502046067352286],[112.99050735634556,21.539185892418804],[112.99957257804763,21.57901105877795],[113.00240292995628,21.603846289683815],[113.02915959988408,21.630154256130066],[113.05089413989457,21.66220910741218],[113.0656033396291,21.697647517285272],[113.07273206379918,21.735147212740404],[113.07256705081741,21.743822721671982],[113.0859067684477,21.752118398248623],[113.11101251343064,21.774098714547392],[113.14089633919862,21.80496597080394],[113.16595624396784,21.836825406690785],[113.1836395313264,21.872802510780666],[113.18546283073587,21.880156105342987],[113.29482758111997,21.8929912903413],[113.33918722325517,21.90283552267309],[113.38014786428498,21.921384574186092],[113.41579559685398,21.947772421283073],[113.45319978276368,21.98228948300193],[113.47829805243344,21.989309234791282],[113.53583513175568,22.00532622863035],[113.53569946268506,22.005737876955934],[113.56811596631503,22.01581031468205],[113.59927321208467,22.032912073906644],[113.60425030966539,22.03370639736121],[113.64167506559106,22.04687529342647],[113.64401606910945,22.04794762094584],[113.67826796509982,22.067670530847128],[113.70780746462162,22.09315628520783],[113.73155371438497,22.123475149748224],[113.74863528414198,22.15752039723125],[113.77607816156448,22.229535370388287],[113.78335872306144,22.25327854461753],[113.79584647956737,22.306470769060592],[113.80068973149767,22.34514207894655],[113.79769106044797,22.379148883568256],[113.80014461176604,22.37733176638737],[113.83946440079731,22.354182783754105],[113.88314040723051,22.339465777982593],[113.96729382209907,22.320370986124036],[114.00933869185256,22.31486351213044],[114.05162476390335,22.31723679684999],[114.09246611384602,22.327395638480954],[114.1302339248429,22.344934655680117],[114.15185978958064,22.360719668876307],[114.16851128503701,22.365044918338633],[114.19453578579999,22.3561076218263],[114.23549759489339,22.3461837280898],[114.27766338205888,22.34397856473562],[114.31936740625915,22.349578520698078],[114.35896225851083,22.362761908379408],[114.37127398343758,22.369703302440353],[114.39706435431663,22.35387505130837],[114.43175657998748,22.339949902839383],[114.46847034767328,22.331916521581434],[114.5060527749317,22.330026436289447],[114.56396184534947,22.331885725933233],[114.60640881082809,22.337279916133397],[114.64672158988677,22.350524657188416],[114.68325280132875,22.371078672685982],[114.7145077815147,22.39810209141862],[114.73850658142278,22.429574577638007],[114.83535790136344,22.420671563803886],[114.8789456373272,22.420822451802422],[114.92147358544277,22.429246512596198],[114.9611516315407,22.445588720410512],[115.00368014905445,22.468258605978974],[115.04239093206651,22.494818334702124],[115.06247669754674,22.516816252965974],[115.06937653086266,22.518531606110155],[115.10330269711193,22.529942352117583],[115.13458089361227,22.546563709703793],[115.16230213459222,22.567913171449277],[115.19592895112152,22.59871258184616],[115.26644572986865,22.55523703227342],[115.30354843894737,22.53690173336365],[115.34370215951002,22.52562108995205],[115.38535406247395,22.521830126762993],[115.50097631009055,22.521847311188598],[115.54035668277204,22.52525962465214],[115.57827847991386,22.535405354136564],[115.61342634093477,22.55193236060574],[115.64458002464667,22.57426727753544],[115.67065629032918,22.601635136397856],[115.69710079814047,22.635310837466307],[115.70179223283631,22.634110978792258],[115.70686255793947,22.632875661196717],[115.80301008179022,22.61056872509414],[115.84677718166148,22.60476112819155],[115.89077313578841,22.607443492264316],[115.93310592913993,22.618499688522995],[116.1154725849594,22.685719718898373],[116.18029591990295,22.69142735077848],[116.21536641806813,22.697299983908927],[116.24880490690957,22.708540195459758],[116.27966991400079,22.724831452569326],[116.31509575028925,22.747414710120662],[116.35741586283117,22.74437124411667],[116.48239421969973,22.749215782091078],[116.52836621186273,22.755702395394575],[116.57157717575399,22.771315948060415],[116.60995860922417,22.795308983589468],[116.64167051206036,22.82653303452219],[116.69081475326983,22.887150484123417],[116.71076869505133,22.917062722528275],[116.72457163028719,22.949867487811698],[116.7317736985452,22.984508030492446],[116.73788998584362,23.041024097349283],[116.77382254421704,23.0553898792327],[116.80628952225453,23.075722319029538],[116.83406680749117,23.10128141024385],[116.85620165573835,23.131193351424322],[116.8859341940845,23.180748331501068],[116.90262110604294,23.21666902624533],[116.90717174493503,23.23701370059923],[116.99113987933772,23.295405529064908],[117.02609292899503,23.326100151496533],[117.05251320841307,23.363372523685086],[117.06068173200359,23.38411570263196],[117.07536564700844,23.38223002014932],[117.1144468607731,23.383828134861297],[117.15246041003151,23.391954639540362],[117.21797987027779,23.411945003780357],[117.24960402113521,23.426338009200542],[117.25111356723951,23.425204041861335],[117.2892833468165,23.406638006391116],[117.33059760438057,23.3953994249765],[117.37339734699314,23.391938181713034],[117.41596533935875,23.39639215960244],[117.45659399008878,23.408581947734874],[117.49365280169808,23.428018047147745],[117.54292198665952,23.46034149114697],[117.574658389668,23.485944497841103],[117.60018422094375,23.51688144248303],[117.61848906028753,23.551933847019583],[117.65404734013842,23.64218781803712],[117.67176500301338,23.64361698692005],[117.71365681836261,23.655261567250694],[117.75196765470363,23.6745309750451],[117.78509075122892,23.700617660124422],[117.81163427643376,23.73242817655158],[117.8304794755436,23.76862842276526],[117.84911169141103,23.81663318774294],[117.88034171599507,23.81877330441735],[117.9224988212442,23.82992629748633],[117.96116959120039,23.84875477582015],[117.9947297900005,23.87446842112891],[118.02176721810508,23.905987759085885],[118.07406153610164,23.98198505455585],[118.20955205749334,24.106332840134893],[118.23756615158625,24.138102100858774],[118.25767188515519,24.17458976263429],[118.26898552354075,24.21420606374499],[118.2710043125595,24.25522316661581],[118.26985224456712,24.272800611972684],[118.28488152885775,24.281439393970974],[118.31722161408753,24.31047548354604],[118.34204027585525,24.34516250477086],[118.36451702991563,24.385419032608763],[118.4269130600017,24.400394991980125],[118.5310745677422,24.386101790686403],[118.57305884338197,24.384079319842087],[118.614560842338,24.389495994400324],[118.65401287170428,24.402146483924952],[118.7505494474187,24.443148158358003],[118.78300115207263,24.460235958340842],[118.8116164769148,24.48224627081184],[118.83552201173822,24.508508895247292],[118.85398626358464,24.53822380422052],[118.9162475505443,24.662803518875755],[118.93028560147899,24.700892225525198],[118.93429811486571,24.73210778449317],[118.95943443038632,24.73723775473083],[119.0017979994396,24.750222047201895],[119.04018206155473,24.770895637613723],[119.07293776995769,24.79837127928955],[119.09865503017788,24.83146953565172],[119.14530852162154,24.907261129931463],[119.16243615840628,24.943169063974945],[119.1712866365546,24.981552780683543],[119.17146180842497,25.014366180391747],[119.21864929494352,25.01043276043072],[119.26305994157478,25.0108465653134],[119.30631934852735,25.01943320013155],[119.34662128709756,25.035833391479642],[119.39655651769677,25.062061826184543],[119.42949720545414,25.083376559092954],[119.45737310874588,25.10994292070452],[119.47920001252984,25.140826311538945],[119.49420449417315,25.17493958687017],[119.49794481080477,25.192622350968584],[119.50084859244186,25.19136138150968],[119.54031809253377,25.178235657162947],[119.5817241738788,25.172148594884412],[119.62353614181905,25.17332411090678],[119.66420902858287,25.181717878704756],[119.70223975746482,25.197019071819444],[119.73155532524324,25.21569101049246],[119.762147488117,25.214750390173737],[119.80099887888068,25.219962849004826],[119.83807409604272,25.23142557254201],[119.87216172265492,25.248763706280457],[119.94629951874808,25.294979542051905],[119.97548994411503,25.316858185321294],[119.99992052135721,25.343063214250844],[120.01883581495446,25.372787890619936],[120.03038743434453,25.395371978498034],[120.04516434185251,25.43505248256365],[120.05018578622416,25.47678517696152],[120.04708181570288,25.50290428320164],[120.05068822086695,25.511659546083518],[120.0565957671865,25.558279866323815],[120.05636765500375,25.589668247208945],[120.04965091976199,25.63682082665966],[120.03056306270791,25.68130795062765],[120.02092089052144,25.69763032555987],[119.99779574966338,25.729160369335986],[119.96846768134347,25.75623818316058],[119.95403867219159,25.765297576857236],[119.94148668316664,25.78099738258963],[119.91125856186578,25.806828696547722],[119.87621346299605,25.827128971987825],[119.8500523608139,25.83664295037745],[119.85799847533333,25.860759626717282],[119.86602285958027,25.898395601534574],[119.86570678829574,25.936817057798592],[119.85705328964802,25.9745520848779],[119.82772955215175,26.059449466606836],[119.82133200481694,26.0729449253713],[119.83297884544366,26.08303646520929],[119.90701434324716,26.128119657615663],[119.97390742651605,26.155283642727284],[120.01283337589774,26.175706649522404],[120.04613240061106,26.20291560508965],[120.07237871364141,26.235748759779877],[120.09044453295762,26.27280339111083],[120.09954878223294,26.31249503166101],[120.09929162689056,26.35312460295354],[120.09478082368986,26.38989083859191],[120.08773610311721,26.421258136758947],[120.09645352412555,26.42574136437837],[120.17156873040112,26.473125818192308],[120.1970821154229,26.491976040705968],[120.24081242170003,26.529662210329104],[120.26607536575689,26.555694173510325],[120.28575893133986,26.585341834317333],[120.29924616414338,26.61768296061163],[120.30611145851483,26.65171070500061],[120.31466427752024,26.73678126278099],[120.3399673276642,26.801363697427135],[120.4423082529837,26.95506198859211],[120.50305546591501,26.98856796035598],[120.53564622015918,27.01055420296556],[120.56300705472438,27.03757347611266],[120.63708752337311,27.126171150394935],[120.69624105876395,27.17770943870734],[120.72717231528883,27.211521450778942],[120.79492107527592,27.3054420706154],[120.81044180701029,27.33096581895391],[120.82149126766195,27.3582900772115],[120.8431994385028,27.427960238765483],[120.8507252898478,27.468030700995833],[120.84870350489768,27.50871753151798],[120.84452041738561,27.523113047179695],[120.86124699525622,27.54546752386489],[120.87696735980523,27.57842345143073],[120.88558063891477,27.6134323632611],[120.8867320021866,27.647579044450353],[121.00036625247984,27.760232590204783],[121.02401382489036,27.78841876883275],[121.04150312999755,27.819937405993887],[121.05226457881584,27.853772280896912],[121.05263612914153,27.857315299735525],[121.07076755160816,27.866385733732763],[121.0813010896312,27.87282394585948],[121.08906481705398,27.87068864564908],[121.1336401660271,27.866628133312886],[121.16628996737688,27.866537507782038],[121.20026430764551,27.868726773615723],[121.23339917703353,27.87544166422425],[121.3203447172155,27.899333918605144],[121.36311644463623,27.915599015496547],[121.40098348363993,27.939383737793815],[121.43228115567219,27.96964412683249],[121.45562961678357,28.00505148586182],[121.46999460256741,28.04404994958517],[121.47215787924837,28.06271768659759],[121.4836382167889,28.068522386330116],[121.54539334325854,28.10607234190282],[121.5786592802465,28.098560048989622],[121.6233379075962,28.09649345821979],[121.66748087469551,28.102247984998918],[121.709330098175,28.115593419021057],[121.74721788283551,28.135997429348997],[121.77963232210342,28.162646524447776],[121.80527691111976,28.194478018042155],[121.82312213632014,28.23022181709873],[121.8324470341425,28.26845048072047],[121.83286901013261,28.307635674582034],[121.82513267710665,28.38209270343605],[121.81274386412852,28.430982037006274],[121.74910624543067,28.5855542373018],[121.74606320380181,28.592096635640885],[121.74659153581369,28.592449254373996],[121.78631687985971,28.625502141649367],[121.8200972849242,28.66128781775309],[121.84314494087742,28.703115318020824],[121.87571260482531,28.786531382467693],[121.88607011468282,28.82631756596445],[121.8866843144513,28.86720705043654],[121.88535748521348,28.873026933009243],[121.89125948591406,28.8836840700268],[121.90210563936655,28.91948319414464],[121.90341421845372,28.93642913809229],[121.94485528622886,28.940370164491878],[121.98658915615711,28.947866639975828],[122.0258621456515,28.962073690118665],[122.06127023311944,28.982483114514636],[122.09154566365537,29.008365064027828],[122.11560182888326,29.0387937566049],[122.13257210155656,29.072680127624913],[122.14184126279899,29.10881032849612],[122.19322682128791,29.46422514818728],[122.19332480879106,29.4661449076839],[122.22495792258552,29.47003361189804],[122.26617545648737,29.48245205574124],[122.30378127154668,29.501501873973474],[122.33637585673618,29.526474599089575],[122.36274351071916,29.556441370016117],[122.38189738946026,29.590286981616167],[122.39311656908278,29.62675084947678],[122.39667409862425,29.645488685016534],[122.39701320299093,29.651390687865863],[122.42659212855001,29.652128260771974],[122.47223791901011,29.661626528254953],[122.51453842549472,29.67903945962342],[122.55168373608994,29.70362189674008],[122.58208138679966,29.73432199159074],[122.60442400353524,29.76982555059939],[122.61774553699388,29.808611533300482],[122.62770995338776,29.854868227304625],[122.63138789939977,29.896858342424622],[122.62918774816472,29.954706541208296],[122.62293046060773,29.99436109976618],[122.60742853982953,30.032184178932606],[122.58331824005516,30.066595259456555],[122.55159829929138,30.096154264143127],[122.5285840628788,30.110366628509635],[122.52037477110743,30.126539003185925],[122.49248040098414,30.160120233171696],[122.45471874457039,30.196796034736117],[122.42106202435241,30.223571342823536],[122.38191096621385,30.244115809599062],[122.20777143907323,30.316020685219097],[122.16243412204902,30.32991920296269],[122.114793294687,30.335420258121697],[121.9733819558806,30.338829465847127],[121.93091268149202,30.336424544841375],[121.88978521756421,30.32730024241167],[121.85143449269873,30.311774198589784],[121.81719724894774,30.29038752649842],[121.78826474408267,30.263885671330534],[121.76564089684305,30.23319203233426],[121.75260656603933,30.20481853828143],[121.60627402988524,30.352721803469393],[121.56357262841206,30.38622167249054],[121.471431346708,30.442047682419226],[121.44001330642993,30.458036241205157],[121.40606789539802,30.469578254373637],[121.33459223476312,30.48840403470445],[121.41845876529409,30.526247234761694],[121.47042967562169,30.558434254133836],[121.55777886042603,30.63057966065098],[121.60734196559814,30.65393335400323],[121.70716293007929,30.669355963238118],[121.79021980398915,30.675178617537913],[121.8335793023719,30.681825915101996],[121.8745813008238,30.69542249271409],[121.98289398054682,30.741972984375543],[122.02006744945177,30.761972052686232],[122.05201937350441,30.78768474280192],[122.07757197672652,30.818166347398773],[122.09577976976725,30.85229627108061],[122.10596473964756,30.888818695636857],[122.1077422058083,30.926388310225516],[122.10103627284903,30.96361951163324],[122.05793909250433,31.108293694663736],[122.04810369131488,31.133822363535614],[121.99979537951663,31.235158770004496],[121.97699892996087,31.27150065342532],[121.94695192773892,31.309278389315445],[121.95187923763677,31.310985171822242],[121.99291909528063,31.329510842306664],[122.02868094038729,31.35465601559356],[122.05771143851895,31.385401340693477],[122.07882660544806,31.42049977793825],[122.09116020907467,31.458526492998967],[122.09419998979509,31.497936058804374],[122.0878100820503,31.537124772495],[122.07223847991739,31.574495655270923],[122.06023022007686,31.59608931812951],[122.06735161666695,31.604400845531654],[122.08633003068495,31.639690202493004],[122.09665603656238,31.67750216295891],[122.09791257981955,31.716349374827157],[122.08825228143041,31.829227458584583],[122.08243973946892,31.86086086925361],[122.05872921059499,31.944186051079985],[122.04350566310994,31.981048383081966],[122.01991599328892,32.01470293056276],[121.93869787721559,32.10793883910773],[121.90661351832978,32.13780123763239],[121.82976355796664,32.196060439954906],[121.80128291932797,32.21452189537149],[121.76978677425615,32.229120913472705],[121.63633923279652,32.28012187849],[121.63495390679256,32.373252860354285],[121.63043635067456,32.409239827633094],[121.61809195945325,32.44396295405011],[121.5983325237054,32.47623722309541],[121.57182471542943,32.504959657956334],[121.5125845151346,32.558169986808764],[121.48734976524288,32.57774249915965],[121.43899534331014,32.61008102072632],[121.38572484480349,32.636920959199195],[121.11295766305442,32.7357152562028],[121.1016093352933,32.74356614902503],[121.11040647673592,32.75917983307442],[121.12526636388974,32.793614045273706],[121.13216755309955,32.82978939952824],[121.13085904821229,32.8664422262695],[121.10507126586053,33.039738860528495],[121.09641116429425,33.07338523175962],[121.08081142578371,33.10528903437876],[120.95046195899313,33.31623855816644],[120.83680345615736,33.560485102012166],[120.81724991794012,33.59306873104706],[120.73892742848936,33.697832873038614],[120.73723926980392,33.72563348688874],[120.73192981761444,33.758176023823076],[120.72011084386553,33.7895563707383],[120.6515109155081,33.92905375262393],[120.5529740532846,34.22099146578672],[120.54187081136575,34.24672434815059],[120.48616780157255,34.351836740274095],[120.46339328343326,34.38537143076374],[120.4330851567132,34.4146600581666],[120.36786763380805,34.46641381514649],[120.32876528565933,34.49155840588723],[120.09074417916896,34.6139599838914],[120.03341981940943,34.63538634483514],[119.86445090411547,34.67761152885722],[119.73132568157415,34.73900314979333],[119.59979238986939,34.85034429068068],[119.54638665851353,34.88431125413285],[119.47090769582043,34.91965043294035],[119.45700532551145,34.924890453697486],[119.51605189516567,34.96875968607486],[119.54376902116492,34.99313486850334],[119.56603888858925,35.02096635310912],[119.5822205419448,35.051459892366495],[119.63499869851826,35.17955490184043],[119.66934340330938,35.19981209734779],[119.70567512574749,35.22614677315961],[119.73476770808196,35.25785240834015],[119.81005445840198,35.359785696012885],[119.87251054583913,35.426349420579086],[119.90018780605746,35.4351803422024],[119.93238933161852,35.447734705712065],[119.98795984586506,35.473611165461286],[120.02823177320225,35.49707505170164],[120.06176097551906,35.526663053983135],[120.09160311772125,35.55909517806132],[120.13867955038857,35.59209092254545],[120.18168520774681,35.63151105510959],[120.23047922282407,35.69055143808495],[120.2518852578022,35.72488576946121],[120.33804731708561,35.76350612471083],[120.38619255886424,35.791753122702076],[120.45187771747034,35.84117374353994],[120.48456984355518,35.87132021352587],[120.48589271067304,35.873209852573005],[120.50982855708251,35.88142509945356],[120.60614191155365,35.923264396125234],[120.6914306814127,35.93854723922131],[120.739214927197,35.95135212247613],[120.782716712274,35.97173517892467],[120.82009477084445,35.99883433655026],[120.86316102314665,36.03719368065688],[120.88968662453803,36.06559310683412],[120.90939923496256,36.097360316901835],[120.92164711196492,36.13145806403279],[120.92602026028604,36.16677176166477],[120.92679298551136,36.24147058452324],[120.95079441321036,36.24830119483884],[120.99942679273613,36.2663331873099],[121.03996964818026,36.28530759827537],[121.07525377153586,36.31009932343024],[121.10398728703576,36.33980359433524],[121.12511380926813,36.373335655533914],[121.13785146747678,36.40946979742093],[121.14229519804323,36.42913479183504],[121.15634160643535,36.433132213653536],[121.19293242129199,36.44959256034512],[121.25769407675081,36.484807275817154],[121.49731866400158,36.55420676825959],[121.52046702121702,36.56196069082575],[121.77649438196796,36.659767293495555],[121.7955898047017,36.667864146705995],[122.01395075142634,36.770082042027525],[122.01448041455349,36.77013334088416],[122.03071661854521,36.74884930992687],[122.06584872646117,36.712944589057514],[122.11043377052938,36.68441040724284],[122.14233608850017,36.6684336578006],[122.18141770389269,36.65251185202401],[122.22341945962599,36.64232777535252],[122.26701782431783,36.63820112178853],[122.33354767909566,36.636609749577225],[122.38055344276226,36.63903648833455],[122.42612074741744,36.64849661984813],[122.46859820226497,36.664646355944804],[122.5064444774955,36.686899524695534],[122.60736611733954,36.75889752272147],[122.65284454910771,36.78186852060821],[122.68977719396402,36.80466847213906],[122.7206300661179,36.83257155613178],[122.74429356713138,36.86457972422792],[122.75991187564887,36.89954712979548],[122.76691440327308,36.93622060524468],[122.77080438837892,36.992007010518165],[122.76844491646317,37.03178787011659],[122.76417096307162,37.04496128540669],[122.77395635888155,37.05216459052162],[122.80269693987405,37.08388497445353],[122.82291202820124,37.11946932511038],[122.83378943975121,37.15750860897936],[122.83488402176091,37.196494626902386],[122.82944161847033,37.25157900647937],[122.85479299744023,37.274490096144014],[122.88419213504908,37.30730078564617],[122.9044806665751,37.344135314566394],[122.91479413755218,37.38344798116831],[122.91468373987165,37.42358684902907],[122.90413759223047,37.46286265446708],[122.88358399279466,37.49961970451116],[122.85387604978514,37.532305825904245],[122.81625788637092,37.55953838770719],[122.77231347585885,37.58016351141602],[122.70756134369593,37.603815628410686],[122.65674584954301,37.61735983727101],[122.60339504023374,37.62206167235237],[122.54999198807532,37.61770052399014],[122.46409308476666,37.60319389467069],[122.38149060027548,37.60179572700043],[122.3294476680638,37.617530956146446],[122.31359341897,37.63518793488949],[122.28107621215776,37.66464161300505],[122.24172986550668,37.68845622154258],[122.19711475382573,37.705682419888134],[122.14900566668766,37.71563236216317],[122.09594748973699,37.72225351599244],[122.05135991500818,37.724634505572475],[122.00694003937545,37.72074994803181],[121.96411713032187,37.71072390185855],[121.9242683062932,37.694878092895415],[121.8886732973733,37.673721432154984],[121.8559847641938,37.65038456713049],[121.84052831727908,37.65155921294299],[121.8234959220778,37.65239247333067],[121.70416223002682,37.65496170487467],[121.63456617224661,37.6831838690428],[121.53084471156161,37.739834150860055],[121.48182363453921,37.76062326877949],[121.42811044278821,37.77237013341213],[121.33485023676995,37.78414700760043],[121.22019240514362,37.868350637168696],[121.18943397002502,37.887575107695355],[121.1551835887713,37.90278255223549],[120.85566634938382,38.011833840396825],[120.80519758224372,38.02523698184731],[120.75221798709666,38.02999262328144],[120.69913470303712,38.0258831401962],[120.64836047711478,38.01309384754298],[120.30107958530768,37.891679718300175],[120.25172146822112,37.886520572711426],[120.20145220231515,37.877035025094074],[120.15474683860255,37.85966259805075],[120.12725952066386,37.84654981462176],[120.08671708943498,37.82245083280583],[120.0532471507442,37.79242701742743],[120.02822920680703,37.75772301955703],[120.01268779955488,37.71977608470877],[120.00725145382621,37.68015577620684],[120.00987308197304,37.65883951442083],[119.99433574551118,37.64604995847897],[119.74376856493637,37.513561339325484],[119.70769605602347,37.490254851847396],[119.67779033509754,37.46206170948894],[119.65509690363238,37.429973701398005],[119.64040430955586,37.39511857865929],[119.63421735504684,37.35871992326213],[119.63330670715405,37.34052236184388],[119.44768803099122,37.322383784179934],[119.35356843826351,37.33024104945296],[119.24614847417179,37.368756177697996],[119.20260329799387,37.39790244316024],[119.2039154373388,37.474265236941754],[119.21690148100315,37.526852711344986],[119.25675821009634,37.55523335751653],[119.28859395940012,37.582589295995746],[119.31335640446171,37.61415295342174],[119.3301581890329,37.648804319566196],[119.33839153846114,37.685312441829076],[119.33775115971827,37.722378711855924],[119.32824678128364,37.75868276872473],[119.30954652539104,37.80656207991876],[119.28842438339768,37.84521022954565],[119.28318732639177,37.8509627345666],[119.27775753245663,37.91711239795938],[119.26986417080549,37.95493415606203],[119.25272240693221,37.99082439553003],[119.1655806062239,38.1297342410643],[119.13463446200367,38.167372473882345],[119.09353347622996,38.19853994204813],[118.95341353047448,38.28261413847638],[118.90651527091498,38.304801906540256],[118.85452523861493,38.31852095047277],[118.7999256140576,38.32311424594077],[118.6666598269717,38.322845541841325],[118.62772120058747,38.320381671108684],[118.5897335090746,38.313249453488694],[118.5305205370029,38.29824057346987],[118.11467646618641,38.367931170088],[117.94162141798965,38.45747118132113],[117.879307418927,38.52104958636361],[117.80898379178754,38.66587571078251],[117.8089123451439,38.66713159643854],[117.85452089864962,38.783186443129125],[117.99277744356958,39.013894056775264],[118.01176212347451,39.01774640856064],[118.10887232097993,38.93503872695873],[118.14647277190657,38.90878647441654],[118.19006008893493,38.88882816056427],[118.23790586999871,38.875952266495055],[118.28811742222238,38.87066662022077],[118.33871125035047,38.87317891497456],[118.38768964154835,38.883388863373625],[118.56140140206737,38.934213011833236],[118.58446768649154,38.941960475251875],[118.66469831478585,38.97257253174297],[118.70938342678932,38.966768526487314],[118.75612840727216,38.96406394863783],[118.80274729973587,38.96801312563859],[118.84058392038527,38.97396606602381],[118.88963010574778,38.970703810784585],[118.94058815085609,38.971249483269325],[118.99041843081555,38.979603465506784],[119.05490630318725,38.99573401976036],[119.09855647438378,39.0102137383501],[119.13800714065471,39.030673233239604],[119.20112739968722,39.070387209237914],[119.24280751083445,39.10353181587354],[119.42742821678,39.28890166911173],[119.45830672052804,39.328698336140356],[119.4762554952624,39.37290627779255],[119.50751417062095,39.501211115444725],[119.55022325457311,39.57131636438806],[119.59592425947261,39.631505071898786],[119.73661462856916,39.73698020608337],[119.95100278771507,39.80706687417957],[119.97450553369056,39.81581287135735],[120.47089237751877,40.02300624853345],[120.55787848099884,40.044408711693315],[120.60014360144076,40.05801980369959],[120.63862467924443,40.07706313035531],[120.67211584899113,40.100942797767544],[120.6995643657148,40.128911300424434],[120.98000323393785,40.472165787735634],[121.00615207833287,40.49440576107388],[121.0478548206091,40.51184627164285],[121.08284333048479,40.52936290414635],[121.11369012033737,40.550863776740805],[121.19435064329397,40.61675082815983],[121.21892853200914,40.640099317729046],[121.27152804880136,40.6985561325028],[121.43890788440353,40.68801340226842],[121.44099179022568,40.68683429262889],[121.49126042642058,40.66455799728254],[121.54690367686123,40.651263889564504],[121.6051402687882,40.647614064342825],[121.73513535095404,40.650370371628455],[121.76090604968635,40.65286174285755],[121.91991497275183,40.56613095764185],[121.93204929134215,40.53925250226112],[121.9511996575365,40.50684425148727],[121.97153192540546,40.48450438988748],[121.9652273820538,40.47357737133828],[121.95111493349562,40.44202301234026],[121.95057896890143,40.4403730204252],[121.78280617784984,40.26046838673772],[121.68284846809583,40.18178720766671],[121.64130207055003,40.138498053719104],[121.61300277450357,40.098461586266225],[121.40400893159246,40.02045635230302],[121.36200224139327,40.00072772929759],[121.32570125744788,39.975300480429134],[121.29643270535405,39.945107643974126],[121.27526107571657,39.9112562733031],[121.23234534040851,39.82120860809709],[121.22010913612654,39.785049918404475],[121.21798609791456,39.758788955880405],[121.1173735050765,39.703281728004676],[121.07736220993677,39.67588181379424],[121.04569282921881,39.64275037963382],[121.02374278947545,39.60534022991363],[121.01245821631663,39.565289829429595],[121.01231467561556,39.524350716928176],[121.02329934085307,39.48431035646159],[121.03723199921983,39.460209595220014],[121.02861554239404,39.4360681640147],[121.02032183533866,39.39944250727805],[121.0212065853327,39.3622985120184],[121.03122374309879,39.32597160560471],[121.04999989200925,39.29176576277871],[121.07684957626766,39.26090683508464],[121.11080145162059,39.234498956889354],[121.1506341090608,39.21348552907918],[121.1949201604538,39.19861608926662],[121.24207697944411,39.19042015123541],[121.28984463064518,39.18569555724232],[121.18000928891765,39.146383043026916],[121.13050575970004,39.137427084220064],[121.09185289085944,39.12787078301671],[121.01012157245317,39.10193961032818],[120.9686067043652,39.085157387495855],[120.93179047837083,39.062809629336314],[120.90092096405351,39.035655974324094],[120.8770406326513,39.00461888553364],[120.86095121828674,38.97075180392859],[120.85318733359131,38.93520291036776],[120.8539996306976,38.899175807563665],[120.86932232155215,38.79165871719827],[120.88588942243595,38.74043134529975],[120.9280283367784,38.65885625625744],[120.95013913773852,38.62562879063535],[120.97999173169815,38.5962657398266],[121.01649436973786,38.5718313692612],[121.05831840670103,38.55320994805482],[121.1039465747788,38.54107434247504],[121.15172739319087,38.535862264904324],[121.19993385515272,38.53776093705752],[121.24682446140679,38.546700641111784],[121.29056638773272,38.55854308302193],[121.34438482950782,38.57888375197838],[121.39059371181906,38.60841115386382],[121.39822036927865,38.61458686811969],[121.41037265908378,38.62057042041879],[121.55358161623266,38.636960250075674],[121.59747140584325,38.64508538993534],[121.72985899814638,38.679347378273654],[121.77137090398652,38.69334064895882],[121.80903648894049,38.71279669367508],[121.84166033834262,38.737098943220175],[121.86820389098128,38.76547698150969],[121.88875448155375,38.79214439677507],[121.89501876193833,38.802400819830545],[121.94302329209704,38.81043348718294],[121.99087602193825,38.826884235287636],[122.03338748496243,38.8505269323055],[122.05501006569345,38.86536824699789],[122.06845973155595,38.8691199403986],[122.10697196189092,38.882738504546055],[122.14204787331896,38.90107684677398],[122.20730819282296,38.94161898338614],[122.23035436828758,38.95779797962024],[122.30357513043998,39.01579087396088],[122.33038280774271,39.040820223397056],[122.42737561189861,39.148071401639896],[122.50255037783434,39.21554541806107],[122.93443796152432,39.416158589863514],[123.01202163442998,39.42841187717549],[123.05910308290792,39.43950603580335],[123.10258349288637,39.45724840046191],[123.14086593846358,39.4809874345292],[123.1462395825395,39.48502753211291],[123.24809526536316,39.49187030101357],[123.29910388770767,39.49928368755402],[123.34716036902987,39.51435403148985],[123.39030869455351,39.53646723513946],[123.42678868636082,39.564722525847316],[123.43263974590992,39.57027494750414],[123.50074419313941,39.572637687914735],[123.55525230558851,39.57901180343647],[123.64563614019701,39.5972442914482],[123.68970508095546,39.6094668970127],[123.73016819951455,39.627558179017946],[123.73135701151283,39.628340590759805],[123.73360622491178,39.628018080711804],[123.77799366795166,39.62756643334133],[124.1226281364262,39.64620412562065],[124.16737781364,39.65158963348252],[124.21022650305069,39.66284380339433],[124.24985282581983,39.67961887378014],[124.41131048008985,39.76259707035726],[124.44696875753196,39.784598103467715],[124.4769558040511,39.811028708334064],[124.5083130939883,39.84418649565365],[124.514470157244,39.84697963766803],[124.55083691976098,39.87150961400243],[124.58052715509348,39.900749213869815],[124.60248219620998,39.933663480769376],[124.61591354305321,39.96908623999105],[124.62699665680513,40.01379319773895],[124.6569528429192,40.0382811395274],[124.8720477226177,40.166065147292734],[124.90061497392156,40.18571460413241],[124.92502282757597,40.20832807468513],[124.96585520500751,40.25242867588123],[124.98700268430781,40.26613043138899],[125.0369425147552,40.272172578150936],[125.0898351612034,40.282946926325856],[125.13861384744843,40.301803317606954],[125.1811177637979,40.32790626788343],[125.21545847005993,40.36009924674127],[125.23599592330665,40.39081687225963],[125.30032801437953,40.414679866222386],[125.31474877196077,40.420449165792014],[125.40605750659678,40.45970620043699],[125.46651688922469,40.468729334578995],[125.51046029711289,40.478335360607765],[125.55153207537607,40.49353969769998],[125.58847069141727,40.51387512374706],[125.70414353949255,40.58988244316234],[125.74732184035553,40.60004567686103],[125.79379213318443,40.6193804775534],[125.83413556082408,40.645321629993404],[125.86668292275802,40.67679925496293],[125.87751751056,40.68980741158071],[125.93020109427485,40.701532465261636],[126.02535836920771,40.71188833544206],[126.07199712681455,40.720249502799355],[126.11586036478157,40.7348093555159],[126.15547963273467,40.75507994506961],[126.18952565747153,40.7803821727385],[126.26728210400694,40.84967990399996],[126.29156994277722,40.87515409009641],[126.31012664481717,40.90316197877981],[126.32522126192549,40.931393177429406],[126.3340102945438,40.94070722770434],[126.40798593501832,40.981020569379034],[126.44483570937034,41.005289566237565],[126.47500747017592,41.03420695249111],[126.54982844140768,41.121470423370546],[126.60415175689893,41.18382812816785],[126.63323730219601,41.19519951963774],[126.67122966985902,41.217406122805855],[126.70316343110355,41.24434764785879],[126.72796136071419,41.275120724039574],[126.75118990953676,41.31100290145104],[126.77226634115986,41.35801108666702],[126.79699738939023,41.45122842841234],[126.82383684184191,41.520023283803674],[126.83789116577985,41.527490029536374],[126.83862715488792,41.52754436176449],[126.86705682794214,41.534004874267644],[126.87605102340316,41.52503755221229],[126.88611060174105,41.491998928608844],[126.90836724647683,41.45586513603213],[126.94013362572201,41.423863309210915],[126.98007361409027,41.39732498365895],[127.02301387978132,41.37419220431571],[127.07565852937863,41.35219386363564],[127.13376874688169,41.339668017681475],[127.2058710233922,41.3305763407319],[127.33695095840554,41.29902285654686],[127.41139830957903,41.289488732790616],[127.43492293389193,41.28900363544302],[127.4737164044487,41.27405107422102],[127.52601438582023,41.26321094071322],[127.64123364660465,41.2485402817611],[127.6800760442295,41.245744267999065],[127.71908296499264,41.24721648273837],[127.88959716701939,41.26292060687968],[127.91461642516995,41.249692514871086],[127.97304414843809,41.22340167091186],[128.01164644408615,41.20909804108513],[128.052924374141,41.19966643551819],[128.09576693915412,41.19535944974162],[128.13384166769953,41.19386126271632],[128.18300286951197,41.195315282545806],[128.230994676503,41.203488930347994],[128.27615025880692,41.218096968905016],[128.3168994610157,41.238630775037066],[128.35182221464038,41.26437573835237],[128.40271487387298,41.30954966067051],[128.43139569570096,41.340602895529685],[128.48612963680915,41.41401490998965],[128.49344898993155,41.42455849436569],[128.52961748539704,41.48072121232334],[128.5494312258609,41.52377644552802],[128.55514720664607,41.568975705922796],[128.5536675056379,41.61359061523608],[128.54652048950615,41.65389443522352],[128.52805361860663,41.692168868843396],[128.49676329041745,41.74016709664562],[128.4657946599522,41.77654719506199],[128.42456912014666,41.80698426265343],[128.4048977564729,41.81857095819988],[128.4442462345242,41.817152965268335],[128.6431592646943,41.827290479374774],[128.68299882627113,41.83151237206333],[128.7708741916471,41.84579947924502],[128.82665975941313,41.844069147339916],[128.83996907850056,41.8438967534695],[128.92331429577482,41.844311172569036],[128.9788950295184,41.848852758330736],[129.0320352727304,41.86176240436304],[129.08039865021135,41.88247089146309],[129.12185457987252,41.91006622096038],[129.14743939295084,41.931047783570804],[129.23578694405765,41.986741085858384],[129.27549553443748,42.005107352802746],[129.33127316296626,42.03940888126436],[129.39308305588992,42.089255564082755],[129.42473403819645,42.12045808337133],[129.44731451650168,42.155556566703545],[129.4599163217613,42.19316154496648],[129.46064977473984,42.1969606579328],[129.48039258271663,42.19326734889604],[129.5317838567504,42.1910666906035],[129.58287443951164,42.19605342047229],[129.62659313306034,42.203465999903756],[129.67753121104022,42.21609873154267],[129.72405185437842,42.23583558035872],[129.7627642505412,42.26089990092889],[129.7671840595396,42.261456787055806],[129.81558175246957,42.27485302454615],[129.8596084704067,42.29471382938061],[129.89762663070667,42.32030097526192],[129.9282173683688,42.35066328272093],[129.9501403671061,42.37747010335551],[129.97209586632334,42.41129717745444],[129.9847363230259,42.44748862046078],[130.0111959052884,42.57242708416271],[130.02687047402875,42.63071279452946],[130.06380719803843,42.585731595837764],[130.09223827654012,42.55735588876706],[130.15745758816206,42.50335968986439],[130.1973214932044,42.476475999309606],[130.28682640914974,42.42743672856914],[130.31980559913254,42.41233874923844],[130.32540686677964,42.406787105433395],[130.3620035531015,42.382066089040364],[130.4043761853837,42.36274684818231],[130.4510354965451,42.349504640778605],[130.50034626472785,42.34280122319125],[130.5505835792765,42.34286928356869],[130.59999175058527,42.34970474569868],[130.64684404741155,42.36306714541349],[130.68950145010007,42.38248803426052],[130.7469361083758,42.41435009575046],[130.78681366534997,42.44147543141265],[130.81833770830875,42.47382077934061],[130.84019436650112,42.510050067325096],[130.851463832181,42.54866503491907],[130.85166046887858,42.588066344996534],[130.84398931135067,42.64396796602445],[130.83934097437464,42.66112812336036],[130.86013417901847,42.666532818551254],[130.8837760119088,42.66285502004719],[130.93884137483147,42.658482383731105],[130.99407242629596,42.66230355298836],[131.04714171666646,42.67415526190103],[131.09581156365746,42.693536013727275],[131.13518697246977,42.7132219313971],[131.17200554995102,42.72441096127809],[131.21850863981618,42.74253396521629],[131.25929750429762,42.76677225769474],[131.29281199262604,42.7962013987525],[131.31776418042222,42.82969838879908],[131.33318796516588,42.86598373951818],[131.3483349455903,42.91998131089406],[131.35356061911872,42.95315915813077],[131.35461613299583,42.98220576253346],[131.36839697104884,43.000359531958615],[131.4029816373905,43.03872307822011],[131.4252528943433,43.06888599599367],[131.43982779185993,43.10132042983967],[131.4760292536344,43.21501220640137],[131.5009979324232,43.28684782242881],[131.51637438519333,43.321131503128974],[131.52881003016412,43.368350013096965],[131.53353804070673,43.42329649095101],[131.5315102623501,43.46140264794345],[131.51895013031364,43.498414783407476],[131.50122424025804,43.53442553007854],[131.48222509239775,43.564415199031906],[131.45624645261063,43.59162785770318],[131.4541498811229,43.59316729440867],[131.4566362951373,43.64665166292322],[131.45484708752122,43.67598339746424],[131.44919386819237,43.70931585953204],[131.4826100031591,43.956203829981476],[131.50747781372303,43.99657560140675],[131.52484604825028,44.035402150871676],[131.53033836633458,44.07583651825591],[131.5236893627976,44.11609656643253],[131.39637268877948,44.51261404609329],[131.35845075277243,44.63789729927146],[131.35403020862978,44.650393181488525],[131.32804501364086,44.714439517527026],[131.3171411272983,44.73618336914162],[131.3159842632192,44.738107479409074],[131.36393925629238,44.75274245388926],[131.3859589023776,44.761462609658174],[131.54452861799984,44.80400433355744],[131.5990815716035,44.82353088591076],[131.64636758877785,44.85076013685474],[131.68697421435306,44.87979534032912],[131.69459494888383,44.88545785300645],[131.78579752302915,44.95580692190822],[131.8117509664722,44.97905802431324],[131.8324034705087,45.004700159666584],[131.8678102535866,45.0575389810614],[131.87303760440057,45.06586816110868],[131.89632512387703,45.058647042964814],[131.9859337323892,45.04071406251645],[131.98671715805347,45.04055782985672],[132.09374290381098,45.019281513412714],[132.26841036695964,44.977708170922206],[132.28243250092314,44.97464451847266],[132.45953987759327,44.939350003939836],[132.56760355710946,44.91242603269691],[132.5750488414636,44.91064962887999],[132.63242722887944,44.89757272014507],[132.65410313364498,44.893294340246584],[132.74623349161433,44.877842485326404],[132.7685804014935,44.8711229493755],[132.80998893569625,44.85703157268757],[132.86063536427594,44.843870231356846],[132.9141164904209,44.837757720710776],[132.9684184914882,44.83892199905281],[133.0214984905169,44.84731714708414],[133.07135921311692,44.862625365567446],[133.11612203033752,44.88426888714624],[133.18837215692827,44.92682714920549],[133.28655466952384,44.980952046779834],[133.32780924741968,45.00879968467984],[133.36007399944032,45.041786218635785],[133.3819807453189,45.078527259115226],[133.39259004128627,45.117478842890115],[133.39143320921602,45.15700138211938],[133.37936356175402,45.22399005673833],[133.3897925260588,45.28599540444428],[133.43052666790507,45.38229542578969],[133.454141448032,45.38921690213815],[133.4979661391358,45.407490567804516],[133.57674416945522,45.439083357686485],[133.6255762140437,45.463701622380604],[133.66579625247374,45.49477181994272],[133.6955595646539,45.53087819095977],[133.72490508047738,45.57733346967632],[133.74227441862732,45.61477485679995],[133.74822907191663,45.653733665222866],[133.74250047154607,45.69260176562418],[133.74187755977255,45.69466835182276],[133.74301455782535,45.69688879420977],[133.75696874808804,45.73811486273696],[133.76086751370073,45.76065146592872],[133.7933188698755,45.77649098908388],[133.83138819957117,45.803910387135936],[133.87125836775556,45.8387454685931],[133.90362369845468,45.8741990953615],[133.9416685536538,45.927812907493866],[133.95909266113233,45.95882094395668],[133.98472943540915,46.019431210128744],[133.99462493962045,46.05509436003254],[133.9945747267159,46.06798127323151],[134.05236521111857,46.10376110426539],[134.0808901045742,46.12719326433443],[134.11019689942268,46.15617207277107],[134.13136987030742,46.188159951203055],[134.1437034456838,46.222111020646445],[134.1570564430238,46.28155129611906],[134.15915544337307,46.284420927633334],[134.17986130619212,46.32203805778141],[134.18864610435904,46.361601874793735],[134.18510709033973,46.40140972488338],[134.16941612506193,46.465039586911686],[134.16806249895242,46.47010227707194],[134.1675557993549,46.4718603312937],[134.21070829464054,46.52613607160504],[134.22008272654247,46.53902206960358],[134.28553957855422,46.63777350497806],[134.30179407288878,46.669192547757135],[134.30979679845672,46.70192249562619],[134.32498581740793,46.83417186408254],[134.3275163371853,46.842166345049414],[134.34808678724121,46.8971830964301],[134.3575747823314,46.91428459380521],[134.39391720108927,46.97919273582282],[134.43478899759998,47.016065487583205],[134.46348549815255,47.047780668168116],[134.48267709608763,47.08243272821697],[134.49164799835188,47.118760824519164],[134.49005130636476,47.15544089224619],[134.47751356774117,47.22160085158485],[134.4701162546237,47.246754169160816],[134.47000576101456,47.247029201892836],[134.47294431916393,47.249138382225254],[134.4777156178039,47.25345777933188],[134.5181078248038,47.25711419186306],[134.57939153015545,47.26715562477851],[134.63623131339503,47.28559441535479],[134.68599078538534,47.31157428387892],[134.74434625638528,47.34927264627463],[134.75470812548386,47.356297717218816],[134.80898930024,47.39492367300996],[134.84042392631486,47.4214848182912],[134.9402204257902,47.522241419639656],[134.97126818427932,47.56325552112223],[134.99719937746553,47.610674035039395],[135.0125046049112,47.630120589693355],[135.03543604641413,47.66882448370648],[135.0453110677283,47.709694699215405],[135.04164480917612,47.75084532770197],[135.02457626669403,47.79037329029999],[134.97127321271356,47.876443233716046],[134.9689618437318,47.88006220278143],[134.9235267295536,47.94909620345555],[134.88716032974224,48.0119273988577],[134.91785711296365,48.046601969174894],[134.9400454066367,48.07969576500615],[134.96242452154422,48.1316870750371],[134.9742464323348,48.18876099101728],[134.97660640085726,48.223101847987635],[134.96948802735238,48.25704848877747],[134.95410025688562,48.30052132565796],[134.9379010026885,48.332685595680175],[134.91309581071587,48.36238109193887],[134.88045331858405,48.38866982807964],[134.77888049105766,48.456665503317595],[134.74082562658757,48.47800070658772],[134.69753382894388,48.494752213199774],[134.58989040878325,48.52848314236289],[134.51268620487917,48.54453197613939],[134.39081311118576,48.55818048321058],[134.34907375967592,48.56280053382825],[134.28936925236908,48.565429645088955],[134.2298240906186,48.56026275393574],[134.1420126229744,48.54671890318023],[134.1092106289105,48.54035403389049],[133.74434555527108,48.453984281779476],[133.69397714684632,48.43840868905518],[133.52314325021302,48.37222220995382],[133.48323009890538,48.35370788767371],[133.44842264073358,48.33126284741235],[133.39644053253068,48.29179076265446],[133.31883179389203,48.29380843846472],[133.16152829590223,48.29801837586582],[133.11076386321568,48.2965054589645],[133.06098420601586,48.28936975441729],[133.01366595246148,48.27682150377393],[132.88939381948202,48.235458080621484],[132.82312435341413,48.20546628680087],[132.71212169515042,48.139179739069434],[132.69841550463602,48.13970195065521],[132.6359826809698,48.13332232357774],[132.57682121383093,48.11844740450459],[132.5236476557155,48.095758366757394],[132.47889666595697,48.066295286745664],[132.40862288445416,48.00898247013259],[132.38365958747292,47.98521477003604],[132.36429949524796,47.959354182951614],[132.3405303300922,47.92060588625379],[132.13253155807297,47.910253520232445],[132.11041297220135,47.90858075623362],[131.769200151612,47.87367787661862],[131.65142301120562,47.87452612924393],[131.6302458111483,47.88382791215241],[131.58542863037022,47.89990570617842],[131.53686092411272,47.91053711273706],[131.48604313482394,47.915391804948875],[131.34061505261016,47.920683658898106],[131.25834241033485,47.91599673639027],[131.19445003638893,47.906292335129955],[131.17836483288204,47.93255838545156],[131.1119295610308,48.019194996377486],[131.07516532158596,48.05573829344105],[131.0148745678865,48.10262076734605],[131.01417923232546,48.106406487517894],[131.06259988428604,48.18749139731783],[131.08068221893743,48.23336081400634],[131.09822903281895,48.32019774415688],[131.09982233056488,48.3612747782455],[131.08805572776478,48.40147411029131],[131.06343168425593,48.4389772576296],[131.04168995293477,48.46413049710258],[131.03482505732504,48.48171638113661],[131.01630362305752,48.51542128735012],[130.98838327153325,48.54617967858173],[130.95202216873682,48.57291771797449],[130.9080508352214,48.59960192143366],[130.8705334553114,48.65531764559708],[130.86830238678104,48.65790016276348],[130.89792513220513,48.71082083898318],[130.91252087948058,48.74758611617719],[130.915858406378,48.785340692791785],[130.90778642909444,48.822644577074975],[130.88858944905104,48.85807194208649],[130.82492773294564,48.94616976305769],[130.7919123432002,48.98120925790885],[130.7478890037588,49.01075310485254],[130.69486982621095,49.03343760044716],[130.63529285787064,49.04821296813648],[130.57190881263568,49.05439336180687],[130.40366000366487,49.05886822175047],[130.3351391993475,49.06978266560405],[130.2604267708261,49.10777560833455],[130.04155947598497,49.311501007717325],[130.01070406263645,49.33555299582534],[129.88930659163233,49.41539631381244],[129.84124591445072,49.44083955144775],[129.78573152860557,49.459224719339076],[129.78115321682782,49.46002130194741],[129.75912614649957,49.49047356298041],[129.72354722239285,49.52119926266803],[129.67893761976723,49.5466582171434],[129.6270721215008,49.565829054662785],[129.5700246873546,49.57794079419642],[129.51008429419113,49.58250483865135],[129.4524476997395,49.58316028731454],[129.44742307767035,49.58318962817595],[129.39115762897617,49.58320729648456],[129.33687985127742,49.580087700909324],[129.284543004517,49.57088736735452],[129.27546888111343,49.57200900256567],[129.21195473476112,49.57477264601302],[129.20292233437561,49.5746771492892],[129.17400603928832,49.588366765705175],[129.0918256987354,49.61816458347428],[129.06811304893918,49.625205702156876],[129.05148906649208,49.65200701110814],[129.0200078269181,49.68963226169474],[128.9760844746759,49.72170946759667],[128.92187525156803,49.74664651482821],[128.8567153958939,49.769925984625395],[128.80572819408943,49.7842877230446],[128.7512377687005,49.79235923858135],[128.69511835732914,49.79386111760473],[128.5171970039006,49.787985637014174],[128.4771479850798,49.78493571259647],[128.22436891168172,49.75454297028321],[128.07978003500463,49.76027343477679],[127.97415753319567,49.790809462369474],[127.97184775309543,49.79191961283665],[127.9615550559726,49.80841426590655],[127.93158122737366,49.838396527577316],[127.87827367471729,49.88194718450233],[127.82473236845766,49.9156756161167],[127.80338652650312,49.926043457945774],[127.79881795691081,49.97232568447594],[127.81116452045352,50.0289274202585],[127.87853447274586,50.14642915052266],[127.89436647648708,50.186596904945404],[127.89654740067571,50.22778535389515],[127.8849462307774,50.26814438503755],[127.86005279718137,50.305856839595045],[127.82296148102128,50.339220519113105],[127.77532659176309,50.36672575876998],[127.6558889427575,50.42181654393645],[127.65429257153127,50.43352039173789],[127.64414883351104,50.46800355944194],[127.63567753717605,50.48727818483896],[127.64951532057502,50.51411873267402],[127.65636880000554,50.5546850276944],[127.65651856096238,50.625897987644684],[127.64487294625332,50.67876837487246],[127.60553242836629,50.76544975325134],[127.57904628887138,50.80556484769617],[127.4707833343862,50.92724458871332],[127.45395794710082,50.943975827990805],[127.28870308074625,51.09010405913121],[127.2292865162846,51.16164246741632],[127.22273056686869,51.198544936160665],[127.2152549578495,51.22432340960749],[127.19177894173727,51.28217082102066],[127.17528370254605,51.312041843781955],[127.15499267085653,51.3352308303682],[127.15863012733189,51.3502448300205],[127.16107637025121,51.395156238372614],[127.14679537142001,51.438967544050655],[127.12660761403059,51.47708702291174],[127.11943253549444,51.48871000011947],[127.12039485381683,51.50224534442792],[127.11446016735569,51.54916783694663],[127.09030837377806,51.593551216039266],[127.05954848647296,51.633010832450786],[127.02569693608719,51.66673815931294],[127.01378077543096,51.67437349843099],[127.01617239093927,51.691829662367084],[127.0145764525759,51.73359492457854],[126.99845764393652,51.77396419492303],[126.95183740495474,51.85231668081578],[126.92650089786748,51.88481790901821],[126.80848757826982,52.00474196015815],[126.78388905109142,52.066819823512326],[126.77396718961525,52.14644806504832],[126.76333722489557,52.183397297702506],[126.7411253688965,52.218222841464595],[126.7090266789852,52.24877286744638],[126.70324680448782,52.30415062768654],[126.69344073832289,52.34096620789601],[126.67211643708555,52.375776786460385],[126.65937525319057,52.3882991060773],[126.65394477497732,52.41211836364478],[126.63406737317445,52.44708121547505],[126.60546168982088,52.48487732490645],[126.57795333732504,52.514005746322105],[126.54233421205133,52.53966434104761],[126.5104510556672,52.55882521140744],[126.50009898413069,52.58539607445668],[126.47707999922977,52.617042429445014],[126.44492007338707,52.64554634990555],[126.40719352995897,52.67310352400549],[126.38239729340071,52.6871915127961],[126.38172895472734,52.71659859794297],[126.3777940798389,52.74047658256419],[126.37329671893383,52.7587658977983],[126.36554633222092,52.78236011749386],[126.34931316154588,52.81555392629375],[126.32338331250367,52.84631691522723],[126.28857324174864,52.87365804035032],[126.24476906995092,52.90215218904362],[126.2211454812078,52.91595943433544],[126.19654208560573,52.92888076955621],[126.1527614122406,52.97362775699781],[126.10936278868381,53.00809320032761],[126.05388989014854,53.03566939892085],[126.00980507635481,53.048803892698984],[126.00925931802638,53.051295376412554],[125.99185250925198,53.083841563534996],[125.96501511773997,53.11388990210991],[125.92249190432531,53.15254244797699],[125.88741765999555,53.178880152539875],[125.84498152654794,53.20103271256758],[125.79648421397161,53.21831535576008],[125.74331880559082,53.23356609247369],[125.6854632808288,53.246183759551],[125.62433363363385,53.251957271374074],[125.59873198023959,53.25143214561045],[125.5943093022566,53.25272619193525],[125.4173732543798,53.32663115267642],[125.3596548937061,53.34565181471317],[125.20862748013637,53.383663792836664],[125.15767679066605,53.3935412128241],[125.10445387937011,53.39824753258047],[125.05042045892877,53.39765241207431],[124.94587261308482,53.391306696642786],[124.86959876003148,53.38112613633398],[124.83297085854726,53.37045383291838],[124.77698116795794,53.38982963574383],[124.70724210998543,53.40253229172613],[124.60841688215613,53.4133773975945],[124.56639477845097,53.45136166090326],[124.528498375876,53.479325867481194],[124.48229617596313,53.502478018643856],[124.41070796674371,53.53183079691552],[124.3478026937155,53.55179938968895],[124.27867603755323,53.56300637126454],[124.20668747698144,53.56490448292507],[124.20277870632565,53.56449431497262],[124.1681445655813,53.57468067581502],[123.93392817767302,53.672094535527954],[123.88280459641372,53.689335972730355],[123.74932130647957,53.72503737050193],[123.6851175504794,53.73754549381922],[123.6175818178719,53.74189573462531],[123.54962370046155,53.73789868862123],[123.48858541891246,53.7265464448865],[123.42960058487375,53.73935846607231],[123.35551265860158,53.74976645815418],[123.27892108073584,53.74969338897723],[123.12278162438528,53.73865217604137],[123.0382881714337,53.72582837134127],[122.8657818075434,53.68472512251397],[122.70145213650721,53.66222728138078],[122.5210705395626,53.65319307029909],[122.51144399939841,53.65358945121],[122.51099384654317,53.65378592971245],[122.45566794330195,53.66932023023359],[122.39614907028566,53.678356462645546],[122.33455232825378,53.68057206791866],[122.2730699694805,53.675886757471496],[122.02311275508652,53.642265878018314],[121.99327471281548,53.63734588391477],[121.6478209727602,53.56944495873666],[121.3396337836811,53.50895487160317],[120.9498781722341,53.47887127632783],[120.87613478079815,53.46780961491653],[120.80827201508355,53.44697005249709],[120.52628143055327,53.33388792453511],[120.45584084610299,53.29581456908402],[120.18087417787632,53.09708028099041],[120.00866895398366,52.98817187105239],[119.91166537726619,52.94677622463385],[119.86589719010482,52.92318088352699],[119.82790606295353,52.894993179337575],[119.79896890691725,52.863170292112045],[119.7491060272106,52.79405600345072],[119.72950700481846,52.75766699748538],[119.72178999490792,52.71980435387657],[119.72621730970678,52.68189562136637],[119.75003139940334,52.59662570360872],[119.76584134083689,52.560951803635234],[119.79242058672146,52.527866437191065],[119.82879936867366,52.49854983390001],[119.87366556792769,52.47404555684742],[119.9254128953096,52.455224086629684],[120.03030857423379,52.42492435317773],[120.09581375320015,52.41111850966969],[120.16491318821242,52.40633180764097],[120.23437754325553,52.4107861414765],[120.33551395106242,52.42408046021319],[120.33139167907392,52.41128886921929],[120.331470887104,52.37281996396946],[120.34715635058785,52.27683423731657],[120.35866517894682,52.240924173801055],[120.38090967455715,52.20709568204032],[120.42789467382212,52.15145001790096],[120.42951303506213,52.12208818700289],[120.40033275511898,52.068789333931214],[120.2944133921272,51.99135031512084],[120.05113688509832,51.87951938090709],[119.99931328912884,51.84961642728034],[119.8292868481661,51.726999261596035],[119.7942805318683,51.696230061152725],[119.7692114315872,51.66200090830583],[119.68184890034861,51.504262427602114],[119.54733660891849,51.36787920151685],[119.52300552127832,51.33765267152849],[119.46687212272349,51.24996558091758],[119.44542507165882,51.19385916931588],[119.44043504535412,51.15877100674916],[119.42287037453464,51.136282655268424],[119.33649571114022,51.07149307508368],[119.29110331125577,51.02625184713527],[119.2303207524164,50.94246721706798],[119.21178119818968,50.90944582148891],[119.20273999453948,50.874973511256734],[119.19695545122354,50.82665166833343],[119.1862704224582,50.81197682675918],[119.11940531015523,50.766482196382626],[119.07375177913066,50.72643400613039],[119.01062186807732,50.65339481910721],[118.99106230103712,50.626008423365164],[118.97823949050498,50.59712024316473],[118.96410065164595,50.55256129829966],[118.9332431743077,50.53387290653746],[118.89894850189243,50.503514964376784],[118.87416398777444,50.46967613088639],[118.85976004491768,50.43357060654015],[118.85623048728336,50.39649168301824],[118.86367783003836,50.35976498044999],[118.88181296704946,50.324700877209715],[118.90996876143329,50.292547861061166],[118.93827069523985,50.26642665803355],[118.97811208021213,50.236646180634565],[119.02654605765395,50.21266226950481],[119.02783965856575,50.212258042768006],[119.02686874170516,50.206065416553976],[119.01800829980951,50.19414081513995],[119.01010997722513,50.19040949196683],[118.92002002566322,50.171901382334035],[118.72651332850855,50.15805480569051],[118.66184169063129,50.14876595710773],[118.60159986384244,50.13078850323476],[118.29649421762653,50.01210064060953],[118.25175988363316,49.990851568318384],[117.98721729740171,49.83912145167072],[117.79154213258798,49.72716146494643],[117.61826354644626,49.78480333230109],[117.56707494172237,49.79807152774145],[117.512861943242,49.80504567575378],[117.33170694303973,49.81718146132969],[117.15956656881893,49.869564998173544],[117.04497112192652,49.90832002602553],[116.85087609864617,49.989578326431165],[116.79890341256159,50.00686871359772],[116.74258788795343,50.01733460242197],[116.68404299449257,50.020582135641064],[116.625469102411,50.01648829080357],[116.56906808869161,50.005205797350506],[116.51695782246699,49.987157375390126],[116.47109026585484,49.96301952364199],[116.43317671415075,49.933696535818626],[116.40462328130133,49.900285838895556],[116.31186980046921,49.76144406784107],[116.12590835820873,49.483145753141336],[115.96834028870155,49.24734923413047],[115.96584173505457,49.24347831894794],[115.88270302283024,49.110373956024645],[115.88141989466548,49.10827947670155],[115.82233231049067,49.010003191502484],[115.76092194764765,48.9169051668119],[115.74566089760648,48.88768217834703],[115.73747998715963,48.8573003552884],[115.7344040107018,48.836583912513035],[115.70214965587414,48.79449836198458],[115.58748746889646,48.69771020695071],[115.55948170856738,48.66933589046856],[115.53916707538131,48.63826459577659],[115.52712827299348,48.605410885754225],[115.49895450524544,48.48379241465126],[115.49567808526602,48.44729266460557],[115.50008249289846,48.35938152932113],[115.48268597987426,48.35197580372715],[115.46805077935892,48.34532874414739],[115.35351144904826,48.28981385745849],[115.3066110383463,48.26151364956613],[115.26969916375346,48.22727627635409],[115.24444262298213,48.1886648190052],[115.2319679304151,48.147439202421765],[115.23281380198665,48.10547496084387],[115.26631869920404,47.91967600581742],[115.27880180713994,47.88198333453303],[115.30201004738034,47.846732793117255],[115.36103831505362,47.776625125743],[115.39234987403708,47.7464478572354],[115.48777594208087,47.67072923348823],[115.51517354863671,47.651741564744206],[115.61514837965022,47.59119983888482],[115.6179253933849,47.58953716310739],[115.7044174428305,47.53834952596963],[115.7465966821117,47.517601776000895],[115.7936446842849,47.50232813543241],[115.84404755520454,47.49301859187351],[115.89618712574675,47.48997125212905],[115.94839150895945,47.4932831258063],[115.99898708024396,47.502847199580934],[116.09430800775856,47.52719760670623],[116.14724370649417,47.5449574032127],[116.19397498453493,47.56948947506028],[116.23260230796386,47.5998000015077],[116.28074813662317,47.64617895492542],[116.29954245230769,47.65443200248916],[116.31483263664077,47.65138514054138],[116.36080592992434,47.64740347223362],[116.49558425783157,47.64294791935954],[116.54130803727868,47.6438254198101],[116.5863549198204,47.649491976904706],[116.69753894848633,47.66955710219846],[116.74214743000657,47.671732398587395],[116.80720298650215,47.664018218246625],[116.82138750164512,47.65938370704651],[116.84531107673398,47.65244390741256],[116.9234110710821,47.63251665467232],[116.99061173919674,47.59768915521976],[117.05853599843118,47.54136281610371],[117.09725763428284,47.51487290361597],[117.14275887783032,47.49386262023932],[117.19339821813179,47.47908638919136],[117.25805627077544,47.46498044285001],[117.31133719305349,47.45699654282534],[117.36599731629687,47.45589386386124],[117.42012366150321,47.46171004187915],[117.47182171466888,47.474240435378604],[117.51927971807069,47.49304522065791],[117.56083045819202,47.51746449267794],[117.59403144886076,47.54094555036332],[117.61888859721081,47.56097273136942],[117.67374612856824,47.611450867324216],[117.75381149514558,47.6618997630633],[117.78441734122086,47.68430972668131],[117.90582934873682,47.787702532852606],[117.90766322481556,47.789276103853254],[117.92362813611541,47.80311122550838],[117.97452781841791,47.8030134049377],[118.03824169084706,47.807558816321425],[118.09916255781907,47.82124828008778],[118.10600119496634,47.823359896869846],[118.11117161107211,47.821717713252674],[118.15947214868453,47.80976834766111],[118.21024451418025,47.80371393843494],[118.36199761787893,47.794696874086156],[118.44802487276881,47.710220448385016],[118.45273210265438,47.70572864622137],[118.52232415859231,47.64120082983738],[118.55788939948853,47.613969943480996],[118.6003722959178,47.5916892966793],[118.6483111534866,47.57512111089757],[118.76277175964671,47.544220065613814],[118.83000836710707,47.52378214950157],[118.83345730073633,47.5227887244138],[118.84386553275978,47.49963348944932],[118.86470833579419,47.46539762806914],[118.89476124125764,47.434503244356215],[118.9342776633851,47.40126949439824],[118.96465132383098,47.379419415986234],[118.99965610049318,47.36100599732822],[119.0521556808049,47.33754631647659],[119.05600647732486,47.331416858084545],[119.07345886402318,47.310890919282166],[119.1014478400067,47.28366179425562],[119.13587821769057,47.26008484234901],[119.16711718224903,47.24207254931398],[119.30145754068508,47.13074664717838],[119.36331452280052,47.09254112106532],[119.41608523659963,47.06848985747224],[119.47054099505276,47.03302431511132],[119.47121973609227,47.01858427166005],[119.47733582174487,46.984236648800824],[119.49224014791243,46.95123112556825],[119.52105716697339,46.903088387400345],[119.55188021824156,46.86466287026021],[119.59971541634627,46.818337124019465],[119.59924929209198,46.816014691362376],[119.59926211318536,46.80906542105867],[119.54073632705672,46.8181454535113],[119.49068019937393,46.822768280051704],[119.44010225925031,46.82130720540311],[119.34693245202568,46.81293073158277],[119.27029895487321,46.824166454905225],[119.19927838097827,46.852648816098174],[119.14810674352825,46.88329910370559],[119.10192891159924,46.9057619816599],[119.05002018942167,46.92150749581513],[118.93652221773853,46.94694689642754],[118.87471440573748,46.955753095302484],[118.81140674154676,46.95510675978315],[118.74968104639386,46.945037631870356],[118.69590665760825,46.93187051079142],[118.64907132326054,46.91707146269267],[118.60676674254678,46.896853394928925],[118.60369957569014,46.89475034524486],[118.59313730188813,46.89397264748348],[118.56751484299194,46.89031704400053],[118.45099721093763,46.897789423888426],[118.37137389069429,46.909335606759306],[118.3178553465087,46.91353798494841],[118.26401080064525,46.91083067205817],[118.21174696415868,46.901308466426094],[118.08052771562038,46.868090807050294],[118.01670583189193,46.85917267444404],[117.96073034697218,46.84718978193155],[117.79944425679322,46.799803995564446],[117.73903294808416,46.775732341934415],[117.70446155526318,46.75287952027974],[117.66256452684796,46.76911398802109],[117.60377748241777,46.78146241664497],[117.5423414370713,46.78488571254086],[117.43317649626394,46.78284697456868],[117.37834730364399,46.77816287838235],[117.32574065441963,46.76638226315943],[117.27731294615157,46.74794244392986],[117.2447362241142,46.73257193625915],[117.2055214426349,46.71035052432779],[117.1725707710216,46.68378761029632],[117.1469066465225,46.65371401976017],[117.12931960934145,46.621069318013475],[117.11608511661069,46.58773441096004],[117.11398164654955,46.58210788699043],[117.10419603023313,46.55422251506161],[117.03349918880777,46.55689438957309],[116.94802568771486,46.57558199892848],[116.89892747692332,46.58307977946637],[116.84858142640665,46.58451436397173],[116.79856278527964,46.579840125565774],[116.72625746264241,46.5685366374954],[116.66426036523042,46.55353338286279],[116.60874914794132,46.52924224047279],[116.56718138683318,46.506075099281055],[116.52098768471426,46.4971938621361],[116.47517646373906,46.48199251440533],[116.41831892349774,46.45864227624979],[116.36767243038484,46.43221196581668],[116.32664402180085,46.39879479594866],[116.29723954712657,46.36003752913027],[116.27319531543449,46.317458364722825],[116.24308826733827,46.29633205345689],[116.24145207703579,46.29517388605308],[116.1542338514263,46.23282832184096],[116.12503218468439,46.208260136260726],[116.10187980852024,46.18080341839071],[116.0092332795099,46.047055374714766],[116.0080927798213,46.04538422394805],[115.95677337277333,45.969147881924734],[115.93962499525861,45.936391468862574],[115.93101610019951,45.90210072530156],[115.93120049268126,45.867346037696215],[115.93348680369326,45.85863489749453],[115.93137099000809,45.85817988532302],[115.88060341491416,45.83872496040228],[115.77505741307618,45.787819035123704],[115.746433234339,45.7720030145933],[115.60130959465637,45.68043473252684],[115.58973606723386,45.67268754265915],[115.54405333847795,45.64030754334722],[115.48925163874137,45.633039269077784],[115.46621750711634,45.629273445319015],[115.38255169322076,45.61295069398669],[115.17682186429884,45.59092861425835],[115.1336476238243,45.586251290422226],[114.95649875131787,45.57760009205055],[114.82779527131169,45.607087497474865],[114.77174581044301,45.615559322674336],[114.71430994381231,45.61585676940019],[114.61956292095878,45.60950181059195],[114.54309142018141,45.59662649592426],[114.45868070087239,45.57327662060409],[114.41753727598984,45.55907558316899],[114.38019141625209,45.540399183570486],[114.33718240879774,45.51494983054581],[114.29443222044357,45.483394056548676],[114.26252423092588,45.446087575632575],[114.24298942704112,45.4048441279811],[114.22877514821681,45.35822269016022],[114.2267515421292,45.35210699966497],[114.20627252087142,45.33125277974673],[114.10081216232189,45.26108337436844],[113.99902190340927,45.20635755906944],[113.94784783075677,45.17062565985145],[113.88306799131159,45.11194357897142],[113.822903726056,45.09361086369959],[113.76986923523324,45.07772945354389],[113.7048034600631,45.05038199933781],[113.57975825833984,44.979954011454055],[113.56857797896895,44.97329898190641],[113.54437226864081,44.95810483749423],[113.50643469694103,44.96179763687882],[113.36241817437619,44.98435560789985],[113.31482187839097,44.988765791217695],[113.22445437580672,44.991516088985676],[113.11218774520111,45.00341554239998],[112.80458262664645,45.06906909510326],[112.77766243159174,45.077462985738734],[112.7240610866554,45.1288988656218],[112.66925649713542,45.168258702810114],[112.58118648968029,45.21564456835925],[112.53464858397355,45.23585946106363],[112.48333656833974,45.24924162767856],[112.42923441644129,45.25527260052861],[112.30960806186897,45.260134368392166],[112.2938505732605,45.26045263056074],[112.15919214535869,45.260416965009256],[112.12146895333393,45.26920350572932],[112.07628957553023,45.276834390982856],[112.02989208575111,45.279060166598036],[111.98356988465022,45.27581842296737],[111.84857263714864,45.25819902144421],[111.79871869669341,45.2482237480511],[111.75229044752285,45.23193611977146],[111.71088576699887,45.20989711154984],[111.56382684500943,45.11515253985251],[111.52302982877693,45.08226738173616],[111.45352303187546,45.01177868467404],[111.44201726768648,44.99909021620074],[111.38203467250045,44.92695077374732],[111.35805541118958,44.88975282436045],[111.2848026243708,44.73533782725358],[111.2769482941624,44.71530868883756],[111.24703332373532,44.61974993645764],[111.23525064566222,44.59235357245364],[111.17476297627744,44.5208438148261],[111.14980117176913,44.482589314097204],[111.13675832660353,44.44145865911481],[111.12829354900295,44.3895302783997],[111.12694205090152,44.354700870748566],[111.13415116645886,44.32027209955209],[111.14968282972015,44.28731384651135],[111.17718085929414,44.24244248596945],[111.2145779048642,44.198250046286205],[111.23821170685991,44.177160331887244],[111.25660566498469,44.13379375514158],[111.27264972471626,44.10454869925802],[111.29494825228728,44.07752735927565],[111.37802807848485,43.99290430372054],[111.39702844811531,43.97565661163505],[111.47824150222455,43.90977107085238],[111.49337992554224,43.89842243215347],[111.60549505326973,43.820705784533885],[111.56392963357821,43.79250953171777],[111.51897371532296,43.754384581174335],[111.44835242288543,43.702403354029116],[111.41521214336089,43.67866148046282],[111.38865858218509,43.67148040158887],[111.34018960636008,43.65496150068846],[111.0921413614342,43.577143465881186],[111.00475883348835,43.55689283441187],[110.97095290862373,43.5471963573812],[110.89147578616804,43.51978407928369],[110.839688629606,43.496413557322896],[110.79634835667338,43.46527053597846],[110.7049299328233,43.38280034439676],[110.6337744787285,43.32204417951536],[110.62791837660087,43.31686177872327],[110.5369888597386,43.233405419945775],[110.53639807164349,43.23286025130859],[110.49649689068164,43.19587784267811],[110.48835006495207,43.18791787957808],[110.41289240294228,43.11007364222699],[110.31387921280817,43.02137925031391],[110.2563187604526,42.971526633361385],[110.24844083533439,42.96436514153657],[110.21634808962726,42.933742655748475],[110.21621744235028,42.93359422362143],[110.19423705390295,42.92748261405573],[110.17232933594511,42.92056125965674],[110.08029584640812,42.88782258280587],[109.95314714995912,42.842574807998375],[109.76578830047026,42.79145365516353],[109.75080965063323,42.78697070884562],[109.58969529642701,42.73439890646166],[109.56532221999878,42.72530491546742],[109.47066599240966,42.68535182324069],[109.35392799699024,42.64352143763256],[109.31204993936132,42.63639980016071],[109.1358985070038,42.638247155972294],[109.1128632090741,42.63774147529266],[108.8552051103491,42.62361983215745],[108.6948448226061,42.61478066314701],[108.58061772624887,42.62546804028725],[108.56017778663136,42.62678598830064],[108.35265208703493,42.634097474188934],[108.19497180465844,42.644316028438055],[108.15061172761501,42.64444244435364],[108.1068186772822,42.63916697778376],[108.01521314468712,42.62225398525154],[107.77611275417014,42.60234788097443],[107.77583488526638,42.602324365843664],[107.71843679908739,42.59743099592005],[107.7093049427409,42.59653257368307],[107.25161406871631,42.54469519955401],[107.244176738236,42.54375902306679],[107.05426288511828,42.51765813188829],[106.88153143073646,42.505828559533136],[106.85409337046114,42.50286243056776],[106.71766853219185,42.48264386292886],[106.66233604853144,42.469655218848445],[106.58678399828746,42.44492802896416],[106.48218042210056,42.41169718981679],[106.43013018420966,42.39809114910151],[106.40468622655321,42.39031895175837],[106.20671897057872,42.320566353055845],[105.7601891944972,42.1749308649793],[105.7434154385683,42.16888685168334],[105.44166471379009,42.04969443816733],[105.43782485197099,42.048139889232466],[105.38854020858724,42.027777860854954],[105.2028628101792,41.9509653714343],[105.10384151721846,41.92320587325522],[105.06192485703312,41.908178389758575],[105.02418930948834,41.88791624918462],[104.99179754373291,41.86304583503734],[104.95382551633391,41.82820866229956],[104.94155138039996,41.832078204798265],[104.89633274402142,41.83976997417577],[104.85000277624638,41.84144366188543],[104.77981872855491,41.83935469895043],[104.76333370397163,41.84041912494903],[104.76347873814022,41.87675058656183],[104.75845695569414,41.9156501574377],[104.74326512293032,41.95305137247009],[104.71848096397324,41.98749142435983],[104.68506142939944,42.01762123943252],[104.64430694831361,42.04225893596242],[104.59781126250539,42.060436916874515],[104.54739870055445,42.07144060638563],[104.49505141733034,42.07483716391819],[104.44282968337855,42.07049292253418],[104.24961579185789,42.03961098825663],[103.9416940270121,41.99043873565116],[103.75071854692592,41.96004533458035],[103.57516825239341,42.03019254167943],[103.3730582773262,42.11105615335965],[103.19772467501326,42.18061485373416],[103.13346279088984,42.19857608648563],[102.867071955531,42.24468321488245],[102.63515002633743,42.28481588761024],[102.63098714001367,42.285505939723016],[102.23681363676823,42.3477101287819],[102.13151149355289,42.38085068929299],[102.08894423659552,42.41588896975754],[101.93242319576126,42.579974304255224],[101.88858667224892,42.61561903924444],[101.83464577515267,42.64992273462386],[101.79829004364066,42.669360922026826],[101.75803577981796,42.68405426574902],[101.67698074307528,42.70760147074499],[101.64309816928186,42.71556331707156],[101.55907457163343,42.73083856514372],[101.49340805231714,42.736569701485884],[101.32349064002351,42.73574910482886],[101.12318770574866,42.74786482361408],[100.8131926505796,42.783233891587585],[100.5617078202636,42.811993593193876],[100.13002917126609,42.865789724157146],[100.10927388174878,42.86773186578631],[100.00642336947129,42.87433744409634],[99.95736169837885,42.87416563263795],[99.90918547498792,42.86744338468859],[99.68262517294967,42.81948356931347],[99.44609519348428,42.76950338227196],[98.98025191813191,42.81228216338402],[98.75108843865777,42.83463609852587],[98.28290377030696,42.88040861787131],[97.75468020815538,42.93201649141069],[97.2417877313136,42.98543801189881],[97.17620060977818,42.986221272271976],[96.8029057907144,42.956597979864],[96.59504576157391,42.940161282066924],[96.58890558018027,42.939618093881705],[96.58337812884075,42.93908159844005],[96.5502988340335,43.00061659615485],[96.52076359244735,43.041020658298464],[96.47929636166562,43.075398448690294],[96.36585658920612,43.149795179113546],[96.29243165690211,43.217944606228],[96.2613254583427,43.24226075275125],[96.12740644992711,43.3305342301917],[96.12268478315471,43.33676229492952],[96.1117070569105,43.405760035098666],[96.09440011701388,43.45581058459616],[95.94220974891796,43.73363815912426],[95.84822799111508,43.92048846169608],[95.84103674556333,43.93332009453677],[95.81713085809103,43.9719943674669],[95.8136469368924,43.977405627021575],[95.7722232293992,44.039211459252265],[95.74093977722536,44.07532316273649],[95.69963931311396,44.10581907052857],[95.64529021991156,44.138119406532],[95.61319024265966,44.15313522516479],[95.61376020929319,44.15592739002503],[95.63368162819737,44.21212712726513],[95.6420204026647,44.25441085464708],[95.63745445409045,44.29704184753899],[95.62017205720646,44.33801896173648],[95.5909621755498,44.37541513677164],[95.57448416253992,44.39199822352875],[95.53655709758333,44.42282016225945],[95.49055958644351,44.44740498539694],[95.43847811748415,44.464687634686854],[95.38256924899257,44.47391904823922],[95.32525980499918,44.474699340964335],[95.08123010428744,44.45958065630987],[94.96318166022097,44.48773993043082],[94.85323413290197,44.521671539479065],[94.66384521707228,44.62761020111568],[94.61872875877191,44.64811554368528],[94.53284047558908,44.67927774287834],[94.401095466952,44.77952498306292],[94.35565505203931,44.8073274622622],[94.3029156265042,44.82760234152708],[94.2453355808295,44.839403621870474],[94.07179804495578,44.86084084526529],[94.06781574356197,44.86302853522331],[93.97817190066321,44.94879468991746],[93.95023680721368,44.97161439843307],[93.85137978888213,45.04080855583397],[93.81183717934545,45.063799428003435],[93.76705534043762,45.08133230770953],[93.6264616621041,45.1249463751863],[93.58142459967397,45.13577182413983],[93.35886653123136,45.17453182041745],[93.33112531942996,45.17830046784745],[92.95654938881847,45.214895302234936],[92.83295780449991,45.22989800368568],[92.7863153458437,45.23273719480705],[92.73971837197338,45.23005383775689],[92.55068128772479,45.20764960661495],[92.43961659698199,45.20616588206167],[92.23521997832934,45.22754945674608],[92.11518139705763,45.25545890658856],[92.07285921813816,45.26277028289923],[92.02948847568898,45.265379614015444],[91.85195302738005,45.26618383788359],[91.84919706829417,45.26618483776793],[91.7444566937536,45.26581635380262],[91.64715208205257,45.270614089901606],[91.62922698067464,45.275850863912545],[91.57329009268615,45.29733210728925],[91.5240108577445,45.31216124554551],[91.47168635556169,45.3201550222414],[91.41823709818371,45.32102097916586],[91.36096430791135,45.31807747547213],[91.31616102192149,45.34442360252407],[91.27781990543465,45.363394176007795],[91.23555843578983,45.37765176579676],[91.14761835320893,45.401195708788094],[91.09527621139345,45.41126597086366],[91.05116208747073,45.413582239113644],[91.02948037655862,45.43963723532078],[91.02525698598382,45.45489847138883],[91.00835009978796,45.493892437356756],[90.98035150915847,45.529691988510436],[90.94925974666961,45.56121780960515],[90.9497450487531,45.564897401693344],[90.97906721136256,45.665336514568565],[91.0226677868011,45.7270083056327],[91.03150920025223,45.73198061551311],[91.06219163413077,45.752078033983835],[91.08819209988553,45.77516975442665],[91.11639470522913,45.80451984994722],[91.18180386837037,45.861416177612085],[91.20559193241907,45.88561950096032],[91.24774124971835,45.9362769418922],[91.26995950164742,45.97000751925026],[91.28260179500738,46.0061025752149],[91.28519801074034,46.04327173634458],[91.28055158279074,46.112486098271056],[91.27254415477132,46.15060682432938],[91.25396599807019,46.18699208593225],[91.21599738719434,46.24314834554503],[91.20505695304851,46.27185781142525],[91.21878368395001,46.28819268376538],[91.24439395314259,46.32861423173877],[91.30742679019522,46.46952298021868],[91.31849020233491,46.50668879451042],[91.3189361058547,46.54469943416037],[91.3141360624659,46.58177806074798],[91.30223168302037,46.62305357706714],[91.2863146692626,46.64830137508285],[91.28409539746934,46.671961118677245],[91.2835122174171,46.67711697074716],[91.27183461555545,46.76510088730786],[91.25425097809533,46.817265070627684],[91.1795715207594,46.95167308722921],[91.17910722809354,46.95250067981017],[91.13875483227727,47.023837042894016],[91.11052702166604,47.061276936104186],[91.07131904082246,47.093871038352155],[91.02290550722465,47.12013144539406],[90.95186510800539,47.15087400627478],[90.92107456377562,47.160800023650836],[90.90095011512743,47.18780599564664],[90.89782867484874,47.1918750622304],[90.80777069164527,47.30574247333194],[90.7652192297007,47.35940608080874],[90.76359941248332,47.363029741041416],[90.75737907740566,47.42054413532018],[90.74629023207717,47.461831591040436],[90.70442802619498,47.55788872345259],[90.6779950669203,47.59986514064997],[90.63459116106422,47.65133522795754],[90.6251658672796,47.6628518567761],[90.61743394669676,47.69010606377034],[90.60507529903306,47.720372702093556],[90.58573968419955,47.748992531573755],[90.56841746796349,47.77002540641411],[90.5366756705046,47.80116585740927],[90.49673927595883,47.827748059636754],[90.45006444299413,47.848796992980006],[90.39836072064466,47.86354006328407],[90.34447860508557,47.87497582808924],[90.34237300087935,47.88290225475056],[90.32674443678293,47.92014977599091],[90.30057026212518,47.95472183442068],[90.27465738922153,47.98197205160037],[90.23688451698904,48.013921012659004],[90.19018124548047,48.040082240621516],[90.13653487466149,48.05933797112865],[90.07823731823339,48.07086512099755],[90.00875608826817,48.07952355738266],[89.95552741230489,48.0828462578619],[89.90240532910823,48.07967635526605],[89.85115720372026,48.070120216736356],[89.8423471246024,48.06723466855606],[89.81869688796647,48.09628433587052],[89.78245230086262,48.1312715426004],[89.73588159238278,48.16035870007407],[89.68114408672143,48.182190007667934],[89.5991769191998,48.207353896776546],[89.53259981578721,48.22173078506401],[89.46301130139723,48.22531164013627],[89.31316174371436,48.22106970038713],[89.25338996696293,48.21518837797287],[89.19687393890621,48.20126844687146],[89.1714570728603,48.19291234801414],[89.13458162656659,48.21998448898954],[89.0903212075685,48.24658351750989],[89.03904972277,48.26682017180641],[88.98284612753025,48.27987299100418],[88.95457898531149,48.284388011012645],[88.86202796448629,48.32512564454889],[88.8618970287038,48.32659189481815],[88.85265049984211,48.36505950796983],[88.83216040459472,48.40166863063472],[88.78268356505463,48.468822019054784],[88.74893002985308,48.50445109955184],[88.70459817380288,48.53463810334116],[88.65169783662728,48.5580056312986],[88.592639808088,48.5734866609245],[88.5657659644999,48.57842781844636],[88.51806202042306,48.609945922647846],[88.46747333285877,48.6368322422858],[88.40940734682025,48.65594729366945],[88.35246514817774,48.66985426257955],[88.35784602369571,48.70619379921172],[88.35070757400086,48.747319575785625],[88.33063761759303,48.78667556164098],[88.2985035334273,48.822508869387796],[88.26641897163944,48.85098793622432],[88.22014762099207,48.88365840617363],[88.16400031004918,48.908768935022024],[88.14906088436305,48.91394859055549],[88.15113615803607,48.91786753302673],[88.16362674327301,48.952467461141666],[88.17119506854496,48.98694920786082],[88.16929003221117,49.02185991440209],[88.15795358068299,49.05609218669077],[88.13752840543786,49.08855823657878],[88.12402132851958,49.10243911174666],[88.12530561651607,49.112314872839306],[88.1219126297163,49.14299707127078],[88.1112240282435,49.18902927581798],[88.09735525217611,49.22521525329325],[88.07328190849957,49.25914915796845],[88.03985452620277,49.289606861642376],[87.99826709198092,49.31548808279494],[87.95001508533765,49.335856872465385],[87.89684145604053,49.34997619966992],[87.84067252215809,49.35733525126869],[87.78872100434965,49.36085165633188],[87.729184169923,49.36101924871956],[87.6709622274789,49.35355068893534],[87.58396521460138,49.336341209104766],[87.49941771442849,49.322648170234956],[87.49873146117989,49.32253622153458],[87.43779142151698,49.312529413896875],[87.3798740610644,49.298685129764905],[87.34827602667833,49.28574611454374],[87.32006804229361,49.291827098694846],[87.23555089382563,49.30170270875881],[87.0534263922588,49.305729877179964],[86.99302627836028,49.30304341160794],[86.88209652999085,49.29062409309635],[86.87265692325826,49.28946071644296],[86.82043147640051,49.282442771062236],[86.75395362473029,49.2679817584557],[86.69477599160805,49.24378206092166],[86.61708954258958,49.202796192498795],[86.58148962848053,49.18048831040139],[86.52637660107092,49.1395260428979],[86.48562951091205,49.10026445416687],[86.46088913353627,49.0555682151167],[86.43675344614748,48.986049478159444],[86.42941293773349,48.940899074557855],[86.43821578666733,48.895683218522805],[86.4533409251545,48.85558116976449],[86.43206612514098,48.76618296741627],[86.41166726165476,48.742847479511084],[86.35078123886439,48.68569715451774],[86.2924977910744,48.675596121468374],[86.24707865703583,48.66501332213743],[86.16728458017016,48.64134689829198],[86.00342629805128,48.61719843927354],[85.79359236404592,48.60260263321238],[85.7499461748076,48.5973150080075],[85.70811138474475,48.58777276076011],[85.62744458112789,48.56468742544079],[85.57017045809987,48.54285092589424],[85.52199959256637,48.51305671144096],[85.48535712713185,48.47681663513517],[85.42842296107125,48.40347220543272],[85.42061642582846,48.392568495095304],[85.38026288968517,48.33121863994026],[85.37293003082925,48.318915007016294],[85.34795661403409,48.27233979228899],[85.34169207480774,48.259164458500564],[85.27840087679286,48.106917050201204],[85.27224604816766,48.08867294361823],[85.23664010445975,47.9524022295596],[85.23236091112977,47.92177506919621],[85.23537006579188,47.891003457964985],[85.27094934894063,47.72628717977794],[85.29635127531915,47.553594750917554],[85.2952542383283,47.49966379650739],[85.29992650740745,47.46194243729547],[85.3152929096015,47.42541654522274],[85.36775883810887,47.33465855382695],[85.37031938847996,47.32932502808525],[85.35034262580884,47.312599680822295],[85.32414300712986,47.28651010161897],[85.30463388645174,47.25784558320222],[85.29449618660588,47.23899639079675],[85.19293168085326,47.23033731516452],[85.13653688971378,47.221533884791846],[85.08407106622504,47.20528328224277],[85.03765276939536,47.18224437662959],[84.92234076322605,47.111596963570975],[84.89210289813143,47.095586249781356],[84.86088677950895,47.11507639848825],[84.82067304030394,47.13612935555663],[84.77572473740777,47.15217987421438],[84.72742126197674,47.162735380798125],[84.67724782849538,47.16747221756685],[84.60267035137798,47.17005033791817],[84.59392794175581,47.17026066268427],[84.55353678048867,47.17081361669117],[84.37879755999688,47.18913663258473],[84.329730628879,47.191402980341316],[84.2055709930341,47.189950729361435],[84.13933395960038,47.1839107123387],[84.06538478275154,47.171092344095484],[84.02704509765272,47.168156903159236],[83.90004704664204,47.1870377189859],[83.80583104490137,47.20543491628667],[83.75190328780305,47.22039080884036],[83.57174236400061,47.28224083282785],[83.56231291044497,47.28532620963645],[83.31112484684517,47.363446774280746],[83.28037871798213,47.37159228868718],[83.17731693187582,47.39444540054236],[83.11782357640831,47.40314525952071],[83.05712458110101,47.40338700810652],[82.99788773405511,47.39516210179067],[82.94271371538471,47.37883374389363],[82.8817713801167,47.355317112872136],[82.83948988987137,47.335332960684894],[82.80336419184627,47.310541107244646],[82.77455365895983,47.28174427711564],[82.7539765008988,47.24987310948592],[82.74228130640914,47.21595562715658],[82.73313681663251,47.17146774931241],[82.73175044671821,47.16351075896474],[82.71884497163013,47.07335358827809],[82.6992856683732,47.02760914468844],[82.52827050027294,46.69034573352646],[82.52532197686764,46.68416606716838],[82.42236742599107,46.454604360311265],[82.29107548484018,46.23451627296228],[82.27536067741752,46.19814221950349],[82.23514903628616,46.053860027394556],[82.16133887841693,45.87737927569068],[82.0854462768811,45.7456443602508],[82.07709182029178,45.72889875632665],[82.04452638820146,45.65224091720528],[82.03381310133707,45.61018915238377],[82.03093747675356,45.578992623871414],[82.0376784398925,45.52248623669692],[82.05231628071462,45.47873367434226],[82.07189376312215,45.43951533606825],[82.10289747470783,45.403923015535604],[82.11547512391816,45.39461667711804],[82.05304875813921,45.38406541748618],[82.02576992563415,45.37840436545237],[82.02003835090585,45.37698846474036],[82.01069254861419,45.394749657604024],[81.97884960093808,45.42991152080538],[81.93705971374303,45.45971660483867],[81.8700818561918,45.49833311194751],[81.82127028157544,45.52099685457933],[81.76684141498677,45.53624426449782],[81.70915975069049,45.54341411619722],[81.65073437040358,45.54219656375503],[81.59410669022091,45.532646658550625],[81.5417367616821,45.515181530486196],[81.47765194145524,45.48769336789259],[81.23863609032146,45.42975913395054],[81.23293023383137,45.42832093102714],[80.94630277327356,45.35320842925331],[80.82452808151218,45.32724644555754],[80.81059793473523,45.32842754269909],[80.75164436294484,45.3290994044805],[80.60587057156849,45.31999476229324],[80.56430336970469,45.31515601981465],[80.4383651538457,45.293519989783306],[80.39003723341186,45.28181052913301],[80.31108111115199,45.25674075377192],[80.1505312491111,45.22132463262424],[79.99164627678749,45.19538064767967],[79.93243374289179,45.18056296284192],[79.87973375412464,45.156859554802445],[79.77071499343856,45.09434115500107],[79.74174728222931,45.07504937464468],[79.66351158694286,45.01461772960379],[79.62970984763395,44.982156576567064],[79.60640667429611,44.94545661189562],[79.59458985637173,44.90610693199],[79.59474648207639,44.865807712747525],[79.59826743647203,44.84287548064772],[79.60846678925294,44.807586252517076],[79.62778239915626,44.77412856088262],[79.65554119453878,44.743644315422905],[79.69078612336475,44.71717267592162],[79.74756653818122,44.681610373178664],[79.7884522263694,44.66028208995637],[79.85335359056349,44.632370277556106],[79.90591634624658,44.61468109654029],[79.96244107366877,44.60495890005396],[80.02047543263953,44.60362751984951],[80.08934272905209,44.60707228846234],[80.07965005152442,44.57620857391657],[80.0614251487558,44.462587677241494],[80.06167138940833,44.417719447830116],[80.0799854335713,44.31022401469684],[80.08883405844219,44.22656716361348],[80.08450521676707,44.1897360698773],[80.083707379185,44.179939906480236],[80.08033252352767,44.10593774614409],[80.08342252208331,44.06995851653447],[80.09585485885474,44.03492829984325],[80.11718774342489,44.00204950545975],[80.13977282113169,43.974268127367196],[80.16649717503054,43.9036770446143],[80.18576057894322,43.86745233163618],[80.21468247936731,43.83455760037277],[80.25113302070338,43.800929342430734],[80.33456433473725,43.6251183830385],[80.33494374344743,43.624321218422224],[80.39023952423827,43.508642457303644],[80.41817825918008,43.437252974525954],[80.41015667189008,43.42163189562576],[80.39686792653748,43.384876051238514],[80.39389488290276,43.34690779654108],[80.39642215137553,43.30400967004972],[80.4040827319011,43.267527890979494],[80.37940762167788,43.25796836510899],[80.26531711461037,43.216212027885575],[80.21777405870209,43.19391799608042],[80.1779236608209,43.16493780334222],[80.14752810524702,43.13056353311961],[80.13188249940826,43.10783321634128],[80.11419611392154,43.074739404953064],[80.10525424411858,43.03983354843897],[80.10213851875712,43.01503105586935],[80.10395470398392,42.969160051976985],[80.10689448181364,42.961363119374425],[80.08620699585467,42.95235086618643],[80.04558009149301,42.924880939130865],[80.01381218329345,42.891920098194845],[79.96595970346844,42.82904871375815],[79.95107623115223,42.8059617720002],[79.91412615783938,42.736960398867204],[79.90211344427385,42.70785645826476],[79.89657499328047,42.67771889187979],[79.89362005468747,42.637737770695985],[79.89517468296148,42.60410147644553],[79.91298518983785,42.49700336332888],[79.91464138727322,42.48857159305942],[79.94156404355414,42.36972972371507],[79.94863213370178,42.34701486838192],[79.97458656436262,42.281830213092405],[79.95979659261324,42.260326524442505],[79.94599047409845,42.22292649698168],[79.94505273978271,42.21184135916508],[79.88655298433501,42.20843709717521],[79.8131676526483,42.19636309882941],[79.74378368657142,42.17705371549171],[79.70248605754558,42.16243411116034],[79.6653320569108,42.14283856910772],[79.63343143440495,42.118855855483545],[79.60773310469537,42.09120531232529],[79.57872840209744,42.053231742929626],[79.40656242085814,42.00194328992349],[79.31067535185798,41.976306162708134],[79.30219637136601,41.97654654628673],[79.25121115561531,41.974401295633534],[79.20180494396476,41.96516826471348],[79.15581394596617,41.949192562490964],[79.01635854404192,41.887902358369836],[78.61591309477704,41.73066332875109],[78.59181862738843,41.71988244725178],[78.40138606795661,41.62374465503426],[78.31061095846869,41.5856214609275],[78.2800215885599,41.57056636325164],[78.19951954407753,41.52455098284088],[78.16607282611297,41.501690695422106],[78.13857792219846,41.47490966901533],[78.11785888044427,41.44501936963141],[78.10453197389808,41.41292391698619],[78.09114150076762,41.3664770353736],[78.08932126537171,41.35575505939975],[77.97661539788103,41.251321732860376],[77.93497282983552,41.24507390770125],[77.82620738115868,41.248821734760355],[77.76574273202347,41.245720987993835],[77.70793382608583,41.23249591064469],[77.62581999234324,41.205656643594835],[77.5534736892877,41.18905352001674],[77.30808000933807,41.20670396235401],[77.27032392741175,41.20737122650324],[77.200377476152,41.20487843878875],[77.03614987034287,41.2286863371176],[76.9778383976521,41.232216150682746],[76.91997001491686,41.226171640211234],[76.84087373439225,41.211114011904314],[76.7985958457102,41.2001298595254],[76.7595276306112,41.18400299743387],[76.67576820984567,41.14204018532443],[76.64236240348417,41.12212406819361],[76.61387813577588,41.09844198120265],[76.59107982663565,41.0716353695167],[76.49146676632971,40.92942494485396],[76.46693319504288,40.90938681921668],[76.4403098050506,40.88352784125845],[76.41998373936578,40.85472247264966],[76.39882246481355,40.81728891663113],[76.38203311951978,40.77370866541172],[76.36897667281319,40.71363726304875],[76.34391887662431,40.66543245735769],[76.30482687563773,40.61953961349245],[76.27550490185335,40.623203742250396],[76.22425619380677,40.62205908482382],[76.1743401231804,40.613490666420255],[76.12770243934047,40.597834746072145],[76.08376544736637,40.57899510628244],[76.05774356148473,40.58035400491595],[76.01342029548128,40.57701955064358],[75.97054265711925,40.56812499204221],[75.91241947423164,40.55195087891614],[75.87619875932442,40.53785474243705],[75.87472482294409,40.545105337223006],[75.86801725594886,40.568291074938934],[75.83440621437857,40.657119299700376],[75.81812498619564,40.68893249371062],[75.79451886996921,40.718147480938576],[75.76431741695666,40.743851378300555],[75.73636617602747,40.76376680151481],[75.68970582488888,40.790204401129955],[75.63621244990914,40.808272703451884],[75.57861100403134,40.81705247039109],[75.54374445327159,40.819391496703766],[75.49759157461372,40.81945760131144],[75.45217165462711,40.81352479948518],[75.4089112388657,40.80178103142401],[75.36916678275219,40.78459653786835],[75.1270637297356,40.65696222986832],[75.06843382450846,40.64510053637423],[75.05016250099699,40.64431158562539],[74.96761794829236,40.67041699867742],[74.91446323029504,40.682439044227536],[74.85907909495421,40.68586337231519],[74.80399955291756,40.680535857667024],[74.75174292129695,40.66670285075511],[74.72122601438413,40.655776856117534],[74.66892338400152,40.63092297180903],[74.62616273801407,40.59760444184617],[74.60219034864289,40.57373773475377],[74.57538144642497,40.54046676457173],[74.55816989307175,40.503889682924495],[74.54925372885403,40.47619119468835],[74.52030442476129,40.46250586213692],[74.45348584996552,40.42397934785577],[74.43882706560602,40.414854372005166],[74.27574530647395,40.3052238268223],[74.17857755839161,40.279230751506105],[74.04589381029335,40.2642342944185],[74.00805293046272,40.25774798244425],[73.94326534076863,40.24274393709736],[73.90188225202891,40.23013870568733],[73.86406389597883,40.21243365041612],[73.83514663763054,40.19613128415925],[73.7995646861573,40.1718440092405],[73.77071773413998,40.14306677471642],[73.71805902432155,40.07867774205115],[73.6987777053019,40.04988314222785],[73.6460803927064,39.95110359009675],[73.62397235949068,39.91238979782461],[73.60903783023018,39.89190468583129],[73.58943380256076,39.857298186292105],[73.57925749160728,39.82051510213777],[73.5788827033239,39.782963876432184],[73.58341051327925,39.745687896733976],[73.59073221740883,39.714412689537426],[73.60484795965523,39.684467077322495],[73.62536501833874,39.65666714433022],[73.6351472144039,39.64566642388976],[73.57836481142432,39.63660051996409],[73.52852092134769,39.62453996642431],[73.48299877964673,39.60516344981703],[73.44369728096893,39.57928380668239],[73.4122494474134,39.54798424113814],[73.3899546975211,39.512572077101574],[73.37772616434823,39.474523396185944],[73.37605501991504,39.4354210302447],[73.3794379286965,39.39924331546102],[73.36957793421423,39.32321199762532],[73.35554537019476,39.26131897700277],[73.3521578743023,39.220745962632115],[73.36020850177074,39.18056410662497],[73.3793182295977,39.14257207150932],[73.46265640594369,39.01811935864089],[73.47881461441467,38.99729496500813],[73.48946878687082,38.98535233420851]]]}},{"type":"Feature","properties":{"name":"Myanmar"},"geometry":{"type":"Polygon","coordinates":[[[92.05909434916963,20.978624513107444],[92.06187231219852,20.96095522454882],[92.07973554255013,20.887885324796652],[92.08686585712262,20.86510084589044],[92.10592042358483,20.815461541870597],[92.11511443210381,20.761198482115176],[92.1274870035969,20.71903628766051],[92.14946059584696,20.680437251083617],[92.20369679215214,20.606224191715487],[92.21881347670603,20.587919703292116],[92.43742243811047,20.3524205417725],[92.54344591397508,20.191780506596483],[92.5682734264305,20.161204155431967],[92.59581667039059,20.13829046418357],[92.59703292557225,20.134598332043144],[92.61725254495427,20.09987512778678],[92.6444231234848,20.069618302092866],[92.68152640534338,20.03581004505046],[92.70252341442107,20.019389626305596],[92.70219513276814,20.003924972507097],[92.70636389115333,19.9606317760687],[92.72049780565717,19.91923679568199],[92.78311625248439,19.787522481249276],[92.80631131225957,19.750237734937667],[92.83754826748489,19.718572688377044],[92.88557968127981,19.679447187673603],[92.92008400892887,19.656593830449914],[92.95873494728654,19.64067969520386],[92.99997841825807,19.632344608142105],[93.04215711028979,19.631923789940753],[93.08357639986147,19.63943447512978],[93.12257171586168,19.65457517466685],[93.12941802693243,19.658910913661696],[93.1659763590273,19.654847371210852],[93.20588472265578,19.653997246830766],[93.24524463753909,19.66025902503784],[93.28263992100715,19.673407681903353],[93.28711289665368,19.675975535105632],[93.3134313120185,19.651966048712328],[93.38205430100982,19.6003540433851],[93.41712027602227,19.57896644629905],[93.43362809576587,19.57283493825506],[93.40000708385398,19.552395935573784],[93.3624967901401,19.52429167500945],[93.33245255165987,19.496724156955754],[93.30883520275556,19.46407608669717],[93.29258515848687,19.427653447525675],[93.2843467698311,19.388912208635027],[93.28444330817166,19.349399912256683],[93.2928649569397,19.310693764422762],[93.30927014580955,19.274337719278773],[93.414479455364,19.09344431085353],[93.42083763079866,19.083233803797427],[93.43728289240222,19.058540933137238],[93.41115036686573,19.051640278196473],[93.37351204661842,19.033338266408304],[93.34054979894664,19.008249851445996],[93.31361277872045,18.977404066232346],[93.29380124645988,18.942065313607912],[93.2819218177374,18.90368119821703],[93.27845508129278,18.86382295962894],[93.28353680756871,18.824121000842528],[93.29695337319325,18.786198181326153],[93.31815142939433,18.75160360480018],[93.40061736334238,18.64372252492981],[93.43464155106243,18.608880184181167],[93.53870881316303,18.525068891741896],[93.57299824826488,18.502604213603508],[93.61130856234618,18.487042373182028],[93.65211455013241,18.47900280853975],[93.6937925785268,18.478805615788236],[93.73468456381718,18.486458902092323],[93.77316326878052,18.501658424901578],[93.78994886557821,18.510241903182163],[93.82312506903789,18.531314806257008],[93.85146813829387,18.557987571343094],[93.87901879257613,18.58941012582286],[93.90335868351181,18.623989053096764],[93.91954256427228,18.662620763189814],[93.93140403964752,18.702806143904056],[93.95135486060622,18.70324215853785],[93.96718335686538,18.690093888711665],[93.96761882374247,18.689789643531515],[93.97516543321163,18.662861709742245],[93.99374924896698,18.627343884883],[94.05091918791236,18.540992113160208],[94.05887839315524,18.48215464765417],[94.06657803680316,18.448617456488684],[94.08027124293575,18.416847625603644],[94.23042723438753,18.139276059062947],[94.28917807214955,17.793179665310557],[94.29653528751088,17.764013901705766],[94.30843668732548,17.7362434815752],[94.36249338552233,17.633132947538197],[94.37951688072337,17.557179151507746],[94.3613089145992,17.361011412562533],[94.31301925960103,17.262994963303484],[94.29957136646043,17.24322511785415],[94.27813804210108,17.20180232358315],[94.26735261590004,17.15676456467606],[94.25157501018515,17.017482724887284],[94.22120259440514,16.96738740805198],[94.20647155605477,16.93761384416073],[94.19711115439272,16.905917202423577],[94.15394359960592,16.69326171956503],[94.14891875301971,16.680165522986936],[94.12380018820093,16.655544419908956],[94.09674794158701,16.622687836516025],[94.0775176988516,16.585116647142332],[94.06696580376045,16.544514144236587],[94.01036303980865,16.15379744586851],[94.00913563781477,16.10989100279646],[94.01882457921245,15.999750602754723],[94.02606675951392,15.961873074625677],[94.04080192836254,15.926068452326895],[94.06246798680043,15.893692831927252],[94.09024151887533,15.865971793398108],[94.12306927091716,15.843954260778153],[94.15970808081272,15.828473079606447],[94.19877174735993,15.820113753814766],[94.20863596322457,15.818955775154159],[94.20892896200417,15.817187832104777],[94.21949533002093,15.778772078900344],[94.23782263350344,15.743169880212363],[94.2631678986014,15.711816659986445],[94.29450664561381,15.685975892467138],[94.33057441219896,15.666688494668888],[94.36991764528362,15.654731197553343],[94.41095193525247,15.650585513661213],[94.45202531439584,15.654418502710843],[94.49148417031574,15.666076079616225],[94.52773923631587,15.685089126977749],[94.5593291160089,15.710692182262825],[94.56262613165848,15.714698434422818],[94.57835221139253,15.693265897563114],[94.58821683994994,15.682335947846806],[94.61991319876238,15.65391601445418],[94.65708888502681,15.632530106798878],[94.69807314452257,15.614286490460612],[94.73524831078304,15.601741843666783],[94.77422759640316,15.596264770481424],[94.81357972723794,15.598056476721663],[94.8518598038552,15.607051332946273],[94.88766188150785,15.622919239935277],[94.89273139296812,15.626429383500845],[94.9331210725702,15.620642756349522],[94.97496147414282,15.62292918634914],[95.08002680604315,15.639108418966106],[95.14310901219339,15.6304842120181],[95.16661733316987,15.606877887138413],[95.19663535079549,15.585988329656193],[95.24357890269356,15.559158280193973],[95.2780337400438,15.543425324532931],[95.31491220208488,15.534102804779042],[95.35598494714037,15.527566028437121],[95.39626700121771,15.525026709494092],[95.4362901217099,15.530131475713576],[95.47450989832795,15.542683497415936],[95.50945085786609,15.56219855798592],[95.67550023147126,15.677181579050579],[95.71159359755111,15.709055697710705],[95.83545522558312,15.847871494812818],[95.85906446810566,15.880400161215134],[95.87546338380324,15.916805024023603],[95.90208423052813,15.99710891465438],[95.90829513794196,16.008548367565172],[96.08080207959233,16.067145308737544],[96.12263685095198,16.086683032062773],[96.15885220511063,16.114744093373133],[96.18760025637903,16.14989916832925],[96.18930792648315,16.152558083926383],[96.21886827302973,16.161806631733636],[96.37675274372596,16.229266421558226],[96.41541686201339,16.25086194642526],[96.4483274122408,16.279957913191062],[96.47666576509496,16.311100701043465],[96.5331848262161,16.318152171837557],[96.5906721843351,16.3336838002725],[96.70640124758688,16.38319363404817],[96.74210891381193,16.402757570181524],[96.77306928575,16.428728031811033],[96.9160526634641,16.575050717024144],[96.93953481075106,16.604020687949717],[96.98478807746129,16.671996054633723],[97.00749014129337,16.71841764890313],[97.03095894285319,16.788985727663825],[97.07303395821637,16.676508940864938],[97.08884296041012,16.6438997285138],[97.11054223383576,16.61456818038429],[97.14517142231405,16.57575915963086],[97.1777314034589,16.468016569406952],[97.19185634164762,16.433638349574984],[97.2123910667849,16.402376947093515],[97.23861744504764,16.37532088098705],[97.26962033385179,16.353411768233155],[97.27034008978085,16.353079976310557],[97.27482577947085,16.291954129602406],[97.28226543409201,16.25142626171358],[97.2982684383061,16.21325070181823],[97.32213824423106,16.17907703975935],[97.37899258609474,16.113547928905533],[97.39123186122453,16.10204705525448],[97.38223770691712,16.057077332703372],[97.37855252165141,16.02203900225518],[97.38138639234506,15.986926199903115],[97.3906459447915,15.952851278875828],[97.40603461281297,15.920893084775296],[97.42706242952688,15.892062881074516],[97.51494579337789,15.791787742273707],[97.56578292838876,15.440495046619402],[97.54424301571986,15.352323461095695],[97.53880209890968,15.309833772338663],[97.5429600038935,15.267206364090908],[97.55651586880515,15.226437047191594],[97.59661493211436,15.139456979475339],[97.60795319925491,14.8515936727204],[97.61338601963017,14.813210212216879],[97.62644077799357,14.776583446851435],[97.68336802077803,14.65642103120097],[97.70265638027911,14.62411401938975],[97.70966074435405,14.616268401712395],[97.7163372276753,14.589227812670835],[97.77805282171259,14.413069790372337],[97.79732923742885,14.30252474090521],[97.80633770500937,14.26900975841296],[97.82122697007442,14.237528366101182],[97.8880946581958,14.123548342999264],[97.87134522451869,14.016370078670345],[97.86944243204205,13.974294151771442],[97.87674851352196,13.932774945347594],[97.8965698573659,13.864730448640545],[97.90774192554771,13.70009734103749],[97.91614745126556,13.655393454445429],[97.93480606376187,13.613727145869767],[97.9737113891341,13.548476805329903],[97.99612631224568,13.517948205924531],[98.02404699613012,13.492081317389912],[98.05646950958838,13.47180422029488],[98.09222945021976,13.457844137403288],[98.13004359947244,13.450701556535972],[98.16855568345981,13.450632446422881],[98.19500696037821,13.455532603799028],[98.23603953197016,13.39730104447127],[98.20457034825591,13.391051863932882],[98.16651248252623,13.375119904320588],[98.13258042169608,13.351981771351115],[98.10418921788911,13.322603593662699],[98.09345102240908,13.308922740042108],[98.07190354107338,13.274766685042438],[98.05787599925023,13.237068613464624],[98.05194160663943,13.19738010216219],[98.04821227228831,13.113194883245313],[98.04888869252437,13.086400552565552],[98.05746965837422,12.996025685933924],[98.06703904373828,12.951606683053202],[98.08671680034024,12.910475810505254],[98.13666179396759,12.831220804829403],[98.1572544240119,12.804741295106552],[98.13819634828403,12.77954492745627],[98.12117759252222,12.743969631074751],[98.11169490566391,12.705802268177303],[98.102184335074,12.639188812932174],[98.10072180412847,12.598256435370587],[98.10212659930713,12.590369228461439],[98.08772716303898,12.593772087916307],[98.04823546468893,12.595367821926638],[98.01368198943757,12.590100462821185],[97.97087693758843,12.590741154674404],[97.92730315982682,12.58185837528711],[97.88678518344285,12.56385777469092],[97.85128949050966,12.537613590649503],[97.79972226983276,12.48987297939604],[97.77488453641755,12.462125224414859],[97.75575394720475,12.430340447515267],[97.7429944232867,12.395626179063802],[97.73704723121845,12.359191421290328],[97.73811600020076,12.322304409109579],[97.74616009213577,12.28624839727603],[97.7608964916597,12.252277023819197],[97.77399651829022,12.228508259163965],[97.79395727023595,12.198955592142894],[97.81896929851264,12.17335774405246],[97.85991812775222,12.138323687653385],[97.86035616021383,12.137345285554616],[97.89848143731503,12.069359706901599],[97.92091042173271,12.03741297957938],[97.88890663500224,12.018308765965863],[97.85963419685051,11.991836246937728],[97.8362486349964,11.96023168288087],[97.81966061089821,11.92472957034744],[97.81051435312783,11.88671596300847],[97.8091629404476,11.847674151780673],[97.82005003535139,11.683324992477992],[97.82589746404327,11.647173770954957],[97.83842141655165,11.612692955432742],[97.85719070794615,11.581061513515868],[97.88156130948354,11.553360432134497],[97.94406058858637,11.4943214375852],[97.97410052932555,11.470900932416557],[97.98621698086812,11.464698040897476],[97.99086976061467,11.429585844934868],[98.00191564520244,11.39565098541454],[98.01896575986277,11.364206438727301],[98.04146566624715,11.336270193572142],[98.0686852154885,11.312746236857333],[98.09074887555025,11.296890309781809],[98.12032237851133,11.279248750463458],[98.15252108330044,11.266841763382061],[98.18639544616362,11.260034869868749],[98.19322579125422,11.259254832991173],[98.23481841719119,11.258760076378511],[98.27561660946924,11.266686135380978],[98.3138788886602,11.282694713144458],[98.34797131700567,11.306102590369022],[98.37643687226401,11.33591056770774],[98.39805749978228,11.370845824087274],[98.39882427541184,11.372981772456043],[98.41746352172893,11.371106406997697],[98.445059264274,11.358730302601675],[98.4807071596316,11.346556344946745],[98.51802819200189,11.34113081572332],[98.52917705081484,11.341579147372183],[98.52901530727435,11.336136657129526],[98.53150981030831,11.298770411287041],[98.533881457724,11.2843439545936],[98.49705704372438,11.282681472482048],[98.45813121824894,11.273062963367975],[98.4219390578214,11.256020507281566],[98.3899256636835,11.232235070831852],[98.36336819672479,11.202656848265015],[98.34332478359963,11.168467039615855],[98.3201778758983,11.11786796075874],[98.27776481420929,11.145425317978242],[98.24228708675831,11.163762610509067],[98.20382423745829,11.174810174366923],[98.16390675514405,11.178127992213719],[98.12412350684656,11.173583810129728],[98.08605803154396,11.161358470897955],[98.05122504535979,11.141938667797305],[98.02650879719117,11.124737937047586],[97.98561228867173,11.08676868628045],[97.9235190656937,11.010206584915844],[97.90177762196785,10.977066198933466],[97.88715868781767,10.94032612001263],[97.88024147435378,10.901450724568267],[97.88129772887103,10.861988640955158],[97.89028149510924,10.823510958105667],[97.90683155777809,10.787548681943065],[97.93028637730258,10.755531927255852],[97.95971083472585,10.728733241911874],[97.99393366059347,10.70821727823181],[98.03159402906903,10.6947987628045],[98.05821067015349,10.690909180648415],[98.06272093748402,10.678405929458807],[98.07988027338975,10.642626228766858],[98.10390506716524,10.61091911043863],[98.13383330008668,10.584550459034183],[98.1684683856033,10.564572534610157],[98.20642696850416,10.551782249312343],[98.22613832427331,10.547246124834404],[98.26721891519519,10.542116206271462],[98.28518454927332,10.543552388643088],[98.32004315219001,10.35079759615999],[98.30434475665702,10.24792775730336],[98.27411166094508,10.24840409482172],[98.20305910723516,10.24229716753671],[98.16137750170793,10.234232802184513],[98.12237239775612,10.217651747227023],[98.08780289753304,10.193302304324197],[98.00732071489833,10.12269421521963],[97.97939826341378,10.092516220147152],[97.95836708088285,10.057295031176753],[97.94512508896385,10.018539861564584],[97.92302763448387,9.921739805363774],[97.91815091853837,9.881505495762424],[97.9216645953942,9.84112300335558],[97.93341726444373,9.802286728382352],[97.95291233143757,9.76662524973598],[97.97932940304617,9.735633186747982],[98.01155908193856,9.710608800781948],[98.04824964470465,9.692599901136909],[98.08786362659583,9.682360261608972],[98.10416041901698,9.679873048733064],[98.14540283049152,9.677847068192763],[98.18617503147648,9.684250967838114],[98.22473936270495,9.69881183924108],[98.25945170360755,9.72090926001401],[98.2888311758028,9.74960153944145],[98.30609091105036,9.770360148319906],[98.30982718439687,9.771934809717497],[98.34493956002696,9.791058896489035],[98.3754835235928,9.816736912458536],[98.42763144467214,9.87036274328672],[98.4369540996171,9.882015049135944],[98.44216238155192,9.877222286908449],[98.47714655921581,9.856247432556419],[98.51569492778599,9.842737369290663],[98.55619913877207,9.837255178205941],[98.59696988217692,9.840029207505738],[98.63630688507033,9.850943659318837],[98.67256933955593,9.869543405012955],[98.70424391940666,9.89505283155464],[98.73000763411619,9.926407959422964],[98.78573595547667,10.010509159905835],[98.78755838280394,10.011155316483386],[98.81949019131386,10.029649246942304],[98.84742123683796,10.05364858617772],[98.87039477632997,10.082332527757876],[98.88762288500662,10.114719730425533],[98.89851352742753,10.149701711543656],[98.91214661186011,10.2142402580481],[98.93701526793389,10.288285370873162],[98.94048265869614,10.29975708695219],[98.96202380568818,10.37976295869412],[98.96843774500616,10.419556689864079],[98.97557277203968,10.545716540761292],[98.97481726094213,10.57713386588231],[98.97049268171311,10.600223948604201],[99.01336348123846,10.63437426507077],[99.02665437420896,10.645954344835339],[99.16492213168448,10.777501807609628],[99.17655633173366,10.789531875230157],[99.34131780624944,10.97471088048652],[99.3637080609278,11.005309089973602],[99.53248358822484,11.289337405542955],[99.53875307450376,11.30071011831206],[99.61941629690858,11.459076186506442],[99.62215087346944,11.463578732542658],[99.63282219252366,11.469876935993364],[99.65764181059663,11.490549013387366],[99.71525508384562,11.547002620598223],[99.7438656334959,11.58231397153639],[99.78353828589253,11.644778671850219],[99.8041670988426,11.688258438017632],[99.81351151214992,11.735359811055442],[99.8157849432135,11.766898750287893],[99.81515090594706,11.801830553590667],[99.80826168055103,11.836121642977757],[99.71671729898007,12.144641041598474],[99.69718906625386,12.189165631249812],[99.6517509990997,12.265384715742007],[99.62996819808822,12.35061073622497],[99.6151020889339,12.430148485812527],[99.61125926043711,12.446672434193358],[99.60031740227508,12.485875781695048],[99.60525720243514,12.519501711666022],[99.6071054158295,12.556587254994037],[99.60183161915249,12.593370117889885],[99.5896182274968,12.628553275416657],[99.57089280722447,12.6608953904441],[99.53780877751207,12.707259781867867],[99.49867230544466,12.748234016761721],[99.43804883476453,12.79591842357397],[99.40003307932223,12.838551125227333],[99.3761095431035,12.912244049924256],[99.3761557336586,12.960922927746306],[99.37202841739068,13.000830990058656],[99.35973639161261,13.039118777250252],[99.33978111299503,13.074210845524348],[99.3258633368462,13.093719514914499],[99.34745173186957,13.126864721226314],[99.36518247693111,13.160987300515417],[99.37584131768912,13.197811248300667],[99.37902570921274,13.235958621610505],[99.37478798132597,13.499816996706615],[99.37117038209396,13.534023945716674],[99.35674136549808,13.607204144442061],[99.33841642778114,13.742392472662843],[99.33211146042582,13.77163512751029],[99.32134913551411,13.799626808296741],[99.27084201575535,13.905725562169778],[99.2638731809846,13.919018985262943],[99.19237112966046,14.04349416340248],[99.176264095085,14.067309440330074],[99.09524953674267,14.170060681753105],[99.07006077291378,14.196582514430508],[98.85764122740332,14.38261979123541],[98.85300033128243,14.386556734782245],[98.7251263927028,14.49167806198844],[98.66670234115934,14.579803771162537],[98.66182159753474,14.58682703916987],[98.56713379453171,14.716879599094423],[98.49920913268018,14.810307058283827],[98.43441388981383,14.89939922160278],[98.40324334186208,15.014399467423146],[98.39246999437081,15.091273779408088],[98.40476749200771,15.09457035650675],[98.4429451222879,15.11383955980261],[98.50649829979231,15.154644265057282],[98.52078840999086,15.153519720650838],[98.56230771272519,15.154326304767634],[98.6028018118689,15.163197339754614],[98.64061049235185,15.179769083127251],[98.67418277252985,15.203362072235327],[98.69380787121506,15.220340260018974],[98.72219200823044,15.250535238985698],[98.7435615767175,15.285710803551263],[98.75700541954868,15.32437368378455],[98.76534016740386,15.360251793276047],[98.76987009075191,15.416407498042389],[98.75985190679911,15.564390050930365],[98.76349815923636,15.757845821403038],[98.77821165111017,15.91415679151657],[98.78058493286186,15.928555772866732],[98.92382641511682,16.01110469530657],[98.95283430351796,16.031294511501063],[98.97776319376925,16.056014514675425],[99.02533438076497,16.112224080319084],[99.04478379633392,16.13959448246501],[99.05920559681427,16.169703471076737],[99.08220900598643,16.230712953450766],[99.09146339429688,16.264113802878345],[99.09452173378901,16.298555508986496],[99.09438567734232,16.352361310655734],[99.09012348479482,16.39190421818377],[99.07770465500333,16.42983565811097],[99.05879664152438,16.472138103168348],[99.04112794566286,16.50350528950494],[99.01787178304524,16.531323738591862],[98.9897822554839,16.554688348339802],[98.95588267783054,16.57809935416361],[98.92294741502634,16.596659467548225],[98.88700585533783,16.609079508737455],[98.84929236991785,16.6149325363821],[98.81110283794621,16.614017231380554],[98.77629984485479,16.606887593789594],[98.74986089133442,16.658350312401936],[98.74233127236059,16.671686469751222],[98.70633100409577,16.729970281586198],[98.682880194624,16.779073048389694],[98.67774762169034,16.902886258310264],[98.67369302017815,16.934795730295757],[98.664288674082,16.96565770929986],[98.63204069593186,17.046352376176863],[98.61207002795899,17.083794372458105],[98.58426977240052,17.11635865447932],[98.40852831611659,17.282270301258585],[98.33464312279843,17.365532345686407],[98.22520633164297,17.49658405458797],[98.09153935478687,17.656633234952167],[98.08532430243474,17.66372008498467],[97.9593064889892,17.800631535996523],[97.92735568952283,17.848026656867635],[97.93376049894661,17.863715238275855],[97.94431385710277,17.89889991221324],[97.9478802805984,17.93533333999601],[97.94433342187901,17.971769615982108],[97.92423699408414,18.073888515376016],[97.90775404650118,18.122178148522302],[97.84538206916675,18.24720907088766],[97.83840765214578,18.267479901504288],[97.84006850126846,18.276354208709986],[97.83861024278853,18.317677230717266],[97.82813399483521,18.357810676318408],[97.81107872894978,18.391120102592986],[97.84012569250939,18.4053410409374],[97.87048182339632,18.42773278476287],[97.88864342357898,18.443881868683885],[97.9154574956363,18.47286597707126],[97.93584245680387,18.506231153377975],[97.94902125853073,18.542711974222566],[97.95716399840813,18.57531941208474],[97.96257413818776,18.612119459421415],[97.96062878005586,18.64922975607532],[97.91761581497752,18.930507792401635],[97.98070472569157,19.024519948403118],[98.00037101615591,19.06207898207837],[98.01123261249496,19.102709951286634],[98.01279605375932,19.144591340995245],[98.00398966128805,19.261745135054536],[98.0191705561392,19.38721757622852],[98.07297397671528,19.458897772244484],[98.128353548536,19.50390237865218],[98.14110234843467,19.516678608661337],[98.17682436701705,19.501728150232324],[98.22515819891933,19.493278840853836],[98.27968224249322,19.489866525696225],[98.29915520735142,19.4894976587114],[98.37669743958948,19.49140167039281],[98.38534793702281,19.491780498594363],[98.46893711015979,19.497050728847235],[98.49380227467776,19.50002468672799],[98.53262479143149,19.506901685691005],[98.55019794212335,19.51075522660672],[98.80273194161458,19.576816133048126],[98.81589714641979,19.5784656441501],[98.84095736043525,19.57450522076233],[98.89383158979392,19.572506703534458],[98.93469975374457,19.575824306093136],[98.97615147549519,19.583185028194183],[99.01521237686775,19.59819188321214],[99.0503109129547,19.6202412025725],[99.09160500254454,19.652243547654013],[99.12290862593426,19.68228335685349],[99.14676626550424,19.717872574439763],[99.17620819600188,19.77428551725592],[99.19462733208566,19.82750982759027],[99.20744967113944,19.896557785537862],[99.23851691046393,19.887229211825087],[99.27743277406036,19.882717163828538],[99.33156587094437,19.88120757721701],[99.3894424066184,19.887152206886586],[99.45069984836587,19.90168864857638],[99.49419948146748,19.916962358943366],[99.54649780199209,19.941790922455024],[99.57404095572697,19.95744803031692],[99.59872821027302,19.97686424467767],[99.63309918869177,20.008379617975596],[99.66162061498171,20.040749002355092],[99.68223124516346,20.07804134680831],[99.69799137989214,20.115912759171074],[99.70111844193038,20.126097563040595],[99.73372618643282,20.12808876266124],[99.78398021090129,20.136981546849555],[99.8371442395106,20.152835454465702],[99.87750495133687,20.169388495780478],[99.91333112272227,20.193442167923834],[99.9183366648033,20.19760790969573],[100.01868436720005,20.144481887299744],[100.05648789323548,20.128814657802984],[100.0968201163532,20.12036589213829],[100.13813462989832,20.119459206293826],[100.17884789836056,20.126129064703463],[100.21739929914753,20.14011951728076],[100.25231031478036,20.160893950762034],[100.28224072405271,20.187655493010478],[100.30603973353575,20.2193773204635],[100.32279014769145,20.254841754360307],[100.3318438958523,20.292686702343598],[100.33774353752793,20.337602107852664],[100.38524820847321,20.526734305137527],[100.42519904916847,20.612719409472792],[100.43453459045602,20.620672011207382],[100.46642334420505,20.616864366066878],[100.49870794604972,20.61533506836228],[100.53086755609985,20.61842334266024],[100.60255655380749,20.6305232347615],[100.64216915099882,20.64100374118748],[100.67887108972558,20.658455935854466],[100.7366414738702,20.69289373690361],[100.77104555964938,20.718439828911677],[100.79907891782723,20.750069902728615],[100.81953142735058,20.7864228260187],[100.83151719129714,20.8259333879279],[100.8345133615979,20.866899319341393],[100.82838367730074,20.907554367131922],[100.82313608548155,20.92723695609017],[100.8081580840562,20.965782988500294],[100.80428219929318,20.971605185256728],[100.84109355712638,21.028966421808693],[100.85998590503556,21.067036214880556],[100.88147744133565,21.12603163420965],[100.9169167521044,21.138636072777636],[101.02482523537176,21.190585122527754],[101.05156465234462,21.2058705837622],[101.20430373077909,21.308211143495217],[101.23928685091313,21.337594768924212],[101.26647261937607,21.37342261360947],[101.32502169604864,21.472145823830417],[101.3334084142872,21.48625832424663],[101.35111698141473,21.52550590831576],[101.35939240942021,21.56735806028595],[101.35784381339384,21.60987741463424],[101.34229109590875,21.711150403413555],[101.34302515795538,21.719189348552355],[101.3422946514725,21.759248592792517],[101.33287375123396,21.798339061758433],[101.31514308170873,21.8348536033937],[101.28982623052507,21.86728979998489],[101.27967381920816,21.87784565865223],[101.24894877353304,21.904072623198996],[101.21327993883634,21.92422518775253],[101.17404054269811,21.937526227879594],[101.1330749990426,21.947306306068707],[101.0920221299632,21.953220479335418],[101.05050209582653,21.951630683167817],[101.01009780505119,21.942597151537328],[100.94957864935418,21.923095497632577],[100.92819749084894,21.914971234231615],[100.74383360499932,21.833686170745413],[100.71148565474132,21.815997868917165],[100.68298749870948,21.793314799331192],[100.55056982241537,21.667331705661983],[100.54133321645452,21.66311067762794],[100.51179399796405,21.672067727002254],[100.48597537466426,21.67825868892965],[100.39074224286954,21.69522892743207],[100.33979889441922,21.698491232447942],[100.30579132046816,21.69300768781105],[100.3034806022079,21.70289104437514],[100.29134353547964,21.738314222620218],[100.2722716042388,21.770993781875795],[100.24693593473906,21.79977219783963],[100.21623102854764,21.823629446499407],[100.18124333608245,21.841719409138836],[100.14807415180017,21.855238964399067],[100.1505126832413,21.868405908044004],[100.15290381446557,21.88601299302092],[100.1604485537664,21.972717603539042],[100.1602273509923,22.00692117421305],[100.1536502262022,22.040572236227003],[100.14090979079415,22.072663434068804],[100.12238375900219,22.10223346872566],[100.09223462510677,22.14195881047927],[100.06789511680121,22.168641606844947],[100.03885119685573,22.190931594740356],[100.00601053877428,22.20813057491788],[99.97040097097698,22.219699530749168],[99.87800609996576,22.241411454463314],[99.86417244517114,22.24420936045053],[99.63116414679732,22.283724540870534],[99.61728467691307,22.28563473506963],[99.45237471926903,22.303146685754065],[99.51405452198895,22.386212537007683],[99.53303051253512,22.417471264988627],[99.54560548691357,22.45137666740189],[99.55136275101883,22.48681728306135],[99.55696132180694,22.575282002154296],[99.55713142739476,22.595287304466016],[99.55402266552507,22.662408303568863],[99.57879274762684,22.734206937416534],[99.62488965173128,22.791825462133264],[99.64658294265227,22.80893523878365],[99.67779361585396,22.83936341253342],[99.70137903129962,22.875155054969806],[99.71627923035794,22.914710267309555],[99.7218205134627,22.956259711224703],[99.71774671363472,22.99794342066233],[99.70794939444983,23.043411679232147],[99.69424177671338,23.083758610710287],[99.67151458733996,23.120489565942563],[99.63882696609274,23.16217076420771],[99.60630048774648,23.195065078286675],[99.5665798945467,23.22042556996522],[99.52005663145219,23.243451733723294],[99.49385430474439,23.254399865061345],[99.41652425051657,23.281095843661323],[99.35549537056026,23.293236618167505],[99.24678821253114,23.299940177884427],[99.10967626176138,23.322556237415508],[99.10024345927022,23.32555443512224],[99.09784042584968,23.387669188205674],[99.09402703301161,23.41834442182853],[99.08505791918712,23.44809598211326],[99.06140481893215,23.50788693370189],[99.04535042516613,23.539449907741112],[99.03424344265727,23.553927524936903],[99.03857745417814,23.566966968054892],[99.04722224235698,23.608321899321535],[99.04613151909008,23.65040922542749],[99.03534600378036,23.69132237690321],[98.99096238426333,23.80484652915853],[98.96834610994914,23.846436175721184],[98.93573322626361,23.88203139525213],[98.92477513152762,23.891466744266474],[98.99008775566989,23.95376296791861],[99.01475902652304,23.98204316337445],[99.0334034224814,24.013950462175625],[99.0453948890551,24.04842061383832],[99.05032819017944,24.08430315637078],[99.05145147658115,24.1149154823014],[99.04902115960205,24.15182193799561],[99.03910969707223,24.187662388802142],[99.02205801629053,24.22118332723085],[98.99845791607076,24.25121151294813],[98.96913195933442,24.276695227710174],[98.93510503421464,24.29674135949765],[98.8975685323187,24.31064697363306],[98.85783839495416,24.317924216672306],[98.81730853732584,24.31831763453612],[98.78535740952199,24.315887310470973],[98.74812507546118,24.313304406703597],[98.70628786118796,24.306586141009902],[98.62954109804808,24.28700466057596],[98.62374843446906,24.289064236389088],[98.5589206466699,24.305934040148784],[98.50574614016175,24.313414667058847],[98.37342560764405,24.316792415027766],[98.35471774460169,24.31652512926987],[98.19970844237707,24.308120302069735],[98.15961953895882,24.302455756579754],[97.96375429229717,24.257186214260926],[97.92350688902141,24.243803041638888],[97.9204691089426,24.26875002252905],[97.908987215017,24.303370592256265],[97.885240616765,24.356741093565734],[97.88320914685886,24.390937398949962],[97.87495987011212,24.435268544961044],[97.85593283706483,24.476748428855867],[97.82710329339785,24.51323072269972],[97.78414427377844,24.556238868066938],[97.74734261635729,24.58535276121618],[97.74715619900651,24.59960524970675],[97.76237092067264,24.639986832558037],[97.76949793229527,24.643678484170373],[97.81340202713865,24.661752803845218],[97.84726186129188,24.679151395434566],[97.877188949446,24.701752447223186],[97.90222742011328,24.72883547193366],[97.92157579613323,24.759536699657954],[97.93567086099347,24.787401363209444],[97.95092031212532,24.82930098680605],[97.95558267639923,24.87322444126275],[97.94941573863868,24.91698775016076],[97.93022855765506,24.988442342884184],[97.93046392166333,24.991940362885153],[97.95131786680501,25.040975398114096],[97.95599175373688,25.04135012081877],[97.99286912350517,25.05037196559335],[98.02745788019365,25.065086424512483],[98.07146184535247,25.088252420296918],[98.09305882707703,25.10122641774872],[98.14176177640519,25.13439327659336],[98.1765344404573,25.163948178791184],[98.22987221139668,25.220343215332747],[98.26076896228855,25.263107697751487],[98.29639007649519,25.329814241859648],[98.31154100120233,25.36747428631888],[98.31288264106715,25.37227111428759],[98.32517888058501,25.372745910551654],[98.36328106295856,25.38050590900114],[98.39926331661603,25.39426976262625],[98.43643342790851,25.412168542980364],[98.4802316261488,25.43993429802779],[98.51530633664615,25.47647015739445],[98.58324331252831,25.567608952362047],[98.59589164768757,25.586813417457396],[98.61982889500786,25.628296375116985],[98.63762391113713,25.62921550228377],[98.6844115683473,25.636269327580422],[98.72844287245164,25.652243276009067],[98.76766011020854,25.676390814446492],[98.8002278700862,25.707583127432624],[98.83110640232867,25.744416588002796],[98.85618685973438,25.782523440008074],[98.87126137398158,25.824697201597605],[98.87556526603703,25.86882606043228],[98.87409598449369,25.923024809217456],[98.86925686053159,25.959766263149323],[98.85690145548158,25.99504231776399],[98.83996239942523,26.023420303776447],[98.84917682718951,26.034319161681726],[98.86696734666182,26.065600471473573],[98.88939557584189,26.1154745943178],[98.90019607854119,26.146645233216386],[98.90515957253047,26.178981618577172],[98.904146591175,26.211604073031655],[98.89513177530048,26.28461703497672],[98.9227758087757,26.380460087547252],[98.9279372863862,26.404244931885938],[98.95056130623145,26.55792032852305],[98.95206621047974,26.571960618475927],[98.95978610613416,26.686693161156946],[98.96018129906197,26.7000777476273],[98.95945872480856,26.787672126200693],[98.95865022849382,26.803179841156123],[98.95000131292151,26.893032180108506],[98.93744918002183,27.058761879811403],[98.9311601022378,27.09400824516135],[98.90001855353452,27.20352025474325],[98.90249626420962,27.221077389786856],[98.90415372054105,27.25113140933927],[98.8988111289779,27.427743361313592],[98.89644982941212,27.451659690632123],[98.87113254077214,27.6022234085934],[98.8617420989978,27.636601286444176],[98.8456007521322,27.668929243000402],[98.82322095017688,27.69817066544926],[98.79531668954674,27.723387240942973],[98.76278097411253,27.743769277766535],[98.71132098804601,27.77019449953123],[98.61592105677269,27.81908626146781],[98.58400928652452,27.832545821310447],[98.55008744802251,27.841347544111308],[98.49805509149739,27.850933865957813],[98.45128273087934,27.85504369404267],[98.40726555365218,27.85061667193211],[98.34944729256178,28.010454952059398],[98.34005208952242,28.07937248239698],[98.33749943081239,28.0936685806133],[98.31822201090915,28.180750935221763],[98.30298774449427,28.223298786989083],[98.27733760675788,28.261723506813034],[98.24006245280172,28.305365975130343],[98.19449216428568,28.345191908597698],[98.1809460499277,28.354022950789375],[98.11224800824382,28.433828238028678],[98.09560120094694,28.451008913843452],[98.04912331681166,28.493728790358023],[98.0091166562299,28.52281993598827],[97.9625766906922,28.542997648601037],[97.9398885615944,28.55008799101662],[97.9032898585352,28.558528901004966],[97.89432690163692,28.559214972013407],[97.87553282228346,28.58636099817333],[97.85109351270806,28.611183137774592],[97.81535024543662,28.641879917937832],[97.774820923297,28.669463684322604],[97.72822563867311,28.68820968156864],[97.66847225046007,28.705275777980965],[97.62040252254661,28.714015619433773],[97.57131509362762,28.7133271545368],[97.50988530563052,28.706482000188412],[97.46979595102324,28.698669536909016],[97.43199366262243,28.684548777077634],[97.3977468809048,28.664593617138173],[97.36820310579695,28.639473534880583],[97.34435017797033,28.61003088351085],[97.31332558446245,28.563175641593077],[97.29423759083295,28.539116909193243],[97.28301484562765,28.52345332992909],[97.24071192763903,28.45774375459958],[97.17644052562937,28.372384514899167],[97.14965133643356,28.343550025890686],[97.12781327390404,28.31539019070085],[97.1117834130062,28.284331583224468],[97.1020351722494,28.251300400354086],[97.089941269983,28.188540131115374],[97.08775556136939,28.173918573609225],[97.08036396191957,28.10466919346479],[97.08083100005014,28.06349627693769],[97.08597394808801,28.042977960265244],[97.07886966413254,28.038670832841575],[97.01443445036902,27.988438595797653],[96.91040641642729,27.91443019827558],[96.82358324751405,27.85273424815914],[96.8075784749463,27.840186307281662],[96.7444880396643,27.785686255008574],[96.71230125381499,27.75063884057649],[96.68993250015919,27.71001219697057],[96.66716718019923,27.652855231357155],[96.65623101956778,27.612038756786657],[96.65522354844337,27.57008954600724],[96.65840422280858,27.53682515634591],[96.62779439429974,27.53420410654938],[96.23568277761939,27.473226657661105],[96.22444908153491,27.47119833408587],[96.140925385498,27.45408356145165],[96.1114038717972,27.446063722551287],[95.9818436973703,27.40181388992494],[95.93603158799128,27.3803787172729],[95.89705768227975,27.350065984889554],[95.80655282312684,27.26096573802368],[95.79086789419807,27.243636217176142],[95.75499807076145,27.19905806347929],[95.73177593826016,27.187838761434254],[95.70814529377266,27.174635846957766],[95.60915871884345,27.1111820535959],[95.60097147024642,27.105667038394206],[95.33834141876153,26.919589370973146],[95.2128840273913,26.853367312393438],[95.13147042232208,26.82911009106038],[95.07749051581975,26.805256275203377],[95.0046872710241,26.76106317162767],[94.97509690827788,26.739514597004586],[94.95010588125365,26.713719233684056],[94.93045905771802,26.684448951908063],[94.8923262767537,26.614529374212],[94.86378185180118,26.564865293192092],[94.84722038550433,26.526803591811902],[94.83974413778682,26.486491233449822],[94.8310780265818,26.359775202460547],[94.83188352883835,26.326863452091175],[94.85021517324644,26.17073844439146],[94.8618709414494,26.12478523107122],[94.88095643828156,26.076767031140356],[94.86991420043421,26.06582823013465],[94.84443959875733,26.03743341222678],[94.82271813854666,26.008230086515702],[94.80709474949741,25.97601642565374],[94.79805930828026,25.94181224188889],[94.78130152622286,25.838032523967772],[94.76289880508993,25.81005050522683],[94.6902690566549,25.72142440164021],[94.64532731115487,25.67488747564316],[94.55963329605119,25.63098270876233],[94.52722294051141,25.610660154977452],[94.49939665513347,25.58540150262811],[94.45449803609606,25.5364815704709],[94.42198350709708,25.488436601478195],[94.37913074407473,25.39820395202748],[94.37067200712517,25.37716144311183],[94.34529688480923,25.300766736627466],[94.33626239944203,25.252393344094706],[94.33494047971038,25.22465883035077],[94.33650931487944,25.19096669056945],[94.34436641754884,25.157997634135395],[94.35827913037195,25.126708856224],[94.37178180661533,25.1025055699861],[94.39348268842244,25.07122408453654],[94.4212004525012,25.044135948371277],[94.45396827127247,25.022183152067715],[94.46497377702558,25.01615924754911],[94.46003708032312,25.00298799018223],[94.39150321417262,24.860838164863374],[94.31189305432886,24.7471352791512],[94.22051598008653,24.62646544935297],[94.20511010747887,24.60269464311675],[94.18318217500604,24.562694513061757],[94.09936761984474,24.41110583169317],[94.08651058394761,24.382411611923043],[94.01349097460806,24.17372506527138],[93.99242344780177,24.11358524496096],[93.92214620301641,24.132094705799933],[93.83683258880326,24.160363295746798],[93.77157719184588,24.187053892595095],[93.72562933149636,24.200461721126004],[93.67758086985403,24.204249495532235],[93.62741158392579,24.2030732136956],[93.56993023619562,24.19455703780245],[93.53950446616899,24.186083504453933],[93.50722670808206,24.2150701673971],[93.47555494770302,24.238582469336595],[93.4396146761309,24.256259413376693],[93.40068350256848,24.267472329460915],[93.3601466681537,24.271822436851195],[93.31944720049871,24.269155167547655],[93.28003389440755,24.259565698373002],[93.2507048511647,24.249639729795383],[93.21065038244043,24.231583163724693],[93.17553428485398,24.206397915325265],[93.14685254207897,24.175159238494164],[93.1258239613267,24.13919990314411],[93.10693191210237,24.096846503549212],[93.0943933736501,24.0573895529193],[93.09106169793766,24.016403347094535],[93.09707263568583,23.975659133242853],[93.1626548680285,23.728046824753886],[93.1736886586921,23.697438397247417],[93.19738969212086,23.646112201859058],[93.19285524549177,23.540230269012085],[93.17696364745713,23.358386826783832],[93.16159869611432,23.231314296113094],[93.13483066878352,23.227957182392817],[93.0965438975538,23.21981558043084],[93.06052411943101,23.205396676716088],[93.02797757224509,23.185183831646167],[92.99999278735038,23.15985425604677],[92.97750401040294,23.13025609291535],[92.96126003780867,23.097379782008318],[92.94812227426252,23.062649717872205],[92.93743864239953,23.018926789176437],[92.93773434209214,22.974099454273937],[92.94246347480694,22.937864260903496],[92.9174201551474,22.884611219257255],[92.91329603783662,22.875179070394502],[92.87785910868348,22.7876439087203],[92.86606202517062,22.743523409194104],[92.8655080259094,22.698071807144565],[92.87510404615918,22.613128066943908],[92.87743470154446,22.598098589249318],[92.89444776428928,22.511991336465925],[92.89907622103,22.493577093818867],[92.93882560003001,22.363735658584897],[92.91976967447299,22.349650028349416],[92.89213615517173,22.32418670332031],[92.8700898172181,22.300342399823805],[92.86040394547405,22.28567278045836],[92.8297182962349,22.302502817792625],[92.79207118019397,22.318799070918462],[92.75172913464431,22.328045718717924],[92.71022194366557,22.32989242058563],[92.67814806224416,22.328423261440108],[92.63455377585832,22.32220160727397],[92.59328634056833,22.307825664408323],[92.55610865695449,22.285910187961107],[92.52460686187136,22.25739172452976],[92.50012231350867,22.223488183971057],[92.48588939411685,22.19852337876433],[92.47380759583605,22.17315217966604],[92.46365480935641,22.14698458030231],[92.45877143683619,22.144054255157176],[92.42582795529653,22.119676039306174],[92.39872366532222,22.08976509064947],[92.37851574289688,22.05549254583285],[92.36598965417826,22.018199354010584],[92.36162908454824,21.9793435522487],[92.36559791940054,21.940443109279883],[92.36970622018302,21.920972492917063],[92.37139264462586,21.632931007834994],[92.35479766235272,21.63616912921507],[92.31578165526808,21.637011385804414],[92.27726544362834,21.631211690621125],[92.22632905852255,21.61898604223924],[92.18931197466544,21.606596565168385],[92.15539907943923,21.588075227353507],[92.12575323367392,21.56405811003009],[92.05428359931737,21.494270390218343],[92.02991507985104,21.4655339102298],[92.0116761790167,21.43310423467776],[91.9831376947287,21.368331389551493],[91.97224856359458,21.33589117285108],[91.96749710464115,21.302189010466673],[91.96901976813389,21.268222111103903],[91.98154346363155,21.17737536720527],[91.9855949163572,21.15671591496898],[92.00845940144383,21.067198099975727],[92.01955515301096,21.03570853268414],[92.03612829359228,21.00638423769915],[92.0577110543958,20.980047895964066],[92.05909434916963,20.978624513107444]],[[98.26173706123869,11.976427998469566],[98.2426137899939,11.97283035711248],[98.20672817585792,11.9586968396342],[98.19032726137338,11.948289351223957],[98.18509943285213,11.956950718986002],[98.21382412943514,11.967102788428534],[98.22543783443032,11.972663904503005],[98.25754662852559,11.991864676751732],[98.25960720196565,11.993689369248045],[98.26173706123869,11.976427998469566]]]}},{"type":"Feature","properties":{"name":"Bhutan"},"geometry":{"type":"Polygon","coordinates":[[[88.62771043534107,26.97907899075888],[88.6397018150636,26.923971315887222],[88.65063854551786,26.890133825067437],[88.66812138645493,26.858560170002622],[88.69159247682093,26.83024849137654],[88.72030627042312,26.80609312426425],[88.7533533766619,26.78685661162163],[88.80861037673905,26.760600172175305],[88.92429559014357,26.69680284291039],[88.94031575898063,26.688755918203462],[89.04751323899575,26.639954458845516],[89.0935651610093,26.62444254894541],[89.14230732875096,26.618394730871817],[89.19134167340057,26.622108656907265],[89.305576257773,26.642306880588293],[89.32322716893655,26.636353188219587],[89.41351541894461,26.613247259806588],[89.42546443287017,26.611125686214105],[89.44600305638942,26.586497711788123],[89.47765293504355,26.560818677781224],[89.51422012242742,26.54105304153163],[89.55434380897324,26.527935222363055],[89.59653287709855,26.521952449565372],[89.67587984949341,26.51762172287459],[89.7079249977155,26.510140682999946],[89.75100475195869,26.504049837369102],[89.79458261302783,26.505632599468147],[89.97357594150004,26.527955028164182],[89.98479131741227,26.529609717191626],[90.16427923682204,26.560219580966493],[90.20197366910199,26.569775610817047],[90.23720084611115,26.58512112008699],[90.26885947916942,26.60577692587156],[90.29595826863216,26.631097712726426],[90.3341628517802,26.673765173082803],[90.34140961730874,26.676299986614826],[90.35057246340142,26.67273633521175],[90.45443538912863,26.622586330179367],[90.49572912352342,26.607210066072938],[90.5560871862407,26.59088085510878],[90.60273554165852,26.58299947246967],[90.72186377611301,26.57447000547816],[90.75265304433947,26.57417172439462],[90.86856477545854,26.58021576367869],[90.87877911922249,26.58095637996739],[91.13434293212002,26.604579099128117],[91.26462547643723,26.59306736164837],[91.31262986128058,26.593474986678217],[91.35941126086844,26.60311634701275],[91.40277765267018,26.621539720455004],[91.41924860382414,26.63060896242506],[91.42503384924665,26.627585410090344],[91.4661158610742,26.61490108784522],[91.5091726171723,26.60962625133743],[91.66290769522628,26.604316511999407],[91.70848812521292,26.606927725535446],[91.75250389149357,26.61783635532588],[91.82434717565206,26.64299287640589],[91.88771009358601,26.658921370078964],[91.91624975189393,26.662495267547964],[91.93264937201286,26.662779665967864],[91.9718703515441,26.658568408767035],[92.0108674921301,26.657464831710126],[92.04947731996947,26.662485854789608],[92.08650654742853,26.67347622749087],[92.13780512745535,26.693318936494258],[92.18094096217028,26.71541763605398],[92.2174874445904,26.745546537436873],[92.24560315143476,26.78219227000217],[92.26938296536913,26.822148244098035],[92.2853890097409,26.856465064186352],[92.29392382344824,26.892847329868175],[92.29467912966554,26.930012009415687],[92.28952405130958,26.990369364802334],[92.28203361066056,27.028391088658985],[92.26638850760251,27.064392557988818],[92.23138464997044,27.12616731605291],[92.23168485563994,27.12686642555158],[92.27338378026235,27.18761769449973],[92.29232172032424,27.222431331984424],[92.30328980158284,27.25985527610537],[92.30586130228708,27.298461245486894],[92.2999292746058,27.336774361046633],[92.28571194164249,27.373329417353027],[92.24734506397681,27.44745534689715],[92.2393512957074,27.461404376986277],[92.18535566530349,27.5469759861803],[92.15859317834541,27.580582404217612],[92.12455122090616,27.608549141585794],[92.08470230612235,27.629662242765434],[92.04077430158472,27.64300457356995],[92.00086551144184,27.651125731772108],[91.95173944685206,27.65613158340467],[91.90257552033712,27.65142403522638],[91.83123561201307,27.637353038872803],[91.82110320335822,27.637720474162936],[91.83223798712699,27.66140803614779],[91.84332479850363,27.691611929666855],[91.84942205726479,27.714257985393587],[91.85520264709511,27.770630882926895],[91.85360744565101,27.79721924830924],[91.86486772439947,27.905266778789837],[91.8648018734085,27.942214392126573],[91.85695748685364,27.978506285168958],[91.84160081956415,28.012875424809685],[91.81926166591494,28.0441207334868],[91.79071569943817,28.071149297326283],[91.75437732106955,28.099655115286943],[91.71514737173285,28.124300939742238],[91.67084070828105,28.140978291848725],[91.5639081353001,28.169651298082947],[91.47796475831207,28.19689438766027],[91.44605071899896,28.21917565607569],[91.40430161393049,28.242225108618598],[91.37047018708121,28.25660403605049],[91.32701768505369,28.270410373453707],[91.28127043408759,28.276081090810766],[91.235173357622,28.273375000639533],[91.18792220343423,28.266233767239164],[91.14307180758182,28.25512108470235],[91.10180199830386,28.236084893458095],[91.02800039562533,28.192849973685828],[90.9979211935921,28.207243448908514],[90.96500784341812,28.217549770857822],[90.77377650972998,28.262845546847803],[90.73604059395784,28.268766615819114],[90.65024019853438,28.275614398324837],[90.6173822266082,28.276097202766966],[90.5767107254867,28.274059614966532],[90.56608371324836,28.30101027236249],[90.55137805530899,28.32847267285697],[90.52707014428478,28.36375023127371],[90.49496013637811,28.393817207700632],[90.4564436223556,28.417361297240454],[90.41319935371638,28.433354132406823],[90.2855531935641,28.46720220431544],[90.27289027741966,28.470201716917096],[90.15638355228765,28.494561686745026],[90.12344612969402,28.499196566139712],[89.99978291001193,28.508343549871714],[89.9647500391187,28.50851098222202],[89.93011418874052,28.50389168223997],[89.8467696852737,28.4868196615295],[89.79240096279734,28.468890618836994],[89.71134996043324,28.430986930455305],[89.676853955684,28.411059543590767],[89.6470921851125,28.385917709511983],[89.61920809396341,28.357576187025956],[89.57852557637554,28.345038992068805],[89.5525940599982,28.335395770936795],[89.43663237421194,28.284432559416796],[89.40771238367624,28.269212707324794],[89.38171134554042,28.25035000027421],[89.32545651535604,28.202826444070087],[89.29986261785074,28.177078996702477],[89.22072512817346,28.08184649819703],[89.10369624411219,27.962948532157046],[89.09904965977012,27.958063495536674],[88.98691240491371,27.83604991475765],[88.95527942449776,27.789868595629436],[88.91213199374099,27.70140866486685],[88.87321683627994,27.6635191832729],[88.81026155757563,27.619963713782344],[88.77886167864528,27.59348354404121],[88.75384302659639,27.562121304176316],[88.73614564937436,27.527062810022617],[88.69647605567695,27.422050339586725],[88.62819941128953,27.37732063822457],[88.59969418172916,27.355054922077517],[88.5758713136817,27.328810652972514],[88.5574212381785,27.299352458037603],[88.53590249562049,27.256793177917867],[88.52235749895254,27.221336640111847],[88.51657527678289,27.184246288112266],[88.51875532152637,27.146851862458686],[88.52881166955008,27.110492665001374],[88.5463770946915,27.07646964867314],[88.57327810671761,27.035150336798456],[88.59613106770163,27.006304907882917],[88.62436427829056,26.981532408905622],[88.62771043534107,26.97907899075888]]]}},{"type":"Feature","properties":{"name":"Bangladesh"},"geometry":{"type":"Polygon","coordinates":[[[88.1611176486038,26.38432634397007],[88.08780271217071,26.32531600604998],[88.06566882251724,26.30469753399354],[87.98133860386271,26.21368742830423],[87.95583715265226,26.179402144254855],[87.93882454280521,26.14111167469344],[87.92178831899967,26.086878293197877],[87.89733082774244,26.03889608791005],[87.88038730000082,25.989236561441373],[87.86771401615364,25.921105432775654],[87.8647620266479,25.883915170662764],[87.869619203864,25.846883754108383],[87.88210611304766,25.811326175550235],[87.90423986407907,25.764237762290918],[87.92095593759441,25.73548059037872],[87.94265742424531,25.709567286912407],[87.96875897803811,25.687193438124698],[88.00955886127113,25.657542551601626],[88.05175838622894,25.633432475575688],[88.0988963420026,25.618534503099042],[88.1472055284368,25.60863521935781],[88.19420458402966,25.569578720044223],[88.2686142310964,25.466576476759855],[88.28881400460169,25.442745986884592],[88.31276383052159,25.4219432131301],[88.36283890642291,25.38458614482509],[88.3816833919002,25.373442399798773],[88.36824985929151,25.369561112651947],[88.32859467556202,25.349105326124935],[88.29451602229986,25.32165122736808],[88.26749773587008,25.28839768555619],[88.24871254103556,25.250795694327593],[88.20009414567136,25.11785314503321],[88.19656362606517,25.11829228495208],[88.15260228866146,25.115676836720468],[88.11348145948568,25.10970930080922],[88.07291746111885,25.099800206598253],[88.0352102541469,25.083033439812386],[88.00175891626473,25.06003187986973],[87.97380256080847,25.031649527265508],[87.95237424966535,24.998939444274257],[87.84794123301972,24.79720119583027],[87.8351767014356,24.765841339561494],[87.8204086460508,24.71723917240693],[87.81557961615424,24.697422310720217],[87.80880567181019,24.66079343358836],[87.80584010152526,24.62414557397695],[87.81038366455778,24.587630115342847],[87.82227330983137,24.5525065916587],[87.84109346397695,24.519985541650225],[87.89681800730156,24.4421227026413],[87.92101213015532,24.414152060125694],[87.98742283294122,24.350108986761324],[88.02748076103536,24.319735062308684],[88.07431163652767,24.298916405164196],[88.15369920393962,24.273804486172903],[88.20021044262643,24.264127931837038],[88.22890571194154,24.264012264947823],[88.23062620742309,24.262144732883247],[88.2652560987286,24.232023655199296],[88.30627084416005,24.209545042385113],[88.40771754449547,24.16697505131788],[88.46488217782172,24.15120564360495],[88.50421211509982,24.14556762530862],[88.49906128289582,24.097871512248364],[88.4908716349972,24.05821430597658],[88.42166445780249,23.899787598152468],[88.41722446827231,23.888651699281933],[88.36226527835173,23.73663042197597],[88.35235021193367,23.69356008854817],[88.35308533644994,23.64954895747641],[88.36442370546223,23.606775659797258],[88.39313193723903,23.53459799003385],[88.41389759530787,23.4960092009491],[88.43433075093431,23.466590552706787],[88.44626520239228,23.451094333408896],[88.46561173895226,23.428361673705083],[88.48302762260268,23.41028072842227],[88.50702798331604,23.388223855122085],[88.49423426467175,23.337905904942957],[88.48894275160562,23.304134572366145],[88.49004974335112,23.27003107758114],[88.49751744145729,23.236609645193326],[88.51111927453007,23.204863465952034],[88.53156957588747,23.1670475060282],[88.55415464498238,23.133934456177695],[88.58336822614255,23.105545732745004],[88.61806964317338,23.082986227015788],[88.6397468372992,23.07413961674056],[88.63587340525325,23.050826715488164],[88.63797127937588,23.011282814499666],[88.65453415698536,22.90964806803957],[88.66224262666097,22.87907896040815],[88.68966985570023,22.799493196875908],[88.7098215289798,22.668403634177736],[88.70860586141544,22.660718895704985],[88.70643659402396,22.626792271380676],[88.71058974695359,22.593024494366976],[88.72093820220077,22.560411556877032],[88.76911775125862,22.445926111402134],[88.83822915986852,22.238859983282875],[88.84192958896088,22.184310906117588],[88.8381540220629,22.101625169923086],[88.84040253468969,22.06344279083858],[88.8505314067171,22.026375731227684],[88.87126969917641,21.972828860230326],[88.88148952041236,21.85675176174403],[88.88867634141452,21.81950198631623],[88.90336571725295,21.78420477261285],[88.92501559008915,21.752149681674506],[88.99820167535115,21.663751797040014],[89.01722824470049,21.643710053570555],[89.0844119522032,21.58185990537591],[89.11958668497682,21.55569126660099],[89.15988785930416,21.536991226265616],[89.20417283864926,21.52163045629067],[89.24224077822062,21.512046541462507],[89.28155515243652,21.509160239887493],[89.32076886170292,21.513070508271333],[89.39576792359576,21.527161276690002],[89.43844863999999,21.53962817256538],[89.47739395147397,21.560115823872877],[89.5012103890745,21.579748705715126],[89.5435712055596,21.570950789680694],[89.58705235791871,21.570337161613324],[89.62976367689959,21.577950084743602],[89.66992686463483,21.593472739285346],[89.70586843534223,21.616258893281923],[89.7654208262438,21.662934862380947],[89.79130448198704,21.687036940459087],[89.81236715570601,21.71490393282279],[89.820060774023,21.72720982238239],[89.85206228932556,21.742055841286355],[89.8911184590843,21.7654203826998],[89.89854205645727,21.77238654522792],[89.91685285985952,21.750837414121296],[89.94673244307454,21.72666476154377],[89.98536141614079,21.700848943785676],[89.99667664515513,21.688522269748592],[90.02928507723924,21.65977897943858],[90.06764718685129,21.63803143044413],[90.11005677280475,21.624245542361713],[90.1546298811595,21.619033393343845],[90.19938764562265,21.62262636155348],[90.27106879441168,21.635546777375026],[90.30804387187466,21.645494208252625],[90.34249405964223,21.66146345834976],[90.37329544478888,21.682934073748523],[90.3994418079995,21.709206021685258],[90.45709423400265,21.778773226249598],[90.48458346111931,21.822542397676614],[90.50473412135484,21.86681856283531],[90.57541133839153,21.858087288097842],[90.61237722943834,21.856515917512695],[90.64908002179895,21.86089468197913],[90.82287236425562,21.895953629384614],[90.86124372810742,21.907276038423245],[90.89664464289041,21.92508299170532],[90.92205592102631,21.944371105127072],[90.93983815277689,21.932890369518724],[90.97659332663143,21.917693573108483],[91.01576470119934,21.90916373509553],[91.05596290506402,21.907603258284333],[91.09576262753073,21.91306741670996],[91.13375253201963,21.92536242775001],[91.16858470134595,21.94405224425289],[91.27457586226694,22.013988374126185],[91.30373741227768,22.037132592139507],[91.32796341846682,22.064742732224296],[91.34646883928384,22.095927665889352],[91.35865201864574,22.129680259187218],[91.37600256013171,22.19746581629305],[91.39573405642219,22.185856045791464],[91.43282847824348,22.1684582430746],[91.47285127362912,22.15803376737201],[91.51429208738347,22.15497576733206],[91.55558777415162,22.159399487399156],[91.59518063323753,22.171137989597828],[91.61814412583294,22.182881581341732],[91.62178997791668,22.167021203356036],[91.64355475460374,22.105700501710444],[91.66324591107211,22.020866312385827],[91.64903924683068,21.99158221523949],[91.6335638843587,21.94986245153303],[91.62565269154297,21.922125126094286],[91.6103326092324,21.846564836349465],[91.6068640658021,21.80136704272313],[91.61456094549659,21.756619732683255],[91.63251349456957,21.69707168974612],[91.64711728995034,21.661909785926134],[91.64881124329987,21.65939320793088],[91.65688546288138,21.593298614737666],[91.65621500973336,21.591270615576867],[91.64767260673887,21.550770243005505],[91.64835296683385,21.509500511404426],[91.65821849625091,21.46925775317048],[91.67683255808599,21.43179204884898],[91.70337971266619,21.398731322696356],[91.73277968791048,21.36912130120501],[91.76145838702884,21.345036238662715],[91.79433346201569,21.32617772105937],[91.82354138757027,21.315618519607124],[91.84556931863365,21.150593633477058],[91.85761498779223,21.105130562639612],[91.880763670884,21.06357643438145],[92.0114276432819,20.884254272795086],[92.0586666055529,20.79559783054429],[92.06669521154276,20.78190114446679],[92.12644162720979,20.68880370192706],[92.14988349681047,20.65897161625069],[92.17884198940658,20.633742455581288],[92.21230313698955,20.613997129887526],[92.24909727823568,20.600424697164197],[92.287939706657,20.593498573755028],[92.32747511816501,20.59346022014511],[92.34376105886457,20.59487475541048],[92.38601009119381,20.602664111940587],[92.42569703638145,20.618304366683187],[92.46117790277493,20.641147975019027],[92.49098109119969,20.670248893109434],[92.51386808752392,20.70440136936803],[92.52888493070157,20.742189475527326],[92.53540232057219,20.782045411905138],[92.53314262665376,20.822314251300487],[92.52103925890385,20.8949345866835],[92.51130594650525,20.93081220466871],[92.48997966267713,20.986770455157192],[92.4787977683738,21.033036295721516],[92.47595375068386,21.074233786405724],[92.47341567164561,21.087548694506193],[92.49635126593611,21.077369954681686],[92.53590233348413,21.067895461268748],[92.57665974909895,21.065662501098036],[92.61711734572428,21.070753411277604],[92.64832687797916,21.077580949225197],[92.69164917410669,21.09181806763812],[92.73067354625566,21.114421656274082],[92.7635712953839,21.144333775679524],[92.79541844813058,21.18033539563651],[92.8194898789811,21.214048433978032],[92.83569710308261,21.251628626192876],[92.84335507007572,21.2915022200651],[92.84213563386788,21.331998071557813],[92.83585321624483,21.37653556815275],[92.83119114715839,21.399222872062474],[92.80445258623523,21.49769807180563],[92.79701948661744,21.615169691316407],[92.79607682047491,21.940914040749004],[92.79221764434095,21.97785694331917],[92.78462227615542,22.014365118799617],[92.77326688860289,22.072941451756318],[92.74525293678958,22.424924847926512],[92.7425638884404,22.444823238297456],[92.72181564486823,22.553219127685217],[92.70469521733904,22.705871937761263],[92.69715372683729,22.741209012437537],[92.68278417510714,22.774699966564793],[92.66196100162767,22.812678052385962],[92.63261935490252,22.888430525897903],[92.62581755037986,22.903888129831877],[92.58860201815527,22.979127500944944],[92.57259018130316,23.005809409493658],[92.56622985966015,23.013368104155866],[92.55571837348793,23.086681007669267],[92.54913642523563,23.245692042352484],[92.54963204160931,23.322790168965636],[92.54358195541778,23.370517005072006],[92.499900802517,23.53586540173978],[92.4576980370813,23.7236470621643],[92.44571352402141,23.759382777808167],[92.42658865713418,23.792415249045753],[92.4010025670885,23.82156247224514],[92.36986735570707,23.84578068500559],[92.33429575913772,23.864202051395864],[92.29556129253452,23.87616607948156],[92.28389104969433,23.87762997572401],[92.26841608836507,23.88878609850978],[92.22956274110481,23.906657719996794],[92.18757652797596,23.91705492618492],[92.14416035887362,23.91955571969981],[92.11882886107111,23.91867615386772],[92.06779362514138,23.911248088530442],[92.02015110834003,23.89295793683804],[92.00877773388167,23.887039345327324],[91.98925138113678,23.889575544845204],[91.94980640690136,23.88806791606267],[91.9008075883015,23.882054166358497],[91.85772126484379,23.872565362054967],[91.81766281708805,23.855238061118254],[91.78231827922559,23.83080208515464],[91.7531729143767,23.80028626670709],[91.7314485080201,23.76497467609225],[91.71805228633703,23.726352115483763],[91.713539568399,23.686041273449685],[91.7135864500146,23.598294826130783],[91.71434095420179,23.58186814702002],[91.71563382343973,23.567732638633906],[91.64314631730768,23.50587148451663],[91.61459671021937,23.476038762756797],[91.59312781880551,23.441576295184163],[91.55737432423255,23.367799790769702],[91.55598850920602,23.36372221212653],[91.51848609762891,23.382745063625805],[91.4816284758152,23.396730010432126],[91.4678808125423,23.40061530807083],[91.46481740711398,23.41411256268236],[91.4547223680604,23.445389017519698],[91.37911181697956,23.623724853962422],[91.37820090847733,23.63838082447877],[91.40018538191653,23.708185496512115],[91.4031122542674,23.7185098844705],[91.42931096916486,23.822262383719046],[91.4916815879965,23.880924224780994],[91.50261700525778,23.89401563612977],[91.509769934727,23.893513814319373],[91.55772838370501,23.89501940471345],[91.60415129861197,23.90613675384099],[91.64911576025497,23.921936008984467],[91.68394298051221,23.937565882132905],[91.71516786976153,23.958620462843708],[91.74178896357947,23.984425706367677],[91.75289404163806,23.99733030953345],[91.7821418769711,23.98629586791728],[91.82107500035984,23.978793603861778],[91.86085213559244,23.977916158331514],[91.90013629169106,23.9836929237068],[91.93760686605857,23.995929617133555],[91.97200346537463,24.01421473949915],[92.00274548930868,24.034209170388312],[92.03788656740245,24.06277386493247],[92.06546207534907,24.097585479449954],[92.08416878027245,24.137006833825225],[92.09864901871988,24.179709324966343],[92.11258722546816,24.181532007185936],[92.14670427654967,24.19141236624672],[92.1785824392895,24.20626930123696],[92.19946381788785,24.218071231636515],[92.2340237156477,24.242287871522176],[92.26259212430537,24.272307484323107],[92.27950050494907,24.2941628381791],[92.30294792140896,24.333103225073938],[92.31628150228062,24.375825823596035],[92.32834882463693,24.441974811197916],[92.40131618128162,24.61499871321358],[92.4062374036186,24.627977311454522],[92.41408927462096,24.651271867671603],[92.44569528504036,24.651615104318346],[92.48693336575514,24.65564382924208],[92.52658953609762,24.666696071857167],[92.56323010109166,24.684372234923543],[92.59504115065793,24.703440101420608],[92.62570498513593,24.725648988416854],[92.65149915403498,24.752486454604885],[92.67158672074606,24.78308499384632],[92.68531374290887,24.81645491594997],[92.6958158984259,24.851253383630617],[92.70320007255532,24.89207896793194],[92.70106275465146,24.933402706410217],[92.68948818497435,24.973416859135202],[92.67245656421987,25.01425901768429],[92.65617315067935,25.0449788419752],[92.63430085393111,25.072706290248398],[92.60748717328674,25.09661601419983],[92.51253410987661,25.167698292312693],[92.48968185296796,25.182649422553926],[92.32080051926033,25.278579272174706],[92.28911079896494,25.293435239789815],[92.13394532097769,25.352068528189996],[92.08913872895235,25.364075582376625],[92.04252607275932,25.36719934071874],[91.75583859037052,25.358356094190377],[91.7480178036378,25.357980687497573],[91.48552826111919,25.340888461096828],[91.44030022103266,25.346049433261452],[91.3524237468899,25.36843213777997],[91.28968917601728,25.375796243856204],[91.03439848145135,25.371886717262065],[91.02710096438167,25.37165870236499],[90.73290097428152,25.357735490186755],[90.62999797542182,25.364983256570792],[90.60844396027129,25.365530077033696],[90.55053855653289,25.364405565729715],[90.53689549886822,25.363752105109892],[90.44748823041618,25.35690581221714],[90.29885338729127,25.378330947406067],[90.18841738259263,25.407898775488242],[90.07906157061805,25.444138492918935],[90.06296518161605,25.448836233310562],[90.03016265899346,25.457155085122345],[90.04200228605718,25.53250388312398],[90.04348122630414,25.576048940324984],[90.02120038303853,25.8272491110612],[90.03829997074132,25.901245637760994],[90.04291104995153,25.941811443276624],[90.03817824242188,25.982366558024303],[90.02429352542192,26.021187382135555],[89.91151556781567,26.251170709532655],[89.88034808698777,26.296692054802715],[89.8414023019555,26.33931336090271],[89.8083503482645,26.368548975577202],[89.76919224729501,26.390931174743884],[89.7256651692778,26.405465530967575],[89.67970298559797,26.411506033539442],[89.62776225915796,26.413364412384208],[89.58262512178744,26.41081231030171],[89.53902312511613,26.40006210008178],[89.49879317780405,26.38156684587539],[89.46362814287885,26.356105686555676],[89.43032727701238,26.326433018187203],[89.4033532632788,26.29726192329935],[89.38309009696889,26.264009905860007],[89.37084956957685,26.22951354393383],[89.34474408566636,26.24687476919413],[89.32504775641547,26.271199628934102],[89.32228903502647,26.318743244893128],[89.31623044503763,26.35559950421813],[89.30256534490515,26.39078498067771],[89.26749909479794,26.45938586793667],[89.23975043973334,26.49990809535609],[89.20199003040749,26.53332989732441],[89.153818290209,26.56672197614695],[89.1191231779065,26.586432145012772],[89.08094329517952,26.600050717544317],[89.04563731196413,26.609341362427635],[89.00640719243042,26.61628433271996],[88.9664215633647,26.616787031792278],[88.92699364878642,26.610833039760504],[88.89550190472634,26.603398828722096],[88.85814589996501,26.59126598563492],[88.82383325424854,26.573339661818636],[88.79456212767202,26.550881969754553],[88.7728733739414,26.573563994047124],[88.67100349732549,26.660774167598415],[88.63216731646932,26.687299484189662],[88.53197413145931,26.741132156621642],[88.49663239871536,26.756464010514925],[88.4588104750429,26.765969150450626],[88.41970364055892,26.769347236155962],[88.38054835238326,26.76649159076537],[88.33222965112182,26.75905625901555],[88.28748355595768,26.747727881295635],[88.2463912443117,26.728288369957138],[88.21077102536546,26.70159904606031],[88.18219582629548,26.668841666336608],[88.16192354748735,26.631465526072567],[88.13799175247145,26.572108891514603],[88.12759844254566,26.535877112033965],[88.12501895359449,26.498538500800173],[88.13033823266042,26.461428863777826],[88.13594304001546,26.439220494894673],[88.15008767708821,26.401388478527192],[88.1611176486038,26.38432634397007]]]}},{"type":"Feature","properties":{"name":"Afghanistan"},"geometry":{"type":"Polygon","coordinates":[[[60.49444280165083,33.401897905730515],[60.3674223301573,33.251668743017916],[60.343261598850475,33.21548385475761],[60.32868209998199,33.175890015233264],[60.32431262352991,33.13463179462691],[60.3258935080432,33.05559116815073],[60.33018986429406,33.02122628022332],[60.34499855358893,32.95734531579695],[60.34983057338933,32.9404785010966],[60.418258346183556,32.74013740349634],[60.41835824979467,32.739844927552326],[60.48471818086324,32.5456019427943],[60.48484295285744,32.545237043298556],[60.59477136803634,32.22346027216417],[60.593942283377295,32.18672850221384],[60.56011056098841,32.020601371185],[60.55675854495249,31.99034998186018],[60.55460226560339,31.88044646575201],[60.555777216507344,31.85706577586541],[60.570036698581546,31.738517345515167],[60.56159458946475,31.688638534571904],[60.56186893736,31.630830719670797],[60.59137045115781,31.465474247647503],[60.603232811855754,31.426368463821046],[60.624175308426864,31.390146972177668],[60.65331429969997,31.35832109736572],[60.689427817921,31.33221743075593],[60.73100708390607,31.312923210118313],[60.76434834238641,31.30103116144731],[60.82037330083655,31.287785295894757],[61.07646981030385,31.255703713934302],[61.07705084156456,31.255630927521974],[61.31229429543856,31.226183144986983],[61.31294288799967,31.226102097118083],[61.5389301990697,31.197921815330083],[61.54271698305041,31.19405331354804],[61.582926089883905,31.050709697950538],[61.580860528483655,30.94180701450467],[61.575563249174344,30.925525245934725],[61.382686341251365,30.725384023321656],[61.15551353040119,30.489920200275407],[60.92860947837679,30.254775749299704],[60.66829251203135,29.984920086234144],[60.64333319015615,29.953112045473553],[60.62595849458703,29.917737098350962],[60.61681787753364,29.88013588352006],[60.616247376506,29.841731641466737],[60.62425835520544,29.803976192081247],[60.640538603042195,29.768295100063227],[60.664465522753005,29.736034089984127],[60.695130703603546,29.708408687483654],[60.731374801701286,29.686458910999807],[60.77183133443108,29.6710106295706],[61.152198262325115,29.561926396951538],[61.154067772288634,29.56139441512394],[61.45060097291426,29.477802674148066],[61.45143960706332,29.47756657278998],[61.93007055984658,29.342553517381962],[61.93105310210679,29.342276140607524],[62.30284801070459,29.237435502359958],[62.330880672573294,29.231173891644264],[62.43380305930749,29.2141613340526],[62.49850314059659,29.211655091352362],[63.55577012880585,29.29858985310421],[63.91209024923764,29.238564165307412],[64.02496030307962,29.204862741258882],[64.0711176861106,29.195621935866086],[64.11847736510384,29.19495809532331],[64.16497827971166,29.202900405121195],[64.20859592820126,29.219103547730292],[64.2474290621247,29.242862410716413],[64.27978148906841,29.273142227311887],[64.2885769810346,29.283322258645775],[64.30945498013024,29.30105293588211],[64.35898363958643,29.325590690922187],[64.45023753346139,29.35231633369823],[64.54317642408675,29.367028368667892],[64.7019724295531,29.369308101023925],[64.80786721061799,29.366759925127656],[64.8865815157345,29.356977331661408],[64.92874998091042,29.3551791296542],[65.10495482217918,29.361848418318267],[65.14948113977462,29.36738607664414],[65.23428567810602,29.385509878725863],[65.24424134821527,29.387843444384593],[65.53425369694769,29.46160928752987],[65.534880283482,29.46176865724143],[65.7297486302279,29.511418030318655],[65.73207159012341,29.51201944931776],[66.02695996635802,29.589442557799032],[66.02763407391996,29.589619588257328],[66.24268269803292,29.646189668289583],[66.29970811341718,29.66897465113412],[66.35385297112607,29.699046890203398],[66.40134918962048,29.734198996510653],[66.4570349139542,29.78841891435739],[66.49293293536579,29.835367455354127],[66.51947994306549,29.883858628446866],[66.53382924172197,29.91769420863667],[66.54087088862893,29.953224005495457],[66.54036313265708,29.9892696267311],[66.53231438863301,30.02463419223312],[66.51698407036324,30.05814208725079],[66.49487501287368,30.088678187565428],[66.48428863511039,30.1006986246889],[66.49042402527343,30.11250155023087],[66.50763578764764,30.162100132200674],[66.53156623324507,30.28974494603037],[66.53447895802384,30.325220534289812],[66.53042855002207,30.507068367271252],[66.52901283034466,30.525523765396308],[66.52009316394324,30.593334964154778],[66.56583214317726,30.740803309099068],[66.58286198701002,30.77769103315354],[66.61176137191154,30.792765037248486],[66.67576474443625,30.82227003072381],[66.72460728689244,30.852397201290525],[66.75360664919222,30.87574889546485],[66.7641811258247,30.88483040160798],[66.79260569372728,30.910865472366844],[66.82042129059901,30.94200855110341],[66.90767890348233,31.062634278640186],[66.95719551597374,31.097541199785724],[66.95729430022374,31.0975848104571],[66.97605892455137,31.085387860083323],[67.02395076461308,31.06140217666943],[67.07712094780675,31.047875753731052],[67.24815657463525,31.02283088163164],[67.31464762352505,31.0213653799386],[67.47982810166333,31.038125107065618],[67.5293845051393,31.04794487627484],[67.67268515951993,31.090922446601752],[67.7201357190899,31.110561988665044],[67.77332537824114,31.139371722412193],[67.83688239457261,31.165118474904894],[67.87748484308688,31.186154031154526],[67.91223207887968,31.213833412484753],[67.93966017791226,31.24699522333083],[67.95860867130001,31.284246652892072],[67.96827013953127,31.324021324055426],[67.96822566289184,31.36464464732073],[67.96391837296387,31.399955708593136],[67.95774165604527,31.424593215915024],[68.12862813898171,31.504395691315338],[68.17130337857351,31.529960702281237],[68.24160487253803,31.58299799418115],[68.29105891207617,31.571352297456947],[68.41423532862072,31.558198428521656],[68.46579701554971,31.5575753112362],[68.51625348106009,31.566649357995974],[68.54100467420368,31.576328996672746],[68.54528491232784,31.571770303852063],[68.61394966069575,31.510243246484432],[68.65215756977119,31.482644262513034],[68.69639672944123,31.46266444557341],[68.74461465769328,31.45122910839466],[68.83105618909144,31.439050031317286],[68.8711912469518,31.436396995177947],[68.91125886424543,31.439696206392235],[68.9500584819826,31.448848768465435],[69.05436717776017,31.48193549557647],[69.08547547752185,31.49407701320144],[69.1141596521581,31.509983229606867],[69.22374370156084,31.580952545380978],[69.25703659390572,31.607213796507736],[69.36088212694109,31.706675541299656],[69.36904365265114,31.714921405187088],[69.46149543392232,31.813513776628934],[69.48492116315339,31.84376311415312],[69.50147682089323,31.8771332533302],[69.5106012162932,31.912508736705206],[69.51198021739557,31.948705736146458],[69.49003597853556,32.261386265308325],[69.48992255377973,32.26290017673504],[69.47902051469123,32.39990632745745],[69.48851146603708,32.41878526931749],[69.52682798855223,32.451652469631526],[69.55487498311959,32.48075711151591],[69.57592112604942,32.513802444621184],[69.62200268644304,32.60610252640778],[69.6359023431028,32.64428937201469],[69.64041627766932,32.684050549287605],[69.64023429601843,32.71035716353159],[69.65520363795783,32.73141936614581],[69.67201040324385,32.760081822322974],[69.68311810969496,32.790645958653364],[69.7093638041114,32.89120149630482],[69.74611406715094,32.899454152280015],[69.94291425028001,32.91560654659454],[69.99415790717606,32.9246659338947],[70.04176856734533,32.942980574060584],[70.21166742317668,33.028412176827565],[70.21710210584122,33.03122263691664],[70.38779806981591,33.1219682253168],[70.42360418534813,33.1452611520179],[70.45345383975045,33.173844972262074],[70.47624604168676,33.20667127072374],[70.49113573865365,33.242534825384716],[70.51438061608353,33.32251738297464],[70.52089864137353,33.36147072111365],[70.51805931401802,33.40073222104054],[70.50596241892171,33.43874892354316],[70.48507524843987,33.47401508250972],[70.43058942859597,33.546656529479755],[70.35266927009015,33.69864666745451],[70.33360380072038,33.72842916892535],[70.30616739880766,33.76363954403024],[70.38189243262015,33.754644417432196],[70.41824547933452,33.75265102945771],[70.65597471497773,33.75451208241265],[70.69720274774733,33.75778379810768],[70.89120506322323,33.78731414646914],[70.9376579016807,33.798483739681565],[71.1404081534464,33.86616680392532],[71.18021782091901,33.883163227139825],[71.21551286003448,33.906028158347944],[71.24505044331936,33.9339588776524],[71.26778693241485,33.9659740534127],[71.30766918345333,34.036458512656544],[71.32507420751527,34.07936693915525],[71.33025160490378,34.12442774689303],[71.32838900920075,34.20210932237002],[71.3315945959459,34.265185190526445],[71.33169239096026,34.267403815307574],[71.33528533888563,34.36358348358052],[71.33198440896956,34.40294896661066],[71.3192661091939,34.44098858589742],[71.29762525878782,34.47618526722161],[71.27256180594195,34.50229522107197],[71.28227894736642,34.51419421754732],[71.31383986814865,34.56827233254293],[71.40058545570673,34.64363686664994],[71.42880439704682,34.67332405377165],[71.47571379662297,34.73367685059141],[71.50376536232962,34.75202273102236],[71.59592419686972,34.806449103556396],[71.63234654317431,34.83287097558388],[71.66159181496285,34.86474300850803],[71.72373042750154,34.94881663578426],[71.73624964815603,34.968044014793506],[71.74850463558903,34.98964136550992],[71.77832770657018,35.01575092955283],[71.80142482217182,35.03933380142094],[71.81987548129173,35.06551712534914],[71.83878738896303,35.097806404628784],[71.85597462931504,35.13748493979855],[71.86251256691408,35.1792343204387],[71.85808915162353,35.22116507636974],[71.84288841538948,35.261376699755445],[71.82771884100033,35.29016249226899],[71.81266331991763,35.313544539026694],[71.82691514314733,35.336767016418314],[71.83936059960402,35.37271439568415],[71.84329999688846,35.40992460421331],[71.83858134155277,35.447071263837884],[71.8268666006501,35.494666861353636],[71.81264223427986,35.57526947134184],[71.80208090022265,35.61100482215771],[71.7835505566953,35.64452843356093],[71.75768377490539,35.67467868670966],[71.74187452403359,35.68986007043602],[71.72031932577875,35.76172007444624],[71.7114522361605,35.7849338501991],[71.65569234865042,35.904170147153195],[71.64402462527023,35.92526481926901],[71.6141390826059,35.97175098135783],[71.59240260029695,35.999585851871245],[71.53778054851874,36.05801915563292],[71.52859018138507,36.06618964209904],[71.63670669678945,36.153575086778744],[71.6557548286367,36.17084968571762],[71.7140527884998,36.230307528855455],[71.74468270124136,36.23015850320521],[71.80079468306113,36.235422799502494],[71.8499089669046,36.24419489674606],[71.89579605293119,36.26084187633086],[71.93653644295037,36.284667868939955],[71.97042176879464,36.31467640863796],[71.99126226408771,36.33741775560737],[72.04809006000961,36.365149760526506],[72.06287195394685,36.372953543277184],[72.23758102292976,36.47231860709513],[72.26823680071382,36.49288447641862],[72.29437222961026,36.517154558841305],[72.31725388778895,36.542235500827026],[72.35692647610276,36.546174097607825],[72.393432178735,36.55206356806882],[72.49739449206714,36.57545104841373],[72.53235788962115,36.58563146447544],[72.62533502156978,36.61920314635371],[72.67312567761185,36.633618479894416],[72.77739556251059,36.637551724025215],[72.78861071375144,36.63817533350553],[73.01558021063155,36.654751653646905],[73.03546703818337,36.65684034971413],[73.14449921622402,36.67186876788467],[73.42064914855659,36.6842015353708],[73.73306036458827,36.69017392645567],[73.8242975347018,36.666785376972825],[73.91057632610172,36.639427579552766],[73.96604177792665,36.62757134667192],[74.02343574096489,36.62630324286786],[74.06035499229739,36.62893595098214],[74.1124146368971,36.63722513725104],[74.16108866448707,36.65423147167868],[74.30749506890409,36.72103874257924],[74.53180057399624,36.80341425503756],[74.63996555144287,36.841123900017266],[74.68140798153583,36.85948731335902],[74.71774276000097,36.88381219301639],[74.74763893961654,36.91321048904536],[74.76999699747114,36.94660807028355],[74.78398947653868,36.98278342172747],[74.78909231408393,37.02041183147149],[74.78787126476347,37.03196076967771],[74.78832177772938,37.03184906503827],[74.83383905680905,37.027608190416494],[74.8795727083076,37.03011006652273],[74.93052070298125,37.03669069732991],[74.97633533175858,37.04623871808346],[75.01906799944922,37.062538047917485],[75.05716767641576,37.084997401731485],[75.08924821446253,37.11280173544286],[75.11413829340911,37.144941323672],[75.13092421918988,37.18024788284507],[75.13898400993297,37.21743652533925],[75.13801142621003,37.25515211229402],[75.12802888263441,37.29201839281254],[75.10938852254952,37.326688184427695],[75.08276114278104,37.35789277293556],[75.05538783378051,37.379531009049],[75.02378227451246,37.41052254894485],[74.99694383761187,37.43295623130899],[74.89701970304019,37.504184727442976],[74.86866690875634,37.521601767682085],[74.79739982912982,37.55913455334232],[74.75936334980878,37.57555189300668],[74.71828457726356,37.586488541670164],[74.67541220348224,37.59161145862915],[74.63205085078529,37.59076437692509],[74.53665002071533,37.58224236611978],[74.50747513732047,37.58711014335302],[74.4219669353068,37.60775490331389],[74.38041673279342,37.614767218950306],[74.33794865852373,37.61608241321339],[74.24836275441386,37.612762201038876],[74.20387974190143,37.60789043098393],[74.16121449134145,37.59677678771873],[74.12175656693921,37.57978307273826],[74.0867889625299,37.55746248083183],[74.03062155931255,37.514416076497234],[74.02478867196712,37.5088840640795],[74.00174901934483,37.504247475196635],[73.95156937189836,37.4914010188234],[73.94793507143278,37.49985665690156],[73.92555072874686,37.53140086558302],[73.89625044859518,37.55916079227163],[73.8610162583166,37.58219921508623],[73.82103388232554,37.59973743743817],[73.77765267606132,37.61118206353571],[73.72682922188869,37.620572985345966],[73.72012733815396,37.62241602067625],[73.69749843009434,37.62958050045148],[73.6685193699827,37.63715538224232],[73.54489851367653,37.662861860790656],[73.49874370019201,37.668840114966436],[73.45197321684688,37.667884916223024],[73.35328389008673,37.658444992769034],[73.2918562295776,37.646124991915784],[73.1197190486741,37.59224961052617],[73.08952809957141,37.58086138659643],[72.77339161899175,37.43960003303075],[72.7334486582332,37.41729497396751],[72.59488711337812,37.32229329924427],[72.5642457365556,37.29713739322807],[72.5396758819929,37.268079445777865],[72.49646341447753,37.20559505435991],[72.3115510466723,37.176942751474485],[72.24788134999345,37.15960979233738],[72.04224565066558,37.07706243819646],[71.99999950508143,37.055510398637765],[71.79799029263803,36.927338872385185],[71.76570219359188,36.91069742834832],[71.76348711468187,36.91444361020353],[71.7107263857236,37.06781183314326],[71.68506675739971,37.14256571947887],[71.70141938657801,37.24815230636541],[71.72684493300662,37.41234995734893],[71.75204801805748,37.5745994085952],[71.78837238883519,37.74239109656399],[71.81313891171175,37.79178800472452],[71.82549046210691,37.824277445302464],[71.83064470461971,37.85794890942253],[71.83265161135111,37.90379098889588],[71.82901495415702,37.94486234055687],[71.81466378356998,37.98443652973766],[71.79020538146456,38.02079427547575],[71.75669015436726,38.05235367013456],[71.726415202951,38.0754427980107],[71.68755015768043,38.0996811316489],[71.64335911602157,38.1174109136771],[71.59557500276657,38.12793546770119],[71.57781433495717,38.12898018848563],[71.58408857434164,38.16629576141088],[71.57938505282577,38.20910300861715],[71.56301684369309,38.25008677659874],[71.48650832880176,38.38693901209536],[71.4643308444354,38.41838448545838],[71.43523203056218,38.44614828808643],[71.4001711975184,38.46930825953846],[71.19624475735077,38.58043470135592],[71.16042976878349,38.59665435790287],[71.1216895546511,38.60806930000855],[70.94804539487467,38.646696401173664],[70.90099081165282,38.653440221369365],[70.85313996347618,38.653121120733175],[70.80621722223906,38.6457503726638],[70.66291404085463,38.61183561686143],[70.60989971242178,38.5938482088382],[70.56350561390863,38.56690736962192],[70.44335126757215,38.47860828027462],[70.4158165347599,38.45474051114545],[70.39359377257992,38.42769152618377],[70.30292566868116,38.294373003562],[70.21981328594681,38.19796067661521],[70.14389595895751,38.13198978639382],[70.08915062005428,38.09991132078777],[70.07271590711213,38.089395637276304],[70.04858224038861,38.07256688757811],[70.01738713092996,38.0464588404537],[69.9926997529863,38.01634230230309],[69.97532600259893,37.98321012512379],[69.96020032038925,37.94480089388364],[69.94979589935495,37.90262088135878],[69.9511761591796,37.859669571894194],[69.96425635743725,37.817973125071674],[69.97465449221119,37.79557517510507],[69.96529703346596,37.797155308140354],[69.8452644811807,37.80645916648482],[69.79631958910868,37.806417154258185],[69.6007022804755,37.79085665044587],[69.53590841411751,37.77858284384902],[69.40193950655733,37.737522424186146],[69.34805859469931,37.714603358138476],[69.30285306148727,37.68200016820317],[69.23092003814088,37.61553428477873],[69.20563989092345,37.58753364322992],[69.18687990173692,37.55648166633843],[69.17520188931957,37.5233216988647],[69.15834122897952,37.45187075057624],[69.11854901387026,37.47790110658935],[69.07040363994079,37.50257786540663],[69.01640110557017,37.51784405829951],[68.96765297970316,37.52675352399741],[68.92691059400018,37.53141650348278],[68.88575340615449,37.53068225515918],[68.84531206997188,37.52457088993575],[68.81868895658941,37.51869714769569],[68.77890943887044,37.50693095094311],[68.74897198004409,37.49567588882781],[68.70989700851915,37.47733833574157],[68.68900659850468,37.46289121543913],[68.66909161333871,37.46110555036051],[68.61486129669817,37.45146277656015],[68.57311197261758,37.44088322541864],[68.53435625267124,37.42464273824959],[68.49979973696658,37.40324732962181],[68.47051472238584,37.37736318043773],[68.46936305490179,37.376144201962546],[68.44207692252853,37.36376894434193],[68.30231201362552,37.323501851378886],[68.24397816542958,37.29926315071487],[68.15648327047663,37.25009160952241],[68.12183626095849,37.2265077163316],[68.09320206782417,37.19827174370377],[68.08951520969127,37.19283835096959],[68.08120666994614,37.18955077603696],[68.05020274591023,37.17415679074537],[68.02173498707558,37.19541575127861],[68.00081709032088,37.21869067119807],[67.99757763506408,37.23366588677672],[67.98384703681724,37.27267401729775],[67.960407477305,37.30863285552758],[67.92823242161568,37.34002960171893],[67.88866762256997,37.36554171176241],[67.83567229815631,37.39304009824258],[67.78842836219926,37.41216213000471],[67.73714406119304,37.422876867765396],[67.68416191399528,37.4246947317658],[67.66637502267734,37.423790221044854],[67.63653384127502,37.44028040311669],[67.58742971075343,37.45647059539823],[67.5351058908217,37.46399139242134],[67.48196386524666,37.46249761136033],[67.40618960746201,37.45383401010859],[67.36750983579891,37.446857999827444],[67.33072549390435,37.43508144567295],[67.30710158311095,37.42570895249006],[67.24380968689384,37.475520880304714],[67.20585125928667,37.499991697659034],[67.16258493455479,37.518093204603],[67.11568447090612,37.529123998795505],[66.87398107104327,37.56568642111563],[66.80473763171074,37.56829426108659],[66.49872493259909,37.54544769128018],[66.49005504865778,37.544802288656584],[66.4090110121958,37.560409955581754],[66.20089853321235,37.60051689731824],[66.02369117870175,37.68017624214964],[65.8881259802063,37.74121244560584],[65.84369352036236,37.75686393670579],[65.79626466838006,37.765399387318375],[65.74764604211241,37.7664937554036],[65.6996905652269,37.76010548564644],[65.6542252490614,37.74647810639316],[65.63299769971464,37.73815799777886],[65.58045827809106,37.71049927719805],[65.51959114116688,37.6687207114962],[65.47337101597398,37.62647330060531],[65.43165850437931,37.57508542223673],[65.41315181527717,37.5477589923582],[65.40027296159329,37.51846919408202],[65.3762771500052,37.44596587825972],[65.29765750805004,37.44453450693319],[65.29080482238597,37.44433239573624],[65.07629329718952,37.43546495552056],[65.03565522345092,37.43105577655938],[64.99649349798786,37.421393862510314],[64.8581384041405,37.37690306242562],[64.82834415314859,37.365402739757535],[64.69289396033945,37.30379143474236],[64.65745418688591,37.28419063035096],[64.62683560950599,37.25999478508536],[64.60196196243992,37.231937816177435],[64.58358026905992,37.2008698663124],[64.54988493791609,37.12800700896483],[64.54173700606653,37.10675107145224],[64.51399934613299,37.016398032170706],[64.43734067529273,36.80589429985634],[64.36614737600716,36.61021743862408],[64.36259040276627,36.59925597615448],[64.33292205038057,36.49561581045105],[64.31153184256827,36.46153470945092],[64.21287007919747,36.387517252016615],[64.07121163729146,36.324510130443244],[63.98456924565336,36.29043388832053],[63.93479711142121,36.26437117485467],[63.894292997832196,36.22941687859077],[63.87967416429512,36.21323907778134],[63.83287736113069,36.20866628693184],[63.78534134906461,36.200067351944945],[63.619083550930924,36.15542477117474],[63.61036734228924,36.152928306847556],[63.43702838697281,36.10012471412356],[63.263981270763814,36.056141039236074],[63.17868721724162,36.05615690783674],[63.14218918327406,36.05393344411836],[63.1065192375146,36.047324701780724],[63.05749127290493,36.035037581240594],[63.01752501316371,36.02177242827561],[62.98109245098841,36.00301634899668],[62.949334815952646,35.979358546863835],[62.92324399801322,35.95154151371542],[62.90190354720239,35.92401710756515],[62.88230805160268,35.892915691821045],[62.86979266787506,35.85950299721196],[62.86473963962806,35.824823701065206],[62.86729707656564,35.789960708331485],[62.877375523548594,35.75600128014012],[62.89482680830396,35.71390200561433],[62.89400407117384,35.71264344437409],[62.85901400041668,35.643101062713235],[62.84485894413148,35.60359803391169],[62.83739971763794,35.57007059853365],[62.73311878351337,35.5192461717039],[62.717406135038004,35.51088689715086],[62.59197251352033,35.438234407033896],[62.587096116590246,35.435973591524686],[62.581752240901565,35.43444582692664],[62.56974729219856,35.435487491820396],[62.51035040232558,35.44518733444841],[62.46941242550854,35.448954491850934],[62.4282859973004,35.44702180916391],[62.38816310884789,35.439445554553295],[62.375932761412265,35.436221773534044],[62.37477352343192,35.43721093264008],[62.25127553432812,35.527116400216634],[62.234705736839636,35.5381275743239],[62.128841004386125,35.602262329572724],[62.09251436931378,35.62044040058941],[62.0528285851493,35.63317699242037],[62.01101022257263,35.64007836364116],[61.965098713889844,35.6442838793222],[61.92666965632883,35.645310280166626],[61.888528014236734,35.64140030008715],[61.80128175676827,35.626650086049764],[61.72413389169599,35.61898030825719],[61.686204921384295,35.623928049436245],[61.673005226284715,35.62823861897412],[61.60164792154377,35.680156485730066],[61.572925194901984,35.71108014858965],[61.54088652820535,35.74647891338617],[61.51179969118281,35.77316697059115],[61.47726200727178,35.795186987922754],[61.43839712147868,35.811820428430295],[61.396472453123515,35.822524280759076],[61.35285726697418,35.826949101551314],[61.3089771032957,35.82495062792999],[61.22606862012518,35.815007781525],[61.17708857536133,35.804811991067815],[61.13178579024942,35.786635357860035],[61.092117243990124,35.761264846460236],[61.059791632056054,35.729797658942395],[61.03619540725479,35.693592980591596],[61.02233379547012,35.65421249485585],[61.018789204105765,35.61335240401554],[61.025698522271234,35.572770018617014],[61.029445129684945,35.56039484813839],[61.01430949827278,35.53507011575382],[60.99521711669008,35.486945254092554],[60.97609569015061,35.44123680268262],[60.94899570415918,35.4269917275951],[60.91474964022612,35.39990409988512],[60.8877119079906,35.36787306591928],[60.86892450401343,35.33214419695123],[60.8591056047028,35.29410500987162],[60.85862323777913,35.25523068362019],[60.86544649399854,35.19240973974774],[60.875253425749854,35.151597364410485],[60.89200627332506,35.107201766411904],[60.889802113225336,35.102466481900166],[60.87638033207423,35.06177483479683],[60.84410969449107,34.99099967363283],[60.830551239471404,34.944967099303405],[60.83075818786665,34.90141545089449],[60.804289828006965,34.874874965806896],[60.79164253228726,34.86098289092776],[60.75869286867729,34.82123478669346],[60.738947261501714,34.79248581232669],[60.725802075890726,34.76252326604947],[60.69351235921104,34.740955894184474],[60.68848316656688,34.73734723564159],[60.64827957651833,34.72751454325954],[60.60618520786575,34.7091544809079],[60.56935053102332,34.684334238598694],[60.53922270509134,34.65403306196505],[60.51698055830081,34.619445026415285],[60.50385920988489,34.59295875260611],[60.48912219906195,34.549536760639846],[60.48675360692861,34.50449657594797],[60.496271089649774,34.46275675946138],[60.472333978729644,34.446160164225795],[60.44463755701968,34.41844744710879],[60.372301372893475,34.33078696964073],[60.36114178789094,34.31585930672184],[60.27689989865746,34.19087154259372],[60.25695884502447,34.15189142114321],[60.24754205538523,34.110297214464495],[60.24906657139675,34.0680006827829],[60.28464505735387,33.854039658547606],[60.255729925802726,33.76172109170193],[60.248788575251616,33.727182522490864],[60.24930547708681,33.69217105505846],[60.25725534808802,33.657786980137075],[60.28233035227619,33.584843213822396],[60.29722873853963,33.55250272982315],[60.31867806041937,33.52282283815617],[60.3460147764606,33.496713252410856],[60.40898503663247,33.44621124617315],[60.44364736120554,33.42317313771093],[60.48284021097306,33.40590560524283],[60.49444280165083,33.401897905730515]]]}}]}