{"type":"FeatureCollection","features":[{"type":"Feature","properties":{"name":"Thailand"},"geometry":{"type":"Polygon","coordinates":[[[97.32427699187545,17.992029633802215],[97.343428707794,17.953863139352382],[97.3269381929978,17.89760091573983],[97.32112505315479,17.829243631604967],[97.32905184927125,17.761053639290143],[97.33702556663897,17.724644835541252],[97.35915569882206,17.657351590545005],[97.39460872021495,17.595436794319998],[97.43053385199966,17.554395640199772],[97.47616543332728,17.486951349541872],[97.51023468439261,17.443986969874977],[97.64076214679528,17.302518387613343],[97.76932996878584,17.1489757309448],[97.8809015162663,17.01571883680142],[97.88822754237837,17.007229237209902],[97.97018262575618,16.9150920829318],[97.99302063926595,16.891600446597053],[98.09983578493912,16.791002636380217],[98.10308819638972,16.71770523631677],[98.11326116063688,16.648439343317627],[98.1372204342183,16.5823517992748],[98.18235370535055,16.4883796885868],[98.20077591808301,16.454779222357086],[98.2350853405442,16.399459594753218],[98.24747203875589,16.375469718097495],[98.28952344854594,16.260442060272414],[98.28172240805172,16.25156135211611],[98.24393083923313,16.18221840513335],[98.22269062237324,16.10664772174136],[98.2045249246116,15.994571187249946],[98.20150297521315,15.970687327127008],[98.18598014108862,15.800663339505158],[98.18459156981476,15.774737693636212],[98.18205058124602,15.616178705517978],[98.18041924420776,15.615130557237732],[98.15919000989524,15.6097663045163],[98.09833532186333,15.582385042727891],[98.04438512404637,15.552115725109504],[97.9769283378432,15.503651244035314],[97.93571832071036,15.466353503783875],[97.88694839101677,15.412408607171763],[97.85026278121688,15.350209482865234],[97.82710726536024,15.282226579814983],[97.81411323919694,15.22552411106707],[97.80563587751836,15.162383250819973],[97.80883772383218,15.098781423690316],[97.83332830818556,14.927354129374505],[97.84223065335661,14.884448087844264],[97.88630806431362,14.723346972663162],[97.9088808207367,14.66308686666376],[97.94214026451583,14.607647300373502],[98.02841380662888,14.489388210663705],[98.09652930056446,14.395969581926444],[98.09681096417937,14.395583604147285],[98.18712537616302,14.271900068659967],[98.25790236464586,14.165469862750962],[98.29104789731285,14.12288743188486],[98.3303124093476,14.08551711007082],[98.47713045224332,13.965004269620042],[98.66013656125678,13.80498513714653],[98.70435851629617,13.749039611308756],[98.75619433268871,13.659142240684945],[98.77730929452262,13.615008143236741],[98.78927389566455,13.528306135833375],[98.79277596582658,13.507543749708267],[98.8023819413087,13.459433201416186],[98.80482500811932,13.327853561911091],[98.7958023144222,13.310906404084134],[98.76620036924491,13.241390281615335],[98.7446416073606,13.171278242071152],[98.7381186549932,13.098369779341114],[98.74688832702154,13.025685032478794],[98.76349010082572,12.952960104410177],[98.78588993489498,12.886294020270737],[98.80711170303096,12.84946401910973],[98.80895007945027,12.826611715732968],[98.82197129057099,12.772866388995496],[98.86843121664704,12.630751328937686],[98.89849724122867,12.56340113995899],[98.94194397122128,12.503411601865015],[99.01949590825494,12.416629804198068],[99.03493525622964,12.402147618773972],[99.03899982133497,12.378484198986701],[99.05700119536851,12.314522712917986],[99.07036905302547,12.243865795618829],[99.07540873267467,12.221298193652414],[99.10602631992276,12.102548874081112],[99.14528200103086,12.008684928698267],[99.18259628158077,11.946324819393423],[99.20936280209676,11.85684038952381],[99.20341133583685,11.851425370413551],[99.16206347906962,11.796001895538296],[99.12685877614713,11.737857994647134],[99.11392212269338,11.714569310572227],[99.0355205377388,11.560029683508633],[98.89075242644878,11.315600661900215],[98.75927158952783,11.167513010165669],[98.64369968209381,11.057374536264515],[98.55608331025654,10.987454742325808],[98.51151516468151,10.94524838539836],[98.47483173400627,10.896278204686663],[98.44518283079327,10.848737009428245],[98.41551754363826,10.789582885508638],[98.3973511388741,10.726110989507225],[98.39128653623568,10.660456438422143],[98.39133468541912,10.623107371142249],[98.40394328630839,10.529964318449677],[98.40698466870803,10.518873008311118],[98.40523262394652,10.486698241149686],[98.39613679704829,10.452653275287867],[98.37125901029661,10.378124969033596],[98.36052593861424,10.338451521803648],[98.35097782939991,10.29281287770918],[98.22207433746455,9.968326802373214],[98.2074922888085,9.922931346194963],[98.15557645522172,9.714057269582739],[98.14666646253797,9.701762491433447],[98.0990350430327,9.611116001193752],[98.02747370704095,9.408753319552398],[98.0227212612157,9.389294154093506],[97.97712307838182,9.338256400916457],[97.93984274243928,9.273161051408504],[97.92464110832604,9.238673306494313],[97.89773100701701,9.143820768358363],[97.89017756182231,9.08922766602827],[97.88734684754426,9.021281880871951],[97.89751320076445,8.954042937018809],[97.91072552416523,8.916872744305413],[97.90565295259889,8.904717479961782],[97.88754735715963,8.848744831255264],[97.87890337494665,8.790619176828908],[97.86431448879055,8.566409079561195],[97.86513537659657,8.509883889099413],[97.87649598964457,8.38935665114835],[97.8942107120176,8.307150701796788],[97.93959293524864,8.174792816643539],[97.90552535403425,7.990418857277862],[97.89966640399966,7.91829010048303],[97.90849091790851,7.8464853808162935],[97.94261412093083,7.696543131200874],[97.96668423364704,7.625885633333331],[98.00493521983375,7.5617017228920345],[98.05571532188674,7.506751298334488],[98.11683695591316,7.463396200439713],[98.18567085547255,7.4334994268714745],[98.25925860768682,7.418345699772526],[98.3344388666861,7.418586675416945],[98.4079820135443,7.434213069728088],[98.42730231214308,7.440453952017821],[98.48668152845858,7.465622482175346],[98.53086689515297,7.4944533313290815],[98.53576953029275,7.495883725777023],[98.60202695089981,7.531252014413389],[98.64052722062233,7.563492953405197],[98.65166000107041,7.564665676013088],[98.67547029948936,7.571842160675964],[98.67538056931383,7.549594523982499],[98.68060885006929,7.487265189091154],[98.69663524279653,7.426793940926658],[98.72297005620206,7.370008530241577],[98.75317292076545,7.3174553219450145],[98.8018728386766,7.251488835201582],[98.86432848063849,7.198181352840231],[98.90083221533658,7.173595802531834],[98.96376083597858,7.139707592547252],[99.03218265537305,7.1187904939420115],[99.10342536997143,7.11166149784155],[99.1106719700594,7.112367598310809],[99.13513241435746,7.088993152954586],[99.19710236649036,7.050145129041702],[99.25081106894658,7.023608085827433],[99.26680175834534,6.998391274231115],[99.31623012319682,6.934962827500822],[99.33635141087512,6.914106804961968],[99.33631186545884,6.913729889568689],[99.33631111430262,6.8815031288014215],[99.31849955164003,6.847712667602153],[99.2712320990043,6.730382024177218],[99.25096826923712,6.660104268186505],[99.24539797205672,6.587221743728009],[99.25474262061519,6.514744413971127],[99.27860824784638,6.44566338848041],[99.31606039436113,6.364994786356639],[99.35375385134519,6.301729781811409],[99.40358704637777,6.247443646189663],[99.46347234968462,6.2044052174639965],[99.53090439113251,6.1744126719549355],[99.60306444119844,6.1587189690780795],[99.67693748657081,6.1579799197227825],[99.74943725718308,6.172226969824684],[99.76846542048612,6.178030370522534],[99.83596652811993,6.206339005222593],[99.84279988880657,6.211009265810825],[99.88607939046518,6.167026620368911],[99.9420399496429,6.128367308096214],[100.00429505160547,6.1008709125264255],[100.07063153042499,6.085514221093536],[100.13869215904933,6.0828428436030055],[100.20605879249155,6.092951974806593],[100.27033761692851,6.115482997841472],[100.32924358433647,6.149636050845807],[100.34667488252182,6.1647393809770605],[100.43572799758655,6.131144940473339],[100.46034764412026,6.12284958558387],[100.52591765688433,6.103338739253853],[100.53647466674396,6.101411862483684],[100.57318907385535,6.046341501454933],[100.61427136339123,5.995429363221464],[100.6521627298683,5.96286493065747],[100.64943247042946,5.956312112512737],[100.63593892532583,5.898445038652812],[100.62487345272051,5.823288123382379],[100.62125243721282,5.758886616597624],[100.62921690181312,5.694882567669135],[100.64850549781733,5.633332788668507],[100.67849370633125,5.576214068488332],[100.71821445194556,5.525359899139518],[100.76177084257328,5.478863659156722],[100.78722774854053,5.454232119511958],[100.82359707358655,5.422346609372675],[100.83851362436873,5.404711316723862],[100.89330120107765,5.352295874213792],[100.95786248057797,5.312497728471857],[101.02933613403098,5.287078327413812],[101.10455672638379,5.277162467611287],[101.18019404777372,5.2831889438002095],[101.21385717928081,5.2894794602096455],[101.27528097902233,5.306687285569944],[101.33271112423296,5.334436452566635],[101.37565969684239,5.360094934521907],[101.44509671689347,5.414059283681207],[101.49046880730153,5.47185826777381],[101.49162797392644,5.471157491197029],[101.54775718904128,5.4435574427358215],[101.60781666124741,5.42605644647996],[101.64889542638402,5.417861927851891],[101.70609565880766,5.411129626444016],[101.7636382899384,5.413573829843902],[101.83476841944298,5.422305484443778],[101.9023408299422,5.437273941891388],[101.96580342716166,5.464855407154372],[102.0486675992959,5.51075675280058],[102.10745306772475,5.551403060258215],[102.1570464674182,5.602831928116091],[102.19549421348182,5.663022227875913],[102.23909936535252,5.749060075823921],[102.25362075938827,5.78640114262002],[102.3087522184202,5.840683912498262],[102.3575346273409,5.900255691712183],[102.39250661762593,5.968813138693369],[102.41206319556562,6.043225146403282],[102.41540934399454,6.065426973647479],[102.44466012224932,6.131754455380874],[102.45999124890693,6.203379509787681],[102.46044613435433,6.276623798319777],[102.44599753873993,6.348450785149226],[102.41723659306984,6.415880570998794],[102.37534962075163,6.476113716692019],[102.3220700100059,6.526647900913021],[102.06788402020922,6.722493747563644],[101.91621785151568,6.951830474929777],[101.86511759427233,7.01303158260437],[101.74880356340037,7.12445631511996],[101.68823526806233,7.171222466673259],[101.61910077222511,7.204239324519122],[101.52195120045565,7.238556426598378],[101.43299039594052,7.257871367237393],[101.33396674214407,7.266621439115889],[101.27784746236642,7.267226142425815],[101.22230928902185,7.259194813290184],[101.09943228101761,7.231582385104138],[101.01407109039926,7.282262823683675],[100.95323596228755,7.340718108661334],[100.93127157535602,7.36016303424478],[100.8598413032041,7.418377863667764],[100.84304190373345,7.463170901908037],[100.8309704833527,7.491565636666835],[100.79936923256636,7.557799397458198],[100.63485554956833,8.34221108497968],[100.62520101423347,8.378507808023848],[100.57466103877725,8.534774232503441],[100.55041606613932,8.592084384101485],[100.5165551908577,8.644401330963248],[100.45134702788356,8.72815839385902],[100.40257103845306,8.779466204887742],[100.34460135567612,8.820370057421353],[100.30617247852801,8.837490785039213],[100.26595188815185,9.157647430919122],[100.26358787540123,9.168103477187143],[100.26769871436463,9.170435968643313],[100.32518967319207,9.221687264351118],[100.3704354812095,9.283773956757265],[100.40138661286126,9.353895359507613],[100.4230401372388,9.42188843666637],[100.43750167338389,9.489240559609069],[100.4387004015767,9.558073527544872],[100.43417733604359,9.614673900313859],[100.43149908406195,9.62923475104187],[100.43415767409412,9.639482746648715],[100.43879120810985,9.703873349625667],[100.43778073037186,9.756318038292886],[100.42962935149694,9.825385094351665],[100.4081416841964,9.89160940673313],[100.37411318663962,9.952513020336152],[100.34454374089151,9.995074687150723],[100.30084712410606,10.046795775674745],[100.24811623391832,10.089579432790655],[100.18819901596181,10.121923333299591],[100.12319799432115,10.142691385256052],[100.05539598291662,10.151154043364096],[99.99526383536406,10.153058471738401],[99.92581412210586,10.148711943144642],[99.85846229187788,10.131460646592789],[99.79566029125613,10.101933396492875],[99.7396925487078,10.06120583453643],[99.69259229273491,10.010760785988104],[99.65606746614745,9.95243373528273],[99.6314389639841,9.888345507717693],[99.6195933951431,9.820824705749562],[99.62095196960637,9.75232280133662],[99.62437289355091,9.73652470608025],[99.59573052463898,9.679563841997695],[99.58899179220691,9.64949892103113],[99.58201751394719,9.647377826822614],[99.53507392877398,9.750489686461435],[99.527715854243,9.776326587707425],[99.53353532211327,9.908106365903944],[99.55797578662082,10.138500319714666],[99.55957603471481,10.19222746792788],[99.55833415515295,10.21908208474655],[99.56838674429622,10.235965658505023],[99.5912062935677,10.298313271035244],[99.624902109557,10.426227550641746],[99.79789583302241,10.699868582593032],[99.83189508854701,10.769138810443849],[99.85014549909457,10.843920561679102],[99.87184327648691,11.009133698796894],[99.90133632302197,11.080855097577622],[99.91597225234834,11.124161312699657],[99.97319708421912,11.337844186122945],[100.03669920955603,11.466197344726687],[100.08193840439553,11.519859702603116],[100.11633970461786,11.568229943579961],[100.14222658330638,11.621451905557898],[100.15889954595896,11.67809844468113],[100.17936426124511,11.777620294335222],[100.21408623100288,11.818859555004387],[100.26347580959863,11.895389448636685],[100.32239289632321,12.018660131705442],[100.34435319057086,12.077412110049355],[100.35557992222441,12.138994595386134],[100.37244230784414,12.322915045403475],[100.37129513546098,12.397819735841445],[100.33767176308045,12.671422362213338],[100.43449919426257,12.916536139369885],[100.45515161152368,12.992794781963648],[100.45825644360171,13.071606357720466],[100.44466936682264,13.14375956385381],[100.55451722688184,13.15467171352333],[100.54725917221253,13.1283107991402],[100.53485652425954,13.046806635365755],[100.52926923809372,12.878558514984592],[100.51103819266038,12.821208510429697],[100.49629844971095,12.750112751073964],[100.4964856437163,12.677579199989305],[100.51157945369532,12.606556779571882],[100.54095471593112,12.539930552519953],[100.57547940265742,12.479280821993934],[100.61170975679813,12.427004016798938],[100.65672513926714,12.381709479499905],[100.70913932672052,12.344787949410282],[100.76505126984858,12.312258206122337],[100.8256107694453,12.283962679517833],[100.89041264992308,12.266866007445065],[100.95731056639077,12.26153442322265],[101.02408954554517,12.268144575343557],[101.08853845776001,12.28647773054402],[101.13180792743746,12.303088613531747],[101.38721226153582,12.263658475744254],[101.46267101608684,12.259634766815674],[101.53738485089167,12.27073288643893],[101.67292006355478,12.305010995057335],[101.71254242867185,12.277531058503296],[101.76796305657777,12.247978481504582],[101.81917908906478,12.225424904006214],[101.84033349556,12.217945631998523],[101.86786560559293,12.193448146144158],[101.90746893269166,12.147284682896636],[101.90571742696245,12.105313425367546],[101.912814070676,12.047871376753207],[101.941611029255,11.909382406433076],[101.96477807962596,11.837501725665643],[102.00272369565808,11.771918236087483],[102.05377509490376,11.71550530954823],[102.1156894309824,11.670732775413832],[102.16815665083536,11.647390923929064],[102.16610620812688,11.634069418505863],[102.16929858619002,11.564307518057584],[102.18618314247222,11.49646260844388],[102.21611414711485,11.433089148541777],[102.25795674584543,11.376571437777557],[102.31013071454042,11.32903435964029],[102.36723587637346,11.286309101018839],[102.4256965476694,11.250530548484708],[102.48993435905649,11.22609360958719],[102.55768864138004,11.21385745225352],[102.62657648857491,11.214252046233574],[102.69417568301827,11.227263249134776],[102.75810891578261,11.252433335746622],[102.81612649679434,11.288876947695872],[102.86618479449244,11.335311926540642],[102.87496657540039,11.347244454886127],[102.89221024446687,11.34470602222313],[102.96112901506119,11.347349715965183],[102.98268268813604,11.350178863343398],[103.05344035301175,11.36658187197433],[103.11951839307702,11.396328637904325],[103.17832865435707,11.438254581913512],[103.22756480745096,11.490717933763081],[103.26529231729644,11.55166343263333],[103.29002445557325,11.618702192001429],[103.30078137989425,11.689204722672113],[103.29712987031259,11.76040358688512],[103.27920198290369,11.829501754636402],[103.24769164070194,11.893782468470771],[103.24025359298126,11.905744199512778],[103.08963436174666,12.20348429509439],[103.08210004160016,12.244954342391317],[103.08865186628967,12.271662729427273],[103.09557572129444,12.287865662503767],[103.11760704452401,12.359683576921102],[103.12392544646198,12.434404025175718],[103.11424292637551,12.508782002343915],[103.08896663825425,12.579584538390403],[103.04918355301382,12.643731349944481],[102.9968765561028,12.711024565037237],[102.9719990314934,12.739760986266276],[102.89838050165885,12.816251936990284],[102.85871522848309,12.851763471421684],[102.85558310705386,12.881887787096487],[102.8268493195947,13.068639726631298],[102.80909828783344,13.13713488932217],[102.77792983129397,13.200927711500414],[102.74618419905042,13.252188736811386],[102.73378588711101,13.276152283196362],[102.74138318910235,13.27975960339144],[102.799757119922,13.32320357767554],[102.84816817007331,13.377015211782348],[102.88470171835127,13.439073681413884],[102.90339788736081,13.479721946585743],[102.90651510625592,13.488730800969615],[103.0117887864933,13.60981338256264],[103.04304585627612,13.651447306982773],[103.1210855577836,13.772677609617787],[103.17507239270331,13.8461629190664],[103.21406377894729,13.913460900096712],[103.22126508048109,13.929768057323084],[103.24797362882839,13.95514429459536],[103.31431899724191,13.98669461072741],[103.37519106745799,13.996671785717686],[103.39896742352042,14.001345483388373],[103.51773999807762,14.028607798086362],[103.55546707842554,14.039331274025622],[103.58003839140447,14.047707030229974],[103.62161882770887,14.033913822721724],[103.68251759289,14.019146726967637],[103.75887006025387,14.00715825038897],[103.8213657965939,14.002535127302869],[103.88884122492185,14.003076085489699],[103.95926553390157,13.998947070652234],[104.0072791012885,13.999142626672015],[104.07962817441594,14.003975664169928],[104.12532416231495,14.009802674681758],[104.23667705804668,14.03086337713674],[104.35796721719231,14.013758037615533],[104.4589709400094,14.012955812047316],[104.62287907551446,14.03340097294972],[104.64577267262489,14.036956419968124],[104.70135130188542,14.047316152453098],[104.71417351500659,14.029237679164291],[104.75206044194015,13.989967034167838],[104.78233320136061,13.962947291040493],[104.83725812225973,13.922382245632658],[104.89897288458644,13.892392363499805],[104.96534178295904,13.874013737645308],[105.03407049679065,13.867880719385616],[105.07443852125601,13.86793360900152],[105.1495172838157,13.875473949636778],[105.2214795061023,13.89759777534817],[105.28735120404266,13.933389879475321],[105.34440738789017,13.981370048538697],[105.3962606372736,14.034830398374963],[105.40474440520512,14.044550435787594],[105.41259567059284,14.047888859143987],[105.51101907256225,14.096660039269018],[105.55597336849533,14.122957566104386],[105.63637683358813,14.177826344936902],[105.7018674159003,14.234842618819995],[105.75480231731741,14.293278782456898],[105.79648055852782,14.349299324972046],[105.82635423587031,14.411988569669571],[105.84820665469266,14.47249785403409],[105.86246110356858,14.523860487573154],[105.86873322054413,14.576690252150971],[105.87106534622893,14.632542297118595],[105.88940090442631,14.776794252258025],[105.90713336843268,14.843293031012166],[105.9180427823939,14.908439705296527],[105.91644163197412,14.974405119113861],[105.90334201778836,15.083539569083229],[105.89116425327788,15.141982552408988],[105.8698545061286,15.195838573168215],[105.90201913686731,15.243062277514701],[105.94398280834312,15.318048756934648],[105.97924008808562,15.408090811753743],[106.00262964866002,15.505699780012215],[106.01203018292962,15.575513648693212],[106.01430014300634,15.646104468735329],[106.00828373580129,15.722422098162946],[105.98559646223735,15.79576378885914],[105.96671313077402,15.839193173644507],[105.93473660905323,15.897157447433123],[105.89230190851204,15.948545541422341],[105.84082114831493,15.991638152554538],[105.78112442922047,16.03300355172414],[105.77550706740752,16.035990906311532],[105.77349097198409,16.056387973426627],[105.75310802731089,16.12263428441727],[105.71988243669466,16.183891529557098],[105.67503368293991,16.23789103095792],[105.62021539926829,16.28263104009437],[105.54458694552399,16.333141479356957],[105.49660029129733,16.36031717818513],[105.44492178592456,16.38034536458985],[105.35460367484207,16.408012543800847],[105.33093458151367,16.446922602968396],[105.25514485740914,16.54896527328979],[105.21630579475327,16.593191476983815],[105.14390242512965,16.663249077633363],[105.12405587633663,16.715880432913544],[105.11960047470349,16.875891544126713],[105.13144506213818,17.02057601312618],[105.18151697940608,17.21510109153973],[105.19236848578224,17.29382370489449],[105.18487366959737,17.372875702106313],[105.15937662956246,17.448401862202807],[105.08324828730869,17.609873987022446],[105.05324613558732,17.661585543989357],[105.01473452191829,17.707890075853516],[104.93097415823135,17.79304484250893],[104.88885408372902,17.82979743306499],[104.8413657573394,17.860051422231795],[104.7560414569263,17.9058578208811],[104.69515318538014,17.955052218926],[104.62169183712255,18.036568232951325],[104.5126828469071,18.185632600189955],[104.37129169419207,18.405118254510942],[104.32747794895695,18.460290059676485],[104.2283937227453,18.56270129961573],[104.17706908477686,18.606804108368873],[104.11810472741604,18.641275852609052],[104.0534774615055,18.664958661574428],[103.98535744054281,18.6770564619335],[103.91603435483597,18.677162168964312],[103.88233763872203,18.671289514157788],[103.7789862396737,18.713278013941817],[103.72715312288997,18.730219506567785],[103.58521649051873,18.765883363095416],[103.50557968505895,18.777453763884953],[103.3843539081512,18.782646662213086],[103.29311299874502,18.77603866893606],[103.21425845019058,18.761076327908224],[103.14285506686873,18.740399796448173],[103.07711310255526,18.706845728303392],[103.01958809720182,18.661719201280413],[102.98306279862419,18.62676543094912],[102.94043843186101,18.578038700381228],[102.90748985960431,18.52297469013302],[102.89358105479606,18.4856791009469],[102.87022959944315,18.465259789271276],[102.83164054250804,18.41806245082375],[102.7743912212596,18.33448646135563],[102.76321838927599,18.31272934920279],[102.70592005570835,18.29304213183508],[102.69455944075743,18.29852053799071],[102.63367335292335,18.316456283870153],[102.60075859107751,18.323318638609877],[102.57825654978508,18.33622825535835],[102.48496512549816,18.41625096270657],[102.44718691281751,18.444698057776073],[102.36372327811195,18.499657240067524],[102.28823610259934,18.538116755822912],[102.20554868017655,18.55945019475671],[102.15868652775114,18.56625056155774],[102.09055952548812,18.570214560053703],[102.02278820040543,18.562489791829258],[101.95758409827052,18.54332808846955],[101.8970736346112,18.513354221605656],[101.83011498083786,18.472475720593454],[101.7621239128935,18.418639151879418],[101.72294937169619,18.412657085678397],[101.65434705587727,18.38863869068939],[101.59190362481831,18.352520305678816],[101.54802745148032,18.3212283286186],[101.51927809543207,18.29623814323098],[101.51089090197934,18.345101532322158],[101.49151098886354,18.414020740920094],[101.48517308470751,18.426180453037475],[101.50848193304437,18.465462248032445],[101.52845387148817,18.51496926745622],[101.58180451344228,18.683241599495428],[101.64577490668306,18.86147956326805],[101.66244663048884,18.92804778573464],[101.66552420958506,18.99640238796132],[101.65930804008632,19.1081808279899],[101.65062972781904,19.1679417920925],[101.63151256941717,19.225487877804397],[101.58989630101962,19.32161107591797],[101.58418249361662,19.344735872717436],[101.59787723714531,19.436905040449947],[101.598207529143,19.534719501306],[101.58944703688105,19.596453127224887],[101.57388415530204,19.660655943957074],[101.54616484606534,19.721101015628314],[101.5072087579339,19.775757917433474],[101.4583164547885,19.8227891044271],[101.40112656720264,19.860612221651714],[101.34383296495447,19.8915179513546],[101.28462130743158,19.917375982350435],[101.22158998204716,19.93333295608104],[101.03304395549735,19.964977019547938],[100.93031711092763,19.968903885031175],[100.90311899787443,19.966467267466946],[100.9097174234193,19.98768386979549],[100.92282254966881,20.049371094402126],[100.92431825381554,20.112269841800206],[100.92128722679513,20.155977167373724],[100.91193361253568,20.214943484201704],[100.89234827790865,20.271649071075093],[100.87201256766807,20.31723845931768],[100.83802324572142,20.376926661776462],[100.79271773995482,20.429568865183374],[100.73769713882822,20.47329477730631],[100.72953729250152,20.477618507998432],[100.70851059949472,20.51359783782895],[100.67164270480609,20.56543273339591],[100.6257815691176,20.61051128087299],[100.57058323563749,20.65608018000866],[100.51529286431322,20.694046634991775],[100.45367052642781,20.722163830103614],[100.38769171349834,20.73953007803904],[100.31947415761881,20.745588390947077],[100.2512087260769,20.740144607933658],[100.19915335581426,20.731533256287534],[100.154681351228,20.720356315939068],[100.1338822109134,20.73297445426486],[100.07398357870338,20.756994637935797],[100.01061418452002,20.77115076755924],[99.9465191592183,20.780147380506772],[99.87711405473536,20.783897104523845],[99.80814640494926,20.77581980500807],[99.74189484577418,20.75618254819125],[99.68054650331884,20.725633891674402],[99.62529120943073,20.691733465884184],[99.56698890947318,20.707924983405817],[99.49778849869887,20.720778496242374],[99.42726481522416,20.72150866229867],[99.35781830939547,20.710091149943313],[99.29181190442154,20.68691472108979],[99.23148918952833,20.65276773113009],[99.178897064911,20.608810861265017],[99.1679625682539,20.597811491803622],[99.12375908288229,20.54385913053648],[99.09122404445739,20.48302792336072],[99.08827541320856,20.473228127665173],[99.07485398178113,20.472458018845206],[99.01225001270082,20.45872456875138],[98.95561116316827,20.441454204541127],[98.89297525638645,20.41634004523237],[98.83611469317262,20.38116807568911],[98.80162519890476,20.355399288076445],[98.7485905787413,20.307179500341768],[98.70644889621232,20.250254346475753],[98.68745025775345,20.218392433141673],[98.66064149432447,20.16278565688704],[98.64734247428169,20.11484724875671],[98.40656170861797,20.05185911476458],[98.4060576052279,20.051769800804887],[98.35275396332021,20.0484040611707],[98.34648889899096,20.048250522952802],[98.3049970068745,20.071406229636043],[98.23468590880037,20.102042788485],[98.1592703029817,20.11870146378631],[98.09713374332344,20.126276570571708],[98.0312685596031,20.128895810666265],[97.96593608127665,20.12081036733341],[97.9030913482419,20.102262748394246],[97.84461340243696,20.073808167733237],[97.81059915639008,20.05356081027414],[97.75230139526576,20.01084940723459],[97.7039000606286,19.95833196182447],[97.66720698547756,19.89798484718025],[97.64872616204438,19.846415992489057],[97.60485123582905,19.800769426869962],[97.5053795563624,19.6677322892775],[97.47321973692361,19.615943534566508],[97.45068288910385,19.559801617713497],[97.43839034202463,19.500877669405714],[97.41555328297744,19.30677445449252],[97.41427353055973,19.2404311762854],[97.41562882812474,19.223189278148137],[97.39287595903082,19.189111455177773],[97.35602415360786,19.117186705898256],[97.33694389070075,19.039294733015954],[97.3289711892527,18.974593723059506],[97.33052579793623,18.880202680602483],[97.33158157499894,18.873458954621718],[97.30291508905795,18.87119086860883],[97.22824006272496,18.85011777014932],[97.15974871556324,18.815005466869568],[97.10034127949287,18.767343639000433],[97.05252709895503,18.709152359412517],[97.0183184904414,18.642895447160654],[96.9991468843701,18.571375228231325],[96.99580458286478,18.49761335572155],[97.00841420202475,18.42472286496124],[97.01519256130939,18.40105463884997],[97.04153327594226,18.335250948994734],[97.11181223280492,18.200746911380918],[97.14846193796666,18.144260016656055],[97.19536361114943,18.095100027807344],[97.2683801630246,18.031407887513183],[97.32427699187545,17.992029633802215]]]}},{"type":"Feature","properties":{"name":"Sri Lanka"},"geometry":{"type":"Polygon","coordinates":[[[79.73453503175948,10.076177191349037],[79.72049190000723,10.071522467314013],[79.65514228365473,10.03355969256993],[79.64146581005724,10.023590917151186],[79.59219083915066,9.98035680859839],[79.55163439267076,9.929087399428637],[79.5387542721622,9.909350693305077],[79.50672628051721,9.848032901865672],[79.48717346503719,9.781815498966248],[79.48080792648906,9.713134531921112],[79.4878560676331,9.644515303472296],[79.50805139020129,9.578479505738748],[79.5197916454416,9.55021941535471],[79.56320582447475,9.473806576404675],[79.59549230988213,9.430369378939798],[79.58419468897033,9.426110762710396],[79.52260787319078,9.387548047657162],[79.4700512700039,9.337652389363821],[79.4286288186701,9.27842533934003],[79.39999540398443,9.212241596855336],[79.38529119657218,9.141753369690656],[79.38509702689412,9.069783796930714],[79.39941240254781,8.999213760593648],[79.42765683835464,8.932866637147768],[79.44681719342454,8.898067739072701],[79.4875816557005,8.838907377191706],[79.53937822815712,8.788883184961536],[79.57251077521978,8.762705031862124],[79.57573977350764,8.741219237879752],[79.52116735790717,8.572722824569356],[79.47601155110198,8.530974771246159],[79.43359228011907,8.471829981246287],[79.40404079100895,8.405470022926597],[79.36731351523376,8.2935296399728],[79.34989770725711,8.197959223671944],[79.34482651837561,8.08131008761727],[79.35106351178135,7.997721787085588],[79.40206354616123,7.73562407005053],[79.43161563490317,7.5423662505214635],[79.49852128253922,6.797526319690068],[79.51811903503514,6.7086301456065325],[79.60126848412041,6.4767640927338315],[79.65805916379708,6.2698450783680295],[79.67300926230112,6.226454637105154],[79.76121052368332,6.01529505386149],[79.80379857505491,5.940209183107979],[79.86311255546651,5.877356902648644],[80.035148232233,5.734035249477662],[80.1008957959511,5.69043501436166],[80.1745847710082,5.662085283145851],[80.40285435213178,5.601727003166895],[80.4723331646999,5.590395924127242],[80.54270117047984,5.592681528514454],[80.77086296429539,5.6223450461920885],[80.87114874364494,5.6504195398740515],[81.10401920981484,5.753488564125518],[81.42452380703932,5.863900833659945],[81.46943563316577,5.882813673255887],[81.5431281967135,5.919849349287302],[81.59137568534854,5.948998522224921],[81.84871396778797,6.133109266451562],[81.911364966114,6.190091435426821],[81.98666645501311,6.276763898934812],[82.03192906105386,6.342268366009534],[82.08705277635194,6.444668408776636],[82.10889089726876,6.493688014253142],[82.15975992018333,6.635538015137527],[82.16605352380655,6.654774801354808],[82.20902159031775,6.799804370492275],[82.22073497399707,6.85496892209223],[82.23635403331876,6.974139869056992],[82.23936780996974,7.024056987453045],[82.23675599439719,7.291918006153936],[82.2217585412642,7.390871541290765],[82.17977505398997,7.5309880775937135],[82.14549168783263,7.609576455137717],[82.10710221373157,7.65995912507317],[82.06098366996092,7.76670550385296],[82.03197636521362,7.816833199974058],[82.02440948201749,7.851525942029011],[82.01115993128452,7.892453456084012],[81.96648263819512,7.983648502471743],[81.78107686972653,8.255798729157314],[81.77678100078266,8.294263739506789],[81.72765096610259,8.510511249684123],[81.70783346400844,8.57159929350596],[81.67734959448018,8.628232198859084],[81.63716566717392,8.67860634371413],[81.59830198973674,8.719256286231683],[81.54993488548584,8.760375921784766],[81.53763502469862,8.791824380935358],[81.50138267270717,8.861060717931922],[81.31928221017823,9.131848769478554],[81.2739308161991,9.186642957324022],[81.2298976608858,9.222411129432645],[81.22683900169503,9.231015508050117],[81.20024150458237,9.279983221442224],[81.0180571595419,9.56059048931157],[80.98471343691328,9.604207608418983],[80.94504901219094,9.642339089233946],[80.63910376500102,9.894412659834675],[80.53959933302053,10.018957179960765],[80.49503060844103,10.06550777051457],[80.44278250469088,10.103539478849498],[80.3845097231573,10.131846455588155],[80.32205956211796,10.149530979658518],[80.25011414248672,10.163214433803098],[80.17177714397668,10.169618850355686],[80.08383888413837,10.167441116743259],[80.00233463332671,10.171867877887873],[79.93088393682817,10.168833060511254],[79.86141049496202,10.152140783341052],[79.79658342389298,10.122432597012786],[79.7388916419215,10.080849858392332],[79.73453503175948,10.076177191349037]]]}},{"type":"Feature","properties":{"name":"Pakistan"},"geometry":{"type":"Polygon","coordinates":[[[60.93036591932342,29.215388149208422],[60.931101247531274,29.2066917995872],[60.94981660581616,29.1439704079871],[60.98114362480348,29.085208596302145],[61.13701764365171,28.850034211267047],[61.18634152369676,28.740080492706166],[61.216969408722136,28.685711561896326],[61.27141804074378,28.606572133337863],[61.32668551982735,28.543277948101178],[61.46163211015749,28.41965965308049],[61.462068101379536,28.41926010869609],[61.59389034692733,28.298417152936835],[61.65474557295262,28.252515950160415],[61.724602808685994,28.217938508667668],[61.86737660453158,28.16258171047389],[61.97503232036694,28.13550662973214],[62.03709486844141,28.127739383194278],[62.162764631673056,28.0915586176957],[62.260368445661065,27.9956227581332],[62.31856730880243,27.94845825684044],[62.339518066192745,27.93716014520898],[62.33962903236016,27.935016838505355],[62.379237187827464,27.75087407471176],[62.40229052487616,27.524137081094448],[62.38415670122124,27.48026173497429],[62.36654993863562,27.423712906343553],[62.35956011493151,27.3653945890417],[62.35900887001817,27.345194935661002],[62.348724688639294,27.28274386540964],[62.35260951763609,27.213036061299988],[62.3715804489842,27.145335163067422],[62.404896043175235,27.082190735103207],[62.41517884655721,27.066789720751263],[62.46200689945873,27.010118565978825],[62.52032426477669,26.96266185305837],[62.5442146733741,26.94978795411002],[62.51727179887348,26.939125766710767],[62.366337114462105,26.91409568466946],[62.29683795482982,26.896657252287728],[62.24250399907624,26.878182186444807],[62.18622782599869,26.854439257200674],[62.13473173356551,26.823248409317674],[62.06192876221354,26.771347454044975],[61.99048480183948,26.705110204372414],[61.95577442161271,26.693884349828544],[61.891599604408505,26.66008763175641],[61.835512951509955,26.61630778342499],[61.83417944281537,26.61479637314368],[61.72552449477919,26.57711331490325],[61.64652337987807,26.540189563772834],[61.6190485874321,26.5236362273881],[61.56357046964434,26.48334708221961],[61.51696133503129,26.43491828818229],[61.48068886506953,26.37988984312728],[61.448433833056,26.319165348080343],[61.414070821834,26.218593021749527],[61.38549714747502,26.049243108081857],[61.37951340165239,26.013922957919693],[61.361389833192874,25.99748121310614],[61.32073473094066,25.944174287075693],[61.291368833036245,25.885216434811014],[61.28458850611648,25.86747632515391],[61.26456141037295,25.783450826865725],[61.266687314847886,25.716468303686757],[61.254443074868924,25.673708543355325],[61.24282194249518,25.609581744430866],[61.223289893476306,25.36311733666627],[61.21456477411592,25.350964183106417],[61.185770590659985,25.28591044484729],[61.17149369330965,25.217091458917743],[61.172250413223786,25.14712591712135],[61.187984814032724,25.07867094064195],[61.21807490197469,25.01432144602918],[61.261359823178516,24.956512589561747],[61.316186495920554,24.907428828136435],[61.380473552713354,24.868922806542496],[61.45179001962594,24.842446868745473],[61.628043536172,24.794425669524465],[61.72418180115312,24.779536090000644],[61.88792621395287,24.77264237844281],[61.964061694047366,24.776041828011692],[62.145067694492845,24.79995293411566],[62.162200793794156,24.803797206302974],[62.16721006292068,24.80139841082703],[62.24722401083438,24.7809349662022],[62.3302274148223,24.77607978306475],[62.41258178018801,24.787047514599763],[62.488254189027806,24.80460564013626],[62.550112416031155,24.823978176473133],[62.6076709576538,24.852297298056804],[62.65936673083757,24.888797096417935],[62.67109839892683,24.89858306140543],[62.67705661365104,24.901260911230008],[62.963571893627766,24.868320248290235],[63.030823131731296,24.86573372377349],[63.09762435373874,24.873494326399538],[63.16019998592956,24.885707089572083],[63.1846695824323,24.879924039127825],[63.249509245767165,24.86971380488309],[63.45453211486731,24.85299053052874],[63.534497513509145,24.853745358277877],[63.61272287001333,24.869030189206498],[63.686041641738065,24.898228296747607],[63.751480129042704,24.940159353140743],[63.80637579395242,24.993125783159034],[63.81063967291257,24.999392342092516],[63.84787518350733,24.991839861178697],[63.92711398801246,24.98320707792235],[64.00669460674857,24.989109576453252],[64.0289709159443,24.992827924913332],[64.04746597445723,24.986529478349137],[64.37840463875311,24.90484191508681],[64.45353528326648,24.869903080650687],[64.51830725895748,24.847748820236465],[64.59597927316472,24.82906134870424],[64.67622980255084,24.824976106753567],[64.7557775593428,24.835661180138803],[64.8313686595188,24.860680945942672],[64.89990629952703,24.89901320102954],[64.95857492247751,24.949089705211616],[64.9597072691976,24.95027367690652],[65.06589627768136,24.951592814533583],[65.13988321551601,24.958801447435235],[65.43014999992491,25.01203062273769],[65.64819318669986,24.996782351500258],[65.73022005101298,24.998682298862523],[65.81010255485528,25.015818019589194],[65.97709213693561,25.06850727542052],[66.2650752121986,25.105148100242058],[66.2764326134171,25.105320423599544],[66.29509950982604,25.100576484535686],[66.30583883291821,25.099113898030392],[66.3074739330931,25.097187406817582],[66.28966570313764,24.976825217035998],[66.28713045743885,24.90365094360985],[66.3009537646783,24.83154468431523],[66.3219568342906,24.76368978020489],[66.34817737638969,24.701608590485264],[66.38649197672369,24.644987525133462],[66.43557965943563,24.595754387707604],[66.4937588498297,24.555583207341577],[66.55904508498266,24.52583842353613],[66.62921799444571,24.507529582658126],[66.84860922722966,24.469612941282566],[66.90185698300226,24.294763577121007],[66.91198530415356,24.228250176248796],[66.91645153708058,24.15499313327395],[66.92545925532855,24.095944659740763],[66.94499691442489,24.03907689740665],[66.97451455892477,23.985948127337917],[67.03051384610575,23.902889398085325],[67.07648611100893,23.847453910008213],[67.13322304805183,23.80116680153701],[67.14781696615208,23.79326595219295],[67.1648134081893,23.758206783725264],[67.21742182886477,23.693747833949423],[67.27690722906314,23.635673916572284],[67.33058661065739,23.592013950249907],[67.39201019667367,23.55805781377042],[67.39239445212104,23.557925559617722],[67.42416920785224,23.529546208516624],[67.48959332161941,23.490819016938428],[67.5620402446225,23.46472958158901],[67.6386631892126,23.452301522898786],[67.71645547303672,23.454022400835328],[67.86660264323422,23.47105302456887],[67.87353909519288,23.47248180551522],[67.89786680853996,23.454206373656817],[67.9646681888021,23.42134073893432],[68.0370869009769,23.40090521344857],[68.11242518626423,23.393660198272595],[68.18787930745083,23.39987531268284],[68.26064123935986,23.41931961378486],[68.32800051195944,23.451269921900014],[68.38744289118044,23.494536987753364],[68.43674263387081,23.547508657728947],[68.47010485809929,23.591276029036628],[68.47595913690918,23.60067793950865],[68.5195231961032,23.607309233480986],[68.58222224362942,23.606895158173117],[68.71792155979638,23.60501373682719],[68.7946196259008,23.610833882424984],[68.86861964785453,23.630273898922404],[68.9370868223966,23.662590081619037],[68.99739303763587,23.706545257809182],[69.04721601279658,23.760454977424853],[69.08462800042732,23.82225065078922],[69.10817078368713,23.889557476082516],[69.11070365267837,23.909910597124977],[69.11830667355886,23.908926114099586],[69.23348429911755,23.90853810502716],[69.25015891772495,23.908798077055703],[69.43290950557395,23.915067678008626],[69.49076969585504,23.8780179915405],[69.54986953918521,23.846757313337516],[69.61395459335073,23.825316990482378],[69.68110247528458,23.814338974908374],[69.76980215751996,23.806991698716033],[69.82608318428794,23.80601645303787],[69.95430852641891,23.812152767495654],[70.0302660301174,23.82263268014399],[70.1173297863473,23.842737543546125],[70.19528053331706,23.868990591135404],[70.26549086109198,23.909655118067764],[70.32483042017178,23.962924047013775],[70.34818576008412,23.988850921746526],[70.35372042570947,23.98453918611464],[70.41847663455748,23.95092291986589],[70.49847871014546,23.918064207189772],[70.59937411839095,23.890682852003838],[70.65604496682039,23.882605425944757],[70.71731783923873,23.87830301183048],[70.77856562731233,23.882785316022755],[70.82939201291387,23.890185930094695],[70.9374368693287,23.92098240658983],[70.97514817930599,23.937488222552044],[71.04023187691014,23.973406180274182],[71.09404076318066,24.01801864506798],[71.13551333926146,24.029377224057583],[71.20845275477353,24.06607452964916],[71.26959944624994,24.10503455060375],[71.32491502386254,24.147653087032243],[71.370781162912,24.19880844999076],[71.40564117728202,24.2567791886661],[71.42830346559553,24.319611811826665],[71.43798331271562,24.385185673884912],[71.43935336664416,24.415061570994027],[71.43448686973065,24.488366627594],[71.41395591546194,24.557306675738946],[71.42816725186464,24.58990209091919],[71.44209040299904,24.662073897512908],[71.43965376390206,24.735335278447767],[71.42092804754135,24.806643430660504],[71.39398024868949,24.876637846242648],[71.37859826056194,24.91082227218481],[71.31531265009778,25.032976133945326],[71.24786770015423,25.192212538876866],[71.2343271326674,25.22045767511631],[71.15743007776321,25.363531012437704],[71.12509600836486,25.413081178869913],[71.0523946454962,25.50639536073377],[71.0555984497927,25.61661474003817],[71.04877318868135,25.692995802415528],[71.04012307613442,25.734181403847266],[71.02148535230006,25.79401586668194],[70.99167816494617,25.850069691846517],[70.95157845323213,25.900662991333864],[70.90237614298746,25.944277174843148],[70.86875806484048,25.969294439530103],[70.80991886895055,26.00561132416753],[70.74481771566121,26.03191779940735],[70.69938495471455,26.046026427136887],[70.61156244924142,26.0636266213418],[70.52159291115227,26.0630777251326],[70.4957016342592,26.057561323838613],[70.5108704947246,26.096648933246822],[70.5305903546466,26.17395743388023],[70.54766204914561,26.306664741711774],[70.54963323658706,26.327018519664367],[70.55769817400204,26.450866163136368],[70.54803798196662,26.552944107269546],[70.53897677964844,26.58797881915763],[70.51422346932085,26.653848976484444],[70.47573865934443,26.714230747771555],[70.44279516106276,26.755914318302686],[70.39044586564289,26.809819252564726],[70.32716970944767,26.853412729861947],[70.27180412901792,26.884216144727148],[70.21217390935635,26.91149637661096],[70.14828398225279,26.92955884279709],[70.08191400741136,26.93789955622498],[69.9740219393935,26.94329688428193],[69.90913382009491,26.958442569808696],[69.91472604050632,26.98034251422756],[69.91699083164431,26.98259358479549],[69.93776624236764,27.001587811976364],[69.98687590726442,27.038795955761337],[70.0182694681208,27.065263886797386],[70.18978938761309,27.225818472074703],[70.24095679070274,27.284750423955828],[70.3949046812524,27.505436446314953],[70.40280491832455,27.517459542173746],[70.40702164680889,27.512602199409134],[70.45282141699346,27.472711478403628],[70.52140942989173,27.424616710839636],[70.5999596014624,27.390648445604434],[70.6603416824096,27.371329176836163],[70.74243654880041,27.353345187622516],[70.82692746009846,27.350845809738114],[70.90362229114452,27.35566699673392],[70.97047966904982,27.364868231407215],[71.03469273698695,27.383801528857745],[71.31503528476848,27.489814915081634],[71.35405966202481,27.49856789156709],[71.56921665953159,27.510974964464907],[71.65803036642131,27.52491103609783],[71.83123553540524,27.569985984769584],[71.85098621667687,27.575598781261114],[72.00415823980157,27.622864465524792],[72.0807617961243,27.65469389117495],[72.14829382181485,27.699871269313405],[72.20382942717201,27.756448200327743],[72.24495023198826,27.82198156453216],[72.26985007453716,27.89363690338273],[72.28118594775286,27.94468020277063],[72.29733431205314,27.979844561736048],[72.42540283115163,28.099411303439833],[72.47979477138328,28.162874843704166],[72.53063345592501,28.238173424651297],[72.56674700337994,28.307339012610033],[72.61879801210108,28.44312262009666],[72.6383798669382,28.487093313232304],[72.82674093318684,28.582676123005026],[73.0995771079092,28.712853924813185],[73.18095942694863,28.76363959818077],[73.24598905807191,28.830133219879357],[73.29150225973851,28.890068714249484],[73.30600817829624,28.910618214591587],[73.48620890170497,29.185203889784592],[73.50005996204742,29.208105553316113],[73.60339595635963,29.39451401529807],[73.6164743922502,29.420641721944705],[73.64332342000485,29.480614320900635],[73.65171206634768,29.50115512527865],[73.71021198811167,29.659132767617383],[73.71361985092848,29.667610521391822],[73.80257135837374,29.69628657025032],[73.83150174588515,29.706692405835536],[73.98226172340031,29.766663160121066],[74.04839224631537,29.799578513666887],[74.10649497194241,29.842415207968845],[74.18383021058443,29.91089233958592],[74.23091248837595,29.960758069930257],[74.27788883523806,30.02068833481889],[74.31410951976403,30.077163049194997],[74.33808955076213,30.13832709665993],[74.349034474529,30.202212434687677],[74.34656615724116,30.26675970309195],[74.34123567299011,30.303964711528973],[74.34863204230368,30.31104957689795],[74.54526841302075,30.547386425036603],[74.57407567225836,30.57632939937728],[74.59495031662016,30.584934480660124],[74.72405558363963,30.650993744395347],[74.75250959439768,30.666899011455115],[74.87534451901485,30.74167898122158],[74.93493228543804,30.78561405610899],[74.98396464392785,30.838304982966747],[75.02070992733086,30.89790934771357],[75.04385846559973,30.962339840970362],[75.05257081863073,31.029336147765243],[75.0465106601092,31.096543340573497],[75.03962531087426,31.13064127876411],[75.02856180324726,31.171203693655688],[75.01330806687206,31.21533574379925],[74.98306605032333,31.279331642807232],[74.97636635771508,31.288133688178],[75.00299387187934,31.37875966427645],[75.01537083913,31.452689596632936],[75.00955206526316,31.52719618434255],[74.99769773551108,31.585768890070586],[74.983854829195,31.633939235089052],[74.97832322603931,31.648678560281652],[75.22239062815942,31.751918239196787],[75.24907101120509,31.758034950968963],[75.28361718752517,31.76730895174782],[75.39857114309481,31.802744678658122],[75.46876231117588,31.83072138367384],[75.5318230106823,31.86905251175824],[75.58564898506421,31.916463523838893],[75.65632845019368,31.991231382373666],[75.6996884490482,32.046895137721584],[75.73020574377449,32.10836366104905],[75.74680875703463,32.1735298748389],[75.7558823429067,32.23740408780489],[75.75828986525211,32.299777433086156],[75.74786596406305,32.36155005597792],[75.72490023984933,32.42085458809988],[75.69006446295366,32.47589465624087],[75.6593043991331,32.51567156376952],[75.5910738592862,32.583576643488435],[75.52211536447899,32.63695274826244],[75.4676096981728,32.672681542839456],[75.40691308992085,32.70051580154665],[75.27697007100605,32.74894503826046],[75.27198755399981,32.750766792002146],[75.15486196115724,32.792776821496915],[75.08459768585382,32.810771341446475],[75.07334103100159,32.86070067203316],[75.04068691855967,32.92755235756814],[74.99267423060667,32.98753918226705],[74.93122914594883,33.038217766075746],[74.85883764207348,33.07751960161791],[74.82790315183566,33.09080074440798],[74.7550267748914,33.11528351760633],[74.69996612812251,33.12451545392962],[74.68777966515096,33.15232128232709],[74.63755107400634,33.21794442298583],[74.57148575595386,33.27291799919952],[74.55144820076794,33.28628968277316],[74.53493311750331,33.29528208080841],[74.55595935548422,33.35487945896463],[74.57028728090619,33.41240273503537],[74.57795110902038,33.463980558589604],[74.58077233504378,33.52475012395912],[74.57125097130097,33.585030811607574],[74.54963523256284,33.64309406444227],[74.54381165901871,33.65503760258283],[74.56315533735781,33.67307910559809],[74.60362585961997,33.72803719262861],[74.63906748469202,33.787447858644924],[74.66723998693581,33.84763229091824],[74.6820290767939,33.911009113465376],[74.68293005458916,33.975539215198545],[74.67875260996763,34.01963770524765],[74.6656049279498,34.083537290874304],[74.63876855388742,34.144416431080636],[74.59909279635214,34.20028517449873],[74.54785339019153,34.24931355099434],[74.48671315932808,34.28989251219807],[74.41766870843556,34.32068793274071],[74.39144084183312,34.3299534510422],[74.38766792419638,34.344348268520605],[74.3663280890601,34.3873383353362],[74.40912738859745,34.380093185218456],[74.40960857017579,34.38001187878799],[74.49920517709798,34.364883236389055],[74.68692073977837,34.32822554274977],[74.68760983114682,34.32809092443415],[74.85008675311117,34.29635525434016],[74.92270757533555,34.28736439147412],[75.07287400887449,34.2792544439095],[75.09634449278612,34.26953689062204],[75.28425292593144,34.2051529574192],[75.33883531607447,34.18981472860226],[75.49131173991304,34.15598538684896],[75.60661123685892,34.14361186922013],[75.70979672845777,34.1439712720964],[75.80119071536551,34.152261740400085],[75.88851034548215,34.176199836127424],[76.04095323426694,34.23318967448227],[76.14062802972136,34.284654420885005],[76.17716340673672,34.30970744755782],[76.24566588716546,34.31395658625095],[76.32633692000994,34.33212047323173],[76.48726006846972,34.38226350285073],[76.56166849779166,34.37784576922424],[76.65187015443782,34.38015890119323],[76.73963260586734,34.397677954673455],[76.82123205726452,34.429657413159006],[76.92283291949349,34.48056691336122],[76.99324174573366,34.52431725722932],[77.05164223058821,34.57876159998647],[77.0865189095031,34.618708149841645],[77.11487294738771,34.630577207862935],[77.22376979010666,34.68367578090777],[77.2861574952568,34.72042905944613],[77.33985101948807,34.765517941302356],[77.38319945316067,34.81756661837923],[77.4148600925942,34.87498488283601],[77.44493195237348,34.945237292662824],[77.44964967373662,34.95687685297716],[77.46782213449511,35.00436646495302],[77.48420767579371,35.06513757732127],[77.48753233860022,35.12727368038012],[77.47766780174585,35.1889100708663],[77.4548821944704,35.24819311811215],[77.41115230385056,35.33464875028486],[77.3858723405458,35.38463125951076],[77.33523946310994,35.48474238087901],[77.29027683367386,35.57365371750058],[77.22158000564554,35.70962465855554],[77.1761232299121,35.799537305209014],[77.1413653273461,35.85422053661602],[77.0955003365934,35.903237777964755],[77.03987027813659,35.945134135628365],[76.98041310904296,35.97640483881847],[76.9784933221266,35.985100187313414],[76.94858091948532,36.048188517492925],[76.90447491166283,36.10556574141577],[76.84772341276512,36.155180525419254],[76.78033758959721,36.19525517586226],[76.7047210558972,36.22435090004073],[76.62358321837438,36.24142105184084],[76.53983981442356,36.245850160264126],[76.4565046308486,36.237477083039686],[76.41562677453274,36.23014671905234],[76.42033799872308,36.375085517083164],[76.40866707827674,36.46657637708314],[76.3865606683108,36.54210870046512],[76.36810394886415,36.605425492151674],[76.33562226455,36.67918142169915],[76.28789607475336,36.75846509030784],[76.24707968157338,36.81310392830411],[76.20247144483771,36.86219719253971],[76.12758086137171,36.92618640473965],[76.05946178655144,36.97155225080322],[75.99294787226286,37.00818335670842],[75.88770964216558,37.05543963153813],[75.77044055864911,37.09178151657461],[75.73651223955117,37.09808906968467],[75.72699987877326,37.10990960680132],[75.69687995946475,37.13977369273698],[75.64167714282064,37.18545454331004],[75.5771414131517,37.222602576723396],[75.50530316156922,37.250041763840926],[75.30313329999954,37.31007415611718],[75.23150792211275,37.326029800504585],[75.13981539078465,37.34001878702261],[75.04819719230262,37.3463318081885],[74.95703824147435,37.33768766409213],[74.9314082910417,37.34736205031637],[74.85732709904181,37.370460894289025],[74.77991986000794,37.38837599467688],[74.69967284033278,37.39498875974896],[74.60765657188063,37.39593498657475],[74.53789202853584,37.39230756835872],[74.46964738671234,37.38012805552429],[74.41022922500926,37.36557462290032],[74.36230723847326,37.351410039616745],[74.25157087891128,37.31279478781219],[74.24436303194639,37.31021672097234],[74.0072378094632,37.22308914976558],[73.98044865710939,37.21207216930989],[73.9073826780172,37.23079415606368],[73.83469688971039,37.24419248886288],[73.76018800341022,37.24779660724096],[73.72289944023954,37.24711797390797],[73.40093436283624,37.24103173454855],[73.38787396572098,37.24061721883123],[73.09221298335594,37.227461934185456],[73.04178512284298,37.22287015511922],[72.93622920684251,37.208356009377056],[72.736081741132,37.19377182051846],[72.60230052625363,37.18872359700232],[72.5327077139942,37.181682181531045],[72.46532748506112,37.16607252937226],[72.37348571706863,37.13838215783935],[72.3474731394394,37.12977367433435],[72.27795274907693,37.10467282922035],[72.23889249710643,37.095890040092456],[72.19520881257944,37.09154827889841],[72.12876138457203,37.0808055009048],[72.06509487011299,37.0621798523896],[71.97171843170904,37.02821731636154],[71.9046443128242,36.99797650444531],[71.84503642948872,36.959008042831954],[71.79464738134058,36.91246447206246],[71.77690332061484,36.89290069531844],[71.67484952477344,36.834685100490944],[71.59419353220979,36.795231377348884],[71.5174538819692,36.78631529679459],[71.44094275901492,36.76564730216187],[71.37032285606682,36.734270444646846],[71.30790226461346,36.693212748626735],[71.2332749039106,36.63424786233763],[71.19516864188516,36.599972504614456],[71.12882560497727,36.53191353381229],[71.01764756934291,36.441590464228256],[70.96156947792193,36.40674401008576],[70.88763516154583,36.34854108404936],[70.8323644131114,36.278171163662726],[70.78480576267187,36.19833631524453],[70.75332568486812,36.12699862010449],[70.74104001754053,36.051924106433695],[70.74844191481854,35.976445910170725],[70.77515087142011,35.90390651499467],[70.81993873725867,35.837510145839225],[70.85519397301276,35.79620011542375],[70.91406948470264,35.740335590788945],[70.98563866657165,35.695349881052486],[71.02902410001144,35.673416915891984],[71.06109288501946,35.60595999422828],[71.09048473856335,35.510474802314526],[71.1264360011721,35.43288973838131],[71.11712468525249,35.41227347964681],[71.10512655332661,35.32738293047325],[71.10533369599096,35.28773129892904],[71.1134724749646,35.22039109657864],[71.11705883870695,35.21045159367923],[71.10113312740067,35.20101261123974],[71.08422651446958,35.190469156661955],[71.02018063879633,35.14844340079231],[70.96762865946486,35.10764356593524],[70.9240175509891,35.06032165836839],[70.87831324433336,35.00106640939612],[70.79462293313271,34.92794711506733],[70.75216336371876,34.88447752181529],[70.71842458616402,34.83614314574586],[70.70872479606734,34.81934034790574],[70.68036294578022,34.80266974866539],[70.624621845993,34.754991790326685],[70.58048941569396,34.69972137504954],[70.54944321581073,34.63873781522091],[70.53250853510782,34.574110747284934],[70.53022697997139,34.508028931878364],[70.54264231103791,34.44272557292551],[70.55612681940477,34.39867419415747],[70.58019841062676,34.34104624829293],[70.59973983684893,34.31161331157491],[70.4447422540604,34.31040255461942],[70.40931935302689,34.31460939482022],[70.37914360087255,34.32082624746377],[70.13942165715198,34.391053419688966],[70.05381889543708,34.408199044224865],[69.96576957005692,34.41071352594435],[69.8789185013145,34.398492509538215],[69.79685923566765,34.372041352773735],[69.69149240121344,34.32735292380547],[69.62294111002421,34.291140765725125],[69.56379939838281,34.24498779123564],[69.51613583255919,34.19052054263804],[69.48160503979564,34.129655430119655],[69.46139148809665,34.0645299257784],[69.44032965132934,33.95483928644565],[69.43502592619058,33.891381443437204],[69.44326003830429,33.82814169262653],[69.46474628499381,33.767095052770514],[69.49878856942082,33.710144193238634],[69.54430511968454,33.65906072279622],[69.71239868474815,33.5011715916452],[69.74508507404809,33.459610041863186],[69.66134108318728,33.45269135703882],[69.59240114428646,33.442174408341025],[69.45597214423401,33.41149402871708],[69.37403509866546,33.38525449557697],[69.30022597013846,33.34564530783164],[69.23393879602803,33.301418842716394],[69.1648293519354,33.2432620106642],[69.11334330647908,33.17350313391681],[69.08212867703429,33.0957884136023],[69.04908395731096,32.9657998569621],[69.03632106191006,32.94765780032282],[69.00306227132181,32.88870016077923],[68.98306282909415,32.825664205691396],[68.97836325352111,32.77563686169334],[68.93412408919909,32.72946290227476],[68.89638168515908,32.669919895246835],[68.84818994278547,32.57275392990442],[68.82079503124187,32.49189432317889],[68.8164293859007,32.40787975769095],[68.83229136679515,32.225215797059285],[68.84223613020212,32.09688702348213],[68.83464444586538,32.10123443673323],[68.76720003926792,32.13268740671674],[68.69412428268986,32.15326949623743],[68.61784230998336,32.16229696596176],[68.54088934914562,32.159469821994534],[68.46364697814022,32.1505976020637],[68.38849638040897,32.1352074406975],[68.385175899718,32.1364515290743],[68.31667340264951,32.15637549232604],[68.24515184754743,32.166117451154726],[68.17271348226781,32.16539112597567],[68.11958182005446,32.1609793501615],[68.04546221545858,32.149089124780765],[67.97502763493232,32.12624726709729],[67.91051922985797,32.09318180995503],[67.8539835121696,32.05094559862685],[67.8072062760768,32.00088178924982],[67.80703597099514,32.00066174067078],[67.77138434181794,31.97368238809444],[67.61181557612252,31.89896543300038],[67.58524754490277,31.89674177754107],[67.50716018414768,31.88379899797526],[67.43333829945797,31.858643971286604],[67.36640868490495,31.822173551661933],[67.31781962500979,31.789800707887963],[67.25651073075146,31.739645702510785],[67.20831080103343,31.680053109368277],[67.18457329500784,31.63237842304135],[67.13522224127958,31.648031867716828],[67.05348172856189,31.659248098270087],[66.94967087483244,31.664633839301512],[66.87421050822762,31.662747823077463],[66.8003679324718,31.649423372590707],[66.73052430023002,31.6250907408394],[66.63527626109406,31.583003660654512],[66.56067931390336,31.540851475430635],[66.46264923988112,31.47150850472357],[66.41353184730512,31.4304824100829],[66.37292657699237,31.383178663488327],[66.30050348616906,31.282321029146928],[66.29772127295668,31.281035020937384],[66.27850537089752,31.271582855132134],[66.17811709068097,31.21906778429241],[66.10647445252069,31.171728906813016],[66.04841608892498,31.112343108228515],[66.00662413915133,31.04368289501165],[65.95671548382211,30.93411740070443],[65.9416287967831,30.894213276755043],[65.88243875855004,30.699172133959188],[65.86991720089165,30.633021127638656],[65.87188914791906,30.56602047728787],[65.88408530332352,30.477836837767143],[65.88792821437585,30.345243401201415],[65.87908729996829,30.296369618938037],[65.85825472294873,30.25576142596223],[65.83444437626713,30.195290867412627],[65.82341101091298,30.132135282896538],[65.82385302583774,30.118498385483225],[65.54746887552241,30.0458383348715],[65.35428020408148,29.9965627135814],[65.07241758872892,29.924800196038724],[65.03649083990437,29.91711829405041],[64.93943609341153,29.913429386758974],[64.88595502413705,29.920058343145723],[64.83913228473143,29.923515515039867],[64.7148558828908,29.92649131514124],[64.69702877098406,29.926576785391205],[64.51394786352871,29.923908622555466],[64.44701888773278,29.91814907760383],[64.31924349270801,29.897895765326243],[64.26153873988888,29.884934753495827],[64.13352685825718,29.847389876897513],[64.06098301136491,29.81906128048769],[64.003873222832,29.790718106347807],[63.64578313339177,29.850896287153663],[63.53065591735623,29.855886531921026],[62.495419713298425,29.770885775196447],[62.47688901491339,29.773942610810444],[62.129344946600504,29.87187819938058],[61.6498927963928,30.007077986219333],[61.35427040300423,30.09038189475749],[60.97366008587011,30.199488827571077],[60.89277116124152,30.215006676442737],[60.80990646152008,30.216348342914138],[60.72838624464807,30.203462178435405],[60.651474194659926,30.176866483976895],[60.5822428886631,30.137627762680253],[60.523448216985415,30.087316478449388],[60.477418342424215,30.027942396540116],[60.44596187307885,29.96187246122738],[60.43029878730727,29.891734861014303],[60.43101639964751,29.82031341721948],[60.44805140025152,29.75043670046431],[60.48069782684091,29.68486634187698],[60.527639800015116,29.626188884282218],[60.718559082811645,29.431397904811966],[60.719200839033306,29.43074278914608],[60.8372287553782,29.31033070178713],[60.837763843223925,29.309784916823563],[60.93036591932342,29.215388149208422]]]}},{"type":"Feature","properties":{"name":"Nepal"},"geometry":{"type":"Polygon","coordinates":[[[79.8428343172559,29.356443553086258],[79.83119974042224,29.347660580713704],[79.7810861186117,29.29107290353691],[79.74486323364437,29.226950223216846],[79.69931518515885,29.120630830192397],[79.683667845298,29.075057915680286],[79.6512182525713,28.951100729486637],[79.64094311392766,28.87726010329482],[79.64825635274613,28.803147856524753],[79.67280878672041,28.73193398815428],[79.69196688226421,28.69185505276472],[79.72445312907756,28.637412503369383],[79.76699856576539,28.588602197835282],[79.81835565257545,28.546841298132588],[79.89716599410743,28.49288198480665],[79.89755424842167,28.492616227013386],[79.97441403055495,28.440021240749186],[80.00113475958985,28.42318546228655],[80.09939137288016,28.36630090569795],[80.19297854172879,28.312056460395986],[80.27503874247766,28.275331843851028],[80.3643206633485,28.255652778973783],[80.42466590366281,28.24854165038108],[80.51035072201522,28.246389877540395],[80.51302516307823,28.24682182337228],[80.5263721603489,28.239122215683093],[80.55221508842045,28.22538205057832],[80.69721599407461,28.154442366670125],[80.69775028158901,28.15418096329307],[80.81800022377165,28.095363760003845],[80.81852762824165,28.095105857450534],[80.88428739951011,28.06297881066544],[80.88837853652717,28.05693512044628],[80.94832027170692,27.98857307328217],[81.02019105570822,27.924223705432098],[81.06916032429251,27.886796599498243],[81.2441212516673,27.772940399384247],[81.27214803786491,27.756203760294575],[81.42159061410528,27.67458050224321],[81.54304793418768,27.60811479091001],[81.56055230427786,27.599047582781658],[81.65576281130733,27.552452431902754],[81.71989765283183,27.527158938537255],[81.78797091601987,27.512013302118543],[81.85796257987418,27.507465081980286],[81.92779721403242,27.51364953196818],[81.96172245972255,27.519302133014428],[82.05554148096076,27.461462383052794],[82.0832879436056,27.44577568674599],[82.24664235213902,27.36129767678168],[82.32358763851272,27.330445364017383],[82.40166187304179,27.31524013964221],[82.41530509260446,27.296145909863615],[82.47381240114807,27.242822556817057],[82.54336959361746,27.201322628624016],[82.6210072597905,27.17341178732639],[82.81984249311284,27.122250631818215],[82.85420787957223,27.114808585243324],[82.96318947564215,27.095599429958526],[83.066953377884,27.066352626287397],[83.11945511075717,27.044703156258286],[83.19107774758423,27.02214085551764],[83.2661604577529,27.011888049137823],[83.34207033319262,27.01430435205154],[83.41614621324128,27.029305245797737],[83.48578934588123,27.05636493197887],[83.53509528067737,27.08064068725278],[83.6137682049864,27.056278381563224],[83.64939997854216,27.04683969586797],[83.7309922163452,27.02878206644844],[83.8108891542697,27.018457849741313],[83.89149575539547,27.022453716944625],[83.9696202024886,27.040611530546744],[84.04216618470575,27.0722122080936],[84.07653791497286,27.095707003318307],[84.09426964199808,27.088877808146176],[84.25488849730951,27.03801898747672],[84.25538668043548,27.032561099481804],[84.27263732328868,26.972955357135643],[84.30101355037401,26.91683808714685],[84.33266861984443,26.86623586675193],[84.37829816794195,26.8077129323762],[84.43591378681991,26.75834795762388],[84.50325363866365,26.720066483903526],[84.73522642348567,26.61507501630727],[84.79982726534574,26.577411743742385],[84.85735996281312,26.54951126537373],[84.87331494168994,26.54455541205676],[84.89735201118663,26.520441364113584],[84.9150245406708,26.50548699595417],[84.97876048437111,26.46144400110714],[85.05097988136215,26.429622711856567],[85.09929300891054,26.413462463274772],[85.1624010002584,26.39744439281716],[85.21497760480085,26.388149842784223],[85.2899441308782,26.38131841203042],[85.36501566109497,26.387116793643308],[85.43499986985117,26.404696991602687],[85.4460783365246,26.391896723803413],[85.50824030957385,26.34425914767025],[85.56539178236804,26.30875954920149],[85.62764228508182,26.277015179965776],[85.6951642561756,26.25566708786898],[85.76582279448328,26.24538910189283],[85.82676301916702,26.241449863003222],[85.9109603743462,26.243921751456],[85.99273858480129,26.262069891392873],[86.01296015049029,26.26863635554588],[86.0753873864193,26.25533041305005],[86.17296816616933,26.243410436224682],[86.24549164661882,26.22968760972528],[86.35825583649851,26.177097518511424],[86.38524512748704,26.165615609946375],[86.54259528365122,26.10486862350325],[86.61016072407739,26.08488685755093],[86.68057614635343,26.075918214888127],[86.75164022758119,26.078242487564868],[86.81258270334996,26.085108761970954],[86.87895029507497,26.09775752352559],[86.91281759574507,26.109848322900238],[86.97034952730071,26.08085405478367],[87.04724513439662,26.051061415913914],[87.16752872000633,26.01724045983805],[87.24692142871082,26.00257816092297],[87.32795751634232,26.00254258590803],[87.40734387621077,26.017134300282496],[87.48185301632356,26.04575951833473],[87.48400048719034,26.04682660520886],[87.49183208607016,26.0459332540521],[87.61176627081588,26.040104914873172],[87.67956280182133,26.04193412343878],[87.74604464176812,26.053987795408666],[87.79655315562896,26.067206928606325],[87.84093442447869,26.05060941854185],[87.91876862268818,26.02948855967155],[87.99972138854616,26.022879480699658],[88.08048390778268,26.031051162897807],[88.15775543284353,26.05366864596933],[88.18951404502411,26.06628069678799],[88.2516644758192,26.097117875019634],[88.30679696401066,26.137310047336918],[88.35318144503546,26.18560139608351],[88.38115460101348,26.22054217653261],[88.41309534365959,26.26765673683754],[88.43664099009627,26.318597672514056],[88.49374065691258,26.474818651207702],[88.49393854674081,26.475360612687695],[88.5443481327717,26.6135836844161],[88.56048788354782,26.676345381497452],[88.56383870398783,26.740679884409214],[88.5598413147939,26.823199797543026],[88.53918274813365,26.922261844551258],[88.493372509419,27.04351921773934],[88.44750069031905,27.12705803294665],[88.40033595794516,27.19045872404135],[88.42286861451927,27.342355678238327],[88.45297376746514,27.450040519443853],[88.47606615289497,27.49569802591679],[88.48927357349456,27.525218216522934],[88.53100271605317,27.63187670080193],[88.5498268695314,27.701892448173883],[88.55732997603967,27.75132706556031],[88.55978153194735,27.826414259240178],[88.55594551302895,27.871048829075903],[88.5405904691817,27.945200053302283],[88.50802832895295,28.01489217358587],[88.45966353292867,28.07704980646728],[88.39760798585695,28.128924616663696],[88.35704256791719,28.15629342875773],[88.27198266976879,28.200372702864485],[88.177349190344,28.22511836869123],[88.09064830531857,28.237963401682727],[88.06144393781787,28.241328946247627],[87.9712053909869,28.24878572463583],[87.90344483525955,28.24937432416983],[87.83054506756594,28.24463006452421],[87.76696585811948,28.23598534663679],[87.70573619623156,28.21862678781684],[87.59754773268332,28.17933850820671],[87.56553738711008,28.18127026484491],[87.47411922479692,28.183287816846608],[87.45935639003157,28.183372572199453],[87.31341646760711,28.181798863873773],[87.31185916182046,28.181970659814883],[87.28303592313209,28.203457350362488],[87.20920524263956,28.247243945271844],[87.1226977871407,28.28716285028895],[87.07926337728425,28.30441400014804],[87.00155940437591,28.330546982153418],[87.00043305082447,28.331643457925736],[86.97132731377707,28.35597128742718],[86.90254474739619,28.40227297206829],[86.8241653904021,28.43475094662107],[86.739730629645,28.451933859498165],[86.6634061308258,28.460071583246123],[86.57261510270389,28.460777375750425],[86.48390311401356,28.44380958857799],[86.4237687709925,28.425933766161418],[86.37514453943136,28.406613024022946],[86.36933506449017,28.41015439649647],[86.30145418258098,28.44358539888853],[86.22756853194076,28.465072973309503],[86.15037356190197,28.47383186437816],[86.07268935208316,28.469541537152217],[86.05618839910413,28.465781864317403],[86.01421237014165,28.501964053463336],[85.93298614587819,28.558903148453837],[85.85496541948245,28.601872495738316],[85.76793395233699,28.62839948682815],[85.67632716275044,28.637129980897495],[85.5638162283262,28.636603492283893],[85.55711625162328,28.678019329647555],[85.53053491674353,28.744492912324333],[85.48964701394667,28.80513827253121],[85.43600517819479,28.85761765814502],[85.37166278446017,28.899904733904837],[85.29909587561104,28.93036438089821],[85.26628987617484,28.94079969743657],[85.18346766290144,28.958853227718187],[85.12605106213348,28.965909686582012],[85.03833044533792,28.968367672572697],[84.95202746944297,28.95442627220942],[84.90384634929997,28.941841761723314],[84.8557958961004,28.971139209498645],[84.72331373652645,29.03804996978064],[84.71045483775933,29.050061898082323],[84.65641999252638,29.092327582767297],[84.56584077698031,29.151390218549086],[84.56312270432136,29.157814441522934],[84.5172781368077,29.27403386338338],[84.51550877363343,29.278421536229096],[84.48925218103723,29.342167874466615],[84.45550418991292,29.40447885012123],[84.40869414365473,29.46002510255629],[84.3505302724198,29.506756297898978],[84.28314881435529,29.54294491591575],[84.20356508180916,29.57693650329135],[84.15581307058937,29.594169871616185],[84.06952573944531,29.6198889270368],[83.99754838815892,29.6351961748972],[83.92357499704677,29.63905877439649],[83.85000226863005,29.631351614297287],[83.77921350435032,29.612324418685272],[83.73207995475151,29.595477547546107],[83.69954780553064,29.63820021797358],[83.66227125935343,29.68005223151414],[83.54231187265196,29.79575187911837],[83.50150075095404,29.829993825068414],[83.42174750858982,29.888204599336603],[83.34691673417841,29.93165499970559],[83.26298357821675,29.960037531736294],[83.17393469631658,29.972002511843073],[83.1154340805644,29.974259412042446],[83.07521493507625,29.990718909802563],[82.90262000445098,30.110364120139472],[82.75103962619063,30.218912106708036],[82.68229717670602,30.25878126107586],[82.50116596398506,30.34231094271999],[82.49038502898345,30.368007286031673],[82.4585958347366,30.42661664861008],[82.40321707901568,30.50845537170048],[82.35257577501805,30.56810902802415],[82.288790609564,30.617566675625508],[82.21455788016758,30.654724930683383],[82.13302993685556,30.67800170181192],[81.9439124950624,30.71375881890932],[81.91168058213134,30.71869682833078],[81.69793591810206,30.743869505935134],[81.6174019282664,30.746532616022506],[81.5377874850079,30.735830668150815],[81.31235266695248,30.68574183540975],[81.23440527411722,30.66098493889796],[81.16374929783953,30.623418442918545],[81.10319085496529,30.574540075030704],[81.06505057461193,30.528331199638203],[81.05074045123177,30.53209196314223],[80.97546436074215,30.53952316472143],[80.89987839228526,30.535077091795912],[80.84118117771955,30.52693864342416],[80.76070827158969,30.508488641792944],[80.68614221885694,30.47660363628501],[80.62656696308481,30.444326313352093],[80.58050065494183,30.415363730094256],[80.5522585283566,30.39489782604811],[80.51631424921243,30.365512182013852],[80.41753895571784,30.274397519217658],[80.39215386601367,30.260651457030498],[80.31668100771373,30.20823423837244],[80.25282883220032,30.152041963241842],[80.21692213673099,30.115890474201187],[80.07002612581125,29.946008532430184],[80.02593917819173,29.881950936902232],[79.94145723000209,29.723529285211374],[79.9276521104805,29.694278965857595],[79.86614766250378,29.545388908281836],[79.84757384829804,29.48345423762735],[79.84193484394045,29.419631945325435],[79.8428343172559,29.356443553086258]]]}},{"type":"Feature","properties":{"name":"Maldives"},"geometry":{"type":"Polygon","coordinates":[[[73.17477460962346,4.37806810197065],[73.17271163022801,4.374674834556919],[73.15387319229633,4.339405469885423],[73.1457738507701,4.3219703862987435],[73.12067203355818,4.247532452859709],[73.11236963609954,4.169435836050399],[73.121257523969,4.091403180100332],[73.14690742643616,4.017153065614264],[73.1524769885788,4.005388233924317],[73.18537451181709,3.949546330994935],[73.2277718520352,3.9004927802602753],[73.27829418971177,3.859816663828731],[73.33530420769337,3.8288355048093803],[73.39695507933368,3.8085526980856144],[73.41315968317252,3.804794228174009],[73.47772536731503,3.7958525015352134],[73.54284932085959,3.798652661482066],[73.60640517435631,3.8131032631822293],[73.6663175948329,3.838732420931613],[73.68369586535388,3.8481040106867987],[73.74180904217312,3.887159794184219],[73.79125942894761,3.936689251864157],[73.83017961024488,3.994823423240157],[73.85709860522992,4.059368309822959],[73.86394299864183,4.081679376090693],[73.87674820867207,4.140786746964487],[73.87794900002343,4.1500429708193245],[73.8865203695592,4.198863993971492],[73.88769837008036,4.212487370254432],[73.88622942137185,4.288152435604803],[73.86891718480368,4.361836082837487],[73.83652377205294,4.4302762418780866],[73.7904798466156,4.490442154992488],[73.7328218936484,4.53966878919705],[73.66610238540729,4.575775165079777],[73.65555170813995,4.580121953262182],[73.58921428171334,4.600261793179618],[73.52023513025081,4.607375706151014],[73.45116490354518,4.6012006232372595],[73.38455764102622,4.5819648648496285],[73.32287591090709,4.5503796616637855],[73.26839941418454,4.507612743335479],[73.25472807780407,4.49457165480145],[73.20398548819765,4.434234758984741],[73.17477460962346,4.37806810197065]]]}},{"type":"Feature","properties":{"name":"Maldives"},"geometry":{"type":"Polygon","coordinates":[[[73.67515095770904,2.9807482470945255],[73.6935101514092,2.999639149482443],[73.74372085807862,3.0647853278174377],[73.77781517412274,3.13961277232977],[73.78563474920844,3.163779755133167],[73.79993211341704,3.226891738078902],[73.80267525850074,3.2915402500623236],[73.79377312478522,3.355633712565847],[73.7735114411994,3.4170980663861483],[73.74254378659448,3.4739439014993567],[73.701870720715,3.5243309059168846],[73.68683209019568,3.5398631988530944],[73.62868000981668,3.588457064095668],[73.56162150439808,3.6238251917824327],[73.48862802638897,3.644399776239599],[73.41293504253679,3.6492686858655627],[73.38675385188733,3.648194210712938],[73.31829392950343,3.6387637322448563],[73.25289846324617,3.616462982499395],[73.19297365723014,3.5821127072358427],[73.1407236994045,3.536976962933403],[73.12412231194646,3.5195891980690397],[73.07710760748387,3.458348809309769],[73.0442622926973,3.3885090373018665],[73.02709446255906,3.31328403291751],[73.02417371622438,3.2883801148813907],[73.0228149422598,3.218638462351556],[73.03496174290672,3.1499463564337113],[73.06015476224147,3.0848861143720137],[73.09744474807547,3.025903034124791],[73.11072855151092,3.008818136838979],[73.16017289505632,2.9568633954184693],[73.21894545242112,2.9157267662236985],[73.28471392999613,2.887040056737588],[73.35486920436449,2.871941120365391],[73.4266286002239,2.8710288322015236],[73.44791003407951,2.8728830954477456],[73.51108369267187,2.884115163767285],[73.57126149708115,2.9063614674181313],[73.62653502019846,2.9389166110287284],[73.67515095770904,2.9807482470945255]]]}},{"type":"Feature","properties":{"name":"Iran"},"geometry":{"type":"Polygon","coordinates":[[[43.61675364070257,39.195823748358734],[43.61774566138839,39.187629385905296],[43.63675306504626,39.11415887867396],[43.67496071033716,39.04525298417934],[43.686307049445816,39.03276685589767],[43.68339499801516,39.01864977915066],[43.68685148324146,38.94829974475279],[43.70791341743009,38.87975491504531],[43.734480363445186,38.81984974762654],[43.78936964126155,38.73453868030133],[43.79847212095412,38.724098105332516],[43.79962293802523,38.66414911127623],[43.81708063727664,38.598017547535875],[43.831967496232664,38.56003001987337],[43.83721316173715,38.53611545529398],[43.83267642051644,38.435231842908536],[43.839911877719295,38.357886532146125],[43.847818101057065,38.32408555426255],[43.872561790848785,38.25639750025719],[43.88611103998573,38.23572200133397],[43.84789092217919,38.1806583978231],[43.80917232392732,38.10891581652011],[43.78470083175887,38.04948783436827],[43.76745844614367,37.99031366462083],[43.75639416018496,37.92563098222554],[43.76042927820816,37.86039182242408],[43.77939220611011,37.79675810802431],[43.791146689443295,37.76892362641716],[43.82691524430622,37.7053635479723],[43.877436661165035,37.648365734757455],[43.940802660685456,37.60005191620575],[44.01464029612508,37.56221788457827],[44.09620020291858,37.53626861283904],[44.11391102986241,37.533583864731774],[44.12054299599254,37.51597601240007],[44.12022698310634,37.50337701050607],[44.121519135674276,37.43240526871853],[44.130406951501136,37.366582700301414],[44.154356102721586,37.3031258081057],[44.19251996694396,37.24418625160912],[44.24357829281654,37.191758438592025],[44.305784803710246,37.14761337385436],[44.3149355290567,37.14320250508253],[44.31458085694285,37.1315690675302],[44.31491635801728,37.124150263693856],[44.323375299781084,37.06666515452878],[44.34330432575506,37.01097565791742],[44.36798043025786,36.958398015045056],[44.44565658005602,36.71327367082778],[44.4762780104534,36.645587584380564],[44.52306656204194,36.584091789894785],[44.583486446465415,36.53179182507889],[44.58383598115556,36.51963648694426],[44.59024871753572,36.466784849832685],[44.606291789005226,36.41524659866168],[44.62860872205061,36.36089023398665],[44.66945254565048,36.28896912616051],[44.70023127066392,36.24746601709588],[44.739103857918934,36.202992648370746],[44.78580927477699,36.163716804780556],[44.81439408413231,36.14303092205199],[44.865775521280085,36.113526334347924],[44.92033164708326,35.96556739666422],[44.92797217557372,35.938133948797095],[44.95707128799503,35.86809913564489],[45.00320327258193,35.80431064421907],[45.064392713908674,35.749451464991814],[45.138046354363496,35.70582501128943],[45.22106310015431,35.67526086228652],[45.26697897339888,35.66275471600136],[45.346016527411486,35.64842584100917],[45.359611096885274,35.63258589258967],[45.42070728834593,35.575274522469606],[45.495146713918786,35.52956963257302],[45.53055381143626,35.51613419494582],[45.530616315859376,35.497665736162226],[45.53516332796239,35.45032952452368],[45.552658968341085,35.374454127759954],[45.589621716668255,35.303334354069605],[45.60677654567306,35.2782057626564],[45.58763095571064,35.263167848635604],[45.345187481703704,35.0324627336965],[45.29299245749805,34.97039423442603],[45.257886700744756,34.900753952502114],[45.24776414438804,34.872540581604696],[45.22210378987698,34.85856493272957],[45.158628088763464,34.80555056275341],[45.109937087891495,34.74293210113041],[45.078095337116075,34.67341188061892],[45.07090693163569,34.63479642196338],[45.06781942608536,34.62964155169853],[45.04383890563941,34.58080950792279],[45.02231552771103,34.525526672756534],[45.00389138412326,34.45302215059081],[45.003978603158,34.37893347838806],[45.022525721489885,34.30641793951464],[45.05869947966854,34.238558146139965],[45.06940944809738,34.22302661443133],[45.06555777475672,34.21759837750338],[45.01678230743057,34.14426981603718],[44.98166894386813,34.07506084262516],[44.96479827585114,34.00131677380618],[44.96686217512621,33.926271108418895],[44.98772176611565,33.853205903646824],[45.02642188573543,33.78530874884176],[45.03837515354612,33.768988070115164],[45.08358118476773,33.71795751834031],[45.13883239976761,33.674278863211455],[45.17307658858883,33.65544712580431],[45.314841547914384,33.48718719735111],[45.37517696532111,33.40921643653025],[45.42470142265031,33.35659050787563],[45.48501637927665,33.312495697446494],[45.512445690876795,33.29897295486056],[45.54764693539324,33.25713442482677],[45.61243765250806,33.20648615445444],[45.6671998913723,33.178663677650775],[45.657772117184784,33.148869271438635],[45.65141602368437,33.08738648002488],[45.65140634550919,33.02909997909714],[45.66019788095387,32.956706918063816],[45.67302683999143,32.90441705726241],[45.69511935265256,32.84284671719829],[45.729919151629474,32.78555567371396],[45.77629389382304,32.73437147879024],[45.79602518902732,32.716208580811724],[45.85844255643036,32.668977596804936],[45.93059333876517,32.63287012642703],[46.00971010120318,32.60926805586201],[46.092767075476665,32.59907466588272],[46.21186441919472,32.59431650387871],[46.32782420594705,32.537034591771324],[46.52382812197773,32.40666566423087],[46.52470015632799,32.406085577903816],[46.70393496674817,32.2868721702634],[46.7047199469637,32.286349992514225],[46.857332741530655,32.18485563061022],[46.92173030194325,32.149386601579835],[46.992595139583216,32.124264630195526],[47.067629809500836,32.11030389705262],[47.07130911891264,32.11019251168321],[47.12044941131071,32.01170709408373],[47.16390315673302,31.94514861502612],[47.222858187390905,31.88781116421381],[47.26871385336906,31.851703534351163],[47.361817821644124,31.7374902420641],[47.352894593157345,31.71454745775748],[47.350711786617346,31.708770315694583],[47.27711422623411,31.507785567011833],[47.262729300087756,31.454319921614058],[47.258073122697915,31.399617484920018],[47.25924326030631,31.140513603289744],[47.25986637146991,31.001430209225486],[47.26777185475878,30.933338554104534],[47.29058339254359,30.867774053457126],[47.32744675814891,30.807107532773248],[47.37700681789571,30.75352858461146],[47.437459084698226,30.70896788345463],[47.50661593860294,30.675029118349457],[47.58198503249943,30.652932730007652],[47.595425938418614,30.651324373895665],[47.59770597055243,30.462234410591975],[47.60667638381179,30.391707116007645],[47.631532141698365,30.32408504915493],[47.67127568756569,30.261996091599993],[47.724339316186786,30.207848506632157],[47.78864888323526,30.16373914915717],[47.85353486117288,30.134996972095603],[47.90543895642311,30.086571276699775],[47.9491537689153,30.052975517116668],[47.99717598702681,30.022972377490163],[48.017496520719504,29.96631405467462],[48.05365246144898,29.894411173150004],[48.09851238872146,29.826449965023023],[48.15923982378951,29.7685193141781],[48.20315019042602,29.734825418222023],[48.239866984104154,29.709687522803776],[48.307718533241605,29.66835737033612],[48.37249362141697,29.636006914832798],[48.442894418352985,29.61427706729406],[48.516643600978625,29.603870640988223],[48.59135868177677,29.605124602076383],[48.664626566122664,29.617999419855003],[48.713497119745064,29.630642752785718],[48.78904740362161,29.657429206498353],[48.819776623498264,29.675079804703614],[48.852857713229156,29.676528703044468],[48.93989835534519,29.68845190224348],[49.02212261091133,29.716046576674103],[49.09583575701059,29.758076371896415],[49.13350283879856,29.784900372342364],[49.18741995780953,29.834417490854438],[49.270885625636964,29.766695322374314],[49.33713327332158,29.72282008195239],[49.412123520427954,29.69131581494849],[49.492841255992985,29.67344713811722],[49.57604818441741,29.669931341075298],[49.65840889774096,29.680910383882413],[49.73662030789393,29.70594522170935],[49.813798422313795,29.738577763454916],[49.837731816437184,29.704866346223373],[49.890265470758926,29.65495651386525],[49.91779166423171,29.633282320737752],[50.048594635209305,29.472118179533783],[50.10076110408869,29.419367508302507],[50.23079222739634,29.31087214896667],[50.243662849608924,29.295421540097994],[50.23847986026793,29.264405263605855],[50.23433070164647,29.202511952091058],[50.24241560791322,29.140926427775476],[50.26247239113799,29.081476546265698],[50.29178265925739,29.015945590519955],[50.326072260551825,28.95624067664036],[50.37235700604322,28.90311543531419],[50.42903087618086,28.858393388512653],[50.442955554085664,28.85095873887078],[50.457575150942816,28.80369800380386],[50.48178564754444,28.746110123747812],[50.520750496441806,28.67714552958251],[50.57550054807469,28.617033775423074],[50.64351723513968,28.56851244906325],[50.67533708383279,28.55038624865893],[50.68841764165801,28.464630507286557],[50.71391373221478,28.379078898415266],[50.74872056321839,28.30223561775358],[50.77884517009902,28.248951161755933],[50.87269278616034,28.112284864291695],[50.88082770527425,28.054612014011596],[50.903452636838104,27.99170982296061],[50.938678439969785,27.933524586399372],[50.98530415553703,27.882007023123258],[51.224977922042875,27.661228719837325],[51.27845809466558,27.619754596351413],[51.34886895368968,27.57408635021772],[51.41116098233482,27.540801114887337],[51.47913223719272,27.517904622550642],[51.55613844967686,27.498730104107178],[51.614911860856026,27.488156527418205],[51.674801483554326,27.485379724404986],[51.81720295202925,27.488042019474094],[51.87052684556448,27.481325660860968],[51.94853158875228,27.42949360306647],[52.04181609378776,27.38307762014535],[52.23957837671749,27.31302259309471],[52.24338134884276,27.309338401269823],[52.25224413285569,27.284308443243713],[52.27505219430261,27.2336373283688],[52.306188522721655,27.18662035660087],[52.35971538863461,27.118159310254864],[52.40567167238572,27.06921498714315],[52.460571782430385,27.028267769722618],[52.75106511947506,26.84735222765208],[52.82430645942775,26.811046922082518],[53.15007523649953,26.68652584716294],[53.203107534074405,26.616269094025547],[53.2748900439535,26.558101334727656],[53.47325102968174,26.432295027929776],[53.55200021171212,26.393285527286032],[53.63842020344005,26.370956058922022],[53.754843292816425,26.353147757591337],[53.86749943405137,26.35024581841742],[54.04704998931591,26.368232056863107],[54.12205330878299,26.353146211003263],[54.321718196905785,26.27518571733064],[54.409173688965744,26.21814531141681],[54.477369025411534,26.18225277294362],[54.55203868303863,26.15906153863727],[54.63029485989859,26.149466823585957],[54.74427075554085,26.14562550522594],[54.83141791510053,26.151208781223048],[54.915154470984035,26.173623665810666],[55.05132980297797,26.2250697302317],[55.1319771278918,26.265877991270838],[55.13708169014031,26.2692109186777],[55.20902342669326,26.244960948985703],[55.23784455957787,26.23810059978408],[55.32679968000923,26.22626887460063],[55.40982292287413,26.22364490050682],[55.4791797345674,26.22682986205996],[55.546882367255286,26.240706280958456],[55.665972091302535,26.275019162704467],[55.74471966226023,26.306378745640796],[55.803975459989005,26.337169906318234],[55.84780728549331,26.344184085152342],[55.87083903996213,26.351203508377186],[55.90437743494591,26.344306802985916],[55.98418510476979,26.34243170601463],[56.06281657874062,26.354747720675572],[56.13717941649109,26.380770324002135],[56.20434458279244,26.419475903699603],[56.34481952835372,26.519248738160645],[56.425199458462615,26.59578749194482],[56.45061379910776,26.628453164907224],[56.49596635247005,26.648750955082644],[56.560703351524815,26.69458168151097],[56.612143760668104,26.74967365897319],[56.633098783230466,26.723761310235975],[56.65650891186213,26.67848219070689],[56.675202529670706,26.61651295339799],[56.705419381717626,26.33786407294042],[56.71549956947517,26.28540947946615],[56.734075010080545,26.23485063554863],[56.804118768243555,26.08269712400422],[56.80628025195987,26.026109337028448],[56.81553282689143,25.96052471546583],[56.837937537253374,25.897549656388698],[56.8936468216754,25.7793433469741],[56.90774845952134,25.752511625732847],[56.98169169396573,25.62541470635456],[57.021013158301166,25.5704784882196],[57.07063595560542,25.522846743029167],[57.1289182135234,25.484082488757757],[57.193940106259355,25.455455973411325],[57.263566466032536,25.43790408779945],[57.52275059920194,25.394684511564495],[57.54114475540045,25.37769142261268],[57.6064803965035,25.33745620915658],[57.679244464929056,25.309659909043035],[57.75658179716052,25.295389854829047],[57.835463405249754,25.29520337627861],[57.88921098412095,25.304871222641374],[57.90895537925034,25.296545701191885],[58.089026962977115,25.24750977216293],[58.16210588571705,25.234146326589336],[58.273083116933975,25.223453513612686],[58.33919848173019,25.222060718394705],[58.51285374030416,25.231387819326265],[58.659372141685786,25.21066873553153],[58.83985260033857,25.11091855049017],[58.913126489762696,25.07912087941153],[58.9919250610453,25.061464721959414],[59.07297123787882,25.058682047743652],[59.25353994671578,25.069120461279528],[59.32852796267925,25.080005985286626],[59.406059767584914,25.098279691018178],[59.4284113113381,25.087347009710133],[59.517714181580075,25.055542392139735],[59.61271512320798,25.04403049725288],[59.71782449743731,25.042845134553136],[59.770532088710596,25.02182508983106],[59.8372258497785,25.006922440875652],[59.905699092983674,25.002651823705943],[59.97391288608341,25.00913931729766],[60.02258556334329,25.017670454796626],[60.31856981400938,24.960451373708075],[60.39111227587971,24.95256752381118],[60.463958167834456,24.956873871514944],[60.48771295093323,24.96237321701148],[60.49917084337676,24.95628992479191],[60.57244189169056,24.93319815088909],[60.99866772705618,24.839105029421088],[61.11589777400612,24.802592986160107],[61.14562768724475,24.794480042397453],[61.314397516065654,24.754751979779414],[61.383196721109215,24.744257739821606],[61.452888179197195,24.74487647986792],[61.52132067143566,24.75658782140469],[61.58638132989463,24.77902926672601],[61.64605910597632,24.811507203372827],[61.72406669940229,24.8629304375546],[61.73021155762725,24.867873242347446],[61.785055221150415,24.890191659843456],[61.84633662695231,24.929217049805825],[61.89837418584959,24.97806186326108],[61.93929432025814,25.034978861807957],[61.967614462364075,25.09792960801069],[61.99539938019537,25.181616552159827],[62.01098772355095,25.257071727720817],[62.03393782962814,25.523075539661946],[62.056340639398584,25.599397849064438],[62.05807447628,25.60917813169579],[62.067897674807895,25.61895310124607],[62.08462675627437,25.64117156223398],[62.12527456447804,25.71042051709734],[62.14823786330876,25.786046743768644],[62.175127443672025,25.938416410244958],[62.175201169683945,25.938834882198776],[62.17971120949516,25.964523047777234],[62.23402336150649,25.983260656435746],[62.27024964672766,25.99981218643488],[62.27733004165582,25.9997243219531],[62.35867519668302,26.014092516053346],[62.43491259070295,26.04321724024401],[62.50277659807499,26.085851327115144],[62.55935168563944,26.140168817601932],[62.56961679239141,26.152348489330603],[62.61672491300006,26.225348669388154],[62.710835258733724,26.240891823840197],[62.800158273590256,26.265551204817253],[62.84405712589635,26.28291761102092],[63.07759271816411,26.274087581155037],[63.14471215037662,26.27652331581275],[63.21038484824848,26.288945613877615],[63.27502950375122,26.306331749776877],[63.34446712863202,26.33154615073058],[63.40740144076659,26.36790735568081],[63.46163379686811,26.414148146123317],[63.50526220245527,26.468655969180155],[63.5155438732818,26.48444475945068],[63.55053971400581,26.554574909403495],[63.56797991494883,26.629834807792037],[63.57134458933985,26.66085221601349],[63.59550547907403,26.69282189978025],[63.60432384680073,26.70729629005657],[63.63669057512735,26.777150210907074],[63.65187764029417,26.851577577553577],[63.64917348543531,26.927266374550207],[63.647654758010844,26.937035523677338],[63.66337027282824,26.958428962150805],[63.692907313320056,27.02416048221001],[63.707320241904725,27.093837246525098],[63.706016857630736,27.164739861358086],[63.70250731513906,27.191647259994394],[63.68916433110321,27.250418919277667],[63.6649721577775,27.306443235086853],[63.63059091691419,27.35815069256568],[63.58538833813465,27.41470783173465],[63.53821217217827,27.46372422221352],[63.48190894189853,27.504512471291243],[63.42167986516657,27.540663179958244],[63.32122558045745,27.58441301217332],[63.291848383272146,27.59299385593859],[63.207861168647895,27.608180150799978],[63.18709641220077,27.82937216599201],[63.181857070782996,27.864272920187794],[63.15053052842066,28.015412149658548],[63.16807280716812,28.164317909001735],[63.1685538043214,28.23411766163298],[63.16422859280706,28.275624200229196],[63.1492185764547,28.344508864396943],[63.11922413247066,28.409558179327888],[63.07536648150887,28.468278045387393],[63.06678646695344,28.47762508711747],[63.01593255247906,28.52386040888006],[62.95648863476842,28.561419765909847],[62.890361488046125,28.589090761863986],[62.81967972509068,28.60597862872714],[62.74672394377118,28.61153611934202],[62.726792605062215,28.611480389302177],[62.67191760010107,28.654892614813107],[62.590969970090754,28.70593291457528],[62.537735790742346,28.73435445032745],[62.480195851576354,28.755379030559116],[62.25709819147782,28.819711654206724],[62.187554243759045,28.83396197063007],[62.14611907174908,28.839166439769926],[62.12988484083247,28.84547262842623],[62.05486165497065,28.914582950867803],[61.95192383400731,29.009442402898816],[61.93926009553398,29.028037943314008],[61.89212014530475,29.134883516001285],[61.86559968237044,29.183648228637583],[61.74765486474904,29.36375207234984],[61.743820195555706,29.40210512714404],[61.71609287291106,29.47779865332124],[61.69513342460731,29.518674538288536],[61.63352243289222,29.6040361249925],[61.467750723680346,29.774333324556046],[61.385200353036815,29.859149767813985],[61.422213308695156,29.897182135120993],[61.42318885718439,29.89818768494245],[61.65087902545895,30.132899403922895],[61.65185710375246,30.133907724003947],[61.87984350313946,30.368957053331723],[61.880890558670586,30.370036878253238],[62.10575363533735,30.602016601469593],[62.15448197497696,30.664324708211993],[62.187078850799686,30.733980834655863],[62.2140452068298,30.815223303807418],[62.2299601748003,30.90559868025143],[62.23408773146831,31.064823069343408],[62.22320286830429,31.15436485984053],[62.16493520814622,31.367249915968053],[62.132154447070775,31.444973511854094],[62.079316319461554,31.51426385260422],[61.98453700497815,31.611621606745636],[61.930262034329616,31.657945569606575],[61.86695590611852,31.695124000332736],[61.79672535867581,31.721912180207138],[61.72191623841133,31.73741165322605],[61.40764592078107,31.77676639946456],[61.22182519133624,31.800090829545848],[61.21156479719602,31.890836440068867],[61.21320261750149,31.95186783784553],[61.24557778374676,32.105381206231066],[61.252071359121445,32.159537958008706],[61.25450315108541,32.240956895436746],[61.251356744506936,32.29454714878494],[61.238771951050715,32.347144938211706],[61.12151970574275,32.69782899182775],[61.05658872633134,32.89199083854243],[61.00625263062709,33.04264002648492],[61.04662387610796,33.08995930496066],[61.068827943468165,33.108223971292986],[61.09711416405911,33.1338467023888],[61.178413482652566,33.21492389322052],[61.22392652488167,33.253435469987565],[61.278821148940004,33.31039193545448],[61.318827699896005,33.375419253146106],[61.34226530344558,33.44583916382144],[61.348126686961066,33.51874518870684],[61.33612573736621,33.591121185454334],[61.3262248980877,33.62488721055039],[61.300679433852764,33.68675270862343],[61.26199707004892,33.74372525482552],[61.21144414973515,33.793902256854814],[61.1506918969489,33.835604548845495],[61.081761997736905,33.86743385754932],[61.00695896289422,33.88832102492294],[60.95505130408289,33.89853347255266],[60.94455305961944,33.96489556847176],[60.9976226413124,33.97177558716789],[61.07657430789583,33.99551881457856],[61.14858955710381,34.03135865463093],[61.21098944139715,34.07796499750695],[61.26144147664574,34.13360665575708],[61.29804607382931,34.19621396838361],[61.31940891459808,34.26345404864938],[61.32469641815236,34.33281619445531],[61.313671782815526,34.40170456274092],[61.29888281779815,34.43782398478493],[61.303617828761034,34.44225457494479],[61.343735031671756,34.496808383875056],[61.37155189975253,34.556318873437654],[61.374201415054024,34.567674159593935],[61.378001566660124,34.57145737170907],[61.41887856215568,34.6196532842503],[61.458678560311405,34.67577710469298],[61.49704749351215,34.74623114158567],[61.51624673550935,34.82175663669573],[61.51565822904628,34.871796976102445],[61.51699995279223,34.874687979887334],[61.52981581018976,34.906742776324926],[61.53480865958718,34.92153684296623],[61.54148553737257,34.932305962119756],[61.57193039432265,34.995559129701576],[61.58730203275278,35.062348939031935],[61.5870152322739,35.13028924164466],[61.58167994335341,35.15256294305845],[61.604107006604046,35.192183703044456],[61.62386202519231,35.253964147224686],[61.627929545463154,35.27371918903766],[61.6424988291347,35.30789953381119],[61.644799244702696,35.313438133290134],[61.64586502376301,35.31607427655109],[61.681300709439675,35.3676057877295],[61.706786573261105,35.427121005891365],[61.71912849915862,35.48932235686842],[61.72265849191666,35.52894896264756],[61.722369459030155,35.58388292171302],[61.71175238872602,35.638121025637794],[61.69357038796476,35.69990174017374],[61.69743574100937,35.71308599568581],[61.70133445941379,35.77972204546973],[61.69536872506173,35.88552942283009],[61.682144641013544,35.95757798242448],[61.651148669478125,36.02594726563111],[61.64709609387901,36.03266891843986],[61.657352008132214,36.100393844123204],[61.657466605681044,36.19177841585987],[61.63929470804954,36.29355324961628],[61.616088702283776,36.35683811148432],[61.608191958369346,36.437803074531004],[61.616709558333284,36.55260080845361],[61.61361002140074,36.62123402844831],[61.59423989437063,36.688101894285914],[61.559269944680636,36.7507499248681],[61.50923012242867,36.82120533223194],[61.45473371481573,36.881979797632866],[61.38553159546958,36.9323334267697],[61.304636385917526,36.97005425432474],[61.215591645766594,36.9934815750114],[61.12231355436119,37.00158164405678],[60.70872150777558,37.00205212896337],[60.701751037027,37.0020055105732],[60.57590939292877,37.0003205685706],[60.556073653885335,37.02492017187386],[60.548878968717545,37.03356078400684],[60.43372094703506,37.16733141670478],[60.358520180879836,37.23445912838638],[60.244291718638785,37.31343747432993],[60.14055402653722,37.36706347820988],[59.878317163746544,37.46435863821437],[59.858647216154615,37.47117944992509],[59.8026550204222,37.4893282695074],[59.793027024126665,37.49598324906416],[59.79177202402761,37.502303896615736],[59.76750525123982,37.574453345066026],[59.74990655308767,37.61093141788025],[59.70295383027815,37.682624887868876],[59.67784439481079,37.712189235411934],[59.61419029403075,37.77179251785437],[59.53561842604457,37.81903144301613],[59.507915611249395,37.83216900490429],[59.418722688339514,37.864610990319704],[59.37490497632763,37.87213397043858],[59.152528102474555,37.96657081554104],[59.08931487999191,37.98860366565805],[58.96707966551781,38.022598936325096],[58.87445792461234,38.03994670318981],[58.77922231177638,38.04167347851016],[58.69160973609834,38.028602353901725],[58.662885233105484,38.03665482510395],[58.57890884423076,38.04694713033571],[58.49392902253698,38.04471728805935],[58.43523543159518,38.034344981918345],[58.426317847418154,38.04119355433877],[58.36830490529725,38.078869409976065],[58.30314652170482,38.108472650576815],[58.17451286621245,38.15608845219757],[58.1569572611447,38.16222078253423],[58.064253283999385,38.19272606470138],[58.027349397304974,38.20340000339615],[57.849008445651876,38.248040648891454],[57.78188872634231,38.26047197813334],[57.731563592669616,38.26666309840878],[57.72567404244905,38.27712218405051],[57.671712022944305,38.34890232874219],[57.62387021729444,38.3982546415997],[57.57781920369163,38.43888299905868],[57.52441635048576,38.47356173297654],[57.45769391244174,38.51051686719809],[57.36636926285067,38.54964573360641],[57.26602447665313,38.571544380315196],[57.161892329329476,38.575068835668425],[57.06868879051084,38.56984240615512],[56.9917721638336,38.57123705337828],[56.92916946878602,38.588776818230784],[56.812266474659694,38.60848075856552],[56.707086191195856,38.61511095064801],[56.63836912001469,38.61536147455457],[56.527862899038155,38.60920490025947],[56.43996156796387,38.60904022035976],[56.34166403522862,38.600454273832455],[56.248013498015055,38.57553426643813],[56.17402853996626,38.54852324002036],[56.1109543272623,38.520500937002275],[56.05433482059811,38.48502862546041],[56.01153777310485,38.45352812905316],[56.000201545409226,38.443319324687195],[55.888663065051404,38.45240232468797],[55.85375891312794,38.45417224360673],[55.58962068079866,38.45933653802115],[55.515264224552645,38.455946925417074],[55.442596730160716,38.443118856116136],[55.244223914896594,38.39428387152872],[55.15575196867601,38.36402042342468],[54.99915706010357,38.293975410655435],[54.97068097999958,38.28009370994341],[54.82123194122537,38.20094339248122],[54.77090672686177,38.169976100861355],[54.59529399058235,38.0450013212832],[54.5334049641548,37.99083341822363],[54.48205905150231,37.935412321185034],[54.42233953049723,37.8472761975522],[54.3855107381865,37.76789244776803],[54.311670223541356,37.747806005841355],[54.28083065102186,37.73839451343472],[54.15567841205587,37.69589486796012],[54.14823802259898,37.69444200163206],[53.93635329532743,37.7028522481705],[53.84562821665204,37.69913638670649],[53.75768439366062,37.6811224705663],[53.67608664659836,37.64954092781249],[53.604132607697004,37.60567119879806],[53.54471579845379,37.55128807975596],[53.5002078420791,37.48858770332642],[53.472364809725875,37.42009660711062],[53.46226119220985,37.34856801746288],[53.47025340195673,37.27686990589545],[53.47633950820231,37.25147280994652],[53.28666988605383,37.221634279765944],[53.263002765979905,37.21735929209106],[52.12683854539605,36.980520995852224],[51.81223053100204,36.97520510513695],[51.2639814762791,37.08426112831126],[51.14180914793764,37.127510059377634],[50.80468807100749,37.30171739344324],[50.69949040464892,37.37491409815689],[50.615971959852274,37.50423349738629],[50.57915062005266,37.55166661424664],[50.541440916990524,37.59269352827775],[50.49637216315519,37.634529834483715],[50.44374582680511,37.67041698268989],[50.397859690328936,37.697122025160056],[50.33536356162494,37.727621272462194],[50.26745355333624,37.74972528588594],[50.11704080131484,37.78761785582279],[50.05967296318425,37.79883007364983],[49.80482322849523,37.83460795474252],[49.76264810611588,37.83888248584575],[49.55349939002688,37.852059837725726],[49.54115935883517,37.855001710610495],[49.44885357840921,37.89201577535229],[49.43383077232264,37.91704577634869],[49.397703729257536,37.99232399733409],[49.37424646971319,38.078189471742846],[49.355107571092695,38.185249264060346],[49.328219363439004,38.414643567455656],[49.32695917722846,38.44662744437076],[49.314098767886335,38.520741265468594],[49.28190060283647,38.59119418374633],[49.23171357937453,38.65492322522433],[49.16568399613256,38.70915106849766],[49.08666720295501,38.751509645406365],[48.998104476967136,38.780146386324446],[48.903870317593416,38.79380784683315],[48.875316497242004,38.79557032224083],[48.803317373992485,38.7955828753937],[48.792385590413375,38.794235072790975],[48.779370327895975,38.80725965859952],[48.732135260362725,38.84773192537292],[48.70746003578753,38.86329324101243],[48.73080925653391,38.9059663201494],[48.748810879071925,38.96439293436179],[48.754056456749524,39.02436524112502],[48.753234262385746,39.06480405581434],[48.74702652599824,39.118071593938055],[48.73069825671864,39.17005379070265],[48.71418857893808,39.2095343518522],[48.74048588397016,39.24272184177404],[48.77243986385268,39.3108477106093],[48.7861040167138,39.382597759193],[48.78086846532477,39.45505253999579],[48.75689183184982,39.525255771602794],[48.715103642243136,39.590335329566024],[48.67482247796744,39.63972984129563],[48.62809749131863,39.68759658893748],[48.49750690334077,39.80015561634686],[48.48602264239725,39.809679655466944],[48.3308465694849,39.93347070522362],[48.260695539892446,39.979268402916404],[48.18020346553597,40.01363497005339],[48.09250490580918,40.03522911011467],[48.00102710069611,40.043207830148994],[47.89689743145721,40.04432061606884],[47.806093799543454,40.03842302032159],[47.71860232797811,40.01909157294057],[47.598721086082335,39.98244284332002],[47.500348868336495,39.94110168715525],[47.33116948897509,39.847730870766476],[47.249105139547595,39.8127016646884],[47.20771126885339,39.792740205072164],[47.06976589209841,39.71798242711],[47.06670023570074,39.7163033876054],[46.916345573592196,39.63306827851387],[46.87155709709639,39.604765882452064],[46.748581821497,39.51637645198178],[46.72046106522162,39.49310342820194],[46.71692360929815,39.49227696456152],[46.637660851888754,39.46734660950448],[46.56579446491258,39.43154529182175],[46.50378190329542,39.386104282654415],[46.44199332166313,39.331483895958435],[46.365798607516076,39.27033010385321],[46.33596109693918,39.271335772147125],[46.2424621324521,39.26710792166107],[46.1520850994559,39.24834499130854],[46.128804331350906,39.241476559035284],[46.0201051263209,39.25842816621913],[45.76345043826141,39.30647555220979],[45.75386288892378,39.31600819271539],[45.72293878963975,39.343714288332485],[45.66922394423976,39.38711592496402],[45.64552231118542,39.40493566480566],[45.565851747812836,39.46064290078491],[45.51232654966311,39.49206013986727],[45.507429214036385,39.49975508619598],[45.466175891629725,39.55120739657958],[45.41546418356369,39.60320858212443],[45.374649861238545,39.6379730088638],[45.2367995192246,39.81393955698012],[45.21018098984976,39.84421933256948],[45.18922352294482,39.86561871162813],[45.1325909175718,39.91370251209732],[45.065607258341366,39.953219204381085],[44.99045910369781,39.98287232424301],[44.976625962419995,39.98609617636249],[44.88252922058965,40.045413948092936],[44.81100864551935,40.082553702183475],[44.73181680275588,40.109031178609975],[44.647663417514,40.12394059418991],[44.561434877822,40.12677252619138],[44.47609113364479,40.11743185396486],[44.39455963118536,40.0962408888033],[44.3196307078688,40.063927597324906],[44.24909367005077,40.02647003908537],[44.18840313723727,39.9879437651514],[44.137163846839215,39.94209511198352],[44.07661258895897,39.877422136342695],[44.028559334274505,39.8125830996252],[44.00387464088438,39.752771665303946],[43.95047292991423,39.74457938180817],[43.86551838351093,39.72485752029358],[43.78712787422051,39.69305010601746],[43.718169728513224,39.650326882487796],[43.69747190715888,39.634746370090646],[43.64260619000437,39.585019612419],[43.60052000584868,39.528384327092006],[43.57259193929221,39.46673891815255],[43.559718394249145,39.40214445758756],[43.56228830144451,39.33675502465326],[43.58017547537046,39.27274564908994],[43.59086068558023,39.24637314129773],[43.61249389380107,39.20296643195095],[43.61675364070257,39.195823748358734]]]}},{"type":"Feature","properties":{"name":"India"},"geometry":{"type":"Polygon","coordinates":[[[67.77892995059358,23.791151961374595],[67.80621414807527,23.662859159747665],[67.81555880751344,23.628232782314754],[67.8588242270128,23.49645675589631],[67.88594027325254,23.435114562608817],[67.92500349597222,23.379335410472994],[67.97466611269321,23.331027586739516],[68.03322318475375,23.29184294853671],[68.09867086214395,23.263121337287114],[68.15526567447874,23.249177333047683],[68.1776495560552,23.207715457071835],[68.19137026395354,23.184488985681245],[68.30308536270505,23.010644390115306],[68.3415731074568,22.96087787212517],[68.38873412602187,22.917778144697397],[68.56489344027203,22.781800585667426],[68.63359620096502,22.73918411727265],[68.75848389888255,22.67818750110053],[68.73412643342388,22.659594889140454],[68.68295820476924,22.612434839144747],[68.64228436692498,22.557386498530082],[68.6135085899376,22.49637073036655],[68.59761565046342,22.43151306148605],[68.584310862098,22.336409040984947],[68.58141799841687,22.277700460589884],[68.58906739811096,22.219345376271622],[68.6070391896225,22.16292557159121],[68.64607662028996,22.069540126067245],[68.67312506747083,22.017672153600184],[68.70886424751926,21.9704590517677],[68.89178409406689,21.76554015123549],[68.94074139156385,21.71967290487984],[69.11466110228348,21.583396731068127],[69.25392971823449,21.440353643923885],[69.28249577828541,21.41388298764972],[69.46700816573306,21.259567892554315],[69.73446281921338,20.95427052556383],[69.76517626568626,20.92305321222855],[69.85808148913303,20.839069718528766],[69.89331427140262,20.81082953476116],[70.25056386248103,20.556787866880388],[70.32491956138358,20.515185598151298],[70.55871574337816,20.41558655422013],[70.65327383782571,20.388262445284962],[70.81323926159311,20.362338947294244],[70.8804569207199,20.35700800593302],[70.9476556761781,20.362705148619533],[71.09227072045486,20.386960601392836],[71.16054468577774,20.40455241847509],[71.53181169653433,20.535053961463053],[71.5991510779416,20.565909361333127],[71.75196699000244,20.653990538626466],[72.1722470789852,20.82892164755331],[72.24770749209812,20.8703397699294],[72.31119522448462,20.9265266972293],[72.3667542127535,20.988289072970417],[72.39052919077876,20.954825824457956],[72.43754385248262,20.908906097917107],[72.46294827435592,20.88811811110044],[72.47063429557465,20.852784747849565],[72.49898215645385,20.76194190839965],[72.50745054590321,20.675375166121455],[72.50333748152603,20.638780082591172],[72.34517584393433,20.189825171528287],[72.33045390993414,20.132347771001395],[72.28986308356698,19.885270461338266],[72.28570958616568,19.8167972062872],[72.29556264022425,19.748858358484704],[72.3038357783711,19.715878938715512],[72.32786844720313,19.653287272098446],[72.34930354806765,19.52335234884876],[72.36555339791231,19.461630635931485],[72.3757010212942,19.440310412009357],[72.38181238399063,19.3829718983211],[72.38941279903307,19.345647690655873],[72.41560594050011,19.267721844502002],[72.41394456650188,19.23618828427679],[72.42203701696403,19.180772233223774],[72.42249735874366,19.077433738654523],[72.43750319648568,18.979302067103504],[72.46934004698852,18.87568994127754],[72.49853007839133,18.807662416687563],[72.50923070014554,18.792596868203553],[72.50457047443048,18.77640330737863],[72.49245132086668,18.710376796618075],[72.49357232556372,18.64340939983197],[72.49825159853496,18.603198097569337],[72.51547989766439,18.528964399098697],[72.54890002931253,18.459873131520787],[72.54994532296654,18.458206956891985],[72.56693632882005,18.32285643149595],[72.57642908376829,18.275108535991556],[72.59966828662837,18.190295664092922],[72.61885967050856,18.050795080430007],[72.62844725173731,18.004787358705745],[72.68202418600492,17.813990523824085],[72.69228175597539,17.783097948152545],[72.7743019535728,17.569810360442744],[72.77294929929865,17.551080664384944],[72.77374277032885,17.49276796755395],[72.78447490102408,17.435384130415127],[72.869153006142,17.12875396313377],[72.96599354207818,16.413081958253464],[72.98546818567881,16.33633846727622],[73.09376307493629,16.050763438374396],[73.1110570167016,15.975718470626175],[73.13335299060093,15.90993452497536],[73.16842605905083,15.849549051793757],[73.27912325135473,15.69589510537048],[73.3368836972489,15.566546770155488],[73.3696771029292,15.508529075680077],[73.41301182780433,15.457340158931782],[73.42482768667166,15.445760341165823],[73.43126017207013,15.428432178859307],[73.42863084716141,15.40996644326456],[73.43257122307662,15.341526110078002],[73.44997217065887,15.275126866116345],[73.48018480661713,15.213193815204104],[73.52209555855931,15.157986789422287],[73.54788651231028,15.130078279483556],[73.59036953572593,14.979395456995556],[73.61263763023723,14.920988917237374],[73.64506076005193,14.867236542496888],[73.736522613314,14.74201572873301],[73.77557541136233,14.696911376489348],[73.79954247771212,14.673462325238471],[73.91470835173791,14.507974836128412],[73.9514287961606,14.463322672953053],[73.9923418057677,14.421004846463145],[74.02183040179575,14.381138455321086],[74.02740313022929,14.37163076554466],[74.03172331947023,14.346640129178105],[74.04807738881618,14.28565083602964],[74.09955757963748,14.1456028461785],[74.1079893043909,14.079019018540587],[74.14001679923956,13.95660405504968],[74.17355808221747,13.873571097635015],[74.2683305853637,13.704556709076822],[74.30923750695331,13.58581483040483],[74.3129136430235,13.557501871312185],[74.31351504025629,13.501348034245744],[74.32079210608494,13.434101979727105],[74.40965890573881,13.004799396783369],[74.41954529042677,12.967425211720967],[74.45210389586401,12.867022040851563],[74.4715995100309,12.819176740930137],[74.52231421213408,12.71683240506942],[74.59107288359709,12.468979330850974],[74.61530613837215,12.405836575636153],[74.86695450115529,11.899344477046014],[74.89518598977658,11.85198635935513],[74.93048724402931,11.80946008084104],[74.96358366759874,11.775327826121538],[75.00362630465838,11.739747561748292],[75.04805585111508,11.705806313375978],[75.12603486460064,11.600373740276575],[75.15249040225446,11.56860395663804],[75.2210555966916,11.495284785833679],[75.3204356653073,11.303891735498102],[75.34897475105608,11.25784110543155],[75.40040915474225,11.18742093993053],[75.49854378415898,10.941160299709777],[75.57199511804556,10.684706997938575],[75.59037915700885,10.634899984961189],[75.75855719351223,10.26600523295416],[75.78116745053063,10.203801538375872],[75.81309166913718,10.138019784443545],[75.83127192287809,10.108692774881057],[75.83279203720268,10.069936997700271],[75.84161238696703,10.004041308844483],[75.86257714757927,9.940974005985654],[75.88242115036745,9.89589931267577],[75.88651774422739,9.854749768897289],[75.93498138459222,9.613583075085979],[75.96614868640731,9.398738097728675],[75.9841728410188,9.3274229722487],[76.06291294500468,9.11231632905512],[76.08531338280213,9.063047747511225],[76.10125107149248,9.034073744317634],[76.13772965159704,8.980122247213117],[76.14025491136249,8.977558789319982],[76.14414789420475,8.962895101624655],[76.21484434531077,8.775062901568939],[76.23990871185966,8.722110986191916],[76.27333247022361,8.67398769644855],[76.31422095304075,8.631974935478532],[76.35381563535239,8.597470085365911],[76.68344413620156,8.183317684685695],[76.72112692599241,8.142761686958425],[76.82010818797816,8.051525889987914],[76.85303532327424,8.024603978253237],[77.08840478536972,7.85423496188824],[77.13837833073065,7.823911541685559],[77.19267227202943,7.802117369009822],[77.40850840202826,7.735208483891807],[77.4746686511184,7.721319608977657],[77.54234526123058,7.720053591726973],[77.60915047003547,7.731456230788798],[77.67272641065897,7.755126834003757],[77.73082746170763,7.790231968396735],[77.75326144839657,7.806828630646116],[77.88046252298747,7.848417745361026],[77.97033293088569,7.892249903693663],[78.26004876861458,8.086661496167599],[78.30714747627741,8.124221445898595],[78.34738375322075,8.169032790853555],[78.37963497372023,8.21985127072189],[78.4459786032501,8.346514553106237],[78.4737376124989,8.41631951879301],[78.48640312384357,8.490268855660922],[78.4941932257113,8.610098624828114],[78.52329478140149,8.726718727837056],[78.52789698698258,8.732279730099888],[78.5890274234316,8.779992870576478],[79.02045575039632,8.906269349293003],[79.14514914645395,8.899545455580434],[79.29913786584899,8.85018527571792],[79.37032338155461,8.8350109746138],[79.44317550855521,8.834346048625113],[79.51474341127903,8.848218333574433],[79.58212722462892,8.876067418617286],[79.64259424802687,8.916766835096203],[79.69368880345775,8.96866888406845],[79.73333149096614,9.029670430721959],[79.759903909859,9.09729717840235],[79.77231539023506,9.168803193253444],[79.77004889320382,9.241281810182484],[79.75318398162068,9.311783539593035],[79.72239562336667,9.377436238816346],[79.67892854544847,9.435562636900663],[79.62385203953178,9.495404197822161],[79.56365677128635,9.547693797299695],[79.49328189033994,9.585503154686268],[79.41232262432013,9.618023980655996],[79.39981411113918,9.621389509369626],[79.54951382451759,9.822382465094934],[79.58992011495344,9.891386823302426],[79.60691053832221,9.944958106855026],[79.60805141457179,9.944774739006359],[79.68525043832813,9.94062508992103],[79.77466658464513,9.945246619576945],[79.83612280699361,9.953655205844218],[79.9172617468028,9.97182734235798],[79.98248260979389,9.992981928966724],[80.04257573297227,10.02588125648892],[80.09540181788778,10.069357284400274],[80.13907703278055,10.121865219304697],[80.17204002293714,10.181537703194884],[80.19310797738021,10.246250539223418],[80.20151971271542,10.313697736313932],[80.21423459141404,10.760004960754223],[80.21437740823751,10.770783284635234],[80.21350479410418,11.198852580571327],[80.20764590198905,11.26225433320585],[80.19437633850421,11.334259004737769],[80.16059292625796,11.43290711350362],[80.1566783816675,11.440475655828983],[80.15728092317605,11.478891536438205],[80.14339556951454,11.550635214797142],[80.1276291977853,11.602581687181774],[80.12945850666048,11.61461066390024],[80.20131469453075,11.859477915998776],[80.28766932822676,12.031768910733264],[80.30863434837903,12.054415560812007],[80.34282057356198,12.097469057287089],[80.44852725825103,12.253503748516325],[80.4888530568917,12.332500211943337],[80.57524493205622,12.570686289365275],[80.5915055154864,12.632172953613619],[80.70595433549181,13.302996236456671],[80.71088569198055,13.370679200003233],[80.70270032428478,13.438042187249383],[80.6816769786893,13.502685879892978],[80.67404229491044,13.516431562313858],[80.67404302934807,13.5164796871111],[80.6605277099505,13.586928571236008],[80.61412014874139,13.741271455942622],[80.61345114582197,13.780387420290944],[80.60451868310614,13.853201304847625],[80.58493478078947,13.937963221492382],[80.56880693737808,13.9893790054591],[80.50000892448857,14.161154030684557],[80.49621906213719,14.179515834492245],[80.49793865024381,14.182693141787219],[80.52659316989185,14.252433361290665],[80.53974423920958,14.326410396672495],[80.54858484282818,14.4553091832237],[80.54642728415038,14.524668351929172],[80.53333128585122,14.624214982416056],[80.52150654013768,14.679262088256705],[80.46177708562855,14.877595816603948],[80.43066951364466,15.069645493509695],[80.45802724294089,15.211461824142523],[80.5948084420017,15.485681151774672],[80.62184509896544,15.464708672356513],[80.68722061297814,15.431939156429506],[80.75799636711022,15.412211278871684],[80.83141763978442,15.40629267398687],[80.84401278097083,15.407692015821391],[80.90910871003848,15.40008298597744],[80.96992772769752,15.398764313583463],[81.03986416829079,15.403595044302964],[81.10764734781853,15.420967055521155],[81.1708882501806,15.450269033182897],[81.22735524332998,15.490469095629336],[81.27505193156195,15.540150507673868],[81.31228731385822,15.597560858328597],[81.33694802226037,15.658719952352723],[81.36801986538637,15.683132550909963],[81.41761788941021,15.730125277015393],[81.45734253353909,15.785156537026392],[81.48580973324684,15.84632283532465],[81.53675734592629,15.990271850029352],[81.67278264101358,15.976698249677316],[81.67319325476694,15.97665733619982],[81.72328919143656,15.971685482695344],[81.78650910661857,15.970568626262427],[81.84902925899345,15.979707484696116],[81.90906950634924,15.998842170293388],[82.2880943102944,16.15438329122825],[82.34804545809675,16.185354425135635],[82.46522133527242,16.25972883465977],[82.52665579960735,16.308415453167765],[82.57601988726644,16.368471785903616],[82.64449315493381,16.472842392871417],[82.67113715124907,16.521217654356384],[82.68984111532967,16.572909561119904],[82.70130766403284,16.61457152865393],[82.7224080948463,16.6902964939895],[82.73503976025394,16.774933484425564],[82.72647517170923,16.860037339662394],[82.71679364281624,16.90243973218],[82.71511430421761,16.90721832184026],[82.79792984760333,16.970111079001413],[83.14811552256629,17.141441793104395],[83.19206249899484,17.166614727853624],[83.41334640614687,17.313514133105922],[83.46250834613886,17.352362648273647],[83.65213971140192,17.52976426476367],[83.68132515635396,17.560343601134242],[83.84353536144835,17.75094985445894],[83.86657536509395,17.76953852589331],[84.27845141467489,17.973378980698225],[84.3309600315331,18.004705827251176],[84.37739973860594,18.043765437361678],[84.41652338531621,18.089512719619357],[84.47879697065262,18.175858072886196],[84.7413598870082,18.445478889182905],[84.77160605792227,18.4806735286187],[84.9024171175449,18.653916686884536],[84.96490677961968,18.715470785668504],[85.00890420900457,18.7677269846925],[85.06797835155179,18.85301694698859],[85.09703005437456,18.903227097764216],[85.10537983591267,18.925443255498397],[85.45032104289353,19.215525059347335],[85.63293026694922,19.315372021734575],[85.6841536035053,19.35012802823115],[85.71022421595123,19.35659937353517],[85.9762699179932,19.451206296130497],[86.32720063700293,19.551720636236553],[86.35741033953546,19.561653340849062],[86.42057166592036,19.58524021118582],[86.50017063641606,19.62578870472969],[86.56743420988744,19.682815211249196],[86.59087880974474,19.7080194459864],[86.59572757131471,19.714254133465552],[86.62143238719193,19.73046966897708],[86.67646586250635,19.783445174108685],[86.74574890916344,19.865499279386505],[86.77383607403526,19.903521874694434],[86.77763636490711,19.9094457774429],[86.94720798152612,20.004738378900715],[87.01220630839558,20.050636760479907],[87.06544474283974,20.10837574710335],[87.10451775947008,20.17536061590875],[87.12344151048686,20.2179929526772],[87.1427502272265,20.274000164075126],[87.15034076673501,20.321474260073394],[87.1999480373586,20.369237542367518],[87.25476026559264,20.436140011797306],[87.30583666190644,20.51640579263272],[87.33790311518197,20.580270080759934],[87.35603429875125,20.64876470476655],[87.35951386140087,20.719254633107816],[87.34818741849581,20.7890244528082],[87.322471583324,20.85538270158786],[87.30309058212383,20.885296226870683],[87.27480607701486,21.03033219984539],[87.25919797812134,21.085230183652644],[87.24449777645731,21.124178701616035],[87.25181557984676,21.134101651468445],[87.32572083988607,21.20230661288687],[87.33080933006255,21.20454936514567],[87.76948238300852,21.30434782860651],[87.86362562315563,21.33822429537398],[87.88956277387643,21.351396244017067],[87.92092780071567,21.32894106886241],[87.99745494544426,21.295677382530123],[88.07990220315541,21.2786563017737],[88.21123154480425,21.265234263341227],[88.28687924443051,21.26439812982983],[88.33097396524455,21.272036965599646],[88.33851621939944,21.269193353516407],[88.4171589071608,21.256039942081205],[88.49702530694951,21.258199639148664],[88.55668543605887,21.271548733352574],[88.56367682117285,21.267185167994853],[88.63734848043596,21.239422212717344],[88.71555200199721,21.22625717198032],[88.7949929907655,21.228242657301436],[88.87232685924216,21.245293187929327],[88.94429668145094,21.27668903225507],[88.95312419243662,21.28286015468522],[88.9579180305543,21.28234071172507],[89.0290787934439,21.286903439006707],[89.1134435749119,21.299633734507115],[89.18322708251388,21.316469205475254],[89.24845350118723,21.34504694640037],[89.30686184251503,21.38437623278919],[89.35642325702645,21.433093540735772],[89.39541074064903,21.48950906287997],[89.422459201262,21.551664456396534],[89.43661382165118,21.617399965574673],[89.43736494108074,21.68442873609508],[89.42797779438223,21.789016615311954],[89.41555562487775,21.854065998268016],[89.40894812623146,21.876416369913862],[89.41187785929044,21.887313276936037],[89.43581189821613,22.043182789493173],[89.43927474894224,22.077265394440325],[89.44391926864844,22.170300449784545],[89.44366519754848,22.20794967121077],[89.4380491058805,22.296322442631425],[89.42193565222291,22.379612820493833],[89.34401795117212,22.61606907377226],[89.33502691926276,22.64019847409427],[89.31593498337824,22.68603924592683],[89.3095815093079,22.740514850102958],[89.30818543741765,22.747116935662632],[89.2863667924503,22.89319529048193],[89.27222051150632,22.95141737917685],[89.25885221734409,22.990712591608432],[89.27935233968321,23.029123758827264],[89.30555430492034,23.09280935695532],[89.3182293046971,23.15987597874646],[89.31690329818927,23.227918704318256],[89.30160332162947,23.294494217146443],[89.27285945109709,23.35720837921691],[89.23168858337925,23.413802546430496],[89.17956020536352,23.46223548697908],[89.14849487046915,23.48606267657875],[89.12639313200579,23.499349873835826],[89.12593331188015,23.504460729640066],[89.10216066025502,23.576651114216563],[89.06240180138886,23.64267739404566],[89.01932088367906,23.69915266645171],[88.9994678107,23.72092843783093],[89.06479660583817,23.86900045808689],[89.08633348876039,23.935662056653907],[89.10047995151804,24.00270604884665],[89.105540015708,24.034038867046092],[89.11780828164163,24.14297414447522],[89.12375284602176,24.180054989550186],[89.1277378970485,24.242307189519117],[89.11984133226835,24.30422977951385],[89.1099095501672,24.34823839008998],[89.08796107552814,24.413318851364423],[89.05286586473049,24.473431704987558],[89.00587284694274,24.52640729113024],[88.94866629186222,24.570330741164266],[88.8673401361289,24.621522703210395],[88.78980714894827,24.659409870646865],[88.70489472799358,24.680714401707473],[88.6472525407532,24.689022360912393],[88.70054090369541,24.760081693576247],[88.72811584506367,24.810530956433137],[88.73388013689988,24.809974450549525],[88.79226687131641,24.81216851239079],[88.86179945644126,24.819438456121496],[88.92195377417151,24.830024379643174],[88.99461693718962,24.848154602992576],[89.06950876843696,24.874434692077656],[89.13709448881627,24.913810349581556],[89.1767003604955,24.942366222506596],[89.2334181790765,24.992318007559803],[89.2781419103524,25.05142351201833],[89.30007780303302,25.087651370306503],[89.32839604224687,25.146164101517066],[89.34484889824739,25.208258284711498],[89.3489008412398,25.271977079152744],[89.34040563795186,25.335309774691186],[89.33298143693317,25.36681501199289],[89.30599394498213,25.440691187133208],[89.26194320494031,25.50753451482274],[89.20288143007261,25.56419118497905],[89.16513419866415,25.58738205790135],[89.15869472883854,25.60428124750486],[89.12342708546018,25.660787651731706],[89.09721365472527,25.69506588698513],[89.04960827200652,25.74628127976993],[89.00302284547405,25.780655010687003],[89.05114953423535,25.748694334857916],[89.12915702208109,25.708241869262302],[89.20946891710409,25.676838238813993],[89.26907561095368,25.65840207400172],[89.36600334533247,25.63592045953078],[89.41869045700838,25.628120356811078],[89.42421944603025,25.569103510237753],[89.40216611137858,25.424090346534083],[89.4007512471275,25.33713340518978],[89.4054652859543,25.29743846757294],[89.43033167218289,25.205380521151326],[89.44359712338878,25.174642582417412],[89.47767467283317,25.113600961880557],[89.52392833162794,25.059535899612126],[89.58066959761916,25.014403457937124],[89.59989219975668,25.00183429165162],[89.67312414739831,24.963961876535176],[89.75355924362432,24.940964004776497],[89.79959773265901,24.937083818328173],[89.88098926099649,24.916489689960756],[89.98217589161645,24.88298675954876],[90.00631853465109,24.875770456605498],[90.13678067918556,24.840876383414425],[90.18725236393985,24.830544294842788],[90.3757259775214,24.803413256270435],[90.47200509570368,24.800226980631752],[90.57524147253307,24.808172017994913],[90.60092592272397,24.808677933541503],[90.69818616493306,24.801841424484852],[90.7503040337117,24.801271432883503],[91.05091059257995,24.815600558273687],[91.24049383011176,24.818587146664555],[91.28801696558787,24.80648753815066],[91.34604720148495,24.795862503081537],[91.42883618675393,24.78643768490161],[91.50749219181792,24.78458184708665],[91.78337478040217,24.802658002721813],[91.82429490843843,24.803962299896686],[91.82313046907274,24.80046125131847],[91.77054809383563,24.67453567928085],[91.76726010903768,24.673285292789316],[91.70713871358453,24.63768674004618],[91.65510838771762,24.592833335542643],[91.62080604246147,24.55008757911428],[91.61919891806049,24.549783621445886],[91.5612379207082,24.53477005484927],[91.49838275057476,24.513073770170973],[91.44048738535571,24.482017384828662],[91.40238507901856,24.45737205206894],[91.35426386107615,24.456858992820013],[91.28603611646659,24.4450732596227],[91.2603844577951,24.438470761784718],[91.18171271528934,24.409604985852617],[91.11164434779299,24.36613542719412],[91.05342320180216,24.310077358637614],[91.00973399895544,24.24402843474035],[90.99290014076156,24.210977266890165],[90.99269971813743,24.210495606676396],[90.94895115937024,24.16919084714225],[90.90425839842528,24.118482804850924],[90.87036213167418,24.061279829328864],[90.84836477950213,23.999464998208442],[90.81156349034372,23.851219180602207],[90.78267887946201,23.75820114191216],[90.7700835328,23.698970388030617],[90.76854079032866,23.6386676120376],[90.77385159393566,23.559067681985088],[90.78235419067298,23.503571045784078],[90.80020179598439,23.449977475715347],[90.8771982667247,23.270281385635347],[90.93267437643159,23.030099305239148],[90.96142551357266,22.951630150870248],[91.00898948606772,22.88132359970359],[91.03265556421835,22.85397170526117],[91.09758583418005,22.794741409940787],[91.17571413120837,22.751029118083217],[91.19618902775,22.742410061755315],[91.2744741332675,22.718276355329934],[91.3079787516203,22.714825133239973],[91.3281754457892,22.69855863179613],[91.39985171509389,22.661823442983223],[91.47829173457075,22.639683585667658],[91.54415382849625,22.627865460681736],[91.61417455924743,22.621233722115353],[91.68436510221915,22.626271159758677],[91.75245221360615,22.642812701936816],[91.82766900486315,22.667916062772154],[91.89960390219643,22.6998750440062],[91.96300502505498,22.74460187869151],[92.00712554535143,22.78287820451902],[92.02592662606817,22.74583704286568],[92.0606384347468,22.702756713955033],[92.0688294310661,22.68633342499366],[92.09747613947467,22.613172819707305],[92.11112372081116,22.584128323664153],[92.12237552387568,22.487578574296087],[92.12632658749325,22.46224797320295],[92.14541075228101,22.364764944719823],[92.17428965259329,22.0205790747301],[92.17946382136118,21.983808926201583],[92.19332505006244,21.91384737848405],[92.21433327868826,21.84618354847681],[92.2492315680964,21.783626185841005],[92.29665796040774,21.72858381373313],[92.35477407568206,21.68317233719591],[92.42133715637085,21.649134736269385],[92.4937864756593,21.627775313296997],[92.56934081334306,21.61991080539012],[92.64510344808674,21.62584003436671],[92.71817096479953,21.64533309305073],[92.75202897954482,21.66152717374283],[92.760378627486,21.658315740735443],[92.84442212771738,21.635872643743333],[92.93175913851682,21.631426182386992],[93.0179593397967,21.645197711500217],[93.07290641568945,21.660021780470096],[93.13980815944178,21.684477976890907],[93.20069587922549,21.719933104866616],[93.25347725124335,21.76516936700361],[93.29633369223963,21.81863288071581],[93.32778257609516,21.878486230954746],[93.34163628417495,21.912568867904447],[93.3855843909569,21.94297034409378],[93.4152505097778,21.968363534483817],[93.47064252230713,22.027313300200532],[93.51093487035251,22.095908963053443],[93.53420179993412,22.170906757161827],[93.54558464757002,22.232139661018127],[93.55117243843586,22.293644271661154],[93.55097071911295,22.361930256545147],[93.5368218761289,22.456624398220082],[93.48532597710636,22.62725357608445],[93.47647697161037,22.673026882221205],[93.49782845510032,22.718070353905308],[93.49962291153383,22.71876915642528],[93.57065052290166,22.765871064668726],[93.62851164324177,22.82628572554645],[93.66995834061049,22.88078740830195],[93.69963888474898,22.92671994716018],[93.72156647489848,22.97617015458624],[93.73827235353089,23.02367688941569],[93.75461558414382,23.09295289771838],[93.78047005836873,23.29945814348497],[93.78166746619094,23.31049369132078],[93.79899071194647,23.499251320520923],[93.80000938478966,23.51389785709827],[93.80335865467325,23.584946262090668],[93.8619971445586,23.569505543013236],[93.89031302926335,23.555859941487995],[93.96015912957702,23.529687927732056],[94.03422348061375,23.516194607969638],[94.10977681197684,23.515874216460855],[94.16246645935698,23.52027647610168],[94.23303700647038,23.532148994168317],[94.30010559206501,23.55550523549328],[94.3614451062391,23.589567751769202],[94.41501532495349,23.633203643535303],[94.4590296646612,23.684961639522257],[94.49201424875167,23.7431195834533],[94.53487884164099,23.83918658232664],[94.54494511585301,23.864379025974063],[94.5946776047262,24.004746580858768],[94.5948409047349,24.005207794440704],[94.65920056754396,24.187012619467176],[94.72972406702182,24.313642938433592],[94.73048530268336,24.315015098422666],[94.74036492711011,24.3329150171095],[94.8185560537429,24.43568022187295],[94.82672067020246,24.44683563078135],[94.91777530312397,24.576213807109003],[94.94661118608647,24.6250414458991],[95.02612292185178,24.788585691436793],[95.0383860390441,24.816967361665096],[95.08299160400944,24.934548520995637],[95.10106066225973,25.003965705898526],[95.10351999236114,25.07517778878401],[95.0997685068557,25.12428884610896],[95.08143700777926,25.20967421850962],[95.05569192677883,25.259415895694566],[95.08585150296427,25.28572685764258],[95.16114314397815,25.363463199696373],[95.18139338777458,25.386131659262123],[95.26602684261806,25.488976276063067],[95.28853115647817,25.519395787388824],[95.33491183964844,25.58949649061309],[95.36794254542549,25.65257937297823],[95.38677030992798,25.720138152056315],[95.39261546955231,25.75536376585383],[95.42690959297697,25.792722277940754],[95.46641777800242,25.846585008133346],[95.50709120951174,25.918360837098067],[95.52889683768291,25.996356423858572],[95.53070139117925,26.076641716518328],[95.5276721634568,26.105786920424944],[95.51125896204945,26.1789908514652],[95.47809138254173,26.247461749942325],[95.46620053726359,26.262358587424934],[95.46268610996606,26.271312950951167],[95.45458203230609,26.34341595980997],[95.50874567351163,26.36548919807074],[95.66720476880708,26.44911278441352],[95.71361840771446,26.47761037103524],[95.98043594455503,26.66644232919785],[96.05081125686633,26.71152079432525],[96.09609924496209,26.733385809808766],[96.1712417547326,26.780079810099625],[96.2327306563247,26.840520746367606],[96.28510935731936,26.905360927648175],[96.29522710155233,26.915298924837508],[96.30723861409662,26.91940176881936],[96.35248970501213,26.928691331055134],[96.56073794282936,26.961290352669653],[96.58712611918962,26.931058856707654],[96.65025830067141,26.883497003839373],[96.72334829054655,26.83908410676615],[96.79624366174276,26.80400195137396],[96.8807512679599,26.772862290969147],[96.9611935141046,26.751625977110326],[97.0449583688352,26.745656727365805],[97.12841817155572,26.755208319871166],[97.19219412868675,26.768576978827557],[97.26385906418462,26.789993587799245],[97.32987491644369,26.822824503881744],[97.38793493848917,26.865921306699427],[97.4360047326927,26.91777698359631],[97.47239267796287,26.976577710298738],[97.49580947716561,27.040265234743348],[97.50541474045703,27.106607863191517],[97.50723562362818,27.154479680079007],[97.50188753471319,27.22546515112564],[97.48063855984118,27.29399241086036],[97.44430980135367,27.35732388324682],[97.33573626555435,27.506793569176427],[97.41112889566203,27.56033660461399],[97.42138050410381,27.567959710771188],[97.48070343669629,27.586662687461764],[97.55479863939433,27.627270968183357],[97.61751816998373,27.680741878621657],[97.64652568301368,27.711345651457165],[97.68766185335687,27.763395984452096],[97.71779128523839,27.820915690924384],[97.73595749309976,27.88210768149184],[97.7444987069714,27.926644750388803],[97.7489772050476,28.012983846556917],[97.74475622583742,28.06150546406005],[97.72804165778759,28.138801148126948],[97.72197650561309,28.151015967258076],[97.72388407019375,28.16064353864459],[97.72980844365813,28.228959358046648],[97.72069193627787,28.296888406573643],[97.6968445598549,28.361921694974583],[97.65912333990384,28.421652796740773],[97.60890424754116,28.47386722929731],[97.54803405747491,28.51662534113728],[97.53342950157686,28.524981491516943],[97.4060699950774,28.61651748216775],[97.32189339426732,28.663018659047466],[97.25204280718481,28.691730222998135],[97.17529201905546,28.715360733611703],[97.09452160657902,28.725164503324297],[97.01297552103405,28.720743611321414],[96.98386044947279,28.713945236276743],[96.99019391802454,28.762470264974837],[96.98330882387083,28.83278935779515],[96.96061372727986,28.900417379593602],[96.9299677428387,28.966384362815745],[96.91890025070887,28.988066906119098],[96.87477322667495,29.067172284330418],[96.8736962289709,29.07407241789995],[96.8536412808842,29.14561290846931],[96.81698932623345,29.21189149679337],[96.76541345380512,29.269916523357548],[96.76577044628044,29.280837706794955],[96.74983951966179,29.35496648425509],[96.71619602388475,29.424367334593672],[96.66631972829518,29.485918740849918],[96.60243085888024,29.536846283347835],[96.58376719794232,29.548792002301184],[96.51324462081993,29.58499969471721],[96.4472203792246,29.604783180869607],[96.4228422932528,29.633667120346463],[96.37395053087216,29.67648242988082],[96.29503533137233,29.73024487943038],[96.25073998624458,29.753361449362203],[96.18059297069915,29.782444295659968],[96.10520081085627,29.799510732169004],[96.02728146545486,29.803942073397998],[95.94964798088039,29.795574984730774],[95.87510408261258,29.77470802103858],[95.72439142077381,29.718350064227305],[95.70108715204745,29.708866830296124],[95.52593453785201,29.631608926435096],[95.49169941798642,29.614657723536524],[95.29676012427643,29.50695730611043],[95.23020086119882,29.461167356817043],[95.227818051468,29.458693714177745],[95.13973935016892,29.485952273340658],[95.07007136333033,29.501642138382106],[95.02514054001594,29.504680680717826],[95.01509361456289,29.5143556127667],[94.95876017609946,29.559867114577628],[94.8886331184016,29.60530122446624],[94.80880153647357,29.636692454707486],[94.75466319000913,29.65213434188996],[94.67945585615443,29.666934679699988],[94.60224632448387,29.669265526124068],[94.52576857898659,29.65904139865508],[94.45273105521777,29.63662120208824],[94.38571796301088,29.602795590520596],[94.26129174369814,29.525565284788776],[94.12032038306279,29.467845506383384],[94.06062419857658,29.43785228930373],[94.00745602048895,29.399675407419924],[93.90758650419484,29.314781092717254],[93.88828901867619,29.296749082025975],[93.86654509862292,29.291079324978444],[93.79822179448051,29.26033660390803],[93.73758945333151,29.219108403352962],[93.68676499616538,29.168837293346158],[93.6475149682927,29.11128142627122],[93.63392673110313,29.078857850605324],[93.57020558367788,29.045770900295153],[93.54995243822657,29.0374177573213],[93.30791057043369,29.008685224972915],[93.26094497846351,29.000613053214735],[93.15201948401888,28.97601537496924],[93.08483089311761,28.95524421210444],[93.02271146241848,28.924646018292712],[92.9675422277029,28.885147154677295],[92.92210470814501,28.846395225727434],[92.87044351430431,28.792785430676787],[92.83165020516871,28.731481468009356],[92.78315295217911,28.633247426772794],[92.77516928196764,28.615820614130186],[92.76768997631525,28.598171583135642],[92.66764263815004,28.533115967513837],[92.51757562690217,28.465566834638192],[92.4457482564592,28.42431463060932],[92.38526635763264,28.370846063975435],[92.3359770991215,28.316984292388277],[92.2882130235069,28.25127932289528],[92.26649999800928,28.199264312789275],[92.26218885953118,28.199703441924694],[92.18742162861159,28.1951369134318],[92.11480475625675,28.178566685171532],[92.08406344969485,28.165907088773118],[92.065794785205,28.164406540302096],[91.99588558329505,28.153174307665907],[91.92920712330476,28.13140279969287],[91.87329321987063,28.10258895460113],[91.76916543359286,28.115039819224172],[91.7158762171947,28.118264596285783],[91.63496358613176,28.118434909439507],[91.55716336767892,28.111956399299984],[91.482139302303,28.09247168484224],[91.41267901874762,28.06070249711149],[91.35135883000252,28.01782675847265],[91.30044628754764,27.965434067218762],[91.2618154488089,27.90546565415297],[91.2419617726371,27.853466140145724],[91.22273847382446,27.81211638220707],[91.20391256360656,27.761031539019292],[91.18575018331855,27.695393454633408],[91.17530700042013,27.637409959371244],[91.1756911094563,27.578743473452718],[91.18687618040046,27.520965620025752],[91.20248196446857,27.467228840169483],[91.23658176872729,27.389135037403296],[91.29020406024013,27.32027836442348],[91.35364788729301,27.256332173605156],[91.39644074979377,27.222916447005716],[91.35648801560359,27.219852485966314],[91.28374888898699,27.20174104997406],[91.21604243685202,27.17191325960788],[91.19218102451164,27.158800120056622],[91.17530900647209,27.160287068907675],[91.09451367373218,27.16016020705439],[90.82483772277764,27.135339262887],[90.74580901073584,27.131244432538395],[90.70788576244355,27.133972017611693],[90.64101434352514,27.166296686602262],[90.61051037648897,27.179575107613733],[90.50854866103855,27.219245692433404],[90.43345188362265,27.24089700558212],[90.35496799701355,27.24908233863619],[90.27612991934559,27.243483357353306],[90.19998548451754,27.224314260106325],[90.12871775949299,27.19942594491535],[90.1264881152529,27.199018715140873],[90.05908317342919,27.181146581181782],[89.99616533736132,27.153141909594844],[89.93965293236705,27.115858374524116],[89.90404388051296,27.08243459499994],[89.87888113702286,27.07813752416876],[89.81808736205458,27.07058942043579],[89.7596112731596,27.103508520063436],[89.71851788406809,27.120843248211127],[89.65699496727873,27.14147517374645],[89.5924667795125,27.15289577659056],[89.55511766402999,27.156709386509394],[89.52864595689007,27.16349053750275],[89.5064732022867,27.172898686810626],[89.42575240670551,27.19814631550491],[89.34077576392941,27.20761482220355],[89.27234881873827,27.202214077272686],[89.28218753776802,27.226305800053403],[89.29438179887737,27.29081445245502],[89.29323163890719,27.356175656483302],[89.27875340281982,27.42022375907204],[89.25140629917581,27.480833344219317],[89.21207993708275,27.535989956078193],[89.18407118570595,27.56280329816914],[89.21889356980421,27.667349860094664],[89.22991238205641,27.709589045521664],[89.24918575382961,27.81079007947835],[89.25465032048291,27.88198812130548],[89.24409518913458,27.95267956507467],[89.21790861266643,28.020072236929373],[89.21614874031157,28.0234565081519],[89.20093182524346,28.08519472525469],[89.18027738809204,28.144017851229712],[89.14848556640258,28.19881001604936],[89.10648150997443,28.24795016432605],[89.0554971032792,28.289982349646007],[89.00800364431412,28.322821781935072],[88.92096499450973,28.36872225812758],[88.78552014515746,28.421026819744746],[88.71385576861574,28.441903526049284],[88.63897737592751,28.450737254409542],[88.59567976378757,28.452262616236915],[88.51808099772691,28.44844926109944],[88.4426699341873,28.431723643906555],[88.37220469554049,28.402695893342226],[88.30925823803848,28.362425679186583],[88.29785824293243,28.353554979101876],[88.28427685002038,28.34840722308529],[88.1799478094965,28.31879932765401],[88.07480237338417,28.303187435861496],[88.00691331762462,28.28768430442009],[87.94302541669468,28.26213868016011],[87.9108311476252,28.246184476923794],[87.8473172780599,28.20728022181454],[87.79327214322198,28.15850421584247],[87.75063831678023,28.10161932978491],[87.72093884823788,28.038679411752486],[87.71096326023319,28.010184145884697],[87.6951299680189,27.942405375354497],[87.69427664519051,27.87324086060262],[87.7084086388847,27.805254629050065],[87.71935629594661,27.771339524772266],[87.72304206694936,27.763301271931702],[87.6975574143902,27.712243981219594],[87.67430144395367,27.65146380987444],[87.63103327722254,27.49283743194114],[87.62286163793236,27.453232466367673],[87.58401241542177,27.1781385137853],[87.58636450842587,27.07442044356507],[87.59531070084779,27.026582173798964],[87.61824059726257,26.953146892892573],[87.65801443258582,26.88571744492246],[87.73103567695375,26.788495406765495],[87.71578315738829,26.787336709811925],[87.6372354951339,26.774241230108192],[87.58764952251497,26.761297942221702],[87.56497429675579,26.76240272417067],[87.49385832812247,26.775247528062238],[87.42355008582823,26.782240496275524],[87.35292871161292,26.778087515781856],[87.34171480280754,26.77561464603259],[87.32809451117579,26.790868541121277],[87.27327010929021,26.833452241223036],[87.25176408254158,26.847302285662092],[87.1892701873371,26.880290179729812],[87.12109714391192,26.902669576537118],[87.0494818161814,26.91370477492661],[86.97677739160571,26.913032322589807],[86.9053741521697,26.900673366075388],[86.8376188212206,26.877033061212057],[86.7145118171541,26.8220839164034],[86.60095517663264,26.875121047764406],[86.5706290660223,26.887856369830626],[86.52218513641714,26.90602169454026],[86.45041355328206,26.926089347040563],[86.3255642313438,26.949750201171884],[86.29704449401822,26.954190860991403],[86.22390367232018,26.963150532358153],[86.13909207746259,26.98930710160176],[86.05033772343,27.006930175125895],[86.01129952291225,27.006661993030697],[85.98940516069094,27.03203578641041],[85.93795584877219,27.079489649422463],[85.87111244717384,27.12902985672679],[85.79383321398413,27.164589624958758],[85.70973290958207,27.184501906907457],[85.62952340244637,27.19537867403441],[85.55539005032294,27.199238974488125],[85.48170172437985,27.190902208751712],[85.41097417072102,27.170652208024524],[85.36362945090855,27.15264728609472],[85.36307235227362,27.153018655537636],[85.3368613096504,27.167408578270763],[85.27785110782135,27.194092627218655],[85.21470371378166,27.211792448497622],[85.17807199781889,27.216396339297965],[85.1583077454498,27.227935921105832],[85.12069736892798,27.247384913684282],[85.04713722588724,27.28079732898314],[85.04474721458374,27.29765932356309],[85.03082706543915,27.34388178529315],[84.99408746374952,27.424804673789925],[84.96362439784619,27.473696671169687],[84.91276131441072,27.5376276383022],[84.84745529601642,27.590214862200934],[84.77080769561579,27.628947756929154],[84.64122369658519,27.678591598374236],[84.61769686219607,27.686826231464273],[84.39167691356405,27.75856297440589],[84.2768458923868,27.8111488272934],[84.20602918585156,27.83635415149045],[84.13110693952994,27.849321621718282],[84.05475271082888,27.8495883066422],[83.9796926957054,27.83714435104164],[83.90860575626539,27.812433383977137],[83.88555809975566,27.802100457932355],[83.80480858689162,27.785286592233174],[83.76123416096263,27.772541912151738],[83.68483061410846,27.79613989775539],[83.59106658323742,27.81437782056823],[83.48626045529628,27.823389402659178],[83.395985255623,27.822153071708264],[83.30826572277242,27.803207611654674],[83.2449239269335,27.78264662155147],[83.2287567762973,27.775561062196676],[83.18652575581291,27.787452019856506],[83.14324808586322,27.797334097401112],[83.0496705594422,27.81384643251237],[83.02398421296378,27.860275137687772],[82.98133426256734,27.91168846528271],[82.92906156008421,27.955600330139358],[82.86881180866217,27.99062065506685],[82.80248888938891,28.015639791784423],[82.7549035601845,28.029300237462923],[82.67396410745017,28.044659560646952],[82.59118068290657,28.045153612851525],[82.5429184400518,28.041055158861813],[82.5065449980549,28.059875165441817],[82.34402164875456,28.160182381529662],[82.30451967698806,28.181666228878278],[82.229471218781,28.217399108170746],[82.15459003574279,28.244900848636174],[82.10513940586986,28.25811963044678],[82.01710445353554,28.272534720240124],[81.92763643710244,28.2695733344408],[81.8942703210343,28.261793955815637],[81.84962879495083,28.286244479488552],[81.71432944546947,28.360275838776868],[81.57871472522929,28.448751067299188],[81.56428226659904,28.46173081924753],[81.55685741484345,28.47278962720499],[81.5371560262094,28.499373590902152],[81.49991145957232,28.54505640448059],[81.4400628376092,28.603612262727616],[81.36713024576153,28.649277585870884],[81.2147196384214,28.723906904326476],[81.09443947306686,28.782808291661024],[80.97048425565933,28.84353612176067],[80.94080535692859,28.866457073060474],[80.91027533159864,28.88784703522631],[80.82588736494532,28.941338361771216],[80.76007291301111,28.975310466024702],[80.68820851443994,28.997965590300634],[80.61886600721218,29.01358173955274],[80.5899543733986,29.017362341346896],[80.5929969854585,29.021370647527416],[80.62111176330411,29.07684885113902],[80.6381883318889,29.135697535926976],[80.66157601891804,29.259037805857815],[80.66712359970104,29.319992307443385],[80.66686223788636,29.36031045087685],[80.69744397610337,29.43302299778119],[80.7567281363001,29.54275285135465],[80.8615542871283,29.663093489611256],[80.87209982552199,29.672329982190224],[80.90220102911039,29.68857705208659],[80.98456285787715,29.747011174151915],[81.05127175022122,29.808299383963796],[81.10350510302027,29.81396157606484],[81.1830852109344,29.837495319546175],[81.25556808251751,29.87454639427078],[81.31796660790988,29.92359133904054],[81.36769853954566,29.982611180681005],[81.40269291407661,30.04917297613438],[81.4214774680138,30.12052859949476],[81.423243199042,30.193727006681968],[81.40788285288042,30.265735592210884],[81.38331949600206,30.33840694635527],[81.35314166932986,30.403365396586217],[81.3089760701917,30.462034630725434],[81.25248310461112,30.512182235402165],[81.18580147496054,30.551897604400683],[81.08524715530083,30.599964957011895],[81.00578587150322,30.64377913315103],[80.9719604885697,30.672309887705378],[80.87865478156,30.731526593171605],[80.80525333989328,30.76564642004257],[80.70906431247644,30.797792885482984],[80.66944246598437,30.806344031487168],[80.60113001610586,30.830224659695816],[80.58826687257515,30.876180348517735],[80.55558081687722,30.938204292063418],[80.50988729182639,30.99382023925268],[80.45281415973213,31.041025371643894],[80.40784257394648,31.071711751790883],[80.33723795387594,31.110625609475484],[80.25902221926599,31.13662496704659],[80.22597767592409,31.141440640838415],[80.1829170882608,31.170752723740087],[80.17939536343138,31.172635907152934],[80.17524184334292,31.176018474921595],[80.130464622468,31.206509527138827],[80.10083759959622,31.224922616238576],[80.02345763692578,31.26868286239976],[79.94830285019009,31.302328876512984],[79.86680757796847,31.322282735948757],[79.78233346241232,31.327722512395994],[79.67808787649346,31.325300790420584],[79.66351131161727,31.335123504601704],[79.66189655568853,31.336472818535217],[79.5807659830625,31.440810434945032],[79.45577434954963,31.601696043865964],[79.40515436685145,31.654925305586495],[79.34363174847962,31.69898060419481],[79.27344687356799,31.732251046837813],[79.2098972885746,31.755895946784502],[79.18500522849209,31.76266915038324],[79.17420486045408,31.78556605132706],[79.13666161806954,31.833537188913233],[79.14920661026348,31.888636736750254],[79.1568188378793,31.948531759936497],[79.15258924135287,32.008707182343564],[79.14706183951631,32.029050953915075],[79.15277977197373,32.030227287009325],[79.22192838640701,32.05320128858871],[79.30468712810229,32.090141010713],[79.37585906614316,32.1417097824928],[79.40904142415312,32.17939240138093],[79.41202078150792,32.18038859728458],[79.47938188256599,32.2166331571583],[79.53753729020772,32.26301571896981],[79.58441224399324,32.31789174439653],[79.61832357348523,32.379312719551315],[79.63804110540976,32.44509425966299],[79.6428342784262,32.512892934145015],[79.64256979525352,32.51935932253633],[79.64132412795227,32.54993657772384],[79.65597217782364,32.663265672930486],[79.65690317670537,32.733533838471345],[79.65117995962872,32.789268595003485],[79.63393304302446,32.85396441887322],[79.63375671939285,32.89017238921169],[79.62677747258331,32.971401657345766],[79.61067772982747,33.046572794343355],[79.57610702583005,33.11722990416461],[79.55847957799388,33.13878086090096],[79.5617696516494,33.16817899355948],[79.55612205622273,33.22955944110712],[79.5381157409005,33.289265792077806],[79.51565156712506,33.34367418906959],[79.47384958269079,33.41692252666966],[79.41354183486608,33.480466000537874],[79.33778803683789,33.53105034816043],[79.32447652040243,33.53803764629091],[79.30877549634626,33.55001562288308],[79.28240648074845,33.57270715897142],[79.27335418577387,33.58422707634646],[79.22233720516756,33.63739708277996],[79.22028494765922,33.63916337799997],[79.21828979634877,33.66582967606224],[79.21305027412804,33.818208391974025],[79.20224421574581,33.888623544435546],[79.19685741042257,33.90817332414644],[79.26401268187287,33.95902391209228],[79.3029301609821,33.99820180117683],[79.34480991490594,34.048544985744634],[79.37582574364825,34.10413879207589],[79.39505646990611,34.163366623089445],[79.40153531899823,34.19323498735547],[79.4082507971508,34.24721462507826],[79.40513274170424,34.30145583880075],[79.3984936708818,34.346011343320896],[79.37998501084898,34.41451718038584],[79.34581423782336,34.47877772170905],[79.31224984192174,34.52817689830518],[79.25026797266698,34.598079080769715],[79.16992182222856,34.65367368808824],[79.11014905141792,34.68574568285307],[79.03172475454822,34.734038895996605],[78.95077142921826,34.791339589681535],[78.87828958224766,34.83287492702886],[78.79720592121343,34.86145861306781],[78.64190384871783,34.901282952765584],[78.63924693097381,34.90196615410542],[78.56748552368688,35.06683145517613],[78.48561460854926,35.255179049564084],[78.4732502910175,35.280498165699164],[78.45754493318128,35.30943333491264],[78.47385672595658,35.369063709871554],[78.48400472325393,35.43060315385124],[78.48110355051878,35.49272291640842],[78.47645966295728,35.52311142051109],[78.45962933961451,35.58640839966948],[78.4292331137091,35.64626192880858],[78.38623569275558,35.70072388565621],[78.33201927113238,35.74801902872714],[78.26834028595263,35.78660382618974],[78.19727266005468,35.81521786297968],[78.16396044549123,35.825695816917275],[78.08929254190245,35.84315670837278],[78.01210695457691,35.849571698592875],[77.93483973406636,35.84473972832352],[77.91714381109291,35.84098127997718],[77.91287712239749,35.842341375898215],[77.82365554427025,35.85453811955201],[77.7333969094861,35.85148960949937],[77.64596981786086,35.83332808833192],[77.56511666045348,35.80083207604952],[77.46260301999796,35.74809667726119],[77.33738880569724,35.68360913810865],[77.18957148836476,35.60751467244724],[77.0592997384852,35.54049376536766],[76.93511860532209,35.476522098546845],[76.81531227391761,35.414885205576695],[76.75419845076159,35.376768542119706],[76.70231235131037,35.330350357559354],[76.66126252926931,35.277082863835275],[76.64444391352758,35.24313388129248],[76.60829141598744,35.23031033932594],[76.53092945118419,35.19466511249182],[76.46415663515936,35.14673997731199],[76.43878407893347,35.1243263042203],[76.42861683119875,35.113590454307584],[76.37331332673962,35.10906991431613],[76.30115245712898,35.09244209060625],[76.09404696747464,35.0280744913461],[76.04573857482075,35.0288583814133],[75.95782862493982,35.02285838958508],[75.87338415879914,35.00228635199142],[75.79591452588173,34.9679990589116],[75.69302911931403,34.91045771142846],[75.65946448187373,34.88960539834176],[75.6285951219189,34.868380018167066],[75.5889299022198,34.877168675841816],[75.45599857429558,34.92273823692475],[75.40657819566269,34.9470345573301],[75.33091451484103,34.97653376821625],[75.24992274636968,34.993584889629574],[75.1666125597291,34.99755694577375],[75.12008273107851,34.99606844504021],[75.01224994582357,35.00189079735955],[74.88465640642272,35.02677865871775],[74.68961360952845,35.06483312368363],[74.67711341357581,35.06710416685275],[74.58076588318275,35.08335887883703],[74.38266991577582,35.11673354524517],[74.29663925495844,35.12396119619248],[74.21076129475009,35.11704108312259],[74.12845083187798,35.096250698087246],[73.99987125101053,35.05166802365356],[73.89615720240616,35.015700188664084],[73.81408836070626,34.9920861716924],[73.7405308644626,34.964216022421404],[73.67476424512064,34.925463761675296],[73.61909508947078,34.8771956569795],[73.57546482107242,34.82111031223776],[73.50555179862805,34.709039197954475],[73.48163843626624,34.67716950812241],[73.46202024670153,34.64801497514353],[73.42424799696327,34.58499510298752],[73.40086419051784,34.53759709455098],[73.38346886107873,34.493423310262656],[73.36589797545024,34.428900014555566],[73.36302091917665,34.36266146872585],[73.37490528584362,34.29697504537596],[73.39054774712359,34.24415061691412],[73.41819387031819,34.17858697287378],[73.46038537973746,34.118505818227874],[73.47299039031495,34.10654373357851],[73.47330212744944,34.077132419675756],[73.48415774386481,34.00013179404616],[73.51456166929464,33.92667823627382],[73.53291703039032,33.89411257221383],[73.56763079091904,33.8434711287443],[73.569908426305,33.84112010026851],[73.56545489357833,33.828815023179764],[73.55120137816174,33.77423150508096],[73.54733877033645,33.718370004502795],[73.54865056654974,33.66492278026935],[73.55727705583224,33.60025769078338],[73.57968742263515,33.53782917827077],[73.61512249171612,33.47968317943355],[73.64110042120267,33.44508814041317],[73.61955989638268,33.41793149708933],[73.59091823119108,33.364130910905196],[73.57329344574995,33.30702291742465],[73.56898986510814,33.286020537012035],[73.56284784567382,33.22320011317298],[73.56992943185404,33.160334978092415],[73.58999076698527,33.09936973689847],[73.60405979379189,33.06767504830319],[73.6350852337158,33.012434856767086],[73.67667905287055,32.962298131970094],[73.72201819738723,32.916350135955724],[73.74262950532638,32.89690364737586],[73.81976313391462,32.82908513696265],[73.88383233733258,32.78335411744884],[73.8889720386647,32.74215895764184],[73.91353381069047,32.675058520221384],[73.95298975052563,32.61313434657082],[74.00581738018674,32.558738851158054],[74.0549193295413,32.51708369782505],[74.12194015689913,32.47061848918608],[74.1985133872218,32.436470394419025],[74.25250078788423,32.42318670776626],[74.25918116810408,32.40038869813599],[74.297321689614,32.33333537712047],[74.3507962808384,32.2742224358218],[74.37872256618286,32.24913098832836],[74.43453472159531,32.20857733660969],[74.39853139141114,32.188021748255494],[74.32981623349613,32.13883823646967],[74.24969151244778,32.06749434828424],[74.20733838793308,32.02303287157843],[74.17397272212229,31.973327424344486],[74.14455413431422,31.919849517218086],[74.11844398229061,31.8579992598079],[74.10263025869389,31.80577413956998],[74.09016266671273,31.73864279270607],[74.0928233417947,31.670605419316445],[74.11048700693523,31.604110782530192],[74.16224320538929,31.46941709571081],[74.12805856690638,31.34947055206004],[74.12367629930984,31.332238954321912],[74.10668851748717,31.256434452878512],[74.09923798908514,31.192714891065528],[74.09973025462851,31.187400493473103],[74.08572893271766,31.180215608577647],[74.02052423941247,31.127383181346996],[73.89695312573876,31.002582859283226],[73.87519665850225,30.97855447008602],[73.69580937186201,30.761313100567772],[73.62061474643401,30.703345686180075],[73.55849602064959,30.643080650475536],[73.51382876054763,30.572243305009923],[73.48885858768308,30.494454961050646],[73.48199154839558,30.456901563089406],[73.47404523841253,30.41874517258106],[73.4690670521819,30.35573807604733],[73.31953810598021,30.307377283040292],[73.27918083010981,30.29212045647729],[73.19317741732756,30.254698247184812],[73.1262809637175,30.218160108041996],[73.06882325034161,30.171201487379953],[73.02291057644663,30.115556254711713],[72.99021508285917,30.05327534872665],[72.92640924690905,29.89178581675521],[72.9232521314611,29.883452040145556],[72.86805133556805,29.731285598341678],[72.85176938798227,29.694306580067973],[72.76266984991578,29.531485314979786],[72.61176861424424,29.29916918293969],[72.42608595719975,29.210306164598837],[72.41738802830058,29.20601359303863],[72.13328345994036,29.061355666522573],[72.07252780972817,29.023361259313177],[72.02084142787594,28.976284431734076],[71.97102315747794,28.921552310424293],[71.93640401657741,28.876877339535188],[71.90995513069358,28.828099552120513],[71.85226617220371,28.69655393999298],[71.84574694006054,28.680538121699325],[71.80499900554133,28.57222977647744],[71.79894142466762,28.56316917332424],[71.64928021183792,28.422549813035648],[71.60351282351465,28.370518003318367],[71.569502826927,28.311930148445693],[71.5380373385588,28.242402227078312],[71.46835823060393,28.224236879650565],[71.26021290487778,28.212115708814565],[71.1871053060928,28.201857249652843],[71.08146036756752,28.17812433995384],[71.02227225355695,28.160415509661526],[70.96304770051994,28.138044107324678],[70.95904040367151,28.14436227712569],[70.89697057276769,28.204749529929348],[70.83704329296911,28.25118381981429],[70.76506981796264,28.29583295270791],[70.68422182896104,28.335269634102094],[70.59311908924035,28.367825693455202],[70.49591726904785,28.380369355766078],[70.41078876646405,28.38224580507107],[70.33655075933373,28.37789509660597],[70.26457442865656,28.36176302568406],[70.19727531121097,28.33439385885005],[70.11190658251662,28.290857702551918],[70.07669198235399,28.270651034996696],[70.0025224572076,28.223018720660466],[69.97289897691653,28.202017744268133],[69.9225123418549,28.162671437725894],[69.89746574415975,28.14131890383217],[69.84809523811212,28.095379141680663],[69.78643049388062,28.020226064501724],[69.69728050372638,27.87423204158153],[69.57155524090356,27.69234214319136],[69.44325632566606,27.571574354593363],[69.39598601353383,27.535599211808634],[69.36885600067883,27.51290419789142],[69.32914251775914,27.476406792059883],[69.31783855086417,27.46556993735445],[69.26429167408077,27.41200567481693],[69.21038729772361,27.34298389359137],[69.17956707256178,27.291270255298883],[69.14277903757502,27.20226600209543],[69.10086559018367,27.03343562220213],[69.09550038405214,27.007125334071645],[69.07149868764287,26.85742506851531],[69.06866023289071,26.780205996447055],[69.08462428666414,26.704145077979206],[69.09594194682614,26.670738483077365],[69.12570239641256,26.60627481523485],[69.16889504492944,26.54806261534392],[69.19458667881338,26.51979590730328],[69.25314156425452,26.467364822628966],[69.32243396995824,26.426635398661862],[69.40574253447019,26.387879570386623],[69.53099986210378,26.321169680098297],[69.63651062143678,26.28168427056395],[69.72618801664431,26.260767094498505],[69.69882001018088,26.188918905022433],[69.68256630754321,26.13024628916462],[69.6776713391428,26.069914602231826],[69.67881451385806,25.988019137660817],[69.6902232852535,25.90752549457881],[69.71202263531663,25.827629576104368],[69.73784789205521,25.761609510951597],[69.77747608233226,25.70127032618162],[69.94206479985998,25.49811514306307],[69.99324141459348,25.44613904889963],[70.0545382442962,25.40391576860474],[70.12366480419522,25.373020741795106],[70.18405666242988,25.352253635696286],[70.24662616767574,25.33582299650789],[70.2689358640851,25.3333830879582],[70.295797889097,25.26535761768804],[70.34644325335822,25.173649090187556],[70.37815068607982,25.12584491080555],[70.45784517765671,25.024284448767627],[70.51391481058978,24.921047493864496],[70.57692046257472,24.774333179997228],[70.49894159333657,24.773193220252526],[70.44127346671489,24.767002053692224],[70.37157631030917,24.753655313964096],[70.17095558362313,24.69758574269888],[70.1416888537331,24.688228871670965],[69.95052185285907,24.61919974769296],[69.87836292440602,24.58485654106275],[69.82134457235132,24.542087600405445],[69.78620986329457,24.564523695596456],[69.71825555755602,24.599371739578856],[69.64406378176953,24.62147966773695],[69.56654577748905,24.629983052544247],[69.4505041500905,24.632235801237456],[69.42732312095026,24.632062833195068],[69.22678443141551,24.625123377153695],[69.17453719752565,24.62528489774162],[69.15945245849598,24.629198690386538],[69.09551714789062,24.64073719444241],[69.03038419048067,24.64263392432836],[68.99502989814957,24.6383678195899],[68.92656287505709,24.64828413262791],[68.9173504766117,24.64810399958577],[68.90260379449309,24.653181228865776],[68.8837049976967,24.65782484375679],[68.80849124713946,24.669420650032546],[68.73226011712674,24.667767562777577],[68.6578660251754,24.65293114665746],[68.63565295407928,24.646412221255865],[68.56309728890511,24.61752714598303],[68.4984971817553,24.5761156393629],[68.47916393072133,24.5608482970636],[68.41655554921222,24.497985227316377],[68.37224087141736,24.423519201061488],[68.36079060634079,24.39713642391999],[68.34082620756489,24.334952127645774],[68.33760233987118,24.305900235892587],[68.31439948230434,24.30235046874215],[68.28226008440122,24.296172042473806],[68.18331281780969,24.273172177261696],[68.12594852399012,24.25545064806947],[68.07232004708092,24.229965269295604],[68.02393859626855,24.202449916304197],[68.00961852641414,24.1939010603848],[67.94043655874283,24.150579628666087],[67.88281678759235,24.106467277084565],[67.83564538421953,24.05318068354569],[67.80065074466461,23.992691294854747],[67.7791056871424,23.92723295950451],[67.7717829795962,23.85921878643319],[67.77892995059358,23.791151961374595]],[[88.98760493827224,25.790888074624227],[88.92704216825469,25.820609528477057],[88.85634456024876,25.841126914006253],[88.78259570726537,25.84945574369289],[88.72917678969019,25.85095503300079],[88.6981330281375,25.89414211845442],[88.67213749601832,25.9219917334082],[88.73136368394782,25.903450932516442],[88.80560113886308,25.89356354066466],[88.85526872264263,25.895386705517602],[88.86368783428715,25.8933000810612],[88.90255416912852,25.852430451367727],[88.94839874897588,25.816896858204398],[88.98760493827224,25.790888074624227]]]}},{"type":"Feature","properties":{"name":"India"},"geometry":{"type":"Polygon","coordinates":[[[92.95764738704041,7.899135286349662],[92.96048720190916,7.880720860867322],[92.98390469092809,7.8156172303252545],[93.01934806160396,7.75601362956064],[93.03732004192518,7.7314522221182616],[93.04860876528562,7.710559578027979],[93.08536575094433,7.655254341682017],[93.13158131405088,7.60745384187509],[93.18568647673673,7.568772244228146],[93.2458481636186,7.5405141573235674],[93.29734815605595,7.526969082236531],[93.28387495551561,7.503333856554888],[93.26691009972676,7.463939804080758],[93.24502727607857,7.393628586966455],[93.23818406706688,7.320133690338397],[93.24666089158434,7.246593397816785],[93.27008376034308,7.176144470351141],[93.29763750082388,7.128680339899629],[93.29933912579882,7.016123043952999],[93.30629888359677,6.9511077005442194],[93.32496071136084,6.8882653666333],[93.35469549781352,6.829685839594044],[93.39450713949991,6.7773150066840095],[93.44124756437738,6.734554937507861],[93.50553322751048,6.5994166492261845],[93.54004540668102,6.5413937515891885],[93.58467713145691,6.4906539334704005],[93.63785791661142,6.448972703657479],[93.69772041509896,6.417806768205949],[93.76216601058425,6.3982437893566],[93.82893808791823,6.390965083397821],[93.89570046463366,6.396222449377959],[93.96011833373804,6.413829842210916],[94.0199390157726,6.443170112973556],[94.07306984415384,6.483216549747774],[94.11765060874485,6.532568476741645],[94.17887927127677,6.614841999787928],[94.21250957793372,6.669967372506377],[94.23550654552517,6.730415536754516],[94.2751881386306,6.872728823603744],[94.28700264443766,6.938587252296824],[94.28624776192615,7.005683946167519],[94.27294106804553,7.07165926564084],[94.20265216768371,7.305050849873806],[94.17522558099823,7.371421182345905],[94.13518194009906,7.431244123047834],[94.0841094402888,7.482130066160601],[94.05875268536056,7.502844156948802],[94.05739934791688,7.506614480729307],[94.01906257739687,7.5694880001576825],[93.97799826234326,7.623641989500489],[93.92864237566626,7.6768131397506805],[93.869730996451,7.71924183032874],[93.80364154529843,7.7492076869605615],[93.78043930731928,7.754563012308556],[93.79370868005749,7.794916399588407],[93.79647718268772,7.807166456684111],[93.8119980744436,7.822081462000399],[93.85055581042332,7.876707429083431],[93.878078270568,7.937677245774792],[93.89359046662014,8.002846820437828],[93.8965380145269,8.069922649222493],[93.88680767370498,8.13654196954548],[93.88487255394914,8.144478729012143],[93.8880922059127,8.156989684346795],[93.8912896085215,8.230558804513617],[93.87923543418661,8.303430116351361],[93.8524278278214,8.372512357095559],[93.81199217472378,8.434871284527038],[93.75963542068224,8.487854685279046],[93.69757516595888,8.52920597630964],[93.62844626605055,8.557161399398664],[93.59080982736175,8.56808025968338],[93.51800017795777,8.581396803309946],[93.44417624891543,8.579734117831046],[93.38032602384222,8.564981670710326],[93.34504963591824,8.606026308650277],[93.2880002851382,8.65057353544378],[93.22328570923817,8.683070085406065],[93.15349786859838,8.702208639674751],[93.08143570379792,8.707217511426364],[93.00999180491378,8.69789254950909],[92.94203489040143,8.674605923538758],[92.88029310754709,8.638291338371616],[92.82724315424834,8.590406256975328],[92.80780327410538,8.568894380034342],[92.75843333629878,8.498591087224504],[92.72759545034823,8.418395562740724],[92.71437242083854,8.365425105812637],[92.70423693769635,8.296161807925037],[92.70791439732928,8.22609708329715],[92.72525261831977,8.157918679726325],[92.75557603421778,8.094239023713675],[92.79771322447193,8.037495256383638],[92.84872694072597,7.981116502925246],[92.89713296288211,7.936433428097565],[92.9527626064229,7.901118623308898],[92.95764738704041,7.899135286349662]]]}},{"type":"Feature","properties":{"name":"India"},"geometry":{"type":"Polygon","coordinates":[[[92.20661031117147,11.72079109882345],[92.21330319173704,11.67294201245478],[92.2267160555911,11.614157286328183],[92.24994503327076,11.558312885823584],[92.26307903014846,11.533000023482968],[92.2507268587484,11.507116479472186],[92.23362191832307,11.436112482908486],[92.23161093293238,11.363051690443166],[92.24476303197288,11.290979305195197],[92.27251580539159,11.22289565799873],[92.29334253861433,11.191918806756405],[92.27723610462057,11.18368581915004],[92.19557668574268,11.126433800368991],[92.11838419558163,11.05431151448173],[92.06971807982576,10.99816741785838],[92.0339604552596,10.933266359008087],[92.01613057316806,10.890841120623916],[91.99472162717073,10.819441623363542],[91.98886650136797,10.745089898256056],[91.99880458995156,10.671014968454548],[92.01013254953028,10.624496751669588],[92.0066679749999,10.57651397327188],[92.00875924048908,10.50517895333638],[92.02515196556578,10.435532532525874],[92.05518342391451,10.370334293460544],[92.09765259257235,10.312164351523002],[92.15086937626876,10.263321765366108],[92.21272259622516,10.225734460438016],[92.28076390887198,10.200884072084518],[92.38376241765837,10.174302458528523],[92.44984364812883,10.163481865573907],[92.51669060274573,10.164753862670299],[92.58204684246223,10.178073486133544],[92.6437064265722,10.202989662878505],[92.6995873641712,10.238660435370216],[92.74780103754671,10.283881131308297],[92.77797120974493,10.317966415885428],[92.83205253522208,10.399434843954918],[92.90365716878969,10.548640064247854],[92.92914663814476,10.621043849119742],[92.93830842982095,10.697292420045684],[92.93070513844805,10.773877100537577],[92.91054985836318,10.869441442680401],[92.88738222337058,10.940895824919101],[92.84387398248646,11.038603968013375],[92.8368837005236,11.050758694799745],[92.89797627108442,11.082847360278295],[92.9524524723983,11.12672750538895],[92.99718803429751,11.18018643112352],[93.03049671292696,11.241216601173575],[93.05111815875622,11.307524887055536],[93.05826607029934,11.37661785651147],[93.05693584623671,11.390561193833307],[93.06219371640918,11.400693929442431],[93.10419372139597,11.503665971192572],[93.11696217124191,11.545574957678875],[93.17893210608602,11.559087861661114],[93.24361161847733,11.586936036076736],[93.30148432744652,11.626526847547472],[93.35037828576293,11.67637586274807],[93.38845491368272,11.734613899881223],[93.4142778367217,11.79905626586538],[93.42686732674221,11.867283809550509],[93.42573825749706,11.936732917418995],[93.41092000034314,12.004791228435037],[93.36642560648765,12.142234524665923],[93.3395558219172,12.204343963634697],[93.30130778685212,12.260557142251244],[93.26691470075534,12.294984561591471],[93.29712362947997,12.339685860846767],[93.33357335375041,12.40922301417327],[93.35359357531726,12.484966930701566],[93.35620928707854,12.56329327079414],[93.3315777533851,12.875195433475541],[93.3249603897878,12.910630070160497],[93.3631458416237,12.975835606232932],[93.39173982548337,13.037728665413276],[93.41496871095768,13.104363552839683],[93.42365572210718,13.133223337738187],[93.43141555919567,13.163716260836948],[93.44194798151939,13.23723193794228],[93.4366258302207,13.311403499095421],[93.43433233936823,13.319240530367273],[93.44177744139783,13.349021519132393],[93.44454833603325,13.420504483454426],[93.43366205765693,13.485031106068949],[93.43092224074012,13.556314026740827],[93.42095953262212,13.626732935109757],[93.39687358434854,13.693968595599264],[93.3595983453219,13.755371842098624],[93.31059059489517,13.808519933099149],[93.25177425963912,13.851312853482135],[93.18546549725338,13.88205726721741],[93.11428135434177,13.899534609494594],[93.04103561394383,13.90305040496594],[93.00806522073765,13.901446749716545],[92.92353726535657,13.887633260922671],[92.84474336677383,13.85523422026341],[92.73981116325794,13.797140571678096],[92.68232546723756,13.75769256290636],[92.63374626121964,13.708276345241602],[92.59585378704199,13.650708832740428],[92.52868206902174,13.522824260503032],[92.50582389883228,13.46860145994119],[92.49243937508966,13.411411485738311],[92.48888140209993,13.352795844969316],[92.49074629163576,13.275053323134989],[92.48415462591056,13.250315156626188],[92.45941512673588,13.234205615931856],[92.40890262337868,13.184913596062822],[92.3941570086505,13.167360187358394],[92.35699357176871,13.113777730349529],[92.33044228141523,13.054471843809118],[92.3153675332388,12.991393200347895],[92.31225440963857,12.926614730013421],[92.31855964530892,12.787273650338289],[92.32820533972445,12.720010624609346],[92.3506659143728,12.65562802281671],[92.36318067033886,12.634131953196158],[92.35750175767876,12.596417646167042],[92.35362911424214,12.547291284148004],[92.35219036839288,12.363290448024724],[92.35269445152822,12.358137071228548],[92.34025743826233,12.33795627031844],[92.30449776799796,12.257695671095489],[92.28542413417124,12.203107917459029],[92.2760178513037,12.148457602988348],[92.2463909818042,12.10714680998812],[92.21381345490978,12.049950501883897],[92.18335093107306,11.979450925998398],[92.1690142502689,11.904089617565953],[92.17144645903939,11.82733336143689],[92.19051821459837,11.7527088342119],[92.20661031117147,11.72079109882345]]]}},{"type":"Feature","properties":{"name":"India"},"geometry":{"type":"Polygon","coordinates":[[[93.09969386420347,8.952476003559779],[93.12148755908363,8.9891527006191],[93.15332210145068,9.05914493658375],[93.16922172965943,9.134444638502586],[93.16843622707142,9.21156472921521],[93.15098662315171,9.286929837054052],[93.1275495068591,9.354089641640108],[93.10009237761523,9.414308177194982],[93.06200910466659,9.468670219930317],[93.01457921213338,9.515336088409862],[92.95940103368915,9.552724601849192],[92.89833811118518,9.579567292997124],[92.83345613062434,9.594952123506468],[92.8097916475072,9.598334816545528],[92.730647480231,9.6010033391345],[92.65300567260114,9.586589435755034],[92.5805897196327,9.555781807196928],[92.55702649354528,9.542532318134395],[92.47747580314162,9.481612218646104],[92.45217203598419,9.455796672297888],[92.40531159497735,9.396379324343414],[92.37226696098685,9.328390011445281],[92.35450991727932,9.254879924185888],[92.35282333395004,9.179145017192388],[92.35620416202984,9.13934298007424],[92.36893553220634,9.070540586398442],[92.3948627273335,9.005341956421162],[92.43299105156423,8.946220006888836],[92.45997349439362,8.912124874985146],[92.51264726038012,8.858095963641217],[92.57533529368511,8.815934487181446],[92.64531249091495,8.787465307911063],[92.71954203113421,8.773918570757392],[92.79480620892973,8.775877608633422],[92.83868582188757,8.781593664540923],[92.90192567328955,8.795669609059345],[92.96147166983829,8.820766667355006],[93.01540316197507,8.856074817710022],[93.06197913174391,8.900455112914644],[93.09969386420347,8.952476003559779]]]}},{"type":"Feature","properties":{"name":"India"},"geometry":{"type":"Polygon","coordinates":[[[72.83249620654517,8.57326925165453],[72.7933626936778,8.546069493726947],[72.74354740873964,8.494376261057726],[72.7048944396155,8.434051101999067],[72.67891992359998,8.367477949219358],[72.67629727278533,8.358101149411493],[72.66355029270639,8.280571745454552],[72.66804770727738,8.202356037076063],[72.68955922894015,8.127198682945012],[72.69464716956703,8.114808567207914],[72.72914844155274,8.050615730296348],[72.77611558811208,7.994888401412185],[72.83358862304043,7.949944754068308],[72.89917382467436,7.917654043668436],[72.97014267898281,7.899359738787578],[72.98047895328496,7.897796470480156],[73.06479489953482,7.895006581123928],[73.14769730547236,7.911816636259864],[73.1621364584358,7.9165405892240015],[73.2299636476509,7.946642408583236],[73.29036603087528,7.989813736340009],[73.30443203054496,8.002199052025183],[73.35078573800408,8.051310753533818],[73.38725770960171,8.108036605439294],[73.3996886696112,8.131995568676313],[73.43233505864971,8.222924454122504],[73.4361698465937,8.240892104845624],[73.44405432304755,8.316071735142568],[73.43592578805864,8.391042028808286],[73.41213236880331,8.46246969120277],[73.37372119364265,8.527175759366706],[73.36961974642749,8.532651469661841],[73.3235643438079,8.583090164790487],[73.26856532377376,8.623777743967837],[73.20663679420679,8.65322210272053],[73.14004913150255,8.670343801803135],[73.07124482746576,8.674516086513451],[73.0027477503815,8.665587990437412],[72.93706936490628,8.643889645195756],[72.87661557944776,8.610219631044567],[72.83249620654517,8.57326925165453]]]}},{"type":"Feature","properties":{"name":"India"},"geometry":{"type":"Polygon","coordinates":[[[73.0993988291051,11.031961355249086],[73.10693661730973,11.045379379367162],[73.13080903460978,11.097070040621134],[73.14614123923624,11.151732062284568],[73.15116416892359,11.177365705331681],[73.1532219457786,11.188870209982703],[73.15628073648676,11.20776650146726],[73.16070645341719,11.272825467255052],[73.15305229819577,11.337486100369723],[73.1335618330402,11.399605491234562],[73.10287245661739,11.457123018094467],[73.06199532353978,11.508129210954406],[73.01228248082587,11.550929768054155],[73.00905720744862,11.553228076658165],[72.94987341790421,11.587455718301195],[72.8850640501156,11.610085862154227],[72.81694993517203,11.6203091054104],[72.74797108091866,11.617761082181099],[72.6805979549675,11.602535452546855],[72.61724173083282,11.57518016006492],[72.5601669481694,11.536677149264548],[72.51140990644735,11.488406376250895],[72.47270582939636,11.432095540582122],[72.46189216001277,11.41264827479674],[72.43390407550369,11.348113898182511],[72.42457627037673,11.319052306105878],[72.41101611329718,11.259736410470113],[72.40783239085066,11.199125712322939],[72.40844755194048,11.180969200300483],[72.417159915244,11.114251647735507],[72.43844550036233,11.050438108223725],[72.47154341783579,10.991780873178612],[72.51527856210099,10.940348692816867],[72.56810368914788,10.897954563239729],[72.62815406547392,10.86609256336971],[72.69331277916577,10.845885840092963],[72.76128450209039,10.838047466782797],[72.82967525309522,10.842855480795029],[72.8960755378069,10.860142949218323],[72.95814413369348,10.889303429304004],[73.01368975260851,10.929311691598416],[73.02101516662658,10.935697959521756],[73.0643940411625,10.980547618399127],[73.0993988291051,11.031961355249086]]]}},{"type":"Feature","properties":{"name":"China"},"geometry":{"type":"Polygon","coordinates":[[[73.25945792744152,38.97281332685301],[73.25841431546817,38.97043225039634],[73.24788057636734,38.93848416362676],[73.23437254682962,38.86391353863853],[73.24232237636781,38.78893855216039],[73.27129585385767,38.717034580209585],[73.27726289316423,38.70646447823797],[73.30622444429406,38.616287829769426],[73.32568293425366,38.5699213958987],[73.37363136460225,38.4781229230396],[73.42690140965531,38.40378933481554],[73.50209370486434,38.34142147738931],[73.56943322106926,38.29759361710441],[73.63361521048803,38.262580278175065],[73.70473227274738,38.23647199309933],[73.80515802004808,38.20736125418487],[73.87971482940073,38.19105499121261],[73.95684417993193,38.18455589985878],[74.0343586875302,38.188052460154765],[74.08967592925438,38.1941382492173],[74.17976243127809,38.21123448957349],[74.26361488949772,38.24177326409806],[74.3148499910282,38.27129916742309],[74.31414255877895,38.26289013346777],[74.31769080361848,38.18011434290034],[74.32132920983817,38.146030990683165],[74.33639912423284,38.05788227228763],[74.35918693426717,37.98547615023718],[74.40143727980669,37.91845843974221],[74.42634542625701,37.88776806022643],[74.44095172001639,37.85427317714318],[74.44645002367331,37.803244212128014],[74.46293679475133,37.73889274903953],[74.44580116861239,37.65491210487278],[74.44148677807773,37.57515090863989],[74.44157744206542,37.57478221610975],[74.40939954005027,37.565938324132034],[74.34361530766355,37.54316222223704],[74.15640416830857,37.463826701339244],[74.080222572395,37.42314278659809],[74.01632070301058,37.37140073563227],[73.96734633331431,37.31077652767175],[73.9353057065895,37.24381056220673],[73.92148555970391,37.17329916224579],[73.92640745486153,37.10217678831606],[73.93052362808984,37.081848934610356],[73.94993132809408,37.02160085521482],[73.98277709590091,36.96503407465271],[74.02800083721729,36.913928406501135],[74.08416168732111,36.869889325590435],[74.17649446257559,36.80926398395167],[74.18044944548124,36.80559061336929],[74.25957391808338,36.74800214702821],[74.2744739781847,36.73953713298752],[74.34638686242502,36.70622064756524],[74.42504825168193,36.68390790945829],[74.50773992090863,36.6733734979984],[74.59160751936734,36.67498618023712],[74.60796667711507,36.677721143698186],[74.62694959971924,36.667190618507355],[74.70027677754209,36.63417919713759],[74.7803102219304,36.612534314685185],[74.86421417477054,36.603026735505715],[74.94901865662372,36.60599836944369],[75.0056956571604,36.61652563544814],[75.02444097297665,36.57786219453213],[75.07834276558765,36.51391451061691],[75.14875825354667,36.460749183485376],[75.23230715789391,36.42090226474358],[75.26819964492846,36.407762619617294],[75.353053046098,36.38451286810102],[75.44222190951463,36.375041136718046],[75.51589372258687,36.37889146718683],[75.51679117250094,36.37591957119468],[75.5169555907631,36.37537699193426],[75.52693033082168,36.34255096303865],[75.5254644102238,36.27265436964614],[75.50726177471334,36.24404934287797],[75.47486786456409,36.17665988043587],[75.46061526436995,36.105595058333684],[75.46505191100209,36.03384669388722],[75.4726822983237,35.99440560630378],[75.49170365570852,35.93341798630196],[75.52422188861976,35.87617020998618],[75.56916932785332,35.82449578191721],[75.60198449839037,35.79320355483476],[75.68007645408102,35.73491275870058],[75.73055498707919,35.71249140348113],[75.75749565033678,35.66087862262373],[75.80888801061678,35.60132541779068],[75.87462468877277,35.551470680270285],[75.90453309439484,35.53307904154211],[75.98770233284795,35.49276666375936],[76.08009691638968,35.467969143802755],[76.17724051779173,35.45989373527664],[76.2507365812408,35.46023606578259],[76.33271666430096,35.4683231923869],[76.35313124009951,35.45530747097012],[76.38465706927286,35.43697265583759],[76.48007892176706,35.38641750185862],[76.51482579087241,35.36977103907324],[76.55390168702681,35.35294620483414],[76.66537808057595,35.30473293785939],[76.72535395325576,35.2832145173968],[76.93560681300418,35.22215788453191],[76.97274426681001,35.21279356877773],[77.17662927171455,35.168990196060726],[77.17738256825031,35.16882810340391],[77.32837715574895,35.13632992477435],[77.42697957142758,35.12439079609525],[77.49994128462723,35.12221566629695],[77.55200059800408,35.12058872975961],[77.60118035320694,35.12123315277472],[77.60352551424207,35.12136852456904],[77.60949364598268,35.10716038391346],[77.66702573826379,35.0030011127044],[77.74512567442818,34.82700621993871],[77.74551453209956,34.82613050300448],[77.82167759597984,34.65473507283506],[77.86606921556539,34.543982993264564],[77.89471610291594,34.48893858183068],[77.93451379191382,34.438676506242146],[77.97946713003886,34.391314681916135],[78.03963658469303,34.3397027508375],[78.11146942420638,34.2989860458766],[78.19204346873602,34.27081733376081],[78.35549965820047,34.22882996879983],[78.34930613412224,34.219404739921075],[78.31636814125874,34.15451706324173],[78.2998673542234,34.08575508888676],[78.29501739306374,34.043580949361655],[78.29410263897151,33.98726285443618],[78.30423898183047,33.931632578047356],[78.33985828435905,33.80606955416677],[78.34005133540101,33.80539021461853],[78.35312253164156,33.75955416966376],[78.35859286187258,33.634999732566655],[78.35934878304064,33.623211653555515],[78.37202148753298,33.472735878720044],[78.38557880971956,33.40603978623056],[78.41448001627359,33.34282843285739],[78.45763082856205,33.28542727208716],[78.52086133055063,33.21703210625697],[78.55290228549809,33.186225984953715],[78.57704036020206,33.16557143455627],[78.58716543571279,33.15279054520043],[78.6367624215043,33.1014698459991],[78.67499413802803,33.068745854066755],[78.67489352061396,33.06823597268582],[78.67982630905951,32.99286743446525],[78.68572559762498,32.96302743193306],[78.69082213884616,32.94734193029293],[78.66144180613799,32.9472569615578],[78.57656960266114,32.93265657276359],[78.55092353132491,32.92595889176582],[78.4910948258892,32.921271948889384],[78.4725280670178,32.919474851574705],[78.35822247194692,32.90626518011539],[78.28689389174642,32.892797811107044],[78.21927425524893,32.869538704097835],[78.15734804636284,32.83717628099514],[78.13653614208204,32.824137214069765],[78.06924939466796,32.771733297444996],[78.01704030896137,32.70879961560613],[77.98230437060299,32.63827662610683],[77.96660982617901,32.56344865971418],[77.96468501256142,32.538606224756805],[77.97018055889625,32.455485065319294],[77.99912575285413,32.37600797292322],[78.01611982766202,32.34381152684696],[78.02336537329391,32.32300504863787],[78.03368861322163,32.25353979239132],[78.0610873626097,32.165535019866326],[78.09196530907434,32.101947051324565],[78.10161232176557,32.08191330368045],[78.1616389064384,31.995669150473702],[78.27616311499747,31.874868901667224],[78.26749031914584,31.841950160118834],[78.2662436567782,31.770937255562753],[78.27298972221385,31.705873555242654],[78.28569335307344,31.645459903164422],[78.31079228052954,31.58795733703609],[78.3238964342001,31.56910523007217],[78.32363437516734,31.56836886132831],[78.3082498721436,31.503618168889748],[78.30750734875308,31.437783527800395],[78.32140023157912,31.373163978482925],[78.32656880845242,31.36189175717868],[78.32594581605956,31.35704766571503],[78.32557168023199,31.284471015172024],[78.34292803850764,31.213594113060836],[78.37724071717201,31.14741733540762],[78.39153881065856,31.126183917603186],[78.43591716041557,31.072717711200138],[78.49140516734494,31.027227459679736],[78.55607868135623,30.99128159257065],[78.62770484318905,30.966119330394605],[78.66136501421774,30.957301656855027],[78.7589908848876,30.94215133376453],[78.85846190019778,30.946823953686298],[78.91120317679072,30.95462306588886],[78.94588869396036,30.96281958419516],[78.98785428096366,30.909194733937653],[79.04206414031789,30.853477541129443],[79.07289020853239,30.827776785002523],[79.07323777696917,30.82748718853365],[79.09206551630163,30.811813116557996],[79.12478177608033,30.787330427640445],[79.22925884894346,30.717046777790262],[79.2433082310503,30.70799025702878],[79.3154072592434,30.663503245435248],[79.3886600696197,30.627418504510636],[79.46925178190818,30.604757180619753],[79.55384159455217,30.59646238509371],[79.63892557549899,30.602883147995424],[79.66563146986954,30.60724135232266],[79.67533300884527,30.600184695454903],[79.68521567308295,30.595476146008565],[79.77590864153684,30.53382636053954],[79.777482676322,30.522527209750873],[79.79398825400884,30.457619830249367],[79.82459114844899,30.39667465360256],[79.86818242081901,30.34185069087708],[79.92320132205079,30.295087203203234],[79.98769175718837,30.25803675961232],[80.05937116024995,30.23200839934537],[80.13570946326418,30.217922638329952],[80.14971772925125,30.216496828290644],[80.24633900102408,30.182731128225267],[80.24676720086255,30.182581461709272],[80.3777548721013,30.136761171268354],[80.43322303948204,30.121139891494018],[80.43742752144527,30.120232112640704],[80.45251650552456,30.10753943263332],[80.5179803799631,30.062810741334008],[80.64440719384912,29.9932045777726],[80.64746022655135,29.991637261934823],[80.65279414544295,29.98118218394899],[80.69821711333671,29.91582252833767],[80.72366712179273,29.88345073082435],[80.77848932729121,29.82146587464076],[80.83240235504351,29.771492147131685],[80.89668137441267,29.731468230272213],[80.96892425301829,29.702886082297486],[81.04643946872498,29.686811873871484],[81.12634349305056,29.683847199713007],[81.19288933375857,29.686876164179843],[81.27844098777703,29.698469043246426],[81.35961120615804,29.72498015265745],[81.43286826376851,29.765264936527284],[81.51077779190966,29.818495719178443],[81.56842175272125,29.866136000782912],[81.6145396859746,29.922194846255724],[81.68305783921268,30.02486541125889],[81.75400630263259,30.0164499157124],[81.75872926735902,30.006690105982265],[81.7824731724159,29.962990509884655],[81.8199123302049,29.90786187462547],[81.86841587753119,29.859537645251233],[81.93006992195474,29.808373922300053],[82.02137142811661,29.75127871753825],[82.25075211105677,29.64575678788193],[82.3736667840781,29.557964554620828],[82.37949487254788,29.55387153459115],[82.59258327245202,29.406523766321257],[82.67332132522057,29.362898921011364],[82.83248402959924,29.29775879175493],[82.90920815091233,29.27406762555545],[82.97977786356574,29.2652563762017],[83.02747566314311,29.219473523088112],[83.11280546985232,29.10821240003709],[83.14902911441447,29.06770185187996],[83.27584770263924,28.945299383327242],[83.32859070376894,28.902671183570476],[83.38929484737103,28.868864652370462],[83.45606165277405,28.8449353631933],[83.52680806212925,28.831631082700955],[83.59932953487018,28.82936896144197],[83.68660686199085,28.833315047564003],[83.75129287787644,28.840695199039747],[83.81364062152237,28.85674865478337],[83.8447846535973,28.784280813514727],[83.8854604383737,28.714511298253573],[83.94288914586336,28.65442374744521],[84.01424794365843,28.60694675696182],[84.0803499614444,28.572370816368725],[84.13455383528711,28.537128386776867],[84.16509153001839,28.5087191041048],[84.25748390368888,28.44484469726981],[84.36314743939695,28.391650571024606],[84.36856339201569,28.38519216025593],[84.42046190928023,28.342182992650415],[84.45789552050253,28.31628512856671],[84.55370880867044,28.267127443041826],[84.57388258907837,28.259834958182044],[84.58810181510471,28.252614139146157],[84.66083880050623,28.22370418693008],[84.72439957152498,28.210815513718273],[84.72813290537306,28.202975654996397],[84.76213512691626,28.146803473569985],[84.80602482366132,28.08896237002066],[84.86207262679976,28.039890952024344],[84.92811442979192,28.00147254611248],[85.00161148285147,27.975181045247243],[85.09094680920977,27.95189663002799],[85.16810788471352,27.93875378302622],[85.36591114582971,27.922132358831917],[85.40784068110102,27.92048363038092],[85.50580249755001,27.921030746426556],[85.55546655134154,27.83268949714568],[85.58622800931168,27.774744313272354],[85.63246630302172,27.70812527843952],[85.6942812708747,27.65222341283346],[85.76866385072785,27.609742718771447],[85.80897644914548,27.59197191475349],[85.88825628552914,27.565831259851652],[85.97220866675447,27.554904658142846],[86.05715122625834,27.559675465459335],[86.13935683702543,27.579939315150458],[86.20881542436435,27.604143110768668],[86.22184970359933,27.610107652805258],[86.24179975276604,27.60241026871497],[86.31481912817664,27.581318884707432],[86.39123470116743,27.572844826913222],[86.46828911364058,27.577296947980486],[86.54430698927628,27.58811275077711],[86.6164688227318,27.6044087552141],[86.68424040700361,27.631987285960374],[86.72333064635623,27.65626451943837],[86.76295401335022,27.642942697262196],[86.78980040181611,27.63057307734478],[86.8776361074109,27.565220437207635],[86.94080886290062,27.52670637715013],[87.01126154047013,27.49956122755046],[87.08643779491172,27.484770546624603],[87.23521331083474,27.468371167905225],[87.29079169105987,27.465619788272498],[87.4563151476315,27.46737603822983],[87.52250521745718,27.465899132608065],[87.5723612774138,27.460957702525707],[87.66453531650897,27.46113298072023],[87.72448614407675,27.467286752953562],[87.83303602043094,27.492091385140778],[87.94179870961857,27.53157366279916],[87.966035430016,27.529561175021083],[88.03782815176784,27.518906534549302],[88.11911423511235,27.514171573088888],[88.20003225560603,27.523909484904863],[88.2773163966034,27.547731449249596],[88.34784116685395,27.584679928672738],[88.35579568627531,27.59102942225098],[88.34594287420163,27.540686866171942],[88.34994030886793,27.463463266966652],[88.36610388898184,27.371567473254807],[88.3850928454403,27.305763091537912],[88.41786732272693,27.24449500990853],[88.4632169947439,27.18998394340069],[88.53088606678385,27.123123739548465],[88.5619550172002,27.095618929773934],[88.62077441790451,27.04897491138322],[88.68473593539845,27.007610656794707],[88.75673446746974,26.97830523665844],[88.8339698222965,26.96219844485171],[88.91344290281546,26.9599180614029],[88.99206866746603,26.97155583537023],[89.06679219349724,26.996663529709096],[89.134704027332,27.034269238440658],[89.19315096703906,27.08291352547767],[89.23983843881268,27.14070426418395],[89.27292072227804,27.205388388357996],[89.29152609626007,27.253924953836773],[89.3222270467456,27.27903169986215],[89.39917056253591,27.35354605712662],[89.44054094311468,27.40085396994126],[89.47257047314048,27.453492773102326],[89.50852734522462,27.526373880773097],[89.58103761290984,27.604771780148777],[89.70008595031337,27.72504043817418],[89.72160074598312,27.748660857628913],[89.77756425306993,27.81558457557727],[89.80754661605711,27.828722549746153],[89.88005500871326,27.85099241615495],[89.94506443619689,27.876696207372866],[89.98902385661339,27.902916481577698],[90.02531911863578,27.85839285245794],[90.07860577252185,27.81344094537302],[90.09820436242853,27.799712828756547],[90.1641226781799,27.76217207153192],[90.23712102785153,27.736636405687538],[90.3144596819592,27.724064816806486],[90.43861599089963,27.714686618955565],[90.49679977772577,27.713957771991215],[90.61931385529503,27.720119267660614],[90.64069391030647,27.718407197204126],[90.73683628506322,27.695632567539242],[90.73978710829331,27.693945768102967],[90.78550918196996,27.671403313313963],[90.84364428352137,27.6469657796198],[90.91050942012615,27.62502683711224],[90.98079572740463,27.613844966255538],[91.05232642497887,27.61376810740307],[91.10906026649886,27.618128421704856],[91.18921021502743,27.63151368445056],[91.24644187048251,27.65212155327437],[91.26454968118821,27.606998394564158],[91.30280516451046,27.54925071684575],[91.35260433873448,27.498935371659254],[91.41218834146362,27.45781499159936],[91.47946323995255,27.427328816784257],[91.55207256289246,27.408543616342236],[91.62747788334981,27.40211734114061],[91.68137876264059,27.40200925202222],[91.74995624194895,27.39380572513221],[91.81767360002868,27.380390607338075],[91.91038056156249,27.371783713668744],[91.97839890825456,27.372445253597284],[92.05956433148508,27.380504001318858],[92.13741901958578,27.402824397845382],[92.2088047686023,27.438505632191486],[92.25119872688279,27.464957553505275],[92.2550907419144,27.465554107219116],[92.26653320319869,27.468153368866528],[92.27709479099406,27.466736833726355],[92.36148612881078,27.463324975700633],[92.43505356711925,27.467146377081626],[92.55117952605842,27.488491701453142],[92.61682237063899,27.50973651571162],[92.67863617047354,27.53506773006756],[92.7445343492585,27.568196056228686],[92.77014656400918,27.582185048664197],[92.88767062538372,27.651670723316375],[92.9413751480914,27.68947533471877],[92.9872366718632,27.734675016612854],[93.02394272458595,27.785989983055813],[93.04750119405021,27.825965383231246],[93.08216076649838,27.907375888725237],[93.08385218687971,27.9199809875643],[93.12141768046932,27.940403856745707],[93.27439606774053,28.039585777775102],[93.32233125408175,28.07590706411284],[93.40664886619219,28.150358017547067],[93.46119725093233,28.209864888691193],[93.50035841232777,28.27808822735824],[93.51459353700479,28.31115721676578],[93.71634504030493,28.334989026564386],[93.77783160404638,28.346469772204525],[93.83666910348019,28.366083152182718],[93.93224566827408,28.405475580391933],[93.96702299772966,28.421609584404198],[94.10827717907759,28.494777508486226],[94.17783681691095,28.539974015398375],[94.24922208283509,28.597371915822556],[94.30124285133586,28.647798723780504],[94.32179544782566,28.671918888923305],[94.3552263910862,28.689048533142664],[94.42229008876217,28.74394903883558],[94.49180317611881,28.814979425844907],[94.5281420999726,28.84574258827282],[94.57042033569718,28.86302914085616],[94.6168989651658,28.84219395021302],[94.69343726437664,28.823060883343615],[94.89076309441356,28.79130800118455],[94.93511572731217,28.787777251685952],[94.98814233523801,28.77136194042708],[95.10498375201412,28.72398503809708],[95.19260989086257,28.69847478576264],[95.2663681693597,28.684841345047467],[95.37053153173551,28.677503070952454],[95.40653173702998,28.67900251759711],[95.47566529201674,28.68706781872447],[95.54231842780257,28.70527462371312],[95.60457210984491,28.73310089924725],[95.63547751348948,28.749935550214868],[95.70501849795187,28.797500526089497],[95.74063286676419,28.83497657680305],[95.74407992911411,28.819601547184828],[95.77272757053215,28.757166184057624],[95.81416475821352,28.700574599448014],[95.8669188421235,28.65181059072402],[95.92912868369464,28.612581124439533],[95.93103366222861,28.611603931860998],[95.90702819500129,28.57440510883949],[95.88226847508909,28.510503357634068],[95.87152574270075,28.44372072973112],[95.87515006646957,28.376414619298533],[95.87775291435784,28.36031422039856],[95.89660058775446,28.292261733709612],[95.9300856673166,28.22879881660131],[95.97691026013428,28.172335923498828],[96.03527862403985,28.125013968094056],[96.07359849586693,28.099553651081482],[96.14581475358685,28.06122847182259],[96.19226761061998,28.04205264628637],[96.28247452295896,28.015643755000987],[96.37724715713705,28.008469468670754],[96.39982210139631,28.00909777293549],[96.48149977900862,28.018716952287527],[96.559420627752,28.042641826691455],[96.57913208573952,28.05299444553467],[96.59194690803966,28.04592978880819],[96.6623757833831,28.021727993060495],[96.73670463473499,28.009471730408087],[96.7746031847066,28.00639692342323],[96.90307176753502,27.984903295075238],[96.97673476676943,27.97859471796078],[97.00055263754156,27.980403426163925],[97.03222767947734,27.957690478144947],[97.0679265628384,27.934814211187195],[97.10086853509485,27.91602645680194],[97.17605227497151,27.882358423955512],[97.25751559673718,27.863172121973705],[97.34176549748038,27.859290795844064],[97.42519235814036,27.87088237259934],[97.50421974390392,27.89745220988033],[97.57545317315538,27.93786328628989],[97.63582241686825,27.990383160776595],[97.65633312552747,28.012345759378007],[97.68937952212745,28.003661087636807],[97.69858009987142,27.993013912473486],[97.72025431829333,27.97421568820328],[97.7276865052988,27.921926951262478],[97.74450258329173,27.85540183331675],[97.85606137214418,27.551419746236608],[97.87377372754584,27.511338979464757],[97.90623516761953,27.44909442858711],[97.93008595450975,27.401968202607556],[97.96527368697119,27.34627282069907],[98.01098867462838,27.29704837554378],[98.06577596808141,27.2558465798381],[98.1279009573908,27.22396471675353],[98.19540376371668,27.202405830397176],[98.24689369388824,27.190432019903685],[98.27350053176669,27.186675604478015],[98.27287596260433,27.165789390718906],[98.28485529279716,27.099639806688803],[98.31796345112261,26.985512916201536],[98.32895727124908,26.850445552332943],[98.32956526176307,26.84381018151473],[98.33747327394723,26.76623496176694],[98.33832718680081,26.704902072079484],[98.33279176583778,26.615085821083287],[98.31592001804083,26.4959548638347],[98.28485613008753,26.386116547047134],[98.27959016514744,26.35634662917653],[98.27218791306163,26.349999767486885],[98.22906026331748,26.296303923438515],[98.1975940174317,26.236448875850485],[98.17883671550139,26.172468985208443],[98.17108157700777,26.130799645811774],[98.165587613747,26.070032484150293],[98.16991675995595,26.0260166173689],[98.15033529362363,26.00669354131888],[98.11275660440256,25.95321580693596],[98.11021261337945,25.948776002706964],[98.04104838165851,25.932944785928257],[97.97303393373728,25.90426508691924],[97.91215593230862,25.864578170095353],[97.88245707294931,25.841074343642582],[97.82738805687836,25.7876590355425],[97.78535617574168,25.725347712318143],[97.75807117393673,25.65671423007465],[97.7435306839851,25.60383136790391],[97.67611224495953,25.58595907555831],[97.61129355967216,25.556311586873942],[97.55348466178445,25.516480173030523],[97.50461994820573,25.467806195266437],[97.46632645983402,25.41192606538462],[97.41442834293342,25.317983587375213],[97.39847021164839,25.285073026541653],[97.34641038001686,25.161197091053328],[97.32909203759509,25.107960363253113],[97.32097752965359,25.052984761895125],[97.32013368405651,25.03936991642224],[97.28020147079648,25.00261003005511],[97.23972035174542,24.948582834940698],[97.21061837350447,24.88883513114055],[97.15716879699396,24.745084900701883],[97.141003082125,24.68504314124567],[97.13632682393315,24.623429168988693],[97.13887649197137,24.483963351758568],[97.14617514922764,24.420765112809118],[97.16552783297603,24.359807990061608],[97.1963107655675,24.302996735278224],[97.22822662994801,24.25524210800011],[97.26422478173833,24.212692141144082],[97.2613723747133,24.209356643861696],[97.21781356403913,24.145785971812852],[97.18953860435538,24.07539650227448],[97.17774850101887,24.00125593413973],[97.17431002475635,23.923817721689556],[97.17923177851276,23.850486118105994],[97.2002628557289,23.779713974074266],[97.2364962858575,23.71445602902778],[97.28639767698041,23.657431659606065],[97.34787213883587,23.611013339425703],[97.41835269919513,23.577129937498746],[97.48331632886921,23.553324880009576],[97.55627851896632,23.533930958278255],[97.6320209150727,23.527976702696296],[97.70767850650097,23.535688416322113],[97.7638621192861,23.546579601483515],[97.86604779599507,23.580513153908417],[97.93554599630852,23.61418750303395],[97.9823089376664,23.640816042237915],[98.03613319020917,23.676447504569296],[98.148273025802,23.72591129459532],[98.26981016833068,23.75396883032606],[98.30284027843123,23.75576231795312],[98.3053848009482,23.742096708681974],[98.33663001195993,23.67098465352239],[98.38356055887932,23.607698891736582],[98.41478581535364,23.57399503135358],[98.41045112856717,23.55374148670866],[98.41053273150102,23.483317945529503],[98.42547335439663,23.414342143805314],[98.45467446576485,23.349456905111506],[98.47662471188993,23.311634969917538],[98.48933717853127,23.294471057076624],[98.48117443201636,23.25008309734477],[98.47586920143071,23.178041035003176],[98.48620555648928,23.1065574216208],[98.5117388071564,23.038511207044795],[98.55141705027073,22.976637477462898],[98.6036269933166,22.923418804187413],[98.66626092373494,22.880987311982118],[98.73680185299499,22.851041061845407],[98.9275902415969,22.790530949368634],[98.96642000761302,22.781230726767077],[98.9550935686723,22.733626288596017],[98.95230028161393,22.67012933420928],[98.95522572962075,22.612954336048787],[98.92575444874011,22.572987796876646],[98.88505392962925,22.501896255803643],[98.84759685183829,22.413999202452892],[98.84075146380043,22.396639993649742],[98.80800190496885,22.306461560166188],[98.79186384562254,22.244323628965365],[98.78774846962597,22.180568342833404],[98.78895120275284,22.141418161883717],[98.79770391589334,22.074829479016806],[98.81954173431187,22.010997817235566],[98.85368490445092,21.952143261413386],[98.87325157585755,21.92485545135129],[98.92041630041702,21.871185974766338],[98.97777120731136,21.827089582150613],[99.04316423038918,21.794212668311108],[99.08349513907561,21.778438886337895],[99.17593859219836,21.754469289481793],[99.2454577692245,21.744973099128867],[99.34940122444637,21.744064859805764],[99.38920354273718,21.74879092795415],[99.53484657767962,21.733317574212553],[99.55394697553623,21.730095487542314],[99.56721486820406,21.676382078953257],[99.58618008201869,21.620684582761314],[99.61452196084835,21.568659501155796],[99.6521097039875,21.51163869740858],[99.69251716273452,21.46094914963666],[99.73553300691518,21.423245507763674],[99.7547124636785,21.38207734551403],[99.78233500231605,21.335431460330696],[99.83882363174921,21.26311612680096],[99.86968409846072,21.232525420417726],[99.92111899740465,21.18995596040243],[99.97983141279393,21.156766546969795],[100.04393164116084,21.134021988147378],[100.11083970383025,21.116544376348788],[100.18093916364721,21.10471348970823],[100.25221137024577,21.105357601418813],[100.32218789295537,21.118455141047434],[100.36475628578155,21.130381302492747],[100.41263642451311,21.11585566143866],[100.47548005982553,21.102177452051563],[100.53991269730774,21.098667960612726],[100.60410343484817,21.105427260892686],[100.67714275866149,21.119047086954538],[100.77023084448459,21.148434616887577],[100.84264630860291,21.181482638810632],[100.84317369112627,21.181777628508865],[100.85168649847611,21.145433210867132],[100.88193107929547,21.064171894126723],[100.931791624563,20.99209796084329],[100.95524514630726,20.965740863187207],[101.02147292344846,20.907195630313833],[101.10051024625987,20.865146370996413],[101.13402518146233,20.852003256692456],[101.19660270452302,20.83324673528398],[101.26169096462272,20.824924227698546],[101.32736464507721,20.827281953558824],[101.39168136656842,20.840250684825783],[101.45940348000111,20.85976356917718],[101.49989721540915,20.843271048499798],[101.51148854449481,20.83961661597272],[101.51543298393823,20.83749693824143],[101.58433446122365,20.808592063917473],[101.65793851105303,20.793088227725452],[101.73337175182189,20.791590151722968],[101.8076909603481,20.804156734100463],[101.83097090117118,20.810384937740537],[101.91276393619276,20.842306497404657],[101.98466487389608,20.891144186413207],[102.01830324392847,20.920096732420554],[102.04205782018518,20.934920478982026],[102.0973608217049,20.987541821052105],[102.14015579061875,21.049696726709843],[102.16861702326851,21.118765489420735],[102.18151671720501,21.191831491926354],[102.18305535539483,21.21521615330401],[102.18059787949981,21.283861850690386],[102.16431642770284,21.350782173558994],[102.13478389717044,21.413530429957493],[102.11586861018978,21.439053497856722],[102.12277643873122,21.487751150200435],[102.12560770810799,21.51638759235071],[102.12964645579909,21.588303650792366],[102.13013542783864,21.612671778515622],[102.12736759757136,21.784910267737196],[102.12369472082902,21.829406106432387],[102.11642390520674,21.877968017902404],[102.09756831104738,21.94945671460863],[102.06351369660243,22.015802096660625],[102.05660615860205,22.026323837130963],[102.065674377896,22.02405014482295],[102.14458582985456,22.01991692605238],[102.22277948615934,22.030935108761188],[102.2969748955267,22.056643602721344],[102.36405477277916,22.09596527884411],[102.41254840412984,22.131315812600178],[102.433380200949,22.14762299103463],[102.49439329277376,22.19885689245987],[102.54335324670481,22.248380331292648],[102.58058336588941,22.293882085507562],[102.59618790275726,22.27580153541657],[102.65713178389916,22.216716836058698],[102.71824484159221,22.168588908003265],[102.78865754151805,22.133285565748793],[102.83532372539284,22.1154225227959],[102.90930830476553,22.09489312024095],[102.9861949995621,22.08855893833717],[103.06291215993646,22.09667296642706],[103.08628252457216,22.101393150574754],[103.15632311199158,22.122222964726493],[103.22090007454355,22.155090916811243],[103.29131295293983,22.19949182694477],[103.31501386988707,22.215680151869048],[103.36270018281368,22.25090153065197],[103.39782424292483,22.239318870008045],[103.46709590801485,22.22905792681945],[103.53721917709706,22.230673357534567],[103.6058867546468,22.24411218930661],[103.66370253930076,22.266208328316],[103.72031260392309,22.227712343444438],[103.79083887602481,22.197654107503674],[103.8663612991455,22.181371395179863],[103.9438411682827,22.17951832480205],[103.97022553039787,22.181367685307908],[104.07610028730875,22.20303373572711],[104.10590920845642,22.213399463892383],[104.17030619753123,22.242374778885434],[104.22789918580831,22.28194588518466],[104.27670946057115,22.33075995023882],[104.29029410793297,22.350744553676783],[104.32715927729035,22.346745311311363],[104.39671100989723,22.3450717053776],[104.46545714518005,22.3550610600622],[104.53117604442109,22.376390981535568],[104.59174134684156,22.408372807043865],[104.67231873811077,22.460323841543296],[104.71722754176263,22.46355692413087],[104.79129898818461,22.475710992884533],[104.86145067505673,22.500998097836625],[104.92503449354493,22.538465864346488],[104.97771645930369,22.57664055000015],[105.01034089217404,22.60312014839505],[105.0659974821136,22.653627160886415],[105.11707914709895,22.710620925713382],[105.15453501913373,22.77616124503238],[105.17675176109194,22.847468651796564],[105.18279695746868,22.87858361064607],[105.21384707857669,22.892519289465966],[105.25048326844139,22.84282803393374],[105.30246518153561,22.794895909950235],[105.36317104742643,22.7568804537604],[105.43043859743746,22.73012948407773],[105.51566636701195,22.704723252877088],[105.54676224522844,22.684068320543133],[105.59715897721485,22.645472472754445],[105.65543444203301,22.60852920425049],[105.7198972363384,22.58201278591701],[105.7884174522107,22.566796671888163],[105.85873495205463,22.563381643976644],[105.91821763556187,22.565524509713548],[105.98837154315977,22.574060759867375],[106.02119681246063,22.58093907086545],[106.03463308046585,22.57081181081801],[106.09617688256266,22.53954226647757],[106.1256998368938,22.52761905416917],[106.16344889254762,22.51585508547319],[106.15361696077132,22.43987383098603],[106.15232296192436,22.365373802673805],[106.16749813918784,22.292188998747687],[106.18493923264322,22.238529435371483],[106.21659778245473,22.16857363586956],[106.26319658146092,22.10633495979616],[106.27469180988535,22.096331594622146],[106.27351623823978,22.02527077504578],[106.27732380312345,21.968884236798218],[106.28330761441023,21.929593781505492],[106.30260945248388,21.857317571246956],[106.33733657371045,21.790270583713934],[106.38598140907932,21.731313996709236],[106.44645094125856,21.682959083147868],[106.51615769717357,21.647262207474455],[106.59212987684636,21.625739388977394],[106.67113604758954,21.619303649047772],[106.70902683212557,21.623607767715953],[106.71515279522714,21.61984644835132],[106.74461061713095,21.58540877670659],[106.78641888665904,21.544832493820895],[106.84246240587329,21.49991581065607],[106.95922245352884,21.4230385782644],[107.01906596442915,21.390684201638653],[107.06282308228306,21.37602810039381],[107.09175927722275,21.34551268851987],[107.15044086707594,21.30349478733829],[107.21651726434173,21.272787924907608],[107.28754977444832,21.254521257587232],[107.36092194153652,21.24936572176838],[107.37801742059123,21.251276907197337],[107.43481265776032,21.24053010103019],[107.51034220751254,21.240472826347293],[107.67946799267565,21.256009027944756],[107.69521475638687,21.259412148361324],[107.7230441680718,21.236741168840677],[107.77998795082846,21.198272642789338],[107.84334921359412,21.170175424413195],[107.9110137284385,21.15338362410428],[107.98072777186843,21.148454834953366],[108.05017147389052,21.155552206234674],[108.14462867140341,21.17351764281264],[108.2226402722167,21.199842206232645],[108.29305928936584,21.201361379539556],[108.36375816026154,21.215730573586697],[108.43026276927067,21.242394313012916],[108.44136123137515,21.249436753201937],[108.47057026074766,21.248542407379528],[108.54283133202993,21.259477188019275],[108.61149545220624,21.283175644418804],[108.63866683905587,21.29544896235982],[108.65740034732478,21.288010091905072],[108.72579273558227,21.273835239491977],[108.74524718523942,21.273214212042607],[108.74906187706677,21.26498512783009],[108.79521354398598,21.203931031036657],[108.85367439716185,21.15309052368317],[108.92191791901503,21.1146453998377],[108.99700655640224,21.090242964546256],[109.06391694852383,21.075553772245012],[109.15642617954566,21.06614574826907],[109.2484715972169,21.07805194488124],[109.28887407285683,21.088116037293656],[109.30394234726562,21.0893789581531],[109.30950190417835,21.060857731800002],[109.29668471800136,21.018850230386157],[109.28364963324104,20.95419733713084],[109.28336577704671,20.888309999487525],[109.2958222643539,20.823403776789338],[109.32058097372033,20.76165716365748],[109.34284810986908,20.718455080329267],[109.3823400775124,20.657762514006823],[109.41461354330806,20.624866259988327],[109.41385249356867,20.591535235137226],[109.43172130455847,20.511037664303114],[109.46836663679254,20.436355065907673],[109.504513534769,20.380318997905558],[109.50624533790446,20.32424847479249],[109.50661372721045,20.322606941429424],[109.50014795479515,20.3212497978394],[109.43350850444187,20.300919668369353],[109.37207728845767,20.269221173457357],[109.36022398970337,20.260030989612265],[109.29926899328255,20.263590853887365],[109.22765656060679,20.25467492786279],[109.15924590994524,20.232951326757505],[109.10776450112068,20.21115966847748],[109.05268310455304,20.182331578636305],[109.00349555061673,20.145163591342246],[108.95894386875374,20.105221656270402],[108.91799462200643,20.061921648859194],[108.88503377490689,20.012833142052692],[108.84366055721983,19.93834367601707],[108.82383356671815,19.891842617155188],[108.81498123937887,19.88597142886989],[108.68031826662771,19.774559995322978],[108.59740551562828,19.72764175927069],[108.5447477719985,19.691555205124065],[108.44721497602083,19.61147072204618],[108.39672956964613,19.560904022711938],[108.36872645310137,19.52665304985518],[108.33756654196459,19.481930823066094],[108.31379958449794,19.433219546525567],[108.2983606670072,19.394106272065855],[108.28161518923767,19.33829243832348],[108.27452636119962,19.280575009959183],[108.26120583629046,18.923161077154973],[108.26162828112057,18.88909172530022],[108.26418891729209,18.84768835757506],[108.28113925293653,18.75993387633175],[108.30855130053641,18.676922016783898],[108.33048157597578,18.496285449626885],[108.3453844664908,18.429368670647165],[108.37313417647569,18.36629605312867],[108.41271256481829,18.309339593891416],[108.46268025137626,18.260547473687968],[108.52122983892986,18.221671546136893],[108.7416014474062,18.10288541992447],[108.76702910639199,18.090341947977983],[108.87445107538827,18.042153998630255],[108.9293558717475,18.022355259009313],[109.08232160861105,17.979878147555507],[109.12451331541351,17.970639791181686],[109.25465494914248,17.949612500154533],[109.3428828874046,17.903166722859403],[109.41396333404158,17.87439739206671],[109.48950908994905,17.86027809746501],[109.56631600258939,17.86140528818137],[109.63634292441164,17.8694442115886],[109.67781689421646,17.876516455440708],[109.76908706753215,17.897262610657286],[109.86843211281902,17.93508912812108],[109.89007343148047,17.947068773905592],[109.9401861938449,17.98038712411439],[109.98393529865473,18.02120763632195],[110.01254824914727,18.05853529298445],[110.04736133913434,18.057689893841776],[110.11300128997863,18.067494969338938],[110.17569955258345,18.088400197699112],[110.2334682872803,18.119743471310098],[110.28057110910281,18.150960745748666],[110.33683868014855,18.196841486731604],[110.38252941033471,18.252605831828586],[110.40963631747502,18.304259783848128],[110.41252052341157,18.30638527281806],[110.44038576700659,18.331432181065598],[110.47390881292311,18.33909813135979],[110.53957957269094,18.364078242015477],[110.60623116996761,18.397277577141924],[110.66451172914645,18.44272030868924],[110.71625470368055,18.49221291671806],[110.7644268290948,18.54889355842735],[110.79953071341798,18.613918474925327],[110.82603349392349,18.678479398998277],[110.84032052616024,18.720829943769434],[110.87841931706639,18.86336824005706],[110.92007127471686,18.977000830637703],[110.93677677983784,19.04501082182204],[110.94802814032097,19.062379531608187],[110.97348620832082,19.11876509567519],[111.06915029670866,19.25905700047936],[111.08534285793492,19.265445714412305],[111.13442511441255,19.29395276445975],[111.23526626636907,19.36315524636541],[111.29529309288253,19.414573253812268],[111.34231604647758,19.477164174987283],[111.37414388352411,19.548038663749452],[111.38927899730403,19.623919618166493],[111.38699044816332,19.70129172840847],[111.37129838945084,19.81054771736464],[111.36645633276166,19.836914820549467],[111.33984694394407,19.955579657444265],[111.31119732912701,20.03573815143773],[111.27892298319694,20.100080586592707],[111.24303284872437,20.157358850607984],[111.19668199600865,20.2074725931424],[111.14717395104127,20.25196629559827],[111.07560930208959,20.302631254172184],[110.99366542461112,20.336129817358156],[110.99352191060457,20.336170377223706],[110.97240274850974,20.361062464965546],[110.9140388582704,20.416381522801093],[110.89467173126502,20.428136612914773],[110.89510620233926,20.49167678188267],[110.88923028635386,20.549936708512508],[110.87475225522012,20.61969073604255],[110.84606233531974,20.68550442451526],[110.80426134118042,20.7447994301693],[110.80278720742834,20.746195740252844],[110.8232494638842,20.7699287524743],[110.85827488007304,20.820560769674398],[110.89038758291595,20.877682903978993],[110.91106728614031,20.939409189198916],[110.91962381009863,21.003731707845795],[110.92027260345277,21.02155672676043],[110.94466056762967,21.043562531883428],[110.99305239315204,21.052584856516955],[111.11148288200107,21.086814402492305],[111.18398199884703,21.115779012318495],[111.20166688818779,21.12741599240172],[111.20878496124315,21.12775112597458],[111.23883040840563,21.132351093422276],[111.29044151927324,21.128285618046753],[111.3571333960874,21.12850722390874],[111.42267010670996,21.139632425886916],[111.4850637708015,21.16132327338958],[111.5360961805639,21.189440163254144],[111.65179957088634,21.20259317904379],[111.7379380697496,21.222108641896757],[111.81681167863582,21.25981259656017],[111.89558983147968,21.30909033001954],[111.95864939609923,21.358566563161755],[111.96794002994567,21.369884872256314],[112.00289610789393,21.37818612634925],[112.06418196054777,21.404249706863368],[112.08881615962852,21.420183797016378],[112.1202997150415,21.411453668671445],[112.23161595318183,21.390111031222993],[112.23920165701341,21.389285076206956],[112.25342145134556,21.372887092882937],[112.30910550807249,21.328864570364377],[112.37249158502739,21.29539600498385],[112.44131205274813,21.273672785874087],[112.46186250804023,21.269150939386225],[112.54847065115507,21.2596269738159],[112.5986226406185,21.264912467518702],[112.64646983718941,21.24384426977926],[112.71921960939785,21.226848561655835],[112.79393957849557,21.223439408531554],[112.86778544282404,21.23374464325268],[112.93794625685686,21.257370846558587],[113.00174868545969,21.293418117209214],[113.0567565397022,21.3405135395703],[113.07589812825981,21.360485063399565],[113.1221211745438,21.420191002851173],[113.15421539256741,21.48766921308119],[113.16346720026665,21.528084984446576],[113.16520004927867,21.529785910938937],[113.20475120339708,21.588014978055348],[113.23156221405858,21.652405742601008],[113.23289022478569,21.65934595767847],[113.23931271528248,21.66496113780134],[113.2691969752076,21.6957951197281],[113.2963438328295,21.730267875857848],[113.31805826807272,21.73280936565788],[113.39860741018981,21.750687958580986],[113.4730039167505,21.78437093256676],[113.53778225947565,21.83229148841718],[113.54501843623484,21.838965743130398],[113.5867838324058,21.850589647274873],[113.58639681829482,21.851766157384056],[113.64094385437043,21.868711636865648],[113.66933249688168,21.88429518548246],[113.71914591299127,21.90181720386095],[113.72148447322651,21.902888170297278],[113.78370761802395,21.938703189890596],[113.83739849979915,21.984987607471513],[113.88059454495924,22.04005867023481],[113.91170843898762,22.101911968386485],[113.93496393280664,22.162729452072693],[114.0044213739522,22.15363868861428],[114.08119892264953,22.157955042133953],[114.15535950200788,22.176404504102475],[114.18902728295599,22.192043747357083],[114.21065508341454,22.18680268412864],[114.2872162981666,22.182807909307932],[114.3629379384434,22.192981680907746],[114.3634652105232,22.193157447257345],[114.37923967084359,22.186826438856375],[114.4459114293974,22.17224962936032],[114.51415044067244,22.16882610262483],[114.5719791161089,22.170688902560283],[114.64904949400439,22.18048951729799],[114.72225567349851,22.204541648185693],[114.78861690959224,22.24186583095126],[114.81084275105165,22.261075969852175],[114.820362890802,22.26019857391452],[114.89950402029501,22.260481570449215],[114.97672364980545,22.275782567731504],[115.0487842672902,22.30545860511152],[115.09127238304693,22.328099901102885],[115.16160797993254,22.3763313977882],[115.16385317731535,22.378789066131763],[115.17775294537273,22.383460474269956],[115.21174715609381,22.401525299473818],[115.2391696298499,22.387978387563518],[115.31209450483631,22.367506991785],[115.38772406491975,22.360634223159792],[115.5031856105325,22.36066542830867],[115.57468657974088,22.366868392208787],[115.64354563846933,22.38529432076959],[115.70738351469087,22.41530579326615],[115.76206452024276,22.45448623842707],[115.762984321739,22.45427262212467],[115.84245721008578,22.44373967287159],[115.92233815865451,22.4486188878407],[115.99920605102245,22.46869873635264],[116.15866147244313,22.52749390399305],[116.19901497206168,22.531047061903177],[116.26269154036517,22.54171555984172],[116.32341322440172,22.56212790363608],[116.36420674857163,22.58365828278859],[116.3671916842435,22.583443025359784],[116.49199398091258,22.588296187698823],[116.57546319855783,22.600081993427303],[116.6539331221388,22.6284360706808],[116.72366087256005,22.67200580761575],[116.78131181281083,22.728713218217536],[116.830474509802,22.789268084750052],[116.8667869169578,22.843603020186404],[116.89194623156226,22.903205167204575],[116.89946594477705,22.93913593080206],[116.91826793385769,22.950899106674672],[116.96875946961511,22.997316646232033],[117.00902944292922,23.051648149009207],[117.03879875550929,23.10115887718409],[117.0556178494346,23.13727258716703],[117.09744129195566,23.16632403441812],[117.16097111103295,23.222067166885378],[117.16652981026223,23.22990196214367],[117.2095729335029,23.239101818470516],[117.24922676038489,23.25120780280932],[117.30042171383646,23.237287714854364],[117.37813248915974,23.231015553265816],[117.45541817856336,23.23911132394195],[117.52919156510843,23.261249180243755],[117.5965034653853,23.29654311041481],[117.64573430621712,23.328826175211997],[117.70340892782896,23.375321202940494],[117.74983527302356,23.431511125733564],[117.7831739309177,23.495189725170928],[117.78882607322984,23.509499011890647],[117.85299408466439,23.541764574839462],[117.91318634719724,23.58913747453265],[117.96146256274925,23.646913518430424],[117.977286545578,23.677246102908526],[117.99030449581112,23.680686708728764],[118.06053908523582,23.71487715866758],[118.12152292275613,23.761572142352758],[118.17069426664058,23.818818413447858],[118.21286383237174,23.88000244094625],[118.33488798136,23.991865881699123],[118.38583241060589,24.049565118047965],[118.42244558894541,24.11584862056074],[118.44311105783973,24.187835875603916],[118.44362917953734,24.198058318876228],[118.45418248133574,24.207518168763347],[118.47173456477488,24.232019700205228],[118.50727136962257,24.22713937119756],[118.58349673514759,24.22347986687852],[118.65884406458514,24.233323388977123],[118.73047952361101,24.25629732978755],[118.82690001861975,24.297247489304475],[118.88584200285892,24.32827661776688],[118.93784003926086,24.368245949774195],[118.98130979698522,24.41594287839686],[119.01492078448017,24.469919235693105],[119.07730461532749,24.594394545039933],[119.0816924749826,24.606261885257368],[119.14721083498438,24.641538695558154],[119.20674108622445,24.69143361860513],[119.25352433510895,24.75154903951691],[119.30023552329867,24.827269042428174],[119.31442968762484,24.856952678905753],[119.36411256283068,24.866812902371525],[119.43729768823712,24.896594178942724],[119.48718003777063,24.922788775847177],[119.54702266171198,24.961493346422966],[119.59769664044195,25.009738640298384],[119.5997601281093,25.012655230067637],[119.64870240927982,25.014033191542456],[119.72254441807543,25.029280634566998],[119.79020688437211,25.056504717183923],[119.84537451680029,25.063909875932048],[119.91269087059962,25.084727115981096],[119.97460065688651,25.116210501132414],[120.04867281526583,25.162366734132284],[120.10171302088585,25.202096013261986],[120.14613536807559,25.249686916893335],[120.18056607986394,25.30367930142896],[120.19214006374895,25.326243778493183],[120.21909695602633,25.39833822508444],[120.22834723314102,25.474186022018014],[120.22640653237205,25.490750264757914],[120.23489242286684,25.556838828586766],[120.23471737003877,25.588220802796545],[120.22265089188542,25.673953421134275],[120.18806802978017,25.754874939775867],[120.17844716660834,25.771208216962922],[120.13646241091098,25.828583615863277],[120.0831578946506,25.87787402832612],[120.0800734977672,25.87981359728256],[120.07563845316547,25.885370642496923],[120.04394066299086,25.91250355946568],[120.04368910954624,25.951327973483455],[120.03220608537511,26.001785538720018],[120.04970867936929,26.00888745499683],[120.120406741415,26.045971634212002],[120.18092169669671,26.095380419368063],[120.22866621994187,26.15501196884222],[120.26158596893923,26.22232686752044],[120.27824869806923,26.29445396489275],[120.27802520492179,26.342658509599286],[120.32290204379008,26.375793180765505],[120.36661595914424,26.41343216504728],[120.41254915150648,26.46070698883397],[120.44837642288752,26.514557491986423],[120.47297137149566,26.573313598165473],[120.4855513124797,26.635150376659936],[120.49224070934315,26.700590690221215],[120.50450962773799,26.731776621320375],[120.57586439185391,26.838743115725116],[120.59977008036451,26.85191763084455],[120.6589791317001,26.89184006570948],[120.70872229018606,26.940906583570882],[120.77461318800026,27.0196001623661],[120.82392203585967,27.06251508376795],[120.88017046935873,27.123919564225005],[120.94797766867394,27.217740039333165],[120.97623808206352,27.2641014569763],[120.99639276727623,27.313743202533093],[121.01820356183659,27.383366571516262],[121.03200679417651,27.456185228907632],[121.03053671057867,27.486863613562342],[121.05033726028044,27.52822435720358],[121.0630504113731,27.579548207378615],[121.13700543937202,27.652728981002454],[121.1800195292519,27.70391793501884],[121.1817866479023,27.707096320061297],[121.22970776447917,27.710189437503733],[121.28985711784678,27.722387025788496],[121.37666966273115,27.746251871682578],[121.45432906914948,27.775786732653884],[121.52311590194857,27.81897359804182],[121.58001441295048,27.87392437525411],[121.6217060019713,27.93700894081774],[121.63433611351614,27.936423439672797],[121.71446457521856,27.946881865294475],[121.79044151044131,27.97111673344477],[121.85925247938266,28.008164776525458],[121.91816061237866,28.056554771529708],[121.96481308832446,28.114364446734047],[121.99733418161406,28.179294919990866],[122.01440136216583,28.248760082804246],[122.01530128275107,28.319987774455274],[122.00770716731597,28.394439470810106],[121.98534727751309,28.48334424387428],[121.95643820117179,28.5539292664008],[121.97528230306546,28.573849612577817],[122.01726870059404,28.64982747786961],[122.04995466673523,28.73317783813709],[122.06853709519683,28.804069693410362],[122.11408238773228,28.820540967703447],[122.17839407719597,28.857597985804446],[122.23341992759856,28.904594616941186],[122.27718733113225,28.959856296231415],[122.30811669283308,29.02141186552395],[122.32507906516983,29.08706230495009],[122.36289520549866,29.345790356952175],[122.41374746151871,29.37153844039713],[122.4729755485091,29.416882137176415],[122.52093413214786,29.471301585446408],[122.5454814860775,29.51456422614323],[122.61287756206971,29.542304401259397],[122.68035736957279,29.58693800885061],[122.73562805974586,29.642686034353037],[122.77631244777095,29.707170912493197],[122.80064392552481,29.777638493125828],[122.81069097229089,29.82386851102292],[122.81752522077683,29.9001847818338],[122.81544193153036,29.958022140997706],[122.80421089682999,30.03012203205737],[122.77615280097547,30.09891981330674],[122.7324032454868,30.16153714787105],[122.67476340619322,30.21534716288837],[122.67211115205045,30.216988079252438],[122.63214397135141,30.265210434361627],[122.59440848164817,30.301930301559516],[122.5332237153839,30.350680550153978],[122.46199164312208,30.388101167035153],[122.2876770165153,30.46015145342279],[122.20514048664835,30.485479033418724],[122.11837917942137,30.495515484858206],[121.976722061209,30.498957731932446],[121.89936903027707,30.49459122289341],[121.8244655903697,30.477983866128284],[121.75463821966292,30.44971567944618],[121.75456545739108,30.449670249964228],[121.74867135101019,30.455628994545272],[121.68801388154385,30.503296894196414],[121.73331150837367,30.510294729306693],[121.80725584568285,30.515488560759366],[121.88595361947638,30.527565962256208],[121.96038719392016,30.552254417632206],[122.06855041557813,30.598739421095644],[122.13606151467063,30.635049545245497],[122.19412908706693,30.6817361703822],[122.24061579467198,30.73709087958169],[122.27379878690219,30.79908588577211],[122.29243416362644,30.865446568398248],[122.29580553952987,30.933733345383256],[122.2837545628657,31.00143016806554],[122.24095291535646,31.146140477637775],[122.22316131162992,31.192574310864405],[122.18785110646424,31.266988592526115],[122.21695130423396,31.297746867423804],[122.25541490101726,31.361496654971177],[122.27795943836296,31.430586296062664],[122.28363445323397,31.50221400155913],[122.27216912231337,31.573468227170444],[122.26627238367598,31.587698407805355],[122.2850217159805,31.655850661267667],[122.28745605473665,31.726461281866914],[122.2780419497157,31.839328040643405],[122.26759839017592,31.89684699278359],[122.24406480437771,31.980191453815245],[122.21651878842941,32.047243099677054],[122.17372087049935,32.10848511801204],[122.09261053918026,32.20181990654346],[122.0343121671042,32.25618388117557],[121.95746709344445,32.31452938351392],[121.90566845799498,32.34815049103759],[121.84835134990178,32.37474597796355],[121.82520725202558,32.3836137767524],[121.81832583558011,32.43941944754438],[121.79601328932146,32.50257463963479],[121.76018721509169,32.56129838601461],[121.71204597368687,32.61357943729901],[121.6528375288127,32.66685968737811],[121.60696186784064,32.70249801928144],[121.55859600039112,32.73488868440514],[121.46166534099284,32.78377973437328],[121.3237079186699,32.833894045080854],[121.32199620885991,32.88509155751923],[121.29660281925169,33.05839161385396],[121.28099329895069,33.11957912749114],[121.25274380775565,33.177619004854336],[121.1274984005667,33.38105402557837],[121.01805362889648,33.617386602081176],[120.98260847935319,33.67667309264135],[120.92899400435151,33.74862692197657],[120.92202637166307,33.79195349405573],[120.90066114871242,33.84903159892839],[120.83654132457454,33.98004346112191],[120.74163835621715,34.26317936195368],[120.72155070316242,34.3099894857954],[120.66605709039493,34.4151696376433],[120.62475248205116,34.47619370164068],[120.56969252704225,34.5295129020734],[120.50448930291239,34.58134272789803],[120.43337120875117,34.627136656412674],[120.19516401297291,34.749770469910764],[120.09080906964171,34.78881182486611],[119.9423442866751,34.82596249508393],[119.85324055882691,34.867098871542176],[119.74683075265507,34.95731884720653],[119.76964598939726,35.00013134011418],[119.8038910252524,35.08285908683162],[119.85190156086652,35.117616339367466],[119.90483039593184,35.175187987878125],[119.97466035336136,35.2694939864424],[119.99963228588022,35.29607124289178],[120.0317600029595,35.308591208279886],[120.08725420845487,35.33442654793098],[120.16040092107778,35.37702146455144],[120.2213602248254,35.430741377198544],[120.23837157788381,35.449197897780785],[120.26917083679963,35.470760265843275],[120.34736840074287,35.542332904430175],[120.39621375029586,35.601299149256114],[120.400115297813,35.60754292957569],[120.43510146551958,35.6232089579366],[120.52254955890054,35.67448666105662],[120.58820320169187,35.723832759929394],[120.60696963311946,35.741125054133015],[120.67694537946606,35.771530679584146],[120.73513311773151,35.78195845694474],[120.8218530460019,35.805206649942114],[120.90083842371202,35.84220772267697],[120.96875979433749,35.891404061191786],[121.01182567854534,35.929708171601845],[121.06008323482371,35.981274515515494],[121.09600939645483,36.038970377383],[121.11840839721796,36.10091799415485],[121.12324477636592,36.13921900146085],[121.15755171977459,36.15526102777057],[121.22166346071955,36.20026746063615],[121.2739321217666,36.25420166184712],[121.31243353028164,36.31510197342952],[121.31477170775457,36.32169712496021],[121.35037695159961,36.341053139068535],[121.56602630945785,36.403502366229304],[121.60804060170841,36.41757855684648],[121.86364782000612,36.5152295567328],[121.89831361860294,36.52992741341227],[121.97584732399531,36.56629943480906],[122.00305389022704,36.54890060909018],[122.03493019486406,36.53295582782474],[122.1059059538925,36.50407069429988],[122.18214570937414,36.48560433455959],[122.26125889907614,36.47813178027164],[122.32765136882483,36.4765563838991],[122.41293778032544,36.4809753096847],[122.49562271679808,36.49815425042298],[122.57272724328854,36.527471146383746],[122.64146725649547,36.56786681043275],[122.72997937718681,36.63096605177711],[122.76140833699752,36.64683201899905],[122.82849528469555,36.68822045072661],[122.88459430464957,36.73887946581524],[122.9276877935235,36.797004868902434],[122.95621021899153,36.860523421510315],[122.96910656555113,36.92716500144384],[122.9731427523401,36.98293084960711],[122.97233039338323,36.99725589353892],[122.97854178266368,37.00408983313533],[123.01540578653098,37.068719816137964],[123.035344499975,37.137833297448054],[123.03731488434826,37.2019477661111],[123.06151674044149,37.22888168439234],[123.09852261792436,37.295783360778536],[123.1174460912795,37.36721278998935],[123.11744281380628,37.44017454721933],[123.09845832678086,37.51160035134602],[123.06123942999902,37.5784774036949],[123.00731163104832,37.63797593193331],[122.9389221057928,37.68757048177641],[122.85894930459025,37.725149509725604],[122.79411175359128,37.74885766488266],[122.70156878136754,37.77354935863449],[122.6043686051635,37.78213501356591],[122.50706260835955,37.774206714618316],[122.44147160022574,37.76314740990639],[122.42194430455615,37.78086438563339],[122.3503775726452,37.82424283681523],[122.26915801988189,37.8556350075246],[122.18152841677767,37.873778870463816],[122.1283638228068,37.880424024875886],[122.04712475328706,37.88477761950292],[121.966186479735,37.877714200532424],[121.88817008501502,37.85945942605879],[121.81559944449786,37.83060156591861],[121.78680955153236,37.81348923855723],[121.75681900847542,37.81414102983214],[121.74086290116924,37.820615503388645],[121.6481769894312,37.87129646878527],[121.55894824344921,37.909177395289426],[121.46111337386469,37.93059589362573],[121.42971823180059,37.93457483521317],[121.3607865308351,37.985254713780954],[121.30484386396188,38.020270935567844],[121.24250496616973,38.04798009361688],[120.9425822474355,38.157286675039245],[120.85066740159829,38.181719983008264],[120.7541409127077,38.1904018617511],[120.65741546517182,38.18293027100007],[120.56491583807723,38.15964214515918],[120.24442104636182,38.04766078936953],[120.22473106357293,38.04560334441432],[120.13314261413642,38.028334413595246],[120.04808041038054,37.99669596690849],[120.02055513259012,37.983561147777756],[119.94676962336575,37.9396730252173],[119.88592333971417,37.88500421154402],[119.84052279001024,37.82183088944417],[119.81241620311293,37.75277853849609],[119.8110656347525,37.74275482761159],[119.62953954350554,37.646618705972884],[119.56390115515755,37.60417523974019],[119.50954280654612,37.55284168613188],[119.46836295089057,37.494431549962776],[119.46479571566887,37.48592747791419],[119.44987150114797,37.48446379093609],[119.4513316783542,37.485715362468355],[119.4964209305103,37.54303273502972],[119.52709488811132,37.60597654437917],[119.54223112861715,37.672317001149274],[119.54125125054237,37.73969842472371],[119.52414690634089,37.80572191095597],[119.50556821114627,37.85362325133451],[119.48546894588993,37.89059244156652],[119.48254682933576,37.92744483734105],[119.4683831687577,37.996222320090645],[119.437373483358,38.0615163069092],[119.35052755483741,38.200540812360984],[119.29437500164451,38.26904774699483],[119.21966029196774,38.32580507469445],[119.07947522912762,38.41003303207205],[118.99412265996862,38.450457097868856],[118.89943402192787,38.475464863846554],[118.79995284624495,38.483849569226535],[118.66639375281079,38.48360084000471],[118.59544030552246,38.479121987128025],[118.52622691942729,38.466136274096634],[118.52013598516753,38.46459472345094],[118.19672679893525,38.51882658022934],[118.08530494075903,38.57654024404077],[118.06242886818507,38.59993871559659],[118.02754152532879,38.67222018339041],[118.04877171855291,38.725838187381854],[118.068329246305,38.7584446487483],[118.10233229451795,38.74288095658672],[118.18917548565736,38.71952963092562],[118.28027764020668,38.70995349189711],[118.37206226098856,38.71452485014237],[118.46092893746126,38.7330607900285],[118.6343077381327,38.78380058487802],[118.67617067560151,38.797862985987756],[118.69955842824957,38.8067949932561],[118.75921895529467,38.80334614536383],[118.84379247870184,38.810523456847235],[118.85216863975718,38.811843650628276],[118.87125818126914,38.81057456254504],[118.96370349066534,38.81157883154844],[119.05410953198516,38.82674815567818],[119.1184672014266,38.84285317991436],[119.19768679568733,38.86913564585907],[119.2693268796774,38.906271382585196],[119.33239462605037,38.94591934439572],[119.40816250040378,39.006088769783524],[119.59290104841678,39.19119369978386],[119.64914102158393,39.263460408412236],[119.68196488406974,39.34377077853727],[119.70863841533786,39.45203356094447],[119.73624076247557,39.4971426829151],[119.76301055880883,39.53229677975927],[119.85522015051605,39.601348723051224],[120.03301914142013,39.659444904233496],[120.07567682901325,39.67531915567762],[120.55399613883928,39.87500210739206],[120.62210975316827,39.89176293515127],[120.69880952552964,39.916468417313844],[120.76868123208642,39.951032313597366],[120.82954416001466,39.99437860791498],[120.8794881839793,40.04515700733354],[121.14520950533361,40.369567732031655],[121.15022371577756,40.37166310542818],[121.21375459616577,40.403455533998994],[121.26980879156118,40.44248283193493],[121.35046521313026,40.50826464300978],[121.37449340866085,40.531054837448345],[121.4036786475322,40.518124867440484],[121.50466072497039,40.49402265411064],[121.61030610164578,40.487420849644785],[121.69722566912492,40.48929521127803],[121.7234745528091,40.47499961729597],[121.61867137006548,40.36223185612721],[121.53009769339609,40.29239721219745],[121.46091052058648,40.220153152712655],[121.31090739887465,40.16410856107434],[121.2344215251423,40.12817562525701],[121.16838348674816,40.08186784489492],[121.11521051866785,40.02689282759962],[121.07683152300284,39.96527488936974],[121.03412063576951,39.87514041586498],[121.02583640797677,39.85047444604257],[120.9941225582909,39.83294738653721],[120.92132982299127,39.78304711433419],[120.86379710357687,39.72272263188734],[120.82402004622459,39.65463025826883],[120.80369556622904,39.581761782140816],[120.80365468035697,39.507310294002025],[120.81989498723614,39.44874783687193],[120.8114727579863,39.411055076176865],[120.81328052976907,39.34350852665466],[120.83168214783882,39.27747684612156],[120.86210207917823,39.22234681960476],[120.85518938216275,39.21954887376881],[120.78818847824111,39.178848549797266],[120.732069341725,39.12940357058222],[120.68872612507491,39.0729012396537],[120.65960605280374,39.01126649068733],[120.64566295329499,38.94659471024103],[120.6473291712441,38.881079218965304],[120.662962792326,38.77356542017483],[120.69333820302111,38.68045640018157],[120.73567599585016,38.59893488529745],[120.77600477560293,38.538574038544425],[120.83034569218842,38.48525637035531],[120.8967049337726,38.44090690066637],[120.97266834252133,38.40712242883987],[121.05548888911859,38.38511598444393],[121.14218390848924,38.375675102839146],[121.22963896399153,38.379135105938715],[121.31471522298419,38.395368091341474],[121.3583708750911,38.40719221571386],[121.45605678158883,38.444113896942774],[121.49366293445135,38.468143834327776],[121.58331595355128,38.478398706164825],[121.66294636333271,38.49315310952499],[121.79506851720636,38.527363127560946],[121.87040749474218,38.55276390698019],[121.93880336560338,38.58807895057329],[121.99809369969891,38.63219465304843],[122.02973420664163,38.66595977285224],[122.09403122216385,38.68805828089121],[122.16653413170101,38.72836194929194],[122.20859969785613,38.743231528682216],[122.27229408287539,38.77651761791516],[122.33749543059623,38.81699224583911],[122.37937254577687,38.846360834360304],[122.45257500745315,38.904262262373315],[122.50133100846885,38.949702470814636],[122.5924933940449,39.05028177135244],[122.63928770604132,39.0922240539698],[123.01140889231965,39.26503970156809],[123.05372140968423,39.27172308483241],[123.13914529233371,39.29186508054174],[123.21807009991569,39.324069179591135],[123.22758893749622,39.32997346690803],[123.26573994264625,39.33253354799142],[123.35827676385478,39.345999738631626],[123.44548438866977,39.37335612372205],[123.52383345719305,39.413493204400496],[123.52548748464378,39.414774216553845],[123.60845853343052,39.42448688249764],[123.69864638576554,39.442695434309485],[123.77861023591689,39.46488389947898],[123.78606317307973,39.46821937010685],[123.79263300778211,39.46815183736416],[124.13647861710875,39.48681705955842],[124.2176578315454,39.49660292852652],[124.29540447566411,39.517034196894365],[124.3673356032553,39.547482295631376],[124.52858027864704,39.63031740225633],[124.59335312249185,39.67025155103034],[124.64788147489226,39.71823254551906],[124.66448704665997,39.735757454960066],[124.70477406007669,39.76289280874065],[124.75878537115771,39.81597632339699],[124.79880473109054,39.87574728028555],[124.82062956236126,39.93289185729195],[125.00221861568524,40.04063194898494],[125.05412530667337,40.07629826985673],[125.09851758025573,40.11735029389245],[125.10212738982013,40.12124305277476],[125.16563972143899,40.134181896129576],[125.2541724310599,40.16840780948366],[125.33137956841628,40.21578646262552],[125.38948888842108,40.27016248216892],[125.3935904109223,40.27168238299017],[125.4197646553182,40.28215391457415],[125.48075592351442,40.30838745284102],[125.50703603700984,40.31231079055699],[125.58675805660802,40.329752384111],[125.66129814141777,40.357349646439495],[125.72837918664987,40.39425874526955],[125.81215207674734,40.449285246843054],[125.83065674495631,40.453637542852384],[125.91500649253132,40.48873083141498],[125.9882974816654,40.53581570418933],[126.00125547116615,40.54833490936061],[126.05503362087954,40.55418934915571],[126.13963882926095,40.569374001179916],[126.2192351625462,40.5958024754349],[126.29117330108942,40.63259336222344],[126.35304939699928,40.678520463667944],[126.43082194954364,40.74770772708123],[126.4750200491627,40.793955187669646],[126.50283465363786,40.835777682601375],[126.53384551566053,40.85265510160198],[126.60079403743413,40.89670448348647],[126.65567937875917,40.9491998854935],[126.73027056985332,41.035951136629194],[126.7562805997519,41.06574650169382],[126.81866350619605,41.1021795963076],[126.87672655104976,41.15108427887149],[126.92189057342723,41.20695720827596],[126.9359176773635,41.22854148865825],[126.99108005493083,41.205507880917814],[127.09653278459727,41.18280770005344],[127.15315558288421,41.17568575518878],[127.26921844252561,41.14777537568666],[127.371311593847,41.13474061102399],[127.39368602522111,41.12612056035515],[127.48858916055838,41.106476808145544],[127.6035583698218,41.09186739517876],[127.67402003302051,41.08681256374191],[127.74477198821043,41.089499794875614],[127.83717722116742,41.098063832487355],[127.86060085421647,41.08753345948126],[127.93069489040842,41.061594301883034],[128.00560587237356,41.04450111840306],[128.08332872685395,41.03670730749893],[128.12131472590085,41.0352219809739],[128.21048575080914,41.03788097910655],[128.29754096907658,41.05272690184718],[128.37947760028595,41.079243187208945],[128.45346349058394,41.116511026771846],[128.51693113318262,41.16324020426648],[128.56783400429012,41.20834056353131],[128.62003481772925,41.26471597497942],[128.6748847332866,41.33802723123627],[128.68822627476465,41.35717199599268],[128.7245026543179,41.4132631190446],[128.76071971026496,41.49146304541292],[128.77137023820745,41.573598591668706],[128.77003803937419,41.61820153966521],[128.7590201564334,41.681513637087555],[128.78880964653592,41.68636341824917],[128.81608318124404,41.68552114136626],[128.84022372725676,41.685214519968575],[128.9233669726198,41.68564881083507],[129.0241769804945,41.69391092843079],[129.12057958400683,41.71734885417688],[129.208364336496,41.75493349287349],[129.2836834730769,41.805018242050075],[129.2997627314865,41.81818554757602],[129.36503921339704,41.859298963862855],[129.39109895804873,41.871346445527614],[129.49241692843938,41.93360157131439],[129.55421998808902,41.98336311411699],[129.61163117351416,42.039832077692786],[129.6311589170855,42.04173659187904],[129.67477258145726,42.04914154225513],[129.76717902560398,42.07207608954234],[129.8516167156294,42.1078967502403],[129.87467420946575,42.12282451228085],[129.9115639327152,42.13303062362209],[129.991482767568,42.169075680821756],[130.06055863587144,42.21551479069552],[130.11621916567015,42.27063068893529],[130.1381807372152,42.297398062337884],[130.14400989720323,42.30635038462148],[130.15376914485879,42.301006841532136],[130.1779034255896,42.28998112664775],[130.22773313347628,42.256384086449906],[130.30470564896527,42.22134297014311],[130.38939830592287,42.19733986260636],[130.47885778029286,42.18520415619377],[130.5699750328816,42.185351693198605],[130.6595887188042,42.19777175623663],[130.7445896207146,42.22202820722301],[130.82202335747544,42.257274631387936],[130.8793880080424,42.28907811292862],[130.9518442460214,42.33830860666911],[131.00921169059416,42.39702474599874],[131.04909362680309,42.46281259191931],[131.06407684089882,42.5136118329236],[131.13216333658445,42.52882164494046],[131.2204917976159,42.56399597571343],[131.2408556823077,42.57417644064781],[131.25635939712723,42.57888820831767],[131.34075270167662,42.61177999111774],[131.4148369646395,42.65576857411417],[131.4757875009289,42.70918531708522],[131.52126075838595,42.770002088591866],[131.5494846434776,42.8359057095182],[131.56479928899287,42.8898574801276],[131.57217939559158,42.93573957432439],[131.58852491082996,42.9538096467719],[131.62911633821673,43.00857307229033],[131.6557760229257,43.06748019673461],[131.6918621253013,43.179631501590364],[131.71476335962134,43.24489687095903],[131.72798663594548,43.27416375664743],[131.75087066490443,43.359945248991686],[131.7557913909126,43.41486292636242],[131.75235444067033,43.484128307411844],[131.7297542851716,43.551441344214375],[131.71214793526065,43.587472039908356],[131.67980749757712,43.63880881530368],[131.68000511689036,43.64273810662041],[131.67694684959298,43.6960550648352],[131.6742020376899,43.71259603202377],[131.7026729590035,43.917559982121674],[131.71339222224603,43.934863583094106],[131.7451727823426,44.005379649611704],[131.75541872677385,44.0788518174125],[131.7436023924236,44.15204780425963],[131.61806359747578,44.54766928145099],[131.58834780856304,44.64710787973621],[131.62414316004697,44.656692307231516],[131.72312795973914,44.692128883898825],[131.80900986384034,44.74154102534929],[131.84960081885856,44.77052174565332],[131.86345334722853,44.78079807682795],[131.95464729225586,44.85101744201681],[131.9831509333415,44.876505786825085],[132.02263496840962,44.868659924063984],[132.19162311059756,44.82849677165822],[132.2170655151606,44.82294693125265],[132.3869030541057,44.78916397783877],[132.4880111169462,44.764008806057724],[132.501521418227,44.76079039650106],[132.55878452507244,44.74776070527895],[132.5981112454784,44.74001182078168],[132.67113048305453,44.72779471235426],[132.70755399739056,44.71541764252848],[132.79946764507207,44.691569037920694],[132.89647251951484,44.68051124082122],[132.99494185347305,44.682650416438165],[133.09120016002655,44.69789973029414],[133.18165330962603,44.72568347721084],[133.2629158856843,44.764958444584735],[133.33236237739726,44.80582973692508],[133.42762634374807,44.85830345811537],[133.50259011392984,44.908838814083296],[133.5613224279831,44.96871314172307],[133.601324785314,45.03542616464318],[133.62086105500882,45.106185524127575],[133.61903834187547,45.17802055771506],[133.61051395170668,45.226390666589815],[133.6157052251106,45.25655867188222],[133.6243081544076,45.276750479349595],[133.69109967999321,45.30352887272719],[133.77975819973867,45.34820051351218],[133.85288120493456,45.404586007084475],[133.90711604078842,45.47013023359567],[133.93658003328426,45.51652088203579],[133.96837063317017,45.584516458110556],[133.97946689758268,45.65530282429144],[133.9757434812756,45.68126598082073],[134.01355413195202,45.7084367746242],[134.0534446678983,45.74320820076005],[134.11238936609254,45.80756200542403],[134.15055920647328,45.8610961014622],[134.18239986605394,45.917400493190115],[134.20823621678792,45.97794258091395],[134.21255531373828,45.99331603475903],[134.23138709525878,46.00494088662137],[134.25991939847663,46.02832908166861],[134.31326645696504,46.08092557286591],[134.3519106235221,46.13900185959773],[134.37455027947937,46.20066721463883],[134.3850366013423,46.24654947723362],[134.4062847225316,46.284866045291174],[134.42253223208553,46.35674240448909],[134.41639994834236,46.4291035694013],[134.4120368364582,46.447105317052],[134.41731474728064,46.453707355421315],[134.43441480417397,46.47710082708499],[134.50013094607033,46.575708969280655],[134.52986310445885,46.63276223215412],[134.54464303516272,46.69222080654714],[134.55901095798538,46.812988944377196],[134.5740957663729,46.85290864402139],[134.57898237073516,46.86165459093526],[134.60361821263376,46.905381865105824],[134.6245019815183,46.92416264263514],[134.67677866178124,46.98172880831633],[134.71186683973175,47.044649373999235],[134.72843751834517,47.11064396513884],[134.72719212338598,47.142312081670674],[134.7606745953278,47.15316186208216],[134.8510273619877,47.20029958733369],[134.9093463401259,47.237920796715166],[134.92817781969103,47.25066775298796],[134.98244578903504,47.28921617035451],[135.0396301680272,47.33741720146909],[135.13957560445752,47.437993492388586],[135.19620755675174,47.51244744854244],[135.21683828304288,47.54991219211826],[135.22479688709194,47.559975363371215],[135.26670628040333,47.630248652095034],[135.2849633434374,47.704494536040855],[135.27863172758168,47.77929586515756],[135.24790298338203,47.851195979859284],[135.19493670442264,47.93733382201382],[135.19075971423348,47.94391919121047],[135.15116895018306,48.004484758048456],[135.1610121731344,48.01907374344449],[135.20204872676484,48.11349390835785],[135.21411426510062,48.17052208250927],[135.21868440680385,48.23292598597292],[135.20602450502332,48.29464708653062],[135.19083177988819,48.33813234850818],[135.16162678958784,48.396646435909396],[135.11671103534044,48.45070119305246],[135.0574584762741,48.498583350140464],[134.9559600319517,48.56672059576158],[134.88676802744163,48.605603994182786],[134.8079607332575,48.63615267169732],[134.70013596887117,48.66999716718003],[134.55944677991346,48.6992951330004],[134.43701174008464,48.713044750128766],[134.39515915559846,48.717690397189706],[134.28629159605822,48.72251682239213],[134.17770300028764,48.71312587054344],[134.0896346088489,48.699566426508696],[134.0298260325988,48.687976155738504],[133.66397714751997,48.60145145109076],[133.5721786528255,48.57307500824453],[133.4009977451333,48.506747296749246],[133.32831147899523,48.47301246562437],[133.2960092463432,48.452164646846185],[133.1761284967436,48.45538987039534],[133.08355477280122,48.452657469591706],[132.99278296257668,48.43967023584975],[132.9065289563993,48.41681203393845],[132.7819722770631,48.375363370593085],[132.66128226378524,48.32071689144299],[132.60754316829338,48.28862337786711],[132.5775071172961,48.285551663390514],[132.46966113483307,48.25845677823341],[132.37280751775654,48.217116503623735],[132.29140423775732,48.16343790628604],[132.22116451327088,48.10601458748875],[132.18437061599127,48.070881995017835],[132.1184985891695,48.06758356752974],[132.07816418338237,48.06454441624541],[131.7561703419642,48.03172376643252],[131.7210818394688,48.03199200876486],[131.6853183048138,48.044832950725095],[131.5968175659618,48.06423637705432],[131.5041708291632,48.07311293469729],[131.35832517833882,48.078459882755894],[131.33932293003093,48.07739268871728],[131.3280435181461,48.09216804171558],[131.28758250834542,48.132569732691096],[131.32062597569018,48.21550139898295],[131.33854518434993,48.30227424252004],[131.34177806069175,48.37692719085583],[131.32071221978023,48.45003179862856],[131.27620222377382,48.518279241386416],[131.2689116674184,48.52675834843442],[131.23742085427543,48.58453307004264],[131.18683056710938,48.6405296821406],[131.13493766935008,48.67881163456939],[131.15394529860527,48.72614462042164],[131.16032583614736,48.794753093383456],[131.14596462781327,48.86258232949545],[131.11133104702697,48.92703945921648],[131.0480013021791,49.015225632271815],[130.9881690271029,49.07901974037484],[130.9081816700881,49.13284595618655],[130.8116868045028,49.17420470423219],[130.70313435177025,49.201166350345886],[130.5875676783618,49.21246600919444],[130.4481509734062,49.216226750969774],[130.44409363671872,49.218293788355126],[130.24613660466653,49.40323099247419],[130.19011755528223,49.447041534831406],[130.06879457377835,49.527052420679155],[129.98138552385964,49.57342547604655],[129.9681376612934,49.57782579266581],[129.90891304546005,49.629157021886066],[129.82780460576254,49.67555329957392],[129.7333706839908,49.71051392837984],[129.62940292665175,49.732620426212506],[129.5201020770004,49.740970815958384],[129.4622883322985,49.74164311828323],[129.45312450920665,49.741698983006316],[129.39668532421842,49.74173121037827],[129.29769224083987,49.73606730129547],[129.28202923761782,49.73332346840267],[129.25941539565204,49.741538736075846],[129.22622144907984,49.781406599711545],[129.14645112318942,49.839840922089046],[129.04781034967223,49.88530122891359],[128.98255175976283,49.908651889270494],[128.88966302170854,49.93485303610122],[128.79032288987023,49.94959432471143],[128.68797552410663,49.95235870525175],[128.50949656257635,49.94650998821853],[128.43645298793112,49.940965902447445],[128.21404950063206,49.91431037370371],[128.15065925392378,49.91684258547663],[128.1300473914401,49.93753823700701],[128.0768324280519,49.98116554049613],[128.055869771222,49.99442085460994],[128.11390441285644,50.09481167232549],[128.14300232994816,50.167769333249105],[128.1473360751743,50.24262577740369],[128.1266021335974,50.31602299184276],[128.08162679272567,50.384654187106456],[128.0143481290415,50.44541331687261],[127.92774444200964,50.49553805073353],[127.90071350235063,50.50804734534691],[127.90939108604454,50.55789654426665],[127.9099030044795,50.62908634929987],[127.88921335577275,50.72522461996666],[127.85028764410336,50.81195433604594],[127.8024428817072,50.884958406970824],[127.69461667526298,51.00679760094821],[127.66412170791192,51.0372631578842],[127.50911018933246,51.17491649990217],[127.47899044226693,51.21140519476314],[127.4776032841632,51.21945083144262],[127.46425287343503,51.26633248824727],[127.4410666417449,51.324207294486314],[127.41521693749715,51.37146000563324],[127.41763130674019,51.411768194118515],[127.392075571037,51.49145055000485],[127.37497662067102,51.52405925326583],[127.36769006291566,51.58420689559567],[127.324162589629,51.66496278468784],[127.29356601598694,51.70446758828469],[127.27268491991092,51.725389326360876],[127.27161614006972,51.75804214823151],[127.24268558462713,51.831474778460525],[127.1964367903494,51.90989224594187],[127.15061765563723,51.96905297159488],[127.05301656738338,52.06877442845795],[127.04264317168958,52.09531254734394],[127.03467557545997,52.162228449061004],[127.01571193031128,52.2294258297744],[126.97562463100189,52.29280237208432],[126.96668025579379,52.3013638006401],[126.9650371768756,52.31800180090954],[126.94757490920516,52.384953417771506],[126.9118838044829,52.44373403585236],[126.90992187275785,52.45255224567675],[126.87409617616744,52.51617096730284],[126.84565806484899,52.554009373463074],[126.79584199308552,52.607045068082655],[126.75006885820912,52.64014126137342],[126.70925875342101,52.696658692593715],[126.65094457940121,52.74857117074394],[126.64207652742321,52.75507475067864],[126.64128792059925,52.76003183182116],[126.63329873942449,52.79329103353396],[126.62567961629735,52.81689326054338],[126.59648188003166,52.87728450904579],[126.54957253166056,52.933287766451144],[126.48640526856667,52.983092180463416],[126.44263868994409,53.01164877323555],[126.40712999167464,53.03246051578124],[126.3835470707691,53.05668215956621],[126.30480151318882,53.119462974306934],[126.23224738738753,53.15562622278448],[126.18966552543617,53.203580536006704],[126.14726983894224,53.24229723014059],[126.08360812349326,53.290277592318894],[126.0064355101806,53.33065769684189],[125.9181183680217,53.362179866340036],[125.86483944968583,53.37748396980812],[125.75937383810323,53.40051460418937],[125.6991325351885,53.40622847247513],[125.5754107927526,53.457955283801766],[125.47027850365767,53.49265129410091],[125.31888839552023,53.53080345696421],[125.22599390243673,53.548835514088125],[125.12890663517929,53.55744063245739],[125.03031910110558,53.556376550151896],[124.92540284284561,53.550032679626895],[124.86146973338792,53.54153369095126],[124.76951323924672,53.55829636061847],[124.7236392045995,53.59225528908666],[124.63960183334885,53.63445998523201],[124.56792926920632,53.66389900504037],[124.45333612770615,53.700325493731626],[124.32727805540294,53.720789643960295],[124.28957146695595,53.721804175781685],[124.09297873288828,53.80366438713906],[123.99986123666622,53.83511329729276],[123.86606733025604,53.87094202306119],[123.74900584440978,53.893775142585746],[123.62579503949769,53.90173513208536],[123.50179669118718,53.894468987003016],[123.49845117687939,53.89384911116742],[123.3935504797171,53.90859392214832],[123.25380072264122,53.90848869289799],[123.09710639496198,53.89744228538338],[122.9429697322376,53.874080441105086],[122.79021612708249,53.83772070357214],[122.66591643761785,53.82072850692999],[122.56779698697349,53.81585041980417],[122.55295810690781,53.82001541614483],[122.44441107701682,53.836515686462725],[122.33202711910431,53.84057860521238],[122.21984737089792,53.832053310351974],[121.96903852485104,53.79836965388371],[121.91460864550882,53.789405296072694],[121.56871544561103,53.721479010717566],[121.28548834554122,53.665968702886836],[120.92068228234191,53.63784733407617],[120.78615963953511,53.617694263097356],[120.6624628126343,53.579710562983244],[120.37994588491614,53.46634988382768],[120.25177365856788,53.39696669643994],[119.98322899805089,53.202363959068634],[119.83634014675609,53.10929173623289],[119.76119650732478,53.07718746416071],[119.67789925904404,53.03418741504376],[119.60887933500608,52.982832799366506],[119.55645027629039,52.92487802543008],[119.50686261867882,52.85566583494716],[119.47153343209014,52.78942808215769],[119.45787643166172,52.72054678268073],[119.46631238345996,52.65162330332749],[119.49059246398188,52.566381722282316],[119.51967025323998,52.501561153241944],[119.56823931556026,52.44148024608885],[119.63450277446128,52.388274296252014],[119.7160587507512,52.343827007468306],[119.80998999824193,52.30970620458252],[119.91465706114633,52.279504121036204],[120.03344248903245,52.25449253243854],[120.08918696564857,52.25065383067384],[120.10825527167395,52.1921376262142],[120.14853978800325,52.13134863835333],[120.11668665163663,52.10798229319285],[119.89823712677536,52.00742904746082],[119.80395610638584,51.95294098652675],[119.63400931971418,51.83007518365379],[119.57046375600807,51.774028550001695],[119.52510755848849,51.711706195828185],[119.44785937773017,51.57105266248486],[119.32904460063723,51.450026622259486],[119.28498364872969,51.394987475308696],[119.2291891352876,51.307188091873535],[119.1932628910261,51.2119942302364],[119.14179364661588,51.1732586531457],[119.05945045415979,51.090863402876515],[118.99895835885319,51.0069625948471],[118.96549178255694,50.94685428719787],[118.94952183155836,50.88478859439061],[118.93477736900155,50.87472464901178],[118.85188863738537,50.80177896129898],[118.78896590605082,50.728626973152245],[118.75357315922821,50.678765818251065],[118.73059309834387,50.62643692087114],[118.68162486763624,50.58293589205776],[118.63676546480309,50.521326026850545],[118.61086388010246,50.455620768266265],[118.60477670361045,50.38817979641376],[118.61864340141592,50.32141668996313],[118.62624222326649,50.306869348635836],[118.58442519515252,50.300856557327194],[118.47463147238227,50.26809622206989],[118.16894249466507,50.14913825237406],[118.08749574488216,50.110418362777864],[117.8232847882607,49.958670943120666],[117.75689276715465,49.920724035885954],[117.73451377572182,49.928157056409546],[117.64123213253166,49.95235591469193],[117.54238221077696,49.965085246239596],[117.4027251741996,49.974481255702386],[117.27316370592986,50.01392076693775],[117.17345325790615,50.04767846788918],[116.98885491508372,50.125047174461955],[116.89418269101682,50.156573298928656],[116.79151941343103,50.175667150572615],[116.68474817948278,50.18160288888535],[116.57791839227737,50.17415218115173],[116.47508307368953,50.15359385180449],[116.38013582021779,50.120703225916586],[116.29665539526964,50.076721611931056],[116.22776538186893,50.02330732776689],[116.17601520654539,49.96247053476715],[116.08392097146303,49.82373127702532],[115.89930495798939,49.54569393850621],[115.74274252779405,49.30993542156796],[115.73822346035112,49.30288882685552],[115.6555415514615,49.16962636515121],[115.65322175699791,49.16581376526663],[115.59603112568081,49.070033530586386],[115.53661546692366,48.979394437233324],[115.50906394042305,48.92620677115161],[115.49758831880078,48.88288495584998],[115.49553565973869,48.88019232192806],[115.39608770645926,48.79599129613755],[115.34526844084579,48.744319774003074],[115.30851411120604,48.687758070461896],[115.28686620802756,48.627976980698854],[115.25921420298194,48.50628999788643],[115.25355042047966,48.43990629956704],[115.25356141870635,48.43970464267216],[115.21242826008351,48.41972588052882],[115.12710421175295,48.36816817830721],[115.06008448732562,48.305815591980945],[115.0143820602523,48.23552867095708],[114.99200499218561,48.16052238697097],[114.99387760054586,48.08421574818395],[115.0281869239976,47.89845181147396],[115.05116454162939,47.82995100596931],[115.09357495656124,47.76592270947581],[115.15279617173911,47.695903138409776],[115.20983785900805,47.64111718848513],[115.30535343688769,47.56552958450759],[115.35518303496652,47.53107172207923],[115.45513539191333,47.470654112445736],[115.4601831569771,47.46763730083523],[115.54664835401802,47.416555902875956],[115.62326776638866,47.378918439616555],[115.7086510961845,47.35122270373171],[115.80006611690254,47.33435015287782],[115.89459950602631,47.32883598700229],[115.9892451611205,47.33485323595095],[116.08099451948614,47.35220785692327],[116.1760837048405,47.37650666186378],[116.27212948461325,47.40872796221537],[116.35700161335255,47.453240782222814],[116.3973609773387,47.484860489991355],[116.48112586781652,47.48208558534965],[116.56401992404804,47.48368765059234],[116.64569397522861,47.49397342997299],[116.73053735509659,47.50930629363666],[116.73419094373835,47.50887346837977],[116.75890088782336,47.5017090274936],[116.80444919476177,47.49010338492513],[116.82252669125207,47.48074781769187],[116.8732771295443,47.43877002500641],[116.94370025989015,47.390698149883974],[117.02634149329562,47.35258772007439],[117.11822914634794,47.32579765542358],[117.18273601161177,47.311735597871476],[117.27936092057911,47.2972699694641],[117.37846022788155,47.29528432840506],[117.47659486636807,47.305844436614706],[117.57035855945762,47.3285802228103],[117.65648951619188,47.3626984193666],[117.73197835078871,47.407009158858365],[117.7651769959031,47.4304462158266],[117.81039482911463,47.46679469145165],[117.85193771108172,47.50492386501454],[117.91546320066738,47.544881139280875],[117.97111499474272,47.58555117658227],[118.04384324930433,47.64739430342065],[118.08633821447593,47.65042024926794],[118.10088160505877,47.65369695695882],[118.18644072103307,47.643504120152606],[118.22696055692452,47.641119527979704],[118.25037820547472,47.61817961832291],[118.25895379001801,47.610024970371136],[118.32867247410805,47.54559632931641],[118.39339026936058,47.496173252169044],[118.4705808838211,47.455753597630284],[118.55759396346129,47.42571098161142],[118.6461070021685,47.401847058315646],[118.65408670544026,47.38881535518259],[118.7088581944349,47.33272231541591],[118.74842516403986,47.299543543269415],[118.80367956673538,47.259889482240766],[118.8672831873865,47.226485288644604],[118.87311379129066,47.223885123020146],[118.91853968240972,47.17984244598128],[118.98116026167625,47.13705692269815],[118.99649631669942,47.128232124657295],[119.0379188372693,47.09404306869102],[119.01281562660753,47.09966449439761],[118.90014980307407,47.11573414588232],[118.78471836320689,47.11457372710031],[118.67218768890888,47.09623449597855],[118.6182803696093,47.08304087282758],[118.53293896520526,47.05607751235964],[118.52949259290247,47.054431516141534],[118.48946259462505,47.05699677109451],[118.42307184719068,47.0666303792012],[118.32549976176776,47.074305739316785],[118.22732253786296,47.06938479058936],[118.13204611361505,47.05203971594324],[118.01780449966189,47.02314166596816],[117.97186397858282,47.01672573236628],[117.8698310822686,46.99489609637682],[117.7081779513503,46.94741153530009],[117.6753063616988,46.93432756666178],[117.65071226748269,46.93948872002747],[117.53870222542461,46.94574513859738],[117.42922700838197,46.94371648604073],[117.32925812195388,46.9351911991329],[117.23336970924349,46.91372920359985],[117.14515427366763,46.88013199272362],[117.11253120496023,46.864729796067444],[117.0411672353639,46.824247346465185],[116.98128389742035,46.775866823865734],[116.95065368051198,46.73984941806745],[116.93181765574003,46.742722861583026],[116.84002454880843,46.745350463383886],[116.7488289026282,46.73684152322628],[116.67632951024751,46.725517810161634],[116.56333393564834,46.69818383146161],[116.46224480296688,46.653926987133076],[116.45709664453267,46.651056658047835],[116.44012687108822,46.64779065485171],[116.3566603771436,46.62009388409175],[116.2997048487678,46.596694863786645],[116.20751526506258,46.54854360367407],[116.13295396022566,46.48768056543822],[116.07966020347023,46.417120278691215],[116.07328480243933,46.40576443501336],[115.98715819399055,46.344090887668784],[115.93409681562315,46.299345810569896],[115.8921049438813,46.24935448290381],[115.79980592009306,46.11544090690298],[115.79774024913694,46.11239873239599],[115.74662255489407,46.0360700145099],[115.7156275307052,45.97645272810442],[115.70943573892158,45.951427559878915],[115.64426860695787,45.91995386721488],[115.59217323599601,45.89114119474867],[115.44696669254584,45.79940017335989],[115.43082028252225,45.78857691608298],[115.40601901305796,45.784523344623025],[115.33579309045318,45.770835011006085],[115.14343040657769,45.75025737177258],[115.10989240910696,45.74662965502776],[114.98724732443324,45.74067253648029],[114.90112041081538,45.760400983449536],[114.79896061652263,45.77585372724569],[114.69424792191559,45.77640773417278],[114.59924261829924,45.770047007338896],[114.45984928560077,45.746593382208744],[114.37524867425545,45.72319495818982],[114.30029493468034,45.69732112098414],[114.23230898256422,45.663296314709484],[114.1892668641007,45.637798184113414],[114.11154038699436,45.580323112118826],[114.05365694851484,45.51239950404565],[114.01837422931183,45.43734304105254],[114.01469189473721,45.42512490002109],[113.95270648250077,45.38380319409165],[113.86065952035,45.3342627337004],[113.76759598115747,45.269179717697135],[113.73924793106563,45.2434560240977],[113.7341473142435,45.24190031942221],[113.68174861677703,45.22620999535267],[113.56325676730582,45.176386710151874],[113.48282662046698,45.13107634968655],[113.41304001469042,45.14199220816977],[113.32627885122953,45.1500390875295],[113.2478571432637,45.15243688735659],[113.16390551661087,45.161344078661436],[112.92091738990294,45.21327131292557],[112.90861977970881,45.22509844149784],[112.80899827762043,45.29678790579259],[112.72086200842183,45.344272306298826],[112.63613803021573,45.3811099414482],[112.54264801831881,45.40550571677262],[112.44402913935319,45.41650698987166],[112.32408236149693,45.421391647474294],[112.29535517685777,45.42197428827055],[112.19735702388381,45.42197098435992],[112.19462972571048,45.42260610723222],[112.11228670587467,45.43652109197286],[112.02770291615022,45.440585305244014],[111.94325497747573,45.43468334494045],[111.80790536020153,45.4170305838056],[111.71704055957848,45.39885614976049],[111.63246465641433,45.369179887373676],[111.55710478050881,45.32903035820211],[111.4099775755653,45.2341103694587],[111.33583004317687,45.17421934509468],[111.2664254657229,45.103626156373686],[111.24554591010346,45.080523769789636],[111.18570747205851,45.00828838876121],[111.14228424672909,44.94058097545668],[111.06950585537999,44.78603045434758],[111.05534349345885,44.74958645437276],[111.027674913402,44.660187708109255],[111.02677646770603,44.658082128717055],[110.98096009848905,44.60370390445722],[110.93574942686793,44.53407318421136],[110.91228487338657,44.45924321638023],[110.90400569464057,44.40729540982734],[110.90177898193815,44.343959315075786],[110.91510893549312,44.281379144577244],[110.94353540942126,44.221497882702735],[110.97115821352618,44.17666821211324],[111.03499957271191,44.10150852909783],[111.04169658386557,44.085841559353504],[111.07102268055904,44.032712890457],[111.11166984277145,43.98364226463094],[111.19488595496746,43.89913619537014],[111.229469449287,43.86782375919041],[111.29189391383542,43.81730862013424],[111.29069658588091,43.816424815416134],[111.24903281673652,43.80222299320266],[111.01430652561636,43.7285888578694],[110.93753878098723,43.71079774031047],[110.87594570634005,43.69313144430932],[110.79631976068389,43.6656629145326],[110.70202753037475,43.6230873584316],[110.62321472400443,43.56636677611033],[110.53386344779065,43.48558049184115],[110.46481367369185,43.42649691833249],[110.45417311350664,43.417059710112234],[110.36331662399508,43.3334760810159],[110.36224334860039,43.33248335929126],[110.32237575262715,43.29544491453166],[110.30757932172102,43.280950978780474],[110.23669110544462,43.20762583724903],[110.14391134448871,43.124324665808345],[110.08767489746808,43.07551522472899],[110.07759179626329,43.066329108388324],[110.07653249860827,43.06599417502733],[109.98446492863313,43.03323588855748],[109.86694334439552,42.99141115641416],[109.68933181494751,42.94294119713442],[109.66204359113074,42.93477361280793],[109.50062314339856,42.88209403847567],[109.45623217452888,42.865526076920304],[109.36804818986938,42.8282916838419],[109.28479825261928,42.79846345360258],[109.13943364252505,42.79997762564579],[109.09744667119652,42.7990582543451],[108.83935164010407,42.784927740030724],[108.70107792848347,42.7773259884116],[108.60872725737578,42.785962008972504],[108.57147241665672,42.78836570228925],[108.36803768683308,42.795545397010784],[108.21456242598455,42.805494436398476],[108.13370685258849,42.80572830468674],[108.05389122368156,42.796117349621866],[107.97649718619034,42.78183607426671],[107.75158354458088,42.763108133396315],[107.75107708601513,42.76306529690104],[107.69353790435088,42.75816254247153],[107.67689396948994,42.75652581722776],[107.21809499048264,42.70458251736129],[107.20454012767667,42.7028768258328],[107.02428688449508,42.678118108791274],[106.86137382317915,42.66696017352878],[106.81136582474127,42.66155598133099],[106.67461963790068,42.641294051822996],[106.57380000375558,42.61762767174946],[106.49931915528902,42.59324543857475],[106.40248699356826,42.56247941247631],[106.3572597349543,42.55065433075349],[106.31090911456634,42.53649309308456],[106.11589536023746,42.467762137853484],[105.67189482198665,42.32290412735297],[105.64134493580657,42.311892147705954],[105.33911945906168,42.19245569123297],[105.3321272043704,42.18962348074797],[105.28286839894548,42.16926136297199],[105.11119648658924,42.09822083363715],[105.0271814349224,42.074657195031264],[104.95084010726885,42.04727771049862],[104.92927218457578,42.03569468079428],[104.89922356894773,42.07760145755053],[104.83850591628092,42.13246391629269],[104.76436015166446,42.17734079174773],[104.67969095219716,42.2104601390597],[104.58783564471013,42.230511986795015],[104.49242874935801,42.236702255527945],[104.39725221114732,42.22878560000771],[104.20391572647924,42.19788460946671],[103.89598273547328,42.1487101955189],[103.7832893566946,42.13081320170006],[103.67830767500399,42.17273630997956],[103.47598867521059,42.253723985835165],[103.30038143319464,42.32342569341332],[103.18331124745643,42.356152721464795],[102.91661089469008,42.40231123468164],[102.68445682685507,42.44248090293319],[102.67687052342868,42.44373831237737],[102.302743416342,42.50280598643456],[102.26183012580728,42.51569087289949],[102.26057643419986,42.51672438840163],[102.11180699824813,42.673094707077404],[102.03212981499911,42.73800592998534],[101.978160951933,42.77237098354465],[101.91199435103468,42.807780200926466],[101.838679491807,42.83455081846911],[101.7574631943995,42.85814846218266],[101.69572554988567,42.872655881349296],[101.61150863504399,42.887964323219094],[101.49182317345699,42.89840571075473],[101.33146940572529,42.89763294984102],[101.14883280747047,42.90867178160367],[100.84659979729008,42.943132692824115],[100.59678435068817,42.97169181726075],[100.16595572533038,43.02535783180149],[100.12812569319051,43.02889575736874],[100.02501824215568,43.03551254885218],[99.93559166687939,43.03519538097163],[99.84779265923594,43.022940691190584],[99.62107257362796,42.97493225871013],[99.42814545354962,42.93419081879762],[99.00767776516716,42.972700496313244],[98.77966670234234,42.9949264422615],[98.31138240809935,43.04067680254087],[97.78403875305425,43.092161839796695],[97.27146283255755,43.145506262613495],[97.15191438325046,43.14692486858107],[96.77809177966257,43.11723373988224],[96.71706826058747,43.112439837103835],[96.70234785399528,43.132636901787585],[96.62697791598735,43.195241748649934],[96.52796337658481,43.260277076113866],[96.466599243664,43.31735181238262],[96.41004897159964,43.361635969520684],[96.33435033875097,43.41164820863807],[96.33252041451485,43.42339102325243],[96.30133556615112,43.51445392974519],[96.1511807009674,43.790193720156914],[96.05891686207693,43.9748282841025],[96.0459045613655,43.99818194243164],[96.02209635890662,44.0368979782852],[96.0157860750007,44.046747575779676],[95.97450916269365,44.10862419776364],[95.91774306533063,44.17437066413571],[95.860796638325,44.216503236145115],[95.8671541579027,44.24814614698958],[95.85912981522151,44.32568003021681],[95.82793730105931,44.400244134964275],[95.77496784549331,44.46832362714937],[95.75851159352149,44.48493133831757],[95.68957695758976,44.54106378477222],[95.60585642718404,44.585849396397656],[95.51097666042467,44.617336869090195],[95.40907235699545,44.634153099557395],[95.30459929465815,44.635565483851785],[95.10703135453262,44.62334448883176],[95.04306225028606,44.63858801942625],[94.96931936887106,44.66135352862256],[94.80313637729226,44.75436354997666],[94.72098714171956,44.791720266972426],[94.67098610149182,44.80987650908327],[94.5668213103859,44.889239435023875],[94.48414610255602,44.93988342858315],[94.38808616315052,44.976821851068145],[94.283142500109,44.99832073469624],[94.19797628230367,45.008863632922605],[94.16116069696012,45.04414012373431],[94.11038927184178,45.08569994689727],[94.011510147578,45.155018187117804],[93.93955426600098,45.19689922103864],[93.85798962386941,45.228842230876005],[93.71710013431547,45.27254620174578],[93.63502291778619,45.29226837306683],[93.41190173781166,45.331101007405245],[93.36133175085013,45.33796470511612],[92.98983492311086,45.3742174577753],[92.86997354355375,45.38874975395211],[92.78494088800659,45.39391483845581],[92.69999552635961,45.38901335777234],[92.52737131492451,45.3685459582667],[92.45253199246052,45.36753760254323],[92.2866309305496,45.38487175906096],[92.1853752330537,45.40839446517677],[92.10823028380288,45.421711827566014],[92.02916174848247,45.42645805394334],[91.85114570272806,45.427241062336485],[91.84612131322393,45.427242223179185],[91.74985693984789,45.42689417431304],[91.70656745249102,45.42902894526835],[91.68201830637878,45.43845319840473],[91.59222628747331,45.46546961769113],[91.4968448342803,45.480028165190674],[91.43526921574419,45.48102600978558],[91.39299647380881,45.5019459293012],[91.31600185124856,45.527921436019945],[91.22786000767819,45.551512340557345],[91.22141978471865,45.55275325437698],[91.22051965370174,45.55484365470619],[91.1928380876679,45.590406400816555],[91.19902845497089,45.61132436959705],[91.21116263219848,45.62840320039711],[91.23305790326452,45.64270992260839],[91.28039341480019,45.68462981889321],[91.30328029378624,45.70836680683462],[91.3627396912061,45.759937766668564],[91.40607832792507,45.803882548062994],[91.44835455914196,45.85447880686456],[91.48893666780255,45.91574825919354],[91.5121665948003,45.98134536130718],[91.51715529306865,46.04892836922276],[91.51278295648885,46.11816270013933],[91.49848729018656,46.18751033043142],[91.46491727448701,46.253732015060066],[91.4576564117339,46.26453734259295],[91.46725709770604,46.27958758930098],[91.53080168982824,46.42040730370339],[91.55117969588206,46.48795639074076],[91.55227125605748,46.557076658365766],[91.54761960506428,46.59417010709129],[91.52625717527867,46.66926670580793],[91.51817960722616,46.68216560403233],[91.51735055734927,46.689769060756134],[91.50602755904386,46.77778873005554],[91.47440664889993,46.87270354279705],[91.40015306499338,47.00725711043364],[91.39931365858313,47.008763466604584],[91.35918649582253,47.08017819267874],[91.30803478781581,47.148341165251956],[91.2367926327075,47.20770566718479],[91.14867774654624,47.25554786517526],[91.09793329436641,47.27752571672489],[91.01687576540698,47.38044596250135],[90.9972505905033,47.40532349894749],[90.99466214976573,47.43020403060143],[90.97479796907506,47.505320715791605],[90.93328425179482,47.601466292384956],[90.88545657699125,47.677877762007746],[90.852699746105,47.71689634771599],[90.8523277936696,47.718226276759886],[90.83006256658823,47.773304872716],[90.79505929624436,47.82540620143504],[90.77778760011013,47.84646918411414],[90.72016688949267,47.90317958633292],[90.64753481562407,47.95160383055826],[90.56254143152296,47.989955568873576],[90.53450844467217,47.99795759650768],[90.50305484557083,48.0396859620081],[90.47719466951027,48.0669788757205],[90.40857279433295,48.12516941656229],[90.32358099079714,48.17283205163642],[90.22584501078313,48.20791800864499],[90.11956515547982,48.22891785448223],[90.04988405343695,48.23758987930298],[89.95282003080355,48.2436332943882],[89.95110439120012,48.243531301107495],[89.8796992477029,48.28818329199891],[89.77999508797289,48.327961946165054],[89.69784025338728,48.35318016537449],[89.57647214569825,48.37937262592364],[89.44957411348229,48.38588168135037],[89.29928413996042,48.38160434303841],[89.23269581390116,48.375053514444325],[89.23217260647742,48.375367889274436],[89.13877884722012,48.41224103415643],[89.07369589970641,48.427360015742494],[89.04986954207018,48.470216465737685],[89.00058356269183,48.5374614965186],[88.93934375125625,48.602344061193236],[88.85872766852835,48.657335970863855],[88.7623911469247,48.69991356474535],[88.6975866137528,48.71690919154638],[88.68906621253792,48.72254379055492],[88.59698786041038,48.77152997649033],[88.58981166936567,48.77389664251206],[88.58882855202454,48.77969839889487],[88.55259940085064,48.85133115621472],[88.49432186748886,48.916583195483895],[88.46227478897687,48.945112271093855],[88.41561476617342,48.9781469172147],[88.41256694142152,49.039134954471216],[88.39221611982596,49.10142497002827],[88.36735324621048,49.141223977591416],[88.36490003847496,49.16434573738342],[88.35441547581631,49.21040700951295],[88.32946976150177,49.276257712675246],[88.285890953762,49.33803879955379],[88.22519757548622,49.39351275564552],[88.14954789994714,49.44066526057913],[88.06166566094569,49.47778078635889],[87.96474130387001,49.50350749221753],[87.86231240350831,49.51690859640653],[87.81020111385097,49.52042618080416],[87.70162089873205,49.52071295526379],[87.595467543154,49.50707814104399],[87.51434842332635,49.49101745254582],[87.43576618979417,49.47827436944892],[87.43451512529509,49.47807005637964],[87.37341268429368,49.468025466211074],[87.31262720936334,49.45349392602864],[87.24001598030571,49.461940053387465],[87.05733043283489,49.4659459618797],[86.94718295547797,49.461027750659795],[86.83593747678562,49.448553727128626],[86.81872635214359,49.446429520053854],[86.76635622799854,49.43938274976714],[86.64519710602201,49.41299990518269],[86.53746235063478,49.368883376741934],[86.45973675077713,49.327801459512735],[86.39502093925692,49.287156560506446],[86.33996128846277,49.24611785548193],[86.26605310649568,49.174626342983615],[86.22139729500424,49.09329777489407],[86.1975711409222,49.023750622287146],[86.18460209730935,48.94165385602845],[86.20096843236692,48.85949211824739],[86.20427435138133,48.850834631879394],[86.19801897514205,48.82403238742252],[86.19775998628751,48.82378854204935],[86.14368011056935,48.81116749838018],[86.0861944832715,48.79410563443167],[85.95987528262776,48.775459825485385],[85.7635728136561,48.761758337020666],[85.68399841365309,48.75210305921195],[85.60775953093295,48.73469473891006],[85.52693027712482,48.711537440137974],[85.42264493335627,48.67172581914828],[85.33506987639255,48.61744084709903],[85.26861199151325,48.55145418424049],[85.21192044558676,48.47802720016334],[85.19779578732992,48.45818183871747],[85.15766584547991,48.39677448352517],[85.14441838438292,48.37438558541833],[85.11962859720941,48.32777626772297],[85.10833596577395,48.30380613548356],[85.04567942589448,48.151479847258756],[85.03463051839587,48.11829634190995],[84.99961763783473,47.98199395131481],[84.99208242065616,47.926308022131884],[84.9977947445458,47.87038413350093],[85.03328610773478,47.70928495115782],[85.05754002617438,47.54909475674002],[85.05681816747024,47.504089087297665],[85.06560001531811,47.435537865355045],[85.08997109686221,47.3781668953442],[85.05660916695004,47.37294243862985],[84.96104304757753,47.34330869029363],[84.87658378687478,47.30132091388712],[84.8703557347717,47.29750371836903],[84.86541471038277,47.2992655563994],[84.77736221606571,47.31849223789583],[84.68587802675356,47.327110041875436],[84.61108557299711,47.329680040985316],[84.59514451189018,47.33006024738362],[84.57078609701209,47.33039022812331],[84.41153892513378,47.34704431847768],[84.32206983152905,47.351157931443716],[84.1975556355969,47.34967581648653],[84.07680034323363,47.338639785078534],[84.03074547952669,47.33065158313353],[83.95542487467488,47.34182149199605],[83.8813197431096,47.35627933389943],[83.84874266344669,47.36530939589042],[83.67710461173037,47.424218113094966],[83.65992214288205,47.42983932676539],[83.40815906447465,47.50811783122389],[83.35211895004178,47.52295655775237],[83.2487870454372,47.54585103450914],[83.14031496444146,47.561689852961145],[83.0296361200096,47.56210651207926],[82.9216563805447,47.547089440604985],[82.82115239237724,47.51730995538348],[82.76012646323542,47.49372860872044],[82.6831865033425,47.45730414620627],[82.61753671990647,47.41214050061038],[82.56528038210001,47.35970843596014],[82.52807030572711,47.30170951733292],[82.50705938670443,47.24001938636298],[82.49810404037517,47.195527231615394],[82.49564502920921,47.18105944567972],[82.48514685887945,47.105468036326776],[82.47331833891823,47.07752814597955],[82.30546136572059,46.743782982245214],[82.30014305444035,46.732540555081414],[82.20111205549546,46.50972404228885],[82.07453438069109,46.29610583426226],[82.04621162289234,46.22993774421402],[82.00851533619718,46.09269533712379],[81.94131566798534,45.93048147119815],[81.86999452172329,45.80583391449331],[81.85491360020868,45.77536842696256],[81.82263266104692,45.69867299873917],[81.82048444186937,45.690112242894315],[81.72314128604864,45.70218653400565],[81.61662807002395,45.69994239598832],[81.51342927424402,45.682512228903576],[81.41805896208136,45.650665979728785],[81.37518792154094,45.632255933198635],[81.15940130992479,45.579861005966016],[81.14900635430067,45.57723751990143],[80.86879386941693,45.50372132775541],[80.78935709508475,45.48677244740584],[80.7280870086475,45.487444665168184],[80.58193237286486,45.478280997410884],[80.50616859081386,45.46944263991272],[80.37994030138823,45.44772254059369],[80.29189457076374,45.42636138750845],[80.22549080983782,45.40525375687381],[80.08645044760863,45.37453681990656],[79.93591853007341,45.34991028053715],[79.82804801108311,45.32287998697584],[79.73213957109883,45.279675155934605],[79.62309488963334,45.217020924359176],[79.570442016202,45.18187647761348],[79.49227742016649,45.12133942386569],[79.43093893840467,45.06223469243896],[79.38878198073049,44.995452275217666],[79.36756563145201,44.9238908117439],[79.36812929102638,44.85064423038197],[79.37173423413013,44.827725954450074],[79.39049657057677,44.76361710241326],[79.42577488011656,44.70286038238277],[79.47632426264225,44.64752173171864],[79.54039439404647,44.59947873816918],[79.59712875823298,44.563983825509396],[79.67136874474492,44.52527978059221],[79.73615773596354,44.49742179216164],[79.83152663181116,44.46531891597472],[79.83650452233047,44.46446393466128],[79.83709142415448,44.400372963430264],[79.85517931451749,44.296448840539895],[79.86258807111997,44.22878336676745],[79.85980858336941,44.20436240919116],[79.85842445634074,44.18655430903978],[79.85532467995509,44.112569998385446],[79.86117811101212,44.04718453675488],[79.88398090319858,43.98355199634672],[79.92290306025352,43.923850497621515],[79.93072609429062,43.91426580202539],[79.94994113216231,43.863939651281434],[79.98513737159936,43.79815323306971],[80.03780758613242,43.73843566333706],[80.05129470714452,43.726027571636294],[80.1231015127975,43.57566301887956],[80.12379532503844,43.574215211983066],[80.1774031311153,43.462837387420784],[80.18697897648869,43.438598100353715],[80.17692909534229,43.410516109217845],[80.17327904007459,43.36165948795675],[80.16247847995201,43.3576950561812],[80.07596257451306,43.31706436173165],[80.0035438167352,43.264279511943414],[79.94841925454071,43.201706275646835],[79.9328367927623,43.178955369916224],[79.90086640439915,43.11874579088249],[79.88482938100401,43.055271094300416],[79.8819996534039,43.03209328862697],[79.87740836059184,43.028979337334455],[79.81976729913558,42.96897273653932],[79.77207580581747,42.90603749806503],[79.7451340253136,42.86402639136394],[79.70839577551463,42.794980215547746],[79.68672713050914,42.74204109430531],[79.67684734867562,42.68724484727058],[79.6740316298934,42.647271396771714],[79.67706596880217,42.586139511490195],[79.69522513572949,42.479107746159684],[79.6982854370148,42.46378751815612],[79.72558097670668,42.3450310587158],[79.72633951935494,42.34262064484987],[79.66417256444676,42.325294807039846],[79.5889811017696,42.29864150462689],[79.52139053693337,42.26293507991307],[79.46342291713586,42.21925536488797],[79.42700087682496,42.17993942804331],[79.32637964702938,42.149892571804756],[79.26381427197315,42.13314987793946],[79.21622858119493,42.13112668699239],[79.1262160242152,42.114278520835484],[79.04247788271617,42.08515206035595],[78.90766595720186,42.025820263059764],[78.51166382771393,41.87009823344634],[78.46781452542177,41.85044913278674],[78.28474363412889,41.757889037100604],[78.20177409521048,41.722989769189425],[78.14611717857645,41.69555408846345],[78.06558902072453,41.64944231274989],[78.00479109202449,41.6078016309098],[77.95488262037497,41.55904258145589],[77.91735170838986,41.50464852076575],[77.89330178034983,41.4462690380897],[77.88688984260209,41.4237735906527],[77.86754493574814,41.40580462364193],[77.83507180917755,41.40690443946607],[77.72488188337083,41.401224037566514],[77.61958091007702,41.37709817018783],[77.54878325674488,41.35392989341241],[77.53005566982009,41.34962808954654],[77.3277359727005,41.364088287654305],[77.2589238556428,41.36528594085763],[77.21530146875514,41.36372415379057],[77.0767246002781,41.38376145661134],[76.97044814106572,41.39016650906106],[76.86500077869009,41.379121948426175],[76.7857478959234,41.364008641060714],[76.70874631268346,41.34397366022853],[76.63763718609862,41.31457745041545],[76.5538232164201,41.27251865428221],[76.49307439309902,41.236233772951095],[76.44133520414158,41.193107756716934],[76.39998986519528,41.14431415357126],[76.31338454323948,41.020138411426075],[76.30740579051853,41.01524175157667],[76.259077996307,40.96816160703655],[76.22225312312125,40.91574155969013],[76.201197163535,40.878283247772515],[76.1709140772958,40.79901955720681],[76.1654027067605,40.773280965614454],[76.10515369391669,40.76291134955348],[76.02485764740987,40.735919995649],[76.02138989975865,40.73565838926372],[76.01049582790796,40.75704421936036],[75.96764287537182,40.81023988265274],[75.9127295099854,40.85705242674698],[75.88476117515651,40.87700267516182],[75.79982255871754,40.925156494992834],[75.70236865825446,40.958061391562076],[75.597392784181,40.97403514070355],[75.56244251446712,40.97637008822243],[75.47833050837068,40.97646667627647],[75.39557409485552,40.96563116029852],[75.31678884748092,40.944211330848816],[75.24445722087505,40.912888806851],[75.05627424433645,40.81358105165388],[75.05131855511222,40.81514511323932],[74.95445670829777,40.8370305213265],[74.8535187530854,40.843242982105124],[74.75315548732661,40.83350468975024],[74.65798534404682,40.80827296330983],[74.62742919941304,40.79731653946691],[74.53226322479625,40.75202088266267],[74.4545735396629,40.69134141858213],[74.43064322332707,40.667443066454524],[74.38203743542422,40.60688778482986],[74.36641633248338,40.57347404917633],[74.32225905217113,40.547959124378025],[74.29560594610227,40.531335288191336],[74.16369520102344,40.44250981718575],[74.12569954851824,40.43232608443733],[74.01343045249041,40.4195911063542],[73.94449365081145,40.40775076414972],[73.87959128643443,40.392694831419405],[73.80423750426681,40.36970706290626],[73.7354244435167,40.337438988624584],[73.70649828007825,40.321101834723265],[73.64182102646649,40.27686157030402],[73.58946305943674,40.22447068178886],[73.53694779573925,40.16001393469321],[73.50202458196257,40.10761758704959],[73.45054765925602,40.01055874128731],[73.43347086554878,39.98049293771229],[73.42338007965867,39.966592117858674],[73.38790822839954,39.90363127217046],[73.36961194133839,39.83674576266277],[73.36913945890977,39.768497387646],[73.37293424873658,39.73801927669768],[73.36076138009584,39.73282472074408],[73.28931380268988,39.68568199017843],[73.23223177878428,39.62869936774165],[73.19186165960146,39.56426607619342],[73.16983599729393,39.495073680641184],[73.16701338713602,39.42400209193765],[73.16924238863766,39.400914651932574],[73.16197471689067,39.343528849241444],[73.14936836827707,39.287167430896794],[73.14343252782672,39.21341733056981],[73.15826835116853,39.140414325169466],[73.19315182560958,39.07141887440159],[73.25945792744152,38.97281332685301]]]}},{"type":"Feature","properties":{"name":"Myanmar"},"geometry":{"type":"Polygon","coordinates":[[[91.896125292964,20.91201755634389],[91.9108715734905,20.851955701099072],[91.92387475577456,20.810543902457653],[91.93747596438166,20.77520960736549],[91.94417019151794,20.73594791647738],[91.96673853758436,20.659314870738523],[92.00673464689486,20.58917139117468],[92.06100072786734,20.51500328936869],[92.08849428874653,20.481743804415053],[92.2980332216944,20.256215610705638],[92.39682762303393,20.10671228650184],[92.4419839787941,20.05115388414162],[92.45797323625918,20.037863145253855],[92.47509716241652,20.00849354150982],[92.52450651696984,19.953517347644542],[92.53621694112843,19.9428557036201],[92.53762212424895,19.928412077683426],[92.56338588746856,19.85317540064749],[92.62610035934034,19.72152081441792],[92.66830956597242,19.653766671775596],[92.72510517977628,19.596233005523352],[92.77312369700135,19.557136434398966],[92.83582882454154,19.51561706126294],[92.90604828042174,19.48670563036936],[92.98096521195811,19.47156179878134],[93.0575775899415,19.470793362828417],[93.13259093078877,19.484391380437696],[93.128447386472,19.47508032310104],[93.11353954046312,19.404631639407857],[93.11379012098249,19.332795142789813],[93.12916941935805,19.262437790998998],[93.15904586510646,19.196363974424393],[93.20904293268006,19.110593372127614],[93.17116409779133,19.067171376123003],[93.13518850486365,19.002891931084314],[93.11365456475527,18.93308683046417],[93.10742543049199,18.860615400395222],[93.11673593773597,18.788442268134087],[93.14118624317105,18.719516057263185],[93.17976123443597,18.656649351562343],[93.26226237900678,18.548832003159262],[93.32412661542399,18.485524114157652],[93.4281659930429,18.40177369643361],[93.49048150519737,18.360959962752204],[93.56008440163302,18.33268837612997],[93.63420980302578,18.318081667397838],[93.70991619060717,18.317720178576685],[93.78420010230526,18.331619117148797],[93.85411312730562,18.35922782644677],[93.87088942630743,18.367803559819382],[93.90769587515156,18.391176148171436],[93.92860255067626,18.34276912288584],[94.06662402346119,18.088078838683966],[94.12137650910438,17.767299724706607],[94.13479949355859,17.71428469226569],[94.15647466704647,17.663812611784913],[94.20095788284631,17.579111600202992],[94.20817191863463,17.547059709429657],[94.19500984276769,17.403772005810627],[94.16451980517117,17.3417665660133],[94.15739624755909,17.331280563388717],[94.11847753390393,17.255937133739895],[94.09894051366464,17.174036159192056],[94.08712409730094,17.068857555464746],[94.0747637666196,17.048438439082624],[94.0480175788179,16.99428458839937],[94.0310477128337,16.936641760503587],[93.99516953788125,16.759112732366646],[93.95378766200211,16.708800619498387],[93.9188690496892,16.640463515188355],[93.89974700008271,16.56662712675148],[93.84349550471765,16.175876904801882],[93.8413356194819,16.09604845422555],[93.85112170636683,15.985921224241643],[93.86434653120948,15.91706710371608],[93.89118101133838,15.851991723048359],[93.93059676666016,15.793157103754165],[93.98109336354669,15.742787062470066],[94.0407560075368,15.70278399459147],[94.08058025646753,15.685962511774566],[94.09552399786139,15.656970233524792],[94.14161904879043,15.59999671213104],[94.19858600798673,15.55304531496214],[94.26412794742751,15.518003591418053],[94.33560777871115,15.496279645174598],[94.41015321901767,15.488746351382135],[94.4847705544917,15.49570678439585],[94.54042427636293,15.512147569273814],[94.58661556655855,15.485577422529287],[94.62757399159553,15.467347929361733],[94.69511675615894,15.444557253762072],[94.76592987157176,15.434605885909754],[94.83741944389459,15.437858663740615],[94.90696700801539,15.45419696329313],[94.91957952272206,15.459787754885477],[94.925388151763,15.458954381891004],[95.00139815858529,15.463105910160863],[95.07185272285341,15.473959351392997],[95.11099827829308,15.44672465631696],[95.15791861366549,15.41991489855761],[95.2205257064029,15.391331856769451],[95.28752605807503,15.374395337512086],[95.3285653277965,15.367863607525383],[95.4017442617888,15.363249429727665],[95.47445453769798,15.372521279794945],[95.54389709139724,15.39532272502516],[95.60739654495424,15.430776449990566],[95.77339372669502,15.5456740011792],[95.83901273125043,15.603588387294522],[95.96290107620459,15.742322340821048],[96.00584971205565,15.801434965955394],[96.03571023619105,15.867602280214076],[96.04042553588103,15.881794568594254],[96.13674054197311,15.914481406555272],[96.21275948080705,15.949975115898608],[96.27859073188009,16.00095898996675],[96.2902003212302,16.015148173377423],[96.44510120803606,16.081317367917553],[96.51536509113159,16.12055086056635],[96.55839436886448,16.15857562983134],[96.65930254726469,16.185834239637625],[96.77495761135873,16.235302493525296],[96.83984745158476,16.27084503640086],[96.89613012107051,16.31803147244937],[97.01167126752209,16.43621372349048],[97.0156990429121,16.42291769313943],[97.04142580374666,16.360432591740707],[97.07878843751021,16.303621308795076],[97.10796375291264,16.273549351890377],[97.12026565443354,16.206855997566592],[97.14941104971405,16.137469138086395],[97.19283678498891,16.075366559082177],[97.2131570092779,16.051972700191197],[97.21022863959219,16.0238864429254],[97.21543774704702,15.960048888526034],[97.23232337463119,15.898108206374962],[97.26034008313336,15.840024186497565],[97.29859242859231,15.787632746654287],[97.35519759321588,15.723115779038459],[97.39522911140311,15.448131473658542],[97.38094039679407,15.38942818877646],[97.37111280089839,15.312164825896987],[97.37873866929326,15.23466603335138],[97.40344061903889,15.160559468068847],[97.43043949022098,15.102106638985328],[97.4407677427107,14.845426174815398],[97.45070303759287,14.77564556806951],[97.47448617858132,14.709069923647656],[97.53148738834712,14.588950746518913],[97.55514293441962,14.549383245427663],[97.55816957322648,14.53716292154135],[97.61570780728907,14.373314010915399],[97.63283453530711,14.275551350813087],[97.64925917673052,14.214627595241131],[97.67636499259801,14.157408902618162],[97.71461723565997,14.092306161751598],[97.70659298088464,14.040677141480845],[97.70319490063804,13.96417124076347],[97.71653734905952,13.888691571534991],[97.73161462229446,13.837076823273755],[97.74174907554288,13.689474058850738],[97.75709373953032,13.60820548751188],[97.79106413773366,13.532473563306397],[97.83000043308878,13.467250821843095],[97.87077350718998,13.411771581189974],[97.92153707640715,13.364770174729404],[97.93096319991845,13.358879294241444],[97.92232387544604,13.345165841102965],[97.89686192043231,13.276602790168788],[97.88612604104802,13.204431581377326],[97.88246194968917,13.120241574537657],[97.88372956129682,13.07152466482685],[97.89237991818452,12.981155132740975],[97.90983733311643,12.900405868309196],[97.94565683312118,12.825648144760777],[97.96443525746804,12.795890662000414],[97.95345159554469,12.75155536247225],[97.87574043222675,12.735712510421118],[97.80203100678608,12.702960020011886],[97.73747576423219,12.655211696394604],[97.68590445213087,12.607441849074174],[97.64075046919478,12.55696330948215],[97.60599099127221,12.499147676631278],[97.58282981232283,12.43601211839739],[97.57206390963123,12.369757387001261],[97.57405696293465,12.30269067331336],[97.58872821799547,12.237145051413442],[97.61555686770255,12.175398350899764],[97.62866823719789,12.151638806515006],[97.6649800389184,12.097930986535081],[97.70490465558767,12.057099109172393],[97.69368743735669,12.04192285455555],[97.66356025267531,11.977350497230493],[97.64697631391569,11.908220666440924],[97.64457045900978,11.837232414817755],[97.65557611265892,11.672889422431686],[97.66625348936256,11.607167375650139],[97.6890618548,11.544491443109797],[97.72321222539442,11.487002953822406],[97.7675304305344,11.436664194683402],[97.83002889017294,11.377660272179352],[97.83758842929949,11.37177102833932],[97.85032597155134,11.332718427892692],[97.88135269931479,11.275567800356646],[97.91138992017899,11.238305286299502],[97.85706626843474,11.187837581393069],[97.79498634723726,11.11123607777859],[97.75547565997482,11.050953785320846],[97.72893125287176,10.984132974244607],[97.71640053388279,10.913439392956164],[97.71837027039346,10.841690434791081],[97.73474914542754,10.771742537222712],[97.76487342261119,10.70637749858696],[97.80753517590043,10.648192223705239],[97.86103168678247,10.599496203039838],[97.92323385316445,10.562220667523421],[97.94221222666289,10.555463134574431],[97.98305997226096,10.501596832418358],[98.03747103507335,10.45368263066198],[98.10042157888174,10.417384982677333],[98.14417019940026,10.402650858532708],[98.14552025903092,10.395212161465405],[98.11277850347197,10.38887348292076],[98.0418240498462,10.358705182292747],[97.97895235559054,10.314405291881096],[97.89845959607568,10.243755237817078],[97.8476944018932,10.188856623315713],[97.80947825763603,10.12479160436448],[97.7854398260432,10.054308703705095],[97.7634003900789,9.957490063813378],[97.75457984960566,9.884328612350167],[97.76101563418526,9.810909554720164],[97.78242464786956,9.740312967392821],[97.81789735776314,9.675497415048964],[97.86593776129043,9.619176489346923],[97.92452733310664,9.573706006147813],[97.99121009479414,9.540986415543058],[98.06319519499036,9.522384313437454],[98.07948209884457,9.519899364252055],[98.15442123049603,9.51622023880314],[98.22850683083136,9.527856273793121],[98.29858715027669,9.55431249775085],[98.3616790347184,9.594463870780555],[98.41218484512676,9.643764155378015],[98.43785540349805,9.657738682527393],[98.4727597833467,9.6870739743555],[98.4773830535585,9.685453284907037],[98.55098197000261,9.675495381004971],[98.6250633519885,9.680537184233042],[98.69654351332636,9.700368453089752],[98.76244599672624,9.734163818352126],[98.82002413956727,9.78051671076298],[98.86687455906194,9.83749717648599],[98.90206639985415,9.890569359208504],[98.9150731936344,9.898098319623438],[98.96584853189249,9.941707706726074],[99.0076262540382,9.993834132651019],[99.03897281953465,10.052696875000759],[99.05880880697534,10.116283644305017],[99.07056017583011,10.171747000419634],[99.09251370979938,10.23698657618992],[99.09882973642303,10.257838796726155],[99.12041735276772,10.337825527845037],[99.13212469340037,10.410166097916173],[99.13885521574426,10.527784624621349],[99.1407121115304,10.529401547063268],[99.27896773420501,10.660872734708304],[99.30012057568437,10.682733315161284],[99.46489383915514,10.867811890834286],[99.50561548063553,10.923417719815507],[99.67449051192503,11.207321713479725],[99.68589767665377,11.2279907077657],[99.75188508939067,11.357403830966058],[99.77403722183685,11.375843748372745],[99.8316464034409,11.432264408696899],[99.8836746634903,11.496433192054324],[99.92336713715713,11.558868979786395],[99.96091067692566,11.637892901600171],[99.97795672359425,11.723514249536255],[99.98025256092554,11.755049757801006],[99.97914572058704,11.818559858056211],[99.96666368188811,11.880914308359008],[99.87532718816621,12.189492095675703],[99.83986912378914,12.270469526234969],[99.80637022701077,12.326733726014064],[99.79165277463092,12.384480906065809],[99.77779880658605,12.458900878209228],[99.77083334959785,12.488948716600708],[99.76894484412523,12.495733962364694],[99.76900190300621,12.496120337721727],[99.77241241448122,12.563542668010548],[99.76287348968928,12.630425354908047],[99.74070979252976,12.694409540479437],[99.70669269404964,12.753236196353493],[99.67362608983156,12.799622174784943],[99.602478897032,12.87416317389849],[99.55330190671965,12.912867406719451],[99.54760322448092,12.91926370080343],[99.54189499551129,12.93688764296776],[99.54193565125463,12.960438173282373],[99.53448699860742,13.033001361349427],[99.51520819307144,13.093196557275427],[99.51973422398916,13.101892535890547],[99.53915826127,13.1688270811555],[99.54500093688637,13.238178142340036],[99.54097128989652,13.502028509850017],[99.53444282172346,13.564225777743868],[99.52098454635194,13.63275979830795],[99.50339954029447,13.763258987032938],[99.49197682311913,13.816434765346354],[99.4724434933623,13.867342432745753],[99.42200150290854,13.973476797767255],[99.40934477913585,13.997655555322911],[99.33790888325044,14.122180650739267],[99.30864214435701,14.16550107777662],[99.2276604600716,14.268305733672543],[99.18186970077933,14.316555617346127],[98.96943732270027,14.502715468559142],[98.96099852232774,14.509878349719349],[98.85218856353224,14.599389007091803],[98.8073097872072,14.667152806968987],[98.79844105146495,14.679928514114179],[98.70386622329154,14.809959337639455],[98.63605768204383,14.90332322603156],[98.58869630626475,14.968520890145934],[98.58190644396095,14.993652878055585],[98.58273777947888,14.993668889589264],[98.6563062975847,15.009785958981055],[98.7250065921765,15.039893395260341],[98.78602563460744,15.082759492718765],[98.805647480618,15.099726421999936],[98.857258624294,15.154593192382617],[98.89614123019531,15.218518632704232],[98.92063394707526,15.28879276324156],[98.92899699586086,15.324662666707347],[98.93731984472005,15.426753436790236],[98.92788089410244,15.568010035545973],[98.93144947882904,15.748880980312013],[98.93927825987302,15.8313176461797],[99.01030417340039,15.8722161246262],[99.06302611148305,15.908898496019143],[99.10835069036304,15.953815368838077],[99.15593233493202,16.009991895854405],[99.19131235036684,16.059729791489627],[99.2175671972912,16.114450973910206],[99.2406139819045,16.17543942994173],[99.2574881221597,16.236151807287733],[99.26310438962767,16.298765779102084],[99.26301737551094,16.352569577408623],[99.2553328627021,16.424469790361915],[99.23280892885846,16.49345273186623],[99.2139314239904,16.53576936181353],[99.18184128214538,16.592824241138683],[99.13957282794408,16.643431902356014],[99.088495062398,16.685942986902205],[99.05458522623893,16.70937208452261],[98.99467528007064,16.74314579683887],[98.92928124956809,16.7657491261721],[98.87535604281956,16.774122638682865],[98.85635043123658,16.804931759449353],[98.8504862787439,16.817234415399863],[98.84676172947842,16.909154161499895],[98.83944324765368,16.96717604029199],[98.82239169347275,17.023301757795725],[98.79020636440491,17.10402132040085],[98.75394032951058,17.172125097132493],[98.70341132243115,17.23136735657847],[98.53305583250281,17.392313139046365],[98.4657528553213,17.468222315634407],[98.3580224790434,17.59735184936612],[98.22445633135214,17.75743310401526],[98.21315955000533,17.770326072009436],[98.11253307595965,17.87976671566474],[98.11801229221791,17.93518623293201],[98.11162782535051,18.001438414413286],[98.09162792680488,18.103573232627554],[98.06173362333597,18.191396797380015],[98.00897676559693,18.29736005012582],[98.00790539206204,18.328598819727066],[98.0540186875581,18.378403270378193],[98.09111581354954,18.439037216757306],[98.1151318947696,18.505344081339267],[98.12330455869149,18.537943587150156],[98.13320626568041,18.604842429298298],[98.12973735291591,18.672317464870307],[98.09602455610765,18.894319493514576],[98.12519218839606,18.937711999713912],[98.16099509801863,19.00597062305164],[98.18081161170957,19.079825959095793],[98.18373255671905,19.15596960094888],[98.1761554121579,19.258192568161064],[98.18461575938397,19.32753755794775],[98.19082154491132,19.335795812184614],[98.21381665610623,19.331772355157394],[98.26828717098232,19.328364660946274],[98.303657553668,19.327695496390323],[98.38112287780898,19.3295995288459],[98.39683547481908,19.330288022619428],[98.48034200601231,19.335555206277565],[98.52550738382426,19.340958288171098],[98.56429296952486,19.34782960986615],[98.59621454282839,19.354830122471917],[98.8240798905718,19.414458542433014],[98.9085807281791,19.411264663212215],[98.9494084431659,19.414580327950116],[99.02470349507489,19.427952895830227],[99.09566703538597,19.455215058304567],[99.15945065866501,19.49527285090126],[99.2007324479821,19.52725103611674],[99.25764648482885,19.581831018303227],[99.30105592357265,19.646503223359353],[99.33053667706506,19.70288984483015],[99.33664744215268,19.72050752096679],[99.43154421959548,19.730255567954725],[99.49274434283863,19.744780201912054],[99.57176826989179,19.772527393764445],[99.6240293698575,19.797335284864488],[99.67407809110149,19.825779635041478],[99.71895093743734,19.86105528236232],[99.7533184636659,19.89254812267447],[99.80518712791721,19.951363472083372],[99.82110180079572,19.980119923392273],[99.83613588203151,19.982777516823],[99.88925197677908,19.998618366267078],[99.91970646680974,20.011113229351814],[99.93395898275418,20.003565228829657],[100.00264427655709,19.975107869984427],[100.07590847097555,19.95976482181113],[100.15095005478797,19.95812172277197],[100.2249012884221,19.97024041539687],[100.29493567802074,19.995656772921873],[100.3583739625516,20.03339825020331],[100.41278493731538,20.082020525951386],[100.45607756782076,20.139661936513463],[100.48658106760313,20.204113770430688],[100.503109927537,20.272903914286985],[100.50790398617349,20.309107650424373],[100.5453716733856,20.457683443928286],[100.56150894360192,20.459232089568538],[100.63312566725469,20.471323798578638],[100.70508036366456,20.49036441511717],[100.7717618224889,20.52206964343922],[100.8294981998704,20.55647962440678],[100.89202736420098,20.60289130781595],[100.94300739756682,20.66036242185139],[100.9802364876465,20.72642463525137],[101.00209680775782,20.79823790714992],[101.0076262545696,20.872711351139984],[100.99656315242152,20.946635372329023],[100.99432597728584,20.95506210042824],[101.01974265509563,21.006178007467433],[101.1042767350413,21.04686218894663],[101.15286304537423,21.07463126655255],[101.30552599378042,21.17689006817938],[101.36911626376194,21.230274687066867],[101.41856948297887,21.29537564417551],[101.47716118938357,21.39401304177284],[101.48553770654763,21.408085883268217],[101.51779298089478,21.479412599718795],[101.5329202691531,21.555487820212573],[101.5301941388739,21.632792704321687],[101.51626347004752,21.724199517555185],[101.51533766929963,21.77845242223935],[101.49828803242627,21.84953727424022],[101.46611115562716,21.915952223945762],[101.42011261138758,21.974961567036914],[101.40996321282688,21.985524687441565],[101.35409817846657,22.03324719475812],[101.28921268292095,22.069923306539433],[101.21780850420275,22.09413465780098],[101.17680378794017,22.103927153892386],[101.10208521931352,22.114696014501654],[101.0265115911383,22.111807292202997],[100.95297348542964,22.095370236410755],[100.89239657639769,22.07585236889809],[100.85348705438447,22.061068492443646],[100.66897203482269,21.97971416086328],[100.61011791598182,21.947526617672168],[100.55828767892866,21.90625261660317],[100.49090119592513,21.842138632471585],[100.42369666859635,21.85411250218747],[100.42109582665246,21.854279843831996],[100.41709781892474,21.861140295199036],[100.37105277634632,21.913498423419348],[100.33289380603657,21.94317066130948],[100.3343576966672,21.959757907393577],[100.33402872787694,22.021943123675978],[100.32214029845147,22.083135035910892],[100.29903424452601,22.14150114894348],[100.2653902891851,22.195291465751733],[100.23526345906558,22.235039991301395],[100.19102611616759,22.28358650213111],[100.13820862725146,22.324147224683845],[100.07846252220665,22.35544851012321],[100.01366100611929,22.376506506442773],[99.92117560883658,22.398244728593706],[99.89599811698317,22.403338193672393],[99.71894965859991,22.43340041492874],[99.72615703372361,22.477440070784276],[99.73186149554466,22.565895181003917],[99.73221478089096,22.60226645071976],[99.73048016268353,22.64072782159296],[99.73704429960199,22.65969186078918],[99.75402450840117,22.68089081793673],[99.76047473771062,22.685974876638227],[99.81722262391087,22.741258263446262],[99.8601443833462,22.806296357847465],[99.88730608756897,22.878186895220097],[99.89747052941973,22.953717888437804],[99.89015619589499,23.029510022268692],[99.88041280288171,23.074985677209597],[99.85557002079764,23.148364075451607],[99.81429979440388,23.215181132752132],[99.78163492416043,23.25688785852335],[99.72250952721357,23.316738522410738],[99.65025907223728,23.362890520970648],[99.6037044062741,23.385939864123745],[99.55602610548193,23.40586657523845],[99.47862688241814,23.43259218801523],[99.36754942220827,23.45469355868856],[99.26852032795702,23.46080651857083],[99.26336367089576,23.461658988310365],[99.25083866492815,23.503370808022268],[99.22724889386755,23.563181998770087],[99.21957737194656,23.578302972989363],[99.2230904338506,23.59500242874015],[99.22120391345118,23.671523840373023],[99.2016814786053,23.745927697221155],[99.1574200437071,23.859490088653132],[99.14809855378454,23.876675243477536],[99.16245766328097,23.893111874935236],[99.19640112251724,23.951093879784295],[99.21827112616396,24.013744032627663],[99.22732207107403,24.07897363454596],[99.22848483819078,24.109583635316593],[99.22415261096945,24.176688101315385],[99.20620968635937,24.241867782692417],[99.17526503612059,24.302841497845506],[99.13238641802523,24.357472409098524],[99.07906500202124,24.40384353574755],[99.01716431666844,24.440325845239208],[98.94885513653146,24.46563638842991],[98.87653857261819,24.478884274618082],[98.80276019600633,24.479602714371943],[98.77143551098807,24.4772212724489],[98.73482367677231,24.47468267903879],[98.65866874339443,24.46245655813625],[98.63125512295328,24.455467494850193],[98.60774278604403,24.461583535542797],[98.51095202451063,24.475202015617302],[98.37847355886493,24.478586961049942],[98.34441858446895,24.47810129742485],[98.18922433561637,24.46969081869421],[98.1162511764524,24.459381965598123],[98.05216449999268,24.44459902464678],[98.04556163022215,24.480318936618833],[98.0110434555453,24.55576780902208],[97.99242652922601,24.579366677563915],[98.00243089437882,24.586914767528746],[98.04796849524928,24.63612123738655],[98.08318909120719,24.69191013286366],[98.09731016019785,24.719761370317414],[98.12512063246717,24.795914536383645],[98.13370192232226,24.875765106960262],[98.12613409183932,24.92998754442017],[98.16080737534693,24.948235666394023],[98.20005115353304,24.971803098255624],[98.24873188551301,25.004940527816768],[98.3119459318149,25.058633006112096],[98.36529696507122,25.11498641790424],[98.42152044422055,25.19269142098373],[98.44517396120273,25.236897280897438],[98.48307961078056,25.251392160852756],[98.52021964144843,25.26927369008191],[98.59980927102094,25.319711328072405],[98.66359532941038,25.386090811089282],[98.7315854505466,25.477170506899014],[98.73410921227443,25.480997034791653],[98.81256145842424,25.509458083358375],[98.88382369198233,25.553322637626053],[98.94304112751247,25.609991722989932],[98.97393531126222,25.646799396502185],[99.01958656501996,25.716043070838836],[99.04708337154804,25.792693544113312],[99.05501808354057,25.8729169580124],[99.05362469215511,25.927115246146748],[99.04491825542983,25.993924513089716],[99.03777009290907,26.014418020591933],[99.0560065663572,26.054853251739157],[99.07571121482563,26.111505983453327],[99.08481564982137,26.170288063557656],[99.08305770286606,26.229601336073387],[99.07775964401976,26.27301652641111],[99.09717308483656,26.339990378752432],[99.10661513466061,26.383224458702205],[99.12945219480085,26.536870849624513],[99.13222440377358,26.56239485785402],[99.1401084815917,26.677115028107597],[99.14086214254017,26.70144896732372],[99.14026674554444,26.789040779228372],[99.13883771694712,26.817237096704766],[99.13045920713895,26.905617161786836],[99.11825919026774,27.069873767100272],[99.10691582581696,27.133967595883412],[99.08340075723292,27.217095620197487],[99.08558596063149,27.255679861681493],[99.0805064554958,27.43229091152992],[99.07627767004159,27.475778073847383],[99.05118081892877,27.626362956742483],[99.03419434231199,27.688883642369042],[99.00491331226979,27.747688560173742],[98.96426081449313,27.800889561743833],[98.91353003509656,27.846776185238433],[98.85434395624182,27.88387135196025],[98.80280775262977,27.91034442046718],[98.70733655320616,27.95928865626328],[98.64926202783737,27.983788219978162],[98.58751397130027,27.99981128058479],[98.54212341944434,28.008175404638262],[98.52872871609225,28.04532574187207],[98.52150413635917,28.098914794156887],[98.51690167075202,28.124911882513192],[98.49775199084718,28.21201213837257],[98.47015672719766,28.28939810406554],[98.42358267745232,28.35930290624635],[98.38633239335259,28.40297686635291],[98.31686901722138,28.463745423764166],[98.25829429510075,28.53187609601361],[98.22803844831886,28.563138210932394],[98.18156594116677,28.60589407983607],[98.10880392769566,28.658836884463692],[98.0241081425193,28.695564690000015],[98.00438197008617,28.701730049952232],[97.97939661941464,28.72712966437617],[97.94365256063237,28.757853347875237],[97.86993209023744,28.808054301499197],[97.78513024445499,28.84217664796184],[97.72530656252817,28.85926342837039],[97.63779397011241,28.875174204707818],[97.5484202820598,28.873922144593465],[97.48690658850727,28.86706943502044],[97.41392241530887,28.852848840261352],[97.34511829292036,28.827146484332776],[97.28281015675839,28.79082780544221],[97.22908979476182,28.74511495310255],[97.18575374010375,28.69154483430184],[97.15857930485805,28.650426200873458],[97.14384096345229,28.631820532688565],[97.12345838472444,28.603322662001723],[97.08440776559979,28.542544776646526],[97.02889723804925,28.46870220689343],[97.0079889664454,28.44616934853486],[96.96831778877159,28.394934547326876],[96.9392353119701,28.33843584625894],[96.92159474513377,28.278360603528085],[96.90959366509556,28.215587310334904],[96.90565957163531,28.188998337884076],[96.89837320810248,28.11974080147729],[96.89845213583982,28.11361158222909],[96.89685498312247,28.11236491840243],[96.79616655057747,28.04069031566519],[96.70941806531012,27.979013130068484],[96.68031198691395,27.956178205488257],[96.61721833225675,27.901631327904116],[96.55872197075601,27.837860859617813],[96.51812768027895,27.763955743792263],[96.49543374446021,27.70677608497111],[96.48744557320687,27.67681112250275],[96.20405846274818,27.632648798915366],[96.18360796235034,27.62895650787384],[96.09998153131954,27.611821309917786],[96.04624428657593,27.597222841386913],[95.91654739853396,27.552922884036764],[95.83318292109713,27.513908543363716],[95.76230573242786,27.458745382400437],[95.67182058554754,27.369574418374047],[95.64331590608255,27.338042939399127],[95.63028740054745,27.3218326914396],[95.6022132809286,27.30613936176937],[95.50317729173126,27.242624071344544],[95.48828496180502,27.23258724019336],[95.23538620373088,27.053318663396897],[95.13724465711147,27.001501294464124],[95.07403596877143,26.982662423299825],[94.9758067817109,26.939245107556367],[94.90296329489114,26.89500833036698],[94.84914619394664,26.855793280730413],[94.80372260310853,26.80885703309644],[94.76804497315935,26.75560723791403],[94.73082999356748,26.68721003280659],[94.70321753297527,26.63906056451532],[94.67318578134883,26.56982997502275],[94.659693917607,26.496522994564874],[94.65120872628357,26.369801810298608],[94.65275817987951,26.309965609295798],[94.67130674646815,26.153864219924802],[94.68256968315482,26.109711049876346],[94.66498910474101,26.086032194191848],[94.63664540943952,26.027436377352526],[94.62029814799085,25.96523224360411],[94.6090139009187,25.894759332617284],[94.55022194136109,25.822918217699833],[94.53010312355666,25.802066614293636],[94.47093159755813,25.77173315102772],[94.41197472390907,25.734747744789708],[94.3613844342376,25.68878611986019],[94.31650455552588,25.639831013136114],[94.2574545166444,25.552426858446328],[94.2146976028469,25.462156270146014],[94.1993618618898,25.423883523511144],[94.17407959036245,25.347466418126952],[94.15776843649158,25.25950152612575],[94.15648424603057,25.23176672004817],[94.15941914145519,25.1705135190349],[94.17377916609462,25.11058612225349],[94.19913279735025,25.053722971651577],[94.21265627092791,25.02953258416079],[94.25133004807583,24.97387142342575],[94.23373429039702,24.937258705631226],[94.16335518596911,24.836571693119357],[94.07391722102321,24.71828961237997],[94.04594059504518,24.675046507057306],[94.02420882697587,24.63531828683775],[93.94069397491297,24.483948089805498],[93.91737204836804,24.43175664658872],[93.87856877595226,24.320534568345078],[93.84388278661643,24.334717714871488],[93.7602543624089,24.359118088259635],[93.67279052251408,24.366008766837748],[93.62256163122409,24.364828965003934],[93.59128885852552,24.36020136472184],[93.57393000087389,24.373089077105618],[93.50853253987246,24.405258266058517],[93.43767420145224,24.425663968089914],[93.36388413528022,24.433578464993207],[93.28979833954213,24.42871997090149],[93.21806330624949,24.41126280249777],[93.18870707176997,24.401325329116045],[93.11582575361221,24.3684602835211],[93.05195994584255,24.322628295453047],[92.99983260527657,24.26579129429791],[92.96165597396214,24.200379183825557],[92.9428083876795,24.1580100248226],[92.92009481504877,24.08625179556538],[92.91413289337163,24.011729608452118],[92.925153046512,23.93766416123339],[92.99101808240285,23.69012860183997],[93.0111370977206,23.63449853365493],[93.01947644672099,23.61648839698066],[93.01671398731125,23.55001867817798],[93.0015465897817,23.373923009024008],[92.99949548129197,23.356789676108505],[92.97552500941642,23.347187676169412],[92.91632282173472,23.3104028234515],[92.86544427995118,23.264313662225817],[92.82458752500435,23.210467002879895],[92.79510963876025,23.15066788000208],[92.78200911474147,23.115927232981054],[92.76267714723585,23.03641672226345],[92.763243941497,22.964000800365202],[92.756205926621,22.94899444970363],[92.74872475266221,22.93183901756512],[92.71337847749403,22.844275336946588],[92.69202063787844,22.764040265222377],[92.69111361185192,22.681405006107834],[92.70081008262463,22.596475743123698],[92.7050792475297,22.56915514929581],[92.72069335597632,22.490601656366973],[92.70136127217373,22.491457533952257],[92.66925202876183,22.48998495456245],[92.58990659135688,22.478656571647306],[92.51481163844133,22.452489101913553],[92.44718316219151,22.412605308289166],[92.38991050750518,22.36071440047583],[92.34543180071724,22.2990374227756],[92.33121959958027,22.274061362412482],[92.31787578620846,22.24597747867796],[92.30363158927052,22.23542628430419],[92.25437075091537,22.181006860324715],[92.21767881066827,22.11866441862038],[92.19497602755584,22.050841497153094],[92.18713057634709,21.980191691244535],[92.1944275676036,21.909475342145473],[92.19538836421344,21.90494688192976],[92.19628249583282,21.778866393187933],[92.18254527293715,21.775566614207456],[92.11518525749354,21.75301464653497],[92.05349239230748,21.719307009339577],[91.99958543402145,21.675604680818267],[91.92812883981874,21.605767161717566],[91.88384542718198,21.55348662810723],[91.85073178441773,21.494498085909175],[91.8222547087268,21.429703439333583],[91.80251730621991,21.370706836140084],[91.793947833665,21.30942639845808],[91.79678617818169,21.247675645160818],[91.80940919191335,21.15684747126852],[91.81681500085493,21.119294444187386],[91.83976946500871,21.02980409000408],[91.8599954739954,20.972572225397236],[91.89016289573942,20.91928327880049],[91.896125292964,20.91201755634389]]]}},{"type":"Feature","properties":{"name":"Bhutan"},"geometry":{"type":"Polygon","coordinates":[[[88.46012084225703,26.899404855484732],[88.46151609628923,26.893036085570603],[88.48148729249752,26.8315395486998],[88.51333524141204,26.774170737244532],[88.55603814093601,26.722739695548547],[88.60823705948309,26.678866892406656],[88.66827966973318,26.64393303388343],[88.71841951534734,26.620117133168957],[88.8291293779635,26.55908652390184],[88.85823149338866,26.54447382175921],[88.9653257954269,26.49573381753741],[89.04896002881445,26.467567003272432],[89.13745967670852,26.45658513842194],[89.22648830443661,26.463326688694412],[89.29445493093705,26.47535422885995],[89.32433530049579,26.467710292231256],[89.36967262778397,26.430952156194877],[89.43610621009229,26.395058295865173],[89.50897362397782,26.371239124960727],[89.58557620166305,26.36037593956469],[89.64728176520784,26.357011415313178],[89.66229058267454,26.35350676305221],[89.74051048826598,26.34244748391665],[89.81963127365127,26.345320472520438],[89.99837787758808,26.367609936423385],[90.01874168684466,26.37061408590999],[90.19798817830427,26.40117996147588],[90.2664376056257,26.41853041968174],[90.3304247713981,26.44639525414455],[90.37720206843917,26.47689987839431],[90.44341586742601,26.45224749934887],[90.50369915536704,26.435940875354028],[90.5884005774694,26.421631417326108],[90.70736085203252,26.41311456964928],[90.76326184233393,26.41257325411616],[90.87900927337591,26.418609204710286],[90.89755460434047,26.419953958332716],[91.13471905631467,26.441892732416353],[91.2467708440703,26.4319859530166],[91.33392791752895,26.43272701170241],[91.41887328616626,26.45023323273748],[91.43323545808431,26.45633788765764],[91.50232372648048,26.447872956042293],[91.65584036869414,26.442573185385275],[91.7385969104316,26.44731540675295],[91.81852375983914,26.467123092711578],[91.88197351507182,26.48933941568433],[91.92492752212826,26.500137487919446],[91.92686180605558,26.500379754849995],[91.95029075274037,26.497863338087562],[92.02109406316866,26.49586115386427],[92.09119655885479,26.504978724946227],[92.15844048943158,26.52493517793888],[92.2096833409582,26.5447524420643],[92.28804514497598,26.58488288293546],[92.35448049501062,26.639604994596855],[92.40564409912353,26.706178577273565],[92.42946343303996,26.746106642977114],[92.45864018029621,26.808464836539596],[92.47425669500694,26.87459298945482],[92.47573877254717,26.94216135690974],[92.47068111960073,27.002523598193957],[92.45716979319657,27.07166938846873],[92.43691186299627,27.11845801586347],[92.46306939520018,27.166407892607367],[92.48311033935454,27.23442462464412],[92.4878997017655,27.304609166064733],[92.47722582651896,27.374281210603858],[92.45146850054374,27.440775013447936],[92.41319166220383,27.51494487371437],[92.39868607816845,27.54032316152166],[92.34477842196345,27.62595486071106],[92.29616310454264,27.68710843232681],[92.23426156855028,27.738011937106787],[92.16175214421428,27.776448705135635],[92.0817860990321,27.80074267782906],[92.0418231285897,27.808876321313655],[92.03865512237152,27.809200205241524],[92.04724468267312,27.89029590365036],[92.04723779659358,27.95747195859844],[92.03308108061361,28.023474056291025],[92.00524390209944,28.085996217409928],[91.9646777293666,28.142850143873172],[91.91278570400647,28.192042576801644],[91.87643986575219,28.220580259136508],[91.80507166955296,28.26544549781917],[91.72442471600013,28.295810387678195],[91.62181948158538,28.323330061859703],[91.56855368109387,28.34022419951071],[91.56025624520417,28.346020003222364],[91.48429152469907,28.38798142798399],[91.45042525871978,28.402380045849338],[91.37132433809582,28.427518451378255],[91.28802642476259,28.437845000000827],[91.2040882138274,28.432918423398252],[91.15676855468438,28.42576710750069],[91.07511329184469,28.405533945072495],[91.00861801818124,28.37485522358958],[90.82143060984407,28.41919515441935],[90.75272149566902,28.42997685160961],[90.69210379695443,28.434820591331494],[90.67368182228245,28.46160175356455],[90.61530831944957,28.516324781010134],[90.54523365687413,28.55918472881257],[90.46651770334196,28.588302695848817],[90.33870267901973,28.622199425119618],[90.3156478382978,28.62766097019119],[90.19897828529115,28.652056343186803],[90.13900452021467,28.66049569112851],[90.0151548736511,28.669655850395536],[89.95136202643258,28.669960377371222],[89.88829553913173,28.661548816776822],[89.80483450348255,28.644451240215638],[89.70586299412592,28.611806834149103],[89.62473487245522,28.573852393348762],[89.56197066004978,28.53757520985065],[89.512814492103,28.49601004888093],[89.47041100113037,28.48023613532135],[89.35433300357128,28.429203629957055],[89.30170834774214,28.4014953179206],[89.25441708661074,28.367159827427827],[89.19815871457361,28.319584943552332],[89.15163959399692,28.272725647191287],[89.07710085085678,28.182882715134465],[88.9651523199407,28.068988400421095],[88.95670765473554,28.060098065188814],[88.84462879128016,27.937970978026136],[88.78719237355709,27.853942116454846],[88.75621982951513,27.790255432822615],[88.74832497343074,27.782558196417487],[88.69763072946748,27.747454340035848],[88.64053634476335,27.69925724807367],[88.59508849697504,27.64218726660531],[88.56299009068655,27.578407586131238],[88.5417102924901,27.521863883710218],[88.51978427903884,27.50748223966936],[88.46794565628764,27.46695440504223],[88.42465470975662,27.419194107564604],[88.39116394257584,27.365596619402076],[88.36969738365605,27.323012679572905],[88.34515985220948,27.258517620307686],[88.33475427790832,27.191069081981105],[88.33882802479894,27.123086361285466],[88.35720920160261,27.057003482074936],[88.38921649027725,26.995182259543434],[88.41615470193145,26.95389383457761],[88.45773833967695,26.901492065223497],[88.46012084225703,26.899404855484732]]]}},{"type":"Feature","properties":{"name":"Bangladesh"},"geometry":{"type":"Polygon","coordinates":[[[87.9530753884519,26.432727080342705],[87.9267249349952,26.40815166188717],[87.84243222642908,26.31706610058605],[87.79611191821604,26.254685246970975],[87.76526335878901,26.185034733493904],[87.75207099601435,26.14284689818402],[87.73346218273652,26.10623677247103],[87.70277381640366,26.015915544957082],[87.69019876684422,25.94777234988125],[87.6849311427292,25.88015008492018],[87.69385894687322,25.812833010355074],[87.71664239389516,25.74821017449528],[87.73882707474162,25.70114690980679],[87.76926721392053,25.64889370252167],[87.80874580401124,25.601815779432414],[87.85619640682695,25.561173890840305],[87.89697970512252,25.531552432154836],[87.97365229554293,25.487762136287483],[88.05870140528029,25.460883033148047],[88.11852598694641,25.378188331713158],[88.1190049454483,25.377624280977187],[88.11283413826939,25.37001436098418],[88.0787527405818,25.301612833650225],[88.065338959238,25.264822787170505],[88.00982741314685,25.25125582552696],[87.94121040562752,25.220734458432286],[87.8803658794317,25.1788703809003],[87.82955019124569,25.12722270473241],[87.79063942118245,25.06771249902059],[87.6864168147653,24.865870596799727],[87.66327559612314,24.808829490564793],[87.6485699779594,24.76021264524844],[87.63983785032299,24.72417346456942],[87.63311400576711,24.687538304473794],[87.6278152287166,24.620902312891623],[87.63616676918839,24.554522558338167],[87.65785983804102,24.490687417302052],[87.69212863541908,24.431594311842847],[87.74790199279875,24.353786456695936],[87.791909724281,24.30297074257355],[87.8583237926063,24.238983116359854],[87.93113142489548,24.18381013519758],[88.01620278360411,24.14599853724525],[88.09550539794242,24.12091430795334],[88.15065313003133,24.10944572958565],[88.15772025141291,24.103299780982248],[88.23223899874941,24.062471987496494],[88.29112714700604,24.037776513140898],[88.25712562527244,23.95966227238454],[88.24907593167184,23.93940705538694],[88.1942951732882,23.787330422400363],[88.17636759614356,23.70900311823887],[88.17781162636224,23.62898691614494],[88.19852091013423,23.551242094991046],[88.22730653135453,23.479096818677426],[88.26512366038337,23.40897493610862],[88.28557549944999,23.379576228739587],[88.3072888256359,23.351421646701368],[88.31710841021089,23.339898591940223],[88.31295647664822,23.313169283803525],[88.31505117465866,23.25116702721116],[88.32870345538427,23.190417419283754],[88.3534926257393,23.1327242682182],[88.3739755828798,23.094929682580933],[88.4150780139477,23.03476400308448],[88.4640804551991,22.987189911788843],[88.46408305258565,22.98714209186061],[88.48077393263065,22.885528440173474],[88.49485536944336,22.829964908222934],[88.51792320578707,22.763275134545648],[88.5336262860739,22.66197258907262],[88.53114033898478,22.622288366490572],[88.53876870588985,22.56090235385673],[88.55765000221331,22.5016275716845],[88.60368817108208,22.39254397508694],[88.66504412470937,22.20939995701882],[88.66690116890507,22.18252418814351],[88.66360767275943,22.10833231065155],[88.66778269212597,22.038915995469452],[88.68627474461364,21.971542538411594],[88.69924270122222,21.938166015802796],[88.7076988834845,21.843446475836707],[88.72084559091918,21.775735303841863],[88.74761565416385,21.711587165019036],[88.7870146456234,21.653342551114505],[88.8602336410876,21.56500934876944],[88.89483375034791,21.52859849583177],[88.96201438286325,21.466800447321695],[89.02594630651083,21.4192645474772],[89.09916375010025,21.385299445295484],[89.14340721790089,21.369955117192738],[89.21255039999,21.352548659587352],[89.28395014406185,21.347305953481126],[89.35516810776785,21.354406235912613],[89.43008678869596,21.368479752628552],[89.5076125966843,21.391120594299238],[89.54333117979212,21.40991012612406],[89.60214372523248,21.409075792030166],[89.6797170710486,21.422900759382333],[89.75267781318884,21.451092580674022],[89.81799366570289,21.492481373476647],[89.87753144184398,21.539114927543825],[89.89553371209173,21.555868734086015],[89.92354212574745,21.5311913987199],[89.99324818574344,21.491690040426416],[90.0702832111935,21.466652434921944],[90.15123467608976,21.457186652018002],[90.23252045010436,21.463711497949337],[90.30412372862108,21.476616817160156],[90.37128332767249,21.494682539868954],[90.43387167159653,21.523686879987057],[90.48985154995079,21.562687480857246],[90.53739646719669,21.610416287060286],[90.59507650011452,21.679932967875747],[90.60480403322006,21.695403326367742],[90.61953111133245,21.694774914848463],[90.68618819037287,21.702727221770335],[90.85979230350863,21.737746324848505],[90.92948896704989,21.758309694314292],[90.93520159291201,21.76118399288918],[90.99213297514068,21.74878560854184],[91.06513639553643,21.745952445040068],[91.13741831803368,21.75587634975883],[91.2064240275604,21.77820650640822],[91.26971214053296,21.812153493208896],[91.37565177676899,21.882022130551803],[91.42865915843888,21.924064611754865],[91.45461786944882,21.953622804406177],[91.4541588650149,21.952006014065173],[91.4389282037834,21.87642778835534],[91.43272297006287,21.79424166159082],[91.44681486079558,21.71289675009543],[91.46483380123688,21.653366880592305],[91.4782707227417,21.62111263211243],[91.4811634330184,21.597670716489986],[91.47434181563266,21.565132195144873],[91.47567108265612,21.490096340222024],[91.49369194444193,21.41694563505275],[91.52759625073647,21.348858907576847],[91.57589114456093,21.288790375877046],[91.60529579974254,21.259204015077785],[91.6574320227903,21.21545132112037],[91.6623607971589,21.212626663624672],[91.67340730662798,21.130575062274225],[91.6954002318249,21.04793650035044],[91.73754913233019,20.97242310242621],[91.8617275404188,20.802256129980172],[91.90381266727161,20.723428962319975],[91.91842899890392,20.698539473045738],[91.9782388252262,20.60549657445203],[92.02088589706814,20.551293120129895],[92.07353384454588,20.505460894278727],[92.13433972102854,20.46959619030174],[92.20118142362153,20.444946919216235],[92.2717309610179,20.432370021818237],[92.34353419520684,20.432302320631845],[92.3598022230073,20.43371566851085],[92.43653782146261,20.447864135127993],[92.50863372101529,20.476272278426023],[92.57311102912517,20.517767389868],[92.62729965221313,20.570635679668737],[92.66894772063466,20.6326917980354],[92.6963151255946,20.70136777069703],[92.70824730773882,20.773817953165715],[92.70422601567913,20.847035929421303],[92.6922076668733,20.919666879893025],[92.69177637576988,20.921264204535714],[92.7666351447082,20.945862436127662],[92.8375441936895,20.986920375106795],[92.89735271089825,21.041260636383033],[92.92920872047381,21.077234981515144],[92.97300647336961,21.13849055745676],[93.00253642564735,21.206786236394095],[93.01654286281833,21.279265968564744],[93.01441549573069,21.35289429875774],[93.00818685709365,21.397436923366598],[92.9997589523068,21.43869417171978],[92.97715305145373,21.522329420900924],[92.9710950928695,21.619976667497763],[92.97056726066734,21.941175190015823],[92.96363416409885,22.00834923800658],[92.9562936328773,22.04384570189295],[92.94680842759753,22.093095194356458],[92.91990061017752,22.436671196585788],[92.91505716112553,22.472854143649148],[92.89553518022284,22.57553223153386],[92.87925251801909,22.72240424100389],[92.86562025245296,22.78666621158328],[92.83955764480699,22.847584218376113],[92.82373125854208,22.876513915594618],[92.79816563387752,22.942726717956166],[92.78582808776457,22.970843529295063],[92.74868636120783,23.046119032412825],[92.73592910558787,23.067424036954048],[92.73126454321627,23.100252988419005],[92.72533745669098,23.248178258210938],[92.72590815286966,23.321719813797262],[92.71502144876025,23.40850514600311],[92.67226939925773,23.571148348271407],[92.6309255003843,23.756201430544923],[92.6092129784727,23.821197126112704],[92.57449430925935,23.881289681966955],[92.52799649604374,23.934325252485348],[92.47137459061796,23.978400300761596],[92.40665341310438,24.011930945163122],[92.36373194098202,24.02519583028553],[92.36361465067799,24.02528040608001],[92.29291540861232,24.057811562947787],[92.2640266963847,24.064971779609508],[92.271985828584,24.068678348015105],[92.29285280578762,24.08046801357767],[92.3556611366045,24.124455319756535],[92.40761531620738,24.17899152363927],[92.42453526378712,24.2008308041909],[92.46722436472382,24.271587676267796],[92.49156063328952,24.34923642795026],[92.50075032675699,24.399243368723162],[92.5447326917042,24.503254560128557],[92.59467855533957,24.51717043903734],[92.66124186037284,24.54927452025349],[92.69303249508228,24.568322740268663],[92.74876218830536,24.60866326478032],[92.79567039393801,24.65741787694547],[92.83223428433799,24.71301449826047],[92.85725974135576,24.77365844903001],[92.86780516865542,24.80844407798314],[92.88133069468468,24.88265454118985],[92.87755108340616,24.957790243012425],[92.8566010566892,25.03056416920716],[92.83961752295698,25.071423513751462],[92.81006865952882,25.127307054449197],[92.77033198232745,25.177757167632357],[92.72158096500971,25.221268888074516],[92.62660203198013,25.29242202426382],[92.58503319560425,25.319634561363273],[92.41604436647336,25.41567118932291],[92.35837943870155,25.442713780274598],[92.20306229091128,25.5014197538791],[92.1215038612496,25.523279308442664],[92.0366439155585,25.528968130517004],[91.74957932469805,25.520119705572867],[91.7353410509443,25.519436548414],[91.49032766247623,25.50350132334323],[91.47609820508308,25.505125052400086],[91.40105087024835,25.52423902335064],[91.2868436149679,25.53764674078658],[91.0312168480607,25.533735117606994],[91.01793119195264,25.533320139910156],[90.73513945824232,25.51995019157643],[90.64387709945075,25.52637486785657],[90.60463653441907,25.527370522894504],[90.54665496021306,25.52624476472735],[90.52181689842475,25.52505520073866],[90.45416296209808,25.51987976931523],[90.33861737411145,25.536531414374846],[90.24485420653784,25.561635237040925],[90.22166979555622,25.569326634438646],[90.22236057897555,25.588821937538196],[90.20246853262466,25.816906700294997],[90.21438967624717,25.868162979397304],[90.22288072247922,25.941909450482918],[90.21438297725182,26.015656129530193],[90.18922737285423,26.08626756315786],[90.07670353424818,26.316372484550197],[90.0201007349134,26.399194976428507],[89.98117107462171,26.44185175900633],[89.92107464013071,26.49505679302577],[89.84982941294696,26.535796287673083],[89.7706023530067,26.562254286105613],[89.68692489458684,26.573250552298685],[89.63491350395057,26.575110894538536],[89.55273550195389,26.57046383291256],[89.47336392428787,26.550892573939432],[89.42923364544973,26.530604420567883],[89.38152156736093,26.600405575132346],[89.31286340959822,26.661228963582328],[89.26466991880129,26.694655617453794],[89.20154345258476,26.73053153408066],[89.13205057386851,26.755321923188404],[89.09670179310194,26.76462381285974],[89.02528191649583,26.777262503056804],[88.95248141361354,26.778176364804192],[88.88070098329821,26.767335559377063],[88.84917074624686,26.759891288504768],[88.82585007918041,26.752319827168964],[88.7962435593986,26.777666311279567],[88.72559843841513,26.825943994212096],[88.62532725591187,26.87983645086555],[88.56100748163475,26.907744563770176],[88.49215563192892,26.925047072863325],[88.42095560619315,26.931195308892203],[88.34966770566294,26.925994515470634],[88.30128580554381,26.918548200364928],[88.21983200918186,26.89792300916728],[88.14505593295152,26.862535919545813],[88.08027454855349,26.813960491691958],[88.02835060892409,26.75435408374604],[87.99156556682391,26.68636012416666],[87.96770969989727,26.62697862375353],[87.94890466059117,26.561083269476043],[87.9443173780433,26.49319177433552],[87.9530753884519,26.432727080342705]]]}},{"type":"Feature","properties":{"name":"Afghanistan"},"geometry":{"type":"Polygon","coordinates":[[[60.22797426636355,33.367063889100244],[60.20901999619805,33.34455681510352],[60.16518734557136,33.278710091097345],[60.13882257171661,33.20668804717182],[60.1310437096947,33.13166835501952],[60.13279949555169,33.05263838742671],[60.140744870689886,32.99017525496759],[60.15568370398985,32.9263233315135],[60.164529263183695,32.89567267569756],[60.23333105702369,32.69545277169692],[60.23351368838272,32.69492131844786],[60.30023312557173,32.50079549073908],[60.300461206156065,32.50013243691673],[60.40298813471414,32.20189679428803],[60.40298500942909,32.20174386045462],[60.3719395702892,32.047677882523296],[60.36596113841272,31.992671365625952],[60.36403782928973,31.882775510198368],[60.36626298529887,31.84027271737828],[60.37835435989085,31.74149263482295],[60.373300835709934,31.711256317632753],[60.37401718308279,31.6061623737854],[60.40384538765992,31.440867037521247],[60.425541606745035,31.36980411676807],[60.46370409052359,31.304003820019286],[60.51671240771264,31.246204580349293],[60.58234038481016,31.19880751874942],[60.65785040509622,31.16377891495715],[60.69114463833947,31.15190471387137],[60.79284531497807,31.12785593616626],[61.04850019485002,31.09581282416887],[61.0495547949105,31.09568064527827],[61.28439313988953,31.066268738809434],[61.28557036951253,31.06612155981654],[61.387837341119294,31.05341715551117],[61.393736096384494,31.032511574106184],[61.39301434218426,30.98984618135703],[61.23767303534197,30.82828499152018],[61.01104221637864,30.592969335142815],[60.78466031184943,30.35795530382465],[60.52469525609992,30.08799453859777],[60.47937243689593,30.030107159291013],[60.447882372628584,29.965749637612866],[60.43139063529858,29.897365386298535],[60.430488960356655,29.827544815075505],[60.44517770019886,29.75892672828992],[60.47487086331695,29.69409878461066],[60.51842279315011,29.635500733982628],[60.57417482007285,29.585333918102386],[60.64001965422159,29.545480189081538],[60.71348086549648,29.51743299146917],[61.09328794160096,29.408505422855878],[61.096682048406606,29.407539575312537],[61.39277850295891,29.32406832511961],[61.394301049924465,29.323639670077945],[61.87223062767596,29.188822438007286],[61.874014458866945,29.18831885090613],[62.24526742380821,29.08363130558641],[62.296157933012104,29.072262829330032],[62.398916444685995,29.055273369129747],[62.51636042762775,29.05071751791681],[63.546121449125145,29.135437944855795],[63.86404656262849,29.08185465417774],[63.96479486554163,29.051769623232516],[64.04858822636629,29.034993130455245],[64.13455524169129,29.033784743767605],[64.21897277452852,29.04819777398675],[64.29818214486417,29.077609074729665],[64.36874299365756,29.120744993128504],[64.42279989829228,29.171271143316964],[64.43469576822194,29.17716051879543],[64.49627169752736,29.195186173833832],[64.56115957076773,29.20545458205525],[64.70069736620867,29.207446538709227],[64.7919742731906,29.205249681662785],[64.86018367590643,29.196768286909716],[64.9367271419185,29.193502068032316],[65.11264100365166,29.200154510314384],[65.19346904914302,29.210203537877923],[65.27814636172936,29.228294657912556],[65.29622095177332,29.232529957297498],[65.58581465497042,29.3061663880432],[65.58695225579048,29.30645564414943],[65.78153861559542,29.356018319314668],[65.78575608771507,29.357109906410134],[66.08022011291798,29.434398941403533],[66.0814439962191,29.434720259022146],[66.29618236319745,29.49119283397696],[66.3997431714961,29.532553946219476],[66.45384370536954,29.562581588138382],[66.54017210239915,29.626410107168724],[66.59587494521534,29.680567064547215],[66.66122181974939,29.765846830044932],[66.68783532103575,29.81430200973684],[66.71402233381481,29.875784814426655],[66.72694564468202,29.94036611901509],[66.72614995949456,30.005905855335758],[66.7116337771433,30.070227641150176],[66.6876418203954,30.122882006174542],[66.6922694127013,30.136134532999296],[66.71644251674127,30.263744917167003],[66.72186475158955,30.328238779291492],[66.71817578818067,30.510095163694643],[66.71566820573585,30.543654793423535],[66.71082147881432,30.581080042087155],[66.73769355607386,30.667180445703767],[66.76461282434829,30.679577369456],[66.85335853640774,30.73427498744196],[66.88235386183486,30.75759624600801],[66.90158045449499,30.774087236497405],[66.93001007733956,30.80009052156165],[66.98062195234637,30.856653193529137],[67.01007076141792,30.89730652549809],[67.04549590409358,30.88828551038258],[67.2162459732258,30.863283805633916],[67.33693064550995,30.86062341897019],[67.5018295707236,30.877352860475586],[67.5917882738594,30.89517589271091],[67.73488192533267,30.93808075052094],[67.82105224874236,30.973731794172153],[67.86448808176648,30.997246778906415],[67.91759101082471,31.018747012839523],[67.99134365321176,31.056935148689025],[68.05450921045731,31.10719546664956],[68.10442807920838,31.167427221974002],[68.13898233984679,31.235108401889526],[68.15668715356787,31.307399187257023],[68.15671164769459,31.333038340035646],[68.2194938007309,31.362298999012452],[68.29543416102081,31.407759624845195],[68.39058310900629,31.39758907868134],[68.47950869177423,31.396516901228505],[68.54600813810458,31.34852844404041],[68.62635404766644,31.312259679436032],[68.71388694877339,31.291504976630005],[68.80018263305931,31.279348591319163],[68.87302866624538,31.274534471188506],[68.94575251923041,31.280523288458507],[69.01618632028068,31.297136378334237],[69.12034498586566,31.33016840844067],[69.17683297994279,31.352208387964403],[69.22894034610194,31.381085496934503],[69.33845612103836,31.45195321206541],[69.39897550078327,31.499637882031546],[69.50284962496842,31.598979359103282],[69.51769513319682,31.613954220424574],[69.6102018044712,31.712434099033775],[69.65284653692066,31.767377379641598],[69.68304249499829,31.82800635017118],[69.69975694827468,31.89229876895869],[69.70240231908456,31.95810580939631],[69.68112130378024,32.27081173668234],[69.6809209487444,32.273564547510844],[69.67499986270799,32.3500767537929],[69.71439392655817,32.39087910388741],[69.75273856141368,32.4509082351255],[69.79896906766332,32.54314014344669],[69.82436957305471,32.61253154809902],[69.83052865521864,32.665788418465674],[69.8508307574075,32.70028997985237],[69.86785038704147,32.74686112581537],[69.96150355132184,32.7545098404802],[70.05451331842303,32.770953931484364],[70.14096203537929,32.80419898403794],[70.31068258372008,32.88949677262133],[70.32055382699326,32.89459874650401],[70.49108366357402,32.98520396830792],[70.55614497246776,33.027493176665715],[70.61043411646283,33.07939971147821],[70.65194703970938,33.13902664503048],[70.67913697021251,33.20419100239877],[70.70254298723846,33.284135112642645],[70.71454594424283,33.35493818902217],[70.70954228823139,33.42632784208861],[70.68768853645608,33.495479793022646],[70.64981207882076,33.55965157466049],[70.62527879644658,33.59246257151055],[70.65759782182849,33.59268979252671],[70.7324184599647,33.59862970463184],[70.9260699850704,33.6281116109346],[71.01038803522013,33.64838594429854],[71.21283315380138,33.7159560592504],[71.28512196293336,33.746808622892225],[71.34925355183772,33.78832008002745],[71.40297411675508,33.83903939913709],[71.44438414132605,33.897191201393326],[71.48437679521602,33.96761609249517],[71.51616906841934,34.04558093501918],[71.52576673933498,34.12749072894254],[71.52419215161424,34.200174897117485],[71.5272783528816,34.258250104148516],[71.52746549441201,34.26228347337094],[71.53128160899662,34.358452375832464],[71.52544566402375,34.430031682403595],[71.50305193812214,34.49746749463188],[71.54319406917621,34.53226870734136],[71.59453567427656,34.58618068424426],[71.62373113481624,34.623662637087975],[71.71077251962696,34.675026325871826],[71.77696904937972,34.72299726543116],[71.83018481950283,34.78087810627568],[71.89242558176404,34.86486459713533],[71.91383097569249,34.89763713618093],[71.92245562184752,34.905174475008224],[71.96447500881237,34.94799971997315],[71.99808393941979,34.99555799466547],[72.01704760901413,35.02781876827547],[72.04843571100047,35.09991133687501],[72.06049885652784,35.175796174228786],[72.05263831945665,35.25204212074831],[72.02671247027634,35.32105273140196],[72.03456845923097,35.34358034936429],[72.04189217693543,35.41121992851646],[72.03347517180295,35.47876893316794],[72.02294019824105,35.52199644682966],[72.00967854491452,35.598191690486715],[71.99062395346063,35.66319131517643],[71.95704488451955,35.724189779497536],[71.92593154933616,35.760552559912576],[71.91420985802927,35.799932849021616],[71.89817974142063,35.842162262012906],[71.84266309280882,35.96147677693768],[71.82152088956273,35.99986018668115],[71.79171345667008,36.04638725745674],[71.78942891599982,36.04932278392731],[71.81280320785932,36.070483002110294],[71.8162740510234,36.07401950768629],[71.82373874746169,36.0747186764259],[71.91286812567714,36.09064095545369],[71.9961727849766,36.12085634258392],[72.07018367271613,36.16410811995123],[72.12765561051435,36.214929982935786],[72.1519317330803,36.22676526414496],[72.17878002112163,36.24093089850994],[72.35333081113558,36.34013722245599],[72.40903750891941,36.37747303574161],[72.4255263853552,36.39276749024039],[72.44761249176351,36.396327399121894],[72.55138237924908,36.41967466116603],[72.61484334673477,36.43815250527442],[72.70193493443932,36.469596493208904],[72.71410254428248,36.473268066810434],[72.78653582152681,36.475995343481685],[72.8068853260587,36.477128069397516],[73.0333923146535,36.493684387152186],[73.06947729000964,36.49747657025794],[73.16709461296132,36.510942097478356],[73.42843444747177,36.52262143279605],[73.70362994040318,36.52793500117255],[73.75629387500949,36.514434231742655],[73.83624334649431,36.489093442648354],[73.93690973844173,36.46758461323446],[74.04105078306256,36.465290925894585],[74.07789471098647,36.467920968475205],[74.1723636516804,36.48296902770523],[74.26072156811641,36.51383763182794],[74.39941615740918,36.577110262741115],[74.61391863177579,36.65586721575994],[74.72030157852973,36.69295158863618],[74.79555060082026,36.72628433866541],[74.86157448664844,36.770444201858346],[74.91595922403414,36.82382620581045],[74.95077396333578,36.875668748718795],[74.96250002720627,36.877182308696675],[75.04564009646907,36.8945144736046],[75.12321740238038,36.92409992206158],[75.19242895680645,36.9648706658434],[75.2507633673681,37.0153540114696],[75.2960903359477,37.07372413051536],[75.32673848504015,37.13786630960714],[75.3415586917974,37.20545187143698],[75.33997032251152,37.274021357199906],[75.32198809806415,37.34107320171363],[75.28822781312888,37.404154834102755],[75.23988979625227,37.460952922364356],[75.21261694541056,37.48255455616939],[75.18243205038372,37.51221544114705],[75.13365005681975,37.55306131140448],[75.03370970539645,37.62440020724107],[74.98213135026911,37.65612040037759],[74.9108022139536,37.69372042424244],[74.84156153718548,37.723627510177266],[74.7667449638021,37.74355614385287],[74.68863829966233,37.752895465073124],[74.60963261139078,37.75135832014167],[74.54963336755436,37.746012353075734],[74.48195540821752,37.76235425350785],[74.4062634012519,37.77513495626114],[74.32888630913781,37.77753693443458],[74.23911004400028,37.774216527978005],[74.15806369551844,37.765346473086275],[74.0803473555855,37.745105131231874],[74.00850603697108,37.714154859601834],[73.99351377324287,37.704583623032896],[73.97637124472998,37.71579867275564],[73.90358910746141,37.747746774508904],[73.8245779284838,37.76860039248525],[73.78665281623786,37.775613241126386],[73.77379866471911,37.77968432090096],[73.72101778246788,37.79348684130095],[73.59716566471891,37.819252202185275],[73.51307943187717,37.83014914992404],[73.42786196962301,37.828414387576686],[73.32896547927737,37.81896131856212],[73.21706103155572,37.79652319148088],[73.04462762732369,37.74255275786681],[72.9896504726472,37.72181075553991],[72.67309461391515,37.58030717090378],[72.60040248711758,37.53968643553482],[72.46177285760717,37.44453884556101],[72.40606162203606,37.39873586387392],[72.36495898412332,37.35000794466897],[72.27275286662157,37.33568775304274],[72.15678432227591,37.30411788425943],[71.95085086846657,37.221427002062114],[71.89772130461058,37.194317024763755],[71.90309814783558,37.22842397249266],[71.92895038958484,37.392611089491034],[71.95397796232939,37.55106096238507],[71.98626989477127,37.69847025552466],[72.00325827971191,37.7321806043216],[72.02585102409259,37.791214302165],[72.0353821187126,37.852416436899325],[72.03751239730697,37.89825248918297],[72.03110069906884,37.97293395626565],[72.00518215425043,38.04492402804863],[71.96083064798236,38.11109046224817],[71.89993525701873,38.16854651617675],[71.86965991361278,38.19167021158063],[71.79895717601914,38.23581241036428],[71.78028658692773,38.243314292807895],[71.75181339690452,38.3150750479784],[71.675591761996,38.45203651733224],[71.6353687254886,38.50926587555675],[71.58250135897705,38.55981169903476],[71.51872838593343,38.60198859475002],[71.3146263861309,38.71331023815377],[71.24943003644694,38.7428555340221],[71.17887259589023,38.76365294784013],[71.0048973157077,38.80236417514083],[70.91916774840784,38.81465395484972],[70.83197653288335,38.814075687378406],[70.74648610268044,38.800649598940204],[70.60290695726661,38.766670755888356],[70.50635843935834,38.73390602686849],[70.42193590734247,38.68484156186591],[70.30175315877585,38.596407780994724],[70.25170385132397,38.55295089571346],[70.2113635309277,38.50371455701551],[70.12606821111986,38.37786955633973],[70.05737233711126,38.29797941775039],[70.00482399022098,38.252242153532634],[69.96627544117372,38.229629802758566],[69.9363760966014,38.21047977596671],[69.91223310719866,38.19362495595038],[69.85552311858582,38.14608841321603],[69.81070765070443,38.09126892886402],[69.77924245686238,38.03097981479005],[69.76420596650922,37.99254607279232],[69.7577283668008,37.96602151108542],[69.58009843778332,37.95188320079124],[69.46206166083708,37.9295250025565],[69.32786419403661,37.88838763083654],[69.2297672913819,37.8466426004942],[69.14755153388703,37.78727469001653],[69.07565245279795,37.7207195731241],[69.0388533404424,37.67987163941077],[69.01355452855377,37.684493373702786],[68.93932631026938,37.6929897351684],[68.86433715197035,37.69165303298368],[68.7906600971626,37.68052002173556],[68.76398666168367,37.6746349543968],[68.69153650436395,37.653201565098065],[68.66155432020709,37.64192586965425],[68.6057298947644,37.61571934185821],[68.57025291445252,37.609408288247344],[68.49420784783229,37.59013595107068],[68.42364766810664,37.56055489457531],[68.36077609128581,37.52159173889142],[68.34560317615059,37.50816649491898],[68.23279165533371,37.47564350150768],[68.12658697104781,37.43149441401969],[68.10700878918982,37.42049363805482],[68.0721368794032,37.45457531138194],[68.0001613554541,37.50103430629159],[67.94711264756283,37.52857988385445],[67.86109599004834,37.56341040645493],[67.7676757236976,37.58293023217119],[67.72835107741027,37.58428842794035],[67.64507843136302,37.61174918608474],[67.54975388829862,37.62545069397997],[67.45292933124577,37.62272899203694],[67.37699991871213,37.61404758381015],[67.35660187035508,37.61037298971015],[67.31838186505173,37.6350264707824],[67.23960966635893,37.667997511155384],[67.15417864793524,37.68809236611127],[66.91198960168292,37.72472685494934],[66.78582883373493,37.72947683510301],[66.50485052454552,37.70852611965608],[66.45726509244479,37.71768301697044],[66.27690723741755,37.752462891952355],[66.12473858380615,37.82087531344041],[65.98923905090084,37.881911874775014],[65.9083257373707,37.91042134454258],[65.82192129036875,37.92596978733352],[65.73333623237839,37.92796172839403],[65.64596795831686,37.91632127660792],[65.56316504697921,37.89149508113115],[65.54190749888295,37.88315924393431],[65.44629097711139,37.8327839257304],[65.38540219124683,37.79094002593666],[65.30140821049983,37.714024531378165],[65.25976587281446,37.66258035242211],[65.22620230194111,37.612848870791815],[65.22215646651962,37.60360005297757],[65.06529944987034,37.59707534956157],[64.99126157395894,37.58904027050172],[64.91993079549239,37.57143698372008],[64.7813536655978,37.5268582381636],[64.72710596837567,37.505908897907],[64.59149506134227,37.44418545585597],[64.52700511639821,37.408487073533095],[64.47133736406768,37.36443106903229],[64.42617084167043,37.31335951978415],[64.39285653694778,37.256825226099494],[64.35931917894679,37.183913767016854],[64.34459366755391,37.14524520887413],[64.31811470361032,37.0582743647315],[64.2432002094924,36.851127485631714],[64.17248658954088,36.65543318679428],[64.16606602346846,36.6354940255836],[64.14383286671028,36.55716556836772],[64.09366656084954,36.51947288240883],[63.978233326348246,36.46808590533668],[63.896140828672806,36.43578006185378],[63.805562516369,36.38831247708636],[63.77691806905908,36.36356917178202],[63.721919340358035,36.35360958004686],[63.55538196392421,36.30887592897244],[63.53950837932438,36.30432774898874],[63.37130174044063,36.253071489076035],[63.232987567329864,36.21791892615376],[63.17848000653783,36.21791954150895],[63.111987478886434,36.21386548916337],[63.04701376934588,36.20182319178864],[62.997901891199696,36.18951044072039],[62.925126805263346,36.1653447154443],[62.85882356243189,36.13118388281297],[62.80107477964364,36.08810660636055],[62.75368466692016,36.03747076245445],[62.732381997358026,36.009918242916626],[62.69685070921091,35.953321929518886],[62.67422922473738,35.89254034675326],[62.665195778439845,35.82947673686826],[62.6700005261888,35.766101237566964],[62.68326975468214,35.721756041693645],[62.67447325155504,35.70418112514923],[62.663769692084514,35.67412543363625],[62.63052656018466,35.657895640492356],[62.601933048112606,35.64267111288429],[62.5367585864469,35.60491729062017],[62.47474029343339,35.61061742029474],[62.43715273911321,35.60885450961352],[62.38393473339826,35.64759671975386],[62.353789674678595,35.66764712190109],[62.24784043620676,35.73188111675857],[62.1817173585009,35.76498541631834],[62.10944443156284,35.78818175729054],[62.033266141337165,35.8007494239468],[61.98726355589799,35.80496031881965],[61.91725279734294,35.80682567137676],[61.84777048025874,35.79969826718692],[61.7685945748595,35.78630908009926],[61.75591168349408,35.78504982065826],[61.749242926594604,35.7899043475013],[61.73303800278223,35.80738265778698],[61.701790752420166,35.841978821931946],[61.64891899730348,35.89056666231992],[61.586079258902664,35.93066397261239],[61.515320071977655,35.96095638601091],[61.43895818676457,35.98045010240404],[61.35950073396566,35.98850555571272],[61.279560062107905,35.98485908961362],[61.19649215382752,35.97489083708937],[61.10728019298449,35.95631161676803],[61.02480670953048,35.92320051029847],[60.952647709131405,35.87699916890076],[60.89391555857894,35.819715081636545],[60.851123624618964,35.75383165605964],[60.82608043174184,35.682197971977025],[60.81981744591188,35.60790354754444],[60.82415570872165,35.58279745754436],[60.806915471773394,35.53908046187937],[60.76273267054183,35.504073137581855],[60.71364246111136,35.44577264792739],[60.679607786740355,35.380765652596764],[60.66191505233373,35.311581854142275],[60.66120869998454,35.24090664536004],[60.66818079160698,35.17810255418621],[60.685589157995764,35.10635492052645],[60.65882747199968,35.04735699627132],[60.63436267803813,34.96363076747586],[60.634399667457274,34.95848367536179],[60.62826810859115,34.95173189017574],[60.5953660638352,34.91194200034982],[60.57062868007316,34.87581981510145],[60.49672616491515,34.84356278856535],[60.42972978388987,34.79836625461602],[60.37499403667926,34.743207302591074],[60.33465539721057,34.68026728267608],[60.321584877477015,34.65376371869018],[60.29495982088949,34.57478087646801],[60.29216873534696,34.51923108674061],[60.28220158548611,34.509232770700486],[60.20996904633516,34.421481143923],[60.189715924416845,34.39431398056195],[60.105665209739975,34.26921706936336],[60.06953950121039,34.19829697685307],[60.05258673220309,34.12265206443566],[60.05553434781566,34.045761632452674],[60.08626266131651,33.86353985451155],[60.06717613351765,33.802143193388446],[60.05469480772353,33.73933246429414],[60.05577859473399,33.67568335780655],[60.07036358547435,33.613195330205194],[60.095579323136455,33.540296311403004],[60.12276740397645,33.481540006262804],[60.16182553874109,33.427632079054725],[60.21154025874881,33.380219798117906],[60.22797426636355,33.367063889100244]]]}}]}