storm_id,datetime_utc,latitude,longitude,RI_24h,max_wind_kt,central_pressure_hpa,pressure_drop_hpa,wind_6h_change,wind_minus_6h_kt,delta_v_minus_6h_kt,wind_minus_12h_kt,delta_v_minus_12h_kt,wind_minus_24h_kt,delta_v_minus_24h_kt,has_imd,has_era5,image_file,satellite_datetime,delta_minutes,nan_fraction,has_satellite,d_850,d_700,d_500,d_200,r_850,r_700,r_500,r_200,t_850,t_700,t_500,t_200,u_850,u_700,u_500,u_200,v_850,v_700,v_500,v_200,shear_850_200,rh_mean_850_500,wind_mag_850,wind_mag_700,wind_mag_500,wind_mag_200,divergence_contrast_200_850,u_shear_850_200,v_shear_850_200,shear_direction_deg,r_850_minus_500,r_850_minus_700,r_700_minus_500,t_850_minus_500,t_850_minus_700,t_700_minus_500,divergence_contrast_500_850,divergence_contrast_200_500
1982-001,1982-05-01 03:00:00,14.0,82.5,0,25.0,,3.0,,,,,,,,1,1,,,,,0,-4.079192876815796e-07,3.267708234488964e-05,-2.3545930162072185e-05,-4.298216663300991e-05,80.23178100585938,65.47821044921875,84.29828643798828,95.72061157226562,292.08056640625,282.64013671875,268.0029296875,221.17965698242188,-0.333221435546875,-0.4869842529296875,3.0794525146484375,-4.2765655517578125,2.7560577392578125,0.7940216064453125,-3.0366973876953125,8.92413330078125,7.320868729291496,76.66942596435547,2.7761287411124873,0.931463350918049,4.324876739793877,9.89591673815996,-4.257424734532833e-05,-3.9433441162109375,6.1680755615234375,122.59139718817305,-4.066505432128906,14.753570556640625,-18.82007598876953,24.07763671875,9.4404296875,14.63720703125,-2.3138010874390605e-05,-1.9436236470937725e-05
1982-001,1982-05-01 06:00:00,14.5,82.5,0,30.0,,5.0,,,,,,,,1,1,,,,,0,-1.2726522982120514e-05,-4.414236173033714e-05,-4.970794543623924e-05,0.000131654785946,93.11914825439452,72.02861785888672,99.79866027832033,101.8681411743164,291.05322265625,281.836181640625,267.923828125,222.09841918945312,-1.7347259521484375,-2.45147705078125,2.816192626953125,-3.11700439453125,2.6067047119140625,-0.5574188232421875,-4.79071044921875,7.907318115234375,5.477882450704396,88.31547546386719,3.1311632956733955,2.5140516054790605,5.557143827575355,8.499493877345923,0.0001443813089281205,-1.3822784423828125,5.3006134033203125,104.61591206348663,-6.67951202392581,21.0905303955078,-27.770042419433608,23.12939453125,9.217041015625,13.912353515625,-3.698142245411873e-05,0.00018136273138223924
1982-001,1982-05-01 12:00:00,15.0,82.0,0,35.0,,6.0,5.0,30.0,5.0,,,,,1,1,,,,,0,4.061800427734852e-05,-2.742139622569084e-05,-2.6960624381899834e-05,-5.394080653786659e-05,59.16245651245117,68.24456024169922,61.85527038574219,96.69718933105467,291.9345703125,281.96728515625,268.983154296875,221.3970642089844,-4.161773681640625,-6.0980072021484375,7.409637451171875,-0.4888458251953125,-1.9887542724609375,-9.247528076171877,-12.7369384765625,8.18402099609375,10.815533075312093,63.08742904663086,4.612537667426489,11.077114577228194,14.735410714111334,8.198607802872035,-9.455881081521511e-05,3.6729278564453125,10.172775268554688,70.14764727237433,-2.6928138732910156,-9.082103729248047,6.389289855957031,22.951416015625,9.96728515625,12.984130859375,-6.757862865924835e-05,-2.698018215596676e-05
1982-001,1982-05-01 18:00:00,15.5,82.5,0,40.0,,8.0,5.0,35.0,5.0,30.0,10.0,,,1,1,,,,,0,-3.664079122245312e-05,1.5249243006110191e-05,-1.0901130735874176e-05,3.4370459616184235e-05,87.16783142089844,77.47611999511719,95.30085754394533,100.19093322753906,290.325927734375,281.999267578125,269.200927734375,220.1305389404297,-1.1069793701171875,-3.7791748046875,-2.2429046630859375,2.3260345458984375,-3.6121826171875,-3.239044189453125,-7.1400909423828125,5.99468994140625,10.201842230921754,86.64826965332031,3.7779976953111793,4.977305442266413,7.484084445888469,6.430143404490309,7.101125083863735e-05,3.433013916015625,9.60687255859375,70.33566134091461,-8.13302612304689,9.69171142578125,-17.82473754882814,21.125,8.32666015625,12.79833984375,2.573966048657894e-05,4.527159035205841e-05
1982-001,1982-05-02 00:00:00,16.0,83.0,0,45.0,,10.0,5.0,40.0,5.0,35.0,10.0,,,1,1,,,,,0,-6.458722054958344e-07,-1.3408716768026352e-06,8.838251233100891e-06,-2.2742198780179024e-05,95.53154754638672,72.4581069946289,94.42683410644533,98.59774017333984,290.303466796875,283.066162109375,268.662841796875,220.5193634033203,-2.1562957763671875,-3.857742309570313,-1.9841461181640625,-4.0646209716796875,-6.7904052734375,-6.913818359375,-9.1451416015625,8.522323608398438,15.43118177132513,87.47216288248698,7.12455017897318,7.917263418219688,9.357908459204687,9.44198831442211,-2.209632657468319e-05,-1.9083251953125,15.312728881835938,97.10377290160811,1.104713439941392,23.073440551757812,-21.96872711181642,21.640625,7.2373046875,14.4033203125,9.484123438596725e-06,-3.1580450013279915e-05
1982-001,1982-05-02 03:00:00,16.5,83.5,0,45.0,,10.042650267804008,,,,,,25.0,20.0,1,1,,,,,0,-4.584435373544693e-07,-1.3947486877441406e-05,3.42449638992548e-05,-1.355423592031002e-05,98.01263427734376,72.35313415527344,101.57540893554688,100.04773712158205,290.793212890625,282.04833984375,268.550048828125,220.9181365966797,-8.296600341796875,-5.810577392578125,-3.0429840087890625,0.042999267578125,-4.8137969970703125,-6.5412139892578125,-6.218475341796875,9.489501953125,16.556970813024524,90.64705912272136,9.591987216448278,8.749302262946578,6.9230908743336395,9.489599372754123,-1.3095792382955551e-05,8.339599609375,14.303298950195312,59.755493771560076,-3.562774658203111,25.659500122070327,-29.222274780273438,22.2431640625,8.744873046875,13.498291015625,3.470340743660927e-05,-4.779919981956482e-05
1982-001,1982-05-02 06:00:00,16.5,84.0,1,50.0,,12.398333663955563,5.0,45.0,5.0,40.0,10.0,30.0,20.0,1,1,,,,,0,-5.737505853176117e-05,3.98287083953619e-05,3.47865279763937e-05,1.6373349353671074e-05,91.76284790039062,88.68711853027344,98.84358215332033,100.40544891357422,290.778564453125,281.84375,269.489013671875,221.7527008056641,-8.812179565429688,-8.974899291992188,-2.241546630859375,3.5504608154296875,-2.8579559326171875,-1.2008819580078125,3.678619384765625,10.740570068359377,18.37810617516643,93.0978495279948,9.264039119420769,9.054884581178854,4.307757174712897,11.31218888611921,7.374840788543224e-05,12.362640380859375,13.598526000976564,47.725517401525465,-7.080734252929702,3.0757293701171875,-10.15646362304689,21.28955078125,8.934814453125,12.354736328125,9.216158650815487e-05,-1.8413178622722626e-05
1982-001,1982-05-02 12:00:00,16.5,84.5,1,55.0,,15.001983733386234,5.0,50.0,5.0,45.0,10.0,35.0,20.0,1,1,,,,,0,1.7714686691761017e-05,-9.857816621661186e-06,-2.0893290638923645e-05,4.107644781470299e-05,91.42972564697266,80.01236724853516,96.71243286132812,99.9157485961914,290.872314453125,282.796142578125,269.905029296875,221.78160095214844,-4.189239501953125,-1.4886322021484375,-2.503631591796875,2.788330078125,-2.6368865966796875,-4.8173828125,-2.2199554443359375,4.6754150390625,10.107236638018795,89.38484191894531,4.950040255237673,5.042142698837838,3.3460982236449848,5.443738642887658,2.336176112294197e-05,6.977569580078125,7.3123016357421875,46.34187545200629,-5.282707214355469,11.4173583984375,-16.70006561279297,20.96728515625,8.076171875,12.89111328125,-3.860797733068466e-05,6.196973845362663e-05
1982-001,1982-05-02 18:00:00,17.0,85.0,1,55.0,,15.001983733386234,0.0,55.0,0.0,50.0,5.0,40.0,15.0,1,1,,,,,0,2.704188227653503e-05,-9.24128107726574e-06,1.5674158930778503e-05,5.822419188916683e-05,90.87566375732422,75.70916748046875,92.61236572265624,100.14015197753906,291.14599609375,283.211669921875,270.679443359375,220.3463134765625,-2.332855224609375,-2.70025634765625,1.8385009765625,-0.4304656982421875,-1.1156768798828125,-3.936935424804687,-8.864349365234375,0.6191864013671875,2.574652697872295,86.39906565348308,2.585913455491561,4.773975794046293,9.052998150323036,0.7541170446297987,3.11823096126318e-05,1.9023895263671875,1.73486328125,42.36290861707466,-1.736701965332017,15.166496276855469,-16.903198242187486,20.466552734375,7.934326171875,12.5322265625,-1.1367723345756527e-05,4.255003295838833e-05
1982-001,1982-05-03 00:00:00,17.0,86.0,1,60.0,,17.853600476096013,5.0,55.0,5.0,55.0,5.0,45.0,15.0,1,1,,,,,0,-2.9993709176778793e-05,-1.3672281056642532e-05,6.0369959101080894e-05,5.910987965762615e-05,94.64198303222656,80.75293731689453,78.0448989868164,81.83343505859375,290.66796875,282.468017578125,269.58349609375,221.4330291748047,5.805084228515625,5.75640869140625,10.99169921875,-2.435546875,0.3318939208984375,-2.723602294921875,-10.945709228515623,1.1831512451171875,8.284481879771674,84.47993977864583,5.814564168954556,6.3682219247919685,15.512124362274866,2.7077177565515607,8.910358883440495e-05,-8.240631103515625,0.85125732421875,174.10226373887036,16.597084045410156,13.889045715332031,2.708038330078125,21.08447265625,8.199951171875,12.884521484375,9.036366827785969e-05,-1.2600794434547424e-06
1982-001,1982-05-03 03:00:00,17.0,86.5,1,65.0,,20.953183892084905,,,,,,45.0,20.0,1,1,,,,,0,7.835682481527328e-06,-2.787122502923012e-05,4.469137638807297e-05,-4.6065542846918106e-05,90.15679931640624,83.09747314453125,98.8143539428711,100.97119903564452,291.141845703125,282.1611328125,269.637451171875,222.3491668701172,9.983505249023438,7.681259155273437,7.293121337890625,-0.610687255859375,-0.6753997802734375,1.1685791015625,-0.0796356201171875,7.898895263671875,13.62921312222904,90.68954213460286,10.006325095681827,7.769640875039245,7.293556106672998,7.922467122741945,-5.3901225328445435e-05,-10.594192504882812,8.574295043945312,141.01539720366418,-8.657554626464858,7.059326171874986,-15.716880798339844,21.50439453125,8.980712890625,12.523681640625,3.685569390654564e-05,-9.075691923499107e-05
1982-001,1982-05-03 06:00:00,17.5,87.5,1,80.0,,31.73973417972625,20.0,60.0,20.0,55.0,25.0,50.0,30.0,1,1,,,,,0,-4.72476240247488e-05,-6.972160190343857e-05,0.000105861807242,-0.0001329602673649,91.27848815917967,76.47249603271484,98.72761535644533,99.6243667602539,291.2958984375,282.144775390625,269.52197265625,223.0235595703125,-3.13970947265625,-2.54205322265625,0.5718841552734375,1.3055877685546875,11.423202514648438,14.620346069335938,13.049331665039062,4.4652862548828125,8.256710376453109,88.82619984944661,11.846827898781926,14.839695204887594,13.061857003934929,4.652240402155179,-8.57126433401512e-05,4.4452972412109375,-6.957916259765625,-57.4261659382826,-7.449127197265653,14.80599212646483,-22.255119323730483,21.77392578125,9.151123046875,12.622802734375,0.0001531094312667488,-0.0002388220746069
1982-001,1982-05-03 12:00:00,17.5,88.5,0,90.0,,40.17060107121603,10.0,80.0,10.0,60.0,30.0,55.0,35.0,1,1,,,,,0,-3.9383070543408394e-05,9.418698027729988e-06,5.790474824607372e-05,3.216089680790901e-06,96.45448303222656,82.45269012451172,99.84850311279295,97.815185546875,291.00830078125,282.673095703125,270.22802734375,223.0983734130859,1.99951171875,2.847564697265625,3.160919189453125,7.0344696044921875,9.931137084960938,7.9692840576171875,7.255966186523437,4.1710357666015625,7.650461953958261,92.91855875651042,10.130425998629327,8.462748554465325,7.914572346136238,8.178098922292024,4.2599160224199295e-05,5.0349578857421875,-5.760101318359375,-48.84299282532578,-3.394020080566392,14.001792907714844,-17.395812988281236,20.7802734375,8.335205078125,12.445068359375,9.728781878948212e-05,-5.468865856528282e-05
1982-001,1982-05-03 18:00:00,17.5,90.0,0,105.0,,54.67665145804404,15.0,90.0,15.0,80.0,25.0,55.0,50.0,1,1,,,,,0,-6.157741881906986e-05,-2.774433232843876e-05,7.441523484885693e-05,-2.7746427804231644e-05,95.43910217285156,90.1483917236328,99.57740020751952,102.5755844116211,291.414306640625,282.603515625,270.931640625,222.7580718994141,12.140350341796877,8.96368408203125,10.5277099609375,5.287109375,13.394821166992188,13.73876953125,12.320877075195312,3.4228057861328125,12.099917458606026,95.05496470133464,18.07786880462599,16.4043110356779,16.20606950878886,6.298343035497285,3.383099101483822e-05,-6.853240966796877,-9.972015380859375,-124.49869142765935,-4.1382980346679545,5.290710449218764,-9.429008483886719,20.482666015625,8.810791015625,11.671875,0.0001359926536679268,-0.00010216166265308857
1982-001,1982-05-04 03:00:00,17.5,91.5,0,115.0,,65.58718508232494,,,,,,65.0,50.0,1,1,,,,,0,4.428671672940254e-05,1.5110941603779793e-05,-5.483720451593399e-05,-1.633819192647934e-05,81.88601684570312,75.18169403076172,70.99200439453125,76.43721771240234,292.510009765625,283.31640625,271.420654296875,223.18641662597656,10.884246826171877,14.472625732421877,15.89166259765625,2.468017578125,-13.574600219726562,-15.550399780273438,-17.10076904296875,-1.83770751953125,14.442560888276624,76.01990509033203,17.399327576042502,21.243159579429047,23.344833303724936,3.0770569857049592,-6.062490865588188e-05,-8.416229248046877,11.736892700195312,125.64335128464256,10.894012451171875,6.704322814941406,4.189689636230469,21.08935546875,9.193603515625,11.895751953125,-9.912392124533653e-05,3.849901258945465e-05
1982-002,1982-05-31 12:00:00,14.5,91.5,0,25.0,990.0,3.0995834159888913,,,,,,,,1,1,,,,,0,-3.680796362459659e-05,2.968357875943184e-06,3.72687354683876e-05,6.383843719959259e-05,86.45198822021484,94.8618621826172,81.879638671875,102.3247299194336,292.3349609375,284.203369140625,271.5947265625,223.99412536621097,10.9942626953125,1.9657135009765625,3.2247161865234375,-4.08392333984375,-5.656829833984375,-2.4730072021484375,6.08746337890625,1.9816436767578125,16.90260251218998,87.73116302490234,12.364203815215753,3.1590812255780283,6.888831894679312,4.5393106863658,0.00010064640082418919,-15.07818603515625,7.6384735107421875,153.13363628970376,4.572349548339844,-8.409873962402358,12.982223510742202,20.740234375,8.131591796875,12.608642578125,7.407669909298419e-05,2.6569701731204993e-05
1982-002,1982-05-31 18:00:00,19.0,91.3,0,30.0,988.0,4.463400119024003,5.0,25.0,5.0,,,,,1,1,,,,,0,1.7020152881741524e-05,-9.588198736310003e-06,1.5594996511936188e-05,-7.453793659806252e-05,77.64796447753906,66.47332763671875,86.64945220947266,97.51862335205078,293.969970703125,285.315185546875,270.234130859375,223.51239013671875,-5.8023834228515625,-6.208892822265625,-9.05145263671875,-5.0115814208984375,-0.0270538330078125,-4.0955810546875,-0.626556396484375,4.622894287109375,4.716713403003667,76.92358144124348,5.802446492270569,7.438019511529717,9.07311235203986,6.818144903717059,-9.155808947980404e-05,0.790802001953125,4.6499481201171875,80.34823241572785,-9.001487731933594,11.174636840820312,-20.176124572753906,23.73583984375,8.65478515625,15.0810546875,-1.425156369805336e-06,-9.01329331099987e-05
1982-002,1982-06-01 00:00:00,15.5,91.0,0,35.0,986.0,6.075183495338227,5.0,30.0,5.0,25.0,10.0,,,1,1,,,,,0,-4.4126296415925026e-05,1.1137686669826508e-05,-4.87274955958128e-05,7.19199888408184e-05,85.70010375976562,90.501220703125,95.00923919677734,105.65274810791016,292.6162109375,284.68701171875,270.24169921875,224.73194885253903,12.3402099609375,2.468017578125,-3.175994873046875,-15.66119384765625,-5.9506072998046875,-5.7679595947265625,5.00531005859375,1.9528045654296875,29.095404007565456,90.40352121988933,13.700018580881922,6.273792206658761,5.927906225327776,15.782472506062826,0.00011604628525674343,-28.00140380859375,7.903411865234375,164.23825056239085,-9.309135437011719,-4.801116943359375,-4.508018493652344,22.37451171875,7.92919921875,14.4453125,-4.601199179887772e-06,0.0001206474844366312
1982-002,1982-06-01 03:00:00,16.0,91.0,0,40.0,984.0,7.934933544931562,,,,,,,,1,1,,,,,0,4.90434467792511e-06,-5.214568227529526e-05,1.205061562359333e-05,8.200062438845634e-06,79.4901351928711,99.5269775390625,94.83797454833984,100.73374938964844,291.44384765625,284.37158203125,270.577880859375,224.35076904296875,10.52276611328125,2.5644989013671875,-2.426910400390625,-15.824295043945312,-12.604354858398438,-7.306915283203125,5.50970458984375,7.416122436523437,33.09058994244616,91.28502909342448,16.419450906508796,7.743879232724444,6.020526451969916,17.475902999025216,3.2957177609205246e-06,-26.347061157226562,20.020477294921875,142.7697002940758,-15.34783935546875,-20.036842346191406,4.689002990722656,20.865966796875,7.072265625,13.793701171875,7.1462709456682205e-06,-3.850553184747696e-06
1982-002,1982-06-01 06:00:00,16.5,91.0,0,40.0,984.0,7.934933544931562,5.0,35.0,5.0,30.0,10.0,,,1,1,,,,,0,-9.967689402401449e-05,4.999293014407158e-05,5.915178917348385e-05,-2.5893328711390495e-05,91.34146118164062,90.38642120361328,92.0927505493164,100.2862777709961,291.741455078125,285.085205078125,270.794189453125,224.0056915283203,10.604705810546877,-1.25726318359375,-1.5504302978515625,-9.036453247070312,-11.65655517578125,-7.164886474609375,5.129669189453125,10.264419555664062,29.433047112103115,91.27354431152344,15.75865044647794,7.274359690506144,5.35885623073812,13.675371881641333,7.378356531262399e-05,-19.641159057617188,21.920974731445312,131.86029012107792,-0.7512893676757812,0.9550399780273438,-1.706329345703125,20.947265625,6.65625,14.291015625,0.00015882868319749832,-8.504511788487434e-05
1982-002,1982-06-01 12:00:00,16.5,90.5,0,40.0,984.0,7.934933544931562,0.0,40.0,0.0,35.0,5.0,25.0,15.0,1,1,,,,,0,1.2273667380213736e-05,-0.00013830489479,0.000135485548526,4.257145337760449e-05,75.05329132080078,91.14486694335938,101.1375503540039,105.02554321289062,291.91748046875,285.405517578125,270.773193359375,225.29673767089844,16.157760620117188,-1.7458953857421875,-1.4788818359375,-8.02288818359375,-14.775848388671877,-17.586410522460938,1.372100830078125,4.486846923828125,30.915290832703107,89.11190287272136,21.895180379755427,17.672860146633894,2.0173626774992517,9.192308204380124,3.0297785997390754e-05,-24.180648803710938,19.2626953125,141.45860681068427,-26.084259033203125,-16.091575622558594,-9.992683410644531,21.144287109375,6.511962890625,14.63232421875,0.00012321188114578627,-9.291409514839552e-05
1982-002,1982-06-01 18:00:00,17.0,90.0,0,40.0,984.0,7.934933544931562,0.0,40.0,0.0,40.0,0.0,30.0,10.0,1,1,,,,,0,-7.056351751089096e-05,-5.008885636925697e-05,5.665258504450321e-05,3.3315736800432205e-05,69.05091857910156,100.43184661865234,99.73509979248048,101.64440155029295,293.020751953125,283.859619140625,271.10546875,224.9393768310547,8.764190673828125,0.0355224609375,2.59375,-6.099853515625,-12.559555053710938,-12.705947875976562,-5.8470001220703125,3.029815673828125,21.53992315089975,89.73928833007812,15.315138305428777,12.705997531570057,6.3964794606088,6.81087336025691,0.00010387925431132317,-14.864044189453125,15.589370727539062,133.6356113473212,-30.68418121337892,-31.38092803955078,0.6967468261718608,21.915283203125,9.1611328125,12.754150390625,0.00012721610255539417,-2.3336848244071007e-05
1982-002,1982-06-02 00:00:00,19.0,88.5,0,40.0,984.0,7.934933544931562,0.0,40.0,0.0,40.0,0.0,35.0,5.0,1,1,,,,,0,3.7722988054156303e-05,4.546204581856728e-05,-1.5581026673316956e-05,2.037500962615013e-06,46.99848175048828,40.249637603759766,101.22803497314452,100.11273193359376,295.606689453125,284.87451171875,269.609375,223.93492126464844,-3.6336822509765625,-0.9306182861328124,-2.03009033203125,-10.965774536132812,-4.849029541015625,-16.933029174804688,-1.5067138671875,2.2635955810546875,10.2151364849009,62.825384775797524,6.059433487604621,16.95858270697382,2.5281324003662986,11.196967273858984,-3.568548709154129e-05,-7.33209228515625,7.1126251220703125,135.87046180100415,-54.229553222656236,6.748844146728516,-60.97839736938475,25.997314453125,10.732177734375,15.26513671875,-5.330401472747326e-05,1.761852763593197e-05
1982-002,1982-06-02 03:00:00,17.5,89.5,0,45.0,982.0,10.042650267804008,,,,,,40.0,5.0,1,1,,,,,0,6.15075696259737e-05,-6.819865666329861e-05,4.978850483894348e-06,2.1845102310180664e-05,48.697486877441406,81.43226623535156,94.39173126220705,93.09213256835938,294.066162109375,283.656005859375,270.545654296875,224.12472534179688,10.292648315429688,5.03790283203125,-2.3647613525390625,-4.499267578125,-10.997787475585938,-10.812698364257812,0.7729034423828125,1.2717132568359375,19.21825756994886,74.84049479166667,15.062866218063297,11.928743054547368,2.4878657491330953,4.67553882960874,-3.966246731579304e-05,-14.791915893554688,12.269500732421875,140.32519641391352,-45.69424438476564,-32.734779357910156,-12.959465026855483,23.5205078125,10.41015625,13.1103515625,-5.652871914207935e-05,1.6866251826286316e-05
1982-002,1982-06-02 06:00:00,17.5,89.5,1,45.0,982.0,10.042650267804008,5.0,40.0,5.0,40.0,5.0,40.0,5.0,1,1,,,,,0,1.7192214727401733e-05,-5.141831934452057e-06,-9.854789823293686e-06,-1.4905817806720734e-05,50.55997848510742,89.6589126586914,86.85795593261719,98.03944396972656,294.29638671875,283.435546875,271.443359375,224.92327880859375,11.989334106445312,8.4234619140625,1.1444854736328125,-8.0421142578125,-7.957443237304688,-11.824005126953123,6.104339599609375,5.701019287109375,24.24484526864938,75.69228235880534,14.38975452156495,14.517637819558498,6.210701163855468,9.857850812814332,-3.209803253412247e-05,-20.031448364257812,13.658462524414062,145.71184054413365,-36.297977447509766,-39.098934173583984,2.8009567260742188,22.85302734375,10.86083984375,11.9921875,-2.704700455069542e-05,-5.051027983427048e-06
1982-002,1982-06-02 12:00:00,18.0,89.0,1,45.0,982.0,10.042650267804008,0.0,45.0,0.0,40.0,5.0,40.0,5.0,1,1,,,,,0,-5.7935016229748726e-05,-3.70820052921772e-05,-1.2852251529693604e-06,-8.171657100319862e-06,86.35903930664062,99.76156616210938,95.04070281982422,99.88063049316406,292.777587890625,285.489013671875,271.406005859375,225.3457794189453,11.071502685546877,0.8455810546875,4.1363525390625,-11.2974853515625,-4.063690185546875,-10.10430908203125,3.494415283203125,8.922195434570312,25.865128090599296,93.7204360961914,11.793716532127679,10.13962865914061,5.414826913105568,14.395789198284218,4.9763359129428864e-05,-22.368988037109375,12.985885620117188,149.86351670771393,-8.681663513183594,-13.40252685546875,4.720863342285156,21.37158203125,7.28857421875,14.0830078125,5.6649791076779366e-05,-6.886431947350502e-06
1982-002,1982-06-02 18:00:00,18.5,88.5,1,50.0,979.0,13.0,5.0,45.0,5.0,45.0,5.0,40.0,10.0,1,1,,,,,0,-4.04873862862587e-05,-1.947302371263504e-05,-4.555028863251209e-05,-5.7454220950603485e-05,91.1396026611328,81.70269775390625,95.47188568115234,112.9094009399414,293.75341796875,285.380615234375,272.291015625,224.4489288330078,14.134552001953123,11.734832763671877,7.3285675048828125,-16.426498413085938,-9.5648193359375,-17.333694458007812,-2.3037109375,6.240234375,34.406068146130536,89.4380620320638,17.066673056722006,20.9323496902502,7.682121175637717,17.571863167292378,-1.6966834664344788e-05,-30.561050415039062,15.8050537109375,152.65365366433957,-4.3322830200195455,9.436904907226548,-13.769187927246094,21.46240234375,8.372802734375,13.089599609375,-5.062902346253395e-06,-1.1903932318091393e-05
1982-002,1982-06-03 00:00:00,19.0,88.5,0,55.0,976.0,16.0,5.0,50.0,5.0,45.0,10.0,40.0,15.0,1,1,,,,,0,-1.0149553418159483e-05,1.871958374977112e-06,2.0224135369062424e-05,5.9513840824365616e-05,95.71061706542967,87.47076416015625,81.18666076660156,90.29176330566406,293.466552734375,286.644775390625,272.90234375,225.82586669921875,7.0508880615234375,3.5400543212890625,4.4783172607421875,-6.5670928955078125,-5.471649169921875,-4.1531524658203125,8.646942138671875,-1.6092529296875,14.155123103055034,88.1226806640625,8.924907119675838,5.4571659313261405,9.737809498927403,6.76139069200538,6.96633942425251e-05,-13.61798095703125,3.862396240234375,164.16535187035933,14.52395629882811,8.239852905273423,6.2841033935546875,20.564208984375,6.82177734375,13.742431640625,3.037368878722191e-05,3.928970545530319e-05
1982-002,1982-06-03 03:00:00,19.0,88.0,0,65.0,972.0,22.0,,,,,,45.0,20.0,1,1,,,,,0,-3.620469942688942e-05,6.049289368093014e-05,-2.6380876079201695e-05,2.5676796212792397e-05,90.55108642578124,93.48770904541016,96.9350357055664,100.22480010986328,292.94970703125,285.779052734375,273.0205078125,225.66461181640625,13.424957275390623,9.502731323242188,2.630615234375,-4.8530426025390625,-13.218673706054688,-8.991409301757812,-2.71551513671875,0.5293121337890625,22.871213220774756,93.65794372558594,18.840456798952758,13.082329449813788,3.7807616916534803,4.881822798610725,6.188149563968182e-05,-18.277999877929688,13.74798583984375,143.0509678398088,-6.3839492797851705,-2.9366226196289205,-3.44732666015625,19.92919921875,7.170654296875,12.758544921875,9.823823347687725e-06,5.2057672291994095e-05
1982-002,1982-06-03 06:00:00,19.5,87.5,0,80.0,960.0,31.73973417972625,25.0,55.0,25.0,50.0,30.0,45.0,35.0,1,1,,,,,0,2.6415567845106125e-05,7.964670658111572e-06,-1.3419194146990776e-05,-1.8472783267498016e-06,81.04651641845703,83.54751586914062,84.75646209716797,93.86498260498048,293.285888671875,285.75341796875,273.64453125,225.8665313720703,15.663360595703123,12.972549438476562,-1.9985198974609375,-2.3679656982421875,-19.273956298828125,-17.0469970703125,3.1863861083984375,0.6425323486328125,26.866247374040984,83.11683146158855,24.83598712675141,21.421651384731327,3.761268165438595,2.4535911165251654,-2.8262846171855927e-05,-18.031326293945312,19.916488647460938,132.1560121539214,-3.7099456787109375,-2.5009994506835938,-1.2089462280273438,19.641357421875,7.532470703125,12.10888671875,-3.98347619920969e-05,1.1571915820240974e-05
1982-002,1982-06-03 12:00:00,20.0,87.0,0,90.0,952.0,40.0,10.0,80.0,10.0,55.0,35.0,45.0,45.0,1,1,,,,,0,1.993030309677124e-06,7.252884097397327e-05,1.8549617379903793e-05,-4.001660272479057e-06,100.82789611816406,99.27223205566406,83.51263427734375,63.07846450805664,294.008544921875,287.76953125,274.413330078125,225.74139404296875,6.0533294677734375,7.368743896484375,2.8551025390625,-15.10247802734375,-10.734664916992188,-3.9435882568359375,-0.4500579833984375,3.0473785400390625,25.249018052628394,94.53758748372395,12.32379115879189,8.35764769246886,2.890356845958956,15.406860761774002,-5.994690582156181e-06,-21.155807495117188,13.78204345703125,146.91759151593376,17.315261840820312,1.5556640625,15.759597778320312,19.59521484375,6.239013671875,13.356201171875,1.655658707022667e-05,-2.255127765238285e-05
1982-002,1982-06-03 18:00:00,21.0,86.5,0,90.0,952.0,40.17060107121603,0.0,90.0,0.0,80.0,10.0,50.0,40.0,1,1,,,,,0,8.088699541985989e-05,3.617815673351288e-05,-0.0001057907938957,-4.317006096243858e-05,100.07560729980467,98.771484375,91.51332092285156,18.250028610229492,294.043701171875,287.4033203125,273.25244140625,226.87693786621097,-13.417327880859377,-12.101211547851562,-10.23809814453125,-11.116653442382812,-11.397308349609377,-7.530181884765625,0.1307830810546875,7.860671997070312,19.394919693181524,96.78680419921875,17.604639305551306,14.252822883327653,10.238933432313367,13.615070620586843,-0.00012405705638229847,2.3006744384765643,19.257980346679688,83.18738847106998,8.56228637695311,1.3041229248046733,7.2581634521484375,20.791259765625,6.640380859375,14.15087890625,-0.00018667778931555988,6.262073293326141e-05
1982-002,1982-06-04 00:00:00,21.5,86.0,0,65.0,970.0,22.0,-25.0,90.0,-25.0,90.0,-25.0,55.0,10.0,1,1,,,,,0,-0.0002465199213474,-7.358891889452934e-05,5.777087062597275e-05,0.0001079847570508,100.6762924194336,101.17974853515624,102.44053649902344,100.53893280029295,293.161865234375,287.162353515625,272.202880859375,228.021240234375,-4.9799346923828125,-2.462493896484375,-3.54388427734375,-3.740936279296875,-18.354324340820312,-4.2054290771484375,-2.444580078125,14.7164306640625,33.09395645220757,101.43219248453777,19.01791186088596,4.873346890295042,4.305239543808203,15.184463630168784,0.0003545046783982,1.2389984130859375,33.07075500488281,87.85441265239054,-1.7642440795898438,-0.503456115722642,-1.2607879638672017,20.958984375,5.99951171875,14.95947265625,0.00030429079197337276,5.0213886424827246e-05
1982-002,1982-06-04 03:00:00,22.0,85.5,0,45.0,982.0,10.0,,,,,,65.0,-20.0,1,1,,,,,0,-0.0002480933908373,0.000125910853967,-3.871973603963852e-07,4.2221974581480026e-05,99.6604995727539,100.5457763671875,94.63319396972656,94.21715545654295,292.49755859375,286.590087890625,273.4755859375,226.8105926513672,-2.85760498046875,-3.442626953125,-2.88690185546875,-0.5275726318359375,-13.140029907226562,-9.322509765625,-2.764556884765625,3.5153045654296875,16.817527081640957,98.27982330322266,13.44716669738307,9.937850304193368,3.9971211005189633,3.554672849868621,0.00029031536541878,2.3300323486328125,16.65533447265625,82.03617425963233,5.027305603027344,-0.8852767944335938,5.9125823974609375,19.02197265625,5.907470703125,13.114501953125,0.0002477061934769036,4.260917194187641e-05
1982-003,1982-07-18 03:00:00,18.0,88.0,0,25.0,,4.0,,,,,,,,1,1,,,,,0,-1.2459233403205872e-05,3.898772411048412e-05,3.794976510107517e-05,-1.4770310372114182e-05,88.99337768554688,82.09970092773438,39.14189910888672,80.3884048461914,293.42236328125,286.2373046875,273.321533203125,224.36965942382812,-0.434783935546875,0.223663330078125,-13.125473022460938,-17.538162231445312,2.1117401123046875,4.961639404296875,6.0482940673828125,1.4337005615234375,17.116812985045826,70.07832590738933,2.1560341770311164,4.966678051121603,14.451986133016042,17.596665358999342,-2.31107696890831e-06,-17.103378295898438,-0.67803955078125,-177.72977763173535,49.851478576660156,6.8936767578125,42.957801818847656,20.100830078125,7.18505859375,12.915771484375,5.0408998504281044e-05,-5.2720075473189354e-05
1982-003,1982-07-18 12:00:00,18.3,87.0,0,30.0,,5.0,,,,,,,,1,1,,,,,0,1.6794074326753616e-05,1.1781463399529455e-05,-2.6261666789650917e-05,9.043770842254162e-05,79.93865966796875,60.030914306640625,36.27397918701172,94.5969696044922,294.496826171875,287.78564453125,273.283447265625,225.47108459472656,-0.3989715576171875,-3.836639404296875,-14.920730590820312,-21.66371154785156,5.41064453125,7.894439697265625,3.845916748046875,-0.0469818115234375,21.95392566603084,58.747851053873696,5.425334325857994,8.777356096932996,15.408415784782955,21.66376249221568,7.3643634095788e-05,-21.26473999023437,-5.4576263427734375,-165.60563933263262,43.66468048095703,19.907745361328125,23.756935119628906,21.21337890625,6.711181640625,14.502197265625,-4.305574111640453e-05,0.00011669937521219254
1982-003,1982-07-19 00:00:00,18.5,86.0,0,30.0,,5.0,0.0,30.0,0.0,30.0,0.0,,,1,1,,,,,0,3.903871402144432e-06,-2.1448591724038124e-05,-6.943708285689354e-06,-2.8225127607584e-05,96.62332916259766,69.6324234008789,73.89999389648438,80.27640533447266,293.342041015625,286.154541015625,272.314453125,224.02932739257812,3.331512451171875,1.0036163330078125,-4.142578125,-26.950424194335938,-3.2883453369140625,0.00677490234375,3.1172943115234375,1.220367431640625,30.61575048617749,80.05191548665364,4.681045851849531,1.0036391997036662,5.184445712550658,26.978040346230802,-3.212899900972843e-05,-30.281936645507812,4.5087127685546875,171.53137814046892,22.72333526611328,26.99090576171875,-4.267570495605469,21.027587890625,7.1875,13.840087890625,-1.0847579687833786e-05,-2.1281419321894646e-05
1982-005,1982-08-18 03:00:00,21.0,88.0,0,25.0,,3.0,,,,,,,,1,1,,,,,0,-3.598397597670555e-06,1.0620569810271265e-05,-1.4438526704907416e-05,5.426118150353432e-06,92.54544830322266,87.3648681640625,81.44148254394531,103.47837829589844,292.749755859375,285.23193359375,271.7974853515625,224.4110565185547,-5.756378173828125,-8.2169189453125,-7.3593292236328125,-17.528884887695312,-3.9024658203125,-3.4292755126953125,-1.4456787109375,4.60430908203125,14.52436344791721,87.11726633707683,6.954504235301905,8.90380185627506,7.499980903780612,18.123505939220163,9.024515748023987e-06,-11.772506713867188,8.50677490234375,144.14824737428552,11.103965759277344,5.180580139160156,5.9233856201171875,20.9522705078125,7.517822265625,13.4344482421875,-1.084012910723686e-05,1.986464485526085e-05
1982-005,1982-08-18 12:00:00,21.5,87.5,0,25.0,,3.0,,,,,,,,1,1,,,,,0,-9.487848728895188e-07,-2.416432835161686e-05,1.8903054296970367e-05,9.162584319710732e-06,97.87777709960938,78.31697082519531,80.25959014892578,42.353973388671875,292.691162109375,285.75390625,271.584228515625,225.331298828125,-0.837738037109375,-4.1141204833984375,-9.964797973632812,-18.62127685546875,-1.953399658203125,0.1873779296875,-1.0689544677734375,-3.5727386474609375,17.857113755202022,85.48477935791016,2.125458831285131,4.11838534385171,10.021968983662312,18.960918046631527,1.011136919260025e-05,-17.783538818359375,-1.6193389892578125,-174.79709166551547,17.618186950683594,19.560806274414062,-1.9426193237304688,21.10693359375,6.937255859375,14.169677734375,1.9851839169859886e-05,-9.740469977259636e-06
1982-006,1982-08-27 03:00:00,19.0,88.5,0,25.0,,3.0,,,,,,,,1,1,,,,,0,1.392187550663948e-05,1.6828300431370735e-05,-2.198922447860241e-05,-8.802348747849464e-05,92.73567962646484,75.36454772949219,75.08939361572266,41.125770568847656,292.759521484375,285.542724609375,270.4619140625,223.978759765625,1.8360137939453125,0.5807647705078125,-6.689208984375,-5.489410400390625,9.594696044921877,6.23028564453125,4.7029876708984375,1.043670654296875,11.25974577235542,81.06320699055989,9.768783898008849,6.2572954965476235,8.177017174328665,5.587743281375517,-0.00010194536298513412,-7.3254241943359375,-8.551025390625002,-130.58573958987063,17.646286010742188,17.371131896972656,0.27515411376953125,22.297607421875,7.216796875,15.080810546875,-3.591109998524189e-05,-6.603426299989223e-05
1982-006,1982-08-27 12:00:00,20.0,88.0,0,25.0,,4.0,,,,,,,,1,1,,,,,0,9.954674169421196e-06,-1.2147938832640648e-05,-1.416914165019989e-05,-8.887611329555511e-06,87.2076187133789,64.49921417236328,73.49983215332031,67.93791198730469,293.473388671875,286.445068359375,271.42724609375,223.9712677001953,-4.4768829345703125,-7.732635498046875,-8.677703857421875,-10.022232055664062,5.2854461669921875,4.6479949951171875,2.8847808837890625,-0.7733306884765625,8.213383825146552,75.06888834635417,6.926645796777781,9.022056817615873,9.144643513258966,10.052023464522948,-1.8842285498976707e-05,-5.54534912109375,-6.05877685546875,-132.46658484449722,13.707786560058594,22.708404541015625,-9.000617980957031,22.046142578125,7.0283203125,15.017822265625,-2.4123815819621086e-05,5.281530320644379e-06
1982-006,1982-08-28 03:00:00,21.0,88.0,0,25.0,,4.0,,,,,,25.0,0.0,1,1,,,,,0,-4.18536365032196e-06,2.541346475481987e-05,8.576316758990288e-06,-5.160621367394924e-05,92.4236068725586,73.70162963867188,78.45838928222656,110.39256286621094,292.949951171875,285.82666015625,271.74169921875,223.98452758789065,-10.185638427734377,-10.513717651367188,-9.685165405273438,-7.830886840820312,5.34576416015625,6.8284759521484375,7.353179931640625,2.355712890625,3.805950818192444,81.52787526448567,11.503235398641127,12.536600124505028,12.16025016332262,8.177540702239856,-4.742085002362728e-05,2.354751586914065,-2.99005126953125,-51.778548298897235,13.965217590332031,18.72197723388672,-4.7567596435546875,21.208251953125,7.123291015625,14.0849609375,1.2761680409312248e-05,-6.018253043293953e-05
1982-006,1982-08-28 12:00:00,21.2,87.7,0,25.0,,4.0,,,,,,25.0,0.0,1,1,,,,,0,-1.158122904598713e-05,1.2875301763415337e-05,-5.325069651007652e-06,-3.83306760340929e-05,91.50457763671876,70.35663604736328,64.142822265625,83.79071044921875,293.29052734375,285.96484375,272.73974609375,224.4715576171875,-3.3437652587890625,-2.22894287109375,-4.885528564453125,-3.057647705078125,9.313934326171877,10.1429443359375,8.023712158203125,-0.18792724609375,9.506168344450863,75.33467864990234,9.895965780969913,10.384965388701412,9.394059088156943,3.063417395359944,-2.6749446988105774e-05,0.2861175537109375,-9.501861572265627,-88.27524573580284,27.361755371093764,21.147941589355483,6.213813781738281,20.55078125,7.32568359375,13.22509765625,6.256159394979477e-06,-3.300560638308525e-05
1982-006,1982-08-29 03:00:00,20.5,85.5,0,25.0,,4.0,,,,,,25.0,0.0,1,1,,,,,0,-1.927814446389675e-05,-1.2705568224191666e-05,2.0388979464769363e-06,2.8332462534308434e-05,99.46571350097656,91.41732025146484,95.96378326416016,100.08897399902344,291.91796875,284.43017578125,271.025634765625,223.7628173828125,6.533966064453125,6.9285125732421875,-2.205718994140625,0.35211181640625,-5.2055511474609375,-3.700897216796875,4.2633514404296875,-2.528411865234375,6.736645803405115,95.61560567220052,8.35406938445312,7.854993742000685,4.800141850583858,2.552812036071375,4.7610606998205185e-05,-6.181854248046875,2.6771392822265625,156.5842946276633,3.5019302368164062,8.048393249511719,-4.5464630126953125,20.892333984375,7.48779296875,13.404541015625,2.1317042410373688e-05,2.6293564587831497e-05
1982-006,1982-08-29 12:00:00,21.0,85.0,0,25.0,,4.0,,,,,,25.0,0.0,1,1,,,,,0,-2.4576205760240555e-05,3.336463123559952e-06,-9.050383232533932e-05,1.2148404493927956e-05,93.9089126586914,85.6467514038086,79.4630355834961,100.56644439697266,292.99267578125,285.807861328125,271.7080078125,224.70822143554688,13.163330078125,10.138687133789062,-3.323028564453125,-2.96649169921875,-3.1294097900390625,-0.6032562255859375,5.2995147705078125,-6.00958251953125,16.384948749403616,86.33956654866536,13.530205629614898,10.156618279258508,6.25518789829705,6.701876980412973,3.672461025416851e-05,-16.12982177734375,-2.8801727294921875,-169.8758536131358,14.445877075195312,8.262161254882812,6.1837158203125,21.28466796875,7.184814453125,14.099853515625,-6.592762656509876e-05,0.00010265223681926727
1982-006,1982-08-30 03:00:00,22.0,85.0,0,25.0,,4.0,,,,,,25.0,0.0,1,1,,,,,0,-3.9173755794763565e-06,5.69014810025692e-05,-1.034839078783989e-05,-2.4887267500162125e-05,100.00640869140624,99.19776916503906,97.8114776611328,102.35203552246094,291.8037109375,285.346435546875,272.06103515625,224.27523803710935,12.14263916015625,3.9040374755859375,4.2622833251953125,-1.5990753173828125,1.7939605712890625,5.4105072021484375,8.403228759765625,-8.1221923828125,16.94593774895163,99.00521850585938,12.274444195363792,6.67196348875498,9.422383601466782,8.27810672642485,-2.0969891920685768e-05,-13.741714477539062,-9.916152954101562,-144.185422307101,2.1949310302734375,0.8086395263671733,1.3862915039062642,19.74267578125,6.457275390625,13.285400390625,-6.431015208363533e-06,-1.4538876712322235e-05
1982-006,1982-08-30 12:00:00,23.0,85.0,0,25.0,,4.0,,,,,,25.0,0.0,1,1,,,,,0,2.989545464515686e-05,1.321430318057537e-05,-6.557675078511238e-06,-6.17664773017168e-05,100.57316589355467,96.86184692382812,79.76356506347656,58.306114196777344,292.434814453125,285.1376953125,271.856689453125,224.67501831054688,2.967071533203125,2.4588623046875,2.1205902099609375,-4.779449462890625,5.7635345458984375,6.3290252685546875,7.9387664794921875,-4.3679046630859375,12.753613134648049,92.39952596028645,6.482425776274577,6.789886941872954,8.217111174524229,6.474699090624472,-9.166193194687366e-05,-7.74652099609375,-10.131439208984375,-127.40160895067744,20.80960083007811,3.7113189697265483,17.098281860351562,20.578125,7.297119140625,13.281005859375,-3.64531297236681e-05,-5.5208802223205566e-05
1982-006,1982-08-31 03:00:00,24.0,84.5,0,25.0,,4.0,,,,,,25.0,0.0,1,1,,,,,0,-1.1431984603405e-06,3.861146979033947e-05,1.063477247953415e-05,0.0001043670345097,96.8166275024414,81.87602233886719,87.35157012939453,98.09400177001952,292.16552734375,285.934814453125,271.267333984375,223.36129760742188,9.221847534179688,4.3288726806640625,3.4708251953125,1.03643798828125,9.264938354492188,8.631591796875,11.344436645507812,-2.3216705322265625,14.186276288296206,88.68140665690105,13.072167175193117,9.656268204295046,11.86351003457057,2.542510130513083,0.0001055102329700405,-8.185409545898438,-11.58660888671875,-125.23945865981145,9.465057373046875,14.940605163574219,-5.475547790527344,20.898193359375,6.230712890625,14.66748046875,1.1777970939874649e-05,9.373226203016585e-05
1982-006,1982-08-31 12:00:00,25.0,82.0,0,25.0,,4.0,,,,,,25.0,0.0,1,1,,,,,0,1.9004102796316147e-05,-2.328772097826004e-06,3.85739840567112e-05,4.7051114961504936e-05,95.98929595947266,80.3896484375,69.72705078125,98.60783386230467,292.47998046875,285.561279296875,271.4873046875,224.4728240966797,3.0331878662109375,3.3807525634765625,-2.692596435546875,2.1870574951171875,-3.479522705078125,-5.111846923828125,-2.94342041015625,-3.9974365234375,0.9920540953672006,82.03533172607422,4.615983848204351,6.128659467461413,3.989210357407105,4.556612694300488,2.804701216518879e-05,-0.84613037109375,-0.517913818359375,-148.5293267514886,26.262245178222656,15.599647521972656,10.66259765625,20.99267578125,6.918701171875,14.073974609375,1.956988126039505e-05,8.47713090479374e-06
1982-006,1982-09-01 03:00:00,25.0,81.5,0,20.0,,3.0,,,,,,25.0,-5.0,1,1,,,,,0,-2.302532084286213e-05,-3.32552008330822e-06,3.22593841701746e-05,-9.65944491326809e-06,99.97317504882812,96.94861602783205,96.88957214355467,99.7870101928711,291.718994140625,284.260986328125,271.059326171875,223.97315979003903,-0.3192901611328125,-2.23101806640625,-6.0390625,0.6995391845703125,5.42742919921875,5.7761383056640625,6.9772491455078125,-7.6796722412109375,13.14663916768768,97.93712107340495,5.436812845733105,6.1920283703154,9.227799386494905,7.711466838622541,1.336587592959404e-05,1.018829345703125,-13.107101440429688,-85.55527380917728,3.0836029052734517,3.0245590209960795,0.05904388427737217,20.65966796875,7.4580078125,13.20166015625,5.528470501303673e-05,-4.191882908344269e-05
1982-006,1982-09-01 12:00:00,25.0,81.3,0,20.0,,3.0,,,,,,25.0,-5.0,1,1,,,,,0,1.3425014913082125e-06,-2.3972243070602417e-06,5.305511876940727e-06,1.2886011973023416e-05,100.3245849609375,82.2173080444336,94.7319793701172,51.80919647216797,291.943603515625,285.068603515625,270.99169921875,224.7194976806641,-6.354217529296875,-6.763153076171875,-6.1812896728515625,-9.762252807617188,-1.0599822998046875,0.748443603515625,6.456298828125,-6.7941741943359375,6.670506812947851,92.42462412516277,6.442021645844021,6.8044402678968785,8.938240127550257,11.893795982057622,1.1543510481715204e-05,-3.4080352783203125,-5.73419189453125,-120.72452978485005,5.592605590820298,18.107276916503906,-12.514671325683608,20.951904296875,6.875,14.076904296875,3.963010385632515e-06,7.580500096082689e-06
1982-007,1982-09-09 03:00:00,18.0,89.0,0,25.0,,3.0,,,,,,,,1,1,,,,,0,-9.18051227927208e-07,4.77139838039875e-06,-1.4620134606957436e-05,-1.6142381355166435e-05,89.6752700805664,86.07469940185547,78.39411926269531,78.36058044433594,292.56103515625,284.7802734375,270.7239990234375,224.6206817626953,-3.0872650146484375,-3.72503662109375,-8.997695922851562,-14.6898193359375,1.7630767822265625,2.6803741455078125,2.998321533203125,-9.535903930664062,16.195253376490836,84.71469624837239,3.5552278423047077,4.589150617314306,9.484116402521067,17.51354492663714,-1.5224330127239227e-05,-11.602554321289062,-11.298980712890625,-135.75944550756859,11.281150817871094,3.6005706787109375,7.680580139160156,21.8370361328125,7.78076171875,14.0562744140625,-1.3702083379030228e-05,-1.5222467482089996e-06
1982-009,1982-10-15 03:00:00,15.5,86.5,0,30.0,,5.0,,,,,,,,1,1,,,,,0,-2.5325221940875053e-05,-1.8554041162133217e-05,-2.830405719578266e-05,1.609466562513262e-05,92.6848602294922,78.22428894042969,68.9166488647461,102.81158447265624,290.329345703125,282.785400390625,268.3525390625,220.02598571777344,-8.269073486328125,-8.80792236328125,-5.7259674072265625,-4.0005645751953125,3.19873046875,4.627655029296875,8.090667724609375,2.582611083984375,4.312745230210591,79.94193267822266,8.866197208161138,9.949607400685045,9.911892199709232,4.761764056673388,4.1419887566007674e-05,4.2685089111328125,-0.616119384765625,-8.213384169991464,23.768211364746108,14.460571289062514,9.307640075683594,21.976806640625,7.5439453125,14.432861328125,-2.978835254907608e-06,4.439872282091528e-05
1982-009,1982-10-15 12:00:00,16.0,85.5,0,35.0,,7.0,,,,,,,,1,1,,,,,0,-3.691529855132103e-06,-3.175693564116955e-05,-9.172596037387848e-06,0.0001300976146012,91.57879638671876,76.61166381835938,81.92147064208984,100.5222625732422,290.435302734375,282.90869140625,268.24951171875,220.1981658935547,-8.880691528320312,-8.811126708984375,-3.777008056640625,-7.107269287109375,3.2233123779296875,5.0069732666015625,5.369903564453125,4.3884124755859375,2.1219059081826006,83.37064361572266,9.447561839273396,10.134383808315162,6.565185005120158,8.352930071260413,0.0001337891444563321,1.7734222412109375,1.16510009765625,33.304049278819654,9.65732574462892,14.96713256835939,-5.309806823730469,22.185791015625,7.526611328125,14.6591796875,-5.481066182255745e-06,0.00013927021063858786
1982-009,1982-10-15 18:00:00,16.3,84.5,0,45.0,,10.0,10.0,35.0,10.0,,,,,1,1,,,,,0,-7.424736395478249e-06,-1.511676236987114e-05,-2.1425774320960045e-05,2.4289358407258987e-05,91.25627899169922,79.10409545898438,80.72108459472656,100.09403228759766,290.822021484375,282.7022705078125,268.313720703125,219.71044921875,-10.012954711914062,-8.44140625,-5.4587554931640625,-6.6021881103515625,2.15875244140625,4.244293212890625,5.0086212158203125,7.8989105224609375,6.6770310472418535,83.69381968180339,10.243020753963133,9.448352467733647,7.408393754230007,10.294740175755367,3.1714094802737236e-05,3.4107666015625,5.7401580810546875,59.28147910480854,10.535194396972656,12.152183532714844,-1.6169891357421875,22.50830078125,8.1197509765625,14.3885498046875,-1.4001037925481796e-05,4.571513272821903e-05
1982-010,1982-10-16 12:00:00,9.4,84.0,0,25.0,990.0,3.0,,,,,,,,1,1,,,,,0,1.196516677737236e-06,-3.670738078653813e-05,2.8789043426513672e-05,-8.187955245375633e-06,83.11406707763672,75.04349517822266,95.78824615478516,62.23090362548828,291.06982421875,281.76904296875,267.356201171875,219.85491943359375,3.7107086181640625,2.0771331787109375,-1.6999053955078125,-15.575653076171877,-1.3568572998046875,-3.07855224609375,-0.6364593505859375,-0.83538818359375,19.29341020773441,84.64860280354817,3.9510024273531283,3.7137536501538007,1.8151470625337347,15.598039689863292,-9.38447192311287e-06,-19.286361694335938,0.5214691162109375,178.45120078913664,-12.674179077148438,8.070571899414062,-20.7447509765625,23.713623046875,9.30078125,14.412841796875,2.7592526748776436e-05,-3.6976998671889305e-05
1982-010,1982-10-17 12:00:00,11.0,82.5,0,30.0,992.0,4.0,,,,,,25.0,5.0,1,1,,,,,0,-1.0118121281266212e-05,1.2885546311736109e-05,1.5577999874949455e-05,-2.580811269581318e-05,93.3497085571289,74.3829345703125,51.424442291259766,102.1853256225586,290.882080078125,283.2939453125,268.82763671875,220.728759765625,1.6957855224609375,0.523590087890625,-5.7202911376953125,-2.587677001953125,-0.7767333984375,0.518157958984375,0.29144287109375,2.6525115966796875,5.487054987385854,73.05236180623372,1.865208650643778,0.736637122738303,5.727710681162842,3.7056564920344868,-1.5689991414546967e-05,-4.2834625244140625,3.4292449951171875,141.32001122723372,41.92526626586914,18.966773986816406,22.958492279052734,22.054443359375,7.588134765625,14.46630859375,2.5696121156215668e-05,-4.1386112570762634e-05
1982-010,1982-10-17 18:00:00,12.0,82.0,0,35.0,994.0,6.0,5.0,30.0,5.0,,,,,1,1,,,,,0,5.511101335287094e-07,-1.3259705156087875e-05,-2.4511246010661125e-05,1.8183374777436256e-05,95.6064682006836,76.82040405273438,56.10415267944336,99.856689453125,290.547607421875,283.06201171875,268.830322265625,220.61349487304688,-1.1210784912109375,-3.76104736328125,-7.714508056640625,-5.5642242431640625,1.386505126953125,0.616180419921875,1.67938232421875,2.1063079833984375,4.501073241488737,76.17700831095378,1.7830348988517004,3.8111882108785893,7.8951858462528595,5.949548281100228,1.7632264643907547e-05,-4.443145751953125,0.7198028564453125,170.79786040609775,39.502315521240234,18.78606414794922,20.716251373291016,21.71728515625,7.485595703125,14.231689453125,-2.5062356144189835e-05,4.269462078809738e-05
1982-010,1982-10-18 00:00:00,12.5,81.5,0,50.0,986.0,14.0,15.0,35.0,15.0,30.0,20.0,,,1,1,,,,,0,-1.9627157598733905e-05,1.0174699127674105e-07,1.5138648450374603e-06,3.951811231672764e-05,93.72779083251952,77.35426330566406,77.78205871582031,97.13536834716795,291.081787109375,283.67333984375,268.302001953125,220.2186584472656,0.298187255859375,-3.0162811279296875,-8.966217041015625,-5.021881103515625,-1.536346435546875,-0.287322998046875,0.4955902099609375,2.0321044921875,6.406010409925301,82.95470428466797,1.5650162969038157,3.029935040213145,8.979902988496486,5.417447598732814,5.914526991546154e-05,-5.320068359375,3.568450927734375,146.14815483968744,15.945732116699205,16.373527526855455,-0.42779541015625,22.77978515625,7.408447265625,15.371337890625,2.1141022443771366e-05,3.800424747169018e-05
1982-010,1982-10-18 03:00:00,12.7,81.5,0,55.0,982.0,18.0,,,,,,30.0,25.0,1,1,,,,,0,-1.2476230040192604e-05,-1.0024290531873705e-05,-4.458124749362469e-05,2.451217733323574e-05,94.95799255371094,85.95201110839844,85.1213150024414,108.8175277709961,290.90966796875,282.8453369140625,268.105224609375,220.7052001953125,-1.4206390380859375,-3.457061767578125,-10.21734619140625,-5.38226318359375,-2.1096954345703125,-0.7777557373046875,-0.7676239013671875,-0.10784912109375,4.438677115205634,88.67710622151692,2.543428808357049,3.5434700579743508,10.246141207742259,5.383343608798293,3.6988407373428345e-05,-3.9616241455078125,2.0018463134765625,153.1920965279043,9.836677551269531,9.0059814453125,0.8306961059570312,22.804443359375,8.0643310546875,14.7401123046875,-3.210501745343208e-05,6.909342482686043e-05
1982-010,1982-10-18 12:00:00,14.0,80.5,0,55.0,982.0,18.0,,,,50.0,5.0,30.0,25.0,1,1,,,,,0,3.2372307032346725e-05,3.71693167835474e-05,-0.000157392816618,-3.119360189884901e-05,86.97901916503906,62.29337310791016,93.8768081665039,89.94942474365234,291.686767578125,283.87353515625,267.756591796875,220.81381225585935,-5.7147979736328125,-6.8966827392578125,-11.559417724609377,0.5422515869140625,-4.73162841796875,-6.1535797119140625,-5.878936767578125,0.99603271484375,8.482733713577883,81.0497334798177,7.419381602611309,9.242877045425683,12.968501673254137,1.134071405401719,-6.356590893119574e-05,6.257049560546875,5.7276611328125,42.47077596765294,-6.897789001464844,24.6856460571289,-31.583435058593743,23.93017578125,7.813232421875,16.116943359375,-0.0001897651236503467,0.00012619921471915098
1982-010,1982-10-19 03:00:00,15.0,79.0,0,30.0,996.0,4.0,,,,,,55.0,-25.0,1,1,,,,,0,-0.0001061847433447,6.558327004313469e-05,-9.36654396355152e-06,9.784474968910216e-06,100.98684692382812,101.90304565429688,96.6618194580078,94.0219268798828,290.586181640625,283.0433349609375,269.24267578125,220.2497100830078,-2.8065185546875,-1.6846160888671875,3.528411865234375,-9.789154052734377,-10.623992919921877,-4.6377105712890625,2.2118988037109375,8.511489868164062,20.369680901568326,99.85057067871094,10.988438103768678,4.93419605507488,4.164395107165577,12.97200820397618,0.00011596921831361022,-6.982635498046877,19.135482788085938,110.0472844899725,4.325027465820327,-0.91619873046875,5.241226196289077,21.343505859375,7.5428466796875,13.8006591796875,9.681819938114848e-05,1.9151018932461735e-05
1982-010,1982-10-19 12:00:00,16.0,78.5,0,25.0,997.0,3.0,,,,30.0,-5.0,55.0,-30.0,1,1,,,,,0,-0.0001265788450837,-2.5935238227248192e-05,4.704599268734455e-05,3.408384509384632e-05,99.86859893798828,98.91197204589844,101.40019989013672,101.89576721191406,290.6044921875,282.822021484375,268.4296875,220.8710479736328,-6.211456298828125,-3.62744140625,-3.2692108154296875,1.3569793701171875,-3.5911102294921875,-2.6587982177734375,1.02008056640625,0.7281494140625,8.714196597702157,100.06025695800781,7.174835331393678,4.49750365409659,3.4246611099030133,1.539998240298735,0.00016066269017754633,7.5684356689453125,4.3192596435546875,29.71313674872673,-1.5316009521484375,0.9566268920898438,-2.4882278442382812,22.1748046875,7.782470703125,14.392333984375,0.00017362483777104456,-1.296214759349823e-05
1982-010,1982-10-20 03:00:00,17.0,78.5,0,20.0,998.0,3.0,,,,,,30.0,-10.0,1,1,,,,,0,2.9170187190175056e-05,9.550247341394424e-06,-4.465458914637566e-06,2.7019850676879287e-05,99.81101989746094,97.59564971923828,85.57755279541016,99.4809799194336,289.673095703125,282.3057861328125,268.505859375,219.9821014404297,-7.5259246826171875,-5.9000701904296875,-3.6025238037109375,-3.1558380126953125,6.6266021728515625,6.5933685302734375,10.809677124023438,-1.0994415283203125,8.876339829853658,94.3280741373698,10.027532033639567,8.847787114753446,11.394178218807161,3.3418685247280457,-2.1503365132957697e-06,4.370086669921875,-7.726043701171875,-60.506171647071525,14.233467102050781,2.2153701782226562,12.018096923828125,21.167236328125,7.3673095703125,13.7999267578125,-3.363564610481262e-05,3.148530959151685e-05
1982-010,1982-10-20 12:00:00,18.0,78.3,0,20.0,998.0,3.0,,,,,,25.0,-5.0,1,1,,,,,0,1.3298820704221724e-05,7.520196959376335e-06,-3.9781443774700165e-05,4.953006282448769e-06,96.62692260742188,86.62129974365234,86.92058563232422,106.88592529296876,290.31396484375,282.827880859375,269.128173828125,221.0765686035156,-4.50811767578125,-2.2881011962890625,0.6822662353515625,-1.559417724609375,2.6991119384765625,1.538818359375,-1.91766357421875,-1.18017578125,4.872751236669314,90.05626932779948,5.254362971390352,2.7574207200949594,2.03541661577826,1.9556580770868226,-8.345814421772955e-06,2.948699951171875,-3.8792877197265625,-52.761034893753454,9.706336975097656,10.005622863769531,-0.299285888671875,21.185791015625,7.486083984375,13.69970703125,-5.308026447892189e-05,4.4734450057148933e-05
1982-011,1982-11-28 03:00:00,7.0,88.0,0,25.0,,3.0,,,,,,,,1,1,,,,,0,-1.8141232430934903e-05,1.8463702872395515e-05,2.3765722289681435e-05,-3.310851752758026e-07,91.1630401611328,78.92620849609375,66.58355712890625,101.71321868896484,290.597412109375,282.739501953125,268.4010009765625,220.36703491210935,0.678680419921875,-3.391448974609375,-8.621337890625,-1.3667755126953125,3.859939575195313,3.6806488037109375,-0.0263214111328125,4.994964599609375,2.33926735930825,78.89093526204427,3.9191504993485906,5.004907767745349,8.621378070877668,5.178585391152142,1.78101472556591e-05,-2.0454559326171875,1.135025024414062,150.97407311891016,24.57948303222655,12.236831665039048,12.3426513671875,22.1964111328125,7.85791015625,14.3385009765625,4.190695472061634e-05,-2.4096807464957237e-05
1982-012,1982-12-02 12:00:00,7.5,84.0,0,25.0,,3.0,,,,,,,,1,1,,,,,0,-8.806819096207619e-06,-5.738111212849617e-06,2.2873282432556152e-06,9.293900802731514e-05,94.82785034179688,80.89175415039062,82.91118621826172,99.94642639160156,289.938720703125,282.320556640625,267.76824951171875,219.07415771484375,-5.2769012451171875,-6.5906829833984375,-11.202682495117188,-8.80419921875,-5.3102874755859375,0.9528045654296876,3.638885498046875,-3.5352630615234375,3.9487393767267127,86.21026357014973,7.4863101608258384,6.659199556069887,11.778861691789276,9.487465878600576,0.00010174582712352276,-3.5272979736328125,1.7750244140625,153.28731789377426,11.916664123535156,13.93609619140625,-2.0194320678710938,22.17047119140625,7.6181640625,14.55230712890625,1.1094147339463234e-05,9.065167978405952e-05
1983-002,1983-06-24 03:00:00,18.0,87.0,0,30.0,,4.463400119024003,,,,,,,,1,1,,,,,0,8.84875189512968e-05,-5.298689939081669e-05,-4.2514875531196594e-06,2.2228341549634933e-05,63.76023864746094,60.018775939941406,62.48955154418945,88.25952911376953,297.152099609375,287.626708984375,270.9759521484375,223.93959045410156,1.7049713134765625,1.3340301513671875,-7.377578735351563,-13.812942504882812,14.111801147460938,16.5704345703125,8.69818115234375,0.3788909912109375,20.721932116326972,62.08952204386393,14.214424321978637,16.624046989038632,11.405569839131212,13.81813804484595,-6.625917740166187e-05,-15.517913818359375,-13.73291015625,-138.49208987702085,1.2706871032714844,3.7414627075195312,-2.470775604248047,26.1761474609375,9.525390625,16.6507568359375,-9.273900650441647e-05,2.6479829102754593e-05
1983-002,1983-06-24 12:00:00,18.0,86.5,0,30.0,,4.463400119024003,,,,,,,,1,1,,,,,0,-9.22568142414093e-06,4.5859720557928085e-05,-2.706935629248619e-05,1.0493211448192596e-05,92.41494750976562,72.02818298339844,56.83024215698242,87.29024505615234,293.83349609375,287.42822265625,272.22607421875,225.156005859375,4.819549560546875,0.550018310546875,-6.281524658203125,-14.424957275390623,4.179107666015625,5.792327880859375,7.91339111328125,4.2285308837890625,19.24457029951306,73.75779088338216,6.379106430427238,5.81838314493964,10.103430652178128,15.031961476534018,1.9718892872333527e-05,-19.2445068359375,0.0494232177734375,179.85285486466634,35.5847053527832,20.386764526367188,15.197940826416016,21.607421875,6.4052734375,15.2021484375,-1.784367486834526e-05,3.756256774067879e-05
1983-002,1983-06-24 18:00:00,18.5,86.0,0,30.0,,4.463400119024003,0.0,30.0,0.0,,,,,1,1,,,,,0,1.3221986591815948e-05,-5.55114820599556e-05,7.434911094605923e-05,-1.850887201726437e-05,83.7394790649414,95.50980377197266,46.50161361694336,72.4287338256836,294.4267578125,285.454345703125,273.513916015625,225.05845642089844,1.990753173828125,-3.03924560546875,-6.2009124755859375,-15.346633911132812,12.8931884765625,7.4380340576171875,0.1618194580078125,-1.266937255859375,22.3851323804834,75.25029881795247,13.045972838055075,8.035008680308586,6.203023542343464,15.398840943805352,-3.1730858609080315e-05,-17.337387084960938,-14.160125732421875,-140.7601357658139,37.23786544799805,-11.77032470703125,49.0081901550293,20.912841796875,8.972412109375,11.9404296875,6.112712435424328e-05,-9.285798296332359e-05
1983-002,1983-06-25 03:00:00,19.0,85.5,0,30.0,,4.463400119024003,,,,,,30.0,0.0,1,1,,,,,0,-1.0401476174592972e-05,-2.5671906769275665e-06,4.405737854540348e-05,-2.1161045879125595e-05,93.96588134765624,70.85771942138672,55.38932800292969,54.14101791381836,294.71044921875,287.752685546875,273.31640625,225.6332244873047,-9.388351440429688,-12.642166137695312,-9.878738403320312,-11.919418334960938,-2.750946044921875,2.0321807861328125,5.92523193359375,3.3098602294921875,6.5680798046741895,73.40430959065755,9.783089844782655,12.804457169306998,11.519455104652941,12.370436863044775,-1.0759569704532623e-05,-2.53106689453125,6.0608062744140625,112.66601248576629,38.57655334472655,23.108161926269517,15.468391418457031,21.39404296875,6.957763671875,14.436279296875,5.445885471999645e-05,-6.521842442452908e-05
1983-002,1983-06-25 12:00:00,19.5,85.0,0,30.0,,4.463400119024003,,,,,,30.0,0.0,1,1,,,,,0,2.000248059630394e-05,1.6326084733009338e-06,-5.6171324104070663e-05,5.293893627822399e-05,100.8665008544922,94.5612564086914,73.6259536743164,103.02357482910156,294.247802734375,286.878173828125,273.430908203125,226.91000366210935,-3.1154022216796875,-3.680328369140625,-4.78814697265625,-10.722702026367188,-3.4603424072265625,0.3403778076171875,6.6501007080078125,-3.11431884765625,7.615165304980332,89.6845703125,4.656146537438148,3.6960348965640972,8.19452200304589,11.165810343684239,3.293645568192005e-05,-7.6072998046875,0.3460235595703125,177.39565493190835,27.240547180175795,6.3052444458007955,20.935302734375,20.81689453125,7.36962890625,13.447265625,-7.61738047003746e-05,0.00010911026038229465
1983-002,1983-06-26 03:00:00,20.0,83.5,0,25.0,,3.0995834159888913,,,,,,30.0,-5.0,1,1,,,,,0,-0.0001383484341204,-0.0001263071317225,8.721183985471725e-05,0.0002347703557461,99.5918426513672,100.99500274658205,100.88497161865234,98.99578857421876,292.923583984375,286.158203125,272.452880859375,228.495849609375,2.89739990234375,-3.083251953125,-4.0706939697265625,1.7816162109375,0.3624114990234375,-2.630462646484375,3.81878662109375,4.2583770751953125,4.052594356301209,100.49060567220052,2.919977446612557,4.052872603598429,5.581548230788015,4.616051520252377,0.0003731187898665,-1.11578369140625,3.895965576171875,105.98142930030248,-1.293128967285142,-1.4031600952148438,0.11003112792970171,20.470703125,6.765380859375,13.705322265625,0.00022556027397511725,0.00014755851589138275
1983-002,1983-06-26 12:00:00,21.0,83.0,0,25.0,,3.0995834159888913,,,,,,30.0,-5.0,1,1,,,,,0,-2.024625428020954e-05,-2.9974617063999176e-06,-1.6380567103624344e-05,1.6037141904234886e-05,96.91944122314452,96.18209838867188,88.9577407836914,102.34253692626952,293.448974609375,285.947509765625,272.003173828125,226.80845642089844,2.1237945556640625,2.442474365234375,1.2782440185546875,0.30975341796875,-2.268280029296875,-0.24566650390625,8.079620361328125,-4.53631591796875,2.904261014708307,94.01976013183594,3.1073457493454675,2.4547979664258692,8.180108370563245,4.546879071138794,3.628339618444443e-05,-1.8140411376953125,-2.268035888671875,-128.65383764208266,7.961700439453111,0.737342834472642,7.224357604980469,21.44580078125,7.50146484375,13.9443359375,3.8656871765851974e-06,3.241770900785923e-05
1983-005,1983-10-14 03:00:00,19.0,91.0,1,25.0,,3.0995834159888913,,,,,,,,1,1,,,,,0,4.633096978068352e-06,-7.474329322576523e-06,-9.536044672131538e-06,-3.89230262953788e-06,81.47138977050781,79.31881713867188,91.0973663330078,99.50735473632812,292.081298828125,283.439453125,268.6611328125,222.56802368164065,1.947357177734375,3.0322113037109375,-1.0848388671875,-4.1266937255859375,-3.93212890625,-2.8958892822265625,-9.719802856445312,1.6801300048828125,8.26991804443768,83.9625244140625,4.387919519890994,4.192908313482071,9.78015556808393,4.455607471276825,-8.525399607606232e-06,-6.0740509033203125,5.6122589111328125,137.26290196217442,-9.625976562499986,2.1525726318359375,-11.778549194335923,23.420166015625,8.641845703125,14.7783203125,-1.416914165019989e-05,5.643742042593658e-06
1983-005,1983-10-14 12:00:00,19.5,90.5,0,55.0,,15.001983733386234,,,,,,,,1,1,,,,,0,1.16697046905756e-05,-1.041218638420105e-05,-2.019014209508896e-05,0.0001380373723804,83.58326721191406,60.28562545776367,60.640010833740234,99.81640625,292.244873046875,284.579833984375,269.14404296875,221.51119995117188,5.1706695556640625,5.0079345703125,6.0985565185546875,-0.4563140869140625,-1.0849151611328125,-3.812545776367187,-8.639633178710938,-0.9470062255859376,5.628673359535571,68.16963450113933,5.283262681405026,6.2940379691757755,10.575237731261115,1.0512104152902684,0.0001263676676898244,-5.626983642578125,0.1379089355468749,178.59604737459676,22.943256378173828,23.29764175415039,-0.3543853759765625,23.100830078125,7.6650390625,15.435791015625,-3.185984678566456e-05,0.00015822751447548895
1983-006,1983-11-06 03:00:00,12.0,88.5,0,25.0,,3.0995834159888913,,,,,,,,1,1,,,,,0,-2.0707957446575165e-06,4.055909812450409e-07,-2.0274892449378967e-06,-7.59027898311615e-08,75.92547607421875,65.35139465332031,75.49288177490234,78.13563537597656,292.135986328125,284.25146484375,268.38787841796875,220.01022338867188,1.6645355224609375,1.840484619140625,-1.654510498046875,-6.74420166015625,0.500457763671875,-1.3491058349609375,0.1658935546875,-1.8397369384765625,8.728308670658505,72.25658416748047,1.7381416739592204,2.281988209263768,1.6628065610990874,6.9906285865900095,1.994892954826355e-06,-8.408737182617188,-2.3401947021484375,-164.4478421185349,0.43259429931640625,10.574081420898438,-10.141487121582031,23.74810791015625,7.884521484375,15.86358642578125,4.330649971961975e-08,1.9515864551067352e-06
1983-006,1983-11-06 12:00:00,13.0,87.5,0,40.0,,7.934933544931562,,,,,,,,1,1,,,,,0,-4.779547452926636e-06,-6.001908332109451e-06,-1.4703953638672829e-05,8.742325007915497e-05,89.5084228515625,79.95826721191406,75.05103302001953,88.881103515625,291.425048828125,283.34423828125,268.339111328125,221.09130859375,6.17413330078125,5.236724853515625,-0.5600128173828125,-7.311660766601563,-1.3683929443359375,-2.0010528564453125,-2.711761474609375,0.7487640380859375,13.650970489898334,81.5059076944987,6.323956140417511,5.606023521687738,2.7689826021137525,7.349900050381048,9.22027975320816e-05,-13.485794067382812,2.117156982421875,171.0778651769076,14.457389831542969,9.550155639648438,4.907234191894531,23.0859375,8.080810546875,15.005126953125,-9.924406185746193e-06,0.0001021272037178278
1983-006,1983-11-07 03:00:00,15.5,88.5,0,45.0,,10.042650267804008,,,,,,25.0,20.0,1,1,,,,,0,-5.390960723161697e-06,-7.567461580038071e-06,4.051206633448601e-05,2.0035309717059135e-05,92.78514862060548,68.65596771240234,87.73114013671875,51.494083404541016,291.1591796875,283.78076171875,269.1981201171875,221.1295623779297,-5.140838623046875,-4.0394287109375,-1.2836761474609375,-3.1901092529296875,0.8080596923828125,-0.5897216796875,-4.529205322265625,5.9230499267578125,5.474346552163958,83.05741882324219,5.203958321764722,4.082248886366391,4.707602925353775,6.727504550759765,2.5426270440220833e-05,1.9507293701171875,5.114990234375,69.12439968598875,5.054008483886733,24.12918090820314,-19.075172424316406,21.9610595703125,7.37841796875,14.5826416015625,4.5903027057647705e-05,-2.0476756617426872e-05
1983-006,1983-11-07 12:00:00,15.5,88.5,1,45.0,,10.042650267804008,,,,,,40.0,5.0,1,1,,,,,0,-9.189825505018234e-07,-3.021908923983574e-06,9.291572496294975e-06,2.05084215849638e-05,90.22093963623048,69.94245910644531,84.04341125488281,60.18815994262695,291.571044921875,283.867431640625,269.32421875,221.42567443847656,0.01220703125,-0.257659912109375,0.4100189208984375,-1.965087890625,-0.260589599609375,-2.9539642333984375,-8.13525390625,9.741973876953123,10.196125308701085,81.4022699991862,0.2608753553644208,2.9651801500929804,8.145579883264947,9.938190249593639,2.1427404135465622e-05,-1.977294921875,10.002563476562498,101.18199678030518,6.1775283813476705,20.27848052978517,-14.1009521484375,22.246826171875,7.70361328125,14.543212890625,1.0210555046796799e-05,1.1216849088668823e-05
1983-006,1983-11-08 03:00:00,17.0,89.0,0,65.0,,20.953183892084905,,,,,,45.0,20.0,1,1,,,,,0,-9.511364623904228e-06,1.3635959476232529e-05,-2.3923348635435104e-06,-7.342547178268433e-06,94.09590911865234,84.62045288085938,96.44046783447266,11.353437423706056,291.110107421875,283.469970703125,269.737060546875,221.56214904785156,-2.6349639892578125,-4.2294158935546875,3.258941650390625,-2.61456298828125,2.0263519287109375,-4.8956298828125,-0.817657470703125,9.842529296875,7.81620399244038,91.7189432779948,3.324024272425817,6.469555684136255,3.359950062135954,10.18387561685299,2.1688174456357956e-06,0.0204010009765625,7.8161773681640625,89.85045265168019,-2.3445587158203125,9.475456237792969,-11.820014953613281,21.373046875,7.64013671875,13.73291015625,7.119029760360718e-06,-4.950212314724922e-06
1984-002,1984-07-31 03:00:00,20.0,88.5,0,25.0,,3.0995834159888913,,,,,,,,1,1,,,,,0,5.791429430246353e-06,2.7071451768279076e-05,6.327405571937561e-06,-3.9593782275915146e-05,90.33750915527344,76.35603332519531,66.48536682128906,85.2349853515625,293.209228515625,284.9423828125,271.9134521484375,223.71072387695312,-7.41015625,-7.7050933837890625,-13.196456909179688,-19.69105529785156,9.821746826171877,8.115829467773438,3.76397705078125,-12.531158447265623,25.50436934305162,77.72630310058594,12.303541212465271,11.190851263549598,13.72275475969181,23.34025687034152,-4.53852117061615e-05,-12.280899047851559,-22.3529052734375,-118.78481277251288,23.852142333984375,13.981475830078125,9.87066650390625,21.2957763671875,8.266845703125,13.0289306640625,5.359761416912079e-07,-4.592118784785271e-05
1984-002,1984-07-31 12:00:00,20.0,86.5,0,25.0,,3.0995834159888913,,,,,,,,1,1,,,,,0,-9.938143193721771e-06,1.2159813195466995e-05,-3.225170075893402e-06,-4.0512531995773315e-08,95.0757293701172,67.14588928222656,45.70695495605469,76.59080505371094,293.254638671875,285.70361328125,272.705322265625,224.91656494140625,-7.0853118896484375,-6.5782470703125,-9.816604614257812,-14.491531372070312,-2.976470947265625,-0.8682403564453125,-1.459808349609375,-14.704116821289062,13.87046375462278,69.30952453613281,7.6851170370730095,6.635297720120422,9.924553721465617,20.644988084322403,9.897630661725998e-06,-7.406219482421875,-11.727645874023438,-122.27314801882558,49.368774414062514,27.92984008789064,21.438934326171875,20.54931640625,7.551025390625,12.998291015625,6.712973117828369e-06,3.1846575438976288e-06
1984-002,1984-08-01 03:00:00,20.5,85.0,0,25.0,,3.0995834159888913,,,,,,25.0,0.0,1,1,,,,,0,-1.0143499821424484e-05,2.6754802092909813e-05,-1.614447683095932e-06,1.2715579941868782e-05,99.05802154541016,82.23554992675781,78.24870300292969,97.93942260742188,292.664306640625,285.63623046875,271.303955078125,225.7089385986328,-2.501617431640625,-3.785110473632813,-2.6586761474609375,-9.54876708984375,4.0691375732421875,4.334442138671875,1.0645751953125,0.249298095703125,8.015827589168714,86.51409149169922,4.776606574154873,5.754515613941736,2.863892317031557,9.55202085825844,2.2859079763293266e-05,-7.047149658203125,-3.8198394775390625,-151.54052029713498,20.80931854248047,16.822471618652344,3.986846923828125,21.3603515625,7.028076171875,14.332275390625,8.529052138328552e-06,1.4330027624964714e-05
1984-002,1984-08-01 12:00:00,21.0,84.0,0,25.0,,3.0995834159888913,,,,,,25.0,0.0,1,1,,,,,0,1.587020233273506e-05,9.350478649139404e-07,4.593748599290848e-07,-3.893254324793816e-05,98.2571258544922,93.93113708496094,88.47267150878906,99.13440704345705,292.803955078125,285.8056640625,270.95556640625,226.5617218017578,0.360443115234375,0.0250091552734375,-2.072113037109375,-6.550262451171875,7.682266235351563,6.5577545166015625,4.4900360107421875,0.0647125244140625,10.28518234960256,93.55364481608073,7.6907173755211256,6.557802204843913,4.945106249244828,6.550582103145355,-5.4802745580673225e-05,-6.91070556640625,-7.617553710937501,-132.2145661800559,9.78445434570314,4.325988769531264,5.458465576171875,21.848388671875,6.998291015625,14.85009765625,-1.5410827472805977e-05,-3.939191810786725e-05
1984-002,1984-08-02 03:00:00,22.0,82.0,0,25.0,,3.0995834159888913,,,,,,25.0,0.0,1,1,,,,,0,-2.8192298486828804e-05,3.371690399944782e-05,4.3322332203388214e-05,-8.216593414545059e-07,99.33393096923828,94.78564453125,96.3372802734375,97.82738494873048,292.74267578125,285.51806640625,271.5146484375,224.67056274414065,-2.9884796142578125,-2.6465606689453125,1.0624542236328125,-5.552642822265625,3.844802856445313,4.957244873046875,4.0645294189453125,-2.119781494140625,6.492395508019793,96.81895192464192,4.8696529044444805,5.619480412436526,4.201096092067774,5.943510401653136,2.7370639145374298e-05,-2.5641632080078125,-5.9645843505859375,-113.26277505649217,2.9966506958007812,4.548286437988281,-1.5516357421875,21.22802734375,7.224609375,14.00341796875,7.151463069021702e-05,-4.414399154484272e-05
1984-002,1984-08-02 12:00:00,23.0,80.5,0,25.0,,3.0995834159888913,,,,,,25.0,0.0,1,1,,,,,0,1.0836869478225708e-05,-8.273404091596603e-06,8.61799344420433e-06,-8.930684998631477e-05,97.07037353515624,89.562744140625,94.6032257080078,102.0457000732422,293.7509765625,286.114013671875,272.484375,226.12538146972656,-3.0862274169921875,-1.64276123046875,-4.7280426025390625,-5.207244873046875,0.4001617431640625,-0.62811279296875,3.085357666015625,-2.2432861328125,3.3891786205353207,93.74544779459636,3.112061871185464,1.7587467529528535,5.645690283629252,5.669896986854508,-0.00010014371946454048,-2.1210174560546875,-2.6434478759765625,-128.74243528099055,2.4671478271484375,7.507629394531236,-5.040481567382798,21.2666015625,7.636962890625,13.629638671875,-2.2188760340213776e-06,-9.79248434305191e-05
1984-002,1984-08-03 03:00:00,23.5,79.0,0,25.0,,3.0995834159888913,,,,,,25.0,0.0,1,1,,,,,0,3.236229531466961e-05,5.687586963176727e-06,-5.317805334925651e-05,4.262244328856468e-05,99.14669036865234,86.77218627929688,95.6103286743164,98.47052001953124,292.732421875,285.50341796875,271.7763671875,225.41065979003903,2.401580810546875,3.6002655029296875,1.2453765869140625,-3.4405517578125,-1.7541351318359375,0.5599365234375,3.4363555908203125,-0.4434967041015625,5.987343821306685,93.8430684407552,2.973983935788502,3.6435478042513494,3.6550653331774714,3.4690179769980483,1.0260147973895073e-05,-5.842132568359375,1.310638427734375,167.35548012996927,3.5363616943359375,12.374504089355469,-8.838142395019531,20.9560546875,7.22900390625,13.72705078125,-8.554034866392612e-05,9.58004966378212e-05
1984-002,1984-08-03 12:00:00,24.0,77.0,0,25.0,,3.0995834159888913,,,,,,25.0,0.0,1,1,,,,,0,-2.4289125576615337e-05,-2.865167334675789e-05,5.240016616880894e-05,4.150788299739361e-05,96.73699951171876,98.49020385742188,95.78913879394533,94.7954559326172,292.964599609375,285.77685546875,271.892822265625,227.01983642578125,3.895553588867187,6.924896240234375,-1.0092315673828125,-5.5606231689453125,-2.843505859375,-2.4022979736328125,-0.8152618408203125,-3.0173187255859375,9.457774039775629,97.00544738769531,4.822951724414829,7.329749210725597,1.297382066200891,6.326511069996081,6.579700857400894e-05,-9.4561767578125,-0.1738128662109375,-178.94697163577206,0.9478607177734375,-1.7532043457031108,2.7010650634765483,21.07177734375,7.187744140625,13.884033203125,7.668929174542427e-05,-1.0892283171415329e-05
1984-002,1984-08-04 03:00:00,25.0,75.0,0,25.0,,3.0995834159888913,,,,,,25.0,0.0,1,1,,,,,0,8.19074921309948e-06,-3.021908923983574e-06,1.744646579027176e-05,-2.732686698436737e-05,99.55841064453124,90.4658203125,89.9244384765625,107.9899673461914,292.09814453125,286.0341796875,272.4375,224.8848876953125,-2.4013519287109375,-3.874786376953125,-1.436676025390625,-7.3972625732421875,-8.785659790039062,-5.112823486328125,-1.3164520263671875,-1.1342926025390625,9.137972587291577,93.31622314453125,9.107925616287881,6.415211100920219,1.9486107717187848,7.483723223480707,-3.551761619746685e-05,-4.99591064453125,7.6513671875,123.14226801314229,9.633972167968736,9.092590332031236,0.5413818359375,19.66064453125,6.06396484375,13.5966796875,9.25571657717228e-06,-4.477333277463913e-05
1984-002,1984-08-04 12:00:00,26.0,73.0,0,25.0,,3.0995834159888913,,,,,,25.0,0.0,1,1,,,,,0,-1.7701881006360054e-05,3.9348378777503974e-08,-2.648192457854748e-05,2.200552262365818e-05,89.78202819824219,71.24021911621094,91.45684051513672,74.23529815673828,293.516845703125,287.26416015625,271.529296875,225.8788146972656,-5.60150146484375,-7.362152099609375,-11.09271240234375,-2.843109130859375,-7.3832855224609375,-14.52227783203125,-8.188705444335938,2.9599456787109375,10.704726056704072,84.15969594319661,9.267670892237593,16.281825357388186,13.78779044282324,4.104211002238494,3.9707403630018234e-05,2.758392333984375,10.343231201171875,75.06756221060895,-1.6748123168945312,18.54180908203125,-20.21662139892578,21.987548828125,6.252685546875,15.73486328125,-8.780043572187427e-06,4.848744720220566e-05
1984-002,1984-08-05 03:00:00,25.5,71.5,0,25.0,,3.0995834159888913,,,,,,25.0,0.0,1,1,,,,,0,7.621711120009422e-06,-9.819632396101952e-06,2.074381336569786e-05,6.671063601970673e-05,96.53103637695312,99.91046142578124,97.46619415283205,101.61468505859376,292.3359375,285.039794921875,271.10546875,226.14425659179688,0.409515380859375,-5.5405120849609375,-8.524169921875,-3.768707275390625,-7.305694580078125,-7.17718505859375,-7.1138458251953125,3.271484375,11.372522113099995,97.96923065185547,7.317163121356752,9.066932200524032,11.10262470236868,4.990567557247509,5.9088924899697304e-05,-4.17822265625,10.577178955078125,111.55513030590879,-0.9351577758789205,-3.379425048828111,2.4442672729491903,21.23046875,7.296142578125,13.934326171875,1.3122102245688438e-05,4.5966822654008865e-05
1984-002,1984-08-05 12:00:00,25.5,70.5,0,25.0,,3.0995834159888913,,,,,,25.0,0.0,1,1,,,,,0,-3.728014416992664e-05,-5.6216027587652206e-05,0.0001615893561393,3.5390257835388184e-08,100.22346496582033,99.58877563476562,99.0882797241211,98.3491439819336,293.1943359375,286.134521484375,271.93212890625,226.78843688964844,-2.9464263916015625,-4.322784423828125,-4.569244384765625,-3.730072021484375,-8.814773559570312,-6.21240234375,-3.033966064453125,4.8063201904296875,13.643617387611084,99.63350677490234,9.294173518265413,7.568382129327347,5.484792095236188,6.083925628933394,3.731553442776203e-05,-0.7836456298828125,13.62109375,93.29269795906833,1.135185241699233,0.6346893310547017,0.5004959106445312,21.26220703125,7.059814453125,14.202392578125,0.00019886950030922665,-0.00016155396588146462
1984-002,1984-08-06 03:00:00,25.5,69.0,0,25.0,,3.0995834159888913,,,,,,25.0,0.0,1,1,,,,,0,0.0001105773262679,1.0627089068293571e-05,-3.683590330183506e-05,-3.312993794679642e-05,96.65701293945312,88.90347290039062,95.06607818603516,100.5745620727539,291.972412109375,285.771728515625,271.95654296875,225.7718811035156,-1.402679443359375,-2.57440185546875,-8.004531860351562,1.76611328125,-4.0062103271484375,-3.5471343994140625,6.0165863037109375,5.3095245361328125,9.839927000465554,93.5421880086263,4.244670871360199,4.382888016017236,10.01358282800843,5.595552423309427,-0.00014370726421469643,3.168792724609375,9.31573486328125,71.21401243962654,1.5909347534179688,7.7535400390625,-6.162605285644531,20.015869140625,6.20068359375,13.815185546875,-0.00014741322956973507,3.705965355038643e-06
1984-002,1984-08-06 12:00:00,25.0,67.0,0,25.0,,3.0995834159888913,,,,,,25.0,0.0,1,1,,,,,0,-9.704451076686382e-05,3.0980445444583893e-06,2.6775524020195007e-08,-2.448935993015766e-05,91.71307373046876,97.55526733398438,99.3796157836914,102.21310424804688,292.90234375,284.653076171875,270.314453125,225.26527404785156,1.61529541015625,3.2353668212890625,1.510467529296875,-7.628524780273437,-10.170623779296877,-9.344619750976562,-6.455108642578125,3.9692535400390625,16.893322418010804,96.21598561604817,10.29809532496524,9.888858213092114,6.6294750730768275,8.599381604996868,7.255515083670616e-05,-9.243820190429688,14.13987731933594,123.17429845232581,-7.666542053222642,-5.842193603515611,-1.8243484497070312,22.587890625,8.249267578125,14.338623046875,9.707128629088402e-05,-2.4516135454177856e-05
1984-003,1984-08-15 03:00:00,20.0,90.0,0,25.0,,3.0995834159888913,,,,,,,,1,1,,,,,0,-5.0355214625597e-05,-2.4974113330245015e-05,4.6196626499295235e-05,-3.141211345791817e-05,95.63240814208984,90.22197723388672,98.17769622802734,98.47698974609376,293.251708984375,285.32373046875,271.6990966796875,225.2154235839844,7.9609222412109375,8.733779907226562,0.5973663330078125,-7.673690795898437,1.8432464599609375,2.9350433349609375,8.376815795898438,0.9245758056640624,15.661579760395076,94.67736053466797,8.171526200335254,9.213760950120914,8.398088438104518,7.729189533934055,1.8943101167678833e-05,-15.634613037109375,-0.9186706542968751,-176.63723691365115,-2.5452880859375,5.410430908203125,-7.955718994140625,21.5526123046875,7.927978515625,13.6246337890625,9.655184112489223e-05,-7.76087399572134e-05
1984-003,1984-08-15 12:00:00,21.0,87.0,0,25.0,,3.0995834159888913,,,,25.0,0.0,,,1,1,,,,,0,-2.3951055482029915e-05,2.7598347514867783e-05,7.10412859916687e-06,-5.585583858191967e-05,100.14446258544922,95.52072143554688,80.5052261352539,101.06623077392578,292.9736328125,285.603271484375,272.6103515625,226.8515625,5.1014556884765625,3.061004638671875,-5.71368408203125,-3.3343963623046875,-2.2846832275390625,-0.7134246826171875,0.55596923828125,-6.2432708740234375,9.3184771275981,92.05680338541667,5.589689400287657,3.143043775663675,5.740669611044718,7.077897308338128,-3.1904783099889755e-05,-8.43585205078125,-3.958587646484375,-154.86132584737874,19.639236450195312,4.623741149902344,15.015495300292969,20.36328125,7.370361328125,12.992919921875,3.1055184081196785e-05,-6.295996718108654e-05
1984-003,1984-08-16 03:00:00,21.7,86.5,0,25.0,,3.0995834159888913,,,,,,25.0,0.0,1,1,,,,,0,5.754316225647926e-05,8.871546015143394e-06,-2.2083986550569534e-06,4.127155989408493e-06,100.01497650146484,61.3891716003418,88.57196044921875,92.79846954345705,292.293212890625,286.9638671875,271.0186767578125,225.94969177246097,-7.3173370361328125,-6.11737060546875,-9.253448486328123,-7.740234375,3.838531494140625,10.040206909179688,7.2382659912109375,5.9957733154296875,2.198302625831917,83.32536951700847,8.263034874177308,11.757039504220126,11.74814042513321,9.79083887263754,-5.341600626707077e-05,-0.4228973388671875,2.1572418212890625,101.09138905498776,11.443016052246094,38.62580490112305,-27.182788848876953,21.2745361328125,5.329345703125,15.9451904296875,-5.975156091153622e-05,6.3355546444654465e-06
1984-003,1984-08-16 12:00:00,22.0,85.5,0,25.0,,3.0995834159888913,,,,,,25.0,0.0,1,1,,,,,0,-7.145572453737259e-06,1.1878786608576776e-05,9.33767296373844e-06,-4.375120624899864e-06,99.66438293457033,98.98991394042967,100.78594970703124,99.74565887451172,292.83154296875,285.022705078125,271.306396484375,227.095458984375,2.1030426025390625,2.6435699462890625,0.4402008056640625,-1.2186431884765625,5.1380767822265625,3.786773681640625,2.179473876953125,0.280548095703125,5.884656441512385,99.81341552734375,5.55181242551925,4.61823743184441,2.223484456799367,1.2505192740709647,2.7704518288373947e-06,-3.321685791015625,-4.8575286865234375,-124.36518585917165,-1.121566772460909,0.6744689941406534,-1.7960357666015625,21.525146484375,7.808837890625,13.71630859375,1.64832454174757e-05,-1.3712793588638304e-05
1984-003,1984-08-17 03:00:00,23.0,84.0,0,25.0,,3.0995834159888913,,,,,,25.0,0.0,1,1,,,,,0,7.470045238733292e-05,1.0331394150853155e-05,-1.002172939479351e-05,-2.373289316892624e-05,99.71641540527344,90.38507843017578,85.77047729492188,49.63736724853515,291.027099609375,285.907470703125,272.11181640625,224.99134826660156,-8.337371826171875,-6.721588134765625,-5.72412109375,-11.650894165039062,2.401397705078125,3.399566650390625,3.8711090087890625,2.075042724609375,3.3295552050459585,91.9573237101237,8.6763171856381,7.532383451728289,6.91021325675565,11.834235807769574,-9.843334555625916e-05,-3.3135223388671875,-0.32635498046875,-174.3749740506301,13.945938110351562,9.331336975097656,4.614601135253906,18.915283203125,5.11962890625,13.795654296875,-8.472218178212643e-05,-1.3711163774132729e-05
1984-003,1984-08-17 12:00:00,24.0,82.5,0,25.0,,3.0995834159888913,,,,,,25.0,0.0,1,1,,,,,0,2.4095643311738968e-05,-2.2598542273044583e-05,1.7970101907849312e-05,-9.335344657301904e-06,91.69261932373048,96.33677673339844,79.8987808227539,33.594444274902344,292.99658203125,285.81396484375,272.6373291015625,225.78224182128903,-7.213516235351563,-7.340988159179688,-8.12689208984375,-11.1580810546875,-0.8277130126953125,-1.36114501953125,-1.677337646484375,-4.7824249267578125,5.585636753063221,89.30939229329427,7.260848800867963,7.466111633066514,8.298182729988456,12.139784223908206,-3.343098796904087e-05,-3.9445648193359366,-3.9547119140625,-134.92640017535868,11.793838500976577,-4.6441574096679545,16.43799591064453,20.3592529296875,7.1826171875,13.1766357421875,-6.125541403889656e-06,-2.7305446565151215e-05
1984-003,1984-08-18 03:00:00,23.5,80.5,0,25.0,,3.0995834159888913,,,,,,25.0,0.0,1,1,,,,,0,-1.5317928045988085e-06,-4.155095666646957e-06,1.2163305655121803e-05,4.338566213846207e-06,101.2190399169922,98.29190826416016,76.44007873535156,89.46002960205078,292.211181640625,284.83056640625,271.51513671875,225.2702484130859,-4.9074249267578125,-3.76239013671875,-3.706573486328125,-9.61358642578125,-4.106109619140625,-2.7418212890625,0.431488037109375,-1.27874755859375,5.4901668714448375,91.98367563883464,6.398668268957462,4.655444503163461,3.7316040700641238,9.698259600803382,5.870359018445015e-06,-4.7061614990234375,2.827362060546875,149.00344445835754,24.77896118164064,2.9271316528320455,21.851829528808594,20.696044921875,7.380615234375,13.3154296875,1.3695098459720612e-05,-7.824739441275597e-06
1984-003,1984-08-18 12:00:00,23.5,78.5,0,25.0,,3.0995834159888913,,,,,,25.0,0.0,1,1,,,,,0,-3.225659020245075e-05,5.72926364839077e-06,-8.302740752696991e-07,5.607772618532181e-05,93.95841979980467,92.45197296142578,80.03632354736328,42.459102630615234,293.3984375,285.708740234375,272.249755859375,226.4719390869141,1.8261260986328125,1.2470703125,-4.54425048828125,-9.1728515625,-3.3380279541015625,-4.758514404296875,-3.5709381103515625,-4.94830322265625,11.116226699317425,88.81557210286458,3.804887271716648,4.9192116949994835,5.779430031430917,10.422423449995156,8.833431638777256e-05,-10.998977661132812,-1.6102752685546875,-171.6709389325412,13.922096252441392,1.506446838378892,12.4156494140625,21.148681640625,7.689697265625,13.458984375,3.142631612718105e-05,5.690800026059151e-05
1984-004,1984-10-13 03:00:00,19.5,87.5,1,25.0,,3.0995834159888913,,,,,,,,1,1,,,,,0,-3.7579797208309174e-05,2.4848151952028275e-05,4.162546247243881e-06,-8.608447387814522e-06,96.69182586669922,85.65605926513672,73.67749786376953,110.36468505859376,291.86767578125,284.301025390625,271.1328125,222.8165740966797,-0.9947052001953124,-2.5753021240234375,-10.658706665039062,-7.16986083984375,-8.906280517578125,-8.879608154296875,3.7435455322265625,8.324844360351562,18.30421295037537,85.34179433186848,8.961655600004235,9.245519022956753,11.296997872142917,10.98680745652722,2.8971349820494652e-05,-6.1751556396484375,17.231124877929688,109.7162665370129,23.014328002929688,11.0357666015625,11.978561401367188,20.73486328125,7.566650390625,13.168212890625,4.1742343455553055e-05,-1.2770993635058403e-05
1984-004,1984-10-13 12:00:00,20.5,87.5,0,65.0,,20.953183892084905,,,,25.0,40.0,,,1,1,,,,,0,-3.423378802835941e-05,4.310859367251396e-06,5.214451812207699e-05,-1.3164477422833444e-05,99.82343292236328,87.53314971923828,50.15483856201172,76.09649658203125,291.98291015625,285.29638671875,272.991943359375,221.7744598388672,-3.3194427490234375,-7.052520751953125,-7.9467315673828125,-12.441650390625,-10.471633911132812,-9.29595947265625,3.92999267578125,6.559814453125,19.320582435342732,79.17047373453777,10.98516349140198,11.668457973271229,8.865403828124963,14.065057060032386,2.106931060552597e-05,-9.122207641601562,17.031448364257812,118.17393041541074,49.66859436035156,12.290283203125,37.37831115722656,18.990966796875,6.6865234375,12.304443359375,8.63783061504364e-05,-6.530899554491043e-05
1984-004,1984-10-14 03:00:00,20.7,86.8,0,55.0,,15.001983733386234,,,,,,25.0,30.0,1,1,,,,,0,8.106324821710587e-05,5.425186827778816e-06,-1.2445030733942986e-05,-5.505979061126709e-06,100.04336547851562,91.91966247558594,74.87374877929688,45.12908935546875,292.455322265625,285.183349609375,271.4638671875,221.8651123046875,-2.3582916259765625,-0.517242431640625,-0.7475433349609375,-5.592742919921875,-7.29400634765625,-3.3336334228515625,4.2245941162109375,7.169677734375,14.820925490592977,88.94559224446614,7.665772498111384,3.3735221254710233,4.290223360661843,9.093022169945968,-8.656922727823257e-05,-3.2344512939453125,14.46368408203125,102.6054133988317,25.16961669921875,8.123703002929688,17.045913696289062,20.991455078125,7.27197265625,13.719482421875,-9.350827895104885e-05,6.9390516728162766e-06
1984-004,1984-10-14 12:00:00,21.5,86.0,0,35.0,,8.0,,,,,,65.0,-30.0,1,1,,,,,0,-2.2936146706342697e-05,2.338946796953678e-05,2.5696586817502975e-05,-2.395687624812126e-05,97.63899230957033,88.68445587158203,64.80199432373047,90.35797882080078,292.419189453125,284.87255859375,272.124267578125,221.7332305908203,-2.6084747314453125,-2.1117706298828125,-2.0252685546875,-6.8907623291015625,-9.332443237304688,-5.7138214111328125,1.961700439453125,8.339569091796875,18.183454205099707,83.70848083496094,9.690130917696761,6.091578638707327,2.819571125677907,10.818087544155803,-1.0207295417785645e-06,-4.28228759765625,17.672012329101562,103.62137065800763,32.83699798583986,8.954536437988295,23.882461547851562,20.294921875,7.546630859375,12.748291015625,4.863273352384567e-05,-4.965346306562424e-05
1984-005,1984-11-09 12:00:00,9.5,87.5,0,25.0,,3.0995834159888913,,,,,,,,1,1,,,,,0,6.348825991153717e-06,-2.346467226743698e-06,-1.42811331897974e-05,8.173612877726555e-05,85.82980346679688,76.48448181152344,84.91934204101562,98.8095474243164,290.608642578125,282.69873046875,267.4473876953125,219.22027587890625,-6.0456390380859375,-6.94976806640625,-5.8258209228515625,-4.3226165771484375,2.99481201171875,2.828765869140625,2.7819671630859375,1.619964599609375,2.204316630495484,82.41120910644531,6.7467510969624165,7.50341205847413,6.455968612193174,4.61619966823642,7.538730278611183e-05,1.7230224609375,-1.374847412109375,-38.58733750110092,0.91046142578125,9.345321655273438,-8.434860229492188,23.1612548828125,7.909912109375,15.2513427734375,-2.062995918095112e-05,9.601726196706295e-05
1984-005,1984-11-10 03:00:00,9.5,87.5,0,30.0,,5.0,,,,,,,,1,1,,,,,0,-1.8914928659796715e-05,-1.4582416042685509e-05,2.694525755941868e-05,-2.220289024990052e-05,86.60147857666016,81.77151489257812,79.54365539550781,104.57343292236328,290.424560546875,282.243896484375,267.6561584472656,220.50086975097656,-5.591278076171875,-5.1800994873046875,-4.1100311279296875,0.16314697265625,9.30108642578125,8.4390869140625,2.807525634765625,2.4341583251953125,8.959247132499325,82.63888295491536,10.852308474464431,9.902101728495584,4.977404550809298,2.439619578295876,-3.287961590103805e-06,5.754425048828125,-6.8669281005859375,-50.03728994817942,7.057823181152344,4.829963684082031,2.2278594970703125,22.768402099609375,8.1806640625,14.587738037109375,4.586018621921539e-05,-4.91481478093192e-05
1984-005,1984-11-10 12:00:00,10.0,86.0,0,30.0,,5.0,,,,,,25.0,5.0,1,1,,,,,0,-8.760020136833191e-06,-7.357215508818626e-06,-1.4516524970531464e-05,-2.1677115000784397e-05,91.44387817382812,82.16656494140625,83.4393539428711,100.37467956542967,290.4326171875,282.511962890625,268.03765869140625,219.98500061035156,-3.282257080078125,-2.5244140625,-3.1661834716796875,-1.6591796875,10.2623291015625,7.93707275390625,5.7466888427734375,2.92645263671875,7.513285814458721,85.68326568603516,10.774442450934506,8.328852877782673,6.561185139286526,3.3640752474299265,-1.2917094863951206e-05,1.623077392578125,-7.33587646484375,-77.52417642294972,8.004524230957031,9.277313232421875,-1.2727890014648438,22.39495849609375,7.920654296875,14.47430419921875,-5.756504833698273e-06,-7.1605900302529335e-06
1984-005,1984-11-11 03:00:00,10.5,82.5,0,30.0,,5.0,,,,,,30.0,0.0,1,1,,,,,0,1.3899989426136017e-06,-1.96150504052639e-05,-3.911205567419529e-05,9.50968824326992e-05,94.90612030029295,82.03460693359375,88.5752944946289,109.2489242553711,290.57666015625,282.690185546875,268.2538146972656,219.8221435546875,-2.6578826904296875,-4.9745941162109375,-1.725830078125,-7.2075347900390625,5.0787200927734375,6.4443206787109375,3.795578002929687,2.6241607666015625,5.169545019939116,88.50534057617188,5.7321669704245695,8.140998441905138,4.169520576143576,7.6703831376662235,9.37068834900856e-05,-4.549652099609375,-2.454559326171875,-151.65292372453067,6.330825805664048,12.871513366699205,-6.540687561035156,22.322845458984375,7.886474609375,14.436370849609375,-4.050205461680889e-05,0.0001342089381068945
1984-005,1984-11-11 12:00:00,11.0,81.5,1,40.0,,8.0,5.0,35.0,5.0,,,30.0,10.0,1,1,,,,,0,-3.8847094401717186e-05,-1.0865507647395134e-05,-5.277339369058609e-06,2.199341543018818e-05,95.47772216796876,92.27644348144533,96.4070816040039,101.18414306640624,290.399169921875,282.0048828125,267.8694152832031,220.89895629882812,-2.6779327392578125,-1.53192138671875,0.353485107421875,-5.2469024658203125,1.7562103271484375,2.6236572265625,6.3675689697265625,3.950851440429687,3.378765317700975,94.72041575113933,3.2024363333517925,3.0381508154764023,6.377372994062183,6.568044807260119,6.0840509831905365e-05,-2.5689697265625,2.1946411132812496,139.4931182674547,-0.929359436035142,3.2012786865234375,-4.1306381225585795,22.529754638671875,8.394287109375,14.135467529296875,3.356975503265858e-05,2.7270754799246788e-05
1984-005,1984-11-12 03:00:00,12.0,80.5,1,55.0,,15.001983733386234,,,,,,30.0,25.0,1,1,,,,,0,-4.3432461097836494e-05,-6.0265883803367615e-06,8.573551895096898e-06,3.0116643756628036e-05,93.30987548828124,82.96870422363281,96.26571655273438,95.95647430419922,290.861083984375,280.30810546875,267.2984924316406,220.12435913085935,-8.41357421875,-9.48724365234375,-7.898574829101563,-7.6154937744140625,8.134658813476562,6.5087127685546875,5.6286468505859375,3.8995208740234375,4.309678150607851,90.84809875488281,11.70302974216876,11.505265491177664,9.698925182695646,8.555817230112146,7.354910485446453e-05,0.7980804443359375,-4.235137939453125,-79.32818032452073,-2.955841064453139,10.341171264648423,-13.297012329101562,23.562591552734375,10.552978515625,13.009613037109375,5.200601299293339e-05,2.154309186153114e-05
1984-005,1984-11-12 12:00:00,12.5,80.5,0,90.0,,40.17060107121603,,,,,,40.0,50.0,1,1,,,,,0,-5.334313027560711e-05,8.549541234970093e-06,5.12879341840744e-06,2.2544991225004196e-05,93.55359649658205,82.34223937988281,91.41393280029295,98.39398956298828,291.0146484375,282.18408203125,267.55029296875,221.05929565429688,1.8882293701171875,0.275115966796875,-0.865997314453125,2.334259033203125,2.359283447265625,4.826019287109375,5.9453582763671875,7.45672607421875,5.116919365734751,89.10325622558594,3.021858457756538,4.8338546683509485,6.008097567700432,7.813547784459001,7.58881215006113e-05,0.4460296630859375,5.097442626953125,84.9993171058216,2.139663696289091,11.211357116699233,-9.071693420410142,23.46435546875,8.83056640625,14.6337890625,5.847192369401455e-05,1.7416197806596756e-05
1984-005,1984-11-13 03:00:00,13.5,80.5,0,90.0,,40.17060107121603,,,,,,55.0,35.0,1,1,,,,,0,3.824615851044655e-05,-1.7494894564151764e-06,9.438861161470412e-05,5.657318979501724e-05,102.26093292236328,84.95384216308594,101.40513610839844,99.57324981689452,290.054931640625,282.260986328125,268.225830078125,220.6628875732422,8.309585571289062,7.0821685791015625,6.54864501953125,-1.919891357421875,-2.8848419189453125,-1.9659576416015625,-4.8164520263671875,-1.7044677734375,10.297353123905806,96.20663706461589,8.79610852956462,7.349972872833275,8.12914274165044,2.567331925363411,1.8327031284570694e-05,-10.229476928710938,1.1803741455078125,173.4177796105588,0.8557968139648438,17.307090759277344,-16.4512939453125,21.8291015625,7.7939453125,14.03515625,5.614245310425757e-05,-3.7815421819686876e-05
1984-005,1984-11-13 12:00:00,13.5,80.3,0,102.0,,51.59690537591748,,,,,,90.0,12.0,1,1,,,,,0,6.265472620725632e-07,-3.380747511982918e-05,2.7611851692199707e-05,3.3345771953463554e-05,101.55628967285156,82.84229278564453,97.4498291015625,98.41190338134766,290.30224609375,282.873291015625,267.7655334472656,220.05194091796875,12.503997802734377,9.820938110351562,8.367889404296875,-0.1364288330078125,-8.306793212890625,-9.517242431640623,-14.700149536132812,-2.267913818359375,14.008870399688716,93.94947052001953,15.011754545439114,13.675844722355414,16.914962886959277,2.2720136253951635,3.271922469139099e-05,-12.64042663574219,6.03887939453125,154.4641729723863,4.1064605712890625,18.71399688720703,-14.607536315917969,22.536712646484375,7.428955078125,15.107757568359375,2.6985304430127144e-05,5.733920261263847e-06
1984-006,1984-11-27 12:00:00,8.5,85.5,0,25.0,,3.0995834159888913,,,,,,,,1,1,,,,,0,-7.140915840864182e-07,8.919276297092438e-06,4.099216312170029e-06,4.093628376722336e-05,89.91620635986328,75.49093627929688,73.27978515625,37.486854553222656,291.229736328125,283.79833984375,268.5488586425781,221.0494384765625,-3.3713531494140625,-3.3390655517578125,0.7104949951171875,-4.7188720703125,1.3575439453125,-1.1394500732421875,1.6752471923828125,-0.47845458984375,2.2774322960903106,79.56230926513672,3.6344115922001383,3.528130557157336,1.8196857678382463,4.743065718553553,4.1650375351309776e-05,-1.3475189208984375,-1.83599853515625,-126.2765597349432,16.63642120361328,14.425270080566406,2.211151123046875,22.680877685546875,7.431396484375,15.249481201171875,4.813307896256447e-06,3.683706745505333e-05
1984-006,1984-11-30 03:00:00,9.5,84.5,0,115.0,,65.58718508232494,,,,,,,,1,1,,,,,0,1.4337245374917984e-05,3.7187710404396057e-06,-1.1920870747417212e-05,-3.627153637353331e-05,92.22100067138672,84.73526763916016,80.96231842041016,94.4908676147461,291.835205078125,283.646240234375,270.42742919921875,220.7197265625,-0.6743316650390625,-0.4835968017578125,4.33355712890625,-6.2749176025390625,0.083526611328125,0.0256805419921875,10.757095336914062,-0.2742919921875,5.6120047216965725,85.97286224365234,0.6794850176967215,0.48427818132494627,11.597190068156701,6.280909728346106,-5.060878174845129e-05,-5.6005859375,-0.357818603515625,-176.34437014913178,11.258682250976562,7.4857330322265625,3.77294921875,21.40777587890625,8.18896484375,13.21881103515625,-2.6258116122335196e-05,-2.4350665626116097e-05
1984-006,1984-12-01 03:00:00,10.8,80.5,0,115.0,,65.58718508232494,,,,,,115.0,0.0,1,1,,,,,0,0.0002143904566764,4.148134030401707e-05,2.6870984584093097e-05,-7.551116868853569e-05,100.3550262451172,89.76861572265625,97.29006958007812,98.74952697753906,291.43017578125,283.320068359375,270.33428955078125,221.03614807128903,-3.4235076904296875,-6.8297576904296875,-6.9155426025390625,-1.0678253173828125,-19.184738159179688,-8.911605834960938,1.209808349609375,5.9453582763671875,25.24026517892729,95.80457051595052,19.48780601152209,11.227747265934218,7.020567336783923,6.04049136600753,-0.0002899016253649357,2.355682373046875,25.130096435546875,84.64477200396873,3.0649566650390767,10.586410522460952,-7.521453857421875,21.09588623046875,8.110107421875,12.98577880859375,-0.0001875194720923069,-0.00010238215327262878
1985-001,1985-05-22 03:00:00,16.0,89.0,0,25.0,,3.0995834159888913,0.0,25.0,0.0,,,,,1,1,,,,,0,2.3848144337534904e-05,-3.916211426258087e-06,-3.664637915790081e-05,-1.0885531082749368e-05,90.27094268798828,80.12580871582031,93.3945770263672,97.94684600830078,292.171875,284.974853515625,270.56103515625,223.42527770996097,-6.5385284423828125,-7.0958404541015625,-6.7564239501953125,-7.7905120849609375,1.9578704833984375,3.5796356201171875,10.412872314453123,1.66583251953125,1.2855929424288557,87.9304428100586,6.825365266534227,7.947624986301004,12.412782702999241,7.966622655118682,-3.473367542028427e-05,-1.251983642578125,-0.2920379638671875,-166.86995124304758,-3.1236343383789205,10.145133972167969,-13.26876831054689,21.61083984375,7.197021484375,14.413818359375,-6.0494523495435715e-05,2.5760848075151443e-05
1985-001,1985-05-23 03:00:00,16.5,87.5,0,40.0,,7.934933544931562,,,,,,25.0,15.0,1,1,,,,,0,1.5585683286190033e-06,-2.0638108253479004e-05,-1.596938818693161e-05,-2.4908222258090973e-06,89.43077087402344,91.19205474853516,93.88687896728516,97.1631851196289,293.055419921875,284.92431640625,270.93603515625,226.07484436035156,-3.4821319580078125,-2.20904541015625,-5.34136962890625,-0.42919921875,-6.797332763671875,-7.28814697265625,0.140625,2.3270263671875,9.62155537630632,91.50323486328125,7.637340877102871,7.615574037403277,5.343220461783988,2.366276332756059,-4.049390554428101e-06,3.0529327392578125,9.124359130859375,71.50019832653255,-4.456108093261719,-1.7612838745117188,-2.69482421875,22.119384765625,8.131103515625,13.98828125,-1.7527956515550613e-05,1.3478565961122513e-05
1985-001,1985-05-24 03:00:00,19.0,89.0,0,45.0,,10.042650267804008,,,,,,40.0,5.0,1,1,,,,,0,-4.653353244066238e-06,-1.4076009392738342e-05,-1.3450626283884048e-05,4.896428436040878e-05,90.21408081054688,94.29898834228516,88.5321044921875,100.80140686035156,293.50537109375,285.459716796875,271.72119140625,226.3215789794922,9.285980224609377,9.019088745117188,5.18572998046875,-1.80206298828125,-11.20843505859375,-10.531448364257812,2.4716339111328125,5.31463623046875,19.89865792244219,91.01505788167317,14.55535795487524,13.865618141335354,5.744629633056783,5.611843661039056,5.361763760447502e-05,-11.088043212890627,16.5230712890625,123.86415140427991,1.681976318359375,-4.084907531738281,5.766883850097656,21.7841796875,8.045654296875,13.738525390625,-8.79727303981781e-06,6.241491064429283e-05
1985-001,1985-05-24 12:00:00,20.5,90.0,0,55.0,,15.001983733386234,,,,,,,,1,1,,,,,0,3.866152837872505e-06,2.757040783762932e-05,-2.2151507437229156e-05,7.121125236153603e-06,92.03289031982422,85.76813507080078,87.44740295410156,88.7737045288086,293.511962890625,286.277099609375,272.24169921875,226.28575134277344,9.110885620117188,4.433990478515625,2.6297607421875,-0.833099365234375,-1.25982666015625,1.475799560546875,1.806640625,0.9752044677734376,10.19206561653289,88.41614278157552,9.19757576736928,4.673141973712929,3.190547274222863,1.2826060604562854,3.2549723982810974e-06,-9.943984985351562,2.2350311279296875,167.33259004441481,4.585487365722656,6.2647552490234375,-1.6792678833007812,21.270263671875,7.23486328125,14.035400390625,-2.601766027510166e-05,2.927263267338276e-05
1985-001,1985-05-24 18:00:00,20.5,90.0,0,55.0,,15.001983733386234,0.0,55.0,0.0,,,,,1,1,,,,,0,1.0596588253974916e-05,-8.307630196213722e-06,4.26475889980793e-06,-5.049537867307663e-05,93.6880340576172,80.84693908691406,92.24368286132812,103.8136978149414,292.8896484375,286.463623046875,271.5537109375,225.61544799804688,13.85809326171875,11.117080688476562,7.71746826171875,-1.865020751953125,2.4021148681640625,1.6201019287109375,7.134735107421875,3.1685943603515625,15.741785321203848,88.9262186686198,14.064739766179446,11.234509926717383,10.510174186173817,3.676723082537972,-6.109196692705154e-05,-15.723114013671875,0.7664794921875,177.2091214403536,1.4443511962890767,12.84109497070314,-11.396743774414062,21.3359375,6.426025390625,14.909912109375,-6.331829354166986e-06,-5.476013757288456e-05
1985-004,1985-08-06 03:00:00,20.5,88.0,0,25.0,,3.0995834159888913,,,,,,,,1,1,,,,,0,-0.0001380054745823,-0.000162563053891,2.7370639145374295e-05,0.000175904482603,99.3899154663086,98.9285125732422,101.39788055419922,102.05288696289062,292.56640625,285.2392578125,271.037841796875,223.48312377929688,9.268264770507812,6.8540191650390625,7.1555023193359375,-0.6457977294921875,1.632232666015625,3.14593505859375,3.4129638671875,4.563323974609375,10.338275074364198,99.90543619791667,9.410893439639231,7.541517493688656,7.927769913459234,4.608793812339837,0.0003139099571853,-9.9140625,2.93109130859375,163.52969285137618,-2.007965087890625,0.46140289306639204,-2.469367980957017,21.528564453125,7.3271484375,14.201416015625,0.0001653761137276743,0.0001485338434576257
1985-004,1985-08-06 12:00:00,22.5,86.0,0,25.0,,3.0995834159888913,0.0,25.0,0.0,,,,,1,1,,,,,0,1.0790769010782242e-05,1.7718644812703133e-05,4.3891603127121925e-05,-3.593089058995247e-05,100.33775329589844,95.7594757080078,94.61681365966795,101.24365997314452,292.22265625,284.556396484375,271.717529296875,225.09571838378903,-4.0178680419921875,-6.140106201171875,-8.620620727539062,-10.626785278320312,-4.5193939208984375,-3.9058990478515625,-7.034088134765625,-2.214569091796875,6.999286001406003,96.90468088785808,6.047163385845953,7.277152707871195,11.126252631309729,10.855085518496267,-4.672165960073471e-05,-6.608917236328125,2.3048248291015625,160.77405336477273,5.720939636230483,4.578277587890639,1.1426620483398438,20.505126953125,7.666259765625,12.8388671875,3.3100834116339684e-05,-7.98224937170744e-05
1985-004,1985-08-07 03:00:00,23.0,84.5,0,25.0,,3.0995834159888913,,,,,,25.0,0.0,1,1,,,,,0,-6.254017353057861e-05,-1.4796387404203417e-06,-1.0605435818433762e-06,-1.7067650333046913e-05,99.51866912841795,90.26587677001952,87.987548828125,72.80096435546875,292.515625,284.8797607421875,270.803466796875,224.1364593505859,-6.5948486328125,-8.115875244140625,-6.9510498046875,-10.905105590820312,-4.232025146484375,-3.259857177734375,-5.873321533203125,4.3715972900390625,9.62292232506863,92.5906982421875,7.835946996386907,8.746090543647544,9.100164790795475,11.748710176577568,4.54725231975317e-05,-4.3102569580078125,8.603622436523438,116.61002899529457,11.531120300292955,9.252792358398438,2.278327941894517,21.712158203125,7.6358642578125,14.0762939453125,6.147962994873524e-05,-1.6007106751203537e-05
1985-004,1985-08-07 12:00:00,23.5,83.5,0,20.0,,1.9837333862328903,,,,,,25.0,-5.0,1,1,,,,,0,1.4315592125058174e-05,5.917856469750404e-06,-1.2044794857501984e-05,3.751111216843128e-05,96.5102767944336,88.85737609863281,79.31560516357422,19.255069732666016,292.995361328125,285.894287109375,271.761474609375,224.51332092285156,-3.99432373046875,-2.7150726318359375,-9.942901611328123,-16.794647216796875,-2.488555908203125,-1.3809967041015625,-0.4081878662109375,3.1678466796875,13.994397864536335,88.22775268554688,4.706116506424216,3.046107564234051,9.951276791782712,17.090799505074948,2.3195520043373108e-05,-12.800323486328125,5.656402587890625,156.15959071824872,17.194671630859375,7.652900695800781,9.541770935058594,21.23388671875,7.10107421875,14.1328125,-2.6360386982560158e-05,4.9555907025933266e-05
1985-004,1985-08-08 03:00:00,23.5,82.0,0,20.0,,1.9837333862328903,,,,,,25.0,-5.0,1,1,,,,,0,8.816597983241081e-06,1.1531868949532507e-05,5.46453520655632e-06,-2.2716820240020752e-05,99.5722427368164,97.3191375732422,93.18934631347656,65.97762298583984,292.435791015625,284.904541015625,271.156982421875,224.65234375,-3.2294769287109375,-1.9080810546875,-5.08074951171875,-15.772842407226562,0.431549072265625,-0.301544189453125,0.56121826171875,5.45294189453125,13.511121470963031,96.69357554117839,3.2581829038360555,1.9317614266389895,5.1116515470165735,16.68883258075108,-3.153341822326183e-05,-12.543365478515625,5.021392822265625,158.18265757682823,6.382896423339844,2.2531051635742045,4.129791259765639,21.27880859375,7.53125,13.74755859375,-3.352062776684761e-06,-2.8181355446577072e-05
1985-006,1985-09-19 03:00:00,17.5,90.0,0,25.0,,3.0995834159888913,,,,,,,,1,1,,,,,0,9.882496669888496e-06,9.387009777128696e-05,-4.417775198817253e-05,4.387910303194076e-05,85.52042388916016,76.01556396484375,95.39094543457033,97.5963134765625,291.44873046875,282.17724609375,268.425048828125,221.3877716064453,0.66961669921875,-0.818634033203125,1.2913665771484375,-6.041290283203125,-8.242279052734375,-7.723037719726563,-2.4678802490234375,-6.45172119140625,6.945672752259685,85.6423110961914,8.269434715082795,7.766303709013554,2.785329524508017,8.838659096127929,3.399660636205226e-05,-6.710906982421875,1.790557861328125,165.06075038341226,-9.87052154541017,9.504859924316406,-19.375381469726577,23.023681640625,9.271484375,13.752197265625,-5.406024865806103e-05,8.805685502011329e-05
1985-006,1985-09-19 12:00:00,18.5,88.5,0,25.0,,3.0995834159888913,,,,,,,,1,1,,,,,0,-3.127311356365681e-05,4.455680027604103e-06,-3.626663237810135e-05,-1.9957544282078743e-05,96.0362319946289,79.09284210205078,99.9505615234375,99.01141357421876,290.65771484375,283.36083984375,269.6845703125,222.0381622314453,-1.10504150390625,-3.5337066650390625,-7.802352905273437,-3.8409423828125,-7.318771362304688,-9.233932495117188,-6.7321929931640625,-8.581497192382812,3.013242463053128,91.69321187337239,7.401724865127494,9.886991054862072,10.305296373983435,9.401857925482572,1.1315569281578064e-05,-2.73590087890625,-1.2627258300781241,-155.2248189025601,-3.9143295288085938,16.943389892578125,-20.85771942138672,20.97314453125,7.296875,13.67626953125,-4.993518814444542e-06,1.6309088096022606e-05
1985-006,1985-09-19 18:00:00,18.5,88.0,0,30.0,,4.463400119024003,5.0,25.0,5.0,,,,,1,1,,,,,0,-6.601912900805473e-05,1.566181890666485e-05,-9.62396152317524e-05,-6.342044798657298e-05,91.65304565429688,93.07911682128906,101.04219818115234,96.5542984008789,291.365234375,282.9228515625,270.0640869140625,221.2039794921875,4.3238983154296875,0.5811614990234375,-7.377227783203125,-6.20928955078125,-7.144317626953125,-2.917999267578125,4.0264434814453125,-0.2516021728515625,12.587993206071562,95.25812021891277,8.350890431383279,2.975309801270053,8.404506938216992,6.2143849557960955,2.5986810214817524e-06,-10.533187866210938,6.8927154541015625,146.80003635314398,-9.389152526855469,-1.4260711669921875,-7.963081359863281,21.3011474609375,8.4423828125,12.8587646484375,-3.0220486223697662e-05,3.2819167245179415e-05
1985-006,1985-09-20 00:00:00,21.9,87.5,0,30.0,,4.463400119024003,0.0,30.0,0.0,25.0,5.0,,,1,1,,,,,0,-7.684575393795967e-06,3.3867545425891876e-06,6.590504199266434e-06,4.425249062478542e-05,80.65630340576172,86.28673553466797,92.6112823486328,90.2530288696289,292.2412109375,282.850830078125,268.9127197265625,222.2340545654297,-13.355743408203123,-12.31683349609375,-10.718597412109377,-5.747161865234375,0.842620849609375,0.0836334228515625,3.626251220703125,5.2462921142578125,8.79106556130115,86.51810709635417,13.382297705624307,12.31711743550068,11.315389007830387,7.781609759768731,5.193706601858139e-05,7.608581542968748,4.4036712646484375,30.06126721781365,-11.95497894287108,-5.63043212890625,-6.3245468139648295,23.3284912109375,9.390380859375,13.9381103515625,1.42750795930624e-05,3.766198642551899e-05
1985-006,1985-09-20 03:00:00,19.5,87.0,0,35.0,,6.075183495338227,,,,,,25.0,10.0,1,1,,,,,0,-4.203757271170616e-06,-1.2936070561408997e-05,1.0938616469502447e-05,-4.562121466733515e-05,99.29011535644533,81.7984619140625,89.54015350341797,95.18302917480467,291.767578125,284.29833984375,270.5093994140625,223.1285400390625,-6.962921142578125,-8.071884155273438,-7.3157958984375,-9.501205444335938,-3.716094970703125,-0.3385009765625,7.822052001953125,-3.9230804443359375,2.5467096777695617,90.20957692464192,7.892504841243148,8.078978693330496,10.710059157112712,10.279273567145196,-4.1417457396164536e-05,-2.5382843017578125,-0.2069854736328125,-175.33810634603435,9.749961853027358,17.491653442382827,-7.741691589355469,21.2581787109375,7.46923828125,13.7889404296875,1.5142373740673063e-05,-5.65598311368376e-05
1985-006,1985-09-20 12:00:00,19.8,86.2,0,45.0,,10.042650267804008,5.0,40.0,5.0,30.0,15.0,25.0,20.0,1,1,,,,,0,-1.6882549971342089e-06,2.805842086672783e-06,-1.3374490663409231e-05,1.8847640603780743e-05,94.27373504638672,58.60432434082031,68.52472686767578,99.98953247070312,292.179931640625,285.5048828125,270.81005859375,222.9734649658203,4.483001708984375,-1.2556304931640625,-3.9504241943359375,-13.378402709960938,8.257156372070312,9.983261108398438,14.542617797851562,-6.6851654052734375,23.287394614142656,73.80092875162761,9.395633862362784,10.061913848459657,15.06962453844102,14.95570444899721,2.0535895600914952e-05,-17.861404418945312,-14.94232177734375,-140.08514603480776,25.749008178710938,35.669410705566406,-9.920402526855469,21.369873046875,6.675048828125,14.69482421875,-1.1686235666275023e-05,3.222213126718997e-05
1985-007,1985-10-01 03:00:00,14.0,83.5,0,25.0,,,,,,,,,,1,1,,,,,0,7.741618901491165e-07,-1.4013145118951796e-05,2.5890767574310303e-05,-3.685602860059589e-05,87.6079330444336,78.62615203857422,51.9172477722168,83.83576965332031,291.78369140625,283.87158203125,269.89111328125,221.3494415283203,1.427734375,1.021636962890625,-3.46783447265625,-11.363922119140623,9.6005859375,8.600189208984375,6.602447509765625,-7.802154541015625,21.598190943378945,72.71711095174153,9.706166894757137,8.660657972364206,7.457760323914503,13.784496414877994,-3.763019049074501e-05,-12.791656494140623,-17.402740478515625,-126.31725923942331,35.6906852722168,8.981781005859375,26.708904266357422,21.892578125,7.912109375,13.98046875,2.5116605684161186e-05,-6.27467961749062e-05
1985-009,1985-10-09 03:00:00,12.5,90.0,0,25.0,,3.0995834159888913,,,,,,,,1,1,,,,,0,-6.718561053276062e-06,4.4149113819003105e-05,-5.705398507416248e-05,-4.866626113653183e-06,93.29016876220705,79.36181640625,88.94220733642578,103.1986083984375,290.46240234375,282.546630859375,269.274169921875,220.4693298339844,7.5590362548828125,3.67791748046875,-4.184722900390625,-6.722808837890625,-0.7687225341796875,3.4179229736328125,10.1300048828125,-5.7682952880859375,15.131649843145937,87.19806416829427,7.598023653371212,5.020883831241723,10.960333237582644,8.858294937592376,1.851934939622879e-06,-14.281845092773438,-4.99957275390625,-160.70664087165957,4.347961425781264,13.928352355957045,-9.580390930175781,21.188232421875,7.915771484375,13.2724609375,-5.033542402088642e-05,5.21873589605093e-05
1985-009,1985-10-10 03:00:00,16.0,85.5,0,35.0,,6.075183495338227,,,,,,25.0,10.0,1,1,,,,,0,-3.452179953455925e-06,-2.518598921597004e-05,-3.700144588947296e-06,-7.375585846602917e-05,94.32202911376952,83.73728942871094,78.072021484375,80.7569351196289,291.177490234375,283.3970947265625,270.188720703125,221.32896423339844,-2.6518402099609375,-3.880584716796875,-11.049652099609377,-4.8651885986328125,-1.4000396728515625,-3.21722412109375,4.86053466796875,0.02587890625,2.6328985707511414,85.37711334228516,2.998727660979566,5.040780573441472,12.07143772634097,4.865257425671884,-7.030367851257324e-05,-2.213348388671875,1.4259185791015625,147.20891040196756,16.250007629394517,10.58473968505858,5.6652679443359375,20.98876953125,7.7803955078125,13.2083740234375,-2.4796463549137115e-07,-7.005571387708187e-05
1985-009,1985-10-12 12:00:00,19.3,81.5,0,35.0,,6.075183495338227,,,,,,,,1,1,,,,,0,-1.6726553440093994e-06,-2.1152198314666748e-05,1.0366551578044891e-05,1.8547289073467255e-05,82.4328384399414,71.34336853027344,49.76443862915039,84.03858184814453,292.20751953125,283.595458984375,269.00927734375,221.1385040283203,2.7332611083984375,3.3731689453125,-3.087188720703125,-9.887176513671877,7.2684326171875,7.667800903320312,11.804244995117188,5.08831787109375,12.807355155484023,67.84688186645508,7.765360841408375,8.376958841165475,12.201267725199122,11.119677970597746,2.0219944417476654e-05,-12.620437622070314,-2.18011474609375,-170.1991771884407,32.668399810791016,11.089469909667969,21.578929901123047,23.1982421875,8.612060546875,14.586181640625,1.203920692205429e-05,8.180737495422363e-06
1985-010,1985-10-13 12:00:00,13.5,93.0,0,25.0,,3.0995834159888913,,,,,,,,1,1,,,,,0,2.7860747650265697e-05,-1.8645310774445537e-05,-2.8706388548016548e-05,-1.997174695134163e-05,95.28807830810548,86.80757141113281,96.5913543701172,98.81158447265624,291.24072265625,282.31591796875,270.646728515625,221.32192993164065,7.638763427734375,5.2730712890625,1.137298583984375,-10.646652221679688,-7.872039794921875,-3.7358551025390625,-0.023590087890625,2.01641845703125,20.787929961216836,92.89566802978516,10.969034471535124,6.462344324368859,1.1375432129723917,10.835919292946645,-4.783249460160732e-05,-18.285415649414062,9.888458251953125,151.59619138497828,-1.3032760620117188,8.48050689697267,-9.78378295898439,20.593994140625,8.9248046875,11.669189453125,-5.656713619828224e-05,8.734641596674919e-06
1985-010,1985-10-14 03:00:00,16.0,89.5,0,30.0,,4.463400119024003,,,,,,,,1,1,,,,,0,-1.4450866729021072e-05,-4.638358950614929e-05,-1.4402437955141068e-05,0.0001871492713689,86.20487213134766,95.55728149414062,98.23424530029295,100.3486099243164,291.09619140625,281.67041015625,268.911376953125,221.7196044921875,7.01300048828125,4.69256591796875,-1.103912353515625,-10.803085327148438,-9.566314697265623,-8.559494018554688,-1.9613800048828125,2.3433685302734375,21.430199914211723,93.33213297526042,11.86155777019837,9.761409362799789,2.2506963384247345,11.054321718419713,0.00020160013809792106,-17.816085815429688,11.90968322753906,146.23809513382105,-12.029373168945298,-9.352409362792969,-2.6769638061523295,22.184814453125,9.42578125,12.759033203125,4.842877388000488e-08,0.00020155170932404105
1985-010,1985-10-14 12:00:00,17.5,89.0,0,30.0,,4.463400119024003,,,,,,25.0,5.0,1,1,,,,,0,3.680819645524025e-06,2.903072163462639e-05,6.748782470822334e-05,4.789349623024464e-05,94.13951873779295,90.16932678222656,96.1419906616211,92.27562713623048,291.31005859375,283.2626953125,271.079345703125,223.2323455810547,-0.7877197265625,-0.9656982421875,-7.786712646484375,-5.5638580322265625,-7.433181762695312,-4.1853485107421875,4.3702850341796875,-0.485595703125,8.43092220163176,93.48361206054688,7.474803909460226,4.2953131726727305,8.929293651733863,5.585008450277,4.421267658472062e-05,-4.7761383056640625,6.947586059570312,124.50669113279153,-2.002471923828139,3.970191955566392,-5.972663879394531,20.230712890625,8.04736328125,12.183349609375,6.380700506269932e-05,-1.95943284779787e-05
1985-010,1985-10-15 03:00:00,19.5,87.5,0,35.0,,6.075183495338227,,,,35.0,0.0,30.0,5.0,1,1,,,,,0,-2.676551230251789e-05,-4.006293602287769e-05,3.184773959219456e-05,-4.8887915909290314e-05,99.28125762939452,82.54129028320312,92.21052551269533,104.23056030273438,291.687255859375,284.3515625,270.407470703125,224.6136779785156,-14.574172973632812,-13.226974487304688,-13.896804809570312,-10.959640502929688,-9.058883666992188,-5.35955810546875,0.40740966796875,-0.032928466796875,9.72279343901227,91.34435780843098,17.16012503327021,14.27157024204782,13.902775498182043,10.959689969948169,-2.2122403606772423e-05,3.614532470703125,9.025955200195312,68.17588185075465,7.07073211669919,16.739967346191392,-9.669235229492202,21.27978515625,7.335693359375,13.944091796875,5.861325189471245e-05,-8.073565550148487e-05
1985-010,1985-10-16 03:00:00,21.6,86.8,0,35.0,,6.075183495338227,,,,,,35.0,0.0,1,1,,,,,0,0.0001375956926494,-6.115320138633251e-05,4.9447640776634216e-05,8.402625098824501e-06,98.35933685302734,94.33749389648438,101.2805633544922,102.7361831665039,292.8955078125,284.880126953125,270.776611328125,224.58631896972656,-8.795059204101562,-4.0597991943359375,0.7853546142578125,-1.8446197509765625,-3.6714935302734375,-1.4253692626953125,7.013671875,6.7004852294921875,12.48545361549134,97.99246470133464,9.53063120399123,4.302748776464564,7.057504873558505,6.949757142255822,-0.0001291930675505755,6.950439453125,10.371978759765625,56.17328772649044,-2.921226501464858,4.021842956542969,-6.943069458007827,22.118896484375,8.015380859375,14.103515625,-8.814805187276579e-05,-4.1045015677809715e-05
1985-012,1985-11-15 12:00:00,13.5,85.5,0,30.0,,4.463400119024003,,,,,,,,1,1,,,,,0,-1.3993121683597565e-05,1.148320734500885e-05,1.57882459461689e-06,3.3096643164753914e-05,92.8357162475586,80.02678680419922,71.07884979248047,102.0976104736328,291.476806640625,283.919921875,268.7183837890625,220.15187072753903,-6.775299072265625,-5.4459381103515625,-1.2737579345703125,-7.445404052734375,-1.0411834716796875,0.8679351806640625,0.342376708984375,0.5087738037109375,1.688611334909651,81.31378428141277,6.85483337072043,5.514667114125195,1.3189697065269543,7.462767066699587,4.708976484835148e-05,-0.67010498046875,1.549957275390625,113.38064874037313,21.756866455078125,12.808929443359375,8.94793701171875,22.7584228515625,7.556884765625,15.2015380859375,1.5571946278214455e-05,3.1517818570137024e-05
1985-012,1985-11-16 12:00:00,13.5,84.0,0,35.0,,6.075183495338227,,,,,,30.0,5.0,1,1,,,,,0,2.71419994533062e-05,3.4496886655688286e-05,-9.43439081311226e-05,7.826415821909904e-05,85.17879486083984,70.21257781982422,99.42601013183594,99.86614227294922,292.2900390625,283.900390625,268.9918518066406,219.29698181152344,-0.7592315673828125,-1.1184234619140625,-8.427978515625,-10.75714111328125,-1.244293212890625,0.1922149658203125,0.9774169921875,4.2791595458984375,11.422203187938026,84.93912760416667,1.457634444075824,1.134820529090455,8.484466149172466,11.577015649566148,5.112215876579285e-05,-9.997909545898438,5.5234527587890625,151.0810719418766,-14.247215270996094,14.966217041015625,-29.21343231201172,23.298187255859375,8.3896484375,14.908538818359375,-0.0001214859075844288,0.00017260806635022163
1985-013,1985-12-11 12:00:00,8.0,88.0,0,30.0,,4.463400119024003,,,,,,,,1,1,,,,,0,-7.546506822109222e-06,-3.600609488785267e-05,-1.408136449754238e-05,1.0382616892457008e-05,87.49954223632812,91.6120147705078,98.47166442871094,97.03411865234376,289.506591796875,280.994384765625,268.4835205078125,218.94793701171875,3.78082275390625,0.6073150634765625,-10.688629150390623,-4.836517333984375,-5.0145416259765625,-2.966827392578125,-2.78729248046875,3.51129150390625,12.122226724037716,92.52774047851562,6.280147165083546,3.0283487850109765,11.046075886316272,5.976710462063186,1.792912371456623e-05,-8.617340087890625,8.525833129882812,135.30583093513002,-10.972122192382812,-4.112472534179673,-6.859649658203139,21.0230712890625,8.51220703125,12.5108642578125,-6.534857675433157e-06,2.446398138999939e-05
1985-013,1985-12-12 03:00:00,8.5,87.0,0,30.0,,4.463400119024003,,,,,,,,1,1,,,,,0,-2.5905435904860497e-05,-5.559762939810753e-06,-8.949078619480133e-06,1.541944220662117e-05,81.88717651367188,81.47418212890625,70.9843978881836,69.34174346923828,290.04296875,281.649169921875,268.48236083984375,218.7010498046875,8.77783203125,-3.317047119140625,-6.0972900390625,-10.287033081054688,8.775177001953125,8.386322021484375,10.405136108398438,3.5982513427734375,19.75524338070897,78.11525217692058,12.411851859591522,9.018492037953623,12.06000842681081,10.898186194797937,4.1324878111481667e-05,-19.064865112304688,-5.1769256591796875,-164.8080705366183,10.902778625488281,0.412994384765625,10.489784240722656,21.56060791015625,8.393798828125,13.16680908203125,1.6956357285380363e-05,2.4368520826101303e-05
1985-013,1985-12-12 12:00:00,10.0,84.5,0,35.0,,6.075183495338227,,,,,,30.0,5.0,1,1,,,,,0,-1.6365665942430496e-06,2.4300534278154373e-06,4.410180554259569e-05,-3.932695835828781e-05,85.82880401611328,85.61121368408203,97.10375213623048,21.81391143798828,291.210693359375,282.71923828125,267.3694152832031,219.910400390625,3.694244384765625,4.1249847412109375,-7.399169921875,-5.7690582275390625,4.411376953125,7.360214233398437,10.8763427734375,4.8634490966796875,9.474094445118798,89.51458994547527,5.75392806671536,8.43731311951524,13.154563757802302,7.545539738728477,-3.769039176404476e-05,-9.463302612304688,0.4520721435546875,177.26499822023067,-11.274948120117202,0.21759033203125,-11.492538452148452,23.841278076171875,8.491455078125,15.349822998046875,4.573837213683874e-05,-8.34287639008835e-05
1985-013,1985-12-13 03:00:00,11.5,82.5,0,35.0,,6.075183495338227,,,,,,30.0,5.0,1,1,,,,,0,-1.0584015399217606e-05,1.3362616300582886e-05,3.1706178560853004e-05,3.771926276385784e-05,89.060546875,76.6190414428711,81.63379669189453,96.48189544677734,291.0029296875,281.895263671875,268.94091796875,219.45460510253903,2.6729888916015625,1.893829345703125,12.620193481445312,0.7221221923828125,12.204940795898438,8.197784423828125,0.433502197265625,0.2164154052734375,12.146218420552998,82.4377950032552,12.494216639950315,8.413694732411281,12.627636661867845,0.7538541559024702,4.830327816307545e-05,-1.95086669921875,-11.988525390625,-99.24260354634595,7.426750183105469,12.441505432128906,-5.0147552490234375,22.06201171875,9.107666015625,12.954345703125,4.229019396007061e-05,6.013084203004837e-06
1986-001,1986-01-07 12:00:00,5.5,83.0,0,30.0,,4.463400119024003,,,,,,,,1,1,,,,,0,-5.990266799926758e-06,-1.0896706953644753e-05,-2.8465408831834793e-05,3.7324847653508186e-05,93.91758728027344,85.82661437988281,89.4361343383789,108.91722869873048,290.34326171875,282.832275390625,268.2843322753906,220.74281311035156,-8.573074340820312,-10.61102294921875,-8.615493774414062,-7.753448486328125,-5.3270416259765625,-5.9926300048828125,-4.5865325927734375,1.8080596923828125,7.182023208303196,89.72677866617839,10.09331343702942,12.186280088865049,9.760277362941101,7.961472431740458,4.3315114453434944e-05,0.8196258544921875,7.135101318359375,83.44702205901227,4.481452941894531,8.090972900390625,-3.6095199584960938,22.058929443359375,7.510986328125,14.547943115234375,-2.2475142031908035e-05,6.579025648534298e-05
1986-004,1986-08-10 12:00:00,18.0,88.0,0,25.0,,3.0995834159888913,,,,,,,,1,1,,,,,0,-2.643163315951824e-05,5.458272062242031e-05,5.570473149418831e-06,1.082196831703186e-06,91.10977172851562,49.01011657714844,68.18848419189453,48.100196838378906,292.760009765625,288.761474609375,271.61962890625,224.019287109375,-6.75836181640625,-9.014129638671877,-9.867706298828123,-4.387969970703125,3.47381591796875,6.9068603515625,2.9718475341796875,4.2555084228515625,2.495956865485826,69.43612416585286,7.598871723709452,11.356022765861683,10.305508496252969,6.112579848210817,2.7513829991221425e-05,2.370391845703125,0.7816925048828125,18.251188072102355,22.921287536621094,42.09965515136719,-19.178367614746094,21.140380859375,3.99853515625,17.141845703125,3.200210630893707e-05,-4.488276317715645e-06
1986-004,1986-08-11 03:00:00,18.0,86.5,0,25.0,,3.0995834159888913,,,,,,,,1,1,,,,,0,3.409339115023613e-06,-9.761424735188484e-06,7.19679519534111e-06,1.114560291171074e-05,91.9163055419922,79.45101928710938,62.604774475097656,55.124290466308594,293.011474609375,286.50390625,271.6015625,223.5130920410156,-6.79632568359375,-6.86474609375,-10.56964111328125,-5.1009674072265625,0.1034088134765625,1.707733154296875,4.71368408203125,0.78643798828125,1.8277769390385397,77.9906997680664,6.797112341294698,7.073972819988824,11.573077848556974,5.161235627153593,7.736263796687128e-06,1.6953582763671875,0.6830291748046875,21.94361364169153,29.311531066894545,12.465286254882827,16.84624481201172,21.409912109375,6.507568359375,14.90234375,3.7874560803174973e-06,3.948807716369631e-06
1986-004,1986-08-11 12:00:00,18.0,85.5,0,25.0,,3.0995834159888913,,,,,,25.0,0.0,1,1,,,,,0,2.0559877157211304e-05,4.3567270040512085e-06,4.828907549381256e-07,-8.348096162080765e-05,95.00051879882812,88.44794464111328,71.10910034179688,50.59715270996094,293.103271484375,286.649169921875,272.228271484375,223.91864013671875,-7.1075897216796875,-8.977890014648438,-12.6832275390625,-8.72015380859375,-1.0424041748046875,1.9071044921875,2.0801239013671875,-2.377960205078125,2.0938177677163616,84.85252126057942,7.183622910160094,9.178210972692112,12.852671949936031,9.038571633973328,-0.00010404083877801895,-1.6125640869140625,-1.3355560302734375,-140.3678039240302,23.89141845703125,6.552574157714844,17.338844299316406,20.875,6.4541015625,14.4208984375,-2.0076986402273178e-05,-8.396385237574577e-05
1986-004,1986-08-12 03:00:00,18.0,84.5,0,25.0,,3.0995834159888913,,,,,,25.0,0.0,1,1,,,,,0,7.743015885353088e-06,2.2570369765162468e-05,-3.6883633583784103e-05,-1.1055497452616692e-05,96.19482421875,71.91925048828125,50.98612976074219,25.008892059326172,293.216064453125,287.55615234375,273.7724609375,224.27883911132812,-8.5621337890625,-10.27471923828125,-10.102401733398438,-8.184371948242188,-3.2030181884765625,1.34613037109375,6.6028289794921875,-1.291778564453125,1.9482148004820212,73.03340148925781,9.141633362671982,10.362524904746325,12.068797426230734,8.285688628397413,-1.879851333796978e-05,0.3777618408203125,1.9112396240234375,78.81943851350226,45.20869445800781,24.27557373046875,20.933120727539062,19.443603515625,5.659912109375,13.78369140625,-4.462664946913719e-05,2.5828136131167412e-05
1986-004,1986-08-12 12:00:00,18.7,84.0,0,30.0,,4.463400119024003,,,,,,25.0,5.0,1,1,,,,,0,-1.6980338841676712e-05,2.0319828763604164e-05,-1.06077641248703e-06,4.120171070098877e-06,100.2581024169922,96.91282653808594,83.57372283935547,80.79214477539062,292.8544921875,285.531982421875,272.8271484375,225.20343017578125,-7.69622802734375,-6.2764892578125,-7.1655426025390625,-7.3591766357421875,-6.6967620849609375,-5.1943511962890625,-1.6994476318359375,-3.0233154296875,3.6888770608032138,93.58155059814453,10.201889446148778,8.147122298936313,7.364314159659068,7.955998802378002,2.110050991177559e-05,0.3370513916015625,3.6734466552734375,84.75759327845991,16.684379577636733,3.345275878906264,13.339103698730469,20.02734375,7.322509765625,12.704833984375,1.5919562429189682e-05,5.180947482585907e-06
1986-004,1986-08-13 03:00:00,19.4,83.4,0,30.0,,4.463400119024003,,,,,,25.0,5.0,1,1,,,,,0,3.252108581364155e-05,-1.1933734640479088e-05,-3.699352964758873e-05,0.0001230682246387,99.82373046875,96.75645446777344,96.40135192871094,100.12842559814452,292.636474609375,285.861328125,271.3934326171875,225.2241973876953,-7.7235107421875,-3.2121429443359375,-6.5353546142578125,-2.337982177734375,-1.0697479248046875,0.7067718505859375,2.35260009765625,9.572189331054688,11.92705942284972,97.66051228841145,7.7972417435468575,3.2889798940747292,6.945904343826877,9.853576470143253,9.054713882505845e-05,5.385528564453125,10.641937255859375,63.15755356390385,3.4223785400390625,3.0672760009765625,0.3551025390625,21.2430419921875,6.775146484375,14.4678955078125,-6.951461546123028e-05,0.00016006175428628873
1986-004,1986-08-13 12:00:00,20.4,82.7,0,25.0,,3.0995834159888913,,,,,,30.0,-5.0,1,1,,,,,0,1.3239216059446337e-05,-2.4885404855012897e-05,1.8263468518853188e-05,0.000173311214894,97.37800598144533,94.38336181640624,96.50184631347656,101.58937072753906,292.8134765625,285.1943359375,272.24658203125,226.5301971435547,-4.515411376953125,-4.68426513671875,-4.8457489013671875,-1.5699005126953125,-0.00885009765625,1.9131317138671875,3.0426483154296875,4.7984619140625,5.637932513739073,96.08773803710938,4.51542004993403,5.059882688925024,5.721799645783521,5.048744830199815,0.00016007199883455366,2.9455108642578125,4.80731201171875,58.50358493005543,0.8761596679687642,2.994644165039091,-2.1184844970703267,20.56689453125,7.619140625,12.94775390625,5.024252459406851e-06,0.0001550477463751468
1986-005,1986-08-19 03:00:00,21.2,88.0,0,25.0,,3.0995834159888913,,,,,,,,1,1,,,,,0,-2.794177271425724e-05,-2.12064478546381e-05,-1.676846295595169e-06,-1.0563991963863373e-05,98.81192016601562,89.92939758300781,59.83442687988281,56.79253387451172,292.367431640625,284.895751953125,271.8157958984375,224.3152313232422,-6.079803466796875,-7.714599609375,-9.703399658203123,-12.9061279296875,-2.1822509765625,-1.9062957763671875,0.5043792724609375,2.808929443359375,8.456393300744146,82.85858154296875,6.459584314766956,7.946635182262004,9.716499543421216,13.208263426932056,1.7377780750393867e-05,-6.826324462890625,4.991180419921875,143.8269757836058,38.97749328613281,8.882522583007812,30.094970703125,20.5516357421875,7.4716796875,13.0799560546875,2.626492641866207e-05,-8.887145668268204e-06
1986-005,1986-08-19 12:00:00,21.3,87.3,0,25.0,,3.0995834159888913,,,,,,,,1,1,,,,,0,-1.596519723534584e-06,9.25455242395401e-06,3.608036786317825e-05,-4.646461457014084e-05,100.38028717041016,92.61421966552734,68.41256713867188,76.74534606933594,293.26708984375,286.555419921875,273.127197265625,225.2526397705078,-1.8188629150390625,-2.972381591796875,-2.789947509765625,-15.584213256835938,-1.537841796875,1.090545654296875,5.6922454833984375,-7.289337158203125,14.918598088419245,87.1356913248698,2.38185215660421,3.16612415286557,6.33920071858569,17.204712698574824,-4.4868094846606255e-05,-13.765350341796875,-5.751495361328125,-157.3236514379246,31.96772003173828,7.7660675048828125,24.20165252685547,20.139892578125,6.711669921875,13.42822265625,3.767688758671284e-05,-8.254498243331909e-05
1986-006,1986-09-24 03:00:00,20.5,88.0,0,25.0,,3.0995834159888913,,,,,,,,1,1,,,,,0,-1.6449950635433197e-05,-2.5381101295351986e-05,-2.9766946681775153e-05,6.934395059943199e-05,89.71099853515625,89.108154296875,93.7675323486328,99.4960708618164,291.734130859375,282.9144287109375,269.3155517578125,223.69207763671875,-4.64141845703125,-6.4002685546875,2.043487548828125,-4.708526611328125,10.764389038085938,9.54095458984375,9.763824462890623,1.6402435302734375,9.124392294948096,90.86222839355469,11.72240745992627,11.48883162282319,9.975375156070921,4.986042688163528,8.579390123486519e-05,-0.067108154296875,-9.1241455078125,-90.42140326210544,-4.056533813476548,0.60284423828125,-4.659378051757798,22.4185791015625,8.8197021484375,13.598876953125,-1.3316996046341956e-05,9.911089728120714e-05
1986-006,1986-09-25 03:00:00,21.0,87.5,0,25.0,,3.0995834159888913,,,,,,25.0,0.0,1,1,,,,,0,-4.7337962314486504e-05,3.4427735954523087e-05,-6.561633199453354e-05,0.0002145830076187,101.12628936767578,76.2132568359375,104.26571655273438,102.66263580322266,291.185546875,283.621337890625,268.850341796875,222.0187530517578,1.6493377685546875,2.43896484375,8.959503173828125,0.2753448486328125,12.354476928710938,9.32769775390625,8.146713256835938,-2.9132080078125,15.329385501869934,93.86842091878255,12.464085014826873,9.64129114264662,12.10956787052877,2.926191327041262,0.0002619209699331865,-1.373992919921875,-15.267684936523438,-95.14239704681094,-3.1394271850585938,24.91303253173828,-28.052459716796875,22.335205078125,7.564208984375,14.77099609375,-1.8278369680047035e-05,0.00028019933961323355
1986-006,1986-09-25 12:00:00,21.5,86.7,0,25.0,,3.0995834159888913,,,,,,,,1,1,,,,,0,-9.904848411679268e-06,1.3390323147177696e-05,-9.792624041438104e-06,2.246350049972534e-06,95.33869171142578,82.12472534179688,85.45523834228516,99.22972869873048,291.937744140625,284.53662109375,270.5986328125,223.76524353027344,6.0396881103515625,4.9103240966796875,6.2189178466796875,-4.0970458984375,2.0112762451171875,0.280120849609375,-5.774078369140625,3.3454437255859375,10.22415665132734,87.63955179850261,6.365772899223999,4.918307678950054,8.486160509719857,5.289402500752411,1.2151198461651802e-05,-10.136734008789062,1.33416748046875,172.5019938838276,9.883453369140625,13.213966369628906,-3.3305130004882812,21.339111328125,7.401123046875,13.93798828125,1.1222437024116347e-07,1.2038974091410639e-05
1986-007,1986-11-07 03:00:00,14.0,82.0,0,25.0,,3.0995834159888913,,,,,,,,1,1,,,,,0,5.2265822887420654e-06,3.67448665201664e-05,-6.224028766155243e-06,4.228856414556503e-05,89.18087768554688,77.63895416259766,89.32762145996094,94.45620727539062,291.2490234375,283.432373046875,269.0849609375,220.75425720214844,2.2734527587890625,5.700225830078125,2.513153076171875,-7.43853759765625,0.124176025390625,1.18475341796875,8.659622192382812,-1.7832794189453125,9.897532164929476,85.38248443603516,2.2768414814666857,5.822045617760006,9.01692824076365,7.649308928117595,3.706198185682297e-05,-9.711990356445312,-1.9074554443359375,-168.88841901276194,-0.1467437744140625,11.541923522949219,-11.688667297363281,22.1640625,7.816650390625,14.347412109375,-1.1450611054897308e-05,4.8512592911720276e-05
1986-007,1986-11-07 12:00:00,15.0,82.0,0,25.0,,3.0995834159888913,,,,,,,,1,1,,,,,0,1.2553762644529344e-05,-2.7169007807970047e-05,2.8904294595122337e-05,5.715107545256615e-05,95.89085388183594,87.86392211914062,85.91542053222656,79.91571044921875,290.829345703125,283.361572265625,269.6201171875,221.9468231201172,0.0612030029296875,3.4804229736328125,12.721481323242188,-9.956771850585938,-2.0313262939453125,-0.6074371337890625,4.7936553955078125,-1.7339019775390625,10.022389006103342,89.8900655110677,2.0322480951008934,3.5330332501827577,13.594676131062519,10.106617720698374,4.4597312808036804e-05,-10.017974853515625,0.29742431640625,178.29944135147232,9.975433349609375,8.026931762695312,1.9485015869140625,21.209228515625,7.4677734375,13.741455078125,1.6350531950592995e-05,2.824678085744381e-05
1986-007,1986-11-08 03:00:00,18.5,85.0,0,25.0,,3.0995834159888913,,,,,,25.0,0.0,1,1,,,,,0,-1.4522112905979156e-05,2.8265640139579773e-06,4.693656228482723e-05,-1.4049932360649107e-05,94.72210693359376,86.25399017333984,67.92110443115234,99.2252960205078,291.2021484375,283.538818359375,270.2529296875,221.2001495361328,-0.555877685546875,-0.3314208984375,1.922332763671875,-3.791793823242187,7.650772094726563,11.546630859375,10.276336669921877,5.5939483642578125,3.8342766082295543,82.96573384602864,7.670939554365921,11.55138623778948,10.454590312770147,6.75795521588892,4.721805453300493e-07,-3.235916137695312,-2.056823730468751,-147.55900911494803,26.80100250244142,8.46811676025392,18.3328857421875,20.94921875,7.663330078125,13.285888671875,6.145867519080639e-05,-6.098649464547634e-05
1986-007,1986-11-08 12:00:00,19.5,86.0,0,30.0,,4.463400119024003,,,,,,25.0,5.0,1,1,,,,,0,1.812283881008625e-05,-2.8659123927354813e-06,-3.763916902244091e-05,2.165860496461391e-05,99.4432601928711,92.25879669189452,76.64232635498047,99.79588317871094,291.359619140625,283.7119140625,269.650634765625,221.8568572998047,-0.5854644775390625,3.4611663818359375,7.801239013671875,3.8162841796875,3.655120849609375,8.588912963867188,10.13897705078125,3.916290283203125,4.409489847413137,89.44812774658203,3.701712722471754,9.260080918849312,12.792895910805536,5.468213101411128,3.535766154527661e-06,4.4017486572265625,0.26116943359375,3.395555882439439,22.800933837890625,7.184463500976577,15.616470336914048,21.708984375,7.647705078125,14.061279296875,-5.576200783252716e-05,5.9297773987054825e-05
1987-001,1987-01-30 03:00:00,5.5,88.5,0,25.0,999.0,3.0,,,,,,,,1,1,,,,,0,8.41217115521431e-06,-1.5240395441651344e-05,-5.907146260142326e-06,1.4753080904483795e-05,95.80036163330078,75.34467315673828,82.33098602294922,100.86065673828124,289.61865234375,282.365966796875,267.4217224121094,219.6131896972656,-4.81341552734375,-4.935821533203125,-3.629318237304687,-8.5,0.2537078857421875,-0.323272705078125,-2.2014007568359375,6.260406494140625,7.047789245299968,84.49200693766277,4.820097170199132,4.94639661263431,4.244775160103329,10.556641960011627,6.3409097492694855e-06,-3.68658447265625,6.0066986083984375,121.53933584652395,13.469375610351562,20.4556884765625,-6.9863128662109375,22.196929931640625,7.252685546875,14.944244384765625,-1.4319317415356636e-05,2.066022716462612e-05
1987-001,1987-01-30 12:00:00,6.0,88.5,0,25.0,998.0,4.0,,,,,,,,1,1,,,,,0,4.334375262260437e-06,-1.3813376426696776e-05,-4.137633368372917e-06,7.38541129976511e-05,89.68408966064453,81.74542236328125,78.4786605834961,99.98174285888672,290.613037109375,282.197998046875,268.153564453125,218.68389892578125,-1.048858642578125,-4.218475341796875,-7.313095092773437,-6.162994384765625,0.069793701171875,0.630645751953125,-0.780548095703125,4.656982421875,6.8699843339607165,83.30272420247395,1.0511782022255294,4.2653544136220125,7.354632225043798,7.724634946992988,6.951973773539066e-05,-5.1141357421875,4.587188720703125,138.10908071099817,11.205429077148438,7.938667297363281,3.2667617797851562,22.45947265625,8.4150390625,14.04443359375,-8.472008630633354e-06,7.799174636602402e-05
1987-001,1987-01-31 00:00:00,6.5,87.5,0,30.0,996.0,5.0,,,,25.0,5.0,,,1,1,,,,,0,1.7988961189985275e-05,-3.0750641599297523e-05,1.1129770427942276e-05,4.478218033909798e-05,87.09368133544922,86.85991668701172,100.82451629638672,99.6147918701172,290.72216796875,281.892333984375,267.87945556640625,218.70855712890625,0.41229248046875,1.3001251220703125,-0.7193756103515625,-10.240936279296877,3.079132080078125,4.52349853515625,-3.3973236083984375,2.28662109375,10.682666178035715,91.59270477294922,3.1066122152623614,4.706629827232973,3.4726515760942767,10.493112593649293,2.67932191491127e-05,-10.653228759765627,-0.792510986328125,-175.74551065136308,-13.7308349609375,0.2337646484375,-13.964599609375,22.84271240234375,8.829833984375,14.01287841796875,-6.859190762042999e-06,3.36524099111557e-05
1987-001,1987-01-31 03:00:00,7.0,87.0,0,30.0,994.0,6.0,,,,,,25.0,5.0,1,1,,,,,0,-2.5319866836071014e-05,1.916498877108097e-05,-1.3690441846847534e-07,2.4400418624281883e-05,97.0689697265625,84.86377716064453,101.56524658203124,90.66407775878906,289.814453125,281.968505859375,267.8989562988281,218.6600799560547,-1.2055511474609375,0.24664306640625,-5.897430419921875,-9.514923095703123,1.6854705810546875,1.8993377685546875,-1.7519683837890625,2.2394561767578125,8.327818574781796,94.49933115641277,2.0722366295250185,1.9152850339478398,6.152160496574871,9.774913067887788,4.97202854603529e-05,-8.309371948242186,0.553985595703125,176.18573661811732,-4.496276855468736,12.205192565917969,-16.701469421386705,21.915496826171875,7.845947265625,14.069549560546875,2.518296241760254e-05,2.453732304275036e-05
1987-001,1987-01-31 06:00:00,7.0,86.5,1,35.0,992.0,8.0,5.0,30.0,5.0,,,,,1,1,,,,,0,-6.555346772074699e-06,-7.294607348740101e-05,-5.2962685003876686e-05,-6.1089638620615e-05,93.25465393066406,91.65924835205078,98.25794219970705,94.58243560791016,290.041015625,281.60546875,268.32330322265625,219.28514099121097,-0.0897369384765625,-0.4147491455078125,1.7053680419921875,-10.137725830078123,3.62982177734375,1.7825927734375,-5.476165771484375,-0.924713134765625,11.03203829903484,94.39061482747395,3.630930852192876,1.830205958249251,5.73556202262911,10.179812345394252,-5.4534291848540306e-05,-10.04798889160156,-4.554534912109375,-155.6162465324994,-5.003288269042983,1.5954055786132812,-6.598693847656264,21.71771240234375,8.435546875,13.28216552734375,-4.640733823180199e-05,-8.12695361673832e-06
1987-001,1987-01-31 12:00:00,7.5,86.0,0,45.0,988.0,12.0,10.0,35.0,10.0,30.0,15.0,25.0,20.0,1,1,,,,,0,4.7264620661735535e-08,5.267444066703319e-05,-0.000132807297632,-2.3236731067299843e-05,91.8551788330078,81.1113052368164,97.9961166381836,99.84877014160156,290.427734375,282.766845703125,268.7535400390625,219.43899536132812,1.9585113525390625,-1.049896240234375,-6.5995635986328125,-5.4578857421875,4.0251922607421875,5.0461883544921875,-3.09002685546875,-1.2418670654296875,9.09642016466273,90.32086690266927,4.476375705184183,5.154250578335404,7.287146606177028,5.5973878356759,-2.328399568796158e-05,-7.4163970947265625,-5.267059326171875,-144.61796863521238,-6.1409378051757955,10.743873596191392,-16.884811401367188,21.6741943359375,7.660888671875,14.0133056640625,-0.00013285456225266173,0.00010957056656470015
1987-001,1987-02-01 00:00:00,8.0,85.5,0,50.0,986.0,14.0,,,,45.0,5.0,30.0,20.0,1,1,,,,,0,-2.0188745111227036e-06,-1.0771676898002625e-05,6.5104104578495026e-06,-3.620133793447167e-05,94.29530334472656,81.36945343017578,90.69921112060548,116.81158447265624,290.4736328125,282.748779296875,268.36834716796875,218.48046875,4.3160247802734375,9.4405517578125,2.4456024169921875,-1.2145233154296875,4.9825897216796875,2.6485443115234375,6.405059814453125,1.6175537109375,6.473826503118318,88.78798929850261,6.591985303269603,9.805039748111165,6.856074854369687,2.022757249768246,-3.418246342334896e-05,-5.530548095703125,-3.3650360107421875,-148.68177444237202,3.5960922241210795,12.925849914550781,-9.329757690429702,22.10528564453125,7.724853515625,14.38043212890625,8.529284968972206e-06,-4.271174839232117e-05
1987-001,1987-02-01 06:00:00,8.5,85.5,0,65.0,978.0,22.0,15.0,50.0,15.0,,,35.0,30.0,1,1,,,,,0,-1.953751780092716e-05,1.2169359251856804e-05,-2.374802716076374e-05,1.6866251826286316e-05,91.57858276367188,85.5544662475586,74.32086181640625,99.71975708007812,290.4609375,282.271240234375,268.58551025390625,219.17564392089844,7.605010986328125,10.226333618164062,6.110748291015625,1.0484619140625,5.5865478515625,7.1362152099609375,11.439727783203123,-2.63427734375,10.515241444156764,83.8179702758789,9.436403393240937,12.470102918295034,12.969526453573385,2.8352582790698553,3.640376962721348e-05,-6.556549072265625,-8.2208251953125,-128.57423912726358,17.257720947265625,6.024116516113281,11.233604431152344,21.87542724609375,8.189697265625,13.68572998046875,-4.210509359836582e-06,4.0614278987050056e-05
1987-001,1987-02-01 12:00:00,10.0,86.0,0,70.0,974.0,30.0,5.0,65.0,5.0,50.0,20.0,45.0,25.0,1,1,,,,,0,-3.1263567507267e-05,-1.8854858353734016e-05,2.487911842763424e-05,-0.0001172642223536,89.0859146118164,79.26304626464844,89.08458709716797,104.157470703125,290.319091796875,281.910888671875,268.1228332519531,220.1805419921875,4.98785400390625,8.412399291992188,5.696868896484375,1.5887603759765625,13.034988403320312,12.171096801757812,15.672500610351562,-0.901214599609375,14.34474090495533,85.81118265787761,13.956704848888172,14.795406692810776,16.675778560690986,1.8265670770114835,-8.6000654846333e-05,-3.3990936279296875,-13.936203002929688,-103.70703754503951,0.0013275146484375,9.822868347167969,-9.821540832519531,22.196258544921875,8.408203125,13.788055419921875,5.614268593490124e-05,-0.00014214334078123424
1987-001,1987-02-02 00:00:00,12.5,87.0,0,75.0,970.0,30.0,,,,70.0,5.0,50.0,25.0,1,1,,,,,0,-0.0001347069628536,7.702712900936604e-05,2.9726652428507805e-05,6.332737393677235e-05,96.94139862060548,92.4435577392578,101.44799041748048,101.39803314208984,289.8466796875,281.73828125,268.2498779296875,219.2735137939453,-4.79302978515625,7.024322509765625,1.8874359130859375,6.151397705078125,27.558761596679688,17.077728271484375,11.538192749023438,6.820281982421875,23.44920104822305,96.94431559244792,27.97245922803396,18.465912098671346,11.691548496226819,9.18454898434261,0.00019803433679037235,10.944427490234375,-20.738479614257812,-62.17780779525319,-4.506591796875,4.497840881347685,-9.004432678222685,21.5968017578125,8.1083984375,13.4884033203125,0.0001644336152821078,3.360072150826454e-05
1987-001,1987-02-02 12:00:00,14.5,88.5,0,70.0,974.0,26.0,-5.0,75.0,-5.0,75.0,-5.0,70.0,0.0,1,1,,,,,0,-5.154125392436981e-05,7.027573883533478e-05,-2.484559081494808e-05,2.0076055079698563e-05,98.08069610595705,95.2468032836914,45.16020202636719,100.69752502441406,289.083984375,281.2890625,267.1505126953125,219.6457061767578,-6.4140167236328125,4.1264495849609375,15.852935791015623,3.1412200927734375,20.998291015625,14.557769775390623,-8.0242919921875,11.761764526367188,13.289694210340835,79.4959004720052,21.95604327076987,15.131300241899275,17.76808473555742,12.174003796818576,7.161730900406837e-05,9.55523681640625,-9.236526489257812,-44.02835057228736,52.92049407958986,2.833892822265639,50.08660125732422,21.9334716796875,7.794921875,14.1385498046875,2.6695663109421733e-05,4.4921645894646645e-05
1987-001,1987-02-03 00:00:00,15.5,89.5,0,50.0,986.0,14.0,-10.0,60.0,-10.0,70.0,-20.0,75.0,-25.0,1,1,,,,,0,2.047838643193245e-05,3.778375685214996e-05,2.689962275326252e-05,-2.1524261683225632e-05,90.50079345703124,83.79075622558594,9.021950721740724,96.63264465332033,289.37255859375,281.5341796875,267.13299560546875,218.37110900878903,3.988006591796875,9.831893920898438,12.94097900390625,13.206192016601562,21.572280883789062,16.590774536132812,5.6063232421875,9.223220825195312,15.410198793553477,61.10450013478597,21.93780980648037,19.285225893947743,14.103183962333972,16.108113172239243,-4.200264811515808e-05,9.218185424804688,-12.34906005859375,-53.259816411234084,81.47884273529051,6.710037231445298,74.76880550384521,22.23956298828125,7.83837890625,14.40118408203125,6.4212363213300705e-06,-4.842388443648815e-05
1987-001,1987-02-03 03:00:00,16.0,89.5,0,40.0,992.0,8.0,,,,,,,,1,1,,,,,0,-3.345496952533722e-05,4.11192886531353e-05,3.5613542422652245e-05,1.851934939622879e-06,91.60028076171876,74.70672607421875,4.838253021240234,86.1512680053711,288.945068359375,281.41796875,266.9480895996094,218.2782287597656,6.6310272216796875,10.535064697265623,15.771392822265623,10.90753173828125,22.126205444335938,16.59381103515625,6.96685791015625,13.294403076171877,9.812707269190389,57.04841995239258,23.09847374567459,19.65558833629881,17.24163393343329,17.196377577075385,3.53069044649601e-05,4.2765045166015625,-8.83180236816406,-64.16296806845972,86.76202774047853,16.893554687500014,69.86847305297852,21.996978759765625,7.527099609375,14.469879150390625,6.906851194798946e-05,-3.3761607483029366e-05
1987-001,1987-02-03 12:00:00,17.0,90.0,0,30.0,994.0,6.0,,,,50.0,-20.0,70.0,-40.0,1,1,,,,,0,1.8758932128548626e-05,2.0514708012342453e-06,1.5883473679423332e-05,-7.85081647336483e-06,85.75975799560547,57.230979919433594,5.273970603942871,38.53534698486328,289.720703125,281.313232421875,266.26025390625,218.7546539306641,8.32904052734375,12.854736328125,18.79327392578125,12.196258544921877,15.640533447265623,12.127456665039062,10.01171875,21.831375122070312,7.299444899304288,49.42156950632731,17.72002264730972,17.67256210140502,21.293699941028354,25.00715222121724,-2.6609748601913456e-05,3.8672180175781268,6.190841674804689,58.00831549058896,80.4857873916626,28.528778076171875,51.95700931549072,23.46044921875,8.407470703125,15.052978515625,-2.8754584491252933e-06,-2.3734290152788162e-05
1987-002,1987-06-01 03:00:00,16.0,92.0,0,25.0,990.0,3.0,,,,,,,,1,1,,,,,0,-2.2036489099264145e-05,1.0129064321517944e-05,-2.2177351638674736e-05,1.102406531572342e-05,90.52855682373048,81.37334442138672,90.40757751464844,100.56517028808594,292.240234375,284.11181640625,269.8079833984375,224.4144744873047,-0.774444580078125,-2.176361083984375,-5.26318359375,-4.122161865234375,-2.8153228759765625,-1.3036651611328125,3.820968627929687,2.1023712158203125,5.9490273324155964,87.43649291992188,2.9198985091282412,2.536945096022593,6.503914421111492,4.627330026300514,3.3060554414987564e-05,-3.34771728515625,4.917694091796875,124.24505271781182,0.12097930908204546,9.155212402343764,-9.034233093261719,22.4322509765625,8.12841796875,14.3038330078125,-1.4086253941059113e-07,3.3201416954398155e-05
1987-002,1987-06-01 12:00:00,16.0,91.0,0,25.0,988.0,4.0,,,,,,,,1,1,,,,,0,-3.1016767024993896e-05,2.951337955892086e-05,1.28310639411211e-05,3.9614271372556686e-05,71.53116607666016,73.23152923583984,76.2054672241211,90.9433364868164,293.313232421875,284.53125,270.693115234375,223.6167755126953,-0.809326171875,-4.9628753662109375,-7.6943359375,-1.8846588134765625,-1.84710693359375,0.16900634765625,3.5176849365234375,2.6695098876953125,4.642862026858553,73.6560541788737,2.0166340462790835,4.965752213521276,8.460313991321357,3.2677548689762403,7.063103839755058e-05,-1.0753326416015625,4.5166168212890625,103.39186970050868,-4.6743011474609375,-1.7003631591796875,-2.97393798828125,22.6201171875,8.781982421875,13.838134765625,4.3847830966115e-05,2.6783207431435585e-05
1987-002,1987-06-02 03:00:00,16.5,90.0,0,25.0,988.0,4.0,,,,,,25.0,0.0,1,1,,,,,0,-1.1767493560910223e-05,2.879137173295021e-05,2.4239299818873405e-05,1.634843647480011e-05,84.0965576171875,88.2432632446289,87.25720977783203,99.15679168701172,292.43896484375,284.037841796875,270.615966796875,223.2461853027344,-0.599517822265625,-5.20941162109375,-8.169357299804688,-3.2623291015625,-2.325225830078125,-0.491302490234375,3.2364349365234375,7.3315582275390625,10.017187341993766,86.53234354654948,2.401269826586888,5.23252783794765,8.78708767398059,8.02462068952155,2.8115930035710335e-05,-2.662811279296875,9.656784057617188,105.41593541596006,-3.1606521606445312,-4.146705627441406,0.986053466796875,21.822998046875,8.401123046875,13.421875,3.600679337978363e-05,-7.890863344073296e-06
1987-002,1987-06-02 12:00:00,17.0,88.0,0,30.0,987.0,5.0,0.0,30.0,0.0,,,25.0,5.0,1,1,,,,,0,-2.3385509848594666e-05,1.441221684217453e-07,-4.3842941522598267e-05,-5.527399480342865e-05,79.01821899414062,60.03903579711914,97.102783203125,99.19017791748048,292.917724609375,284.552490234375,270.005859375,224.85552978515625,1.7980804443359375,-5.95977783203125,-8.39691162109375,-2.55841064453125,-1.4526519775390625,-8.8553466796875,-7.6107940673828125,8.973724365234375,11.299926470934436,78.72001266479492,2.3115559807522446,10.674086219654756,11.332798026461456,9.331301838931795,-3.1888484954833984e-05,-4.3564910888671875,10.426376342773438,112.67681450607864,-18.084564208984375,18.979183197021484,-37.06374740600586,22.911865234375,8.365234375,14.546630859375,-2.04574316740036e-05,-1.1431053280830383e-05
1987-002,1987-06-03 03:00:00,18.0,87.7,0,30.0,987.0,5.0,,,,,,25.0,5.0,1,1,,,,,0,1.3147946447134018e-05,2.1030660718679428e-05,1.0845018550753592e-05,-9.19983722269535e-06,77.71326446533203,58.29016876220703,95.15380096435548,86.4864501953125,293.457763671875,285.072998046875,270.32177734375,223.92823791503903,3.51287841796875,-1.346221923828125,-1.5839385986328125,-10.096588134765623,-7.51708984375,-13.435348510742188,-9.235427856445312,3.2686309814453125,17.365176462364197,77.05241139729817,8.297406492298665,13.502625784390894,9.370271563612494,10.612494544448733,-2.234778366982937e-05,-13.609466552734373,10.785720825195312,141.60261019548628,-17.44053649902345,19.423095703125,-36.86363220214845,23.135986328125,8.384765625,14.751220703125,-2.302927896380426e-06,-2.0044855773448944e-05
1987-002,1987-06-03 12:00:00,19.0,88.0,0,30.0,986.0,6.0,,,,,,30.0,0.0,1,1,,,,,0,1.706206239759922e-05,2.563558518886566e-05,-6.781192496418953e-06,-3.488385118544102e-05,78.37722778320312,54.98061752319336,96.1906967163086,76.236083984375,293.506591796875,285.719482421875,271.183349609375,225.0021514892578,6.15911865234375,1.3451080322265625,-1.7533111572265625,-0.1195220947265625,-4.9205474853515625,-14.119964599609377,-9.18035888671875,13.648147583007812,19.601473571455937,76.51618067423503,7.883307055370118,14.18388930838726,9.346287460966042,13.648670923525478,-5.194591358304024e-05,-6.2786407470703125,18.568695068359375,108.68195958377476,-17.81346893310547,23.396610260009766,-41.210079193115234,22.3232421875,7.787109375,14.5361328125,-2.3843254894018173e-05,-2.8102658689022064e-05
1987-002,1987-06-04 03:00:00,20.5,90.5,0,35.0,984.0,7.0,,,,,,30.0,5.0,1,1,,,,,0,3.2295938581228256e-06,-5.550822243094444e-05,0.0001056073233485,3.410782665014267e-05,93.8521957397461,98.91991424560548,100.50908660888672,106.0336685180664,292.984130859375,285.7177734375,270.79296875,226.3087921142578,-1.634033203125,-1.546600341796875,2.7899932861328125,-2.3244781494140625,-0.2334136962890625,0.1889801025390625,-0.95721435546875,16.772048950195312,17.019473377423623,97.7603988647461,1.6506200236669462,1.5581033651211607,2.949630800453105,16.93236028009241,3.0878232792019844e-05,-0.6904449462890625,17.005462646484375,92.32500968089394,-6.656890869140625,-5.067718505859389,-1.5891723632812358,22.191162109375,7.266357421875,14.9248046875,0.00010237772949037718,-7.149949669835733e-05
1987-002,1987-06-04 06:00:00,21.0,90.5,0,40.0,984.0,7.0,5.0,35.0,5.0,,,,,1,1,,,,,0,1.857592724263668e-05,-1.1130468919873238e-05,3.681425005197525e-05,4.5650405809283257e-05,92.27049255371094,93.16338348388672,97.2625732421875,99.35033416748048,293.1865234375,286.03759765625,271.083984375,226.2737579345703,1.6941375732421875,-0.8672332763671875,4.907745361328125,-2.3530120849609375,0.3486785888671875,1.34246826171875,1.4918212890625,5.494140625,6.546388311212351,94.23214975992839,1.7296470378101254,1.5982223216313582,5.129473198110877,5.976809105136922,2.7074478566646576e-05,-4.047149658203125,5.1454620361328125,128.18672748792034,-4.9920806884765625,-0.8928909301757812,-4.099189758300781,22.1025390625,7.14892578125,14.95361328125,1.823832280933857e-05,8.836155757308006e-06
1987-003,1987-08-26 03:00:00,24.0,90.0,0,25.0,990.0,4.0,,,,,,,,1,1,,,,,0,-6.200047209858894e-05,1.8914230167865753e-05,4.8839952796697617e-05,4.5408960431814194e-05,100.18093872070312,82.9388656616211,95.48458862304688,89.40382385253906,292.968017578125,286.595458984375,272.4013671875,226.35546875,-2.351806640625,-1.942047119140625,-0.470977783203125,-1.0686187744140625,-7.4673309326171875,-5.4231414794921875,2.0383453369140625,0.1845703125,7.758747564202417,92.86813100179036,7.828922386389414,5.7603828448768155,2.0920496611673043,1.0844410012935515,0.00010740943253040314,1.2831878662109375,7.6519012451171875,80.48034396340508,4.69635009765625,17.24207305908203,-12.545722961425781,20.566650390625,6.37255859375,14.194091796875,0.00011084042489528656,-3.430992364883423e-06
1987-003,1987-08-26 12:00:00,24.5,88.5,0,25.0,990.0,4.0,,,,,,,,1,1,,,,,0,-5.650985985994339e-05,2.0040664821863174e-05,-0.0001154812052845,3.443984314799309e-05,92.95137786865234,91.18547821044922,93.67655181884766,108.89960479736328,293.556396484375,286.339111328125,272.467529296875,227.6238555908203,8.34490966796875,4.36407470703125,-4.18585205078125,-6.5259246826171875,-4.365020751953125,-5.2834625244140625,-4.4050140380859375,-6.0248260498046875,14.96317706602922,92.6044692993164,9.417585865365908,6.852745748635193,6.076636081481577,8.88179159255594,9.094970300793648e-05,-14.870834350585938,-1.6598052978515625,-173.6313021616019,-0.7251739501953125,1.765899658203125,-2.4910736083984375,21.0888671875,7.21728515625,13.87158203125,-5.897134542455661e-05,0.00014992104843249309
1987-003,1987-08-27 03:00:00,24.5,87.5,0,25.0,990.0,4.0,,,,,,25.0,0.0,1,1,,,,,0,-5.834270268678665e-06,3.997748717665672e-05,-1.9525177776813507e-06,1.70848798006773e-05,100.40061950683594,90.60287475585938,90.20372772216795,56.36865997314453,292.687744140625,286.033447265625,272.740234375,226.35826110839844,-12.681732177734377,-12.814132690429688,-9.964111328125,-4.3837432861328125,3.96990966796875,2.7965545654296875,9.043060302734377,-4.4817352294921875,11.844277990570824,93.7357406616211,13.288585846493044,13.11574298487754,13.455870622080138,6.269222907664545,2.2919150069355965e-05,8.297988891601564,-8.451644897460938,-45.52559917360989,10.196891784667983,9.797744750976562,0.39914703369142046,19.947509765625,6.654296875,13.293212890625,3.8817524909973145e-06,1.903739757835865e-05
1987-003,1987-08-27 12:00:00,24.8,85.5,0,25.0,990.0,4.0,,,,,,25.0,0.0,1,1,,,,,0,1.144176349043846e-05,2.0229024812579155e-05,-1.18352472782135e-05,1.2262491509318352e-05,98.1664047241211,86.05656433105469,85.85601806640625,41.95955657958984,293.49072265625,286.484619140625,272.555908203125,227.15399169921875,-14.240936279296877,-12.961334228515623,-10.59869384765625,-4.67974853515625,-4.8602447509765625,-7.0909271240234375,-3.7050628662109375,-5.0354461669921875,9.562792825052668,90.02632904052734,15.047466403032413,14.774215121674043,11.227635642419184,6.874282831901331,8.207280188798921e-07,9.561187744140627,-0.175201416015625,-1.0497836306724213,12.310386657714844,12.109840393066406,0.2005462646484375,20.934814453125,7.006103515625,13.9287109375,-2.327701076865196e-05,2.4097738787531853e-05
1987-003,1987-08-28 03:00:00,23.5,84.0,0,25.0,990.0,4.0,,,,,,25.0,0.0,1,1,,,,,0,-6.077089346945286e-05,-4.098075442016125e-05,-3.745942376554012e-05,-5.7601602748036385e-05,100.39314270019533,87.33650970458984,90.08917236328124,109.14529418945312,292.96044921875,286.826904296875,272.767578125,225.86361694335935,6.53448486328125,5.6762542724609375,-1.7473602294921875,-8.063064575195312,7.817779541015625,7.130218505859375,3.705108642578125,-3.656814575195313,18.567572801541672,92.6062749226888,10.189071075440305,9.11371924665943,4.096473828174434,8.853547491324054,3.1692907214164734e-06,-14.597549438476562,-11.474594116210938,-141.8304205444818,10.303970336914091,13.056632995605483,-2.752662658691392,20.19287109375,6.133544921875,14.059326171875,2.3311469703912735e-05,-2.014217898249626e-05
1987-003,1987-08-28 12:00:00,24.0,82.0,0,25.0,990.0,3.0,,,,,,25.0,0.0,1,1,,,,,0,2.3312633857131004e-05,5.67152164876461e-06,7.180613465607166e-05,7.161474786698818e-05,100.21527099609376,100.1005859375,97.8995132446289,43.3424186706543,293.30126953125,286.474365234375,272.952392578125,227.72998046875,4.764495849609375,3.4857635498046875,3.233428955078125,-3.2146759033203125,-2.2459716796875,-1.430877685546875,0.7581634521484375,-9.209228515625,10.590284586637951,99.40512339274089,5.26733419168589,3.7680178444565464,3.321125506166735,9.754180181665136,4.830211400985718e-05,-7.9791717529296875,-6.9632568359375,-138.8894746832112,2.315757751464858,0.11468505859376421,2.2010726928710938,20.348876953125,6.826904296875,13.52197265625,4.849350079894066e-05,-1.9138678908348083e-07
1987-004,1987-09-11 12:00:00,23.0,85.5,0,25.0,993.0,3.0,,,,,,,,1,1,,,,,0,2.2445805370807648e-05,1.0425690561532974e-05,7.3891133069992065e-06,6.845570169389248e-05,96.3761215209961,72.21868133544922,58.85636138916016,98.36814880371094,293.0693359375,286.494873046875,271.699462890625,226.02310180664065,-3.303802490234375,-3.5186004638671875,-2.2189788818359375,-7.1059417724609375,-1.058868408203125,-3.936004638671875,-1.2532196044921875,4.7052154541015625,6.9051376447636175,75.81705474853516,3.4693390149089605,5.279458470333194,2.548416499537982,8.522526675999405,4.600989632308483e-05,-3.8021392822265625,5.7640838623046875,123.40987994509975,37.51976013183593,24.157440185546875,13.362319946289055,21.369873046875,6.574462890625,14.79541015625,-1.5056692063808441e-05,6.106658838689327e-05
1987-005,1987-09-15 03:00:00,23.0,82.0,0,25.0,997.0,4.0,,,,,,,,1,1,,,,,0,2.6203226298093796e-05,-3.7328340113162994e-05,9.204959496855736e-06,2.7736183255910873e-05,99.73310089111328,95.12749481201172,99.5825653076172,100.4110336303711,291.738037109375,284.840576171875,270.9681396484375,225.3508453369141,1.4224090576171875,1.9619140625,0.4155731201171875,-3.0335845947265625,-1.303436279296875,-0.1790618896484375,2.675140380859375,0.837188720703125,4.943496214254926,98.14772033691406,1.92929874860756,1.9700685137729914,2.7072268237937465,3.1469859306064363,1.5329569578170776e-06,-4.45599365234375,2.140625,154.34072923161239,0.15053558349607954,4.6056060791015625,-4.455070495605483,20.7698974609375,6.8974609375,13.8724365234375,-1.699826680123806e-05,1.8531223759055138e-05
1987-005,1987-09-15 12:00:00,23.5,81.5,0,25.0,997.0,4.0,,,,,,,,1,1,,,,,0,2.0668841898441315e-05,-1.704460009932518e-05,7.638707756996155e-06,2.152356319129467e-05,97.55347442626952,88.30717468261719,81.84139251708984,99.62224578857422,292.531005859375,285.1044921875,271.5399169921875,224.96273803710935,-0.2518768310546875,-0.231903076171875,3.368377685546875,-1.4028472900390625,1.9539031982421875,2.139923095703125,2.4698333740234375,0.99407958984375,1.498664190769133,89.23401387532552,1.9700709748948642,2.1524520650322563,4.1768463136594,1.7193530033456945,8.547212928533554e-07,-1.150970458984375,-0.9598236083984375,-140.17441148057813,15.712081909179673,9.24629974365233,6.465782165527344,20.9910888671875,7.426513671875,13.5645751953125,-1.303013414144516e-05,1.3884855434298515e-05
1987-006,1987-10-14 03:00:00,13.0,87.5,0,25.0,1000.0,3.0,,,,,,,,1,1,,,,,0,-2.82912515103817e-06,-2.3785512894392017e-05,-2.830824814736843e-05,5.3322044550441206e-05,92.14747619628906,84.3328628540039,90.0758285522461,100.34986877441406,291.3359375,283.50927734375,269.133056640625,222.0983123779297,-3.904632568359375,-8.682998657226562,-10.249313354492188,-7.977371215820312,-5.2492218017578125,-5.3626861572265625,-1.374053955078125,0.6314239501953125,7.153264607889623,88.85205586751302,6.542207961991293,10.205531269968638,10.341008099312065,8.002321395687547,5.6151169701479375e-05,-4.072738647460937,5.880645751953125,124.70517908534448,2.0716476440429688,7.814613342285156,-5.7429656982421875,22.202880859375,7.82666015625,14.376220703125,-2.547912299633026e-05,8.163029269780964e-05
1987-006,1987-10-14 12:00:00,14.0,86.5,0,30.0,998.0,5.0,,,,,,,,1,1,,,,,0,-2.797390334308147e-05,-2.6875175535678864e-05,-6.433343514800072e-06,2.7962043532170355e-05,96.27040100097656,83.82909393310547,86.10037994384766,101.39833068847656,291.269775390625,283.759033203125,269.31982421875,223.28448486328125,-7.91357421875,-9.441436767578123,-17.842636108398438,-6.710601806640625,-3.6864013671875,-4.736785888671875,-1.1195068359375,-4.7501678466796875,1.6058461156622232,88.73329162597656,8.730075140321906,10.563042591568825,17.877722417926577,8.221695152395153,5.593594687525183e-05,1.202972412109375,-1.0637664794921875,-41.48574078521686,10.170021057128906,12.441307067871094,-2.2712860107421875,21.949951171875,7.5107421875,14.439208984375,2.15405598282814e-05,3.439538704697043e-05
1987-006,1987-10-15 03:00:00,14.5,83.0,0,35.0,996.0,6.0,,,,,,25.0,10.0,1,1,,,,,0,-1.813843846321106e-05,-2.4432316422462463e-05,-3.478419966995716e-05,9.580468758940695e-05,95.32415771484376,85.02310943603516,91.01588439941406,101.96395874023438,291.427734375,283.351806640625,269.70703125,223.19920349121097,-4.9838714599609375,-6.13067626953125,-10.613906860351562,-11.524978637695312,-5.686065673828125,-7.5850830078125,-0.658416748046875,-1.12774658203125,7.972725760569471,90.45438385009766,7.5611055789811354,9.752880382594649,10.63430916676427,11.580023529881814,0.00011394312605261801,-6.541107177734375,4.558319091796875,145.12841190623647,4.308273315429702,10.301048278808608,-5.992774963378906,21.720703125,8.075927734375,13.644775390625,-1.66457612067461e-05,0.00013058888725936413
1987-006,1987-10-15 12:00:00,15.0,82.0,0,45.0,994.0,8.0,,,,,,30.0,15.0,1,1,,,,,0,1.0841293260455132e-05,-3.088591620326042e-05,4.555261693894863e-05,-2.674991264939308e-05,89.66700744628906,91.7304916381836,98.36309051513672,100.4880142211914,291.697021484375,283.484619140625,270.394287109375,223.33758544921875,-5.5346221923828125,-3.567138671875,-9.989608764648438,-3.5513458251953125,1.255859375,-1.311248779296875,10.203872680664062,3.9005126953125,3.3056884809800784,93.25352986653645,5.675317223045045,3.8005067643136337,14.27975143179822,5.275040896185181,-3.759120590984821e-05,1.9832763671875,2.6446533203125,53.133064447908865,-8.696083068847656,-2.0634841918945312,-6.632598876953125,21.302734375,8.21240234375,13.09033203125,3.47113236784935e-05,-7.230252958834171e-05
1987-006,1987-10-16 03:00:00,16.0,80.0,0,30.0,996.0,5.0,,,,,,35.0,-5.0,1,1,,,,,0,8.35563987493515e-05,3.987923264503479e-06,2.744467929005623e-05,-3.735112841241062e-05,96.0228042602539,76.8822250366211,84.20802307128906,100.19212341308594,291.686767578125,284.855224609375,270.176513671875,221.9472198486328,-6.8701629638671875,-4.9524078369140625,-3.0663604736328125,-6.361724853515625,3.4384307861328125,7.4201202392578125,14.471160888671877,5.959747314453125,2.572070439945038,85.70435078938802,7.682574140294273,8.921016071511767,14.792466461685295,8.717231852140314,-0.00012090752716176212,0.5084381103515625,2.5213165283203125,78.59887495700569,11.814781188964844,19.140579223632812,-7.325798034667969,21.51025390625,6.83154296875,14.6787109375,-5.611171945929527e-05,-6.479580770246685e-05
1987-006,1987-10-16 12:00:00,16.5,78.0,0,25.0,997.0,3.0,,,,40.0,-15.0,45.0,-20.0,1,1,,,,,0,1.952750608325005e-05,7.191440090537071e-06,2.2691907361149788e-05,-6.55162293696776e-05,100.21743774414062,90.1135482788086,88.54449462890625,103.04518127441406,291.129150390625,283.640869140625,270.147216796875,222.3282928466797,-3.844802856445313,0.3167724609375,0.0258331298828125,-4.1144866943359375,-4.1161346435546875,-1.0241546630859375,0.2403717041015625,6.42462158203125,10.544205573662158,92.95849355061848,5.632501523195632,1.0720249838175742,0.2417558825183606,7.629204626313886,-8.504373545292765e-05,-0.26968383789062456,10.540756225585938,91.46558512608935,11.672943115234375,10.103889465332031,1.5690536499023438,20.98193359375,7.48828125,13.49365234375,3.1644012778997387e-06,-8.820813673082739e-05
1987-006,1987-10-17 03:00:00,17.5,76.0,0,25.0,998.0,3.0,,,,,,30.0,-5.0,1,1,,,,,0,-3.407476469874382e-05,-6.89411535859108e-07,3.670132718980312e-05,2.570217475295067e-05,100.55894470214844,98.89659118652344,97.15080261230467,78.82347106933594,290.5,283.28564453125,269.270751953125,220.63417053222656,-0.2961883544921875,-0.3205108642578125,0.0560760498046875,1.1566162109375,-1.7751922607421875,-0.77081298828125,0.7638397216796875,8.929244995117188,10.802574603767544,98.86877950032552,1.7997319533574294,0.8347933139468477,0.7658953216839754,9.003842359916613,5.977693945169449e-05,1.4528045654296875,10.704437255859375,82.27105023993019,3.408142089843764,1.662353515625,1.7457885742187642,21.229248046875,7.21435546875,14.014892578125,7.077609188854694e-05,-1.0999152436852448e-05
1987-006,1987-10-17 12:00:00,19.0,75.0,0,25.0,998.0,3.0,,,,,,25.0,0.0,1,1,,,,,0,2.792361192405224e-05,-5.152774974703789e-06,-5.423557013273239e-06,-2.2568725398741663e-05,96.14000701904295,91.3070068359375,93.09362030029295,21.21057891845703,291.2998046875,283.718017578125,269.818359375,221.93798828125,-3.835174560546875,-1.8875579833984375,-0.4893798828125,2.6656036376953125,-0.47491455078125,-2.384124755859375,-7.60296630859375,8.768218994140625,11.300249329638747,93.51354471842448,3.864467329453009,3.040875859385368,7.618699978297692,9.164447996606393,-5.04923373227939e-05,6.5007781982421875,9.243133544921875,54.88093810290169,3.04638671875,4.8330001831054545,-1.7866134643554545,21.4814453125,7.581787109375,13.899658203125,-3.334716893732548e-05,-1.7145168385468423e-05
1987-006,1987-10-18 03:00:00,20.5,74.5,0,20.0,998.0,3.0,,,,,,25.0,-5.0,1,1,,,,,0,5.143927410244942e-06,9.091664105653764e-05,5.877623334527016e-05,-1.3470824342221022e-05,99.35254669189452,92.14695739746094,21.14449882507324,59.25349044799805,291.172607421875,284.26171875,271.107177734375,220.8578186035156,4.9289703369140625,0.414703369140625,4.3147430419921875,0.7706146240234375,-4.4417266845703125,-8.618698120117188,-5.196563720703125,5.7717437744140625,11.027551906541932,70.88133430480957,6.635034628591075,8.628669432194522,6.754352820348364,5.822960853058028,-1.8614751752465963e-05,-4.158355712890625,10.213470458984375,112.1534129203445,78.20804786682127,7.2055892944335795,71.0024585723877,20.0654296875,6.910888671875,13.154541015625,5.3632305935025215e-05,-7.224705768749118e-05
1987-006,1987-10-18 12:00:00,22.0,76.0,0,20.0,998.0,3.0,,,,,,25.0,-5.0,1,1,,,,,0,3.710063174366951e-05,-1.0519521310925484e-05,4.843203350901604e-05,-3.261578967794776e-06,94.9193115234375,92.69741821289062,17.320114135742188,48.90919494628906,291.87255859375,284.21142578125,271.813232421875,221.36355590820312,8.07843017578125,10.474990844726562,10.90997314453125,9.212188720703123,5.1135101318359375,1.7170257568359375,-1.345245361328125,9.0814208984375,4.12670865095853,68.31228129069011,9.560806449947718,10.614782647173861,10.992597468140454,12.935865899135907,-4.0362210711464286e-05,1.1337585449218732,3.9679107666015625,74.05367288198885,77.59919738769531,2.221893310546875,75.37730407714844,20.059326171875,7.6611328125,12.398193359375,1.1331401765346527e-05,-5.169361247681081e-05
1987-007,1987-10-31 03:00:00,11.5,86.5,0,25.0,997.0,3.0,,,,,,,,1,1,,,,,0,2.682209014892578e-06,1.5584519132971764e-05,-2.3508910089731216e-05,-9.10111702978611e-06,88.05136108398438,86.5216293334961,90.6939468383789,102.96138763427734,292.08349609375,283.52001953125,269.28125,222.3065185546875,-2.8518829345703125,-4.983673095703125,-10.741317749023438,-3.3060150146484375,-0.2283477783203125,1.7061920166015625,-0.4752197265625,-1.390411376953125,1.2476488902826497,88.4223124186198,2.861010132865174,5.267645462856254,10.751824997366729,3.586499557262149,-1.1783326044678688e-05,-0.454132080078125,-1.1620635986328125,-111.3454565682802,-2.6425857543945312,1.5297317504882812,-4.1723175048828125,22.80224609375,8.5634765625,14.23876953125,-2.6191119104623795e-05,1.4407793059945107e-05
1987-007,1987-10-31 12:00:00,12.5,85.5,0,35.0,993.0,7.0,5.0,30.0,5.0,,,,,1,1,,,,,0,-3.670714795589447e-05,1.0025687515735626e-06,4.1015446186065674e-05,-2.1108135115355253e-06,97.67878723144533,84.04591369628906,88.61825561523438,102.3868637084961,291.56884765625,284.505859375,270.095703125,222.5746612548828,-4.9103240966796875,-7.10107421875,-10.474197387695312,-2.217529296875,-1.0852508544921875,-4.5289764404296875,-5.4795379638671875,2.44384765625,4.439108033420441,90.11431884765625,5.028822143564954,8.422403615249218,11.8209198971089,3.2999738710264888,3.4596334444358945e-05,2.6927947998046875,3.5290985107421875,52.65541786856569,9.060531616210952,13.632873535156264,-4.5723419189453125,21.47314453125,7.06298828125,14.41015625,7.772259414196014e-05,-4.31262596976012e-05
1987-007,1987-10-31 18:00:00,13.0,85.5,0,35.0,993.0,7.0,0.0,35.0,0.0,30.0,5.0,,,1,1,,,,,0,-1.1549098417162895e-05,-2.0756851881742477e-06,2.503069117665291e-05,3.6548764910548925e-05,90.64745330810548,93.33101654052734,84.97191619873047,94.65410614013672,292.12109375,283.888427734375,270.435791015625,222.4105987548828,-6.5359344482421875,-9.886322021484377,-6.6502838134765625,-2.7547454833984375,0.435333251953125,-0.11248779296875,2.443145751953125,2.1522979736328125,4.152753043867255,89.65012868245442,6.550416334247388,9.886961950774054,7.084859629172265,3.495856010422626,4.809786332771182e-05,3.78118896484375,1.7169647216796875,24.421879471266873,5.675537109375014,-2.683563232421861,8.359100341796875,21.685302734375,8.232666015625,13.45263671875,3.6579789593815804e-05,1.1518073733896017e-05
1987-007,1987-11-01 00:00:00,13.5,85.0,0,40.0,992.0,8.0,5.0,35.0,5.0,35.0,5.0,,,1,1,,,,,0,-5.440320819616318e-06,-4.25965990871191e-05,-6.0549937188625336e-06,9.042676538228989e-06,98.503173828125,98.74483489990234,89.5163345336914,102.16295623779295,291.86572265625,284.168212890625,270.443603515625,223.2666473388672,-5.550079345703125,-7.97412109375,-7.854522705078125,-11.30303955078125,-4.589691162109375,-2.9673614501953125,-2.824920654296875,3.396453857421875,9.842513062942633,95.58811442057292,7.201989010484905,8.508339508617055,8.34707755011662,11.80231341272215,1.4482997357845306e-05,-5.752960205078125,7.98614501953125,125.76775636710784,8.986839294433594,-0.24166107177734375,9.228500366210938,21.422119140625,7.697509765625,13.724609375,-6.146728992462158e-07,1.5097670257091522e-05
1987-007,1987-11-01 03:00:00,13.5,85.0,0,40.0,990.0,10.0,,,,,,25.0,15.0,1,1,,,,,0,2.669868990778923e-05,5.900859832763672e-06,-2.023065462708473e-06,-6.328237941488624e-05,96.98585510253906,90.17254638671876,78.59003448486328,96.72515869140624,292.159423828125,284.626953125,270.91455078125,223.03829956054688,-5.877532958984375,-8.402374267578125,-11.233657836914062,-9.439849853515623,-1.77484130859375,1.732269287109375,1.5642547607421875,0.8327789306640625,4.4147236571783,88.5828119913737,6.139662478885822,8.57908213129595,11.342043967176522,9.476512333357507,-8.998106932267547e-05,-3.5623168945312482,2.6076202392578125,143.7958275360158,18.39582061767578,6.813308715820298,11.582511901855483,21.244873046875,7.532470703125,13.71240234375,-2.8721755370497704e-05,-6.125931395217776e-05
1987-007,1987-11-01 12:00:00,13.5,84.0,0,45.0,988.0,12.0,,,,40.0,5.0,35.0,10.0,1,1,,,,,0,-2.254825085401535e-05,-1.1332100257277489e-05,9.196344763040544e-05,2.830708399415016e-05,100.39666748046876,94.94078826904295,100.26837921142578,96.60430145263672,292.003173828125,284.66357421875,270.828369140625,223.1626434326172,-5.1004791259765625,-5.8190155029296875,-7.779754638671875,-2.5329437255859375,-4.56097412109375,-3.3518829345703125,11.096954345703123,8.98992919921875,13.791998362409828,98.5352783203125,6.84232213855863,6.715360052178865,13.552379052718234,9.339948122123111,5.085533484816551e-05,2.567535400390625,13.5509033203125,79.27115774735367,0.12828826904298296,5.45587921142581,-5.327590942382827,21.1748046875,7.339599609375,13.835205078125,0.00011451169848442079,-6.365636363625528e-05
1987-007,1987-11-01 18:00:00,13.5,83.5,0,45.0,988.0,12.0,0.0,45.0,0.0,,,35.0,10.0,1,1,,,,,0,-8.758855983614922e-06,4.909001290798187e-06,1.5552854165434837e-05,1.1622905731201172e-05,92.73125457763672,90.9666519165039,66.28347778320312,93.07256317138672,292.7998046875,285.38134765625,271.99273681640625,223.3595428466797,-5.935882568359375,-5.1950225830078125,-2.5181121826171875,-1.115081787109375,-1.47540283203125,1.3398284912109375,9.847335815429688,6.3501129150390625,9.191235873382102,83.32712809244792,6.116495351270899,5.365016311608171,10.164197539702254,6.447273953050928,2.0381761714816093e-05,4.82080078125,7.8255157470703125,58.36542822704136,26.447776794433594,1.7646026611328125,24.68317413330078,20.80706787109375,7.41845703125,13.38861083984375,2.431171014904976e-05,-3.9299484342336655e-06
1987-007,1987-11-02 00:00:00,13.5,82.5,0,50.0,986.0,14.0,5.0,45.0,5.0,45.0,5.0,40.0,10.0,1,1,,,,,0,-7.08247534930706e-06,1.2558186426758766e-05,-1.8444843590259552e-05,-4.200427792966366e-05,95.5068588256836,94.18639373779295,83.54986572265625,103.79735565185548,292.4326171875,285.072998046875,270.971923828125,223.73760986328125,-8.191970825195312,-7.3410797119140625,-6.948028564453125,-1.1393585205078125,-3.575439453125,-4.8398590087890625,2.55487060546875,7.08624267578125,12.783223620748736,91.08103942871094,8.938241062077816,8.792933899537339,7.402868683364903,7.177253868877508,-3.49218025803566e-05,7.0526123046875,10.66168212890625,56.51570209115225,11.956993103027344,1.3204650878906392,10.636528015136705,21.460693359375,7.359619140625,14.10107421875,-1.1362368240952492e-05,-2.3559434339404106e-05
1987-007,1987-11-02 03:00:00,13.5,82.0,0,55.0,984.0,16.0,,,,,,40.0,15.0,1,1,,,,,0,-1.0266201570630074e-05,-5.943328142166138e-05,-3.374856896698475e-05,-0.0001280235592275,95.69024658203124,92.8979949951172,90.84138488769533,97.01425170898438,292.724365234375,284.931396484375,270.2808837890625,224.2227020263672,-9.4332275390625,-11.158233642578123,-12.351730346679688,3.4960784912109375,-10.329208374023438,-10.39501953125,1.8486328125,8.600494384765625,22.92379988048603,93.14320882161458,13.988506976719247,15.250003576308801,12.489302856146118,9.283914501927125,-0.00011775735765686993,12.929306030273438,18.929702758789062,55.666265432713736,4.848861694335909,2.792251586914034,2.056610107421875,22.4434814453125,7.79296875,14.6505126953125,-2.3482367396354675e-05,-9.427499026051526e-05
1987-007,1987-11-02 06:00:00,14.0,81.5,0,55.0,984.0,16.0,5.0,50.0,5.0,45.0,10.0,,,1,1,,,,,0,-1.5578698366880417e-06,-1.5073921531438828e-05,-2.2091204300522804e-05,-0.0001552230678498,97.52742767333984,75.85002136230469,92.6852798461914,97.566162109375,292.76025390625,285.555908203125,270.12030029296875,225.4665985107422,-11.887222290039062,-13.185211181640623,-15.618453979492188,-4.36346435546875,-16.317626953125,-12.163665771484377,-4.3068389892578125,8.528274536132812,25.960080012818015,88.68757629394531,20.188387829496268,17.93891186512832,16.201387804410665,9.579733177134823,-0.00015366519801311197,7.5237579345703125,24.845901489257812,73.15280260639743,4.8421478271484375,21.677406311035156,-16.83525848388672,22.63995361328125,7.204345703125,15.43560791015625,-2.0533334463834763e-05,-0.0001331318635492772
1987-007,1987-11-02 12:00:00,14.5,81.0,0,55.0,984.0,16.0,0.0,55.0,0.0,50.0,5.0,45.0,10.0,1,1,,,,,0,-4.533212631940842e-07,-3.293110057711601e-05,-0.0001658287364989,1.4712568372488022e-05,87.79887390136719,85.0953140258789,102.49501037597656,102.09395599365234,292.464599609375,284.106201171875,269.13427734375,223.9431610107422,-13.348541259765623,-15.082611083984377,-19.906341552734375,1.842620849609375,-12.802719116210938,-14.089065551757812,-8.080230712890625,11.305160522460938,28.49493405688107,91.79639943440755,18.495760880057304,20.639450700841266,21.483774398081454,11.454340052313116,1.5165889635682106e-05,15.191162109374998,24.107879638671875,57.78363173362228,-14.696136474609375,2.7035598754882812,-17.399696350097656,23.330322265625,8.3583984375,14.971923828125,-0.00016537541523570592,0.00018054130487138803
1987-008,1987-11-11 06:00:00,14.5,89.0,0,25.0,1002.0,3.0,,,,,,,,1,1,,,,,0,1.554097980260849e-05,-8.966540917754173e-06,-4.1103921830654144e-06,-4.245131276547909e-05,93.6977081298828,87.17191314697266,87.41038513183594,96.2157211303711,292.1455078125,284.641845703125,269.893310546875,223.02110290527344,-4.5037841796875,-4.735198974609375,-4.67877197265625,-5.8064727783203125,-0.7164306640625,-1.5388641357421875,-1.1163482666015625,3.9268646240234375,4.822570758150572,89.42666880289714,4.560410599234727,4.978977019169221,4.810108171804244,7.009664178887712,-5.799229256808758e-05,-1.3026885986328125,4.6432952880859375,105.6716024566944,6.287322998046861,6.525794982910142,-0.23847198486328125,22.252197265625,7.503662109375,14.74853515625,-1.9651371985673904e-05,-3.8340920582413673e-05
1987-008,1987-11-11 12:00:00,14.5,88.0,1,25.0,1002.0,3.0,0.0,25.0,0.0,,,,,1,1,,,,,0,1.2333272024989128e-05,-6.286427378654481e-09,-1.626787707209587e-06,3.8477592170238495e-05,94.29249572753906,90.97297668457033,87.83328247070312,98.34510803222656,292.281005859375,284.81494140625,270.418212890625,223.21470642089844,-5.34912109375,-5.9562225341796875,-2.7345733642578125,-3.7787933349609375,0.4283905029296875,-0.697052001953125,-0.7608184814453125,4.4149322509765625,4.284675527848534,91.03291829427083,5.366247748529837,5.9968715485740365,2.838439050995642,5.811274029768187,2.6144320145249367e-05,1.5703277587890625,3.986541748046875,68.50015922050933,6.4592132568359375,3.319519042968736,3.1396942138672017,21.86279296875,7.466064453125,14.396728515625,-1.3960059732198715e-05,4.010437987744808e-05
1987-008,1987-11-11 18:00:00,14.5,86.5,0,30.0,1000.0,5.0,5.0,25.0,5.0,25.0,5.0,,,1,1,,,,,0,-4.592817276716232e-06,1.0331394150853155e-05,-6.44288957118988e-06,3.46361193805933e-05,93.0056610107422,89.2652816772461,75.77406311035156,102.82964324951172,292.441162109375,284.60107421875,270.446533203125,223.4291534423828,-4.4779815673828125,-5.0219268798828125,-2.65283203125,-5.078155517578125,0.0195159912109375,1.499603271484375,2.5114898681640625,3.3707427978515625,3.4045454733399825,86.01500193277995,4.478024094590512,5.241045655089847,3.653094461400737,6.095044747167763,3.922893665730953e-05,-0.6001739501953125,3.351226806640625,100.15350826725519,17.23159790039064,3.740379333496108,13.491218566894531,21.99462890625,7.840087890625,14.154541015625,-1.850072294473648e-06,4.107900895178318e-05
1987-008,1987-11-12 00:00:00,14.5,85.0,0,30.0,1000.0,5.0,0.0,30.0,0.0,25.0,5.0,,,1,1,,,,,0,1.297052949666977e-05,2.0263250917196274e-06,-1.6713718650862575e-05,1.970049925148487e-05,90.4263687133789,85.42355346679688,80.55802154541016,98.32491302490234,292.78076171875,284.934814453125,270.8818359375,224.04734802246097,-6.466644287109375,-4.4437713623046875,-4.304901123046875,-3.616653442382813,2.0107421875,5.51617431640625,10.51739501953125,-1.311676025390625,4.377317739937616,85.46931457519531,6.772043449402595,7.0834513487013675,11.364320114994605,3.847164685568321,6.729969754815102e-06,2.849990844726562,-3.322418212890625,-49.37680373029013,9.86834716796875,5.002815246582031,4.865531921386719,21.89892578125,7.845947265625,14.052978515625,-2.9684248147532344e-05,3.6414217902347445e-05
1987-008,1987-11-12 03:00:00,14.5,84.5,0,35.0,997.0,6.0,,,,,,,,1,1,,,,,0,-1.2849690392613413e-05,1.2202654033899307e-06,-1.4213845133781431e-05,3.348453901708126e-05,98.37493133544922,92.11563873291016,67.281005859375,101.1190185546875,291.84423828125,284.495849609375,271.06884765625,223.77532958984375,-5.59130859375,-2.967559814453125,-3.0198974609375,-6.0550079345703125,4.5416107177734375,5.0102386474609375,14.034835815429688,-0.4801177978515625,5.043091746470458,85.92385864257812,7.203399176939812,5.823135114083158,14.356057851675182,6.0740130216787716,4.633422940969467e-05,-0.4636993408203125,-5.021728515625,-95.27565141972467,31.09392547607422,6.2592926025390625,24.834632873535156,20.775390625,7.348388671875,13.427001953125,-1.3641547411680188e-06,4.7698384150862694e-05
1987-008,1987-11-12 06:00:00,15.0,83.0,0,45.0,994.0,10.0,15.0,30.0,15.0,30.0,15.0,25.0,20.0,1,1,,,,,0,7.916497997939587e-05,0.000115935690701,-6.749294698238373e-06,5.4433709010481834e-05,100.46553802490234,87.71306610107422,87.89313507080078,99.7744369506836,292.358154296875,284.221435546875,270.6240234375,223.75567626953125,-8.188140869140625,-8.067794799804688,-5.424560546875,-3.5578460693359375,-9.151443481445312,-6.494842529296875,10.399688720703123,5.447021484375,15.315182313357598,92.02391306559245,12.279844000921953,10.35723382048117,11.729423797196201,6.5060211884324515,-2.4731270968914032e-05,4.6302947998046875,14.598464965820312,72.40217906381463,12.572402954101562,12.752471923828125,-0.1800689697265625,21.734130859375,8.13671875,13.597412109375,-8.591427467763424e-05,6.118300370872021e-05
1987-009,1987-12-19 12:00:00,10.5,82.0,0,25.0,,,,,,,,,,1,1,,,,,0,-2.7073314413428307e-05,1.7562182620167732e-05,-2.5603920221328735e-05,9.891134686768056e-05,96.03946685791016,81.3100814819336,84.99310302734375,102.65657043457033,290.659912109375,283.1787109375,268.68768310546875,220.1311798095703,-1.13720703125,1.2138671875,4.8556060791015625,-3.783767700195313,-5.7432098388671875,-1.5248260498046875,6.65771484375,-1.2115020751953125,5.247919457245148,87.44755045572917,5.8547159696423625,1.9489915420678787,8.240271678536887,3.9729882062804913,0.00012598466128110886,-2.646560668945313,4.531707763671875,120.28533690430264,11.046363830566406,14.729385375976562,-3.6830215454101562,21.97222900390625,7.481201171875,14.49102783203125,1.4693941920995712e-06,0.00012451526708900928
1987-009,1987-12-19 18:00:00,10.5,82.0,0,25.0,,,0.0,25.0,0.0,,,,,1,1,,,,,0,2.2890977561473846e-05,1.79363414645195e-05,-3.871298395097256e-05,1.4697201550006866e-05,92.13700103759766,84.3930435180664,68.18643951416016,97.12887573242188,290.894775390625,283.45849609375,268.8767395019531,220.2546234130859,-6.0602874755859375,-1.614501953125,6.844573974609375,-4.31658935546875,-2.88922119140625,-1.9922943115234375,3.03143310546875,0.1291961669921875,3.4858752822757753,81.57216135660808,6.713768195254787,2.5643426409848367,7.485838601441517,4.318522352994319,-8.19377601146698e-06,1.7436981201171875,3.0184173583984375,59.98556559256345,23.9505615234375,7.74395751953125,16.20660400390625,22.018035888671875,7.436279296875,14.581756591796875,-6.16039615124464e-05,5.3410185500979424e-05
1987-009,1987-12-20 00:00:00,10.5,82.0,0,25.0,,,0.0,25.0,0.0,25.0,0.0,,,1,1,,,,,0,-8.916249498724937e-06,-3.982405178248882e-05,7.70066399127245e-05,4.955544136464596e-05,98.9450225830078,92.4529037475586,94.11166381835938,100.51985931396484,290.20556640625,282.71875,268.84588623046875,220.602783203125,-4.4242401123046875,-2.729766845703125,0.7777252197265625,-6.3805694580078125,-0.2369384765625,0.2114715576171875,-1.30169677734375,2.9780426025390625,3.7634197012611104,95.16986338297527,4.43058014406709,2.7379458087370954,1.5163347313656816,7.041335409636424,5.8471690863370895e-05,-1.956329345703125,3.2149810791015625,121.3206864357565,4.833358764648423,6.4921188354492045,-1.6587600708007812,21.35968017578125,7.48681640625,13.87286376953125,8.592288941144943e-05,-2.7451198548078537e-05
1987-009,1987-12-20 03:00:00,10.5,82.0,0,25.0,,,,,,,,,,1,1,,,,,0,-1.5577534213662148e-05,-4.221475683152675e-05,-2.046511508524418e-05,-5.106744356453419e-05,94.9537582397461,89.703125,97.74930572509766,98.72722625732422,290.601318359375,282.883056640625,268.7042236328125,219.9960021972656,-3.069091796875,-0.5850830078125,-3.3219757080078125,-3.356842041015625,0.83856201171875,1.8205718994140625,2.5594635009765625,6.6899871826171875,5.858496115354758,94.13539632161458,3.181589336344842,1.9122772202186191,4.193611333615123,7.484939344571351,-3.548990935087204e-05,-0.287750244140625,5.8514251708984375,92.81531478339477,-2.7955474853515625,5.250633239746094,-8.046180725097656,21.8970947265625,7.71826171875,14.1788330078125,-4.887580871582031e-06,-3.060232847929001e-05
1987-009,1987-12-20 12:00:00,11.0,82.5,0,25.0,,,,,,25.0,0.0,25.0,0.0,1,1,,,,,0,1.3464130461215971e-05,-4.209065809845925e-05,-4.7655776143074036e-06,2.326956018805504e-05,95.97068786621094,82.73290252685547,79.09325408935547,100.31022644042967,290.74169921875,283.08544921875,268.50872802734375,220.59939575195312,-5.039276123046875,-2.71917724609375,2.127288818359375,-2.634033203125,1.64727783203125,0.396331787109375,-4.3562774658203125,5.033843994140625,4.1537963207382385,85.93228149414062,5.301681629465496,2.747908983417628,4.847938848204531,5.681348103444339,9.805429726839067e-06,2.405242919921875,3.386566162109375,54.61646482143021,16.87743377685547,13.237785339355469,3.6396484375,22.23297119140625,7.65625,14.57672119140625,-1.8229708075523376e-05,2.8035137802362442e-05
1987-009,1987-12-20 18:00:00,11.5,83.5,0,25.0,,,0.0,25.0,0.0,,,25.0,0.0,1,1,,,,,0,4.772329702973366e-06,1.62455253303051e-05,-1.0868068784475328e-05,1.762830652296543e-05,87.40421295166016,81.63119506835938,90.27932739257812,98.8735580444336,290.9755859375,282.90087890625,268.05419921875,219.94398498535156,-5.65863037109375,-2.7220001220703125,1.6339263916015625,-1.7932281494140625,8.227340698242188,3.74700927734375,5.1876068115234375,7.850128173828125,3.8837641050842793,86.43824513753255,9.985451048481327,4.631345721175534,5.4388399391907525,8.052340004084593,1.2855976819992065e-05,3.8654022216796875,-0.3772125244140625,-5.573667749409916,-2.8751144409179688,5.773017883300781,-8.64813232421875,22.92138671875,8.07470703125,14.8466796875,-1.5640398487448692e-05,2.8496375307440758e-05
1987-009,1987-12-21 00:00:00,12.0,84.0,0,25.0,,,0.0,25.0,0.0,25.0,0.0,25.0,0.0,1,1,,,,,0,-2.411613240838051e-05,-2.038083039224148e-05,2.412591129541397e-05,7.073231972754002e-05,94.47148895263672,83.6541976928711,93.9725341796875,99.84635925292967,289.94677734375,282.06591796875,268.0569152832031,219.9230194091797,-6.1905517578125,-2.2074737548828125,4.145843505859375,-0.637176513671875,6.2981719970703125,4.099761962890625,6.1775970458984375,11.087936401367188,7.333608910413981,90.69940694173177,8.831189136851055,4.656284842109771,7.439806693494761,11.106229222843304,9.484845213592052e-05,5.553375244140625,4.789764404296875,40.777641153199255,0.49895477294921875,10.817291259765625,-10.318336486816406,21.889862060546875,7.880859375,14.009002685546875,4.824204370379448e-05,4.6606408432126045e-05
1987-009,1987-12-21 03:00:00,12.0,84.5,0,30.0,,,,,,,,25.0,5.0,1,1,,,,,0,-2.6895897462964055e-05,3.478769212961197e-05,-1.0939780622720718e-05,5.4977601394057274e-05,93.0841293334961,82.4508285522461,92.78339385986328,99.7325439453125,290.25146484375,281.5400390625,268.2646179199219,220.5868225097656,-7.546875,-1.393402099609375,3.870025634765625,-1.1589813232421875,8.052001953125,7.183990478515625,4.747955322265625,10.31048583984375,6.775391877384708,89.43945058186848,11.035853284579032,7.317874596260787,6.125371674925004,10.375420760684488,8.187349885702133e-05,6.3878936767578125,2.25848388671875,19.471399373565017,0.3007354736328125,10.63330078125,-10.332565307617188,21.986846923828125,8.71142578125,13.275421142578125,1.5956116840243336e-05,6.591738201677799e-05
1987-009,1987-12-21 06:00:00,12.0,89.5,0,30.0,,,5.0,25.0,5.0,25.0,5.0,,,1,1,,,,,0,8.165603503584862e-06,-7.217749953269958e-08,-4.409346729516983e-06,-9.819632396101952e-06,77.537353515625,49.783912658691406,41.26858139038086,72.21968078613281,288.3955078125,282.329345703125,267.110595703125,219.2332763671875,-7.479736328125,-1.772491455078125,1.498748779296875,11.444259643554688,2.2674407958984375,3.9494476318359375,9.179336547851562,7.871551513671875,19.73635428525775,56.196615854899086,7.815864846655001,4.328956289331121,9.30088529991459,13.890010871899433,-1.7985235899686813e-05,18.923995971679688,5.6041107177734375,16.4960132697983,36.26877212524414,27.753440856933594,8.515331268310547,21.284912109375,6.066162109375,15.21875,-1.2574950233101845e-05,-5.4102856665849686e-06
1987-009,1987-12-21 12:00:00,12.0,84.5,0,30.0,,,0.0,30.0,0.0,25.0,5.0,25.0,5.0,1,1,,,,,0,-1.8440186977386475e-05,1.342897303402424e-05,4.068110138177872e-05,0.0001045996323227,93.62286376953124,91.11884307861328,88.9349136352539,100.38470458984376,289.883544921875,280.986083984375,267.92578125,220.0310516357422,-8.433441162109375,-3.546661376953125,5.0199127197265625,0.7652130126953125,6.0111083984375,7.542129516601563,6.61846923828125,9.227294921875,9.744695704904936,91.22554016113281,10.356464358676014,8.334418070145244,8.30684409217771,9.258969841729607,0.00012303981930008646,9.198654174804688,3.2161865234375,19.271497047970936,4.6879501342773295,2.5040206909179545,2.183929443359375,21.957763671875,8.8974609375,13.060302734375,5.912128835916519e-05,6.391853094092128e-05
1987-009,1987-12-21 18:00:00,11.5,84.0,0,30.0,,,0.0,30.0,0.0,30.0,0.0,25.0,5.0,1,1,,,,,0,-1.8149148672819135e-06,-3.625336103141308e-05,-4.082918167114258e-06,0.000110046530608,93.02865600585938,85.56474304199219,68.45622253417969,99.57305908203124,289.9111328125,281.67822265625,268.04608154296875,219.90435791015625,-6.8470611572265625,-1.051300048828125,4.2584991455078125,-2.677093505859375,7.3088226318359375,3.5695648193359375,3.963958740234375,4.9244842529296875,4.803509104662347,82.34987386067708,10.015045419489518,3.721159065681931,5.817884827544394,5.605120408739396,0.00011186144547528191,4.1699676513671875,-2.38433837890625,-29.76041288448206,24.572433471679688,7.4639129638671875,17.1085205078125,21.86505126953125,8.23291015625,13.63214111328125,-2.268003299832344e-06,0.00011412944877511426
1988-001,1988-06-08 12:00:00,21.0,88.5,0,25.0,,3.0995834159888913,,,,,,,,1,1,,,,,0,-6.766500882804394e-05,-4.746275953948498e-05,-1.6170088201761246e-05,2.9962509870529175e-05,97.9697036743164,99.12075805664062,101.56292724609376,88.5150146484375,292.61767578125,285.40478515625,271.293212890625,226.58168029785156,6.180145263671875,4.6607818603515625,-5.3512420654296875,-8.980636596679688,-7.644668579101563,-9.192855834960938,-4.6670989990234375,6.088531494140625,20.456052670758947,99.55112965901692,9.830318060184453,10.306865961685808,7.1005355227271245,10.849979236697404,9.762751869857311e-05,-15.160781860351562,13.733200073242188,137.82854583523272,-3.593223571777358,-1.1510543823242188,-2.442169189453139,21.324462890625,7.212890625,14.111572265625,5.149492062628269e-05,4.613259807229042e-05
1988-001,1988-06-09 03:00:00,22.0,87.6,0,30.0,,4.463400119024003,,,,,,,,1,1,,,,,0,-0.0002380283549427,9.750900790095328e-05,-3.637024201452732e-05,0.0001697023399174,99.74311065673828,102.79647827148438,102.23067474365234,99.16703033447266,292.17529296875,284.581787109375,269.469970703125,226.4317169189453,7.599288940429688,4.3642730712890625,-2.573028564453125,-10.189071655273438,-9.47039794921875,-11.397613525390623,-12.005584716796877,2.8190765380859375,21.620752897549067,101.590087890625,12.142389786063683,12.204608699788213,12.27821405521497,10.571867087883918,0.00040773069486010004,-17.788360595703125,12.289474487304688,145.3605035868043,-2.4875640869140625,-3.0533676147460938,0.5658035278320312,22.705322265625,7.593505859375,15.11181640625,0.00020165811292817269,0.00020607258193192733
1988-003,1988-07-17 03:00:00,18.0,86.0,0,25.0,,3.0995834159888913,,,,,,,,1,1,,,,,0,-6.698304787278175e-06,5.810288712382317e-06,2.4279579520225525e-05,-1.0657589882612228e-05,90.46387481689452,82.89187622070312,82.3443832397461,73.75970458984375,293.053955078125,285.56201171875,272.45556640625,224.2386016845703,-3.2523345947265625,-3.47784423828125,-2.9969329833984375,-10.37255859375,1.473419189453125,1.8924102783203125,5.6154632568359375,3.3851776123046875,7.372408701612602,85.23337809244792,3.5705243906048167,3.959370809514872,6.3651421740488985,10.910976090507477,-3.959285095334053e-06,-7.1202239990234375,1.9117584228515625,164.97072218904592,8.119491577148423,7.571998596191392,0.5474929809570312,20.598388671875,7.491943359375,13.1064453125,3.09778843075037e-05,-3.493716940283775e-05
1988-003,1988-07-17 12:00:00,18.3,85.9,0,25.0,,3.0995834159888913,,,,,,,,1,1,,,,,0,1.991773024201393e-05,6.8231020122766495e-06,2.7782516553997993e-05,-8.818041533231735e-05,88.7128677368164,67.44902038574219,74.64429473876953,103.8102569580078,293.60400390625,286.50244140625,273.916259765625,225.4429931640625,2.274932861328125,0.8813629150390625,-5.4098358154296875,-11.900436401367188,6.094329833984375,7.6118316650390625,5.1062164306640625,-4.8256683349609375,17.89378254432349,76.93539428710938,6.50508844282248,7.662687641088961,7.4390704921172395,12.841630014216648,-0.00010809814557433128,-14.175369262695312,-10.919998168945312,-142.39113543221035,14.068572998046875,21.26384735107422,-7.195274353027344,19.687744140625,7.1015625,12.586181640625,7.864786311984062e-06,-0.00011596293188631535
1988-004,1988-08-02 03:00:00,21.6,89.2,0,25.0,,3.0995834159888913,,,,,,,,1,1,,,,,0,7.253605872392654e-06,-9.007751941680908e-06,-7.364433258771896e-07,-2.5671906769275665e-05,97.64503479003906,99.6029815673828,84.2440185546875,91.981689453125,293.533935546875,286.08935546875,273.181640625,225.93960571289065,-8.82086181640625,-9.048629760742188,-8.876312255859375,-14.414901733398438,0.2091827392578125,-1.8078765869140625,-1.7531890869140625,0.8862152099609375,5.6348607400084285,93.83067830403645,8.823341804698329,9.227465432094625,9.047794827359532,14.44211789807504,-3.292551264166832e-05,-5.5940399169921875,0.677032470703125,173.0991999331484,13.401016235351562,-1.9579467773437358,15.358963012695298,20.352294921875,7.444580078125,12.90771484375,-7.990049198269844e-06,-2.4935463443398476e-05
1988-004,1988-08-02 12:00:00,21.5,88.5,0,25.0,,3.0995834159888913,,,,25.0,0.0,,,1,1,,,,,0,-1.616310328245163e-05,-2.9264483600854874e-05,7.832818664610386e-05,-4.33698296546936e-05,96.3546905517578,86.13062286376953,101.44376373291016,21.601560592651367,293.854736328125,286.70263671875,273.0859375,226.79788208007812,0.571136474609375,-0.5964202880859375,-4.3662261962890625,-9.257537841796877,2.0425872802734375,-0.113189697265625,-2.99462890625,-7.6334228515625,13.792317096462638,94.64302571614583,2.1209336788697715,0.6070659499655672,5.294500305346004,11.998797911585049,-2.7206726372241967e-05,-9.828674316406252,-9.676010131835938,-135.44844790319152,-5.089073181152358,10.224067687988267,-15.313140869140625,20.768798828125,7.152099609375,13.61669921875,9.449128992855549e-05,-0.00012169801630079746
1988-004,1988-08-03 03:00:00,22.2,85.6,0,25.0,,3.0995834159888913,,,,,,25.0,0.0,1,1,,,,,0,-1.6369624063372612e-05,1.2712553143501282e-06,-4.438147880136967e-05,0.0001185611909022,100.2460479736328,96.76765441894533,99.83853149414062,100.16458892822266,293.16845703125,285.939697265625,272.3829345703125,227.07237243652344,-5.153533935546875,-7.6785125732421875,-8.220718383789062,-7.822357177734375,-7.5644683837890625,-5.9951934814453125,-1.226470947265625,2.5888519287109375,10.49821560391409,98.95074462890625,9.153146669543625,9.741760632319126,8.31170510365076,8.239625363136533,0.00013493081496557263,-2.6688232421875,10.1533203125,104.7271844661895,0.4075164794921733,3.4783935546874716,-3.0708770751952983,20.7855224609375,7.228759765625,13.5567626953125,-2.8011854737997055e-05,0.00016294266970356969
1988-004,1988-08-03 12:00:00,22.9,83.4,0,25.0,,3.0995834159888913,,,,,,25.0,0.0,1,1,,,,,0,-1.767161302268505e-05,-2.0854175090789795e-05,3.216788172721863e-05,-4.778499715030193e-05,98.7435302734375,98.5889663696289,87.90756225585938,71.23046112060547,293.8251953125,286.16455078125,273.320068359375,227.1454620361328,-2.242401123046875,-2.207916259765625,-3.37078857421875,-15.379959106445312,1.0825958251953125,-1.5267486572265625,-0.3731231689453125,0.7340240478515625,13.142181403827776,95.08001963297527,2.4900555249576675,2.6843724913805347,3.3913767869830487,15.397465162121799,-3.0113384127616882e-05,-13.137557983398438,-0.34857177734375,-178.4801583976617,10.835968017578125,0.15456390380859375,10.681404113769531,20.505126953125,7.66064453125,12.844482421875,4.983949474990368e-05,-7.995287887752056e-05
1988-004,1988-08-04 03:00:00,24.1,79.8,0,25.0,,3.0995834159888913,,,,,,25.0,0.0,1,1,,,,,0,1.930864527821541e-06,-2.1197833120822903e-05,-0.0001175482320832,0.0002613992546685,99.8845672607422,85.7048110961914,92.94673919677734,95.49707794189452,293.387939453125,286.899169921875,272.662841796875,227.82965087890625,-7.717987060546875,-6.5074615478515625,-6.3400115966796875,-4.353363037109375,-4.4950714111328125,-2.3739166259765625,-0.6612548828125,6.9000244140625,11.881452086528666,92.84537251790364,8.931572720296943,6.926942755924478,6.374402330107215,8.15856032934296,0.00025946839014067845,3.3646240234375,11.395095825195312,73.54973782667648,6.937828063964858,14.179756164550795,-7.2419281005859375,20.72509765625,6.48876953125,14.236328125,-0.00011947909661102154,0.00037894748675169996
1988-004,1988-08-04 12:00:00,24.4,78.0,0,25.0,,3.0995834159888913,,,,,,25.0,0.0,1,1,,,,,0,2.245139330625534e-05,1.2473436072468758e-05,-3.615603782236576e-05,-5.047913873568177e-07,99.47850036621094,83.17597961425781,64.87014770507812,101.3942413330078,293.84375,287.431640625,272.5322265625,228.25930786132812,-1.2430877685546875,1.191375732421875,-1.985992431640625,-5.6369476318359375,-0.917205810546875,0.8795928955078125,1.1041412353515625,2.7056884765625,5.69485447695757,82.50820922851562,1.5448409948053625,1.4808983076604472,2.272288231307269,6.252673726995827,-2.2956184693612158e-05,-4.39385986328125,3.622894287109375,140.49320146860867,34.60835266113281,16.302520751953125,18.305831909179688,21.3115234375,6.412109375,14.8994140625,-5.86074311286211e-05,3.565124643500894e-05
1988-004,1988-08-05 03:00:00,25.0,75.1,0,30.0,,4.463400119024003,,,,,,25.0,5.0,1,1,,,,,0,-2.5743385776877403e-05,5.389563739299774e-06,-5.941838026046753e-06,-3.135739825665951e-05,101.32395935058594,98.4806671142578,78.213134765625,75.49451446533203,293.290771484375,286.075927734375,271.869873046875,226.73208618164065,-1.9346923828125,-4.2988739013671875,-4.4059295654296875,-8.006591796875,1.52630615234375,1.7156982421875,5.3705291748046875,3.9652252197265625,6.543415676214982,92.67258707682292,2.4642737442896014,4.628599926338549,6.94656742232851,8.934680925748921,-5.6140124797821045e-06,-6.0718994140625,2.4389190673828125,158.11599563141186,23.110824584960938,2.843292236328139,20.2675323486328,21.4208984375,7.21484375,14.2060546875,1.980154775083065e-05,-2.5415560230612755e-05
1988-005,1988-10-01 03:00:00,17.5,84.5,0,30.0,,4.463400119024003,,,,,,,,1,1,,,,,0,5.124229937791824e-05,-1.5832483768463135e-05,7.659895345568657e-06,-8.666422218084335e-06,98.08905029296876,78.259765625,80.2693862915039,90.86566162109376,292.9296875,286.02001953125,271.7056884765625,222.9088897705078,7.71575927734375,8.96453857421875,2.00616455078125,-8.6759033203125,9.75494384765625,10.098373413085938,15.89263916015625,-0.3144378662109375,19.237438780018657,85.53940073649089,12.437518671215841,13.503336529864642,16.018760116805023,8.681599483684833,-5.990872159600257e-05,-16.39166259765625,-10.069381713867188,-148.4376360729304,17.819664001464858,19.829284667968764,-2.0096206665039062,21.2239990234375,6.90966796875,14.3143310546875,-4.358240403234958e-05,-1.6326317563652992e-05
1988-005,1988-10-01 12:00:00,18.3,82.9,0,25.0,,3.0995834159888913,,,,,,,,1,1,,,,,0,7.570418529212475e-05,-7.338961586356163e-05,-2.3786531528458e-05,0.0001143999397754,96.8477783203125,75.16416931152344,69.66885375976562,99.46345520019533,292.15283203125,285.92578125,272.998779296875,223.54583740234375,-1.3106689453125,2.659912109375,6.587982177734375,-1.8416900634765625,6.5471343994140625,7.9608917236328125,10.167831420898438,3.420379638671875,3.171526251154189,80.56026713053386,6.677036912298562,8.39350519538799,12.115539813724988,3.8846903560707964,3.869575448327525e-05,-0.5310211181640625,-3.1267547607421875,-99.63865595889611,27.178924560546875,21.683609008789062,5.4953155517578125,19.154052734375,6.22705078125,12.927001953125,-9.949071682058275e-05,0.000138186471303858
1988-005,1988-10-02 03:00:00,19.6,80.1,0,25.0,,3.0995834159888913,,,,,,30.0,-5.0,1,1,,,,,0,-8.856970816850662e-05,2.415594644844532e-05,2.1804124116897583e-05,3.256346099078655e-05,98.89669799804688,95.72090911865234,54.53889465332031,99.1920928955078,291.576171875,284.055908203125,273.2677001953125,223.5533447265625,3.063873291015625,6.5418853759765625,3.094696044921875,-5.2067413330078125,10.219100952148438,5.5504913330078125,14.832229614257812,1.6419219970703125,11.915161143960471,83.05216725667317,10.6685211633853,8.579290081947972,15.151639480284684,5.459492939212884,0.00012113316915929317,-8.270614624023438,-8.577178955078125,-133.9575546461274,44.35780334472656,3.1757888793945312,41.18201446533203,18.3084716796875,7.520263671875,10.7882080078125,0.0001103738322854042,1.075933687388897e-05
1988-007,1988-11-15 03:00:00,9.5,87.0,0,25.0,,3.0995834159888913,,,,,,,,1,1,,,,,0,-2.1597370505332947e-05,-2.1055573597550392e-05,-8.852221071720123e-07,4.5719556510448456e-05,98.9594497680664,84.45758819580078,67.87059020996094,101.46727752685548,290.382568359375,282.813232421875,269.027587890625,220.68714904785156,-7.942230224609375,-6.0308990478515625,0.845947265625,-8.553863525390625,-1.4351654052734375,-5.984588623046875,-6.12921142578125,10.486328125,11.937173169849553,83.76254272460938,8.070856254524196,8.496295917191148,6.187314399490771,13.532614631185437,6.73169270157814e-05,-0.61163330078125,11.921493530273438,92.93699001473311,31.08885955810547,14.501861572265625,16.586997985839844,21.35498046875,7.5693359375,13.78564453125,2.0712148398160934e-05,4.660477861762047e-05
1988-007,1988-11-15 12:00:00,10.0,87.5,0,30.0,,4.463400119024003,,,,,,,,1,1,,,,,0,-6.36884942650795e-06,-7.145339623093605e-06,1.4001969248056412e-05,2.9475893825292587e-05,97.03460693359376,86.70255279541016,86.58004760742188,100.46493530273438,290.621337890625,283.23681640625,268.947998046875,221.360107421875,-3.0570831298828125,-3.579742431640625,1.4020843505859375,-5.978515625,0.3105926513671875,-2.21673583984375,-2.7368316650390625,5.3704681396484375,5.8426969612017405,90.1057357788086,3.0728203751761005,4.210519405077728,3.0750752980892155,8.036453018424739,3.584474325180054e-05,-2.9214324951171875,5.05987548828125,120.000951338455,10.45455932617189,10.332054138183608,0.12250518798828125,21.67333984375,7.384521484375,14.288818359375,2.037081867456436e-05,1.5473924577236176e-05
1988-008,1988-11-23 12:00:00,9.0,94.0,0,25.0,,3.0995834159888913,,,,,,,,1,1,,,,,0,-1.6172649338841438e-05,0.000107669038698,1.0877149179577827e-05,3.7915073335170746e-05,95.48944091796876,96.80889892578124,82.80763244628906,98.98738861083984,290.576171875,282.39892578125,268.0732421875,220.2061767578125,-10.439926147460938,-0.4495697021484375,9.140350341796877,-10.90240478515625,-11.474594116210938,-9.3533935546875,-2.0330352783203125,6.424713134765625,17.905280968339667,91.70199076334636,15.513167571331822,9.364191577811695,9.36371917635729,12.65461848351928,5.4087722674012184e-05,-0.4624786376953125,17.899307250976562,91.48006732400759,12.681808471679702,-1.3194580078124716,14.001266479492173,22.5029296875,8.17724609375,14.32568359375,2.7049798518419266e-05,2.703792415559292e-05
1988-008,1988-11-24 03:00:00,10.0,94.0,1,25.0,,3.0995834159888913,,,,,,,,1,1,,,,,0,8.000852540135384e-05,-4.265317693352699e-05,-0.0002597370184957,0.0005115198437124,94.40756225585938,80.63862609863281,98.90265655517578,109.8248062133789,290.915771484375,283.90869140625,269.698486328125,219.7951507568359,11.189498901367188,13.614471435546877,4.001800537109375,-2.7313079833984375,-9.064529418945312,-5.6491851806640625,-4.6692047119140625,-0.6029052734375,16.290731951105784,91.31628163655598,14.400367330405935,14.739983910261106,6.149461779747019,2.7970588247147727,0.0004315113183110461,-13.920806884765625,8.461624145507812,148.70708958933878,-4.495094299316406,13.768936157226562,-18.26403045654297,21.21728515625,7.007080078125,14.210205078125,-0.0003397455438970538,0.0007712568622081
1988-008,1988-11-24 12:00:00,11.0,93.5,1,30.0,,4.463400119024003,,,,,,25.0,5.0,1,1,,,,,0,-3.5128556191921234e-05,3.168382681906223e-05,-2.7076108381152153e-05,1.05355866253376e-06,100.1783218383789,81.84605407714844,88.46034240722656,99.67131042480467,291.56689453125,284.3349609375,269.63372802734375,220.1769561767578,-3.92059326171875,-3.4915313720703125,1.372467041015625,-5.6133270263671875,-10.627029418945312,-8.038162231445312,-5.91192626953125,10.529769897460938,21.22440823468746,90.1615727742513,11.327171129411068,8.763723146082667,6.0691463975626645,11.932539310575047,3.6182114854454994e-05,-1.6927337646484375,21.15679931640625,94.5744320496556,11.717979431152344,18.33226776123047,-6.614288330078125,21.93316650390625,7.23193359375,14.70123291015625,8.052447810769081e-06,2.8129667043685913e-05
1988-008,1988-11-25 06:00:00,11.5,92.0,0,110.0,,60.00793493354494,,,,,,,,1,1,,,,,0,1.3970304280519484e-05,3.120163455605507e-06,5.520344711840153e-05,2.3046275600790977e-05,93.44278717041016,81.6176986694336,69.66947174072266,91.73338317871094,291.798583984375,284.686279296875,271.523193359375,220.32122802734375,7.9373779296875,4.293212890625,-5.9373016357421875,-1.9683380126953125,8.329055786132812,9.157135009765623,14.43841552734375,6.0347442626953125,10.167943435019447,81.57665252685547,11.50543952603301,10.113594737347544,15.61151477768983,6.347636792409859,9.075971320271494e-06,-9.905715942382812,-2.2943115234375,-166.95938771039033,23.7733154296875,11.825088500976562,11.948226928710938,20.275390625,7.1123046875,13.1630859375,4.123314283788204e-05,-3.215717151761055e-05
1988-008,1988-11-25 12:00:00,11.5,90.5,0,110.0,,60.00793493354494,0.0,110.0,0.0,,,30.0,80.0,1,1,,,,,0,-6.622704677283764e-05,2.987915650010109e-06,-3.969389945268631e-05,0.000110117252916,98.63582611083984,95.31607055664062,97.89952087402344,100.1194305419922,291.977294921875,284.40625,269.082275390625,222.31968688964844,1.886566162109375,2.2635955810546875,0.9080352783203124,-3.64630126953125,-16.699554443359375,-15.755401611328123,-7.967376708984375,6.9246978759765625,24.263510044174545,97.28380584716797,16.80578027021477,15.917177667187456,8.018953777740643,7.8260432928613115,0.00017634429968883765,-5.532867431640625,23.624252319335938,103.18126097095143,0.7363052368164062,3.3197555541992188,-2.5834503173828125,22.89501953125,7.571044921875,15.323974609375,2.653314732015133e-05,0.00014981115236868632
1988-008,1988-11-27 03:00:00,13.5,87.5,0,110.0,,60.00793493354494,,,,,,,,1,1,,,,,0,-0.0001397125888615,-1.6781967133283615e-05,0.0001079926732927,0.0001304140314459,98.90142822265624,98.25704956054688,91.85467529296876,102.3907470703125,291.716064453125,283.98486328125,269.9638671875,223.54962158203125,-12.887496948242188,-15.058578491210938,-19.898696899414062,3.6832427978515625,-26.659515380859375,-24.21630859375,-8.419937133789062,0.3418731689453125,31.680662861598947,96.3377176920573,29.61110159945471,28.5164932641391,21.606792442000984,3.6990748534694613,0.0002701266203074,16.57073974609375,27.001388549804688,58.462578573724414,7.046752929687472,0.6443786621093608,6.402374267578111,21.752197265625,7.731201171875,14.02099609375,0.0002477052621542,2.2421358153200003e-05
1988-008,1988-11-28 03:00:00,19.0,85.8,0,110.0,,60.00793493354494,,,,,,110.0,0.0,1,1,,,,,0,-8.782721124589443e-05,2.9818853363394737e-05,1.8007587641477585e-05,1.5393365174531937e-05,35.76936721801758,98.4276123046875,7.629487991333008,91.50003051757812,290.4130859375,281.37646484375,268.3880615234375,219.85169982910156,-4.41558837890625,-7.596099853515625,1.3839111328125,2.637603759765625,-11.867752075195312,0.978912353515625,-8.035064697265625,12.931076049804688,25.78234659060951,47.27548917134603,12.662581097479082,7.658916527841624,8.153371984201794,13.197336147850526,0.00010322057642042637,7.053192138671875,24.798828125,74.12338142606352,28.13987922668457,-62.65824508666992,90.79812431335449,22.0250244140625,9.03662109375,12.9884033203125,0.00010583479888737202,-2.614222466945648e-06
1988-009,1988-12-06 12:00:00,8.0,90.0,0,25.0,,3.0995834159888913,,,,,,,,1,1,,,,,0,1.1454569175839424e-05,1.7880229279398918e-05,-1.1920928955078125e-06,5.218968726694584e-05,85.55375671386719,87.1990737915039,98.9045867919922,97.84908294677734,290.5595703125,281.996337890625,268.524658203125,219.2398376464844,5.1817169189453125,4.2906036376953125,1.4805908203125,-4.68170166015625,-1.7114715576171875,1.985595703125,1.5579071044921875,1.3021087646484375,10.31351988534043,90.55247243245442,5.45704362458435,4.727776419425173,2.1492379401594586,4.85940507363649,4.0735118091106415e-05,-9.863418579101562,3.013580322265625,163.01046254814105,-13.350830078125014,-1.6453170776367188,-11.705513000488295,22.034912109375,8.563232421875,13.4716796875,-1.2646662071347237e-05,5.338178016245365e-05
1988-009,1988-12-07 03:00:00,10.0,88.5,0,25.0,,3.0995834159888913,,,,,,,,1,1,,,,,0,-2.6393914595246315e-05,6.6552311182022095e-06,-3.0617695301771164e-05,6.594113074243069e-05,84.13609313964844,96.52448272705078,75.67813110351562,101.54644775390624,289.841796875,281.29150390625,267.48193359375,219.34043884277344,-1.0612640380859375,-0.401336669921875,8.100021362304688,-9.889602661132812,-8.438873291015625,-2.9463043212890625,-5.2015380859375,-0.529571533203125,11.853126892905395,85.44623565673828,8.505343248826078,2.97351312024524,9.626335986721564,9.903771342466683,9.2335045337677e-05,-8.828338623046875,7.9093017578125,138.1428629669762,8.457962036132812,-12.388389587402344,20.846351623535156,22.35986328125,8.55029296875,13.8095703125,-4.223780706524849e-06,9.655882604420185e-05
1988-009,1988-12-07 12:00:00,11.0,89.5,0,25.0,,3.0995834159888913,,,,,,25.0,0.0,1,1,,,,,0,4.732050001621246e-06,-4.844716750085354e-05,-3.459048457443714e-05,5.301274359226227e-05,79.19591522216797,80.27099609375,85.5719985961914,100.00131225585938,290.4111328125,282.163330078125,267.843505859375,218.7025909423828,-1.586334228515625,-0.004058837890625,11.5145263671875,-4.3942413330078125,-9.230804443359377,-5.5140380859375,-2.0808258056640625,6.5414886474609375,16.020286253690845,81.6796366373698,9.366120165581021,5.514039579775821,11.701032155078186,7.880382644109016,4.828069359064102e-05,-2.8079071044921875,15.772293090820314,100.09448536596405,-6.3760833740234375,-1.0750808715820312,-5.301002502441406,22.567626953125,8.247802734375,14.31982421875,-3.932253457605839e-05,8.760322816669941e-05
1989-001,1989-05-23 03:00:00,17.5,90.6,1,25.0,,3.0995834159888913,,,,,,,,1,1,,,,,0,-1.3932352885603905e-05,-3.739004023373127e-05,4.9739377573132515e-05,-6.613321602344513e-06,93.53126525878906,92.40655517578124,90.62459564208984,112.5563735961914,292.34326171875,284.704345703125,271.44140625,225.21273803710935,-0.9502716064453124,-2.1695556640625,-0.927825927734375,-10.227813720703123,-0.1997528076171875,-0.9965972900390624,2.5419921875,-3.2922515869140625,9.7793832311542,92.18747202555339,0.9710392938326975,2.387504541980785,2.706027574413681,10.744630939075629,7.319031283259392e-06,-9.27754211425781,-3.092498779296875,-161.56513598813797,2.9066696166992188,1.1247100830078267,1.781959533691392,20.90185546875,7.638916015625,13.262939453125,6.367173045873642e-05,-5.635269917547703e-05
1989-001,1989-05-23 12:00:00,18.8,90.4,0,30.0,,4.463400119024003,,,,,,,,1,1,,,,,0,-2.985447645187378e-05,9.60472971200943e-06,5.850987508893013e-05,-3.81798017770052e-05,90.76058959960938,88.75433349609375,94.42461395263672,70.07054138183594,292.8486328125,285.29638671875,271.971435546875,224.9406585693359,2.8706512451171875,-1.2181549072265625,-2.0013885498046875,-15.2437744140625,-3.677566528320313,-4.3981781005859375,0.80767822265625,-5.2315673828125,18.180960800180777,91.31317901611328,4.665311794651541,4.56375634565145,2.158216911860916,16.116511895187934,-8.325325325131423e-06,-18.114425659179688,-1.554000854492187,-175.0967132697537,-3.6640243530273438,2.006256103515625,-5.670280456542969,20.877197265625,7.55224609375,13.324951171875,8.836435154080391e-05,-9.668967686593533e-05
1989-001,1989-05-24 03:00:00,19.5,89.7,0,55.0,,15.001983733386234,,,,,,25.0,30.0,1,1,,,,,0,1.3432232663035393e-05,-4.649953916668892e-05,4.2979372665286064e-05,0.0001029062550514,96.08638763427734,81.01837921142578,99.06365203857422,80.7239990234375,292.870849609375,285.79736328125,272.00146484375,225.27224731445312,0.799468994140625,-3.4161376953125,-9.26007080078125,-8.01904296875,7.493301391601563,4.466552734375,4.244140625,3.697586059570313,9.600708730164778,92.05613962809245,7.535828847444066,5.623174377723653,10.186345806041384,8.830469568634928,8.94740223883646e-05,-8.818511962890625,-3.7957153320312504,-156.71170737854965,-2.977264404296875,15.068008422851562,-18.045272827148438,20.869384765625,7.073486328125,13.7958984375,2.954714000225067e-05,5.992688238611393e-05
1989-001,1989-05-25 03:00:00,19.6,88.1,1,55.0,,15.001983733386234,,,,,,55.0,0.0,1,1,,,,,0,7.181195542216301e-06,-4.6996865421533585e-06,3.593415021896362e-05,-4.327390342950821e-05,94.5475616455078,78.87387084960938,54.11375045776367,95.82447814941406,293.673828125,288.17724609375,273.88134765625,225.49009704589844,0.257720947265625,-1.8516845703125,-8.248138427734375,-12.739654541015623,2.6549835205078125,4.757171630859375,7.947097778320312,8.624710083007812,14.3027761226411,75.84506098429362,2.6674627609073664,5.104842570871959,11.453739591122723,15.384551401986235,-5.045509897172451e-05,-12.997375488281248,5.9697265625,155.3305646226264,40.433811187744126,15.673690795898423,24.760120391845703,19.79248046875,5.49658203125,14.2958984375,2.8752954676747322e-05,-7.920805364847183e-05
1989-001,1989-05-26 03:00:00,20.6,87.5,0,115.0,,65.58718508232494,,,,,,55.0,60.0,1,1,,,,,0,-4.193698987364769e-05,-0.0001301902811974,5.0979433581233025e-05,9.476533159613608e-05,91.96390533447266,91.2422332763672,98.44080352783205,100.41080474853516,294.76513671875,287.459228515625,273.288818359375,225.6546630859375,-13.748641967773438,-16.374557495117188,-11.12005615234375,2.5367584228515625,-3.915130615234375,-2.4233551025390625,7.025177001953125,9.821121215820312,21.30490272799015,93.88231404622395,14.29522310747078,16.55290859981715,13.153279467115764,10.143449375421765,0.00013670232146978378,16.285400390625,13.736251831054688,40.146637670900155,-6.476898193359389,0.7216720581054545,-7.198570251464844,21.476318359375,7.305908203125,14.17041015625,9.291642345488071e-05,4.3785898014903055e-05
1989-001,1989-05-26 12:00:00,21.5,87.2,0,115.0,,65.58718508232494,,,,,,,,1,1,,,,,0,-8.799787610769272e-05,-4.316912963986397e-06,0.000164215452969,-1.1680880561470984e-05,100.3659439086914,100.99605560302734,100.6109619140625,102.43630981445312,294.017578125,287.18701171875,272.0888671875,227.5487365722656,1.7908477783203125,0.90435791015625,0.1304473876953125,-3.5444793701171875,-17.890060424804688,-14.993209838867188,-5.2935638427734375,8.859649658203125,27.276596292532982,100.65765380859375,17.97947156532354,15.020459530319505,5.2951708828398365,9.542364804978119,7.631699554622173e-05,-5.3353271484375,26.749710083007812,101.27982940953999,-0.24501800537109375,-0.6301116943359375,0.38509368896484375,21.9287109375,6.83056640625,15.09814453125,0.0002522133290766927,-0.000175896333530471
1989-003,1989-06-12 03:00:00,19.5,88.0,0,25.0,,3.0995834159888913,,,,,,,,1,1,,,,,0,-7.234280928969383e-06,-1.0818010196089745e-05,9.517883881926537e-05,4.719942808151245e-06,94.02216339111328,94.8892822265625,76.62094116210938,98.3234405517578,292.78466796875,285.21728515625,273.257568359375,225.2790069580078,-6.787445068359375,-7.0440521240234375,-5.98211669921875,1.6968231201171875,-4.474578857421875,-2.4462890625,9.67974853515625,2.516632080078125,10.993627111495778,88.51079559326172,8.12965352935061,7.45674194962292,11.379070783984577,3.0352340482148286,1.1954223737120628e-05,8.484268188476562,6.9912109375,39.489222239566935,17.401222229003906,-0.8671188354492188,18.268341064453125,19.527099609375,7.5673828125,11.959716796875,0.00010241311974823475,-9.045889601111412e-05
1989-003,1989-06-12 12:00:00,19.5,87.5,0,25.0,,3.0995834159888913,,,,,,,,1,1,,,,,0,9.640585631132126e-06,9.319745004177094e-06,-3.722519613802433e-05,-2.207094803452492e-05,91.60645294189452,84.16036987304688,70.51512908935547,102.5067138671875,293.737060546875,286.7001953125,273.44921875,226.39520263671875,4.986785888671875,2.458343505859375,-4.597686767578125,-6.763153076171875,-0.02880859375,1.66961669921875,6.9913482666015625,-3.4300537109375,12.232315153916907,82.09398396809895,4.9868691014032835,2.971712084827714,8.36765643401279,7.583238621568571,-3.1711533665657043e-05,-11.74993896484375,-3.4012451171875,-163.85589969907807,21.09132385253905,7.446083068847642,13.645240783691406,20.287841796875,7.036865234375,13.2509765625,-4.6865781769156456e-05,1.5154248103499409e-05
1989-003,1989-06-13 03:00:00,20.0,86.9,0,25.0,,3.0995834159888913,,,,,,25.0,0.0,1,1,,,,,0,1.0459916666150091e-05,-2.6894034817814827e-05,-2.7769943699240685e-05,8.095288649201393e-06,90.636962890625,85.05538177490234,77.89752960205078,52.726959228515625,294.454833984375,286.870361328125,273.127685546875,226.0301818847656,3.1024322509765625,4.32354736328125,-2.0061798095703125,-6.088623046875,-2.1021575927734375,2.9582061767578125,8.447067260742188,0.1030426025390625,9.451899565144116,84.5299580891927,3.747552857099485,5.238706480300679,8.682033329573787,6.0894949203423625,-2.3646280169486983e-06,-9.191055297851562,2.2052001953125,166.50811623983802,12.739433288574219,5.581581115722656,7.1578521728515625,21.3271484375,7.58447265625,13.74267578125,-3.822986036539078e-05,3.586523234844208e-05
1989-003,1989-06-13 12:00:00,21.4,86.9,0,30.0,,4.463400119024003,,,,,,25.0,5.0,1,1,,,,,0,6.545102223753929e-06,5.1215291023254395e-05,-2.7706613764166832e-05,-0.0001186612062156,95.0936050415039,77.96269989013672,75.14083862304688,102.99076080322266,294.556640625,288.761962890625,273.189208984375,227.5077667236328,-1.8466033935546875,-0.973907470703125,-5.0549774169921875,1.1100311279296875,3.2852020263671875,6.061279296875,3.15478515625,0.688629150390625,3.934955958316476,82.73238118489583,3.768619965867448,6.139022925206979,5.958646328520962,1.306284506430574,-0.0001252063084393539,2.956634521484375,-2.5965728759765625,-41.29022038211873,19.95276641845703,17.130905151367188,2.8218612670898438,21.367431640625,5.794677734375,15.57275390625,-3.425171598792076e-05,-9.095459245143316e-05
1989-005,1989-07-21 12:00:00,18.0,86.7,0,25.0,,3.0995834159888913,,,,,,,,1,1,,,,,0,2.1662330254912376e-05,-9.506475180387495e-06,6.8410299718379974e-06,1.1641765013337135e-05,83.73184967041016,82.05816650390625,61.53008270263672,74.06803894042969,294.2001953125,286.153564453125,272.6552734375,224.2588653564453,-8.830596923828125,-10.636962890625,-17.300735473632812,-13.524642944335938,0.436553955078125,0.065673828125,0.7154083251953125,-2.2584228515625,5.4126673674793775,75.7733662923177,8.841381192258204,10.637165627564231,17.315520696773042,13.711908712802735,-1.0020565241575241e-05,-4.6940460205078125,-2.694976806640625,-150.13871920272874,22.201766967773438,1.6736831665039062,20.52808380126953,21.544921875,8.046630859375,13.498291015625,-1.4821300283074379e-05,4.800735041499138e-06
1989-005,1989-07-22 03:00:00,18.0,86.0,0,30.0,,4.463400119024003,,,,,,,,1,1,,,,,0,-3.695022314786911e-06,-1.9021332263946533e-05,6.521586328744888e-05,-4.384270869195461e-05,95.3629150390625,76.04668426513672,43.314666748046875,78.65135192871094,293.8681640625,286.208251953125,275.428466796875,225.2457275390625,-3.9151763916015625,-4.0323944091796875,-17.354812622070312,-6.0571441650390625,6.0073394775390625,1.6837615966796875,3.779129028320313,4.697967529296875,2.5104742263740416,71.5747553507487,7.170546267597297,4.369812099580133,17.76151281169102,7.665500266935912,-4.01476863771677e-05,-2.1419677734375,-1.3093719482421875,-148.56280747016604,52.048248291015625,19.31623077392578,32.732017517089844,18.439697265625,7.659912109375,10.77978515625,6.89108856022358e-05,-0.0001090585719794035
1989-005,1989-07-22 12:00:00,18.0,85.0,0,45.0,,10.042650267804008,,,,,,25.0,20.0,1,1,,,,,0,-1.2536533176898956e-05,-2.7185538783669472e-05,9.41101461648941e-06,0.0001249827910214,74.6600341796875,74.64012145996094,66.8631591796875,88.78971862792969,295.54931640625,287.01953125,273.69921875,225.66583251953125,-10.919525146484377,-4.011016845703125,-15.612060546875,-1.014862060546875,6.1464691162109375,12.411056518554688,10.493209838867188,7.78253173828125,10.03887701634344,72.05443827311198,12.530567106928542,13.043104693410731,18.81073861499835,7.848423106541365,0.00013751932419829897,9.904663085937502,1.6360626220703125,9.379483124305407,7.796875,0.0199127197265625,7.7769622802734375,21.85009765625,8.52978515625,13.3203125,2.1947547793388367e-05,0.0001155717764049106
1989-005,1989-07-23 03:00:00,18.6,82.0,0,30.0,,4.463400119024003,,,,,,30.0,0.0,1,1,,,,,0,8.47959890961647e-05,3.8473401218652725e-05,-0.000130268279463,9.858189150691032e-05,99.68983459472656,78.03099060058594,94.00636291503906,98.70407104492188,292.736572265625,286.674560546875,272.392333984375,226.03550720214844,3.46539306640625,2.800201416015625,-8.206680297851562,-5.0433807373046875,10.677581787109377,9.046463012695312,0.7369384765625,5.3067626953125,10.062053933443574,90.57572937011719,11.225849719513725,9.469932471265054,8.23970144054888,7.321025854740329,1.378590241074562e-05,-8.508773803710938,-5.370819091796877,-147.7394889002843,5.6834716796875,21.658843994140625,-15.975372314453125,20.34423828125,6.06201171875,14.2822265625,-0.0002150642685591647,0.00022885017096991033
1989-005,1989-07-23 12:00:00,19.5,78.0,0,30.0,,4.463400119024003,,,,,,45.0,-15.0,1,1,,,,,0,-1.1756084859371184e-05,-2.498272806406021e-07,-1.125154085457325e-05,-1.5455763787031174e-05,94.36441040039062,88.15122985839844,94.24166870117188,96.72515106201172,294.2783203125,286.12255859375,271.763671875,227.7926788330078,-1.93865966796875,-3.8493804931640625,-7.992523193359375,-6.40533447265625,-12.679779052734377,-11.678253173828123,-9.271408081054688,5.4671630859375,18.68857118120952,92.25243631998698,12.827127431126979,12.296313568430932,12.240891912023148,8.421293363541979,-3.69967892765999e-06,-4.4666748046875,18.146942138671875,103.82786267826299,0.12274169921875,6.2131805419921875,-6.0904388427734375,22.5146484375,8.15576171875,14.35888671875,5.045440047979338e-07,-4.204222932457924e-06
1989-005,1989-07-24 03:00:00,20.5,77.0,0,30.0,,4.463400119024003,,,,,,30.0,0.0,1,1,,,,,0,7.535447366535664e-05,-8.742790669202805e-07,-4.7073233872652054e-05,9.16547141969204e-05,98.96469116210938,75.12785339355469,88.81908416748047,101.09015655517578,292.30224609375,286.125244140625,272.629638671875,226.7671661376953,0.918243408203125,3.370819091796875,3.1350250244140625,-2.4253692626953125,4.103424072265625,2.493988037109375,5.6556243896484375,7.685546875,4.9001376987654295,87.63720957438152,4.204909044623617,4.193136973539856,6.466410839135467,8.05915918866537,1.630024053156376e-05,-3.3436126708984375,3.582122802734375,133.02761376363853,10.145606994628906,23.836837768554688,-13.691230773925781,19.672607421875,6.177001953125,13.49560546875,-0.0001224277075380087,0.00013872794806957245
1989-005,1989-07-24 12:00:00,22.3,74.1,0,30.0,,4.463400119024003,,,,,,30.0,0.0,1,1,,,,,0,-4.218867979943752e-05,-4.470348358154297e-07,-2.9745744541287426e-05,-4.515168257057667e-05,98.74839782714844,99.40601348876952,98.29950714111328,100.2936553955078,293.270751953125,285.2724609375,272.2333984375,227.47824096679688,1.09942626953125,1.2089996337890625,-6.486419677734375,-7.3900146484375,-7.7567138671875,-4.09954833984375,-0.5222930908203125,0.5930633544921875,11.907534872985384,98.81797281901042,7.834242027123891,4.274105368988665,6.50741348835452,7.4137737115832145,-2.963002771139145e-06,-8.48944091796875,8.349777221679688,135.47519764882065,0.44889068603515625,-0.6576156616210795,1.1065063476562358,21.037353515625,7.998291015625,13.0390625,1.2442935258150097e-05,-1.5405938029289242e-05
1989-006,1989-08-16 03:00:00,16.5,86.0,0,25.0,,3.0995834159888913,,,,,,,,1,1,,,,,0,-2.4304259568452835e-05,3.091339021921158e-05,2.3598317056894302e-05,-1.6424106433987617e-05,89.86124420166016,77.17619323730469,79.2078628540039,53.00477600097656,292.002685546875,284.099609375,270.62841796875,222.10208129882812,-2.8965606689453125,-4.46832275390625,-10.846893310546877,-10.503921508789062,-1.5029449462890625,1.980072021484375,5.127044677734375,-0.420745849609375,7.683950405386707,82.08176676432292,3.2632663422492425,4.887391271766724,11.99756982133761,10.51234484464646,7.880153134465218e-06,-7.60736083984375,1.0821990966796875,171.90360752524796,10.65338134765625,12.685050964355469,-2.0316696166992188,21.374267578125,7.903076171875,13.47119140625,4.790257662534714e-05,-4.002242349088192e-05
1989-006,1989-08-16 12:00:00,17.0,85.0,0,25.0,,3.0995834159888913,,,,,,,,1,1,,,,,0,-2.800975926220417e-05,-4.430767148733139e-07,3.137672320008278e-05,-4.143943078815937e-05,92.66854858398438,86.78296661376953,53.45665740966797,30.989154815673828,292.22607421875,284.584716796875,273.10009765625,223.0648193359375,0.1654205322265625,0.360565185546875,-5.7739105224609375,-15.8619384765625,-3.00128173828125,1.5457763671875,11.517013549804688,-6.81585693359375,16.475048428375114,77.6360575358073,3.005836992423681,1.5872718199425822,12.88330872981665,17.264327324673612,-1.34296715259552e-05,-16.027359008789062,-3.8145751953125,-166.6124506692738,39.211891174316406,5.885581970214844,33.32630920410156,19.1259765625,7.641357421875,11.484619140625,5.938648246228695e-05,-7.281615398824215e-05
1989-007,1989-10-17 03:00:00,17.5,89.5,0,25.0,,3.0995834159888913,,,,,,,,1,1,,,,,0,-1.3611046597361565e-05,4.680594429373741e-06,1.314259134232998e-05,-8.449191227555275e-06,93.96052551269533,76.64855194091797,83.03016662597656,97.8961944580078,291.724609375,284.099853515625,269.596435546875,220.6129608154297,7.1177520751953125,5.2571258544921875,2.8289337158203125,3.4187164306640625,6.068389892578125,8.004791259765625,8.665069580078125,-3.532012939453125,10.28837204016196,84.54641469319661,9.353488680288843,9.57674555172008,9.115168500697077,4.915560744997129,5.16185536980629e-06,-3.69903564453125,-9.60040283203125,-111.07167616734036,10.930358886718764,17.311973571777358,-6.381614685058594,22.128173828125,7.624755859375,14.50341796875,2.6753637939691544e-05,-2.1591782569885254e-05
1989-008,1989-11-01 03:00:00,8.0,103.0,0,25.0,,3.0995834159888913,,,,,,,,1,1,,,,,0,-2.8917565941810608e-05,3.468827344477177e-05,-5.291728302836418e-05,2.239062450826168e-05,98.12787628173828,77.45063018798828,98.81543731689452,94.2828598022461,289.812255859375,282.515625,268.036376953125,221.1453857421875,-15.458038330078123,-8.98834228515625,0.4096832275390625,-13.405197143554688,-7.026611328125,-1.766937255859375,-2.952606201171875,4.000640869140625,11.216703970382142,91.4646479288737,16.98011236036732,9.160369222977408,2.9808931088057204,13.989440225448801,5.130819045007229e-05,2.0528411865234357,11.027252197265625,79.45449177483914,-0.6875610351562358,20.67724609375,-21.364807128906236,21.77587890625,7.296630859375,14.479248046875,-2.3999717086553574e-05,7.530790753662586e-05
1989-008,1989-11-01 12:00:00,8.0,102.5,0,25.0,,3.0995834159888913,,,,,,,,1,1,,,,,0,5.129794590175152e-05,-5.7658180594444275e-06,-9.440584108233452e-06,5.0437403842806816e-05,98.99374389648438,85.30420684814453,96.12325286865234,99.39955139160156,290.289794921875,282.8743896484375,268.335693359375,220.82855224609375,-12.061767578125,-5.970733642578125,4.0428466796875,-4.9693450927734375,-3.921844482421875,-2.6154022216796875,-5.1838531494140625,0.7077789306640625,8.469703044246234,93.47373453776042,12.683339515009852,6.518434552235782,6.573959442387086,5.019496156564263,-8.605420589447021e-07,7.0924224853515625,4.6296234130859375,33.134746385242906,2.8704910278320312,13.689537048339844,-10.819046020507812,21.9541015625,7.4154052734375,14.5386962890625,-6.073853000998497e-05,5.987798795104027e-05
1989-008,1989-11-02 03:00:00,8.5,102.5,0,45.0,,10.042650267804008,,,,,,25.0,20.0,1,1,,,,,0,-1.8039485439658165e-05,2.295873127877712e-05,3.073364496231079e-06,0.0001052774023264,94.12486267089844,77.79110717773438,81.5054702758789,100.18612670898438,290.12646484375,281.50732421875,268.2978515625,219.61233520507812,-8.427093505859375,-6.8834381103515625,1.8213043212890625,0.5528106689453125,0.3677520751953125,0.6008148193359375,-7.0262298583984375,4.706146240234375,9.97298064371528,84.47381337483723,8.435113902331592,6.909609154371466,7.258447179238542,4.738503146582463,0.00012331688776605815,8.979904174804688,4.3383941650390625,25.786235532609155,12.619392395019531,16.333755493164062,-3.7143630981445312,21.82861328125,8.619140625,13.20947265625,2.1112849935889244e-05,0.00010220403783016891
1989-008,1989-11-03 03:00:00,9.5,101.5,1,65.0,,20.953183892084905,,,,,,45.0,20.0,1,1,,,,,0,-3.070710226893425e-05,2.4866312742233276e-06,-9.28589142858982e-05,-0.0001152555923908,99.13746643066406,92.32360076904295,93.10710144042967,97.50690460205078,290.57373046875,283.19580078125,268.752685546875,219.7922821044922,-5.643463134765625,-4.2934722900390625,-0.926055908203125,1.19219970703125,-5.7837677001953125,-2.0643463134765625,-6.826751708984375,6.2172393798828125,13.811243876740711,94.8560562133789,8.080881447174017,4.7639720829679035,6.8892756107764335,6.330513853409612,-8.454849012186575e-05,6.835662841796875,12.001007080078125,60.33456031423998,6.030364990234389,6.813865661621108,-0.7835006713867188,21.821044921875,7.3779296875,14.443115234375,-6.215181201696395e-05,-2.23966781049018e-05
1989-008,1989-11-04 12:00:00,11.0,98.0,0,115.0,,65.58718508232494,,,,,,,,1,1,,,,,0,-2.4046050384640697e-05,3.7837307900190353e-06,-1.4501158148050308e-05,-1.624738797545433e-05,81.624755859375,68.15839385986328,75.14120483398438,99.30693817138672,291.21142578125,283.147216796875,268.7470703125,219.40956115722656,-0.8178863525390625,-1.084716796875,-3.813552856445313,-9.14215087890625,-6.8724212646484375,-7.544677734375,-12.47723388671875,0.16021728515625,10.897310901187234,74.97478485107422,6.920918445153192,7.622255089210584,13.047013100812956,9.143554684648041,7.798662409186367e-06,-8.324264526367188,7.0326385498046875,139.807671842322,6.483551025390625,13.466361999511719,-6.982810974121094,22.46435546875,8.064208984375,14.400146484375,9.544892236590389e-06,-1.7462298274040222e-06
1989-008,1989-11-08 03:00:00,14.5,83.4,0,115.0,,65.58718508232494,,,,,,,,1,1,,,,,0,-6.407266482710838e-06,-1.9783619791269302e-06,5.802139639854431e-07,9.372364729642868e-06,31.542865753173828,55.2622184753418,33.34879684448242,78.53492736816406,291.67919921875,282.63330078125,269.34912109375,219.8769073486328,-11.56396484375,-10.775146484375,-7.1185150146484375,-5.4273834228515625,-1.176849365234375,4.520660400390625,-2.3267059326171875,8.11553955078125,11.135803666633402,40.05129369099935,11.623693790527112,11.685039675388307,7.489113199214661,9.763117996774323,1.5779631212353706e-05,6.1365814208984375,9.292388916015625,56.559709284522434,-1.8059310913085938,-23.71935272216797,21.913421630859375,22.330078125,9.0458984375,13.2841796875,6.9874804466962814e-06,8.792150765657425e-06
1989-010,1989-11-16 12:00:00,10.5,85.0,0,25.0,,3.0995834159888913,,,,,,,,1,1,,,,,0,8.542090654373169e-06,4.338729195296765e-05,-6.527872756123543e-05,3.0187657102942467e-05,91.767578125,75.11554718017578,98.92779541015624,99.94645690917967,290.742919921875,282.414794921875,268.760498046875,219.6866912841797,-8.302078247070312,-7.5477294921875,-7.48126220703125,0.786224365234375,4.553436279296875,3.838531494140625,-0.4471435546875,6.3389129638671875,9.26202846918365,88.60364023844402,9.46880589990602,8.467735501227375,7.49461283648813,6.387485132348386,2.1645566448569298e-05,9.088302612304688,1.7854766845703125,11.11470608405666,-7.160217285156236,16.65203094482422,-23.812248229980455,21.982421875,8.328125,13.654296875,-7.38208182156086e-05,9.54663846641779e-05
1989-010,1989-11-17 03:00:00,10.5,84.5,0,30.0,,4.463400119024003,,,,,,,,1,1,,,,,0,-8.855480700731277e-06,6.096134893596172e-05,-6.959214806556702e-05,4.336610436439514e-05,89.54216766357422,73.67353820800781,96.97904205322266,97.08824157714844,290.697509765625,283.027587890625,268.5233154296875,219.4434814453125,-9.667572021484377,-8.716415405273438,-3.478790283203125,-3.68359375,7.863113403320312,2.9246368408203125,4.27923583984375,7.9506378173828125,5.984618323389898,86.73158264160156,12.461560944924317,9.193987065901904,5.514874541411774,8.7625056130217,5.222158506512642e-05,5.983978271484377,0.08752441406250089,0.8379746280945837,-7.4368743896484375,15.868629455566406,-23.305503845214844,22.1741943359375,7.669921875,14.5042724609375,-6.073666736483574e-05,0.00011295825242996216
1989-010,1989-11-17 12:00:00,10.0,84.0,0,30.0,,4.463400119024003,,,,,,25.0,5.0,1,1,,,,,0,-3.2472191378474236e-05,-1.473166048526764e-05,8.135638199746609e-05,-7.655704393982887e-05,96.01406860351562,75.01007843017578,93.38750457763672,50.50679397583008,290.306884765625,282.50341796875,269.2642822265625,220.44363403320312,0.273651123046875,-1.4056396484375,-5.467864990234375,-0.4709320068359375,7.9414520263671875,11.458389282226562,10.228546142578123,5.9148406982421875,2.1590640362413205,88.13721720377605,7.946165441534446,11.544284636316972,11.598306072107277,5.933558581546546,-4.408485256135464e-05,-0.7445831298828125,-2.026611328125,-110.1734847177229,2.6265640258789062,21.003990173339844,-18.377426147460938,21.0426025390625,7.803466796875,13.2391357421875,0.00011382857337594032,-0.00015791342593729496
1989-010,1989-11-18 03:00:00,10.0,84.0,0,30.0,,4.463400119024003,,,,,,30.0,0.0,1,1,,,,,0,-4.577473737299442e-05,-9.097391739487648e-06,4.194770008325577e-05,0.0001290568616241,93.21094512939452,90.19627380371094,100.37445068359376,99.5333251953125,290.5185546875,282.127685546875,268.369140625,220.5739288330078,-4.2312469482421875,-3.1376953125,0.3751678466796875,4.8005523681640625,8.791183471679688,8.39385986328125,8.941726684570312,9.64471435546875,9.072040225958997,94.59388987223308,9.756452099495132,8.96113917303422,8.949593678750956,10.773384706677405,0.00017483159899709443,9.03179931640625,0.8535308837890625,5.398582034370697,-7.163505554199247,3.0146713256835795,-10.178176879882827,22.1494140625,8.390869140625,13.758544921875,8.772243745625019e-05,8.710916154084424e-05
1989-010,1989-11-18 12:00:00,9.0,83.5,0,30.0,,4.463400119024003,,,,,,30.0,0.0,1,1,,,,,0,-2.9306625947356224e-05,8.480623364448547e-06,-6.277463398873806e-05,5.182204768061638e-05,96.25048828125,81.21562957763672,100.68158721923828,100.26506805419922,290.10498046875,282.598388671875,269.281005859375,220.65379333496097,-0.350494384765625,1.913482666015625,-3.4406890869140625,2.6524200439453125,12.9744873046875,13.001998901367188,12.5531005859375,7.3944091796875,6.336778909451067,92.71590169270833,12.979220590360939,13.142046695408437,13.0160929511691,7.855737979729824,8.11286736279726e-05,3.0029144287109375,-5.580078125,-61.71312049173823,-4.431098937988281,15.034858703613281,-19.465957641601562,20.823974609375,7.506591796875,13.3173828125,-3.3468008041381836e-05,0.00011459668166935444
1989-010,1989-11-19 03:00:00,9.0,83.0,0,30.0,,4.463400119024003,,,,,,30.0,0.0,1,1,,,,,0,-1.9432511180639267e-05,1.1806841939687727e-05,3.0362047255039215e-05,3.0680326744914055e-05,96.58712768554688,82.4620590209961,91.0744171142578,100.61522674560548,290.603759765625,282.845703125,268.93115234375,220.26947021484375,-2.285919189453125,-0.23638916015625,5.2485198974609375,3.2460174560546875,7.516281127929688,8.83392333984375,7.671066284179688,4.822509765625,6.152944596068218,90.04120127360027,7.856201915352101,8.837085572137203,9.294741473022354,5.813194454390825,5.011283792555332e-05,5.5319366455078125,-2.6937713623046884,-25.96372306439268,5.512710571289077,14.125068664550781,-8.612358093261705,21.672607421875,7.758056640625,13.91455078125,4.979455843567848e-05,3.182794898748398e-07
1990-001,1990-05-04 06:00:00,8.5,87.0,0,25.0,1002.0,4.0,,,,,,,,1,1,,,,,0,-2.47142743319273e-05,2.02166847884655e-06,1.6456004232168198e-05,6.423401646316051e-05,91.77218627929688,88.22151184082031,86.0604248046875,102.01889038085938,290.97119140625,283.080078125,269.100830078125,221.14991760253903,6.054107666015625,1.5916900634765625,-1.382568359375,-2.226959228515625,-0.37890625,-2.2933197021484375,1.7857208251953125,0.0214385986328125,8.290738502059288,88.68470764160156,6.065953311557733,2.7915573636291664,2.2583830795241773,2.227062419193105,8.894829079508781e-05,-8.28106689453125,0.4003448486328125,177.23221353002668,5.711761474609375,3.5506744384765625,2.1610870361328125,21.870361328125,7.89111328125,13.979248046875,4.11702785640955e-05,4.777801223099232e-05
1990-001,1990-05-04 12:00:00,9.5,87.0,0,25.0,1000.0,4.0,0.0,25.0,0.0,,,,,1,1,,,,,0,-2.050912007689476e-05,-1.836172305047512e-05,3.291061148047447e-06,6.19411002844572e-05,93.1323013305664,85.00458526611328,88.33773040771484,98.72882080078124,291.028564453125,283.38720703125,269.16796875,221.56646728515625,2.3614501953125,-0.5240478515625,-1.7989654541015625,-4.4568939208984375,-1.932281494140625,1.0228729248046875,5.5663604736328125,1.7910614013671875,7.768725687305275,88.82487233479817,3.051255282263313,1.14930203646638,5.849841504474506,4.803311812240471,8.245022036135197e-05,-6.8183441162109375,3.7233428955078125,151.36204832771915,4.7945709228515625,8.127716064453125,-3.3331451416015625,21.860595703125,7.641357421875,14.21923828125,2.3800181224942207e-05,5.865003913640976e-05
1990-001,1990-05-04 18:00:00,9.5,86.0,1,25.0,1002.0,4.0,0.0,25.0,0.0,25.0,0.0,,,1,1,,,,,0,1.2419652193784714e-05,1.47172249853611e-05,-1.718057319521904e-05,3.2908981665968895e-05,85.76129150390625,80.3785171508789,97.62873077392578,100.38493347167967,291.860107421875,283.41650390625,269.0439453125,219.2727203369141,1.9365386962890625,0.617279052734375,1.1402435302734375,-3.450469970703125,-2.80206298828125,-1.5959625244140625,-1.662384033203125,0.433837890625,6.284179888923867,87.92284647623698,3.406132574125762,1.7111779008270165,2.015856141241016,3.477636889335339,2.048932947218418e-05,-5.3870086669921875,3.23590087890625,149.00735005819303,-11.867439270019531,5.382774353027344,-17.250213623046875,22.816162109375,8.443603515625,14.37255859375,-2.9600225389003754e-05,5.0089554861187935e-05
1990-001,1990-05-05 00:00:00,10.0,85.5,0,30.0,998.0,6.0,5.0,25.0,5.0,25.0,5.0,,,1,1,,,,,0,-3.5765115171670914e-05,-2.252403646707535e-06,-0.0001276968978345,5.616433918476105e-05,93.1533432006836,82.70819854736328,100.72869873046876,100.401123046875,291.22412109375,283.581298828125,269.856201171875,220.7528381347656,-0.116058349609375,-0.776092529296875,-2.460357666015625,-5.574371337890625,-4.1703338623046875,-2.6157379150390625,-1.59442138671875,0.9145355224609376,7.459830918872528,92.19674682617188,4.171948473267519,2.728443595569335,2.9318150356303168,5.64889290344041,9.192945435643196e-05,-5.45831298828125,5.084869384765625,137.02859062810398,-7.5753555297851705,10.445144653320312,-18.020500183105483,21.367919921875,7.642822265625,13.72509765625,-9.193178266282909e-05,0.00018386123701926105
1990-001,1990-05-05 06:00:00,10.0,85.0,1,35.0,999.0,7.0,5.0,30.0,5.0,25.0,10.0,25.0,10.0,1,1,,,,,0,-9.231502190232275e-06,-1.076352782547474e-05,-7.477449253201485e-05,0.0001082161907106,97.26274871826172,87.35518646240234,96.15808868408205,99.92002868652344,291.263671875,283.1640625,269.512451171875,222.28863525390625,0.9281768798828124,-0.1085205078125,-1.22540283203125,-7.58050537109375,-2.4856719970703125,-4.9635162353515625,-9.638412475585938,8.7742919921875,14.113272571854704,93.59200795491536,2.6533144550483474,4.9647024200061,9.715997486119521,11.595355175472069,0.00011744769290083228,-8.508682250976562,11.259963989257812,127.0768109368148,1.1046600341796733,9.907562255859375,-8.802902221679702,21.751220703125,8.099609375,13.651611328125,-6.554299034178257e-05,0.00018299068324261484
1990-001,1990-05-05 12:00:00,10.1,84.7,1,45.0,994.0,10.0,10.0,35.0,10.0,30.0,15.0,25.0,20.0,1,1,,,,,0,-3.5976991057395935e-05,-8.034729398787022e-05,-1.4870660379529e-05,8.632964454591274e-05,95.00505065917967,78.55569458007812,100.16099548339844,100.14222717285156,291.132568359375,283.21240234375,270.012939453125,221.80239868164065,5.5453643798828125,1.4185943603515625,7.1450653076171875,-11.317459106445312,-3.1569366455078125,-2.7895965576171875,-8.30194091796875,4.396636962890625,18.477318262901488,91.24058024088542,6.381012074069694,3.1295780727585183,10.953272627646886,12.141470142018141,0.00012230663560330868,-16.862823486328125,7.5535736083984375,155.87036909140946,-5.155944824218764,16.44935607910155,-21.605300903320312,21.11962890625,7.920166015625,13.199462890625,2.1106330677866936e-05,0.00010120030492544174
1990-001,1990-05-05 18:00:00,10.3,83.9,0,55.0,991.0,15.0,10.0,45.0,10.0,35.0,20.0,25.0,30.0,1,1,,,,,0,1.9681407138705257e-05,-1.569744199514389e-06,8.598435670137405e-07,2.5212299078702927e-05,89.75553131103516,81.17211151123047,74.56544494628906,100.6671142578125,291.6318359375,283.60205078125,270.49560546875,220.57997131347656,5.9015655517578125,5.0788421630859375,-0.4924774169921875,-3.83984375,-2.986663818359375,-4.263153076171875,-16.890060424804688,3.303131103515625,11.59554118373171,81.83102925618489,6.614275222999985,6.63092089143078,16.897238684465602,5.065083919485087,5.53089193999767e-06,-9.741409301757812,6.289794921875,147.15063673020768,15.190086364746094,8.583419799804688,6.606666564941406,21.13623046875,8.02978515625,13.1064453125,-1.8821563571691516e-05,2.4352455511689186e-05
1990-001,1990-05-06 00:00:00,10.3,83.3,1,55.0,991.0,15.0,0.0,55.0,0.0,45.0,10.0,30.0,25.0,1,1,,,,,0,-2.4154549464583397e-05,-7.049180567264557e-06,2.8037000447511673e-05,-7.771048694849014e-05,88.8424072265625,84.71123504638672,74.72381591796875,101.76951599121094,291.41162109375,283.537109375,270.170166015625,222.1892852783203,2.5654144287109375,3.3317108154296875,0.7147064208984375,1.3942108154296875,-7.727752685546875,-9.355178833007812,-13.055145263671877,5.5748748779296875,13.35408619098774,82.75915273030598,8.1424512746479,9.930743575141218,13.074693997323521,5.746568863455189,-5.3555937483906746e-05,-1.17120361328125,13.302627563476562,95.03151996020013,14.11859130859375,4.131172180175781,9.987419128417969,21.241455078125,7.87451171875,13.366943359375,5.219154991209507e-05,-0.00010574748739600182
1990-001,1990-05-06 06:00:00,10.0,83.2,1,77.0,976.0,29.4,22.0,55.0,22.0,55.0,22.0,35.0,42.0,1,1,,,,,0,2.957182005047798e-06,-3.0359486117959023e-05,7.607252337038517e-05,4.8401299864053726e-05,88.48810577392578,78.92765045166016,95.25977325439452,99.49020385742188,291.6171875,283.927001953125,270.0211181640625,223.08139038085935,9.24176025390625,10.657073974609377,10.581771850585938,1.2097625732421875,-1.2842864990234375,-0.4751129150390625,-4.5545806884765625,7.2324676513671875,11.706753948058736,87.55850982666016,9.330569350380243,10.667659442555026,11.520334228905712,7.3329471436585685,4.544411785900593e-05,-8.031997680664062,8.516754150390625,133.32213570351786,-6.771667480468736,9.560455322265625,-16.33212280273436,21.5960693359375,7.690185546875,13.9058837890625,7.311534136533737e-05,-2.7671223506331444e-05
1990-001,1990-05-06 12:00:00,10.2,82.9,1,77.0,976.0,29.4,0.0,77.0,0.0,55.0,22.0,45.0,32.0,1,1,,,,,0,5.052424967288971e-07,-1.6164500266313553e-05,3.359955735504627e-05,-6.464356556534767e-05,92.6178741455078,79.70225524902344,93.036865234375,99.66463470458984,291.8271484375,283.851806640625,270.071044921875,223.8324737548828,7.562744140625,9.302536010742188,9.086151123046877,3.191619873046875,4.94403076171875,5.318603515625,3.2076568603515625,0.7292938232421875,6.072127701487279,88.45233154296875,9.035404756256305,10.715629686937385,9.635725440495202,3.2738825413638404,-6.514880806207657e-05,-4.371124267578125,-4.2147369384765625,-136.04349965479483,-0.4189910888672017,12.91561889648436,-13.334609985351562,21.756103515625,7.975341796875,13.78076171875,3.3094314858317375e-05,-9.824312292039394e-05
1990-001,1990-05-06 18:00:00,10.3,82.5,0,77.0,976.0,29.4,0.0,77.0,0.0,77.0,0.0,55.0,22.0,1,1,,,,,0,7.116235792636871e-06,9.123701602220535e-06,-4.355865530669689e-05,-4.728464409708977e-05,88.4922103881836,78.06233215332031,97.7248077392578,95.45230865478516,292.591552734375,284.7138671875,269.7978515625,223.6739959716797,15.689865112304688,14.549392700195312,10.35296630859375,-0.065185546875,3.9741363525390625,4.046661376953125,2.085968017578125,2.6721343994140625,15.8087580270956,88.0931167602539,16.185352235613788,15.101665346716594,10.5610214447863,2.672929367576582,-5.440087988972664e-05,-15.755050659179688,-1.302001953125,-175.2757951799041,-9.232597351074205,10.429878234863281,-19.662475585937486,22.793701171875,7.877685546875,14.916015625,-5.067489109933376e-05,-3.7259887903928757e-06
1990-001,1990-05-07 00:00:00,11.3,82.3,1,90.0,964.0,40.2,13.0,77.0,13.0,77.0,13.0,55.0,35.0,1,1,,,,,0,1.0400544852018356e-06,1.685693860054016e-05,-2.5742221623659137e-05,-2.5296583771705627e-05,92.1651611328125,88.90008544921875,94.4777374267578,101.28192901611328,292.229736328125,284.14013671875,270.36328125,224.52342224121097,-3.7635650634765625,-5.6465911865234375,-4.5174560546875,-0.875091552734375,7.6555023193359375,7.1062774658203125,6.3909454345703125,-0.430908203125,8.586810488186302,91.84766133626302,8.530600081376413,9.076517583795546,7.826339677888245,0.9754317532187865,-2.6336638256907463e-05,2.8884735107421875,-8.086410522460938,-70.34322410776684,-2.3125762939452983,3.26507568359375,-5.577651977539048,21.866455078125,8.089599609375,13.77685546875,-2.6782276108860973e-05,4.4563785195350986e-07
1990-001,1990-05-07 06:00:00,11.3,81.8,0,115.0,940.0,65.6,25.0,90.0,25.0,77.0,38.0,77.0,38.0,1,1,,,,,0,-2.1298183128237724e-05,7.189810276031494e-07,6.809551268815994e-05,-1.543620601296425e-05,94.06512451171876,77.8741455078125,89.71327209472656,111.74151611328124,292.358154296875,284.723388671875,271.591064453125,224.65171813964844,2.6143341064453125,1.8422393798828125,-0.9209136962890624,-3.1048583984375,1.42974853515625,0.626678466796875,0.8399810791015625,-0.2790679931640625,5.969021430298976,87.21751403808594,2.9797522873394446,1.9459115687866937,1.2464550731018784,3.1173746356760677,5.861977115273476e-06,-5.7191925048828125,-1.7088165283203125,-163.36457364134588,4.351852416992202,16.190979003906264,-11.839126586914062,20.76708984375,7.634765625,13.13232421875,8.939369581639767e-05,-8.353171870112419e-05
1990-001,1990-05-07 12:00:00,11.4,81.7,0,115.0,938.0,65.6,0.0,115.0,0.0,90.0,25.0,77.0,38.0,1,1,,,,,0,6.404472514986992e-06,4.277098923921585e-06,3.2769981771707535e-05,-4.176073707640171e-05,96.62535858154295,84.288330078125,92.79273223876952,94.03853607177734,292.275634765625,284.8857421875,271.6201171875,224.9163360595703,1.9042510986328125,2.292205810546875,-1.31781005859375,-2.9715118408203125,6.7698822021484375,5.8393707275390625,4.1229248046875,1.900970458984375,6.890527251558148,91.2354736328125,7.032601032165158,6.27315375003235,4.328409903837473,3.527544656849377,-4.81652095913887e-05,-4.875762939453125,-4.8689117431640625,-135.04028298327907,3.8326263427734375,12.337028503417955,-8.504402160644517,20.655517578125,7.389892578125,13.265625,2.6365509256720543e-05,-7.453071884810925e-05
1990-001,1990-05-07 18:00:00,14.5,80.8,0,102.0,950.0,51.6,-13.0,115.0,-13.0,115.0,-13.0,77.0,25.0,1,1,,,,,0,-6.817537359893322e-05,-8.17934051156044e-07,2.6766210794448853e-05,4.847114905714989e-05,90.86715698242188,74.60700225830078,97.5770034790039,100.51250457763672,291.49951171875,282.89697265625,269.586669921875,222.8322601318359,-17.33990478515625,-15.800079345703123,-12.501113891601562,-16.974212646484375,-5.283721923828125,-2.6391143798828125,-6.4297027587890625,4.73956298828125,10.029953697281252,87.68372090657552,18.127052030780586,16.018971004425307,14.057699886438508,17.623488652589632,0.00011664652265608311,0.365692138671875,10.023284912109375,87.91053261841378,-6.709846496582031,16.260154724121094,-22.970001220703125,21.912841796875,8.6025390625,13.310302734375,9.494158439338207e-05,2.1704938262701035e-05
1990-001,1990-05-08 00:00:00,13.3,81.8,0,127.0,924.0,80.0,25.0,102.0,25.0,115.0,12.0,90.0,37.0,1,1,,,,,0,3.683404065668583e-05,-5.415128543972969e-05,1.7122598364949226e-05,-2.0984531147405505e-05,91.87117767333984,80.69121551513672,100.26506042480467,101.5413055419922,293.103759765625,285.271484375,272.04931640625,226.6011199951172,-17.373779296875,-16.959930419921875,-13.447006225585938,-12.029281616210938,7.950164794921875,7.5786590576171875,7.20184326171875,-4.0959930419921875,13.178527007616202,90.94248453776042,19.106368763397654,18.57620286711454,15.254131335389463,12.70750861507317,-5.7818571804091334e-05,5.3444976806640625,-12.046157836914062,-66.0746590317549,-8.39388275146483,11.179962158203125,-19.573844909667955,21.054443359375,7.832275390625,13.22216796875,-1.9711442291736603e-05,-3.810712951235473e-05
1990-001,1990-05-08 06:00:00,13.6,81.4,0,127.0,924.0,80.0,0.0,127.0,0.0,102.0,25.0,115.0,12.0,1,1,,,,,0,1.8608057871460915e-05,2.7481000870466232e-06,4.33996319770813e-05,-5.556270480155945e-06,96.7134246826172,76.4622802734375,96.01081848144533,96.54232025146484,292.611328125,285.47509765625,272.718994140625,227.3769073486328,9.936477661132812,9.019927978515623,5.03564453125,-4.74810791015625,10.275070190429688,9.152633666992188,6.4438323974609375,4.0107269287109375,15.964931879001302,89.72884114583333,14.293727845752771,12.850284190622704,8.178061617013851,6.215340636133744,-2.416432835161686e-05,-14.684585571289062,-6.26434326171875,-156.89723788600173,0.702606201171875,20.2511444091797,-19.548538208007827,19.892333984375,7.13623046875,12.756103515625,2.4791574105620384e-05,-4.8955902457237244e-05
1990-001,1990-05-08 12:00:00,13.9,81.1,0,127.0,920.0,80.0,0.0,127.0,0.0,127.0,0.0,115.0,12.0,1,1,,,,,0,-2.6757363229990005e-05,-2.6730122044682503e-05,5.0563598051667213e-05,-6.545998621731997e-05,88.45023345947266,80.19813537597656,99.76470947265624,61.9011344909668,293.495361328125,285.3798828125,272.7802734375,226.4484405517578,14.06158447265625,13.805999755859377,7.673126220703125,3.141876220703125,-14.726165771484377,-12.93182373046875,-12.479385375976562,-7.782821655273437,12.94024944983265,89.47102610270183,20.361436987867172,18.916598379589917,14.649639086372726,8.393074472683589,-3.870262298732996e-05,-10.919708251953125,6.94334411621094,147.54958130406197,-11.31447601318358,8.252098083496094,-19.566574096679673,20.715087890625,8.115478515625,12.599609375,7.732096128165722e-05,-0.00011602358426898718
1990-001,1990-05-08 18:00:00,14.5,80.8,0,102.0,950.0,51.6,-25.0,127.0,-25.0,127.0,-25.0,102.0,0.0,1,1,,,,,0,-0.000122534809634,-0.0001842197962105,0.000191161641851,0.0002137075643986,100.78282928466795,101.8245620727539,103.68522644042967,102.76146697998048,292.15087890625,284.736083984375,269.992919921875,228.1775054931641,17.248245239257812,17.186798095703125,11.014846801757812,0.00933837890625,-25.640579223632812,-23.29754638671875,-22.56219482421875,-14.960830688476562,20.27897774825073,102.09753926595052,30.902123984557605,28.951022372686193,25.107359187142674,14.960833602930776,0.0003362423740326,-17.238906860351562,10.67974853515625,148.2211949560351,-2.9023971557617188,-1.0417327880859517,-1.860664367675767,22.157958984375,7.414794921875,14.7431640625,0.000313696451485,2.2545922547600008e-05
1990-001,1990-05-09 00:00:00,15.1,81.0,0,90.0,960.0,40.2,-12.0,102.0,-12.0,127.0,-37.0,127.0,-37.0,1,1,,,,,0,-0.0001558610238134,8.196174167096615e-05,8.61799344420433e-05,6.931833922863007e-06,96.006591796875,97.81982421875,100.23345947265624,100.67088317871094,292.944091796875,285.408447265625,271.406005859375,227.83905029296875,26.786941528320312,19.1353759765625,19.491744995117188,8.04986572265625,-12.197830200195312,-10.292800903320312,-6.708160400390625,-4.526824951171875,20.24653874808597,98.01995849609375,29.43343843376863,21.727962725478815,20.613770613646714,9.235392914833039,0.000162792857736263,-18.737075805664062,7.6710052490234375,157.73568572540003,-4.226867675781236,-1.813232421875,-2.413635253906236,21.5380859375,7.53564453125,14.00244140625,0.0002420409582554433,-7.92481005191803e-05
1990-001,1990-05-09 06:00:00,15.4,80.9,0,90.0,960.0,40.2,0.0,90.0,0.0,102.0,-12.0,127.0,-37.0,1,1,,,,,0,1.6271136701107025e-05,4.273350350558758e-05,-3.80505807697773e-05,9.910226799547672e-05,88.40119171142578,86.64991760253906,97.27365112304688,98.43875122070312,294.624755859375,287.12744140625,272.5888671875,227.69190979003903,7.8642120361328125,5.7584991455078125,8.581268310546875,-3.696868896484375,-11.5552978515625,-8.179931640625,-7.28668212890625,-3.746551513671875,13.951168829171444,90.77492014567058,13.977508339742856,10.003579062221291,11.257615301000374,5.263410290143703,8.28311312943697e-05,-11.561080932617188,7.808746337890625,145.96357322372745,-8.872459411621094,1.7512741088867188,-10.623733520507812,22.035888671875,7.497314453125,14.53857421875,-5.432171747088432e-05,0.00013715284876525402
1990-001,1990-05-09 12:00:00,15.9,81.0,0,90.0,956.0,40.2,0.0,90.0,0.0,90.0,0.0,127.0,-37.0,1,1,,,,,0,0.0002012604381889,1.708976924419403e-06,-4.484900273382664e-05,-1.6061821952462196e-05,95.72406768798828,87.44522857666016,87.79507446289062,90.0335464477539,293.561767578125,287.304443359375,272.8154296875,227.2755584716797,-2.54046630859375,-1.3079376220703125,-3.4274444580078125,-7.6787109375,-5.3274383544921875,-5.1755218505859375,-6.165771484375,-10.655685424804688,7.402146628430003,90.32145690917969,5.90216642310384,5.338232596011477,7.054368399102811,13.134162841006548,-0.0002173222601413622,-5.13824462890625,-5.3282470703125,-133.9600008590162,7.928993225097656,8.278839111328125,-0.34984588623046875,20.746337890625,6.25732421875,14.489013671875,-0.0002461094409227266,2.878718078136444e-05
1990-002,1990-06-13 12:00:00,21.0,89.0,0,27.0,991.0,,,,,,,,,1,1,,,,,0,2.5180634111166e-06,3.406079486012459e-06,4.079751670360565e-05,-2.881838008761406e-05,93.42674255371094,85.29993438720703,92.80017852783205,41.860260009765625,293.975341796875,286.91064453125,272.298095703125,225.20904541015625,1.2439422607421875,-4.14715576171875,-8.967193603515625,-13.959457397460938,-4.7906036376953125,-2.2261199951171875,3.5837860107421875,8.074737548828125,19.91633412585527,90.50895182291667,4.949472250812196,4.706857884472142,9.656815380534255,16.12661890521326,-3.133644349873066e-05,-15.203399658203125,12.865341186523438,139.7616078763983,0.626564025878892,8.126808166503906,-7.500244140625014,21.67724609375,7.064697265625,14.612548828125,3.827945329248905e-05,-6.961589679121971e-05
1990-002,1990-06-13 18:00:00,21.5,88.5,0,27.0,994.0,,0.0,27.0,0.0,,,,,1,1,,,,,0,-1.616077497601509e-05,-2.9269373044371605e-05,9.185168892145156e-07,-1.5378303942270577e-05,95.2300796508789,90.6223602294922,89.92647552490234,73.85736846923828,293.390380859375,286.346923828125,272.40576171875,225.5080718994141,-7.88079833984375,-6.326171875,-12.006195068359377,-7.808624267578125,-4.3688507080078125,-5.407196044921875,-0.1320953369140625,8.371200561523438,12.740255705714551,91.92630513509114,9.010762397385937,8.322152345412801,12.006921720304979,11.44777759189356,7.82471033744514e-07,0.072174072265625,12.74005126953125,89.67541531774653,5.3036041259765625,4.6077194213867045,0.695884704589858,20.984619140625,7.04345703125,13.941162109375,1.7079291865229607e-05,-1.6296820831485093e-05
1990-002,1990-06-14 00:00:00,21.5,88.0,0,27.0,992.0,,0.0,27.0,0.0,27.0,0.0,,,1,1,,,,,0,3.660330548882485e-06,2.3206928744912148e-05,3.252108581364155e-05,2.1335436031222343e-05,98.27613830566406,86.88119506835938,69.34435272216797,100.40597534179688,293.065673828125,286.162841796875,272.196044921875,226.90353393554688,-5.5842742919921875,-10.030609130859377,-15.318130493164062,-7.990615844726563,-6.488128662109375,-2.6944427490234375,5.6360626220703125,12.910018920898438,19.5468311836105,84.83389536539714,8.560369904641389,10.386199558252503,16.322080862607585,15.182836695293501,1.767510548233986e-05,-2.406341552734376,19.398147583007812,97.07142041945846,28.931785583496094,11.394943237304688,17.536842346191406,20.86962890625,6.90283203125,13.966796875,2.8860755264759064e-05,-1.1185649782419205e-05
1990-002,1990-06-14 06:00:00,22.0,87.0,0,27.0,991.0,,0.0,27.0,0.0,27.0,0.0,,,1,1,,,,,0,-9.712763130664824e-06,-8.589588105678558e-06,1.233280636370182e-05,6.58456701785326e-05,96.35118865966795,91.98683166503906,95.23200988769533,100.66666412353516,293.200927734375,285.28857421875,270.593505859375,227.1495056152344,-9.553573608398438,-10.047454833984377,-14.279373168945312,-5.417938232421875,-10.29815673828125,-9.36663818359375,-9.681350708007812,10.97283935546875,21.669304436999276,94.52334340413411,14.047163446664051,13.736275314047562,17.25192886692496,12.23753480939942,7.555843330919743e-05,4.1356353759765625,21.27099609375,78.9974756510048,1.1191787719726278,4.364356994628892,-3.245178222656264,22.607421875,7.912353515625,14.695068359375,2.2045569494366646e-05,5.351286381483078e-05
1990-003,1990-08-14 12:00:00,19.0,87.5,0,27.0,994.0,,,,,,,,,1,1,,,,,0,-5.9157609939575195e-06,5.508773028850555e-07,1.5088357031345367e-05,-5.296780727803707e-05,91.17362213134766,66.12213134765625,51.61441802978515,94.24996948242188,293.216064453125,286.3974609375,273.2607421875,222.80377197265625,1.1007843017578125,-3.630859375,-5.126708984375,-18.951751708984375,11.141494750976562,7.6308135986328125,5.7751922607421875,-2.5195159912109375,24.263705713684267,69.63672383626302,11.1957416621247,8.45058909059628,7.722434244395209,19.11849506809989,-4.705204628407955e-05,-20.052536010742188,-13.6610107421875,-145.73492174546462,39.55920410156251,25.051490783691406,14.5077133178711,19.955322265625,6.818603515625,13.13671875,2.1004118025302887e-05,-6.805616430938244e-05
1990-003,1990-08-14 18:00:00,19.0,86.5,0,27.0,994.0,,0.0,27.0,0.0,,,,,1,1,,,,,0,-1.9578030332922935e-05,2.7696602046489716e-05,-3.980775363743305e-05,-5.61351771466434e-06,99.78145599365234,86.55232238769531,66.18544006347656,88.26119995117188,292.72802734375,286.1240234375,272.136962890625,223.2249298095703,6.1021270751953125,3.991455078125,-6.2862548828125,-20.278549194335938,6.9703216552734375,7.358810424804688,6.2627716064453125,-0.8437347412109375,27.51362494847321,84.1730728149414,9.263980722119705,8.37160704458254,8.873517264657888,20.29609434695821,1.3964512618258595e-05,-26.38067626953125,-7.814056396484375,-163.50051099579807,33.59601593017578,13.229133605957031,20.36688232421875,20.591064453125,6.60400390625,13.987060546875,-2.0229723304510117e-05,3.419423592276871e-05
1990-003,1990-08-15 00:00:00,19.0,86.0,0,27.0,993.0,,0.0,27.0,0.0,27.0,0.0,,,1,1,,,,,0,-1.0407529771327972e-06,-1.1302530765533447e-05,-2.6014167815446858e-06,-1.875986345112324e-05,96.05343627929688,69.32125854492188,73.19817352294922,86.29048156738281,293.267822265625,286.8798828125,271.080810546875,223.648193359375,4.275115966796875,3.105438232421875,-5.47137451171875,-12.9609375,11.692855834960938,9.30169677734375,4.032684326171875,-0.491119384765625,21.107600319913004,79.52428944905598,12.44987928080998,9.806391260450228,6.796946514578285,12.970238977328012,-1.7719110473990444e-05,-17.236053466796875,-12.183975219726562,-144.74393285732043,22.855262756347656,26.732177734375,-3.8769149780273438,22.18701171875,6.387939453125,15.799072265625,-1.5606638044118885e-06,-1.6158446669578556e-05
1990-003,1990-08-15 06:00:00,19.5,85.0,0,27.0,995.0,,0.0,27.0,0.0,27.0,0.0,,,1,1,,,,,0,1.1130701750516891e-05,-3.819377161562443e-05,4.005734808743e-05,-8.426839485764503e-05,97.34917449951172,86.61084747314453,67.29840087890625,98.77043914794922,293.52734375,286.1240234375,271.5750732421875,224.5249786376953,-1.2567291259765625,-0.300445556640625,-4.922332763671875,-16.0107421875,1.9136962890625,5.5295257568359375,4.8300323486328125,-2.9716949462890625,15.541812923274236,83.7528076171875,2.2894544290833565,5.537682062742239,6.896272349984229,16.284189763337697,-9.539909660816193e-05,-14.754013061523438,-4.8853912353515625,-161.67911156000133,30.05077362060547,10.738327026367188,19.31244659423828,21.9522705078125,7.4033203125,14.5489501953125,2.892664633691311e-05,-0.00012432574294507504
1990-003,1990-08-15 12:00:00,20.5,83.5,0,27.0,995.0,,0.0,27.0,0.0,27.0,0.0,27.0,0.0,1,1,,,,,0,-1.27498060464859e-05,8.430331945419312e-06,-2.2676773369312286e-05,2.7330825105309486e-05,99.766845703125,96.09231567382812,68.47708892822266,110.67393493652344,293.779541015625,286.1865234375,272.5107421875,226.1714630126953,-4.99786376953125,-3.821334838867187,-6.892333984375,-17.111190795898438,-0.3615264892578125,1.0410919189453125,1.74237060546875,-5.261138916015625,13.066709363116534,88.1120834350586,5.010922436161649,3.9606151459632306,7.109157691243886,17.901743857715466,4.008063115179539e-05,-12.113327026367188,-4.8996124267578125,-157.9775961215113,31.289756774902344,3.674530029296875,27.61522674560547,21.268798828125,7.593017578125,13.67578125,-9.926967322826387e-06,5.000759847462177e-05
1990-003,1990-08-15 18:00:00,21.5,82.5,0,27.0,995.0,,0.0,27.0,0.0,27.0,0.0,27.0,0.0,1,1,,,,,0,5.1336828619241714e-06,7.973751053214073e-06,-1.8843216821551323e-05,-1.366776996292174e-05,99.7109375,93.29879760742188,74.58332824707031,106.85968780517578,293.35546875,285.742431640625,272.0616455078125,225.99476623535156,-10.546371459960938,-9.402206420898438,-11.715011596679688,-12.687179565429688,-0.3957672119140625,-0.796722412109375,2.1575164794921875,-2.76812744140625,3.195489383946835,89.19768778483073,10.55379470415759,9.435902298304132,11.912026446814997,12.98564803378418,-1.880145282484591e-05,-2.14080810546875,-2.3723602294921875,-132.06296420545837,25.127609252929688,6.412139892578125,18.715469360351562,21.2938232421875,7.613037109375,13.6807861328125,-2.3976899683475494e-05,5.175446858629583e-06
1990-003,1990-08-16 00:00:00,21.5,81.5,0,27.0,995.0,,0.0,27.0,0.0,27.0,0.0,27.0,0.0,1,1,,,,,0,-3.6081764847040176e-06,2.394896000623703e-06,6.668269634246826e-06,-1.2229196727275848e-05,100.80887603759766,86.71324157714844,42.54735565185547,27.43960189819336,292.75146484375,285.455078125,272.4403076171875,225.2789764404297,-10.245025634765623,-8.669479370117188,-10.454452514648438,-18.780929565429688,-1.421600341796875,-1.1479949951171875,1.1391143798828125,-4.9725189208984375,9.24503535249784,76.68982442220052,10.343186055988829,8.74515666284496,10.516328206721909,19.428053421800236,-8.62102024257183e-06,-8.535903930664064,-3.5509185791015625,-157.41278935375007,58.26152038574219,14.095634460449219,44.16588592529297,20.3111572265625,7.29638671875,13.0147705078125,1.0276446118950844e-05,-1.8897466361522675e-05
1990-004,1990-08-20 06:00:00,20.0,88.5,0,27.0,996.0,,,,,,,,,1,1,,,,,0,6.8140216171741486e-06,9.98866744339466e-06,-7.462222129106522e-07,3.781681880354881e-05,91.46217346191406,67.01204681396484,66.74790954589844,16.41826629638672,293.787841796875,287.214111328125,272.217041015625,225.8553924560547,-9.617691040039062,-8.754196166992188,-15.860198974609377,-7.848602294921875,2.9239654541015625,5.871612548828125,4.467559814453125,2.028167724609375,1.9829595457960467,75.07404327392578,10.052340768120976,10.540957473291343,16.47740884392679,8.106418586712635,3.1002797186374664e-05,1.7690887451171875,-0.8957977294921875,-26.855880190858702,24.714263916015625,24.45012664794922,0.26413726806640625,21.57080078125,6.57373046875,14.9970703125,-7.560243830084801e-06,3.8563041016459465e-05
1990-004,1990-08-20 12:00:00,20.5,88.5,0,27.0,995.0,,0.0,27.0,0.0,,,,,1,1,,,,,0,3.307056613266468e-05,6.198184564709663e-06,-4.624016582965851e-07,5.284394137561321e-05,91.01204681396484,79.79113006591797,88.30575561523438,69.15709686279297,294.01611328125,286.017333984375,272.13525390625,225.71896362304688,-6.7149505615234375,-9.99273681640625,-11.679092407226562,-2.26055908203125,12.105377197265623,7.401443481445312,7.8703460693359375,-2.3597259521484375,15.135415837556668,86.36964416503906,13.843074735469083,12.435278633427972,14.083449389536954,3.267787314467822,1.9773375242948532e-05,4.4543914794921875,-14.46510314941406,-72.88428004955193,2.7062911987304688,11.220916748046875,-8.514625549316406,21.880859375,7.998779296875,13.882080078125,-3.3532967790961266e-05,5.33063430339098e-05
1990-004,1990-08-20 18:00:00,20.5,87.5,0,27.0,995.0,,0.0,27.0,0.0,27.0,0.0,,,1,1,,,,,0,-2.9430491849780083e-05,-7.899245247244835e-06,3.529363311827183e-05,-4.459335468709469e-05,95.99787902832033,77.58722686767578,74.1931381225586,47.756229400634766,293.77490234375,286.7314453125,273.18701171875,225.8529510498047,-11.498321533203123,-13.670989990234377,-11.845428466796877,-12.141632080078123,4.102508544921875,3.834808349609375,6.341552734375,0.7632293701171875,3.4006813827532985,82.59274800618489,12.208274834802813,14.198652132907627,13.436125432760027,12.165596929020445,-1.5162862837314606e-05,-0.643310546875,-3.3392791748046875,-100.90441294059956,21.804740905761733,18.410652160644545,3.3940887451171875,20.587890625,7.04345703125,13.54443359375,6.472412496805191e-05,-7.988698780536652e-05
1990-004,1990-08-21 00:00:00,20.5,86.0,0,27.0,991.0,,0.0,27.0,0.0,27.0,0.0,,,1,1,,,,,0,3.659655340015888e-05,-5.944631993770599e-06,1.7742160707712173e-05,6.739632226526737e-05,99.92809295654295,96.61859893798828,92.35243225097656,98.06187438964844,293.02490234375,285.11572265625,271.5126953125,226.39773559570312,-8.84625244140625,-12.412841796875,-16.6171875,-0.7932586669921875,-11.9215087890625,-8.79754638671875,-5.2162628173828125,1.5422210693359375,15.68829915671808,96.29970804850261,14.84515254434189,15.214317727085731,17.416667826830903,1.734273663370895,3.079976886510849e-05,8.052993774414062,13.463729858398438,59.11530005190362,7.575660705566392,3.3094940185546733,4.266166687011719,21.51220703125,7.9091796875,13.60302734375,-1.885439269244671e-05,4.96541615575552e-05
1990-004,1990-08-21 06:00:00,20.5,86.0,0,27.0,986.0,,0.0,27.0,0.0,27.0,0.0,27.0,0.0,1,1,,,,,0,2.1614599972963333e-05,7.658242247998714e-05,6.10831193625927e-06,0.0003383341245353,94.14328002929688,61.28545379638672,81.0349349975586,100.6574249267578,294.18310546875,288.25341796875,273.099609375,226.1557159423828,-6.210723876953125,-5.2678985595703125,-3.4712066650390625,-7.74774169921875,9.9830322265625,8.24639892578125,14.78546142578125,1.9894256591796875,8.14003499624343,78.82122294108073,11.757296607313311,9.785389643598721,15.18746671715454,7.9990821905525875,0.0003167195245623367,-1.537017822265625,-7.9936065673828125,-100.88404641190593,13.108345031738281,32.857826232910156,-19.749481201171875,21.08349609375,5.9296875,15.15380859375,-1.5506288036704063e-05,0.00033222581259904075
1990-004,1990-08-21 12:00:00,20.5,84.0,0,27.0,991.0,,0.0,27.0,0.0,27.0,0.0,27.0,0.0,1,1,,,,,0,-4.725693725049496e-05,0.0001333227846771,2.5364570319652557e-06,3.705359995365143e-05,100.57818603515624,97.59573364257812,90.31106567382812,96.5971221923828,293.513671875,286.4931640625,272.400390625,227.20021057128903,3.957443237304687,-1.5308074951171875,-7.2507476806640625,-6.1147003173828125,-9.31292724609375,-5.0713958740234375,7.282135009765625,-2.2698822021484375,12.29034414804059,96.16166178385417,10.118891780601468,5.297398200831131,10.276323867468827,6.522417127341037,8.431053720414639e-05,-10.0721435546875,7.0430450439453125,145.03645318012866,10.26712036132811,2.982452392578111,7.28466796875,21.11328125,7.0205078125,14.0927734375,4.979339428246021e-05,3.451714292168617e-05
1990-004,1990-08-21 18:00:00,20.5,83.0,0,27.0,996.0,,0.0,27.0,0.0,27.0,0.0,27.0,0.0,1,1,,,,,0,-3.561819903552532e-05,-0.000110906548798,0.0001489319838583,0.0003840578137896,100.13856506347656,99.68895721435548,98.8611831665039,108.50624084472656,293.218505859375,286.75390625,272.98193359375,227.18028259277344,4.8253021240234375,0.199127197265625,2.538421630859375,-4.5569000244140625,-9.767227172851562,-4.8038330078125,-0.8880615234375,4.8001251220703125,17.327246464412944,99.56290181477864,10.894139123133824,4.8079583200813785,2.6892819944038786,6.618650845907753,0.0004196760128251253,-9.3822021484375,14.567352294921875,122.78383510522639,1.2773818969726562,0.44960784912107954,0.8277740478515767,20.236572265625,6.464599609375,13.77197265625,0.00018455018289382532,0.0002351258299313
1990-004,1990-08-22 00:00:00,21.0,82.0,0,27.0,994.0,,0.0,27.0,0.0,27.0,0.0,27.0,0.0,1,1,,,,,0,-0.0001525408588349,0.0001259252894669,-8.585629984736443e-05,6.817595567554235e-05,99.96691131591795,100.60783386230467,96.67713928222656,102.96448516845705,292.519287109375,286.1982421875,272.76611328125,226.43362426757812,-10.506179809570312,-7.784072875976563,-10.333740234375,4.1364898681640625,-12.167373657226562,-0.1392669677734375,8.0015869140625,-1.7194671630859375,17.98795500888157,99.0839614868164,16.075596284604618,7.785318607920093,13.069490440519742,4.479633439730839,0.00022071681451044236,14.642669677734375,10.447906494140625,35.50879521677105,3.289772033691392,-0.6409225463867188,3.930694580078111,19.753173828125,6.321044921875,13.43212890625,6.668455898753558e-05,0.00015403225552290678
1990-004,1990-08-22 06:00:00,21.5,81.0,0,27.0,996.0,,0.0,27.0,0.0,27.0,0.0,27.0,0.0,1,1,,,,,0,-2.1123094484210014e-05,7.139844819903374e-05,2.754293382167816e-05,7.315818220376968e-05,100.3169174194336,98.24188232421876,71.61158752441406,99.93399047851562,292.56494140625,285.9248046875,273.82763671875,226.11915588378903,-16.816452026367188,-13.478591918945312,-11.451873779296877,-5.4749298095703125,-4.6898651123046875,-2.751007080078125,8.6651611328125,-5.1210479736328125,11.349715628772389,90.05679575602214,17.45817554977386,13.756470480181239,14.360725278151927,7.496665176461488,9.42812766879797e-05,11.341522216796875,-0.431182861328125,-2.1772267739789744,28.70532989501953,2.0750350952148295,26.6302947998047,18.7373046875,6.64013671875,12.09716796875,4.8666028305888176e-05,4.561524838209152e-05
1990-004,1990-08-22 12:00:00,21.5,80.5,0,27.0,994.0,,0.0,27.0,0.0,27.0,0.0,27.0,0.0,1,1,,,,,0,2.5555724278092384e-05,1.2031523510813711e-05,1.5856465324759483e-05,3.3071497455239296e-05,100.77213287353516,90.32357788085938,48.72774887084961,99.45026397705078,293.052001953125,286.276611328125,275.44921875,226.3835601806641,-9.248550415039062,-5.3172607421875,-5.15350341796875,0.2039337158203125,3.1460418701171875,3.17950439453125,11.30926513671875,-1.793060302734375,10.665091960129333,79.94115320841472,9.768995046986648,6.19536197451383,12.428116325960977,1.8046202397430238,7.515773177146912e-06,9.452484130859375,-4.9391021728515625,-27.58792100357742,52.04438400268555,10.448554992675781,41.595829010009766,17.602783203125,6.775390625,10.827392578125,-9.699258953332901e-06,1.7215032130479813e-05
1990-004,1990-08-22 18:00:00,22.0,79.0,0,27.0,995.0,,0.0,27.0,0.0,27.0,0.0,27.0,0.0,1,1,,,,,0,-4.6496279537677765e-05,-3.772322088479996e-06,2.440554089844227e-05,4.5173801481723785e-06,99.70171356201172,90.22650909423828,67.96637725830078,54.66339111328125,293.187744140625,285.84375,273.01318359375,225.78656005859375,-9.2943115234375,-6.8494110107421875,-6.6204986572265625,-4.279296875,-10.364349365234377,-8.429733276367188,0.7772369384765625,-3.07470703125,8.848121680981782,85.9648666381836,13.921349232719411,10.861622084420384,6.665965776155105,5.269364769343925,5.1013659685850143e-05,5.0150146484375,7.289642333984377,55.47341154085204,31.735336303710938,9.475204467773438,22.2601318359375,20.174560546875,7.343994140625,12.83056640625,7.090182043612003e-05,-1.988816075026989e-05
1990-004,1990-08-23 00:00:00,22.5,77.5,0,27.0,995.0,,0.0,27.0,0.0,27.0,0.0,27.0,0.0,1,1,,,,,0,2.813246101140976e-05,-5.708308890461922e-06,8.320668712258339e-06,-4.630000330507755e-05,99.81997680664062,94.53654479980467,76.89043426513672,93.36978149414062,292.544677734375,285.38525390625,271.337646484375,225.9811859130859,-7.4333648681640625,-7.848846435546875,-14.679946899414062,-1.504119873046875,-7.766845703125,-8.875625610351562,-3.7094879150390625,0.03271484375,9.797402254500488,90.41565195719402,10.750758365780854,11.848253894305499,15.141371852029703,1.504475607477946,-7.443246431648731e-05,5.9292449951171875,7.799560546875,52.75781428527476,22.929542541503906,5.283432006835952,17.646110534667955,21.20703125,7.159423828125,14.047607421875,-1.981179229915142e-05,-5.462067201733589e-05
1990-004,1990-08-23 06:00:00,23.0,77.5,0,27.0,996.0,,0.0,27.0,0.0,27.0,0.0,27.0,0.0,1,1,,,,,0,-3.42449638992548e-05,4.829559475183487e-05,7.025664672255516e-06,1.8570804968476295e-05,96.07258605957033,97.01403045654295,82.71929931640625,24.998241424560547,292.867431640625,285.750244140625,272.707763671875,226.15505981445312,-8.5546875,-10.82183837890625,-13.4910888671875,-3.7596588134765625,-5.3613128662109375,-3.3715972900390625,6.6443023681640625,0.37640380859375,7.477545903898848,91.93530527750652,10.095858253365842,11.334895420133659,15.038491705684486,3.778453945845559,5.2815768867731094e-05,4.7950286865234375,5.7377166748046875,50.114384863767434,13.353286743164077,-0.9414443969726278,14.294731140136705,20.15966796875,7.1171875,13.04248046875,4.1270628571510315e-05,1.154514029622078e-05
1990-004,1990-08-23 12:00:00,23.5,77.0,0,27.0,994.0,,0.0,27.0,0.0,27.0,0.0,27.0,0.0,1,1,,,,,0,-5.3741736337542534e-05,1.2855278328061104e-05,-1.9935891032218933e-05,4.7439709305763245e-05,96.098876953125,99.53272247314452,67.70513153076172,39.165000915527344,294.12255859375,286.495849609375,272.954345703125,226.369140625,-8.646209716796875,-10.90240478515625,-9.08660888671875,-10.654129028320312,0.135101318359375,-2.5770721435546875,6.254913330078125,0.012298583984375,2.011671064850994,87.77891031901042,8.64726516495563,11.202844769632552,11.031337263767488,10.654136126747469,0.00010118144564330578,-2.0079193115234375,-0.122802734375,-176.50019535448317,28.39374542236328,-3.433845520019517,31.8275909423828,21.168212890625,7.626708984375,13.54150390625,3.38058453053236e-05,6.737560033798218e-05
1990-005,1990-09-03 06:00:00,22.5,88.2,0,27.0,995.0,,,,,,,,,1,1,,,,,0,2.4551991373300552e-05,5.968846380710602e-06,-3.475579433143139e-05,-8.630100637674332e-06,99.3232650756836,94.3825454711914,92.97293090820312,85.28412628173828,292.480712890625,285.19140625,271.609130859375,225.2069854736328,-4.7080230712890625,-3.80743408203125,-6.5319366455078125,-13.333633422851562,-5.7195587158203125,-5.27197265625,-3.602203369140625,0.6926727294921875,10.747923801611016,95.55958048502605,7.408024915151555,6.503095415051268,7.459360927959977,13.3516132270661,-3.3182092010974884e-05,-8.6256103515625,6.4122314453125,143.37308973814382,6.350334167480469,4.9407196044921875,1.4096145629882812,20.87158203125,7.289306640625,13.582275390625,-5.930778570473194e-05,2.6125693693757057e-05
1990-005,1990-09-03 12:00:00,22.5,87.0,0,27.0,995.0,,0.0,27.0,0.0,,,,,1,1,,,,,0,6.088288500905037e-06,-2.531684003770351e-05,-9.772134944796562e-06,-2.7061905711889267e-05,97.8043975830078,92.41118621826172,97.53736877441406,69.84188079833984,292.38427734375,284.64453125,271.559814453125,225.44297790527344,2.784942626953125,0.2451934814453125,-4.697265625,-13.387603759765623,-5.9954833984375,-9.043960571289062,-10.730087280273438,-2.3130950927734375,16.58647763282672,95.9176508585612,6.6107281457007625,9.04728371713712,11.713200988375998,13.585961259208094,-3.3150194212794304e-05,-16.17254638671875,3.6823883056640625,167.17279608607572,0.2670288085937358,5.3932113647460795,-5.126182556152344,20.824462890625,7.73974609375,13.084716796875,-1.58604234457016e-05,-1.7289770767092705e-05
1990-005,1990-09-03 18:00:00,22.5,86.0,0,27.0,996.0,,0.0,27.0,0.0,27.0,0.0,,,1,1,,,,,0,2.0918436348438263e-05,-4.1424063965678215e-05,4.061078652739525e-05,-4.51807864010334e-06,100.59288024902344,97.58056640625,89.54507446289062,70.27566528320312,292.144775390625,284.483642578125,271.5189208984375,225.272216796875,4.584716796875,2.412933349609375,-6.74444580078125,-16.430252075195312,-8.741455078125,-7.842605590820312,-5.3328399658203125,-4.2787628173828125,21.483587663799835,95.90617370605469,9.870798599425738,8.205407351425226,8.598065553409455,16.97825063137771,-2.5436514988541603e-05,-21.014968872070312,4.4626922607421875,168.01089713631998,11.047805786132812,3.0123138427734375,8.035491943359375,20.6258544921875,7.6611328125,12.9647216796875,1.9692350178956985e-05,-4.512886516749859e-05
1990-006,1990-10-06 18:00:00,18.0,90.0,0,27.0,1002.0,,,,,,,,,1,1,,,,,0,-2.813059836626053e-05,7.91042111814022e-06,2.748146653175354e-05,-2.6183435693383217e-05,82.99224853515625,89.0111312866211,91.79254913330078,92.698486328125,292.126953125,283.38916015625,269.482421875,221.69273376464844,6.5672149658203125,2.8254852294921875,3.6673431396484375,-3.830978393554687,6.1373443603515625,4.4809112548828125,3.51739501953125,-1.760833740234375,13.057704332980038,87.93197631835938,8.98862104022822,5.297351456738922,5.081483388475229,4.216269786509235,1.9471626728773117e-06,-10.398193359375,-7.8981781005859375,-142.78070796347995,-8.800300598144531,-6.018882751464844,-2.7814178466796875,22.64453125,8.73779296875,13.90673828125,5.561206489801407e-05,-5.366490222513676e-05
1990-006,1990-10-07 00:00:00,20.0,88.5,0,33.0,1000.0,,6.0,27.0,6.0,,,,,1,1,,,,,0,1.5960074961185455e-05,-2.1802959963679314e-05,-8.749775588512421e-07,-2.1094223484396935e-05,86.72450256347656,92.03632354736328,98.8479995727539,65.81196594238281,292.2568359375,283.257080078125,270.433349609375,222.28025817871097,-4.007904052734375,-5.6685791015625,-7.8974761962890625,-7.1793365478515625,0.1338958740234375,1.222015380859375,-2.871246337890625,2.6487579345703125,4.047531995508288,92.53627522786458,4.0101400226183035,5.798802516186251,8.40322472648463,7.6523716495780825,-3.705429844558239e-05,-3.1714324951171875,2.514862060546875,141.58651399955002,-12.123497009277344,-5.311820983886719,-6.811676025390625,21.823486328125,8.999755859375,12.82373046875,-1.6835052520036697e-05,-2.0219245925545692e-05
1990-006,1990-10-07 06:00:00,20.5,88.0,0,33.0,1000.0,,0.0,33.0,0.0,27.0,6.0,,,1,1,,,,,0,1.6755424439907074e-05,-7.648696191608906e-05,2.483278512954712e-05,1.9317958503961563e-06,80.96783447265625,94.91608428955078,96.35939025878906,65.43158721923828,292.4560546875,283.355712890625,270.131103515625,223.2041473388672,-6.5042724609375,-5.0352325439453125,-6.876922607421875,-4.94140625,0.2976226806640625,0.195556640625,-3.2201690673828125,1.5109100341796875,1.9785391063840736,90.74776967366536,6.511078213794979,5.039028594014775,7.593520485980082,5.167237642969784,-1.4823628589510918e-05,1.5628662109375,1.213287353515625,37.822974596132624,-15.391555786132812,-13.948249816894531,-1.4433059692382812,22.324951171875,9.100341796875,13.224609375,8.077360689640045e-06,-2.2900989279150963e-05
1990-006,1990-10-07 12:00:00,21.0,87.5,0,27.0,998.0,,-6.0,33.0,-6.0,33.0,-6.0,,,1,1,,,,,0,-2.37366184592247e-05,3.132643178105354e-05,1.2795906513929369e-05,-2.495967783033848e-05,86.42619323730469,89.6584243774414,88.27897644042969,68.98088073730469,292.0693359375,284.104736328125,270.680419921875,223.48960876464844,-3.84307861328125,-4.0168304443359375,-8.365463256835938,3.3240966796875,-3.79486083984375,-4.112884521484375,-5.6563720703125,6.5870208740234375,12.615540797003971,88.12119801839192,5.400946400552346,5.748977813977873,10.098292949765492,7.378242523171081,-1.2230593711137805e-06,7.16717529296875,10.381881713867188,55.380579537708655,-1.852783203125,-3.2322311401367188,1.3794479370117188,21.388916015625,7.964599609375,13.42431640625,3.653252497315407e-05,-3.775558434426785e-05
1990-007,1990-10-31 12:00:00,10.5,87.5,0,27.0,1004.0,,,,,,,,,1,1,,,,,0,-9.084586054086683e-06,-3.274879418313503e-05,3.8522761315107346e-05,2.3538435925729573e-05,96.0019989013672,81.83650970458984,96.2511978149414,95.25379180908205,290.4189453125,283.167724609375,269.43115234375,220.8907012939453,-3.6284027099609375,-6.2797393798828125,-7.27020263671875,-7.96661376953125,1.9781494140625,4.541900634765625,2.967010498046875,3.606155395507813,4.633624787679715,91.36323547363281,4.132599826986359,7.750096002975406,7.852324348527169,8.744786543388868,3.262302197981626e-05,-4.3382110595703125,1.628005981445313,159.43032949600578,-0.24919891357420454,14.165489196777358,-14.414688110351562,20.98779296875,7.251220703125,13.736572265625,4.760734736919403e-05,-1.4984325389377773e-05
1990-007,1990-10-31 18:00:00,10.5,87.0,0,27.0,1004.0,,0.0,27.0,0.0,,,,,1,1,,,,,0,3.6885030567646022e-06,2.0585954189300537e-05,7.3821283876895905e-06,-5.0910646677948534e-05,87.69023132324219,80.2625732421875,94.25564575195312,64.13633728027344,291.09619140625,283.05859375,269.124755859375,220.1631317138672,-0.50164794921875,-1.130706787109375,-7.1152801513671875,-7.693878173828125,1.8780364990234375,5.0165252685546875,1.9080657958984375,2.53900146484375,7.222537662748908,87.40281677246094,1.943880592171131,5.142375288566839,7.3666767754474884,8.101992951872244,-5.459914973471314e-05,-7.192230224609375,0.6609649658203125,174.74927443520718,-6.5654144287109375,7.4276580810546875,-13.993072509765625,21.971435546875,8.03759765625,13.933837890625,3.6936253309249882e-06,-5.8292775065638125e-05
1990-007,1990-11-01 00:00:00,12.0,86.5,0,27.0,1003.0,,0.0,27.0,0.0,27.0,0.0,,,1,1,,,,,0,-1.0011252015829086e-05,-7.432885468006134e-06,1.966371200978756e-05,-3.669224679470062e-05,91.33380126953124,76.30255126953125,87.36634826660156,98.99175262451172,291.1650390625,283.39453125,269.169677734375,220.42616271972656,-5.1692962646484375,-0.8452911376953125,-6.7193756103515625,-8.06707763671875,-0.41497802734375,3.0054168701171875,5.64892578125,-0.54437255859375,2.900668858217895,85.00090026855469,5.18592620800628,3.122026212358126,8.778403674647137,8.085424112524814,-2.6680994778871536e-05,-2.8977813720703125,-0.12939453125,-177.443271915023,3.9674530029296733,15.031249999999986,-11.063796997070312,21.995361328125,7.7705078125,14.224853515625,2.9674964025616646e-05,-5.635595880448818e-05
1990-007,1990-11-01 06:00:00,13.5,86.0,0,27.0,1003.0,,0.0,27.0,0.0,27.0,0.0,,,1,1,,,,,0,4.568835720419884e-06,1.420639455318451e-05,1.4776363968849182e-05,3.273366019129753e-06,99.69965362548828,81.34561920166016,94.50971221923828,101.28018951416016,290.575927734375,283.800048828125,269.192138671875,221.88140869140625,-7.319717407226563,-5.715789794921875,-2.4372406005859375,-10.114303588867188,-0.0085906982421875,-0.8259124755859375,6.3148193359375,-1.972198486328125,3.4154747066913664,91.8516616821289,7.319722448409629,5.775152326740962,6.768831877855634,10.304790340285756,-1.2954697012901306e-06,-2.794586181640624,-1.9636077880859375,-144.9063171732091,5.18994140625,18.354034423828125,-13.164093017578125,21.3837890625,6.77587890625,14.60791015625,1.0207528248429298e-05,-1.1502997949719429e-05
1990-007,1990-11-01 12:00:00,14.0,86.5,0,27.0,1002.0,,0.0,27.0,0.0,27.0,0.0,27.0,0.0,1,1,,,,,0,1.0918360203504562e-05,-5.261413753032684e-05,-2.8256559744477272e-05,1.4492776244878767e-05,86.6372299194336,91.81233978271484,93.64601135253906,100.37709045410156,292.25341796875,283.5546875,269.908447265625,222.0542449951172,-1.9199066162109375,-3.763839721679687,2.420013427734375,-6.85430908203125,0.85430908203125,0.0577545166015625,4.9749298095703125,1.522003173828125,4.979371757050686,90.69852701822917,2.101400823881919,3.7642828048224146,5.532304366226246,7.021256771629917,3.574416041374205e-06,-4.9344024658203125,0.667694091796875,172.29388004091962,-7.008781433105469,-5.17510986328125,-1.8336715698242188,22.344970703125,8.69873046875,13.646240234375,-3.9174919947981834e-05,4.274933598935604e-05
1990-007,1990-11-01 18:00:00,16.0,85.5,0,33.0,1001.0,,6.0,27.0,6.0,27.0,6.0,27.0,6.0,1,1,,,,,0,-4.4476473703980446e-05,-7.665855810046196e-05,5.0988513976335526e-05,2.8662383556365967e-05,100.15476989746094,99.9848175048828,99.89488220214844,100.67051696777344,290.78076171875,282.622314453125,270.00341796875,221.42510986328125,-11.4873046875,-9.05810546875,-11.01873779296875,-10.621231079101562,-9.840896606445312,-5.4434356689453125,-0.9543914794921876,-1.6492156982421875,8.23733692384765,100.01148986816406,15.12618309429733,10.567888462930746,11.059993021983564,10.74850975972955,7.313885726034641e-05,0.8660736083984375,8.191680908203125,83.9647673541741,0.2598876953125,0.1699523925781392,0.08993530273436079,20.77734375,8.158447265625,12.618896484375,9.546498768031597e-05,-2.232613041996956e-05
1990-007,1990-11-02 00:00:00,16.0,85.0,0,33.0,1001.0,,0.0,33.0,0.0,27.0,6.0,27.0,6.0,1,1,,,,,0,3.2685697078704834e-05,2.714875154197216e-05,-0.000132658984512,4.724878817796707e-05,85.43879699707031,65.33558654785156,96.58169555664062,98.80156707763672,291.983154296875,283.9716796875,269.508056640625,221.4149169921875,-9.777267456054688,0.0708160400390625,6.5559539794921875,-4.297698974609375,-17.358551025390625,-3.5805816650390625,9.136627197265623,3.5856475830078125,21.649136844015004,82.4520263671875,19.922706959856534,3.5812818894274043,11.245376344215133,5.597060395054554,1.4563091099262238e-05,5.4795684814453125,20.944198608398438,75.33849926970815,-11.142898559570312,20.10321044921875,-31.246109008789062,22.47509765625,8.011474609375,14.463623046875,-0.00016534468159070482,0.00017990777268996706
1990-007,1990-11-02 06:00:00,17.0,84.5,0,33.0,1001.0,,0.0,33.0,0.0,33.0,0.0,27.0,6.0,1,1,,,,,0,-9.49802342802286e-05,-0.000293968943879,0.0002217600122094,-2.666260115802288e-05,98.39520263671876,93.56267547607422,102.16412353515624,100.1328125,291.29296875,284.050537109375,269.768798828125,221.4710693359375,-21.13348388671875,-17.955337524414062,-14.994537353515623,0.994781494140625,-14.539321899414062,-8.021682739257812,1.8130340576171875,7.464935302734375,31.206529185156764,98.04066721598308,25.6518229856083,19.665745335098247,15.103749300754934,7.530926191053435,6.831763312220572e-05,22.128265380859375,22.004257202148438,44.83900474865773,-3.7689208984374716,4.8325271606445455,-8.601448059082017,21.524169921875,7.242431640625,14.28173828125,0.0003167402464896286,-0.0002484226133674229
1990-007,1990-11-02 12:00:00,17.0,84.5,0,33.0,1002.0,,0.0,33.0,0.0,33.0,0.0,27.0,6.0,1,1,,,,,0,1.2894626706838608e-05,1.8174294382333755e-05,-4.3539563193917274e-05,-2.0209932699799538e-05,96.27863311767578,84.59513092041016,95.43720245361328,105.12923431396484,291.33837890625,283.932373046875,269.642822265625,222.70814514160156,-9.880722045898438,-7.838516235351563,-2.918609619140625,-2.7797393798828125,-2.912322998046875,-1.08135986328125,3.4110107421875,6.124114990234375,11.49265706175499,92.10365549723308,10.300985069072576,7.912754003871578,4.489240068459105,6.725454291992821,-3.3104559406638145e-05,7.100982666015625,9.03643798828125,51.83915024460097,0.8414306640625,11.683502197265625,-10.842071533203125,21.695556640625,7.406005859375,14.28955078125,-5.643418990075588e-05,2.3329630494117737e-05
1990-007,1990-11-02 18:00:00,17.5,84.0,0,33.0,1003.0,,0.0,33.0,0.0,33.0,0.0,33.0,0.0,1,1,,,,,0,-2.1607615053653717e-05,1.2118136510252953e-05,-4.368484951555729e-05,-2.6812776923179623e-05,92.12580108642578,84.19078063964844,81.85212707519531,105.7905502319336,292.332763671875,284.284423828125,269.841552734375,221.6681671142578,-8.839645385742188,-7.0321502685546875,-6.368194580078125,0.013092041015625,-0.2489166259765625,0.771820068359375,9.3720703125,7.049957275390625,11.473644589892857,86.05623626708984,8.84314932772034,7.074379380373662,11.330913650371723,7.049969431591258,-5.205161869525906e-06,8.852737426757812,7.2988739013671875,39.504779288902526,10.273674011230469,7.935020446777344,2.338653564453125,22.4912109375,8.04833984375,14.44287109375,-2.2077234461903572e-05,1.6872072592377666e-05
1990-007,1990-11-03 00:00:00,18.0,84.5,0,33.0,1001.0,,0.0,33.0,0.0,33.0,0.0,33.0,0.0,1,1,,,,,0,4.8554036766290665e-05,-8.663395419716835e-06,2.9015354812145233e-05,4.719709977507591e-05,95.06702423095705,85.42117309570312,77.36792755126953,103.5407257080078,291.76025390625,284.142578125,270.36376953125,221.5504150390625,-8.923583984375,-7.390060424804688,-1.5410308837890625,0.285675048828125,2.7000274658203125,5.59173583984375,8.113128662109375,8.621002197265625,10.948442524443704,85.95204162597656,9.323116401846438,9.26717339779814,8.258185810014956,8.625734120570938,-1.3569369912147522e-06,9.209259033203125,5.9209747314453125,32.73846964715073,17.699096679687514,9.64585113525392,8.053245544433594,21.396484375,7.61767578125,13.77880859375,-1.953868195414543e-05,1.818174496293068e-05
1990-007,1990-11-03 06:00:00,17.5,84.5,0,33.0,1001.0,,0.0,33.0,0.0,33.0,0.0,33.0,0.0,1,1,,,,,0,-9.356532245874403e-06,2.892129123210907e-05,-9.318278171122074e-05,7.449346594512463e-05,95.1640625,96.34577941894533,74.77267456054688,103.90032958984376,292.383056640625,284.796630859375,271.20068359375,221.6754150390625,-7.42584228515625,-6.791717529296875,0.81451416015625,-4.3849334716796875,-0.136566162109375,2.6674652099609375,6.074859619140625,14.309524536132812,14.7626780386798,88.76083882649739,7.42709795011806,7.296766245681055,6.129221215567311,14.966299943581374,8.384999819099903e-05,3.0409088134765625,14.446090698242188,78.11276023335944,20.391387939453125,-1.1817169189453267,21.57310485839845,21.182373046875,7.58642578125,13.595947265625,-8.382624946534634e-05,0.00016767624765634537
1990-010,1990-12-14 12:00:00,8.0,88.0,0,27.0,,,,,,,,,,1,1,,,,,0,-3.710342571139336e-05,-2.660299651324749e-05,-6.86347484588623e-05,3.821752034127712e-05,97.3068389892578,77.56320190429688,100.37689208984376,100.96106719970705,290.08349609375,282.02197265625,268.86944580078125,219.3772125244141,-8.786148071289062,-6.877593994140625,-7.4600067138671875,-8.017868041992188,0.80340576171875,4.7554168701171875,3.808868408203125,8.2501220703125,7.48624324905974,91.74897766113281,8.822803338428178,8.361536267746157,8.376107611650612,11.504378388850787,7.532094605267048e-05,0.768280029296875,7.44671630859375,84.10961697945784,-3.070053100585966,19.743637084960923,-22.81369018554689,21.21405029296875,8.0615234375,13.15252685546875,-3.153132274746894e-05,0.00010685226880013943
1990-010,1990-12-14 18:00:00,8.5,87.5,0,27.0,,,0.0,27.0,0.0,,,,,1,1,,,,,0,5.197012796998024e-06,-5.701789632439613e-06,2.0984793081879616e-05,-6.300397217273712e-07,88.57722473144531,82.11341094970703,99.85505676269533,99.9726791381836,290.822998046875,281.9228515625,269.2070617675781,219.00086975097656,-9.006820678710938,-7.9999847412109375,-1.8960723876953125,-8.349853515625,4.11767578125,2.6407470703125,3.87554931640625,3.427520751953125,0.9528482659043648,90.18189748128255,9.903437412229541,8.424565327004823,4.314507272363503,9.025959906706017,-5.827052518725395e-06,0.6569671630859375,-0.690155029296875,-46.41126032432616,-11.277832031250014,6.463813781738281,-17.741645812988295,21.615936279296875,8.900146484375,12.715789794921875,1.5787780284881592e-05,-2.1614832803606987e-05
1990-010,1990-12-15 00:00:00,9.0,87.0,0,33.0,,,6.0,27.0,6.0,27.0,6.0,,,1,1,,,,,0,-1.0685529559850693e-05,-4.9263471737504005e-05,3.725872375071049e-05,2.1433457732200623e-05,95.12113189697266,83.33900451660156,96.06922912597656,81.02137756347656,289.777587890625,282.277587890625,268.98687744140625,219.38194274902344,-1.0896148681640625,-0.430877685546875,1.7679901123046875,-8.039321899414062,-0.3106689453125,4.2219390869140625,4.224700927734375,4.0041961669921875,8.180249920240202,91.5097885131836,1.1330382846602176,4.243869134824374,4.5797256430933535,8.981329720378461,3.2118987292051315e-05,-6.94970703125,4.3148651123046875,148.16509173318417,-0.9480972290039062,11.782127380371094,-12.730224609375,20.79071044921875,7.5,13.29071044921875,4.794425331056118e-05,-1.5825266018509865e-05
1990-010,1990-12-15 06:00:00,9.8,86.5,0,33.0,,,0.0,33.0,0.0,27.0,6.0,,,1,1,,,,,0,9.417068213224413e-06,2.324022352695465e-05,-1.775030978024006e-05,-3.354530781507492e-05,78.36385345458984,83.82353210449219,91.0561981201172,91.6232452392578,291.389404296875,281.766357421875,268.8008117675781,219.18296813964844,2.0095672607421875,2.5359039306640625,0.9817352294921876,-8.926467895507812,-2.662384033203125,3.984085083007813,11.355926513671877,2.546234130859375,12.113074263692836,84.4145278930664,3.3356632497453633,4.722683844404876,11.398283688553377,9.282517834008447,-4.296237602829933e-05,-10.93603515625,5.2086181640625,154.53245960567702,-12.692344665527358,-5.459678649902344,-7.232666015625014,22.588592529296875,9.623046875,12.965545654296875,-2.716737799346447e-05,-1.5794998034834862e-05
1990-010,1990-12-15 12:00:00,10.5,86.0,0,33.0,,,0.0,33.0,0.0,33.0,0.0,27.0,6.0,1,1,,,,,0,-8.768169209361076e-06,1.3434328138828278e-05,-1.070578582584858e-05,2.9471542802639306e-05,81.55648803710938,82.029052734375,86.1695785522461,65.75792694091797,291.66650390625,280.760009765625,269.59002685546875,220.57127380371097,1.529754638671875,2.3085784912109375,9.533981323242188,-6.57012939453125,3.609329223632813,0.421630859375,-0.1620025634765625,0.9467315673828124,8.526285687824853,83.25170644124348,3.9201284033954757,2.3467652698254824,9.535357607478801,6.637989222766386,3.823971201200038e-05,-8.099884033203125,-2.6625976562500004,-161.80324746903426,-4.613090515136719,-0.472564697265625,-4.140525817871094,22.07647705078125,10.906494140625,11.16998291015625,-1.937616616487503e-06,4.0177328628487885e-05
1990-010,1990-12-15 18:00:00,11.0,85.5,0,35.0,,,2.0,33.0,2.0,33.0,2.0,27.0,8.0,1,1,,,,,0,7.843133062124252e-06,-5.5622076615691185e-05,4.093232564628124e-05,-7.839803583920002e-05,91.47502136230467,82.3127212524414,96.45697021484376,94.56951141357422,290.873291015625,282.633056640625,268.847900390625,219.09442138671875,5.400299072265625,3.1073455810546875,9.265823364257812,-1.910247802734375,1.6199188232421875,-3.718109130859375,-5.997100830078125,3.53741455078125,7.557836031345403,90.08157094319661,5.63802865049543,4.8456095663063845,11.037241547766802,4.020242327513407,-8.624116890132427e-05,-7.310546875,1.9174957275390625,165.3028623149649,-4.981948852539091,9.162300109863267,-14.144248962402358,22.025390625,8.240234375,13.78515625,3.308919258415699e-05,-0.00011933036148548126
1990-010,1990-12-16 00:00:00,12.0,85.0,0,35.0,,,0.0,35.0,0.0,33.0,2.0,33.0,2.0,1,1,,,,,0,-6.298767402768135e-06,-2.7943868190050125e-05,3.547314554452896e-05,-4.4254120439291e-05,97.70652770996094,86.93702697753906,98.25466918945312,86.6082534790039,289.730224609375,282.630859375,268.6973876953125,220.07925415039065,1.413909912109375,-1.4635009765625,1.4728851318359375,-8.355484008789062,-8.3668212890625,-8.722091674804688,-7.2631378173828125,11.370590209960938,22.022862444820156,94.29940795898438,8.485448704851771,8.844021613050062,7.410975749918477,14.110437085504802,-3.7955353036522865e-05,-9.769393920898438,19.737411499023438,116.33395326814282,-0.5481414794921875,10.769500732421875,-11.317642211914062,21.0328369140625,7.099365234375,13.9334716796875,4.1771912947297096e-05,-7.972726598381996e-05
1990-010,1990-12-16 06:00:00,13.0,85.5,0,35.0,,,0.0,35.0,0.0,35.0,0.0,33.0,2.0,1,1,,,,,0,7.877126336097717e-06,-9.678304195404053e-06,1.5801051631569862e-05,-2.907123416662216e-06,90.1963119506836,85.82080078125,86.48036193847656,96.36547088623048,290.789306640625,282.91943359375,269.4959716796875,219.6019592285156,-0.663116455078125,-0.3703765869140625,-1.1492919921875,-3.4619598388671875,-1.8584442138671875,-1.0364532470703125,0.4856109619140625,-2.9123687744140625,2.9906991266765255,87.49915822347005,1.973205090468755,1.1006426075237612,1.2476738715054563,4.524053249477883,-1.0784249752759933e-05,-2.7988433837890625,-1.053924560546875,-159.36577492066667,3.7159500122070312,4.375511169433594,-0.6595611572265625,21.2933349609375,7.869873046875,13.4234619140625,7.923925295472145e-06,-1.870817504823208e-05
1990-010,1990-12-16 12:00:00,14.0,85.5,0,45.0,,,10.0,35.0,10.0,35.0,10.0,33.0,12.0,1,1,,,,,0,-6.139744073152542e-07,-8.599832653999329e-06,1.7910264432430267e-05,2.5019515305757523e-05,93.6234893798828,87.88424682617188,93.28166961669922,103.34701538085938,290.736328125,283.272216796875,269.6513671875,221.50003051757812,-1.260101318359375,1.5333251953125,-0.2252044677734375,-10.156982421875,-4.093475341796875,-3.85247802734375,2.83538818359375,-3.365478515625,8.926615974097336,91.59646860758464,4.283035804943741,4.146404841033556,2.8443177044711763,10.700034465244082,2.5633489713072777e-05,-8.896881103515625,0.727996826171875,175.32213312193522,0.34181976318357954,5.739242553710923,-5.397422790527344,21.0849609375,7.464111328125,13.620849609375,1.852423883974552e-05,7.109250873327255e-06
1990-010,1990-12-16 18:00:00,14.5,86.0,0,45.0,,,0.0,45.0,0.0,35.0,10.0,35.0,10.0,1,1,,,,,0,-9.923940524458883e-06,-9.435229003429413e-06,-1.2046191841363909e-05,2.730585401877761e-05,94.51703643798828,85.21990203857422,91.2499542236328,105.7183837890625,290.786865234375,283.4404296875,269.23681640625,220.77145385742188,2.2826080322265625,0.891693115234375,1.0266265869140625,-3.04022216796875,8.099334716796875,7.385330200195312,8.004379272460938,10.267715454101562,5.74755568585684,90.32896423339844,8.41483940925175,7.438966243885861,8.069947316207282,10.708358019650102,3.7229794543236494e-05,-5.3228302001953125,2.1683807373046875,157.83531329552113,3.267082214355483,9.297134399414062,-6.0300521850585795,21.550048828125,7.346435546875,14.20361328125,-2.122251316905025e-06,3.9352045860141516e-05
1990-010,1990-12-17 00:00:00,15.5,86.0,0,45.0,,,0.0,45.0,0.0,45.0,0.0,35.0,10.0,1,1,,,,,0,2.4614855647087097e-06,-1.6227830201387405e-05,2.569565549492836e-05,-9.905779734253883e-06,95.15520477294922,88.79022216796875,86.57080078125,94.7328643798828,290.197021484375,282.27001953125,268.94000244140625,220.19158935546875,0.8954620361328125,2.29949951171875,9.309677124023438,2.9750823974609375,1.8669586181640625,-0.0563507080078125,-1.8525543212890625,1.3222808837890625,2.1497661923042712,90.17207590738933,2.0706005747348253,2.3001898631825486,9.492209735719712,3.2556937827928327,-1.2367265298962593e-05,2.079620361328125,-0.544677734375,-14.676786547170252,8.584403991699219,6.364982604980469,2.21942138671875,21.25701904296875,7.927001953125,13.33001708984375,2.323416993021965e-05,-3.560143522918224e-05
1990-010,1990-12-17 06:00:00,17.0,86.5,0,55.0,,,10.0,45.0,10.0,45.0,10.0,35.0,20.0,1,1,,,,,0,2.722511999309063e-05,2.7905451133847237e-05,-2.6372261345386505e-05,4.9318885430693626e-05,91.9413070678711,77.3145751953125,91.9765167236328,89.19776153564453,290.708984375,281.940185546875,269.513427734375,220.24505615234375,-1.59442138671875,-2.7126922607421875,8.5999755859375,-4.7221221923828125,4.71875,-0.1558837890625,-6.6435699462890625,2.942169189453125,3.5970476374597844,87.0774663289388,4.980841406923748,2.7171674694768155,10.867226035652166,5.563703581173383,2.2093765437602997e-05,-3.1277008056640625,-1.776580810546875,-150.40277742176454,-0.03520965576170454,14.626731872558594,-14.661941528320298,21.195556640625,8.768798828125,12.4267578125,-5.3597381338477135e-05,7.569114677608013e-05
1990-010,1990-12-17 12:00:00,18.0,87.0,0,55.0,,,0.0,55.0,0.0,45.0,10.0,45.0,10.0,1,1,,,,,0,3.522727638483048e-07,0.0001064166426658,4.3964944779872894e-05,8.81801825016737e-05,92.0876235961914,66.78208923339844,37.605831146240234,99.95079803466795,290.064208984375,283.248779296875,269.0361022949219,220.20977783203125,1.7637786865234375,5.4778900146484375,16.0584716796875,-2.67919921875,4.665740966796875,4.634674072265625,-10.624862670898438,-0.219207763671875,6.603239868886802,65.49184799194336,4.98799098077382,7.175477877376272,19.255186819731886,2.688151873946975,8.78279097378254e-05,-4.4429779052734375,-4.88494873046875,-132.2872708688919,54.48179244995117,25.30553436279297,29.176258087158203,21.028106689453125,6.8154296875,14.212677001953125,4.361267201602459e-05,4.4215237721800804e-05
1991-001,1991-04-24 12:00:00,9.5,89.0,0,25.0,1002.0,4.0,,,,,,,,1,1,,,,,0,-2.2011809051036835e-05,-2.4012522771954536e-05,-1.5336088836193085e-05,6.67874701321125e-05,91.69146728515624,80.34737396240234,89.52708435058594,99.4072036743164,291.4189453125,283.693115234375,269.247314453125,222.1976318359375,1.8011627197265625,0.761383056640625,0.43548583984375,-1.6204833984375,10.323532104492188,8.711013793945312,4.022674560546875,5.9369049072265625,5.563286827563151,87.18864186604817,10.479480056539717,8.744224692746918,4.046178263099071,6.154088585815319,8.879927918314934e-05,-3.4216461181640625,-4.386627197265625,-127.95485539283666,2.1643829345702983,11.344093322753892,-9.179710388183594,22.171630859375,7.725830078125,14.44580078125,6.67572021484375e-06,8.212355896830559e-05
1991-001,1991-04-24 18:00:00,10.0,89.0,0,25.0,1002.0,4.0,0.0,25.0,0.0,,,,,1,1,,,,,0,-1.4960533007979391e-05,3.7830322980880737e-06,-7.112976163625717e-06,1.7420388758182526e-06,97.18173217773438,75.04610443115234,88.32997131347656,101.50559997558594,291.091064453125,283.677978515625,269.546875,221.52989196777344,1.8400115966796875,1.042877197265625,-3.0433502197265625,-5.7863311767578125,8.870773315429688,13.222213745117188,8.3040771484375,2.41204833984375,9.99380970442303,86.85260264078777,9.059595017971562,13.263277467132417,8.844188930993706,6.268939757316419,1.6702571883797646e-05,-7.6263427734375,-6.4587249755859375,-139.73884521615466,8.851760864257812,22.13562774658203,-13.283866882324219,21.544189453125,7.4130859375,14.131103515625,7.847556844353674e-06,8.85501503944397e-06
1991-001,1991-04-25 00:00:00,10.5,89.0,0,25.0,1002.0,4.0,0.0,25.0,0.0,25.0,0.0,,,1,1,,,,,0,-3.8386788219213486e-06,-3.670342266559601e-05,-1.7371028661727905e-05,7.82315619289875e-05,98.45008850097656,82.4967041015625,94.8970718383789,100.2935028076172,291.048583984375,283.9072265625,268.767578125,222.01072692871097,-3.2616119384765625,-0.4964447021484375,-1.3260040283203125,-8.207000732421875,5.7972869873046875,7.372879028320312,8.193984985351562,2.9463653564453125,5.708294357212297,91.94795481363933,6.651815455226122,7.389573905749689,8.300582908644943,8.719858360984674,8.207024075090885e-05,-4.9453887939453125,-2.850921630859375,-150.037377251967,3.5530166625976562,15.953384399414062,-12.400367736816406,22.281005859375,7.141357421875,15.1396484375,-1.3532349839806557e-05,9.560259059071541e-05
1991-001,1991-04-25 06:00:00,11.0,88.5,0,30.0,1000.0,6.0,5.0,25.0,5.0,25.0,5.0,,,1,1,,,,,0,-2.034055069088936e-05,2.2292369976639748e-05,1.820409670472145e-05,7.440103217959404e-06,98.22842407226562,91.60525512695312,78.61713409423828,100.01316833496094,291.252197265625,283.16162109375,270.00146484375,222.48977661132812,-10.870758056640623,-10.0238037109375,-5.7385406494140625,-9.712539672851562,4.833465576171875,4.924072265625,2.543670654296875,5.0904693603515625,1.1863898050934305,89.48360443115234,11.896880692099737,11.167950954069493,6.277030283701733,10.96568763030361,2.7780653908848763e-05,1.1582183837890607,0.2570037841796875,12.510983482214858,19.611289978027344,6.6231689453125,12.988121032714844,21.250732421875,8.090576171875,13.16015625,3.854464739561081e-05,-1.0763993486762047e-05
1991-001,1991-04-25 12:00:00,11.0,88.0,0,35.0,996.0,8.0,5.0,30.0,5.0,25.0,10.0,25.0,10.0,1,1,,,,,0,-3.5991426557302475e-05,-2.990034408867359e-05,3.569526597857475e-05,3.3262185752391815e-05,98.55099487304688,79.04668426513672,94.19779205322266,102.3955535888672,291.286376953125,283.794921875,269.84765625,223.06446838378903,-11.434982299804688,-9.73809814453125,-11.44696044921875,-6.7761688232421875,-4.34124755859375,-1.63934326171875,0.1597747802734375,3.692840576171875,9.287147848859853,90.59849039713542,12.23132251892013,9.875120343685218,11.448075449890682,7.717093717333024,6.925361230969429e-05,4.6588134765625,8.034088134765625,59.891377486129365,4.353202819824219,19.504310607910156,-15.151107788085938,21.438720703125,7.491455078125,13.947265625,7.168669253587723e-05,-2.4330802261829376e-06
1991-001,1991-04-25 18:00:00,11.0,88.0,0,35.0,998.0,8.0,0.0,35.0,0.0,30.0,5.0,25.0,10.0,1,1,,,,,0,-2.809334546327591e-05,-2.9259594157338142e-05,6.898026913404465e-05,-3.715464845299721e-05,98.82749938964844,81.88859558105469,98.73844146728516,112.01815795898438,291.648681640625,284.366943359375,270.67236328125,223.2652587890625,-11.517379760742188,-11.807647705078123,-11.824295043945312,-4.0431365966796875,0.5852203369140625,3.1653289794921875,4.7486419677734375,4.269775390625,8.333082072040442,93.1515121459961,11.532238264790212,12.224559373476401,12.742195800738932,5.880300623760445,-9.061302989721298e-06,7.4742431640625,3.6845550537109375,26.24177510054308,0.08905792236328125,16.93890380859375,-16.84984588623047,20.976318359375,7.28173828125,13.694580078125,9.707361459732056e-05,-0.00010613491758704185
1991-001,1991-04-26 00:00:00,11.0,87.5,0,45.0,994.0,10.0,10.0,35.0,10.0,35.0,10.0,25.0,20.0,1,1,,,,,0,-4.179542884230614e-05,-3.313692286610603e-05,3.042165189981461e-06,6.125029176473618e-05,98.03152465820312,84.03510284423828,102.84505462646484,101.63018798828124,291.869384765625,283.839111328125,269.890625,223.99424743652344,-3.862594604492187,-3.7330322265625,-10.151763916015623,0.96746826171875,-4.450531005859375,-2.91278076171875,2.6774139404296875,4.470611572265625,10.144766739101724,94.97056070963542,5.89295030632092,4.734957377885575,10.49889784762782,4.574096923711655,0.00010304572060704231,4.8300628662109375,8.921142578125,61.568109465524984,-4.813529968261719,13.996421813964844,-18.809951782226562,21.978759765625,8.0302734375,13.948486328125,4.48375940322876e-05,5.8208126574754715e-05
1991-001,1991-04-26 06:00:00,11.0,87.5,0,55.0,991.0,15.0,10.0,45.0,10.0,35.0,20.0,30.0,25.0,1,1,,,,,0,3.421609289944172e-05,7.430883124470711e-05,-1.8165912479162216e-05,7.388321682810783e-05,87.55655670166016,72.92158508300781,91.95748901367188,100.2903289794922,293.001220703125,283.3486328125,271.5654296875,225.00669860839844,9.697891235351562,8.177627563476562,-0.027374267578125,13.351486206054688,3.4364166259765625,4.5250396728515625,20.929351806640625,9.252532958984377,6.868476207211277,84.14521026611328,10.288734306997961,9.34609953979799,20.929369708537727,16.24412355492166,3.9667123928666115e-05,3.653594970703125,5.816116333007814,57.86359255684475,-4.400932312011719,14.634971618652344,-19.035903930664062,21.435791015625,9.652587890625,11.783203125,-5.2382005378603935e-05,9.204912930727005e-05
1991-001,1991-04-26 12:00:00,11.5,87.5,0,55.0,987.0,15.0,0.0,55.0,0.0,45.0,10.0,35.0,20.0,1,1,,,,,0,1.5619676560163498e-05,-1.422036439180374e-05,8.099526166915894e-05,0.0001201317645609,89.77570343017578,73.597900390625,78.93861389160156,99.0661849975586,292.785888671875,284.4072265625,272.792724609375,223.7977600097656,5.01849365234375,2.6144866943359375,-0.311553955078125,8.742935180664062,2.8033599853515625,3.062225341796875,11.234237670898438,17.321334838867188,14.988097228974365,80.77073923746745,5.748400277127962,4.02650775720135,11.238556931971221,19.402771868303958,0.0001045120880007365,3.7244415283203125,14.517974853515625,75.61162949704182,10.837089538574219,16.17780303955078,-5.3407135009765625,19.9931640625,8.378662109375,11.614501953125,6.537558510899544e-05,3.9136502891741067e-05
1991-001,1991-04-26 18:00:00,11.5,87.0,0,55.0,991.0,15.0,0.0,55.0,0.0,55.0,0.0,35.0,20.0,1,1,,,,,0,-3.023957833647728e-05,4.944950342178345e-05,2.39440705627203e-05,7.585622370243072e-06,88.05018615722656,87.94090270996094,104.93763732910156,105.51876831054688,293.041015625,283.825927734375,270.7861328125,223.63116455078125,16.49365234375,14.811065673828123,6.140045166015625,5.774139404296875,-5.155120849609375,-2.38287353515625,6.7013092041015625,17.4798583984375,25.04496442837593,93.64290873209636,17.280504582059148,15.001525011777895,9.088877801449867,18.40886024417807,3.782520070672035e-05,-10.719512939453125,22.634979248046875,115.34138072415107,-16.887451171875,0.109283447265625,-16.996734619140625,22.2548828125,9.215087890625,13.039794921875,5.418364889919758e-05,-1.6358448192477226e-05
1991-001,1991-04-27 00:00:00,12.0,87.0,0,55.0,989.0,15.0,0.0,55.0,0.0,55.0,0.0,45.0,10.0,1,1,,,,,0,-2.110609784722328e-06,3.803893923759461e-05,-2.000480890274048e-06,8.777412585914135e-05,93.3925552368164,91.298828125,92.06736755371094,101.94223022460938,292.868896484375,284.734619140625,270.912109375,225.85189819335935,19.149124145507812,17.024566650390625,13.3341064453125,15.471359252929688,-3.635818481445313,-2.3689422607421875,6.3789825439453125,12.58209228515625,16.62968984192222,92.25291697184245,19.491232171673744,17.1885938071828,14.781400914354613,19.94171515706213,8.988473564386368e-05,-3.677764892578125,16.217910766601562,102.77697202545525,1.3251876831054688,2.0937271118164062,-0.7685394287109375,21.956787109375,8.13427734375,13.822509765625,1.1012889444828033e-07,8.97746067494154e-05
1991-001,1991-04-27 06:00:00,13.5,87.0,0,77.0,974.0,29.4,22.0,55.0,22.0,55.0,22.0,55.0,22.0,1,1,,,,,0,-2.3881671950221065e-05,-4.052883014082909e-06,6.950437091290951e-05,7.025478407740593e-05,94.3245849609375,70.7852783203125,62.39588165283203,99.1138153076172,293.599365234375,285.530517578125,273.879150390625,225.1106719970703,-13.9017333984375,-15.589004516601562,-16.770263671875,-4.7281494140625,-4.5744171142578125,-3.2538299560546875,9.621627807617188,23.35462951660156,29.397045579906475,75.83524831136067,14.635008828710948,15.92496377394758,19.334359707332506,23.82843084929044,9.413645602762699e-05,9.173583984375,27.92904663085937,71.81669951232891,31.92870330810547,23.539306640625,8.389396667480469,19.72021484375,8.06884765625,11.6513671875,9.338604286313057e-05,7.504131644964218e-07
1991-001,1991-04-27 12:00:00,14.5,87.0,0,77.0,972.0,29.4,0.0,77.0,0.0,55.0,22.0,55.0,22.0,1,1,,,,,0,-2.829614095389843e-05,6.654998287558556e-06,8.71601514518261e-06,-9.070313535630704e-05,97.81362915039062,70.015869140625,79.46685791015625,101.06082153320312,293.17578125,286.0537109375,271.981689453125,224.83265686035156,-20.502166748046875,-21.569732666015625,-19.887771606445312,-11.894393920898438,-6.428802490234375,-7.0065155029296875,-6.478668212890625,13.69427490234375,21.88679960139179,82.43211873372395,21.486468830944805,22.67916724168186,20.91641941831469,18.138626514884407,-6.240699440240861e-05,8.607772827148438,20.123077392578125,66.84087820090026,18.346771240234375,27.797760009765625,-9.45098876953125,21.194091796875,7.1220703125,14.072021484375,3.701215609908104e-05,-9.941915050148965e-05
1991-001,1991-04-27 18:00:00,14.5,87.0,1,77.0,974.0,29.4,0.0,77.0,0.0,77.0,0.0,55.0,22.0,1,1,,,,,0,-7.49765895307064e-05,-0.0001048042904585,-6.7924614995718e-05,9.829970076680183e-05,97.25363159179688,80.04725646972656,103.46397399902344,100.63318634033205,293.495849609375,284.66064453125,270.8212890625,227.6383514404297,-7.3804931640625,-9.59466552734375,-14.647689819335938,0.3116302490234375,-11.560134887695312,-9.368667602539062,-8.052001953125,3.1071929931640625,16.56198266412508,93.58828735351562,13.715261498290275,13.410053662400593,16.714949969910364,3.122781085646936,0.00017327629029750824,7.6921234130859375,14.667327880859375,62.325716564821676,-6.2103424072265625,17.206375122070312,-23.416717529296875,22.674560546875,8.835205078125,13.83935546875,7.051974534988403e-06,0.00016622431576251984
1991-001,1991-04-28 00:00:00,15.0,87.2,1,77.0,972.0,29.4,0.0,77.0,0.0,77.0,0.0,55.0,22.0,1,1,,,,,0,-4.602177068591118e-05,4.009343683719635e-07,2.2599240764975548e-05,-4.488951526582241e-05,96.76478576660156,89.55548095703125,101.43083953857422,99.87805938720705,293.169677734375,284.112548828125,270.814453125,227.64308166503903,7.560394287109375,6.5907745361328125,5.78240966796875,7.0124664306640625,-15.715530395507812,-13.389205932617188,-12.857223510742188,-2.3565521240234375,13.37021037208691,95.91703542073567,17.439537189635683,14.9234427828222,14.097675623073476,7.397839100333945,1.132255420088768e-06,-0.5479278564453125,13.358978271484375,92.34871007410608,-4.666053771972656,7.2093048095703125,-11.875358581542969,22.355224609375,9.05712890625,13.298095703125,6.862101145088673e-05,-6.748875603079796e-05
1991-001,1991-04-28 06:00:00,16.0,87.8,0,102.0,952.0,51.6,25.0,77.0,25.0,77.0,25.0,77.0,25.0,1,1,,,,,0,-2.4821143597364426e-05,-1.6462523490190506e-05,-8.78283753991127e-05,0.0001449745614081,94.70594024658205,79.01158905029297,100.47169494628906,97.35617065429688,293.744384765625,285.37890625,271.704833984375,229.10357666015625,-10.031539916992188,-10.70294189453125,-15.850936889648438,-4.76123046875,3.361785888671875,4.6308441162109375,6.662689208984375,11.781707763671877,9.933340126127485,91.39640808105469,10.579858102426561,11.66180442411712,17.194290557482578,12.707397585859958,0.00016979570500546442,5.2703094482421875,8.419921875000002,57.95617977802095,-5.765754699707017,15.694351196289077,-21.460105895996094,22.03955078125,8.365478515625,13.674072265625,-6.300723180174828e-05,0.0002328029368072127
1991-001,1991-04-28 12:00:00,16.5,88.0,0,102.0,950.0,51.6,0.0,102.0,0.0,77.0,25.0,77.0,25.0,1,1,,,,,0,-5.150004290044308e-05,-2.080760896205902e-05,-1.9430182874202728e-05,2.6309164240956303e-05,95.8224105834961,77.30177307128906,101.15054321289062,95.80491638183594,293.727783203125,285.039794921875,272.033935546875,229.61990356445312,-0.8829193115234375,-1.85174560546875,-5.90203857421875,-1.1973724365234375,-15.781784057617188,-12.711471557617188,-10.951904296875,-2.5094146728515625,13.27609392304401,91.42490895589192,15.806462430029088,12.845640153277047,12.44099140179251,2.7804429057380027,7.780920714139938e-05,-0.314453125,13.272369384765625,91.35721561278964,-5.328132629394531,18.52063751220703,-23.848770141601562,21.69384765625,8.68798828125,13.005859375,3.206986002624035e-05,4.5739347115159035e-05
1991-001,1991-04-28 18:00:00,17.5,88.5,0,115.0,934.0,65.6,13.0,102.0,13.0,102.0,13.0,77.0,38.0,1,1,,,,,0,-5.4247211664915085e-05,-5.149398930370808e-05,-1.4808028936386108e-06,1.0241754353046416e-05,99.09556579589844,75.57347869873047,99.72612762451172,85.96984100341797,293.31982421875,286.0087890625,272.824951171875,229.09812927246097,-8.750473022460938,-8.284957885742188,-9.2183837890625,-6.994384765625,-13.812210083007812,-11.936981201171877,-9.888671875,-7.12103271484375,6.917781475157193,91.46505737304688,16.35077751955421,14.530383593204014,13.51903957882609,9.981509163221864,6.44889660179615e-05,1.7560882568359375,6.6911773681640625,75.2944663178386,-0.6305618286132812,23.52208709716797,-24.15264892578125,20.494873046875,7.31103515625,13.183837890625,5.2766408771276474e-05,1.1722557246685026e-05
1991-001,1991-04-29 00:00:00,18.5,89.0,0,127.0,920.0,80.0,12.0,115.0,12.0,102.0,25.0,77.0,50.0,1,1,,,,,0,3.5373959690332413e-06,1.4071119949221613e-05,2.7816276997327805e-05,3.49702313542366e-05,90.35838317871094,78.6890869140625,99.84527587890624,74.34427642822266,293.81005859375,286.740966796875,273.619384765625,228.7498779296875,-2.83026123046875,-1.895050048828125,-1.709259033203125,-3.896240234375,-0.7826995849609375,-0.8763427734375,-1.4152984619140625,6.009002685546875,6.874847705076086,89.63091532389323,2.9364940444333456,2.0878676548382105,2.219152130630704,7.161620014973715,3.143283538520336e-05,-1.06597900390625,6.7917022705078125,98.91998180828314,-9.486892700195298,11.669296264648438,-21.156188964843736,20.190673828125,7.069091796875,13.12158203125,2.4278881028294563e-05,7.153954356908798e-06
1991-002,1991-05-31 06:00:00,15.0,89.5,0,25.0,998.0,4.0,,,,,,,,1,1,,,,,0,1.9619474187493324e-05,-1.710769720375538e-05,-4.216795787215233e-06,-5.123252049088478e-05,93.71868133544922,84.5928955078125,94.76770782470705,100.65218353271484,291.714599609375,284.572021484375,270.3994140625,225.425537109375,2.446380615234375,1.8258819580078125,-1.0617828369140625,-2.6799774169921875,-0.139373779296875,0.15606689453125,-0.527252197265625,6.36993408203125,8.285567904985266,91.02642822265625,2.450347560031028,1.8325397131159453,1.1854862598472848,6.910740855003277,-7.08519946783781e-05,-5.1263580322265625,6.509307861328125,128.2219428636564,-1.0490264892578267,9.125785827636719,-10.174812316894545,21.315185546875,7.142578125,14.172607421875,-2.3836269974708557e-05,-4.701572470366955e-05
1991-002,1991-05-31 12:00:00,16.0,89.0,0,30.0,996.0,6.0,5.0,25.0,5.0,,,,,1,1,,,,,0,-1.0175397619605064e-05,1.1224998161196709e-05,9.060604497790337e-06,-5.4008327424526215e-05,85.65445709228516,90.33699035644533,91.23033905029295,103.11351776123048,292.2490234375,284.11376953125,270.798095703125,224.6052398681641,0.73858642578125,2.697540283203125,2.0802001953125,-10.282012939453123,0.019439697265625,0.2125244140625,0.23980712890625,7.1293487548828125,13.11504545080158,89.07392883300781,0.7388422092558743,2.7058991492803655,2.0939771516548173,12.511890494878484,-4.383292980492115e-05,-11.020599365234373,7.1099090576171875,147.17202739482806,-5.575881958007798,-4.6825332641601705,-0.8933486938476278,21.450927734375,8.13525390625,13.315673828125,1.92360021173954e-05,-6.306893192231655e-05
1991-002,1991-05-31 18:00:00,16.5,88.7,0,30.0,996.0,6.0,0.0,30.0,0.0,25.0,5.0,,,1,1,,,,,0,-2.6382040232419968e-05,-1.0483432561159134e-05,-2.151564694941044e-05,3.821379505097866e-05,91.01284790039062,94.18943786621094,101.47184753417967,82.20547485351562,291.970947265625,284.479248046875,270.58056640625,223.5163421630859,4.795013427734375,2.0911865234375,2.6432952880859375,-0.45654296875,2.7894134521484375,1.059234619140625,1.6035614013671875,9.169647216796877,8.263548116699988,95.55804443359375,5.547340009335972,2.3441499641005485,3.0916693141362996,9.18100547667987,6.459583528339863e-05,-5.251556396484375,6.380233764648439,129.45772109902444,-10.458999633789048,-3.1765899658203125,-7.282409667968736,21.390380859375,7.49169921875,13.898681640625,4.866393283009529e-06,5.97294420003891e-05
1991-002,1991-06-01 00:00:00,17.0,88.5,0,35.0,994.0,7.0,5.0,30.0,5.0,30.0,5.0,,,1,1,,,,,0,-5.80507330596447e-05,-4.325760528445244e-06,8.182600140571594e-06,-5.614361725747585e-05,90.62322235107422,95.9767837524414,99.93029022216795,97.0767593383789,292.179443359375,283.801513671875,270.784423828125,223.6435089111328,10.852752685546877,5.335052490234375,2.2121429443359375,-1.1927642822265625,0.5735321044921875,0.587982177734375,-1.3714141845703125,6.507720947265625,13.427921516102726,95.51009877522786,10.86789675735504,5.3673557842655875,2.602758780950691,6.616125645756378,1.9071158021688461e-06,-12.04551696777344,5.9341888427734375,153.7729718105124,-9.307067871093736,-5.3535614013671875,-3.9535064697265483,21.39501953125,8.3779296875,13.01708984375,6.62333332002163e-05,-6.432621739804745e-05
1991-002,1991-06-01 06:00:00,19.0,89.0,0,35.0,994.0,8.0,0.0,35.0,0.0,30.0,5.0,25.0,10.0,1,1,,,,,0,-2.1037645637989044e-05,-5.562719888985157e-05,5.105254240334034e-05,0.0001251217909157,94.77046966552734,86.00254821777344,99.2890396118164,95.81525421142578,292.099365234375,284.318603515625,271.517822265625,225.09185791015625,3.81719970703125,3.517425537109375,6.30010986328125,-3.844528198242187,-3.5217437744140625,-2.9603424072265625,-0.8974151611328125,7.433258056640625,13.368400787411232,93.35401916503906,5.193620395830222,4.5973807300606655,6.363704759088429,8.368615321765727,0.00014615943655368904,-7.6617279052734375,10.955001831054688,124.96823782109547,-4.5185699462890625,8.767921447753906,-13.286491394042969,20.58154296875,7.78076171875,12.80078125,7.209018804132938e-05,7.406924851235966e-05
1991-003,1991-07-27 06:00:00,20.5,89.0,0,25.0,992.0,4.0,,,,,,,,1,1,,,,,0,1.8276041373610497e-05,1.2754462659358978e-05,1.0507181286811829e-05,7.5178686529397964e-06,91.99623107910156,73.33006286621094,78.01397705078125,43.09650802612305,293.68701171875,286.721435546875,272.6083984375,225.7418212890625,-6.7060546875,-7.391021728515625,-4.720733642578125,-19.605484008789062,-4.5506591796875,-3.5875091552734375,-0.512725830078125,1.97216796875,14.45484523692057,81.11342366536458,8.104299380046053,8.215681598660018,4.748495961986094,19.704427160307077,-1.07581727206707e-05,-12.899429321289062,6.5228271484375,153.17574152608682,13.982254028320312,18.666168212890625,-4.6839141845703125,21.07861328125,6.965576171875,14.113037109375,-7.768860086798668e-06,-2.989312633872032e-06
1991-003,1991-07-27 12:00:00,20.5,88.8,0,25.0,988.0,4.0,0.0,25.0,0.0,,,,,1,1,,,,,0,1.8727267161011696e-05,-3.6295969039201736e-06,1.5865080058574677e-05,2.534664236009121e-05,86.78785705566406,81.02704620361328,70.55796813964844,20.95203399658203,293.855224609375,285.982666015625,272.729248046875,226.13888549804688,1.1845245361328125,-1.3216705322265625,-7.2105712890625,-16.532684326171875,0.3561248779296875,2.36474609375,-1.1553192138671875,3.32354736328125,17.96399415712157,79.45762379964192,1.236900685334554,2.709028808200815,7.302540708587878,16.863440280821198,6.6193751990795135e-06,-17.717208862304688,2.9674224853515625,170.49188862667467,16.229888916015625,5.760810852050781,10.469078063964844,21.1259765625,7.87255859375,13.25341796875,-2.8621871024370193e-06,9.481562301516533e-06
1991-003,1991-07-27 18:00:00,20.5,88.5,0,25.0,992.0,4.0,0.0,25.0,0.0,25.0,0.0,,,1,1,,,,,0,-2.416083589196205e-06,2.1006213501095772e-05,2.9797665774822235e-05,1.1756550520658491e-05,90.11155700683594,77.13192749023438,78.85954284667969,54.70880126953125,293.55029296875,286.379150390625,272.875244140625,225.99835205078125,-1.8657989501953125,-2.1204681396484375,-8.157989501953125,-19.462081909179688,-1.343963623046875,1.307373046875,8.35845947265625,1.852630615234375,17.884277695698444,82.03434244791667,2.2994442682142164,2.491106062567254,11.6797533137483,19.55006067602152,1.4172634109854696e-05,-17.596282958984375,3.19659423828125,169.70375834323625,11.25201416015625,12.979629516601562,-1.7276153564453125,20.675048828125,7.171142578125,13.50390625,3.221374936401844e-05,-1.8041115254163742e-05
1991-003,1991-07-28 00:00:00,20.5,88.2,0,25.0,988.0,4.0,0.0,25.0,0.0,25.0,0.0,,,1,1,,,,,0,-1.9364524632692337e-06,2.234848216176033e-05,-3.672204911708832e-06,1.3968441635370256e-05,89.88063049316406,78.77337646484375,63.00789642333984,65.32527923583984,294.16796875,287.556640625,273.363037109375,226.7974395751953,-8.873077392578125,-7.719863891601563,-11.298004150390623,-11.090347290039062,1.983428955078125,6.403289794921875,6.995025634765625,1.4472503662109375,2.281178045954775,77.22063446044922,9.092056578933246,10.02987630544885,13.288163206902299,11.184379135033579,1.5904894098639488e-05,-2.2172698974609375,-0.5361785888671875,-166.4057480005696,26.872734069824226,11.107254028320312,15.765480041503913,20.804931640625,6.611328125,14.193603515625,-1.7357524484395985e-06,1.764064654707909e-05
1991-003,1991-07-28 06:00:00,20.5,87.8,0,25.0,987.0,5.0,0.0,25.0,0.0,25.0,0.0,25.0,0.0,1,1,,,,,0,9.239884093403816e-06,1.6956590116024017e-05,8.740229532122612e-06,8.036219514906406e-05,91.84262084960938,70.64787292480469,70.57772064208984,100.01100158691406,294.326416015625,287.952392578125,273.618896484375,227.1330718994141,-9.459457397460938,-10.440628051757812,-7.5771942138671875,-14.589111328125,6.7533721923828125,5.8741455078125,4.8932952880859375,1.77020263671875,7.1515962042661805,77.6894048055013,11.622795284406754,11.979661913514335,9.019878653899198,14.696114681080548,7.112231105566025e-05,-5.1296539306640625,-4.9831695556640625,-135.82987204787162,21.26490020751953,21.194747924804688,0.07015228271484375,20.70751953125,6.3740234375,14.33349609375,-4.996545612812042e-07,7.162196561694145e-05
1991-003,1991-07-28 12:00:00,20.5,87.5,0,30.0,984.0,6.0,5.0,25.0,5.0,25.0,5.0,25.0,5.0,1,1,,,,,0,2.338457852602005e-05,8.89296643435955e-06,3.590621054172516e-05,5.242484621703625e-05,93.61140441894533,62.7347412109375,83.61463165283203,69.8951416015625,293.852783203125,290.148681640625,273.250244140625,227.718505859375,-6.0513153076171875,-10.3096923828125,-17.13226318359375,-12.227783203125,15.40679931640625,16.896514892578125,10.977325439453123,-4.388397216796875,20.736406666835403,79.98692576090495,16.55257931949635,19.793483082654667,20.347385964678278,12.991409168947627,2.9040267691016197e-05,-6.1764678955078125,-19.795196533203125,-107.32888868072048,9.996772766113295,30.876663208007827,-20.87989044189453,20.6025390625,3.7041015625,16.8984375,1.2521632015705109e-05,1.651863567531109e-05
1991-003,1991-07-28 18:00:00,21.0,87.0,0,30.0,986.0,6.0,0.0,30.0,0.0,25.0,5.0,25.0,5.0,1,1,,,,,0,1.054280437529087e-05,1.0228948667645454e-05,-1.3938406482338904e-05,-6.572972051799297e-05,97.67912292480467,81.36886596679688,91.72238159179688,65.71161651611328,294.1259765625,287.62744140625,272.6923828125,227.04608154296875,-11.875747680664062,-12.372146606445312,-7.829269409179688,-19.132064819335938,8.969451904296875,7.57257080078125,9.191192626953123,-2.2904815673828125,13.395530605527942,90.25679016113281,14.88235365922651,14.505648561309524,12.073751752759966,19.268684699838552,-7.627252489328384e-05,-7.256317138671875,-11.259933471679688,-122.7992277129752,5.956741333007798,16.3102569580078,-10.353515625,21.43359375,6.49853515625,14.93505859375,-2.4481210857629776e-05,-5.179131403565407e-05
1991-003,1991-07-29 00:00:00,21.5,86.5,0,30.0,986.0,6.0,0.0,30.0,0.0,30.0,0.0,25.0,5.0,1,1,,,,,0,4.1199615225195885e-05,6.834231317043304e-05,1.1428724974393845e-05,1.467461697757244e-05,99.5004425048828,79.10089874267578,72.19702911376953,96.27198028564452,293.0498046875,286.703369140625,273.4130859375,226.43359375,-3.771896362304687,-10.642288208007812,-7.4826812744140625,-14.70758056640625,11.9610595703125,17.251144409179688,13.538711547851562,12.972671508789062,10.982374412025148,83.59945678710938,12.541696384960511,20.269688742767457,15.468911708016053,19.61130113460803,-2.6524998247623444e-05,-10.935684204101562,1.0116119384765625,174.71486124208334,27.303413391113267,20.399543762207017,6.90386962890625,19.63671875,6.346435546875,13.290283203125,-2.977089025080204e-05,3.245892003178595e-06
1991-003,1991-07-29 06:00:00,21.5,84.2,0,30.0,990.0,6.0,0.0,30.0,0.0,30.0,0.0,25.0,5.0,1,1,,,,,0,-5.7428376749157906e-05,4.2221974581480026e-05,2.0300736650824547e-05,-1.1761672794818878e-05,99.7902603149414,95.5539093017578,87.83927917480469,60.05846405029297,292.934814453125,286.30029296875,272.375244140625,226.43585205078125,-1.0218963623046875,-2.25091552734375,-6.0369110107421875,-11.686386108398438,6.407470703125,5.61749267578125,9.623611450195312,4.3584747314453125,10.859545388113553,94.3944829305013,6.488447656157575,6.051681144417077,11.360378158140273,12.472687050480152,4.566670395433903e-05,-10.66448974609375,-2.0489959716796875,-169.1241484187872,11.950981140136719,4.236351013183608,7.714630126953111,20.5595703125,6.634521484375,13.925048828125,7.772911339998245e-05,-3.2062409445643425e-05
1991-003,1991-07-29 12:00:00,22.0,82.0,0,30.0,988.0,6.0,0.0,30.0,0.0,30.0,0.0,30.0,0.0,1,1,,,,,0,1.0540476068854332e-05,2.4862587451934814e-05,-6.316229701042175e-05,-3.3689429983496666e-05,98.42266845703124,98.70372009277344,95.63790130615234,24.81654357910156,293.28076171875,286.468017578125,273.22021484375,227.31739807128903,-6.8907623291015625,-7.1041107177734375,-7.8742523193359375,-14.583541870117188,0.6695404052734375,1.3262176513671875,2.82330322265625,3.092529296875,8.06534142088809,97.58809661865234,6.923213836828883,7.226841796329938,8.365099561608849,14.907831194693992,-4.4229906052351e-05,-7.692779541015625,2.4229888916015625,162.5171762487057,2.784767150878892,-0.2810516357422017,3.0658187866210938,20.060546875,6.812744140625,13.247802734375,-7.370277307927608e-05,2.9472867026925087e-05
1991-003,1991-07-29 18:00:00,22.2,81.0,0,30.0,990.0,6.0,0.0,30.0,0.0,30.0,0.0,30.0,0.0,1,1,,,,,0,4.384154453873634e-05,-1.0731164366006851e-06,-2.5064218789339066e-06,4.989071749150753e-05,99.79896545410156,96.33750915527344,92.00276184082033,36.23300552368164,293.274169921875,286.467041015625,272.755126953125,227.90785217285156,-8.669174194335938,-1.973663330078125,-1.612640380859375,-14.141693115234377,0.05682373046875,0.4767303466796875,1.4141082763671875,2.00689697265625,5.809582514216238,96.04641215006511,8.669360423242567,2.0304232967389853,2.1448336101591767,14.283386139999303,6.049172952771187e-06,-5.472518920898439,1.9500732421875,160.387021535962,7.796203613281236,3.461456298828125,4.334747314453111,20.51904296875,6.80712890625,13.7119140625,-4.634796641767025e-05,5.239713937044144e-05
1991-003,1991-07-30 00:00:00,22.5,80.0,0,30.0,988.0,6.0,0.0,30.0,0.0,30.0,0.0,30.0,0.0,1,1,,,,,0,-2.536294050514698e-05,2.4004606530070305e-05,2.006860449910164e-05,2.578413113951683e-05,100.09597778320312,98.9261474609375,92.9636459350586,19.09442901611328,293.083251953125,285.758056640625,273.033203125,228.35462951660156,-2.1667022705078125,-3.43511962890625,-2.278564453125,-13.524261474609377,0.573272705078125,-0.8705902099609375,3.197723388671875,2.5607757568359375,11.530148284190396,97.3285903930664,2.2412586471470224,3.543723208516269,3.926485812721596,13.764563956420925,5.114707164466381e-05,-11.357559204101564,1.9875030517578125,170.0740961961747,7.132331848144531,1.169830322265625,5.962501525878906,20.050048828125,7.3251953125,12.724853515625,4.543154500424862e-05,5.715526640415192e-06
1991-003,1991-07-30 06:00:00,22.7,79.0,0,30.0,992.0,6.0,0.0,30.0,0.0,30.0,0.0,30.0,0.0,1,1,,,,,0,2.2673048079013824e-06,-4.5507680624723434e-05,8.796318434178829e-05,1.433701254427433e-05,96.98088836669922,97.3906707763672,100.11467742919922,23.24310874938965,293.231201171875,285.912109375,272.91943359375,227.10708618164065,-1.0219879150390625,-0.2076263427734375,-1.8640594482421875,-14.182479858398438,-3.60302734375,-1.1521453857421875,4.0091400146484375,6.300537109375,16.470553635759426,98.16207885742188,3.7451655955773266,1.170703928455221,4.4213031205331585,15.519004568608414,1.2069707736372948e-05,-13.160491943359375,9.903564453125,143.0377211184945,-3.1337890625,-0.40978240966798296,-2.724006652832017,20.311767578125,7.319091796875,12.99267578125,8.569587953388691e-05,-7.362617179751396e-05
1991-003,1991-07-30 12:00:00,23.0,78.0,0,30.0,990.0,6.0,0.0,30.0,0.0,30.0,0.0,30.0,0.0,1,1,,,,,0,-1.3320939615368845e-05,2.8133857995271683e-05,-8.400436490774155e-05,1.2779375538229942e-05,98.50140380859376,88.72161865234375,93.36117553710938,16.035629272460938,293.762451171875,286.723876953125,273.280029296875,227.32579040527344,10.263961791992188,8.161666870117188,1.7974395751953125,-14.17352294921875,2.9057769775390625,1.5028839111328125,5.3446502685546875,3.4244232177734375,24.442987836993797,93.52806599934895,10.667354475720375,8.298883427854035,5.6388008937752,14.581338318770893,2.6100315153598785e-05,-24.437484741210938,0.518646240234375,178.78417192160745,5.140228271484389,9.779785156250014,-4.639556884765625,20.482421875,7.03857421875,13.44384765625,-7.06834252923727e-05,9.678374044597149e-05
1991-003,1991-07-30 18:00:00,24.0,77.5,0,30.0,992.0,6.0,0.0,30.0,0.0,30.0,0.0,30.0,0.0,1,1,,,,,0,-2.143834717571735e-05,1.3025011867284776e-05,8.509843610227108e-05,-6.2820035964250565e-06,100.04165649414062,100.1737823486328,99.93073272705078,16.584144592285156,293.77294921875,286.7724609375,273.435302734375,227.80194091796875,1.6009063720703125,1.6858367919921875,-2.1473846435546875,-16.907684326171875,-0.2010955810546875,-0.7815399169921875,-0.423583984375,3.9906158447265625,18.977312093973747,100.04872385660808,1.6134871071239003,1.8581846870229732,2.188763166538009,17.372242345007187,1.5156343579292294e-05,-18.508590698242188,4.19171142578125,167.2392666726169,0.11092376708984375,-0.1321258544921733,0.24304962158201704,20.337646484375,7.00048828125,13.337158203125,0.00010653678327798843,-9.138043969869614e-05
1991-004,1991-08-22 00:00:00,20.7,88.2,0,25.0,994.0,4.0,,,,,,,,1,1,,,,,0,-2.6107532903552055e-05,1.0912073776125908e-05,1.9700033590197563e-05,-0.0001266144681721,99.9609375,87.09337615966797,76.46546173095703,109.0795669555664,292.91650390625,285.324951171875,272.0888671875,225.67381286621097,3.102813720703125,-2.3164215087890625,-4.998931884765625,-2.0218048095703125,9.0347900390625,9.33209228515625,6.915802001953125,0.9756011962890624,9.550509927972731,87.83992513020833,9.552742225943634,9.615287568505343,8.533325103307927,2.244881373748354,-0.00010050693526854795,-5.1246185302734375,-8.059188842773438,-122.45116873466287,23.49547576904297,12.867561340332031,10.627914428710938,20.82763671875,7.591552734375,13.236083984375,4.580756649374962e-05,-0.00014631450176229757
1991-004,1991-08-22 06:00:00,21.3,87.5,0,25.0,996.0,4.0,0.0,25.0,0.0,,,,,1,1,,,,,0,-3.758980892598629e-05,6.279442459344864e-06,7.286202162504196e-06,-7.877126336097717e-05,89.4106216430664,67.9012680053711,80.14021301269531,100.15782928466795,293.569091796875,286.042236328125,273.140380859375,226.5751495361328,-0.540283203125,0.618682861328125,-1.9593658447265625,-1.5914459228515625,13.34552001953125,11.431549072265623,16.50299072265625,-1.6398468017578125,15.022188982699358,79.15070088704427,13.356452018829266,11.44827859001161,16.618899401150465,2.285125304791006,-4.118145443499088e-05,-1.0511627197265625,-14.985366821289062,-94.0124941253709,9.270408630371094,21.509353637695312,-12.238945007324219,20.4287109375,7.52685546875,12.90185546875,4.4876011088490486e-05,-8.605746552348137e-05
1991-004,1991-08-22 12:00:00,22.5,86.0,0,25.0,994.0,4.0,0.0,25.0,0.0,25.0,0.0,,,1,1,,,,,0,-1.6362639144062996e-05,2.210354432463646e-05,-1.4065532013773918e-05,2.5396468117833138e-05,96.00089263916016,75.2151870727539,74.61537170410156,102.4132843017578,293.282470703125,286.341552734375,274.098876953125,226.5592041015625,-6.884246826171875,-5.2893829345703125,-5.7843170166015625,-9.615692138671877,2.1929473876953125,4.0416717529296875,10.0943603515625,-0.1932373046875,3.6269368455130673,81.94381713867188,7.225086339197424,6.656777177204701,11.63419246255379,9.617633594686327,4.1759107261896133e-05,-2.7314453125000018,-2.3861846923828125,-138.85960793656452,21.385520935058594,20.78570556640625,0.5998153686523438,19.18359375,6.94091796875,12.24267578125,2.2971071302890778e-06,3.9462000131607056e-05
1991-004,1991-08-22 18:00:00,22.5,84.0,0,25.0,996.0,4.0,0.0,25.0,0.0,25.0,0.0,,,1,1,,,,,0,-1.877150498330593e-05,-3.285403363406658e-05,0.0001699544955044,6.826856406405568e-06,99.490966796875,92.67587280273438,95.08319091796876,89.903076171875,292.86328125,286.19677734375,272.230224609375,226.49159240722656,-7.22607421875,-6.4500579833984375,-3.6045989990234375,-8.275314331054688,0.9590301513671876,1.8004913330078125,6.6904449462890625,-2.6778717041015625,3.785229176626059,95.75001017252605,7.289436702936297,6.696642220504106,7.599683383081536,8.697805708417894,2.55983613897115e-05,-1.0492401123046875,-3.63690185546875,-106.09276240640382,4.407775878906236,6.815093994140625,-2.407318115234389,20.633056640625,6.66650390625,13.966552734375,0.00018872600048770594,-0.00016312763909799444
1991-004,1991-08-23 00:00:00,22.7,83.0,0,25.0,994.0,4.0,0.0,25.0,0.0,25.0,0.0,25.0,0.0,1,1,,,,,0,8.136965334415436e-05,1.7163576558232307e-05,-8.517084643244743e-05,-5.171308293938637e-05,99.93775939941406,80.56597137451172,94.30675506591795,89.39349365234375,292.7255859375,287.228759765625,272.5931396484375,226.16302490234375,-4.59100341796875,-2.306243896484375,-5.546875,-7.343612670898437,1.602081298828125,0.3553619384765625,12.627716064453123,0.62567138671875,2.9206564357656943,91.60349527994792,4.862507261882039,2.3334615954391134,13.792281728201193,7.370217889882133,-0.00013308273628354073,-2.7526092529296866,-0.976409912109375,-160.46930566078598,5.631004333496108,19.371788024902344,-13.740783691406236,20.1324462890625,5.496826171875,14.6356201171875,-0.0001665404997766018,3.3457763493061066e-05
1991-004,1991-08-23 06:00:00,23.0,81.5,0,25.0,994.0,4.0,0.0,25.0,0.0,25.0,0.0,25.0,0.0,1,1,,,,,0,1.4000339433550836e-05,4.684552550315857e-05,6.913905963301659e-06,1.2083386536687613e-05,99.86305236816406,89.16893768310547,99.35514831542967,98.92251586914062,293.291015625,286.30419921875,272.1865234375,226.8259429931641,1.9060516357421875,5.2037506103515625,-3.0773773193359375,-6.55108642578125,-8.838165283203125,-5.6888885498046875,-4.1451416015625,6.389190673828125,17.418253461062147,96.12904612223308,9.041360429234775,7.709894509449085,5.162601094658328,9.15087377383098,-1.916952896863224e-06,-8.457138061523438,15.22735595703125,119.04740354925472,0.5079040527343892,10.694114685058594,-10.186210632324205,21.1044921875,6.98681640625,14.11767578125,-7.086433470249178e-06,5.169480573385954e-06
1991-004,1991-08-23 12:00:00,23.8,80.2,0,25.0,992.0,4.0,0.0,25.0,0.0,25.0,0.0,25.0,0.0,1,1,,,,,0,2.169841900467873e-05,-9.048264473676682e-06,-1.3486016541719437e-05,2.7306450647301972e-05,99.01160430908205,91.09447479248048,94.79299926757812,102.4888916015625,293.6259765625,286.42333984375,272.261474609375,227.16537475585935,-1.1075439453125,0.8343353271484375,-2.41986083984375,-8.8538818359375,-2.23486328125,-4.8311767578125,-1.6933746337890625,0.5529937744140625,8.232733305442881,94.9663594563802,2.494246875647616,4.90269153663124,2.9535138622612798,8.871134407689059,5.608031642623242e-06,-7.746337890625,2.7878570556640625,160.20652312195836,4.2186050415039205,7.9171295166015625,-3.698524475097642,21.364501953125,7.20263671875,14.161865234375,-3.518443554639816e-05,4.079246718902141e-05
1991-004,1991-08-23 18:00:00,24.0,80.0,0,25.0,994.0,4.0,0.0,25.0,0.0,25.0,0.0,25.0,0.0,1,1,,,,,0,2.1948711946606636e-05,-3.9762817323207855e-06,2.6724068447947506e-05,-4.6232715249061584e-05,99.8551254272461,92.93455505371094,99.7755889892578,66.66026306152344,293.40869140625,285.7520751953125,272.758056640625,226.2064514160156,-0.625732421875,1.84014892578125,-4.467559814453125,-11.886154174804688,-4.518280029296875,-5.6287994384765625,-1.1019287109375,-0.5106201171875,11.952340190313386,97.52175649007161,4.561402798145382,5.921953325352029,4.601449508546716,11.897117044532406,-6.818142719566822e-05,-11.260421752929688,4.007659912109375,160.4090134004248,0.07953643798829546,6.920570373535156,-6.841033935546861,20.650634765625,7.6566162109375,12.9940185546875,4.7753565013408695e-06,-7.295678369700909e-05
1991-004,1991-08-24 00:00:00,24.5,79.8,0,25.0,994.0,4.0,0.0,25.0,0.0,25.0,0.0,25.0,0.0,1,1,,,,,0,1.7571961507201195e-05,-2.647493965923786e-05,2.6438850909471512e-05,6.837071850895882e-06,99.7258529663086,97.90451049804688,82.08973693847656,67.85111999511719,293.06884765625,286.41064453125,273.048095703125,225.816162109375,-6.53802490234375,-3.879959106445313,-2.1364288330078125,-7.37127685546875,-0.7281494140625,-0.150848388671875,0.084259033203125,1.15252685546875,2.0570007409246616,93.24003346761067,6.578447475876551,3.8828904058771494,2.1380897416112936,7.4608337759627075,-1.0734889656305313e-05,-0.833251953125,1.88067626953125,113.89620421290772,17.63611602783203,1.8213424682617188,15.814773559570312,20.020751953125,6.658203125,13.362548828125,8.866889402270317e-06,-1.960177905857563e-05
1991-004,1991-08-24 06:00:00,24.5,79.8,0,25.0,994.0,4.0,0.0,25.0,0.0,25.0,0.0,25.0,0.0,1,1,,,,,0,-4.7818757593631744e-06,4.485645331442356e-05,-4.2842235416173935e-05,-2.752360887825489e-05,99.63516998291016,90.05957794189453,94.13370513916016,57.360015869140625,293.129638671875,286.977294921875,272.25439453125,225.80308532714844,-5.5555267333984375,-0.332977294921875,-4.43084716796875,-2.9007415771484375,-0.05621337890625,5.8671722412109375,3.78717041015625,1.7655181884765625,3.2197189519342175,94.60948435465495,5.555811122552023,5.876613309293854,5.828813459140698,3.3957850596348362,-2.2741733118891716e-05,2.65478515625,1.8217315673828125,34.45817795588262,5.50146484375,9.575592041015625,-4.074127197265625,20.875244140625,6.15234375,14.722900390625,-3.806035965681076e-05,1.5318626537919044e-05
1991-004,1991-08-24 12:00:00,24.5,79.8,0,25.0,992.0,4.0,0.0,25.0,0.0,25.0,0.0,25.0,0.0,1,1,,,,,0,-2.6793917641043663e-05,3.1516654416918755e-05,8.14441591501236e-07,2.1800631657242775e-05,99.71632385253906,94.31370544433594,76.07646942138672,38.62762069702149,293.344482421875,286.79296875,273.062255859375,226.1869354248047,6.29437255859375,4.741973876953125,1.0021514892578125,-4.2604522705078125,0.549560546875,0.7349395751953125,5.2714996337890625,-1.969635009765625,10.85129823687547,90.0354995727539,6.318318027850417,4.798588587167493,5.365912410434955,4.6937102191091435,4.859454929828644e-05,-10.554824829101562,-2.519195556640625,-166.57595373031094,23.639854431152344,5.402618408203125,18.23723602294922,20.2822265625,6.551513671875,13.730712890625,2.76083592325449e-05,2.098619006574154e-05
1991-004,1991-08-24 18:00:00,25.0,78.6,0,25.0,994.0,4.0,0.0,25.0,0.0,25.0,0.0,25.0,0.0,1,1,,,,,0,-1.87756959348917e-05,6.251386366784573e-05,-2.214452251791954e-06,1.4277175068855286e-05,99.941162109375,99.59415435791016,88.85755920410156,33.609371185302734,293.3271484375,285.462158203125,271.928466796875,226.2620086669922,-0.820465087890625,0.963836669921875,-4.089691162109375,-6.94464111328125,-8.341140747070312,-9.04473876953125,-3.2428741455078125,-0.4037628173828125,10.02534290628802,96.1309585571289,8.3813955832477,9.095948578094962,5.219368402885406,6.956368636363167,3.3052871003746986e-05,-6.124176025390625,7.9373779296875,127.65239874110326,11.083602905273438,0.34700775146484375,10.736595153808594,21.398681640625,7.864990234375,13.53369140625,1.6561243683099747e-05,1.649162732064724e-05
1991-004,1991-08-25 00:00:00,26.2,78.5,0,25.0,992.0,4.0,0.0,25.0,0.0,25.0,0.0,25.0,0.0,1,1,,,,,0,-2.1178508177399635e-05,4.279427230358124e-06,2.696271985769272e-05,1.7495127394795418e-05,100.80411529541016,88.31900787353516,75.90736389160156,83.01425170898438,292.556640625,285.4169921875,271.64208984375,226.96246337890625,-5.6971893310546875,-6.5310516357421875,-7.1532135009765625,-5.792266845703125,-4.202667236328125,-5.04718017578125,-1.961944580078125,-6.976531982421875,2.775493715253823,88.34349568684895,7.0795747169720045,8.254008916613184,7.417391045768809,9.06765425639878,3.867363557219505e-05,-0.0950775146484375,-2.77386474609375,-91.96311246449774,24.896751403808594,12.485107421875,12.411643981933594,20.91455078125,7.1396484375,13.77490234375,4.8141228035092354e-05,-9.4675924628973e-06
1991-005,1991-09-21 06:00:00,15.5,83.5,0,25.0,1000.0,4.0,,,,,,,,1,1,,,,,0,2.031237818300724e-05,-1.5329569578170776e-05,-2.9912451282143593e-05,-1.1566327884793282e-05,92.91996002197266,72.25077056884766,65.94988250732422,32.431236267089844,293.1796875,285.978515625,271.9757080078125,223.14759826660156,4.80224609375,5.8719329833984375,1.3806915283203125,-15.340896606445312,9.732223510742188,13.091278076171877,12.958389282226562,6.8096160888671875,20.354061805517603,77.04020436604817,10.852545416075444,14.347862510812575,13.031736717955122,16.784337340729426,-3.187870606780052e-05,-20.143142700195312,-2.922607421875,-171.74445418004785,26.970077514648438,20.669189453125,6.3008880615234375,21.2039794921875,7.201171875,14.0028076171875,-5.022482946515083e-05,1.834612339735031e-05
1991-006,1991-10-12 12:00:00,18.0,87.0,0,25.0,1000.0,4.0,,,,,,,,1,1,,,,,0,-3.5902485251426697e-07,-2.393685281276703e-05,-6.51057343930006e-05,0.0001593409106135,86.9571762084961,79.8979721069336,94.63682556152344,96.89161682128906,292.1298828125,283.83447265625,269.266357421875,222.1808929443359,-3.962081909179687,-2.5721588134765625,-8.594512939453125,0.5335540771484375,-3.144866943359375,-4.04193115234375,-0.68658447265625,8.01483154296875,12.0311933417813,87.1639912923177,5.058486052811008,4.790950678313442,8.621893695964934,8.032571482122556,0.00015969993546601427,4.495635986328125,11.159698486328125,68.05817365493093,-7.679649353027344,7.0592041015625,-14.738853454589844,22.863525390625,8.29541015625,14.568115234375,-6.474670954048634e-05,0.0002244466450065006
1991-006,1991-10-12 18:00:00,18.5,87.0,0,25.0,1000.0,4.0,0.0,25.0,0.0,,,,,1,1,,,,,0,-5.356688052415848e-05,-3.2197218388319016e-05,9.941263124346732e-05,5.061924457550049e-05,92.3630142211914,85.24453735351562,100.30694580078124,84.149169921875,291.570068359375,283.4052734375,270.96044921875,221.73291015625,-2.3796234130859375,-1.9608917236328125,-5.8791351318359375,-5.9391021728515625,-2.7690582275390625,-2.2585296630859375,2.644989013671875,0.82147216796875,5.055867636943052,92.63816579182942,3.65106711190147,2.990995250890703,6.4467198466221936,5.995644347550765,0.00010418612509965897,-3.559478759765625,3.5905303955078125,134.75117283749574,-7.9439315795898295,7.118476867675781,-15.06240844726561,20.609619140625,8.164794921875,12.44482421875,0.0001529795117676258,-4.879338666796683e-05
1991-006,1991-10-13 00:00:00,19.5,88.0,0,25.0,1000.0,4.0,0.0,25.0,0.0,25.0,0.0,,,1,1,,,,,0,-9.699491783976557e-06,-4.548323340713978e-05,5.3108204156160355e-05,4.387740045785904e-05,88.09547424316406,87.3039321899414,95.53673553466795,97.28157806396484,291.892333984375,283.352783203125,269.825927734375,222.6045379638672,-1.58599853515625,-1.72064208984375,-1.1356201171875,-5.37164306640625,1.724639892578125,6.2552032470703125,14.329696655273438,-0.960052490234375,4.640978098129153,90.31204732259114,2.343026699077426,6.487540124230512,14.374624839720711,5.456761861844034,5.3576892241835594e-05,-3.78564453125,-2.6846923828125,-144.65660739447063,-7.441261291503892,0.7915420532226562,-8.232803344726548,22.06640625,8.53955078125,13.52685546875,6.280769594013691e-05,-9.230803698301315e-06
1991-007,1991-10-28 06:00:00,10.5,82.0,0,25.0,1002.0,4.0,,,,,,,,1,1,,,,,0,-5.610520020127296e-06,-8.04034061729908e-06,1.852167770266533e-05,-2.8889626264572144e-05,89.91838073730469,88.4774169921875,81.05006408691406,105.51467895507812,291.448974609375,283.211669921875,269.56884765625,221.65151977539065,-1.06005859375,-1.8027191162109375,-4.041351318359375,-11.06549072265625,-2.3642425537109375,0.4104766845703125,3.974365234375,-0.7941131591796875,10.12788123951503,86.48195393880208,2.591016610321293,1.848861087407104,5.668165443475844,11.093948830005207,-2.3279106244444847e-05,-10.00543212890625,1.57012939453125,171.08144113086036,8.868316650390625,1.4409637451171875,7.4273529052734375,21.880126953125,8.2373046875,13.642822265625,2.4132197722792625e-05,-4.741130396723747e-05
1991-007,1991-10-28 12:00:00,11.0,81.5,0,25.0,1000.0,4.0,0.0,25.0,0.0,,,,,1,1,,,,,0,1.0553980246186256e-05,-3.93381342291832e-05,-1.358543522655964e-05,-0.0001312037929892,93.98360443115234,91.68047332763672,93.73361206054688,105.79768371582033,291.50146484375,283.85205078125,269.453369140625,222.1722412109375,-1.1206512451171875,1.9163665771484375,-1.6848602294921875,-6.199371337890625,1.3051605224609375,3.1465606689453125,11.6824951171875,-4.701080322265625,7.865642177572171,93.13256327311198,1.7202625388507446,3.684196642602725,11.803365882494461,7.780254570478583,-0.00014175777323538626,-5.0787200927734375,-6.0062408447265625,-130.21698635558923,0.24999237060546875,2.303131103515625,-2.0531387329101562,22.048095703125,7.6494140625,14.398681640625,-2.4139415472745895e-05,-0.00011761835776264037
1991-007,1991-10-28 18:00:00,11.5,81.0,0,25.0,1000.0,4.0,0.0,25.0,0.0,25.0,0.0,,,1,1,,,,,0,1.2857373803853989e-05,-1.8587568774819377e-05,-1.6830163076519966e-05,2.5704503059387207e-06,94.07343292236328,70.3828353881836,70.52204895019531,99.33120727539062,291.568359375,284.26416015625,269.330078125,222.2336578369141,-2.896759033203125,1.467498779296875,0.9103546142578124,-1.0686798095703125,0.8908843994140625,3.177032470703125,14.694580078125,-6.978851318359375,8.079270630166869,78.32610575358073,3.0306579994389433,3.499583973437389,14.72275209314239,7.060201290271378,-1.0286923497915268e-05,1.8280792236328125,-7.8697357177734375,-76.92255628996078,23.55138397216797,23.690597534179688,-0.13921356201171875,22.23828125,7.30419921875,14.93408203125,-2.9687536880373955e-05,1.9400613382458687e-05
1991-007,1991-10-29 00:00:00,12.0,80.5,0,25.0,998.0,4.0,0.0,25.0,0.0,25.0,0.0,,,1,1,,,,,0,-3.943685442209244e-06,-3.446219488978386e-05,1.3504177331924438e-08,-6.0346443206071854e-05,94.49586486816406,69.1799545288086,51.33977127075195,101.39024353027344,291.391845703125,283.7021484375,270.07763671875,222.09494018554688,-5.6328887939453125,-5.5974578857421875,-3.6771240234375,-4.480438232421875,2.254638671875,7.8057098388671875,10.712982177734377,-3.71270751953125,6.077611608588226,71.6718635559082,6.067357885082183,9.605240281806875,11.326483488894318,5.818807771367906,-5.640275776386261e-05,1.1524505615234375,-5.96734619140625,-79.0692583647798,43.15609359741211,25.31591033935547,17.84018325805664,21.314208984375,7.689697265625,13.62451171875,3.957189619541168e-06,-6.035994738340378e-05
1991-007,1991-10-29 06:00:00,12.5,79.5,0,25.0,1000.0,4.0,0.0,25.0,0.0,25.0,0.0,25.0,0.0,1,1,,,,,0,-2.9094284400343895e-05,4.396773874759674e-06,7.342780008912086e-05,-7.737264968454838e-05,98.9271011352539,75.6479721069336,75.69734191894531,101.06177520751952,291.1845703125,283.093505859375,269.694091796875,222.25782775878903,-8.60015869140625,-10.315414428710938,-7.5175628662109375,-8.732803344726562,-3.2675323486328125,4.3009490966796875,8.796051025390625,0.2756195068359375,3.545633889019862,83.42413838704427,9.19997267206443,11.17613251390156,11.570836836145823,8.737151730982811,-4.827836528420448e-05,-0.1326446533203125,3.54315185546875,92.14397564369489,23.229759216308594,23.279129028320312,-0.04936981201171875,21.490478515625,8.091064453125,13.3994140625,0.00010252208448946476,-0.00015080044977366924
1991-008,1991-11-11 12:00:00,11.0,87.5,0,25.0,1006.0,4.0,,,,,,,,1,1,,,,,0,5.966750904917717e-06,-2.1321699023246765e-05,-1.6652047634124756e-05,-5.898764356970787e-06,90.59176635742188,82.10330963134766,88.73394775390625,99.57624816894533,290.306640625,281.96044921875,267.7940673828125,219.46603393554688,-2.4097137451171875,-1.038604736328125,-2.2522125244140625,-12.68145751953125,-3.32110595703125,-5.7753143310546875,-2.1871490478515625,2.286102294921875,11.7025426531154,87.14300791422527,4.103226183289822,5.867960073211888,3.139439792804691,12.88586933514859,-1.1865515261888504e-05,-10.271743774414062,5.607208251953125,151.37046102558324,1.857818603515625,8.488456726074219,-6.630638122558594,22.5125732421875,8.34619140625,14.1663818359375,-2.2618798539042473e-05,1.0753283277153969e-05
1991-008,1991-11-11 18:00:00,11.0,87.5,0,25.0,1006.0,4.0,0.0,25.0,0.0,,,,,1,1,,,,,0,3.005494363605976e-05,5.341647192835808e-05,-8.612126111984253e-05,0.0001087682321667,87.76936340332031,71.33351135253906,101.11048889160156,100.1408233642578,290.54736328125,282.102783203125,267.7421875,217.82286071777344,-3.2404022216796875,-1.481231689453125,1.4589385986328125,-8.9498291015625,1.1371307373046875,-3.3137969970703125,-0.901611328125,0.680755615234375,5.727637693567313,86.73778788248698,3.434133496530057,3.6297793122492146,1.7150524253164978,8.975682099698505,7.871328853064023e-05,-5.7094268798828125,-0.4563751220703125,-175.42985823219163,-13.34112548828125,16.43585205078125,-29.7769775390625,22.80517578125,8.444580078125,14.360595703125,-0.00011617620475590229,0.00019488949328654254
1991-008,1991-11-12 00:00:00,11.0,87.0,0,25.0,1006.0,4.0,0.0,25.0,0.0,25.0,0.0,,,1,1,,,,,0,-1.26746017485857e-05,-4.95067797601223e-06,-4.349788650870323e-05,3.4442637115716934e-06,92.66121673583984,82.24974822998047,73.9718017578125,95.9791488647461,290.250244140625,282.05322265625,267.61798095703125,217.45233154296875,-1.496063232421875,-1.721466064453125,4.0048675537109375,-5.6853485107421875,1.039337158203125,-1.5194549560546875,-6.2710723876953125,-2.518157958984375,5.495987868615087,82.96092224121094,1.8216549958283366,2.296124729744202,7.440787123314389,6.218062977728255,1.6118865460157394e-05,-4.1892852783203125,-3.5574951171875,-139.66244952138717,18.689414978027344,10.411468505859375,8.277946472167969,22.63226318359375,8.197021484375,14.43524169921875,-3.082328476011753e-05,4.6942150220274925e-05
1991-008,1991-11-12 06:00:00,11.0,86.5,0,25.0,1004.0,4.0,0.0,25.0,0.0,25.0,0.0,,,1,1,,,,,0,1.3124896213412283e-05,6.9821253418922424e-06,-1.6528647392988205e-05,-2.5246990844607353e-05,92.18595123291016,78.4202880859375,66.32461547851562,93.21595764160156,290.273193359375,282.6025390625,267.903076171875,218.88075256347656,-1.300018310546875,-0.4039154052734375,-1.7364044189453125,-9.512908935546877,1.933349609375,0.321807861328125,-8.79425048828125,3.0365142822265625,8.286648581522,78.9769515991211,2.3297828911354843,0.5164377544581602,8.964036030537127,9.985782663475783,-3.837188705801964e-05,-8.212890625000002,1.1031646728515625,172.34975637444376,25.86133575439453,13.765663146972656,12.095672607421875,22.3701171875,7.670654296875,14.699462890625,-2.965354360640049e-05,-8.718343451619148e-06
1991-008,1991-11-12 12:00:00,11.0,86.0,0,25.0,1004.0,4.0,0.0,25.0,0.0,25.0,0.0,25.0,0.0,1,1,,,,,0,6.279442459344864e-06,-3.6229612305760384e-05,1.8372200429439545e-05,5.8685196563601494e-05,93.54595947265624,87.79325866699219,81.04377746582031,100.7453384399414,290.490234375,282.531494140625,268.1985168457031,220.2288360595703,-1.3793182373046875,-1.1156005859375,-1.9860382080078125,-5.998748779296875,-1.231689453125,-3.3032073974609375,-7.8776397705078125,3.2681121826171875,6.448825729799054,87.46099853515625,1.8492100228748145,3.486508823735393,8.124134176486333,6.831218350725339,5.240575410425663e-05,-4.6194305419921875,4.4998016357421875,135.75158063324457,12.502182006835923,5.752700805664048,6.749481201171875,22.291717529296875,7.958740234375,14.332977294921875,1.209275797009468e-05,4.031299613416195e-05
1991-008,1991-11-12 18:00:00,11.0,85.0,0,25.0,1004.0,4.0,0.0,25.0,0.0,25.0,0.0,25.0,0.0,1,1,,,,,0,-1.5914440155029297e-05,-3.172759898006916e-05,1.5106052160263062e-06,-7.861526682972908e-06,95.25823974609376,81.4472427368164,67.28743743896484,101.9865493774414,290.17578125,282.630859375,268.5458984375,219.37744140625,-3.83392333984375,-6.794281005859375,-3.454498291015625,-6.0521240234375,-0.553009033203125,-5.046600341796875,-7.99078369140625,6.8946075439453125,7.770933467281263,81.33097330729167,3.873601317456781,8.463476200498576,8.705525971787917,9.174084062188275,8.052913472056389e-06,-2.21820068359375,7.4476165771484375,106.5856546889778,27.97080230712892,13.810997009277358,14.159805297851562,21.6298828125,7.544921875,14.0849609375,1.7425045371055603e-05,-9.372131898999214e-06
1991-008,1991-11-13 00:00:00,11.0,84.5,0,25.0,1004.0,4.0,0.0,25.0,0.0,25.0,0.0,25.0,0.0,1,1,,,,,0,3.130640834569931e-06,4.861736670136452e-06,-7.665017619729042e-06,2.7140529709868133e-05,90.3245620727539,78.88995361328125,90.41502380371094,99.65416717529295,290.757568359375,282.5244140625,268.2173767089844,219.2075653076172,-0.5592803955078125,-1.6148529052734375,-3.717575073242187,-2.60430908203125,-0.960479736328125,-2.9480133056640625,-1.094940185546875,3.82794189453125,5.20683435914623,86.54317982991536,1.1114476527017905,3.3613289568327605,3.8754688019795847,4.629855823096217,2.4009888875298202e-05,-2.0450286865234375,4.788421630859375,113.12625338119231,-0.09046173095703125,11.434608459472656,-11.525070190429688,22.540191650390625,8.233154296875,14.307037353515625,-1.0795658454298973e-05,3.4805547329597175e-05
1991-008,1991-11-13 06:00:00,11.0,83.5,0,30.0,1004.0,6.0,5.0,25.0,5.0,25.0,5.0,25.0,5.0,1,1,,,,,0,7.887836545705795e-06,-1.141754910349846e-05,1.4505814760923386e-05,-7.493013981729746e-06,94.994873046875,73.7166748046875,80.48926544189453,76.23089599609375,290.467529296875,282.539794921875,268.7420654296875,219.1273498535156,-0.990264892578125,1.127838134765625,0.4670867919921875,-4.50927734375,-3.1234893798828125,-2.700714111328125,0.8113250732421875,-2.4701080322265625,3.5791557408092465,83.06693776448567,3.2767072593860873,2.9267517095507896,0.9361722308021072,5.141499377975965,-1.538085052743554e-05,-3.519012451171875,0.65338134765625,169.48156924504852,14.505607604980469,21.2781982421875,-6.772590637207031,21.7254638671875,7.927734375,13.7977294921875,6.61797821521759e-06,-2.199882874265313e-05
1991-008,1991-11-13 12:00:00,11.0,83.0,0,35.0,1000.0,8.0,5.0,30.0,5.0,25.0,10.0,25.0,10.0,1,1,,,,,0,1.392187550663948e-05,-1.0253861546516418e-06,-2.2421590983867645e-07,4.384247586131096e-05,92.36312866210938,81.38593292236328,76.01873779296875,92.3205337524414,290.679443359375,282.716064453125,269.232177734375,220.4773101806641,-0.8596954345703125,0.461944580078125,1.3884124755859375,-6.6386871337890625,3.0275726318359375,2.74908447265625,3.0327301025390625,-2.939910888671875,8.307081595071251,83.2559331258138,3.1472642534847663,2.787625913364856,3.3354371643323253,7.2605263510070595,2.9920600354671478e-05,-5.77899169921875,-5.9674835205078125,-134.08067238828284,16.344390869140625,10.977195739746094,5.367195129394531,21.447265625,7.96337890625,13.48388671875,-1.4146091416478157e-05,4.4066691771149635e-05
1991-008,1991-11-13 18:00:00,11.0,82.0,0,35.0,1000.0,8.0,0.0,35.0,0.0,30.0,5.0,25.0,10.0,1,1,,,,,0,3.260793164372444e-06,-8.739763870835304e-06,1.5132827684283257e-05,-2.162880264222622e-05,89.14689636230469,76.00788879394531,65.77592468261719,91.2834701538086,291.15380859375,283.48583984375,269.59423828125,220.0725250244141,-6.1686859130859375,-4.4371337890625,-1.4528656005859375,-9.530426025390623,2.205810546875,1.680938720703125,1.620574951171875,1.6944580078125,3.400408505148168,76.97690327962239,6.551204932148732,4.744861562237532,2.1764837756646984,9.67988678475543,-2.4889595806598663e-05,-3.3617401123046857,-0.5113525390625,-171.351066452396,23.3709716796875,13.139007568359375,10.231964111328125,21.5595703125,7.66796875,13.8916015625,1.1872034519910812e-05,-3.6761630326509476e-05
1991-008,1991-11-14 00:00:00,11.0,81.0,0,35.0,1000.0,8.0,0.0,35.0,0.0,35.0,0.0,25.0,10.0,1,1,,,,,0,2.663582563400269e-06,-1.9362429156899452e-05,1.8184306100010872e-05,6.7462678998708725e-06,95.6456298828125,92.6794662475586,86.80654907226562,102.69873809814452,290.78125,283.1552734375,269.27587890625,220.06524658203125,-6.5804901123046875,-4.4088287353515625,-2.245330810546875,-8.382125854492188,-3.006072998046875,-2.4676361083984375,1.510223388671875,-1.7271270751953125,2.2094329637049728,91.7105484008789,7.234592247509619,5.052425039635269,2.7059721233750076,8.558212533842514,4.082685336470604e-06,-1.8016357421875,1.2789459228515625,144.62980388860873,8.839080810546875,2.9661636352539062,5.872917175292969,21.50537109375,7.6259765625,13.87939453125,1.5520723536610603e-05,-1.143803820014e-05
1991-008,1991-11-14 06:00:00,10.5,80.5,0,45.0,1000.0,10.0,10.0,35.0,10.0,35.0,10.0,30.0,15.0,1,1,,,,,0,1.308368518948555e-05,1.0488089174032211e-05,-4.8707472160458565e-05,4.16547991335392e-05,94.56785583496094,76.37994384765625,67.03185272216797,100.08699798583984,291.03955078125,283.632080078125,269.76513671875,220.25729370117188,4.06805419921875,3.319061279296875,6.6805267333984375,-5.932708740234375,-6.4581146240234375,-4.1341094970703125,0.2534942626953125,-3.0701751708984375,10.55904319098942,79.32655080159505,7.632582096827173,5.301606276355757,6.685334455124189,6.680045551974522,2.857111394405365e-05,-10.000762939453125,3.387939453125,161.28525934543572,27.53600311279297,18.187911987304688,9.348091125488281,21.2744140625,7.407470703125,13.866943359375,-6.179115734994411e-05,9.036227129399776e-05
1991-008,1991-11-14 12:00:00,11.0,80.5,0,45.0,998.0,10.0,0.0,45.0,0.0,35.0,10.0,35.0,10.0,1,1,,,,,0,2.1636951714754105e-06,-1.4004763215780258e-05,2.924795262515545e-05,-1.440383493900299e-05,90.01947021484375,78.9571533203125,68.33284759521484,100.33184814453124,291.5390625,283.90185546875,269.906494140625,220.4566192626953,1.77972412109375,2.1772613525390625,7.397857666015625,-1.274505615234375,0.017730712890625,2.3170166015625,5.2791595458984375,-4.75439453125,5.66581844291142,79.10315704345703,1.7798124410685894,3.1794705422721665,9.088334476551617,4.92225882314653,-1.65675301104784e-05,-3.054229736328125,-4.772125244140625,-122.61983571935937,21.686622619628906,11.06231689453125,10.624305725097656,21.632568359375,7.63720703125,13.995361328125,2.708425745368004e-05,-4.365178756415844e-05
1992-001,1992-05-16 06:00:00,11.5,87.5,0,25.0,1002.0,4.0,,,,,,,,1,1,,,,,0,1.3401731848716736e-06,7.395166903734207e-06,-0.000128666870296,0.0001234349329024,81.06330871582031,88.33834838867188,96.15235900878906,99.90093994140624,291.693115234375,282.905517578125,269.101318359375,221.89913940429688,8.851104736328125,6.256256103515625,-4.1313323974609375,6.2396240234375,-3.556060791015625,1.662567138671875,5.5049591064453125,6.2772674560546875,10.174191659705976,88.51800537109375,9.538743282154565,6.473397092977388,6.882767041092231,8.850818869952185,0.00012209475971752833,-2.611480712890625,9.833328247070312,104.87297639878793,-15.08905029296875,-7.2750396728515625,-7.8140106201171875,22.591796875,8.78759765625,13.80419921875,-0.00013000704348087167,0.0002521018031984
1992-001,1992-05-16 12:00:00,12.0,87.0,0,25.0,1000.0,4.0,0.0,25.0,0.0,,,,,1,1,,,,,0,-3.428640775382519e-05,-8.486537262797356e-05,4.744646139442921e-05,-5.603977479040623e-05,81.47147369384766,88.3559341430664,101.49215698242188,96.4119873046875,291.624267578125,282.872802734375,269.822265625,221.74710083007812,9.218109130859377,3.9795989990234375,0.004638671875,-4.2039031982421875,-0.351348876953125,-5.0384674072265625,-5.7241668701171875,2.797119140625,13.786343453587202,90.43985493977864,9.224802544324145,6.420542189465988,5.72416874962854,5.049423490562227,-2.175336703658104e-05,-13.422012329101564,3.148468017578125,166.79852942986744,-20.02068328857422,-6.88446044921875,-13.136222839355469,21.802001953125,8.75146484375,13.050537109375,8.17328691482544e-05,-0.00010348623618483543
1992-001,1992-05-16 18:00:00,12.5,87.0,0,25.0,1000.0,4.0,0.0,25.0,0.0,25.0,0.0,,,1,1,,,,,0,-3.948132507503033e-05,-2.0487001165747643e-05,2.6637455448508263e-05,5.1137525588274e-05,80.92113494873047,87.6835708618164,100.20258331298828,100.143310546875,291.8515625,283.339111328125,269.2080078125,221.3382568359375,10.919052124023438,3.3957366943359375,-3.7354888916015625,0.960113525390625,-0.720489501953125,-3.6848297119140625,-6.805145263671875,-1.1730194091796875,9.969214679616092,89.60242970784505,10.942796918958399,5.010887915635735,7.7629813421748235,1.5158471281597883,9.061885066330433e-05,-9.958938598632812,-0.4525299072265625,-177.3982939464812,-19.281448364257812,-6.7624359130859375,-12.519012451171875,22.6435546875,8.512451171875,14.131103515625,6.611878052353859e-05,2.450007013976574e-05
1992-001,1992-05-17 00:00:00,12.5,87.0,0,25.0,998.0,4.0,0.0,25.0,0.0,25.0,0.0,,,1,1,,,,,0,1.7057638615369797e-05,8.624978363513947e-06,-5.644187331199646e-05,-3.962218761444092e-05,76.86321258544922,72.92274475097656,101.50029754638672,101.1234893798828,292.29345703125,283.372802734375,269.0322265625,221.9702606201172,13.786849975585938,6.7647705078125,0.2346038818359375,-0.70745849609375,6.123565673828125,-6.7779388427734375,-5.3997344970703125,0.5950164794921875,15.512892517722094,83.7620849609375,15.08559872232455,9.576146144443845,5.40482854679255,0.9244144820168642,-5.6679826229810715e-05,-14.494308471679688,-5.5285491943359375,-159.12169968307032,-24.6370849609375,3.9404678344726562,-28.577552795410156,23.26123046875,8.920654296875,14.340576171875,-7.349951192736626e-05,1.6819685697555542e-05
1992-001,1992-05-17 06:00:00,14.0,87.0,0,30.0,996.0,6.0,5.0,25.0,5.0,25.0,5.0,25.0,5.0,1,1,,,,,0,7.585855200886726e-06,3.362051211297512e-05,-2.192355168517679e-05,9.738444350659849e-05,81.14579772949219,77.95506286621094,101.2451171875,102.82211303710938,292.2275390625,282.499755859375,267.848388671875,222.6595458984375,15.939773559570312,5.1182403564453125,-0.933349609375,-7.0487060546875,1.817230224609375,-10.35699462890625,-15.384750366210938,11.974136352539062,25.13230862986373,86.78199259440105,16.04302673499021,11.552650002901428,15.413036213671466,13.894754349558891,8.979858830571176e-05,-22.988479614257812,10.156906127929688,156.16291586994706,-20.099319458007812,3.19073486328125,-23.290054321289062,24.379150390625,9.727783203125,14.6513671875,-2.9509406886063516e-05,0.00011930799519177528
1992-001,1992-05-17 12:00:00,14.5,87.5,0,30.0,996.0,6.0,0.0,30.0,0.0,25.0,5.0,25.0,5.0,1,1,,,,,0,9.797164238989352e-05,-0.000125685473904,-7.08308070898056e-05,1.7117708921432495e-06,53.411983489990234,70.62625122070312,97.71880340576172,88.17249298095703,292.669921875,282.956787109375,270.078125,222.56846618652344,13.259246826171877,0.09637451171875,0.2543792724609375,8.387619018554688,-13.647079467773438,-6.73614501953125,8.655593872070312,0.0718231201171875,14.558195139232788,73.91901270548503,19.027622142482027,6.736834402793696,8.659331041857616,8.38792652334316,-9.625987149775027e-05,-4.871627807617189,13.718902587890625,109.5501192314316,-44.306819915771484,-17.21426773071289,-27.092552185058594,22.591796875,9.713134765625,12.878662109375,-0.00016880244947969913,7.254257798194885e-05
1992-001,1992-05-17 18:00:00,14.5,88.0,0,30.0,996.0,6.0,0.0,30.0,0.0,30.0,0.0,25.0,5.0,1,1,,,,,0,3.604916855692863e-06,-2.7769478037953377e-05,5.145114846527576e-05,-1.9744911696761847e-06,33.669708251953125,67.6440658569336,98.84874725341795,95.7019500732422,295.772216796875,282.643310546875,268.87158203125,222.2072296142578,11.433013916015623,2.4846343994140625,3.54388427734375,-5.208343505859375,-6.332672119140625,-17.4669189453125,1.7545166015625,-1.4417724609375,17.34519173457606,66.72084045410156,13.069680308727827,17.64275107631654,3.9544208522061304,5.40421593796411,-5.579408025369048e-06,-16.641357421875,4.890899658203125,163.62192281191375,-65.17903900146483,-33.97435760498047,-31.20468139648436,26.900634765625,13.12890625,13.771728515625,4.7846231609582894e-05,-5.342563963495194e-05
1992-001,1992-05-18 00:00:00,14.5,88.0,0,30.0,994.0,8.0,0.0,30.0,0.0,30.0,0.0,25.0,5.0,1,1,,,,,0,-7.207505404949188e-06,1.4113495126366615e-05,2.901698462665081e-05,1.1187512427568436e-06,70.71791076660156,51.33243560791016,97.37380981445312,91.22380065917967,294.507080078125,283.37548828125,268.19970703125,223.72691345214844,14.068511962890623,10.430770874023438,4.279998779296875,-5.77593994140625,0.087005615234375,-3.7453765869140625,-8.608963012695312,4.581268310546875,20.34700637824713,73.14138539632161,14.06878100003973,11.082816736018858,9.61418918602805,7.372211441620014,8.326256647706032e-06,-19.844451904296875,4.4942626953125,167.23922914147988,-26.655899047851562,19.3854751586914,-46.04137420654296,26.307373046875,11.131591796875,15.17578125,3.62244900316e-05,-2.7898233383893967e-05
1992-001,1992-05-18 06:00:00,15.5,89.5,0,35.0,994.0,10.0,5.0,30.0,5.0,30.0,5.0,30.0,5.0,1,1,,,,,0,1.32131390273571e-05,-2.0311446860432625e-05,4.297727718949318e-05,-2.6752939447760585e-05,69.6743392944336,80.88363647460938,99.39534759521484,100.17575073242188,292.615478515625,282.9140625,269.649658203125,224.28933715820312,17.589889526367188,12.017578125,9.00726318359375,0.2594757080078125,-5.756011962890625,-10.732223510742188,6.2011260986328125,5.3067474365234375,20.560347483564225,83.31777445475261,18.507725070000962,16.112194309745828,10.93548146858054,5.313087237952548,-3.9966078475117683e-05,-17.330413818359375,11.062759399414062,147.44813345417293,-29.72100830078125,-11.209297180175781,-18.51171112060547,22.9658203125,9.701416015625,13.264404296875,2.9764138162136078e-05,-6.973021663725376e-05
1992-001,1992-05-18 12:00:00,16.5,91.0,0,35.0,992.0,10.0,0.0,35.0,0.0,30.0,5.0,30.0,5.0,1,1,,,,,0,-1.9786879420280457e-05,2.3237429559230804e-05,-7.889373227953911e-05,-4.39169816672802e-05,82.0384521484375,84.15790557861328,87.574462890625,97.19967651367188,291.66943359375,284.567138671875,270.725830078125,224.66929626464844,20.7906494140625,13.00018310546875,12.1959228515625,2.1670684814453125,-7.4494476318359375,-1.0357513427734375,11.847183227539062,3.189239501953125,21.448063564909337,84.59027353922527,22.084958072813347,13.04137805677652,17.002831664994723,3.855831220903206,-2.413010224699974e-05,-18.623580932617188,10.638687133789062,150.26290983529213,-5.5360107421875,-2.1194534301757812,-3.4165573120117188,20.943603515625,7.102294921875,13.84130859375,-5.910685285925865e-05,3.497675061225891e-05
1992-003,1992-06-17 06:00:00,19.5,88.0,0,30.0,988.0,6.0,,,,,,,,1,1,,,,,0,-3.0756695196032524e-05,-8.217687718570232e-05,4.996918141841888e-05,-1.9195489585399628e-05,96.8978500366211,90.70675659179688,95.64030456542967,108.14190673828124,293.448974609375,286.583740234375,272.12255859375,227.50209045410156,10.660888671875,3.24737548828125,-2.949920654296875,0.5638427734375,7.511886596679688,8.591094970703125,4.9490966796875,2.950897216796875,11.07939348513976,94.41497039794922,13.041586848059888,9.184354106714876,5.76156140395476,3.0042824529756245,1.1561205610632896e-05,-10.0970458984375,-4.560989379882813,-155.69058136743774,1.2575454711914205,6.191093444824219,-4.933547973632798,21.326416015625,6.865234375,14.461181640625,8.072587661445141e-05,-6.916467100381851e-05
1992-003,1992-06-17 12:00:00,19.5,87.0,0,30.0,984.0,8.0,0.0,30.0,0.0,,,,,1,1,,,,,0,6.448617205023766e-05,-7.555121555924416e-05,-7.315538823604584e-07,-1.4366116374731064e-05,95.0512924194336,75.6646957397461,67.15425109863281,100.3167724609375,294.02685546875,286.654052734375,273.7763671875,227.47930908203125,19.162811279296875,12.240585327148438,-0.5007476806640625,-7.904953002929688,9.827606201171877,13.436874389648438,10.042129516601562,-6.724884033203125,31.72772913710119,79.29007975260417,21.535904433556055,18.176400152791302,10.054606579468476,10.378455917840448,-7.885228842496872e-05,-27.067764282226562,-16.552490234375,-148.55336310571948,27.89704132080078,19.3865966796875,8.510444641113281,20.25048828125,7.372802734375,12.877685546875,-6.521772593259811e-05,-1.3634562492370605e-05
1992-003,1992-06-17 18:00:00,20.0,86.5,0,30.0,980.0,12.0,0.0,30.0,0.0,30.0,0.0,,,1,1,,,,,0,6.431713700294495e-05,1.211441121995449e-05,-7.979129441082478e-05,4.861457273364067e-05,99.74810791015624,73.04961395263672,97.1885986328125,105.7322235107422,293.52978515625,286.549072265625,273.29541015625,226.4307098388672,9.303436279296877,7.3004913330078125,-3.5899658203125,-9.696334838867188,11.209564208984377,10.19195556640625,10.433273315429688,-1.1661529541015625,22.674868860553993,89.99544016520183,14.567369575811579,12.536870900305289,11.033632523583028,9.766208170000748,-1.5702564269304276e-05,-18.999771118164062,-12.37571716308594,-146.92133251714262,2.559509277343736,26.698493957519517,-24.13898468017578,20.234375,6.980712890625,13.253662109375,-0.00014410843141376972,0.00012840586714446545
1992-003,1992-06-18 00:00:00,21.0,86.0,0,30.0,984.0,8.0,0.0,30.0,0.0,30.0,0.0,,,1,1,,,,,0,2.9496848583221436e-05,2.1711457520723343e-05,7.501104846596718e-06,4.130043089389801e-05,92.9523468017578,59.96993637084961,64.74598693847656,94.09114074707033,294.903564453125,287.617919921875,272.77978515625,227.1104431152344,-6.1390380859375,-5.977142333984375,-11.55877685546875,7.2585601806640625,10.251556396484377,13.683013916015623,11.8255615234375,5.464691162109375,14.22707693397745,72.556090037028,11.949150479046237,14.931547150465867,16.53630030385048,9.08567803708442,1.1803582310676575e-05,13.397598266601562,-4.786865234375002,-19.661442325614416,28.206359863281236,32.98241043090819,-4.776050567626953,22.123779296875,7.28564453125,14.838134765625,-2.1995743736624718e-05,3.379932604730129e-05
1992-003,1992-06-18 06:00:00,21.0,84.5,0,25.0,990.0,4.0,-5.0,30.0,-5.0,30.0,-5.0,30.0,-5.0,1,1,,,,,0,-2.152053639292717e-06,2.0346371456980705e-05,1.872214488685131e-05,-0.0001200442202389,98.6843719482422,80.61104583740234,72.2827377319336,99.45694732666016,292.948486328125,287.02685546875,272.92333984375,227.78305053710935,-6.6680908203125,-11.047943115234377,-11.542617797851562,-4.761566162109375,13.227005004882812,16.32666015625,12.176605224609377,6.1824188232421875,7.298015534575039,83.85938517252605,14.81273427113073,19.713368026167824,16.778013601832132,7.803512979557625,-0.00011789216659960728,1.906524658203125,-7.044586181640625,-74.85642047153715,26.401634216308608,18.073326110839858,8.32830810546875,20.025146484375,5.921630859375,14.103515625,2.0874198526144028e-05,-0.00013876636512575132
1992-003,1992-06-18 12:00:00,21.0,83.5,0,25.0,990.0,4.0,0.0,25.0,0.0,30.0,-5.0,30.0,-5.0,1,1,,,,,0,5.7271914556622505e-05,5.392823368310928e-05,4.660803824663162e-06,8.572963997721672e-05,97.0051498413086,97.74085235595705,95.81918334960938,100.2322006225586,293.288330078125,286.53857421875,273.350830078125,227.76974487304688,-14.578689575195312,-15.876861572265623,-11.797683715820312,1.6309814453125,1.3352813720703125,3.685943603515625,4.984222412109375,5.776641845703125,16.807115084089794,96.85506184895833,14.639711953194519,16.299107755738735,12.807334387447888,6.0024737807409085,2.8457725420594215e-05,16.209671020507812,4.4413604736328125,15.322676325676879,1.1859664916992188,-0.7357025146484517,1.9216690063476705,19.9375,6.749755859375,13.187744140625,-5.261111073195934e-05,8.106883615255356e-05
1992-003,1992-06-18 18:00:00,21.0,83.0,0,25.0,992.0,4.0,0.0,25.0,0.0,25.0,0.0,30.0,-5.0,1,1,,,,,0,8.541671559214592e-05,2.3222528398036957e-05,-6.350455805659294e-06,7.843389175832272e-05,99.73039245605467,94.59661865234376,79.14669036865234,98.5589370727539,293.33251953125,286.504638671875,274.380859375,226.30809020996097,-12.436874389648438,-12.051376342773438,-11.828216552734377,0.2034149169921875,3.0548248291015625,4.71661376953125,4.7058563232421875,-3.4080352783203125,14.196671247996074,91.15790049235027,12.806552983546688,12.94148821450188,12.729956423860138,3.414100479882036,-6.982823833823204e-06,12.640289306640625,-6.462860107421875,-27.08022994500292,20.58370208740233,5.133773803710909,15.44992828369142,18.95166015625,6.827880859375,12.123779296875,-9.176717139780521e-05,8.478434756398201e-05
1992-003,1992-06-19 00:00:00,21.0,82.5,0,25.0,990.0,4.0,0.0,25.0,0.0,25.0,0.0,30.0,-5.0,1,1,,,,,0,8.034729398787022e-05,-6.424263119697571e-06,-1.7080223187804222e-05,-1.5508849173784256e-05,100.36217498779295,86.55574035644531,79.26618957519531,46.79561233520508,292.9677734375,287.090576171875,273.16943359375,225.82781982421875,-10.18023681640625,-8.506240844726562,-9.326507568359377,-1.337310791015625,7.2404327392578125,10.316665649414062,6.8688201904296875,-9.55218505859375,18.97865519986208,88.72803497314453,12.492441230193146,13.371227446659283,11.58293720224362,9.645342894132304,-9.585614316165447e-05,8.842926025390625,-16.792617797851562,-62.22888681850133,21.095985412597642,13.806434631347642,7.28955078125,19.79833984375,5.877197265625,13.921142578125,-9.742751717567444e-05,1.5713740140199661e-06
1992-003,1992-06-19 06:00:00,21.0,81.0,0,25.0,990.0,4.0,0.0,25.0,0.0,25.0,0.0,25.0,0.0,1,1,,,,,0,3.141630440950394e-05,-7.601920515298843e-07,3.095273859798908e-05,-2.4777371436357495e-05,99.41961669921876,93.38610076904295,82.97596740722656,45.55851364135742,293.2021484375,286.954345703125,273.755615234375,226.349609375,-10.579986572265623,-8.806793212890625,-10.825027465820312,-10.33123779296875,2.521636962890625,4.783599853515625,4.7266082763671875,-4.3593292236328125,6.885460886192048,91.92722829182942,10.876339864216138,10.022097298129324,11.811945031788241,11.213305739829128,-5.6193675845861435e-05,0.24874877929687322,-6.8809661865234375,-87.92964371449553,16.4436492919922,6.03351593017581,10.410133361816392,19.446533203125,6.247802734375,13.19873046875,-4.6356581151485443e-07,-5.573011003434658e-05
1992-004,1992-07-26 00:00:00,20.0,88.5,0,25.0,990.0,4.0,,,,,,,,1,1,,,,,0,1.0260846465826037e-06,1.422036439180374e-05,1.5961704775691032e-05,4.2957253754138947e-07,89.39242553710938,79.41061401367188,98.2955322265625,90.56126403808594,293.40087890625,285.89794921875,271.649169921875,224.9688415527344,-3.598846435546875,-1.6186370849609375,-8.804763793945312,1.3332977294921875,9.850723266601562,12.783706665039062,8.4189453125,13.7808837890625,6.306521053404904,89.03285725911458,10.487537582379089,12.885772856549,12.18205670820966,13.845231700593336,-5.965121090412142e-07,4.9321441650390625,3.9301605224609375,38.54945736779056,-8.903106689453125,9.9818115234375,-18.884918212890625,21.751708984375,7.5029296875,14.248779296875,1.4935620129108429e-05,-1.5532132238149643e-05
1992-004,1992-07-26 06:00:00,20.5,87.5,0,30.0,986.0,6.0,5.0,25.0,5.0,,,,,1,1,,,,,0,-7.675960659980774e-06,2.9569491744041443e-06,-2.3958273231983185e-06,-3.120093606412411e-05,92.29674530029295,83.4504165649414,99.62105560302734,102.80978393554688,293.728271484375,285.99560546875,272.416748046875,226.05978393554688,-14.001480102539062,-12.7139892578125,-9.362030029296877,-7.63848876953125,8.631805419921875,7.282196044921875,0.2502593994140625,2.4307708740234375,8.884845983097197,91.7894058227539,16.44838927886831,14.6518224833789,9.365374313739498,8.0159314944837,-2.3524975404143333e-05,6.3629913330078125,-6.2010345458984375,-44.26146869391342,-7.324310302734389,8.846328735351548,-16.170639038085938,21.3115234375,7.732666015625,13.578857421875,5.2801333367824554e-06,-2.880510874092579e-05
1992-004,1992-07-26 12:00:00,20.5,87.5,0,30.0,986.0,8.0,0.0,30.0,0.0,25.0,5.0,,,1,1,,,,,0,7.124617695808411e-06,8.993782103061676e-06,-4.897057078778744e-05,9.46959771681577e-05,98.9010772705078,85.6214370727539,75.42822265625,99.9454345703125,293.47314453125,287.378662109375,273.584228515625,226.38375854492188,1.376434326171875,-0.9334869384765624,-13.341476440429688,-4.98040771484375,11.2943115234375,10.385879516601562,8.358535766601562,3.0998077392578125,10.371081573459874,86.6502456665039,11.377875207731773,10.42774621851099,15.743573729369643,5.8662823855008694,8.757135947234929e-05,-6.356842041015625,-8.194503784179688,-127.80232822604216,23.4728546142578,13.279640197753892,10.193214416503906,19.888916015625,6.094482421875,13.79443359375,-5.609518848359585e-05,0.00014366654795594513
1992-004,1992-07-26 18:00:00,20.5,87.0,0,30.0,984.0,10.0,0.0,30.0,0.0,30.0,0.0,,,1,1,,,,,0,-7.340451702475548e-06,3.2382551580667496e-05,-3.8911122828722e-05,0.0002110411151079,92.77679443359376,78.37032318115234,89.6733169555664,106.23978424072266,294.446533203125,288.861572265625,273.390625,227.6697235107422,-4.009979248046875,-3.8858642578125,-13.056549072265623,-0.478851318359375,11.728347778320312,14.813262939453123,14.0272216796875,8.1060791015625,5.058625783989158,86.94014485677083,12.3949213462207,15.31446048489858,19.163413624080007,8.120210402808711,0.00021838156681037554,3.5311279296875,-3.6222686767578125,-45.72996059090493,3.103477478027358,14.40647125244142,-11.302993774414062,21.055908203125,5.5849609375,15.470947265625,-3.157067112624645e-05,0.000249952237936622
1992-004,1992-07-27 00:00:00,21.0,86.0,0,30.0,986.0,6.0,0.0,30.0,0.0,30.0,0.0,25.0,5.0,1,1,,,,,0,6.005261093378067e-05,3.258674405515194e-05,-1.6081612557172775e-06,-1.204758882522583e-05,99.14456939697266,84.09320831298828,92.02008819580078,100.17023468017578,293.4365234375,287.478515625,272.70458984375,226.9337615966797,-14.058746337890623,-9.204910278320312,-6.8484039306640625,-11.383453369140623,-5.6515045166015625,-1.73046875,3.132354736328125,2.3571624755859375,8.443692288353287,91.75262196858723,15.152156674688948,9.366156913411897,7.53075577825574,11.624939808175759,-7.21001997590065e-05,2.67529296875,8.0086669921875,71.52811776484144,7.124481201171875,15.051361083984375,-7.9268798828125,20.73193359375,5.9580078125,14.77392578125,-6.166077218949795e-05,-1.0439427569508553e-05
1992-004,1992-07-27 06:00:00,21.5,85.0,0,30.0,988.0,6.0,0.0,30.0,0.0,30.0,0.0,30.0,0.0,1,1,,,,,0,-9.14325937628746e-06,-6.787106394767761e-05,8.34055244922638e-05,-3.963964991271496e-05,99.1448974609375,96.77037811279295,98.39762878417967,88.00982666015625,293.345458984375,286.765380859375,272.138671875,226.8816070556641,-12.0191650390625,-5.2942352294921875,-9.100738525390623,-8.310531616210938,-6.8679046630859375,-1.97802734375,-3.61090087890625,0.579345703125,8.319585319120216,98.10430145263672,13.842992548486755,5.651682832380005,9.790916548761665,8.33070088214497,-3.0496390536427498e-05,3.7086334228515625,7.4472503662109375,63.52729496621897,0.7472686767578267,2.3745193481445455,-1.6272506713867188,21.206787109375,6.580078125,14.626708984375,9.254878386855125e-05,-0.00012304517440497875
1992-004,1992-07-27 12:00:00,22.0,83.5,0,30.0,988.0,6.0,0.0,30.0,0.0,30.0,0.0,30.0,0.0,1,1,,,,,0,-3.638584166765213e-05,-5.849404260516167e-06,1.871609129011631e-05,1.4897435903549194e-05,97.52710723876952,96.0121841430664,99.775634765625,26.325029373168945,293.602294921875,285.974365234375,272.489990234375,226.420654296875,-12.402908325195312,-5.7838897705078125,-8.765533447265625,-11.309738159179688,-9.77301025390625,-6.9344482421875,-8.351898193359375,-7.3125457763671875,2.6923793300904317,97.77164204915364,15.790625837697375,9.029947580189058,12.107385351403167,13.467869280649806,5.1283277571201324e-05,1.093170166015625,2.4604644775390625,66.04469851257853,-2.248527526855483,1.5149230957031108,-3.7634506225585938,21.1123046875,7.6279296875,13.484375,5.510193295776844e-05,-3.818655386567116e-06
1992-004,1992-07-27 18:00:00,22.0,83.0,0,30.0,988.0,6.0,0.0,30.0,0.0,30.0,0.0,30.0,0.0,1,1,,,,,0,-4.127738066017628e-05,-3.559142351150513e-05,8.825445547699928e-06,-3.088521771132946e-05,100.21318817138672,100.54623413085938,101.1972198486328,93.78337097167967,292.583251953125,286.383056640625,272.1370849609375,226.6721343994141,-9.550201416015623,-6.7907562255859375,-3.947021484375,-9.090560913085938,-11.804443359375,-9.224197387695312,-5.6051177978515625,1.158203125,12.97079308565259,100.65221405029297,15.183913530811461,11.454265038076393,6.855386504487561,9.164045623701663,1.0392162948846817e-05,0.4596405029296857,12.962646484375,87.96920854022505,-0.9840316772460795,-0.33304595947265625,-0.6509857177734233,20.4461669921875,6.2001953125,14.2459716796875,5.0102826207876205e-05,-3.971066325902939e-05
1992-004,1992-07-28 00:00:00,22.0,83.0,0,30.0,988.0,6.0,0.0,30.0,0.0,30.0,0.0,30.0,0.0,1,1,,,,,0,6.943196058273315e-05,1.9656261429190636e-05,-3.895256668329239e-05,7.181800901889801e-05,99.2629852294922,97.35609436035156,95.49639129638672,101.0685043334961,291.5458984375,286.126708984375,272.032958984375,226.7448883056641,0.682647705078125,4.5577850341796875,8.31195068359375,-7.385086059570312,-0.7657928466796875,-1.4741058349609375,2.9598541259765625,1.6925201416015625,8.43395700994502,97.37182362874348,1.0258881875108077,4.790239287390372,8.823222801989933,7.576550701802683,2.386048436164856e-06,-8.067733764648438,2.45831298828125,163.05353706358557,3.766593933105483,1.9068908691406392,1.8597030639648438,19.512939453125,5.419189453125,14.09375,-0.00010838452726602554,0.0001107705757021904
1992-004,1992-07-28 06:00:00,22.5,82.5,0,30.0,992.0,6.0,0.0,30.0,0.0,30.0,0.0,30.0,0.0,1,1,,,,,0,2.985633909702301e-05,1.6067642718553543e-05,1.4922115951776505e-05,-6.423797458410263e-07,96.88982391357422,99.24535369873048,88.4542236328125,97.71009826660156,292.26123046875,285.285888671875,272.779052734375,226.1311187744141,2.2502899169921875,3.5788726806640625,3.368255615234375,-4.6848602294921875,7.858123779296875,8.64849853515625,12.636062622070312,4.0652313232421875,7.904577201690095,94.86313374837239,8.173977859112888,9.359746608589539,13.077278940148075,6.202743028801613,-3.0498718842864037e-05,-6.935150146484375,-3.7928924560546875,-151.32537669458233,8.435600280761719,-2.355529785156264,10.791130065917983,19.482177734375,6.975341796875,12.5068359375,-1.4934223145246506e-05,-1.556449569761753e-05
1992-004,1992-07-28 12:00:00,23.0,80.0,0,30.0,994.0,6.0,0.0,30.0,0.0,30.0,0.0,30.0,0.0,1,1,,,,,0,-4.1247112676501274e-05,-3.4567900002002716e-05,6.1750877648592e-05,9.026704356074332e-05,96.6454849243164,99.87100219726562,100.4950942993164,89.03228759765625,292.749267578125,285.281494140625,271.977294921875,226.6962890625,8.94415283203125,9.179367065429688,3.1894378662109375,-3.848358154296875,-0.1656646728515625,0.3791961669921875,-5.5746002197265625,-2.96185302734375,13.094541101127732,99.00386047363281,8.945686930949666,9.187195951701302,6.422513644375979,4.856174815565085,0.0001315141562372446,-12.792510986328125,-2.7961883544921875,-167.67020296053752,-3.849609375,-3.2255172729492188,-0.6240921020507812,20.77197265625,7.4677734375,13.30419921875,0.00010299799032509327,2.8516165912151323e-05
1992-004,1992-07-28 18:00:00,23.5,79.0,0,30.0,994.0,6.0,0.0,30.0,0.0,30.0,0.0,30.0,0.0,1,1,,,,,0,-2.335989847779274e-06,-7.61435367166996e-05,0.0001398678869009,-8.159247227013111e-05,99.45024871826172,99.21104431152344,99.02324676513672,55.59388732910156,292.47314453125,285.670166015625,272.289794921875,225.8379821777344,13.262405395507812,4.36236572265625,3.612548828125,-4.8972625732421875,4.8883209228515625,1.4041290283203125,3.5414276123046875,-0.0903472900390625,18.82978167449884,99.22817993164062,14.134605700888267,4.582773508081971,5.058875227635229,4.898095889638758,-7.925648242235184e-05,-18.15966796875,-4.978668212890625,-164.66846296004462,0.427001953125,0.23920440673828125,0.18779754638671875,20.183349609375,6.802978515625,13.38037109375,0.00014220387674867928,-0.00022146035917103112
1992-004,1992-07-29 00:00:00,23.5,78.0,0,30.0,994.0,6.0,0.0,30.0,0.0,30.0,0.0,30.0,0.0,1,1,,,,,0,-0.0001165659632533,-9.47269145399332e-05,0.0001633400097489,7.618963718414307e-05,97.8225555419922,99.2510223388672,100.58148193359376,98.83122253417967,291.6630859375,285.4375,272.043701171875,225.69125366210935,17.928817749023438,9.468902587890623,3.462371826171875,-4.19921875,11.222869873046877,-0.711822509765625,2.7223968505859375,8.184036254882812,22.335722711857738,99.21835327148439,21.151721302651495,9.495620438095173,4.404482180092115,9.198472021569009,0.00019275560043744306,-22.128036499023438,-3.0388336181640643,-172.1805077405392,-2.7589263916015625,-1.428466796875,-1.3304595947265625,19.619384765625,6.2255859375,13.393798828125,0.0002799059730022,-8.715037256475694e-05
1992-004,1992-07-29 06:00:00,24.5,76.5,0,30.0,994.0,6.0,0.0,30.0,0.0,30.0,0.0,30.0,0.0,1,1,,,,,0,-3.858539275825024e-05,2.6940135285258293e-05,1.3023847714066504e-05,1.4825636753812432e-05,97.86282348632812,99.89813232421876,98.04132080078124,100.91764068603516,292.658447265625,285.329833984375,271.497314453125,225.71853637695312,-0.2953338623046875,1.94891357421875,0.4498291015625,-6.7527313232421875,-0.85992431640625,0.0168609619140625,1.1911773681640625,6.805084228515625,10.022491604498724,98.6007588704427,0.9092260006019188,1.948986508883725,1.273283056919705,9.586894788255908,5.3411029512062676e-05,-6.4573974609375,7.665008544921875,130.1125103904007,-0.1784973144531108,-2.035308837890639,1.8568115234375284,21.1611328125,7.32861328125,13.83251953125,5.160924047231675e-05,1.8017890397459286e-06
1992-006,1992-10-07 12:00:00,14.0,85.5,0,25.0,1000.0,4.0,,,,,,,,1,1,,,,,0,-1.3740966096520424e-05,-1.713121309876442e-05,-2.062739804387093e-05,-1.9212020561099052e-05,90.734375,91.73735809326172,87.56654357910156,109.3495635986328,291.5146484375,283.37939453125,269.494873046875,222.52642822265625,-6.692901611328125,-5.3444061279296875,-1.036712646484375,-6.6339569091796875,2.3393402099609375,2.4752044677734375,2.978485107421875,-0.921356201171875,3.261229149183751,90.01275889078777,7.089953779599603,5.889763494193802,3.1537512023801964,6.697632531147912,-5.4710544645786285e-06,0.0589447021484375,-3.2606964111328125,-88.96435778844902,3.1678314208984375,-1.0029830932617188,4.170814514160156,22.019775390625,8.13525390625,13.884521484375,-6.886431947350505e-06,1.4153774827718769e-06
1992-006,1992-10-07 18:00:00,14.0,85.0,0,30.0,1000.0,6.0,5.0,25.0,5.0,,,,,1,1,,,,,0,-3.0722003430128098e-06,8.972827345132828e-06,5.349516868591309e-06,3.326265141367912e-05,93.61611938476562,81.38182830810547,75.85957336425781,102.44709777832033,291.35400390625,283.886474609375,269.7568359375,221.64747619628903,-5.9829254150390625,-5.57440185546875,-4.2005462646484375,-10.6944580078125,6.2189178466796875,6.6264190673828125,4.751800537109375,-3.3173828125,10.63670859030355,83.61917368570964,8.629619673292181,8.659294757821097,6.342254903890641,11.197163069525036,3.633485175669193e-05,-4.7115325927734375,-9.536300659179688,-116.29226992991832,17.756546020507812,12.234291076660156,5.522254943847656,21.59716796875,7.467529296875,14.129638671875,8.421717211604118e-06,2.7913134545087814e-05
1992-006,1992-10-08 00:00:00,14.5,83.5,0,30.0,1000.0,6.0,0.0,30.0,0.0,25.0,5.0,,,1,1,,,,,0,-1.4865072444081306e-05,-5.548354238271713e-06,-8.160015568137169e-06,3.194529563188553e-05,92.34087371826172,91.99723815917967,77.72557067871094,101.07382202148438,291.58203125,284.12744140625,270.352294921875,221.0952606201172,-6.559906005859375,-5.03985595703125,-7.2677001953125,-10.294891357421877,2.7191314697265625,2.2347564697265625,7.03521728515625,-4.9576873779296875,8.537192934221217,87.35456085205078,7.101129681632862,5.513101173260663,10.115025871361212,11.426436548565919,4.6810368075966835e-05,-3.7349853515625018,-7.67681884765625,-115.94420692844783,14.615303039550781,0.34363555908204546,14.271667480468736,21.229736328125,7.45458984375,13.775146484375,6.7050568759441376e-06,4.01053112000227e-05
1992-006,1992-10-08 06:00:00,15.0,82.5,0,30.0,1000.0,6.0,0.0,30.0,0.0,30.0,0.0,,,1,1,,,,,0,-1.8065795302391052e-05,-2.1878397092223167e-05,-5.064532160758972e-06,-7.727066986262798e-05,90.38419342041016,88.67179870605469,86.36967468261719,105.36045837402344,291.814697265625,283.99072265625,270.264892578125,223.9382171630859,-8.050643920898438,-9.93499755859375,-7.483917236328125,-9.806869506835938,-2.572235107421875,-1.57757568359375,5.947357177734375,-1.2994842529296875,2.1689220931864077,88.47522226969402,8.45158334212901,10.059469246770927,9.559292578415926,9.892590603462814,-5.920487456023693e-05,-1.7562255859375,1.2727508544921875,144.06885326735096,4.014518737792969,1.7123947143554688,2.3021240234375,21.5498046875,7.823974609375,13.725830078125,1.300126314163208e-05,-7.220613770186901e-05
1992-007,1992-10-20 12:00:00,19.0,89.0,0,25.0,1000.0,4.0,,,,,,,,1,1,,,,,0,-2.229120582342148e-06,-2.900604158639908e-05,1.940247602760792e-05,-1.4235032722353935e-05,88.080810546875,87.12315368652344,79.32357025146484,86.63811492919922,291.78662109375,283.556640625,269.521240234375,222.00079345703125,3.255462646484375,3.90234375,4.0099639892578125,-0.1060638427734375,5.99139404296875,6.8873748779296875,-5.26763916015625,4.8781585693359375,3.541066725964992,84.84251149495442,6.818712460631881,7.916073487045269,6.620259323980902,4.879311484864387,-1.2005912140011787e-05,-3.3615264892578125,-1.1132354736328125,-161.67669762327063,8.757240295410156,0.9576568603515625,7.799583435058594,22.265380859375,8.22998046875,14.035400390625,2.163159660995007e-05,-3.363750874996185e-05
1992-007,1992-10-20 18:00:00,19.5,89.0,0,25.0,1002.0,4.0,0.0,25.0,0.0,,,,,1,1,,,,,0,-1.2009171769022942e-05,7.200287654995918e-06,2.8179259970784187e-05,-3.1344592571258545e-05,97.60687255859376,87.72819519042969,66.83554077148438,98.50494384765624,291.1572265625,283.972412109375,270.045166015625,221.89212036132812,1.0820770263671875,3.95526123046875,1.564361572265625,1.180267333984375,4.2253570556640625,1.8397216796875,-1.8234100341796875,6.5422515869140625,2.3189742571762446,84.05686950683594,4.361712156807431,4.362186064344501,2.4025093717878705,6.647863326374133,-1.9335420802235603e-05,0.0981903076171875,2.31689453125,87.5732491965931,30.77133178710939,9.878677368164077,20.892654418945312,21.112060546875,7.184814453125,13.92724609375,4.018843173980713e-05,-5.952385254204273e-05
1992-007,1992-10-21 00:00:00,19.5,89.5,0,30.0,1000.0,6.0,5.0,25.0,5.0,25.0,5.0,,,1,1,,,,,0,1.278286799788475e-05,-6.866874173283577e-06,-9.132781997323036e-06,2.223416231572628e-05,93.68972778320312,92.64723205566406,81.17847442626953,109.19567108154295,291.75146484375,283.92626953125,269.669921875,221.74168395996097,5.121185302734375,6.1826629638671875,7.6030731201171875,-2.4127349853515625,-2.312896728515625,-1.963104248046875,1.24017333984375,2.029052734375,8.695543688897727,89.17181142171223,5.61925530490659,6.486840495454985,7.703554425244733,3.152514093293489,9.45129431784153e-06,-7.5339202880859375,4.341949462890625,150.04428932543385,12.511253356933594,1.0424957275390625,11.468757629394531,22.08154296875,7.8251953125,14.25634765625,-2.1915649995207787e-05,3.1366944313049316e-05
1992-008,1992-11-03 06:00:00,15.0,90.0,0,30.0,1000.0,6.0,,,,,,,,1,1,,,,,0,-2.5471672415733337e-05,-3.1452393159270287e-05,4.548137076199055e-05,-1.4957040548324585e-06,93.43161010742188,72.46418762207031,93.38459014892578,100.26508331298828,290.173583984375,282.109375,267.9208984375,220.25537109375,-1.2402801513671875,0.527557373046875,3.220306396484375,0.836883544921875,9.113571166992188,5.360321044921875,3.694610595703125,6.0167694091796875,3.7289127300557503,86.42679595947266,9.197579805019728,5.38621931288436,4.901073427436073,6.074692435918175,2.397596836090088e-05,2.0771636962890625,-3.0968017578125,-56.14847204558072,0.04701995849609375,20.967422485351562,-20.92040252685547,22.252685546875,8.064208984375,14.1884765625,7.095304317772388e-05,-4.6977074816823006e-05
1992-008,1992-11-03 12:00:00,15.5,89.5,0,30.0,998.0,6.0,0.0,30.0,0.0,,,,,1,1,,,,,0,-2.9561808332800865e-05,-5.2930088713765144e-05,4.698778502643109e-05,7.18175433576107e-05,94.86441802978516,87.4162826538086,99.63180541992188,100.00353240966795,289.96484375,281.695068359375,268.563232421875,219.5631561279297,-1.790130615234375,-0.5771942138671875,0.308837890625,3.80096435546875,6.1039276123046875,4.8631134033203125,8.210617065429688,5.921966552734375,5.5940551301021095,93.97083536783855,6.361014063485083,4.897246689117818,8.216423396941696,7.036832944105511,0.00010137935169041157,5.591094970703125,-0.1819610595703125,-1.8640216870575537,-4.767387390136719,7.4481353759765625,-12.215522766113281,21.401611328125,8.269775390625,13.1318359375,7.654959335923195e-05,2.4829758331179612e-05
1992-008,1992-11-03 18:00:00,15.5,89.0,0,30.0,1000.0,6.0,0.0,30.0,0.0,30.0,0.0,,,1,1,,,,,0,2.2009480744600296e-06,2.069119364023209e-05,-7.441826164722443e-05,1.469207927584648e-05,81.38186645507812,79.78387451171875,96.4829559326172,95.4682846069336,291.121826171875,281.99609375,267.742431640625,218.7801971435547,-4.01055908203125,-1.3753814697265625,3.0650634765625,5.147003173828125,7.780349731445312,4.0090789794921875,-0.633575439453125,8.533721923828125,9.188499122827183,85.88289896647136,8.753195193417342,4.238441747986318,3.12986133124706,9.965743903222759,1.249113120138645e-05,9.157562255859375,0.7533721923828134,4.703004929221532,-15.101089477539077,1.597991943359375,-16.69908142089845,23.37939453125,9.125732421875,14.253662109375,-7.661920972168446e-05,8.911034092307091e-05
1992-008,1992-11-04 00:00:00,15.5,89.0,0,35.0,998.0,8.0,5.0,30.0,5.0,30.0,5.0,,,1,1,,,,,0,1.9832514226436615e-06,2.907821908593178e-06,-1.2879958376288414e-05,-1.8695835024118423e-05,88.59669494628906,80.83879852294922,87.8910140991211,91.91604614257812,290.868408203125,282.151123046875,267.97314453125,219.16506958007812,-2.09320068359375,0.5935516357421875,1.582550048828125,5.72650146484375,8.500320434570312,6.35760498046875,0.2507781982421875,4.971649169921875,8.579001257968999,85.77550252278645,8.754252486201832,6.3852521196874665,1.6022965898233381,7.583542344817657,-2.0679086446762085e-05,7.8197021484375,-3.5286712646484375,-24.287463176756262,0.7056808471679688,7.757896423339844,-7.052215576171875,22.895263671875,8.71728515625,14.177978515625,-1.4863209798932076e-05,-5.8158766478300095e-06
1992-008,1992-11-04 06:00:00,15.5,87.5,0,35.0,998.0,8.0,0.0,35.0,0.0,30.0,5.0,30.0,5.0,1,1,,,,,0,7.005874067544937e-07,-1.034187152981758e-05,1.0450836271047592e-05,-4.6919332817196846e-05,89.35334777832031,80.69232940673828,98.30715942382812,97.1291046142578,290.805419921875,281.704345703125,268.16943359375,220.70681762695312,0.5951385498046875,0.4600982666015625,2.07159423828125,-0.4552154541015625,6.272125244140625,5.1793060302734375,6.0517120361328125,5.0294036865234375,1.6271448624164904,89.45094553629558,6.300297212961443,5.199702046286552,6.396461620017337,5.0499626287397845,-4.761992022395134e-05,-1.05035400390625,-1.2427215576171875,-130.20464923469223,-8.953811645507812,8.661018371582031,-17.614830017089844,22.635986328125,9.10107421875,13.534912109375,9.750248864293098e-06,-5.737016908824444e-05
1992-008,1992-11-04 12:00:00,15.5,87.5,0,35.0,998.0,8.0,0.0,35.0,0.0,35.0,0.0,30.0,5.0,1,1,,,,,0,6.055459380149841e-06,1.5984289348125458e-05,1.0353978723287582e-05,5.210377275943756e-05,87.5780258178711,79.2582778930664,94.64205932617188,94.2950668334961,291.101806640625,282.197021484375,268.22705078125,219.60379028320312,-0.4002838134765625,0.144073486328125,5.34033203125,4.8651275634765625,6.0381011962890625,4.919097900390625,7.10003662109375,5.470245361328125,5.29594346815056,87.15945434570312,6.05135465726136,4.921207303405354,8.884236952314312,7.3207274585270055,4.604831337928772e-05,5.265411376953125,-0.5678558349609375,-6.155355001140791,-7.064033508300781,8.319747924804688,-15.383781433105469,22.874755859375,8.90478515625,13.969970703125,4.298519343137741e-06,4.174979403614998e-05
1992-008,1992-11-04 18:00:00,15.5,87.5,0,35.0,1000.0,8.0,0.0,35.0,0.0,35.0,0.0,30.0,5.0,1,1,,,,,0,-3.0168332159519196e-05,-7.27770384401083e-05,7.787393406033516e-05,1.0550254955887794e-05,90.6737060546875,85.43751525878906,97.59796905517578,101.27568817138672,290.20458984375,282.0078125,267.819580078125,219.61000061035156,-1.18377685546875,0.796539306640625,5.7481536865234375,2.5200347900390625,7.206085205078125,6.0282745361328125,4.725250244140625,3.204620361328125,5.452516996870941,91.23639678955078,7.3026701709983675,6.080671735097266,7.4410523901961625,4.076783904408722,4.071858711540699e-05,3.7038116455078125,-4.00146484375,-47.21222385594514,-6.924263000488281,5.2361907958984375,-12.160453796386719,22.385009765625,8.19677734375,14.188232421875,0.00010804226621985435,-6.732367910444736e-05
1992-008,1992-11-05 00:00:00,16.0,86.5,0,45.0,998.0,10.0,10.0,35.0,10.0,35.0,10.0,35.0,10.0,1,0,,,,,0,,,,,,,,,,,,,,,,,,,,,,,,,,,,,,,,,,,,,,
1992-008,1992-11-05 06:00:00,16.0,86.0,0,45.0,998.0,10.0,0.0,45.0,0.0,35.0,10.0,35.0,10.0,1,0,,,,,0,,,,,,,,,,,,,,,,,,,,,,,,,,,,,,,,,,,,,,
1992-008,1992-11-05 12:00:00,16.0,86.0,0,45.0,996.0,10.0,0.0,45.0,0.0,45.0,0.0,35.0,10.0,1,0,,,,,0,,,,,,,,,,,,,,,,,,,,,,,,,,,,,,,,,,,,,,
1992-008,1992-11-05 18:00:00,16.0,86.0,0,45.0,998.0,10.0,0.0,45.0,0.0,45.0,0.0,35.0,10.0,1,0,,,,,0,,,,,,,,,,,,,,,,,,,,,,,,,,,,,,,,,,,,,,
1992-008,1992-11-06 00:00:00,16.5,85.5,0,45.0,1000.0,10.0,0.0,45.0,0.0,45.0,0.0,45.0,0.0,1,1,,,,,0,-1.1877622455358504e-05,-2.856086939573288e-05,-7.725320756435394e-06,6.755325011909008e-05,95.65664672851562,85.44866943359375,83.40779876708984,100.51475524902344,290.484130859375,282.56640625,268.13818359375,220.67037963867188,-2.330657958984375,-0.0831298828125,1.1191558837890625,-1.5247650146484375,4.8641357421875,2.0519561767578125,1.8863067626953125,8.281478881835938,3.5110821083866277,88.17103830973308,5.393679916365371,2.0536393862484617,2.1933223874318495,8.42067698110968,7.943087257444859e-05,0.8058929443359375,3.4173431396484375,76.73069363326198,12.248847961425781,10.207977294921875,2.0408706665039062,22.345947265625,7.917724609375,14.42822265625,4.152301698923109e-06,7.527857087552547e-05
1992-009,1992-11-11 06:00:00,7.5,85.5,0,30.0,1002.0,6.0,,,,,,,,1,1,,,,,0,-2.4155713617801663e-05,-1.7369166016578674e-07,-5.8756908401846886e-05,7.417192682623863e-05,92.38397216796876,89.5648193359375,101.59181213378906,109.62458801269533,290.06103515625,281.818115234375,268.1923828125,219.4031524658203,-15.082611083984377,-13.120223999023438,-9.056045532226562,-13.887908935546877,-2.8140411376953125,-1.1232452392578125,1.9805755615234375,-0.9037322998046876,2.253129618908821,94.51353454589844,15.342880584667597,13.16821770977629,9.270093863422558,13.917282301934996,9.83276404440403e-05,1.1947021484375,1.910308837890625,57.978246945692064,-9.207839965820298,2.819152832031264,-12.026992797851562,21.86865234375,8.242919921875,13.625732421875,-3.460119478404522e-05,0.00013292883522808552
1992-009,1992-11-11 12:00:00,7.5,84.5,0,45.0,998.0,10.0,15.0,30.0,15.0,,,,,1,1,,,,,0,2.1995045244693756e-05,-1.2221978977322578e-05,-0.0001201215200126,5.4282136261463165e-05,90.898681640625,84.11839294433594,99.97449493408205,101.0185546875,290.475830078125,282.456298828125,268.3601379394531,220.1125335693359,-15.285430908203123,-13.090545654296877,-11.863861083984377,-12.971572875976562,-5.0417633056640625,-3.1182098388671875,3.2760162353515625,1.1092987060546875,6.5718720974551,91.66385650634766,16.09545821900675,13.456805643481628,12.307862616813935,13.01891879135996,3.228709101676941e-05,2.3138580322265607,6.15106201171875,69.38509968808161,-9.075813293457045,6.7802886962890625,-15.856101989746108,22.115692138671875,8.01953125,14.096160888671875,-0.00014211656525729374,0.00017440365627406315
1992-009,1992-11-11 18:00:00,7.5,83.5,0,45.0,998.0,10.0,0.0,45.0,0.0,30.0,15.0,,,1,1,,,,,0,-2.829846926033497e-05,-2.254289574921131e-05,-2.6345718652009964e-05,6.07464462518692e-05,93.15289306640624,84.850341796875,101.159423828125,99.44013214111328,290.146484375,282.28759765625,268.9411926269531,219.0347442626953,-15.55218505859375,-14.495513916015623,-14.478240966796877,-10.21441650390625,-0.849365234375,-2.730560302734375,-0.416717529296875,1.6097564697265625,5.876993508503651,93.05421956380208,15.575361356903139,14.75045366272751,14.484236776297834,10.34048453444513,8.904491551220417e-05,5.3377685546875,2.4591217041015625,24.73562784945495,-8.006530761718764,8.302551269531236,-16.30908203125,21.205291748046875,7.85888671875,13.346405029296875,1.9527506083250046e-06,8.709216490387917e-05
1992-009,1992-11-12 00:00:00,7.0,82.5,0,45.0,996.0,12.0,0.0,45.0,0.0,45.0,0.0,,,1,1,,,,,0,-4.2869942262768745e-05,-3.7477584555745125e-05,-4.1252002120018005e-05,-5.6129880249500275e-05,96.08568572998048,89.19837951660156,99.69538116455078,101.91388702392578,290.27099609375,282.337646484375,269.52655029296875,219.9254150390625,-5.1235198974609375,-7.457916259765625,-9.8514404296875,-8.448745727539062,-4.160369873046875,-3.0224609375,0.477752685546875,-2.03680419921875,3.94546042840121,94.99314880371094,6.5999343648428965,8.047097927600351,9.863018106453454,8.690792582645424,-1.325993798673153e-05,-3.325225830078125,2.123565673828125,147.4367628809084,-3.6096954345702983,6.8873062133789205,-10.497001647949219,20.74444580078125,7.933349609375,12.81109619140625,1.61794014275074e-06,-1.487787812948227e-05
1992-009,1992-11-12 06:00:00,7.0,81.5,0,35.0,1002.0,8.0,-10.0,45.0,-10.0,45.0,-10.0,30.0,5.0,1,1,,,,,0,9.835162200033663e-05,6.3909683376550674e-06,-8.556991815567017e-06,-3.1268224120140076e-05,97.95230865478516,91.3631591796875,97.24385833740234,96.4974365234375,290.568115234375,281.80859375,269.4117431640625,220.66748046875,-3.4910430908203125,-3.0027313232421875,-6.6076812744140625,-4.5771942138671875,-7.6215972900390625,-4.9643096923828125,8.237716674804688,3.649002075195313,11.322814769911124,95.519775390625,8.383085775148375,5.801789906698252,10.560370629793134,5.853710192368508,-0.00012961984612047672,-1.086151123046875,11.270599365234375,95.50461299150771,0.7084503173828125,6.589149475097656,-5.880699157714844,21.1563720703125,8.759521484375,12.3968505859375,-0.00010690861381590365,-2.271123230457306e-05
1992-009,1992-11-12 12:00:00,7.5,80.0,0,35.0,1000.0,8.0,0.0,35.0,0.0,45.0,-10.0,45.0,-10.0,1,1,,,,,0,-6.64200633764267e-05,-0.0001426965463906,0.0001707051414996,-3.807945176959038e-05,99.1654052734375,97.2649383544922,100.91095733642578,104.71168518066406,290.717041015625,283.507568359375,268.8214111328125,220.7583465576172,-16.106124877929688,-14.7728271484375,-13.933578491210938,-8.965744018554688,-22.317626953125,-15.009475708007812,-1.27508544921875,2.6667327880859375,25.984673761568967,99.11376698811848,27.522422338927893,21.059933119240636,13.991799472317542,9.353931236079392,2.834061160683632e-05,7.140380859375,24.984359741210938,74.05038000390624,-1.7455520629882812,1.9004669189452983,-3.6460189819335795,21.8956298828125,7.20947265625,14.6861572265625,0.00023712520487602668,-0.00020878459326919036
1992-009,1992-11-12 18:00:00,7.5,79.5,0,35.0,998.0,8.0,0.0,35.0,0.0,35.0,0.0,45.0,-10.0,1,1,,,,,0,-3.2115960493683815e-05,2.384232357144356e-05,1.599709503352642e-05,1.7113052308559418e-06,91.13227081298828,91.14137268066406,77.5811767578125,97.25487518310548,291.404052734375,282.96484375,269.5699157714844,220.1399688720703,-16.183273315429688,-14.057037353515623,-14.262298583984377,-9.168472290039062,-7.344024658203125,-5.125701904296875,2.5214385986328125,8.388778686523438,17.22581012636737,86.61827341715495,17.771691911075717,14.962390155648466,14.48346690214046,12.427087027323983,3.382726572453976e-05,7.014801025390625,15.732803344726562,65.96929291932163,13.551094055175781,-0.00910186767578125,13.560195922851562,21.834136962890625,8.439208984375,13.394927978515625,4.8113055527210236e-05,-1.4285789802670479e-05
1992-009,1992-11-13 00:00:00,7.5,79.0,0,35.0,1000.0,8.0,0.0,35.0,0.0,35.0,0.0,45.0,-10.0,1,1,,,,,0,-0.0002034357748925,-0.0001677135005593,0.0001695563551038,3.920635208487511e-05,100.68986511230467,101.49781036376952,102.43292999267578,98.4580078125,290.3388671875,283.191650390625,269.75616455078125,220.3211669921875,-9.668304443359377,-6.2981719970703125,-13.22210693359375,-5.0737457275390625,-3.4810638427734375,-5.5583343505859375,0.7764434814453125,15.4193115234375,19.45081383327684,101.54020182291667,10.275890048406865,8.400122097778356,13.244884908645558,16.232623434446243,0.00024264212697737512,4.594558715820314,18.900375366210938,76.33679261825438,-1.743064880371108,-0.8079452514648438,-0.9351196289062642,20.58270263671875,7.147216796875,13.43548583984375,0.0003729921299963,-0.0001303500030189249
1992-009,1992-11-13 06:00:00,8.0,78.5,0,55.0,994.0,16.0,20.0,35.0,20.0,35.0,20.0,35.0,20.0,1,1,,,,,0,-4.991190508008003e-06,7.518986240029335e-05,6.238720379769802e-05,-3.406684845685959e-05,95.06058502197266,84.22232818603516,82.51714324951172,98.92965698242188,291.601806640625,284.353515625,271.14178466796875,220.6119079589844,-11.06072998046875,-8.8719482421875,0.2237091064453125,-7.8778839111328125,-3.229095458984375,-1.4542083740234375,7.57647705078125,7.3154296875,11.0144232561641,87.26668548583984,11.522447881595028,8.990338570217128,7.579779038027527,10.750654232652149,-2.9075657948851585e-05,3.1828460693359375,10.544525146484375,73.20365407138742,12.543441772460938,10.8382568359375,1.7051849365234375,20.46002197265625,7.248291015625,13.21173095703125,6.737839430570602e-05,-9.645405225455761e-05
1992-009,1992-11-13 12:00:00,9.0,77.5,0,45.0,996.0,10.0,-10.0,55.0,-10.0,35.0,10.0,35.0,10.0,1,1,,,,,0,-0.0005165336187928,-6.608897820115089e-06,0.0003250567242503,-7.494702003896236e-05,100.706298828125,100.70370483398438,99.29617309570312,106.82437133789062,289.506103515625,282.85205078125,269.7529296875,220.85784912109375,-14.781295776367188,-24.039825439453125,-21.271575927734375,-7.443939208984375,-24.308853149414062,-12.929946899414062,-1.3824462890625,13.205734252929688,38.225398223759605,100.23539225260417,28.450079899153682,27.296460099819626,21.316451397723572,15.159275975654488,0.00044158659875383763,7.3373565673828125,37.51458740234375,78.93340727892674,1.410125732421875,0.002593994140625,1.40753173828125,19.753173828125,6.654052734375,13.09912109375,0.0008415903430430999,-0.00040000374428926234
1992-009,1992-11-13 18:00:00,9.5,77.5,0,30.0,1000.0,6.0,-15.0,45.0,-15.0,55.0,-25.0,35.0,-5.0,1,1,,,,,0,-0.0004406939260661,0.0004281499423086,5.982629954814911e-05,7.853563874959946e-05,100.2751922607422,98.13861083984376,96.91172790527344,103.48597717285156,290.58544921875,283.0244140625,268.93212890625,221.16403198242188,-20.43934631347656,-18.7335205078125,-17.2939453125,-3.587677001953125,-11.63531494140625,-1.6531829833984375,5.905731201171875,15.883880615234377,32.26894610410402,98.4418436686198,23.519086536426947,18.806323526761673,18.27452339986561,16.28401331580645,0.0005192295648156994,16.851669311523434,27.519195556640625,58.51834179875495,3.363464355468764,2.1365814208984375,1.2268829345703267,21.6533203125,7.56103515625,14.09228515625,0.000500520225614249,1.8709339201450348e-05
1992-009,1992-11-14 00:00:00,9.8,77.0,0,30.0,1000.0,6.0,0.0,30.0,0.0,45.0,-15.0,35.0,-5.0,1,1,,,,,0,-0.000214968342334,-1.9014114513993263e-05,0.0001495145261287,2.9825838282704353e-05,99.97188568115234,100.34690856933594,98.11598205566406,98.03113555908205,289.95458984375,282.82861328125,269.136474609375,219.99085998535156,-4.019622802734375,-15.011810302734377,-8.107406616210938,2.392578125,-0.0377349853515625,1.689666748046875,13.933181762695312,15.337051391601562,16.65834256084863,99.47825876871745,4.01979992106344,15.106601943678045,16.120285235469197,15.52255054663556,0.0002447941806167043,6.412200927734375,15.374786376953125,67.36095891253954,1.8559036254882812,-0.37502288818359375,2.230926513671875,20.818115234375,7.1259765625,13.692138671875,0.0003644828684627,-0.00011968868784599564
1992-009,1992-11-14 06:00:00,10.5,76.5,0,25.0,1002.0,4.0,-5.0,30.0,-5.0,30.0,-5.0,55.0,-30.0,1,1,,,,,0,-0.0003202189691364,6.409990601241589e-05,8.896295912563801e-05,5.632615648210049e-05,100.29396057128906,101.14958190917967,92.92422485351562,99.45759582519533,289.39501953125,282.168701171875,268.9345703125,220.39515686035156,-14.3433837890625,-16.407379150390625,-1.2894134521484375,1.06463623046875,-4.2594757080078125,6.1331787109375,12.3214111328125,6.8525543212890625,18.99695481634547,98.12258911132812,14.962479467904027,17.516220245388844,12.388694820455347,6.934763949078881,0.0003765451256185005,15.40802001953125,11.112030029296875,35.79857022758975,7.3697357177734375,-0.8556213378906108,8.225357055664048,20.46044921875,7.226318359375,13.234130859375,0.00040918192826203803,-3.263680264353752e-05
1992-009,1992-11-14 12:00:00,10.5,76.0,0,25.0,1002.0,4.0,0.0,25.0,0.0,30.0,-5.0,45.0,-20.0,1,1,,,,,0,3.6454061046242714e-05,-9.391456842422484e-06,-1.3760291039943697e-05,3.5830307751894e-05,89.60211944580078,94.98374938964844,89.09728240966797,98.88483428955078,289.54296875,281.748779296875,268.17919921875,220.1458740234375,5.8810882568359375,5.5963134765625,1.5446319580078125,0.4801483154296875,8.2669677734375,6.1783447265625,11.012680053710938,2.85455322265625,7.646200593771128,91.22771708170573,10.145440121145446,8.336106290601009,11.120477051417433,2.894653089022439,-6.237532943487167e-07,-5.40093994140625,-5.41241455078125,-134.9392005096612,0.5048370361328125,-5.381629943847656,5.886466979980469,21.36376953125,7.794189453125,13.569580078125,-5.021435208618641e-05,4.959059879183769e-05
1992-009,1992-11-14 18:00:00,10.5,75.5,0,25.0,1004.0,4.0,0.0,25.0,0.0,25.0,0.0,30.0,-5.0,1,1,,,,,0,1.5904894098639488e-05,7.933005690574646e-06,2.2510765120387077e-05,3.434414975345135e-05,95.92444610595705,87.59286499023438,88.81572723388672,87.52715301513672,289.844970703125,282.78564453125,268.556640625,220.5739288330078,0.70855712890625,3.448516845703125,8.842910766601562,-2.0235137939453125,10.114959716796877,4.4465179443359375,6.445648193359375,2.191497802734375,8.381256482836566,90.77767944335938,10.139746706764791,5.627058757859182,10.942735099536806,2.9828293101812826,1.843925565481186e-05,-2.7320709228515625,-7.923461914062502,-109.02458929748055,7.108718872070327,8.33158111572267,-1.2228622436523438,21.288330078125,7.059326171875,14.22900390625,6.605871021747589e-06,1.183338463306427e-05
1992-009,1992-11-15 00:00:00,10.5,75.0,0,25.0,1002.0,4.0,0.0,25.0,0.0,25.0,0.0,30.0,-5.0,1,1,,,,,0,-2.532685175538063e-05,3.263913094997406e-05,1.4606630429625511e-05,-1.893565058708191e-05,97.13884735107422,93.69625091552734,67.50157928466797,102.35051727294922,289.95751953125,282.673583984375,269.0576171875,220.28683471679688,8.913284301757812,7.7026519775390625,13.87835693359375,0.32177734375,5.3336029052734375,4.09100341796875,7.7861785888671875,1.6105499267578125,9.36349909437336,86.11222585042317,10.387201595959496,8.721648723315932,15.913307896033544,1.6423798968358085,6.391201168298721e-06,-8.591506958007812,-3.723052978515625,-156.57093309188875,29.63726806640625,3.442596435546875,26.194671630859375,20.89990234375,7.283935546875,13.615966796875,3.993348218500614e-05,-3.354228101670742e-05
1992-009,1992-11-15 06:00:00,11.0,74.5,0,30.0,1000.0,6.0,5.0,25.0,5.0,25.0,5.0,25.0,5.0,1,1,,,,,0,-1.3461103662848473e-05,1.544109545648098e-05,1.6762642189860344e-05,-2.6926863938570023e-06,93.08956146240234,72.38389587402344,92.35872650146484,96.47034454345705,290.8779296875,283.015380859375,268.794189453125,220.0675048828125,3.3525848388671875,3.73052978515625,9.938613891601562,0.2665863037109375,-2.36529541015625,-0.4640350341796875,2.5612335205078125,1.1385955810546875,4.669115444843454,85.94406127929688,4.102980316685464,3.759279318018825,10.263331000845115,1.169387940130871,1.076841726899147e-05,-3.08599853515625,3.5038909912109375,131.3714936272243,0.7308349609375,20.705665588378906,-19.974830627441406,22.083740234375,7.862548828125,14.22119140625,3.0223745852708817e-05,-1.9455328583717346e-05
1992-009,1992-11-15 12:00:00,11.5,74.5,0,30.0,1000.0,6.0,0.0,30.0,0.0,25.0,5.0,25.0,5.0,1,1,,,,,0,4.135235212743282e-05,1.7885351553559303e-05,-4.3436652049422264e-05,-1.0928604751825333e-05,92.2841567993164,91.6606216430664,78.77134704589844,96.29890441894533,290.70166015625,283.06396484375,268.7685546875,220.93470764160156,5.9383544921875,5.482757568359375,10.710464477539062,-8.941070556640625,-4.3661956787109375,-3.4142303466796875,5.328643798828125,4.3269195556640625,17.23274621938757,87.57204182942708,7.370733937653531,6.458916272378092,11.962796247509004,9.933024491060817,-5.2280956879258156e-05,-14.879425048828125,8.693115234375,149.70493386449567,13.512809753417969,0.62353515625,12.889274597167969,21.93310546875,7.6376953125,14.29541015625,-8.478900417685509e-05,3.250804729759693e-05
1992-009,1992-11-15 18:00:00,12.0,74.5,0,30.0,1002.0,6.0,0.0,30.0,0.0,30.0,0.0,25.0,5.0,1,1,,,,,0,3.800843842327595e-05,-4.84357587993145e-06,-5.980045534670353e-05,-2.099340781569481e-05,97.33660125732422,72.16657257080078,96.78067016601562,94.03168487548828,290.51513671875,282.921142578125,268.761474609375,219.86334228515625,-3.40521240234375,-1.11224365234375,3.26080322265625,-2.7625885009765625,2.2098388671875,-1.839813232421875,-2.1509857177734375,7.0990753173828125,4.931287716664568,88.7612813313802,4.059416130924277,2.1498834090186363,3.906350882211005,7.617661425109533,-5.9001846238970757e-05,0.6426239013671875,4.8892364501953125,82.51216783889164,0.5559310913085938,25.170028686523438,-24.614097595214844,21.753662109375,7.593994140625,14.15966796875,-9.780889376997948e-05,3.880704753100872e-05
1992-009,1992-11-16 00:00:00,12.5,74.5,0,30.0,1000.0,6.0,0.0,30.0,0.0,30.0,0.0,25.0,5.0,1,1,,,,,0,-9.793322533369064e-06,3.518303856253624e-06,0.0001055456232279,2.9186325264163315e-05,99.65371704101562,93.37599182128906,100.6220474243164,104.969970703125,290.5634765625,283.092529296875,269.51873779296875,219.6916961669922,-0.583831787109375,0.7830810546875,1.5754547119140625,1.2579803466796875,6.305908203125,2.3012237548828125,3.5245361328125,6.3855438232421875,1.843532958252732,97.88391876220703,6.332877530939509,2.430811944237447,3.8606233306026003,6.508278149493828,3.897964779753238e-05,1.8418121337890625,0.0796356201171875,2.4757925451651626,-0.9683303833007812,6.2777252197265625,-7.246055603027344,21.04473876953125,7.470947265625,13.57379150390625,0.00011533894576126906,-7.635929796373668e-05
1992-009,1992-11-16 06:00:00,12.5,74.5,0,30.0,1002.0,6.0,0.0,30.0,0.0,30.0,0.0,30.0,0.0,1,1,,,,,0,-2.171308733522892e-05,5.781650543212891e-06,-7.292255759239197e-07,-2.776971086859703e-05,98.67095184326172,81.81504821777344,80.89688873291016,106.90513610839844,290.4189453125,283.222412109375,268.94580078125,219.85110473632812,3.0022125244140625,4.7275848388671875,6.1403961181640625,-0.678253173828125,7.619766235351563,4.719207763671875,5.716064453125,5.2877044677734375,4.357102230122328,87.12762959798177,8.189878968773128,6.679893736085013,8.38915116804099,5.3310267215911695,-6.056623533368111e-06,-3.6804656982421875,-2.332061767578126,-147.64033445406702,17.774063110351562,16.85590362548828,0.9181594848632812,21.47314453125,7.196533203125,14.276611328125,2.0983861759305e-05,-2.704048529267311e-05
1992-010,1992-11-16 06:00:00,9.5,95.5,0,25.0,1004.0,4.0,,,,,,,,1,1,,,,,0,-6.814510561525822e-05,0.0001147985458374,-0.0001117130741477,0.0001723975874483,93.63188934326172,78.82481384277344,95.52384185791016,99.15904235839844,289.4111328125,281.888427734375,268.19482421875,219.15383911132812,-15.104232788085938,-11.200149536132812,-14.324447631835938,-5.693878173828125,9.963516235351562,8.757293701171875,3.485595703125,4.7564544677734375,10.754918233880588,89.32684834798177,18.094460585737405,14.217367639627268,14.74242779744414,7.419171635863279,0.0002405426930635582,9.410354614257812,-5.207061767578125,-28.95721238280882,-1.8919525146484375,14.807075500488281,-16.69902801513672,21.21630859375,7.522705078125,13.693603515625,-4.3567968532441786e-05,0.000284110661596
1992-010,1992-11-16 12:00:00,9.5,94.5,1,25.0,1002.0,4.0,0.0,25.0,0.0,,,,,1,1,,,,,0,-6.0085905715823174e-05,1.559383235871792e-05,-0.0001151144970208,-4.628882743418217e-05,93.0813446044922,84.53373718261719,101.32604217529295,109.9703598022461,289.947021484375,282.26806640625,268.747802734375,219.1547088623047,-13.68145751953125,-9.472061157226562,-14.132781982421877,-1.690887451171875,10.153900146484377,8.236312866210938,4.674041748046875,8.709854125976562,12.077211576915436,92.98037465413411,17.037721914725385,12.55216284934003,14.885637131985769,8.872466357688907,1.3797078281641006e-05,11.990570068359375,-1.4440460205078143,-6.867161676112243,-8.244697570800753,8.547607421875014,-16.792304992675767,21.19921875,7.678955078125,13.520263671875,-5.502859130497683e-05,6.882566958661783e-05
1992-010,1992-11-16 18:00:00,9.5,93.5,1,30.0,1000.0,6.0,5.0,25.0,5.0,25.0,5.0,,,1,1,,,,,0,-8.046627044677734e-07,7.991772145032883e-05,-0.0002026429865509,0.0004527526907622,84.57707977294922,79.82120513916016,101.73738098144533,100.25112915039062,290.6474609375,281.6396484375,268.01318359375,220.1333923339844,-10.523757934570312,-10.91619873046875,-5.24176025390625,3.5532989501953125,14.51983642578125,6.909423828125,7.118804931640625,9.758010864257812,14.860636366431462,88.71188863118489,17.93251602249042,12.919114999091427,8.840443100556792,10.384830737977033,0.00045355735346666777,14.077056884765625,-4.7618255615234375,-18.689061085600613,-17.160301208496108,4.7558746337890625,-21.91617584228517,22.63427734375,9.0078125,13.62646484375,-0.00020183832384643223,0.0006553956773130999
1992-010,1992-11-17 00:00:00,9.5,92.0,1,35.0,1000.0,8.0,5.0,30.0,5.0,25.0,10.0,,,1,1,,,,,0,-0.0001594198402017,-0.0002494275104254,0.0002959195990115,2.650827809702605e-05,97.20733642578124,100.92561340332033,104.23233795166016,100.41663360595705,290.21630859375,281.534423828125,267.3095703125,220.2042694091797,-2.7194061279296875,-5.783843994140625,-1.2150421142578125,0.452667236328125,15.194442749023438,13.89569091796875,14.612503051757812,5.960540771484375,9.763554432635363,100.7884292602539,15.435875749110332,15.051348027212573,14.662931929769417,5.977704736382727,0.00018592811829872604,3.1720733642578125,-9.233901977539062,-71.04113781053088,-7.0250015258789205,-3.718276977539091,-3.3067245483398295,22.90673828125,8.681884765625,14.224853515625,0.0004553394392132,-0.000269411320914474
1992-010,1992-11-17 06:00:00,9.5,90.5,1,45.0,996.0,10.0,10.0,35.0,10.0,30.0,15.0,25.0,20.0,1,1,,,,,0,-2.9563670977950096e-05,-7.33695924282074e-06,-7.783412002027035e-05,2.711918205022812e-05,89.7709732055664,82.76702880859375,98.17608642578124,99.9453582763672,290.872314453125,281.212890625,268.62841796875,219.6297149658203,8.865005493164062,7.9130706787109375,12.252975463867188,-0.6812896728515625,7.744461059570312,7.057098388671875,2.9314727783203125,2.7500457763671875,10.773854250814155,90.23802947998047,11.77136353601527,10.602797990797992,12.598767414638797,2.833179731405898,5.6682853028178215e-05,-9.546295166015625,-4.994415283203124,-152.3824079278663,-8.40511322021483,7.003944396972656,-15.409057617187486,22.243896484375,9.659423828125,12.58447265625,-4.827044904232025e-05,0.00010495330207049847
1992-010,1992-11-17 12:00:00,10.0,90.0,0,55.0,990.0,16.0,10.0,45.0,10.0,35.0,20.0,25.0,30.0,1,1,,,,,0,-3.161607310175896e-05,-4.749745130538941e-07,7.272465154528618e-06,2.8922688215970993e-05,86.52323150634766,87.81251525878906,98.73153686523438,101.3463134765625,290.419189453125,281.52587890625,267.87109375,220.00917053222656,7.49957275390625,9.42034912109375,8.70098876953125,-0.6833038330078125,6.8529815673828125,6.0438995361328125,4.682830810546875,5.21661376953125,8.344888783351873,91.02242787679036,10.159082037960987,11.192484048063603,9.881098621495285,5.261175091998574,6.053876131772995e-05,-8.182876586914062,-1.6363677978515625,-168.6914646803308,-12.208305358886719,-1.2892837524414062,-10.919021606445312,22.548095703125,8.893310546875,13.65478515625,3.8888538256287575e-05,2.1650223061442375e-05
1992-010,1992-11-17 18:00:00,10.5,89.5,0,65.0,986.0,22.0,10.0,55.0,10.0,45.0,20.0,30.0,35.0,1,1,,,,,0,-4.243268631398678e-05,-4.462664946913719e-06,9.772833436727524e-06,-9.470153599977492e-06,86.62772369384766,78.41438293457031,95.26716613769533,101.19285583496094,290.02734375,281.80419921875,267.894775390625,218.83920288085935,9.168060302734377,9.609695434570312,10.47265625,0.6332550048828125,8.323196411132812,8.4464111328125,-0.0373382568359375,2.01361083984375,10.613848103004594,86.76975758870442,12.382605873275143,12.794065318330231,10.472722811002285,2.1108388179928337,3.2962532714009285e-05,-8.534805297851564,-6.3095855712890625,-143.52533392125855,-8.63944244384767,8.213340759277344,-16.852783203125014,22.132568359375,8.22314453125,13.909423828125,5.22055197507143e-05,-1.9242987036705017e-05
1992-010,1992-11-18 00:00:00,11.0,88.5,0,77.0,978.0,30.0,12.0,65.0,12.0,55.0,22.0,35.0,42.0,1,1,,,,,0,-4.37695998698473e-05,2.3334519937634468e-05,-6.279675289988518e-06,0.0001167503651231,89.05142974853516,78.68541717529297,90.79169464111328,99.44731903076172,290.06787109375,282.33642578125,267.59765625,218.71495056152344,9.841354370117188,10.113525390625,8.295303344726562,-0.5992889404296875,3.706100463867187,3.7016448974609375,0.0533905029296875,0.392578125,10.95383325727752,86.17618052164714,10.516056127964573,10.769659733423111,8.29547515979855,0.7164250263285428,0.00016051996499294728,-10.440643310546875,-3.313522338867187,-162.39224610196896,-1.740264892578125,10.366012573242188,-12.106277465820312,22.47021484375,7.7314453125,14.73876953125,3.748992457985878e-05,0.0001230300404130885
1992-010,1992-11-18 06:00:00,12.0,87.8,0,77.0,976.0,30.0,0.0,77.0,0.0,65.0,12.0,45.0,32.0,1,1,,,,,0,1.868605613708496e-05,1.5442725270986557e-05,-6.7641958594322205e-06,-2.354950993321836e-06,92.15390014648438,77.49884033203125,96.13707733154295,99.92706298828124,289.86572265625,282.511962890625,267.5825500488281,219.14288330078125,8.658309936523438,11.200469970703123,10.4056396484375,-0.17889404296875,-0.1176300048828125,1.273101806640625,2.6053314208984375,2.1541290283203125,9.124530852602373,88.5966059366862,8.659108948093287,11.27259135135724,10.726839623386525,2.161544574895905,-2.1041007130406797e-05,-8.837203979492188,2.271759033203125,165.583270120796,-3.9831771850585795,14.655059814453125,-18.638236999511705,22.283172607421875,7.353759765625,14.929412841796875,-2.545025199651718e-05,4.4092448661103845e-06
1992-010,1992-11-18 12:00:00,13.5,87.5,0,77.0,974.0,30.0,0.0,77.0,0.0,77.0,0.0,55.0,22.0,1,1,,,,,0,-2.0767562091350555e-05,3.8861995562911034e-05,-6.169197149574757e-05,8.329655975103378e-05,80.5424575805664,71.93942260742188,78.02963256835938,99.68740844726562,291.628173828125,282.990966796875,268.7366943359375,219.64718627929688,11.620651245117188,12.796722412109377,13.136871337890623,-0.4821624755859375,-0.8388214111328125,-4.3792724609375,-2.7115478515625,-5.374969482421875,12.924965736229218,76.83717091878255,11.650886520793964,13.525314479882086,13.41379440350885,5.396552379976464,0.00010406412184238434,-12.102813720703125,-4.5361480712890625,-159.45394583262453,2.5128250122070312,8.603034973144531,-6.0902099609375,22.8914794921875,8.63720703125,14.2542724609375,-4.092440940439701e-05,0.00014498853124678135
1992-010,1992-11-18 18:00:00,14.5,87.5,0,77.0,974.0,30.0,0.0,77.0,0.0,77.0,0.0,65.0,12.0,1,1,,,,,0,1.1962838470935822e-05,-2.772151492536068e-05,3.916327841579914e-05,7.172627374529839e-05,75.4854736328125,78.90364074707031,53.05555725097656,99.27777099609376,291.913330078125,281.93798828125,269.3206787109375,219.24114990234375,8.923858642578125,13.017730712890623,17.271484375,2.627960205078125,-0.714019775390625,-4.2897796630859375,0.1212005615234375,-5.20269775390625,7.732177386100636,69.14822387695312,8.952378304806224,13.706331473854027,17.27190962493675,5.828742467975009,5.9763435274362564e-05,-6.2958984375,-4.488677978515625,-144.5129263212929,22.429916381835938,-3.4181671142578125,25.84808349609375,22.5926513671875,9.975341796875,12.6173095703125,2.720043994486332e-05,3.2562995329499245e-05
1992-010,1992-11-19 00:00:00,16.0,87.5,0,90.0,966.0,40.0,13.0,77.0,13.0,77.0,13.0,77.0,13.0,1,1,,,,,0,3.050197847187519e-05,2.4483539164066315e-05,-8.53249803185463e-05,5.6622084230184555e-05,74.82229614257812,71.88497924804688,88.75435638427734,100.51333618164062,292.53515625,282.90625,269.45806884765625,220.26475524902344,1.676239013671875,3.3892974853515625,7.924636840820312,0.2129669189453125,-3.777542114257813,-6.518798828125,-8.686233520507812,-4.247528076171875,1.5368968825532012,78.48721059163411,4.132747470623755,7.347249526576207,11.757998206824157,4.252863701840609,2.6120105758309364e-05,-1.4632720947265625,-0.46998596191406206,-162.1935863463625,-13.932060241699219,2.93731689453125,-16.86937713623047,23.07708740234375,9.62890625,13.44818115234375,-0.00011582695879042149,0.00014194706454873085
1992-010,1992-11-19 06:00:00,16.5,87.5,0,102.0,952.0,52.0,12.0,90.0,12.0,77.0,25.0,77.0,25.0,1,1,,,,,0,1.1714641004800797e-05,4.5939814299345016e-05,-5.1168957725167274e-05,-4.272442311048508e-07,71.34410858154297,70.13607025146484,77.7118148803711,96.28288269042967,293.0849609375,283.666015625,269.08709716796875,220.00633239746097,5.6781005859375,7.267791748046875,7.759674072265625,-1.225250244140625,-2.6746673583984375,-4.393798828125,-3.8683929443359375,2.92767333984375,8.890583444427092,73.06399790445964,6.276517485206734,8.492718353684577,8.670467442968658,3.173721686852601,-1.2141885235905647e-05,-6.903350830078125,5.6023406982421875,140.93931166470904,-6.367706298828125,1.208038330078125,-7.57574462890625,23.99786376953125,9.4189453125,14.57891845703125,-6.288359872996807e-05,5.0741713494062424e-05
1992-010,1992-11-19 12:00:00,17.5,88.5,0,102.0,952.0,52.0,0.0,102.0,0.0,90.0,12.0,77.0,25.0,1,1,,,,,0,2.755480818450451e-05,-3.214622847735882e-05,-2.231728285551071e-05,6.6317617893219e-05,90.7970199584961,69.60680389404297,60.350563049316406,100.3349151611328,291.640380859375,283.681640625,270.40631103515625,220.58201599121097,-1.215545654296875,1.100372314453125,8.483612060546875,-1.5460968017578125,9.8031005859375,7.776214599609375,-3.30352783203125,8.764480590820312,1.0899520885547993,73.58479563395183,9.878174544706535,7.853682749487206,9.104118284098767,8.899805354459822,3.8762809708714485e-05,-0.3305511474609375,-1.0386199951171875,-107.65418919186465,30.446456909179688,21.190216064453125,9.256240844726562,21.23406982421875,7.958740234375,13.27532958984375,-4.987209104001522e-05,8.86349007487297e-05
1992-010,1992-11-19 18:00:00,18.0,88.5,0,102.0,954.0,52.0,0.0,102.0,0.0,102.0,0.0,77.0,25.0,1,1,,,,,0,5.692709237337112e-06,2.405606210231781e-05,-3.673112951219082e-05,4.986952990293503e-05,86.5928726196289,72.92565155029297,54.880882263183594,96.50347900390624,291.842041015625,284.121337890625,269.44091796875,218.5256195068359,-3.25958251953125,-2.1969146728515625,5.09100341796875,0.5409393310546875,9.48846435546875,3.1878662109375,-3.1485443115234375,7.554855346679688,4.264130642423069,71.46646881103516,10.032738112132435,3.8715533134166575,5.985954149790666,7.57419663523047,4.4176820665597916e-05,3.8005218505859375,-1.9336090087890616,-26.965836257231242,31.711990356445312,13.667221069335938,18.044769287109375,22.401123046875,7.720703125,14.680419921875,-4.242383874952793e-05,8.660065941512585e-05
1992-010,1992-11-20 00:00:00,18.5,89.0,0,102.0,954.0,52.0,0.0,102.0,0.0,102.0,0.0,90.0,12.0,1,1,,,,,0,-1.3901619240641594e-05,3.7649646401405334e-05,1.0093674063682556e-05,2.1694693714380264e-05,98.0244140625,87.12413024902344,47.711273193359375,106.06777954101562,291.370849609375,284.228271484375,269.737548828125,219.03016662597656,0.730499267578125,1.5915374755859375,2.3241119384765625,-3.252197265625,4.401275634765625,1.49365234375,-4.13031005859375,12.6544189453125,9.163855421164872,77.61993916829427,4.4614858952050644,2.1826563770287635,4.739299260723044,13.06564601916119,3.559631295502186e-05,-3.982696533203125,8.253143310546875,115.76043385658089,50.313140869140625,10.900283813476562,39.41285705566406,21.63330078125,7.142578125,14.49072265625,2.399529330432415e-05,1.1601019650697708e-05
1992-010,1992-11-20 06:00:00,19.0,89.5,0,102.0,956.0,52.0,0.0,102.0,0.0,102.0,0.0,102.0,0.0,1,1,,,,,0,3.214110620319843e-05,0.0001086569391191,-0.0001066571567207,0.0001720136497169,90.42556762695312,70.04330444335938,72.80953979492188,94.4903793334961,292.097412109375,284.392822265625,269.0439453125,219.3801727294922,-5.8039093017578125,-5.216644287109375,2.90924072265625,-2.1197509765625,9.005050659179688,-0.278564453125,-9.11846923828125,4.0313262939453125,6.189584527771797,77.7594706217448,10.713370177372916,5.224076547369469,9.571319806162727,4.554660897464544,0.00013987254351370158,3.6841583251953125,-4.973724365234375,-53.47175417304869,17.61602783203125,20.38226318359375,-2.7662353515625,23.053466796875,7.70458984375,15.348876953125,-0.00013879826292389843,0.00027867080643760003
1992-010,1992-11-20 12:00:00,19.5,90.0,0,90.0,968.0,40.0,-12.0,102.0,-12.0,102.0,-12.0,102.0,-12.0,1,1,,,,,0,2.5782501325011253e-05,-3.3464981243014336e-05,5.488283932209015e-06,-4.67060599476099e-05,95.63441467285156,55.993621826171875,46.19852066040039,102.27046966552734,291.10791015625,284.733642578125,268.064208984375,220.11952209472656,-4.42041015625,-2.3362274169921875,0.41571044921875,1.6050262451171875,5.26397705078125,-0.7004241943359375,-7.2372589111328125,10.961593627929688,8.292690666310751,65.94218571980794,6.873825742672694,2.4389654765734456,7.249188349350633,11.078476615102986,-7.248856127262115e-05,6.0254364013671875,5.6976165771484375,43.398215987143956,49.43589401245117,39.64079284667969,9.795101165771484,23.043701171875,6.374267578125,16.66943359375,-2.029421739280224e-05,-5.2194343879818916e-05
1993-003,1993-12-01 06:00:00,7.0,91.0,0,25.0,1002.0,4.0,,,,,,,,1,1,,,,,0,-1.3868091627955437e-05,2.5878893211483955e-05,-4.674075171351433e-06,-1.4478107914328577e-05,100.44683074951172,84.0037841796875,88.01272583007812,97.79908752441406,290.82568359375,282.668701171875,268.526123046875,220.9470977783203,-4.1419525146484375,-6.477508544921875,-8.771636962890625,-4.1245269775390625,7.718612670898437,6.813720703125,6.5959014892578125,2.7822113037109375,4.936432123235786,90.82111358642578,8.759723294542837,9.401324734830201,10.974859063548037,4.975180652694375,-6.100162863731401e-07,0.017425537109375,-4.936401367187499,-89.79774627084902,12.434104919433594,16.44304656982422,-4.008941650390625,22.299560546875,8.156982421875,14.142578125,9.194016456604004e-06,-9.804032742977144e-06
1993-003,1993-12-01 12:00:00,8.0,89.0,0,30.0,1000.0,6.0,5.0,25.0,5.0,,,,,1,1,,,,,0,3.0711060389876366e-05,-1.1880649253726006e-05,2.2384338080883023e-05,9.862007573246956e-06,77.12946319580078,87.70298767089844,82.26090240478516,99.2113800048828,292.484375,283.139404296875,268.8759765625,220.9590759277344,-10.424041748046877,-13.77398681640625,-14.397079467773438,-1.730255126953125,2.8832550048828125,4.31005859375,9.754745483398438,7.53997802734375,9.86240311085622,82.3644510904948,10.815442930745185,14.432578352466734,17.39054216082022,7.735958341225354,-2.084905281662941e-05,8.693786621093752,4.6567230224609375,28.17519660925092,-5.131439208984375,-10.573524475097656,5.442085266113281,23.6083984375,9.344970703125,14.263427734375,-8.326722308993343e-06,-1.2522330507636067e-05
1993-003,1993-12-01 18:00:00,8.0,88.0,0,30.0,1002.0,6.0,0.0,30.0,0.0,25.0,5.0,,,1,1,,,,,0,-6.403098814189434e-05,-2.4828827008605003e-05,0.0001089766155928,-6.810319609940052e-05,95.32476806640624,91.84881591796876,97.14218139648438,103.03279113769533,290.960693359375,282.75439453125,269.88916015625,220.05758666992188,-13.627487182617188,-12.141448974609377,-6.823883056640625,-3.6917572021484375,-0.6624755859375,3.784744262695313,8.904495239257812,-0.3356475830078125,9.941103901895632,94.7719217936198,13.643580205149929,12.717667723959774,11.218530003377094,3.706984022031097,-4.07220795750618e-06,9.93572998046875,0.3268280029296875,1.884020161121139,-1.8174133300781392,3.4759521484374716,-5.293365478515611,21.071533203125,8.206298828125,12.865234375,0.00017300760373469432,-0.0001770798116922005
1993-003,1993-12-02 00:00:00,8.0,87.5,0,30.0,1002.0,6.0,0.0,30.0,0.0,30.0,0.0,,,1,1,,,,,0,-3.258371725678444e-05,-2.7913134545087814e-05,1.3907905668020248e-05,-5.1122624427080154e-06,92.59618377685548,87.43806457519531,80.73235321044922,104.30635833740234,291.212646484375,283.41943359375,269.05322265625,220.6729278564453,-8.785324096679688,-6.0238494873046875,-1.9499969482421875,-2.6409759521484375,6.18585205078125,9.333526611328123,14.298629760742188,-0.6180419921875,9.167659912384964,86.92220052083333,10.744611909131729,11.108621950992445,14.430984066685681,2.712329235902869,2.7471454814076424e-05,6.14434814453125,-6.80389404296875,-47.91596064910226,11.863830566406264,5.1581192016601705,6.705711364746094,22.159423828125,7.793212890625,14.3662109375,4.649162292480469e-05,-1.9020168110728264e-05
1993-003,1993-12-02 03:00:00,8.0,87.0,0,30.0,1000.0,6.0,,,,,,,,1,1,,,,,0,4.52650710940361e-05,5.357898771762848e-06,-0.0001037546899169,6.322772242128849e-05,88.63973236083984,71.4824447631836,95.7960433959961,97.60293579101562,291.82861328125,284.0029296875,269.241943359375,221.09396362304688,-6.8258514404296875,1.2411346435546875,4.5039215087890625,4.6406707763671875,2.753509521484375,4.7784423828125,13.073959350585938,3.604156494140625,11.498031658522494,85.30607350667317,7.360303157596238,4.936995727088532,13.828004991975748,5.875863280309071,1.7962651327252388e-05,11.466522216796875,0.85064697265625,4.242730669829032,-7.15631103515625,17.15728759765625,-24.3135986328125,22.586669921875,7.82568359375,14.760986328125,-0.0001490197610109361,0.00016698241233818848
1993-003,1993-12-02 06:00:00,8.5,86.5,0,30.0,1002.0,6.0,0.0,30.0,0.0,30.0,0.0,25.0,5.0,1,1,,,,,0,2.093636430799961e-05,3.069848753511906e-05,1.436891034245491e-05,7.197167724370956e-05,97.06808471679688,70.110107421875,69.53466796875,99.82654571533205,291.34375,284.16552734375,269.80908203125,221.1143493652344,-11.5767822265625,-5.209259033203125,2.8844757080078125,2.4296417236328125,2.582611083984375,6.899261474609375,13.514434814453123,4.98480224609375,14.210926579640091,78.90428670247395,11.861356024180893,8.645009460378715,13.818833107907114,5.545395597960412,5.103531293570995e-05,14.006423950195312,2.402191162109375,9.731909696884532,27.533416748046875,26.957977294921875,0.575439453125,21.53466796875,7.17822265625,14.3564453125,-6.567453965544701e-06,5.7602766901254654e-05
1993-003,1993-12-02 12:00:00,9.0,85.5,0,45.0,996.0,10.0,15.0,30.0,15.0,30.0,15.0,30.0,15.0,1,1,,,,,0,-2.773711457848549e-05,-9.875278919935226e-06,6.218394264578819e-05,3.522448241710663e-05,92.79830932617188,82.62874603271484,80.38985443115234,97.2994155883789,291.64501953125,283.274169921875,269.67626953125,221.0810546875,-12.733535766601562,-6.225799560546875,-1.5307769775390625,-4.78839111328125,1.5316009521484375,5.51727294921875,19.16064453125,0.6012115478515625,7.99943423035731,85.27230326334636,12.825316159687574,8.318706688198992,19.221695476931377,4.825986404769591,6.296159699559212e-05,7.9451446533203125,-0.930389404296875,-6.679010827075031,12.408454895019531,10.169563293457031,2.2388916015625,21.96875,8.370849609375,13.597900390625,8.992105722427368e-05,-2.6959460228681564e-05
1993-003,1993-12-02 18:00:00,9.0,85.0,0,45.0,996.0,10.0,0.0,45.0,0.0,30.0,15.0,30.0,15.0,1,1,,,,,0,-5.318503826856613e-05,-8.637015707790852e-05,1.806439831852913e-05,-0.0001231131609529,95.63227081298828,88.35267639160156,95.65496826171876,102.34449005126952,291.17822265625,283.56689453125,270.316162109375,221.383544921875,-9.935165405273438,-2.76873779296875,-1.4920806884765625,0.4525604248046875,6.181396484375,5.652740478515625,11.813278198242188,-2.46649169921875,13.5163167304119,93.2133051554362,11.701161229860297,6.294393051253038,11.907134271939192,2.50766669244826,-6.992812268433385e-05,10.387725830078125,-8.64788818359375,-39.77772802027127,-0.02269744873048296,7.279594421386719,-7.302291870117202,20.862060546875,7.611328125,13.250732421875,7.124943658709526e-05,-0.00014117755927142912
1993-003,1993-12-03 00:00:00,9.5,84.5,1,45.0,994.0,10.0,0.0,45.0,0.0,45.0,0.0,30.0,15.0,1,1,,,,,0,9.536277502775192e-06,-3.325054422020912e-05,2.5690067559480667e-05,-9.158230386674404e-05,85.85881042480469,80.89762115478516,97.12037658691406,99.50331115722656,292.086669921875,283.56396484375,270.52490234375,221.4842834472656,-5.964202880859375,-6.0245513916015625,-3.268310546875,-0.2909698486328125,13.250289916992188,13.499725341796877,15.166748046875,-1.171234130859375,15.497287791762387,87.9589360555013,14.5307225865886,14.783024175519742,15.51489929545793,1.2068358803513084,-0.00010111858136951923,5.6732330322265625,-14.421524047851562,-68.52599308059634,-11.261566162109375,4.961189270019531,-16.222755432128906,21.561767578125,8.522705078125,13.0390625,1.6153790056705475e-05,-0.00011727237142622471
1993-003,1993-12-03 03:00:00,9.5,83.5,0,55.0,988.0,16.0,,,,,,30.0,25.0,1,1,,,,,0,3.432156518101692e-06,4.179216921329498e-05,1.413235440850258e-05,3.948737867176533e-05,90.29764556884766,82.1508560180664,95.14915466308594,99.75765991210938,292.20947265625,284.468017578125,271.130126953125,222.0516815185547,-2.20904541015625,-1.217864990234375,-1.4189910888671875,1.8694000244140625,-1.1728057861328125,-2.0710906982421875,-1.012908935546875,6.5712127685546875,8.752344859414059,89.19921875,2.501070777910733,2.4026260247454005,1.7434219862084996,6.831946552842423,3.6055222153663635e-05,4.0784454345703125,7.7440185546875,62.22613006652935,-4.851509094238281,8.14678955078125,-12.998298645019531,21.079345703125,7.741455078125,13.337890625,1.0700197890400888e-05,2.535502426326275e-05
1993-003,1993-12-03 06:00:00,9.5,83.0,1,55.0,988.0,16.0,10.0,45.0,10.0,45.0,10.0,30.0,25.0,1,1,,,,,0,9.066425263881683e-06,3.276485949754715e-05,-0.0001061814837157,0.0001544051337987,86.89306640625,77.04470825195312,89.62166595458984,99.1304931640625,292.1220703125,283.663818359375,271.276123046875,222.3439178466797,2.6167144775390625,5.0178985595703125,0.0923004150390625,-1.9775238037109375,-4.314788818359375,-2.6248626708984375,3.2021942138671875,2.9249114990234375,8.57439712577017,84.51981353759766,5.046245852512699,5.662968302508314,3.2035241765812974,3.5306809076101606,0.0001453387085348183,-4.59423828125,7.2397003173828125,122.39878557549366,-2.7285995483398438,9.848358154296875,-12.576957702636719,20.845947265625,8.458251953125,12.3876953125,-0.00011524790897958168,0.0002605866175144
1993-003,1993-12-03 12:00:00,10.0,82.0,0,65.0,982.0,22.0,10.0,55.0,10.0,45.0,20.0,45.0,20.0,1,1,,,,,0,-3.504101186990738e-07,7.055304013192654e-05,-7.536658085882664e-05,-5.967286415398121e-05,88.13845825195312,76.77620697021484,87.99676513671875,96.7595672607422,292.34912109375,283.4306640625,269.367431640625,224.55099487304688,-0.5658111572265625,1.1931915283203125,5.8575286865234375,-3.4961700439453125,-4.3105621337890625,-2.7926177978515625,0.3944244384765625,-4.07012939453125,2.940205963377152,84.3038101196289,4.34753817405876,3.036843787245678,5.870793213111201,5.365552931842895,-5.9322454035282135e-05,-2.93035888671875,0.2404327392578125,175.30945080237598,0.141693115234375,11.362251281738281,-11.220558166503906,22.981689453125,8.91845703125,14.063232421875,-7.501617074012756e-05,1.569371670484543e-05
1993-004,1993-12-19 00:00:00,8.5,83.5,0,25.0,1008.0,4.0,,,,,,,,1,1,,,,,0,3.580516204237938e-05,6.405357271432877e-05,-9.79960896074772e-05,-1.2366566807031631e-05,88.4896469116211,81.12614440917969,94.4955062866211,100.05941009521484,290.35107421875,282.146728515625,268.54949951171875,218.30368041992188,-7.23272705078125,-1.606048583984375,-7.6250152587890625,-7.7729644775390625,-8.285659790039062,-3.0220794677734375,12.84423828125,-0.17138671875,8.13223732761881,88.03709920247395,10.998386188317493,3.4223320066375793,14.937045046537618,7.774853707720037,-4.817172884941101e-05,-0.5402374267578125,8.114273071289062,93.80905469750715,-6.005859375,7.363502502441406,-13.369361877441406,21.80157470703125,8.204345703125,13.59722900390625,-0.00013380125164985657,8.562952280044557e-05
1993-004,1993-12-19 03:00:00,8.5,83.5,0,25.0,1008.0,4.0,,,,,,,,1,1,,,,,0,-7.428927347064018e-06,-4.00603748857975e-05,-4.152115434408188e-05,0.0001358685549348,92.5789031982422,74.99797821044922,76.41422271728516,97.95877075195312,290.880859375,283.228759765625,268.600341796875,218.87950134277344,-6.2354278564453125,-1.804412841796875,-2.139373779296875,-9.960540771484377,-0.399932861328125,2.089935302734375,16.042755126953125,-0.6789093017578125,3.735544683724937,81.33036804199219,6.248240299996815,2.7611112388415098,16.18477408649635,9.983651150777247,0.00014329748228186402,-3.7251129150390643,-0.2789764404296875,-175.71707218446716,16.164680480957045,17.580924987792983,-1.4162445068359375,22.280517578125,7.652099609375,14.62841796875,-3.409222699701786e-05,0.00017738970927888188
1993-004,1993-12-19 06:00:00,9.0,82.5,0,25.0,1008.0,4.0,0.0,25.0,0.0,,,,,1,1,,,,,0,-1.7613405361771584e-05,2.5108689442276955e-05,-3.164447844028473e-05,7.642689161002636e-05,98.74273681640624,89.89675903320312,79.46029663085938,100.85517120361328,290.129638671875,282.464599609375,268.8466796875,220.3648376464844,-11.706741333007812,-5.47283935546875,-0.5209197998046875,-10.549819946289062,-5.4658050537109375,-2.24639892578125,10.376846313476562,1.5524749755859375,7.112996672617989,89.36659749348958,12.91986135851022,5.915934308671687,10.389913226362417,10.66343656843042,9.404029697179794e-05,1.15692138671875,7.018280029296875,80.63931610475305,19.28244018554686,8.84597778320311,10.43646240234375,21.282958984375,7.6650390625,13.617919921875,-1.4031073078513145e-05,0.00010807137005031109
1994-001,1994-03-21 12:00:00,9.0,90.5,0,25.0,,,,,,,,,,1,1,,,,,0,-8.02110880613327e-05,-6.043701432645321e-05,7.905368693172932e-05,-1.8017366528511047e-05,94.85806274414062,96.36424255371094,98.00111389160156,100.61046600341795,290.37109375,282.3828125,267.01123046875,220.27902221679688,6.12158203125,0.759002685546875,-0.039703369140625,-11.316757202148438,-2.8780059814453125,-3.3610687255859375,0.34869384765625,-6.2943878173828125,17.769843557780888,96.40780639648438,6.764368780200993,3.4457028390125646,0.3509469431615509,12.949452172505048,6.219372153282166e-05,-17.438339233398438,-3.4163818359375,-168.91545396923115,-3.1430511474609375,-1.5061798095703125,-1.636871337890625,23.35986328125,7.98828125,15.37158203125,0.00015926477499306202,-9.707105346024036e-05
1994-001,1994-03-21 18:00:00,10.0,90.0,0,25.0,,,0.0,25.0,0.0,,,,,1,1,,,,,0,3.0077528208494183e-05,3.583962097764015e-05,-0.0001237865071743,1.2161675840616226e-05,86.5677719116211,75.03028106689453,90.28943634033205,100.96563720703124,290.732421875,281.18798828125,268.358154296875,219.0421142578125,1.3881683349609375,-3.27947998046875,2.9062042236328125,-1.803924560546875,-4.254058837890625,-2.8614044189453125,1.8679351806640625,0.48345947265625,5.71257707136791,83.96249643961589,4.474821552020098,4.352312510729793,3.4547365787601927,1.8675858432332624,-1.7915852367877957e-05,-3.1920928955078125,4.737518310546875,123.97169928601207,-3.7216644287109517,11.537490844726562,-15.259155273437514,22.374267578125,9.54443359375,12.829833984375,-0.0001538640353827942,0.00013594818301491623
1994-001,1994-03-22 00:00:00,11.5,89.5,0,25.0,,,0.0,25.0,0.0,25.0,0.0,,,1,1,,,,,0,-4.08184714615345e-05,-7.292348891496658e-05,5.625654011964798e-06,2.281786873936653e-05,93.74923706054688,84.822265625,95.19176483154295,99.82416534423828,290.42333984375,281.318115234375,267.75244140625,219.47813415527344,1.484619140625,-3.7928314208984375,-4.9029083251953125,-11.565567016601562,-2.2663726806640625,-2.3687896728515625,-13.063720703125,8.747177124023438,17.076464447847506,91.25442250569661,2.7093429314818236,4.471770868633888,13.953469412820821,14.50087749257061,6.363634020090103e-05,-13.050186157226562,11.0135498046875,139.83770420171066,-1.4425277709960795,8.926971435546875,-10.369499206542955,22.6708984375,9.105224609375,13.565673828125,4.64441254734993e-05,1.7192214727401733e-05
1994-001,1994-03-22 06:00:00,12.5,90.5,0,25.0,,,0.0,25.0,0.0,25.0,0.0,,,1,1,,,,,0,2.834666520357132e-05,1.2254342436790466e-05,-0.0001222749706357,3.498466685414314e-05,91.81803894042967,88.74327850341797,99.47833251953124,99.78607177734376,290.648193359375,281.7509765625,267.69091796875,220.6333923339844,-3.223419189453125,-6.511871337890625,-11.273025512695312,-8.327774047851562,-6.954559326171875,-6.7530975341796875,-8.7542724609375,3.12335205078125,11.296846296297783,93.34654998779297,7.665267555159366,9.38130026315037,14.272995149239284,8.894219955970811,6.638001650571823e-06,-5.1043548583984375,10.077911376953125,116.86172865805159,-7.6602935791015625,3.0747604370117045,-10.735054016113267,22.957275390625,8.897216796875,14.06005859375,-0.00015062163583927132,0.00015725963748984315
1994-001,1994-03-22 12:00:00,13.0,90.5,0,25.0,,,0.0,25.0,0.0,25.0,0.0,25.0,0.0,1,1,,,,,0,1.7258571460843086e-05,-1.741945743560791e-05,-0.0001162933185696,4.055909812450409e-06,86.42081451416016,86.99284362792969,99.28651428222656,99.92373657226562,291.2958984375,282.9248046875,268.420654296875,220.63055419921875,-6.1452789306640625,-6.7963104248046875,-9.140045166015623,-3.294769287109375,-6.311126708984375,-7.74652099609375,-1.3788909912109375,3.46435546875,10.182605611296191,90.90005747477214,8.808789557738315,10.305261905125468,9.243471534139555,4.780927051225238,-1.3202661648392677e-05,2.8505096435546875,9.775482177734375,73.74342882744142,-12.865699768066406,-0.5720291137695312,-12.293670654296875,22.875244140625,8.37109375,14.504150390625,-0.0001335518900304431,0.00012034922838205041
1994-001,1994-03-22 18:00:00,13.0,90.5,0,25.0,,,0.0,25.0,0.0,25.0,0.0,25.0,0.0,1,1,,,,,0,-2.880673855543137e-05,-3.2800715416669846e-05,6.357789970934391e-05,3.966526128351688e-05,97.51229858398438,80.3373794555664,100.77323150634766,100.94871520996094,290.5703125,283.35546875,269.26220703125,219.46531677246097,-5.6240081787109375,-10.587753295898438,-6.93548583984375,2.5160675048828125,-6.8281097412109375,-5.1610565185546875,2.362701416015625,8.275604248046875,17.157593316194916,92.87430318196614,8.84604717555967,11.778668186281676,7.32689032372639,8.6496370651848,6.847199983894825e-05,8.14007568359375,15.103713989257812,61.67776110919517,-3.2609329223632812,17.17491912841797,-20.43585205078125,21.30810546875,7.21484375,14.09326171875,9.238463826477528e-05,-2.3912638425827033e-05
1994-001,1994-03-23 00:00:00,13.5,91.0,0,25.0,,,0.0,25.0,0.0,25.0,0.0,25.0,0.0,1,1,,,,,0,-5.317386239767075e-06,-5.186907947063446e-05,-5.407584831118584e-05,-5.730660632252693e-06,81.2734603881836,81.95529174804688,85.86636352539062,102.07621002197266,292.23486328125,283.518310546875,267.737060546875,220.32174682617188,-6.8303070068359375,-8.159469604492188,-6.2760162353515625,0.2115478515625,4.732147216796875,1.7565155029296875,-2.761566162109375,7.8972320556640625,7.720458657617215,83.03170522054036,8.309410995315524,8.346393888300756,6.856721334143885,7.900064976600429,-4.132743924856186e-07,7.0418548583984375,3.1650848388671875,24.20236771500424,-4.592903137207031,-0.6818313598632812,-3.91107177734375,24.497802734375,8.716552734375,15.78125,-4.875846207141876e-05,4.8345187678933144e-05
1994-001,1994-03-23 06:00:00,13.5,91.0,0,25.0,,,0.0,25.0,0.0,25.0,0.0,25.0,0.0,1,1,,,,,0,3.2156240195035934e-05,-3.355718217790127e-05,-4.30690124630928e-06,-9.40430909395218e-05,82.55451202392578,82.64588928222656,69.37884521484375,96.27608489990234,291.71142578125,283.752197265625,267.477294921875,219.9963836669922,-6.6428375244140625,-7.69989013671875,-9.856277465820312,4.4412994384765625,8.99957275390625,3.6404876708984375,-7.048919677734375,8.890609741210938,11.084672532386955,78.19308217366536,11.185687289058963,8.517127367810241,12.117486294871068,9.938213233410071,-0.00012619933113455772,11.084136962890625,-0.1089630126953125,-0.5632301073555422,13.175666809082031,-0.09137725830078125,13.267044067382812,24.234130859375,7.959228515625,16.27490234375,-3.6463141441345215e-05,-8.973618969321252e-05
1994-002,1994-04-29 00:00:00,8.5,92.0,0,25.0,1002.0,4.0,,,,,,,,1,1,,,,,0,-1.6076955944299698e-05,2.498738467693329e-06,1.9316794350743297e-05,6.645475514233112e-05,98.43788146972656,82.15293884277344,97.20782470703124,90.55313110351562,290.809326171875,283.522705078125,270.158447265625,220.71392822265625,-0.519683837890625,-0.5323333740234375,-0.9027862548828124,1.9105682373046875,9.349609375,8.833694458007812,4.3824920654296875,-0.2304534912109375,9.88350796375178,92.59954833984375,9.364041155209252,8.849719577395495,4.474512233256213,1.9244167430701828,8.253171108663082e-05,2.4302520751953125,-9.580062866210938,-75.76558606450135,1.2300567626953267,16.284942626953125,-15.054885864257798,20.65087890625,7.28662109375,13.3642578125,3.539375029504299e-05,4.713796079158783e-05
1994-002,1994-04-29 03:00:00,9.0,91.5,0,30.0,1001.0,5.0,,,,,,,,1,1,,,,,0,-1.204037107527256e-05,1.1805212125182152e-05,5.620531737804413e-07,4.6160537749528885e-05,96.4040298461914,91.04069519042967,93.70044708251952,94.73995971679688,290.853271484375,283.6279296875,269.708740234375,222.03610229492188,-3.2669830322265625,-3.483428955078125,-5.4978790283203125,-4.168548583984375,5.52783203125,4.5139617919921875,3.494598388671875,-1.178375244140625,6.766537996983281,93.71505737304688,6.4210672865630185,5.701765370886634,6.514513927236043,4.3319009121910454,5.8200908824801445e-05,-0.9015655517578125,-6.706207275390625,-97.65679180979996,2.703582763671889,5.363334655761733,-2.6597518920898438,21.14453125,7.225341796875,13.919189453125,1.2602424249053001e-05,4.5598484575748444e-05
1994-002,1994-04-29 06:00:00,9.3,91.3,0,30.0,1001.0,5.0,5.0,25.0,5.0,,,,,1,1,,,,,0,5.625654011964798e-06,-2.4257460609078407e-05,5.287583917379379e-06,8.443277329206467e-05,92.4004364013672,87.9864501953125,87.65505981445312,98.37505340576172,291.2333984375,283.9638671875,270.27685546875,223.1308135986328,-2.7230377197265625,-3.3847808837890625,-5.1233367919921875,-4.398651123046875,4.2841033935546875,3.8606109619140625,3.82275390625,0.4865264892578125,4.150815657366118,89.34731547037761,5.07626598098646,5.1343021561371796,6.392341301270641,4.425476214717583,7.880711928009987e-05,-1.6756134033203125,-3.797576904296875,-113.80861870711898,4.745376586914077,4.413986206054702,0.331390380859375,20.95654296875,7.26953125,13.68701171875,-3.380700945854187e-07,7.914518937468529e-05
1994-002,1994-04-29 12:00:00,10.0,91.0,0,35.0,998.0,8.0,5.0,30.0,5.0,25.0,10.0,,,1,1,,,,,0,-2.3711007088422775e-05,-1.4428049325942991e-05,3.077229484915733e-05,-9.464798495173454e-06,92.63410949707033,85.99147033691406,98.45990753173828,101.61720275878906,291.2109375,283.9560546875,270.14453125,222.93569946289065,-6.0578460693359375,-5.2609710693359375,-1.559234619140625,-0.6613922119140625,3.1110076904296875,1.769195556640625,4.2833251953125,-1.5541229248046875,7.133383341197955,92.36182912190755,6.809982955168208,5.5504837185624325,4.55829873158018,1.6890049506688998,1.4246208593249321e-05,5.396453857421875,-4.665130615234375,-40.842784155618155,-5.8257980346679545,6.642639160156264,-12.468437194824219,21.06640625,7.2548828125,13.8115234375,5.448330193758011e-05,-4.023709334433079e-05
1994-002,1994-04-29 18:00:00,10.4,90.7,0,45.0,994.0,10.0,10.0,35.0,10.0,30.0,15.0,,,1,1,,,,,0,1.928885467350483e-05,4.335073754191399e-06,-3.0327122658491135e-05,0.0001378757879137,91.35567474365234,79.22828674316406,89.5023193359375,98.37812042236328,291.953857421875,284.36962890625,270.435791015625,221.6709442138672,-0.7418975830078125,1.20074462890625,10.674957275390623,-1.06414794921875,5.91790771484375,1.1067962646484375,-0.0934295654296875,-7.4274749755859375,13.349272806132303,86.69542694091797,5.964230356473499,1.6330295880010692,10.675366125576751,7.503318957020406,0.00011858693324019517,-0.3222503662109375,-13.345382690429688,-91.3832498519411,1.8533554077148438,12.127388000488281,-10.274032592773438,21.51806640625,7.584228515625,13.933837890625,-4.9615977331995964e-05,0.00016820291057219113
1994-002,1994-04-30 00:00:00,10.8,90.6,0,45.0,994.0,10.0,0.0,45.0,0.0,35.0,10.0,25.0,20.0,1,1,,,,,0,-3.241910599172115e-05,4.992494359612465e-05,-4.285946488380432e-06,-3.781728446483612e-05,80.68302154541016,66.36750793457031,53.394527435302734,101.26570129394533,292.900390625,284.30126953125,269.7724609375,222.2996826171875,6.9530181884765625,9.781051635742188,12.556472778320312,-3.256256103515625,5.8736114501953125,5.7997283935546875,-11.859405517578123,-2.385833740234375,13.131934983955894,66.81501897176106,9.101855491994552,11.37127172043916,17.271667778852784,4.036756922050609,-5.398178473114967e-06,-10.209274291992188,-8.259445190429688,-141.02665853519963,27.288494110107422,14.315513610839844,12.972980499267578,23.1279296875,8.59912109375,14.52880859375,2.813315950334072e-05,-3.353133797645569e-05
1994-002,1994-04-30 03:00:00,11.0,90.5,0,45.0,994.0,10.0,,,,,,30.0,15.0,1,1,,,,,0,2.6094960048794743e-05,8.305767551064491e-06,1.0253861546516418e-06,9.801937267184258e-06,83.59400939941406,64.43229675292969,63.876827239990234,97.1494598388672,293.104736328125,285.065185546875,269.069091796875,223.0786590576172,9.309585571289062,9.42431640625,13.930862426757812,-6.403106689453125,6.037933349609375,5.7215423583984375,-7.9503936767578125,1.839508056640625,16.263931659393652,70.63437779744466,11.096171530914551,11.025143386099813,16.03987804095415,6.662099156194325,-1.6293022781610486e-05,-15.712692260742188,-4.19842529296875,-165.0400782830058,19.717182159423828,19.161712646484375,0.5554695129394531,24.03564453125,8.03955078125,15.99609375,-2.50695738941431e-05,8.776551112532616e-06
1994-002,1994-04-30 06:00:00,11.5,90.4,0,45.0,994.0,10.0,0.0,45.0,0.0,45.0,0.0,30.0,15.0,1,1,,,,,0,8.627772331237793e-06,4.2357947677373886e-05,3.296881914138794e-07,2.6668189093470573e-05,89.8469009399414,66.65664672851562,56.18172454833984,94.57254791259766,292.814453125,284.61962890625,269.645751953125,223.83187866210935,6.9293212890625,11.463348388671877,19.651565551757812,-5.19097900390625,8.5411376953125,5.480255126953125,-3.5977630615234375,9.186264038085938,12.137457196212006,70.8950907389323,10.998478379182409,12.705965234352018,19.97818629610548,10.551479043073842,1.804041676223278e-05,-12.12030029296875,0.6451263427734375,176.953196842849,33.66517639160157,23.19025421142578,10.474922180175788,23.168701171875,8.19482421875,14.973876953125,-8.298084139823914e-06,2.6338500902056694e-05
1994-002,1994-04-30 12:00:00,12.0,90.5,0,55.0,988.0,16.0,10.0,45.0,10.0,45.0,10.0,35.0,20.0,1,1,,,,,0,1.7654383555054665e-05,5.299830809235573e-05,7.535796612501144e-06,5.175895057618618e-05,83.47927856445312,56.983394622802734,29.395023345947266,96.20716857910156,293.6572265625,286.576171875,270.498291015625,223.90011596679688,7.663650512695312,6.597320556640625,18.926284790039062,-4.2647552490234375,9.135269165039062,5.1563720703125,-3.925491333007813,12.155471801757812,12.304815641977248,56.619232177734375,11.924121850201322,8.373339325177966,19.329090463836714,12.881911040579432,3.4104567021131516e-05,-11.92840576171875,3.02020263671875,165.7916401071233,54.08425521850586,26.49588394165039,27.58837127685547,23.158935546875,7.0810546875,16.077880859375,-1.011858694255352e-05,4.4223153963685036e-05
1994-002,1994-04-30 18:00:00,13.0,90.2,1,55.0,988.0,16.0,0.0,55.0,0.0,45.0,10.0,45.0,10.0,1,1,,,,,0,-5.1116570830345154e-05,-5.200295709073543e-05,3.5327160730957985e-05,-4.840199835598469e-05,64.02788543701172,52.164310455322266,21.707775115966797,96.5203857421875,295.34326171875,286.529052734375,270.427978515625,223.6338653564453,10.740310668945312,1.5495758056640625,20.929214477539062,-2.2268829345703125,4.3226165771484375,0.9619293212890624,-5.7316436767578125,14.383819580078123,16.412675461886703,45.96665700276693,11.577533732989034,1.8238676477900102,21.69985617196917,14.555180291446728,2.714572474360466e-06,-12.967193603515625,10.061203002929686,142.19223069638264,42.32011032104492,11.863574981689453,30.45653533935547,24.915283203125,8.814208984375,16.10107421875,8.644373156130314e-05,-8.372915908694267e-05
1994-002,1994-05-01 00:00:00,13.5,90.1,1,60.0,986.0,18.0,5.0,55.0,5.0,55.0,5.0,45.0,15.0,1,1,,,,,0,4.459661431610584e-05,1.5345169231295586e-05,1.8704449757933617e-05,7.09716696292162e-05,63.15863037109375,47.90792465209961,19.690757751464844,100.52882385253906,295.613525390625,286.339599609375,268.05517578125,222.7580413818359,12.149581909179688,7.325759887695312,13.432815551757812,-0.5886383056640625,-3.67041015625,0.3759918212890625,-4.6927642822265625,11.863204956054688,20.088689671033165,43.58577092488607,12.691897071871072,7.335402359914682,14.228934262835285,11.877799749290926,2.637505531311035e-05,-12.73822021484375,15.533615112304688,129.35319902296945,43.467872619628906,15.25070571899414,28.217166900634766,27.558349609375,9.27392578125,18.284423828125,-2.5892164558172226e-05,5.226721987128258e-05
1994-002,1994-05-01 03:00:00,14.0,90.0,1,60.0,986.0,18.0,,,,,,45.0,15.0,1,1,,,,,0,8.129049092531204e-06,2.488400787115097e-05,3.634090535342693e-05,-1.4290446415543556e-05,70.79532623291016,55.45201110839844,24.729461669921875,96.35828399658205,294.5078125,285.484619140625,268.417724609375,222.46502685546875,10.048385620117188,8.436386108398438,11.758087158203123,-1.0079193115234375,-5.5352630615234375,1.968292236328125,-3.7738037109375,8.36053466796875,17.757676460629106,50.325599670410156,11.472104895390544,8.662954744056309,12.348854524553557,8.421071266344278,-2.241949550807476e-05,-11.056304931640625,13.895797729492188,128.5077983751253,46.06586456298828,15.343315124511719,30.722549438476562,26.090087890625,9.023193359375,17.06689453125,2.821185626089573e-05,-5.063135176897049e-05
1994-002,1994-05-01 06:00:00,15.0,90.1,1,60.0,986.0,18.0,0.0,60.0,0.0,55.0,5.0,45.0,15.0,1,1,,,,,0,4.402012564241886e-05,-1.3849232345819472e-05,-1.0392628610134125e-05,-7.925089448690414e-06,70.92023468017578,59.2507438659668,53.96183776855469,98.185302734375,294.280517578125,284.85107421875,268.727783203125,222.84226989746097,7.74169921875,7.966903686523437,10.636993408203123,1.129638671875,-11.78973388671875,-3.7362213134765625,-4.1065826416015625,6.2487640380859375,19.212151156461474,61.37760543823242,14.104316073927114,8.79948316968771,11.402177413040894,6.350050041745465,-5.1945215091109276e-05,-6.612060546875,18.038497924804688,110.1305484632443,16.958396911621094,11.669490814208984,5.288906097412109,25.552734375,9.429443359375,16.123291015625,-5.4412754252552986e-05,2.4675391614437103e-06
1994-002,1994-05-01 12:00:00,16.0,90.4,1,77.0,972.0,32.0,17.0,60.0,17.0,60.0,17.0,55.0,22.0,1,1,,,,,0,-1.9437866285443303e-05,-2.1341722458601e-05,3.8373516872525215e-05,-2.0601786673069e-05,83.95256805419922,72.52326965332031,44.979026794433594,82.43407440185547,293.414794921875,284.998046875,269.9072265625,223.4353790283203,8.6328125,7.339111328125,10.042449951171877,3.908782958984375,-4.4968414306640625,-3.831695556640625,1.1572418212890625,8.283889770507812,13.625841080131403,67.15162150065105,9.733808838922874,8.279157319763419,10.108907441199195,9.159771500991202,-1.1639203876256977e-06,-4.724029541015625,12.780731201171875,110.28538249458671,38.973541259765625,11.429298400878906,27.54424285888672,23.507568359375,8.416748046875,15.0908203125,5.781138315796852e-05,-5.8975303545594215e-05
1994-004,1994-10-29 03:00:00,9.5,85.0,0,25.0,1006.0,4.0,,,,,,,,1,1,,,,,0,1.1138850823044775e-05,-2.776854671537876e-05,-1.9966159015893936e-05,4.184618592262268e-05,91.11402130126952,80.46560668945312,79.9212417602539,98.25756072998048,290.40380859375,282.455078125,267.63671875,219.4622802734375,-0.0589141845703125,4.4778900146484375,1.7237701416015625,-7.4460906982421875,5.343170166015625,4.193115234375,2.4987335205078125,1.934295654296875,8.135772998356769,83.83362325032552,5.343494952195896,6.134632373014368,3.0356305288335794,7.693228604732905,3.0707335099577904e-05,-7.387176513671875,-3.40887451171875,-155.22864209272268,11.19277954101561,10.648414611816392,0.5443649291992188,22.76708984375,7.94873046875,14.818359375,-3.110500983893871e-05,6.181234493851662e-05
1994-004,1994-10-29 06:00:00,10.0,84.5,0,25.0,1004.0,4.0,,,,,,,,1,1,,,,,0,7.1497634053230286e-06,4.260893911123276e-05,-7.288902997970581e-05,1.1749332770705225e-05,91.92577362060548,73.01748657226562,94.70643615722656,98.8691635131836,290.324462890625,282.943115234375,267.638916015625,219.695068359375,-2.88702392578125,-0.6995391845703125,3.39593505859375,-5.49078369140625,3.33099365234375,1.1204833984375,4.8461761474609375,0.7348175048828125,3.6769138561751302,86.54989878336589,4.40799567377144,1.3209232062929879,5.917583812199492,5.539734859295619,4.599569365382196e-06,-2.603759765625,-2.5961761474609375,-135.08356045409846,-2.7806625366210795,18.908287048339858,-21.688949584960938,22.685546875,7.38134765625,15.30419921875,-8.003879338502884e-05,8.463836275041103e-05
1994-004,1994-10-29 12:00:00,10.5,84.5,0,30.0,1003.0,5.0,5.0,25.0,5.0,,,,,1,1,,,,,0,1.5164026990532877e-05,1.9186409190297127e-05,1.4221295714378357e-06,-1.7387326806783676e-05,89.79949188232422,77.15447998046875,83.61725616455078,95.7201690673828,290.8125,282.4619140625,268.25732421875,219.44500732421875,-2.1206207275390625,-5.1518096923828125,1.6230621337890625,0.303375244140625,6.5909576416015625,6.212615966796875,5.4815216064453125,-0.4425811767578125,7.439517778733212,83.52374267578125,6.923709620099209,8.070795515773458,5.716765677554635,0.5365767762191296,-3.255135379731655e-05,2.4239959716796875,-7.033538818359375,-70.98431221484655,6.1822357177734375,12.645011901855469,-6.462776184082031,22.55517578125,8.3505859375,14.20458984375,-1.3741897419095041e-05,-1.8809456378221512e-05
1994-004,1994-10-29 18:00:00,11.0,84.0,1,30.0,1005.0,5.0,0.0,30.0,0.0,25.0,5.0,,,1,1,,,,,0,1.2137461453676224e-06,4.981877282261848e-06,-1.855357550084591e-05,5.027768202126026e-05,89.46825408935547,76.6298828125,92.5156021118164,99.5203628540039,290.6826171875,282.789306640625,266.75146484375,219.3244781494141,-1.7711944580078125,-4.3974761962890625,-0.211883544921875,-4.0488128662109375,6.0459747314453125,8.1636962890625,11.316879272460938,-4.665740966796875,10.951182530364193,86.20457967122395,6.3000746234749325,9.27274144991554,11.318862624136077,6.177541937926595,4.906393587589264e-05,-2.277618408203125,-10.711715698242188,-102.00395564489273,-3.0473480224609375,12.838371276855469,-15.885719299316406,23.93115234375,7.893310546875,16.037841796875,-1.976732164621353e-05,6.883125752210617e-05
1994-004,1994-10-30 00:00:00,11.5,83.0,1,30.0,1004.0,6.0,0.0,30.0,0.0,30.0,0.0,,,1,1,,,,,0,6.911344826221466e-06,2.96903308480978e-05,-2.6265624910593033e-05,4.9012014642357826e-05,85.7504653930664,80.88118743896484,99.92788696289062,103.33914184570312,290.35595703125,281.348876953125,268.172607421875,219.2429351806641,-4.3708038330078125,-5.0662841796875,2.3253173828125,-6.109710693359375,3.25238037109375,5.23358154296875,3.731857299804687,0.980621337890625,2.860889053059857,88.85317993164062,5.448110151686702,7.28406556507113,4.397028523550365,6.187906185849644,4.210066981613636e-05,-1.7389068603515625,-2.271759033203125,-127.43207332748743,-14.177421569824219,4.8692779541015625,-19.04669952392578,22.183349609375,9.007080078125,13.17626953125,-3.31769697368145e-05,7.527763955295086e-05
1994-004,1994-10-30 03:00:00,12.0,82.0,0,35.0,1002.0,8.0,,,,,,25.0,10.0,1,1,,,,,0,-3.6055222153663635e-05,-2.9187649488449097e-06,-2.85380519926548e-06,2.1488231141120195e-06,91.21397399902344,78.96349334716797,98.9399871826172,78.26221466064453,290.077392578125,281.22998046875,268.62548828125,218.8526306152344,-6.5079345703125,-5.385955810546875,-3.0171051025390625,-9.904495239257812,-3.2722930908203125,-1.61767578125,-0.287933349609375,0.0010223388671875,4.717119701688361,89.70581817626953,7.284306037207587,5.623646052731844,3.030813226443444,9.90449529202056,3.8204045267775655e-05,-3.3965606689453125,3.2733154296875,136.05858466445756,-7.726013183593764,12.250480651855469,-19.976493835449233,21.451904296875,8.847412109375,12.6044921875,3.3201416954398155e-05,5.0026283133775e-06
1994-004,1994-10-30 06:00:00,12.2,81.5,0,45.0,1000.0,10.0,15.0,30.0,15.0,30.0,15.0,25.0,20.0,1,1,,,,,0,-1.7584534361958504e-05,3.0376948416233063e-05,-4.21842560172081e-05,3.329121682327241e-05,92.26244354248048,76.38665008544922,98.10842895507812,67.75731658935547,289.980712890625,281.46240234375,268.481201171875,218.9188690185547,-8.6976318359375,-7.141754150390625,-2.4803619384765625,-8.772476196289062,-5.71136474609375,-5.10552978515625,-5.3913726806640625,-0.55316162109375,5.1587460837917,88.91917419433594,10.405214405116123,8.779013995417671,5.934567779346193,8.789899111679796,5.087575118523091e-05,-0.0748443603515625,5.158203125,90.83129046323592,-5.845985412597642,15.875793457031264,-21.721778869628906,21.49951171875,8.518310546875,12.981201171875,-2.4599721655249596e-05,7.54754728404805e-05
1994-004,1994-10-30 12:00:00,12.3,81.0,0,55.0,992.0,16.0,10.0,45.0,10.0,30.0,25.0,30.0,25.0,1,1,,,,,0,-2.4525215849280357e-05,-3.470131196081638e-05,0.0001307006459683,-4.741549491882324e-05,92.94174194335938,77.53546905517578,78.17298889160156,82.67977142333984,289.542724609375,281.36669921875,269.8896484375,219.84519958496097,-4.2440338134765625,-7.12091064453125,1.7974395751953125,-4.8920135498046875,-5.6428985595703125,-8.095687866210938,-13.149612426757812,-1.15185546875,4.537548433052448,82.8833999633789,7.060745510463688,10.781814802458511,13.27189119908771,5.025790245559592,-2.2890279069542885e-05,-0.647979736328125,4.4910430908203125,98.21013008700503,14.768753051757812,15.406272888183594,-0.6375198364257812,19.653076171875,8.176025390625,11.47705078125,0.00015522586181758035,-0.00017811614088712323
1995-002,1995-05-08 09:00:00,14.5,81.5,0,25.0,998.0,4.0,,,,,,,,1,1,,,,,0,1.092301681637764e-05,-3.294553607702255e-07,3.941613249480724e-05,7.683644071221352e-06,89.16373443603516,85.113037109375,96.3161392211914,100.89436340332033,291.94091796875,284.2705078125,270.710205078125,223.6586151123047,-0.757843017578125,-0.2030181884765625,-2.351654052734375,-7.1724395751953125,3.959426879882813,4.2578887939453125,6.14971923828125,8.087677001953125,7.628204118098036,90.19763692220052,4.031300938460246,4.262726048722504,6.584020313868156,10.809921773433395,-3.239372745156288e-06,-6.4145965576171875,4.1282501220703125,147.23583096943565,-7.15240478515625,4.050697326660156,-11.203102111816406,21.230712890625,7.67041015625,13.560302734375,2.8493115678429604e-05,-3.173248842358589e-05
1995-002,1995-05-08 12:00:00,15.0,81.5,0,25.0,998.0,4.0,,,,,,,,1,1,,,,,0,1.2411968782544136e-05,2.0066741853952408e-05,8.253147825598717e-06,-3.3456599339842796e-05,95.1068344116211,90.85233306884766,97.11954498291016,97.17274475097656,291.412841796875,284.02099609375,270.664306640625,222.86553955078125,-4.0783538818359375,-3.3231964111328125,-0.50811767578125,-2.8554229736328125,-2.3106536865234375,0.225067138671875,4.272705078125,10.296096801757812,12.665927438605436,94.3595708211263,4.6874396896952835,3.3308091515239884,4.302812133602454,10.684711026018322,-4.586856812238693e-05,1.222930908203125,12.60675048828125,84.45929972268775,-2.0127105712890625,4.2545013427734375,-6.2672119140625,20.74853515625,7.391845703125,13.356689453125,-4.158820956945419e-06,-4.170974716544151e-05
1995-002,1995-05-08 18:00:00,15.5,81.5,0,25.0,998.0,4.0,0.0,25.0,0.0,,,,,1,1,,,,,0,-5.463836714625359e-06,-1.0975170880556108e-05,4.970352165400982e-05,-7.12997280061245e-05,91.8031005859375,87.7557601928711,86.54759216308594,88.11475372314453,292.144775390625,284.6064453125,271.195556640625,222.76458740234375,-0.3327789306640625,-0.867950439453125,-2.0252838134765625,-8.785797119140625,3.0327301025390625,4.351806640625,1.4024200439453125,7.730438232421875,9.67067620015698,88.70215098063152,3.0509332492764423,4.437517211542365,2.463444033216452,11.702559817577928,-6.583589129149914e-05,-8.453018188476562,4.6977081298828125,150.93717709401696,5.2555084228515625,4.047340393066406,1.2081680297851562,20.94921875,7.538330078125,13.410888671875,5.516735836863518e-05,-0.00012100324966013432
1995-002,1995-05-09 00:00:00,15.5,81.5,0,25.0,998.0,4.0,0.0,25.0,0.0,25.0,0.0,,,1,1,,,,,0,1.649279147386551e-05,-1.5247147530317308e-05,3.5064294934272766e-06,-6.827991455793381e-06,94.54695892333984,95.06398010253906,81.7161865234375,98.4133758544922,292.11865234375,284.38330078125,270.970458984375,222.80084228515625,3.631622314453125,4.1908416748046875,3.2553558349609375,-4.6553192138671875,0.0961456298828125,0.9373779296875,1.5497589111328125,10.827316284179688,13.558444730331065,90.44237518310547,3.6328947985015247,4.2943953388509755,3.6054256745701725,11.785702138636614,-2.332078292965889e-05,-8.286941528320312,10.731170654296875,127.6764288103679,12.830772399902344,-0.5170211791992188,13.347793579101562,21.148193359375,7.7353515625,13.412841796875,-1.2986361980438232e-05,-1.0334420949220657e-05
1995-002,1995-05-09 03:00:00,16.0,82.5,0,25.0,998.0,4.0,,,,,,,,1,1,,,,,0,9.408686310052872e-06,-1.4987308531999588e-06,6.193993613123894e-06,3.7905992940068245e-05,94.61460876464844,87.31123352050781,84.56876373291016,63.632057189941406,292.019775390625,284.781982421875,271.08203125,223.4409942626953,0.79864501953125,1.963714599609375,2.4603729248046875,-6.6087799072265625,5.8467864990234375,6.1969146728515625,6.05828857421875,5.083465576171875,7.446650446799282,88.83153533935547,5.901080090321162,6.500609701506621,6.538829817147823,8.337721159062948,2.8497306630015373e-05,-7.4074249267578125,-0.7633209228515625,-174.11654651591238,10.045845031738281,7.303375244140625,2.7424697875976562,20.937744140625,7.23779296875,13.699951171875,-3.214692696928978e-06,3.171199932694435e-05
1995-002,1995-05-09 06:00:00,16.5,82.5,0,25.0,997.0,5.0,0.0,25.0,0.0,25.0,0.0,,,1,1,,,,,0,-8.174683898687363e-06,6.218208000063896e-06,-2.5150133296847343e-05,1.0691583156585691e-06,94.42236328125,90.0025634765625,87.62518310546875,100.66869354248048,292.087158203125,284.7099609375,270.9853515625,224.4049072265625,-2.3065948486328125,-1.7176361083984375,2.9547576904296875,-2.9589385986328125,6.727508544921875,5.0281829833984375,3.7396087646484375,5.6255340576171875,1.280585857658319,90.68336995442708,7.1119442501847745,5.3134638340174805,4.766053579408103,6.3562529106298165,9.243842214345932e-06,-0.65234375,-1.1019744873046875,-120.62456455297315,6.79718017578125,4.4197998046875,2.37738037109375,21.101806640625,7.377197265625,13.724609375,-1.697544939815998e-05,2.6219291612505913e-05
1995-002,1995-05-09 09:00:00,16.5,82.5,0,30.0,996.0,6.0,5.0,25.0,5.0,,,25.0,5.0,1,1,,,,,0,-1.659151166677475e-06,-1.0201241821050644e-05,1.9090482965111732e-05,1.0084826499223707e-05,92.84236907958984,89.20436096191406,79.16898345947266,100.6368637084961,292.491943359375,284.926025390625,271.184326171875,224.92379760742188,0.5705108642578125,1.7587890625,4.169158935546875,-2.2489776611328125,7.306747436523437,7.1287841796875,3.704681396484375,0.9342041015625,6.968416183090995,87.07190450032552,7.3289863383266045,7.34254062616833,5.577324670422888,2.43529009024605,1.1743977665901182e-05,-2.819488525390625,-6.372543334960937,-113.86666894832427,13.673385620117188,3.6380081176757812,10.035377502441406,21.3076171875,7.56591796875,13.74169921875,2.0749634131789207e-05,-9.005656465888025e-06
1995-003,1995-05-14 18:00:00,19.5,86.5,0,25.0,998.0,4.0,,,,,,,,1,1,,,,,0,-2.1795975044369698e-05,-1.3231998309493063e-05,-2.3408792912960052e-06,-1.6409438103437424e-05,94.79867553710938,90.77401733398438,95.66895294189452,104.59402465820312,293.723876953125,286.9697265625,272.082275390625,226.7653961181641,1.842254638671875,-1.729583740234375,-4.26324462890625,-3.6060638427734375,-4.6806182861328125,-1.473297119140625,8.113540649414062,10.277313232421877,15.919292999032033,93.7472152709961,5.0301182584695665,2.2720176750525503,9.16541306410095,10.891596013232943,5.386536940932274e-06,-5.4483184814453125,14.95793151855469,110.01378755648325,-0.870277404785142,4.024658203125,-4.894935607910142,21.6416015625,6.754150390625,14.887451171875,1.9455095753073692e-05,-1.4068558812141418e-05
1995-003,1995-05-15 00:00:00,20.0,86.8,0,25.0,997.0,5.0,0.0,25.0,0.0,,,,,1,1,,,,,0,-0.000144368968904,1.4772173017263412e-05,4.7400593757629395e-05,6.45732507109642e-06,100.26892852783205,102.3836669921875,101.3991241455078,99.43948364257812,293.618408203125,286.375,271.9111328125,226.9070281982422,4.1533355712890625,1.93011474609375,2.920806884765625,2.7901458740234375,-9.971267700195312,-4.3081207275390625,3.5335845947265625,6.987640380859375,17.01360777296788,101.35057322184245,10.801683938937177,4.720725276495154,4.584466484355967,7.524096762439101,0.00015082629397509642,-1.363189697265625,16.958908081054688,94.59566419724253,-1.1301956176757528,-2.1147384643554545,0.9845428466797017,21.707275390625,7.243408203125,14.4638671875,0.0001917695626616294,-4.0943268686532974e-05
1995-003,1995-05-15 03:00:00,20.5,87.0,0,30.0,996.0,6.0,,,,,,,,1,1,,,,,0,7.67875462770462e-06,-2.376898191869259e-05,3.867899067699909e-05,-2.6229536160826683e-05,97.77882385253906,92.0691909790039,92.04195404052734,104.5871810913086,294.235107421875,287.0263671875,273.22705078125,226.6238555908203,-6.63055419921875,-6.5741119384765625,-7.72576904296875,0.871856689453125,-5.4392242431640625,0.27618408203125,6.92864990234375,4.108612060546875,12.142789927562893,93.96332295735677,8.576095227794585,6.579910746111038,10.377557360696319,4.200098469204669,-3.3908290788531303e-05,7.502410888671875,9.547836303710938,51.840771708949134,5.736869812011719,5.709632873535156,0.0272369384765625,21.008056640625,7.208740234375,13.79931640625,3.100023604929447e-05,-6.490852683782578e-05
1995-003,1995-05-15 06:00:00,21.0,87.3,0,30.0,996.0,6.0,5.0,25.0,5.0,25.0,5.0,,,1,1,,,,,0,-4.2067840695381165e-06,2.453383058309555e-05,2.303044311702251e-05,2.8513604775071144e-05,90.47893524169922,67.12666320800781,80.37185668945312,96.02389526367188,294.57568359375,287.9658203125,273.419677734375,227.75006103515625,-9.552505493164062,-9.562835693359377,-11.716400146484377,1.35028076171875,10.89892578125,9.55181884765625,9.345062255859377,2.1355743408203125,13.988104824748158,79.32581837972005,14.492651392416969,13.516104090921662,14.986801558652422,2.526645186930266,3.272038884460926e-05,10.902786254882812,-8.763351440429688,-38.79133711244561,10.107078552246094,23.352272033691406,-13.245193481445312,21.156005859375,6.60986328125,14.546142578125,2.7237227186560627e-05,5.483161658048633e-06
1995-003,1995-05-15 12:00:00,21.5,87.5,0,30.0,996.0,6.0,0.0,30.0,0.0,25.0,5.0,,,1,1,,,,,0,-6.2335748225450516e-06,1.2147706001996994e-05,1.8992694094777107e-05,-3.697583451867104e-06,99.3611068725586,80.3490982055664,85.99949645996094,117.5720443725586,294.3115234375,287.5341796875,273.440185546875,227.624755859375,-6.3500213623046875,-3.3498382568359375,-5.4313812255859375,-0.068145751953125,3.811599731445313,6.725860595703125,7.784423828125,4.92169189453125,6.379205733825696,88.56990051269531,7.406150404527298,7.513894935370978,9.49195218875062,4.922163645004487,2.5359913706779476e-06,6.2818756103515625,1.110092163085937,10.02147616866417,13.361610412597656,19.012008666992188,-5.650398254394531,20.871337890625,6.77734375,14.093994140625,2.522626891732216e-05,-2.269027754664421e-05
1995-003,1995-05-15 18:00:00,21.5,88.0,0,30.0,996.0,6.0,0.0,30.0,0.0,30.0,0.0,25.0,5.0,1,1,,,,,0,-3.584730438888073e-05,1.9111204892396927e-05,-6.0833292081952095e-05,5.132798105478287e-05,96.62345886230467,97.53742980957033,95.31026458740234,105.02278137207033,294.435302734375,286.9384765625,272.9345703125,228.45469665527344,4.4801025390625,3.2443389892578125,-1.7374725341796875,6.6566009521484375,5.4607696533203125,10.223602294921877,15.815414428710938,7.32354736328125,2.864801238985511,96.49038441975911,7.063379075707201,10.72603278765967,15.910567065912732,9.89670057233052,8.71752854436636e-05,2.1764984130859375,1.8627777099609375,40.5588924916416,1.3131942749023295,-0.9139709472656534,2.227165222167983,21.500732421875,7.496826171875,14.00390625,-2.4985987693071365e-05,0.00011216127313673496
1995-003,1995-05-16 00:00:00,22.0,88.5,0,30.0,996.0,6.0,0.0,30.0,0.0,30.0,0.0,25.0,5.0,1,1,,,,,0,-2.0725885406136513e-05,1.695007085800171e-07,-1.4596153050661089e-05,1.1524971341714265e-05,95.13248443603516,84.13224029541016,94.2697982788086,98.37765502929688,294.216796875,287.046875,272.85107421875,227.53607177734375,1.3077392578125,-0.6538848876953125,2.634918212890625,5.66253662109375,7.0051727294921875,6.816009521484375,14.59271240234375,7.7819671630859375,4.4235358783786936,91.1781743367513,7.126193018466804,6.847302479321471,14.828690071821578,9.624101719774973,3.2250856747850776e-05,4.35479736328125,0.77679443359375,10.113859594525785,0.8626861572265625,11.000244140625,-10.137557983398438,21.36572265625,7.169921875,14.19580078125,6.129732355475424e-06,2.6121124392375353e-05
1995-003,1995-05-16 03:00:00,22.0,88.5,0,30.0,996.0,6.0,,,,,,30.0,0.0,1,1,,,,,0,2.5140587240457535e-05,-2.715340815484524e-05,5.311821587383747e-05,3.839586861431599e-05,99.63561248779295,81.40984344482422,98.08235168457033,89.73401641845703,294.007568359375,286.607666015625,271.87548828125,227.7448272705078,5.8040618896484375,7.188629150390625,7.05145263671875,-1.52252197265625,-3.5394744873046875,-1.9847564697265625,3.1847076416015625,5.214630126953125,11.41547978355502,93.0426025390625,6.798162550656624,7.457589912697485,7.737269999836066,5.432351288176073,1.3255281373858452e-05,-7.3265838623046875,8.754104614257812,129.92701617949066,1.5532608032226278,18.225769042968736,-16.672508239746108,22.132080078125,7.39990234375,14.732177734375,2.7977628633379936e-05,-1.4722347259521484e-05
1995-003,1995-05-16 06:00:00,22.5,89.5,0,30.0,,,0.0,30.0,0.0,30.0,0.0,30.0,0.0,1,1,,,,,0,4.287553019821644e-05,4.143314436078072e-05,-5.122879520058632e-05,2.0428095012903217e-05,97.67799377441406,70.43108367919922,93.135009765625,100.36054229736328,293.967041015625,287.283203125,272.5966796875,228.109375,8.346221923828125,5.7357025146484375,8.705368041992188,7.1804962158203125,12.601486206054688,14.017684936523438,17.074417114257812,7.247909545898437,5.479023588421578,87.08136240641277,15.114789942409912,15.145751031764007,19.165572063943173,10.202534914957925,-2.244743518531322e-05,-1.1657257080078125,-5.353576660156251,-102.28423708944034,4.5429840087890625,27.246910095214844,-22.70392608642578,21.370361328125,6.683837890625,14.6865234375,-9.410432539880276e-05,7.165689021348953e-05
1995-003,1995-05-16 12:00:00,23.0,89.5,0,30.0,,,0.0,30.0,0.0,30.0,0.0,30.0,0.0,1,1,,,,,0,-1.0937685146927834e-05,1.918082125484943e-05,-2.1082814782857895e-06,-3.207591362297535e-05,95.73826599121094,81.22297668457031,91.1502685546875,100.05292510986328,293.945556640625,286.600830078125,271.889892578125,228.5954132080078,15.125701904296877,11.506118774414062,9.05645751953125,6.67962646484375,1.848663330078125,-0.10491943359375,5.04351806640625,-1.6819000244140625,9.154292322676636,89.37050374348958,15.238254959332638,11.506597122454119,10.366122577378697,6.888120019422211,-2.1138228476047516e-05,-8.446075439453127,-3.5305633544921875,-157.31447291414543,4.5879974365234375,14.515289306640625,-9.927291870117188,22.0556640625,7.3447265625,14.7109375,8.829403668642044e-06,-2.996763214468956e-05
1995-003,1995-05-16 18:00:00,23.7,90.5,0,30.0,,,0.0,30.0,0.0,30.0,0.0,30.0,0.0,1,1,,,,,0,-1.0929303243756294e-05,5.500158295035362e-05,-3.3043790608644485e-05,2.3354077711701393e-05,100.31519317626952,97.06089782714844,97.40838623046876,98.12039947509766,293.050537109375,285.69384765625,272.55615234375,227.0975799560547,3.2912139892578125,3.880615234375,-0.805938720703125,-1.39227294921875,14.489898681640623,15.120697021484377,15.017852783203123,2.8956146240234375,12.504498099148028,98.26149241129558,14.858978879024527,15.6107223731892,15.039462737727382,3.2129438239696424,3.428338095545769e-05,-4.6834869384765625,-11.594284057617186,-111.99614294581588,2.906806945800753,3.2542953491210795,-0.3474884033203267,20.494384765625,7.356689453125,13.1376953125,-2.211448736488819e-05,5.639786832034588e-05
1995-004,1995-09-16 03:00:00,19.0,90.0,0,25.0,998.0,4.0,,,,,,,,1,1,,,,,0,-2.3568281903862953e-05,-1.9820639863610268e-05,5.91217540204525e-05,-6.36556651443243e-05,96.28508758544922,84.87104797363281,99.76499938964844,102.98436737060548,291.296875,283.784912109375,270.1627197265625,224.38504028320312,6.6552886962890625,1.25970458984375,-1.257904052734375,-6.80462646484375,7.14996337890625,4.1052093505859375,2.315704345703125,-4.6397857666015625,17.89322500442263,93.64037831624348,9.768052208636758,4.29413547362116,2.63530059435236,8.23593062659044,-4.008738324046135e-05,-13.459915161132812,-11.789749145507812,-138.784377694904,-3.4799118041992188,11.414039611816406,-14.893951416015625,21.1341552734375,7.511962890625,13.6221923828125,8.269003592431545e-05,-0.0001227774191647768
1995-004,1995-09-16 06:00:00,19.5,89.5,0,25.0,998.0,4.0,,,,,,,,1,1,,,,,0,-1.54001172631979e-05,-6.36829063296318e-05,5.092797800898552e-05,-5.394848994910717e-05,89.93717193603516,95.71880340576172,100.63915252685548,100.58927917480467,292.08056640625,283.319091796875,270.480712890625,224.69210815429688,5.3284759521484375,1.265350341796875,0.24993896484375,-4.992645263671875,1.1652679443359375,2.3353271484375,1.2912139892578125,-2.4897308349609375,10.949180756034572,95.43170928955078,5.454402382912458,2.6560994668337807,1.3151817563372143,5.579002272756347,-3.854837268590927e-05,-10.321121215820312,-3.654998779296875,-160.49951625958624,-10.701980590820327,-5.7816314697265625,-4.920349121093764,21.599853515625,8.761474609375,12.83837890625,6.632809527218342e-05,-0.00010487646795809269
1995-004,1995-09-16 12:00:00,20.0,89.0,0,25.0,998.0,4.0,0.0,25.0,0.0,,,,,1,1,,,,,0,-1.0658521205186844e-05,6.123445928096771e-06,4.21544536948204e-05,-2.4954788386821747e-06,84.71310424804688,78.1417465209961,62.219268798828125,92.35903930664062,292.4365234375,283.91845703125,272.5048828125,224.13424682617188,1.8228759765625,5.3803253173828125,0.9067535400390624,-6.992950439453125,5.465301513671875,8.00250244140625,5.511505126953125,3.2431793212890625,9.091568755456844,75.0247065226237,5.761284358654134,9.643025761947515,5.585596722535915,7.708408912264881,8.16304236650467e-06,-8.815826416015625,-2.2221221923828125,-165.85269361483853,22.49383544921875,6.571357727050781,15.922477722167969,19.931640625,8.51806640625,11.41357421875,5.281297490000724e-05,-4.464993253350257e-05
1995-007,1995-11-07 03:00:00,11.0,91.5,0,25.0,1000.0,4.0,,,,,,,,1,1,,,,,0,-1.863366924226284e-05,8.365139365196228e-06,5.243346095085144e-07,-9.633274748921394e-05,90.75313568115234,89.04286193847656,89.9880599975586,50.57395935058594,290.422607421875,282.94580078125,269.223876953125,220.73045349121097,-1.4682159423828125,-0.257293701171875,-0.6172943115234375,-11.244949340820312,5.5396575927734375,5.0270843505859375,4.2404632568359375,-3.2204132080078125,13.127199106390652,89.92801920572917,5.730921766927153,5.0336643825913505,4.285158211736743,11.697005895011182,-7.76990782469511e-05,-9.7767333984375,-8.76007080078125,-138.13927762094897,0.76507568359375,1.7102737426757812,-0.9451980590820312,21.19873046875,7.476806640625,13.721923828125,1.9158003851771355e-05,-9.685708209872246e-05
1995-007,1995-11-07 06:00:00,11.5,91.0,0,25.0,1000.0,4.0,,,,,,,,1,1,,,,,0,-1.599709503352642e-05,-1.4391262084245682e-05,5.58455940335989e-05,-2.5002926122397184e-05,87.30001831054688,94.87659454345705,92.81500244140624,100.87954711914062,290.8828125,282.671142578125,269.748046875,221.04666137695312,-2.531768798828125,-1.2710113525390625,-4.01007080078125,-6.270904541015625,6.8824920654296875,4.98907470703125,4.902923583984375,-8.276947021484375,15.613767307359296,91.66387176513672,7.333386003847214,5.148430468659563,6.333981962215283,10.38422340663901,-9.005831088870764e-06,-3.7391357421875,-15.159439086914062,-103.85566543158552,-5.514984130859361,-7.5765762329101705,2.0615921020508097,21.134765625,8.211669921875,12.923095703125,7.184268906712532e-05,-8.084852015599608e-05
1995-007,1995-11-07 12:00:00,12.5,89.5,0,30.0,996.0,6.0,5.0,25.0,5.0,,,,,1,1,,,,,0,7.42543488740921e-06,-1.9792700186371803e-05,3.307173028588295e-05,7.464768714271486e-06,92.91364288330078,90.6914291381836,97.3869400024414,101.25196075439452,291.025146484375,283.174560546875,269.468505859375,221.4566345214844,-6.0149383544921875,-5.776214599609375,-7.3663330078125,-4.42767333984375,6.868011474609375,7.342849731445312,2.2287445068359375,-0.4977874755859375,7.534879189570677,93.66400400797527,9.12957091125904,9.342488816119983,7.696113568466835,4.4555677051542295,3.93338268622756e-08,1.5872650146484375,-7.3657989501953125,-77.83922113369199,-4.473297119140625,2.2222137451171875,-6.6955108642578125,21.556640625,7.8505859375,13.7060546875,2.564629539847374e-05,-2.5606961571611464e-05
1995-007,1995-11-07 18:00:00,13.0,89.0,1,30.0,996.0,6.0,0.0,30.0,0.0,25.0,5.0,,,1,1,,,,,0,-2.5762245059013367e-05,-3.056623972952366e-05,-5.848705768585205e-05,-5.28339296579361e-06,93.03043365478516,84.93883514404297,101.50927734375,96.35448455810548,291.17138671875,283.70361328125,270.13916015625,220.70265197753903,-3.722213745117187,-5.6736907958984375,-3.7621917724609375,-8.551666259765625,10.783935546875,8.87921142578125,8.970596313476562,5.325408935546875,7.288286791683038,93.15951538085938,11.408248815812772,10.537132569688346,9.727573446247119,10.074272983655758,2.0478852093219757e-05,-4.8294525146484375,-5.458526611328125,-131.50091917067797,-8.478843688964844,8.091598510742188,-16.57044219970703,21.0322265625,7.4677734375,13.564453125,-3.2724812626838684e-05,5.320366472005844e-05
1995-007,1995-11-08 00:00:00,13.0,88.5,1,35.0,996.0,8.0,5.0,30.0,5.0,30.0,5.0,,,1,1,,,,,0,-2.3347558453679085e-05,-1.442781649529934e-05,-4.8451125621795654e-05,-7.875030860304832e-06,90.08655548095705,81.57254791259766,83.38749694824219,102.60723876953124,291.468994140625,283.6005859375,270.008544921875,221.87368774414065,3.64105224609375,2.8304901123046875,-4.8392333984375,-9.300140380859377,14.825653076171877,14.79205322265625,11.9364013671875,6.9624481201171875,15.14280221058272,85.01553344726562,15.266212712843647,15.060428706306794,12.880056579190503,11.617585589485216,1.5472527593374252e-05,-12.941192626953127,-7.863204956054689,-148.71669364376447,6.699058532714858,8.51400756835939,-1.8149490356445312,21.46044921875,7.868408203125,13.592041015625,-2.510356716811657e-05,4.057609476149082e-05
1995-007,1995-11-08 03:00:00,13.5,87.5,1,45.0,996.0,10.0,,,,,,25.0,20.0,1,1,,,,,0,-1.0039657354354858e-05,8.245930075645447e-06,2.7060043066740036e-05,-8.85198824107647e-05,94.14063262939452,88.56997680664062,95.56327056884766,102.69914245605467,291.334228515625,283.9658203125,270.075439453125,221.5908966064453,2.8213348388671875,3.0792388916015625,-3.5117034912109375,-10.836776733398438,9.719482421875,10.431304931640623,13.697219848632812,3.421783447265625,15.04011383252308,92.75796000162761,10.120685195289045,10.876296921674289,14.140222522717377,11.364168774244192,-7.848022505640984e-05,-13.658111572265625,-6.297698974609375,-155.2457678834831,-1.4226379394531392,5.570655822753892,-6.993293762207031,21.2587890625,7.368408203125,13.890380859375,3.7099700421094894e-05,-0.00011557992547750473
1995-008,1995-11-21 12:00:00,6.5,91.0,0,25.0,1002.0,4.0,,,,,,,,1,1,,,,,0,1.0285526514053345e-05,2.508680336177349e-05,-2.5657936930656433e-07,-4.184595309197903e-05,94.38533020019533,80.49871063232422,76.8526611328125,97.0878677368164,291.595947265625,284.17626953125,269.426513671875,221.494384765625,0.783111572265625,0.211334228515625,-1.820587158203125,-11.420135498046877,-0.289794921875,2.4661865234375,5.6202239990234375,4.55218505859375,13.128747434174777,83.91223398844402,0.835011874981953,2.475224863426965,5.907745373644088,12.29397753379412,-5.213147960603237e-05,-12.203247070312502,4.84197998046875,158.3579110225768,17.532669067382827,13.886619567871108,3.6460494995117188,22.16943359375,7.419677734375,14.749755859375,-1.0542105883359909e-05,-4.158937372267246e-05
1995-008,1995-11-21 18:00:00,7.0,90.5,0,25.0,1002.0,4.0,0.0,25.0,0.0,,,,,1,1,,,,,0,1.871422864496708e-05,1.1494150385260582e-05,-2.2183405235409737e-05,-5.9823039919137955e-05,89.40620422363281,78.5681381225586,88.69634246826172,100.9293975830078,291.89697265625,283.80224609375,268.946533203125,221.1057891845703,-2.87225341796875,-5.15380859375,1.5849151611328125,-10.30535888671875,2.75115966796875,5.0404510498046875,5.7581634521484375,1.4716033935546875,7.542434697692354,85.55689493815105,3.9772753507509497,7.208875765782659,5.972302940210473,10.409900976089771,-7.853726856410503e-05,-7.43310546875,-1.2795562744140625,-170.23266704293314,0.7098617553710938,10.838066101074219,-10.128204345703125,22.950439453125,8.0947265625,14.855712890625,-4.0897633880376816e-05,-3.763963468372822e-05
1995-008,1995-11-22 00:00:00,7.5,90.0,0,25.0,1002.0,4.0,0.0,25.0,0.0,25.0,0.0,,,1,1,,,,,0,-1.1350493878126144e-06,-2.010283060371876e-05,-3.4220749512314796e-05,8.026580326259136e-05,96.25066375732422,77.49010467529297,67.97665405273438,100.65716552734376,290.9638671875,283.767578125,269.62744140625,220.88058471679688,-6.766693115234375,-6.207763671875,-2.0790252685546875,-7.54364013671875,7.782501220703125,6.8542633056640625,7.7866363525390625,2.7154083251953125,5.1263122306292646,80.57247416178386,10.312878403530506,9.247554015480192,8.059407655279122,8.017477713399277,8.140085265040398e-05,-0.776947021484375,-5.0670928955078125,-98.71737717276405,28.274009704589844,18.76055908203125,9.513450622558594,21.33642578125,7.1962890625,14.14013671875,-3.308570012450218e-05,0.00011448655277490616
1995-008,1995-11-22 03:00:00,7.5,90.0,0,30.0,1000.0,6.0,,,,,,,,1,1,,,,,0,4.664994776248932e-06,4.91458922624588e-06,-5.927635356783867e-06,6.074970588088035e-05,92.52444458007812,81.74307250976562,76.7006607055664,102.47270965576172,291.48681640625,284.053466796875,269.046875,220.98751831054688,-3.69610595703125,-3.3170166015625,-0.8209075927734375,-5.21868896484375,11.06048583984375,9.850051879882812,8.339859008789062,3.0644378662109375,8.139720032796998,83.65605926513672,11.661712835556619,10.393561524877994,8.380163337450718,6.051900027896147,5.608471110463142e-05,-1.5225830078125,-7.9960479736328125,-100.78102202719597,15.823783874511719,10.7813720703125,5.042411804199219,22.43994140625,7.433349609375,15.006591796875,-1.0592630133032799e-05,6.667734123766422e-05
1995-008,1995-11-22 06:00:00,8.0,89.0,0,30.0,1000.0,6.0,5.0,25.0,5.0,25.0,5.0,,,1,1,,,,,0,-1.0165618732571602e-05,1.6734004020690918e-05,1.082918606698513e-05,4.26657497882843e-05,96.36422729492188,81.29427337646484,75.33171081542969,98.48955535888672,291.383544921875,283.9716796875,269.69873046875,221.52825927734375,0.5802001953125,-2.081329345703125,0.3756561279296875,-8.164276123046875,7.3164215087890625,8.248138427734375,7.0724639892578125,3.0630950927734375,9.724024459220791,84.33007049560547,7.339390707743517,8.506686744458943,7.082433508745399,8.719974550463208,5.2831368520855904e-05,-8.744476318359375,-4.253326416015625,-154.06164203189098,21.032516479492188,15.069953918457031,5.962562561035156,21.684814453125,7.411865234375,14.27294921875,2.0994804799556732e-05,3.183656372129917e-05
1995-008,1995-11-22 12:00:00,8.5,88.5,0,35.0,998.0,8.0,5.0,30.0,5.0,25.0,10.0,25.0,10.0,1,1,,,,,0,3.1767413020133972e-06,-3.163795918226242e-05,-1.978944055736065e-05,6.203167140483856e-05,98.32642364501952,81.18689727783203,75.3250732421875,101.69598388671876,291.130859375,283.84814453125,269.72412109375,221.3586273193359,2.198211669921875,2.0493011474609375,2.6953582763671875,-7.766448974609375,9.342391967773438,12.052322387695312,14.11395263671875,4.4766387939453125,11.089184627793353,84.94613138834636,9.597521670999152,12.225306136450177,14.369015807268125,8.964263749280649,5.8854930102825165e-05,-9.96466064453125,-4.865753173828125,-153.97369951290545,23.001350402832017,17.139526367187486,5.861824035644531,21.40673828125,7.28271484375,14.1240234375,-2.2966181859374046e-05,8.182111196219921e-05
1995-008,1995-11-22 18:00:00,9.5,87.5,0,45.0,994.0,12.0,10.0,35.0,10.0,30.0,15.0,25.0,20.0,1,1,,,,,0,-8.100876584649086e-06,-3.680563531816006e-05,2.4799956008791924e-05,5.824491381645203e-06,91.8316879272461,80.96208953857422,85.27481079101562,98.62689208984376,291.9951171875,284.003173828125,269.876953125,220.8542938232422,-4.855712890625,-2.7846221923828125,-2.0353851318359375,-2.00885009765625,11.308258056640623,12.666351318359377,19.71595764160156,6.19610595703125,5.851386746022722,86.02286275227864,12.306691186170202,12.968830960206676,19.82074111531468,6.51361710155054,1.3925367966294289e-05,2.84686279296875,-5.112152099609373,-60.88737642127146,6.556877136230469,10.869598388671875,-4.312721252441406,22.1181640625,7.991943359375,14.126220703125,3.290083259344101e-05,-1.897546462714672e-05
1995-008,1995-11-23 00:00:00,10.0,86.5,1,45.0,994.0,12.0,0.0,45.0,0.0,35.0,10.0,25.0,20.0,1,1,,,,,0,7.1302056312561035e-06,-5.236896686255932e-05,2.3410189896821976e-05,-0.0001131673343479,90.32939910888672,75.09428405761719,45.22761154174805,96.41107177734376,292.854248046875,283.263427734375,271.0866394042969,221.45066833496097,1.4523773193359375,3.452056884765625,4.924713134765625,-0.713348388671875,6.704681396484375,7.618301391601563,26.410415649414062,5.9070281982421875,2.307946807660855,70.21709823608398,6.860186040194909,8.363923291669769,26.86564449691368,5.949945214743503,-0.0001202975399791561,-2.1657257080078125,-0.7976531982421875,-159.7808651854298,45.10178756713867,15.235115051269531,29.86667251586914,21.767608642578125,9.5908203125,12.176788330078125,1.6279984265565872e-05,-0.000136577524244722
1995-008,1995-11-23 03:00:00,10.0,86.0,1,55.0,990.0,16.0,,,,,,30.0,25.0,1,1,,,,,0,1.4334218576550484e-05,-2.2992026060819626e-06,9.227823466062546e-05,1.7512589693069458e-05,79.072998046875,71.64717102050781,54.747798919677734,98.50386810302734,293.4052734375,282.653564453125,270.5101623535156,221.93850708007812,9.631240844726562,8.923736572265625,15.428558349609377,10.2576904296875,7.952316284179688,5.1020355224609375,25.364486694335938,5.95819091796875,2.0902093336945073,68.48932266235352,12.490001380814922,10.279291847381526,29.688341112538538,11.862556721308767,3.1783711165189743e-06,0.6264495849609375,-1.9941253662109384,-72.56001680041253,24.325199127197266,7.4258270263671875,16.899372100830078,22.895111083984375,10.751708984375,12.143402099609375,7.794401608407497e-05,-7.4765644967556e-05
1995-008,1995-11-23 06:00:00,10.5,85.5,1,55.0,990.0,16.0,10.0,45.0,10.0,45.0,10.0,30.0,25.0,1,1,,,,,0,5.023228004574776e-05,2.6662833988666534e-05,1.3698358088731766e-05,5.068443715572357e-05,92.56517791748048,74.1373519897461,68.54772186279297,93.37516021728516,292.647216796875,285.393798828125,271.3277587890625,221.0765838623047,19.601486206054688,19.78648376464844,10.525543212890623,10.60546875,5.80963134765625,8.38580322265625,16.665267944335938,4.2193145751953125,9.13550422836152,78.41675059000652,20.444316517844815,21.490152057577635,19.710865419431457,11.413964381041417,4.521571099758148e-07,-8.996017456054688,-1.5903167724609375,-169.97482354877476,24.017456054687514,18.42782592773439,5.589630126953125,21.3194580078125,7.25341796875,14.0660400390625,-3.653392195701599e-05,3.6986079066991806e-05
1995-008,1995-11-23 12:00:00,11.0,85.0,1,55.0,988.0,18.0,0.0,55.0,0.0,45.0,10.0,35.0,20.0,1,1,,,,,0,8.573988452553749e-06,-2.3064203560352325e-05,1.0232673957943916e-05,7.531838491559029e-06,97.05081176757812,69.54580688476562,51.57805633544922,100.90977478027344,291.472412109375,284.152099609375,270.642578125,221.17662048339844,15.896774291992188,14.78759765625,18.80718994140625,6.689483642578125,0.1339263916015625,1.636444091796875,7.1538543701171875,5.3262939453125,10.570472170892732,72.72489166259766,15.897338430344595,14.877869259699366,20.121829584830927,8.550941386548788,-1.0421499609947205e-06,-9.207290649414062,5.1923675537109375,150.5795718239444,45.472755432128906,27.5050048828125,17.967750549316406,20.829833984375,7.3203125,13.509521484375,1.6586855053901672e-06,-2.7008354663848877e-06
1995-008,1995-11-23 18:00:00,12.0,85.0,0,65.0,984.0,22.0,10.0,55.0,10.0,55.0,10.0,45.0,20.0,1,1,,,,,0,-1.6507692635059357e-07,1.225271262228489e-05,-1.7922837287187576e-05,-3.716582432389259e-05,78.05216979980469,68.80882263183594,49.74868392944336,94.69789123535156,293.4599609375,283.994873046875,271.762939453125,221.8424072265625,20.22666931152344,21.1754150390625,19.628402709960938,-4.5019989013671875,3.883056640625,1.4556884765625,11.829803466796877,4.6749114990234375,24.741343247689613,65.536558787028,20.596025837817017,21.225391186438735,22.91764479625778,6.490207364299921,-3.7000747397542e-05,-24.72866821289063,0.7918548583984375,178.16591644973198,28.303485870361328,9.24334716796875,19.060138702392578,21.697021484375,9.465087890625,12.23193359375,-1.7757760360836983e-05,-1.9242987036705017e-05
1995-008,1995-11-24 00:00:00,13.5,85.0,0,77.0,976.0,30.0,12.0,65.0,12.0,55.0,22.0,45.0,32.0,1,1,,,,,0,-3.895559348165989e-05,6.76808413118124e-05,-0.0001707838382571,-2.168747596442699e-05,91.29972839355467,62.65447616577149,62.290489196777344,81.37018585205078,293.107177734375,285.395263671875,271.1790771484375,221.5738067626953,13.87860107421875,20.992462158203125,26.03814697265625,-8.408554077148438,5.74139404296875,1.7948760986328125,11.585311889648438,12.550338745117188,23.304055713502493,72.08156458536784,15.019293369993905,21.06905426622262,28.49920260902184,15.106779414736923,1.7268117517232898e-05,-22.287155151367188,6.8089447021484375,163.011573560728,29.00923919677733,28.645252227783182,0.36398696899414773,21.9281005859375,7.7119140625,14.2161865234375,-0.0001318282447754401,0.000149096362292673
1995-008,1995-11-24 03:00:00,14.5,85.0,0,90.0,964.0,42.0,,,,,,55.0,35.0,1,1,,,,,0,-3.1981617212295532e-06,2.543441951274872e-05,-1.5048310160636902e-05,-0.0001121694222092,84.59344482421875,63.89607238769531,46.21783828735352,72.23640441894531,293.85009765625,285.716064453125,271.8701477050781,222.5050811767578,10.746414184570312,15.174514770507812,32.488250732421875,-8.060073852539062,6.39373779296875,3.25164794921875,9.574371337890623,19.100875854492188,22.697033947292667,64.90245183308919,12.504611181143176,15.51899200676443,33.86967703076798,20.731817308598554,-0.00010897126048797045,-18.806488037109375,12.707138061523438,145.9539548180101,38.37560653686523,20.697372436523438,17.67823410034179,21.979949951171875,8.134033203125,13.845916748046875,-1.1850148439407349e-05,-9.71211120485631e-05
1995-008,1995-11-24 06:00:00,15.0,85.0,0,90.0,960.0,46.0,13.0,77.0,13.0,65.0,25.0,55.0,35.0,1,1,,,,,0,-1.9472790881991383e-05,2.067280001938343e-05,1.559150405228138e-05,-0.0001760078594088,81.75452423095703,61.6988410949707,73.46986389160156,77.40634155273438,294.398681640625,286.24267578125,270.649169921875,222.7713623046875,13.972579956054688,19.79931640625,28.048538208007812,1.7404632568359375,-2.257781982421875,-4.1949005126953125,3.06243896484375,16.7294921875,22.586306899249568,72.30774307250977,14.1538182165976,20.238827052628615,28.215226882296506,16.8197836252438,-0.00015653506852680862,-12.23211669921875,18.987274169921875,122.79073193535694,8.284660339355469,20.055683135986328,-11.77102279663086,23.74951171875,8.156005859375,15.593505859375,3.5064294934272766e-05,-0.0001915993634610814
1996-002,1996-06-12 12:00:00,11.0,86.0,0,25.0,998.0,,,,,,,,,1,1,,,,,0,-3.431434743106365e-05,-0.0001549888402223,0.0002147536724805,6.370409391820431e-05,94.51575469970705,96.44918823242188,99.3862762451172,100.3983917236328,292.565185546875,284.52783203125,270.204345703125,224.46975708007812,-2.4058685302734375,-4.620635986328125,1.769073486328125,-8.770965576171875,5.5902557373046875,8.256622314453125,3.4327850341796875,3.634185791015625,6.658879037681967,96.7837397257487,6.08598082427377,9.461611330089381,3.861817459554139,9.494058326238148,9.801844134926796e-05,-6.3650970458984375,-1.9560699462890625,-162.91718486797288,-4.870521545410156,-1.9334335327148295,-2.9370880126953267,22.36083984375,8.037353515625,14.323486328125,0.0002490680199115637,-0.0001510495785622957
1996-002,1996-06-12 18:00:00,11.5,85.0,0,25.0,998.0,,0.0,25.0,0.0,,,,,1,1,,,,,0,-1.5677185729146004e-05,2.6960624381899834e-05,1.0227086022496223e-05,3.398861736059189e-06,99.51058959960938,75.45217895507812,89.31529235839844,102.91777801513672,292.230712890625,285.3052978515625,270.772705078125,222.91427612304688,-0.9531402587890624,-0.2714996337890625,-3.2421112060546875,-7.8051910400390625,3.2516937255859375,1.3444061279296875,4.5420989990234375,8.954681396484375,8.914856604749643,88.09268697102864,3.3885082909651314,1.3715465314609236,5.5804971453585654,11.878860470771151,1.9076047465205193e-05,-6.85205078125,5.7029876708984375,140.22926022553887,10.195297241210938,24.05841064453125,-13.863113403320312,21.4580078125,6.9254150390625,14.5325927734375,2.5904271751642227e-05,-6.828224286437035e-06
1996-002,1996-06-13 00:00:00,12.0,84.0,0,25.0,998.0,,0.0,25.0,0.0,25.0,0.0,,,1,1,,,,,0,-3.2850075513124466e-06,-2.9089627787470818e-05,2.013961784541607e-05,0.0001145827118307,94.86949157714844,79.05963134765625,87.4766845703125,100.07360076904295,292.410400390625,284.8837890625,270.8837890625,224.79676818847656,4.2591094970703125,0.868621826171875,-7.655975341796875,-1.49444580078125,1.23687744140625,2.6034698486328125,2.0210723876953125,3.7722320556640625,6.2874018151756585,87.13526916503906,4.435073788911995,2.7445508065332516,7.9182505662871145,4.057474945486692,0.00011786771938201244,-5.7535552978515625,2.5353546142578125,156.21889047015327,7.3928070068359375,15.809860229492188,-8.41705322265625,21.526611328125,7.526611328125,14.0,2.3424625396728516e-05,9.444309398528393e-05
1996-002,1996-06-13 03:00:00,12.5,83.0,0,30.0,996.0,,,,,,,,,1,1,,,,,0,5.648471415042877e-06,-1.8577557057142258e-05,1.4365650713443756e-07,-5.089305341243744e-05,95.87301635742188,78.37445068359375,95.47276306152344,103.57486724853516,292.404541015625,284.7894287109375,270.669189453125,224.76266479492188,2.587799072265625,3.3621673583984375,-5.159393310546875,-5.959716796875,-0.5670318603515625,5.215484619140625,0.9143218994140624,-0.5857086181640625,8.547536273950126,89.90674336751302,2.64919406028939,6.205275913154254,5.239782807394213,5.988428749208398,-5.6541524827480316e-05,-8.547515869140625,-0.0186767578125,-179.8748060008326,0.4002532958984375,17.498565673828125,-17.098312377929688,21.7353515625,7.6151123046875,14.1202392578125,-5.50481490790844e-06,-5.1036709919571877e-05
1996-002,1996-06-13 06:00:00,12.7,83.0,0,30.0,996.0,,5.0,25.0,5.0,25.0,5.0,,,1,1,,,,,0,1.459335908293724e-05,-3.2738782465457916e-05,9.933719411492348e-06,-4.6948203817009926e-05,92.54972076416016,71.24073028564453,91.77519989013672,93.99424743652344,292.771484375,285.082763671875,270.810546875,224.48101806640625,0.9128265380859376,2.4761810302734375,-6.4083099365234375,-3.5032196044921875,1.733551025390625,6.061187744140625,3.830978393554687,3.5047760009765625,4.758014443811467,85.1885503133138,1.959196632874517,6.547478091937883,7.466112220856841,4.955401337361048,-6.154156289994717e-05,-4.416046142578125,1.7712249755859375,158.144850401482,0.7745208740234375,21.308990478515625,-20.534469604492188,21.9609375,7.688720703125,14.272216796875,-4.659639671444893e-06,-5.6881923228502274e-05
1996-002,1996-06-13 12:00:00,13.0,82.0,0,30.0,996.0,,0.0,30.0,0.0,25.0,5.0,25.0,5.0,1,1,,,,,0,-2.5450950488448143e-05,4.773959517478943e-06,6.498768925666809e-05,-4.4300686568021774e-06,99.97432708740234,89.7155532836914,92.80427551269533,100.10897827148438,292.364501953125,285.212646484375,271.59423828125,225.6171875,4.366180419921875,-3.016815185546875,-5.331024169921875,-8.166976928710938,-1.2257232666015625,-1.482666015625,1.2879180908203125,-2.863861083984375,12.639759832937033,94.16471862792969,4.534967363234003,3.3614687827846237,5.484391644380756,8.654548657351052,2.1020881831645966e-05,-12.533157348632812,-1.6381378173828125,-172.5534075062381,7.170051574707017,10.258773803710938,-3.0887222290039205,20.770263671875,7.15185546875,13.618408203125,9.043863974511623e-05,-6.941775791347027e-05
1996-002,1996-06-13 18:00:00,13.5,81.0,0,30.0,996.0,,0.0,30.0,0.0,30.0,0.0,25.0,5.0,1,1,,,,,0,-6.919261068105698e-06,-6.72205351293087e-06,-9.138602763414385e-06,2.2846972569823265e-05,100.96449279785156,88.11356353759766,84.72769165039062,104.06278228759766,292.505615234375,285.650146484375,271.30322265625,225.87026977539065,-4.3656005859375,-5.0411224365234375,-8.994064331054688,-11.841751098632812,-5.5767974853515625,-3.2389678955078125,-2.5637359619140625,-4.3544158935546875,7.575423634651613,91.26858266194661,7.082311675474425,5.991980344439583,9.352322453463719,12.616972967237945,2.9766233637928963e-05,-7.4761505126953125,1.222381591796875,170.71406960827588,16.236801147460938,12.850929260253906,3.3858718872070312,21.202392578125,6.85546875,14.346923828125,-2.219341695308687e-06,3.198557533323765e-05
1996-002,1996-06-14 00:00:00,13.5,80.5,0,35.0,994.0,,5.0,30.0,5.0,30.0,5.0,25.0,10.0,1,1,,,,,0,7.328134961426258e-05,-6.494531407952309e-05,6.494950503110886e-05,-7.492327131330967e-05,102.20382690429688,88.51448822021484,100.0365753173828,101.8647232055664,292.64794921875,284.864501953125,270.6492919921875,224.6448211669922,7.022003173828125,2.7610015869140625,-5.7391510009765625,-7.9718780517578125,-14.900375366210938,-16.422256469726562,-6.3159332275390625,0.41253662109375,21.4313263177508,96.91829681396484,16.47208895760456,16.652736631569535,8.533983052874095,7.9825450913753935,-0.00014820462092757225,-14.993881225585938,15.312911987304688,134.39688633770768,2.1672515869140767,13.689338684082031,-11.522087097167955,21.9986572265625,7.783447265625,14.2152099609375,-8.331844583153725e-06,-0.00013987277634441853
1996-002,1996-06-14 03:00:00,14.0,80.5,0,35.0,994.0,,,,,,,30.0,5.0,1,1,,,,,0,-7.554725743830204e-05,4.665902815759182e-05,2.5890767574310303e-05,-4.6742381528019905e-05,99.939697265625,93.40422821044922,98.96424102783205,105.4368667602539,292.36962890625,284.55615234375,271.529052734375,224.39097595214844,1.0946197509765625,-3.4443511962890625,-7.4214019775390625,-9.512664794921877,-20.351043701171875,-13.883575439453123,-5.2867584228515625,0.424560546875,23.32681326947852,97.43605550130208,20.380460547451705,14.304447635136558,9.111916479743032,9.522134380405943,2.8804875910282135e-05,-10.60728454589844,20.775604248046875,117.04723993790026,0.9754562377929545,6.535469055175781,-5.560012817382827,20.840576171875,7.8134765625,13.027099609375,0.00010143802501261234,-7.263314910233021e-05
1996-002,1996-06-14 06:00:00,14.5,80.8,0,35.0,994.0,,0.0,35.0,0.0,30.0,5.0,30.0,5.0,1,1,,,,,0,-2.007465809583664e-06,-3.2176729291677475e-05,2.3895874619483948e-05,-6.492482498288155e-05,99.02271270751952,86.25301361083984,86.62324523925781,61.55865859985352,292.4521484375,285.73876953125,271.4951171875,224.4771270751953,-4.51312255859375,-8.754226684570312,-9.192611694335938,-10.324783325195312,-18.215789794921875,-12.696945190429688,-5.0576324462890625,-0.461517333984375,18.68126311262864,90.63299051920573,18.766546647736437,15.422350729172855,10.492080619429004,10.335093079493731,-6.291735917329788e-05,-5.8116607666015625,17.7542724609375,108.12527532075163,12.399467468261705,12.769699096679673,-0.37023162841796875,20.95703125,6.71337890625,14.24365234375,2.5903340429067612e-05,-8.88206996023655e-05
1996-002,1996-06-14 12:00:00,15.0,81.0,0,35.0,994.0,,0.0,35.0,0.0,35.0,0.0,30.0,5.0,1,1,,,,,0,-2.762535586953163e-05,7.305131293833256e-05,7.796334102749825e-06,-8.007953874766827e-05,94.69507598876952,90.95642852783205,64.793212890625,87.40955352783203,292.042724609375,284.467041015625,272.09619140625,225.4271240234375,-7.373184204101563,-11.283172607421877,-9.353866577148438,-6.751556396484375,-15.72747802734375,-13.134918212890623,-8.743911743164062,-2.8665313720703125,12.875960935052264,83.48157246907552,17.37001469222733,17.315774904641177,12.804327882217677,7.334883494778386,-5.2454182878136635e-05,0.6216278076171884,12.860946655273438,87.23278904871283,29.901863098144517,3.7386474609374716,26.163215637207045,19.946533203125,7.57568359375,12.370849609375,3.5421689972281456e-05,-8.787587285041809e-05
1996-002,1996-06-14 18:00:00,16.0,82.0,0,35.0,994.0,,0.0,35.0,0.0,35.0,0.0,30.0,5.0,1,1,,,,,0,-1.0587507858872414e-05,5.976762622594833e-06,8.838949725031853e-06,4.040845669806003e-05,98.43701934814452,93.43289184570312,66.91699981689453,91.50263214111328,292.567138671875,285.606689453125,273.541748046875,224.43353271484375,-14.922653198242188,-10.765182495117188,-8.849151611328125,-7.53692626953125,-9.4442138671875,-5.85748291015625,-1.0625762939453125,2.8456268310546875,14.338380196300276,86.26230367024739,17.660089298873448,12.255580777586594,8.912718587542507,8.056230486646257,5.099596455693244e-05,7.3857269287109375,12.289840698242188,58.99573341562581,31.520019531249986,5.004127502441392,26.515892028808594,19.025390625,6.96044921875,12.06494140625,1.9426457583904266e-05,3.1569506973028176e-05
1996-002,1996-06-15 00:00:00,16.5,82.5,0,35.0,994.0,,0.0,35.0,0.0,35.0,0.0,35.0,0.0,1,1,,,,,0,3.3102696761488914e-05,-1.6258563846349716e-06,4.791584797203541e-05,1.0140938684344292e-05,97.56916809082033,84.48451232910156,67.11104583740234,78.23722839355469,293.1201171875,286.0283203125,273.5543212890625,223.7994384765625,-12.720611572265623,-10.747207641601562,-5.236480712890625,-5.9767608642578125,-10.81768798828125,-6.1728057861328125,0.6384735107421875,-2.8513336181640625,10.437543979413102,83.0549087524414,16.698393101860507,12.393788902713075,5.275261005902453,6.6220671871098045,-2.2961758077144623e-05,6.743850708007811,7.9663543701171875,49.75069581978888,30.458122253417983,13.084655761718764,17.37346649169922,19.5657958984375,7.091796875,12.4739990234375,1.4813151210546494e-05,-3.7774909287691116e-05
1996-002,1996-06-15 03:00:00,16.5,82.5,0,35.0,994.0,,,,,,,35.0,0.0,1,1,,,,,0,1.1517899110913277e-05,4.59086149930954e-05,2.869567833840847e-05,-4.6628061681985855e-05,99.8277816772461,96.1676025390625,79.69830322265625,88.05733489990234,293.363525390625,285.3916015625,272.6146240234375,224.2394256591797,-10.754241943359377,-10.243820190429688,-6.2223968505859375,-6.7065582275390625,-12.501602172851562,-8.219406127929688,-1.3738555908203125,-1.15283203125,12.048996937099124,91.89789581298828,16.490717894153576,13.13371574192555,6.372260332928185,6.8049206425679865,-5.814596079289913e-05,4.047683715820314,11.348770141601562,70.37057532363184,20.129478454589844,3.6601791381835938,16.46929931640625,20.7489013671875,7.971923828125,12.7769775390625,1.7177779227495193e-05,-7.532374002039433e-05
1996-007,1996-10-27 03:00:00,15.0,86.0,0,25.0,1000.0,,,,,,,,,1,1,,,,,0,1.2321164831519129e-05,-1.452956348657608e-05,3.381585702300072e-05,-4.821480251848698e-05,92.16203308105467,53.42617416381836,61.489356994628906,96.2287139892578,292.63818359375,286.673095703125,269.41162109375,222.79586791992188,5.2666015625,7.229248046875,0.5420379638671875,-0.716766357421875,7.3498687744140625,10.73480224609375,9.88861083984375,-6.3609771728515625,14.959545055074384,69.02585474650066,9.04199441601433,12.942102093013538,9.903455432128151,6.401233053457004,-6.0535967350006104e-05,-5.983367919921875,-13.710845947265625,-113.57629754861037,30.672676086425767,38.735858917236314,-8.063182830810547,23.2265625,5.965087890625,17.261474609375,2.149469219148159e-05,-8.20306595414877e-05
1996-007,1996-10-27 06:00:00,15.5,85.5,0,25.0,1000.0,,,,,,,,,1,1,,,,,0,9.03313048183918e-06,-1.2190314009785652e-05,2.9156915843486783e-05,-7.404922507703304e-05,97.54022216796876,78.0498046875,60.61756896972656,103.52362060546876,292.10302734375,285.510498046875,270.200927734375,223.43899536132812,3.42535400390625,5.576995849609375,5.24981689453125,-8.753433227539062,2.3355865478515625,3.41644287109375,10.118682861328123,-4.0375518798828125,13.745535706107637,78.73586527506511,4.145843047509367,6.540257227205021,11.399487719816237,9.639731243750013,-8.308235555887222e-05,-12.178787231445312,-6.373138427734375,-152.37701485102045,36.9226531982422,19.490417480468764,17.432235717773438,21.902099609375,6.592529296875,15.3095703125,2.0123785361647603e-05,-0.00010320614092051983
1996-007,1996-10-27 12:00:00,16.0,85.5,0,25.0,1000.0,,0.0,25.0,0.0,,,,,1,1,,,,,0,1.1903233826160433e-05,-1.619802787899971e-06,3.599096089601517e-05,-8.393311873078346e-06,95.85970306396484,78.83547973632812,62.211177825927734,94.9383773803711,292.2265625,285.050048828125,271.443115234375,222.1639862060547,7.549972534179688,8.12493896484375,9.200332641601562,-10.014068603515623,-1.07177734375,-0.7027587890625,5.7362823486328125,1.315216064453125,17.725497979392806,78.9687868754069,7.625666655541893,8.155274556876723,10.842096471594207,10.100067489483074,-2.0296545699238777e-05,-17.564041137695312,2.386993408203125,172.26078624188102,33.64852523803711,17.02422332763672,16.62430191040039,20.783447265625,7.176513671875,13.60693359375,2.4087727069854736e-05,-4.4384272769093513e-05
1996-007,1996-10-27 18:00:00,17.0,86.0,0,30.0,998.0,,5.0,25.0,5.0,25.0,5.0,,,1,1,,,,,0,-2.2829044610261917e-06,3.3224932849407196e-06,4.990259185433388e-06,2.6739435270428658e-05,92.9101791381836,80.96312713623047,75.35990142822266,98.02752685546876,292.622314453125,285.44091796875,270.42236328125,221.46157836914065,5.88037109375,6.8658447265625,7.361923217773437,-4.8816375732421875,1.204559326171875,1.7956390380859375,4.6811676025390625,4.0906219482421875,11.142270325518329,83.0777359008789,6.002476769674183,7.096769924716757,8.724175811356217,6.368953863856339,2.902233973145485e-05,-10.762008666992188,2.8860626220703125,164.98812349123327,17.550277709960938,11.947052001953125,5.6032257080078125,22.199951171875,7.181396484375,15.0185546875,7.2731636464595795e-06,2.174917608499527e-05
1996-008,1996-11-04 18:00:00,16.0,87.5,0,25.0,1002.0,,,,,,,,,1,1,,,,,0,5.3138937801122665e-06,-1.516193151473999e-05,2.0322389900684357e-05,-2.4227425456047055e-05,96.8707504272461,80.34625244140625,96.971923828125,88.82562255859375,290.490478515625,283.241943359375,269.112060546875,221.2044677734375,-1.583953857421875,-4.7548675537109375,-6.09417724609375,-8.989349365234375,-7.96722412109375,-7.766387939453125,-1.222442626953125,2.3737945556640625,12.719141083429472,91.39630889892578,8.123150252099226,9.10634652752771,6.215574171627177,9.29748904827212,-2.954131923615932e-05,-7.4053955078125,10.341018676757812,125.60715442284565,-0.10117340087890625,16.524497985839844,-16.62567138671875,21.37841796875,7.24853515625,14.1298828125,1.500849612057209e-05,-4.4549815356731415e-05
1996-008,1996-11-05 00:00:00,16.0,87.0,0,25.0,1002.0,,0.0,25.0,0.0,,,,,1,1,,,,,0,-2.377061173319817e-05,-1.1615455150604248e-05,8.428934961557388e-05,-1.4881137758493423e-05,92.93624114990234,86.3835220336914,100.85108947753906,69.267333984375,290.7607421875,282.904541015625,269.309326171875,221.3046112060547,-1.491455078125,-2.3721771240234375,-5.2316741943359375,-7.692062377929688,-6.393585205078125,-2.8253021240234375,-4.7611541748046875,1.879638671875,10.33894405655522,93.39028422037761,6.565239525307415,3.6891132267458877,7.073825270102499,7.918387788102408,8.889473974704746e-06,-6.200607299804688,8.273223876953125,126.85078701763163,-7.914848327636719,6.5527191162109375,-14.467567443847656,21.451416015625,7.856201171875,13.59521484375,0.00010805996134877205,-9.91704873740673e-05
1996-008,1996-11-05 03:00:00,16.0,86.5,0,30.0,1000.0,,,,,25.0,5.0,,,1,1,,,,,0,-1.799757592380047e-05,-3.233342431485653e-05,8.620903827250004e-05,-4.364433698356152e-05,96.7822494506836,82.05303955078125,100.0940933227539,37.3067626953125,290.5185546875,283.25732421875,269.356201171875,221.00889587402344,-1.796478271484375,-1.3240814208984375,-4.5666656494140625,-8.79193115234375,-6.24847412109375,-3.5838623046875,-4.8110504150390625,2.316253662109375,11.058522641324892,92.97646077473958,6.501596959354971,3.8206361548999173,6.633297916540904,9.091924131600944,-2.5646761059761054e-05,-6.995452880859375,8.564727783203125,129.24107986994335,-3.3118438720703125,14.729209899902344,-18.041053771972656,21.162353515625,7.26123046875,13.901123046875,0.0001042066141963005,-0.00012985337525606155
1996-008,1996-11-05 06:00:00,16.0,86.5,1,30.0,1000.0,,5.0,25.0,5.0,25.0,5.0,,,1,1,,,,,0,1.1692754924297333e-05,-1.9259285181760788e-05,2.791360020637512e-05,-3.6130601074546576e-05,100.61959075927734,86.59246826171875,91.97373962402344,54.072021484375,290.409423828125,283.32421875,269.59375,220.88104248046875,-0.1694488525390625,0.4421844482421875,-4.128997802734375,-10.743118286132812,-4.1932525634765625,-2.232940673828125,-2.9293365478515625,2.886749267578125,12.725129123849884,93.06193288167317,4.1966748712200195,2.2763020755390198,5.0625720207779965,11.124203874601726,-4.782335599884391e-05,-10.57366943359375,7.0800018310546875,146.19421141374775,8.645851135253906,14.027122497558594,-5.3812713623046875,20.815673828125,7.085205078125,13.73046875,1.6220845282077786e-05,-6.40442012809217e-05
1996-008,1996-11-05 09:00:00,16.0,86.0,1,35.0,992.0,,5.0,30.0,5.0,,,,,1,1,,,,,0,-6.700865924358368e-06,-1.9349390640854836e-05,5.951849743723869e-06,-4.05868049710989e-05,91.19701385498048,89.34890747070312,91.30254364013672,41.72129440307617,291.24609375,283.272216796875,269.487060546875,220.9630126953125,0.256683349609375,0.678253173828125,-1.7471923828125,-9.60174560546875,-5.61114501953125,-5.09033203125,-2.4897308349609375,3.4090118408203125,13.362329559162584,90.61615498860677,5.617012975966589,5.135319615776381,3.0416181307181396,10.188958749695258,-3.388593904674053e-05,-9.858428955078125,9.020156860351562,137.542453392451,-0.10552978515623579,1.848106384277358,-1.9536361694335938,21.759033203125,7.973876953125,13.78515625,1.2652715668082237e-05,-4.653865471482277e-05
1996-008,1996-11-05 12:00:00,16.0,85.5,1,45.0,992.0,,15.0,30.0,15.0,25.0,20.0,,,1,1,,,,,0,1.1136988177895546e-05,-1.266435720026493e-05,1.568184234201908e-05,-4.8080459237098694e-05,89.75434875488281,81.33204650878906,89.88782501220703,37.648231506347656,291.279541015625,283.428466796875,269.48583984375,220.9479217529297,-0.2917633056640625,-0.5701751708984375,-1.34228515625,-6.5489044189453125,-5.7319793701171875,-5.838104248046875,-3.7969970703125,3.2597503662109375,10.954588927142906,86.9914067586263,5.739400084153487,5.865881087830884,4.027271556854689,7.315334683969954,-5.921744741499424e-05,-6.25714111328125,8.991729736328125,124.83318269019951,-0.13347625732421875,8.42230224609375,-8.555778503417969,21.793701171875,7.85107421875,13.942626953125,4.544854164123535e-06,-6.376230157911777e-05
1996-008,1996-11-05 18:00:00,16.0,85.0,0,45.0,992.0,,0.0,45.0,0.0,30.0,15.0,25.0,20.0,1,1,,,,,0,-8.667819201946259e-06,-1.2766104191541672e-06,9.711366146802902e-07,1.5062978491187096e-05,98.8465576171875,83.297119140625,88.9465103149414,51.03141403198242,290.494384765625,283.416015625,269.448974609375,220.8819122314453,0.0141143798828125,-1.5274200439453125,-4.3298797607421875,-4.6783599853515625,-4.80426025390625,-4.6323699951171875,-3.4610443115234375,-0.030364990234375,6.693981749070616,90.36339569091797,4.804280987097115,4.877690412716649,5.54316574430294,4.67845852660581,2.3730797693133354e-05,-4.692474365234375,4.773895263671875,134.50720719828234,9.900047302246094,15.5494384765625,-5.649391174316406,21.04541015625,7.078369140625,13.967041015625,9.638955816626549e-06,1.4091841876506805e-05
1996-009,1996-11-28 03:00:00,11.5,86.5,0,25.0,1004.0,,,,,,,,,1,1,,,,,0,-3.0640512704849243e-06,-8.81473533809185e-06,-3.0556460842490196e-05,-4.402361810207367e-06,88.613525390625,79.64274597167969,99.6842803955078,63.91524124145508,290.507080078125,282.830810546875,268.5904846191406,220.54022216796875,1.480133056640625,1.081878662109375,-0.0118408203125,-7.84747314453125,11.868606567382812,11.51214599609375,9.741134643554688,7.533096313476563,10.28595579447366,89.31351725260417,11.960544122935325,11.562870183259212,9.74114184009693,10.877976595959995,-1.3383105397224426e-06,-9.327606201171875,-4.335510253906249,-155.07079851592792,-11.070755004882798,8.970779418945312,-20.04153442382811,21.916595458984375,7.67626953125,14.240325927734375,-2.7492409572005272e-05,2.615409903228283e-05
1996-009,1996-11-28 06:00:00,12.0,86.0,0,25.0,1004.0,,,,,,,,,1,1,,,,,0,2.024532295763493e-05,1.5365658327937126e-05,2.031703479588032e-05,4.521547816693783e-05,87.69325256347656,80.64913177490234,94.70803833007812,60.1788330078125,290.9365234375,283.075439453125,269.01605224609375,220.4232940673828,-2.324554443359375,-1.777099609375,0.4023895263671875,-8.068710327148438,11.104522705078123,12.239456176757812,6.5550384521484375,12.115982055664062,5.832527482589022,87.68347422281902,11.345218282066563,12.367795701919391,6.567377440049764,14.55682340061201,2.49701552093029e-05,-5.7441558837890625,1.0114593505859393,170.01345023657103,-7.0147857666015625,7.044120788574219,-14.058906555175781,21.92047119140625,7.861083984375,14.05938720703125,7.171183824539185e-08,2.4898443371057507e-05
1996-009,1996-11-28 12:00:00,12.5,85.5,0,25.0,1004.0,,0.0,25.0,0.0,,,,,1,1,,,,,0,-1.3870187103748322e-05,-2.3013446480035785e-05,-1.4405697584152222e-05,3.511551767587662e-05,98.17022705078124,80.42790985107422,85.89913940429688,109.0796356201172,290.33447265625,283.37060546875,268.7236328125,221.1039581298828,-6.023223876953125,-2.6339111328125,2.6380767822265625,-4.0175628662109375,10.77581787109375,7.529953002929688,9.092941284179688,11.297836303710938,2.072481443584834,88.16575876871745,12.344937288738313,7.977322864337601,9.467894713528567,11.990909745695106,4.898570477962494e-05,2.0056610107421875,0.5220184326171875,14.588840439690921,12.27108764648436,17.742317199707017,-5.471229553222656,21.61083984375,6.9638671875,14.64697265625,-5.355104804039001e-07,4.952121526002884e-05
1996-009,1996-11-28 18:00:00,13.0,85.5,0,25.0,1004.0,,0.0,25.0,0.0,25.0,0.0,,,1,1,,,,,0,-2.6573892682790756e-05,-3.837374970316887e-05,2.38961074501276e-05,2.5130808353424072e-05,93.90058135986328,95.3885726928711,93.51193237304688,107.98218536376952,290.567626953125,282.078125,268.4695129394531,221.14830017089844,-5.135589599609375,-3.9832763671875,-1.11395263671875,-1.8851470947265625,5.9717559814453125,7.085174560546875,10.749359130859377,8.463714599609375,4.095758077839925,94.26702880859375,7.876303069178068,8.128111045674453,10.806924271088537,8.67111552179977,5.170470103621483e-05,3.2504425048828125,2.4919586181640625,37.4756544211925,0.38864898681640625,-1.4879913330078125,1.8766403198242188,22.098114013671875,8.489501953125,13.608612060546875,5.047000013291836e-05,1.2347009032964706e-06
1996-009,1996-11-29 00:00:00,13.0,85.5,0,25.0,1004.0,,0.0,25.0,0.0,25.0,0.0,,,1,1,,,,,0,-1.0823830962181091e-05,-1.5278812497854233e-05,1.1604279279708862e-06,-3.433946403674781e-05,90.71954345703124,88.76449584960938,95.5614776611328,103.83406066894533,291.14013671875,282.8447265625,268.66973876953125,220.6107635498047,-5.7574920654296875,-2.540008544921875,3.4377288818359375,-2.7286224365234375,2.046875,4.9002227783203125,8.3995361328125,7.254714965820312,6.024586984890002,91.68183898925781,6.1105165206478915,5.519404558957912,9.075802284725672,7.750888312728826,-2.3515633074566722e-05,3.02886962890625,5.207839965820312,59.81780031368699,-4.8419342041015625,1.9550476074218608,-6.796981811523423,22.47039794921875,8.29541015625,14.17498779296875,1.1984258890151978e-05,-3.54998919647187e-05
1996-009,1996-11-29 03:00:00,12.5,85.0,0,30.0,1002.0,,,,,,,25.0,5.0,1,1,,,,,0,-2.80716922134161e-05,-3.14260832965374e-05,1.1337222531437874e-05,-6.323074921965599e-05,92.990966796875,87.03424072265625,75.44711303710938,102.2796630859375,290.617431640625,282.548583984375,269.091552734375,220.77145385742188,-4.4967041015625,-2.7932281494140625,2.4534454345703125,-1.9826507568359375,0.1648101806640625,3.565673828125,5.888214111328125,9.876693725585938,10.032006091019635,85.15744018554688,4.499723344013444,4.529476056152047,6.378907423787993,10.073727362431978,-3.515905700623989e-05,2.5140533447265625,9.711883544921875,75.48678764154003,17.543853759765625,5.95672607421875,11.587127685546875,21.52587890625,8.06884765625,13.45703125,3.9408914744853973e-05,-7.456797175109386e-05
1996-009,1996-11-29 06:00:00,13.0,85.5,0,30.0,1002.0,,5.0,25.0,5.0,25.0,5.0,25.0,5.0,1,1,,,,,0,-3.904663026332855e-05,2.1477695554494854e-05,-2.219248563051224e-05,9.37466975301504e-05,95.54837799072266,81.49542236328125,79.81907653808594,100.85808563232422,290.75390625,282.8876953125,268.94927978515625,220.95249938964844,-4.240509033203125,-1.0952301025390625,1.7142486572265625,-0.2733001708984375,-3.2047119140625,-1.2859344482421875,7.29425048828125,10.764633178710938,14.521754318199374,85.62095896402995,5.315270013161273,1.6891288827924482,7.4929792902819585,10.768101989469521,0.00013279332779347897,3.9672088623046875,13.969345092773438,74.14577672500373,15.729301452636719,14.052955627441406,1.6763458251953125,21.80462646484375,7.8662109375,13.93841552734375,1.685414463281631e-05,0.00011593918316066264
1996-009,1996-11-29 12:00:00,13.5,86.0,0,30.0,1002.0,,0.0,30.0,0.0,25.0,5.0,25.0,5.0,1,1,,,,,0,-6.970018148422241e-06,-2.7080532163381577e-06,-1.701153814792633e-05,-1.0952120646834372e-05,89.44503021240234,86.62855529785156,92.56607055664062,102.62421417236328,291.185302734375,282.401611328125,268.4372253417969,221.76126098632812,-2.0399627685546875,-2.7283935546875,2.447906494140625,-2.0107421875,-7.18603515625,-8.859451293945312,2.879974365234375,8.501693725585938,15.687756095514317,89.54655202229817,7.4699765303480214,9.270059795872385,3.7797484768781886,8.736239485514323,-3.9821024984121306e-06,0.0292205810546875,15.687728881835938,89.89327875017608,-3.1210403442382812,2.8164749145507812,-5.9375152587890625,22.748077392578125,8.78369140625,13.964385986328125,-1.004151999950409e-05,6.059417501091959e-06
1996-009,1996-11-29 18:00:00,14.0,87.0,0,30.0,1002.0,,0.0,30.0,0.0,30.0,0.0,25.0,5.0,1,1,,,,,0,-2.800486981868744e-06,1.729303039610386e-05,-2.2383639588952065e-05,6.231036968529224e-05,86.34828186035156,86.34686279296875,77.77025604248047,100.49868774414062,291.821533203125,282.957763671875,269.58782958984375,221.28155517578125,-4.3155975341796875,-5.009552001953125,1.4933929443359375,-4.066986083984375,-4.6294097900390625,-6.006195068359375,1.5760650634765625,6.794097900390625,11.426212653651884,83.48846689860027,6.328966509717627,7.82112462881503,2.1712216769606325,7.918342129979915,6.511085666716099e-05,0.2486114501953125,11.423507690429688,88.7532604711152,8.578025817871094,0.0014190673828125,8.576606750488281,22.23370361328125,8.86376953125,13.36993408203125,-1.958315260708332e-05,8.469400927424431e-05
1996-009,1996-11-30 00:00:00,14.5,87.5,0,30.0,1002.0,,0.0,30.0,0.0,30.0,0.0,25.0,5.0,1,1,,,,,0,1.1824071407318115e-05,-2.327142283320427e-05,-8.373986929655075e-06,-3.800843842327595e-05,80.56534576416016,83.76371002197266,91.23795318603516,99.66756439208984,290.9814453125,282.666015625,268.50604248046875,220.00830078125,-3.8651275634765625,-1.465362548828125,3.52471923828125,-3.5235748291015625,-9.86187744140625,-8.607864379882812,1.4827728271484375,5.5238189697265625,15.389487071566233,85.18900299072266,10.592253667244934,8.731701814764598,3.8239065058706294,6.5519581490260705,-4.983250983059406e-05,0.341552734375,15.385696411132812,88.72827879292076,-10.672607421875,-3.1983642578125,-7.4742431640625,22.47540283203125,8.3154296875,14.15997314453125,-2.019805833697319e-05,-2.9634451493620872e-05
1996-009,1996-11-30 03:00:00,14.5,87.5,0,30.0,1002.0,,,,,,,30.0,0.0,1,1,,,,,0,-8.495291694998741e-06,-1.2660864740610124e-05,1.4365650713443756e-07,-2.1392246708273888e-05,76.93560791015625,70.99909210205078,90.7657699584961,100.98069763183594,291.231689453125,283.5146484375,268.48016357421875,219.95150756835935,-5.7347259521484375,-2.3536224365234375,4.068878173828125,0.804840087890625,-13.458572387695312,-10.452011108398438,-2.1602630615234375,6.1307525634765625,20.652059849676913,79.5668233235677,14.629431036820247,10.713732999463392,4.606789130016428,6.183356253819622,-1.2896955013275146e-05,6.5395660400390625,19.589324951171875,71.53928143479429,-13.830162048339844,5.936515808105469,-19.766677856445312,22.75152587890625,7.717041015625,15.03448486328125,8.638948202133179e-06,-2.1535903215408325e-05
1996-009,1996-11-30 06:00:00,15.0,88.0,0,30.0,1002.0,,0.0,30.0,0.0,30.0,0.0,30.0,0.0,1,1,,,,,0,8.162343874573708e-06,4.732934758067131e-05,-2.4200882762670517e-05,-0.0001060781069099,84.56318664550781,63.68613815307617,76.85348510742188,101.57152557373048,291.5947265625,283.622314453125,269.5068359375,220.34800720214844,-4.9976959228515625,-2.6874847412109375,5.53936767578125,3.4595489501953125,-11.99884033203125,-9.260848999023438,-3.1021728515625,2.3145294189453125,16.62520810308396,75.03426996866862,12.998043462416447,9.642919600253599,6.348863728925167,4.162394187238976,-0.0001142404507844737,8.457244873046875,14.313369750976562,59.42271781951953,7.7097015380859375,20.87704849243164,-13.167346954345703,22.087890625,7.972412109375,14.115478515625,-3.2363226637244225e-05,-8.187722414722948e-05
1996-009,1996-11-30 12:00:00,15.5,88.5,0,25.0,1004.0,,-5.0,30.0,-5.0,30.0,-5.0,30.0,-5.0,1,1,,,,,0,6.0445163398981094e-06,-4.439381882548332e-06,2.0815059542655945e-06,-2.176244743168354e-05,92.2055435180664,70.527587890625,14.478023529052734,101.10287475585938,290.690185546875,284.155029296875,271.76837158203125,220.90414428710935,-6.8283843994140625,-6.3844451904296875,1.8173828125,1.04583740234375,-6.183441162109375,-12.53857421875,-5.3405914306640625,7.2505340576171875,15.571610680578468,59.07038497924805,9.212045272979822,14.070429411666971,5.641347101220845,7.325573014639051,-2.780696377158165e-05,7.8742218017578125,13.433975219726562,59.623626487509355,77.72751998901367,21.677955627441406,56.049564361572266,18.92181396484375,6.53515625,12.38665771484375,-3.963010385632515e-06,-2.3843953385949135e-05
1996-009,1996-11-30 18:00:00,15.0,89.0,0,25.0,1004.0,,0.0,25.0,0.0,30.0,-5.0,30.0,-5.0,1,1,,,,,0,2.8498470783233643e-06,3.163609653711319e-05,-6.8820081651210785e-06,1.902715303003788e-05,97.0968246459961,86.03463745117188,84.32115173339844,102.82616424560548,291.53564453125,284.24609375,269.78717041015625,220.6895751953125,-5.90087890625,-7.8115081787109375,-4.4338531494140625,3.35546875,-2.5729827880859375,-4.9214630126953125,-4.4604339599609375,3.771942138671875,11.222212092968013,89.15087127685547,6.437438333220186,9.232575925027419,6.289238814176308,5.048437186864379,1.6177305951714516e-05,9.25634765625,6.3449249267578125,34.42936827955862,12.775672912597656,11.062187194824219,1.7134857177734375,21.74847412109375,7.28955078125,14.45892333984375,-9.731855243444443e-06,2.590916119515896e-05
1996-009,1996-12-01 00:00:00,14.5,89.0,0,25.0,1004.0,,0.0,25.0,0.0,25.0,0.0,30.0,-5.0,1,1,,,,,0,1.6732141375541687e-05,-5.995435640215874e-05,-1.2001022696495056e-05,6.972067058086395e-05,93.2850570678711,85.60800170898438,94.52972412109376,106.5730972290039,291.92822265625,284.09912109375,269.0280456542969,221.47984313964844,-3.323211669921875,-1.744781494140625,-1.372894287109375,-9.975677490234377,-2.0061492919921875,-2.658050537109375,1.41522216796875,3.15496826171875,8.419764598470033,91.14092763264973,3.881799941375868,3.179543225075424,1.9717232331865768,10.46269401835022,5.2988529205322266e-05,-6.652465820312502,5.1611175537109375,142.1949665470497,-1.2446670532226705,7.677055358886719,-8.92172241210939,22.900177001953125,7.8291015625,15.071075439453125,-2.8733164072036743e-05,8.172169327735901e-05
1996-009,1996-12-01 03:00:00,14.5,89.0,0,25.0,1004.0,,,,,,,30.0,-5.0,1,1,,,,,0,-4.14170790463686e-05,4.13721427321434e-05,-7.575377821922302e-06,-6.0484278947114944e-05,95.17420959472656,79.95391845703125,68.75887298583984,98.97193145751952,291.515869140625,283.974365234375,270.0248107910156,221.3431701660156,-4.4269561767578125,-5.6414337158203125,-0.2945709228515625,-10.079635620117188,2.198394775390625,0.5133056640625,0.9942626953125,6.0521240234375,6.841345920696423,81.29566701253255,4.942760420999479,5.664738041141251,1.036981357537202,11.757008949107954,-1.9067199900746346e-05,-5.652679443359375,3.853729248046875,145.71568584979283,26.41533660888672,15.220291137695312,11.195045471191406,21.491058349609375,7.54150390625,13.949554443359375,3.38417012244463e-05,-5.290890112519264e-05
1996-009,1996-12-01 06:00:00,14.5,88.5,0,25.0,1004.0,,0.0,25.0,0.0,25.0,0.0,30.0,-5.0,1,1,,,,,0,3.715371713042259e-05,-3.0358321964740753e-05,-1.7380574718117714e-05,-2.0594801753759384e-05,89.92220306396484,76.02079010009766,94.54972839355467,109.84795379638672,291.958251953125,284.322998046875,269.5417785644531,220.95350646972656,-7.291748046875,-6.7381591796875,-2.337432861328125,-9.32061767578125,-1.76708984375,-3.8680267333984375,-1.6709442138671875,6.8070068359375,8.810870890197313,86.83090718587239,7.502812545638454,7.7694542885000555,2.873264162424475,11.541631423788655,-5.7748518884181976e-05,-2.02886962890625,8.5740966796875,103.31290406675025,-4.6275253295898295,13.901412963867188,-18.528938293457017,22.416473388671875,7.63525390625,14.781219482421875,-5.4534291848540306e-05,-3.2142270356416702e-06
1996-009,1996-12-01 12:00:00,14.5,88.5,0,30.0,1002.0,,5.0,25.0,5.0,25.0,5.0,25.0,5.0,1,1,,,,,0,-7.690861821174622e-06,6.271526217460632e-06,1.273839734494686e-05,-5.973968654870987e-06,96.65111541748048,73.20623779296875,72.36579132080078,84.87643432617188,291.8505859375,284.461181640625,269.575927734375,220.9636993408203,-3.783157348632813,-6.8497161865234375,-5.2877960205078125,-3.4311370849609375,0.8111114501953125,-0.48388671875,0.4765472412109375,10.420501708984377,9.615835866514452,80.74104817708333,3.869131854712682,6.86678659873043,5.3092263115828855,10.970850357321467,1.7168931663036346e-06,0.35202026367187544,9.609390258789064,87.90202500670743,24.2853240966797,23.444877624511733,0.8404464721679688,22.274658203125,7.389404296875,14.88525390625,2.0429259166121483e-05,-1.8712365999817848e-05
1996-009,1996-12-01 18:00:00,14.5,88.0,0,30.0,1002.0,,0.0,30.0,0.0,25.0,5.0,25.0,5.0,1,1,,,,,0,-2.852175384759903e-06,-1.516193151473999e-06,-6.880145519971848e-07,-2.5349901989102364e-05,92.7465591430664,74.41729736328125,83.16413879394531,35.84779357910156,291.6572265625,284.427978515625,268.86004638671875,220.8977508544922,-10.535919189453123,-10.99957275390625,-8.340087890625,-3.349945068359375,4.6846466064453125,4.7328948974609375,5.5194549560546875,12.459762573242188,10.587287299689605,83.44266510009766,11.530459964544612,11.974593725003304,10.001072394261849,12.902240710147678,-2.249772660434246e-05,7.185974121093748,7.775115966796875,47.255043566856294,9.582420349121094,18.329261779785156,-8.746841430664062,22.79718017578125,7.229248046875,15.56793212890625,2.164160832762718e-06,-2.466188743710518e-05
1996-009,1996-12-02 00:00:00,14.0,87.0,0,35.0,996.0,,5.0,30.0,5.0,30.0,5.0,25.0,10.0,1,1,,,,,0,2.637738361954689e-06,-2.407748252153397e-05,2.5129178538918495e-05,-6.354181095957756e-06,92.86827850341795,78.20883178710938,87.94010925292969,103.79798889160156,291.745849609375,283.96240234375,269.1302185058594,220.6236572265625,-8.05914306640625,-8.074172973632812,-3.712738037109375,-9.538284301757812,-1.8408203125,-1.8916473388671875,2.1727294921875,11.501220703125,13.42378177924303,86.33907318115234,8.266704687341658,8.2928040410217,4.301764426188413,14.941785204022665,-8.991919457912445e-06,-1.4791412353515625,13.342041015625,96.32615979147393,4.928169250488267,14.65944671630858,-9.731277465820312,22.615631103515625,7.783447265625,14.832183837890625,2.2491440176963806e-05,-3.148335963487625e-05
1996-009,1996-12-02 03:00:00,14.0,87.0,0,35.0,996.0,,,,,,,25.0,10.0,1,1,,,,,0,-1.0980060324072838e-05,-4.605622962117195e-06,7.175607606768608e-06,1.386716030538082e-05,93.97186279296876,78.60639190673828,83.32209777832031,97.37823486328124,291.76123046875,283.907958984375,269.4265441894531,220.4706573486328,-7.9357452392578125,-8.186660766601562,-5.926361083984375,-10.454025268554688,2.4313812255859375,2.9885101318359375,4.268280029296875,10.883575439453123,8.819371935397976,85.30011749267578,8.299859466673807,8.715079306322997,7.30342180804717,15.091019139271117,2.484722062945366e-05,-2.518280029296875,8.452194213867186,106.59110640524851,10.649765014648452,15.365470886230483,-4.715705871582031,22.334686279296875,7.853271484375,14.481414794921875,1.8155667930841446e-05,6.6915526986122114e-06
1996-009,1996-12-02 06:00:00,14.0,87.0,0,35.0,994.0,,0.0,35.0,0.0,30.0,5.0,25.0,10.0,1,1,,,,,0,1.937709748744965e-05,-1.0783551260828972e-05,-6.800517439842224e-06,4.158751107752323e-05,92.28247833251952,78.83344268798828,84.4067611694336,77.53970336914062,291.757080078125,284.294677734375,269.6070861816406,219.86187744140625,-7.235076904296875,-7.516738891601563,-5.744476318359375,-8.243606567382812,7.5119476318359375,8.030807495117188,10.393203735351562,9.893646240234377,2.586430038213152,85.17422739664714,10.429558717152688,10.99978329732663,11.875087033648105,12.87793792362352,2.2210413590073582e-05,-1.0085296630859375,2.3816986083984393,112.95021599663637,7.875717163085923,13.449035644531236,-5.5733184814453125,22.149993896484375,7.46240234375,14.687591552734375,-2.6177614927291874e-05,4.8388028517365456e-05
1996-009,1996-12-02 12:00:00,14.0,86.0,1,35.0,994.0,,0.0,35.0,0.0,35.0,0.0,30.0,5.0,1,1,,,,,0,-3.3240532502532005e-05,-3.2895710319280624e-05,5.307188257575035e-05,-1.439591869711876e-06,93.93417358398438,89.28668212890625,91.81387329101562,43.88475036621094,291.97509765625,283.842529296875,270.0047607421875,220.2863616943359,-7.0469970703125,-6.305419921875,-2.558013916015625,-9.805389404296877,1.0649566650390625,1.49139404296875,5.66900634765625,14.451202392578123,13.667490733351224,91.67824300130208,7.127012025204117,6.479396313128316,6.219410596213796,17.463759960591336,3.180094063282013e-05,-2.7583923339843768,13.38624572753906,101.64349073188937,2.12030029296875,4.647491455078125,-2.527191162109375,21.9703369140625,8.132568359375,13.8377685546875,8.631241507828236e-05,-5.451147444546223e-05
1996-009,1996-12-02 18:00:00,14.0,85.5,1,35.0,994.0,,0.0,35.0,0.0,35.0,0.0,30.0,5.0,1,1,,,,,0,-1.0494375601410866e-05,-3.429874777793884e-05,6.835581734776497e-05,-3.26717272400856e-05,92.65369415283205,81.37089538574219,94.64010620117188,112.51212310791016,292.078369140625,284.5078125,270.3194274902344,219.7487335205078,-6.8338775634765625,-5.1094512939453125,-0.7174530029296875,-3.751800537109375,4.1582489013671875,6.2352294921875,6.8256683349609375,11.35809326171875,7.831791468734762,89.55489857991536,7.999557267643615,8.061301343173087,6.863270869658376,11.961700958147844,-2.2177351638674736e-05,3.0820770263671875,7.1998443603515625,66.82541889700737,-1.9864120483398295,11.282798767089858,-13.269210815429688,21.758941650390625,7.570556640625,14.188385009765625,7.885019294917583e-05,-0.00010102754458785057
1996-009,1996-12-03 00:00:00,14.0,85.0,0,45.0,994.0,,10.0,35.0,10.0,35.0,10.0,35.0,10.0,1,1,,,,,0,3.0866358429193497e-06,-1.8063001334667208e-06,7.11856409907341e-06,1.7097685486078262e-05,91.80919647216795,81.73563385009766,86.23114776611328,100.68648529052734,292.23828125,284.67919921875,269.5960388183594,220.6348571777344,-0.5963134765625,0.7022705078125,1.67254638671875,-5.4048919677734375,8.874404907226562,10.396636962890623,12.018035888671877,3.609054565429687,7.130662053974857,86.5919926961263,8.89441691285814,10.420328401940449,12.13386162922304,6.499087015846971,1.4011049643158913e-05,-4.8085784912109375,-5.265350341796875,-132.40387422287472,5.578048706054673,10.073562622070298,-4.495513916015625,22.642242431640625,7.55908203125,15.083160400390625,4.03192825615406e-06,9.979121387004852e-06
1996-009,1996-12-03 03:00:00,14.0,84.5,0,55.0,992.0,,,,,,,35.0,20.0,1,1,,,,,0,-2.8894981369376183e-05,4.568137228488922e-06,-1.0564224794507028e-05,-6.253691390156746e-05,90.55931854248048,68.77503967285156,70.13888549804688,102.10476684570312,292.08837890625,285.20751953125,270.5278625488281,220.55503845214844,5.3016204833984375,3.803955078125,2.22821044921875,-5.317352294921875,5.595977783203125,10.52789306640625,8.6666259765625,5.3940887451171875,10.620891772841256,76.49108123779297,7.708576204468167,11.194043355913795,8.948481861390542,7.57432695481987,-3.3641932532191277e-05,-10.618972778320312,-0.2018890380859375,-178.91081777503584,20.420433044433608,21.78427886962892,-1.3638458251953125,21.560516357421875,6.880859375,14.679656982421875,1.8330756574869156e-05,-5.197268910706043e-05
1996-009,1996-12-03 06:00:00,14.3,84.0,0,55.0,992.0,,10.0,45.0,10.0,35.0,20.0,35.0,20.0,1,1,,,,,0,5.615409463644028e-06,1.9975006580352783e-05,-3.91760841012001e-06,-9.85225196927786e-05,91.26435089111328,79.08817291259766,79.3127212524414,106.43527221679688,292.240234375,285.2841796875,271.07489013671875,220.66668701171875,-0.1905364990234375,3.24462890625,6.60113525390625,-6.6476593017578125,3.476806640625,4.702301025390625,6.7853546142578125,5.088409423828125,6.655200855002071,83.22174835205078,3.482023631992495,5.713077250717235,9.46657403085159,8.371575995996814,-0.00010413792915642263,-6.457122802734375,1.611602783203125,165.98612283471874,11.951629638671875,12.176177978515625,-0.22454833984375,21.16534423828125,6.9560546875,14.20928955078125,-9.533017873764038e-06,-9.460491128265859e-05
1996-009,1996-12-03 12:00:00,14.5,83.5,0,65.0,988.0,,10.0,55.0,10.0,45.0,20.0,35.0,30.0,1,1,,,,,0,4.281988367438316e-06,-2.2551976144313812e-06,2.402486279606819e-05,5.241483449935913e-06,93.68929290771484,73.19780731201172,60.688568115234375,36.08637619018555,292.09765625,284.919677734375,271.7509765625,219.96292114257812,-0.3522796630859375,0.55511474609375,3.2005767822265625,-8.835525512695312,0.370452880859375,1.9107513427734375,2.14202880859375,11.648391723632812,14.112312520854,75.85855611165364,0.511210619961041,1.9897545263778702,3.85123086243519,14.620244212484522,9.594950824975967e-07,-8.483245849609375,11.277938842773438,126.95042087670704,33.00072479248047,20.491485595703125,12.509239196777344,20.3466796875,7.177978515625,13.168701171875,1.9742874428629875e-05,-1.878337934613228e-05
1996-009,1996-12-03 18:00:00,14.7,83.0,0,65.0,986.0,,0.0,65.0,0.0,55.0,10.0,35.0,30.0,1,1,,,,,0,8.429167792201042e-06,-4.490837454795837e-06,4.721339792013168e-05,-5.114823579788208e-05,94.44481658935548,80.5811996459961,95.49647521972656,17.15531349182129,291.87939453125,284.548095703125,270.93597412109375,219.9961700439453,-7.1148834228515625,-4.767608642578125,2.39453125,-7.896209716796875,-0.8191375732421875,-0.2761383056640625,1.2108306884765625,9.578323364257812,10.426776334248697,90.17416381835938,7.161881909433097,4.775598866387403,2.6832612365148476,12.413476803938712,-5.957740359008312e-05,-0.7813262939453125,10.3974609375,94.29746447650129,-1.0516586303710795,13.86361694335939,-14.915275573730469,20.94342041015625,7.331298828125,13.61212158203125,3.878423012793064e-05,-9.836163371801376e-05
1996-009,1996-12-04 00:00:00,14.7,83.0,0,65.0,986.0,,0.0,65.0,0.0,65.0,0.0,45.0,20.0,1,1,,,,,0,-1.7062760889530182e-05,2.165208570659161e-05,4.3907901272177696e-05,8.928123861551285e-06,94.62437438964844,70.7801284790039,83.91838073730469,24.712425231933594,291.743408203125,285.32763671875,270.58111572265625,220.0953063964844,-3.843963623046875,-4.474456787109375,-0.5261688232421875,-7.333084106445312,10.339614868164062,12.7896728515625,7.8661651611328125,7.395401000976563,4.565343036772782,83.10762786865234,11.031033131908679,13.549778418472533,7.883743271617339,10.414704915524299,2.5990884751081467e-05,-3.4891204833984366,-2.944213867187499,-139.84142531881434,10.70599365234375,23.84424591064453,-13.138252258300781,21.16229248046875,6.415771484375,14.74652099609375,6.097066216170788e-05,-3.497977741062641e-05
1996-009,1996-12-04 03:00:00,14.8,82.2,0,65.0,986.0,,,,,,,55.0,10.0,1,1,,,,,0,-5.493056960403919e-05,-1.171906478703022e-05,-1.1095311492681503e-05,-4.633958451449871e-05,90.90193176269533,89.2436294555664,97.88164520263672,14.097960472106934,292.295166015625,284.74853515625,270.233154296875,220.4141845703125,-5.3236083984375,-2.945526123046875,0.14892578125,-6.8127593994140625,0.251983642578125,1.321441650390625,4.7879791259765625,6.202392578125,6.1339169544382965,92.67573547363281,5.329568663226061,3.228363699606761,4.7902946672525495,9.213216828420176,8.590985089540482e-06,-1.4891510009765625,5.950408935546875,104.05027827306293,-6.979713439941392,1.6583023071289205,-8.638015747070312,22.06201171875,7.546630859375,14.515380859375,4.383525811135769e-05,-3.524427302181721e-05
1996-009,1996-12-04 06:00:00,15.1,82.0,0,65.0,986.0,,0.0,65.0,0.0,65.0,0.0,55.0,10.0,1,1,,,,,0,-3.2147159799933434e-05,-8.476735092699528e-05,7.929583080112934e-05,-8.982652798295021e-05,97.58421325683594,96.08594512939452,95.71226501464844,54.87184143066406,291.1796875,284.398193359375,270.43243408203125,220.2415771484375,-7.9669189453125,-8.791473388671875,-4.414825439453125,-3.43414306640625,-5.65032958984375,-4.2971954345703125,-2.500396728515625,5.4569091796875,11.996533259728512,96.46080780029297,9.76719109852178,9.785494006263438,5.073723234550158,6.447572907374047,-5.767936818301678e-05,4.53277587890625,11.10723876953125,67.80001901931246,1.8719482421875,1.4982681274414205,0.37368011474607954,20.74725341796875,6.781494140625,13.96575927734375,0.00011144299060106277,-0.00016912235878407955
1996-009,1996-12-04 12:00:00,15.3,81.4,0,65.0,984.0,,0.0,65.0,0.0,65.0,0.0,65.0,0.0,1,1,,,,,0,-9.802402928471564e-06,-0.0001372843980789,1.3072509318590164e-05,1.8028775230050087e-05,93.49927520751952,96.37995910644533,101.2324676513672,96.00453186035156,290.77783203125,283.512451171875,268.2989501953125,219.7798767089844,-6.7420501708984375,-6.462493896484375,-7.1383819580078125,-0.460357666015625,-20.324447631835938,-15.335769653320312,-7.33135986328125,8.886550903320312,29.87879007166792,97.03723398844402,21.41351003563295,16.641804536221365,10.232562456361688,8.898467066745958,2.7831178158521652e-05,6.2816925048828125,29.21099853515625,77.86363047784793,-7.733192443847685,-2.8806838989258097,-4.852508544921875,22.4788818359375,7.265380859375,15.2135009765625,2.287491224706173e-05,4.956265911459923e-06
1996-009,1996-12-04 18:00:00,15.5,81.4,0,65.0,990.0,,0.0,65.0,0.0,65.0,0.0,65.0,0.0,1,1,,,,,0,-7.707858458161354e-06,-0.0001034247688949,-0.0001183049753308,-1.9780825823545456e-05,94.26629638671876,94.63253784179688,101.04718780517578,100.10105895996094,290.793701171875,282.93994140625,269.2515563964844,218.89910888671875,-16.319732666015625,-13.36456298828125,-10.666305541992188,-2.018463134765625,-15.340286254882812,-13.7589111328125,0.7520904541015625,5.0787353515625,24.929154690240505,96.64867401123047,22.397724363692934,19.18121944581128,10.692787941705566,5.465139174588195,-1.2072967365384102e-05,14.30126953125,20.419021606445312,54.99300263193657,-6.780891418457017,-0.3662414550781108,-6.414649963378906,21.542144775390625,7.853759765625,13.688385009765625,-0.00011059711687263864,9.852414950725454e-05
1996-009,1996-12-05 00:00:00,15.0,81.3,0,55.0,992.0,,-10.0,65.0,-10.0,65.0,-10.0,65.0,-10.0,1,1,,,,,0,-6.427266635000706e-05,-8.533010259270668e-06,5.0749396905303e-05,2.844654954969883e-05,99.39971923828124,99.2809066772461,102.96450805664062,71.12100219726562,290.6953125,283.377197265625,269.4837951660156,218.76510620117188,-11.995513916015623,-10.163238525390623,-5.2027740478515625,-5.595550537109375,-17.536590576171875,-15.956039428710938,-6.6326446533203125,5.82232666015625,24.219796566135074,100.54837799072266,21.24674947246295,18.917891308879067,8.42975876821017,8.075250680375888,9.271921589970589e-05,6.399963378906248,23.358917236328125,74.677896654053,-3.564788818359389,0.11881256103514204,-3.6836013793945312,21.211517333984375,7.318115234375,13.893402099609375,0.00011502206325531006,-2.2302847355604172e-05
1996-009,1996-12-05 03:00:00,14.5,82.0,0,55.0,994.0,,,,,,,65.0,-10.0,1,1,,,,,0,2.5237910449504852e-05,-1.1450611054897308e-06,3.2986514270305634e-05,-0.0001056792680174,94.43887329101562,80.13236999511719,45.92657470703125,88.69843292236328,291.76025390625,285.73828125,271.5784912109375,217.36520385742188,-0.7417144775390625,-0.17864990234375,3.57574462890625,-9.326797485351562,4.5806732177734375,5.4737091064453125,8.3231201171875,16.212051391601562,14.456576651255864,73.49927266438802,4.64033484720854,5.47662370166052,9.058712829993187,18.7034692412047,-0.00013091717846690486,-8.5850830078125,11.631378173828125,126.43091604488855,48.512298583984375,14.306503295898438,34.20579528808594,20.1817626953125,6.02197265625,14.1597900390625,7.748603820800781e-06,-0.00013866578228770564
1996-009,1996-12-05 06:00:00,14.5,81.7,0,45.0,994.0,,-10.0,55.0,-10.0,65.0,-20.0,65.0,-20.0,1,1,,,,,0,6.3765328377485275e-06,-2.228538505733013e-05,1.3291137292981148e-05,1.29265827126801e-05,93.97770690917967,85.35982513427734,47.70195007324219,102.43252563476562,291.996337890625,285.3134765625,271.4293212890625,217.8656768798828,-1.70977783203125,-1.68853759765625,2.882080078125,-9.11822509765625,-2.41070556640625,-0.2977142333984375,8.23272705078125,11.393341064453123,15.666422510403793,75.67982737223308,2.9554765373468217,1.7145824516385204,8.722624620456296,14.59281499719921,6.550049874931572e-06,-7.408447265625,13.804046630859373,118.22186059235072,46.275756835937486,8.61788177490233,37.657875061035156,20.5670166015625,6.682861328125,13.8841552734375,6.91460445523262e-06,-3.6455458030104807e-07
1996-009,1996-12-05 12:00:00,14.3,81.7,0,45.0,994.0,,0.0,45.0,0.0,55.0,-10.0,65.0,-20.0,1,1,,,,,0,-6.197020411491394e-06,-3.914348781108856e-06,7.064314559102058e-05,-2.783280797302723e-05,93.3402099609375,89.0237045288086,22.75572967529297,81.40637969970703,292.00732421875,284.489990234375,272.1463623046875,218.3275451660156,-1.1269683837890625,-1.12432861328125,-3.5811309814453125,-16.938064575195312,-0.1563720703125,0.70928955078125,0.064697265625,15.90789794921875,22.5399985366972,68.37321472167969,1.1377653371561067,1.3293631924686369,3.5817153491653713,23.23702323268289,-2.1635787561535835e-05,-15.81109619140625,16.06427001953125,134.54493113218345,70.58448028564453,4.316505432128906,66.26797485351562,19.8609619140625,7.517333984375,12.3436279296875,7.684016600251198e-05,-9.847595356404781e-05
1997-001,1997-05-15 06:00:00,6.5,90.5,0,25.0,1000.0,4.0,,,,,,,,1,1,,,,,0,-2.3680971935391423e-05,1.555308699607849e-05,2.9857968911528587e-05,-5.5882264859974384e-06,82.28399658203125,87.10367584228516,86.2563247680664,98.67196655273438,291.523681640625,281.60205078125,269.36279296875,221.78781127929688,15.984954833984377,12.331695556640623,7.942901611328125,-5.665924072265625,-0.476898193359375,3.15203857421875,2.45355224609375,4.1584014892578125,22.141512156146252,85.21466573079427,15.992067187557396,12.728160215641264,8.313218668575404,7.028157549353932,1.8092745449393984e-05,-21.65087890625,4.6352996826171875,167.9158051931078,-3.9723281860351562,-4.819679260253906,0.84735107421875,22.160888671875,9.921630859375,12.2392578125,5.3538940846920013e-05,-3.5446195397526026e-05
1997-001,1997-05-15 09:00:00,7.0,90.5,0,25.0,1000.0,4.0,,,,,,,,1,1,,,,,0,2.102903090417385e-05,-3.596418537199497e-05,-2.9636546969413757e-05,-1.0656091035343708e-05,86.42395782470703,79.54159545898438,93.29592895507812,101.37605285644533,291.353271484375,282.358154296875,268.89697265625,222.81155395507812,11.084930419921877,18.584991455078125,12.991119384765623,-6.0366973876953125,-0.5947418212890625,4.25250244140625,5.6306610107421875,-1.5506439208984375,17.148291098724904,86.42049407958984,11.10087385067048,19.06530053262977,14.158867408346099,6.232672935428803,-3.168512193951756e-05,-17.121627807617188,-0.955902099609375,-176.80448859217492,-6.871971130371094,6.882362365722656,-13.75433349609375,22.456298828125,8.9951171875,13.461181640625,-5.066557787358761e-05,1.898045593407005e-05
1997-001,1997-05-15 12:00:00,7.5,90.5,0,30.0,1000.0,4.0,5.0,25.0,5.0,,,,,1,1,,,,,0,-1.586414873600006e-05,-6.818678230047226e-06,3.0485214665532112e-05,-8.634524419903755e-05,93.21337890625,77.17341613769531,97.27200317382812,100.6097412109375,291.115234375,282.466064453125,269.41845703125,222.1036071777344,10.500579833984377,11.247344970703123,13.561294555664062,-7.873260498046875,-1.777130126953125,0.87677001953125,5.09405517578125,4.3184814453125,19.35857662605691,89.21959940592448,10.649899921501788,11.281466861944402,14.486480185310285,8.979839244864781,-7.048109546303749e-05,-18.37384033203125,6.095611572265625,161.64648346541205,-4.058624267578125,16.039962768554688,-20.098587036132812,21.69677734375,8.649169921875,13.047607421875,4.634936340153217e-05,-0.00011683045886456966
1997-001,1997-05-15 18:00:00,8.0,90.5,0,30.0,1002.0,5.0,0.0,30.0,0.0,25.0,5.0,,,1,1,,,,,0,4.107598215341568e-05,-9.467126801609991e-06,-2.7401838451623917e-05,-5.946727469563484e-05,81.90525817871094,74.52517700195312,93.45892333984376,94.47454071044922,291.673828125,282.69921875,270.072021484375,221.4428253173828,13.324996948242188,13.763015747070312,11.6414794921875,-3.06170654296875,8.44683837890625,7.598876953125,8.774444580078125,4.0175323486328125,16.974769607234183,83.29645284016927,15.776711389577587,15.72143547526242,14.57789156414207,5.051199177182458,-0.00010054325684905052,-16.386703491210938,-4.4293060302734375,-164.8744701898523,-11.553665161132827,7.3800811767578125,-18.93374633789064,21.601806640625,8.974609375,12.627197265625,-6.84778206050396e-05,-3.2065436244010925e-05
1997-001,1997-05-16 00:00:00,8.5,90.5,0,30.0,1002.0,6.0,0.0,30.0,0.0,30.0,0.0,,,1,1,,,,,0,1.2724194675683975e-05,-5.634268745779991e-06,6.716442294418812e-05,-1.6762176528573036e-05,89.12645721435547,80.30412292480469,92.56936645507812,97.58331298828124,291.56884765625,284.164794921875,270.73779296875,221.7732086181641,11.350509643554688,16.063339233398438,10.495925903320312,2.7974700927734375,0.48406982421875,3.739425659179687,8.55950927734375,4.3115997314453125,9.370403979975576,87.33331553141277,11.360827116154313,16.492852136236746,13.543620625110703,5.139623640322423,-2.948637120425701e-05,-8.55303955078125,3.8275299072265625,155.89123457447593,-3.4429092407226562,8.822334289550781,-12.265243530273438,20.8310546875,7.404052734375,13.427001953125,5.444022826850414e-05,-8.392659947276115e-05
1997-001,1997-05-16 03:00:00,9.0,90.5,0,35.0,1001.0,7.0,,,,,,,,1,1,,,,,0,-3.282912075519562e-07,-1.3838056474924088e-05,2.8512440621852875e-06,3.148149698972702e-05,88.14860534667969,83.23711395263672,97.50914764404295,102.15504455566406,291.735595703125,283.923583984375,270.544677734375,222.01885986328125,8.646469116210938,6.0453338623046875,0.734130859375,0.4220733642578125,-1.7964019775390625,-2.1511688232421875,-1.1662445068359375,6.9950103759765625,12.038671714698916,89.63162231445312,8.831109117347367,6.416664929137012,1.3780690724385607,7.00773259227517,3.1809788197278976e-05,-8.224395751953125,8.791412353515625,133.09144290826143,-9.360542297363267,4.911491394042969,-14.272033691406236,21.19091796875,7.81201171875,13.37890625,3.1795352697372437e-06,2.8630252927541733e-05
1997-001,1997-05-16 06:00:00,9.2,90.5,0,35.0,1001.0,7.0,5.0,30.0,5.0,30.0,5.0,25.0,10.0,1,1,,,,,0,-2.4316832423210144e-05,-1.919176429510117e-05,1.0032672435045242e-05,-5.072588101029396e-05,94.6577377319336,87.27751922607422,97.12663269042967,71.82511138916016,291.48388671875,284.09423828125,270.485595703125,222.52459716796875,11.59075927734375,7.930099487304688,6.6162872314453125,-3.3920135498046875,-1.577972412109375,-1.20794677734375,-5.3052520751953125,5.1475982666015625,16.42305643125767,93.0206298828125,11.697679152665646,8.021571747198003,8.480622401118355,6.164699817215596,-2.6409048587083817e-05,-14.982772827148438,6.7255706787109375,155.82531215123925,-2.4688949584960795,7.380218505859375,-9.849113464355455,20.998291015625,7.3896484375,13.608642578125,3.4349504858255386e-05,-6.07585534453392e-05
1997-001,1997-05-16 09:00:00,9.5,90.5,0,35.0,1001.0,7.0,0.0,35.0,0.0,,,25.0,10.0,1,1,,,,,0,-5.9246551245450974e-05,3.267056308686733e-05,1.0651769116520882e-05,-5.391193553805351e-06,100.243896484375,95.8522720336914,99.1555404663086,97.74205780029295,290.790283203125,283.690185546875,270.53173828125,222.60299682617188,18.89410400390625,13.294357299804688,10.493240356445312,-6.329803466796875,-5.34716796875,-5.08148193359375,-7.868896484375,5.996612548828125,27.65731123087669,98.417236328125,19.63617507042683,14.232406495610988,13.115930201855367,8.719276001425616,5.385535769164562e-05,-25.223907470703125,11.343780517578125,155.78543698862,1.0883560180664062,4.391624450683594,-3.3032684326171875,20.258544921875,7.10009765625,13.158447265625,6.989832036197186e-05,-1.6042962670326233e-05
1997-001,1997-05-16 12:00:00,10.0,91.0,0,35.0,999.0,7.0,0.0,35.0,0.0,30.0,5.0,30.0,5.0,1,1,,,,,0,1.8075108528137207e-05,1.4622928574681282e-05,-3.921031020581722e-05,-2.0495383068919185e-05,93.24368286132812,85.33078002929688,92.16658782958984,49.05235290527344,292.401611328125,284.664794921875,270.63916015625,223.055908203125,13.190765380859377,13.04296875,5.5057525634765625,-6.1998443603515625,-2.8190460205078125,-0.7564849853515625,-2.8553314208984375,2.3282928466796875,20.06217444719299,90.24701690673828,13.488636395077865,13.064888187295708,6.20211486618868,6.6226141116996144,-3.857049159705639e-05,-19.390609741210938,5.1473388671875,165.13340413423975,1.0770950317382812,7.91290283203125,-6.835807800292969,21.762451171875,7.73681640625,14.025634765625,-5.728541873395443e-05,1.8714927136898037e-05
1997-001,1997-05-16 18:00:00,10.5,91.3,0,35.0,999.0,7.0,0.0,35.0,0.0,35.0,0.0,30.0,5.0,1,1,,,,,0,-8.80272127687931e-05,-5.955854430794716e-05,1.9741011783480644e-05,0.0001526703126728,97.53933715820312,100.90013122558594,104.35212707519533,104.22312927246094,291.0224609375,283.8330078125,269.43505859375,223.4276580810547,27.793289184570312,20.015899658203125,13.576980590820312,-0.568756103515625,0.6244964599609375,-2.6087799072265625,0.7842864990234375,7.1930389404296875,29.112735413237285,100.93053181966145,27.8003043063499,20.18519189236518,13.599614232619318,7.215489775741084,0.0002406975254415931,-28.362045288085938,6.56854248046875,166.96040414340254,-6.812789916992202,-3.3607940673828125,-3.451995849609389,21.58740234375,7.189453125,14.39794921875,0.00010776822455227375,0.00013292930088931935
1997-001,1997-05-17 00:00:00,11.0,91.4,0,35.0,998.0,8.0,0.0,35.0,0.0,35.0,0.0,30.0,5.0,1,1,,,,,0,1.4371238648891447e-05,4.933122545480728e-05,-0.000157170696184,-2.6294030249118805e-05,78.08547973632812,72.29971313476562,95.2930679321289,97.80133819580078,290.907958984375,283.843017578125,270.6591796875,222.32638549804688,23.29150390625,15.838775634765623,15.675933837890623,7.2883758544921875,10.305404663085938,16.013168334960938,0.9309234619140624,1.9838409423828125,18.037420275601505,81.89275360107422,25.46950175179743,22.523063151628396,15.703551196524508,7.553545358374374,-4.0665268898010254e-05,-16.003128051757812,-8.321563720703125,-152.52574554578936,-17.20758819580078,5.7857666015625,-22.99335479736328,20.248779296875,7.06494140625,13.183837890625,-0.00017154193483289145,0.0001308766659348812
1997-001,1997-05-17 03:00:00,12.0,91.5,1,35.0,998.0,8.0,,,,,,35.0,0.0,1,1,,,,,0,-6.462936289608479e-05,-9.7890617325902e-05,6.877444684505463e-05,0.0002500221598893,89.28854370117188,84.08902740478516,91.21575927734376,100.5684585571289,292.023193359375,284.8974609375,271.857421875,223.02500915527344,31.9530029296875,24.821762084960938,16.762588500976562,9.908340454101562,10.997024536132812,14.372833251953123,4.0847320556640625,-1.7617645263671875,25.4706466742381,88.1977767944336,33.79243916725937,28.682716201413943,17.253098539672266,10.063748049347785,0.0003146515227853848,-22.044662475585938,-12.7587890625,-149.9390295323277,-1.9272155761718892,5.199516296386719,-7.126731872558608,20.165771484375,7.125732421875,13.0400390625,0.0001334038097411394,0.0001812477130442454
1997-001,1997-05-17 06:00:00,13.0,91.5,0,45.0,992.0,12.0,10.0,35.0,10.0,35.0,10.0,35.0,10.0,1,1,,,,,0,-1.683761365711689e-05,8.006859570741653e-05,7.020076736807823e-06,-4.138099029660225e-06,100.01260375976562,88.80825805664062,92.2487335205078,96.78414916992188,292.514404296875,285.960205078125,271.420654296875,225.94778442382812,26.96173095703125,22.70831298828125,18.886322021484375,8.0706787109375,2.0464324951171875,1.8849334716796875,12.083786010742188,6.3861846923828125,19.383119049789578,93.68986511230469,27.039282944568054,22.78640939170543,22.421218607663015,10.291705873197326,1.2699514627456665e-05,-18.89105224609375,4.339752197265625,167.06218605319472,7.763870239257827,11.204345703125,-3.4404754638671733,21.09375,6.55419921875,14.53955078125,2.3857690393924713e-05,-1.1158175766468048e-05
1997-001,1997-05-17 09:00:00,13.5,91.5,0,55.0,986.0,16.0,20.0,35.0,20.0,,,35.0,20.0,1,1,,,,,0,8.000526577234268e-05,3.619189374148846e-05,4.227971658110619e-06,4.482921212911606e-06,90.70307159423828,66.7402572631836,63.136695861816406,96.02880859375,293.234619140625,287.669677734375,272.531005859375,223.64976501464844,30.791275024414062,21.326828002929688,13.717605590820312,19.025436401367188,11.27239990234375,15.247695922851562,24.861648559570312,10.911270141601562,11.771379409724048,73.52667490641277,32.78977915734512,26.216899580657703,28.394969136184834,21.93223760507517,-7.552234455943108e-05,-11.765838623046875,-0.3611297607421875,-178.24196829545303,27.566375732421875,23.962814331054688,3.6035614013671875,20.70361328125,5.56494140625,15.138671875,-7.577729411423206e-05,2.5494955480098724e-07
1997-001,1997-05-17 12:00:00,14.0,91.0,0,55.0,986.0,16.0,10.0,45.0,10.0,35.0,20.0,35.0,20.0,1,1,,,,,0,0.0001232021022588,0.0001360818278044,6.967363879084587e-05,-0.0002784971147775,100.20885467529295,95.84539031982422,81.34780883789062,92.94562530517578,292.7685546875,285.72802734375,274.1328125,224.9154815673828,35.222076416015625,29.55218505859375,23.428070068359375,14.379974365234377,-2.356903076171875,-2.1228179931640625,2.9230194091796875,12.600357055664062,25.65371022964493,92.46735127766927,35.30084502056732,29.6283310020911,23.609712187877207,19.11943149455603,-0.0004016992170363,-20.84210205078125,14.957260131835938,144.33502224181348,18.86104583740233,4.363464355468736,14.497581481933594,18.6357421875,7.04052734375,11.59521484375,-5.3528463467954126e-05,-0.0003481707535683459
1997-001,1997-05-17 18:00:00,15.0,91.0,0,55.0,986.0,16.0,0.0,55.0,0.0,45.0,10.0,35.0,20.0,1,1,,,,,0,0.0001446292735636,4.000798799097538e-05,2.6385532692074776e-05,-0.000134605448693,87.72267150878906,71.13800048828125,78.3775634765625,97.31887817382812,293.275634765625,287.296142578125,271.76318359375,224.96853637695312,35.43992614746094,27.611572265625,17.155914306640625,4.184600830078125,-1.433380126953125,4.2084808349609375,16.046600341796875,11.870285034179688,33.968851429139754,79.07941182454427,35.46890108145204,27.930453521524946,23.490823276891597,12.586284237206817,-0.0002792347222566,-31.255325317382812,13.303665161132812,156.9432254643314,9.345108032226562,16.584671020507812,-7.23956298828125,21.512451171875,5.9794921875,15.532958984375,-0.00011824374087152523,-0.00016099098138507478
1997-001,1997-05-18 00:00:00,16.0,91.0,1,55.0,986.0,16.0,0.0,55.0,0.0,55.0,0.0,35.0,20.0,1,1,,,,,0,0.0001329786609858,-1.4974502846598623e-05,-5.512475036084652e-05,8.757202886044979e-05,77.95304870605469,64.92294311523438,64.50361633300781,98.2846450805664,293.347412109375,287.27783203125,272.809814453125,226.79815673828125,39.38871765136719,22.59521484375,14.34783935546875,21.9881591796875,20.538558959960938,23.302444458007812,30.0472412109375,8.282638549804688,21.28349173012803,69.1265360514323,44.4218806712516,32.458398782961545,33.29710495761754,23.49640920349291,-4.54066321253502e-05,-17.400558471679688,-12.25592041015625,-144.84140713970893,13.449432373046875,13.030105590820312,0.4193267822265625,20.53759765625,6.069580078125,14.468017578125,-0.0001881034113466465,0.0001426967792212963
1997-001,1997-05-18 03:00:00,16.5,90.5,0,65.0,980.0,22.0,,,,,,35.0,30.0,1,1,,,,,0,2.4898909032344815e-05,0.0002077245153486,2.9733404517173767e-05,-0.0001007840037345,98.3816375732422,95.798828125,82.69206237792969,100.73693084716795,293.31201171875,286.906494140625,272.5869140625,226.37860107421875,30.183517456054688,26.1884765625,24.919677734375,16.289794921875,3.037506103515625,3.0526123046875,6.8334503173828125,15.258026123046877,18.50342226196377,92.2908426920573,30.335971541205875,26.365787425133757,25.839628124747545,22.319605278058244,-0.0001256829127668448,-13.893722534179688,12.220520019531252,138.66606754844278,15.689575195312514,2.5828094482422017,13.106765747070312,20.72509765625,6.405517578125,14.319580078125,4.834495484828952e-06,-0.00013051740825167376
1997-001,1997-05-18 06:00:00,17.0,90.5,0,65.0,980.0,22.0,10.0,55.0,10.0,55.0,10.0,45.0,20.0,1,1,,,,,0,0.000217936001718,0.0001631386112421,-8.452753536403179e-05,-0.0001046061515808,92.83119201660156,83.2237548828125,63.63465118408203,98.31072235107422,294.165283203125,288.13037109375,275.96044921875,225.7691192626953,29.62242126464844,27.61219787597656,14.400787353515623,15.747314453125,-0.8169708251953125,1.9970703125,17.396255493164062,16.051605224609375,21.841873705779648,79.8965326944987,29.633684936394875,27.68432338662358,22.583453712499697,22.48626120039315,-0.00032254215329879997,-13.875106811523441,16.868576049804688,129.4387210095908,29.19654083251953,9.607437133789062,19.58910369873047,18.204833984375,6.034912109375,12.169921875,-0.0003024635370820318,-2.007861621676821e-05
1997-001,1997-05-18 09:00:00,17.5,90.5,0,65.0,980.0,22.0,0.0,65.0,0.0,,,55.0,10.0,1,1,,,,,0,7.975543849170208e-05,8.869171142578125e-05,-5.150563083589077e-05,-4.224805161356926e-05,98.89756774902344,96.72877502441406,84.56690979003906,99.54949951171876,293.8603515625,287.061767578125,275.12744140625,225.7750244140625,19.869705200195312,18.4969482421875,9.890457153320312,12.822158813476562,-2.5101776123046875,0.209503173828125,10.118820190429688,14.490097045898438,18.40318582548402,93.39775085449219,20.02763531693106,18.498134658770525,14.149617123721491,19.34866065229243,-0.00012200349010527134,-7.04754638671875,17.000274658203125,112.51668887764085,14.330657958984375,2.168792724609375,12.161865234375,18.73291015625,6.798583984375,11.934326171875,-0.00013126106932759285,9.25757922232151e-06
1997-001,1997-05-18 12:00:00,18.0,90.5,0,65.0,980.0,22.0,0.0,65.0,0.0,55.0,10.0,55.0,10.0,1,1,,,,,0,-0.0001924668904393,-6.1891041696071625e-06,0.0001000126358121,2.970593050122261e-05,96.68851470947266,95.6624755859375,96.6866226196289,98.44419860839844,294.723388671875,287.948486328125,274.53125,230.4007110595703,-0.5242462158203125,-1.2474365234375,1.391632080078125,12.880905151367188,-20.91835021972656,-16.037353515625,-6.63006591796875,0.0239105224609375,24.865163747117705,96.34587097167969,20.924918399122518,16.08579515178331,6.77454160241956,12.880927343619406,0.00022217282094052262,13.4051513671875,20.942260742187496,57.37667250610424,0.00189208984375,1.0260391235351562,-1.0241470336914062,20.192138671875,6.77490234375,13.417236328125,0.0002924795262514,-7.030670531087738e-05
1997-003,1997-07-29 03:00:00,21.0,89.0,0,25.0,1006.0,4.0,,,,,,,,1,1,,,,,0,8.14022496342659e-06,-3.4493859857320786e-06,2.16485932469368e-05,1.257588155567646e-05,90.59353637695312,84.07520294189453,93.33456420898438,60.11680221557617,293.68798828125,285.97900390625,271.904052734375,225.9442443847656,-3.4174346923828125,-1.5740814208984375,-4.229583740234375,-8.92718505859375,4.37591552734375,5.8518829345703125,2.5606842041015625,1.6731109619140625,6.1369782154468435,89.33443450927734,5.552251487383271,6.059889949457242,4.944338399502026,9.082617098681222,4.43565659224987e-06,-5.5097503662109375,-2.7028045654296875,-153.8697692541844,-2.74102783203125,6.518333435058594,-9.259361267089844,21.783935546875,7.708984375,14.074951171875,1.3508368283510212e-05,-9.072711691260341e-06
1997-003,1997-07-29 06:00:00,21.0,89.0,0,25.0,1006.0,4.0,,,,,,,,1,1,,,,,0,-1.2046657502651217e-06,4.787463694810867e-06,1.219077967107296e-05,1.1171912774443626e-05,94.26028442382812,81.14764404296875,89.08900451660156,56.857147216796875,293.497802734375,286.515625,272.117919921875,225.96888732910156,-2.8386993408203125,-1.72540283203125,-4.63507080078125,-11.874557495117188,7.6648406982421875,5.9001617431640625,5.2333526611328125,0.2148284912109375,11.711080841215638,88.16564432779948,8.173615899771866,6.147269599446428,6.990841251526231,11.876500620362874,1.2376578524708748e-05,-9.035858154296875,-7.45001220703125,-140.49461835325133,5.1712799072265625,13.112640380859375,-7.9413604736328125,21.3798828125,6.982177734375,14.397705078125,1.3395445421338081e-05,-1.0188668966293335e-06
1997-007,1997-09-23 03:00:00,15.5,82.5,0,25.0,1000.0,6.0,,,,,,,,1,1,,,,,0,1.237425021827221e-05,-1.4605466276407242e-06,-8.564372546970844e-05,3.2619573175907135e-05,86.13287353515625,76.63768005371094,89.67506408691406,100.61711120605467,292.470947265625,283.888427734375,270.1387939453125,222.6159515380859,2.13525390625,4.7354888916015625,4.336090087890625,-2.969970703125,4.687774658203125,6.8605499267578125,15.941314697265623,5.674041748046875,5.199619321130825,84.14853922526042,5.1511688469945645,8.33618619873731,16.520508210329375,6.40433257537424,2.0245322957634926e-05,-5.105224609375,0.98626708984375,169.06585303867345,-3.5421905517578125,9.495193481445312,-13.037384033203125,22.3321533203125,8.58251953125,13.7496337890625,-9.801797568798065e-05,0.00011826329864561558
1997-007,1997-09-23 06:00:00,16.0,82.5,0,25.0,1000.0,6.0,,,,,,,,1,1,,,,,0,1.6307458281517029e-06,2.516200765967369e-05,-2.989545464515686e-06,4.7959620133042336e-05,89.92655181884766,70.72062683105469,76.10465240478516,96.2158660888672,292.107177734375,284.9169921875,270.439453125,222.45643615722656,-3.711593627929687,-3.7203521728515625,-0.4261322021484375,-2.6661376953125,1.8642425537109375,6.480072021484375,16.853530883789062,5.53466796875,3.816412036770813,78.91727701822917,4.153471747581165,7.472105037649427,16.858917281502382,6.143357366674472,4.632887430489063e-05,1.045455932617187,3.6704254150390625,74.10133197196743,13.8218994140625,19.20592498779297,-5.384025573730469,21.667724609375,7.190185546875,14.4775390625,-4.620291292667389e-06,5.094916559755802e-05
1997-007,1997-09-23 09:00:00,16.0,82.5,0,25.0,1000.0,6.0,0.0,25.0,0.0,,,,,1,1,,,,,0,-1.1556083336472511e-05,3.551947884261608e-05,-1.4819670468568802e-05,-1.630745828151703e-05,89.84569549560547,67.72586822509766,65.19436645507812,83.14797973632812,292.38134765625,285.177978515625,271.72021484375,222.99871826171875,-4.8038787841796875,-2.07891845703125,2.2922821044921875,-6.2816925048828125,0.226287841796875,5.1892852783203125,12.203781127929688,2.8070526123046875,2.973933454835978,74.25531005859375,4.8092055019968525,5.590222146818238,12.417199002391317,6.880349198561616,-4.7513749450445175e-06,-1.477813720703125,2.5807647705078125,119.79658612125688,24.651329040527344,22.119827270507812,2.5315017700195312,20.6611328125,7.203369140625,13.457763671875,-3.2635871320962906e-06,-1.487787812948227e-06
1997-007,1997-09-23 12:00:00,16.0,82.5,0,30.0,998.0,6.0,5.0,25.0,5.0,,,,,1,1,,,,,0,1.3033393770456314e-05,-1.232675276696682e-05,4.255678504705429e-06,-1.836777664721012e-05,93.15689849853516,73.11976623535156,51.840354919433594,75.2864990234375,292.171142578125,285.0966796875,271.8289794921875,223.18894958496097,-3.415130615234375,-3.4908905029296875,-2.879547119140625,-4.3582916259765625,0.0159149169921875,3.1493377685546875,6.091156005859375,-1.236572265625,1.5678892929044974,72.70567321777344,3.4151676977410625,4.70155770823774,6.737504960967955,4.530321938358286,-3.1401170417666435e-05,-0.9431610107421875,-1.2524871826171875,-126.9808612757915,41.31654357910156,20.037132263183594,21.27941131591797,20.3421630859375,7.074462890625,13.2677001953125,-8.777715265750885e-06,-2.262345515191555e-05
1997-007,1997-09-23 18:00:00,16.0,82.5,0,30.0,998.0,6.0,0.0,30.0,0.0,25.0,5.0,,,1,1,,,,,0,-1.5109311789274216e-05,1.0058749467134476e-05,7.480778731405735e-05,2.1237414330244064e-05,94.14176940917967,79.26591491699219,69.38497924804688,83.43617248535156,292.1201171875,285.041259765625,271.4351806640625,223.27088928222656,-1.3591461181640625,-1.8415679931640625,-1.471435546875,-4.8770751953125,-1.740631103515625,1.161865234375,4.185089111328125,1.0560760498046875,4.49415129844106,80.93088785807292,2.2084100183268647,2.1774534429685484,4.436225133868271,4.990106119483185,3.634672611951828e-05,-3.5179290771484375,2.7967071533203125,141.51576423187495,24.7567901611328,14.875854492187486,9.880935668945312,20.6849365234375,7.078857421875,13.6060791015625,8.991709910333157e-05,-5.3570372983813286e-05
1997-007,1997-09-24 00:00:00,16.5,82.5,0,30.0,998.0,6.0,0.0,30.0,0.0,30.0,0.0,,,1,1,,,,,0,-4.311441443860531e-05,-3.291177563369274e-05,-5.3030671551823616e-05,0.0001722832676023,96.75621032714844,96.35724639892578,104.39022827148438,102.6496124267578,292.127685546875,284.37744140625,269.3282470703125,224.42987060546875,-6.0601043701171875,-6.04888916015625,-8.338241577148438,-2.786468505859375,-7.40478515625,-3.6583099365234375,-0.45465087890625,9.7991943359375,17.51266976047236,99.1678949991862,9.568474705350575,7.06910826508704,8.350627522562426,10.187669820308065,0.00021539768204090532,3.2736358642578125,17.2039794921875,79.22634850937149,-7.6340179443359375,0.39896392822265625,-8.032981872558594,22.7994384765625,7.750244140625,15.0491943359375,-9.916257113218307e-06,0.00022531393915412363
1997-007,1997-09-24 03:00:00,16.5,82.5,0,30.0,998.0,6.0,,,,,,25.0,5.0,1,1,,,,,0,-2.1481653675436977e-05,0.0001577085349708,-0.0001332412939518,5.975551903247833e-05,97.0821762084961,86.52183532714844,101.2279281616211,98.66122436523438,292.40380859375,284.365478515625,271.0732421875,224.0339813232422,-8.418380737304688,-3.17730712890625,-1.074737548828125,3.103607177734375,-5.9234619140625,-1.3130340576171875,5.3620758056640625,10.629531860351562,20.16823761289263,94.94397989908855,10.293519091426974,3.43792655940483,5.46872176514302,11.073361056333045,8.12371727079153e-05,11.521987915039062,16.552993774414062,55.15950839394672,-4.145751953125,10.560340881347656,-14.706092834472656,21.33056640625,8.038330078125,13.292236328125,-0.00011175964027636303,0.00019299681298427833
1997-007,1997-09-24 06:00:00,16.5,82.5,0,30.0,998.0,6.0,0.0,30.0,0.0,30.0,0.0,25.0,5.0,1,1,,,,,0,8.519971743226051e-05,-9.680399671196938e-06,-3.593158908188343e-05,-1.4560995623469353e-05,93.36068725585938,75.05989837646484,97.50691223144533,98.77173614501952,293.32177734375,284.826416015625,271.3758544921875,224.1025390625,-6.4841461181640625,-4.7515106201171875,-2.536590576171875,-1.1594390869140625,-3.4940948486328125,-0.4408721923828125,-0.156097412109375,10.809860229492188,15.262884257100987,88.64249928792317,7.365653378549959,4.77192010233856,2.5413890204357164,10.871861716257294,-9.976071305572987e-05,5.32470703125,14.303955078125,69.58200706901016,-4.146224975585952,18.30078887939453,-22.447013854980483,21.9459228515625,8.495361328125,13.4505615234375,-0.00012113130651414394,2.1370593458414078e-05
1997-007,1997-09-24 09:00:00,16.5,82.7,0,35.0,996.0,8.0,5.0,30.0,5.0,,,25.0,10.0,1,1,,,,,0,6.675301119685173e-05,7.287715561687946e-05,-0.0001419885084033,0.0001111424062401,85.33651733398438,67.35736846923828,90.00900268554688,101.492919921875,293.702392578125,285.8916015625,270.9345703125,224.48248291015625,2.1982421875,7.3691558837890625,14.190567016601562,0.5574188232421875,-5.735198974609375,-1.5251617431640625,3.881591796875,3.791671752929687,9.667138520365526,80.90096282958984,6.142049820154931,7.5253290148932495,14.71186416230885,3.8324261801722406,4.4389395043248274e-05,-1.6408233642578125,9.526870727539062,99.77224100343831,-4.6724853515625,17.979148864746094,-22.651634216308594,22.767822265625,7.810791015625,14.95703125,-0.00020874151960015172,0.0002531309146434
1997-007,1997-09-24 12:00:00,16.7,82.9,0,35.0,996.0,8.0,5.0,30.0,5.0,30.0,5.0,30.0,5.0,1,1,,,,,0,4.796730354428291e-05,-6.51809386909008e-05,4.270975477993488e-05,7.929885759949684e-05,90.2369384765625,78.73672485351562,85.11182403564453,98.63972473144533,293.344482421875,285.57666015625,271.593994140625,224.04595947265625,3.965362548828125,5.8505859375,10.350753784179688,2.2524871826171875,-1.8787384033203125,3.1981353759765625,8.203079223632812,3.831634521484375,5.961736404816527,84.69516245524089,4.38791045165683,6.667640189388259,13.207142486166584,4.444673397909627,3.133155405521393e-05,-1.7128753662109375,5.7103729248046875,106.69706708384703,5.125114440917969,11.500213623046875,-6.375099182128906,21.75048828125,7.767822265625,13.982666015625,-5.25754876434803e-06,3.658910281956196e-05
1997-007,1997-09-24 18:00:00,16.7,82.9,0,35.0,996.0,8.0,0.0,35.0,0.0,30.0,5.0,30.0,5.0,1,1,,,,,0,-3.3099204301834102e-06,1.3140030205249786e-05,1.2207310646772385e-05,3.86267201974988e-05,100.3438949584961,87.13556671142578,81.75723266601562,106.25827026367188,292.482421875,284.91552734375,271.43310546875,224.09341430664065,9.66326904296875,9.8895263671875,7.0926055908203125,-0.71771240234375,0.749481201171875,1.283599853515625,6.4741668701171875,4.3665618896484375,10.99309094271818,89.74556477864583,9.692290269472341,9.97248015045616,9.603118802194343,4.425152407387588,4.193664062768221e-05,-10.3809814453125,3.6170806884765625,160.78995665010572,18.58666229248047,13.208328247070312,5.378334045410156,21.04931640625,7.56689453125,13.482421875,1.5517231076955795e-05,2.6419409550726414e-05
1997-007,1997-09-25 00:00:00,17.3,83.6,0,35.0,994.0,8.0,0.0,35.0,0.0,35.0,0.0,30.0,5.0,1,1,,,,,0,3.870483487844467e-05,7.874332368373871e-06,-9.875046089291573e-06,-0.0001374442654196,93.02603149414062,84.02649688720703,72.99603271484375,101.78499603271484,292.997802734375,285.441162109375,272.018310546875,223.35552978515625,3.6666412353515625,2.7281341552734375,4.8390350341796875,-9.971664428710938,2.06036376953125,4.2457427978515625,11.82421875,4.578582763671875,13.868843076798075,83.34952036539714,4.205871706504783,5.046686821537268,12.776087394420482,10.972579988435363,-0.00017614910029804467,-13.6383056640625,2.518218994140625,169.53855545126368,20.029998779296875,8.999534606933594,11.030464172363281,20.9794921875,7.556640625,13.4228515625,-4.8579880967736244e-05,-0.00012756921933030843
1997-007,1997-09-25 03:00:00,17.3,83.7,0,35.0,994.0,8.0,,,,,,30.0,5.0,1,1,,,,,0,3.044051118195057e-05,-1.0644551366567612e-05,-1.19074247777462e-05,-0.0001280643045902,94.68733215332033,99.12265014648438,80.58221435546875,110.15621948242188,292.944091796875,285.54541015625,272.309814453125,223.29917907714844,0.9830474853515624,3.670242309570313,8.470291137695312,-11.979446411132812,1.77777099609375,4.3910369873046875,8.926681518554688,6.3330230712890625,13.739598592570522,91.46406555175781,2.0314654988476164,5.7229262125977,12.30574966798145,13.550436064521406,-0.00015850481577215058,-12.962493896484375,4.5552520751953125,160.6376131316212,14.105117797851577,-4.435317993164048,18.540435791015625,20.63427734375,7.398681640625,13.235595703125,-4.234793595969677e-05,-0.00011615687981245381
1997-007,1997-09-25 06:00:00,17.7,84.0,0,35.0,994.0,8.0,0.0,35.0,0.0,35.0,0.0,30.0,5.0,1,1,,,,,0,-3.1707342714071274e-05,-2.3298198357224464e-05,1.325993798673153e-05,-4.978431388735771e-05,95.44075775146484,97.95610809326172,97.72438049316406,81.09754180908203,292.58251953125,285.311279296875,271.580322265625,223.3363800048828,-3.544891357421875,-1.0215301513671875,0.51531982421875,-11.221832275390623,-7.887725830078125,-3.0654449462890625,2.8518829345703125,7.1158294677734375,16.853548392954895,97.04041544596355,8.647686020341277,3.2311726306221122,2.8980667338289883,13.287759353308273,-1.8076971173286438e-05,-7.676940917968748,15.003555297851562,117.09768111126131,-2.2836227416992188,-2.515350341796875,0.23172760009765625,21.002197265625,7.271240234375,13.73095703125,4.49672807008028e-05,-6.304425187408924e-05
1997-007,1997-09-25 09:00:00,18.0,84.5,0,35.0,994.0,8.0,0.0,35.0,0.0,,,35.0,0.0,1,1,,,,,0,1.5170080587267876e-05,-4.124012775719166e-05,2.675713039934635e-05,-0.0001547569409012,95.52813720703124,93.99457550048828,99.02233123779295,93.1189193725586,292.966552734375,285.819580078125,271.572509765625,223.7126617431641,0.6334991455078125,4.029693603515625,2.4682464599609375,-0.467559814453125,-5.156829833984375,-2.757965087890625,6.897796630859375,8.954269409179688,14.1539906981648,96.18168131510417,5.195595741012809,4.883113961831967,7.326106670517748,8.96646824743514,-0.00016992702148846788,-1.1010589599609375,14.111099243164062,94.46162741005857,-3.4941940307617188,1.5335617065429545,-5.027755737304673,21.39404296875,7.14697265625,14.2470703125,1.1587049812078476e-05,-0.00018151407130054636
1997-007,1997-09-25 12:00:00,18.0,85.0,0,35.0,994.0,8.0,0.0,35.0,0.0,35.0,0.0,35.0,0.0,1,1,,,,,0,1.2962846085429192e-05,-1.698918640613556e-05,5.3751980885863304e-05,-0.0001903641968965,92.40492248535156,87.66665649414062,79.91171264648438,105.79549407958984,293.33251953125,286.1123046875,272.174560546875,224.8114776611328,6.399261474609375,8.759231567382812,11.709884643554688,-11.887115478515623,-4.713714599609375,-2.19085693359375,7.864837646484375,9.692520141601562,23.279415402682563,86.66109720865886,7.947933866546093,9.029063725243685,14.10592320874163,15.337811483223991,-0.0002033270429819292,-18.286376953125,14.406234741210938,141.7685213605161,12.493209838867188,4.7382659912109375,7.75494384765625,21.157958984375,7.22021484375,13.937744140625,4.078913480043411e-05,-0.0002441161777823633
1997-007,1997-09-25 18:00:00,19.5,87.0,0,35.0,994.0,8.0,0.0,35.0,0.0,35.0,0.0,35.0,0.0,1,1,,,,,0,1.140008680522442e-05,-3.951089456677437e-05,3.7895748391747475e-05,2.6470283046364784e-05,99.03233337402344,79.11782836914062,73.70921325683594,100.54869842529295,292.663818359375,285.692626953125,271.7119140625,224.85223388671875,-2.803192138671875,-1.8730316162109375,-0.055145263671875,-2.8884429931640625,11.0250244140625,11.513046264648438,10.138214111328123,4.080352783203125,6.945194869019491,83.953125,11.375809839171275,11.66441090356736,10.138364087328789,4.999238117968782,1.5070196241140364e-05,-0.0852508544921875,-6.944671630859375,-90.70331170277143,25.3231201171875,19.914505004882812,5.4086151123046875,20.951904296875,6.97119140625,13.980712890625,2.6495661586523056e-05,-1.142546534538269e-05
1997-008,1997-11-04 03:00:00,12.5,98.0,0,35.0,1006.0,8.0,,,,,,,,1,1,,,,,0,-9.994767606258392e-05,0.0002956776879727,9.390292689204216e-06,1.4527933672070503e-05,99.97042846679688,96.4249496459961,96.31690216064452,101.01174926757812,288.93896484375,282.896240234375,270.21435546875,221.4848175048828,-14.80865478515625,-8.708343505859375,2.5054931640625,-8.189468383789062,-6.183441162109375,3.3118743896484375,-4.898101806640625,3.0025177001953125,11.322343787219957,97.57076009114583,16.04777869834949,9.3168534703972,5.501717668454105,8.722528586887336,0.00011447560973465443,6.6191864013671875,9.185958862304688,54.22436356664617,3.653526306152358,3.5454788208007812,0.10804748535157671,18.724609375,6.042724609375,12.681884765625,0.00010933796875178814,5.137640982866287e-06
1997-008,1997-11-04 06:00:00,13.0,97.2,0,35.0,1006.0,8.0,,,,,,,,1,1,,,,,0,0.0001657828688621,3.307592123746872e-05,2.7470523491501808e-05,0.0001259604468941,98.20410919189452,93.29335021972656,89.27609252929688,101.21858215332033,289.56689453125,283.195556640625,269.20751953125,221.57310485839844,-17.851516723632812,-8.406097412109375,4.002166748046875,-4.5402069091796875,-0.488372802734375,-1.7799835205078125,-6.848480224609375,2.04876708984375,13.55094269085614,93.59118398030598,17.858195802728577,8.592485963628414,7.932151036511961,4.981056651614173,-3.9822421968e-05,13.311309814453125,2.537139892578125,10.791160734121135,8.928016662597642,4.9107589721679545,4.0172576904296875,20.359375,6.371337890625,13.988037109375,-0.0001383123453705982,9.84899234025982e-05
1997-008,1997-11-04 12:00:00,13.5,96.5,0,35.0,1004.0,8.0,0.0,35.0,0.0,,,,,1,1,,,,,0,3.532040864229203e-07,8.483417332172394e-06,-6.182119250297546e-06,2.0191073417663578e-05,97.15388488769533,92.47491455078124,84.20156860351562,102.92742919921876,290.716552734375,283.3603515625,270.056396484375,220.77821350097656,-11.508392333984377,-6.8275299072265625,-0.0896148681640625,-0.916290283203125,5.493621826171875,5.6160125732421875,-2.02545166015625,4.2940673828125,10.6598103508809,91.27678934733073,12.752371343475783,8.840518189387288,2.0274331683746745,4.3907405492953755,1.9837869331240657e-05,10.592102050781252,-1.199554443359375,-6.4612120076079504,12.952316284179702,4.678970336914091,8.27334594726561,20.66015625,7.356201171875,13.303955078125,-6.535323336720467e-06,2.6373192667961124e-05
1997-008,1997-11-04 18:00:00,14.0,96.0,0,35.0,1004.0,8.0,0.0,35.0,0.0,35.0,0.0,,,1,1,,,,,0,-2.116127870976925e-05,2.7047237381339073e-05,5.0678616389632225e-05,-5.407724529504776e-05,96.00041961669922,96.58272552490234,100.47789001464844,101.7776336669922,290.885009765625,282.652587890625,270.718017578125,221.1588134765625,-8.13641357421875,-7.187713623046875,-2.3818206787109375,-2.174530029296875,12.921051025390623,13.118392944335938,7.613372802734375,4.0047454833984375,10.72588271059174,97.68701171875,15.269406846746838,14.958457827227262,7.977249850603308,4.557034917039155,-3.291596658527851e-05,5.961883544921875,-8.916305541992186,-56.23135141344676,-4.477470397949219,-0.582305908203125,-3.8951644897460938,20.1669921875,8.232421875,11.9345703125,7.183989509940147e-05,-0.00010475586168467999
1997-008,1997-11-05 00:00:00,14.0,95.0,0,35.0,1004.0,8.0,0.0,35.0,0.0,35.0,0.0,,,1,1,,,,,0,-4.035886377096176e-05,-5.085626617074013e-05,-9.266333654522896e-05,0.0004044477827847,98.57984924316406,97.08123016357422,102.09558868408205,109.45760345458984,291.05908203125,283.3251953125,268.526123046875,222.3772735595703,-0.7790069580078125,0.6471099853515625,-1.4689788818359375,-2.599395751953125,11.712539672851562,10.532577514648438,4.9381103515625,-3.5789337158203125,15.399447189999444,99.25222269694011,11.73841716027959,10.552437653699716,5.151973680007369,4.423304739389695,0.0004448066465556618,-1.8203887939453125,-15.291473388671875,-96.78888330165147,-3.515739440917983,1.4986190795898438,-5.014358520507827,22.532958984375,7.73388671875,14.799072265625,-5.23044727742672e-05,0.0004971111193299289
1997-008,1997-11-05 03:00:00,14.0,95.0,0,35.0,1004.0,8.0,,,,,,35.0,0.0,1,1,,,,,0,-6.394716911017895e-05,1.7690937966108322e-05,-0.0001138688530772,0.000222627306357,96.38043975830078,100.20304870605467,106.94416046142578,98.19535064697266,290.957763671875,281.906005859375,268.137939453125,223.00796508789065,-4.515380859375,-2.307037353515625,6.0485992431640625,-1.097381591796875,14.315841674804688,12.915191650390623,7.5407867431640625,2.6099700927734375,12.194677055509564,101.17588297526042,15.01106215973023,13.11962639395025,9.666903201661002,2.8312877358520856,0.0002865744754671789,3.417999267578125,-11.70587158203125,-73.72271532241759,-10.563720703125,-3.822608947753892,-6.741111755371108,22.81982421875,9.0517578125,13.76806640625,-4.992168396702105e-05,0.0003364961594342
1997-008,1997-11-05 06:00:00,14.0,95.0,0,35.0,1004.0,8.0,0.0,35.0,0.0,35.0,0.0,35.0,0.0,1,1,,,,,0,-0.0001269106287509,-6.862031295895576e-05,4.315073601901531e-05,0.0001470593269914,96.57144165039062,100.22443389892578,103.23040771484376,99.07994079589844,290.41748046875,282.324951171875,267.80078125,223.24777221679688,-4.99395751953125,-0.685089111328125,8.664215087890625,1.6144561767578125,15.561141967773438,14.565780639648438,9.558700561523438,5.0451202392578125,12.420058155093866,100.00876108805339,16.342850150695334,14.581883031104645,12.90106117782952,5.297141396568555,0.00027396995574229996,6.6084136962890625,-10.516021728515625,-57.854176969040296,-6.658966064453139,-3.6529922485351562,-3.005973815917983,22.61669921875,8.092529296875,14.524169921875,0.0001700613647699153,0.00010390859097238468
1997-008,1997-11-05 12:00:00,14.5,94.0,0,35.0,1004.0,8.0,0.0,35.0,0.0,35.0,0.0,35.0,0.0,1,1,,,,,0,-6.40437938272953e-05,7.59446993470192e-05,3.726198337972164e-05,9.73707064986229e-05,98.3565673828125,100.3738250732422,86.32215118408203,99.99427795410156,291.169189453125,282.925048828125,269.84033203125,222.58914184570312,-2.801300048828125,0.348175048828125,-0.269439697265625,1.681732177734375,15.936126708984377,12.286270141601562,-1.3852386474609375,3.2527008056640625,13.452392745880363,95.01751454671223,16.180464036867722,12.291202539094234,1.4111994405051325,3.6617326020334753,0.0001614145003259182,4.4830322265625,-12.683425903320314,-70.53374262950184,12.034416198730469,-2.0172576904297017,14.05167388916017,21.328857421875,8.244140625,13.084716796875,0.00010130577720701694,6.010872311890125e-05
1997-008,1997-11-05 18:00:00,14.5,94.0,0,35.0,1004.0,8.0,0.0,35.0,0.0,35.0,0.0,35.0,0.0,1,1,,,,,0,-4.72476240247488e-05,-1.83123629540205e-05,-4.0375394746661186e-05,-1.597730442881584e-05,98.92005157470705,82.88227844238281,100.87531280517578,98.48242950439452,290.140380859375,282.998046875,270.033447265625,220.82240295410156,-1.8507232666015625,3.9951171875,0.815704345703125,3.7700347900390625,19.155548095703125,12.507186889648438,10.895584106445312,3.2680206298828125,16.85249091702723,94.2258809407552,19.244744723075335,13.12976333505108,10.926075535169188,4.989300667973873,3.127031959593296e-05,5.620758056640625,-15.887527465820312,-70.51701922316333,-1.9552612304687358,16.037773132324233,-17.99303436279297,20.10693359375,7.142333984375,12.964599609375,6.872229278087616e-06,2.4398090317845345e-05
1997-008,1997-11-06 00:00:00,14.5,93.5,0,35.0,1004.0,8.0,0.0,35.0,0.0,35.0,0.0,35.0,0.0,1,1,,,,,0,-2.9089394956827164e-05,-1.5813857316970823e-06,1.4833873137831688e-05,2.224021591246128e-05,95.73721313476562,88.95526885986328,88.85606384277344,103.1172103881836,290.397705078125,282.06640625,268.50830078125,221.71304321289065,1.955078125,5.5972137451171875,10.2266845703125,0.3981170654296875,17.227249145507812,12.135299682617188,6.5377044677734375,-3.809127807617187,21.093915782874145,91.18284861246745,17.337832724889612,13.363917842289274,12.137819285547653,3.829876218959154,5.1329610869288445e-05,-1.5569610595703125,-21.036376953125,-94.23290292322633,6.8811492919921875,6.781944274902344,0.09920501708984375,21.889404296875,8.331298828125,13.55810546875,4.392326809465885e-05,7.406342774629593e-06
1997-008,1997-11-06 03:00:00,15.0,93.5,0,35.0,1004.0,8.0,,,,,,35.0,0.0,1,1,,,,,0,-3.2973941415548325e-05,1.0398682206869124e-05,9.362702257931232e-05,-5.173194222152233e-05,93.29309844970705,81.67296600341797,97.78238677978516,98.44432830810548,290.494140625,281.819580078125,268.89306640625,221.9943084716797,-3.828292846679687,-0.5043487548828125,5.75,1.642852783203125,15.936309814453123,9.826766967773438,3.866165161132813,8.9842529296875,8.846724220433398,90.91615041097005,16.38968567795532,9.839701047566182,6.928905617278756,9.133223197309736,-1.8758000805974007e-05,5.4711456298828125,-6.952056884765623,-51.797881121726576,-4.489288330078111,11.620132446289077,-16.109420776367188,21.60107421875,8.674560546875,12.926513671875,0.00012660096399486065,-0.00014535896480083466
1997-008,1997-11-06 06:00:00,15.0,93.0,0,35.0,1004.0,8.0,0.0,35.0,0.0,35.0,0.0,35.0,0.0,1,1,,,,,0,-7.151393219828606e-06,-7.651234045624733e-05,5.192309617996216e-05,3.140466287732124e-05,97.54489135742188,73.86802673339844,94.8721160888672,100.86441040039062,290.4453125,282.6650390625,268.698974609375,221.58328247070312,-1.93017578125,0.639190673828125,4.1084747314453125,5.9672393798828125,16.350555419921875,10.168014526367188,7.293045043945312,11.10772705078125,9.47926239406612,88.76167805989583,16.46408943994355,10.188085400403894,8.370667275190186,12.609105680082221,3.855605609714985e-05,7.8974151611328125,-5.242828369140625,-33.57884665577644,2.6727752685546733,23.676864624023438,-21.004089355468764,21.746337890625,7.7802734375,13.966064453125,5.9074489399790764e-05,-2.0518433302640915e-05
1997-008,1997-11-06 09:00:00,15.0,92.0,0,35.0,1004.0,8.0,0.0,35.0,0.0,,,,,1,1,,,,,0,-3.2646581530570984e-05,-9.479699656367302e-06,4.0121376514434814e-06,1.0939082130789757e-05,95.39404296875,93.63990783691406,80.37698364257812,98.4499053955078,291.795166015625,283.400146484375,269.118896484375,222.44036865234375,2.354095458984375,3.0920867919921875,8.110198974609375,1.96893310546875,11.773269653320312,7.8916473388671875,-0.0254974365234375,7.30108642578125,4.4887384485228585,89.80364481608073,12.006316827395645,8.475794856546617,8.110239054862946,7.561915139072776,4.358566366136074e-05,-0.385162353515625,-4.4721832275390625,-94.92239590388098,15.017059326171875,1.7541351318359375,13.262924194335938,22.67626953125,8.39501953125,14.28125,3.6658719182014465e-05,6.926944479346275e-06
1997-008,1997-11-06 12:00:00,15.0,92.0,0,35.0,1004.0,8.0,0.0,35.0,0.0,35.0,0.0,35.0,0.0,1,1,,,,,0,3.3588847145438194e-05,-1.8019694834947583e-05,3.2353680580854416e-05,-4.294398240745067e-05,85.42838287353516,73.39883422851562,78.34349060058594,99.5405044555664,292.184814453125,284.083740234375,269.197265625,221.17149353027344,0.1337127685546875,0.377288818359375,6.012847900390625,5.616455078125,11.720840454101562,6.7186431884765625,-0.2357025146484375,5.744415283203125,8.110371203372926,79.05690256754558,11.721603135022884,6.729228272730947,6.01746587432314,8.033858014085993,-7.653282955288887e-05,5.4827423095703125,-5.9764251708984375,-47.466886344819684,7.084892272949219,12.029548645019531,-4.9446563720703125,22.987548828125,8.10107421875,14.886474609375,-1.2351665645837784e-06,-7.529766298830509e-05
1997-008,1997-11-06 18:00:00,15.2,92.2,0,35.0,1004.0,8.0,0.0,35.0,0.0,35.0,0.0,35.0,0.0,1,1,,,,,0,-5.7885656133294106e-05,3.275764174759388e-05,-1.4525838196277618e-05,7.451698184013367e-05,100.30756378173828,84.27802276611328,79.88591003417969,100.87814331054688,290.50732421875,282.928955078125,268.927978515625,221.5949249267578,-3.832611083984375,0.478057861328125,-1.2206268310546875,7.8089599609375,11.61651611328125,7.6184539794921875,0.685333251953125,6.95819091796875,12.538986004428214,88.15716552734375,12.232430434349618,7.633438305011574,1.3998612527401615,10.459267494544147,0.00013240263797342777,11.641571044921875,-4.6583251953125,-21.808608219550447,20.421653747558594,16.029541015625,4.392112731933594,21.579345703125,7.578369140625,14.0009765625,4.335981793701649e-05,8.904282003641129e-05
1997-008,1997-11-07 00:00:00,15.5,92.2,0,35.0,1004.0,8.0,0.0,35.0,0.0,35.0,0.0,35.0,0.0,1,1,,,,,0,7.6035503298044205e-06,4.760292358696461e-05,-5.7252589613199234e-05,-1.1373776942491531e-05,89.1436996459961,74.79164123535156,95.77733612060548,96.94493103027344,290.936279296875,282.27490234375,268.874755859375,221.59274291992188,-2.6973114013671875,-1.0088043212890625,4.766387939453125,5.8481292724609375,7.4754638671875,5.333282470703125,1.8297271728515625,11.816970825195312,9.585052893768836,86.57089233398438,7.947203836920965,5.427852989070422,5.105522061105561,13.184893456942747,-1.8977327272295952e-05,8.545440673828125,4.3415069580078125,26.932824370760297,-6.633636474609389,14.352058410644531,-20.98569488525392,22.0615234375,8.661376953125,13.400146484375,-6.485613994300365e-05,4.58788126707077e-05
1997-008,1997-11-07 03:00:00,15.5,91.5,0,35.0,1004.0,8.0,,,,,,35.0,0.0,1,1,,,,,0,-2.1447427570819855e-05,-5.370704457163811e-06,2.9728049412369728e-05,1.5457626432180405e-06,90.52217864990234,75.54243469238281,53.11882781982422,103.30399322509766,290.71923828125,283.11328125,268.981689453125,221.33705139160156,-2.8689117431640625,-1.243927001953125,3.063507080078125,7.263031005859375,7.8101043701171875,5.363555908203125,-0.7266387939453125,9.451187133789062,10.263986384768325,73.06114705403645,8.320359659425081,5.505913763092257,3.1485043380238653,11.9195871417585,2.2993190214037895e-05,10.131942749023438,1.641082763671875,9.200364349319933,37.403350830078125,14.979743957519531,22.423606872558594,21.737548828125,7.60595703125,14.131591796875,5.117547698318958e-05,-2.8182286769151688e-05
1997-008,1997-11-07 06:00:00,15.5,91.5,0,35.0,1004.0,8.0,0.0,35.0,0.0,35.0,0.0,35.0,0.0,1,1,,,,,0,-3.1350646167993546e-06,-2.0281877368688583e-06,-1.5699071809649467e-05,2.9963208362460136e-05,95.46575927734376,79.03550720214844,49.057891845703125,102.43824005126952,290.572998046875,282.9033203125,269.11083984375,220.68997192382812,-0.090057373046875,-0.7858734130859375,3.900711059570313,3.876190185546875,9.574462890625,6.652374267578125,-1.742889404296875,6.473175048828125,5.034789565982674,74.51971944173177,9.574886420965804,6.69863272745498,4.272377586995849,7.5449881091557005,3.309827297925949e-05,3.96624755859375,-3.101287841796875,-38.02255904781368,46.40786743164064,16.430252075195327,29.977615356445312,21.462158203125,7.669677734375,13.79248046875,-1.2564007192850113e-05,4.5662280172109604e-05
1997-008,1997-11-07 09:00:00,15.5,91.5,0,35.0,1004.0,8.0,0.0,35.0,0.0,,,35.0,0.0,1,1,,,,,0,-1.0651303455233574e-05,-3.111083060503006e-06,-1.772399991750717e-05,2.2301217541098595e-05,98.28960418701172,73.03572082519531,62.17275619506836,99.36463165283205,290.740478515625,283.69189453125,268.58642578125,221.55523681640625,3.1898040771484375,1.8781890869140625,4.0849761962890625,2.0073089599609375,9.34442138671875,5.940093994140625,-0.684234619140625,5.9968719482421875,3.550265052811836,77.83269373575847,9.873857458114308,6.229952720962544,4.141884539467363,6.323904049268419,3.295252099633217e-05,-1.1824951171875,-3.3475494384765625,-109.45536097938165,36.11684799194336,25.253883361816406,10.862964630126953,22.154052734375,7.048583984375,15.10546875,-7.072696462273598e-06,4.0025217458605766e-05
1997-008,1997-11-07 12:00:00,15.5,91.5,0,35.0,1004.0,8.0,0.0,35.0,0.0,35.0,0.0,35.0,0.0,1,1,,,,,0,-3.531551919877529e-05,3.216019831597805e-05,-1.8209218978881836e-05,1.240265555679798e-05,92.29717254638672,77.92353820800781,61.699893951416016,94.88455200195312,290.7451171875,283.14599609375,268.441162109375,221.0669708251953,2.2107086181640625,3.041473388671875,2.05303955078125,7.487396240234375,8.1507568359375,6.53564453125,-2.7041168212890625,2.05804443359375,8.06006058777373,77.30686823527019,8.445239463331205,7.208689881861836,3.395175868824845,7.7650917154224315,4.771817475557327e-05,5.2766876220703125,-6.09271240234375,-49.10529471011211,30.597278594970703,14.373634338378906,16.223644256591797,22.303955078125,7.59912109375,14.704833984375,1.7106300219893456e-05,3.061187453567982e-05
1997-008,1997-11-07 18:00:00,15.5,91.5,0,35.0,1004.0,8.0,0.0,35.0,0.0,35.0,0.0,35.0,0.0,1,1,,,,,0,-2.8250738978385925e-05,6.584450602531433e-07,-4.473607987165451e-06,-1.7144018784165382e-05,100.82553100585938,79.00520324707031,50.289737701416016,102.59910583496094,290.333984375,282.827880859375,269.494384765625,220.90267944335935,2.6305999755859375,4.5050048828125,5.0198211669921875,5.7575225830078125,11.121871948242188,5.2136077880859375,-1.2924041748046875,4.931549072265625,6.935253585965315,76.7068239847819,11.428739732124852,6.890339263211559,5.183523232284716,7.58084708630961,1.1106720194220543e-05,3.126922607421875,-6.1903228759765625,-63.200254286570086,50.53579330444336,21.820327758789062,28.715465545654297,20.839599609375,7.506103515625,13.33349609375,2.3777130991220474e-05,-1.2670410796999931e-05
1997-008,1997-11-08 00:00:00,15.5,91.5,0,35.0,1004.0,8.0,0.0,35.0,0.0,35.0,0.0,35.0,0.0,1,1,,,,,0,-2.9543880373239517e-06,1.9494211301207542e-05,-1.234724186360836e-05,3.867084160447121e-06,90.16525268554688,70.47986602783203,33.08761978149414,108.32521057128906,290.737060546875,282.9677734375,268.072998046875,220.29747009277344,2.382080078125,3.936614990234375,5.3251495361328125,7.9052276611328125,8.8551025390625,4.4095001220703125,-1.1351470947265625,-0.016082763671875,10.450028129107377,64.57757949829102,9.169904387501058,5.911059880247881,5.444793523067855,7.905244020877957,6.821472197771072e-06,5.5231475830078125,-8.871185302734375,-58.09385080221302,57.077632904052734,19.685386657714844,37.39224624633789,22.6640625,7.769287109375,14.894775390625,-9.392853826284409e-06,1.621432602405548e-05
1997-008,1997-11-08 03:00:00,15.5,91.0,0,35.0,1006.0,8.0,,,,,,35.0,0.0,1,1,,,,,0,-1.5152618288993835e-06,7.858499884605408e-06,2.1330779418349263e-05,-9.253621101379396e-06,97.72935485839844,64.51205444335938,33.16157531738281,73.20032501220703,290.671875,283.682861328125,268.226806640625,220.36834716796875,1.951385498046875,2.75531005859375,2.7472381591796875,11.535507202148438,6.45343017578125,1.86602783203125,-0.93743896484375,4.9007720947265625,9.709074927906112,65.1343282063802,6.742007593860427,3.3277309670259014,2.9027761395016873,12.533375185291034,-7.738359272480013e-06,9.584121704101562,-1.5526580810546875,-9.202150053610593,64.56777954101562,33.21730041503906,31.350479125976562,22.445068359375,6.989013671875,15.4560546875,2.2846041247248646e-05,-3.058440051972866e-05
1997-008,1997-11-08 06:00:00,15.5,90.5,0,35.0,1006.0,8.0,0.0,35.0,0.0,35.0,0.0,35.0,0.0,1,1,,,,,0,4.033790901303291e-06,2.9407208785414696e-05,1.7343554645776749e-06,-2.3123575374484066e-05,96.9480438232422,53.98894119262695,7.664952278137207,67.13677978515625,291.149658203125,284.026123046875,268.44873046875,220.0700836181641,2.9424896240234375,2.6249237060546875,3.015228271484375,11.267318725585938,4.240631103515625,-2.3372802734375,-1.53265380859375,3.30517578125,8.377222465123927,52.86731243133545,5.161511149226526,3.514698214528233,3.382399921084965,11.742089175649326,-2.7157366275787357e-05,8.3248291015625,-0.935455322265625,-6.411392360538945,89.283091545105,42.95910263061525,46.323988914489746,22.700927734375,7.12353515625,15.577392578125,-2.2994354367256165e-06,-2.485793083906174e-05
1997-008,1997-11-08 09:00:00,15.5,90.5,0,35.0,1006.0,7.0,0.0,35.0,0.0,,,35.0,0.0,1,1,,,,,0,-4.174374043941498e-05,1.72292347997427e-05,9.262003004550934e-07,-7.490161806344986e-07,95.0947036743164,57.00184631347656,7.940101623535156,54.71485137939453,291.04248046875,283.9736328125,268.312255859375,220.31944274902344,3.4149017333984375,4.1383819580078125,3.793121337890625,11.024017333984377,1.9088897705078125,-1.996612548828125,-1.631591796875,0.8772430419921875,7.678732655558291,53.345550537109375,3.9122134405879523,4.594852217482355,4.1291477662577005,11.058865834013528,4.099472425878048e-05,7.609115600585939,-1.031646728515625,-7.721102969023336,87.15460205078125,38.092857360839844,49.061744689941406,22.730224609375,7.06884765625,15.661376953125,4.266994073987007e-05,-1.675216481089592e-06
1998-001,1998-05-17 12:00:00,14.5,88.0,0,25.0,998.0,4.0,,,,,,,,1,1,,,,,0,-2.5254907086491585e-05,-4.2367959395051e-05,2.4315668269991875e-05,-3.699655644595623e-05,92.94095611572266,84.45575714111328,80.86351013183594,99.43062591552734,292.97802734375,285.818115234375,271.72119140625,227.08914184570312,3.86077880859375,4.5863037109375,5.89501953125,-0.3094635009765625,16.68341064453125,14.25689697265625,13.62664794921875,8.257827758789062,9.40113652092352,86.0867411295573,17.12430447472087,14.97642457390595,14.847113847673107,8.263624323035495,-1.1741649359464645e-05,-4.1702423095703125,-8.425582885742188,-116.3331092982374,12.077445983886719,8.485198974609375,3.5922470092773438,21.2568359375,7.159912109375,14.096923828125,4.957057535648346e-05,-6.13122247159481e-05
1998-001,1998-05-17 18:00:00,15.0,88.5,0,25.0,998.0,4.0,0.0,25.0,0.0,,,,,1,1,,,,,0,-5.7371798902750015e-06,-9.945128113031387e-06,8.863164111971855e-06,8.126231841742992e-05,91.66803741455078,72.4646987915039,73.9411392211914,101.36211395263672,293.710205078125,285.97607421875,272.078369140625,225.6420135498047,1.8141326904296875,2.1474456787109375,6.9243316650390625,-1.1507415771484375,17.8546142578125,15.1363525390625,14.721298217773438,3.732574462890625,14.429916402803723,79.3579584757487,17.946540828632326,15.287926318824214,16.26846613003457,3.9059337293918994,8.699949830770493e-05,-2.964874267578125,-14.122039794921875,-101.85684883110275,17.726898193359375,19.203338623046875,-1.4764404296875,21.6318359375,7.734130859375,13.897705078125,1.4600344002246857e-05,7.239915430545807e-05
1998-001,1998-05-18 00:00:00,15.0,88.5,0,25.0,998.0,4.0,0.0,25.0,0.0,25.0,0.0,,,1,1,,,,,0,3.0292198061943058e-05,-9.09809023141861e-06,4.906696267426014e-05,-4.359288141131401e-05,95.00716400146484,86.53303527832031,94.59768676757812,94.53367614746094,293.693603515625,286.77197265625,272.17041015625,225.67037963867188,3.030364990234375,0.6249237060546875,4.78399658203125,1.01910400390625,10.236679077148438,10.112075805664062,12.313079833984377,6.1602325439453125,4.545611850256174,92.04596201578777,10.675800227737815,10.131367466333733,13.20979024416964,6.243960118887747,-7.388507947325706e-05,-2.011260986328125,-4.076446533203125,-116.26107893031151,0.40947723388671875,8.474128723144531,-8.064651489257812,21.523193359375,6.921630859375,14.6015625,1.8774764612317082e-05,-9.265984408557415e-05
1998-001,1998-05-18 03:00:00,15.5,88.5,0,25.0,998.0,4.0,,,,,,,,1,1,,,,,0,-1.6948208212852478e-05,2.000667154788971e-05,-1.8513062968850136e-05,-2.4147331714630127e-05,92.96197509765624,84.28716278076172,92.13927459716795,97.63187408447266,293.92431640625,286.78369140625,272.2568359375,226.08029174804688,1.055633544921875,0.4334259033203125,6.416412353515625,-2.30255126953125,3.087921142578125,4.241851806640625,5.681793212890625,6.23516845703125,4.602452705499099,89.79613749186198,3.2633754249159437,4.263937706295597,8.570479660112255,6.646733636635173,-7.199123501777649e-06,-3.358184814453125,3.147247314453125,136.85715496913946,0.8227005004882812,8.674812316894517,-7.852111816406236,21.66748046875,7.140625,14.52685546875,-1.5648547559976578e-06,-5.634268745779991e-06
1998-001,1998-05-18 06:00:00,16.0,88.5,0,30.0,996.0,6.0,5.0,25.0,5.0,25.0,5.0,,,1,1,,,,,0,1.199706457555294e-05,7.33276829123497e-06,-9.517651051282884e-06,4.0601007640361786e-05,93.02802276611328,82.89309692382812,76.69601440429688,105.06481170654295,294.07763671875,286.818115234375,272.23583984375,227.147705078125,1.634552001953125,0.936279296875,6.179229736328125,-3.3967437744140625,1.7100372314453125,1.714508056640625,-4.32647705078125,4.2158050537109375,5.620748132445725,84.2057113647461,2.365583982871485,1.9534986045662681,7.543293962537756,5.4139523935767455,2.8603943064808846e-05,-5.0312957763671875,2.505767822265625,153.5250298900039,16.332008361816406,10.134925842285156,6.19708251953125,21.841796875,7.259521484375,14.582275390625,-2.1514715626835823e-05,5.011865869164467e-05
1998-001,1998-05-18 12:00:00,17.0,89.5,0,35.0,994.0,8.0,5.0,30.0,5.0,25.0,10.0,25.0,10.0,1,1,,,,,0,6.327405571937561e-06,3.0291033908724785e-05,-4.870002157986164e-05,-3.411085344851017e-05,96.93415069580078,73.99092864990234,38.694786071777344,101.68605041503906,293.620849609375,287.265869140625,274.097412109375,227.0165557861328,0.0036468505859375,2.90570068359375,15.100875854492188,-0.98687744140625,4.5958404541015625,-0.3505401611328125,4.4549407958984375,4.2654571533203125,1.0441702440032172,69.87328847249348,4.595841901009613,2.926768673333136,15.744298938591879,4.378133370646442,-4.043825902044773e-05,-0.9905242919921875,-0.33038330078125,-161.55419554168597,58.23936462402344,22.943222045898438,35.296142578125,19.5234375,6.35498046875,13.16845703125,-5.50274271517992e-05,1.4589168131351471e-05
1998-001,1998-05-18 18:00:00,18.0,89.5,0,35.0,994.0,8.0,0.0,35.0,0.0,30.0,5.0,25.0,10.0,1,1,,,,,0,2.162996679544449e-06,1.8236925825476646e-05,6.459187716245651e-06,-3.764033317565918e-05,87.06196594238281,69.9122314453125,55.33087921142578,101.36620330810548,294.822998046875,287.52099609375,272.9765625,227.79757690429688,6.9329833984375,6.463623046875,14.8128662109375,-2.890167236328125,-0.17529296875,-0.467742919921875,9.0125732421875,-2.056610107421875,10.001681987023824,70.7683588663737,6.935199090718534,6.4805251585987,17.339189191796944,3.5472118329604125,-3.980332985520363e-05,-9.823150634765625,-1.881317138671875,-169.15807249325096,31.73108673095703,17.149734497070312,14.581352233886719,21.846435546875,7.302001953125,14.54443359375,4.296191036701202e-06,-4.409952089190483e-05
1998-001,1998-05-19 00:00:00,19.0,90.0,0,35.0,990.0,10.0,0.0,35.0,0.0,35.0,0.0,25.0,10.0,1,1,,,,,0,1.489417627453804e-06,1.757219433784485e-05,-1.0769348591566086e-05,-2.520950511097908e-05,94.08635711669922,80.91747283935547,96.01561737060548,94.6764678955078,294.350830078125,285.60107421875,272.064208984375,228.20765686035156,7.62786865234375,8.052932739257812,10.654159545898438,1.2684326171875,4.150390625,5.349853515625,12.781631469726562,9.124832153320312,8.073877333965482,90.33981577555339,8.683900190438415,9.668022462823279,16.639748154865902,9.212572014948558,-2.6698922738432884e-05,-6.35943603515625,4.9744415283203125,141.96697568331703,-1.9292602539062642,13.16888427734375,-15.098144531250014,22.28662109375,8.749755859375,13.536865234375,-1.225876621901989e-05,-1.4440156519412994e-05
1998-006,1998-10-13 12:00:00,15.5,82.5,0,25.0,1000.0,4.0,,,,,,,,1,1,,,,,0,2.2815074771642685e-06,-2.817949280142784e-05,1.454330049455166e-05,-3.772694617509842e-05,89.6162109375,87.98046112060547,91.38489532470705,105.70040130615234,292.320556640625,284.35107421875,269.869140625,223.71713256835935,-7.607940673828125,-8.190231323242188,-10.403976440429688,-10.183731079101562,-1.38348388671875,0.0187835693359375,0.87078857421875,-3.759185791015625,3.5040912873352057,89.6605224609375,7.732709031206254,8.190252862439259,10.440354328949086,10.855406786612505,-4.000845365226269e-05,-2.5757904052734375,-2.375701904296875,-137.31404834501896,-1.7686843872070455,1.6357498168945312,-3.4044342041015767,22.451416015625,7.969482421875,14.48193359375,1.2261793017387392e-05,-5.227024666965008e-05
1998-007,1998-10-26 12:00:00,11.5,88.5,0,25.0,1002.0,4.0,,,,,,,,1,1,,,,,0,3.970460966229439e-06,4.773843102157116e-05,-0.0001201929990202,-1.9236700609326363e-05,90.8247528076172,81.14753723144531,95.65538024902344,99.4323272705078,290.741455078125,283.179443359375,268.65234375,221.0282745361328,0.162200927734375,-3.643630981445313,-6.36907958984375,-8.967010498046875,-5.8108367919921875,-1.5146636962890625,1.3728790283203125,1.566741943359375,11.737596400154782,89.20922342936198,5.81310015087715,3.945915969937041,6.515364275937759,9.102854364932154,-2.32071615755558e-05,-9.12921142578125,7.3775787353515625,141.05732404519404,-4.830627441406236,9.67721557617189,-14.507843017578125,22.089111328125,7.56201171875,14.527099609375,-0.00012416345998642942,0.00010095629841087364
1998-007,1998-10-26 18:00:00,12.0,88.0,0,25.0,1004.0,4.0,0.0,25.0,0.0,,,,,1,1,,,,,0,-2.2429972887039185e-05,2.301298081874847e-05,1.0496703907847404e-05,4.0794722735881805e-05,92.77897644042967,89.3564453125,99.08828735351562,100.62076568603516,290.5478515625,282.491455078125,268.528076171875,220.0556640625,-3.3205718994140625,-2.5657958984375,-8.2259521484375,-9.926361083984377,-5.148223876953125,-2.5613250732421875,0.7888946533203125,1.8670196533203125,9.635875286658155,93.74123636881511,6.126206560866894,3.625423385379671,8.263694302333606,10.100416167442003,6.322469562292099e-05,-6.605789184570314,7.0152435302734375,133.27818170330536,-6.309310913085952,3.4225311279296733,-9.731842041015625,22.019775390625,8.056396484375,13.96337890625,3.292667679488659e-05,3.02980188280344e-05
1998-007,1998-10-27 00:00:00,12.0,88.0,0,25.0,1004.0,4.0,0.0,25.0,0.0,25.0,0.0,,,1,1,,,,,0,3.296881914138794e-06,-3.261934034526348e-05,-1.2153759598731997e-06,2.063391730189323e-05,91.7978973388672,84.82171630859375,97.880615234375,101.1415786743164,290.669921875,282.631591796875,269.04931640625,219.95928955078125,-3.3974761962890625,-1.7689971923828125,-10.581649780273438,-11.397918701171877,-3.8583984375,-1.8461761474609375,-0.0684967041015625,4.048309326171875,11.248249105262769,91.50007629394531,5.141019646612259,2.5568960546162183,10.581871472987832,12.095509874283671,1.7337035387754437e-05,-8.000442504882814,7.906707763671875,135.33761816634097,-6.082717895507798,6.976181030273452,-13.05889892578125,21.62060546875,8.038330078125,13.582275390625,-4.512257874011993e-06,2.184929326176643e-05
1998-007,1998-10-27 03:00:00,12.0,88.0,0,25.0,1004.0,4.0,,,,,,,,1,1,,,,,0,-3.5208649933338165e-06,-1.615099608898163e-05,-5.3673284128308296e-05,-2.316664904356003e-06,95.25157165527344,86.86322021484375,97.3440170288086,102.27120208740234,290.515380859375,282.566650390625,268.673828125,220.1844940185547,-3.4950408935546875,-1.5783233642578125,-11.015960693359377,-10.268875122070312,-2.2521209716796875,-1.0350799560546875,-0.301177978515625,1.5903778076171875,7.787787042819535,93.15293629964192,4.15780708050518,1.8874573260310479,11.020077049294237,10.391299141283337,1.2042000889778137e-06,-6.773834228515625,3.842498779296875,150.43566088723932,-2.0924453735351562,8.388351440429688,-10.480796813964844,21.841552734375,7.94873046875,13.892822265625,-5.015241913497448e-05,5.1356619223952293e-05
1998-007,1998-10-27 06:00:00,12.5,87.0,0,25.0,1004.0,4.0,0.0,25.0,0.0,25.0,0.0,,,1,1,,,,,0,1.0766787454485892e-05,2.229306846857071e-05,-4.934635944664478e-05,-3.673136234283447e-05,90.34719848632812,79.83192443847656,99.07322692871094,100.0890884399414,290.826171875,282.660888671875,269.063720703125,220.24078369140625,-5.2681884765625,-6.1568450927734375,-9.5426025390625,-5.7430419921875,-4.004669189453125,-4.34356689453125,-0.2751312255859375,2.7744598388671875,6.795739565633495,89.7507832845052,6.617490849373429,7.534806889607471,9.546567991158629,6.378099930348842,-4.7498149797320366e-05,-0.474853515625,6.7791290283203125,94.00681792163006,-8.726028442382812,10.515274047851562,-19.241302490234375,21.762451171875,8.165283203125,13.59716796875,-6.0113146901130676e-05,1.261499710381031e-05
1998-007,1998-10-27 12:00:00,13.0,87.0,0,30.0,1002.0,6.0,5.0,25.0,5.0,25.0,5.0,25.0,5.0,1,1,,,,,0,1.852959394454956e-05,-5.059083923697472e-05,-6.027589552104473e-05,-1.964159309864044e-05,92.03546142578124,82.89315795898438,98.93350219726562,100.60326385498048,291.0517578125,283.25927734375,270.033447265625,221.4558563232422,-8.22100830078125,-11.190582275390623,-13.80084228515625,-8.435531616210938,-2.40087890625,-0.421295166015625,-0.72088623046875,-0.2013092041015625,2.2100061374286524,91.28737386067708,8.564414574504811,11.198509779394529,13.819657185944818,8.437933339612865,-3.817118704319e-05,-0.2145233154296875,2.1995697021484375,95.57042124335113,-6.898040771484389,9.14230346679686,-16.04034423828125,21.018310546875,7.79248046875,13.225830078125,-7.880548946559429e-05,4.063430242240429e-05
1998-007,1998-10-27 18:00:00,13.0,86.0,0,30.0,1002.0,6.0,0.0,30.0,0.0,25.0,5.0,25.0,5.0,1,1,,,,,0,-2.244417555630207e-05,-3.23255080729723e-05,3.574625588953495e-05,2.623116597533226e-05,95.8092803955078,80.93917846679688,100.32880401611328,100.7182159423828,290.663330078125,283.462646484375,269.788330078125,220.4414978027344,-9.417770385742188,-10.429031372070312,-8.9429931640625,-11.498077392578123,-4.239044189453125,-1.114776611328125,1.0124969482421875,1.8555755615234375,6.439880988937941,92.35908762613933,10.327821390724127,10.48844231775105,9.000126488148283,11.64684267903706,4.867534153163433e-05,-2.0803070068359357,6.0946197509765625,108.84656896800612,-4.519523620605483,14.870101928710923,-19.389625549316406,20.875,7.20068359375,13.67431640625,5.819043144583702e-05,-9.51508991420269e-06
1998-007,1998-10-28 00:00:00,13.0,85.5,0,30.0,1002.0,6.0,0.0,30.0,0.0,30.0,0.0,25.0,5.0,1,1,,,,,0,-7.192371413111687e-06,-1.1496944352984428e-05,2.0683277398347855e-05,4.5040855184197426e-05,92.62450408935548,85.69499206542969,99.49087524414062,98.60961151123048,290.8662109375,283.266845703125,269.48828125,220.9569854736328,-7.5368499755859375,-4.9598236083984375,-7.1920928955078125,-12.498428344726562,0.8607940673828125,3.0399627685546875,3.745681762695313,0.7657012939453125,4.962489551493704,92.60345713297527,7.585846952116237,5.817321020936113,8.109027813801246,12.52186126579487,5.223322659730911e-05,-4.961578369140625,-0.0950927734375,-178.90201318986357,-6.866371154785142,6.9295120239257955,-13.795883178710938,21.3779296875,7.599365234375,13.778564453125,2.787564881145954e-05,2.435757778584957e-05
1998-007,1998-10-28 03:00:00,13.0,85.0,0,30.0,1004.0,6.0,,,,,,25.0,5.0,1,1,,,,,0,-1.5458790585398674e-05,1.1092983186244965e-05,5.218922160565853e-05,1.7413869500160217e-05,92.01644897460938,87.69466400146484,96.5469741821289,105.97016143798828,290.957275390625,283.392333984375,269.61962890625,221.02944946289065,-6.20306396484375,-4.313629150390625,-5.567962646484375,-12.207260131835938,1.0254974365234375,2.5839080810546875,2.77655029296875,0.90557861328125,6.005393587092478,92.08602905273438,6.287260734553579,5.028317553460547,6.221851779175564,12.240803590906259,3.287266008555889e-05,-6.0041961669921875,-0.1199188232421875,-178.85581202071074,-4.530525207519531,4.321784973144531,-8.852310180664062,21.337646484375,7.56494140625,13.772705078125,6.76480121910572e-05,-3.4775352105498314e-05
1998-007,1998-10-28 06:00:00,13.0,84.5,0,30.0,1004.0,6.0,0.0,30.0,0.0,30.0,0.0,25.0,5.0,1,1,,,,,0,6.056623533368111e-06,8.13906081020832e-06,1.9882339984178543e-05,-6.839283742010593e-05,90.9462661743164,85.76478576660156,78.1903076171875,94.75698852539062,291.2412109375,283.766845703125,270.208251953125,220.67042541503903,-4.3919219970703125,-3.681106567382813,-6.57830810546875,-8.62158203125,0.8329010009765625,2.693206787109375,4.343353271484375,2.7869110107421875,4.659203700526644,84.96711985270183,4.470201662763979,4.561130162422563,7.882820254920816,9.060825001255068,-7.444946095347404e-05,-4.2296600341796875,1.954010009765625,155.2041002958533,12.755958557128906,5.181480407714844,7.5744781494140625,21.032958984375,7.474365234375,13.55859375,1.3825716450810432e-05,-8.827517740428448e-05
1998-008,1998-11-13 12:00:00,13.0,87.5,0,25.0,1004.0,4.0,,,,,,,,1,1,,,,,0,-2.0344741642475128e-05,-1.420755870640278e-05,2.4118227884173393e-05,3.277580253779888e-05,98.60469818115234,85.59463500976562,92.72048950195312,106.31627655029295,290.601806640625,283.703369140625,269.67578125,220.33445739746097,-9.510513305664062,-8.373092651367188,-4.4894561767578125,-8.788040161132812,5.5962371826171875,6.981170654296875,8.65313720703125,2.4758453369140625,3.2029381379132857,92.30660756429036,11.03484181768458,10.90162484461812,9.748435786665338,9.130140196404563,5.312054418027401e-05,0.72247314453125,-3.120391845703125,-76.96385145858554,5.884208679199219,13.010063171386719,-7.1258544921875,20.926025390625,6.8984375,14.027587890625,4.446296952664852e-05,8.657574653625488e-06
1998-008,1998-11-14 03:00:00,13.5,86.5,1,30.0,1002.0,6.0,,,,,,,,1,1,1998-008_19981114_0300.npy,1998-11-14 03:00:00,0.0,0.0088387524883875,1,2.192799001932144e-06,1.0114163160324097e-06,1.7966842278838158e-05,-5.267607048153877e-05,91.92512512207033,89.64232635498047,61.87367630004883,101.2886734008789,292.041015625,284.6015625,271.04443359375,221.95545959472656,0.302093505859375,0.367828369140625,1.64288330078125,-4.118804931640625,3.205078125,4.3548431396484375,9.497146606445312,2.9698638916015625,4.42715131097675,81.14704259236653,3.2192835031472335,4.3703496976887,9.638197923071596,5.077858367416908,-5.486886948347092e-05,-4.4208984375,-0.2352142333984375,-176.95444534677375,30.0514488220215,2.282798767089858,27.76865005493164,20.99658203125,7.439453125,13.55712890625,1.5774043276906013e-05,-7.064291276037693e-05
1998-008,1998-11-14 06:00:00,14.0,86.0,1,30.0,1002.0,6.0,,,,,,,,1,1,,,,,0,-1.039286144077778e-05,4.844041541218758e-06,-5.401903763413429e-06,1.1816620826721191e-05,91.92857360839844,86.59898376464844,54.76371765136719,99.403076171875,292.00146484375,284.658203125,271.734130859375,221.81753540039065,-0.6406707763671875,0.1224517822265625,-2.6402435302734375,-5.4235076904296875,1.07000732421875,3.778411865234375,11.480056762695312,3.005340576171875,5.159558483304008,77.76375834147136,1.247146630341719,3.780395569555436,11.779753357938235,6.200524788026821,2.220948226749897e-05,-4.7828369140625,1.935333251953125,157.96971168874123,37.16485595703125,5.32958984375,31.83526611328125,20.267333984375,7.34326171875,12.924072265625,4.990957677364351e-06,1.721852459013462e-05
1998-008,1998-11-14 09:00:00,14.0,86.0,1,35.0,998.0,8.0,5.0,30.0,5.0,,,,,1,1,,,,,0,9.084586054086683e-06,7.974682375788689e-06,-3.0827242881059647e-05,-2.971617504954338e-05,90.44147491455078,79.00350189208984,51.34160614013672,102.11517333984376,292.3359375,285.3515625,271.725341796875,222.49807739257812,2.3046417236328125,5.474395751953125,-1.1783599853515625,-2.992950439453125,1.44775390625,1.7779541015625,13.123428344726562,1.0225982666015625,5.314625108539117,73.59552764892578,2.7216474509699737,5.755877833681439,13.176224943975809,3.162824615415653,-3.8800761103630066e-05,-5.2975921630859375,-0.4251556396484375,-175.41158967163472,39.09986877441406,11.437973022460938,27.661895751953125,20.610595703125,6.984375,13.626220703125,-3.991182893514633e-05,1.1110678315162659e-06
1998-009,1998-11-19 03:00:00,12.0,92.5,0,25.0,1002.0,4.0,,,,,,,,1,1,,,,,0,2.2540101781487465e-05,-2.511916682124138e-05,-6.131595000624657e-06,3.706640563905239e-05,91.7927703857422,70.60279846191406,61.43809509277344,95.45126342773438,292.734375,284.445556640625,269.207763671875,222.12350463867188,-4.784576416015625,0.24993896484375,-4.77630615234375,-6.262542724609375,2.801605224609375,1.3369140625,13.392486572265623,-0.0299530029296875,3.194073638049441,74.61122131347656,5.54447141892277,1.3600767245480747,14.21871291816639,6.262614355039141,1.4526303857564926e-05,-1.47796630859375,-2.8315582275390625,-117.56285605064724,30.354675292968764,21.18997192382814,9.164703369140625,23.526611328125,8.288818359375,15.23779296875,-2.867169678211212e-05,4.319800063967705e-05
1998-009,1998-11-19 06:00:00,12.0,92.5,0,25.0,1002.0,4.0,,,,,,,,1,1,,,,,0,-1.206924207508564e-05,1.8620863556861877e-05,9.150011464953424e-06,8.334359154105186e-05,89.11849975585938,63.035892486572266,67.23491668701172,101.77293395996094,292.8994140625,285.094970703125,269.301513671875,222.0420379638672,0.7685394287109375,1.6707611083984375,0.3830413818359375,-9.506179809570312,7.338836669921875,6.337982177734375,10.3792724609375,0.0566558837890625,12.593649686545549,73.12976964314778,7.378968526919825,6.554499276574477,10.3863380225455,9.506348639780164,9.54128336161375e-05,-10.27471923828125,-7.2821807861328125,-144.6729908567101,21.883583068847656,26.08260726928711,-4.199024200439453,23.597900390625,7.804443359375,15.79345703125,2.1219253540039062e-05,7.419358007609844e-05
1998-009,1998-11-19 12:00:00,12.5,91.5,0,30.0,1000.0,6.0,5.0,25.0,5.0,,,,,1,1,,,,,0,-1.095258630812168e-05,1.4360062777996063e-05,3.1837960705161095e-05,3.6179786548018456e-05,89.42338562011719,69.08769989013672,68.49259948730469,96.4258041381836,291.715087890625,284.568603515625,269.902587890625,222.1062164306641,3.814453125,0.762542724609375,2.3922576904296875,-11.484375,7.003387451171875,8.158706665039062,5.2038116455078125,2.4318084716796875,15.967262644674754,75.6678949991862,7.974803347672841,8.194264204491304,5.727351263834157,11.739018765789503,4.713237285614014e-05,-15.298828125,-4.5715789794921875,-163.36286041700345,20.9307861328125,20.33568572998047,0.5951004028320312,21.8125,7.146484375,14.666015625,4.2790547013282776e-05,4.341825842857361e-06
1998-009,1998-11-19 18:00:00,12.5,91.0,0,30.0,1002.0,6.0,0.0,30.0,0.0,25.0,5.0,,,1,1,,,,,0,1.0114163160324097e-06,-6.142072379589081e-06,-4.870817065238953e-07,-3.335997462272644e-06,90.0492172241211,70.0201187133789,82.0873031616211,18.296791076660156,291.61669921875,283.990478515625,269.42529296875,221.67843627929688,4.6484527587890625,4.2357940673828125,4.4168853759765625,-13.153823852539062,4.7101287841796875,3.954544067382813,0.36431884765625,6.8819580078125,17.9342659376643,80.71887969970703,6.617660176697778,5.7948572167179435,4.431884999328525,14.845350382019287,-4.347413778305054e-06,-17.802276611328125,2.1718292236328125,173.04444246757396,7.9619140625,20.029098510742188,-12.067184448242188,22.19140625,7.626220703125,14.565185546875,-1.498498022556305e-06,-2.8489157557487488e-06
1998-009,1998-11-20 00:00:00,14.0,89.0,0,30.0,1002.0,6.0,0.0,30.0,0.0,30.0,0.0,,,1,1,,,,,0,1.142243854701519e-05,4.6543776988983154e-05,-6.369990296661854e-05,-3.0155526474118233e-05,84.43671417236328,69.71904754638672,97.83731842041016,86.4879150390625,292.191650390625,284.145263671875,269.2158203125,221.8184051513672,-2.3735504150390625,0.72357177734375,0.1916961669921875,-7.258132934570312,-2.1506500244140625,-2.695098876953125,-0.0535125732421875,2.741455078125,6.913164161539851,83.99769337972005,3.2029731657078107,2.790540104266984,0.19902516407353396,7.7586126105942155,-4.157796502113342e-05,-4.884582519531249,4.8921051025390625,134.95591429439222,-13.400604248046875,14.717666625976562,-28.118270874023438,22.975830078125,8.04638671875,14.929443359375,-7.512234151363373e-05,3.3544376492500305e-05
1998-009,1998-11-20 03:00:00,14.5,88.5,0,35.0,1000.0,8.0,,,,30.0,5.0,25.0,10.0,1,1,,,,,0,-1.294584944844246e-05,2.961256541311741e-05,-8.334941230714321e-05,3.7348654586821795e-05,96.7327651977539,76.50225830078125,101.85194396972656,107.20768737792967,291.131591796875,283.19677734375,270.24169921875,221.39894104003903,-4.5269775390625,1.2416534423828125,-4.23321533203125,-7.362228393554688,-6.126312255859375,-4.3382568359375,-4.225372314453125,8.463577270507812,14.862823547344483,91.6956558227539,7.617429192022014,4.512446747113979,5.981127255216311,11.217599882894707,5.0294504035264254e-05,-2.8352508544921884,14.589889526367188,100.99721342325134,-5.119178771972656,20.230506896972656,-25.349685668945312,20.889892578125,7.934814453125,12.955078125,-7.040356285870075e-05,0.000120698066893965
1998-009,1998-11-20 06:00:00,15.0,88.0,0,35.0,998.0,10.0,5.0,30.0,5.0,30.0,5.0,25.0,10.0,1,1,,,,,0,7.615890353918076e-07,-3.091827966272831e-05,5.3437892347574234e-05,1.1461321264505386e-05,95.35049438476562,82.07255554199219,85.91324615478516,105.48558044433594,291.1123046875,282.97998046875,269.21240234375,221.61927795410156,-7.819992065429688,-1.8788909912109375,5.4866943359375,-6.9528350830078125,-9.625503540039062,-8.72515869140625,-5.03192138671875,6.58306884765625,16.23175221839349,87.77876536051433,12.401717393276135,8.925168096292397,7.444732874867049,9.574900059242731,1.0699732229113579e-05,0.8671569824218759,16.208572387695312,86.93760114033884,9.437248229980469,13.277938842773438,-3.8406906127929688,21.89990234375,8.13232421875,13.767578125,5.2676303312182426e-05,-4.197657108306885e-05
1998-009,1998-11-20 09:00:00,15.5,88.0,0,35.0,996.0,10.0,0.0,35.0,0.0,,,,,1,1,,,,,0,-2.1704472601413727e-06,-2.3663975298404697e-05,2.2393185645341873e-05,-4.3726060539484024e-05,93.82503509521484,75.52540588378906,93.6494140625,105.37173461914062,291.03173828125,283.1572265625,268.87890625,221.86273193359375,-10.285354614257812,-4.0983123779296875,4.7196197509765625,-6.8282470703125,-6.197235107421875,-6.146759033203125,-7.46282958984375,9.425735473632812,16.000900048025542,87.66661834716797,12.008090710754008,7.3877473535141895,8.829985055528436,11.639134300803098,-4.155561327934265e-05,3.4571075439453125,15.622970581054688,77.52244947941286,0.17562103271484375,18.29962921142578,-18.124008178710938,22.15283203125,7.87451171875,14.2783203125,2.4563632905483246e-05,-6.61192461848259e-05
1998-009,1998-11-20 12:00:00,15.5,88.0,0,45.0,996.0,10.0,10.0,35.0,10.0,30.0,15.0,30.0,15.0,1,1,,,,,0,-1.099519431591034e-05,1.919316127896309e-05,7.826695218682289e-05,-5.450937896966934e-05,97.94463348388672,77.63994598388672,93.86873626708984,64.76559448242188,291.026611328125,283.681640625,269.985595703125,222.56060791015625,-6.43951416015625,-1.78753662109375,1.0951385498046875,-8.09051513671875,-1.74151611328125,-4.0748138427734375,-3.9033050537109375,10.563430786132812,12.415213345811262,89.8177719116211,6.670848596068651,4.449651112728872,4.054025010479543,13.305732041150298,-4.3514184653759e-05,-1.6510009765625,12.304946899414062,97.64194988064531,4.075897216796875,20.3046875,-16.228790283203125,21.041015625,7.344970703125,13.696044921875,8.926214650273323e-05,-0.00013277633115649223
1998-009,1998-11-20 18:00:00,16.0,88.0,0,45.0,996.0,10.0,0.0,45.0,0.0,35.0,10.0,30.0,15.0,1,1,,,,,0,-1.707114279270172e-06,3.153504803776741e-05,-9.161327034235e-05,2.881232649087906e-05,88.60009002685547,82.95550537109375,94.90000915527344,51.49610900878906,291.404296875,283.80029296875,270.45068359375,221.51422119140625,-7.4638214111328125,-5.759979248046875,-1.329071044921875,-9.664520263671877,-1.267852783203125,-3.847259521484375,-1.19500732421875,9.28497314453125,10.779852063021536,88.81853485107422,7.570738453886815,6.926670683927656,1.7873086883317557,13.402002769048767,3.051944077014923e-05,-2.2006988525390643,10.552825927734375,101.7797022459482,-6.299919128417969,5.644584655761719,-11.944503784179688,20.95361328125,7.60400390625,13.349609375,-8.990615606307983e-05,0.00012042559683322906
1998-009,1998-11-21 00:00:00,16.5,87.5,0,45.0,996.0,10.0,0.0,45.0,0.0,45.0,0.0,30.0,15.0,1,1,,,,,0,2.832617610692978e-06,2.3725442588329318e-07,7.598078809678555e-05,-9.497161954641342e-06,88.899658203125,88.84870910644531,86.40647888183594,103.58541107177734,291.61474609375,283.16162109375,270.529541015625,221.5894317626953,-2.3773040771484375,-4.7772064208984375,-1.761627197265625,-7.694244384765625,-1.3153839111328125,-1.16522216796875,-4.8304595947265625,11.6986083984375,14.05823068769038,88.05161539713542,2.716948565743128,4.91725979470264,5.141660264781391,14.002101096352996,-1.232977956533432e-05,-5.3169403076171875,13.013992309570312,112.22274813898953,2.4931793212890625,0.0509490966796875,2.442230224609375,21.085205078125,8.453125,12.632080078125,7.314817048609257e-05,-8.547795005142689e-05
1998-009,1998-11-21 03:00:00,17.0,87.5,0,45.0,992.0,16.0,,,,,,35.0,10.0,1,1,,,,,0,-2.0922161638736725e-05,-1.3378448784351349e-06,2.0810402929782867e-06,6.077151920180768e-05,93.69810485839844,88.58348846435547,97.01403045654295,104.86075592041016,291.311767578125,283.723388671875,270.353759765625,221.43765258789065,-4.8202056884765625,-4.1202850341796875,-5.203277587890625,-3.4999542236328125,-1.472076416015625,0.3342742919921875,0.9527740478515624,13.514678955078123,15.044796458690609,93.09854125976562,5.0399793505342085,4.133822452062012,5.289789791939215,13.960523873635855,8.16936808405444e-05,1.32025146484375,14.986755371093748,84.96555079696812,-3.315925598144517,5.114616394042969,-8.430541992187486,20.9580078125,7.58837890625,13.36962890625,2.300320193171501e-05,5.869047890882939e-05
1998-009,1998-11-21 06:00:00,17.5,87.5,0,55.0,992.0,16.0,10.0,45.0,10.0,45.0,10.0,35.0,20.0,1,1,,,,,0,-1.057051122188568e-06,4.2654573917388916e-07,1.4961697161197662e-06,1.9210303435102105e-05,96.13208770751952,87.84323120117188,97.00697326660156,94.34844207763672,291.02294921875,283.884033203125,270.5537109375,221.53314208984375,-7.0782012939453125,-5.7294921875,-5.9980316162109375,-0.254974365234375,0.74273681640625,2.2239227294921875,4.795684814453125,11.849624633789062,13.0353129118028,93.66076405843098,7.117063406774903,6.145967217076212,7.679516658530164,11.852367522509047,2.0267354557290673e-05,6.8232269287109375,11.106887817382812,58.43659863292765,-0.8748855590820455,8.288856506347642,-9.163742065429688,20.46923828125,7.138916015625,13.330322265625,2.5532208383083344e-06,1.771413371898234e-05
1999-001,1999-02-01 03:00:00,9.0,89.0,0,25.0,1006.0,4.0,,,,,,,,1,1,1999-001_19990201_0300.npy,1999-02-01 03:00:00,0.0,0.0054082644628099,1,-3.932463005185127e-05,2.4902168661355972e-05,-5.838670767843723e-05,5.738437175750733e-05,94.12081146240234,81.6204833984375,98.93781280517578,105.51565551757812,290.327392578125,283.03173828125,268.3048095703125,220.57391357421875,-6.75,-9.008377075195312,-7.320648193359375,-3.7343597412109375,10.842987060546877,7.6234130859375,3.4227142333984375,8.321533203125,3.930879764828354,91.55970255533855,12.77234780278031,11.801156070815587,8.081266156639325,9.121039278913825,9.67090018093586e-05,3.0156402587890625,-2.5214538574218768,-39.8998571333769,-4.8170013427734375,12.500328063964844,-17.31732940673828,22.0225830078125,7.295654296875,14.7269287109375,-1.906207762658596e-05,0.00011577107943594456
1999-001,1999-02-01 12:00:00,9.0,88.0,0,25.0,1004.0,4.0,,,,,,,,1,1,,,,,0,-2.2523803636431697e-05,-3.429618664085865e-05,7.752655074000359e-05,3.886711783707142e-05,89.12883758544922,85.45104217529297,90.6181869506836,102.28858947753906,290.669677734375,282.85986328125,268.8005065917969,220.20945739746097,-2.8555755615234375,-1.209930419921875,-1.050445556640625,-2.00445556640625,11.27545166015625,9.535552978515623,1.18115234375,2.9935455322265625,8.325525470378887,88.39935557047527,11.631428198122974,9.612008230704472,1.58068236107453,3.602659707939485,6.139092147350311e-05,0.8511199951171875,-8.281906127929688,-84.13239112221781,-1.489349365234375,3.67779541015625,-5.167144775390625,21.869171142578125,7.809814453125,14.059356689453125,0.00010005035437643528,-3.865943290293217e-05
1999-001,1999-02-02 03:00:00,9.5,86.0,0,25.0,1006.0,4.0,,,,,,25.0,0.0,1,1,,,,,0,-1.868954859673977e-05,1.8238555639982224e-05,-7.306458428502083e-06,3.893626853823662e-05,93.26659393310548,83.81986999511719,91.30575561523438,99.06983947753906,290.617431640625,282.9541015625,268.3215637207031,221.0584259033203,4.2513885498046875,3.5924224853515625,-0.8622589111328125,1.9268035888671875,10.111373901367188,9.484100341796877,4.023284912109375,6.996551513671875,3.886619835731908,89.46407318115234,10.968782374295694,10.141679279415769,4.114646025338618,7.257017648699477,5.762581713497639e-05,-2.3245849609375,-3.1148223876953125,-126.73389755776326,1.960838317871108,9.446723937988295,-7.4858856201171875,22.295867919921875,7.663330078125,14.632537841796875,1.1383090168237686e-05,4.62427269667387e-05
1999-001,1999-02-02 06:00:00,9.5,85.5,0,30.0,1006.0,6.0,,,,,,,,1,1,,,,,0,-1.5875091776251793e-05,-2.4526380002498627e-05,2.4401117116212845e-05,4.465505480766296e-05,97.01080322265624,89.13375854492188,84.6214599609375,101.6737060546875,290.22802734375,282.54248046875,268.62921142578125,221.1377716064453,6.1520233154296875,7.459854125976563,1.563629150390625,1.2014312744140625,8.167922973632812,7.9619140625,4.4099578857421875,2.74981689453125,7.339225779396935,90.25534057617188,10.225573655144691,10.910614057855993,4.678959785462044,3.0008215642703058,6.053014658391475e-05,-4.950592041015625,-5.4181060791015625,-132.41834022675891,12.389343261718736,7.877044677734361,4.512298583984375,21.59881591796875,7.685546875,13.91326904296875,4.027620889246464e-05,2.0253937691450112e-05
1999-001,1999-02-02 09:00:00,9.5,85.5,0,30.0,1006.0,6.0,5.0,25.0,5.0,,,,,1,1,,,,,0,1.761014573276043e-05,-4.2257364839315414e-05,1.499522477388382e-05,-1.4537014067173004e-05,90.10945129394533,87.09386444091797,94.7829132080078,101.09215545654295,290.719482421875,282.41748046875,268.35980224609375,221.6911468505859,6.9159698486328125,7.5996551513671875,8.166702270507812,1.471405029296875,9.350082397460938,9.061798095703123,2.7741546630859375,1.7016448974609375,9.388390823956833,90.66207631429036,11.629904547609453,11.82670466135815,8.625019424316616,2.2495839876063712,-3.2147159799933434e-05,-5.4445648193359375,-7.6484375,-125.445284722532,-4.673461914062472,3.015586853027358,-7.6890487670898295,22.35968017578125,8.302001953125,14.05767822265625,-2.61492095887661e-06,-2.9532238841056824e-05
1999-001,1999-02-02 12:00:00,10.0,85.0,0,30.0,1004.0,6.0,0.0,30.0,0.0,,,25.0,5.0,1,1,,,,,0,-2.1720770746469498e-05,-4.36736736446619e-05,3.045797348022461e-05,-8.525070734322071e-05,94.57585144042967,87.58897399902344,99.48622131347656,102.9968490600586,290.614013671875,282.807861328125,268.78485107421875,220.293212890625,5.72119140625,8.567367553710938,10.785247802734377,-2.592132568359375,7.74951171875,4.1096649169921875,2.8612823486328125,1.3585052490234375,10.486005874636051,93.88368225097656,9.632598973589237,9.502059383646017,11.158337996538034,2.9265487803167747,-6.352993659675121e-05,-8.313323974609375,-6.3910064697265625,-142.44811719110288,-4.910369873046889,6.986877441406236,-11.897247314453125,21.82916259765625,7.80615234375,14.02301025390625,5.217874422669411e-05,-0.00011570868082344532
1999-001,1999-02-02 18:00:00,11.0,85.0,0,35.0,1002.0,10.0,5.0,30.0,5.0,30.0,5.0,,,1,1,,,,,0,-4.131835885345936e-05,3.83937731385231e-06,-2.123229205608368e-05,1.2165866792201996e-05,93.8483428955078,85.0132064819336,97.4372787475586,101.3432846069336,290.731201171875,282.282958984375,269.05572509765625,219.44091796875,0.8759002685546875,1.355255126953125,7.039886474609375,-1.6623687744140625,7.993865966796875,5.017120361328125,-4.6056671142578125,1.1596832275390625,7.290326703794756,92.099609375,8.041709667450542,5.196942676149698,8.41261975503136,2.0269028418704065,5.3484225645661354e-05,-2.53826904296875,-6.8341827392578125,-110.37539134078744,-3.5889358520507955,8.835136413574205,-12.424072265625,21.67547607421875,8.4482421875,13.22723388671875,2.008606679737568e-05,3.3398158848285675e-05
1999-005,1999-08-06 12:00:00,21.0,88.5,0,20.0,992.0,4.0,,,,,,,,1,1,,,,,0,-4.07432671636343e-05,5.309469997882843e-06,4.079192876815796e-07,1.8278369680047035e-05,94.39225769042967,88.68533325195312,90.05093383789062,50.210330963134766,292.987060546875,285.0517578125,271.190185546875,225.94918823242188,6.252044677734375,7.218841552734375,4.0051727294921875,-9.644927978515623,1.42822265625,2.1896209716796875,4.6383209228515625,-1.3104095458984375,16.131145215768303,91.04284159342448,6.413102416788035,7.543614078351566,6.128248491733219,9.733540408748258,5.9021636843681335e-05,-15.896972656249998,-2.7386322021484375,-170.2253815115422,4.341323852539048,5.706924438476548,-1.3656005859375,21.796875,7.935302734375,13.861572265625,4.115118645131588e-05,1.7870450392365456e-05
1999-005,1999-08-06 18:00:00,21.0,88.5,0,20.0,992.0,4.0,0.0,20.0,0.0,,,,,1,1,,,,,0,2.2880500182509426e-05,1.1827796697616575e-05,3.513065166771412e-05,1.8971040844917295e-06,100.90991973876952,87.0384521484375,99.41605377197266,48.36028671264648,292.590087890625,284.6142578125,271.46484375,225.9201507568359,12.277679443359377,9.580398559570312,2.9900665283203125,-9.87286376953125,2.0975494384765625,1.8595428466796875,5.629241943359375,-8.112930297851562,24.39058140086255,95.78814188639323,12.455566071469525,9.759197516130849,6.374077399958202,12.77861796242147,-2.0983396098017696e-05,-22.150543212890625,-10.210479736328125,-155.2522624922564,1.4938659667968608,13.871467590332017,-12.377601623535156,21.125244140625,7.975830078125,13.1494140625,1.2250151485204693e-05,-3.323354758322239e-05
1999-005,1999-08-07 03:00:00,22.5,87.5,0,20.0,992.0,4.0,,,,,,,,1,1,,,,,0,7.867114618420601e-06,2.62632966041565e-07,1.738104037940502e-05,3.363183350302279e-05,98.04310607910156,79.02301025390625,79.74545288085938,77.23956298828125,292.302001953125,285.464599609375,271.8946533203125,225.45603942871097,-5.4251251220703125,-5.859771728515625,-6.585296630859375,-14.595840454101562,2.03900146484375,2.8519439697265625,1.9502410888671875,-0.3829803466796875,9.485147104631714,85.60385640462239,5.795645741740379,6.5169401651979815,6.868010776135526,14.600864101399294,2.576471888460219e-05,-9.17071533203125,-2.4219818115234375,-165.2059902406497,18.297653198242188,19.020095825195312,-0.722442626953125,20.4073486328125,6.83740234375,13.5699462890625,9.51392576098442e-06,1.6250793123617768e-05
1999-005,1999-08-07 06:00:00,22.5,86.5,0,20.0,992.0,4.0,,,,20.0,0.0,,,1,1,,,,,0,1.345132477581501e-05,1.3194745406508446e-05,-4.858244210481644e-06,1.2359349057078362e-05,98.73097229003906,78.22272491455078,75.52252197265625,72.46139526367188,292.235107421875,285.537353515625,272.101806640625,225.3096160888672,-3.6087799072265625,-4.7664794921875,-6.0060882568359375,-16.486068725585938,-4.919281005859375,-4.1382293701171875,-1.0488433837890625,-0.876800537109375,13.496896519262071,84.1587397257487,6.101034177367882,6.312231702745432,6.0969802847492165,16.50936828611616,-1.0919757187366486e-06,-12.877288818359375,4.04248046875,162.57171382662142,23.208450317382812,20.50824737548828,2.7002029418945312,20.13330078125,6.69775390625,13.435546875,-1.8309568986296654e-05,1.7217593267560005e-05
1999-005,1999-08-07 12:00:00,22.5,86.0,0,20.0,992.0,4.0,0.0,20.0,0.0,,,20.0,0.0,1,1,,,,,0,-2.934969961643219e-05,7.73230567574501e-06,4.414771683514118e-05,-6.296113133430481e-05,97.89216613769533,92.86107635498048,97.67457580566406,98.96696472167967,292.60400390625,285.268798828125,271.806884765625,225.72373962402344,0.6510467529296875,-1.4886016845703125,-6.9455718994140625,-23.58436584472656,-3.2919921875,-3.1685638427734375,-2.3582763671875,-2.929534912109375,24.23812284511981,96.14260609944661,3.3557524397758134,3.5008187329590124,7.335014412662414,23.765615647383772,-3.361143171787262e-05,-24.235412597656246,0.362457275390625,179.14316606325062,0.2175903320312642,5.031089782714844,-4.8134994506835795,20.797119140625,7.335205078125,13.4619140625,7.349741645157337e-05,-0.00010710884816944599
1999-005,1999-08-07 18:00:00,22.5,86.0,0,20.0,992.0,4.0,0.0,20.0,0.0,20.0,0.0,20.0,0.0,1,1,,,,,0,-1.4889054000377657e-05,2.7835369110107425e-05,1.05986837297678e-05,-4.0471553802490234e-05,98.68565368652344,95.02163696289062,89.45985412597656,103.75255584716795,292.48291015625,285.1826171875,271.791259765625,226.083740234375,-1.2381134033203125,-0.2823333740234375,-2.8959808349609375,-24.041488647460938,-5.392181396484375,-5.2112274169921875,0.7350006103515625,-5.8929443359375,22.80887296747946,94.38904825846355,5.5324989843716725,5.218869928030256,2.987796996731575,24.753180994216702,-2.558249980211258e-05,-22.803375244140625,-0.500762939453125,-178.7419848209222,9.225799560546875,3.6640167236328125,5.5617828369140625,20.691650390625,7.30029296875,13.391357421875,2.5487737730145454e-05,-5.1070237532258034e-05
1999-006,1999-10-15 03:00:00,13.5,92.5,0,20.0,1004.0,4.0,,,,,,,,1,1,,,,,0,-1.8839258700609207e-05,2.795085310935974e-05,-6.480258889496326e-05,4.5321881771087646e-05,80.50474548339844,83.38639068603516,96.32929229736328,99.6108169555664,291.252685546875,281.54931640625,268.514404296875,221.0005798339844,-0.8896636962890625,0.3434906005859375,0.4794464111328125,-10.708465576171877,-1.0746307373046875,-2.5858612060546875,2.9850006103515625,-0.6611785888671875,9.827502889108596,86.74014282226562,1.3951102874162793,2.6085750841540847,3.023259417408194,10.728857913237293,6.416114047169685e-05,-9.818801879882814,0.4134521484375,177.58880184497235,-15.824546813964844,-2.8816452026367188,-12.942901611328125,22.73828125,9.703369140625,13.034912109375,-4.596333019435406e-05,0.00011012447066605091
1999-006,1999-10-15 06:00:00,14.0,91.5,0,20.0,1002.0,4.0,,,,,,,,1,1,,,,,0,-3.533461131155491e-05,1.670094206929207e-05,-1.0733259841799736e-05,-3.787432797253132e-05,83.84730529785156,78.28779602050781,100.55012512207033,99.24786376953124,290.772216796875,281.204833984375,268.53857421875,220.5485992431641,-1.1490020751953125,-0.7195892333984375,3.3110504150390625,-5.178466796875,-3.587554931640625,-3.789794921875,-1.5267333984375,-3.415283203125,4.033145607550876,87.56174214680989,3.767062005906208,3.857506217064658,3.6460896479426923,6.203279594205357,-2.53971666097641e-06,-4.0294647216796875,0.172271728515625,177.5519240282906,-16.702819824218764,5.55950927734375,-22.262329101562514,22.233642578125,9.5673828125,12.666259765625,2.4601351469755173e-05,-2.7141068130731583e-05
1999-006,1999-10-15 12:00:00,15.0,90.0,0,20.0,1002.0,4.0,0.0,20.0,0.0,,,,,1,1,,,,,0,-5.2756164222955704e-05,3.7337420508265495e-05,-4.996126517653465e-05,0.0003062344621866,85.25151824951172,85.14695739746094,98.9567642211914,103.28395080566406,290.89111328125,281.947265625,269.234130859375,221.25711059570312,-1.3289031982421875,-1.83514404296875,0.2050323486328125,-8.804901123046875,-6.2352294921875,-10.539932250976562,-10.594482421875,-7.9181976318359375,7.663088589515048,89.78507995605469,6.37527023196218,10.698501087237387,10.59646620583505,11.841627317368351,0.0003589906264095557,-7.4759979248046875,-1.6829681396484375,-167.31328046642997,-13.705245971679688,0.10456085205078125,-13.809806823730469,21.656982421875,8.94384765625,12.713134765625,2.794899046421051e-06,0.00035619572736313463
1999-006,1999-10-15 18:00:00,15.2,89.5,1,20.0,1002.0,4.0,0.0,20.0,0.0,20.0,0.0,,,1,1,1999-006_19991015_1800.npy,1999-10-15 18:00:00,0.0,0.0315371900826446,1,-3.2256124541163445e-05,7.89109617471695e-06,-0.0001051293220371,0.0001705209724605,96.75779724121094,81.35557556152344,100.1233901977539,101.16688537597656,290.276611328125,282.81689453125,269.3544921875,221.7173767089844,6.879150390625,7.266754150390625,8.342987060546875,-2.3136749267578125,-0.8657684326171875,-1.353240966796875,-1.2885589599609375,-2.67333984375,9.368850074702822,92.74558766682942,6.933416551437864,7.391682961033753,8.441908391219854,3.5355109371757067,0.00020277709700166344,-9.192825317382812,-1.8075714111328125,-168.87593063284538,-3.3655929565429688,15.4022216796875,-18.76781463623047,20.922119140625,7.459716796875,13.46240234375,-7.287319749593656e-05,0.00027565029449760003
1999-006,1999-10-15 21:00:00,15.3,89.0,0,30.0,1000.0,6.0,,,,,,,,1,1,,,,,0,-4.7513749450445175e-05,-3.207474946975708e-06,-4.534749314188957e-05,-3.445381298661232e-05,93.1181640625,80.25830078125,99.68457794189452,97.42328643798828,290.37744140625,282.99365234375,269.56103515625,220.83090209960935,10.31414794921875,11.915054321289062,10.980453491210938,-1.0921173095703125,2.0052947998046875,1.645721435546875,0.2658538818359375,-0.358245849609375,11.64857122377208,91.02034759521484,10.507276295619958,12.028171869518976,10.983671387980145,1.149373875910463,1.3059936463832855e-05,-11.406265258789062,-2.3635406494140625,-168.2931766089957,-6.566413879394517,12.85986328125,-19.426277160644517,20.81640625,7.3837890625,13.4326171875,2.166256308555603e-06,1.0893680155277252e-05
1999-006,1999-10-16 00:00:00,15.5,88.5,1,30.0,1000.0,8.0,10.0,20.0,10.0,20.0,10.0,,,1,1,,,,,0,1.9679078832268715e-05,1.2680888175964355e-05,-8.209096267819405e-05,-5.56230079382658e-05,88.69176483154297,77.79032897949219,95.6581573486328,93.61331939697266,291.00634765625,283.0419921875,269.5791015625,220.67298889160156,10.1802978515625,10.122512817382812,9.07147216796875,-2.8048858642578125,2.2177276611328125,1.9006500244140625,0.68798828125,3.928314208984375,13.097370059339996,87.38008371988933,10.419058514351557,10.299404655288795,9.097523573443983,4.826907626630308,-7.530208677053452e-05,-12.985183715820312,1.7105865478515625,172.49542566649882,-6.9663925170898295,10.901435852050781,-17.86782836914061,21.42724609375,7.96435546875,13.462890625,-0.00010177004151046276,2.6467954739928246e-05
1999-006,1999-10-16 03:00:00,16.0,88.5,1,35.0,998.0,10.0,5.0,30.0,5.0,,,20.0,15.0,1,1,,,,,0,-5.2677933126688e-06,4.981737583875656e-05,-2.9013026505708694e-05,-2.9327580705285072e-05,82.77710723876953,77.29448699951172,92.0385971069336,52.7868766784668,291.6259765625,282.225341796875,270.0478515625,220.29080200195312,6.9260101318359375,6.1965789794921875,3.670928955078125,-2.902435302734375,12.115936279296877,12.484298706054688,9.739334106445312,3.659423828125,12.965760390241329,84.03673044840495,13.955842083882876,13.937550187571818,10.40818659662671,4.670708023459379,-2.4059787392616272e-05,-9.828445434570312,-8.456512451171877,-139.29090182369205,-9.261489868164062,5.4826202392578125,-14.744110107421875,21.578125,9.400634765625,12.177490234375,-2.3745233193039894e-05,-3.1455419957637787e-07
1999-006,1999-10-16 06:00:00,16.5,88.0,1,35.0,998.0,10.0,5.0,30.0,5.0,20.0,15.0,20.0,15.0,1,1,,,,,0,-8.767703548073769e-06,5.334080196917057e-05,1.6511185094714165e-05,7.467856630682945e-05,87.40902709960938,75.60456085205078,91.06065368652344,36.58989715576172,291.583740234375,282.646728515625,270.0146484375,221.1898193359375,3.5311279296875,4.0269012451171875,3.3882293701171875,-5.1077728271484375,12.153121948242188,13.104263305664062,10.086654663085938,7.955291748046875,9.604810496627842,84.69141387939453,12.655719558550004,13.709035357095699,10.640521629923883,9.453888620578235,8.344626985490322e-05,-8.638900756835938,-4.1978302001953125,-154.08387268714773,-3.6516265869140625,11.804466247558594,-15.456092834472656,21.569091796875,8.93701171875,12.632080078125,2.5278888642787933e-05,5.816738121211529e-05
1999-006,1999-10-16 09:00:00,17.0,87.5,1,45.0,996.0,12.0,10.0,35.0,10.0,30.0,15.0,,,1,1,,,,,0,-5.988636985421181e-06,4.675611853599548e-05,1.213047653436661e-07,6.0916412621736526e-05,93.84415435791016,76.70475769042969,94.76228332519533,41.930511474609375,291.098876953125,283.04736328125,270.205322265625,221.54913330078125,-1.0942840576171875,-1.0373687744140625,-4.3514404296875,-4.43682861328125,12.35614013671875,11.522476196289062,8.61114501953125,10.742324829101562,3.71173866990916,88.43706512451172,12.404501468297191,11.56907911928073,9.648152795251368,11.622520848661152,6.690504960715771e-05,-3.3425445556640625,-1.6138153076171875,-154.22826595343517,-0.9181289672851705,17.13939666748047,-18.05752563476564,20.8935546875,8.051513671875,12.842041015625,6.109941750764847e-06,6.079510785639286e-05
1999-006,1999-10-16 12:00:00,17.5,86.5,1,45.0,994.0,12.0,10.0,35.0,10.0,30.0,15.0,20.0,25.0,1,1,,,,,0,-1.4557037502527235e-05,-5.192565731704235e-05,3.528222441673279e-05,-2.2157328203320503e-05,94.17039489746094,85.63233184814453,97.23216247558594,24.20029067993164,290.98583984375,283.25048828125,270.822021484375,222.39552307128903,-11.305191040039062,-8.466949462890625,-14.238601684570312,-8.376876831054688,-8.066009521484375,-5.9874420166015625,0.6567535400390625,10.942306518554688,19.232553205036144,92.34496307373047,13.887687138341507,10.370086552643118,14.253739970414866,13.780643576722577,-7.600290700793268e-06,2.928314208984375,19.008316040039062,81.24218386456184,-3.061767578125,8.538063049316406,-11.599830627441406,20.163818359375,7.7353515625,12.428466796875,4.9839261919260025e-05,-5.743955262005329e-05
1999-006,1999-10-16 15:00:00,17.6,86.0,0,55.0,992.0,16.0,10.0,45.0,10.0,35.0,20.0,,,1,1,,,,,0,-2.4623703211545944e-05,-3.946106880903244e-05,5.152984522283077e-05,-7.253559306263924e-05,91.41644287109376,87.73680877685547,98.7917251586914,43.70913314819336,291.5712890625,283.4912109375,270.66748046875,222.2177734375,-9.4229736328125,-6.8270111083984375,-11.793106079101562,-3.564727783203125,-8.690185546875,-8.13525390625,-2.7057037353515625,11.023666381835938,20.56586984062686,92.64832560221355,12.81841475861172,10.62028421433963,12.099511713141057,11.58570259700982,-4.791188985109329e-05,5.858245849609375,19.713851928710938,73.44994936088536,-7.375282287597642,3.6796340942382955,-11.054916381835938,20.90380859375,8.080078125,12.82373046875,7.615354843437672e-05,-0.00012406543828547
1999-006,1999-10-16 18:00:00,17.6,86.0,1,55.0,992.0,16.0,10.0,45.0,10.0,35.0,20.0,20.0,35.0,1,1,,,,,0,-6.987247616052628e-07,7.726484909653664e-06,2.396106719970703e-05,-5.878857336938381e-05,92.54925537109376,77.74349975585938,87.07124328613281,77.37236022949219,291.70947265625,284.327880859375,271.10498046875,221.73594665527344,-8.284591674804688,-7.1594085693359375,-7.233749389648437,1.6204681396484375,3.909698486328125,5.4166412353515625,9.429931640625,12.022003173828123,12.80311279614175,85.78799947102864,9.160796988921847,8.977590619714833,11.884895497188843,12.13072451682706,-5.808984860777855e-05,9.905059814453125,8.112304687499998,39.317686362123304,5.478012084960952,14.80575561523439,-9.327743530273438,20.6044921875,7.381591796875,13.222900390625,2.4659791961312294e-05,-8.274964056909084e-05
1999-007,1999-10-25 06:00:00,12.0,98.5,0,25.0,1004.0,2.0,,,,,,,,1,1,,,,,0,-1.5218742191791534e-05,9.496277198195456e-05,0.0001095405314117,1.774023985490203e-06,99.8122329711914,95.60091400146484,97.5832061767578,92.07918548583984,290.566162109375,283.68408203125,269.519287109375,221.51126098632812,-2.73870849609375,-0.131011962890625,5.4989166259765625,-0.846923828125,4.323211669921875,6.511932373046875,6.8459014892578125,4.1213531494140625,1.9025236114863953,97.66545104980469,5.117683398719071,6.513250138414489,8.780914033291968,4.20747332170165,1.6992766177281737e-05,1.89178466796875,-0.2018585205078125,-6.090569137662025,2.229026794433608,4.2113189697265625,-1.9822921752929545,21.046875,6.882080078125,14.164794921875,0.00012475927360349154,-0.0001077665074262098
1999-007,1999-10-25 09:00:00,12.5,98.5,0,25.0,1004.0,2.0,,,,,,,,1,1,,,,,0,-4.051323048770428e-05,-9.41101461648941e-06,-8.028605952858925e-05,-2.239132300019264e-06,98.8580322265625,84.65313720703125,93.2689971923828,92.00308990478516,290.831298828125,284.012451171875,269.894287109375,221.82513427734375,-5.0933074951171875,-5.3887481689453125,-0.0132904052734375,-1.818145751953125,13.28485107421875,14.694442749023438,7.9066925048828125,3.875946044921875,9.962639122953991,92.26005554199219,14.22775629900892,15.65136589990276,7.906703674834563,4.281192791558296,3.827409818768501e-05,3.2751617431640625,-9.408905029296875,-70.80741707602704,5.589035034179702,14.20489501953125,-8.615859985351548,20.93701171875,6.81884765625,14.1181640625,-3.977282904088497e-05,7.804692722856998e-05
1999-007,1999-10-25 12:00:00,12.5,98.0,0,25.0,1002.0,4.0,0.0,25.0,0.0,,,,,1,1,,,,,0,-4.071509465575218e-05,-7.146503776311874e-06,7.861992344260216e-06,-7.837777957320213e-06,95.52750396728516,75.67809295654297,92.05088806152344,103.6698989868164,291.6826171875,284.54150390625,270.109375,221.23681640625,1.6191253662109375,5.2447662353515625,3.2957305908203125,-4.6790771484375,12.804214477539062,14.335861206054688,5.431671142578125,5.41094970703125,9.712245820733528,87.75216166178386,12.906179734465526,15.26513967780012,6.353337038784009,7.153470464959758,3.287731669843197e-05,-6.2982025146484375,-7.3932647705078125,-130.42713960235247,3.4766159057617188,19.849411010742188,-16.37279510498047,21.5732421875,7.14111328125,14.43212890625,4.85770870000124e-05,-1.569977030158043e-05
1999-007,1999-10-25 18:00:00,12.5,98.0,0,25.0,1002.0,4.0,0.0,25.0,0.0,25.0,0.0,,,1,1,,,,,0,-3.5443808883428574e-05,-1.401081681251526e-05,3.4539494663476944e-05,2.8607610147446394e-06,96.18019104003906,77.40367126464844,98.08062744140624,101.5084991455078,291.02587890625,283.2578125,269.564208984375,220.6960601806641,3.862884521484375,4.5017852783203125,-1.6990203857421875,-7.132965087890625,14.550399780273438,11.853500366210938,11.779037475585938,5.637054443359375,14.15473184935271,90.55482991536458,15.054434914406613,12.679571823364713,11.900940892317106,9.091511081358489,3.830456989817321e-05,-10.995849609375,-8.913345336914062,-140.9714306786968,-1.9004364013671733,18.776519775390625,-20.6769561767578,21.461669921875,7.76806640625,13.693603515625,6.998330354690552e-05,-3.1678733648732305e-05
1999-007,1999-10-26 00:00:00,13.5,96.5,0,30.0,1002.0,4.0,5.0,25.0,5.0,25.0,5.0,,,1,1,,,,,0,-2.593686804175377e-05,6.507267244160175e-05,1.27316452562809e-05,-7.35740177333355e-05,87.38163757324219,75.71249389648438,69.076416015625,95.87235260009766,292.754150390625,283.398681640625,270.3701171875,221.8393096923828,3.99139404296875,-0.455810546875,1.7106170654296875,4.4556427001953125,14.3270263671875,12.425323486328123,22.911819458007812,5.21136474609375,9.127475752146276,77.39018249511719,14.872622866607365,12.433681152198641,22.975588819895012,6.85646223563089,-4.7637149691581726e-05,0.4642486572265625,-9.11566162109375,-87.08452022179392,18.305221557617188,11.669143676757812,6.636077880859375,22.384033203125,9.35546875,13.028564453125,3.866851329803467e-05,-8.63056629896164e-05
1999-007,1999-10-26 03:00:00,13.5,95.5,0,35.0,1002.0,6.0,,,,,,,,1,1,,,,,0,4.6574510633945465e-05,-2.4172477424144745e-06,-8.732150308787823e-05,7.016141898930073e-05,84.64180755615234,72.34778594970703,97.99246978759766,96.60391998291016,293.747802734375,284.785400390625,269.55810546875,222.17784118652344,4.852630615234375,5.1195068359375,4.4093780517578125,-0.1536102294921875,10.142715454101562,4.4647674560546875,3.38262939453125,3.3050689697265625,8.474423687820567,84.99402109781902,11.243784979746838,6.792900608713176,5.557409146722092,3.3086367279068343,2.3586908355355263e-05,-5.0062408447265625,-6.837646484375,-126.2100394974019,-13.350662231445312,12.294021606445312,-25.644683837890625,24.189697265625,8.96240234375,15.227294921875,-0.0001338960137218237,0.00015748292207717896
1999-007,1999-10-26 06:00:00,13.5,95.0,0,35.0,1002.0,6.0,5.0,30.0,5.0,25.0,10.0,25.0,10.0,1,1,,,,,0,4.520174115896225e-05,5.380995571613312e-05,-0.0001247432082891,0.0001388010859955,79.80635070800781,70.28426361083984,85.904052734375,100.620849609375,292.91650390625,285.468505859375,270.525390625,222.5357360839844,20.808425903320312,11.345016479492188,7.52105712890625,0.06512451171875,11.95343017578125,7.970138549804688,5.749969482421875,5.5197296142578125,21.71812734878784,78.66488901774089,23.997397390993246,13.864793811053667,9.467230291117588,5.52011378655742,9.359934483653775e-05,-20.743301391601562,-6.4337005615234375,-162.76830592338146,-6.0977020263671875,9.522087097167969,-15.619789123535156,22.39111328125,7.447998046875,14.943115234375,-0.00016994494944806224,0.0002635442942846
1999-007,1999-10-26 09:00:00,14.0,94.5,0,35.0,1002.0,6.0,0.0,35.0,0.0,,,25.0,10.0,1,1,,,,,0,4.051346331834793e-05,-5.049165338277817e-06,1.9745435565710068e-05,1.731423253659159e-05,91.0274887084961,69.6768798828125,76.29299926757812,95.40885925292967,293.2021484375,286.072021484375,270.90673828125,222.5209045410156,13.616668701171877,9.945892333984377,3.637649536132813,2.2521820068359375,3.993850708007813,12.2279052734375,14.068130493164062,3.51275634765625,11.374665252626146,78.9991226196289,14.190296332188709,15.762057026142553,14.530822059347496,4.1727426172620365,-2.319923078175634e-05,-11.36448669433594,-0.48109436035156294,-177.5759373342626,14.734489440917969,21.350608825683594,-6.616119384765625,22.29541015625,7.130126953125,15.165283203125,-2.0768027752637863e-05,-2.4312030291184783e-06
1999-007,1999-10-26 12:00:00,14.5,94.0,0,45.0,998.0,10.0,10.0,35.0,10.0,30.0,15.0,25.0,20.0,1,1,,,,,0,9.841402061283588e-05,4.1781459003686905e-06,-7.441523484885693e-05,-5.0073955208063126e-05,91.08782958984376,76.26681518554688,85.25929260253906,99.04188537597656,293.197021484375,284.72900390625,271.281982421875,222.93170166015625,4.828338623046875,10.108062744140623,5.755950927734375,-0.109649658203125,-8.110763549804688,-7.1717071533203125,8.4332275390625,4.799713134765625,13.822595143047344,84.20464579264323,9.439138690561048,12.393801512549302,10.210303512045485,4.800965447031016,-0.000148487975820899,-4.93798828125,12.910476684570312,110.93081090322539,5.828536987304702,14.82101440429689,-8.992477416992188,21.9150390625,8.468017578125,13.447021484375,-0.0001728292554616928,2.43412796407938e-05
1999-007,1999-10-26 15:00:00,15.0,93.5,0,45.0,998.0,10.0,10.0,35.0,10.0,35.0,10.0,,,1,1,,,,,0,1.3639219105243685e-06,-7.734098471701145e-05,2.6841647922992703e-05,1.0503092198632658e-05,100.1015625,98.2268524169922,94.05956268310548,97.2102279663086,292.546630859375,285.462646484375,271.473876953125,222.88832092285156,7.993072509765625,9.031112670898438,5.0357513427734375,0.4161529541015625,-4.0874176025390625,-1.2850494384765625,1.8913116455078125,3.3034210205078125,10.58462117909403,97.46265920003255,8.977538126007437,9.122080252540604,5.379205454960607,3.329530555489818,9.13917028810829e-06,-7.5769195556640625,7.390838623046875,135.7122711852267,6.041999816894517,1.8747100830077983,4.167289733886719,21.07275390625,7.083984375,13.98876953125,2.5477726012468335e-05,-1.6338555724360045e-05
1999-007,1999-10-26 18:00:00,15.0,93.5,0,45.0,998.0,10.0,0.0,45.0,0.0,35.0,10.0,25.0,20.0,1,1,,,,,0,-1.5174038708209991e-05,4.363246262073517e-05,7.255794480443001e-05,-8.0424128100276e-05,85.59407806396484,67.43650817871094,92.29234313964844,100.18846893310548,293.601806640625,284.629150390625,270.33837890625,222.1702117919922,14.71087646484375,11.900772094726562,4.8555908203125,-3.7258148193359375,1.1445159912109375,2.4982757568359375,15.45367431640625,8.75048828125,19.94398154795048,81.77430979410808,14.755331348974556,12.160170977737797,16.198543517608528,9.510664604972508,-6.5250089392066e-05,-18.436691284179688,7.6059722900390625,157.58162929009515,-6.698265075683594,18.157569885253906,-24.8558349609375,23.263427734375,8.97265625,14.290771484375,8.773198351264e-05,-0.000152982072904706
1999-007,1999-10-26 21:00:00,15.0,93.0,0,45.0,998.0,10.0,0.0,45.0,0.0,35.0,10.0,,,1,1,,,,,0,2.3844419047236443e-05,-2.3366417735815048e-05,9.669503197073936e-05,-4.381313920021057e-05,99.54593658447266,78.40816497802734,98.91880798339844,99.63128662109376,291.00439453125,283.5830078125,270.442626953125,222.16873168945312,14.346450805664062,12.005706787109377,10.496673583984377,-1.381927490234375,1.8810577392578125,4.2569732666015625,7.1000213623046875,7.131439208984375,16.5815677605146,92.29096984863281,14.46924424210749,12.738085289815128,12.672429114968383,7.264099997914757,-6.765755824744701e-05,-15.728378295898438,5.2503814697265625,161.54017486774447,0.6271286010742188,21.137771606445312,-20.510643005371094,20.561767578125,7.42138671875,13.140380859375,7.285061292350292e-05,-0.00014050817117094994
1999-007,1999-10-27 00:00:00,15.5,93.0,0,45.0,998.0,10.0,0.0,45.0,0.0,45.0,0.0,30.0,15.0,1,1,,,,,0,-3.307615406811237e-05,-9.328359737992288e-06,0.0001279478892683,1.5863683074712753e-05,92.98479461669922,76.88182830810547,96.2669906616211,102.94808959960938,292.032958984375,284.47900390625,270.181884765625,222.48953247070312,15.952606201171877,13.350906372070312,5.0927734375,-3.9576568603515625,11.596832275390623,10.785629272460938,14.942535400390623,3.63861083984375,21.441825099470016,88.7112045288086,19.722377225710115,17.163231040767176,15.786567248063543,5.376107947959771,4.893983714282513e-05,-19.910263061523438,-7.958221435546873,-158.21318836671338,-3.282196044921875,16.10296630859375,-19.385162353515625,21.85107421875,7.553955078125,14.297119140625,0.00016102404333641238,-0.00011208420619358725
1999-007,1999-10-27 03:00:00,16.0,92.0,0,55.0,992.0,16.0,10.0,45.0,10.0,45.0,10.0,35.0,20.0,1,1,,,,,0,2.964213490486145e-05,0.0001007991377264,-5.947868339717388e-05,-9.795231744647026e-05,87.99249267578125,63.91028594970703,73.11875915527344,91.17367553710938,293.152099609375,287.138427734375,271.02197265625,222.8056640625,25.362396240234375,17.187728881835938,5.3424224853515625,4.2906341552734375,3.641204833984375,11.764633178710938,22.227630615234375,1.6721649169921875,21.163560087090875,75.0071792602539,25.622441641843697,20.828456926645416,22.860643927485825,4.604962210921876,-0.0001275944523513317,-21.071762084960938,-1.9690399169921875,-174.6615277650572,14.873733520507812,24.08220672607422,-9.208473205566406,22.130126953125,6.013671875,16.116455078125,-8.912081830203533e-05,-3.847363404929638e-05
1999-007,1999-10-27 06:00:00,16.5,91.5,1,55.0,992.0,16.0,10.0,45.0,10.0,45.0,10.0,35.0,20.0,1,1,1999-007_19991027_0600.npy,1999-10-27 06:00:00,0.0,0.0407140495867768,1,0.0001047456171363,-1.8009217455983162e-05,-6.679166108369827e-05,2.3450033040717244e-05,88.22945404052734,78.61211395263672,84.88430786132812,97.83529663085938,293.780517578125,286.666015625,271.9208984375,224.8029937744141,21.548812866210938,18.26548767089844,7.86798095703125,10.419174194335938,5.96551513671875,7.497589111328125,14.787261962890623,2.6240692138671875,11.620418143158052,83.90862528483073,22.359309175137735,19.744413952762663,16.750171363283368,10.744530242457392,-8.129558409558276e-05,-11.129638671875,-3.3414459228515625,-163.28869254862622,3.3451461791992188,9.617340087890625,-6.272193908691406,21.859619140625,7.114501953125,14.7451171875,-0.0001715372782199983,9.024169412441552e-05
1999-007,1999-10-27 09:00:00,16.5,91.0,1,55.0,992.0,16.0,0.0,55.0,0.0,45.0,10.0,35.0,20.0,1,1,,,,,0,2.712407149374485e-05,8.441251702606678e-05,-7.402850314974785e-05,-1.39540497912094e-05,96.06253051757812,93.15931701660156,83.79180145263672,96.8418197631836,293.231689453125,286.379638671875,271.700927734375,224.3211212158203,22.764846801757812,18.96160888671875,11.969863891601562,9.31695556640625,-1.7526702880859375,-1.9017791748046875,5.6201324462890625,3.828689575195313,14.560129003593762,91.00454966227214,22.832216341087918,19.056740949139552,13.22359747940393,10.072960085774076,-4.107812128495425e-05,-13.447891235351562,5.58135986328125,157.4597871950399,12.270729064941406,2.9032135009765625,9.367515563964844,21.53076171875,6.85205078125,14.6787109375,-0.0001011525746434927,6.007445335853845e-05
1999-007,1999-10-27 12:00:00,17.0,90.5,1,55.0,992.0,16.0,0.0,55.0,0.0,45.0,10.0,45.0,10.0,1,1,,,,,0,-4.504481330513954e-05,-1.0976102203130722e-05,2.5604618713259697e-05,3.817514516413212e-05,96.01776123046876,94.18394470214844,85.3856201171875,98.26408386230467,293.49267578125,286.245849609375,272.2373046875,226.3083953857422,10.13543701171875,8.5794677734375,6.3865509033203125,5.88336181640625,-10.848709106445312,-7.291412353515625,0.8072509765625,5.2707061767578125,16.670803596076414,91.86244201660156,14.846601385326803,11.259305546278283,6.437366432001724,7.89900562504294,8.321995846927166e-05,-4.2520751953125,16.119415283203125,104.77721165672487,10.632141113281264,1.8338165283203267,8.798324584960938,21.25537109375,7.246826171875,14.008544921875,7.064943201839924e-05,1.2570526450872421e-05
1999-007,1999-10-27 15:00:00,17.0,90.5,1,65.0,986.0,20.0,10.0,55.0,10.0,55.0,10.0,45.0,20.0,1,1,,,,,0,5.9064244851469994e-05,7.069110870361328e-05,-0.0001548738218843,-3.771018236875534e-05,93.09213256835938,77.16071319580078,78.59233093261719,97.28254699707033,293.992431640625,287.934326171875,271.889404296875,225.679443359375,13.577362060546877,9.570510864257812,4.6314697265625,3.9327545166015625,11.5126953125,11.511886596679688,20.650161743164062,11.24737548828125,9.64825628213981,82.94839223225911,17.80131775688635,14.970578185818017,21.163168284708732,11.91511701420678,-9.677442722022533e-05,-9.644607543945314,-0.26531982421875,-178.42421031317747,14.499801635742188,15.931419372558594,-1.4316177368164062,22.10302734375,6.05810546875,16.044921875,-0.00021393806673576998,0.00011716363951554465
1999-007,1999-10-27 18:00:00,17.0,90.5,1,65.0,986.0,20.0,10.0,55.0,10.0,55.0,10.0,45.0,20.0,1,1,,,,,0,3.7339283153414726e-05,2.8961803764104843e-05,-3.567780368030071e-05,-8.263089694082737e-05,88.4009780883789,80.91321563720703,73.36321258544922,100.09910583496094,293.240478515625,286.05419921875,271.664306640625,224.4679718017578,15.48529052734375,10.21124267578125,-2.0828857421875,2.8558502197265625,24.83192443847656,24.56280517578125,29.021316528320312,15.111602783203123,15.936982636799334,80.89246877034505,29.264632135642017,26.600768317608466,29.09596580373241,15.379090322734458,-0.0001199701800942421,-12.629440307617188,-9.720321655273436,-142.41611254194584,15.037765502929688,7.487762451171875,7.5500030517578125,21.576171875,7.186279296875,14.389892578125,-7.301708683371544e-05,-4.695309326052666e-05
1999-007,1999-10-27 21:00:00,17.0,90.0,1,65.0,986.0,20.0,0.0,65.0,0.0,55.0,10.0,45.0,20.0,1,1,,,,,0,0.0001792283728718,-2.451031468808651e-05,3.5278499126434326e-06,-0.0001708413037704,94.49632263183594,76.81623077392578,78.6221923828125,99.5658187866211,292.973876953125,286.1064453125,270.845703125,224.39886474609375,22.321929931640625,15.00872802734375,2.6167755126953125,6.376678466796875,20.30015563964844,21.097152709960938,27.02159118652344,14.37713623046875,17.00979727094421,83.31158192952473,30.172253393921775,25.891152339480488,27.148000006178044,15.72781213196445,-0.0003500696766422,-15.94525146484375,-5.923019409179691,-159.62199406960613,15.874130249023438,17.680091857910156,-1.8059616088867188,22.128173828125,6.867431640625,15.2607421875,-0.00017570052295915657,-0.00017436915368304343
1999-007,1999-10-28 00:00:00,17.5,90.0,1,65.0,986.0,20.0,0.0,65.0,0.0,55.0,10.0,45.0,20.0,1,1,,,,,0,-4.2532337829470634e-05,-1.7541460692882538e-06,7.723341695964336e-05,-5.881371907889843e-05,99.42372131347656,96.90552520751952,65.989013671875,94.86256408691406,291.7392578125,284.532958984375,272.275146484375,223.5983428955078,8.709213256835938,1.5058135986328125,0.199859619140625,-8.078506469726562,29.408660888671875,29.16273498535156,31.6494140625,14.873687744140623,22.20569697014395,87.43942006429036,30.671154703042166,29.201585340862493,31.650045092652487,16.92598162268921,-1.6281381249427795e-05,-16.7877197265625,-14.534973144531252,-139.1136633404591,33.43470764160156,2.5181961059570455,30.916511535644517,19.464111328125,7.206298828125,12.2578125,0.000119765754789114,-0.0001360471360385418
1999-007,1999-10-28 03:00:00,18.0,89.0,1,77.0,978.0,30.0,12.0,65.0,12.0,65.0,12.0,55.0,22.0,1,1,,,,,0,5.890289321541786e-05,4.589906893670559e-05,-4.720874130725861e-06,-8.044298738241196e-06,96.09963989257812,88.8768081665039,71.968017578125,98.6586685180664,293.50830078125,287.8046875,273.87841796875,224.21484375,-15.97796630859375,-13.8475341796875,-9.87725830078125,-10.069427490234377,18.409408569335938,18.64019775390625,19.281036376953125,9.794174194335938,10.44667862548864,85.64815521240234,24.376253428927434,23.220921066192556,21.663762261198812,14.047035919726405,-6.694719195365906e-05,5.908538818359373,-8.615234375,-55.55671566826765,24.131622314453125,7.222831726074219,16.908790588378906,19.6298828125,5.70361328125,13.92626953125,-6.362376734614372e-05,-3.323424607515335e-06
1999-007,1999-10-28 06:00:00,18.0,88.5,1,90.0,968.0,40.0,25.0,65.0,25.0,65.0,25.0,55.0,35.0,1,1,,,,,0,7.904600352048874e-05,1.5117693692445757e-05,-4.534237086772919e-05,2.0299499738030136e-05,95.8281021118164,93.88763427734376,88.6448974609375,95.20682525634766,293.17724609375,286.7333984375,274.202392578125,225.685791015625,-9.190628051757812,-10.039306640625,-10.3582763671875,-5.1747283935546875,21.06944274902344,19.050064086914062,14.271820068359377,9.601608276367188,12.150665724848126,92.78687795003255,22.986714896655723,21.533523156697562,17.634589231469512,10.907277178098298,-5.87465037824586e-05,4.015899658203125,-11.467834472656254,-70.70035095911062,7.183204650878906,1.940467834472642,5.242736816406264,18.974853515625,6.44384765625,12.531005859375,-0.00012438837438821793,6.564187060575932e-05
1999-008,1999-12-08 18:00:00,10.5,87.0,0,25.0,998.0,2.0,,,,,,,,1,1,,,,,0,-2.697971649467945e-05,-5.441694520413875e-05,-1.9771046936511993e-05,0.0001630706246942,91.15716552734376,92.46680450439452,93.6796646118164,105.85823822021484,290.59326171875,282.342041015625,267.6786804199219,219.6295623779297,-2.9240264892578125,-3.603103637695313,-8.286239624023438,-3.038909912109375,-0.9035797119140624,0.661102294921875,-1.752655029296875,10.683547973632812,11.587697191505004,92.43454488118489,3.060455391876194,3.66325157043905,8.469567093922553,11.107347602322994,0.00019005034118887946,-0.1148834228515625,11.587127685546875,90.56805446274439,-2.522499084472642,-1.3096389770507528,-1.2128601074218892,22.914581298828125,8.251220703125,14.663360595703125,7.208669558167458e-06,0.000182841671630712
1999-008,1999-12-08 21:00:00,10.5,87.0,0,25.0,998.0,2.0,0.0,25.0,0.0,,,,,1,1,,,,,0,1.4846213161945345e-05,3.2105715945363045e-05,-4.367181099951267e-05,-8.35806131362915e-05,94.93344116210938,77.76142883300781,92.2895050048828,101.30882263183594,290.322509765625,282.72900390625,267.7608642578125,219.52061462402344,-0.8707275390625,-2.3558807373046875,-9.415679931640623,-2.65185546875,-0.0821685791015625,2.7639923095703125,1.570526123046875,9.245193481445312,9.495899099634649,88.328125,0.8745959768221022,3.631780215784968,9.545762456622972,9.618000828472525,-9.842682629823685e-05,-1.7811279296875,9.327362060546875,100.8108962859674,2.6439361572265767,17.172012329101562,-14.528076171874986,22.5616455078125,7.593505859375,14.9681396484375,-5.8518024161458015e-05,-3.990880213677883e-05
1999-008,1999-12-09 03:00:00,10.5,85.5,0,25.0,998.0,2.0,0.0,25.0,0.0,25.0,0.0,,,1,1,,,,,0,-1.028762198984623e-05,-2.5296583771705627e-05,-1.258915290236473e-06,3.92659567296505e-05,88.26646423339844,85.33496856689453,89.93087005615234,103.62030029296876,290.26708984375,282.1767578125,267.6123962402344,219.05433654785156,1.5434722900390625,-1.6027374267578125,-4.921478271484375,-2.8645172119140625,-3.9372711181640625,-5.5406494140625,-4.2054901123046875,-0.945648193359375,5.327305057301103,87.84410095214844,4.228996401990349,5.767804017880755,6.473568989466732,3.0165724527940254,4.955357871949673e-05,-4.407989501953125,2.9916229248046875,145.83596964764024,-1.6644058227539062,2.9314956665039062,-4.5959014892578125,22.654693603515625,8.09033203125,14.564361572265625,9.028706699609756e-06,4.052487201988697e-05
1999-008,1999-12-09 06:00:00,10.5,85.0,0,25.0,998.0,2.0,,,,25.0,0.0,,,1,1,,,,,0,6.047077476978302e-06,-1.1673662811517715e-05,6.298767402768135e-06,-1.9497238099575043e-06,87.3364028930664,92.1603546142578,84.62650299072266,103.57584381103516,290.689697265625,281.830078125,267.80206298828125,219.61831665039065,2.2069091796875,-0.419036865234375,-1.8011474609375,-1.975830078125,-4.348876953125,-4.849456787109375,-4.68902587890625,-0.9672088623046876,5.378753273326279,88.0410868326823,4.8768000656999195,4.8675274035660685,5.02305642702669,2.199863059588976,-7.996801286935806e-06,-4.1827392578125,3.3816680908203125,141.04509526418985,2.70989990234375,-4.823951721191392,7.533851623535142,22.88763427734375,8.859619140625,14.02801513671875,2.5168992578983307e-07,-8.24849121272564e-06
1999-008,1999-12-09 09:00:00,10.5,85.0,0,25.0,998.0,2.0,0.0,25.0,0.0,25.0,0.0,,,1,1,,,,,0,1.0873191058635712e-05,-2.719927579164505e-06,-7.924623787403107e-06,-6.75334595143795e-05,83.01583862304688,88.73319244384766,80.64605712890625,70.2378158569336,290.98095703125,282.162109375,268.22979736328125,219.36767578125,3.7397308349609375,1.4131317138671875,-1.1435699462890625,-5.7664031982421875,-5.579620361328125,-5.1164703369140625,-0.7475433349609375,4.6730499267578125,13.981553286148964,84.13169606526692,6.716974772507712,5.3080325874337575,1.3662259182507444,7.422183065828337,-7.840665057301521e-05,-9.506134033203125,10.252670288085938,132.83625364294073,2.369781494140625,-5.717353820800781,8.087135314941406,22.75115966796875,8.81884765625,13.93231201171875,-1.879781484603882e-05,-5.9608835726976395e-05
2000-001,2000-03-27 12:00:00,7.5,90.0,0,25.0,1004.0,4.0,,,,,,,,1,1,,,,,0,1.3619428500533104e-05,-4.746951162815094e-06,2.0314473658800125e-05,5.440576933324337e-05,81.77247619628906,80.99186706542969,91.08684539794922,99.58595275878906,290.582275390625,281.941650390625,267.700927734375,219.3701171875,0.24920654296875,0.1239166259765625,4.3319244384765625,-2.092498779296875,7.6753082275390625,8.148590087890625,4.9296417236328125,4.560150146484375,3.8971519968160697,84.61706288655598,7.679352856119275,8.14953224121868,6.562540427612768,5.017322044660914,4.0786340832710266e-05,-2.341705322265625,-3.1151580810546875,-126.93266634876886,-9.314369201660156,0.780609130859375,-10.094978332519531,22.88134765625,8.640625,14.24072265625,6.695045158267021e-06,3.4091295674443245e-05
2000-001,2000-03-27 18:00:00,8.5,89.0,0,25.0,1006.0,4.0,0.0,25.0,0.0,,,,,1,1,,,,,0,-3.623776137828827e-06,-1.979735679924488e-05,-4.870770499110222e-05,-0.0001717925042612,82.08126068115234,86.63175964355469,92.57190704345705,84.72593688964844,290.715576171875,281.580322265625,267.725830078125,218.07923889160156,1.4639129638671875,4.7127685546875,2.5819854736328125,-8.893630981445312,7.2781982421875,8.719940185546875,10.868759155273438,5.09173583984375,10.585808160737772,87.09497578938802,7.4239619354061634,9.911989925820475,11.171238720992003,10.24804595505276,-0.00016816872812337117,-10.3575439453125,-2.18646240234375,-168.07995101530486,-10.490646362304702,-4.550498962402344,-5.940147399902358,22.98974609375,9.13525390625,13.8544921875,-4.508392885327339e-05,-0.00012308479927009778
2000-001,2000-03-28 00:00:00,9.5,89.0,0,25.0,1004.0,4.0,0.0,25.0,0.0,25.0,0.0,,,1,1,,,,,0,-2.2484688088297844e-05,-1.783575862646103e-05,4.8876041546463966e-05,-8.28795600682497e-06,98.89128875732422,78.58303833007812,91.3428955078125,97.50994110107422,289.0625,281.683349609375,267.70062255859375,219.14926147460935,0.3679656982421875,2.53619384765625,2.5537109375,-4.6618499755859375,6.0049896240234375,9.586517333984377,12.103973388671877,2.6060791015625,6.070555036599434,89.60574086507161,6.016252915204945,9.916329655052435,12.370432949011288,5.340832657785808,1.4196732081472874e-05,-5.029815673828125,-3.3989105224609375,-145.95104066528222,7.548393249511719,20.308250427246094,-12.759857177734375,21.36187744140625,7.379150390625,13.98272705078125,7.136072963476181e-05,-5.716399755328894e-05
2000-001,2000-03-28 03:00:00,10.0,88.5,0,25.0,1006.0,4.0,,,,,,,,1,1,,,,,0,-2.9902206733822823e-05,-2.7239788323640823e-05,5.571357905864715e-05,2.202182076871395e-05,89.2081069946289,83.73301696777344,92.19951629638672,91.03174591064452,289.677978515625,281.326416015625,267.69384765625,218.80332946777344,-1.3589630126953125,1.55792236328125,-0.0856475830078125,-6.1836700439453125,4.6732025146484375,3.39715576171875,6.03875732421875,5.959197998046875,4.993153544676387,88.38021341959636,4.866785614015723,3.7373505802092923,6.039364662717484,8.587771305310389,5.1924027502536774e-05,-4.82470703125,1.2859954833984375,165.07515830721903,-2.9914093017578125,5.475090026855469,-8.466499328613281,21.984130859375,8.3515625,13.632568359375,8.561578579246998e-05,-3.36917582899332e-05
2000-001,2000-03-28 12:00:00,12.0,88.0,0,25.0,1004.0,4.0,,,,25.0,0.0,25.0,0.0,1,1,,,,,0,2.512708306312561e-06,-2.4623004719614983e-05,-8.967379108071327e-05,1.1374475434422491e-05,86.35675048828125,78.51892852783203,98.81454467773438,87.61276245117188,290.594482421875,282.60986328125,268.507080078125,219.7302093505859,-4.509735107421875,-2.9749755859375,-5.7299957275390625,-5.1214141845703125,1.5474700927734375,-4.2836456298828125,6.2662506103515625,11.384475708007812,9.856004807607077,87.89674123128255,4.767847987000175,5.21537147472146,8.49109814743342,12.483395787851077,8.86176712810993e-06,-0.6116790771484375,9.837005615234375,93.55815232700188,-12.457794189453125,7.837821960449219,-20.295616149902344,22.08740234375,7.984619140625,14.102783203125,-9.218649938702583e-05,0.00010104826651513577
2000-001,2000-03-28 18:00:00,12.0,88.0,0,25.0,1004.0,4.0,0.0,25.0,0.0,,,25.0,0.0,1,1,,,,,0,-2.418062649667263e-05,-2.5931047275662426e-05,6.409594789147377e-06,5.171759403310716e-05,91.9305419921875,81.13294219970703,90.58659362792967,102.77580261230467,290.152587890625,282.701904296875,268.512939453125,218.88052368164065,-3.689208984375,-3.458648681640625,0.8627166748046875,-7.1596832275390625,0.7573394775390625,-4.264801025390625,5.5432891845703125,10.666275024414062,10.499104492507357,87.88335927327473,3.7661420598050146,5.490972453872571,5.610020948691748,12.846419221524082,7.589822052977979e-05,-3.4704742431640625,9.908935546875,109.3021341957038,1.3439483642578267,10.797599792480469,-9.453651428222642,21.6396484375,7.45068359375,14.18896484375,3.059022128582001e-05,4.5307999243959785e-05
2000-001,2000-03-29 00:00:00,12.5,88.0,0,25.0,1004.0,4.0,0.0,25.0,0.0,25.0,0.0,25.0,0.0,1,1,,,,,0,-5.5765267461538315e-06,-7.72508792579174e-06,-2.290494740009308e-05,6.617582403123379e-05,95.13192749023438,94.73920440673828,93.58258819580078,99.98793029785156,290.32080078125,282.55908203125,268.78759765625,219.36048889160156,-6.339996337890625,-5.4593505859375,-0.909637451171875,-7.205841064453125,1.2627716064453125,-1.10992431640625,0.6856842041015625,13.284408569335938,12.05277737113128,94.48457336425781,6.464529812330593,5.5710358828790545,1.1391238388906004,15.112897024832963,7.175235077738762e-05,-0.8658447265625,12.021636962890625,94.11954986597439,1.5493392944335938,0.39272308349609375,1.1566162109375,21.533203125,7.76171875,13.771484375,-1.7328420653939247e-05,8.908077143132687e-05
2000-001,2000-03-29 03:00:00,13.0,88.0,0,30.0,1002.0,6.0,,,,,,25.0,5.0,1,1,,,,,0,-3.3920397982001305e-05,1.2214761227369308e-05,3.453157842159271e-05,6.724242120981216e-05,95.4698715209961,87.60596466064453,99.3263168334961,100.23612213134766,290.157958984375,282.879638671875,268.507568359375,219.665283203125,-8.653427124023438,-9.172515869140623,-2.80084228515625,-6.0821990966796875,1.334197998046875,-1.958587646484375,1.550323486328125,14.554885864257812,13.468400098912088,94.13405100504558,8.755677317533854,9.379291707724937,3.201284182727281,15.774595030403257,0.00010116281919181347,2.57122802734375,13.220687866210938,78.99420951821898,-3.8564453125,7.8639068603515625,-11.720352172851562,21.650390625,7.2783203125,14.3720703125,6.845197640359402e-05,3.271084278821945e-05
2000-001,2000-03-29 06:00:00,13.5,88.0,0,30.0,1002.0,6.0,5.0,25.0,5.0,25.0,5.0,,,1,1,,,,,0,-3.708386793732643e-05,-3.642006777226925e-05,1.1884840205311775e-05,8.494360372424126e-06,95.81312561035156,83.911865234375,101.30747985839844,99.0528335571289,290.233642578125,282.85498046875,269.35498046875,219.97474670410156,-8.418624877929688,-8.101699829101562,-3.3032684326171875,-4.7154541015625,1.97906494140625,0.0514373779296875,-2.2992706298828125,11.481842041015623,10.19883554156063,93.677490234375,8.648117880648943,8.101863114414645,4.024702196109287,12.4124213608295,4.557822830975056e-05,3.7031707763671875,9.502777099609373,68.70945908382835,-5.494354248046875,11.901260375976562,-17.395614624023438,20.878662109375,7.378662109375,13.5,4.8968708142638206e-05,-3.3904798328876495e-06
2000-001,2000-03-29 12:00:00,14.0,88.5,0,35.0,998.0,8.0,5.0,30.0,5.0,25.0,10.0,25.0,10.0,1,1,,,,,0,1.6340985894203186e-05,0.0001081370282918,-0.0001254025846719,0.0002940839622169,91.58155059814452,67.80610656738281,72.46124267578125,97.45423889160156,290.52197265625,283.0576171875,268.625732421875,219.4164276123047,-6.53857421875,-4.9078216552734375,-0.41583251953125,-2.751617431640625,-0.3900299072265625,3.3666229248046875,-5.839508056640625,5.637908935546875,7.118784193923182,77.28296661376953,6.550196649157439,5.9515429358941345,5.85429509231218,6.2735488884384925,0.0002777429763226968,3.786956787109375,6.0279388427734375,57.861560428466454,19.120307922363267,23.775444030761705,-4.6551361083984375,21.896240234375,7.46435546875,14.431884765625,-0.00014174357056610318,0.00041948654688880004
2000-003,2000-10-15 00:00:00,14.5,88.5,0,25.0,1004.0,4.0,,,,,,,,1,0,,,,,0,,,,,,,,,,,,,,,,,,,,,,,,,,,,,,,,,,,,,,
2000-003,2000-10-15 03:00:00,14.5,88.5,0,25.0,1004.0,4.0,,,,,,,,1,0,,,,,0,,,,,,,,,,,,,,,,,,,,,,,,,,,,,,,,,,,,,,
2000-003,2000-10-15 06:00:00,14.5,88.0,0,25.0,1002.0,4.0,0.0,25.0,0.0,,,,,1,0,,,,,0,,,,,,,,,,,,,,,,,,,,,,,,,,,,,,,,,,,,,,
2000-003,2000-10-15 12:00:00,14.5,87.0,0,25.0,1000.0,4.0,0.0,25.0,0.0,25.0,0.0,,,1,0,,,,,0,,,,,,,,,,,,,,,,,,,,,,,,,,,,,,,,,,,,,,
2000-003,2000-10-15 18:00:00,14.5,86.5,0,30.0,1002.0,6.0,5.0,25.0,5.0,25.0,5.0,,,1,0,,,,,0,,,,,,,,,,,,,,,,,,,,,,,,,,,,,,,,,,,,,,
2000-003,2000-10-16 00:00:00,14.5,86.3,0,30.0,1000.0,6.0,0.0,30.0,0.0,25.0,5.0,25.0,5.0,1,0,,,,,0,,,,,,,,,,,,,,,,,,,,,,,,,,,,,,,,,,,,,,
2000-003,2000-10-16 03:00:00,14.5,86.0,0,30.0,1000.0,8.0,,,,,,25.0,5.0,1,0,,,,,0,,,,,,,,,,,,,,,,,,,,,,,,,,,,,,,,,,,,,,
2000-003,2000-10-16 06:00:00,14.5,85.5,0,30.0,1000.0,8.0,0.0,30.0,0.0,30.0,0.0,25.0,5.0,1,0,,,,,0,,,,,,,,,,,,,,,,,,,,,,,,,,,,,,,,,,,,,,
2000-003,2000-10-16 12:00:00,14.5,85.0,0,30.0,998.0,8.0,0.0,30.0,0.0,30.0,0.0,25.0,5.0,1,0,,,,,0,,,,,,,,,,,,,,,,,,,,,,,,,,,,,,,,,,,,,,
2000-003,2000-10-16 18:00:00,14.0,85.0,0,30.0,1000.0,8.0,0.0,30.0,0.0,30.0,0.0,30.0,0.0,1,0,,,,,0,,,,,,,,,,,,,,,,,,,,,,,,,,,,,,,,,,,,,,
2000-003,2000-10-17 00:00:00,14.0,84.5,0,35.0,998.0,8.0,5.0,30.0,5.0,30.0,5.0,30.0,5.0,1,0,,,,,0,,,,,,,,,,,,,,,,,,,,,,,,,,,,,,,,,,,,,,
2000-003,2000-10-17 03:00:00,14.0,84.5,0,35.0,998.0,8.0,,,,,,30.0,5.0,1,0,,,,,0,,,,,,,,,,,,,,,,,,,,,,,,,,,,,,,,,,,,,,
2000-003,2000-10-17 06:00:00,14.0,84.5,0,35.0,996.0,10.0,0.0,35.0,0.0,30.0,5.0,30.0,5.0,1,0,,,,,0,,,,,,,,,,,,,,,,,,,,,,,,,,,,,,,,,,,,,,
2000-003,2000-10-17 12:00:00,14.0,84.0,0,35.0,996.0,8.0,0.0,35.0,0.0,35.0,0.0,30.0,5.0,1,0,,,,,0,,,,,,,,,,,,,,,,,,,,,,,,,,,,,,,,,,,,,,
2000-003,2000-10-17 18:00:00,14.0,84.0,0,35.0,998.0,8.0,0.0,35.0,0.0,35.0,0.0,30.0,5.0,1,0,,,,,0,,,,,,,,,,,,,,,,,,,,,,,,,,,,,,,,,,,,,,
2000-003,2000-10-18 03:00:00,14.0,83.5,0,30.0,1000.0,6.0,-5.0,35.0,-5.0,35.0,-5.0,35.0,-5.0,1,0,,,,,0,,,,,,,,,,,,,,,,,,,,,,,,,,,,,,,,,,,,,,
2000-003,2000-10-18 06:00:00,14.0,83.5,0,30.0,1000.0,6.0,-5.0,35.0,-5.0,35.0,-5.0,35.0,-5.0,1,0,,,,,0,,,,,,,,,,,,,,,,,,,,,,,,,,,,,,,,,,,,,,
2000-004,2000-10-25 12:00:00,14.0,92.5,0,25.0,1002.0,4.0,,,,,,,,1,0,2000-004_20001025_1200.npy,2000-10-25 12:00:00,0.0,0.0311801652892561,1,,,,,,,,,,,,,,,,,,,,,,,,,,,,,,,,,,,,,,
2000-004,2000-10-25 18:00:00,14.5,92.0,0,25.0,1002.0,4.0,0.0,25.0,0.0,,,,,1,0,,,,,0,,,,,,,,,,,,,,,,,,,,,,,,,,,,,,,,,,,,,,
2000-004,2000-10-26 00:00:00,15.0,91.5,0,25.0,1002.0,4.0,0.0,25.0,0.0,25.0,0.0,,,1,0,,,,,0,,,,,,,,,,,,,,,,,,,,,,,,,,,,,,,,,,,,,,
2000-004,2000-10-26 03:00:00,15.5,90.5,0,25.0,1004.0,4.0,,,,,,,,1,0,,,,,0,,,,,,,,,,,,,,,,,,,,,,,,,,,,,,,,,,,,,,
2000-004,2000-10-26 06:00:00,16.5,90.5,0,25.0,1002.0,4.0,0.0,25.0,0.0,25.0,0.0,,,1,0,,,,,0,,,,,,,,,,,,,,,,,,,,,,,,,,,,,,,,,,,,,,
2000-004,2000-10-26 12:00:00,16.5,89.5,0,25.0,1002.0,4.0,0.0,25.0,0.0,25.0,0.0,25.0,0.0,1,0,,,,,0,,,,,,,,,,,,,,,,,,,,,,,,,,,,,,,,,,,,,,
2000-004,2000-10-26 18:00:00,17.0,89.0,0,25.0,1004.0,4.0,0.0,25.0,0.0,25.0,0.0,25.0,0.0,1,0,,,,,0,,,,,,,,,,,,,,,,,,,,,,,,,,,,,,,,,,,,,,
2000-004,2000-10-27 00:00:00,17.5,88.5,0,25.0,1002.0,4.0,0.0,25.0,0.0,25.0,0.0,25.0,0.0,1,0,,,,,0,,,,,,,,,,,,,,,,,,,,,,,,,,,,,,,,,,,,,,
2000-004,2000-10-27 03:00:00,18.0,88.5,0,30.0,1002.0,6.0,,,,,,25.0,5.0,1,0,,,,,0,,,,,,,,,,,,,,,,,,,,,,,,,,,,,,,,,,,,,,
2000-004,2000-10-27 06:00:00,18.5,88.5,0,30.0,1002.0,6.0,5.0,25.0,5.0,25.0,5.0,25.0,5.0,1,0,,,,,0,,,,,,,,,,,,,,,,,,,,,,,,,,,,,,,,,,,,,,
2000-004,2000-10-27 12:00:00,19.0,88.5,0,30.0,1000.0,6.0,0.0,30.0,0.0,25.0,5.0,25.0,5.0,1,0,,,,,0,,,,,,,,,,,,,,,,,,,,,,,,,,,,,,,,,,,,,,
2000-004,2000-10-27 18:00:00,20.5,88.5,0,35.0,998.0,8.0,5.0,30.0,5.0,30.0,5.0,25.0,10.0,1,0,,,,,0,,,,,,,,,,,,,,,,,,,,,,,,,,,,,,,,,,,,,,
2000-004,2000-10-28 00:00:00,21.5,89.0,0,35.0,998.0,8.0,0.0,35.0,0.0,30.0,5.0,25.0,10.0,1,0,,,,,0,,,,,,,,,,,,,,,,,,,,,,,,,,,,,,,,,,,,,,
2000-005,2000-11-26 03:00:00,8.5,91.5,0,25.0,1004.0,4.0,,,,,,,,1,0,,,,,0,,,,,,,,,,,,,,,,,,,,,,,,,,,,,,,,,,,,,,
2000-005,2000-11-26 06:00:00,9.5,90.5,0,25.0,1004.0,4.0,,,,,,,,1,0,,,,,0,,,,,,,,,,,,,,,,,,,,,,,,,,,,,,,,,,,,,,
2000-005,2000-11-26 09:00:00,9.5,91.0,0,25.0,1004.0,4.0,0.0,25.0,0.0,,,,,1,0,,,,,0,,,,,,,,,,,,,,,,,,,,,,,,,,,,,,,,,,,,,,
2000-005,2000-11-26 12:00:00,10.0,89.5,0,25.0,1004.0,4.0,0.0,25.0,0.0,,,,,1,0,,,,,0,,,,,,,,,,,,,,,,,,,,,,,,,,,,,,,,,,,,,,
2000-005,2000-11-26 15:00:00,10.0,90.0,0,30.0,1004.0,6.0,5.0,25.0,5.0,25.0,5.0,,,1,0,,,,,0,,,,,,,,,,,,,,,,,,,,,,,,,,,,,,,,,,,,,,
2000-005,2000-11-26 18:00:00,10.0,90.0,0,30.0,1002.0,6.0,5.0,25.0,5.0,25.0,5.0,,,1,0,,,,,0,,,,,,,,,,,,,,,,,,,,,,,,,,,,,,,,,,,,,,
2000-005,2000-11-27 00:00:00,10.5,88.0,0,30.0,1002.0,6.0,0.0,30.0,0.0,25.0,5.0,,,1,0,,,,,0,,,,,,,,,,,,,,,,,,,,,,,,,,,,,,,,,,,,,,
2000-005,2000-11-27 03:00:00,11.0,87.5,0,30.0,1004.0,6.0,,,,30.0,0.0,25.0,5.0,1,0,,,,,0,,,,,,,,,,,,,,,,,,,,,,,,,,,,,,,,,,,,,,
2000-005,2000-11-27 06:00:00,11.0,87.0,1,30.0,1002.0,8.0,0.0,30.0,0.0,30.0,0.0,25.0,5.0,1,0,2000-005_20001127_0600.npy,2000-11-27 06:00:00,0.0,0.0055404958677685,1,,,,,,,,,,,,,,,,,,,,,,,,,,,,,,,,,,,,,,
2000-005,2000-11-27 09:00:00,11.0,86.5,1,35.0,998.0,10.0,5.0,30.0,5.0,,,25.0,10.0,1,0,,,,,0,,,,,,,,,,,,,,,,,,,,,,,,,,,,,,,,,,,,,,
2000-005,2000-11-27 12:00:00,11.0,86.0,1,45.0,998.0,10.0,15.0,30.0,15.0,30.0,15.0,25.0,20.0,1,0,,,,,0,,,,,,,,,,,,,,,,,,,,,,,,,,,,,,,,,,,,,,
2000-005,2000-11-27 15:00:00,11.0,85.5,1,45.0,998.0,10.0,10.0,35.0,10.0,30.0,15.0,30.0,15.0,1,0,,,,,0,,,,,,,,,,,,,,,,,,,,,,,,,,,,,,,,,,,,,,
2000-005,2000-11-27 18:00:00,11.0,85.0,1,45.0,998.0,10.0,0.0,45.0,0.0,30.0,15.0,30.0,15.0,1,0,,,,,0,,,,,,,,,,,,,,,,,,,,,,,,,,,,,,,,,,,,,,
2000-005,2000-11-27 21:00:00,11.0,84.5,1,45.0,998.0,10.0,0.0,45.0,0.0,35.0,10.0,,,1,0,,,,,0,,,,,,,,,,,,,,,,,,,,,,,,,,,,,,,,,,,,,,
2000-005,2000-11-28 00:00:00,11.5,84.0,1,55.0,992.0,15.0,10.0,45.0,10.0,45.0,10.0,30.0,25.0,1,0,,,,,0,,,,,,,,,,,,,,,,,,,,,,,,,,,,,,,,,,,,,,
2000-005,2000-11-28 03:00:00,11.5,83.5,1,55.0,992.0,15.0,10.0,45.0,10.0,45.0,10.0,30.0,25.0,1,0,,,,,0,,,,,,,,,,,,,,,,,,,,,,,,,,,,,,,,,,,,,,
2000-005,2000-11-28 06:00:00,11.5,83.0,0,65.0,986.0,20.0,10.0,55.0,10.0,45.0,20.0,30.0,35.0,1,0,,,,,0,,,,,,,,,,,,,,,,,,,,,,,,,,,,,,,,,,,,,,
2000-005,2000-11-28 09:00:00,11.5,82.5,0,65.0,986.0,20.0,10.0,55.0,10.0,45.0,20.0,35.0,30.0,1,0,,,,,0,,,,,,,,,,,,,,,,,,,,,,,,,,,,,,,,,,,,,,
2000-005,2000-11-28 12:00:00,11.5,82.0,0,77.0,978.0,30.0,12.0,65.0,12.0,55.0,22.0,45.0,32.0,1,0,,,,,0,,,,,,,,,,,,,,,,,,,,,,,,,,,,,,,,,,,,,,
2000-005,2000-11-28 18:00:00,11.5,81.5,0,102.0,958.0,52.0,25.0,77.0,25.0,65.0,37.0,45.0,57.0,1,0,,,,,0,,,,,,,,,,,,,,,,,,,,,,,,,,,,,,,,,,,,,,
2000-005,2000-11-29 03:00:00,11.5,80.5,0,90.0,966.0,40.0,-12.0,102.0,-12.0,90.0,0.0,55.0,35.0,1,0,,,,,0,,,,,,,,,,,,,,,,,,,,,,,,,,,,,,,,,,,,,,
2000-005,2000-11-29 06:00:00,11.5,80.5,0,77.0,976.0,30.0,-13.0,90.0,-13.0,102.0,-25.0,65.0,12.0,1,0,,,,,0,,,,,,,,,,,,,,,,,,,,,,,,,,,,,,,,,,,,,,
2000-006,2000-12-23 03:00:00,8.0,86.0,0,25.0,1006.0,4.0,,,,,,,,1,0,,,,,0,,,,,,,,,,,,,,,,,,,,,,,,,,,,,,,,,,,,,,
2000-006,2000-12-23 06:00:00,8.0,86.0,0,25.0,1006.0,4.0,,,,,,,,1,0,,,,,0,,,,,,,,,,,,,,,,,,,,,,,,,,,,,,,,,,,,,,
2000-006,2000-12-23 12:00:00,8.0,85.0,0,25.0,1006.0,4.0,0.0,25.0,0.0,,,,,1,0,,,,,0,,,,,,,,,,,,,,,,,,,,,,,,,,,,,,,,,,,,,,
2000-006,2000-12-23 18:00:00,8.0,84.5,0,25.0,1006.0,4.0,0.0,25.0,0.0,25.0,0.0,,,1,0,,,,,0,,,,,,,,,,,,,,,,,,,,,,,,,,,,,,,,,,,,,,
2000-006,2000-12-24 00:00:00,8.0,84.0,0,30.0,1004.0,6.0,5.0,25.0,5.0,25.0,5.0,,,1,0,,,,,0,,,,,,,,,,,,,,,,,,,,,,,,,,,,,,,,,,,,,,
2000-006,2000-12-24 03:00:00,8.5,84.0,0,30.0,1004.0,6.0,,,,,,25.0,5.0,1,0,,,,,0,,,,,,,,,,,,,,,,,,,,,,,,,,,,,,,,,,,,,,
2000-006,2000-12-24 06:00:00,8.5,84.0,0,30.0,1004.0,6.0,0.0,30.0,0.0,25.0,5.0,25.0,5.0,1,0,2000-006_20001224_0600.npy,2000-12-24 06:00:00,0.0,0.0,1,,,,,,,,,,,,,,,,,,,,,,,,,,,,,,,,,,,,,,
2000-006,2000-12-24 12:00:00,8.5,83.5,0,30.0,1004.0,6.0,0.0,30.0,0.0,30.0,0.0,25.0,5.0,1,0,,,,,0,,,,,,,,,,,,,,,,,,,,,,,,,,,,,,,,,,,,,,
2000-006,2000-12-24 18:00:00,8.5,83.5,1,30.0,1004.0,6.0,0.0,30.0,0.0,30.0,0.0,25.0,5.0,1,0,,,,,0,,,,,,,,,,,,,,,,,,,,,,,,,,,,,,,,,,,,,,
2000-006,2000-12-25 00:00:00,8.5,83.0,1,30.0,1004.0,6.0,0.0,30.0,0.0,30.0,0.0,30.0,0.0,1,0,,,,,0,,,,,,,,,,,,,,,,,,,,,,,,,,,,,,,,,,,,,,
2000-006,2000-12-25 03:00:00,8.5,83.0,1,35.0,1004.0,6.0,,,,,,30.0,5.0,1,0,,,,,0,,,,,,,,,,,,,,,,,,,,,,,,,,,,,,,,,,,,,,
2000-006,2000-12-25 06:00:00,8.5,83.0,1,45.0,1000.0,10.0,15.0,30.0,15.0,30.0,15.0,30.0,15.0,1,0,,,,,0,,,,,,,,,,,,,,,,,,,,,,,,,,,,,,,,,,,,,,
2000-006,2000-12-25 12:00:00,8.5,83.0,1,55.0,994.0,16.0,10.0,45.0,10.0,30.0,25.0,30.0,25.0,1,0,,,,,0,,,,,,,,,,,,,,,,,,,,,,,,,,,,,,,,,,,,,,
2000-006,2000-12-25 18:00:00,8.5,83.0,0,65.0,990.0,20.0,10.0,55.0,10.0,45.0,20.0,30.0,35.0,1,0,,,,,0,,,,,,,,,,,,,,,,,,,,,,,,,,,,,,,,,,,,,,
2000-006,2000-12-26 00:00:00,8.5,82.5,0,65.0,990.0,20.0,0.0,65.0,0.0,55.0,10.0,30.0,35.0,1,0,,,,,0,,,,,,,,,,,,,,,,,,,,,,,,,,,,,,,,,,,,,,
2000-006,2000-12-26 03:00:00,8.5,82.5,0,65.0,990.0,20.0,,,,,,35.0,30.0,1,0,,,,,0,,,,,,,,,,,,,,,,,,,,,,,,,,,,,,,,,,,,,,
2000-006,2000-12-26 06:00:00,8.5,82.0,0,77.0,982.0,30.0,12.0,65.0,12.0,65.0,12.0,45.0,32.0,1,0,,,,,0,,,,,,,,,,,,,,,,,,,,,,,,,,,,,,,,,,,,,,
2000-006,2000-12-26 09:00:00,8.5,81.5,0,77.0,982.0,28.0,12.0,65.0,12.0,,,,,1,0,,,,,0,,,,,,,,,,,,,,,,,,,,,,,,,,,,,,,,,,,,,,
2000-006,2000-12-26 12:00:00,8.5,81.0,0,90.0,970.0,40.0,13.0,77.0,13.0,65.0,25.0,55.0,35.0,1,0,,,,,0,,,,,,,,,,,,,,,,,,,,,,,,,,,,,,,,,,,,,,
2000-006,2000-12-26 15:00:00,8.5,81.0,0,90.0,970.0,40.0,13.0,77.0,13.0,65.0,25.0,,,1,0,,,,,0,,,,,,,,,,,,,,,,,,,,,,,,,,,,,,,,,,,,,,
2000-006,2000-12-26 18:00:00,8.5,81.0,0,77.0,982.0,30.0,-13.0,90.0,-13.0,77.0,0.0,65.0,12.0,1,0,,,,,0,,,,,,,,,,,,,,,,,,,,,,,,,,,,,,,,,,,,,,
2000-006,2000-12-26 21:00:00,8.5,81.0,0,77.0,982.0,28.0,-13.0,90.0,-13.0,77.0,0.0,,,1,0,,,,,0,,,,,,,,,,,,,,,,,,,,,,,,,,,,,,,,,,,,,,
2000-006,2000-12-27 00:00:00,8.5,81.0,0,77.0,984.0,28.0,0.0,77.0,0.0,90.0,-13.0,65.0,12.0,1,0,,,,,0,,,,,,,,,,,,,,,,,,,,,,,,,,,,,,,,,,,,,,
2000-006,2000-12-27 03:00:00,8.5,80.0,0,77.0,986.0,24.0,0.0,77.0,0.0,90.0,-13.0,65.0,12.0,1,0,,,,,0,,,,,,,,,,,,,,,,,,,,,,,,,,,,,,,,,,,,,,
2000-006,2000-12-27 06:00:00,8.5,79.5,0,77.0,986.0,24.0,0.0,77.0,0.0,77.0,0.0,77.0,0.0,1,0,,,,,0,,,,,,,,,,,,,,,,,,,,,,,,,,,,,,,,,,,,,,
2000-006,2000-12-27 12:00:00,8.5,78.5,0,65.0,990.0,20.0,-12.0,77.0,-12.0,77.0,-12.0,90.0,-25.0,1,0,,,,,0,,,,,,,,,,,,,,,,,,,,,,,,,,,,,,,,,,,,,,
2001-002,2001-06-12 03:00:00,19.5,87.0,0,25.0,990.0,4.0,,,,,,,,1,0,,,,,0,,,,,,,,,,,,,,,,,,,,,,,,,,,,,,,,,,,,,,
2001-005,2001-10-14 12:00:00,13.5,84.0,0,25.0,1000.0,4.0,,,,,,,,1,0,2001-005_20011014_1200.npy,2001-10-14 12:00:00,0.0,0.0011678832116788,1,,,,,,,,,,,,,,,,,,,,,,,,,,,,,,,,,,,,,,
2001-005,2001-10-14 18:00:00,13.5,83.0,0,25.0,1002.0,4.0,0.0,25.0,0.0,,,,,1,0,,,,,0,,,,,,,,,,,,,,,,,,,,,,,,,,,,,,,,,,,,,,
2001-005,2001-10-15 00:00:00,13.5,83.0,0,25.0,1002.0,4.0,0.0,25.0,0.0,25.0,0.0,,,1,0,,,,,0,,,,,,,,,,,,,,,,,,,,,,,,,,,,,,,,,,,,,,
2001-005,2001-10-15 03:00:00,13.5,82.5,0,25.0,1002.0,4.0,,,,,,,,1,0,,,,,0,,,,,,,,,,,,,,,,,,,,,,,,,,,,,,,,,,,,,,
2001-005,2001-10-15 06:00:00,13.5,82.0,0,25.0,1002.0,6.0,0.0,25.0,0.0,25.0,0.0,,,1,0,,,,,0,,,,,,,,,,,,,,,,,,,,,,,,,,,,,,,,,,,,,,
2001-005,2001-10-15 09:00:00,13.5,81.5,0,30.0,1000.0,6.0,5.0,25.0,5.0,,,,,1,0,,,,,0,,,,,,,,,,,,,,,,,,,,,,,,,,,,,,,,,,,,,,
2001-005,2001-10-15 12:00:00,13.7,81.0,0,35.0,998.0,8.0,10.0,25.0,10.0,25.0,10.0,25.0,10.0,1,0,,,,,0,,,,,,,,,,,,,,,,,,,,,,,,,,,,,,,,,,,,,,
2001-005,2001-10-15 18:00:00,14.0,80.0,0,35.0,998.0,8.0,0.0,35.0,0.0,25.0,10.0,25.0,10.0,1,0,,,,,0,,,,,,,,,,,,,,,,,,,,,,,,,,,,,,,,,,,,,,
2002-002,2002-05-11 03:00:00,12.0,96.0,0,25.0,1006.0,4.0,,,,,,,,1,0,,,,,0,,,,,,,,,,,,,,,,,,,,,,,,,,,,,,,,,,,,,,
2002-003,2002-10-22 12:00:00,13.5,81.5,0,25.0,1002.0,4.0,,,,,,,,1,0,,,,,0,,,,,,,,,,,,,,,,,,,,,,,,,,,,,,,,,,,,,,
2002-003,2002-10-22 18:00:00,14.0,81.5,0,25.0,1004.0,4.0,0.0,25.0,0.0,,,,,1,0,,,,,0,,,,,,,,,,,,,,,,,,,,,,,,,,,,,,,,,,,,,,
2002-004,2002-11-10 03:00:00,12.0,82.5,0,25.0,1004.0,4.0,,,,,,,,1,0,,,,,0,,,,,,,,,,,,,,,,,,,,,,,,,,,,,,,,,,,,,,
2002-004,2002-11-10 06:00:00,12.0,82.5,0,25.0,1004.0,4.0,,,,,,,,1,0,,,,,0,,,,,,,,,,,,,,,,,,,,,,,,,,,,,,,,,,,,,,
2002-004,2002-11-10 12:00:00,12.0,82.5,0,30.0,1002.0,6.0,5.0,25.0,5.0,,,,,1,0,,,,,0,,,,,,,,,,,,,,,,,,,,,,,,,,,,,,,,,,,,,,
2002-004,2002-11-10 18:00:00,12.5,82.5,0,30.0,1004.0,6.0,0.0,30.0,0.0,25.0,5.0,,,1,0,,,,,0,,,,,,,,,,,,,,,,,,,,,,,,,,,,,,,,,,,,,,
2002-004,2002-11-11 00:00:00,13.5,82.5,0,30.0,1004.0,6.0,0.0,30.0,0.0,30.0,0.0,,,1,0,,,,,0,,,,,,,,,,,,,,,,,,,,,,,,,,,,,,,,,,,,,,
2002-004,2002-11-11 03:00:00,14.0,83.0,0,30.0,1004.0,6.0,,,,,,25.0,5.0,1,0,,,,,0,,,,,,,,,,,,,,,,,,,,,,,,,,,,,,,,,,,,,,
2002-004,2002-11-11 06:00:00,14.5,83.5,0,30.0,1004.0,6.0,0.0,30.0,0.0,30.0,0.0,25.0,5.0,1,0,,,,,0,,,,,,,,,,,,,,,,,,,,,,,,,,,,,,,,,,,,,,
2002-005,2002-11-23 03:00:00,10.0,87.0,0,25.0,1004.0,4.0,,,,,,,,1,0,,,,,0,,,,,,,,,,,,,,,,,,,,,,,,,,,,,,,,,,,,,,
2002-005,2002-11-23 06:00:00,10.5,87.0,0,25.0,1004.0,4.0,,,,,,,,1,0,,,,,0,,,,,,,,,,,,,,,,,,,,,,,,,,,,,,,,,,,,,,
2002-005,2002-11-23 12:00:00,12.0,87.0,0,25.0,1002.0,4.0,0.0,25.0,0.0,,,,,1,0,,,,,0,,,,,,,,,,,,,,,,,,,,,,,,,,,,,,,,,,,,,,
2002-005,2002-11-23 18:00:00,12.5,87.0,0,30.0,1002.0,6.0,5.0,25.0,5.0,25.0,5.0,,,1,0,,,,,0,,,,,,,,,,,,,,,,,,,,,,,,,,,,,,,,,,,,,,
2002-005,2002-11-24 00:00:00,13.0,87.5,0,30.0,1002.0,6.0,0.0,30.0,0.0,25.0,5.0,,,1,0,,,,,0,,,,,,,,,,,,,,,,,,,,,,,,,,,,,,,,,,,,,,
2002-005,2002-11-24 03:00:00,13.0,87.5,0,35.0,1002.0,8.0,5.0,30.0,5.0,,,25.0,10.0,1,0,,,,,0,,,,,,,,,,,,,,,,,,,,,,,,,,,,,,,,,,,,,,
2002-005,2002-11-24 06:00:00,13.5,87.5,0,35.0,1002.0,8.0,5.0,30.0,5.0,30.0,5.0,25.0,10.0,1,0,,,,,0,,,,,,,,,,,,,,,,,,,,,,,,,,,,,,,,,,,,,,
2002-005,2002-11-24 09:00:00,14.0,87.5,0,35.0,1000.0,8.0,0.0,35.0,0.0,30.0,5.0,,,1,0,,,,,0,,,,,,,,,,,,,,,,,,,,,,,,,,,,,,,,,,,,,,
2002-005,2002-11-24 12:00:00,15.0,88.0,0,35.0,1000.0,8.0,0.0,35.0,0.0,30.0,5.0,25.0,10.0,1,0,,,,,0,,,,,,,,,,,,,,,,,,,,,,,,,,,,,,,,,,,,,,
2002-005,2002-11-24 15:00:00,15.0,88.0,0,35.0,1000.0,8.0,0.0,35.0,0.0,35.0,0.0,,,1,0,,,,,0,,,,,,,,,,,,,,,,,,,,,,,,,,,,,,,,,,,,,,
2002-005,2002-11-24 18:00:00,15.0,88.0,0,35.0,1000.0,8.0,0.0,35.0,0.0,35.0,0.0,30.0,5.0,1,0,,,,,0,,,,,,,,,,,,,,,,,,,,,,,,,,,,,,,,,,,,,,
2002-005,2002-11-25 00:00:00,15.5,88.0,0,35.0,1002.0,8.0,0.0,35.0,0.0,35.0,0.0,30.0,5.0,1,0,,,,,0,,,,,,,,,,,,,,,,,,,,,,,,,,,,,,,,,,,,,,
2002-005,2002-11-25 03:00:00,15.5,88.0,0,35.0,1002.0,8.0,,,,35.0,0.0,35.0,0.0,1,0,,,,,0,,,,,,,,,,,,,,,,,,,,,,,,,,,,,,,,,,,,,,
2002-005,2002-11-25 06:00:00,15.5,88.0,0,35.0,1002.0,8.0,0.0,35.0,0.0,35.0,0.0,35.0,0.0,1,0,,,,,0,,,,,,,,,,,,,,,,,,,,,,,,,,,,,,,,,,,,,,
2002-005,2002-11-25 09:00:00,15.5,88.0,0,35.0,1002.0,8.0,0.0,35.0,0.0,,,35.0,0.0,1,0,,,,,0,,,,,,,,,,,,,,,,,,,,,,,,,,,,,,,,,,,,,,
2002-005,2002-11-25 12:00:00,15.5,88.0,0,35.0,1000.0,8.0,0.0,35.0,0.0,35.0,0.0,35.0,0.0,1,0,,,,,0,,,,,,,,,,,,,,,,,,,,,,,,,,,,,,,,,,,,,,
2002-005,2002-11-25 15:00:00,15.5,88.0,0,35.0,1002.0,8.0,0.0,35.0,0.0,35.0,0.0,35.0,0.0,1,0,,,,,0,,,,,,,,,,,,,,,,,,,,,,,,,,,,,,,,,,,,,,
2002-005,2002-11-25 18:00:00,15.5,88.0,0,35.0,1002.0,6.0,0.0,35.0,0.0,35.0,0.0,35.0,0.0,1,0,,,,,0,,,,,,,,,,,,,,,,,,,,,,,,,,,,,,,,,,,,,,
2002-005,2002-11-26 00:00:00,16.0,88.0,0,35.0,1002.0,8.0,0.0,35.0,0.0,35.0,0.0,35.0,0.0,1,0,,,,,0,,,,,,,,,,,,,,,,,,,,,,,,,,,,,,,,,,,,,,
2002-005,2002-11-26 03:00:00,16.0,88.0,0,35.0,1002.0,8.0,,,,35.0,0.0,35.0,0.0,1,0,,,,,0,,,,,,,,,,,,,,,,,,,,,,,,,,,,,,,,,,,,,,
2002-005,2002-11-26 06:00:00,16.0,88.0,0,35.0,1002.0,8.0,0.0,35.0,0.0,35.0,0.0,35.0,0.0,1,0,,,,,0,,,,,,,,,,,,,,,,,,,,,,,,,,,,,,,,,,,,,,
2002-005,2002-11-26 12:00:00,16.5,88.5,0,35.0,1000.0,8.0,0.0,35.0,0.0,35.0,0.0,35.0,0.0,1,0,,,,,0,,,,,,,,,,,,,,,,,,,,,,,,,,,,,,,,,,,,,,
2002-005,2002-11-26 18:00:00,16.5,89.5,0,35.0,1002.0,8.0,0.0,35.0,0.0,35.0,0.0,35.0,0.0,1,0,,,,,0,,,,,,,,,,,,,,,,,,,,,,,,,,,,,,,,,,,,,,
2002-005,2002-11-27 00:00:00,16.5,90.0,0,35.0,1002.0,8.0,0.0,35.0,0.0,35.0,0.0,35.0,0.0,1,0,,,,,0,,,,,,,,,,,,,,,,,,,,,,,,,,,,,,,,,,,,,,
2002-005,2002-11-27 03:00:00,17.0,90.0,0,35.0,1004.0,8.0,0.0,35.0,0.0,35.0,0.0,35.0,0.0,1,0,,,,,0,,,,,,,,,,,,,,,,,,,,,,,,,,,,,,,,,,,,,,
2002-005,2002-11-27 06:00:00,17.0,90.5,0,35.0,1004.0,8.0,0.0,35.0,0.0,35.0,0.0,35.0,0.0,1,0,,,,,0,,,,,,,,,,,,,,,,,,,,,,,,,,,,,,,,,,,,,,
2002-005,2002-11-27 12:00:00,17.2,91.0,0,30.0,1006.0,6.0,-5.0,35.0,-5.0,35.0,-5.0,35.0,-5.0,1,0,,,,,0,,,,,,,,,,,,,,,,,,,,,,,,,,,,,,,,,,,,,,
2002-006,2002-12-21 03:00:00,4.0,77.0,0,25.0,1006.0,4.0,,,,,,,,1,0,,,,,0,,,,,,,,,,,,,,,,,,,,,,,,,,,,,,,,,,,,,,
2002-006,2002-12-21 06:00:00,4.5,77.5,0,25.0,1006.0,4.0,,,,,,,,1,0,,,,,0,,,,,,,,,,,,,,,,,,,,,,,,,,,,,,,,,,,,,,
2002-006,2002-12-21 12:00:00,4.5,78.0,0,25.0,1006.0,4.0,0.0,25.0,0.0,,,,,1,0,,,,,0,,,,,,,,,,,,,,,,,,,,,,,,,,,,,,,,,,,,,,
2002-006,2002-12-21 18:00:00,4.5,78.0,0,25.0,1006.0,4.0,0.0,25.0,0.0,25.0,0.0,,,1,0,,,,,0,,,,,,,,,,,,,,,,,,,,,,,,,,,,,,,,,,,,,,
2002-006,2002-12-22 00:00:00,4.5,78.3,0,25.0,1006.0,4.0,0.0,25.0,0.0,25.0,0.0,,,1,0,,,,,0,,,,,,,,,,,,,,,,,,,,,,,,,,,,,,,,,,,,,,
2002-006,2002-12-22 03:00:00,4.5,78.5,0,25.0,1006.0,4.0,,,,,,25.0,0.0,1,0,,,,,0,,,,,,,,,,,,,,,,,,,,,,,,,,,,,,,,,,,,,,
2002-006,2002-12-22 06:00:00,4.5,79.0,0,25.0,1006.0,4.0,0.0,25.0,0.0,25.0,0.0,25.0,0.0,1,0,,,,,0,,,,,,,,,,,,,,,,,,,,,,,,,,,,,,,,,,,,,,
2002-006,2002-12-22 12:00:00,4.5,79.5,0,25.0,1006.0,4.0,0.0,25.0,0.0,25.0,0.0,25.0,0.0,1,0,,,,,0,,,,,,,,,,,,,,,,,,,,,,,,,,,,,,,,,,,,,,
2002-006,2002-12-22 18:00:00,4.5,80.0,0,25.0,1006.0,4.0,0.0,25.0,0.0,25.0,0.0,25.0,0.0,1,0,,,,,0,,,,,,,,,,,,,,,,,,,,,,,,,,,,,,,,,,,,,,
2002-006,2002-12-23 00:00:00,4.5,80.5,0,25.0,1006.0,4.0,0.0,25.0,0.0,25.0,0.0,25.0,0.0,1,0,,,,,0,,,,,,,,,,,,,,,,,,,,,,,,,,,,,,,,,,,,,,
2002-006,2002-12-23 03:00:00,4.5,80.5,0,25.0,1006.0,4.0,,,,,,25.0,0.0,1,0,,,,,0,,,,,,,,,,,,,,,,,,,,,,,,,,,,,,,,,,,,,,
2002-006,2002-12-23 06:00:00,4.5,80.5,0,25.0,1004.0,4.0,0.0,25.0,0.0,25.0,0.0,25.0,0.0,1,0,,,,,0,,,,,,,,,,,,,,,,,,,,,,,,,,,,,,,,,,,,,,
2002-006,2002-12-23 12:00:00,5.0,81.0,0,25.0,1004.0,4.0,0.0,25.0,0.0,25.0,0.0,25.0,0.0,1,0,,,,,0,,,,,,,,,,,,,,,,,,,,,,,,,,,,,,,,,,,,,,
2002-006,2002-12-23 18:00:00,5.0,81.0,0,30.0,1004.0,6.0,5.0,25.0,5.0,25.0,5.0,25.0,5.0,1,0,,,,,0,,,,,,,,,,,,,,,,,,,,,,,,,,,,,,,,,,,,,,
2002-006,2002-12-24 00:00:00,5.0,81.0,0,30.0,1004.0,6.0,0.0,30.0,0.0,25.0,5.0,25.0,5.0,1,0,,,,,0,,,,,,,,,,,,,,,,,,,,,,,,,,,,,,,,,,,,,,
2002-006,2002-12-24 03:00:00,5.5,81.5,0,35.0,1002.0,8.0,,,,,,25.0,10.0,1,0,,,,,0,,,,,,,,,,,,,,,,,,,,,,,,,,,,,,,,,,,,,,
2002-006,2002-12-24 06:00:00,5.5,81.5,0,35.0,1002.0,8.0,5.0,30.0,5.0,30.0,5.0,25.0,10.0,1,0,,,,,0,,,,,,,,,,,,,,,,,,,,,,,,,,,,,,,,,,,,,,
2002-006,2002-12-24 12:00:00,6.0,82.0,0,35.0,1000.0,8.0,0.0,35.0,0.0,30.0,5.0,25.0,10.0,1,0,,,,,0,,,,,,,,,,,,,,,,,,,,,,,,,,,,,,,,,,,,,,
2002-006,2002-12-24 15:00:00,6.5,82.5,0,35.0,1000.0,8.0,0.0,35.0,0.0,35.0,0.0,,,1,0,,,,,0,,,,,,,,,,,,,,,,,,,,,,,,,,,,,,,,,,,,,,
2003-001,2003-05-10 03:00:00,6.0,90.5,0,25.0,1002.0,,,,,,,,,1,0,,,,,0,,,,,,,,,,,,,,,,,,,,,,,,,,,,,,,,,,,,,,
2003-001,2003-05-10 06:00:00,6.0,90.5,0,25.0,1002.0,,,,,,,,,1,0,,,,,0,,,,,,,,,,,,,,,,,,,,,,,,,,,,,,,,,,,,,,
2003-001,2003-05-10 09:00:00,7.0,90.5,0,25.0,1002.0,,0.0,25.0,0.0,,,,,1,0,,,,,0,,,,,,,,,,,,,,,,,,,,,,,,,,,,,,,,,,,,,,
2003-001,2003-05-10 12:00:00,8.0,89.5,0,30.0,1002.0,4.0,5.0,25.0,5.0,,,,,1,0,,,,,0,,,,,,,,,,,,,,,,,,,,,,,,,,,,,,,,,,,,,,
2003-001,2003-05-10 15:00:00,8.0,89.5,0,30.0,1000.0,4.0,5.0,25.0,5.0,25.0,5.0,,,1,0,,,,,0,,,,,,,,,,,,,,,,,,,,,,,,,,,,,,,,,,,,,,
2003-001,2003-05-10 18:00:00,8.5,89.0,0,30.0,1000.0,4.0,0.0,30.0,0.0,25.0,5.0,,,1,0,,,,,0,,,,,,,,,,,,,,,,,,,,,,,,,,,,,,,,,,,,,,
2003-001,2003-05-10 21:00:00,8.5,89.0,0,30.0,1000.0,4.0,0.0,30.0,0.0,25.0,5.0,,,1,0,,,,,0,,,,,,,,,,,,,,,,,,,,,,,,,,,,,,,,,,,,,,
2003-001,2003-05-11 00:00:00,9.0,88.5,0,35.0,1000.0,6.0,5.0,30.0,5.0,30.0,5.0,,,1,0,,,,,0,,,,,,,,,,,,,,,,,,,,,,,,,,,,,,,,,,,,,,
2003-001,2003-05-11 03:00:00,9.5,87.5,0,35.0,998.0,6.0,5.0,30.0,5.0,30.0,5.0,25.0,10.0,1,0,,,,,0,,,,,,,,,,,,,,,,,,,,,,,,,,,,,,,,,,,,,,
2003-001,2003-05-11 06:00:00,10.0,87.0,0,35.0,998.0,6.0,0.0,35.0,0.0,30.0,5.0,25.0,10.0,1,0,,,,,0,,,,,,,,,,,,,,,,,,,,,,,,,,,,,,,,,,,,,,
2003-001,2003-05-11 09:00:00,10.0,87.0,0,45.0,998.0,10.0,10.0,35.0,10.0,30.0,15.0,25.0,20.0,1,0,,,,,0,,,,,,,,,,,,,,,,,,,,,,,,,,,,,,,,,,,,,,
2003-001,2003-05-11 12:00:00,10.5,86.5,0,55.0,990.0,14.0,20.0,35.0,20.0,35.0,20.0,30.0,25.0,1,0,,,,,0,,,,,,,,,,,,,,,,,,,,,,,,,,,,,,,,,,,,,,
2003-001,2003-05-11 15:00:00,10.5,86.5,0,55.0,990.0,14.0,10.0,45.0,10.0,35.0,20.0,30.0,25.0,1,0,,,,,0,,,,,,,,,,,,,,,,,,,,,,,,,,,,,,,,,,,,,,
2003-001,2003-05-11 18:00:00,11.0,86.0,0,55.0,990.0,14.0,0.0,55.0,0.0,35.0,20.0,30.0,25.0,1,0,,,,,0,,,,,,,,,,,,,,,,,,,,,,,,,,,,,,,,,,,,,,
2003-001,2003-05-11 21:00:00,11.0,86.0,0,55.0,986.0,16.0,0.0,55.0,0.0,45.0,10.0,30.0,25.0,1,0,,,,,0,,,,,,,,,,,,,,,,,,,,,,,,,,,,,,,,,,,,,,
2003-001,2003-05-12 00:00:00,11.0,86.0,0,55.0,986.0,16.0,0.0,55.0,0.0,55.0,0.0,35.0,20.0,1,0,,,,,0,,,,,,,,,,,,,,,,,,,,,,,,,,,,,,,,,,,,,,
2003-001,2003-05-12 03:00:00,11.0,86.0,0,55.0,986.0,16.0,0.0,55.0,0.0,55.0,0.0,35.0,20.0,1,0,,,,,0,,,,,,,,,,,,,,,,,,,,,,,,,,,,,,,,,,,,,,
2003-001,2003-05-12 06:00:00,11.0,86.0,0,55.0,986.0,16.0,0.0,55.0,0.0,55.0,0.0,35.0,20.0,1,0,,,,,0,,,,,,,,,,,,,,,,,,,,,,,,,,,,,,,,,,,,,,
2003-001,2003-05-12 09:00:00,11.0,86.0,0,55.0,986.0,16.0,0.0,55.0,0.0,55.0,0.0,45.0,10.0,1,0,,,,,0,,,,,,,,,,,,,,,,,,,,,,,,,,,,,,,,,,,,,,
2003-001,2003-05-12 12:00:00,11.5,85.5,0,55.0,986.0,16.0,0.0,55.0,0.0,55.0,0.0,55.0,0.0,1,0,,,,,0,,,,,,,,,,,,,,,,,,,,,,,,,,,,,,,,,,,,,,
2003-001,2003-05-12 15:00:00,11.5,85.5,0,55.0,986.0,16.0,0.0,55.0,0.0,55.0,0.0,55.0,0.0,1,0,,,,,0,,,,,,,,,,,,,,,,,,,,,,,,,,,,,,,,,,,,,,
2003-001,2003-05-12 18:00:00,11.5,85.5,0,65.0,982.0,20.0,10.0,55.0,10.0,55.0,10.0,55.0,10.0,1,0,,,,,0,,,,,,,,,,,,,,,,,,,,,,,,,,,,,,,,,,,,,,
2003-001,2003-05-12 21:00:00,11.5,85.5,0,65.0,982.0,20.0,10.0,55.0,10.0,55.0,10.0,55.0,10.0,1,0,,,,,0,,,,,,,,,,,,,,,,,,,,,,,,,,,,,,,,,,,,,,
2003-001,2003-05-13 00:00:00,11.5,85.5,0,65.0,982.0,20.0,0.0,65.0,0.0,55.0,10.0,55.0,10.0,1,0,,,,,0,,,,,,,,,,,,,,,,,,,,,,,,,,,,,,,,,,,,,,
2003-001,2003-05-13 03:00:00,12.0,85.0,0,65.0,982.0,20.0,0.0,65.0,0.0,55.0,10.0,55.0,10.0,1,0,,,,,0,,,,,,,,,,,,,,,,,,,,,,,,,,,,,,,,,,,,,,
2003-001,2003-05-13 06:00:00,12.5,85.0,0,75.0,980.0,28.0,10.0,65.0,10.0,65.0,10.0,55.0,20.0,1,0,,,,,0,,,,,,,,,,,,,,,,,,,,,,,,,,,,,,,,,,,,,,
2003-001,2003-05-13 09:00:00,12.5,85.0,0,75.0,980.0,28.0,10.0,65.0,10.0,65.0,10.0,55.0,20.0,1,0,,,,,0,,,,,,,,,,,,,,,,,,,,,,,,,,,,,,,,,,,,,,
2003-001,2003-05-13 12:00:00,12.5,85.0,0,65.0,982.0,20.0,-10.0,75.0,-10.0,65.0,0.0,55.0,10.0,1,0,,,,,0,,,,,,,,,,,,,,,,,,,,,,,,,,,,,,,,,,,,,,
2003-001,2003-05-13 15:00:00,12.5,85.0,0,65.0,982.0,20.0,-10.0,75.0,-10.0,65.0,0.0,55.0,10.0,1,0,,,,,0,,,,,,,,,,,,,,,,,,,,,,,,,,,,,,,,,,,,,,
2003-001,2003-05-13 18:00:00,13.0,85.0,0,65.0,982.0,20.0,0.0,65.0,0.0,75.0,-10.0,65.0,0.0,1,0,,,,,0,,,,,,,,,,,,,,,,,,,,,,,,,,,,,,,,,,,,,,
2003-001,2003-05-13 21:00:00,13.0,85.0,0,65.0,982.0,20.0,0.0,65.0,0.0,75.0,-10.0,65.0,0.0,1,0,,,,,0,,,,,,,,,,,,,,,,,,,,,,,,,,,,,,,,,,,,,,
2003-001,2003-05-14 00:00:00,13.5,85.0,0,65.0,980.0,22.0,0.0,65.0,0.0,65.0,0.0,65.0,0.0,1,0,,,,,0,,,,,,,,,,,,,,,,,,,,,,,,,,,,,,,,,,,,,,
2003-001,2003-05-14 03:00:00,14.0,85.0,0,65.0,982.0,20.0,0.0,65.0,0.0,65.0,0.0,65.0,0.0,1,0,,,,,0,,,,,,,,,,,,,,,,,,,,,,,,,,,,,,,,,,,,,,
2003-001,2003-05-14 06:00:00,14.0,85.0,0,55.0,986.0,16.0,-10.0,65.0,-10.0,65.0,-10.0,75.0,-20.0,1,0,,,,,0,,,,,,,,,,,,,,,,,,,,,,,,,,,,,,,,,,,,,,
2003-001,2003-05-14 09:00:00,14.5,85.5,0,55.0,986.0,14.0,-10.0,65.0,-10.0,65.0,-10.0,75.0,-20.0,1,0,,,,,0,,,,,,,,,,,,,,,,,,,,,,,,,,,,,,,,,,,,,,
2003-001,2003-05-14 12:00:00,14.5,85.5,0,45.0,990.0,10.0,-10.0,55.0,-10.0,65.0,-20.0,65.0,-20.0,1,0,,,,,0,,,,,,,,,,,,,,,,,,,,,,,,,,,,,,,,,,,,,,
2003-001,2003-05-14 15:00:00,14.5,85.5,0,35.0,990.0,6.0,-20.0,55.0,-20.0,65.0,-30.0,65.0,-30.0,1,0,,,,,0,,,,,,,,,,,,,,,,,,,,,,,,,,,,,,,,,,,,,,
2003-001,2003-05-14 18:00:00,14.5,85.5,0,35.0,994.0,6.0,-10.0,45.0,-10.0,55.0,-20.0,65.0,-30.0,1,0,,,,,0,,,,,,,,,,,,,,,,,,,,,,,,,,,,,,,,,,,,,,
2003-001,2003-05-14 21:00:00,14.5,86.0,0,35.0,994.0,6.0,0.0,35.0,0.0,55.0,-20.0,65.0,-30.0,1,0,,,,,0,,,,,,,,,,,,,,,,,,,,,,,,,,,,,,,,,,,,,,
2003-001,2003-05-15 00:00:00,14.5,86.0,0,35.0,992.0,6.0,0.0,35.0,0.0,45.0,-10.0,65.0,-30.0,1,0,,,,,0,,,,,,,,,,,,,,,,,,,,,,,,,,,,,,,,,,,,,,
2003-001,2003-05-15 03:00:00,14.5,86.0,0,35.0,994.0,6.0,0.0,35.0,0.0,35.0,0.0,65.0,-30.0,1,0,,,,,0,,,,,,,,,,,,,,,,,,,,,,,,,,,,,,,,,,,,,,
2003-001,2003-05-15 06:00:00,14.5,86.0,0,35.0,994.0,6.0,0.0,35.0,0.0,35.0,0.0,55.0,-20.0,1,0,,,,,0,,,,,,,,,,,,,,,,,,,,,,,,,,,,,,,,,,,,,,
2003-001,2003-05-15 09:00:00,14.5,86.0,0,35.0,994.0,6.0,0.0,35.0,0.0,35.0,0.0,55.0,-20.0,1,0,,,,,0,,,,,,,,,,,,,,,,,,,,,,,,,,,,,,,,,,,,,,
2003-001,2003-05-15 12:00:00,14.5,86.0,0,35.0,994.0,6.0,0.0,35.0,0.0,35.0,0.0,45.0,-10.0,1,0,,,,,0,,,,,,,,,,,,,,,,,,,,,,,,,,,,,,,,,,,,,,
2003-001,2003-05-15 15:00:00,14.5,86.0,0,35.0,994.0,6.0,0.0,35.0,0.0,35.0,0.0,35.0,0.0,1,0,,,,,0,,,,,,,,,,,,,,,,,,,,,,,,,,,,,,,,,,,,,,
2003-001,2003-05-15 18:00:00,14.5,86.0,0,35.0,994.0,6.0,0.0,35.0,0.0,35.0,0.0,35.0,0.0,1,0,,,,,0,,,,,,,,,,,,,,,,,,,,,,,,,,,,,,,,,,,,,,
2003-001,2003-05-15 21:00:00,14.5,86.0,0,35.0,994.0,6.0,0.0,35.0,0.0,35.0,0.0,35.0,0.0,1,0,,,,,0,,,,,,,,,,,,,,,,,,,,,,,,,,,,,,,,,,,,,,
2003-001,2003-05-16 00:00:00,14.5,86.0,0,35.0,994.0,6.0,0.0,35.0,0.0,35.0,0.0,35.0,0.0,1,0,,,,,0,,,,,,,,,,,,,,,,,,,,,,,,,,,,,,,,,,,,,,
2003-001,2003-05-16 03:00:00,14.5,86.5,0,35.0,996.0,6.0,0.0,35.0,0.0,35.0,0.0,35.0,0.0,1,0,,,,,0,,,,,,,,,,,,,,,,,,,,,,,,,,,,,,,,,,,,,,
2003-001,2003-05-16 06:00:00,14.5,86.5,0,35.0,996.0,6.0,0.0,35.0,0.0,35.0,0.0,35.0,0.0,1,0,,,,,0,,,,,,,,,,,,,,,,,,,,,,,,,,,,,,,,,,,,,,
2003-001,2003-05-16 09:00:00,14.5,86.5,0,35.0,996.0,6.0,0.0,35.0,0.0,35.0,0.0,35.0,0.0,1,0,,,,,0,,,,,,,,,,,,,,,,,,,,,,,,,,,,,,,,,,,,,,
2003-001,2003-05-16 12:00:00,14.5,87.0,0,30.0,996.0,4.0,-5.0,35.0,-5.0,35.0,-5.0,35.0,-5.0,1,0,,,,,0,,,,,,,,,,,,,,,,,,,,,,,,,,,,,,,,,,,,,,
2003-001,2003-05-16 15:00:00,14.5,87.0,0,30.0,996.0,4.0,-5.0,35.0,-5.0,35.0,-5.0,35.0,-5.0,1,0,,,,,0,,,,,,,,,,,,,,,,,,,,,,,,,,,,,,,,,,,,,,
2003-001,2003-05-16 18:00:00,14.5,87.0,0,30.0,996.0,4.0,0.0,30.0,0.0,35.0,-5.0,35.0,-5.0,1,0,,,,,0,,,,,,,,,,,,,,,,,,,,,,,,,,,,,,,,,,,,,,
2003-001,2003-05-16 21:00:00,14.5,87.0,0,30.0,996.0,4.0,0.0,30.0,0.0,35.0,-5.0,35.0,-5.0,1,0,,,,,0,,,,,,,,,,,,,,,,,,,,,,,,,,,,,,,,,,,,,,
2003-001,2003-05-17 00:00:00,14.5,87.0,0,30.0,996.0,4.0,0.0,30.0,0.0,30.0,0.0,35.0,-5.0,1,0,,,,,0,,,,,,,,,,,,,,,,,,,,,,,,,,,,,,,,,,,,,,
2003-001,2003-05-17 03:00:00,14.5,87.5,0,30.0,998.0,4.0,0.0,30.0,0.0,30.0,0.0,35.0,-5.0,1,0,,,,,0,,,,,,,,,,,,,,,,,,,,,,,,,,,,,,,,,,,,,,
2003-001,2003-05-17 06:00:00,14.5,87.5,0,30.0,998.0,4.0,0.0,30.0,0.0,30.0,0.0,35.0,-5.0,1,0,,,,,0,,,,,,,,,,,,,,,,,,,,,,,,,,,,,,,,,,,,,,
2003-001,2003-05-17 09:00:00,14.5,87.5,0,30.0,998.0,4.0,0.0,30.0,0.0,30.0,0.0,35.0,-5.0,1,0,,,,,0,,,,,,,,,,,,,,,,,,,,,,,,,,,,,,,,,,,,,,
2003-001,2003-05-17 12:00:00,14.5,88.0,0,30.0,998.0,4.0,0.0,30.0,0.0,30.0,0.0,30.0,0.0,1,0,,,,,0,,,,,,,,,,,,,,,,,,,,,,,,,,,,,,,,,,,,,,
2003-001,2003-05-17 15:00:00,14.5,88.5,0,30.0,998.0,4.0,0.0,30.0,0.0,30.0,0.0,30.0,0.0,1,0,,,,,0,,,,,,,,,,,,,,,,,,,,,,,,,,,,,,,,,,,,,,
2003-001,2003-05-17 18:00:00,14.5,89.0,0,30.0,998.0,4.0,0.0,30.0,0.0,30.0,0.0,30.0,0.0,1,0,,,,,0,,,,,,,,,,,,,,,,,,,,,,,,,,,,,,,,,,,,,,
2003-001,2003-05-17 21:00:00,14.5,89.5,0,30.0,998.0,4.0,0.0,30.0,0.0,30.0,0.0,30.0,0.0,1,0,,,,,0,,,,,,,,,,,,,,,,,,,,,,,,,,,,,,,,,,,,,,
2003-001,2003-05-18 00:00:00,14.5,90.0,0,30.0,1000.0,4.0,0.0,30.0,0.0,30.0,0.0,30.0,0.0,1,0,,,,,0,,,,,,,,,,,,,,,,,,,,,,,,,,,,,,,,,,,,,,
2003-001,2003-05-18 03:00:00,14.5,90.5,0,30.0,1000.0,4.0,0.0,30.0,0.0,30.0,0.0,30.0,0.0,1,0,,,,,0,,,,,,,,,,,,,,,,,,,,,,,,,,,,,,,,,,,,,,
2003-001,2003-05-18 06:00:00,14.5,90.5,0,30.0,1000.0,4.0,0.0,30.0,0.0,30.0,0.0,30.0,0.0,1,0,,,,,0,,,,,,,,,,,,,,,,,,,,,,,,,,,,,,,,,,,,,,
2003-001,2003-05-18 09:00:00,14.5,90.5,0,30.0,1000.0,4.0,0.0,30.0,0.0,30.0,0.0,30.0,0.0,1,0,,,,,0,,,,,,,,,,,,,,,,,,,,,,,,,,,,,,,,,,,,,,
2003-001,2003-05-18 12:00:00,14.5,91.0,0,30.0,998.0,4.0,0.0,30.0,0.0,30.0,0.0,30.0,0.0,1,0,,,,,0,,,,,,,,,,,,,,,,,,,,,,,,,,,,,,,,,,,,,,
2003-001,2003-05-18 15:00:00,14.5,91.0,0,30.0,998.0,4.0,0.0,30.0,0.0,30.0,0.0,30.0,0.0,1,0,,,,,0,,,,,,,,,,,,,,,,,,,,,,,,,,,,,,,,,,,,,,
2003-001,2003-05-18 18:00:00,15.0,91.5,0,30.0,998.0,4.0,0.0,30.0,0.0,30.0,0.0,30.0,0.0,1,0,,,,,0,,,,,,,,,,,,,,,,,,,,,,,,,,,,,,,,,,,,,,
2003-002,2003-07-25 03:00:00,21.0,89.0,0,25.0,992.0,2.0,,,,,,,,1,0,2003-002_20030725_0300.npy,2003-07-25 03:00:00,0.0,0.0450247933884297,1,,,,,,,,,,,,,,,,,,,,,,,,,,,,,,,,,,,,,,
2003-002,2003-07-25 12:00:00,21.5,88.0,0,30.0,988.0,4.0,,,,,,,,1,0,,,,,0,,,,,,,,,,,,,,,,,,,,,,,,,,,,,,,,,,,,,,
2003-002,2003-07-26 03:00:00,22.0,86.0,0,30.0,990.0,4.0,,,,,,25.0,5.0,1,0,,,,,0,,,,,,,,,,,,,,,,,,,,,,,,,,,,,,,,,,,,,,
2003-002,2003-07-26 12:00:00,22.0,84.0,0,30.0,988.0,4.0,,,,,,30.0,0.0,1,0,,,,,0,,,,,,,,,,,,,,,,,,,,,,,,,,,,,,,,,,,,,,
2003-002,2003-07-27 03:00:00,22.5,80.0,0,25.0,992.0,2.0,,,,,,30.0,-5.0,1,0,,,,,0,,,,,,,,,,,,,,,,,,,,,,,,,,,,,,,,,,,,,,
2003-003,2003-08-27 12:00:00,20.5,88.5,0,25.0,996.0,4.0,,,,,,,,1,0,2003-003_20030827_1200.npy,2003-08-27 12:00:00,0.0,0.1051239669421487,1,,,,,,,,,,,,,,,,,,,,,,,,,,,,,,,,,,,,,,
2003-004,2003-10-06 03:00:00,16.5,84.0,0,25.0,998.0,4.0,,,,,,,,1,0,,,,,0,,,,,,,,,,,,,,,,,,,,,,,,,,,,,,,,,,,,,,
2003-004,2003-10-06 12:00:00,17.5,84.0,0,25.0,998.0,4.0,,,,,,,,1,0,,,,,0,,,,,,,,,,,,,,,,,,,,,,,,,,,,,,,,,,,,,,
2003-004,2003-10-07 03:00:00,19.0,83.0,0,25.0,998.0,4.0,,,,,,25.0,0.0,1,0,,,,,0,,,,,,,,,,,,,,,,,,,,,,,,,,,,,,,,,,,,,,
2003-004,2003-10-07 12:00:00,19.0,83.0,0,25.0,998.0,4.0,,,,,,25.0,0.0,1,0,,,,,0,,,,,,,,,,,,,,,,,,,,,,,,,,,,,,,,,,,,,,
2003-004,2003-10-08 03:00:00,21.0,82.5,0,25.0,998.0,4.0,,,,,,25.0,0.0,1,0,,,,,0,,,,,,,,,,,,,,,,,,,,,,,,,,,,,,,,,,,,,,
2003-004,2003-10-08 12:00:00,21.5,84.5,0,25.0,1000.0,4.0,,,,,,25.0,0.0,1,0,,,,,0,,,,,,,,,,,,,,,,,,,,,,,,,,,,,,,,,,,,,,
2003-005,2003-10-26 12:00:00,13.5,93.5,0,25.0,1004.0,,,,,,,,,1,0,,,,,0,,,,,,,,,,,,,,,,,,,,,,,,,,,,,,,,,,,,,,
2003-005,2003-10-27 03:00:00,14.0,90.5,0,30.0,1004.0,4.0,,,,,,,,1,0,,,,,0,,,,,,,,,,,,,,,,,,,,,,,,,,,,,,,,,,,,,,
2003-007,2003-12-11 12:00:00,4.5,90.5,0,25.0,1004.0,2.0,,,,,,,,1,0,,,,,0,,,,,,,,,,,,,,,,,,,,,,,,,,,,,,,,,,,,,,
2003-007,2003-12-12 03:00:00,6.0,89.0,0,25.0,1006.0,2.0,,,,,,,,1,0,,,,,0,,,,,,,,,,,,,,,,,,,,,,,,,,,,,,,,,,,,,,
2003-007,2003-12-12 12:00:00,7.5,88.0,0,25.0,1004.0,2.0,,,,,,25.0,0.0,1,0,,,,,0,,,,,,,,,,,,,,,,,,,,,,,,,,,,,,,,,,,,,,
2003-007,2003-12-13 03:00:00,9.0,87.5,0,30.0,1004.0,4.0,,,,,,25.0,5.0,1,0,,,,,0,,,,,,,,,,,,,,,,,,,,,,,,,,,,,,,,,,,,,,
2003-007,2003-12-13 12:00:00,9.5,87.0,0,35.0,1002.0,6.0,,,,,,25.0,10.0,1,0,,,,,0,,,,,,,,,,,,,,,,,,,,,,,,,,,,,,,,,,,,,,
2003-007,2003-12-13 15:00:00,10.0,87.0,0,35.0,1002.0,6.0,,,,30.0,5.0,,,1,0,,,,,0,,,,,,,,,,,,,,,,,,,,,,,,,,,,,,,,,,,,,,
2003-007,2003-12-13 18:00:00,10.0,87.0,0,35.0,1002.0,6.0,0.0,35.0,0.0,,,,,1,0,,,,,0,,,,,,,,,,,,,,,,,,,,,,,,,,,,,,,,,,,,,,
2003-007,2003-12-13 21:00:00,10.5,86.5,0,35.0,1000.0,6.0,0.0,35.0,0.0,,,,,1,0,,,,,0,,,,,,,,,,,,,,,,,,,,,,,,,,,,,,,,,,,,,,
2003-007,2003-12-14 00:00:00,10.5,86.0,0,35.0,998.0,6.0,0.0,35.0,0.0,35.0,0.0,,,1,0,,,,,0,,,,,,,,,,,,,,,,,,,,,,,,,,,,,,,,,,,,,,
2003-007,2003-12-14 03:00:00,11.0,85.0,0,45.0,998.0,10.0,10.0,35.0,10.0,35.0,10.0,30.0,15.0,1,0,,,,,0,,,,,,,,,,,,,,,,,,,,,,,,,,,,,,,,,,,,,,
2003-007,2003-12-14 06:00:00,11.0,85.0,0,45.0,996.0,10.0,10.0,35.0,10.0,35.0,10.0,,,1,0,,,,,0,,,,,,,,,,,,,,,,,,,,,,,,,,,,,,,,,,,,,,
2003-007,2003-12-14 09:00:00,11.5,84.5,0,45.0,994.0,10.0,0.0,45.0,0.0,35.0,10.0,,,1,0,,,,,0,,,,,,,,,,,,,,,,,,,,,,,,,,,,,,,,,,,,,,
2003-007,2003-12-14 12:00:00,12.0,83.5,0,55.0,992.0,14.0,10.0,45.0,10.0,35.0,20.0,35.0,20.0,1,0,,,,,0,,,,,,,,,,,,,,,,,,,,,,,,,,,,,,,,,,,,,,
2003-007,2003-12-14 15:00:00,12.5,83.0,0,55.0,992.0,14.0,10.0,45.0,10.0,45.0,10.0,35.0,20.0,1,0,,,,,0,,,,,,,,,,,,,,,,,,,,,,,,,,,,,,,,,,,,,,
2003-007,2003-12-14 18:00:00,12.8,82.5,0,55.0,992.0,14.0,0.0,55.0,0.0,45.0,10.0,35.0,20.0,1,0,,,,,0,,,,,,,,,,,,,,,,,,,,,,,,,,,,,,,,,,,,,,
2004-002,2004-05-16 09:00:00,17.0,91.5,0,25.0,1000.0,3.0,,,,,,,,1,0,,,,,0,,,,,,,,,,,,,,,,,,,,,,,,,,,,,,,,,,,,,,
2004-002,2004-05-16 12:00:00,17.5,91.0,0,25.0,1000.0,3.0,,,,,,,,1,0,,,,,0,,,,,,,,,,,,,,,,,,,,,,,,,,,,,,,,,,,,,,
2004-002,2004-05-16 18:00:00,17.5,91.0,0,30.0,998.0,4.0,5.0,25.0,5.0,,,,,1,0,,,,,0,,,,,,,,,,,,,,,,,,,,,,,,,,,,,,,,,,,,,,
2004-002,2004-05-16 21:00:00,18.0,90.5,0,30.0,998.0,4.0,,,,25.0,5.0,,,1,0,,,,,0,,,,,,,,,,,,,,,,,,,,,,,,,,,,,,,,,,,,,,
2004-002,2004-05-17 00:00:00,18.5,90.5,0,30.0,998.0,4.0,0.0,30.0,0.0,25.0,5.0,,,1,0,,,,,0,,,,,,,,,,,,,,,,,,,,,,,,,,,,,,,,,,,,,,
2004-002,2004-05-17 03:00:00,18.5,90.0,0,35.0,998.0,6.0,5.0,30.0,5.0,,,,,1,0,,,,,0,,,,,,,,,,,,,,,,,,,,,,,,,,,,,,,,,,,,,,
2004-002,2004-05-17 06:00:00,18.5,90.0,0,35.0,998.0,6.0,5.0,30.0,5.0,30.0,5.0,,,1,0,,,,,0,,,,,,,,,,,,,,,,,,,,,,,,,,,,,,,,,,,,,,
2004-002,2004-05-17 09:00:00,18.5,89.5,0,45.0,988.0,10.0,10.0,35.0,10.0,30.0,15.0,25.0,20.0,1,0,,,,,0,,,,,,,,,,,,,,,,,,,,,,,,,,,,,,,,,,,,,,
2004-002,2004-05-17 12:00:00,18.5,89.0,0,45.0,988.0,10.0,10.0,35.0,10.0,30.0,15.0,25.0,20.0,1,0,,,,,0,,,,,,,,,,,,,,,,,,,,,,,,,,,,,,,,,,,,,,
2004-002,2004-05-17 15:00:00,18.5,89.0,0,45.0,988.0,10.0,0.0,45.0,0.0,35.0,10.0,,,1,0,,,,,0,,,,,,,,,,,,,,,,,,,,,,,,,,,,,,,,,,,,,,
2004-002,2004-05-17 18:00:00,18.5,89.0,0,45.0,986.0,10.0,0.0,45.0,0.0,35.0,10.0,30.0,15.0,1,0,,,,,0,,,,,,,,,,,,,,,,,,,,,,,,,,,,,,,,,,,,,,
2004-002,2004-05-17 21:00:00,19.0,88.5,0,45.0,986.0,10.0,0.0,45.0,0.0,45.0,0.0,30.0,15.0,1,0,,,,,0,,,,,,,,,,,,,,,,,,,,,,,,,,,,,,,,,,,,,,
2004-002,2004-05-18 00:00:00,19.0,88.5,1,45.0,986.0,10.0,0.0,45.0,0.0,45.0,0.0,30.0,15.0,1,0,2004-002_20040518_0000.npy,2004-05-18 00:00:00,0.0,0.0222148760330578,1,,,,,,,,,,,,,,,,,,,,,,,,,,,,,,,,,,,,,,
2004-002,2004-05-18 03:00:00,19.0,88.5,1,45.0,986.0,10.0,0.0,45.0,0.0,45.0,0.0,35.0,10.0,1,0,,,,,0,,,,,,,,,,,,,,,,,,,,,,,,,,,,,,,,,,,,,,
2004-004,2004-06-11 03:00:00,15.5,90.0,0,25.0,998.0,3.0,,,,,,,,1,0,,,,,0,,,,,,,,,,,,,,,,,,,,,,,,,,,,,,,,,,,,,,
2004-004,2004-06-11 06:00:00,15.5,90.0,0,25.0,998.0,3.0,,,,,,,,1,0,,,,,0,,,,,,,,,,,,,,,,,,,,,,,,,,,,,,,,,,,,,,
2004-004,2004-06-11 09:00:00,15.5,89.5,0,25.0,998.0,3.0,0.0,25.0,0.0,,,,,1,0,,,,,0,,,,,,,,,,,,,,,,,,,,,,,,,,,,,,,,,,,,,,
2004-004,2004-06-11 12:00:00,15.5,89.0,0,25.0,998.0,3.0,0.0,25.0,0.0,,,,,1,0,,,,,0,,,,,,,,,,,,,,,,,,,,,,,,,,,,,,,,,,,,,,
2004-004,2004-06-11 15:00:00,15.5,89.0,0,25.0,998.0,3.0,0.0,25.0,0.0,25.0,0.0,,,1,0,,,,,0,,,,,,,,,,,,,,,,,,,,,,,,,,,,,,,,,,,,,,
2004-004,2004-06-11 18:00:00,15.5,89.0,0,25.0,998.0,3.0,0.0,25.0,0.0,25.0,0.0,,,1,0,,,,,0,,,,,,,,,,,,,,,,,,,,,,,,,,,,,,,,,,,,,,
2004-004,2004-06-11 21:00:00,15.5,89.0,0,25.0,998.0,3.0,0.0,25.0,0.0,25.0,0.0,,,1,0,,,,,0,,,,,,,,,,,,,,,,,,,,,,,,,,,,,,,,,,,,,,
2004-004,2004-06-12 00:00:00,16.0,88.0,0,25.0,998.0,3.0,0.0,25.0,0.0,25.0,0.0,,,1,0,,,,,0,,,,,,,,,,,,,,,,,,,,,,,,,,,,,,,,,,,,,,
2004-004,2004-06-12 03:00:00,17.5,87.0,0,30.0,996.0,4.0,5.0,25.0,5.0,25.0,5.0,25.0,5.0,1,0,,,,,0,,,,,,,,,,,,,,,,,,,,,,,,,,,,,,,,,,,,,,
2004-004,2004-06-12 06:00:00,17.5,87.0,0,30.0,996.0,4.0,5.0,25.0,5.0,25.0,5.0,25.0,5.0,1,0,,,,,0,,,,,,,,,,,,,,,,,,,,,,,,,,,,,,,,,,,,,,
2004-004,2004-06-12 09:00:00,17.5,86.5,0,30.0,996.0,4.0,0.0,30.0,0.0,25.0,5.0,25.0,5.0,1,0,,,,,0,,,,,,,,,,,,,,,,,,,,,,,,,,,,,,,,,,,,,,
2004-004,2004-06-12 12:00:00,18.0,86.0,0,30.0,994.0,4.0,0.0,30.0,0.0,25.0,5.0,25.0,5.0,1,0,,,,,0,,,,,,,,,,,,,,,,,,,,,,,,,,,,,,,,,,,,,,
2004-004,2004-06-13 03:00:00,19.5,85.5,0,30.0,992.0,6.0,0.0,30.0,0.0,30.0,0.0,30.0,0.0,1,0,,,,,0,,,,,,,,,,,,,,,,,,,,,,,,,,,,,,,,,,,,,,
2004-004,2004-06-13 09:00:00,20.0,85.5,0,30.0,992.0,4.0,0.0,30.0,0.0,30.0,0.0,30.0,0.0,1,0,,,,,0,,,,,,,,,,,,,,,,,,,,,,,,,,,,,,,,,,,,,,
2004-007,2004-10-02 03:00:00,11.5,87.0,0,25.0,1006.0,3.0,,,,,,,,1,0,,,,,0,,,,,,,,,,,,,,,,,,,,,,,,,,,,,,,,,,,,,,
2004-007,2004-10-02 06:00:00,12.0,86.5,0,25.0,1006.0,3.0,,,,,,,,1,0,,,,,0,,,,,,,,,,,,,,,,,,,,,,,,,,,,,,,,,,,,,,
2004-007,2004-10-02 09:00:00,12.5,86.0,0,25.0,1004.0,4.0,0.0,25.0,0.0,,,,,1,0,,,,,0,,,,,,,,,,,,,,,,,,,,,,,,,,,,,,,,,,,,,,
2004-007,2004-10-02 12:00:00,12.5,86.0,0,25.0,1002.0,4.0,0.0,25.0,0.0,,,,,1,0,,,,,0,,,,,,,,,,,,,,,,,,,,,,,,,,,,,,,,,,,,,,
2004-007,2004-10-02 15:00:00,13.0,85.5,0,25.0,1004.0,4.0,0.0,25.0,0.0,25.0,0.0,,,1,0,,,,,0,,,,,,,,,,,,,,,,,,,,,,,,,,,,,,,,,,,,,,
2004-007,2004-10-02 18:00:00,13.0,85.5,0,25.0,1006.0,4.0,0.0,25.0,0.0,25.0,0.0,,,1,0,,,,,0,,,,,,,,,,,,,,,,,,,,,,,,,,,,,,,,,,,,,,
2004-007,2004-10-02 21:00:00,13.0,85.5,0,25.0,1006.0,4.0,0.0,25.0,0.0,25.0,0.0,,,1,0,,,,,0,,,,,,,,,,,,,,,,,,,,,,,,,,,,,,,,,,,,,,
2004-007,2004-10-03 00:00:00,13.5,85.0,0,25.0,1006.0,4.0,0.0,25.0,0.0,25.0,0.0,,,1,0,,,,,0,,,,,,,,,,,,,,,,,,,,,,,,,,,,,,,,,,,,,,
2004-007,2004-10-03 03:00:00,14.5,84.5,0,25.0,1006.0,4.0,0.0,25.0,0.0,25.0,0.0,25.0,0.0,1,0,,,,,0,,,,,,,,,,,,,,,,,,,,,,,,,,,,,,,,,,,,,,
2005-001,2005-01-13 12:00:00,5.5,87.0,0,25.0,1006.0,4.0,,,,,,,,1,0,,,,,0,,,,,,,,,,,,,,,,,,,,,,,,,,,,,,,,,,,,,,
2005-001,2005-01-14 03:00:00,5.5,87.0,0,30.0,1004.0,4.0,,,,,,,,1,0,,,,,0,,,,,,,,,,,,,,,,,,,,,,,,,,,,,,,,,,,,,,
2005-001,2005-01-14 12:00:00,5.5,87.0,0,30.0,1004.0,4.0,,,,,,25.0,5.0,1,0,,,,,0,,,,,,,,,,,,,,,,,,,,,,,,,,,,,,,,,,,,,,
2005-001,2005-01-15 03:00:00,5.5,87.0,0,35.0,1002.0,6.0,,,,,,30.0,5.0,1,0,,,,,0,,,,,,,,,,,,,,,,,,,,,,,,,,,,,,,,,,,,,,
2005-001,2005-01-15 06:00:00,5.5,87.0,0,35.0,1000.0,6.0,,,,,,,,1,0,,,,,0,,,,,,,,,,,,,,,,,,,,,,,,,,,,,,,,,,,,,,
2005-001,2005-01-15 09:00:00,5.5,87.0,0,35.0,1000.0,6.0,0.0,35.0,0.0,,,,,1,0,,,,,0,,,,,,,,,,,,,,,,,,,,,,,,,,,,,,,,,,,,,,
2005-001,2005-01-15 12:00:00,5.5,87.0,0,35.0,1000.0,6.0,0.0,35.0,0.0,,,30.0,5.0,1,0,,,,,0,,,,,,,,,,,,,,,,,,,,,,,,,,,,,,,,,,,,,,
2005-001,2005-01-15 15:00:00,5.5,87.0,0,35.0,1002.0,6.0,0.0,35.0,0.0,35.0,0.0,,,1,0,,,,,0,,,,,,,,,,,,,,,,,,,,,,,,,,,,,,,,,,,,,,
2005-001,2005-01-15 18:00:00,5.5,87.0,0,35.0,1002.0,6.0,0.0,35.0,0.0,35.0,0.0,,,1,0,,,,,0,,,,,,,,,,,,,,,,,,,,,,,,,,,,,,,,,,,,,,
2005-001,2005-01-15 21:00:00,5.5,87.0,0,35.0,1002.0,6.0,0.0,35.0,0.0,35.0,0.0,,,1,0,,,,,0,,,,,,,,,,,,,,,,,,,,,,,,,,,,,,,,,,,,,,
2005-001,2005-01-16 00:00:00,5.5,87.0,0,35.0,1004.0,6.0,0.0,35.0,0.0,35.0,0.0,,,1,0,,,,,0,,,,,,,,,,,,,,,,,,,,,,,,,,,,,,,,,,,,,,
2005-001,2005-01-16 03:00:00,5.5,86.5,0,35.0,1004.0,6.0,0.0,35.0,0.0,35.0,0.0,35.0,0.0,1,0,,,,,0,,,,,,,,,,,,,,,,,,,,,,,,,,,,,,,,,,,,,,
2005-001,2005-01-16 06:00:00,5.5,86.5,0,35.0,1004.0,6.0,0.0,35.0,0.0,35.0,0.0,35.0,0.0,1,0,,,,,0,,,,,,,,,,,,,,,,,,,,,,,,,,,,,,,,,,,,,,
2005-001,2005-01-16 09:00:00,5.5,86.5,0,35.0,1002.0,6.0,0.0,35.0,0.0,35.0,0.0,35.0,0.0,1,0,,,,,0,,,,,,,,,,,,,,,,,,,,,,,,,,,,,,,,,,,,,,
2005-001,2005-01-16 12:00:00,5.5,86.5,0,35.0,1002.0,6.0,0.0,35.0,0.0,35.0,0.0,35.0,0.0,1,0,,,,,0,,,,,,,,,,,,,,,,,,,,,,,,,,,,,,,,,,,,,,
2005-004,2005-07-29 03:00:00,21.5,87.5,0,25.0,992.0,4.0,,,,,,,,1,0,2005-004_20050729_0300.npy,2005-07-29 03:00:00,0.0,0.0248198347107438,1,,,,,,,,,,,,,,,,,,,,,,,,,,,,,,,,,,,,,,
2005-004,2005-07-29 12:00:00,21.5,87.5,0,25.0,990.0,4.0,,,,,,,,1,0,,,,,0,,,,,,,,,,,,,,,,,,,,,,,,,,,,,,,,,,,,,,
2005-004,2005-07-30 03:00:00,21.5,87.5,0,30.0,990.0,5.0,,,,,,25.0,5.0,1,0,,,,,0,,,,,,,,,,,,,,,,,,,,,,,,,,,,,,,,,,,,,,
2005-004,2005-07-30 12:00:00,21.5,85.5,0,30.0,988.0,5.0,,,,,,25.0,5.0,1,0,,,,,0,,,,,,,,,,,,,,,,,,,,,,,,,,,,,,,,,,,,,,
2005-005,2005-09-12 03:00:00,20.0,88.0,0,25.0,992.0,4.0,,,,,,,,1,0,2005-005_20050912_0300.npy,2005-09-12 03:00:00,0.0,0.031692103516921,1,,,,,,,,,,,,,,,,,,,,,,,,,,,,,,,,,,,,,,
2005-005,2005-09-12 12:00:00,21.0,85.0,0,25.0,992.0,4.0,,,,,,,,1,0,,,,,0,,,,,,,,,,,,,,,,,,,,,,,,,,,,,,,,,,,,,,
2005-005,2005-09-13 03:00:00,21.5,84.0,0,25.0,992.0,4.0,,,,,,25.0,0.0,1,0,,,,,0,,,,,,,,,,,,,,,,,,,,,,,,,,,,,,,,,,,,,,
2005-005,2005-09-13 12:00:00,22.0,82.5,0,25.0,992.0,4.0,,,,,,25.0,0.0,1,0,,,,,0,,,,,,,,,,,,,,,,,,,,,,,,,,,,,,,,,,,,,,
2005-005,2005-09-14 03:00:00,23.0,80.0,0,25.0,996.0,4.0,,,,,,25.0,0.0,1,0,,,,,0,,,,,,,,,,,,,,,,,,,,,,,,,,,,,,,,,,,,,,
2005-005,2005-09-14 12:00:00,23.0,80.0,0,25.0,998.0,4.0,,,,,,25.0,0.0,1,0,,,,,0,,,,,,,,,,,,,,,,,,,,,,,,,,,,,,,,,,,,,,
2005-005,2005-09-15 03:00:00,24.5,78.5,0,25.0,1000.0,4.0,,,,,,25.0,0.0,1,0,,,,,0,,,,,,,,,,,,,,,,,,,,,,,,,,,,,,,,,,,,,,
2005-005,2005-09-15 12:00:00,25.5,78.0,0,25.0,996.0,4.0,,,,,,25.0,0.0,1,0,,,,,0,,,,,,,,,,,,,,,,,,,,,,,,,,,,,,,,,,,,,,
2005-007,2005-09-17 03:00:00,20.0,90.5,0,25.0,1000.0,4.0,,,,,,,,1,0,,,,,0,,,,,,,,,,,,,,,,,,,,,,,,,,,,,,,,,,,,,,
2005-007,2005-09-17 12:00:00,20.5,90.0,0,25.0,998.0,4.0,,,,,,,,1,0,,,,,0,,,,,,,,,,,,,,,,,,,,,,,,,,,,,,,,,,,,,,
2005-007,2005-09-18 03:00:00,20.5,87.5,0,30.0,996.0,5.0,,,,,,25.0,5.0,1,0,,,,,0,,,,,,,,,,,,,,,,,,,,,,,,,,,,,,,,,,,,,,
2005-007,2005-09-18 06:00:00,20.0,87.5,0,30.0,996.0,5.0,,,,,,,,1,0,,,,,0,,,,,,,,,,,,,,,,,,,,,,,,,,,,,,,,,,,,,,
2005-007,2005-09-18 09:00:00,19.5,87.0,0,30.0,996.0,5.0,0.0,30.0,0.0,,,,,1,0,,,,,0,,,,,,,,,,,,,,,,,,,,,,,,,,,,,,,,,,,,,,
2005-007,2005-09-18 12:00:00,19.5,86.5,0,35.0,994.0,6.0,5.0,30.0,5.0,,,25.0,10.0,1,0,,,,,0,,,,,,,,,,,,,,,,,,,,,,,,,,,,,,,,,,,,,,
2005-007,2005-09-18 15:00:00,19.5,86.5,0,35.0,992.0,6.0,5.0,30.0,5.0,30.0,5.0,,,1,0,,,,,0,,,,,,,,,,,,,,,,,,,,,,,,,,,,,,,,,,,,,,
2005-007,2005-09-18 18:00:00,19.0,85.5,0,35.0,990.0,6.0,0.0,35.0,0.0,30.0,5.0,,,1,0,,,,,0,,,,,,,,,,,,,,,,,,,,,,,,,,,,,,,,,,,,,,
2005-007,2005-09-18 21:00:00,18.5,84.5,0,35.0,988.0,6.0,0.0,35.0,0.0,30.0,5.0,,,1,0,,,,,0,,,,,,,,,,,,,,,,,,,,,,,,,,,,,,,,,,,,,,
2005-007,2005-09-19 00:00:00,18.5,84.5,0,35.0,988.0,6.0,0.0,35.0,0.0,35.0,0.0,,,1,0,,,,,0,,,,,,,,,,,,,,,,,,,,,,,,,,,,,,,,,,,,,,
2005-007,2005-09-19 03:00:00,18.5,84.0,0,35.0,988.0,6.0,0.0,35.0,0.0,35.0,0.0,30.0,5.0,1,0,,,,,0,,,,,,,,,,,,,,,,,,,,,,,,,,,,,,,,,,,,,,
2005-007,2005-09-19 06:00:00,18.5,83.5,0,35.0,988.0,6.0,0.0,35.0,0.0,35.0,0.0,30.0,5.0,1,0,,,,,0,,,,,,,,,,,,,,,,,,,,,,,,,,,,,,,,,,,,,,
2005-007,2005-09-19 09:00:00,18.5,83.5,0,35.0,988.0,6.0,0.0,35.0,0.0,35.0,0.0,30.0,5.0,1,0,,,,,0,,,,,,,,,,,,,,,,,,,,,,,,,,,,,,,,,,,,,,
2005-007,2005-09-19 12:00:00,18.5,83.5,0,35.0,988.0,6.0,0.0,35.0,0.0,35.0,0.0,35.0,0.0,1,0,,,,,0,,,,,,,,,,,,,,,,,,,,,,,,,,,,,,,,,,,,,,
2005-007,2005-09-20 03:00:00,19.0,82.5,0,30.0,1002.0,5.0,0.0,30.0,0.0,35.0,-5.0,35.0,-5.0,1,0,,,,,0,,,,,,,,,,,,,,,,,,,,,,,,,,,,,,,,,,,,,,
2005-007,2005-09-20 12:00:00,19.0,80.5,0,25.0,1004.0,4.0,-5.0,30.0,-5.0,30.0,-5.0,35.0,-10.0,1,0,,,,,0,,,,,,,,,,,,,,,,,,,,,,,,,,,,,,,,,,,,,,
2005-008,2005-10-26 03:00:00,12.0,84.5,0,25.0,1004.0,4.0,,,,,,,,1,0,,,,,0,,,,,,,,,,,,,,,,,,,,,,,,,,,,,,,,,,,,,,
2005-008,2005-10-26 06:00:00,12.0,84.5,0,25.0,1004.0,4.0,,,,,,,,1,0,,,,,0,,,,,,,,,,,,,,,,,,,,,,,,,,,,,,,,,,,,,,
2005-008,2005-10-26 09:00:00,12.0,84.0,0,25.0,1004.0,4.0,0.0,25.0,0.0,,,,,1,0,,,,,0,,,,,,,,,,,,,,,,,,,,,,,,,,,,,,,,,,,,,,
2005-008,2005-10-26 12:00:00,12.5,84.0,0,25.0,1004.0,4.0,0.0,25.0,0.0,,,,,1,0,,,,,0,,,,,,,,,,,,,,,,,,,,,,,,,,,,,,,,,,,,,,
2005-008,2005-10-26 15:00:00,12.5,84.0,0,25.0,1004.0,4.0,0.0,25.0,0.0,25.0,0.0,,,1,0,,,,,0,,,,,,,,,,,,,,,,,,,,,,,,,,,,,,,,,,,,,,
2005-008,2005-10-26 18:00:00,12.5,84.0,0,30.0,1004.0,5.0,5.0,25.0,5.0,25.0,5.0,,,1,0,,,,,0,,,,,,,,,,,,,,,,,,,,,,,,,,,,,,,,,,,,,,
2005-008,2005-10-26 21:00:00,12.5,84.0,0,30.0,1004.0,5.0,5.0,25.0,5.0,25.0,5.0,,,1,0,,,,,0,,,,,,,,,,,,,,,,,,,,,,,,,,,,,,,,,,,,,,
2005-008,2005-10-27 00:00:00,12.5,84.0,0,30.0,1002.0,5.0,0.0,30.0,0.0,25.0,5.0,,,1,0,,,,,0,,,,,,,,,,,,,,,,,,,,,,,,,,,,,,,,,,,,,,
2005-008,2005-10-27 03:00:00,13.0,82.5,0,30.0,1002.0,5.0,0.0,30.0,0.0,25.0,5.0,25.0,5.0,1,0,,,,,0,,,,,,,,,,,,,,,,,,,,,,,,,,,,,,,,,,,,,,
2005-008,2005-10-27 06:00:00,13.0,81.5,0,30.0,998.0,5.0,0.0,30.0,0.0,30.0,0.0,25.0,5.0,1,0,,,,,0,,,,,,,,,,,,,,,,,,,,,,,,,,,,,,,,,,,,,,
2005-008,2005-10-27 09:00:00,13.0,81.5,0,30.0,998.0,5.0,0.0,30.0,0.0,30.0,0.0,25.0,5.0,1,0,,,,,0,,,,,,,,,,,,,,,,,,,,,,,,,,,,,,,,,,,,,,
2005-008,2005-10-27 12:00:00,13.5,81.5,0,30.0,998.0,5.0,0.0,30.0,0.0,30.0,0.0,25.0,5.0,1,0,,,,,0,,,,,,,,,,,,,,,,,,,,,,,,,,,,,,,,,,,,,,
2005-008,2005-10-28 03:00:00,15.5,80.0,0,30.0,998.0,5.0,0.0,30.0,0.0,30.0,0.0,30.0,0.0,1,0,,,,,0,,,,,,,,,,,,,,,,,,,,,,,,,,,,,,,,,,,,,,
2005-009,2005-11-20 03:00:00,8.0,84.5,0,25.0,1002.0,4.0,,,,,,,,1,0,,,,,0,,,,,,,,,,,,,,,,,,,,,,,,,,,,,,,,,,,,,,
2005-009,2005-11-20 06:00:00,8.0,84.5,0,25.0,1002.0,4.0,,,,,,,,1,0,,,,,0,,,,,,,,,,,,,,,,,,,,,,,,,,,,,,,,,,,,,,
2005-009,2005-11-20 09:00:00,8.0,84.5,0,25.0,1002.0,4.0,0.0,25.0,0.0,,,,,1,0,,,,,0,,,,,,,,,,,,,,,,,,,,,,,,,,,,,,,,,,,,,,
2005-009,2005-11-20 12:00:00,8.0,84.0,0,25.0,1002.0,4.0,0.0,25.0,0.0,,,,,1,0,,,,,0,,,,,,,,,,,,,,,,,,,,,,,,,,,,,,,,,,,,,,
2005-009,2005-11-20 15:00:00,8.0,84.0,0,25.0,1002.0,4.0,0.0,25.0,0.0,25.0,0.0,,,1,0,,,,,0,,,,,,,,,,,,,,,,,,,,,,,,,,,,,,,,,,,,,,
2005-009,2005-11-20 18:00:00,8.0,84.0,0,25.0,1002.0,4.0,0.0,25.0,0.0,25.0,0.0,,,1,0,,,,,0,,,,,,,,,,,,,,,,,,,,,,,,,,,,,,,,,,,,,,
2005-009,2005-11-20 21:00:00,8.0,84.0,0,25.0,1002.0,4.0,0.0,25.0,0.0,25.0,0.0,,,1,0,,,,,0,,,,,,,,,,,,,,,,,,,,,,,,,,,,,,,,,,,,,,
2005-009,2005-11-21 00:00:00,8.0,84.0,0,25.0,1002.0,4.0,0.0,25.0,0.0,25.0,0.0,,,1,0,,,,,0,,,,,,,,,,,,,,,,,,,,,,,,,,,,,,,,,,,,,,
2005-009,2005-11-21 03:00:00,8.5,83.0,0,25.0,1002.0,4.0,0.0,25.0,0.0,25.0,0.0,25.0,0.0,1,0,,,,,0,,,,,,,,,,,,,,,,,,,,,,,,,,,,,,,,,,,,,,
2005-009,2005-11-21 06:00:00,8.5,83.0,0,25.0,1002.0,4.0,0.0,25.0,0.0,25.0,0.0,25.0,0.0,1,0,,,,,0,,,,,,,,,,,,,,,,,,,,,,,,,,,,,,,,,,,,,,
2005-009,2005-11-21 09:00:00,9.0,82.0,0,25.0,1002.0,4.0,0.0,25.0,0.0,25.0,0.0,25.0,0.0,1,0,,,,,0,,,,,,,,,,,,,,,,,,,,,,,,,,,,,,,,,,,,,,
2005-010,2005-11-28 03:00:00,10.5,90.5,0,25.0,1006.0,4.0,,,,,,,,1,0,2005-010_20051128_0300.npy,2005-11-28 03:00:00,0.0,0.0131702479338842,1,,,,,,,,,,,,,,,,,,,,,,,,,,,,,,,,,,,,,,
2005-010,2005-11-28 06:00:00,10.5,90.0,0,30.0,1004.0,5.0,,,,,,,,1,0,,,,,0,,,,,,,,,,,,,,,,,,,,,,,,,,,,,,,,,,,,,,
2005-010,2005-11-28 09:00:00,10.5,89.0,0,30.0,1004.0,5.0,5.0,25.0,5.0,,,,,1,0,,,,,0,,,,,,,,,,,,,,,,,,,,,,,,,,,,,,,,,,,,,,
2005-010,2005-11-28 12:00:00,10.5,88.5,0,30.0,1004.0,5.0,0.0,30.0,0.0,,,,,1,0,,,,,0,,,,,,,,,,,,,,,,,,,,,,,,,,,,,,,,,,,,,,
2005-010,2005-11-28 15:00:00,10.5,88.0,0,30.0,1004.0,5.0,0.0,30.0,0.0,25.0,5.0,,,1,0,,,,,0,,,,,,,,,,,,,,,,,,,,,,,,,,,,,,,,,,,,,,
2005-010,2005-11-28 18:00:00,10.5,88.0,0,35.0,1004.0,6.0,5.0,30.0,5.0,30.0,5.0,,,1,0,,,,,0,,,,,,,,,,,,,,,,,,,,,,,,,,,,,,,,,,,,,,
2005-010,2005-11-28 21:00:00,10.5,88.0,0,35.0,1004.0,6.0,5.0,30.0,5.0,30.0,5.0,,,1,0,,,,,0,,,,,,,,,,,,,,,,,,,,,,,,,,,,,,,,,,,,,,
2005-010,2005-11-29 00:00:00,10.5,87.5,0,35.0,1002.0,6.0,0.0,35.0,0.0,30.0,5.0,,,1,0,,,,,0,,,,,,,,,,,,,,,,,,,,,,,,,,,,,,,,,,,,,,
2005-010,2005-11-29 03:00:00,10.5,87.0,0,45.0,1002.0,8.0,10.0,35.0,10.0,30.0,15.0,25.0,20.0,1,0,,,,,0,,,,,,,,,,,,,,,,,,,,,,,,,,,,,,,,,,,,,,
2005-010,2005-11-29 06:00:00,11.0,86.0,0,45.0,998.0,10.0,10.0,35.0,10.0,35.0,10.0,30.0,15.0,1,0,,,,,0,,,,,,,,,,,,,,,,,,,,,,,,,,,,,,,,,,,,,,
2005-010,2005-11-29 09:00:00,11.5,85.0,0,45.0,998.0,10.0,0.0,45.0,0.0,35.0,10.0,30.0,15.0,1,0,,,,,0,,,,,,,,,,,,,,,,,,,,,,,,,,,,,,,,,,,,,,
2005-010,2005-11-29 12:00:00,12.0,84.0,0,45.0,998.0,10.0,0.0,45.0,0.0,35.0,10.0,30.0,15.0,1,0,,,,,0,,,,,,,,,,,,,,,,,,,,,,,,,,,,,,,,,,,,,,
2005-010,2005-11-29 15:00:00,12.0,84.0,0,45.0,998.0,10.0,0.0,45.0,0.0,45.0,0.0,30.0,15.0,1,0,,,,,0,,,,,,,,,,,,,,,,,,,,,,,,,,,,,,,,,,,,,,
2005-010,2005-11-29 18:00:00,12.0,84.0,0,45.0,998.0,10.0,0.0,45.0,0.0,45.0,0.0,35.0,10.0,1,0,,,,,0,,,,,,,,,,,,,,,,,,,,,,,,,,,,,,,,,,,,,,
2005-010,2005-11-29 21:00:00,12.0,84.0,0,45.0,998.0,10.0,0.0,45.0,0.0,45.0,0.0,35.0,10.0,1,0,,,,,0,,,,,,,,,,,,,,,,,,,,,,,,,,,,,,,,,,,,,,
2005-010,2005-11-30 00:00:00,12.0,84.0,0,45.0,998.0,10.0,0.0,45.0,0.0,45.0,0.0,35.0,10.0,1,0,,,,,0,,,,,,,,,,,,,,,,,,,,,,,,,,,,,,,,,,,,,,
2005-010,2005-11-30 03:00:00,12.0,84.0,0,45.0,998.0,10.0,0.0,45.0,0.0,45.0,0.0,45.0,0.0,1,0,,,,,0,,,,,,,,,,,,,,,,,,,,,,,,,,,,,,,,,,,,,,
2005-010,2005-11-30 06:00:00,12.5,84.0,0,35.0,998.0,8.0,-10.0,45.0,-10.0,45.0,-10.0,45.0,-10.0,1,0,,,,,0,,,,,,,,,,,,,,,,,,,,,,,,,,,,,,,,,,,,,,
2005-010,2005-11-30 09:00:00,12.5,84.0,0,35.0,998.0,6.0,-10.0,45.0,-10.0,45.0,-10.0,45.0,-10.0,1,0,,,,,0,,,,,,,,,,,,,,,,,,,,,,,,,,,,,,,,,,,,,,
2005-010,2005-11-30 12:00:00,12.5,84.0,0,35.0,998.0,6.0,0.0,35.0,0.0,45.0,-10.0,45.0,-10.0,1,0,,,,,0,,,,,,,,,,,,,,,,,,,,,,,,,,,,,,,,,,,,,,
2005-010,2005-11-30 15:00:00,12.5,84.0,0,35.0,998.0,6.0,0.0,35.0,0.0,45.0,-10.0,45.0,-10.0,1,0,,,,,0,,,,,,,,,,,,,,,,,,,,,,,,,,,,,,,,,,,,,,
2005-010,2005-11-30 18:00:00,12.5,84.0,0,35.0,998.0,6.0,0.0,35.0,0.0,35.0,0.0,45.0,-10.0,1,0,,,,,0,,,,,,,,,,,,,,,,,,,,,,,,,,,,,,,,,,,,,,
2005-010,2005-11-30 21:00:00,12.5,84.0,0,35.0,998.0,6.0,0.0,35.0,0.0,35.0,0.0,45.0,-10.0,1,0,,,,,0,,,,,,,,,,,,,,,,,,,,,,,,,,,,,,,,,,,,,,
2005-010,2005-12-01 00:00:00,12.5,84.0,0,35.0,998.0,6.0,0.0,35.0,0.0,35.0,0.0,45.0,-10.0,1,0,,,,,0,,,,,,,,,,,,,,,,,,,,,,,,,,,,,,,,,,,,,,
2005-010,2005-12-01 03:00:00,12.5,84.0,0,35.0,998.0,6.0,0.0,35.0,0.0,35.0,0.0,45.0,-10.0,1,0,,,,,0,,,,,,,,,,,,,,,,,,,,,,,,,,,,,,,,,,,,,,
2005-011,2005-12-06 03:00:00,10.5,89.5,0,25.0,1006.0,4.0,,,,,,,,1,0,,,,,0,,,,,,,,,,,,,,,,,,,,,,,,,,,,,,,,,,,,,,
2005-011,2005-12-06 06:00:00,10.5,89.5,0,25.0,1004.0,4.0,,,,,,,,1,0,,,,,0,,,,,,,,,,,,,,,,,,,,,,,,,,,,,,,,,,,,,,
2005-011,2005-12-06 09:00:00,11.0,89.0,0,30.0,1004.0,5.0,5.0,25.0,5.0,,,,,1,0,,,,,0,,,,,,,,,,,,,,,,,,,,,,,,,,,,,,,,,,,,,,
2005-011,2005-12-06 12:00:00,11.0,89.0,0,30.0,1004.0,5.0,5.0,25.0,5.0,,,,,1,0,,,,,0,,,,,,,,,,,,,,,,,,,,,,,,,,,,,,,,,,,,,,
2005-011,2005-12-06 15:00:00,11.0,89.0,0,30.0,1004.0,5.0,0.0,30.0,0.0,25.0,5.0,,,1,0,,,,,0,,,,,,,,,,,,,,,,,,,,,,,,,,,,,,,,,,,,,,
2005-011,2005-12-06 18:00:00,11.0,88.5,0,30.0,1004.0,5.0,0.0,30.0,0.0,25.0,5.0,,,1,0,,,,,0,,,,,,,,,,,,,,,,,,,,,,,,,,,,,,,,,,,,,,
2005-011,2005-12-06 21:00:00,11.0,88.5,0,30.0,1004.0,5.0,0.0,30.0,0.0,30.0,0.0,,,1,0,,,,,0,,,,,,,,,,,,,,,,,,,,,,,,,,,,,,,,,,,,,,
2005-011,2005-12-07 00:00:00,11.0,88.5,0,30.0,1002.0,5.0,0.0,30.0,0.0,30.0,0.0,,,1,0,,,,,0,,,,,,,,,,,,,,,,,,,,,,,,,,,,,,,,,,,,,,
2005-011,2005-12-07 03:00:00,11.0,87.5,0,35.0,1000.0,6.0,5.0,30.0,5.0,30.0,5.0,25.0,10.0,1,0,,,,,0,,,,,,,,,,,,,,,,,,,,,,,,,,,,,,,,,,,,,,
2005-011,2005-12-07 06:00:00,11.0,87.0,0,40.0,1000.0,8.0,10.0,30.0,10.0,30.0,10.0,25.0,15.0,1,0,,,,,0,,,,,,,,,,,,,,,,,,,,,,,,,,,,,,,,,,,,,,
2005-011,2005-12-07 09:00:00,11.0,86.5,0,45.0,998.0,10.0,10.0,35.0,10.0,30.0,15.0,30.0,15.0,1,0,,,,,0,,,,,,,,,,,,,,,,,,,,,,,,,,,,,,,,,,,,,,
2005-011,2005-12-07 12:00:00,11.0,86.5,0,45.0,998.0,10.0,5.0,40.0,5.0,30.0,15.0,30.0,15.0,1,0,,,,,0,,,,,,,,,,,,,,,,,,,,,,,,,,,,,,,,,,,,,,
2005-011,2005-12-07 15:00:00,11.0,86.5,0,45.0,998.0,10.0,0.0,45.0,0.0,35.0,10.0,30.0,15.0,1,0,,,,,0,,,,,,,,,,,,,,,,,,,,,,,,,,,,,,,,,,,,,,
2005-011,2005-12-07 18:00:00,11.0,86.0,0,45.0,998.0,10.0,0.0,45.0,0.0,40.0,5.0,30.0,15.0,1,0,,,,,0,,,,,,,,,,,,,,,,,,,,,,,,,,,,,,,,,,,,,,
2005-011,2005-12-07 21:00:00,11.0,86.0,0,45.0,998.0,10.0,0.0,45.0,0.0,45.0,0.0,30.0,15.0,1,0,,,,,0,,,,,,,,,,,,,,,,,,,,,,,,,,,,,,,,,,,,,,
2005-011,2005-12-08 00:00:00,11.0,86.0,0,45.0,998.0,10.0,0.0,45.0,0.0,45.0,0.0,30.0,15.0,1,0,,,,,0,,,,,,,,,,,,,,,,,,,,,,,,,,,,,,,,,,,,,,
2005-011,2005-12-08 03:00:00,10.5,86.0,0,45.0,998.0,10.0,0.0,45.0,0.0,45.0,0.0,35.0,10.0,1,0,,,,,0,,,,,,,,,,,,,,,,,,,,,,,,,,,,,,,,,,,,,,
2005-011,2005-12-08 06:00:00,10.5,85.5,0,45.0,998.0,10.0,0.0,45.0,0.0,45.0,0.0,40.0,5.0,1,0,,,,,0,,,,,,,,,,,,,,,,,,,,,,,,,,,,,,,,,,,,,,
2005-011,2005-12-08 09:00:00,10.5,85.0,0,45.0,998.0,10.0,0.0,45.0,0.0,45.0,0.0,45.0,0.0,1,0,,,,,0,,,,,,,,,,,,,,,,,,,,,,,,,,,,,,,,,,,,,,
2005-011,2005-12-08 12:00:00,10.5,84.5,0,45.0,998.0,10.0,0.0,45.0,0.0,45.0,0.0,45.0,0.0,1,0,,,,,0,,,,,,,,,,,,,,,,,,,,,,,,,,,,,,,,,,,,,,
2005-011,2005-12-08 15:00:00,10.5,84.5,0,45.0,998.0,10.0,0.0,45.0,0.0,45.0,0.0,45.0,0.0,1,0,,,,,0,,,,,,,,,,,,,,,,,,,,,,,,,,,,,,,,,,,,,,
2005-011,2005-12-08 18:00:00,10.5,84.0,0,45.0,998.0,10.0,0.0,45.0,0.0,45.0,0.0,45.0,0.0,1,0,,,,,0,,,,,,,,,,,,,,,,,,,,,,,,,,,,,,,,,,,,,,
2005-011,2005-12-08 21:00:00,10.5,84.0,0,45.0,998.0,10.0,0.0,45.0,0.0,45.0,0.0,45.0,0.0,1,0,,,,,0,,,,,,,,,,,,,,,,,,,,,,,,,,,,,,,,,,,,,,
2005-011,2005-12-09 03:00:00,10.5,83.0,0,45.0,998.0,10.0,0.0,45.0,0.0,45.0,0.0,45.0,0.0,1,0,,,,,0,,,,,,,,,,,,,,,,,,,,,,,,,,,,,,,,,,,,,,
2005-011,2005-12-09 06:00:00,10.5,83.0,0,45.0,998.0,10.0,0.0,45.0,0.0,45.0,0.0,45.0,0.0,1,0,,,,,0,,,,,,,,,,,,,,,,,,,,,,,,,,,,,,,,,,,,,,
2005-011,2005-12-09 09:00:00,10.5,82.5,0,45.0,998.0,10.0,0.0,45.0,0.0,45.0,0.0,45.0,0.0,1,0,,,,,0,,,,,,,,,,,,,,,,,,,,,,,,,,,,,,,,,,,,,,
2005-011,2005-12-09 12:00:00,10.5,82.0,0,45.0,998.0,10.0,0.0,45.0,0.0,45.0,0.0,45.0,0.0,1,0,,,,,0,,,,,,,,,,,,,,,,,,,,,,,,,,,,,,,,,,,,,,
2005-012,2005-12-15 12:00:00,8.0,87.0,0,25.0,1006.0,4.0,,,,,,,,1,0,,,,,0,,,,,,,,,,,,,,,,,,,,,,,,,,,,,,,,,,,,,,
2005-012,2005-12-15 15:00:00,8.0,87.0,0,25.0,1004.0,4.0,,,,,,,,1,0,,,,,0,,,,,,,,,,,,,,,,,,,,,,,,,,,,,,,,,,,,,,
2005-012,2005-12-15 18:00:00,8.0,87.0,0,25.0,1004.0,4.0,0.0,25.0,0.0,,,,,1,0,,,,,0,,,,,,,,,,,,,,,,,,,,,,,,,,,,,,,,,,,,,,
2005-012,2005-12-15 21:00:00,8.0,87.0,0,25.0,1004.0,4.0,0.0,25.0,0.0,,,,,1,0,,,,,0,,,,,,,,,,,,,,,,,,,,,,,,,,,,,,,,,,,,,,
2005-012,2005-12-16 00:00:00,8.0,87.0,0,25.0,1004.0,4.0,0.0,25.0,0.0,25.0,0.0,,,1,0,,,,,0,,,,,,,,,,,,,,,,,,,,,,,,,,,,,,,,,,,,,,
2005-012,2005-12-16 03:00:00,8.0,85.0,0,25.0,1002.0,4.0,0.0,25.0,0.0,25.0,0.0,,,1,0,,,,,0,,,,,,,,,,,,,,,,,,,,,,,,,,,,,,,,,,,,,,
2005-012,2005-12-16 06:00:00,8.0,85.0,0,25.0,1002.0,4.0,0.0,25.0,0.0,25.0,0.0,,,1,0,,,,,0,,,,,,,,,,,,,,,,,,,,,,,,,,,,,,,,,,,,,,
2005-012,2005-12-16 09:00:00,8.0,84.5,0,25.0,1002.0,4.0,0.0,25.0,0.0,25.0,0.0,,,1,0,,,,,0,,,,,,,,,,,,,,,,,,,,,,,,,,,,,,,,,,,,,,
2005-012,2005-12-16 12:00:00,8.0,84.5,0,25.0,1002.0,4.0,0.0,25.0,0.0,25.0,0.0,25.0,0.0,1,0,,,,,0,,,,,,,,,,,,,,,,,,,,,,,,,,,,,,,,,,,,,,
2005-012,2005-12-16 15:00:00,8.0,84.5,0,25.0,1002.0,4.0,0.0,25.0,0.0,25.0,0.0,25.0,0.0,1,0,,,,,0,,,,,,,,,,,,,,,,,,,,,,,,,,,,,,,,,,,,,,
2005-012,2005-12-16 18:00:00,8.0,84.5,0,25.0,1002.0,4.0,0.0,25.0,0.0,25.0,0.0,25.0,0.0,1,0,,,,,0,,,,,,,,,,,,,,,,,,,,,,,,,,,,,,,,,,,,,,
2005-012,2005-12-16 21:00:00,8.0,84.5,0,25.0,1002.0,4.0,0.0,25.0,0.0,25.0,0.0,25.0,0.0,1,0,,,,,0,,,,,,,,,,,,,,,,,,,,,,,,,,,,,,,,,,,,,,
2005-012,2005-12-17 00:00:00,8.0,84.0,0,25.0,1002.0,4.0,0.0,25.0,0.0,25.0,0.0,25.0,0.0,1,0,,,,,0,,,,,,,,,,,,,,,,,,,,,,,,,,,,,,,,,,,,,,
2005-012,2005-12-17 03:00:00,8.0,84.0,0,30.0,1000.0,5.0,5.0,25.0,5.0,25.0,5.0,25.0,5.0,1,0,,,,,0,,,,,,,,,,,,,,,,,,,,,,,,,,,,,,,,,,,,,,
2005-012,2005-12-17 06:00:00,8.0,84.0,0,30.0,1000.0,5.0,5.0,25.0,5.0,25.0,5.0,25.0,5.0,1,0,,,,,0,,,,,,,,,,,,,,,,,,,,,,,,,,,,,,,,,,,,,,
2005-012,2005-12-17 09:00:00,8.5,83.5,0,30.0,1000.0,5.0,0.0,30.0,0.0,25.0,5.0,25.0,5.0,1,0,,,,,0,,,,,,,,,,,,,,,,,,,,,,,,,,,,,,,,,,,,,,
2005-012,2005-12-17 12:00:00,8.5,83.5,0,30.0,1000.0,5.0,0.0,30.0,0.0,25.0,5.0,25.0,5.0,1,0,,,,,0,,,,,,,,,,,,,,,,,,,,,,,,,,,,,,,,,,,,,,
2005-012,2005-12-17 15:00:00,8.5,83.5,0,30.0,1000.0,5.0,0.0,30.0,0.0,30.0,0.0,25.0,5.0,1,0,,,,,0,,,,,,,,,,,,,,,,,,,,,,,,,,,,,,,,,,,,,,
2005-012,2005-12-17 18:00:00,9.0,83.0,0,30.0,1000.0,5.0,0.0,30.0,0.0,30.0,0.0,25.0,5.0,1,0,,,,,0,,,,,,,,,,,,,,,,,,,,,,,,,,,,,,,,,,,,,,
2005-012,2005-12-17 21:00:00,9.0,83.0,0,30.0,1000.0,5.0,0.0,30.0,0.0,30.0,0.0,25.0,5.0,1,0,,,,,0,,,,,,,,,,,,,,,,,,,,,,,,,,,,,,,,,,,,,,
2005-012,2005-12-18 00:00:00,9.5,83.0,0,30.0,1000.0,5.0,0.0,30.0,0.0,30.0,0.0,25.0,5.0,1,0,,,,,0,,,,,,,,,,,,,,,,,,,,,,,,,,,,,,,,,,,,,,
2005-012,2005-12-18 03:00:00,10.0,83.0,0,30.0,1000.0,5.0,0.0,30.0,0.0,30.0,0.0,30.0,0.0,1,0,,,,,0,,,,,,,,,,,,,,,,,,,,,,,,,,,,,,,,,,,,,,
2005-012,2005-12-18 06:00:00,10.0,83.0,0,30.0,1000.0,5.0,0.0,30.0,0.0,30.0,0.0,30.0,0.0,1,0,,,,,0,,,,,,,,,,,,,,,,,,,,,,,,,,,,,,,,,,,,,,
2005-012,2005-12-18 09:00:00,10.5,82.5,0,30.0,1000.0,5.0,0.0,30.0,0.0,30.0,0.0,30.0,0.0,1,0,,,,,0,,,,,,,,,,,,,,,,,,,,,,,,,,,,,,,,,,,,,,
2005-012,2005-12-18 12:00:00,10.5,82.5,0,30.0,1000.0,5.0,0.0,30.0,0.0,30.0,0.0,30.0,0.0,1,0,,,,,0,,,,,,,,,,,,,,,,,,,,,,,,,,,,,,,,,,,,,,
2005-012,2005-12-18 15:00:00,10.5,82.5,0,30.0,1000.0,5.0,0.0,30.0,0.0,30.0,0.0,30.0,0.0,1,0,,,,,0,,,,,,,,,,,,,,,,,,,,,,,,,,,,,,,,,,,,,,
2005-012,2005-12-18 18:00:00,11.0,82.5,0,30.0,1000.0,5.0,0.0,30.0,0.0,30.0,0.0,30.0,0.0,1,0,,,,,0,,,,,,,,,,,,,,,,,,,,,,,,,,,,,,,,,,,,,,
2005-012,2005-12-18 21:00:00,11.0,82.5,0,30.0,1000.0,5.0,0.0,30.0,0.0,30.0,0.0,30.0,0.0,1,0,,,,,0,,,,,,,,,,,,,,,,,,,,,,,,,,,,,,,,,,,,,,
2005-012,2005-12-19 00:00:00,11.0,82.5,0,30.0,1000.0,5.0,0.0,30.0,0.0,30.0,0.0,30.0,0.0,1,0,,,,,0,,,,,,,,,,,,,,,,,,,,,,,,,,,,,,,,,,,,,,
2005-012,2005-12-19 03:00:00,11.0,82.5,0,30.0,1000.0,5.0,0.0,30.0,0.0,30.0,0.0,30.0,0.0,1,0,,,,,0,,,,,,,,,,,,,,,,,,,,,,,,,,,,,,,,,,,,,,
2005-012,2005-12-19 06:00:00,11.0,82.5,0,30.0,1000.0,5.0,0.0,30.0,0.0,30.0,0.0,30.0,0.0,1,0,,,,,0,,,,,,,,,,,,,,,,,,,,,,,,,,,,,,,,,,,,,,
2005-012,2005-12-19 09:00:00,11.0,82.5,0,30.0,1000.0,5.0,0.0,30.0,0.0,30.0,0.0,30.0,0.0,1,0,,,,,0,,,,,,,,,,,,,,,,,,,,,,,,,,,,,,,,,,,,,,
2005-012,2005-12-19 12:00:00,11.0,82.5,0,30.0,1000.0,5.0,0.0,30.0,0.0,30.0,0.0,30.0,0.0,1,0,,,,,0,,,,,,,,,,,,,,,,,,,,,,,,,,,,,,,,,,,,,,
2005-012,2005-12-19 15:00:00,11.5,82.5,0,30.0,1000.0,5.0,0.0,30.0,0.0,30.0,0.0,30.0,0.0,1,0,,,,,0,,,,,,,,,,,,,,,,,,,,,,,,,,,,,,,,,,,,,,
2005-012,2005-12-19 18:00:00,11.5,82.5,0,30.0,1000.0,5.0,0.0,30.0,0.0,30.0,0.0,30.0,0.0,1,0,,,,,0,,,,,,,,,,,,,,,,,,,,,,,,,,,,,,,,,,,,,,
2005-012,2005-12-19 21:00:00,11.5,82.5,0,30.0,1000.0,5.0,0.0,30.0,0.0,30.0,0.0,30.0,0.0,1,0,,,,,0,,,,,,,,,,,,,,,,,,,,,,,,,,,,,,,,,,,,,,
2005-012,2005-12-20 00:00:00,11.5,83.0,0,30.0,1000.0,5.0,0.0,30.0,0.0,30.0,0.0,30.0,0.0,1,0,,,,,0,,,,,,,,,,,,,,,,,,,,,,,,,,,,,,,,,,,,,,
2005-012,2005-12-20 03:00:00,11.5,83.5,0,30.0,1000.0,5.0,0.0,30.0,0.0,30.0,0.0,30.0,0.0,1,0,,,,,0,,,,,,,,,,,,,,,,,,,,,,,,,,,,,,,,,,,,,,
2005-012,2005-12-20 06:00:00,11.5,84.0,0,25.0,1002.0,4.0,-5.0,30.0,-5.0,30.0,-5.0,30.0,-5.0,1,0,,,,,0,,,,,,,,,,,,,,,,,,,,,,,,,,,,,,,,,,,,,,
2005-012,2005-12-20 09:00:00,12.0,84.5,0,25.0,1002.0,4.0,-5.0,30.0,-5.0,30.0,-5.0,30.0,-5.0,1,0,,,,,0,,,,,,,,,,,,,,,,,,,,,,,,,,,,,,,,,,,,,,
2005-012,2005-12-20 12:00:00,12.0,84.5,0,25.0,1002.0,4.0,0.0,25.0,0.0,30.0,-5.0,30.0,-5.0,1,0,,,,,0,,,,,,,,,,,,,,,,,,,,,,,,,,,,,,,,,,,,,,
2005-012,2005-12-20 15:00:00,12.0,84.5,0,25.0,1002.0,4.0,0.0,25.0,0.0,30.0,-5.0,30.0,-5.0,1,0,,,,,0,,,,,,,,,,,,,,,,,,,,,,,,,,,,,,,,,,,,,,
2005-012,2005-12-20 18:00:00,12.0,84.5,0,25.0,1002.0,4.0,0.0,25.0,0.0,25.0,0.0,30.0,-5.0,1,0,,,,,0,,,,,,,,,,,,,,,,,,,,,,,,,,,,,,,,,,,,,,
2005-012,2005-12-20 21:00:00,12.0,84.5,0,25.0,1002.0,4.0,0.0,25.0,0.0,25.0,0.0,30.0,-5.0,1,0,,,,,0,,,,,,,,,,,,,,,,,,,,,,,,,,,,,,,,,,,,,,
2005-012,2005-12-21 00:00:00,12.0,84.5,0,25.0,1002.0,4.0,0.0,25.0,0.0,25.0,0.0,30.0,-5.0,1,0,,,,,0,,,,,,,,,,,,,,,,,,,,,,,,,,,,,,,,,,,,,,
2006-002,2006-04-25 03:00:00,9.5,90.5,0,25.0,996.0,4.0,,,,,,,,1,0,,,,,0,,,,,,,,,,,,,,,,,,,,,,,,,,,,,,,,,,,,,,
2006-002,2006-04-25 06:00:00,9.5,90.5,0,25.0,996.0,4.0,,,,,,,,1,0,,,,,0,,,,,,,,,,,,,,,,,,,,,,,,,,,,,,,,,,,,,,
2006-002,2006-04-25 09:00:00,9.5,90.0,0,30.0,996.0,4.0,5.0,25.0,5.0,,,,,1,0,,,,,0,,,,,,,,,,,,,,,,,,,,,,,,,,,,,,,,,,,,,,
2006-002,2006-04-25 12:00:00,10.0,89.5,0,35.0,996.0,5.0,10.0,25.0,10.0,,,,,1,0,,,,,0,,,,,,,,,,,,,,,,,,,,,,,,,,,,,,,,,,,,,,
2006-002,2006-04-25 15:00:00,10.0,89.5,0,35.0,996.0,5.0,5.0,30.0,5.0,25.0,10.0,,,1,0,,,,,0,,,,,,,,,,,,,,,,,,,,,,,,,,,,,,,,,,,,,,
2006-002,2006-04-25 18:00:00,10.0,89.5,0,35.0,996.0,5.0,0.0,35.0,0.0,25.0,10.0,,,1,0,,,,,0,,,,,,,,,,,,,,,,,,,,,,,,,,,,,,,,,,,,,,
2006-002,2006-04-25 21:00:00,10.0,89.5,0,35.0,996.0,5.0,0.0,35.0,0.0,30.0,5.0,,,1,0,,,,,0,,,,,,,,,,,,,,,,,,,,,,,,,,,,,,,,,,,,,,
2006-002,2006-04-26 00:00:00,10.5,89.0,0,45.0,994.0,6.0,10.0,35.0,10.0,35.0,10.0,,,1,0,,,,,0,,,,,,,,,,,,,,,,,,,,,,,,,,,,,,,,,,,,,,
2006-002,2006-04-26 03:00:00,10.5,89.0,0,45.0,994.0,6.0,10.0,35.0,10.0,35.0,10.0,25.0,20.0,1,0,,,,,0,,,,,,,,,,,,,,,,,,,,,,,,,,,,,,,,,,,,,,
2006-002,2006-04-26 06:00:00,11.0,89.0,0,45.0,994.0,6.0,0.0,45.0,0.0,35.0,10.0,25.0,20.0,1,0,,,,,0,,,,,,,,,,,,,,,,,,,,,,,,,,,,,,,,,,,,,,
2006-002,2006-04-26 09:00:00,11.0,89.5,0,45.0,994.0,6.0,0.0,45.0,0.0,35.0,10.0,30.0,15.0,1,0,,,,,0,,,,,,,,,,,,,,,,,,,,,,,,,,,,,,,,,,,,,,
2006-002,2006-04-26 12:00:00,11.5,90.0,0,45.0,994.0,6.0,0.0,45.0,0.0,45.0,0.0,35.0,10.0,1,0,,,,,0,,,,,,,,,,,,,,,,,,,,,,,,,,,,,,,,,,,,,,
2006-002,2006-04-26 15:00:00,12.0,90.5,0,45.0,994.0,6.0,0.0,45.0,0.0,45.0,0.0,35.0,10.0,1,0,,,,,0,,,,,,,,,,,,,,,,,,,,,,,,,,,,,,,,,,,,,,
2006-002,2006-04-26 18:00:00,12.0,90.5,0,45.0,994.0,6.0,0.0,45.0,0.0,45.0,0.0,35.0,10.0,1,0,,,,,0,,,,,,,,,,,,,,,,,,,,,,,,,,,,,,,,,,,,,,
2006-002,2006-04-26 21:00:00,12.0,90.5,0,45.0,994.0,6.0,0.0,45.0,0.0,45.0,0.0,35.0,10.0,1,0,,,,,0,,,,,,,,,,,,,,,,,,,,,,,,,,,,,,,,,,,,,,
2006-002,2006-04-27 00:00:00,12.0,90.5,0,45.0,994.0,6.0,0.0,45.0,0.0,45.0,0.0,45.0,0.0,1,0,,,,,0,,,,,,,,,,,,,,,,,,,,,,,,,,,,,,,,,,,,,,
2006-002,2006-04-27 03:00:00,12.5,90.5,0,55.0,990.0,8.0,10.0,45.0,10.0,45.0,10.0,45.0,10.0,1,0,,,,,0,,,,,,,,,,,,,,,,,,,,,,,,,,,,,,,,,,,,,,
2006-002,2006-04-27 06:00:00,12.5,90.5,1,55.0,990.0,10.0,10.0,45.0,10.0,45.0,10.0,45.0,10.0,1,0,,,,,0,,,,,,,,,,,,,,,,,,,,,,,,,,,,,,,,,,,,,,
2006-002,2006-04-27 09:00:00,12.5,90.5,1,55.0,990.0,10.0,0.0,55.0,0.0,45.0,10.0,45.0,10.0,1,0,,,,,0,,,,,,,,,,,,,,,,,,,,,,,,,,,,,,,,,,,,,,
2006-002,2006-04-27 12:00:00,13.0,90.5,1,65.0,984.0,14.0,10.0,55.0,10.0,45.0,20.0,45.0,20.0,1,0,,,,,0,,,,,,,,,,,,,,,,,,,,,,,,,,,,,,,,,,,,,,
2006-002,2006-04-27 15:00:00,13.0,90.5,1,65.0,984.0,20.0,10.0,55.0,10.0,55.0,10.0,45.0,20.0,1,0,,,,,0,,,,,,,,,,,,,,,,,,,,,,,,,,,,,,,,,,,,,,
2006-002,2006-04-27 18:00:00,13.0,90.5,1,65.0,984.0,22.0,0.0,65.0,0.0,55.0,10.0,45.0,20.0,1,0,,,,,0,,,,,,,,,,,,,,,,,,,,,,,,,,,,,,,,,,,,,,
2006-002,2006-04-27 21:00:00,13.5,90.5,1,65.0,984.0,22.0,0.0,65.0,0.0,55.0,10.0,45.0,20.0,1,0,,,,,0,,,,,,,,,,,,,,,,,,,,,,,,,,,,,,,,,,,,,,
2006-002,2006-04-28 00:00:00,14.0,91.0,1,65.0,984.0,22.0,0.0,65.0,0.0,65.0,0.0,45.0,20.0,1,0,,,,,0,,,,,,,,,,,,,,,,,,,,,,,,,,,,,,,,,,,,,,
2006-002,2006-04-28 03:00:00,14.5,91.5,0,80.0,976.0,30.0,15.0,65.0,15.0,65.0,15.0,55.0,25.0,1,0,,,,,0,,,,,,,,,,,,,,,,,,,,,,,,,,,,,,,,,,,,,,
2006-002,2006-04-28 06:00:00,15.0,92.0,0,90.0,964.0,40.0,25.0,65.0,25.0,65.0,25.0,55.0,35.0,1,0,,,,,0,,,,,,,,,,,,,,,,,,,,,,,,,,,,,,,,,,,,,,
2006-003,2006-07-02 00:00:00,20.0,89.5,0,25.0,990.0,4.0,,,,,,,,1,0,,,,,0,,,,,,,,,,,,,,,,,,,,,,,,,,,,,,,,,,,,,,
2006-003,2006-07-02 03:00:00,20.5,89.0,0,30.0,988.0,5.0,,,,,,,,1,0,,,,,0,,,,,,,,,,,,,,,,,,,,,,,,,,,,,,,,,,,,,,
2006-003,2006-07-02 06:00:00,20.5,89.0,0,30.0,988.0,5.0,5.0,25.0,5.0,,,,,1,0,,,,,0,,,,,,,,,,,,,,,,,,,,,,,,,,,,,,,,,,,,,,
2006-003,2006-07-02 09:00:00,20.5,88.5,0,30.0,988.0,5.0,0.0,30.0,0.0,,,,,1,0,,,,,0,,,,,,,,,,,,,,,,,,,,,,,,,,,,,,,,,,,,,,
2006-003,2006-07-02 12:00:00,20.5,88.0,0,30.0,988.0,5.0,0.0,30.0,0.0,25.0,5.0,,,1,0,,,,,0,,,,,,,,,,,,,,,,,,,,,,,,,,,,,,,,,,,,,,
2006-003,2006-07-02 15:00:00,20.5,87.0,0,30.0,982.0,5.0,0.0,30.0,0.0,30.0,0.0,,,1,0,,,,,0,,,,,,,,,,,,,,,,,,,,,,,,,,,,,,,,,,,,,,
2006-003,2006-07-02 18:00:00,20.5,86.0,0,30.0,982.0,5.0,0.0,30.0,0.0,30.0,0.0,,,1,0,,,,,0,,,,,,,,,,,,,,,,,,,,,,,,,,,,,,,,,,,,,,
2006-003,2006-07-02 21:00:00,20.5,86.0,0,30.0,982.0,5.0,0.0,30.0,0.0,30.0,0.0,,,1,0,,,,,0,,,,,,,,,,,,,,,,,,,,,,,,,,,,,,,,,,,,,,
2006-003,2006-07-03 00:00:00,20.5,85.5,0,30.0,982.0,5.0,0.0,30.0,0.0,30.0,0.0,25.0,5.0,1,0,,,,,0,,,,,,,,,,,,,,,,,,,,,,,,,,,,,,,,,,,,,,
2006-003,2006-07-03 03:00:00,20.5,85.5,0,30.0,982.0,5.0,0.0,30.0,0.0,30.0,0.0,30.0,0.0,1,0,,,,,0,,,,,,,,,,,,,,,,,,,,,,,,,,,,,,,,,,,,,,
2006-003,2006-07-03 06:00:00,20.5,85.5,0,30.0,982.0,5.0,0.0,30.0,0.0,30.0,0.0,30.0,0.0,1,0,,,,,0,,,,,,,,,,,,,,,,,,,,,,,,,,,,,,,,,,,,,,
2006-003,2006-07-03 09:00:00,21.0,84.5,0,30.0,982.0,5.0,0.0,30.0,0.0,30.0,0.0,30.0,0.0,1,0,,,,,0,,,,,,,,,,,,,,,,,,,,,,,,,,,,,,,,,,,,,,
2006-003,2006-07-03 12:00:00,21.0,84.0,0,30.0,982.0,5.0,0.0,30.0,0.0,30.0,0.0,30.0,0.0,1,0,,,,,0,,,,,,,,,,,,,,,,,,,,,,,,,,,,,,,,,,,,,,
2006-003,2006-07-03 15:00:00,21.0,83.5,0,30.0,982.0,5.0,0.0,30.0,0.0,30.0,0.0,30.0,0.0,1,0,,,,,0,,,,,,,,,,,,,,,,,,,,,,,,,,,,,,,,,,,,,,
2006-003,2006-07-03 18:00:00,21.0,83.0,0,30.0,982.0,5.0,0.0,30.0,0.0,30.0,0.0,30.0,0.0,1,0,,,,,0,,,,,,,,,,,,,,,,,,,,,,,,,,,,,,,,,,,,,,
2006-003,2006-07-03 21:00:00,21.0,82.5,0,30.0,982.0,5.0,0.0,30.0,0.0,30.0,0.0,30.0,0.0,1,0,,,,,0,,,,,,,,,,,,,,,,,,,,,,,,,,,,,,,,,,,,,,
2006-003,2006-07-04 00:00:00,21.0,82.0,0,30.0,982.0,5.0,0.0,30.0,0.0,30.0,0.0,30.0,0.0,1,0,,,,,0,,,,,,,,,,,,,,,,,,,,,,,,,,,,,,,,,,,,,,
2006-003,2006-07-04 03:00:00,21.5,81.5,0,30.0,984.0,5.0,0.0,30.0,0.0,30.0,0.0,30.0,0.0,1,0,,,,,0,,,,,,,,,,,,,,,,,,,,,,,,,,,,,,,,,,,,,,
2006-003,2006-07-04 06:00:00,21.5,81.0,0,30.0,986.0,5.0,0.0,30.0,0.0,30.0,0.0,30.0,0.0,1,0,,,,,0,,,,,,,,,,,,,,,,,,,,,,,,,,,,,,,,,,,,,,
2006-004,2006-08-02 03:00:00,20.5,87.5,0,25.0,990.0,4.0,,,,,,,,1,0,,,,,0,,,,,,,,,,,,,,,,,,,,,,,,,,,,,,,,,,,,,,
2006-004,2006-08-02 06:00:00,20.5,87.5,0,25.0,990.0,4.0,,,,,,,,1,0,,,,,0,,,,,,,,,,,,,,,,,,,,,,,,,,,,,,,,,,,,,,
2006-004,2006-08-02 09:00:00,20.0,87.0,0,30.0,988.0,5.0,5.0,25.0,5.0,,,,,1,0,,,,,0,,,,,,,,,,,,,,,,,,,,,,,,,,,,,,,,,,,,,,
2006-004,2006-08-02 12:00:00,20.0,86.5,0,30.0,986.0,5.0,5.0,25.0,5.0,,,,,1,0,,,,,0,,,,,,,,,,,,,,,,,,,,,,,,,,,,,,,,,,,,,,
2006-004,2006-08-02 15:00:00,20.0,86.5,0,30.0,986.0,5.0,0.0,30.0,0.0,25.0,5.0,,,1,0,,,,,0,,,,,,,,,,,,,,,,,,,,,,,,,,,,,,,,,,,,,,
2006-004,2006-08-02 18:00:00,20.0,86.0,0,30.0,986.0,5.0,0.0,30.0,0.0,25.0,5.0,,,1,0,,,,,0,,,,,,,,,,,,,,,,,,,,,,,,,,,,,,,,,,,,,,
2006-004,2006-08-02 21:00:00,20.0,85.5,0,30.0,986.0,5.0,0.0,30.0,0.0,30.0,0.0,,,1,0,,,,,0,,,,,,,,,,,,,,,,,,,,,,,,,,,,,,,,,,,,,,
2006-004,2006-08-03 03:00:00,19.5,85.0,0,30.0,986.0,5.0,0.0,30.0,0.0,30.0,0.0,25.0,5.0,1,0,,,,,0,,,,,,,,,,,,,,,,,,,,,,,,,,,,,,,,,,,,,,
2006-004,2006-08-03 06:00:00,19.5,85.0,0,30.0,986.0,5.0,,,,30.0,0.0,25.0,5.0,1,0,,,,,0,,,,,,,,,,,,,,,,,,,,,,,,,,,,,,,,,,,,,,
2006-004,2006-08-03 09:00:00,19.5,84.5,0,30.0,986.0,5.0,0.0,30.0,0.0,30.0,0.0,30.0,0.0,1,0,,,,,0,,,,,,,,,,,,,,,,,,,,,,,,,,,,,,,,,,,,,,
2006-004,2006-08-03 12:00:00,19.5,84.0,0,30.0,986.0,5.0,0.0,30.0,0.0,,,30.0,0.0,1,0,,,,,0,,,,,,,,,,,,,,,,,,,,,,,,,,,,,,,,,,,,,,
2006-004,2006-08-03 15:00:00,19.5,84.0,0,30.0,986.0,5.0,0.0,30.0,0.0,30.0,0.0,30.0,0.0,1,0,,,,,0,,,,,,,,,,,,,,,,,,,,,,,,,,,,,,,,,,,,,,
2006-004,2006-08-03 18:00:00,19.5,83.5,0,30.0,986.0,5.0,0.0,30.0,0.0,30.0,0.0,30.0,0.0,1,0,,,,,0,,,,,,,,,,,,,,,,,,,,,,,,,,,,,,,,,,,,,,
2006-004,2006-08-03 21:00:00,19.5,83.0,0,30.0,986.0,5.0,0.0,30.0,0.0,30.0,0.0,30.0,0.0,1,0,,,,,0,,,,,,,,,,,,,,,,,,,,,,,,,,,,,,,,,,,,,,
2006-004,2006-08-04 00:00:00,19.5,83.0,0,30.0,986.0,5.0,0.0,30.0,0.0,30.0,0.0,,,1,0,,,,,0,,,,,,,,,,,,,,,,,,,,,,,,,,,,,,,,,,,,,,
2006-004,2006-08-04 03:00:00,20.0,82.5,0,30.0,986.0,5.0,0.0,30.0,0.0,30.0,0.0,30.0,0.0,1,0,,,,,0,,,,,,,,,,,,,,,,,,,,,,,,,,,,,,,,,,,,,,
2006-004,2006-08-04 06:00:00,20.0,82.5,0,30.0,986.0,5.0,0.0,30.0,0.0,30.0,0.0,30.0,0.0,1,0,,,,,0,,,,,,,,,,,,,,,,,,,,,,,,,,,,,,,,,,,,,,
2006-004,2006-08-04 09:00:00,20.5,82.0,0,25.0,990.0,4.0,-5.0,30.0,-5.0,30.0,-5.0,30.0,-5.0,1,0,,,,,0,,,,,,,,,,,,,,,,,,,,,,,,,,,,,,,,,,,,,,
2006-006,2006-08-16 03:00:00,20.5,88.0,0,25.0,990.0,4.0,,,,,,,,1,0,,,,,0,,,,,,,,,,,,,,,,,,,,,,,,,,,,,,,,,,,,,,
2006-006,2006-08-16 06:00:00,20.5,87.5,0,25.0,990.0,4.0,,,,,,,,1,0,,,,,0,,,,,,,,,,,,,,,,,,,,,,,,,,,,,,,,,,,,,,
2006-006,2006-08-16 09:00:00,20.5,87.5,0,25.0,990.0,4.0,0.0,25.0,0.0,,,,,1,0,,,,,0,,,,,,,,,,,,,,,,,,,,,,,,,,,,,,,,,,,,,,
2006-006,2006-08-16 12:00:00,20.5,87.0,0,25.0,990.0,4.0,0.0,25.0,0.0,,,,,1,0,,,,,0,,,,,,,,,,,,,,,,,,,,,,,,,,,,,,,,,,,,,,
2006-006,2006-08-16 15:00:00,20.5,86.5,0,25.0,988.0,4.0,0.0,25.0,0.0,25.0,0.0,,,1,0,,,,,0,,,,,,,,,,,,,,,,,,,,,,,,,,,,,,,,,,,,,,
2006-006,2006-08-16 18:00:00,20.5,86.0,0,25.0,988.0,4.0,0.0,25.0,0.0,25.0,0.0,,,1,0,,,,,0,,,,,,,,,,,,,,,,,,,,,,,,,,,,,,,,,,,,,,
2006-006,2006-08-16 21:00:00,21.0,85.0,0,25.0,988.0,4.0,0.0,25.0,0.0,25.0,0.0,,,1,0,,,,,0,,,,,,,,,,,,,,,,,,,,,,,,,,,,,,,,,,,,,,
2006-006,2006-08-17 00:00:00,21.5,84.5,0,25.0,988.0,4.0,0.0,25.0,0.0,25.0,0.0,,,1,0,,,,,0,,,,,,,,,,,,,,,,,,,,,,,,,,,,,,,,,,,,,,
2006-006,2006-08-17 03:00:00,22.0,83.5,0,25.0,988.0,4.0,0.0,25.0,0.0,25.0,0.0,25.0,0.0,1,0,,,,,0,,,,,,,,,,,,,,,,,,,,,,,,,,,,,,,,,,,,,,
2006-006,2006-08-17 06:00:00,22.0,83.5,0,25.0,988.0,4.0,0.0,25.0,0.0,25.0,0.0,25.0,0.0,1,0,,,,,0,,,,,,,,,,,,,,,,,,,,,,,,,,,,,,,,,,,,,,
2006-006,2006-08-17 09:00:00,22.5,83.0,0,25.0,988.0,4.0,0.0,25.0,0.0,25.0,0.0,25.0,0.0,1,0,,,,,0,,,,,,,,,,,,,,,,,,,,,,,,,,,,,,,,,,,,,,
2006-007,2006-08-29 03:00:00,20.5,87.5,0,25.0,992.0,4.0,,,,,,,,1,0,,,,,0,,,,,,,,,,,,,,,,,,,,,,,,,,,,,,,,,,,,,,
2006-007,2006-08-29 06:00:00,20.5,86.5,0,25.0,992.0,4.0,,,,,,,,1,0,,,,,0,,,,,,,,,,,,,,,,,,,,,,,,,,,,,,,,,,,,,,
2006-007,2006-08-29 09:00:00,21.0,85.0,0,25.0,990.0,4.0,0.0,25.0,0.0,,,,,1,0,,,,,0,,,,,,,,,,,,,,,,,,,,,,,,,,,,,,,,,,,,,,
2006-007,2006-08-29 12:00:00,21.0,84.5,0,25.0,990.0,4.0,0.0,25.0,0.0,,,,,1,0,,,,,0,,,,,,,,,,,,,,,,,,,,,,,,,,,,,,,,,,,,,,
2006-007,2006-08-29 15:00:00,21.0,84.5,0,25.0,990.0,4.0,0.0,25.0,0.0,25.0,0.0,,,1,0,,,,,0,,,,,,,,,,,,,,,,,,,,,,,,,,,,,,,,,,,,,,
2006-007,2006-08-29 18:00:00,21.0,84.0,0,25.0,990.0,4.0,0.0,25.0,0.0,25.0,0.0,,,1,0,,,,,0,,,,,,,,,,,,,,,,,,,,,,,,,,,,,,,,,,,,,,
2006-007,2006-08-29 21:00:00,21.0,83.5,0,25.0,990.0,4.0,0.0,25.0,0.0,25.0,0.0,,,1,0,,,,,0,,,,,,,,,,,,,,,,,,,,,,,,,,,,,,,,,,,,,,
2006-007,2006-08-30 00:00:00,21.0,83.0,0,25.0,992.0,4.0,0.0,25.0,0.0,25.0,0.0,,,1,0,,,,,0,,,,,,,,,,,,,,,,,,,,,,,,,,,,,,,,,,,,,,
2006-007,2006-08-30 03:00:00,22.0,83.0,0,25.0,992.0,4.0,0.0,25.0,0.0,25.0,0.0,25.0,0.0,1,0,,,,,0,,,,,,,,,,,,,,,,,,,,,,,,,,,,,,,,,,,,,,
2006-007,2006-08-30 06:00:00,22.5,82.5,0,25.0,992.0,4.0,0.0,25.0,0.0,25.0,0.0,25.0,0.0,1,0,,,,,0,,,,,,,,,,,,,,,,,,,,,,,,,,,,,,,,,,,,,,
2006-007,2006-08-30 09:00:00,22.5,81.5,0,25.0,992.0,4.0,0.0,25.0,0.0,25.0,0.0,25.0,0.0,1,0,,,,,0,,,,,,,,,,,,,,,,,,,,,,,,,,,,,,,,,,,,,,
2006-007,2006-08-30 12:00:00,22.5,81.0,0,25.0,992.0,4.0,0.0,25.0,0.0,25.0,0.0,25.0,0.0,1,0,,,,,0,,,,,,,,,,,,,,,,,,,,,,,,,,,,,,,,,,,,,,
2006-007,2006-08-30 15:00:00,22.5,81.0,0,25.0,992.0,4.0,0.0,25.0,0.0,25.0,0.0,25.0,0.0,1,0,,,,,0,,,,,,,,,,,,,,,,,,,,,,,,,,,,,,,,,,,,,,
2006-007,2006-08-30 18:00:00,22.5,81.0,0,25.0,992.0,4.0,0.0,25.0,0.0,25.0,0.0,25.0,0.0,1,0,,,,,0,,,,,,,,,,,,,,,,,,,,,,,,,,,,,,,,,,,,,,
2006-007,2006-08-30 21:00:00,22.5,80.5,0,25.0,992.0,4.0,0.0,25.0,0.0,25.0,0.0,25.0,0.0,1,0,,,,,0,,,,,,,,,,,,,,,,,,,,,,,,,,,,,,,,,,,,,,
2006-007,2006-08-31 00:00:00,23.0,80.0,0,25.0,994.0,4.0,0.0,25.0,0.0,25.0,0.0,25.0,0.0,1,0,,,,,0,,,,,,,,,,,,,,,,,,,,,,,,,,,,,,,,,,,,,,
2006-007,2006-08-31 03:00:00,23.5,79.0,0,25.0,994.0,4.0,0.0,25.0,0.0,25.0,0.0,25.0,0.0,1,0,,,,,0,,,,,,,,,,,,,,,,,,,,,,,,,,,,,,,,,,,,,,
2006-007,2006-08-31 06:00:00,24.0,78.0,0,25.0,994.0,4.0,0.0,25.0,0.0,25.0,0.0,25.0,0.0,1,0,,,,,0,,,,,,,,,,,,,,,,,,,,,,,,,,,,,,,,,,,,,,
2006-008,2006-09-03 03:00:00,20.0,90.0,0,25.0,994.0,4.0,,,,,,,,1,0,,,,,0,,,,,,,,,,,,,,,,,,,,,,,,,,,,,,,,,,,,,,
2006-008,2006-09-03 06:00:00,20.5,89.5,0,25.0,994.0,4.0,,,,,,,,1,0,,,,,0,,,,,,,,,,,,,,,,,,,,,,,,,,,,,,,,,,,,,,
2006-008,2006-09-03 09:00:00,20.6,89.0,0,25.0,994.0,4.0,0.0,25.0,0.0,,,,,1,0,,,,,0,,,,,,,,,,,,,,,,,,,,,,,,,,,,,,,,,,,,,,
2006-008,2006-09-03 12:00:00,20.5,88.5,0,25.0,992.0,4.0,0.0,25.0,0.0,,,,,1,0,,,,,0,,,,,,,,,,,,,,,,,,,,,,,,,,,,,,,,,,,,,,
2006-008,2006-09-03 15:00:00,20.5,88.0,0,25.0,992.0,4.0,0.0,25.0,0.0,25.0,0.0,,,1,0,,,,,0,,,,,,,,,,,,,,,,,,,,,,,,,,,,,,,,,,,,,,
2006-008,2006-09-03 18:00:00,20.5,87.5,0,25.0,992.0,4.0,0.0,25.0,0.0,25.0,0.0,,,1,0,,,,,0,,,,,,,,,,,,,,,,,,,,,,,,,,,,,,,,,,,,,,
2006-008,2006-09-03 21:00:00,20.5,87.5,0,25.0,992.0,4.0,0.0,25.0,0.0,25.0,0.0,,,1,0,,,,,0,,,,,,,,,,,,,,,,,,,,,,,,,,,,,,,,,,,,,,
2006-011,2006-09-28 09:00:00,18.0,89.0,0,25.0,1002.0,4.0,,,,,,,,1,0,,,,,0,,,,,,,,,,,,,,,,,,,,,,,,,,,,,,,,,,,,,,
2006-011,2006-09-28 12:00:00,18.5,88.5,0,25.0,1002.0,4.0,,,,,,,,1,0,,,,,0,,,,,,,,,,,,,,,,,,,,,,,,,,,,,,,,,,,,,,
2006-011,2006-09-28 15:00:00,18.5,88.0,0,25.0,1002.0,4.0,0.0,25.0,0.0,,,,,1,0,,,,,0,,,,,,,,,,,,,,,,,,,,,,,,,,,,,,,,,,,,,,
2006-011,2006-09-28 18:00:00,18.5,87.5,0,25.0,1002.0,4.0,0.0,25.0,0.0,,,,,1,0,,,,,0,,,,,,,,,,,,,,,,,,,,,,,,,,,,,,,,,,,,,,
2006-011,2006-09-28 21:00:00,19.0,87.0,0,25.0,1002.0,4.0,0.0,25.0,0.0,25.0,0.0,,,1,0,,,,,0,,,,,,,,,,,,,,,,,,,,,,,,,,,,,,,,,,,,,,
2006-011,2006-09-29 00:00:00,19.0,86.5,0,25.0,1002.0,4.0,0.0,25.0,0.0,25.0,0.0,,,1,0,,,,,0,,,,,,,,,,,,,,,,,,,,,,,,,,,,,,,,,,,,,,
2006-012,2006-10-29 00:00:00,14.0,80.5,0,25.0,1002.0,4.0,,,,,,,,1,0,,,,,0,,,,,,,,,,,,,,,,,,,,,,,,,,,,,,,,,,,,,,
2006-012,2006-10-29 03:00:00,14.5,80.5,0,25.0,1002.0,4.0,,,,,,,,1,0,,,,,0,,,,,,,,,,,,,,,,,,,,,,,,,,,,,,,,,,,,,,
2006-012,2006-10-29 06:00:00,14.5,80.5,0,25.0,1002.0,4.0,0.0,25.0,0.0,,,,,1,0,,,,,0,,,,,,,,,,,,,,,,,,,,,,,,,,,,,,,,,,,,,,
2006-012,2006-10-29 09:00:00,15.0,80.5,0,30.0,1000.0,5.0,5.0,25.0,5.0,,,,,1,0,,,,,0,,,,,,,,,,,,,,,,,,,,,,,,,,,,,,,,,,,,,,
2007-001,2007-05-03 12:00:00,13.5,93.0,0,25.0,998.0,4.0,,,,,,,,1,0,,,,,0,,,,,,,,,,,,,,,,,,,,,,,,,,,,,,,,,,,,,,
2007-001,2007-05-03 15:00:00,13.5,93.0,0,25.0,998.0,4.0,,,,,,,,1,0,,,,,0,,,,,,,,,,,,,,,,,,,,,,,,,,,,,,,,,,,,,,
2007-001,2007-05-03 18:00:00,13.5,93.5,0,25.0,998.0,4.0,0.0,25.0,0.0,,,,,1,0,,,,,0,,,,,,,,,,,,,,,,,,,,,,,,,,,,,,,,,,,,,,
2007-001,2007-05-03 21:00:00,14.0,93.5,0,25.0,1000.0,4.0,0.0,25.0,0.0,,,,,1,0,,,,,0,,,,,,,,,,,,,,,,,,,,,,,,,,,,,,,,,,,,,,
2007-002,2007-05-13 03:00:00,15.0,90.5,0,25.0,998.0,4.0,,,,,,,,1,0,,,,,0,,,,,,,,,,,,,,,,,,,,,,,,,,,,,,,,,,,,,,
2007-002,2007-05-13 06:00:00,15.0,90.5,0,25.0,998.0,4.0,,,,,,,,1,0,,,,,0,,,,,,,,,,,,,,,,,,,,,,,,,,,,,,,,,,,,,,
2007-002,2007-05-13 09:00:00,15.0,90.5,0,25.0,996.0,4.0,0.0,25.0,0.0,,,,,1,0,,,,,0,,,,,,,,,,,,,,,,,,,,,,,,,,,,,,,,,,,,,,
2007-002,2007-05-13 12:00:00,15.5,90.5,0,25.0,996.0,4.0,0.0,25.0,0.0,,,,,1,0,,,,,0,,,,,,,,,,,,,,,,,,,,,,,,,,,,,,,,,,,,,,
2007-002,2007-05-13 15:00:00,15.5,90.5,0,25.0,996.0,4.0,0.0,25.0,0.0,25.0,0.0,,,1,0,,,,,0,,,,,,,,,,,,,,,,,,,,,,,,,,,,,,,,,,,,,,
2007-002,2007-05-13 18:00:00,15.5,90.5,0,25.0,996.0,4.0,0.0,25.0,0.0,25.0,0.0,,,1,0,,,,,0,,,,,,,,,,,,,,,,,,,,,,,,,,,,,,,,,,,,,,
2007-002,2007-05-13 21:00:00,16.0,90.5,0,30.0,994.0,6.0,5.0,25.0,5.0,25.0,5.0,,,1,0,,,,,0,,,,,,,,,,,,,,,,,,,,,,,,,,,,,,,,,,,,,,
2007-004,2007-06-21 03:00:00,15.5,86.0,0,25.0,994.0,4.0,,,,,,,,1,0,,,,,0,,,,,,,,,,,,,,,,,,,,,,,,,,,,,,,,,,,,,,
2007-004,2007-06-21 06:00:00,15.5,85.0,0,25.0,992.0,4.0,,,,,,,,1,0,,,,,0,,,,,,,,,,,,,,,,,,,,,,,,,,,,,,,,,,,,,,
2007-004,2007-06-21 09:00:00,16.0,84.5,0,25.0,990.0,4.0,0.0,25.0,0.0,,,,,1,0,,,,,0,,,,,,,,,,,,,,,,,,,,,,,,,,,,,,,,,,,,,,
2007-004,2007-06-21 12:00:00,16.0,84.0,0,30.0,988.0,5.0,5.0,25.0,5.0,,,,,1,0,,,,,0,,,,,,,,,,,,,,,,,,,,,,,,,,,,,,,,,,,,,,
2007-004,2007-06-21 15:00:00,16.0,83.5,0,30.0,988.0,5.0,5.0,25.0,5.0,25.0,5.0,,,1,0,,,,,0,,,,,,,,,,,,,,,,,,,,,,,,,,,,,,,,,,,,,,
2007-004,2007-06-21 18:00:00,16.0,83.0,0,30.0,988.0,5.0,0.0,30.0,0.0,25.0,5.0,,,1,0,,,,,0,,,,,,,,,,,,,,,,,,,,,,,,,,,,,,,,,,,,,,
2007-004,2007-06-21 21:00:00,16.5,82.5,0,30.0,988.0,5.0,0.0,30.0,0.0,25.0,5.0,,,1,0,,,,,0,,,,,,,,,,,,,,,,,,,,,,,,,,,,,,,,,,,,,,
2007-004,2007-06-22 00:00:00,16.5,82.0,0,30.0,988.0,5.0,0.0,30.0,0.0,30.0,0.0,,,1,0,,,,,0,,,,,,,,,,,,,,,,,,,,,,,,,,,,,,,,,,,,,,
2007-004,2007-06-22 03:00:00,16.5,81.0,0,30.0,990.0,5.0,0.0,30.0,0.0,30.0,0.0,25.0,5.0,1,0,,,,,0,,,,,,,,,,,,,,,,,,,,,,,,,,,,,,,,,,,,,,
2007-004,2007-06-22 06:00:00,16.5,80.0,0,30.0,990.0,5.0,0.0,30.0,0.0,30.0,0.0,25.0,5.0,1,0,,,,,0,,,,,,,,,,,,,,,,,,,,,,,,,,,,,,,,,,,,,,
2007-004,2007-06-22 09:00:00,16.5,79.0,0,30.0,988.0,5.0,0.0,30.0,0.0,30.0,0.0,25.0,5.0,1,0,,,,,0,,,,,,,,,,,,,,,,,,,,,,,,,,,,,,,,,,,,,,
2007-006,2007-06-28 00:00:00,18.5,87.0,0,25.0,988.0,4.0,,,,,,,,1,0,,,,,0,,,,,,,,,,,,,,,,,,,,,,,,,,,,,,,,,,,,,,
2007-006,2007-06-28 03:00:00,18.5,87.0,0,30.0,986.0,5.0,,,,,,,,1,0,,,,,0,,,,,,,,,,,,,,,,,,,,,,,,,,,,,,,,,,,,,,
2007-006,2007-06-28 06:00:00,18.5,87.0,0,30.0,986.0,5.0,5.0,25.0,5.0,,,,,1,0,,,,,0,,,,,,,,,,,,,,,,,,,,,,,,,,,,,,,,,,,,,,
2007-006,2007-06-28 09:00:00,19.0,86.5,0,30.0,986.0,5.0,0.0,30.0,0.0,,,,,1,0,,,,,0,,,,,,,,,,,,,,,,,,,,,,,,,,,,,,,,,,,,,,
2007-006,2007-06-28 12:00:00,19.0,86.0,0,30.0,986.0,5.0,0.0,30.0,0.0,25.0,5.0,,,1,0,,,,,0,,,,,,,,,,,,,,,,,,,,,,,,,,,,,,,,,,,,,,
2007-006,2007-06-28 15:00:00,19.0,86.0,0,30.0,986.0,5.0,0.0,30.0,0.0,30.0,0.0,,,1,0,,,,,0,,,,,,,,,,,,,,,,,,,,,,,,,,,,,,,,,,,,,,
2007-006,2007-06-28 18:00:00,19.0,86.0,0,30.0,986.0,5.0,0.0,30.0,0.0,30.0,0.0,,,1,0,,,,,0,,,,,,,,,,,,,,,,,,,,,,,,,,,,,,,,,,,,,,
2007-006,2007-06-28 21:00:00,19.5,86.0,0,30.0,986.0,5.0,0.0,30.0,0.0,30.0,0.0,,,1,0,,,,,0,,,,,,,,,,,,,,,,,,,,,,,,,,,,,,,,,,,,,,
2007-006,2007-06-29 00:00:00,19.5,86.0,0,30.0,986.0,5.0,0.0,30.0,0.0,30.0,0.0,25.0,5.0,1,0,,,,,0,,,,,,,,,,,,,,,,,,,,,,,,,,,,,,,,,,,,,,
2007-006,2007-06-29 03:00:00,20.0,86.0,0,30.0,988.0,5.0,0.0,30.0,0.0,30.0,0.0,30.0,0.0,1,0,,,,,0,,,,,,,,,,,,,,,,,,,,,,,,,,,,,,,,,,,,,,
2007-006,2007-06-29 06:00:00,20.5,85.5,0,30.0,988.0,5.0,0.0,30.0,0.0,30.0,0.0,30.0,0.0,1,0,,,,,0,,,,,,,,,,,,,,,,,,,,,,,,,,,,,,,,,,,,,,
2007-006,2007-06-29 09:00:00,20.5,85.0,0,30.0,988.0,5.0,0.0,30.0,0.0,30.0,0.0,30.0,0.0,1,0,,,,,0,,,,,,,,,,,,,,,,,,,,,,,,,,,,,,,,,,,,,,
2007-006,2007-06-29 12:00:00,20.5,84.5,0,30.0,988.0,5.0,0.0,30.0,0.0,30.0,0.0,30.0,0.0,1,0,,,,,0,,,,,,,,,,,,,,,,,,,,,,,,,,,,,,,,,,,,,,
2007-007,2007-07-04 03:00:00,22.0,89.5,0,25.0,990.0,4.0,,,,,,,,1,0,,,,,0,,,,,,,,,,,,,,,,,,,,,,,,,,,,,,,,,,,,,,
2007-007,2007-07-04 06:00:00,22.0,89.5,0,25.0,990.0,4.0,,,,,,,,1,0,,,,,0,,,,,,,,,,,,,,,,,,,,,,,,,,,,,,,,,,,,,,
2007-007,2007-07-04 09:00:00,22.0,89.5,0,25.0,992.0,4.0,0.0,25.0,0.0,,,,,1,0,,,,,0,,,,,,,,,,,,,,,,,,,,,,,,,,,,,,,,,,,,,,
2007-007,2007-07-04 12:00:00,23.0,89.5,0,25.0,990.0,4.0,0.0,25.0,0.0,,,,,1,0,,,,,0,,,,,,,,,,,,,,,,,,,,,,,,,,,,,,,,,,,,,,
2007-007,2007-07-04 15:00:00,23.0,89.5,0,25.0,992.0,4.0,0.0,25.0,0.0,25.0,0.0,,,1,0,,,,,0,,,,,,,,,,,,,,,,,,,,,,,,,,,,,,,,,,,,,,
2007-007,2007-07-04 18:00:00,23.0,89.5,0,25.0,990.0,4.0,0.0,25.0,0.0,25.0,0.0,,,1,0,,,,,0,,,,,,,,,,,,,,,,,,,,,,,,,,,,,,,,,,,,,,
2007-007,2007-07-04 21:00:00,23.0,89.5,0,25.0,992.0,4.0,0.0,25.0,0.0,25.0,0.0,,,1,0,,,,,0,,,,,,,,,,,,,,,,,,,,,,,,,,,,,,,,,,,,,,
2007-007,2007-07-05 00:00:00,23.0,89.5,0,25.0,992.0,4.0,0.0,25.0,0.0,25.0,0.0,,,1,0,,,,,0,,,,,,,,,,,,,,,,,,,,,,,,,,,,,,,,,,,,,,
2007-007,2007-07-05 03:00:00,23.0,88.0,0,25.0,992.0,4.0,0.0,25.0,0.0,25.0,0.0,25.0,0.0,1,0,,,,,0,,,,,,,,,,,,,,,,,,,,,,,,,,,,,,,,,,,,,,
2007-007,2007-07-05 06:00:00,23.0,88.0,0,25.0,988.0,4.0,0.0,25.0,0.0,25.0,0.0,25.0,0.0,1,0,,,,,0,,,,,,,,,,,,,,,,,,,,,,,,,,,,,,,,,,,,,,
2007-007,2007-07-05 09:00:00,23.0,88.0,0,25.0,988.0,4.0,0.0,25.0,0.0,25.0,0.0,25.0,0.0,1,0,,,,,0,,,,,,,,,,,,,,,,,,,,,,,,,,,,,,,,,,,,,,
2007-007,2007-07-05 12:00:00,23.0,88.0,0,30.0,988.0,5.0,5.0,25.0,5.0,25.0,5.0,25.0,5.0,1,0,,,,,0,,,,,,,,,,,,,,,,,,,,,,,,,,,,,,,,,,,,,,
2007-007,2007-07-05 15:00:00,23.0,88.0,0,30.0,988.0,5.0,5.0,25.0,5.0,25.0,5.0,25.0,5.0,1,0,,,,,0,,,,,,,,,,,,,,,,,,,,,,,,,,,,,,,,,,,,,,
2007-007,2007-07-05 18:00:00,23.0,88.0,0,30.0,988.0,5.0,0.0,30.0,0.0,25.0,5.0,25.0,5.0,1,0,,,,,0,,,,,,,,,,,,,,,,,,,,,,,,,,,,,,,,,,,,,,
2007-007,2007-07-05 21:00:00,23.0,88.0,0,30.0,988.0,5.0,0.0,30.0,0.0,25.0,5.0,25.0,5.0,1,0,,,,,0,,,,,,,,,,,,,,,,,,,,,,,,,,,,,,,,,,,,,,
2007-007,2007-07-06 00:00:00,23.0,88.0,0,30.0,988.0,5.0,0.0,30.0,0.0,30.0,0.0,25.0,5.0,1,0,,,,,0,,,,,,,,,,,,,,,,,,,,,,,,,,,,,,,,,,,,,,
2007-007,2007-07-06 03:00:00,23.0,87.0,0,30.0,988.0,5.0,0.0,30.0,0.0,30.0,0.0,25.0,5.0,1,0,,,,,0,,,,,,,,,,,,,,,,,,,,,,,,,,,,,,,,,,,,,,
2007-007,2007-07-06 06:00:00,23.0,87.0,0,30.0,988.0,5.0,0.0,30.0,0.0,30.0,0.0,25.0,5.0,1,0,,,,,0,,,,,,,,,,,,,,,,,,,,,,,,,,,,,,,,,,,,,,
2007-007,2007-07-06 09:00:00,23.0,87.0,0,30.0,988.0,5.0,0.0,30.0,0.0,30.0,0.0,25.0,5.0,1,0,,,,,0,,,,,,,,,,,,,,,,,,,,,,,,,,,,,,,,,,,,,,
2007-007,2007-07-06 12:00:00,23.0,86.0,0,30.0,988.0,5.0,0.0,30.0,0.0,30.0,0.0,30.0,0.0,1,0,,,,,0,,,,,,,,,,,,,,,,,,,,,,,,,,,,,,,,,,,,,,
2007-007,2007-07-06 15:00:00,23.0,86.0,0,30.0,988.0,5.0,0.0,30.0,0.0,30.0,0.0,30.0,0.0,1,0,,,,,0,,,,,,,,,,,,,,,,,,,,,,,,,,,,,,,,,,,,,,
2007-007,2007-07-06 18:00:00,23.0,86.0,0,30.0,988.0,5.0,0.0,30.0,0.0,30.0,0.0,30.0,0.0,1,0,,,,,0,,,,,,,,,,,,,,,,,,,,,,,,,,,,,,,,,,,,,,
2007-007,2007-07-06 21:00:00,23.0,86.0,0,30.0,988.0,5.0,0.0,30.0,0.0,30.0,0.0,30.0,0.0,1,0,,,,,0,,,,,,,,,,,,,,,,,,,,,,,,,,,,,,,,,,,,,,
2007-007,2007-07-07 00:00:00,23.0,86.0,0,30.0,988.0,5.0,0.0,30.0,0.0,30.0,0.0,30.0,0.0,1,0,,,,,0,,,,,,,,,,,,,,,,,,,,,,,,,,,,,,,,,,,,,,
2007-007,2007-07-07 03:00:00,23.5,83.5,0,25.0,990.0,4.0,-5.0,30.0,-5.0,30.0,-5.0,30.0,-5.0,1,0,,,,,0,,,,,,,,,,,,,,,,,,,,,,,,,,,,,,,,,,,,,,
2007-007,2007-07-07 06:00:00,23.5,83.5,0,25.0,990.0,4.0,-5.0,30.0,-5.0,30.0,-5.0,30.0,-5.0,1,0,,,,,0,,,,,,,,,,,,,,,,,,,,,,,,,,,,,,,,,,,,,,
2007-007,2007-07-07 09:00:00,23.5,83.5,0,25.0,990.0,4.0,0.0,25.0,0.0,30.0,-5.0,30.0,-5.0,1,0,,,,,0,,,,,,,,,,,,,,,,,,,,,,,,,,,,,,,,,,,,,,
2007-007,2007-07-07 12:00:00,23.5,82.0,0,25.0,990.0,4.0,0.0,25.0,0.0,30.0,-5.0,30.0,-5.0,1,0,,,,,0,,,,,,,,,,,,,,,,,,,,,,,,,,,,,,,,,,,,,,
2007-007,2007-07-07 15:00:00,23.5,82.0,0,25.0,990.0,4.0,0.0,25.0,0.0,25.0,0.0,30.0,-5.0,1,0,,,,,0,,,,,,,,,,,,,,,,,,,,,,,,,,,,,,,,,,,,,,
2007-007,2007-07-07 18:00:00,23.5,82.0,0,25.0,990.0,4.0,0.0,25.0,0.0,25.0,0.0,30.0,-5.0,1,0,,,,,0,,,,,,,,,,,,,,,,,,,,,,,,,,,,,,,,,,,,,,
2007-007,2007-07-07 21:00:00,23.5,82.0,0,25.0,990.0,4.0,0.0,25.0,0.0,25.0,0.0,30.0,-5.0,1,0,,,,,0,,,,,,,,,,,,,,,,,,,,,,,,,,,,,,,,,,,,,,
2007-007,2007-07-08 00:00:00,23.5,82.0,0,25.0,990.0,4.0,0.0,25.0,0.0,25.0,0.0,30.0,-5.0,1,0,,,,,0,,,,,,,,,,,,,,,,,,,,,,,,,,,,,,,,,,,,,,
2007-007,2007-07-08 03:00:00,23.5,79.0,0,25.0,990.0,4.0,0.0,25.0,0.0,25.0,0.0,25.0,0.0,1,0,,,,,0,,,,,,,,,,,,,,,,,,,,,,,,,,,,,,,,,,,,,,
2007-007,2007-07-08 06:00:00,23.5,79.0,0,25.0,990.0,4.0,0.0,25.0,0.0,25.0,0.0,25.0,0.0,1,0,,,,,0,,,,,,,,,,,,,,,,,,,,,,,,,,,,,,,,,,,,,,
2007-007,2007-07-08 09:00:00,23.5,79.0,0,25.0,990.0,4.0,0.0,25.0,0.0,25.0,0.0,25.0,0.0,1,0,,,,,0,,,,,,,,,,,,,,,,,,,,,,,,,,,,,,,,,,,,,,
2007-008,2007-08-05 00:00:00,20.0,88.5,0,25.0,992.0,4.0,,,,,,,,1,0,,,,,0,,,,,,,,,,,,,,,,,,,,,,,,,,,,,,,,,,,,,,
2007-008,2007-08-05 03:00:00,20.0,88.5,0,25.0,992.0,4.0,,,,,,,,1,0,,,,,0,,,,,,,,,,,,,,,,,,,,,,,,,,,,,,,,,,,,,,
2007-008,2007-08-05 06:00:00,20.0,88.5,0,25.0,992.0,4.0,0.0,25.0,0.0,,,,,1,0,,,,,0,,,,,,,,,,,,,,,,,,,,,,,,,,,,,,,,,,,,,,
2007-008,2007-08-05 09:00:00,20.0,88.5,0,25.0,990.0,4.0,0.0,25.0,0.0,,,,,1,0,,,,,0,,,,,,,,,,,,,,,,,,,,,,,,,,,,,,,,,,,,,,
2007-008,2007-08-05 12:00:00,20.0,88.0,0,25.0,990.0,4.0,0.0,25.0,0.0,25.0,0.0,,,1,0,,,,,0,,,,,,,,,,,,,,,,,,,,,,,,,,,,,,,,,,,,,,
2007-008,2007-08-05 15:00:00,20.0,88.5,0,25.0,990.0,4.0,0.0,25.0,0.0,25.0,0.0,,,1,0,,,,,0,,,,,,,,,,,,,,,,,,,,,,,,,,,,,,,,,,,,,,
2007-008,2007-08-05 18:00:00,20.0,87.5,0,30.0,988.0,5.0,5.0,25.0,5.0,25.0,5.0,,,1,0,,,,,0,,,,,,,,,,,,,,,,,,,,,,,,,,,,,,,,,,,,,,
2007-008,2007-08-05 21:00:00,20.5,87.5,0,30.0,984.0,5.0,5.0,25.0,5.0,25.0,5.0,,,1,0,,,,,0,,,,,,,,,,,,,,,,,,,,,,,,,,,,,,,,,,,,,,
2007-008,2007-08-06 00:00:00,20.5,87.0,0,30.0,988.0,5.0,0.0,30.0,0.0,25.0,5.0,25.0,5.0,1,0,,,,,0,,,,,,,,,,,,,,,,,,,,,,,,,,,,,,,,,,,,,,
2007-008,2007-08-06 03:00:00,20.5,86.0,0,30.0,990.0,5.0,0.0,30.0,0.0,25.0,5.0,25.0,5.0,1,0,,,,,0,,,,,,,,,,,,,,,,,,,,,,,,,,,,,,,,,,,,,,
2007-008,2007-08-06 06:00:00,20.5,85.0,0,30.0,992.0,5.0,0.0,30.0,0.0,30.0,0.0,25.0,5.0,1,0,,,,,0,,,,,,,,,,,,,,,,,,,,,,,,,,,,,,,,,,,,,,
2007-008,2007-08-06 09:00:00,20.5,84.5,0,30.0,990.0,5.0,0.0,30.0,0.0,30.0,0.0,25.0,5.0,1,0,,,,,0,,,,,,,,,,,,,,,,,,,,,,,,,,,,,,,,,,,,,,
2007-010,2007-11-11 09:00:00,10.0,92.0,0,25.0,1004.0,4.0,,,,,,,,1,0,,,,,0,,,,,,,,,,,,,,,,,,,,,,,,,,,,,,,,,,,,,,
2007-010,2007-11-11 12:00:00,10.0,92.0,1,25.0,1004.0,4.0,,,,,,,,1,0,,,,,0,,,,,,,,,,,,,,,,,,,,,,,,,,,,,,,,,,,,,,
2007-010,2007-11-11 15:00:00,10.0,92.0,1,25.0,1004.0,4.0,0.0,25.0,0.0,,,,,1,0,,,,,0,,,,,,,,,,,,,,,,,,,,,,,,,,,,,,,,,,,,,,
2007-010,2007-11-11 18:00:00,10.5,91.5,1,30.0,1002.0,5.0,5.0,25.0,5.0,,,,,1,0,,,,,0,,,,,,,,,,,,,,,,,,,,,,,,,,,,,,,,,,,,,,
2007-010,2007-11-11 21:00:00,10.5,91.5,1,30.0,1002.0,5.0,5.0,25.0,5.0,25.0,5.0,,,1,0,,,,,0,,,,,,,,,,,,,,,,,,,,,,,,,,,,,,,,,,,,,,
2007-010,2007-11-12 00:00:00,10.5,91.5,1,30.0,1002.0,5.0,0.0,30.0,0.0,25.0,5.0,,,1,0,,,,,0,,,,,,,,,,,,,,,,,,,,,,,,,,,,,,,,,,,,,,
2007-010,2007-11-12 03:00:00,10.5,91.0,1,35.0,1002.0,6.0,5.0,30.0,5.0,25.0,10.0,,,1,0,,,,,0,,,,,,,,,,,,,,,,,,,,,,,,,,,,,,,,,,,,,,
2007-010,2007-11-12 06:00:00,11.0,90.5,1,40.0,998.0,10.0,10.0,30.0,10.0,30.0,10.0,,,1,0,,,,,0,,,,,,,,,,,,,,,,,,,,,,,,,,,,,,,,,,,,,,
2007-010,2007-11-12 09:00:00,11.0,90.5,1,45.0,996.0,12.0,10.0,35.0,10.0,30.0,15.0,25.0,20.0,1,0,,,,,0,,,,,,,,,,,,,,,,,,,,,,,,,,,,,,,,,,,,,,
2007-010,2007-11-12 12:00:00,11.5,90.0,1,55.0,992.0,16.0,15.0,40.0,15.0,30.0,25.0,25.0,30.0,1,0,,,,,0,,,,,,,,,,,,,,,,,,,,,,,,,,,,,,,,,,,,,,
2007-010,2007-11-12 15:00:00,11.5,90.0,1,55.0,992.0,16.0,10.0,45.0,10.0,35.0,20.0,25.0,30.0,1,0,,,,,0,,,,,,,,,,,,,,,,,,,,,,,,,,,,,,,,,,,,,,
2007-010,2007-11-12 18:00:00,11.5,90.0,0,65.0,986.0,20.0,10.0,55.0,10.0,40.0,25.0,30.0,35.0,1,0,,,,,0,,,,,,,,,,,,,,,,,,,,,,,,,,,,,,,,,,,,,,
2007-010,2007-11-12 21:00:00,11.5,90.0,0,80.0,980.0,29.0,25.0,55.0,25.0,45.0,35.0,30.0,50.0,1,0,,,,,0,,,,,,,,,,,,,,,,,,,,,,,,,,,,,,,,,,,,,,
2007-010,2007-11-13 00:00:00,12.0,89.5,0,90.0,968.0,40.0,25.0,65.0,25.0,55.0,35.0,30.0,60.0,1,0,,,,,0,,,,,,,,,,,,,,,,,,,,,,,,,,,,,,,,,,,,,,
2007-010,2007-11-13 03:00:00,12.0,89.5,0,90.0,968.0,40.0,10.0,80.0,10.0,55.0,35.0,35.0,55.0,1,0,,,,,0,,,,,,,,,,,,,,,,,,,,,,,,,,,,,,,,,,,,,,
2007-010,2007-11-13 06:00:00,12.0,89.5,0,90.0,968.0,40.0,0.0,90.0,0.0,65.0,25.0,40.0,50.0,1,0,,,,,0,,,,,,,,,,,,,,,,,,,,,,,,,,,,,,,,,,,,,,
2007-010,2007-11-13 09:00:00,13.0,89.5,0,90.0,964.0,40.0,0.0,90.0,0.0,80.0,10.0,45.0,45.0,1,0,,,,,0,,,,,,,,,,,,,,,,,,,,,,,,,,,,,,,,,,,,,,
2007-010,2007-11-13 12:00:00,13.0,89.5,0,90.0,964.0,40.0,0.0,90.0,0.0,90.0,0.0,55.0,35.0,1,0,,,,,0,,,,,,,,,,,,,,,,,,,,,,,,,,,,,,,,,,,,,,
2007-010,2007-11-13 15:00:00,13.0,89.5,0,90.0,964.0,40.0,0.0,90.0,0.0,90.0,0.0,55.0,35.0,1,0,,,,,0,,,,,,,,,,,,,,,,,,,,,,,,,,,,,,,,,,,,,,
2007-010,2007-11-13 18:00:00,13.5,89.5,0,90.0,964.0,40.0,0.0,90.0,0.0,90.0,0.0,65.0,25.0,1,0,,,,,0,,,,,,,,,,,,,,,,,,,,,,,,,,,,,,,,,,,,,,
2007-010,2007-11-13 21:00:00,14.0,89.5,0,90.0,964.0,40.0,0.0,90.0,0.0,90.0,0.0,80.0,10.0,1,0,,,,,0,,,,,,,,,,,,,,,,,,,,,,,,,,,,,,,,,,,,,,
2007-010,2007-11-14 00:00:00,14.5,89.5,0,90.0,964.0,40.0,0.0,90.0,0.0,90.0,0.0,90.0,0.0,1,0,,,,,0,,,,,,,,,,,,,,,,,,,,,,,,,,,,,,,,,,,,,,
2007-010,2007-11-14 03:00:00,14.5,89.5,0,90.0,964.0,40.0,0.0,90.0,0.0,90.0,0.0,90.0,0.0,1,0,,,,,0,,,,,,,,,,,,,,,,,,,,,,,,,,,,,,,,,,,,,,
2007-010,2007-11-14 06:00:00,15.0,89.5,0,90.0,964.0,40.0,0.0,90.0,0.0,90.0,0.0,90.0,0.0,1,0,,,,,0,,,,,,,,,,,,,,,,,,,,,,,,,,,,,,,,,,,,,,
2007-010,2007-11-14 09:00:00,15.5,89.5,0,90.0,964.0,40.0,0.0,90.0,0.0,90.0,0.0,90.0,0.0,1,0,,,,,0,,,,,,,,,,,,,,,,,,,,,,,,,,,,,,,,,,,,,,
2007-010,2007-11-14 12:00:00,16.0,89.0,0,90.0,964.0,40.0,0.0,90.0,0.0,90.0,0.0,90.0,0.0,1,0,,,,,0,,,,,,,,,,,,,,,,,,,,,,,,,,,,,,,,,,,,,,
2007-010,2007-11-14 15:00:00,16.0,89.0,0,90.0,964.0,40.0,0.0,90.0,0.0,90.0,0.0,90.0,0.0,1,0,,,,,0,,,,,,,,,,,,,,,,,,,,,,,,,,,,,,,,,,,,,,
2007-010,2007-11-14 18:00:00,16.5,89.0,0,105.0,956.0,55.0,15.0,90.0,15.0,90.0,15.0,90.0,15.0,1,0,,,,,0,,,,,,,,,,,,,,,,,,,,,,,,,,,,,,,,,,,,,,
2007-010,2007-11-14 21:00:00,17.0,89.0,0,105.0,956.0,55.0,15.0,90.0,15.0,90.0,15.0,90.0,15.0,1,0,,,,,0,,,,,,,,,,,,,,,,,,,,,,,,,,,,,,,,,,,,,,
2007-010,2007-11-15 00:00:00,17.5,89.0,0,105.0,956.0,55.0,0.0,105.0,0.0,90.0,15.0,90.0,15.0,1,0,,,,,0,,,,,,,,,,,,,,,,,,,,,,,,,,,,,,,,,,,,,,
2007-010,2007-11-15 03:00:00,18.0,89.0,0,115.0,944.0,66.0,10.0,105.0,10.0,90.0,25.0,90.0,25.0,1,0,,,,,0,,,,,,,,,,,,,,,,,,,,,,,,,,,,,,,,,,,,,,
2008-001,2008-04-27 03:00:00,12.0,87.0,0,25.0,1000.0,3.0,,,,,,,,1,0,,,,,0,,,,,,,,,,,,,,,,,,,,,,,,,,,,,,,,,,,,,,
2008-001,2008-04-27 06:00:00,12.0,87.0,0,25.0,998.0,3.0,,,,,,,,1,0,,,,,0,,,,,,,,,,,,,,,,,,,,,,,,,,,,,,,,,,,,,,
2008-001,2008-04-27 09:00:00,12.0,86.5,1,25.0,998.0,3.0,0.0,25.0,0.0,,,,,1,0,,,,,0,,,,,,,,,,,,,,,,,,,,,,,,,,,,,,,,,,,,,,
2008-001,2008-04-27 12:00:00,12.0,86.5,0,30.0,998.0,4.0,5.0,25.0,5.0,,,,,1,0,,,,,0,,,,,,,,,,,,,,,,,,,,,,,,,,,,,,,,,,,,,,
2008-001,2008-04-27 15:00:00,12.0,86.5,0,30.0,994.0,4.0,5.0,25.0,5.0,25.0,5.0,,,1,0,,,,,0,,,,,,,,,,,,,,,,,,,,,,,,,,,,,,,,,,,,,,
2008-001,2008-04-27 18:00:00,12.5,86.0,0,30.0,994.0,4.0,0.0,30.0,0.0,25.0,5.0,,,1,0,,,,,0,,,,,,,,,,,,,,,,,,,,,,,,,,,,,,,,,,,,,,
2008-001,2008-04-27 21:00:00,13.0,85.5,0,30.0,994.0,4.0,0.0,30.0,0.0,25.0,5.0,,,1,0,,,,,0,,,,,,,,,,,,,,,,,,,,,,,,,,,,,,,,,,,,,,
2008-001,2008-04-28 00:00:00,13.0,85.5,0,35.0,994.0,6.0,5.0,30.0,5.0,30.0,5.0,,,1,0,,,,,0,,,,,,,,,,,,,,,,,,,,,,,,,,,,,,,,,,,,,,
2008-001,2008-04-28 03:00:00,13.0,85.5,0,40.0,994.0,8.0,10.0,30.0,10.0,30.0,10.0,25.0,15.0,1,0,,,,,0,,,,,,,,,,,,,,,,,,,,,,,,,,,,,,,,,,,,,,
2008-001,2008-04-28 06:00:00,13.0,85.5,0,45.0,990.0,10.0,10.0,35.0,10.0,30.0,15.0,25.0,20.0,1,0,,,,,0,,,,,,,,,,,,,,,,,,,,,,,,,,,,,,,,,,,,,,
2008-001,2008-04-28 09:00:00,13.0,85.5,0,55.0,986.0,14.0,15.0,40.0,15.0,30.0,25.0,25.0,30.0,1,0,,,,,0,,,,,,,,,,,,,,,,,,,,,,,,,,,,,,,,,,,,,,
2008-001,2008-04-28 12:00:00,13.0,85.5,0,55.0,986.0,14.0,10.0,45.0,10.0,35.0,20.0,30.0,25.0,1,0,,,,,0,,,,,,,,,,,,,,,,,,,,,,,,,,,,,,,,,,,,,,
2008-001,2008-04-28 15:00:00,13.0,85.5,0,55.0,986.0,14.0,0.0,55.0,0.0,40.0,15.0,30.0,25.0,1,0,,,,,0,,,,,,,,,,,,,,,,,,,,,,,,,,,,,,,,,,,,,,
2008-001,2008-04-28 18:00:00,13.0,85.5,0,55.0,986.0,14.0,0.0,55.0,0.0,45.0,10.0,30.0,25.0,1,0,,,,,0,,,,,,,,,,,,,,,,,,,,,,,,,,,,,,,,,,,,,,
2008-001,2008-04-28 21:00:00,13.0,85.5,0,55.0,986.0,14.0,0.0,55.0,0.0,55.0,0.0,30.0,25.0,1,0,,,,,0,,,,,,,,,,,,,,,,,,,,,,,,,,,,,,,,,,,,,,
2008-001,2008-04-29 00:00:00,13.0,85.5,0,55.0,986.0,14.0,0.0,55.0,0.0,55.0,0.0,35.0,20.0,1,0,,,,,0,,,,,,,,,,,,,,,,,,,,,,,,,,,,,,,,,,,,,,
2008-001,2008-04-29 03:00:00,13.5,85.5,0,65.0,980.0,20.0,10.0,55.0,10.0,55.0,10.0,40.0,25.0,1,0,,,,,0,,,,,,,,,,,,,,,,,,,,,,,,,,,,,,,,,,,,,,
2008-001,2008-04-29 06:00:00,13.5,85.5,0,65.0,980.0,20.0,10.0,55.0,10.0,55.0,10.0,45.0,20.0,1,0,,,,,0,,,,,,,,,,,,,,,,,,,,,,,,,,,,,,,,,,,,,,
2008-001,2008-04-29 09:00:00,13.5,85.5,0,65.0,980.0,20.0,0.0,65.0,0.0,55.0,10.0,55.0,10.0,1,0,,,,,0,,,,,,,,,,,,,,,,,,,,,,,,,,,,,,,,,,,,,,
2008-001,2008-04-29 12:00:00,14.0,85.5,0,65.0,980.0,20.0,0.0,65.0,0.0,55.0,10.0,55.0,10.0,1,0,,,,,0,,,,,,,,,,,,,,,,,,,,,,,,,,,,,,,,,,,,,,
2008-001,2008-04-29 15:00:00,14.0,85.5,0,65.0,980.0,20.0,0.0,65.0,0.0,65.0,0.0,55.0,10.0,1,0,,,,,0,,,,,,,,,,,,,,,,,,,,,,,,,,,,,,,,,,,,,,
2008-001,2008-04-29 18:00:00,14.0,85.5,0,65.0,980.0,20.0,0.0,65.0,0.0,65.0,0.0,55.0,10.0,1,0,,,,,0,,,,,,,,,,,,,,,,,,,,,,,,,,,,,,,,,,,,,,
2008-001,2008-04-29 21:00:00,14.0,86.0,0,65.0,980.0,20.0,0.0,65.0,0.0,65.0,0.0,55.0,10.0,1,0,,,,,0,,,,,,,,,,,,,,,,,,,,,,,,,,,,,,,,,,,,,,
2008-001,2008-04-30 00:00:00,14.0,86.0,0,65.0,980.0,20.0,0.0,65.0,0.0,65.0,0.0,55.0,10.0,1,0,,,,,0,,,,,,,,,,,,,,,,,,,,,,,,,,,,,,,,,,,,,,
2008-001,2008-04-30 03:00:00,14.5,86.5,0,65.0,980.0,20.0,0.0,65.0,0.0,65.0,0.0,65.0,0.0,1,0,,,,,0,,,,,,,,,,,,,,,,,,,,,,,,,,,,,,,,,,,,,,
2008-001,2008-04-30 06:00:00,14.5,86.5,0,65.0,980.0,20.0,0.0,65.0,0.0,65.0,0.0,65.0,0.0,1,0,,,,,0,,,,,,,,,,,,,,,,,,,,,,,,,,,,,,,,,,,,,,
2008-001,2008-04-30 09:00:00,14.5,87.0,0,65.0,980.0,20.0,0.0,65.0,0.0,65.0,0.0,65.0,0.0,1,0,,,,,0,,,,,,,,,,,,,,,,,,,,,,,,,,,,,,,,,,,,,,
2008-001,2008-04-30 12:00:00,14.5,87.0,0,65.0,980.0,20.0,0.0,65.0,0.0,65.0,0.0,65.0,0.0,1,0,,,,,0,,,,,,,,,,,,,,,,,,,,,,,,,,,,,,,,,,,,,,
2008-001,2008-04-30 15:00:00,15.0,87.5,0,65.0,980.0,20.0,0.0,65.0,0.0,65.0,0.0,65.0,0.0,1,0,,,,,0,,,,,,,,,,,,,,,,,,,,,,,,,,,,,,,,,,,,,,
2008-001,2008-04-30 18:00:00,15.0,87.5,0,65.0,980.0,20.0,0.0,65.0,0.0,65.0,0.0,65.0,0.0,1,0,,,,,0,,,,,,,,,,,,,,,,,,,,,,,,,,,,,,,,,,,,,,
2008-001,2008-04-30 21:00:00,15.0,87.5,0,65.0,980.0,20.0,0.0,65.0,0.0,65.0,0.0,65.0,0.0,1,0,,,,,0,,,,,,,,,,,,,,,,,,,,,,,,,,,,,,,,,,,,,,
2008-001,2008-05-01 00:00:00,15.5,88.0,0,65.0,980.0,20.0,0.0,65.0,0.0,65.0,0.0,65.0,0.0,1,0,,,,,0,,,,,,,,,,,,,,,,,,,,,,,,,,,,,,,,,,,,,,
2008-001,2008-05-01 03:00:00,15.5,89.0,0,65.0,980.0,20.0,0.0,65.0,0.0,65.0,0.0,65.0,0.0,1,0,,,,,0,,,,,,,,,,,,,,,,,,,,,,,,,,,,,,,,,,,,,,
2008-001,2008-05-01 06:00:00,16.0,89.5,0,65.0,980.0,20.0,0.0,65.0,0.0,65.0,0.0,65.0,0.0,1,0,,,,,0,,,,,,,,,,,,,,,,,,,,,,,,,,,,,,,,,,,,,,
2008-001,2008-05-01 09:00:00,16.0,90.0,0,65.0,980.0,20.0,0.0,65.0,0.0,65.0,0.0,65.0,0.0,1,0,,,,,0,,,,,,,,,,,,,,,,,,,,,,,,,,,,,,,,,,,,,,
2008-001,2008-05-01 12:00:00,16.0,90.5,0,65.0,980.0,20.0,0.0,65.0,0.0,65.0,0.0,65.0,0.0,1,0,,,,,0,,,,,,,,,,,,,,,,,,,,,,,,,,,,,,,,,,,,,,
2008-001,2008-05-01 15:00:00,16.0,91.0,0,65.0,980.0,20.0,0.0,65.0,0.0,65.0,0.0,65.0,0.0,1,0,,,,,0,,,,,,,,,,,,,,,,,,,,,,,,,,,,,,,,,,,,,,
2008-001,2008-05-01 18:00:00,16.0,91.5,0,65.0,980.0,20.0,0.0,65.0,0.0,65.0,0.0,65.0,0.0,1,0,,,,,0,,,,,,,,,,,,,,,,,,,,,,,,,,,,,,,,,,,,,,
2008-001,2008-05-01 21:00:00,16.0,92.0,0,65.0,980.0,20.0,0.0,65.0,0.0,65.0,0.0,65.0,0.0,1,0,,,,,0,,,,,,,,,,,,,,,,,,,,,,,,,,,,,,,,,,,,,,
2008-001,2008-05-02 00:00:00,16.0,92.5,0,77.0,972.0,28.0,12.0,65.0,12.0,65.0,12.0,65.0,12.0,1,0,,,,,0,,,,,,,,,,,,,,,,,,,,,,,,,,,,,,,,,,,,,,
2008-001,2008-05-02 03:00:00,16.0,93.0,0,77.0,972.0,28.0,12.0,65.0,12.0,65.0,12.0,65.0,12.0,1,0,,,,,0,,,,,,,,,,,,,,,,,,,,,,,,,,,,,,,,,,,,,,
2008-001,2008-05-02 06:00:00,16.0,93.5,0,90.0,962.0,40.0,13.0,77.0,13.0,65.0,25.0,65.0,25.0,1,0,,,,,0,,,,,,,,,,,,,,,,,,,,,,,,,,,,,,,,,,,,,,
2008-001,2008-05-02 09:00:00,16.0,94.0,0,90.0,962.0,40.0,13.0,77.0,13.0,65.0,25.0,65.0,25.0,1,0,,,,,0,,,,,,,,,,,,,,,,,,,,,,,,,,,,,,,,,,,,,,
2008-003,2008-06-16 03:00:00,21.5,90.0,0,25.0,992.0,4.0,,,,,,,,1,0,,,,,0,,,,,,,,,,,,,,,,,,,,,,,,,,,,,,,,,,,,,,
2008-003,2008-06-16 09:00:00,21.5,89.5,0,25.0,988.0,4.0,0.0,25.0,0.0,,,,,1,0,,,,,0,,,,,,,,,,,,,,,,,,,,,,,,,,,,,,,,,,,,,,
2008-003,2008-06-16 12:00:00,22.0,89.5,0,25.0,988.0,4.0,,,,,,,,1,0,,,,,0,,,,,,,,,,,,,,,,,,,,,,,,,,,,,,,,,,,,,,
2008-003,2008-06-17 03:00:00,23.0,88.5,0,25.0,990.0,4.0,,,,,,25.0,0.0,1,0,,,,,0,,,,,,,,,,,,,,,,,,,,,,,,,,,,,,,,,,,,,,
2008-005,2008-09-15 12:00:00,19.5,88.5,0,25.0,996.0,4.0,,,,,,,,1,0,,,,,0,,,,,,,,,,,,,,,,,,,,,,,,,,,,,,,,,,,,,,
2008-005,2008-09-15 15:00:00,19.5,88.5,0,25.0,996.0,4.0,,,,,,,,1,0,,,,,0,,,,,,,,,,,,,,,,,,,,,,,,,,,,,,,,,,,,,,
2008-005,2008-09-15 18:00:00,19.5,88.0,0,25.0,986.0,4.0,0.0,25.0,0.0,,,,,1,0,,,,,0,,,,,,,,,,,,,,,,,,,,,,,,,,,,,,,,,,,,,,
2008-005,2008-09-16 03:00:00,19.5,88.0,0,25.0,994.0,4.0,,,,25.0,0.0,,,1,0,,,,,0,,,,,,,,,,,,,,,,,,,,,,,,,,,,,,,,,,,,,,
2008-005,2008-09-16 09:00:00,20.5,87.0,0,30.0,990.0,5.0,5.0,25.0,5.0,,,,,1,0,,,,,0,,,,,,,,,,,,,,,,,,,,,,,,,,,,,,,,,,,,,,
2008-005,2008-09-16 12:00:00,20.5,87.0,0,30.0,986.0,5.0,0.0,30.0,0.0,,,25.0,5.0,1,0,,,,,0,,,,,,,,,,,,,,,,,,,,,,,,,,,,,,,,,,,,,,
2008-005,2008-09-17 03:00:00,21.5,85.5,0,30.0,992.0,5.0,,,,30.0,0.0,25.0,5.0,1,0,,,,,0,,,,,,,,,,,,,,,,,,,,,,,,,,,,,,,,,,,,,,
2008-005,2008-09-17 09:00:00,22.0,84.5,0,30.0,992.0,5.0,0.0,30.0,0.0,,,30.0,0.0,1,0,,,,,0,,,,,,,,,,,,,,,,,,,,,,,,,,,,,,,,,,,,,,
2008-005,2008-09-17 12:00:00,22.0,84.5,0,30.0,992.0,5.0,,,,30.0,0.0,30.0,0.0,1,0,,,,,0,,,,,,,,,,,,,,,,,,,,,,,,,,,,,,,,,,,,,,
2008-005,2008-09-18 03:00:00,22.5,82.5,0,30.0,996.0,5.0,,,,,,30.0,0.0,1,0,,,,,0,,,,,,,,,,,,,,,,,,,,,,,,,,,,,,,,,,,,,,
2008-005,2008-09-18 09:00:00,23.0,82.0,0,25.0,996.0,4.0,-5.0,30.0,-5.0,,,30.0,-5.0,1,0,,,,,0,,,,,,,,,,,,,,,,,,,,,,,,,,,,,,,,,,,,,,
2008-007,2008-10-25 03:00:00,16.5,86.5,0,25.0,1004.0,3.0,,,,,,,,1,0,,,,,0,,,,,,,,,,,,,,,,,,,,,,,,,,,,,,,,,,,,,,
2008-007,2008-10-25 09:00:00,17.0,87.0,0,25.0,1002.0,3.0,0.0,25.0,0.0,,,,,1,0,,,,,0,,,,,,,,,,,,,,,,,,,,,,,,,,,,,,,,,,,,,,
2008-007,2008-10-25 12:00:00,17.5,87.0,0,25.0,1002.0,3.0,,,,,,,,1,0,,,,,0,,,,,,,,,,,,,,,,,,,,,,,,,,,,,,,,,,,,,,
2008-007,2008-10-25 18:00:00,18.0,87.0,0,25.0,1002.0,3.0,0.0,25.0,0.0,,,,,1,0,,,,,0,,,,,,,,,,,,,,,,,,,,,,,,,,,,,,,,,,,,,,
2008-007,2008-10-26 00:00:00,18.0,87.0,0,30.0,1000.0,5.0,5.0,25.0,5.0,25.0,5.0,,,1,0,,,,,0,,,,,,,,,,,,,,,,,,,,,,,,,,,,,,,,,,,,,,
2008-007,2008-10-26 03:00:00,18.5,87.5,0,30.0,1000.0,5.0,,,,,,25.0,5.0,1,0,,,,,0,,,,,,,,,,,,,,,,,,,,,,,,,,,,,,,,,,,,,,
2008-008,2008-11-13 12:00:00,11.5,85.5,0,25.0,1002.0,3.0,,,,,,,,1,0,,,,,0,,,,,,,,,,,,,,,,,,,,,,,,,,,,,,,,,,,,,,
2008-008,2008-11-13 18:00:00,12.0,85.0,0,25.0,1002.0,3.0,0.0,25.0,0.0,,,,,1,0,,,,,0,,,,,,,,,,,,,,,,,,,,,,,,,,,,,,,,,,,,,,
2008-008,2008-11-14 00:00:00,12.0,85.0,0,25.0,1002.0,3.0,0.0,25.0,0.0,25.0,0.0,,,1,0,,,,,0,,,,,,,,,,,,,,,,,,,,,,,,,,,,,,,,,,,,,,
2008-008,2008-11-14 03:00:00,12.5,85.0,0,30.0,1000.0,5.0,,,,,,,,1,0,,,,,0,,,,,,,,,,,,,,,,,,,,,,,,,,,,,,,,,,,,,,
2008-008,2008-11-14 06:00:00,13.0,85.0,0,30.0,1000.0,5.0,5.0,25.0,5.0,25.0,5.0,,,1,0,,,,,0,,,,,,,,,,,,,,,,,,,,,,,,,,,,,,,,,,,,,,
2008-008,2008-11-14 09:00:00,13.5,84.5,0,30.0,1000.0,5.0,0.0,30.0,0.0,,,,,1,0,,,,,0,,,,,,,,,,,,,,,,,,,,,,,,,,,,,,,,,,,,,,
2008-008,2008-11-14 12:00:00,14.0,84.0,0,35.0,998.0,6.0,5.0,30.0,5.0,25.0,10.0,25.0,10.0,1,0,,,,,0,,,,,,,,,,,,,,,,,,,,,,,,,,,,,,,,,,,,,,
2008-008,2008-11-14 15:00:00,14.5,83.5,0,35.0,996.0,6.0,5.0,30.0,5.0,30.0,5.0,,,1,0,,,,,0,,,,,,,,,,,,,,,,,,,,,,,,,,,,,,,,,,,,,,
2008-008,2008-11-14 18:00:00,14.5,83.5,0,35.0,996.0,6.0,0.0,35.0,0.0,30.0,5.0,25.0,10.0,1,0,,,,,0,,,,,,,,,,,,,,,,,,,,,,,,,,,,,,,,,,,,,,
2008-008,2008-11-14 21:00:00,14.5,83.0,0,40.0,994.0,8.0,5.0,35.0,5.0,30.0,10.0,,,1,0,,,,,0,,,,,,,,,,,,,,,,,,,,,,,,,,,,,,,,,,,,,,
2008-008,2008-11-15 00:00:00,14.5,83.0,0,40.0,994.0,8.0,5.0,35.0,5.0,35.0,5.0,25.0,15.0,1,0,,,,,0,,,,,,,,,,,,,,,,,,,,,,,,,,,,,,,,,,,,,,
2008-008,2008-11-15 03:00:00,14.5,82.5,0,35.0,996.0,6.0,-5.0,40.0,-5.0,35.0,0.0,30.0,5.0,1,0,,,,,0,,,,,,,,,,,,,,,,,,,,,,,,,,,,,,,,,,,,,,
2008-009,2008-11-25 09:00:00,8.5,81.0,0,25.0,1001.0,4.0,,,,,,,,1,0,,,,,0,,,,,,,,,,,,,,,,,,,,,,,,,,,,,,,,,,,,,,
2008-009,2008-11-25 12:00:00,8.5,81.0,0,30.0,1001.0,5.0,,,,,,,,1,0,,,,,0,,,,,,,,,,,,,,,,,,,,,,,,,,,,,,,,,,,,,,
2008-009,2008-11-25 15:00:00,9.0,81.0,0,30.0,1001.0,5.0,5.0,25.0,5.0,,,,,1,0,,,,,0,,,,,,,,,,,,,,,,,,,,,,,,,,,,,,,,,,,,,,
2008-009,2008-11-25 18:00:00,9.5,80.5,0,30.0,1002.0,5.0,0.0,30.0,0.0,,,,,1,0,,,,,0,,,,,,,,,,,,,,,,,,,,,,,,,,,,,,,,,,,,,,
2008-009,2008-11-25 21:00:00,10.0,80.0,0,30.0,1002.0,5.0,0.0,30.0,0.0,25.0,5.0,,,1,0,,,,,0,,,,,,,,,,,,,,,,,,,,,,,,,,,,,,,,,,,,,,
2008-009,2008-11-26 00:00:00,10.0,80.0,0,30.0,1000.0,6.0,0.0,30.0,0.0,30.0,0.0,,,1,0,,,,,0,,,,,,,,,,,,,,,,,,,,,,,,,,,,,,,,,,,,,,
2008-009,2008-11-26 03:00:00,10.5,80.0,0,40.0,1000.0,8.0,10.0,30.0,10.0,30.0,10.0,,,1,0,,,,,0,,,,,,,,,,,,,,,,,,,,,,,,,,,,,,,,,,,,,,
2008-009,2008-11-26 09:00:00,10.5,80.0,0,45.0,996.0,10.0,5.0,40.0,5.0,30.0,15.0,25.0,20.0,1,0,,,,,0,,,,,,,,,,,,,,,,,,,,,,,,,,,,,,,,,,,,,,
2008-009,2008-11-26 12:00:00,10.8,80.0,0,45.0,996.0,10.0,5.0,40.0,5.0,30.0,15.0,30.0,15.0,1,0,,,,,0,,,,,,,,,,,,,,,,,,,,,,,,,,,,,,,,,,,,,,
2008-010,2008-12-04 03:00:00,6.5,90.0,0,25.0,1006.0,4.0,,,,,,,,1,0,,,,,0,,,,,,,,,,,,,,,,,,,,,,,,,,,,,,,,,,,,,,
2008-010,2008-12-04 09:00:00,7.0,89.5,0,25.0,1006.0,4.0,0.0,25.0,0.0,,,,,1,0,,,,,0,,,,,,,,,,,,,,,,,,,,,,,,,,,,,,,,,,,,,,
2008-010,2008-12-04 12:00:00,7.0,89.5,0,25.0,1006.0,4.0,,,,,,,,1,0,,,,,0,,,,,,,,,,,,,,,,,,,,,,,,,,,,,,,,,,,,,,
2008-010,2008-12-04 18:00:00,7.0,89.0,0,25.0,1006.0,4.0,0.0,25.0,0.0,,,,,1,0,,,,,0,,,,,,,,,,,,,,,,,,,,,,,,,,,,,,,,,,,,,,
2008-010,2008-12-05 03:00:00,7.5,88.5,0,30.0,1004.0,5.0,,,,,,25.0,5.0,1,0,,,,,0,,,,,,,,,,,,,,,,,,,,,,,,,,,,,,,,,,,,,,
2008-010,2008-12-05 09:00:00,8.0,88.0,0,30.0,1004.0,5.0,0.0,30.0,0.0,,,25.0,5.0,1,0,,,,,0,,,,,,,,,,,,,,,,,,,,,,,,,,,,,,,,,,,,,,
2008-010,2008-12-05 12:00:00,8.5,87.5,0,30.0,1004.0,5.0,,,,30.0,0.0,25.0,5.0,1,0,,,,,0,,,,,,,,,,,,,,,,,,,,,,,,,,,,,,,,,,,,,,
2008-010,2008-12-05 18:00:00,8.5,87.0,0,30.0,1004.0,5.0,0.0,30.0,0.0,,,25.0,5.0,1,0,,,,,0,,,,,,,,,,,,,,,,,,,,,,,,,,,,,,,,,,,,,,
2008-010,2008-12-06 03:00:00,8.5,85.0,0,30.0,1006.0,5.0,,,,,,30.0,0.0,1,0,,,,,0,,,,,,,,,,,,,,,,,,,,,,,,,,,,,,,,,,,,,,
2008-010,2008-12-06 09:00:00,8.5,84.5,0,30.0,1006.0,5.0,0.0,30.0,0.0,,,30.0,0.0,1,0,,,,,0,,,,,,,,,,,,,,,,,,,,,,,,,,,,,,,,,,,,,,
2008-010,2008-12-06 12:00:00,8.5,84.0,0,30.0,1004.0,5.0,,,,,,30.0,0.0,1,0,,,,,0,,,,,,,,,,,,,,,,,,,,,,,,,,,,,,,,,,,,,,
2009-001,2009-04-14 12:00:00,12.5,88.0,0,25.0,1002.0,3.0,,,,,,,,1,0,,,,,0,,,,,,,,,,,,,,,,,,,,,,,,,,,,,,,,,,,,,,
2009-001,2009-04-14 18:00:00,12.5,88.0,0,25.0,1002.0,4.0,0.0,25.0,0.0,,,,,1,0,,,,,0,,,,,,,,,,,,,,,,,,,,,,,,,,,,,,,,,,,,,,
2009-001,2009-04-15 00:00:00,13.0,88.0,0,25.0,1000.0,4.0,0.0,25.0,0.0,25.0,0.0,,,1,0,,,,,0,,,,,,,,,,,,,,,,,,,,,,,,,,,,,,,,,,,,,,
2009-001,2009-04-15 03:00:00,13.5,87.5,0,25.0,1000.0,4.0,,,,,,,,1,0,,,,,0,,,,,,,,,,,,,,,,,,,,,,,,,,,,,,,,,,,,,,
2009-001,2009-04-15 06:00:00,14.0,87.5,0,30.0,1000.0,6.0,5.0,25.0,5.0,25.0,5.0,,,1,0,,,,,0,,,,,,,,,,,,,,,,,,,,,,,,,,,,,,,,,,,,,,
2009-001,2009-04-15 12:00:00,15.0,86.5,0,40.0,996.0,8.0,10.0,30.0,10.0,25.0,15.0,25.0,15.0,1,0,,,,,0,,,,,,,,,,,,,,,,,,,,,,,,,,,,,,,,,,,,,,
2009-001,2009-04-15 15:00:00,15.5,86.5,0,40.0,996.0,8.0,,,,25.0,15.0,,,1,0,,,,,0,,,,,,,,,,,,,,,,,,,,,,,,,,,,,,,,,,,,,,
2009-001,2009-04-15 18:00:00,16.0,86.5,0,40.0,996.0,8.0,0.0,40.0,0.0,30.0,10.0,25.0,15.0,1,0,,,,,0,,,,,,,,,,,,,,,,,,,,,,,,,,,,,,,,,,,,,,
2009-001,2009-04-15 21:00:00,16.0,86.5,0,40.0,996.0,8.0,0.0,40.0,0.0,,,,,1,0,,,,,0,,,,,,,,,,,,,,,,,,,,,,,,,,,,,,,,,,,,,,
2009-001,2009-04-16 00:00:00,16.5,86.0,0,40.0,996.0,8.0,0.0,40.0,0.0,40.0,0.0,25.0,15.0,1,0,,,,,0,,,,,,,,,,,,,,,,,,,,,,,,,,,,,,,,,,,,,,
2009-001,2009-04-16 03:00:00,17.0,86.0,0,40.0,996.0,8.0,0.0,40.0,0.0,40.0,0.0,25.0,15.0,1,0,,,,,0,,,,,,,,,,,,,,,,,,,,,,,,,,,,,,,,,,,,,,
2009-001,2009-04-16 06:00:00,17.5,86.0,0,40.0,996.0,8.0,0.0,40.0,0.0,40.0,0.0,30.0,10.0,1,0,,,,,0,,,,,,,,,,,,,,,,,,,,,,,,,,,,,,,,,,,,,,
2009-001,2009-04-16 09:00:00,18.0,86.0,0,40.0,996.0,8.0,0.0,40.0,0.0,40.0,0.0,,,1,0,,,,,0,,,,,,,,,,,,,,,,,,,,,,,,,,,,,,,,,,,,,,
2009-001,2009-04-16 12:00:00,18.5,86.5,0,40.0,996.0,8.0,0.0,40.0,0.0,40.0,0.0,40.0,0.0,1,0,,,,,0,,,,,,,,,,,,,,,,,,,,,,,,,,,,,,,,,,,,,,
2009-001,2009-04-16 15:00:00,18.5,86.5,0,40.0,996.0,8.0,0.0,40.0,0.0,40.0,0.0,40.0,0.0,1,0,,,,,0,,,,,,,,,,,,,,,,,,,,,,,,,,,,,,,,,,,,,,
2009-002,2009-05-23 06:00:00,16.5,88.0,0,25.0,998.0,3.0,,,,,,,,1,0,,,,,0,,,,,,,,,,,,,,,,,,,,,,,,,,,,,,,,,,,,,,
2009-002,2009-05-23 12:00:00,16.5,88.0,0,25.0,994.0,3.0,0.0,25.0,0.0,,,,,1,0,,,,,0,,,,,,,,,,,,,,,,,,,,,,,,,,,,,,,,,,,,,,
2009-002,2009-05-23 18:00:00,17.0,88.5,0,25.0,996.0,4.0,0.0,25.0,0.0,25.0,0.0,,,1,0,,,,,0,,,,,,,,,,,,,,,,,,,,,,,,,,,,,,,,,,,,,,
2009-002,2009-05-24 00:00:00,17.0,88.5,0,25.0,996.0,4.0,0.0,25.0,0.0,25.0,0.0,,,1,0,,,,,0,,,,,,,,,,,,,,,,,,,,,,,,,,,,,,,,,,,,,,
2009-002,2009-05-24 03:00:00,18.0,88.5,0,30.0,992.0,5.0,,,,,,,,1,0,,,,,0,,,,,,,,,,,,,,,,,,,,,,,,,,,,,,,,,,,,,,
2009-002,2009-05-24 06:00:00,18.0,88.5,0,30.0,988.0,5.0,5.0,25.0,5.0,25.0,5.0,25.0,5.0,1,0,,,,,0,,,,,,,,,,,,,,,,,,,,,,,,,,,,,,,,,,,,,,
2009-002,2009-05-24 09:00:00,18.0,88.5,1,30.0,986.0,5.0,0.0,30.0,0.0,,,,,1,0,,,,,0,,,,,,,,,,,,,,,,,,,,,,,,,,,,,,,,,,,,,,
2009-002,2009-05-24 12:00:00,18.5,88.5,0,35.0,986.0,6.0,5.0,30.0,5.0,25.0,10.0,25.0,10.0,1,0,,,,,0,,,,,,,,,,,,,,,,,,,,,,,,,,,,,,,,,,,,,,
2009-002,2009-05-24 15:00:00,19.0,88.5,0,35.0,986.0,8.0,5.0,30.0,5.0,30.0,5.0,,,1,0,,,,,0,,,,,,,,,,,,,,,,,,,,,,,,,,,,,,,,,,,,,,
2009-002,2009-05-24 18:00:00,19.0,88.5,0,35.0,986.0,8.0,0.0,35.0,0.0,30.0,5.0,25.0,10.0,1,0,,,,,0,,,,,,,,,,,,,,,,,,,,,,,,,,,,,,,,,,,,,,
2009-002,2009-05-24 21:00:00,20.0,88.0,0,40.0,984.0,8.0,5.0,35.0,5.0,30.0,10.0,,,1,0,,,,,0,,,,,,,,,,,,,,,,,,,,,,,,,,,,,,,,,,,,,,
2009-002,2009-05-25 00:00:00,20.0,88.0,0,40.0,980.0,10.0,5.0,35.0,5.0,35.0,5.0,25.0,15.0,1,0,,,,,0,,,,,,,,,,,,,,,,,,,,,,,,,,,,,,,,,,,,,,
2009-002,2009-05-25 03:00:00,20.5,88.0,0,50.0,978.0,12.0,10.0,40.0,10.0,35.0,15.0,30.0,20.0,1,0,,,,,0,,,,,,,,,,,,,,,,,,,,,,,,,,,,,,,,,,,,,,
2009-002,2009-05-25 06:00:00,21.5,88.0,0,55.0,974.0,15.0,15.0,40.0,15.0,35.0,20.0,30.0,25.0,1,0,,,,,0,,,,,,,,,,,,,,,,,,,,,,,,,,,,,,,,,,,,,,
2009-005,2009-07-20 03:00:00,21.0,88.5,0,25.0,992.0,3.0,,,,,,,,1,0,,,,,0,,,,,,,,,,,,,,,,,,,,,,,,,,,,,,,,,,,,,,
2009-005,2009-07-20 06:00:00,21.0,88.5,0,25.0,992.0,3.0,,,,,,,,1,0,,,,,0,,,,,,,,,,,,,,,,,,,,,,,,,,,,,,,,,,,,,,
2009-006,2009-09-05 00:00:00,20.5,88.0,0,25.0,990.0,3.0,,,,,,,,1,0,,,,,0,,,,,,,,,,,,,,,,,,,,,,,,,,,,,,,,,,,,,,
2009-006,2009-09-05 03:00:00,21.0,87.5,0,30.0,988.0,4.0,,,,,,,,1,0,,,,,0,,,,,,,,,,,,,,,,,,,,,,,,,,,,,,,,,,,,,,
2009-006,2009-09-05 09:00:00,22.0,87.5,0,30.0,988.0,4.0,0.0,30.0,0.0,,,,,1,0,,,,,0,,,,,,,,,,,,,,,,,,,,,,,,,,,,,,,,,,,,,,
2009-006,2009-09-05 12:00:00,22.5,87.5,0,30.0,988.0,4.0,0.0,30.0,0.0,25.0,5.0,,,1,0,,,,,0,,,,,,,,,,,,,,,,,,,,,,,,,,,,,,,,,,,,,,
2009-006,2009-09-05 18:00:00,23.0,87.0,0,30.0,988.0,4.0,0.0,30.0,0.0,30.0,0.0,,,1,0,,,,,0,,,,,,,,,,,,,,,,,,,,,,,,,,,,,,,,,,,,,,
2009-006,2009-09-06 00:00:00,23.0,86.5,0,30.0,988.0,4.0,0.0,30.0,0.0,30.0,0.0,25.0,5.0,1,0,,,,,0,,,,,,,,,,,,,,,,,,,,,,,,,,,,,,,,,,,,,,
2009-006,2009-09-06 03:00:00,23.5,86.0,0,30.0,988.0,4.0,,,,,,30.0,0.0,1,0,,,,,0,,,,,,,,,,,,,,,,,,,,,,,,,,,,,,,,,,,,,,
2009-006,2009-09-06 09:00:00,23.5,85.5,0,30.0,988.0,4.0,0.0,30.0,0.0,,,30.0,0.0,1,0,,,,,0,,,,,,,,,,,,,,,,,,,,,,,,,,,,,,,,,,,,,,
2009-008,2009-12-10 09:00:00,6.5,85.0,0,25.0,1004.0,3.0,,,,,,,,1,0,,,,,0,,,,,,,,,,,,,,,,,,,,,,,,,,,,,,,,,,,,,,
2009-008,2009-12-10 12:00:00,6.5,85.0,0,25.0,1004.0,3.0,,,,,,,,1,0,,,,,0,,,,,,,,,,,,,,,,,,,,,,,,,,,,,,,,,,,,,,
2009-008,2009-12-10 18:00:00,6.5,85.0,0,25.0,1003.0,4.0,0.0,25.0,0.0,,,,,1,0,,,,,0,,,,,,,,,,,,,,,,,,,,,,,,,,,,,,,,,,,,,,
2009-008,2009-12-11 00:00:00,7.0,84.5,0,30.0,1000.0,5.0,5.0,25.0,5.0,25.0,5.0,,,1,0,,,,,0,,,,,,,,,,,,,,,,,,,,,,,,,,,,,,,,,,,,,,
2009-008,2009-12-11 03:00:00,7.0,84.5,0,30.0,1000.0,5.0,,,,,,,,1,0,,,,,0,,,,,,,,,,,,,,,,,,,,,,,,,,,,,,,,,,,,,,
2009-008,2009-12-11 06:00:00,8.0,84.5,0,30.0,1000.0,5.0,0.0,30.0,0.0,25.0,5.0,,,1,0,,,,,0,,,,,,,,,,,,,,,,,,,,,,,,,,,,,,,,,,,,,,
2009-008,2009-12-11 09:00:00,8.5,84.5,0,35.0,998.0,6.0,5.0,30.0,5.0,,,25.0,10.0,1,0,,,,,0,,,,,,,,,,,,,,,,,,,,,,,,,,,,,,,,,,,,,,
2009-008,2009-12-11 12:00:00,8.5,84.5,0,35.0,998.0,6.0,5.0,30.0,5.0,30.0,5.0,25.0,10.0,1,0,,,,,0,,,,,,,,,,,,,,,,,,,,,,,,,,,,,,,,,,,,,,
2009-008,2009-12-11 15:00:00,9.0,84.5,0,35.0,998.0,6.0,0.0,35.0,0.0,30.0,5.0,,,1,0,,,,,0,,,,,,,,,,,,,,,,,,,,,,,,,,,,,,,,,,,,,,
2009-008,2009-12-11 18:00:00,9.0,84.5,0,40.0,998.0,8.0,5.0,35.0,5.0,30.0,10.0,25.0,15.0,1,0,,,,,0,,,,,,,,,,,,,,,,,,,,,,,,,,,,,,,,,,,,,,
2009-008,2009-12-12 00:00:00,10.0,84.5,0,45.0,996.0,10.0,5.0,40.0,5.0,35.0,10.0,30.0,15.0,1,0,,,,,0,,,,,,,,,,,,,,,,,,,,,,,,,,,,,,,,,,,,,,
2009-008,2009-12-12 03:00:00,10.0,84.5,0,45.0,996.0,10.0,0.0,45.0,0.0,35.0,10.0,30.0,15.0,1,0,,,,,0,,,,,,,,,,,,,,,,,,,,,,,,,,,,,,,,,,,,,,
2009-008,2009-12-12 06:00:00,10.0,84.5,0,45.0,996.0,10.0,0.0,45.0,0.0,40.0,5.0,30.0,15.0,1,0,,,,,0,,,,,,,,,,,,,,,,,,,,,,,,,,,,,,,,,,,,,,
2009-008,2009-12-12 12:00:00,10.0,83.5,0,35.0,998.0,6.0,-10.0,45.0,-10.0,45.0,-10.0,35.0,0.0,1,0,,,,,0,,,,,,,,,,,,,,,,,,,,,,,,,,,,,,,,,,,,,,
2009-008,2009-12-12 18:00:00,9.5,83.5,0,30.0,1000.0,5.0,-5.0,35.0,-5.0,45.0,-15.0,40.0,-10.0,1,0,,,,,0,,,,,,,,,,,,,,,,,,,,,,,,,,,,,,,,,,,,,,
2009-008,2009-12-13 00:00:00,9.5,83.0,0,30.0,1000.0,5.0,0.0,30.0,0.0,35.0,-5.0,45.0,-15.0,1,0,,,,,0,,,,,,,,,,,,,,,,,,,,,,,,,,,,,,,,,,,,,,
2009-008,2009-12-13 03:00:00,9.5,83.0,0,30.0,1000.0,5.0,,,,35.0,-5.0,45.0,-15.0,1,0,,,,,0,,,,,,,,,,,,,,,,,,,,,,,,,,,,,,,,,,,,,,
2009-008,2009-12-13 06:00:00,9.0,83.0,0,30.0,1002.0,5.0,0.0,30.0,0.0,30.0,0.0,45.0,-15.0,1,0,,,,,0,,,,,,,,,,,,,,,,,,,,,,,,,,,,,,,,,,,,,,
2009-008,2009-12-13 12:00:00,9.0,83.0,0,30.0,1002.0,5.0,0.0,30.0,0.0,30.0,0.0,35.0,-5.0,1,0,,,,,0,,,,,,,,,,,,,,,,,,,,,,,,,,,,,,,,,,,,,,
2009-008,2009-12-13 18:00:00,9.0,82.5,0,30.0,1002.0,5.0,0.0,30.0,0.0,30.0,0.0,30.0,0.0,1,0,,,,,0,,,,,,,,,,,,,,,,,,,,,,,,,,,,,,,,,,,,,,
2009-008,2009-12-14 00:00:00,9.0,82.0,0,30.0,1002.0,5.0,0.0,30.0,0.0,30.0,0.0,30.0,0.0,1,0,,,,,0,,,,,,,,,,,,,,,,,,,,,,,,,,,,,,,,,,,,,,
2010-001,2010-05-17 06:00:00,10.5,88.5,0,25.0,1004.0,3.0,,,,,,,,1,0,,,,,0,,,,,,,,,,,,,,,,,,,,,,,,,,,,,,,,,,,,,,
2010-001,2010-05-17 12:00:00,11.0,88.0,0,30.0,1000.0,5.0,5.0,25.0,5.0,,,,,1,0,,,,,0,,,,,,,,,,,,,,,,,,,,,,,,,,,,,,,,,,,,,,
2010-001,2010-05-17 18:00:00,11.5,87.5,0,30.0,998.0,5.0,0.0,30.0,0.0,25.0,5.0,,,1,0,,,,,0,,,,,,,,,,,,,,,,,,,,,,,,,,,,,,,,,,,,,,
2010-001,2010-05-18 00:00:00,11.5,86.5,0,35.0,998.0,6.0,5.0,30.0,5.0,30.0,5.0,,,1,0,,,,,0,,,,,,,,,,,,,,,,,,,,,,,,,,,,,,,,,,,,,,
2010-001,2010-05-18 03:00:00,12.0,85.5,0,40.0,996.0,6.0,,,,,,,,1,0,,,,,0,,,,,,,,,,,,,,,,,,,,,,,,,,,,,,,,,,,,,,
2010-001,2010-05-18 06:00:00,12.5,84.5,0,45.0,992.0,8.0,10.0,35.0,10.0,30.0,15.0,25.0,20.0,1,0,,,,,0,,,,,,,,,,,,,,,,,,,,,,,,,,,,,,,,,,,,,,
2010-001,2010-05-18 09:00:00,13.0,84.0,0,45.0,992.0,8.0,5.0,40.0,5.0,,,,,1,0,,,,,0,,,,,,,,,,,,,,,,,,,,,,,,,,,,,,,,,,,,,,
2010-001,2010-05-18 12:00:00,13.0,83.5,0,45.0,990.0,10.0,0.0,45.0,0.0,35.0,10.0,30.0,15.0,1,0,,,,,0,,,,,,,,,,,,,,,,,,,,,,,,,,,,,,,,,,,,,,
2010-001,2010-05-18 15:00:00,13.0,83.0,0,45.0,990.0,10.0,0.0,45.0,0.0,40.0,5.0,,,1,0,,,,,0,,,,,,,,,,,,,,,,,,,,,,,,,,,,,,,,,,,,,,
2010-001,2010-05-18 18:00:00,13.0,82.5,0,45.0,990.0,10.0,0.0,45.0,0.0,45.0,0.0,30.0,15.0,1,0,,,,,0,,,,,,,,,,,,,,,,,,,,,,,,,,,,,,,,,,,,,,
2010-001,2010-05-18 21:00:00,13.0,82.0,0,45.0,990.0,10.0,0.0,45.0,0.0,45.0,0.0,,,1,0,,,,,0,,,,,,,,,,,,,,,,,,,,,,,,,,,,,,,,,,,,,,
2010-001,2010-05-19 00:00:00,13.5,82.0,0,45.0,990.0,10.0,0.0,45.0,0.0,45.0,0.0,35.0,10.0,1,0,,,,,0,,,,,,,,,,,,,,,,,,,,,,,,,,,,,,,,,,,,,,
2010-001,2010-05-19 03:00:00,13.5,82.0,0,45.0,990.0,10.0,0.0,45.0,0.0,45.0,0.0,40.0,5.0,1,0,,,,,0,,,,,,,,,,,,,,,,,,,,,,,,,,,,,,,,,,,,,,
2010-001,2010-05-19 06:00:00,13.5,81.5,0,55.0,986.0,15.0,10.0,45.0,10.0,45.0,10.0,45.0,10.0,1,0,,,,,0,,,,,,,,,,,,,,,,,,,,,,,,,,,,,,,,,,,,,,
2010-001,2010-05-19 09:00:00,14.0,81.5,0,55.0,986.0,15.0,10.0,45.0,10.0,45.0,10.0,45.0,10.0,1,0,,,,,0,,,,,,,,,,,,,,,,,,,,,,,,,,,,,,,,,,,,,,
2010-001,2010-05-19 12:00:00,14.0,81.5,0,55.0,986.0,15.0,0.0,55.0,0.0,45.0,10.0,45.0,10.0,1,0,,,,,0,,,,,,,,,,,,,,,,,,,,,,,,,,,,,,,,,,,,,,
2010-001,2010-05-19 15:00:00,14.0,81.5,0,55.0,986.0,15.0,0.0,55.0,0.0,45.0,10.0,45.0,10.0,1,0,,,,,0,,,,,,,,,,,,,,,,,,,,,,,,,,,,,,,,,,,,,,
2010-001,2010-05-19 18:00:00,14.5,81.0,0,55.0,986.0,15.0,0.0,55.0,0.0,55.0,0.0,45.0,10.0,1,0,,,,,0,,,,,,,,,,,,,,,,,,,,,,,,,,,,,,,,,,,,,,
2010-001,2010-05-19 21:00:00,14.5,81.0,0,55.0,986.0,15.0,0.0,55.0,0.0,55.0,0.0,45.0,10.0,1,0,,,,,0,,,,,,,,,,,,,,,,,,,,,,,,,,,,,,,,,,,,,,
2010-001,2010-05-20 00:00:00,15.0,81.0,0,55.0,986.0,15.0,0.0,55.0,0.0,55.0,0.0,45.0,10.0,1,0,,,,,0,,,,,,,,,,,,,,,,,,,,,,,,,,,,,,,,,,,,,,
2010-001,2010-05-20 03:00:00,15.5,80.5,0,55.0,986.0,15.0,0.0,55.0,0.0,55.0,0.0,45.0,10.0,1,0,,,,,0,,,,,,,,,,,,,,,,,,,,,,,,,,,,,,,,,,,,,,
2010-001,2010-05-20 06:00:00,15.7,80.5,0,55.0,986.0,15.0,0.0,55.0,0.0,55.0,0.0,55.0,0.0,1,0,,,,,0,,,,,,,,,,,,,,,,,,,,,,,,,,,,,,,,,,,,,,
2010-004,2010-10-07 03:00:00,16.5,84.5,0,25.0,998.0,4.0,,,,,,,,1,0,,,,,0,,,,,,,,,,,,,,,,,,,,,,,,,,,,,,,,,,,,,,
2010-004,2010-10-07 06:00:00,17.5,84.5,0,25.0,998.0,4.0,,,,,,,,1,0,,,,,0,,,,,,,,,,,,,,,,,,,,,,,,,,,,,,,,,,,,,,
2010-004,2010-10-07 12:00:00,18.5,85.0,0,25.0,996.0,4.0,0.0,25.0,0.0,,,,,1,0,,,,,0,,,,,,,,,,,,,,,,,,,,,,,,,,,,,,,,,,,,,,
2010-004,2010-10-07 18:00:00,19.0,85.5,0,25.0,996.0,4.0,0.0,25.0,0.0,25.0,0.0,,,1,0,,,,,0,,,,,,,,,,,,,,,,,,,,,,,,,,,,,,,,,,,,,,
2010-005,2010-10-13 06:00:00,17.5,90.0,0,25.0,1002.0,4.0,,,,,,,,1,0,,,,,0,,,,,,,,,,,,,,,,,,,,,,,,,,,,,,,,,,,,,,
2010-005,2010-10-13 12:00:00,17.5,89.0,0,25.0,998.0,4.0,0.0,25.0,0.0,,,,,1,0,,,,,0,,,,,,,,,,,,,,,,,,,,,,,,,,,,,,,,,,,,,,
2010-005,2010-10-13 18:00:00,18.0,88.5,0,25.0,998.0,4.0,0.0,25.0,0.0,25.0,0.0,,,1,0,,,,,0,,,,,,,,,,,,,,,,,,,,,,,,,,,,,,,,,,,,,,
2010-005,2010-10-14 00:00:00,18.0,88.5,0,25.0,998.0,4.0,0.0,25.0,0.0,25.0,0.0,,,1,0,,,,,0,,,,,,,,,,,,,,,,,,,,,,,,,,,,,,,,,,,,,,
2010-005,2010-10-14 03:00:00,18.0,88.5,0,25.0,998.0,4.0,,,,,,,,1,0,,,,,0,,,,,,,,,,,,,,,,,,,,,,,,,,,,,,,,,,,,,,
2010-005,2010-10-14 06:00:00,18.0,88.5,0,25.0,998.0,4.0,0.0,25.0,0.0,25.0,0.0,25.0,0.0,1,0,,,,,0,,,,,,,,,,,,,,,,,,,,,,,,,,,,,,,,,,,,,,
2010-005,2010-10-14 12:00:00,18.0,88.0,0,25.0,996.0,4.0,0.0,25.0,0.0,25.0,0.0,25.0,0.0,1,0,,,,,0,,,,,,,,,,,,,,,,,,,,,,,,,,,,,,,,,,,,,,
2010-005,2010-10-14 18:00:00,18.0,88.0,0,25.0,996.0,4.0,0.0,25.0,0.0,25.0,0.0,25.0,0.0,1,0,,,,,0,,,,,,,,,,,,,,,,,,,,,,,,,,,,,,,,,,,,,,
2010-005,2010-10-15 00:00:00,18.5,87.5,0,25.0,996.0,4.0,0.0,25.0,0.0,25.0,0.0,25.0,0.0,1,0,,,,,0,,,,,,,,,,,,,,,,,,,,,,,,,,,,,,,,,,,,,,
2010-006,2010-10-20 12:00:00,17.5,91.5,0,25.0,1002.0,4.0,,,,,,,,1,0,,,,,0,,,,,,,,,,,,,,,,,,,,,,,,,,,,,,,,,,,,,,
2010-006,2010-10-20 18:00:00,17.5,91.5,0,25.0,1002.0,4.0,0.0,25.0,0.0,,,,,1,0,,,,,0,,,,,,,,,,,,,,,,,,,,,,,,,,,,,,,,,,,,,,
2010-006,2010-10-21 00:00:00,17.5,91.5,1,25.0,1002.0,4.0,0.0,25.0,0.0,25.0,0.0,,,1,0,,,,,0,,,,,,,,,,,,,,,,,,,,,,,,,,,,,,,,,,,,,,
2010-006,2010-10-21 03:00:00,17.5,91.5,1,30.0,1000.0,5.0,,,,,,,,1,0,,,,,0,,,,,,,,,,,,,,,,,,,,,,,,,,,,,,,,,,,,,,
2010-006,2010-10-21 06:00:00,17.5,91.5,1,35.0,998.0,6.0,10.0,25.0,10.0,25.0,10.0,,,1,0,,,,,0,,,,,,,,,,,,,,,,,,,,,,,,,,,,,,,,,,,,,,
2010-006,2010-10-21 09:00:00,17.5,91.5,1,40.0,996.0,8.0,10.0,30.0,10.0,,,,,1,0,,,,,0,,,,,,,,,,,,,,,,,,,,,,,,,,,,,,,,,,,,,,
2010-006,2010-10-21 12:00:00,18.0,92.0,1,45.0,990.0,10.0,10.0,35.0,10.0,25.0,20.0,25.0,20.0,1,0,,,,,0,,,,,,,,,,,,,,,,,,,,,,,,,,,,,,,,,,,,,,
2010-006,2010-10-21 15:00:00,18.0,92.0,1,45.0,990.0,10.0,5.0,40.0,5.0,30.0,15.0,,,1,0,,,,,0,,,,,,,,,,,,,,,,,,,,,,,,,,,,,,,,,,,,,,
2010-006,2010-10-21 18:00:00,18.0,92.0,0,50.0,988.0,12.0,5.0,45.0,5.0,35.0,15.0,25.0,25.0,1,0,,,,,0,,,,,,,,,,,,,,,,,,,,,,,,,,,,,,,,,,,,,,
2010-006,2010-10-21 21:00:00,18.5,92.5,0,55.0,984.0,16.0,10.0,45.0,10.0,40.0,15.0,,,1,0,,,,,0,,,,,,,,,,,,,,,,,,,,,,,,,,,,,,,,,,,,,,
2010-006,2010-10-22 00:00:00,18.5,92.5,0,60.0,980.0,20.0,10.0,50.0,10.0,45.0,15.0,25.0,35.0,1,0,,,,,0,,,,,,,,,,,,,,,,,,,,,,,,,,,,,,,,,,,,,,
2010-006,2010-10-22 03:00:00,19.0,93.0,0,80.0,974.0,30.0,25.0,55.0,25.0,45.0,35.0,30.0,50.0,1,0,,,,,0,,,,,,,,,,,,,,,,,,,,,,,,,,,,,,,,,,,,,,
2010-006,2010-10-22 06:00:00,19.0,93.0,0,90.0,964.0,40.0,30.0,60.0,30.0,50.0,40.0,35.0,55.0,1,0,,,,,0,,,,,,,,,,,,,,,,,,,,,,,,,,,,,,,,,,,,,,
2010-007,2010-11-04 00:00:00,8.0,92.0,0,25.0,1002.0,3.0,,,,,,,,1,0,,,,,0,,,,,,,,,,,,,,,,,,,,,,,,,,,,,,,,,,,,,,
2010-007,2010-11-04 03:00:00,8.5,91.0,0,25.0,1002.0,3.0,,,,,,,,1,0,,,,,0,,,,,,,,,,,,,,,,,,,,,,,,,,,,,,,,,,,,,,
2010-007,2010-11-04 06:00:00,8.5,90.5,0,25.0,1002.0,3.0,0.0,25.0,0.0,,,,,1,0,,,,,0,,,,,,,,,,,,,,,,,,,,,,,,,,,,,,,,,,,,,,
2010-007,2010-11-04 12:00:00,8.5,90.0,0,25.0,1002.0,3.0,0.0,25.0,0.0,25.0,0.0,,,1,0,,,,,0,,,,,,,,,,,,,,,,,,,,,,,,,,,,,,,,,,,,,,
2010-007,2010-11-04 18:00:00,8.5,89.5,0,25.0,1002.0,4.0,0.0,25.0,0.0,25.0,0.0,,,1,0,,,,,0,,,,,,,,,,,,,,,,,,,,,,,,,,,,,,,,,,,,,,
2010-007,2010-11-05 00:00:00,9.0,88.5,0,30.0,1000.0,5.0,5.0,25.0,5.0,25.0,5.0,25.0,5.0,1,0,,,,,0,,,,,,,,,,,,,,,,,,,,,,,,,,,,,,,,,,,,,,
2010-007,2010-11-05 03:00:00,9.0,88.0,0,30.0,1000.0,5.0,,,,,,25.0,5.0,1,0,,,,,0,,,,,,,,,,,,,,,,,,,,,,,,,,,,,,,,,,,,,,
2010-007,2010-11-05 06:00:00,9.0,87.5,0,35.0,998.0,6.0,5.0,30.0,5.0,25.0,10.0,25.0,10.0,1,0,,,,,0,,,,,,,,,,,,,,,,,,,,,,,,,,,,,,,,,,,,,,
2010-007,2010-11-05 09:00:00,9.0,87.5,0,40.0,996.0,8.0,10.0,30.0,10.0,,,,,1,0,,,,,0,,,,,,,,,,,,,,,,,,,,,,,,,,,,,,,,,,,,,,
2010-007,2010-11-05 12:00:00,9.5,87.0,0,45.0,994.0,10.0,10.0,35.0,10.0,30.0,15.0,25.0,20.0,1,0,,,,,0,,,,,,,,,,,,,,,,,,,,,,,,,,,,,,,,,,,,,,
2010-007,2010-11-05 15:00:00,9.5,87.0,0,45.0,994.0,10.0,5.0,40.0,5.0,30.0,15.0,,,1,0,,,,,0,,,,,,,,,,,,,,,,,,,,,,,,,,,,,,,,,,,,,,
2010-007,2010-11-05 18:00:00,10.0,86.5,0,50.0,992.0,12.0,5.0,45.0,5.0,35.0,15.0,25.0,25.0,1,0,,,,,0,,,,,,,,,,,,,,,,,,,,,,,,,,,,,,,,,,,,,,
2010-007,2010-11-05 21:00:00,10.0,86.0,0,55.0,990.0,16.0,10.0,45.0,10.0,40.0,15.0,,,1,0,,,,,0,,,,,,,,,,,,,,,,,,,,,,,,,,,,,,,,,,,,,,
2010-007,2010-11-06 00:00:00,10.0,85.5,0,55.0,990.0,16.0,5.0,50.0,5.0,45.0,10.0,30.0,25.0,1,0,,,,,0,,,,,,,,,,,,,,,,,,,,,,,,,,,,,,,,,,,,,,
2010-007,2010-11-06 03:00:00,10.0,85.5,0,55.0,990.0,16.0,0.0,55.0,0.0,45.0,10.0,30.0,25.0,1,0,,,,,0,,,,,,,,,,,,,,,,,,,,,,,,,,,,,,,,,,,,,,
2010-007,2010-11-06 06:00:00,10.0,85.0,0,55.0,990.0,16.0,0.0,55.0,0.0,50.0,5.0,35.0,20.0,1,0,,,,,0,,,,,,,,,,,,,,,,,,,,,,,,,,,,,,,,,,,,,,
2010-007,2010-11-06 09:00:00,10.0,85.0,0,55.0,990.0,16.0,0.0,55.0,0.0,55.0,0.0,40.0,15.0,1,0,,,,,0,,,,,,,,,,,,,,,,,,,,,,,,,,,,,,,,,,,,,,
2010-007,2010-11-06 12:00:00,11.0,84.5,0,60.0,988.0,18.0,5.0,55.0,5.0,55.0,5.0,45.0,15.0,1,0,,,,,0,,,,,,,,,,,,,,,,,,,,,,,,,,,,,,,,,,,,,,
2010-007,2010-11-06 15:00:00,11.0,84.5,0,60.0,988.0,18.0,5.0,55.0,5.0,55.0,5.0,45.0,15.0,1,0,,,,,0,,,,,,,,,,,,,,,,,,,,,,,,,,,,,,,,,,,,,,
2010-007,2010-11-06 18:00:00,11.0,84.0,0,60.0,988.0,18.0,0.0,60.0,0.0,55.0,5.0,50.0,10.0,1,0,,,,,0,,,,,,,,,,,,,,,,,,,,,,,,,,,,,,,,,,,,,,
2010-007,2010-11-07 00:00:00,11.0,83.5,0,60.0,988.0,18.0,0.0,60.0,0.0,60.0,0.0,55.0,5.0,1,0,,,,,0,,,,,,,,,,,,,,,,,,,,,,,,,,,,,,,,,,,,,,
2010-007,2010-11-07 03:00:00,12.0,83.0,0,55.0,990.0,16.0,-5.0,60.0,-5.0,60.0,-5.0,55.0,0.0,1,0,,,,,0,,,,,,,,,,,,,,,,,,,,,,,,,,,,,,,,,,,,,,
2011-003,2011-06-16 03:00:00,21.5,89.0,0,25.0,986.0,6.0,,,,,,,,1,0,,,,,0,,,,,,,,,,,,,,,,,,,,,,,,,,,,,,,,,,,,,,
2011-003,2011-06-16 06:00:00,21.5,89.0,0,25.0,986.0,6.0,,,,,,,,1,0,,,,,0,,,,,,,,,,,,,,,,,,,,,,,,,,,,,,,,,,,,,,
2011-003,2011-06-16 12:00:00,22.0,89.0,0,30.0,984.0,6.0,5.0,25.0,5.0,,,,,1,0,,,,,0,,,,,,,,,,,,,,,,,,,,,,,,,,,,,,,,,,,,,,
2011-003,2011-06-16 18:00:00,22.5,89.0,0,30.0,984.0,6.0,0.0,30.0,0.0,25.0,5.0,,,1,0,,,,,0,,,,,,,,,,,,,,,,,,,,,,,,,,,,,,,,,,,,,,
2011-003,2011-06-17 00:00:00,22.5,89.0,0,30.0,984.0,6.0,0.0,30.0,0.0,30.0,0.0,,,1,0,,,,,0,,,,,,,,,,,,,,,,,,,,,,,,,,,,,,,,,,,,,,
2011-003,2011-06-17 03:00:00,22.5,89.0,0,30.0,984.0,8.0,,,,,,25.0,5.0,1,0,,,,,0,,,,,,,,,,,,,,,,,,,,,,,,,,,,,,,,,,,,,,
2011-003,2011-06-17 06:00:00,22.8,88.5,0,35.0,978.0,12.0,5.0,30.0,5.0,30.0,5.0,25.0,10.0,1,0,,,,,0,,,,,,,,,,,,,,,,,,,,,,,,,,,,,,,,,,,,,,
2011-003,2011-06-17 12:00:00,23.0,88.0,0,25.0,982.0,10.0,-10.0,35.0,-10.0,30.0,-5.0,30.0,-5.0,1,0,,,,,0,,,,,,,,,,,,,,,,,,,,,,,,,,,,,,,,,,,,,,
2011-003,2011-06-17 18:00:00,23.0,88.0,0,25.0,984.0,8.0,0.0,25.0,0.0,35.0,-10.0,30.0,-5.0,1,0,,,,,0,,,,,,,,,,,,,,,,,,,,,,,,,,,,,,,,,,,,,,
2011-003,2011-06-18 00:00:00,23.0,87.5,0,25.0,984.0,8.0,0.0,25.0,0.0,25.0,0.0,30.0,-5.0,1,0,,,,,0,,,,,,,,,,,,,,,,,,,,,,,,,,,,,,,,,,,,,,
2011-003,2011-06-18 03:00:00,23.0,87.0,0,25.0,984.0,8.0,,,,,,30.0,-5.0,1,0,,,,,0,,,,,,,,,,,,,,,,,,,,,,,,,,,,,,,,,,,,,,
2011-003,2011-06-18 06:00:00,23.0,87.0,0,25.0,984.0,8.0,0.0,25.0,0.0,25.0,0.0,35.0,-10.0,1,0,,,,,0,,,,,,,,,,,,,,,,,,,,,,,,,,,,,,,,,,,,,,
2011-003,2011-06-18 12:00:00,23.0,87.0,0,25.0,984.0,8.0,0.0,25.0,0.0,25.0,0.0,25.0,0.0,1,0,,,,,0,,,,,,,,,,,,,,,,,,,,,,,,,,,,,,,,,,,,,,
2011-003,2011-06-18 18:00:00,23.0,86.5,0,25.0,986.0,8.0,0.0,25.0,0.0,25.0,0.0,25.0,0.0,1,0,,,,,0,,,,,,,,,,,,,,,,,,,,,,,,,,,,,,,,,,,,,,
2011-003,2011-06-19 00:00:00,23.0,86.0,0,25.0,986.0,8.0,0.0,25.0,0.0,25.0,0.0,25.0,0.0,1,0,,,,,0,,,,,,,,,,,,,,,,,,,,,,,,,,,,,,,,,,,,,,
2011-003,2011-06-19 03:00:00,23.5,85.5,0,25.0,987.0,8.0,,,,,,25.0,0.0,1,0,,,,,0,,,,,,,,,,,,,,,,,,,,,,,,,,,,,,,,,,,,,,
2011-003,2011-06-19 06:00:00,23.5,85.5,0,25.0,987.0,8.0,0.0,25.0,0.0,25.0,0.0,25.0,0.0,1,0,,,,,0,,,,,,,,,,,,,,,,,,,,,,,,,,,,,,,,,,,,,,
2011-003,2011-06-19 12:00:00,23.5,85.0,0,25.0,987.0,7.0,0.0,25.0,0.0,25.0,0.0,25.0,0.0,1,0,,,,,0,,,,,,,,,,,,,,,,,,,,,,,,,,,,,,,,,,,,,,
2011-003,2011-06-19 18:00:00,23.5,84.5,0,25.0,987.0,7.0,0.0,25.0,0.0,25.0,0.0,25.0,0.0,1,0,,,,,0,,,,,,,,,,,,,,,,,,,,,,,,,,,,,,,,,,,,,,
2011-003,2011-06-20 00:00:00,23.5,84.0,0,25.0,987.0,7.0,0.0,25.0,0.0,25.0,0.0,25.0,0.0,1,0,,,,,0,,,,,,,,,,,,,,,,,,,,,,,,,,,,,,,,,,,,,,
2011-003,2011-06-20 03:00:00,23.7,83.5,0,25.0,987.0,7.0,,,,,,25.0,0.0,1,0,,,,,0,,,,,,,,,,,,,,,,,,,,,,,,,,,,,,,,,,,,,,
2011-003,2011-06-20 06:00:00,23.7,83.5,0,20.0,990.0,4.0,-5.0,25.0,-5.0,25.0,-5.0,25.0,-5.0,1,0,,,,,0,,,,,,,,,,,,,,,,,,,,,,,,,,,,,,,,,,,,,,
2011-003,2011-06-20 12:00:00,24.0,83.0,0,20.0,990.0,4.0,0.0,20.0,0.0,25.0,-5.0,25.0,-5.0,1,0,,,,,0,,,,,,,,,,,,,,,,,,,,,,,,,,,,,,,,,,,,,,
2011-003,2011-06-20 18:00:00,24.0,83.0,0,20.0,990.0,4.0,0.0,20.0,0.0,20.0,0.0,25.0,-5.0,1,0,,,,,0,,,,,,,,,,,,,,,,,,,,,,,,,,,,,,,,,,,,,,
2011-003,2011-06-21 00:00:00,24.5,82.5,0,20.0,990.0,4.0,0.0,20.0,0.0,20.0,0.0,25.0,-5.0,1,0,,,,,0,,,,,,,,,,,,,,,,,,,,,,,,,,,,,,,,,,,,,,
2011-003,2011-06-21 03:00:00,24.5,82.0,0,20.0,990.0,4.0,,,,,,25.0,-5.0,1,0,,,,,0,,,,,,,,,,,,,,,,,,,,,,,,,,,,,,,,,,,,,,
2011-003,2011-06-21 06:00:00,24.5,81.5,0,20.0,990.0,4.0,0.0,20.0,0.0,20.0,0.0,20.0,0.0,1,0,,,,,0,,,,,,,,,,,,,,,,,,,,,,,,,,,,,,,,,,,,,,
2011-003,2011-06-21 12:00:00,24.5,81.0,0,20.0,990.0,4.0,0.0,20.0,0.0,20.0,0.0,20.0,0.0,1,0,,,,,0,,,,,,,,,,,,,,,,,,,,,,,,,,,,,,,,,,,,,,
2011-003,2011-06-21 18:00:00,24.5,81.0,0,20.0,990.0,4.0,0.0,20.0,0.0,20.0,0.0,20.0,0.0,1,0,,,,,0,,,,,,,,,,,,,,,,,,,,,,,,,,,,,,,,,,,,,,
2011-005,2011-09-22 03:00:00,21.5,87.5,0,25.0,998.0,4.0,,,,,,,,1,0,,,,,0,,,,,,,,,,,,,,,,,,,,,,,,,,,,,,,,,,,,,,
2011-005,2011-09-22 06:00:00,21.6,87.3,0,25.0,998.0,4.0,,,,,,,,1,0,,,,,0,,,,,,,,,,,,,,,,,,,,,,,,,,,,,,,,,,,,,,
2011-006,2011-10-19 00:00:00,20.0,90.5,0,25.0,1002.0,3.0,,,,,,,,1,0,,,,,0,,,,,,,,,,,,,,,,,,,,,,,,,,,,,,,,,,,,,,
2011-010,2011-12-25 12:00:00,8.5,88.5,0,25.0,1000.0,3.0,,,,,,,,1,0,,,,,0,,,,,,,,,,,,,,,,,,,,,,,,,,,,,,,,,,,,,,
2011-010,2011-12-25 18:00:00,9.0,88.0,0,25.0,1000.0,3.0,0.0,25.0,0.0,,,,,1,0,,,,,0,,,,,,,,,,,,,,,,,,,,,,,,,,,,,,,,,,,,,,
2011-010,2011-12-26 00:00:00,9.5,87.5,0,30.0,998.0,4.0,5.0,25.0,5.0,25.0,5.0,,,1,0,,,,,0,,,,,,,,,,,,,,,,,,,,,,,,,,,,,,,,,,,,,,
2011-010,2011-12-26 03:00:00,9.5,87.5,0,30.0,998.0,4.0,,,,,,,,1,0,,,,,0,,,,,,,,,,,,,,,,,,,,,,,,,,,,,,,,,,,,,,
2011-010,2011-12-26 06:00:00,10.0,87.5,0,30.0,998.0,4.0,0.0,30.0,0.0,25.0,5.0,,,1,0,,,,,0,,,,,,,,,,,,,,,,,,,,,,,,,,,,,,,,,,,,,,
2011-010,2011-12-26 12:00:00,10.5,87.5,0,30.0,998.0,5.0,0.0,30.0,0.0,30.0,0.0,25.0,5.0,1,0,,,,,0,,,,,,,,,,,,,,,,,,,,,,,,,,,,,,,,,,,,,,
2011-010,2011-12-26 18:00:00,11.0,87.5,0,35.0,996.0,7.0,5.0,30.0,5.0,30.0,5.0,25.0,10.0,1,0,,,,,0,,,,,,,,,,,,,,,,,,,,,,,,,,,,,,,,,,,,,,
2011-010,2011-12-26 21:00:00,11.0,87.5,0,35.0,996.0,7.0,,,,,,,,1,0,,,,,0,,,,,,,,,,,,,,,,,,,,,,,,,,,,,,,,,,,,,,
2011-010,2011-12-27 00:00:00,11.5,87.5,0,40.0,994.0,8.0,5.0,35.0,5.0,30.0,10.0,30.0,10.0,1,0,,,,,0,,,,,,,,,,,,,,,,,,,,,,,,,,,,,,,,,,,,,,
2011-010,2011-12-27 03:00:00,12.0,87.0,0,40.0,994.0,8.0,5.0,35.0,5.0,,,30.0,10.0,1,0,,,,,0,,,,,,,,,,,,,,,,,,,,,,,,,,,,,,,,,,,,,,
2011-010,2011-12-27 06:00:00,12.0,87.0,0,40.0,994.0,8.0,0.0,40.0,0.0,35.0,5.0,30.0,10.0,1,0,,,,,0,,,,,,,,,,,,,,,,,,,,,,,,,,,,,,,,,,,,,,
2011-010,2011-12-27 09:00:00,12.2,86.7,0,40.0,992.0,10.0,0.0,40.0,0.0,35.0,5.0,,,1,0,,,,,0,,,,,,,,,,,,,,,,,,,,,,,,,,,,,,,,,,,,,,
2011-010,2011-12-27 12:00:00,12.5,86.5,0,40.0,992.0,10.0,0.0,40.0,0.0,40.0,0.0,30.0,10.0,1,0,,,,,0,,,,,,,,,,,,,,,,,,,,,,,,,,,,,,,,,,,,,,
2011-010,2011-12-27 15:00:00,12.5,86.5,0,45.0,992.0,10.0,5.0,40.0,5.0,40.0,5.0,,,1,0,,,,,0,,,,,,,,,,,,,,,,,,,,,,,,,,,,,,,,,,,,,,
2011-010,2011-12-27 18:00:00,12.5,86.0,0,45.0,992.0,12.0,5.0,40.0,5.0,40.0,5.0,35.0,10.0,1,0,,,,,0,,,,,,,,,,,,,,,,,,,,,,,,,,,,,,,,,,,,,,
2011-010,2011-12-27 21:00:00,12.5,86.0,0,45.0,992.0,12.0,0.0,45.0,0.0,40.0,5.0,35.0,10.0,1,0,,,,,0,,,,,,,,,,,,,,,,,,,,,,,,,,,,,,,,,,,,,,
2011-010,2011-12-28 00:00:00,12.5,85.5,0,45.0,992.0,12.0,0.0,45.0,0.0,40.0,5.0,40.0,5.0,1,0,,,,,0,,,,,,,,,,,,,,,,,,,,,,,,,,,,,,,,,,,,,,
2011-010,2011-12-28 03:00:00,12.5,85.5,1,45.0,987.0,14.0,0.0,45.0,0.0,45.0,0.0,40.0,5.0,1,0,,,,,0,,,,,,,,,,,,,,,,,,,,,,,,,,,,,,,,,,,,,,
2011-010,2011-12-28 06:00:00,12.5,85.0,1,45.0,988.0,14.0,0.0,45.0,0.0,45.0,0.0,40.0,5.0,1,0,,,,,0,,,,,,,,,,,,,,,,,,,,,,,,,,,,,,,,,,,,,,
2011-010,2011-12-28 09:00:00,12.5,85.0,0,55.0,986.0,16.0,10.0,45.0,10.0,45.0,10.0,40.0,15.0,1,0,,,,,0,,,,,,,,,,,,,,,,,,,,,,,,,,,,,,,,,,,,,,
2011-010,2011-12-28 12:00:00,12.5,84.5,0,65.0,982.0,20.0,20.0,45.0,20.0,45.0,20.0,40.0,25.0,1,0,,,,,0,,,,,,,,,,,,,,,,,,,,,,,,,,,,,,,,,,,,,,
2011-010,2011-12-28 15:00:00,12.5,84.0,0,65.0,980.0,22.0,10.0,55.0,10.0,45.0,20.0,45.0,20.0,1,0,,,,,0,,,,,,,,,,,,,,,,,,,,,,,,,,,,,,,,,,,,,,
2011-010,2011-12-28 18:00:00,12.5,84.0,0,65.0,978.0,24.0,0.0,65.0,0.0,45.0,20.0,45.0,20.0,1,0,,,,,0,,,,,,,,,,,,,,,,,,,,,,,,,,,,,,,,,,,,,,
2011-010,2011-12-28 21:00:00,12.5,83.5,0,65.0,976.0,26.0,0.0,65.0,0.0,55.0,10.0,45.0,20.0,1,0,,,,,0,,,,,,,,,,,,,,,,,,,,,,,,,,,,,,,,,,,,,,
2011-010,2011-12-29 00:00:00,12.3,83.0,0,70.0,974.0,28.0,5.0,65.0,5.0,65.0,5.0,45.0,25.0,1,0,,,,,0,,,,,,,,,,,,,,,,,,,,,,,,,,,,,,,,,,,,,,
2011-010,2011-12-29 03:00:00,12.0,82.5,0,75.0,976.0,30.0,10.0,65.0,10.0,65.0,10.0,45.0,30.0,1,0,,,,,0,,,,,,,,,,,,,,,,,,,,,,,,,,,,,,,,,,,,,,
2011-010,2011-12-29 06:00:00,12.0,82.0,0,75.0,972.0,30.0,5.0,70.0,5.0,65.0,10.0,45.0,30.0,1,0,,,,,0,,,,,,,,,,,,,,,,,,,,,,,,,,,,,,,,,,,,,,
2011-010,2011-12-29 12:00:00,12.0,81.3,0,75.0,972.0,30.0,0.0,75.0,0.0,70.0,5.0,65.0,10.0,1,0,,,,,0,,,,,,,,,,,,,,,,,,,,,,,,,,,,,,,,,,,,,,
2012-003,2012-10-28 06:00:00,9.5,86.0,0,25.0,1004.0,2.0,,,,,,,,1,0,,,,,0,,,,,,,,,,,,,,,,,,,,,,,,,,,,,,,,,,,,,,
2012-003,2012-10-28 12:00:00,9.5,85.0,0,25.0,1003.0,3.0,0.0,25.0,0.0,,,,,1,0,,,,,0,,,,,,,,,,,,,,,,,,,,,,,,,,,,,,,,,,,,,,
2012-003,2012-10-28 18:00:00,9.5,84.5,0,25.0,1002.0,4.0,0.0,25.0,0.0,25.0,0.0,,,1,0,,,,,0,,,,,,,,,,,,,,,,,,,,,,,,,,,,,,,,,,,,,,
2012-003,2012-10-29 00:00:00,9.5,84.0,0,30.0,1000.0,4.0,5.0,25.0,5.0,25.0,5.0,,,1,0,,,,,0,,,,,,,,,,,,,,,,,,,,,,,,,,,,,,,,,,,,,,
2012-003,2012-10-29 03:00:00,9.5,83.5,0,30.0,1000.0,4.0,,,,,,,,1,0,,,,,0,,,,,,,,,,,,,,,,,,,,,,,,,,,,,,,,,,,,,,
2012-003,2012-10-29 06:00:00,9.0,83.0,0,30.0,1000.0,4.0,0.0,30.0,0.0,25.0,5.0,25.0,5.0,1,0,,,,,0,,,,,,,,,,,,,,,,,,,,,,,,,,,,,,,,,,,,,,
2012-003,2012-10-29 12:00:00,9.0,82.5,0,30.0,1000.0,4.0,0.0,30.0,0.0,30.0,0.0,25.0,5.0,1,0,,,,,0,,,,,,,,,,,,,,,,,,,,,,,,,,,,,,,,,,,,,,
2012-003,2012-10-29 18:00:00,9.0,82.0,0,30.0,1000.0,4.0,0.0,30.0,0.0,30.0,0.0,25.0,5.0,1,0,,,,,0,,,,,,,,,,,,,,,,,,,,,,,,,,,,,,,,,,,,,,
2012-003,2012-10-30 00:00:00,9.0,82.0,0,30.0,999.0,4.0,0.0,30.0,0.0,30.0,0.0,30.0,0.0,1,0,,,,,0,,,,,,,,,,,,,,,,,,,,,,,,,,,,,,,,,,,,,,
2012-003,2012-10-30 03:00:00,9.0,82.0,0,35.0,998.0,6.0,,,,,,30.0,5.0,1,0,,,,,0,,,,,,,,,,,,,,,,,,,,,,,,,,,,,,,,,,,,,,
2012-003,2012-10-30 06:00:00,9.0,82.0,0,35.0,996.0,6.0,5.0,30.0,5.0,30.0,5.0,30.0,5.0,1,0,,,,,0,,,,,,,,,,,,,,,,,,,,,,,,,,,,,,,,,,,,,,
2012-003,2012-10-30 09:00:00,9.5,82.0,0,35.0,996.0,6.0,0.0,35.0,0.0,,,,,1,0,,,,,0,,,,,,,,,,,,,,,,,,,,,,,,,,,,,,,,,,,,,,
2012-003,2012-10-30 12:00:00,9.5,82.0,0,40.0,994.0,8.0,5.0,35.0,5.0,30.0,10.0,30.0,10.0,1,0,,,,,0,,,,,,,,,,,,,,,,,,,,,,,,,,,,,,,,,,,,,,
2012-003,2012-10-30 15:00:00,9.5,82.0,0,40.0,994.0,8.0,5.0,35.0,5.0,35.0,5.0,,,1,0,,,,,0,,,,,,,,,,,,,,,,,,,,,,,,,,,,,,,,,,,,,,
2012-003,2012-10-30 18:00:00,10.0,82.0,0,40.0,992.0,8.0,0.0,40.0,0.0,35.0,5.0,30.0,10.0,1,0,,,,,0,,,,,,,,,,,,,,,,,,,,,,,,,,,,,,,,,,,,,,
2012-003,2012-10-31 00:00:00,10.5,81.5,0,45.0,988.0,12.0,5.0,40.0,5.0,40.0,5.0,30.0,15.0,1,0,,,,,0,,,,,,,,,,,,,,,,,,,,,,,,,,,,,,,,,,,,,,
2012-003,2012-10-31 03:00:00,11.0,81.0,0,45.0,987.0,13.0,5.0,40.0,5.0,40.0,5.0,35.0,10.0,1,0,,,,,0,,,,,,,,,,,,,,,,,,,,,,,,,,,,,,,,,,,,,,
2012-003,2012-10-31 06:00:00,11.5,81.0,0,45.0,987.0,13.0,0.0,45.0,0.0,40.0,5.0,35.0,10.0,1,0,,,,,0,,,,,,,,,,,,,,,,,,,,,,,,,,,,,,,,,,,,,,
2012-003,2012-10-31 12:00:00,12.7,79.8,0,35.0,991.0,8.0,-10.0,45.0,-10.0,45.0,-10.0,40.0,-5.0,1,0,,,,,0,,,,,,,,,,,,,,,,,,,,,,,,,,,,,,,,,,,,,,
2012-003,2012-10-31 18:00:00,13.0,78.5,0,30.0,998.0,5.0,-5.0,35.0,-5.0,45.0,-15.0,40.0,-10.0,1,0,,,,,0,,,,,,,,,,,,,,,,,,,,,,,,,,,,,,,,,,,,,,
2012-004,2012-11-17 06:00:00,15.5,90.0,0,25.0,1004.0,3.0,,,,,,,,1,0,,,,,0,,,,,,,,,,,,,,,,,,,,,,,,,,,,,,,,,,,,,,
2012-004,2012-11-17 12:00:00,16.0,89.0,0,30.0,1002.0,5.0,5.0,25.0,5.0,,,,,1,0,,,,,0,,,,,,,,,,,,,,,,,,,,,,,,,,,,,,,,,,,,,,
2012-004,2012-11-17 18:00:00,16.0,89.0,0,30.0,1002.0,5.0,0.0,30.0,0.0,25.0,5.0,,,1,0,,,,,0,,,,,,,,,,,,,,,,,,,,,,,,,,,,,,,,,,,,,,
2012-004,2012-11-18 00:00:00,16.0,88.5,0,30.0,1002.0,5.0,0.0,30.0,0.0,30.0,0.0,,,1,0,,,,,0,,,,,,,,,,,,,,,,,,,,,,,,,,,,,,,,,,,,,,
2012-004,2012-11-18 03:00:00,16.0,88.5,0,30.0,1002.0,5.0,,,,,,,,1,0,,,,,0,,,,,,,,,,,,,,,,,,,,,,,,,,,,,,,,,,,,,,
2012-004,2012-11-18 06:00:00,16.0,88.0,0,30.0,1002.0,5.0,0.0,30.0,0.0,30.0,0.0,25.0,5.0,1,0,,,,,0,,,,,,,,,,,,,,,,,,,,,,,,,,,,,,,,,,,,,,
2012-004,2012-11-18 12:00:00,16.0,87.5,0,30.0,1002.0,5.0,0.0,30.0,0.0,30.0,0.0,30.0,0.0,1,0,,,,,0,,,,,,,,,,,,,,,,,,,,,,,,,,,,,,,,,,,,,,
2013-001,2013-05-10 09:00:00,5.0,92.0,0,25.0,1004.0,3.0,,,,,,,,1,0,,,,,0,,,,,,,,,,,,,,,,,,,,,,,,,,,,,,,,,,,,,,
2013-001,2013-05-10 12:00:00,5.5,92.0,0,30.0,1002.0,5.0,,,,,,,,1,0,,,,,0,,,,,,,,,,,,,,,,,,,,,,,,,,,,,,,,,,,,,,
2013-001,2013-05-10 18:00:00,6.0,91.5,0,30.0,1000.0,5.0,0.0,30.0,0.0,,,,,1,0,,,,,0,,,,,,,,,,,,,,,,,,,,,,,,,,,,,,,,,,,,,,
2013-001,2013-05-11 00:00:00,6.5,91.0,0,30.0,998.0,6.0,0.0,30.0,0.0,30.0,0.0,,,1,0,,,,,0,,,,,,,,,,,,,,,,,,,,,,,,,,,,,,,,,,,,,,
2013-001,2013-05-11 03:00:00,7.0,90.5,0,35.0,996.0,8.0,,,,,,,,1,0,,,,,0,,,,,,,,,,,,,,,,,,,,,,,,,,,,,,,,,,,,,,
2013-001,2013-05-11 06:00:00,7.5,90.5,0,35.0,996.0,8.0,5.0,30.0,5.0,30.0,5.0,,,1,0,,,,,0,,,,,,,,,,,,,,,,,,,,,,,,,,,,,,,,,,,,,,
2013-001,2013-05-11 09:00:00,7.5,90.0,0,35.0,996.0,8.0,0.0,35.0,0.0,,,25.0,10.0,1,0,,,,,0,,,,,,,,,,,,,,,,,,,,,,,,,,,,,,,,,,,,,,
2013-001,2013-05-11 12:00:00,8.0,89.5,0,40.0,994.0,8.0,5.0,35.0,5.0,30.0,10.0,30.0,10.0,1,0,,,,,0,,,,,,,,,,,,,,,,,,,,,,,,,,,,,,,,,,,,,,
2013-001,2013-05-11 15:00:00,8.5,89.0,0,40.0,994.0,8.0,5.0,35.0,5.0,35.0,5.0,,,1,0,,,,,0,,,,,,,,,,,,,,,,,,,,,,,,,,,,,,,,,,,,,,
2013-001,2013-05-11 18:00:00,9.0,89.0,0,40.0,994.0,8.0,0.0,40.0,0.0,35.0,5.0,30.0,10.0,1,0,,,,,0,,,,,,,,,,,,,,,,,,,,,,,,,,,,,,,,,,,,,,
2013-001,2013-05-11 21:00:00,9.5,88.5,0,40.0,994.0,8.0,0.0,40.0,0.0,35.0,5.0,,,1,0,,,,,0,,,,,,,,,,,,,,,,,,,,,,,,,,,,,,,,,,,,,,
2013-001,2013-05-12 00:00:00,10.0,88.0,0,40.0,994.0,8.0,0.0,40.0,0.0,40.0,0.0,30.0,10.0,1,0,,,,,0,,,,,,,,,,,,,,,,,,,,,,,,,,,,,,,,,,,,,,
2013-001,2013-05-12 03:00:00,10.0,87.5,0,40.0,994.0,8.0,0.0,40.0,0.0,40.0,0.0,35.0,5.0,1,0,,,,,0,,,,,,,,,,,,,,,,,,,,,,,,,,,,,,,,,,,,,,
2013-001,2013-05-12 06:00:00,10.0,87.5,0,40.0,994.0,8.0,0.0,40.0,0.0,40.0,0.0,35.0,5.0,1,0,,,,,0,,,,,,,,,,,,,,,,,,,,,,,,,,,,,,,,,,,,,,
2013-001,2013-05-12 09:00:00,10.5,87.0,0,40.0,994.0,8.0,0.0,40.0,0.0,40.0,0.0,35.0,5.0,1,0,,,,,0,,,,,,,,,,,,,,,,,,,,,,,,,,,,,,,,,,,,,,
2013-001,2013-05-12 12:00:00,10.5,87.0,0,40.0,994.0,8.0,0.0,40.0,0.0,40.0,0.0,40.0,0.0,1,0,,,,,0,,,,,,,,,,,,,,,,,,,,,,,,,,,,,,,,,,,,,,
2013-001,2013-05-12 15:00:00,10.5,86.5,0,40.0,994.0,8.0,0.0,40.0,0.0,40.0,0.0,40.0,0.0,1,0,,,,,0,,,,,,,,,,,,,,,,,,,,,,,,,,,,,,,,,,,,,,
2013-001,2013-05-12 18:00:00,11.0,86.5,0,40.0,994.0,8.0,0.0,40.0,0.0,40.0,0.0,40.0,0.0,1,0,,,,,0,,,,,,,,,,,,,,,,,,,,,,,,,,,,,,,,,,,,,,
2013-001,2013-05-12 21:00:00,11.0,86.5,0,40.0,994.0,8.0,0.0,40.0,0.0,40.0,0.0,40.0,0.0,1,0,,,,,0,,,,,,,,,,,,,,,,,,,,,,,,,,,,,,,,,,,,,,
2013-001,2013-05-13 00:00:00,11.5,86.5,0,40.0,994.0,8.0,0.0,40.0,0.0,40.0,0.0,40.0,0.0,1,0,,,,,0,,,,,,,,,,,,,,,,,,,,,,,,,,,,,,,,,,,,,,
2013-001,2013-05-13 03:00:00,12.0,86.5,0,40.0,994.0,8.0,0.0,40.0,0.0,40.0,0.0,40.0,0.0,1,0,,,,,0,,,,,,,,,,,,,,,,,,,,,,,,,,,,,,,,,,,,,,
2013-001,2013-05-13 06:00:00,12.0,86.5,0,40.0,994.0,8.0,0.0,40.0,0.0,40.0,0.0,40.0,0.0,1,0,,,,,0,,,,,,,,,,,,,,,,,,,,,,,,,,,,,,,,,,,,,,
2013-001,2013-05-13 09:00:00,12.0,86.0,0,40.0,994.0,8.0,0.0,40.0,0.0,40.0,0.0,40.0,0.0,1,0,,,,,0,,,,,,,,,,,,,,,,,,,,,,,,,,,,,,,,,,,,,,
2013-001,2013-05-13 12:00:00,12.0,86.0,0,40.0,994.0,8.0,0.0,40.0,0.0,40.0,0.0,40.0,0.0,1,0,,,,,0,,,,,,,,,,,,,,,,,,,,,,,,,,,,,,,,,,,,,,
2013-001,2013-05-13 15:00:00,12.5,86.0,0,40.0,994.0,8.0,0.0,40.0,0.0,40.0,0.0,40.0,0.0,1,0,,,,,0,,,,,,,,,,,,,,,,,,,,,,,,,,,,,,,,,,,,,,
2013-001,2013-05-13 18:00:00,12.5,85.5,0,40.0,994.0,8.0,0.0,40.0,0.0,40.0,0.0,40.0,0.0,1,0,,,,,0,,,,,,,,,,,,,,,,,,,,,,,,,,,,,,,,,,,,,,
2013-001,2013-05-13 21:00:00,13.0,85.5,0,40.0,994.0,8.0,0.0,40.0,0.0,40.0,0.0,40.0,0.0,1,0,,,,,0,,,,,,,,,,,,,,,,,,,,,,,,,,,,,,,,,,,,,,
2013-001,2013-05-14 00:00:00,13.5,85.5,0,40.0,994.0,8.0,0.0,40.0,0.0,40.0,0.0,40.0,0.0,1,0,,,,,0,,,,,,,,,,,,,,,,,,,,,,,,,,,,,,,,,,,,,,
2013-001,2013-05-14 03:00:00,13.5,85.5,0,40.0,994.0,8.0,0.0,40.0,0.0,40.0,0.0,40.0,0.0,1,0,,,,,0,,,,,,,,,,,,,,,,,,,,,,,,,,,,,,,,,,,,,,
2013-001,2013-05-14 06:00:00,14.0,85.5,0,40.0,994.0,8.0,0.0,40.0,0.0,40.0,0.0,40.0,0.0,1,0,,,,,0,,,,,,,,,,,,,,,,,,,,,,,,,,,,,,,,,,,,,,
2013-001,2013-05-14 09:00:00,14.0,85.5,0,40.0,994.0,8.0,0.0,40.0,0.0,40.0,0.0,40.0,0.0,1,0,,,,,0,,,,,,,,,,,,,,,,,,,,,,,,,,,,,,,,,,,,,,
2013-001,2013-05-14 12:00:00,14.5,86.0,0,40.0,994.0,8.0,0.0,40.0,0.0,40.0,0.0,40.0,0.0,1,0,,,,,0,,,,,,,,,,,,,,,,,,,,,,,,,,,,,,,,,,,,,,
2013-001,2013-05-14 15:00:00,14.5,86.0,0,40.0,994.0,8.0,0.0,40.0,0.0,40.0,0.0,40.0,0.0,1,0,,,,,0,,,,,,,,,,,,,,,,,,,,,,,,,,,,,,,,,,,,,,
2013-001,2013-05-14 18:00:00,15.0,86.5,0,40.0,994.0,8.0,0.0,40.0,0.0,40.0,0.0,40.0,0.0,1,0,,,,,0,,,,,,,,,,,,,,,,,,,,,,,,,,,,,,,,,,,,,,
2013-001,2013-05-14 21:00:00,15.5,86.5,0,40.0,994.0,8.0,0.0,40.0,0.0,40.0,0.0,40.0,0.0,1,0,,,,,0,,,,,,,,,,,,,,,,,,,,,,,,,,,,,,,,,,,,,,
2013-001,2013-05-15 00:00:00,16.0,87.0,0,40.0,994.0,8.0,0.0,40.0,0.0,40.0,0.0,40.0,0.0,1,0,,,,,0,,,,,,,,,,,,,,,,,,,,,,,,,,,,,,,,,,,,,,
2013-001,2013-05-15 03:00:00,16.5,87.0,0,40.0,992.0,8.0,0.0,40.0,0.0,40.0,0.0,40.0,0.0,1,0,,,,,0,,,,,,,,,,,,,,,,,,,,,,,,,,,,,,,,,,,,,,
2013-001,2013-05-15 06:00:00,17.0,87.5,0,45.0,990.0,10.0,5.0,40.0,5.0,40.0,5.0,40.0,5.0,1,0,,,,,0,,,,,,,,,,,,,,,,,,,,,,,,,,,,,,,,,,,,,,
2013-001,2013-05-15 09:00:00,17.5,87.5,0,45.0,990.0,10.0,5.0,40.0,5.0,40.0,5.0,40.0,5.0,1,0,,,,,0,,,,,,,,,,,,,,,,,,,,,,,,,,,,,,,,,,,,,,
2013-001,2013-05-15 12:00:00,18.0,88.0,0,45.0,990.0,10.0,0.0,45.0,0.0,40.0,5.0,40.0,5.0,1,0,,,,,0,,,,,,,,,,,,,,,,,,,,,,,,,,,,,,,,,,,,,,
2013-001,2013-05-15 18:00:00,19.0,88.5,0,45.0,990.0,10.0,0.0,45.0,0.0,45.0,0.0,40.0,5.0,1,0,,,,,0,,,,,,,,,,,,,,,,,,,,,,,,,,,,,,,,,,,,,,
2013-002,2013-05-29 03:00:00,21.0,89.5,0,25.0,996.0,4.0,,,,,,,,1,0,,,,,0,,,,,,,,,,,,,,,,,,,,,,,,,,,,,,,,,,,,,,
2013-002,2013-05-29 06:00:00,21.3,89.3,0,25.0,996.0,4.0,,,,,,,,1,0,,,,,0,,,,,,,,,,,,,,,,,,,,,,,,,,,,,,,,,,,,,,
2013-002,2013-05-29 12:00:00,21.7,88.8,0,25.0,994.0,4.0,0.0,25.0,0.0,,,,,1,0,,,,,0,,,,,,,,,,,,,,,,,,,,,,,,,,,,,,,,,,,,,,
2013-002,2013-05-29 18:00:00,22.1,88.4,0,20.0,994.0,4.0,-5.0,25.0,-5.0,25.0,-5.0,,,1,0,,,,,0,,,,,,,,,,,,,,,,,,,,,,,,,,,,,,,,,,,,,,
2013-002,2013-05-30 00:00:00,22.2,87.8,0,20.0,994.0,4.0,0.0,20.0,0.0,25.0,-5.0,,,1,0,,,,,0,,,,,,,,,,,,,,,,,,,,,,,,,,,,,,,,,,,,,,
2013-002,2013-05-30 03:00:00,22.3,87.5,0,20.0,990.0,4.0,,,,20.0,0.0,25.0,-5.0,1,0,,,,,0,,,,,,,,,,,,,,,,,,,,,,,,,,,,,,,,,,,,,,
2013-002,2013-05-30 06:00:00,22.3,87.5,0,20.0,990.0,4.0,0.0,20.0,0.0,20.0,0.0,25.0,-5.0,1,0,,,,,0,,,,,,,,,,,,,,,,,,,,,,,,,,,,,,,,,,,,,,
2013-003,2013-07-30 03:00:00,21.0,88.0,0,25.0,990.0,3.0,,,,,,,,1,0,,,,,0,,,,,,,,,,,,,,,,,,,,,,,,,,,,,,,,,,,,,,
2013-003,2013-07-30 06:00:00,21.5,87.5,0,25.0,990.0,3.0,,,,,,,,1,0,,,,,0,,,,,,,,,,,,,,,,,,,,,,,,,,,,,,,,,,,,,,
2013-003,2013-07-30 12:00:00,21.7,87.0,0,25.0,990.0,3.0,0.0,25.0,0.0,,,,,1,0,,,,,0,,,,,,,,,,,,,,,,,,,,,,,,,,,,,,,,,,,,,,
2013-003,2013-07-31 00:00:00,21.8,84.0,0,20.0,992.0,3.0,0.0,20.0,0.0,25.0,-5.0,,,1,0,,,,,0,,,,,,,,,,,,,,,,,,,,,,,,,,,,,,,,,,,,,,
2013-004,2013-08-20 00:00:00,22.0,87.5,0,25.0,990.0,3.0,,,,,,,,1,0,,,,,0,,,,,,,,,,,,,,,,,,,,,,,,,,,,,,,,,,,,,,
2013-004,2013-08-20 03:00:00,22.0,87.5,0,25.0,990.0,3.0,,,,,,,,1,0,,,,,0,,,,,,,,,,,,,,,,,,,,,,,,,,,,,,,,,,,,,,
2013-004,2013-08-20 06:00:00,22.0,87.5,0,25.0,990.0,3.0,0.0,25.0,0.0,,,,,1,0,,,,,0,,,,,,,,,,,,,,,,,,,,,,,,,,,,,,,,,,,,,,
2013-004,2013-08-20 12:00:00,22.3,87.5,0,25.0,990.0,3.0,0.0,25.0,0.0,25.0,0.0,,,1,0,,,,,0,,,,,,,,,,,,,,,,,,,,,,,,,,,,,,,,,,,,,,
2013-004,2013-08-20 18:00:00,22.5,87.5,0,25.0,990.0,3.0,0.0,25.0,0.0,25.0,0.0,,,1,0,,,,,0,,,,,,,,,,,,,,,,,,,,,,,,,,,,,,,,,,,,,,
2013-004,2013-08-21 00:00:00,23.3,87.0,0,20.0,990.0,3.0,-5.0,25.0,-5.0,25.0,-5.0,25.0,-5.0,1,0,,,,,0,,,,,,,,,,,,,,,,,,,,,,,,,,,,,,,,,,,,,,
2013-004,2013-08-21 03:00:00,23.3,86.0,0,20.0,992.0,3.0,,,,,,25.0,-5.0,1,0,,,,,0,,,,,,,,,,,,,,,,,,,,,,,,,,,,,,,,,,,,,,
2013-004,2013-08-21 06:00:00,23.2,85.7,0,20.0,992.0,3.0,0.0,20.0,0.0,25.0,-5.0,25.0,-5.0,1,0,,,,,0,,,,,,,,,,,,,,,,,,,,,,,,,,,,,,,,,,,,,,
2013-004,2013-08-21 12:00:00,23.2,84.0,0,20.0,991.0,3.0,0.0,20.0,0.0,20.0,0.0,25.0,-5.0,1,0,,,,,0,,,,,,,,,,,,,,,,,,,,,,,,,,,,,,,,,,,,,,
2013-004,2013-08-22 00:00:00,23.2,82.0,0,20.0,994.0,3.0,0.0,20.0,0.0,20.0,0.0,20.0,0.0,1,0,,,,,0,,,,,,,,,,,,,,,,,,,,,,,,,,,,,,,,,,,,,,
2013-005,2013-10-08 03:00:00,12.0,96.0,0,25.0,1004.0,3.0,,,,,,,,1,0,,,,,0,,,,,,,,,,,,,,,,,,,,,,,,,,,,,,,,,,,,,,
2013-005,2013-10-08 06:00:00,12.0,95.5,0,25.0,1004.0,3.0,,,,,,,,1,0,,,,,0,,,,,,,,,,,,,,,,,,,,,,,,,,,,,,,,,,,,,,
2013-005,2013-10-08 12:00:00,12.0,94.5,0,25.0,1003.0,4.0,0.0,25.0,0.0,,,,,1,0,,,,,0,,,,,,,,,,,,,,,,,,,,,,,,,,,,,,,,,,,,,,
2013-005,2013-10-08 18:00:00,12.5,94.0,0,25.0,1003.0,4.0,0.0,25.0,0.0,25.0,0.0,,,1,0,,,,,0,,,,,,,,,,,,,,,,,,,,,,,,,,,,,,,,,,,,,,
2013-005,2013-10-09 00:00:00,13.0,93.5,0,30.0,1002.0,5.0,5.0,25.0,5.0,25.0,5.0,,,1,0,,,,,0,,,,,,,,,,,,,,,,,,,,,,,,,,,,,,,,,,,,,,
2013-005,2013-10-09 03:00:00,13.0,93.5,0,30.0,1001.0,5.0,,,,,,25.0,5.0,1,0,,,,,0,,,,,,,,,,,,,,,,,,,,,,,,,,,,,,,,,,,,,,
2013-005,2013-10-09 06:00:00,13.0,93.0,1,30.0,1000.0,6.0,0.0,30.0,0.0,25.0,5.0,25.0,5.0,1,0,,,,,0,,,,,,,,,,,,,,,,,,,,,,,,,,,,,,,,,,,,,,
2013-005,2013-10-09 09:00:00,13.5,92.5,1,30.0,1000.0,6.0,0.0,30.0,0.0,,,,,1,0,,,,,0,,,,,,,,,,,,,,,,,,,,,,,,,,,,,,,,,,,,,,
2013-005,2013-10-09 12:00:00,13.5,92.5,1,35.0,999.0,7.0,5.0,30.0,5.0,30.0,5.0,25.0,10.0,1,0,,,,,0,,,,,,,,,,,,,,,,,,,,,,,,,,,,,,,,,,,,,,
2013-005,2013-10-09 15:00:00,13.6,92.5,1,35.0,999.0,7.0,5.0,30.0,5.0,30.0,5.0,,,1,0,,,,,0,,,,,,,,,,,,,,,,,,,,,,,,,,,,,,,,,,,,,,
2013-005,2013-10-09 18:00:00,14.0,92.0,1,40.0,998.0,8.0,5.0,35.0,5.0,30.0,10.0,25.0,15.0,1,0,,,,,0,,,,,,,,,,,,,,,,,,,,,,,,,,,,,,,,,,,,,,
2013-005,2013-10-09 21:00:00,14.0,92.0,1,45.0,996.0,10.0,10.0,35.0,10.0,30.0,15.0,,,1,0,,,,,0,,,,,,,,,,,,,,,,,,,,,,,,,,,,,,,,,,,,,,
2013-005,2013-10-10 00:00:00,14.5,91.5,1,45.0,996.0,10.0,5.0,40.0,5.0,35.0,10.0,30.0,15.0,1,0,,,,,0,,,,,,,,,,,,,,,,,,,,,,,,,,,,,,,,,,,,,,
2013-005,2013-10-10 03:00:00,14.5,91.0,1,55.0,990.0,15.0,10.0,45.0,10.0,35.0,20.0,30.0,25.0,1,0,,,,,0,,,,,,,,,,,,,,,,,,,,,,,,,,,,,,,,,,,,,,
2013-005,2013-10-10 06:00:00,15.0,90.5,1,65.0,984.0,22.0,20.0,45.0,20.0,40.0,25.0,30.0,35.0,1,0,,,,,0,,,,,,,,,,,,,,,,,,,,,,,,,,,,,,,,,,,,,,
2013-005,2013-10-10 09:00:00,15.0,90.5,1,70.0,982.0,24.0,15.0,55.0,15.0,45.0,25.0,30.0,40.0,1,0,,,,,0,,,,,,,,,,,,,,,,,,,,,,,,,,,,,,,,,,,,,,
2013-005,2013-10-10 12:00:00,15.5,90.0,1,75.0,976.0,30.0,10.0,65.0,10.0,45.0,30.0,35.0,40.0,1,0,,,,,0,,,,,,,,,,,,,,,,,,,,,,,,,,,,,,,,,,,,,,
2013-005,2013-10-10 15:00:00,15.5,90.0,0,90.0,966.0,40.0,20.0,70.0,20.0,55.0,35.0,35.0,55.0,1,0,,,,,0,,,,,,,,,,,,,,,,,,,,,,,,,,,,,,,,,,,,,,
2013-005,2013-10-10 18:00:00,15.5,89.5,0,95.0,960.0,46.0,20.0,75.0,20.0,65.0,30.0,40.0,55.0,1,0,,,,,0,,,,,,,,,,,,,,,,,,,,,,,,,,,,,,,,,,,,,,
2013-005,2013-10-10 21:00:00,15.5,89.0,0,100.0,954.0,52.0,10.0,90.0,10.0,70.0,30.0,45.0,55.0,1,0,,,,,0,,,,,,,,,,,,,,,,,,,,,,,,,,,,,,,,,,,,,,
2013-005,2013-10-11 00:00:00,16.0,88.5,0,110.0,946.0,60.0,15.0,95.0,15.0,75.0,35.0,45.0,65.0,1,0,,,,,0,,,,,,,,,,,,,,,,,,,,,,,,,,,,,,,,,,,,,,
2013-005,2013-10-11 03:00:00,16.0,88.5,0,115.0,940.0,66.0,15.0,100.0,15.0,90.0,25.0,55.0,60.0,1,0,,,,,0,,,,,,,,,,,,,,,,,,,,,,,,,,,,,,,,,,,,,,
2013-005,2013-10-11 06:00:00,16.2,88.3,0,115.0,940.0,66.0,5.0,110.0,5.0,95.0,20.0,65.0,50.0,1,0,,,,,0,,,,,,,,,,,,,,,,,,,,,,,,,,,,,,,,,,,,,,
2013-005,2013-10-11 09:00:00,16.5,88.0,0,115.0,940.0,66.0,0.0,115.0,0.0,100.0,15.0,70.0,45.0,1,0,,,,,0,,,,,,,,,,,,,,,,,,,,,,,,,,,,,,,,,,,,,,
2013-005,2013-10-11 12:00:00,16.8,87.7,0,115.0,940.0,66.0,0.0,115.0,0.0,110.0,5.0,75.0,40.0,1,0,,,,,0,,,,,,,,,,,,,,,,,,,,,,,,,,,,,,,,,,,,,,
2013-005,2013-10-11 15:00:00,16.9,87.2,0,115.0,940.0,66.0,0.0,115.0,0.0,115.0,0.0,90.0,25.0,1,0,,,,,0,,,,,,,,,,,,,,,,,,,,,,,,,,,,,,,,,,,,,,
2013-005,2013-10-11 18:00:00,17.0,87.0,0,115.0,940.0,66.0,0.0,115.0,0.0,115.0,0.0,95.0,20.0,1,0,,,,,0,,,,,,,,,,,,,,,,,,,,,,,,,,,,,,,,,,,,,,
2013-005,2013-10-11 21:00:00,17.1,86.8,0,115.0,940.0,66.0,0.0,115.0,0.0,115.0,0.0,100.0,15.0,1,0,,,,,0,,,,,,,,,,,,,,,,,,,,,,,,,,,,,,,,,,,,,,
2013-005,2013-10-12 00:00:00,17.5,86.5,0,115.0,940.0,66.0,0.0,115.0,0.0,115.0,0.0,110.0,5.0,1,0,,,,,0,,,,,,,,,,,,,,,,,,,,,,,,,,,,,,,,,,,,,,
2013-005,2013-10-12 03:00:00,17.8,86.0,0,115.0,940.0,66.0,0.0,115.0,0.0,115.0,0.0,115.0,0.0,1,0,,,,,0,,,,,,,,,,,,,,,,,,,,,,,,,,,,,,,,,,,,,,
2013-005,2013-10-12 06:00:00,18.1,85.7,0,115.0,940.0,66.0,0.0,115.0,0.0,115.0,0.0,115.0,0.0,1,0,,,,,0,,,,,,,,,,,,,,,,,,,,,,,,,,,,,,,,,,,,,,
2013-005,2013-10-12 09:00:00,18.6,85.4,0,115.0,940.0,66.0,0.0,115.0,0.0,115.0,0.0,115.0,0.0,1,0,,,,,0,,,,,,,,,,,,,,,,,,,,,,,,,,,,,,,,,,,,,,
2013-005,2013-10-12 12:00:00,18.7,85.2,0,115.0,940.0,66.0,0.0,115.0,0.0,115.0,0.0,115.0,0.0,1,0,,,,,0,,,,,,,,,,,,,,,,,,,,,,,,,,,,,,,,,,,,,,
2013-005,2013-10-12 18:00:00,19.5,84.8,0,100.0,956.0,50.0,-15.0,115.0,-15.0,115.0,-15.0,115.0,-15.0,1,0,,,,,0,,,,,,,,,,,,,,,,,,,,,,,,,,,,,,,,,,,,,,
2013-005,2013-10-13 00:00:00,20.5,84.5,0,75.0,976.0,30.0,-25.0,100.0,-25.0,115.0,-40.0,115.0,-40.0,1,0,,,,,0,,,,,,,,,,,,,,,,,,,,,,,,,,,,,,,,,,,,,,
2013-005,2013-10-13 03:00:00,21.0,84.0,0,55.0,990.0,15.0,-35.0,90.0,-35.0,115.0,-60.0,115.0,-60.0,1,0,,,,,0,,,,,,,,,,,,,,,,,,,,,,,,,,,,,,,,,,,,,,
2013-005,2013-10-13 06:00:00,21.5,84.0,0,40.0,992.0,13.0,-35.0,75.0,-35.0,100.0,-60.0,115.0,-75.0,1,0,,,,,0,,,,,,,,,,,,,,,,,,,,,,,,,,,,,,,,,,,,,,
2013-007,2013-11-13 00:00:00,11.5,86.5,0,25.0,1004.0,3.0,,,,,,,,1,0,,,,,0,,,,,,,,,,,,,,,,,,,,,,,,,,,,,,,,,,,,,,
2013-007,2013-11-13 03:00:00,11.5,86.0,0,25.0,1004.0,3.0,,,,,,,,1,0,,,,,0,,,,,,,,,,,,,,,,,,,,,,,,,,,,,,,,,,,,,,
2013-007,2013-11-13 06:00:00,11.5,86.0,0,25.0,1004.0,3.0,0.0,25.0,0.0,,,,,1,0,,,,,0,,,,,,,,,,,,,,,,,,,,,,,,,,,,,,,,,,,,,,
2013-007,2013-11-13 12:00:00,11.5,86.0,0,25.0,1003.0,4.0,0.0,25.0,0.0,25.0,0.0,,,1,0,,,,,0,,,,,,,,,,,,,,,,,,,,,,,,,,,,,,,,,,,,,,
2013-007,2013-11-13 18:00:00,11.5,85.5,0,25.0,1003.0,4.0,0.0,25.0,0.0,25.0,0.0,,,1,0,,,,,0,,,,,,,,,,,,,,,,,,,,,,,,,,,,,,,,,,,,,,
2013-007,2013-11-14 00:00:00,11.5,85.0,0,25.0,1003.0,4.0,0.0,25.0,0.0,25.0,0.0,25.0,0.0,1,0,,,,,0,,,,,,,,,,,,,,,,,,,,,,,,,,,,,,,,,,,,,,
2013-007,2013-11-14 03:00:00,11.5,85.0,0,25.0,1003.0,4.0,,,,,,25.0,0.0,1,0,,,,,0,,,,,,,,,,,,,,,,,,,,,,,,,,,,,,,,,,,,,,
2013-007,2013-11-14 06:00:00,11.5,85.0,0,25.0,1003.0,4.0,0.0,25.0,0.0,25.0,0.0,25.0,0.0,1,0,,,,,0,,,,,,,,,,,,,,,,,,,,,,,,,,,,,,,,,,,,,,
2013-007,2013-11-14 12:00:00,10.5,84.5,0,25.0,1003.0,4.0,0.0,25.0,0.0,25.0,0.0,25.0,0.0,1,0,,,,,0,,,,,,,,,,,,,,,,,,,,,,,,,,,,,,,,,,,,,,
2013-007,2013-11-14 18:00:00,10.5,84.5,0,25.0,1003.0,4.0,0.0,25.0,0.0,25.0,0.0,25.0,0.0,1,0,,,,,0,,,,,,,,,,,,,,,,,,,,,,,,,,,,,,,,,,,,,,
2013-007,2013-11-15 00:00:00,10.0,84.0,0,25.0,1003.0,4.0,0.0,25.0,0.0,25.0,0.0,25.0,0.0,1,0,,,,,0,,,,,,,,,,,,,,,,,,,,,,,,,,,,,,,,,,,,,,
2013-007,2013-11-15 03:00:00,9.5,83.5,0,25.0,1003.0,4.0,,,,,,25.0,0.0,1,0,,,,,0,,,,,,,,,,,,,,,,,,,,,,,,,,,,,,,,,,,,,,
2013-007,2013-11-15 06:00:00,9.5,83.5,0,25.0,1003.0,4.0,0.0,25.0,0.0,25.0,0.0,25.0,0.0,1,0,,,,,0,,,,,,,,,,,,,,,,,,,,,,,,,,,,,,,,,,,,,,
2013-007,2013-11-15 12:00:00,9.5,83.0,0,25.0,1003.0,4.0,0.0,25.0,0.0,25.0,0.0,25.0,0.0,1,0,,,,,0,,,,,,,,,,,,,,,,,,,,,,,,,,,,,,,,,,,,,,
2013-007,2013-11-15 18:00:00,10.0,82.0,0,25.0,1003.0,4.0,0.0,25.0,0.0,25.0,0.0,25.0,0.0,1,0,,,,,0,,,,,,,,,,,,,,,,,,,,,,,,,,,,,,,,,,,,,,
2013-008,2013-11-19 00:00:00,14.5,86.5,0,25.0,1004.0,3.0,,,,,,,,1,0,,,,,0,,,,,,,,,,,,,,,,,,,,,,,,,,,,,,,,,,,,,,
2013-008,2013-11-19 03:00:00,14.5,86.0,0,25.0,1004.0,3.0,,,,,,,,1,0,,,,,0,,,,,,,,,,,,,,,,,,,,,,,,,,,,,,,,,,,,,,
2013-008,2013-11-19 06:00:00,14.5,85.5,0,25.0,1004.0,3.0,0.0,25.0,0.0,,,,,1,0,,,,,0,,,,,,,,,,,,,,,,,,,,,,,,,,,,,,,,,,,,,,
2013-008,2013-11-19 12:00:00,15.0,85.0,0,25.0,1004.0,3.0,0.0,25.0,0.0,25.0,0.0,,,1,0,,,,,0,,,,,,,,,,,,,,,,,,,,,,,,,,,,,,,,,,,,,,
2013-008,2013-11-19 15:00:00,15.0,85.0,0,30.0,1002.0,5.0,,,,25.0,5.0,,,1,0,,,,,0,,,,,,,,,,,,,,,,,,,,,,,,,,,,,,,,,,,,,,
2013-008,2013-11-19 18:00:00,15.0,84.5,0,30.0,1002.0,5.0,5.0,25.0,5.0,25.0,5.0,,,1,0,,,,,0,,,,,,,,,,,,,,,,,,,,,,,,,,,,,,,,,,,,,,
2013-008,2013-11-20 00:00:00,15.0,84.0,0,30.0,1002.0,5.0,0.0,30.0,0.0,25.0,5.0,25.0,5.0,1,0,,,,,0,,,,,,,,,,,,,,,,,,,,,,,,,,,,,,,,,,,,,,
2013-008,2013-11-20 03:00:00,15.0,84.0,0,35.0,1000.0,8.0,,,,30.0,5.0,25.0,10.0,1,0,,,,,0,,,,,,,,,,,,,,,,,,,,,,,,,,,,,,,,,,,,,,
2013-008,2013-11-20 06:00:00,15.2,84.0,0,40.0,1000.0,8.0,10.0,30.0,10.0,30.0,10.0,25.0,15.0,1,0,,,,,0,,,,,,,,,,,,,,,,,,,,,,,,,,,,,,,,,,,,,,
2013-008,2013-11-20 09:00:00,15.2,84.0,0,40.0,1000.0,8.0,5.0,35.0,5.0,,,,,1,0,,,,,0,,,,,,,,,,,,,,,,,,,,,,,,,,,,,,,,,,,,,,
2013-008,2013-11-20 12:00:00,15.3,83.9,0,45.0,998.0,10.0,5.0,40.0,5.0,30.0,15.0,25.0,20.0,1,0,,,,,0,,,,,,,,,,,,,,,,,,,,,,,,,,,,,,,,,,,,,,
2013-008,2013-11-20 15:00:00,15.3,83.9,0,45.0,998.0,10.0,5.0,40.0,5.0,35.0,10.0,30.0,15.0,1,0,,,,,0,,,,,,,,,,,,,,,,,,,,,,,,,,,,,,,,,,,,,,
2013-008,2013-11-20 18:00:00,15.4,83.7,0,45.0,996.0,10.0,0.0,45.0,0.0,40.0,5.0,30.0,15.0,1,0,,,,,0,,,,,,,,,,,,,,,,,,,,,,,,,,,,,,,,,,,,,,
2013-008,2013-11-20 21:00:00,15.5,83.6,0,45.0,996.0,10.0,0.0,45.0,0.0,40.0,5.0,,,1,0,,,,,0,,,,,,,,,,,,,,,,,,,,,,,,,,,,,,,,,,,,,,
2013-008,2013-11-21 00:00:00,15.6,83.5,0,50.0,994.0,15.0,5.0,45.0,5.0,45.0,5.0,30.0,20.0,1,0,,,,,0,,,,,,,,,,,,,,,,,,,,,,,,,,,,,,,,,,,,,,
2013-008,2013-11-21 03:00:00,15.8,83.4,0,50.0,992.0,17.0,5.0,45.0,5.0,45.0,5.0,35.0,15.0,1,0,,,,,0,,,,,,,,,,,,,,,,,,,,,,,,,,,,,,,,,,,,,,
2013-008,2013-11-21 06:00:00,15.9,83.3,0,55.0,990.0,17.0,5.0,50.0,5.0,45.0,10.0,40.0,15.0,1,0,,,,,0,,,,,,,,,,,,,,,,,,,,,,,,,,,,,,,,,,,,,,
2013-008,2013-11-21 09:00:00,16.0,83.1,0,55.0,990.0,17.0,5.0,50.0,5.0,45.0,10.0,40.0,15.0,1,0,,,,,0,,,,,,,,,,,,,,,,,,,,,,,,,,,,,,,,,,,,,,
2013-008,2013-11-21 12:00:00,16.1,82.9,0,55.0,990.0,17.0,0.0,55.0,0.0,50.0,5.0,45.0,10.0,1,0,,,,,0,,,,,,,,,,,,,,,,,,,,,,,,,,,,,,,,,,,,,,
2013-008,2013-11-21 18:00:00,16.2,82.7,0,55.0,990.0,17.0,0.0,55.0,0.0,55.0,0.0,45.0,10.0,1,0,,,,,0,,,,,,,,,,,,,,,,,,,,,,,,,,,,,,,,,,,,,,
2013-009,2013-11-23 12:00:00,8.5,96.5,0,25.0,1004.0,3.0,,,,,,,,1,0,,,,,0,,,,,,,,,,,,,,,,,,,,,,,,,,,,,,,,,,,,,,
2013-009,2013-11-23 18:00:00,9.0,96.0,0,30.0,1002.0,5.0,5.0,25.0,5.0,,,,,1,0,,,,,0,,,,,,,,,,,,,,,,,,,,,,,,,,,,,,,,,,,,,,
2013-009,2013-11-24 00:00:00,10.0,95.0,0,35.0,999.0,7.0,5.0,30.0,5.0,25.0,10.0,,,1,0,,,,,0,,,,,,,,,,,,,,,,,,,,,,,,,,,,,,,,,,,,,,
2013-009,2013-11-24 06:00:00,10.5,94.5,0,40.0,998.0,8.0,5.0,35.0,5.0,30.0,10.0,,,1,0,,,,,0,,,,,,,,,,,,,,,,,,,,,,,,,,,,,,,,,,,,,,
2013-009,2013-11-24 09:00:00,10.7,94.0,0,45.0,996.0,10.0,5.0,40.0,5.0,,,,,1,0,,,,,0,,,,,,,,,,,,,,,,,,,,,,,,,,,,,,,,,,,,,,
2013-009,2013-11-24 12:00:00,11.0,93.5,0,45.0,996.0,10.0,5.0,40.0,5.0,35.0,10.0,25.0,20.0,1,0,,,,,0,,,,,,,,,,,,,,,,,,,,,,,,,,,,,,,,,,,,,,
2013-009,2013-11-24 15:00:00,11.0,93.5,0,45.0,996.0,10.0,0.0,45.0,0.0,40.0,5.0,,,1,0,,,,,0,,,,,,,,,,,,,,,,,,,,,,,,,,,,,,,,,,,,,,
2013-009,2013-11-24 18:00:00,11.5,93.0,0,45.0,996.0,10.0,0.0,45.0,0.0,40.0,5.0,30.0,15.0,1,0,,,,,0,,,,,,,,,,,,,,,,,,,,,,,,,,,,,,,,,,,,,,
2013-009,2013-11-24 21:00:00,11.5,92.5,0,45.0,996.0,12.0,0.0,45.0,0.0,45.0,0.0,,,1,0,,,,,0,,,,,,,,,,,,,,,,,,,,,,,,,,,,,,,,,,,,,,
2013-009,2013-11-25 00:00:00,12.0,92.5,0,55.0,992.0,15.0,10.0,45.0,10.0,45.0,10.0,35.0,20.0,1,0,,,,,0,,,,,,,,,,,,,,,,,,,,,,,,,,,,,,,,,,,,,,
2013-009,2013-11-25 06:00:00,12.0,91.5,0,55.0,988.0,17.0,0.0,55.0,0.0,45.0,10.0,40.0,15.0,1,0,,,,,0,,,,,,,,,,,,,,,,,,,,,,,,,,,,,,,,,,,,,,
2013-009,2013-11-25 09:00:00,12.0,91.5,0,60.0,988.0,17.0,,,,45.0,15.0,45.0,15.0,1,0,,,,,0,,,,,,,,,,,,,,,,,,,,,,,,,,,,,,,,,,,,,,
2013-009,2013-11-25 12:00:00,12.5,91.5,0,60.0,988.0,17.0,5.0,55.0,5.0,55.0,5.0,45.0,15.0,1,0,,,,,0,,,,,,,,,,,,,,,,,,,,,,,,,,,,,,,,,,,,,,
2013-009,2013-11-25 15:00:00,12.5,91.0,0,60.0,988.0,17.0,0.0,60.0,0.0,,,45.0,15.0,1,0,,,,,0,,,,,,,,,,,,,,,,,,,,,,,,,,,,,,,,,,,,,,
2013-009,2013-11-25 18:00:00,12.5,91.0,0,55.0,988.0,17.0,-5.0,60.0,-5.0,55.0,0.0,45.0,10.0,1,0,,,,,0,,,,,,,,,,,,,,,,,,,,,,,,,,,,,,,,,,,,,,
2013-009,2013-11-25 21:00:00,12.5,91.0,0,65.0,984.0,22.0,5.0,60.0,5.0,60.0,5.0,45.0,20.0,1,0,,,,,0,,,,,,,,,,,,,,,,,,,,,,,,,,,,,,,,,,,,,,
2013-009,2013-11-26 00:00:00,12.5,90.5,0,70.0,982.0,24.0,15.0,55.0,15.0,60.0,10.0,55.0,15.0,1,0,,,,,0,,,,,,,,,,,,,,,,,,,,,,,,,,,,,,,,,,,,,,
2013-009,2013-11-26 03:00:00,12.5,90.0,0,70.0,982.0,24.0,5.0,65.0,5.0,60.0,10.0,,,1,0,,,,,0,,,,,,,,,,,,,,,,,,,,,,,,,,,,,,,,,,,,,,
2013-009,2013-11-26 06:00:00,12.5,89.5,0,70.0,982.0,24.0,0.0,70.0,0.0,55.0,15.0,55.0,15.0,1,0,,,,,0,,,,,,,,,,,,,,,,,,,,,,,,,,,,,,,,,,,,,,
2013-009,2013-11-26 09:00:00,13.0,89.0,0,70.0,982.0,24.0,0.0,70.0,0.0,65.0,5.0,60.0,10.0,1,0,,,,,0,,,,,,,,,,,,,,,,,,,,,,,,,,,,,,,,,,,,,,
2013-009,2013-11-26 12:00:00,13.0,88.5,0,70.0,982.0,24.0,0.0,70.0,0.0,70.0,0.0,60.0,10.0,1,0,,,,,0,,,,,,,,,,,,,,,,,,,,,,,,,,,,,,,,,,,,,,
2013-009,2013-11-26 15:00:00,13.0,88.5,0,70.0,982.0,24.0,0.0,70.0,0.0,70.0,0.0,60.0,10.0,1,0,,,,,0,,,,,,,,,,,,,,,,,,,,,,,,,,,,,,,,,,,,,,
2013-009,2013-11-26 18:00:00,13.1,88.0,0,75.0,980.0,26.0,5.0,70.0,5.0,70.0,5.0,55.0,20.0,1,0,,,,,0,,,,,,,,,,,,,,,,,,,,,,,,,,,,,,,,,,,,,,
2013-009,2013-11-26 21:00:00,13.2,87.5,0,75.0,980.0,26.0,5.0,70.0,5.0,70.0,5.0,65.0,10.0,1,0,,,,,0,,,,,,,,,,,,,,,,,,,,,,,,,,,,,,,,,,,,,,
2013-009,2013-11-27 00:00:00,13.5,87.0,0,75.0,980.0,26.0,0.0,75.0,0.0,70.0,5.0,70.0,5.0,1,0,,,,,0,,,,,,,,,,,,,,,,,,,,,,,,,,,,,,,,,,,,,,
2013-009,2013-11-27 03:00:00,13.5,86.5,0,75.0,980.0,26.0,0.0,75.0,0.0,70.0,5.0,70.0,5.0,1,0,,,,,0,,,,,,,,,,,,,,,,,,,,,,,,,,,,,,,,,,,,,,
2013-009,2013-11-27 06:00:00,14.0,86.0,0,70.0,982.0,24.0,-5.0,75.0,-5.0,75.0,-5.0,70.0,0.0,1,0,,,,,0,,,,,,,,,,,,,,,,,,,,,,,,,,,,,,,,,,,,,,
2013-009,2013-11-27 09:00:00,14.0,85.5,0,65.0,984.0,22.0,-10.0,75.0,-10.0,75.0,-10.0,70.0,-5.0,1,0,,,,,0,,,,,,,,,,,,,,,,,,,,,,,,,,,,,,,,,,,,,,
2013-009,2013-11-27 12:00:00,14.5,85.0,0,55.0,988.0,17.0,-15.0,70.0,-15.0,75.0,-20.0,70.0,-15.0,1,0,,,,,0,,,,,,,,,,,,,,,,,,,,,,,,,,,,,,,,,,,,,,
2013-010,2013-12-06 03:00:00,10.0,84.0,0,25.0,1004.0,3.0,,,,,,,,1,0,,,,,0,,,,,,,,,,,,,,,,,,,,,,,,,,,,,,,,,,,,,,
2013-010,2013-12-06 06:00:00,10.0,84.0,0,25.0,1004.0,3.0,,,,,,,,1,0,,,,,0,,,,,,,,,,,,,,,,,,,,,,,,,,,,,,,,,,,,,,
2013-010,2013-12-06 12:00:00,10.2,84.0,1,25.0,1004.0,3.0,0.0,25.0,0.0,,,,,1,0,,,,,0,,,,,,,,,,,,,,,,,,,,,,,,,,,,,,,,,,,,,,
2013-010,2013-12-06 18:00:00,10.4,84.0,0,30.0,1002.0,5.0,5.0,25.0,5.0,25.0,5.0,,,1,0,,,,,0,,,,,,,,,,,,,,,,,,,,,,,,,,,,,,,,,,,,,,
2013-010,2013-12-07 00:00:00,10.5,84.1,0,35.0,998.0,7.0,5.0,30.0,5.0,25.0,10.0,,,1,0,,,,,0,,,,,,,,,,,,,,,,,,,,,,,,,,,,,,,,,,,,,,
2013-010,2013-12-07 03:00:00,10.5,84.1,0,35.0,998.0,7.0,,,,,,25.0,10.0,1,0,,,,,0,,,,,,,,,,,,,,,,,,,,,,,,,,,,,,,,,,,,,,
2013-010,2013-12-07 06:00:00,10.7,84.2,0,45.0,996.0,10.0,10.0,35.0,10.0,30.0,15.0,25.0,20.0,1,0,,,,,0,,,,,,,,,,,,,,,,,,,,,,,,,,,,,,,,,,,,,,
2013-010,2013-12-07 09:00:00,10.8,84.3,0,55.0,992.0,14.0,20.0,35.0,20.0,,,,,1,0,,,,,0,,,,,,,,,,,,,,,,,,,,,,,,,,,,,,,,,,,,,,
2013-010,2013-12-07 12:00:00,11.0,84.4,0,55.0,992.0,14.0,10.0,45.0,10.0,35.0,20.0,25.0,30.0,1,0,,,,,0,,,,,,,,,,,,,,,,,,,,,,,,,,,,,,,,,,,,,,
2013-010,2013-12-07 15:00:00,11.0,84.5,0,55.0,992.0,14.0,0.0,55.0,0.0,35.0,20.0,,,1,0,,,,,0,,,,,,,,,,,,,,,,,,,,,,,,,,,,,,,,,,,,,,
2013-010,2013-12-07 18:00:00,11.2,84.5,0,55.0,990.0,16.0,0.0,55.0,0.0,45.0,10.0,30.0,25.0,1,0,,,,,0,,,,,,,,,,,,,,,,,,,,,,,,,,,,,,,,,,,,,,
2013-010,2013-12-07 21:00:00,11.5,84.6,0,55.0,990.0,16.0,0.0,55.0,0.0,55.0,0.0,,,1,0,,,,,0,,,,,,,,,,,,,,,,,,,,,,,,,,,,,,,,,,,,,,
2013-010,2013-12-08 00:00:00,11.8,84.6,0,60.0,988.0,18.0,5.0,55.0,5.0,55.0,5.0,35.0,25.0,1,0,,,,,0,,,,,,,,,,,,,,,,,,,,,,,,,,,,,,,,,,,,,,
2013-010,2013-12-08 03:00:00,12.0,84.6,0,60.0,988.0,18.0,5.0,55.0,5.0,55.0,5.0,35.0,25.0,1,0,,,,,0,,,,,,,,,,,,,,,,,,,,,,,,,,,,,,,,,,,,,,
2013-010,2013-12-08 06:00:00,12.3,84.7,0,65.0,986.0,20.0,5.0,60.0,5.0,55.0,10.0,45.0,20.0,1,0,,,,,0,,,,,,,,,,,,,,,,,,,,,,,,,,,,,,,,,,,,,,
2013-010,2013-12-08 09:00:00,12.6,84.7,0,65.0,986.0,20.0,5.0,60.0,5.0,55.0,10.0,55.0,10.0,1,0,,,,,0,,,,,,,,,,,,,,,,,,,,,,,,,,,,,,,,,,,,,,
2013-010,2013-12-08 12:00:00,13.0,84.7,0,65.0,986.0,20.0,0.0,65.0,0.0,60.0,5.0,55.0,10.0,1,0,,,,,0,,,,,,,,,,,,,,,,,,,,,,,,,,,,,,,,,,,,,,
2013-010,2013-12-08 15:00:00,13.2,84.7,0,65.0,986.0,20.0,0.0,65.0,0.0,60.0,5.0,55.0,10.0,1,0,,,,,0,,,,,,,,,,,,,,,,,,,,,,,,,,,,,,,,,,,,,,
2013-010,2013-12-08 18:00:00,13.4,84.7,0,65.0,986.0,20.0,0.0,65.0,0.0,65.0,0.0,55.0,10.0,1,0,,,,,0,,,,,,,,,,,,,,,,,,,,,,,,,,,,,,,,,,,,,,
2013-010,2013-12-08 21:00:00,13.6,84.7,0,65.0,986.0,20.0,0.0,65.0,0.0,65.0,0.0,55.0,10.0,1,0,,,,,0,,,,,,,,,,,,,,,,,,,,,,,,,,,,,,,,,,,,,,
2013-010,2013-12-09 00:00:00,13.8,84.7,0,65.0,986.0,20.0,0.0,65.0,0.0,65.0,0.0,60.0,5.0,1,0,,,,,0,,,,,,,,,,,,,,,,,,,,,,,,,,,,,,,,,,,,,,
2013-010,2013-12-09 03:00:00,14.0,84.7,0,65.0,986.0,20.0,0.0,65.0,0.0,65.0,0.0,60.0,5.0,1,0,,,,,0,,,,,,,,,,,,,,,,,,,,,,,,,,,,,,,,,,,,,,
2013-010,2013-12-09 06:00:00,14.3,84.7,0,65.0,986.0,20.0,0.0,65.0,0.0,65.0,0.0,65.0,0.0,1,0,,,,,0,,,,,,,,,,,,,,,,,,,,,,,,,,,,,,,,,,,,,,
2013-010,2013-12-09 09:00:00,14.4,84.7,0,65.0,986.0,20.0,0.0,65.0,0.0,65.0,0.0,65.0,0.0,1,0,,,,,0,,,,,,,,,,,,,,,,,,,,,,,,,,,,,,,,,,,,,,
2013-010,2013-12-09 12:00:00,14.6,84.7,0,60.0,988.0,18.0,-5.0,65.0,-5.0,65.0,-5.0,65.0,-5.0,1,0,,,,,0,,,,,,,,,,,,,,,,,,,,,,,,,,,,,,,,,,,,,,
2013-010,2013-12-09 15:00:00,14.7,84.7,0,60.0,988.0,18.0,-5.0,65.0,-5.0,65.0,-5.0,65.0,-5.0,1,0,,,,,0,,,,,,,,,,,,,,,,,,,,,,,,,,,,,,,,,,,,,,
2013-010,2013-12-09 18:00:00,14.8,84.8,0,60.0,988.0,18.0,0.0,60.0,0.0,65.0,-5.0,65.0,-5.0,1,0,,,,,0,,,,,,,,,,,,,,,,,,,,,,,,,,,,,,,,,,,,,,
2013-010,2013-12-09 21:00:00,14.8,84.8,0,60.0,988.0,16.0,0.0,60.0,0.0,65.0,-5.0,65.0,-5.0,1,0,,,,,0,,,,,,,,,,,,,,,,,,,,,,,,,,,,,,,,,,,,,,
2013-010,2013-12-10 00:00:00,15.0,85.0,0,60.0,988.0,16.0,0.0,60.0,0.0,60.0,0.0,65.0,-5.0,1,0,,,,,0,,,,,,,,,,,,,,,,,,,,,,,,,,,,,,,,,,,,,,
2013-010,2013-12-10 03:00:00,15.3,85.3,0,65.0,988.0,16.0,5.0,60.0,5.0,60.0,5.0,65.0,0.0,1,0,,,,,0,,,,,,,,,,,,,,,,,,,,,,,,,,,,,,,,,,,,,,
2013-010,2013-12-10 06:00:00,15.4,85.3,0,65.0,988.0,16.0,5.0,60.0,5.0,60.0,5.0,65.0,0.0,1,0,,,,,0,,,,,,,,,,,,,,,,,,,,,,,,,,,,,,,,,,,,,,
2013-010,2013-12-10 09:00:00,15.7,85.3,0,65.0,988.0,16.0,0.0,65.0,0.0,60.0,5.0,65.0,0.0,1,0,,,,,0,,,,,,,,,,,,,,,,,,,,,,,,,,,,,,,,,,,,,,
2013-010,2013-12-10 12:00:00,15.4,85.0,0,55.0,990.0,14.0,-10.0,65.0,-10.0,60.0,-5.0,60.0,-5.0,1,0,,,,,0,,,,,,,,,,,,,,,,,,,,,,,,,,,,,,,,,,,,,,
2013-010,2013-12-10 18:00:00,14.9,84.7,0,50.0,992.0,12.0,-5.0,55.0,-5.0,65.0,-15.0,60.0,-10.0,1,0,,,,,0,,,,,,,,,,,,,,,,,,,,,,,,,,,,,,,,,,,,,,
2013-010,2013-12-11 00:00:00,14.3,84.2,0,40.0,996.0,8.0,-10.0,50.0,-10.0,55.0,-15.0,60.0,-20.0,1,0,,,,,0,,,,,,,,,,,,,,,,,,,,,,,,,,,,,,,,,,,,,,
2013-010,2013-12-11 03:00:00,14.0,83.8,0,30.0,998.0,6.0,-15.0,45.0,-15.0,55.0,-25.0,65.0,-35.0,1,0,,,,,0,,,,,,,,,,,,,,,,,,,,,,,,,,,,,,,,,,,,,,
2013-010,2013-12-11 06:00:00,13.7,83.5,0,30.0,998.0,6.0,-10.0,40.0,-10.0,50.0,-20.0,65.0,-35.0,1,0,,,,,0,,,,,,,,,,,,,,,,,,,,,,,,,,,,,,,,,,,,,,
2013-010,2013-12-11 09:00:00,13.5,83.4,0,30.0,1000.0,5.0,0.0,30.0,0.0,45.0,-15.0,65.0,-35.0,1,0,,,,,0,,,,,,,,,,,,,,,,,,,,,,,,,,,,,,,,,,,,,,
2013-010,2013-12-11 12:00:00,13.3,83.3,0,30.0,1000.0,5.0,0.0,30.0,0.0,40.0,-10.0,55.0,-25.0,1,0,,,,,0,,,,,,,,,,,,,,,,,,,,,,,,,,,,,,,,,,,,,,
2013-010,2013-12-11 18:00:00,12.9,82.7,0,25.0,1000.0,4.0,-5.0,30.0,-5.0,30.0,-5.0,50.0,-25.0,1,0,,,,,0,,,,,,,,,,,,,,,,,,,,,,,,,,,,,,,,,,,,,,
2014-001,2014-01-04 03:00:00,8.5,83.5,0,25.0,1006.0,3.0,,,,,,,,1,0,,,,,0,,,,,,,,,,,,,,,,,,,,,,,,,,,,,,,,,,,,,,
2014-001,2014-01-04 06:00:00,9.0,83.0,0,25.0,1006.0,3.0,,,,,,,,1,0,,,,,0,,,,,,,,,,,,,,,,,,,,,,,,,,,,,,,,,,,,,,
2014-001,2014-01-04 12:00:00,9.0,83.0,0,25.0,1006.0,3.0,0.0,25.0,0.0,,,,,1,0,,,,,0,,,,,,,,,,,,,,,,,,,,,,,,,,,,,,,,,,,,,,
2014-001,2014-01-04 18:00:00,9.2,82.5,0,25.0,1006.0,3.0,0.0,25.0,0.0,25.0,0.0,,,1,0,,,,,0,,,,,,,,,,,,,,,,,,,,,,,,,,,,,,,,,,,,,,
2014-001,2014-01-05 00:00:00,9.3,82.0,0,25.0,1006.0,3.0,0.0,25.0,0.0,25.0,0.0,,,1,0,,,,,0,,,,,,,,,,,,,,,,,,,,,,,,,,,,,,,,,,,,,,
2014-001,2014-01-05 03:00:00,9.3,82.0,0,25.0,1006.0,3.0,,,,,,25.0,0.0,1,0,,,,,0,,,,,,,,,,,,,,,,,,,,,,,,,,,,,,,,,,,,,,
2014-001,2014-01-05 12:00:00,9.3,81.5,0,25.0,1004.0,4.0,0.0,25.0,0.0,25.0,0.0,25.0,0.0,1,0,,,,,0,,,,,,,,,,,,,,,,,,,,,,,,,,,,,,,,,,,,,,
2014-001,2014-01-06 00:00:00,9.3,81.3,0,25.0,1004.0,4.0,0.0,25.0,0.0,25.0,0.0,25.0,0.0,1,0,,,,,0,,,,,,,,,,,,,,,,,,,,,,,,,,,,,,,,,,,,,,
2014-002,2014-05-21 03:00:00,15.5,90.5,0,25.0,1004.0,3.0,,,,,,,,1,0,,,,,0,,,,,,,,,,,,,,,,,,,,,,,,,,,,,,,,,,,,,,
2014-002,2014-05-21 06:00:00,16.0,90.5,0,25.0,1004.0,3.0,,,,,,,,1,0,,,,,0,,,,,,,,,,,,,,,,,,,,,,,,,,,,,,,,,,,,,,
2014-002,2014-05-21 12:00:00,16.5,91.0,0,25.0,1002.0,4.0,0.0,25.0,0.0,,,,,1,0,,,,,0,,,,,,,,,,,,,,,,,,,,,,,,,,,,,,,,,,,,,,
2014-002,2014-05-21 18:00:00,16.5,91.0,0,25.0,1002.0,3.0,0.0,25.0,0.0,25.0,0.0,,,1,0,,,,,0,,,,,,,,,,,,,,,,,,,,,,,,,,,,,,,,,,,,,,
2014-002,2014-05-22 00:00:00,16.5,92.0,0,25.0,1000.0,3.0,0.0,25.0,0.0,25.0,0.0,,,1,0,,,,,0,,,,,,,,,,,,,,,,,,,,,,,,,,,,,,,,,,,,,,
2014-005,2014-08-03 12:00:00,21.5,88.5,0,25.0,990.0,4.0,,,,,,,,1,0,,,,,0,,,,,,,,,,,,,,,,,,,,,,,,,,,,,,,,,,,,,,
2014-005,2014-08-03 18:00:00,21.9,88.3,0,30.0,990.0,6.0,5.0,25.0,5.0,,,,,1,0,,,,,0,,,,,,,,,,,,,,,,,,,,,,,,,,,,,,,,,,,,,,
2014-005,2014-08-04 03:00:00,22.5,87.2,0,30.0,990.0,6.0,,,,,,,,1,0,,,,,0,,,,,,,,,,,,,,,,,,,,,,,,,,,,,,,,,,,,,,
2014-005,2014-08-04 06:00:00,22.5,86.5,0,30.0,990.0,6.0,,,,30.0,0.0,,,1,0,,,,,0,,,,,,,,,,,,,,,,,,,,,,,,,,,,,,,,,,,,,,
2014-005,2014-08-04 12:00:00,22.2,86.1,0,30.0,988.0,6.0,0.0,30.0,0.0,,,25.0,5.0,1,0,,,,,0,,,,,,,,,,,,,,,,,,,,,,,,,,,,,,,,,,,,,,
2014-005,2014-08-04 18:00:00,22.2,86.1,0,30.0,990.0,6.0,0.0,30.0,0.0,30.0,0.0,30.0,0.0,1,0,,,,,0,,,,,,,,,,,,,,,,,,,,,,,,,,,,,,,,,,,,,,
2014-005,2014-08-05 00:00:00,24.4,80.6,0,25.0,992.0,4.0,-5.0,30.0,-5.0,30.0,-5.0,,,1,0,,,,,0,,,,,,,,,,,,,,,,,,,,,,,,,,,,,,,,,,,,,,
2014-005,2014-08-05 03:00:00,22.2,83.5,0,30.0,994.0,6.0,,,,,,30.0,0.0,1,0,,,,,0,,,,,,,,,,,,,,,,,,,,,,,,,,,,,,,,,,,,,,
2014-005,2014-08-05 06:00:00,22.9,83.0,0,30.0,992.0,5.0,5.0,25.0,5.0,30.0,0.0,30.0,0.0,1,0,,,,,0,,,,,,,,,,,,,,,,,,,,,,,,,,,,,,,,,,,,,,
2014-005,2014-08-05 12:00:00,24.0,82.0,0,25.0,992.0,4.0,-5.0,30.0,-5.0,25.0,0.0,30.0,-5.0,1,0,,,,,0,,,,,,,,,,,,,,,,,,,,,,,,,,,,,,,,,,,,,,
2014-005,2014-08-05 18:00:00,24.2,81.3,0,25.0,992.0,4.0,0.0,25.0,0.0,30.0,-5.0,30.0,-5.0,1,0,,,,,0,,,,,,,,,,,,,,,,,,,,,,,,,,,,,,,,,,,,,,
2014-006,2014-10-07 03:00:00,11.5,95.0,0,25.0,1004.0,3.0,,,,,,,,1,0,,,,,0,,,,,,,,,,,,,,,,,,,,,,,,,,,,,,,,,,,,,,
2014-006,2014-10-07 06:00:00,11.7,94.8,0,25.0,1004.0,3.0,,,,,,,,1,0,,,,,0,,,,,,,,,,,,,,,,,,,,,,,,,,,,,,,,,,,,,,
2014-006,2014-10-07 12:00:00,12.0,94.0,0,30.0,1000.0,5.0,5.0,25.0,5.0,,,,,1,0,,,,,0,,,,,,,,,,,,,,,,,,,,,,,,,,,,,,,,,,,,,,
2014-006,2014-10-07 18:00:00,12.0,93.5,0,30.0,1000.0,5.0,0.0,30.0,0.0,25.0,5.0,,,1,0,,,,,0,,,,,,,,,,,,,,,,,,,,,,,,,,,,,,,,,,,,,,
2014-006,2014-10-08 00:00:00,12.2,93.0,0,30.0,1000.0,5.0,0.0,30.0,0.0,30.0,0.0,,,1,0,,,,,0,,,,,,,,,,,,,,,,,,,,,,,,,,,,,,,,,,,,,,
2014-006,2014-10-08 03:00:00,12.3,92.9,0,35.0,998.0,7.0,,,,,,25.0,10.0,1,0,,,,,0,,,,,,,,,,,,,,,,,,,,,,,,,,,,,,,,,,,,,,
2014-006,2014-10-08 06:00:00,12.5,92.5,0,40.0,996.0,8.0,10.0,30.0,10.0,30.0,10.0,25.0,15.0,1,0,,,,,0,,,,,,,,,,,,,,,,,,,,,,,,,,,,,,,,,,,,,,
2014-006,2014-10-08 09:00:00,12.7,91.7,0,40.0,996.0,8.0,5.0,35.0,5.0,,,,,1,0,,,,,0,,,,,,,,,,,,,,,,,,,,,,,,,,,,,,,,,,,,,,
2014-006,2014-10-08 12:00:00,12.8,91.0,0,40.0,996.0,8.0,0.0,40.0,0.0,30.0,10.0,30.0,10.0,1,0,,,,,0,,,,,,,,,,,,,,,,,,,,,,,,,,,,,,,,,,,,,,
2014-006,2014-10-08 15:00:00,13.0,90.5,0,40.0,996.0,8.0,0.0,40.0,0.0,35.0,5.0,,,1,0,,,,,0,,,,,,,,,,,,,,,,,,,,,,,,,,,,,,,,,,,,,,
2014-006,2014-10-08 18:00:00,13.2,90.2,0,45.0,994.0,9.0,5.0,40.0,5.0,40.0,5.0,30.0,15.0,1,0,,,,,0,,,,,,,,,,,,,,,,,,,,,,,,,,,,,,,,,,,,,,
2014-006,2014-10-08 21:00:00,13.5,89.6,0,45.0,992.0,10.0,5.0,40.0,5.0,40.0,5.0,,,1,0,,,,,0,,,,,,,,,,,,,,,,,,,,,,,,,,,,,,,,,,,,,,
2014-006,2014-10-09 00:00:00,13.7,89.2,0,45.0,990.0,12.0,0.0,45.0,0.0,40.0,5.0,30.0,15.0,1,0,,,,,0,,,,,,,,,,,,,,,,,,,,,,,,,,,,,,,,,,,,,,
2014-006,2014-10-09 03:00:00,13.8,89.0,0,55.0,988.0,16.0,10.0,45.0,10.0,40.0,15.0,35.0,20.0,1,0,,,,,0,,,,,,,,,,,,,,,,,,,,,,,,,,,,,,,,,,,,,,
2014-006,2014-10-09 06:00:00,13.9,88.8,0,55.0,988.0,16.0,10.0,45.0,10.0,45.0,10.0,40.0,15.0,1,0,,,,,0,,,,,,,,,,,,,,,,,,,,,,,,,,,,,,,,,,,,,,
2014-006,2014-10-09 09:00:00,14.6,88.6,0,55.0,988.0,16.0,0.0,55.0,0.0,45.0,10.0,40.0,15.0,1,0,,,,,0,,,,,,,,,,,,,,,,,,,,,,,,,,,,,,,,,,,,,,
2014-006,2014-10-09 12:00:00,14.1,88.4,0,55.0,988.0,16.0,0.0,55.0,0.0,45.0,10.0,40.0,15.0,1,0,,,,,0,,,,,,,,,,,,,,,,,,,,,,,,,,,,,,,,,,,,,,
2014-006,2014-10-09 15:00:00,14.1,88.1,0,55.0,988.0,16.0,0.0,55.0,0.0,55.0,0.0,40.0,15.0,1,0,,,,,0,,,,,,,,,,,,,,,,,,,,,,,,,,,,,,,,,,,,,,
2014-006,2014-10-09 18:00:00,14.1,87.9,0,55.0,988.0,16.0,0.0,55.0,0.0,55.0,0.0,45.0,10.0,1,0,,,,,0,,,,,,,,,,,,,,,,,,,,,,,,,,,,,,,,,,,,,,
2014-006,2014-10-09 21:00:00,14.3,87.7,0,60.0,988.0,16.0,5.0,55.0,5.0,55.0,5.0,45.0,15.0,1,0,,,,,0,,,,,,,,,,,,,,,,,,,,,,,,,,,,,,,,,,,,,,
2014-006,2014-10-10 00:00:00,14.4,87.6,0,60.0,988.0,16.0,5.0,55.0,5.0,55.0,5.0,45.0,15.0,1,0,,,,,0,,,,,,,,,,,,,,,,,,,,,,,,,,,,,,,,,,,,,,
2014-006,2014-10-10 03:00:00,14.7,87.2,0,60.0,988.0,16.0,0.0,60.0,0.0,55.0,5.0,55.0,5.0,1,0,,,,,0,,,,,,,,,,,,,,,,,,,,,,,,,,,,,,,,,,,,,,
2014-006,2014-10-10 06:00:00,14.8,87.0,1,60.0,986.0,18.0,0.0,60.0,0.0,55.0,5.0,55.0,5.0,1,0,,,,,0,,,,,,,,,,,,,,,,,,,,,,,,,,,,,,,,,,,,,,
2014-006,2014-10-10 09:00:00,15.0,86.8,0,65.0,984.0,22.0,5.0,60.0,5.0,60.0,5.0,55.0,10.0,1,0,,,,,0,,,,,,,,,,,,,,,,,,,,,,,,,,,,,,,,,,,,,,
2014-006,2014-10-10 12:00:00,15.2,86.7,0,70.0,982.0,26.0,10.0,60.0,10.0,60.0,10.0,55.0,15.0,1,0,,,,,0,,,,,,,,,,,,,,,,,,,,,,,,,,,,,,,,,,,,,,
2014-006,2014-10-10 15:00:00,15.4,86.5,0,75.0,980.0,28.0,10.0,65.0,10.0,60.0,15.0,55.0,20.0,1,0,,,,,0,,,,,,,,,,,,,,,,,,,,,,,,,,,,,,,,,,,,,,
2014-006,2014-10-10 18:00:00,15.5,86.4,0,75.0,978.0,30.0,5.0,70.0,5.0,60.0,15.0,55.0,20.0,1,0,,,,,0,,,,,,,,,,,,,,,,,,,,,,,,,,,,,,,,,,,,,,
2014-006,2014-10-10 21:00:00,15.7,86.1,0,75.0,974.0,30.0,0.0,75.0,0.0,65.0,10.0,60.0,15.0,1,0,,,,,0,,,,,,,,,,,,,,,,,,,,,,,,,,,,,,,,,,,,,,
2014-006,2014-10-11 00:00:00,15.9,85.7,0,75.0,970.0,30.0,0.0,75.0,0.0,70.0,5.0,60.0,15.0,1,0,,,,,0,,,,,,,,,,,,,,,,,,,,,,,,,,,,,,,,,,,,,,
2014-006,2014-10-11 03:00:00,16.0,85.4,0,80.0,968.0,34.0,5.0,75.0,5.0,75.0,5.0,60.0,20.0,1,0,,,,,0,,,,,,,,,,,,,,,,,,,,,,,,,,,,,,,,,,,,,,
2014-006,2014-10-11 06:00:00,16.1,85.1,0,90.0,966.0,40.0,15.0,75.0,15.0,75.0,15.0,60.0,30.0,1,0,,,,,0,,,,,,,,,,,,,,,,,,,,,,,,,,,,,,,,,,,,,,
2014-006,2014-10-11 09:00:00,16.1,85.0,0,90.0,964.0,42.0,10.0,80.0,10.0,75.0,15.0,65.0,25.0,1,0,,,,,0,,,,,,,,,,,,,,,,,,,,,,,,,,,,,,,,,,,,,,
2014-006,2014-10-11 12:00:00,16.2,84.8,0,95.0,962.0,44.0,5.0,90.0,5.0,75.0,20.0,70.0,25.0,1,0,,,,,0,,,,,,,,,,,,,,,,,,,,,,,,,,,,,,,,,,,,,,
2014-006,2014-10-11 15:00:00,16.2,84.8,0,95.0,960.0,46.0,5.0,90.0,5.0,80.0,15.0,75.0,20.0,1,0,,,,,0,,,,,,,,,,,,,,,,,,,,,,,,,,,,,,,,,,,,,,
2014-006,2014-10-11 18:00:00,16.4,84.7,0,100.0,954.0,50.0,5.0,95.0,5.0,90.0,10.0,75.0,25.0,1,0,,,,,0,,,,,,,,,,,,,,,,,,,,,,,,,,,,,,,,,,,,,,
2014-006,2014-10-11 21:00:00,16.7,84.4,0,100.0,952.0,52.0,5.0,95.0,5.0,90.0,10.0,75.0,25.0,1,0,,,,,0,,,,,,,,,,,,,,,,,,,,,,,,,,,,,,,,,,,,,,
2014-006,2014-10-12 00:00:00,17.2,84.2,0,100.0,950.0,54.0,0.0,100.0,0.0,95.0,5.0,75.0,25.0,1,0,,,,,0,,,,,,,,,,,,,,,,,,,,,,,,,,,,,,,,,,,,,,
2014-006,2014-10-12 03:00:00,17.4,83.8,0,100.0,950.0,54.0,0.0,100.0,0.0,95.0,5.0,80.0,20.0,1,0,,,,,0,,,,,,,,,,,,,,,,,,,,,,,,,,,,,,,,,,,,,,
2014-006,2014-10-12 06:00:00,17.6,83.4,0,100.0,950.0,54.0,0.0,100.0,0.0,100.0,0.0,90.0,10.0,1,0,,,,,0,,,,,,,,,,,,,,,,,,,,,,,,,,,,,,,,,,,,,,
2014-006,2014-10-12 12:00:00,18.0,82.7,0,60.0,982.0,20.0,-40.0,100.0,-40.0,100.0,-40.0,95.0,-35.0,1,0,,,,,0,,,,,,,,,,,,,,,,,,,,,,,,,,,,,,,,,,,,,,
2014-006,2014-10-12 18:00:00,18.7,82.3,0,40.0,987.0,14.0,-20.0,60.0,-20.0,100.0,-60.0,100.0,-60.0,1,0,,,,,0,,,,,,,,,,,,,,,,,,,,,,,,,,,,,,,,,,,,,,
2014-006,2014-10-13 00:00:00,19.5,81.5,0,30.0,994.0,8.0,-10.0,40.0,-10.0,60.0,-30.0,100.0,-70.0,1,0,,,,,0,,,,,,,,,,,,,,,,,,,,,,,,,,,,,,,,,,,,,,
2014-006,2014-10-13 03:00:00,20.5,81.5,0,30.0,996.0,6.0,-10.0,40.0,-10.0,45.0,-15.0,100.0,-70.0,1,0,,,,,0,,,,,,,,,,,,,,,,,,,,,,,,,,,,,,,,,,,,,,
2014-006,2014-10-13 06:00:00,20.7,81.5,0,30.0,998.0,5.0,0.0,30.0,0.0,40.0,-10.0,100.0,-70.0,1,0,,,,,0,,,,,,,,,,,,,,,,,,,,,,,,,,,,,,,,,,,,,,
2014-008,2014-11-05 12:00:00,13.0,87.5,0,25.0,1000.0,4.0,,,,,,,,1,0,,,,,0,,,,,,,,,,,,,,,,,,,,,,,,,,,,,,,,,,,,,,
2014-008,2014-11-05 18:00:00,13.5,87.5,0,25.0,1000.0,4.0,0.0,25.0,0.0,,,,,1,0,,,,,0,,,,,,,,,,,,,,,,,,,,,,,,,,,,,,,,,,,,,,
2014-008,2014-11-06 00:00:00,13.8,87.5,0,25.0,1000.0,4.0,0.0,25.0,0.0,25.0,0.0,,,1,0,,,,,0,,,,,,,,,,,,,,,,,,,,,,,,,,,,,,,,,,,,,,
2014-008,2014-11-06 03:00:00,14.0,87.5,0,30.0,998.0,5.0,,,,,,,,1,0,,,,,0,,,,,,,,,,,,,,,,,,,,,,,,,,,,,,,,,,,,,,
2014-008,2014-11-06 06:00:00,14.1,87.5,0,30.0,998.0,6.0,5.0,25.0,5.0,25.0,5.0,,,1,0,,,,,0,,,,,,,,,,,,,,,,,,,,,,,,,,,,,,,,,,,,,,
2014-008,2014-11-06 12:00:00,14.1,88.0,0,30.0,998.0,6.0,0.0,30.0,0.0,25.0,5.0,25.0,5.0,1,0,,,,,0,,,,,,,,,,,,,,,,,,,,,,,,,,,,,,,,,,,,,,
2014-008,2014-11-06 18:00:00,13.8,88.0,0,30.0,1000.0,6.0,0.0,30.0,0.0,30.0,0.0,25.0,5.0,1,0,,,,,0,,,,,,,,,,,,,,,,,,,,,,,,,,,,,,,,,,,,,,
2014-008,2014-11-07 00:00:00,14.0,87.5,0,30.0,1001.0,5.0,0.0,30.0,0.0,30.0,0.0,25.0,5.0,1,0,,,,,0,,,,,,,,,,,,,,,,,,,,,,,,,,,,,,,,,,,,,,
2015-002,2015-06-20 03:00:00,18.0,86.0,0,25.0,990.0,4.0,,,,,,,,1,0,,,,,0,,,,,,,,,,,,,,,,,,,,,,,,,,,,,,,,,,,,,,
2015-002,2015-06-20 06:00:00,18.5,86.0,0,25.0,990.0,4.0,,,,,,,,1,0,,,,,0,,,,,,,,,,,,,,,,,,,,,,,,,,,,,,,,,,,,,,
2015-002,2015-06-20 12:00:00,19.0,85.5,0,25.0,990.0,4.0,0.0,25.0,0.0,,,,,1,0,,,,,0,,,,,,,,,,,,,,,,,,,,,,,,,,,,,,,,,,,,,,
2015-002,2015-06-20 18:00:00,19.2,85.4,0,25.0,990.0,4.0,0.0,25.0,0.0,25.0,0.0,,,1,0,,,,,0,,,,,,,,,,,,,,,,,,,,,,,,,,,,,,,,,,,,,,
2015-006,2015-07-26 00:00:00,22.0,90.8,0,20.0,994.0,3.0,,,,,,,,1,0,,,,,0,,,,,,,,,,,,,,,,,,,,,,,,,,,,,,,,,,,,,,
2015-006,2015-07-26 03:00:00,22.0,90.8,0,20.0,994.0,3.0,,,,,,,,1,0,,,,,0,,,,,,,,,,,,,,,,,,,,,,,,,,,,,,,,,,,,,,
2015-006,2015-07-26 06:00:00,22.0,90.5,0,20.0,994.0,3.0,0.0,20.0,0.0,,,,,1,0,,,,,0,,,,,,,,,,,,,,,,,,,,,,,,,,,,,,,,,,,,,,
2015-006,2015-07-26 12:00:00,22.0,90.5,0,20.0,994.0,3.0,0.0,20.0,0.0,20.0,0.0,,,1,0,,,,,0,,,,,,,,,,,,,,,,,,,,,,,,,,,,,,,,,,,,,,
2015-006,2015-07-26 18:00:00,22.0,90.5,0,20.0,994.0,3.0,0.0,20.0,0.0,20.0,0.0,,,1,0,,,,,0,,,,,,,,,,,,,,,,,,,,,,,,,,,,,,,,,,,,,,
2015-006,2015-07-27 00:00:00,22.0,90.5,0,20.0,994.0,3.0,0.0,20.0,0.0,20.0,0.0,20.0,0.0,1,0,,,,,0,,,,,,,,,,,,,,,,,,,,,,,,,,,,,,,,,,,,,,
2015-006,2015-07-27 03:00:00,22.0,90.5,0,25.0,994.0,4.0,,,,,,20.0,5.0,1,0,,,,,0,,,,,,,,,,,,,,,,,,,,,,,,,,,,,,,,,,,,,,
2015-006,2015-07-27 06:00:00,22.0,90.5,0,25.0,994.0,4.0,5.0,20.0,5.0,20.0,5.0,20.0,5.0,1,0,,,,,0,,,,,,,,,,,,,,,,,,,,,,,,,,,,,,,,,,,,,,
2015-006,2015-07-27 12:00:00,22.0,90.5,0,25.0,994.0,4.0,0.0,25.0,0.0,20.0,5.0,20.0,5.0,1,0,,,,,0,,,,,,,,,,,,,,,,,,,,,,,,,,,,,,,,,,,,,,
2015-006,2015-07-27 18:00:00,22.0,90.5,0,25.0,994.0,4.0,0.0,25.0,0.0,25.0,0.0,20.0,5.0,1,0,,,,,0,,,,,,,,,,,,,,,,,,,,,,,,,,,,,,,,,,,,,,
2015-006,2015-07-28 00:00:00,22.0,90.5,0,25.0,994.0,4.0,0.0,25.0,0.0,25.0,0.0,20.0,5.0,1,0,,,,,0,,,,,,,,,,,,,,,,,,,,,,,,,,,,,,,,,,,,,,
2015-006,2015-07-28 03:00:00,22.0,90.5,0,25.0,994.0,4.0,,,,,,25.0,0.0,1,0,,,,,0,,,,,,,,,,,,,,,,,,,,,,,,,,,,,,,,,,,,,,
2015-006,2015-07-28 06:00:00,21.8,90.3,0,25.0,994.0,4.0,0.0,25.0,0.0,25.0,0.0,25.0,0.0,1,0,,,,,0,,,,,,,,,,,,,,,,,,,,,,,,,,,,,,,,,,,,,,
2015-006,2015-07-28 12:00:00,21.5,90.2,0,25.0,994.0,4.0,0.0,25.0,0.0,25.0,0.0,25.0,0.0,1,0,,,,,0,,,,,,,,,,,,,,,,,,,,,,,,,,,,,,,,,,,,,,
2015-006,2015-07-28 18:00:00,21.3,90.6,0,25.0,992.0,4.0,0.0,25.0,0.0,25.0,0.0,25.0,0.0,1,0,,,,,0,,,,,,,,,,,,,,,,,,,,,,,,,,,,,,,,,,,,,,
2015-006,2015-07-29 00:00:00,21.0,91.0,0,30.0,990.0,5.0,5.0,25.0,5.0,25.0,5.0,25.0,5.0,1,0,,,,,0,,,,,,,,,,,,,,,,,,,,,,,,,,,,,,,,,,,,,,
2015-006,2015-07-29 03:00:00,21.1,91.0,0,30.0,990.0,5.0,,,,,,25.0,5.0,1,0,,,,,0,,,,,,,,,,,,,,,,,,,,,,,,,,,,,,,,,,,,,,
2015-006,2015-07-29 06:00:00,21.2,91.1,0,30.0,990.0,5.0,0.0,30.0,0.0,25.0,5.0,25.0,5.0,1,0,,,,,0,,,,,,,,,,,,,,,,,,,,,,,,,,,,,,,,,,,,,,
2015-006,2015-07-29 12:00:00,21.5,91.4,0,30.0,988.0,6.0,0.0,30.0,0.0,30.0,0.0,25.0,5.0,1,0,,,,,0,,,,,,,,,,,,,,,,,,,,,,,,,,,,,,,,,,,,,,
2015-006,2015-07-29 18:00:00,21.6,91.4,0,35.0,986.0,7.0,5.0,30.0,5.0,30.0,5.0,25.0,10.0,1,0,,,,,0,,,,,,,,,,,,,,,,,,,,,,,,,,,,,,,,,,,,,,
2015-006,2015-07-30 00:00:00,21.7,91.4,0,35.0,986.0,7.0,0.0,35.0,0.0,30.0,5.0,30.0,5.0,1,0,,,,,0,,,,,,,,,,,,,,,,,,,,,,,,,,,,,,,,,,,,,,
2015-006,2015-07-30 03:00:00,22.0,91.4,0,35.0,986.0,7.0,,,,,,30.0,5.0,1,0,,,,,0,,,,,,,,,,,,,,,,,,,,,,,,,,,,,,,,,,,,,,
2015-006,2015-07-30 06:00:00,22.2,91.4,0,40.0,986.0,8.0,5.0,35.0,5.0,35.0,5.0,30.0,10.0,1,0,,,,,0,,,,,,,,,,,,,,,,,,,,,,,,,,,,,,,,,,,,,,
2015-006,2015-07-30 12:00:00,22.4,91.4,0,35.0,988.0,7.0,-5.0,40.0,-5.0,35.0,0.0,30.0,5.0,1,0,,,,,0,,,,,,,,,,,,,,,,,,,,,,,,,,,,,,,,,,,,,,
2015-006,2015-07-30 18:00:00,22.8,91.1,0,35.0,988.0,7.0,0.0,35.0,0.0,40.0,-5.0,35.0,0.0,1,0,,,,,0,,,,,,,,,,,,,,,,,,,,,,,,,,,,,,,,,,,,,,
2015-006,2015-07-31 00:00:00,23.1,90.0,0,30.0,990.0,5.0,-5.0,35.0,-5.0,35.0,-5.0,35.0,-5.0,1,0,,,,,0,,,,,,,,,,,,,,,,,,,,,,,,,,,,,,,,,,,,,,
2015-006,2015-07-31 03:00:00,23.1,90.0,0,30.0,990.0,5.0,0.0,30.0,0.0,35.0,-5.0,35.0,-5.0,1,0,,,,,0,,,,,,,,,,,,,,,,,,,,,,,,,,,,,,,,,,,,,,
2015-006,2015-07-31 06:00:00,23.1,89.8,0,30.0,992.0,5.0,0.0,30.0,0.0,35.0,-5.0,40.0,-10.0,1,0,,,,,0,,,,,,,,,,,,,,,,,,,,,,,,,,,,,,,,,,,,,,
2015-006,2015-07-31 12:00:00,23.1,89.5,0,25.0,994.0,4.0,-5.0,30.0,-5.0,30.0,-5.0,35.0,-10.0,1,0,,,,,0,,,,,,,,,,,,,,,,,,,,,,,,,,,,,,,,,,,,,,
2015-006,2015-07-31 18:00:00,23.1,89.4,0,25.0,994.0,4.0,0.0,25.0,0.0,30.0,-5.0,35.0,-10.0,1,0,,,,,0,,,,,,,,,,,,,,,,,,,,,,,,,,,,,,,,,,,,,,
2015-006,2015-08-01 00:00:00,23.2,89.2,0,20.0,994.0,4.0,-5.0,25.0,-5.0,25.0,-5.0,30.0,-10.0,1,0,,,,,0,,,,,,,,,,,,,,,,,,,,,,,,,,,,,,,,,,,,,,
2015-006,2015-08-01 03:00:00,23.2,89.2,0,20.0,994.0,4.0,,,,,,30.0,-10.0,1,0,,,,,0,,,,,,,,,,,,,,,,,,,,,,,,,,,,,,,,,,,,,,
2015-006,2015-08-01 06:00:00,23.5,88.8,0,20.0,994.0,4.0,0.0,20.0,0.0,25.0,-5.0,30.0,-10.0,1,0,,,,,0,,,,,,,,,,,,,,,,,,,,,,,,,,,,,,,,,,,,,,
2015-012,2015-11-08 03:00:00,10.7,83.7,0,25.0,1003.0,3.0,,,,,,,,1,0,,,,,0,,,,,,,,,,,,,,,,,,,,,,,,,,,,,,,,,,,,,,
2015-012,2015-11-08 06:00:00,10.8,83.2,0,25.0,1003.0,3.0,,,,,,,,1,0,,,,,0,,,,,,,,,,,,,,,,,,,,,,,,,,,,,,,,,,,,,,
2015-012,2015-11-08 12:00:00,11.0,82.5,0,25.0,1002.0,4.0,0.0,25.0,0.0,,,,,1,0,,,,,0,,,,,,,,,,,,,,,,,,,,,,,,,,,,,,,,,,,,,,
2015-012,2015-11-08 18:00:00,11.2,81.4,0,30.0,1000.0,5.0,5.0,25.0,5.0,25.0,5.0,,,1,0,,,,,0,,,,,,,,,,,,,,,,,,,,,,,,,,,,,,,,,,,,,,
2015-012,2015-11-09 00:00:00,11.4,80.7,0,30.0,999.0,6.0,0.0,30.0,0.0,25.0,5.0,,,1,0,,,,,0,,,,,,,,,,,,,,,,,,,,,,,,,,,,,,,,,,,,,,
2015-012,2015-11-09 03:00:00,11.6,80.3,0,30.0,998.0,6.0,,,,,,25.0,5.0,1,0,,,,,0,,,,,,,,,,,,,,,,,,,,,,,,,,,,,,,,,,,,,,
2016-001,2016-05-17 03:00:00,11.0,81.0,0,25.0,1000.0,3.0,,,,,,,,1,0,,,,,0,,,,,,,,,,,,,,,,,,,,,,,,,,,,,,,,,,,,,,
2016-001,2016-05-17 06:00:00,11.3,80.9,0,25.0,999.0,3.0,,,,,,,,1,0,,,,,0,,,,,,,,,,,,,,,,,,,,,,,,,,,,,,,,,,,,,,
2016-001,2016-05-17 12:00:00,12.0,80.7,0,25.0,998.0,3.0,0.0,25.0,0.0,,,,,1,0,,,,,0,,,,,,,,,,,,,,,,,,,,,,,,,,,,,,,,,,,,,,
2016-001,2016-05-17 18:00:00,12.5,80.7,0,25.0,998.0,4.0,0.0,25.0,0.0,25.0,0.0,,,1,0,,,,,0,,,,,,,,,,,,,,,,,,,,,,,,,,,,,,,,,,,,,,
2016-001,2016-05-18 00:00:00,13.0,80.8,0,25.0,998.0,4.0,0.0,25.0,0.0,25.0,0.0,,,1,0,,,,,0,,,,,,,,,,,,,,,,,,,,,,,,,,,,,,,,,,,,,,
2016-001,2016-05-18 03:00:00,13.3,81.0,0,30.0,997.0,5.0,,,,,,25.0,5.0,1,0,,,,,0,,,,,,,,,,,,,,,,,,,,,,,,,,,,,,,,,,,,,,
2016-001,2016-05-18 06:00:00,13.8,81.0,0,30.0,996.0,5.0,5.0,25.0,5.0,25.0,5.0,25.0,5.0,1,0,,,,,0,,,,,,,,,,,,,,,,,,,,,,,,,,,,,,,,,,,,,,
2016-001,2016-05-18 12:00:00,14.4,81.0,0,30.0,996.0,5.0,0.0,30.0,0.0,25.0,5.0,25.0,5.0,1,0,,,,,0,,,,,,,,,,,,,,,,,,,,,,,,,,,,,,,,,,,,,,
2016-001,2016-05-18 18:00:00,14.4,81.0,0,30.0,994.0,7.0,0.0,30.0,0.0,30.0,0.0,25.0,5.0,1,0,,,,,0,,,,,,,,,,,,,,,,,,,,,,,,,,,,,,,,,,,,,,
2016-001,2016-05-19 00:00:00,15.1,81.4,0,35.0,990.0,7.0,5.0,30.0,5.0,30.0,5.0,25.0,10.0,1,0,,,,,0,,,,,,,,,,,,,,,,,,,,,,,,,,,,,,,,,,,,,,
2016-001,2016-05-19 03:00:00,15.6,81.6,0,35.0,990.0,8.0,,,,,,30.0,5.0,1,0,,,,,0,,,,,,,,,,,,,,,,,,,,,,,,,,,,,,,,,,,,,,
2016-001,2016-05-19 06:00:00,15.6,81.6,0,40.0,988.0,8.0,5.0,35.0,5.0,30.0,10.0,30.0,10.0,1,0,,,,,0,,,,,,,,,,,,,,,,,,,,,,,,,,,,,,,,,,,,,,
2016-001,2016-05-19 12:00:00,16.0,81.9,0,40.0,988.0,8.0,0.0,40.0,0.0,35.0,5.0,30.0,10.0,1,0,,,,,0,,,,,,,,,,,,,,,,,,,,,,,,,,,,,,,,,,,,,,
2016-001,2016-05-19 15:00:00,16.2,82.2,0,40.0,988.0,8.0,,,,35.0,5.0,,,1,0,,,,,0,,,,,,,,,,,,,,,,,,,,,,,,,,,,,,,,,,,,,,
2016-001,2016-05-19 18:00:00,16.4,82.6,0,40.0,988.0,8.0,0.0,40.0,0.0,40.0,0.0,30.0,10.0,1,0,,,,,0,,,,,,,,,,,,,,,,,,,,,,,,,,,,,,,,,,,,,,
2016-001,2016-05-19 21:00:00,16.8,82.8,0,40.0,988.0,8.0,0.0,40.0,0.0,,,,,1,0,,,,,0,,,,,,,,,,,,,,,,,,,,,,,,,,,,,,,,,,,,,,
2016-001,2016-05-20 00:00:00,17.2,83.3,0,40.0,988.0,8.0,0.0,40.0,0.0,40.0,0.0,35.0,5.0,1,0,,,,,0,,,,,,,,,,,,,,,,,,,,,,,,,,,,,,,,,,,,,,
2016-001,2016-05-20 03:00:00,18.0,84.2,0,40.0,988.0,8.0,0.0,40.0,0.0,40.0,0.0,35.0,5.0,1,0,,,,,0,,,,,,,,,,,,,,,,,,,,,,,,,,,,,,,,,,,,,,
2016-001,2016-05-20 06:00:00,18.4,84.6,0,40.0,988.0,9.0,0.0,40.0,0.0,40.0,0.0,40.0,0.0,1,0,,,,,0,,,,,,,,,,,,,,,,,,,,,,,,,,,,,,,,,,,,,,
2016-001,2016-05-20 09:00:00,18.8,85.0,0,40.0,988.0,9.0,0.0,40.0,0.0,40.0,0.0,,,1,0,,,,,0,,,,,,,,,,,,,,,,,,,,,,,,,,,,,,,,,,,,,,
2016-001,2016-05-20 12:00:00,19.7,86.5,0,40.0,988.0,9.0,0.0,40.0,0.0,40.0,0.0,40.0,0.0,1,0,,,,,0,,,,,,,,,,,,,,,,,,,,,,,,,,,,,,,,,,,,,,
2016-001,2016-05-20 15:00:00,20.1,87.1,0,40.0,986.0,9.0,0.0,40.0,0.0,40.0,0.0,40.0,0.0,1,0,,,,,0,,,,,,,,,,,,,,,,,,,,,,,,,,,,,,,,,,,,,,
2016-001,2016-05-20 18:00:00,20.4,87.7,0,45.0,984.0,11.0,5.0,40.0,5.0,40.0,5.0,40.0,5.0,1,0,,,,,0,,,,,,,,,,,,,,,,,,,,,,,,,,,,,,,,,,,,,,
2016-001,2016-05-21 00:00:00,21.0,89.0,0,45.0,983.0,11.0,0.0,45.0,0.0,40.0,5.0,40.0,5.0,1,0,,,,,0,,,,,,,,,,,,,,,,,,,,,,,,,,,,,,,,,,,,,,
2016-005,2016-08-16 12:00:00,21.0,89.0,0,20.0,996.0,3.0,,,,20.0,0.0,,,1,0,,,,,0,,,,,,,,,,,,,,,,,,,,,,,,,,,,,,,,,,,,,,
2016-005,2016-08-16 18:00:00,21.2,88.7,0,20.0,996.0,3.0,0.0,20.0,0.0,,,,,1,0,,,,,0,,,,,,,,,,,,,,,,,,,,,,,,,,,,,,,,,,,,,,
2016-005,2016-08-17 03:00:00,21.5,88.5,0,20.0,996.0,3.0,,,,,,,,1,0,,,,,0,,,,,,,,,,,,,,,,,,,,,,,,,,,,,,,,,,,,,,
2016-005,2016-08-17 06:00:00,21.5,88.5,0,20.0,996.0,3.0,,,,20.0,0.0,,,1,0,,,,,0,,,,,,,,,,,,,,,,,,,,,,,,,,,,,,,,,,,,,,
2016-005,2016-08-17 12:00:00,22.0,88.2,0,25.0,994.0,4.0,5.0,20.0,5.0,,,20.0,5.0,1,0,,,,,0,,,,,,,,,,,,,,,,,,,,,,,,,,,,,,,,,,,,,,
2016-005,2016-08-17 18:00:00,22.9,86.9,0,25.0,994.0,4.0,0.0,25.0,0.0,20.0,5.0,20.0,5.0,1,0,,,,,0,,,,,,,,,,,,,,,,,,,,,,,,,,,,,,,,,,,,,,
2016-005,2016-08-18 00:00:00,23.7,85.7,0,25.0,994.0,4.0,0.0,25.0,0.0,25.0,0.0,,,1,0,,,,,0,,,,,,,,,,,,,,,,,,,,,,,,,,,,,,,,,,,,,,
2016-005,2016-08-18 03:00:00,24.0,85.0,0,25.0,994.0,4.0,,,,,,20.0,5.0,1,0,,,,,0,,,,,,,,,,,,,,,,,,,,,,,,,,,,,,,,,,,,,,
2016-005,2016-08-18 06:00:00,24.0,84.4,0,25.0,994.0,4.0,0.0,25.0,0.0,25.0,0.0,20.0,5.0,1,0,,,,,0,,,,,,,,,,,,,,,,,,,,,,,,,,,,,,,,,,,,,,
2016-005,2016-08-18 12:00:00,24.1,83.4,0,25.0,994.0,4.0,0.0,25.0,0.0,25.0,0.0,25.0,0.0,1,0,,,,,0,,,,,,,,,,,,,,,,,,,,,,,,,,,,,,,,,,,,,,
2016-005,2016-08-18 18:00:00,24.4,82.7,0,25.0,994.0,4.0,0.0,25.0,0.0,25.0,0.0,25.0,0.0,1,0,,,,,0,,,,,,,,,,,,,,,,,,,,,,,,,,,,,,,,,,,,,,
2016-005,2016-08-19 00:00:00,24.7,82.1,0,25.0,994.0,4.0,0.0,25.0,0.0,25.0,0.0,25.0,0.0,1,0,,,,,0,,,,,,,,,,,,,,,,,,,,,,,,,,,,,,,,,,,,,,
2016-005,2016-08-19 03:00:00,25.0,82.3,0,25.0,994.0,4.0,,,,,,25.0,0.0,1,0,,,,,0,,,,,,,,,,,,,,,,,,,,,,,,,,,,,,,,,,,,,,
2016-005,2016-08-19 06:00:00,24.8,80.6,0,25.0,994.0,4.0,0.0,25.0,0.0,25.0,0.0,25.0,0.0,1,0,,,,,0,,,,,,,,,,,,,,,,,,,,,,,,,,,,,,,,,,,,,,
2016-005,2016-08-19 12:00:00,24.7,79.0,0,25.0,994.0,4.0,0.0,25.0,0.0,25.0,0.0,25.0,0.0,1,0,,,,,0,,,,,,,,,,,,,,,,,,,,,,,,,,,,,,,,,,,,,,
2016-005,2016-08-19 18:00:00,24.7,78.4,0,25.0,994.0,4.0,0.0,25.0,0.0,25.0,0.0,25.0,0.0,1,0,,,,,0,,,,,,,,,,,,,,,,,,,,,,,,,,,,,,,,,,,,,,
2016-006,2016-10-21 00:00:00,13.5,88.5,0,25.0,1003.0,3.0,,,,,,,,1,0,,,,,0,,,,,,,,,,,,,,,,,,,,,,,,,,,,,,,,,,,,,,
2016-006,2016-10-21 03:00:00,13.6,88.8,0,25.0,1003.0,3.0,,,,,,,,1,0,,,,,0,,,,,,,,,,,,,,,,,,,,,,,,,,,,,,,,,,,,,,
2016-006,2016-10-21 06:00:00,13.7,89.3,0,25.0,1003.0,3.0,0.0,25.0,0.0,,,,,1,0,,,,,0,,,,,,,,,,,,,,,,,,,,,,,,,,,,,,,,,,,,,,
2016-006,2016-10-21 12:00:00,13.9,89.8,0,25.0,1003.0,3.0,0.0,25.0,0.0,25.0,0.0,,,1,0,,,,,0,,,,,,,,,,,,,,,,,,,,,,,,,,,,,,,,,,,,,,
2016-006,2016-10-21 18:00:00,13.9,89.9,0,25.0,1003.0,3.0,0.0,25.0,0.0,25.0,0.0,,,1,0,,,,,0,,,,,,,,,,,,,,,,,,,,,,,,,,,,,,,,,,,,,,
2016-006,2016-10-22 00:00:00,13.9,90.0,0,25.0,1002.0,4.0,0.0,25.0,0.0,25.0,0.0,25.0,0.0,1,0,,,,,0,,,,,,,,,,,,,,,,,,,,,,,,,,,,,,,,,,,,,,
2016-006,2016-10-22 03:00:00,14.0,90.5,0,25.0,1002.0,4.0,,,,,,25.0,0.0,1,0,,,,,0,,,,,,,,,,,,,,,,,,,,,,,,,,,,,,,,,,,,,,
2016-006,2016-10-22 06:00:00,14.5,91.3,0,25.0,1002.0,4.0,0.0,25.0,0.0,25.0,0.0,25.0,0.0,1,0,,,,,0,,,,,,,,,,,,,,,,,,,,,,,,,,,,,,,,,,,,,,
2016-006,2016-10-22 12:00:00,14.9,92.0,0,25.0,1002.0,4.0,0.0,25.0,0.0,25.0,0.0,25.0,0.0,1,0,,,,,0,,,,,,,,,,,,,,,,,,,,,,,,,,,,,,,,,,,,,,
2016-006,2016-10-22 18:00:00,15.2,92.5,0,25.0,1002.0,4.0,0.0,25.0,0.0,25.0,0.0,25.0,0.0,1,0,,,,,0,,,,,,,,,,,,,,,,,,,,,,,,,,,,,,,,,,,,,,
2016-006,2016-10-23 00:00:00,15.5,93.0,0,25.0,1002.0,4.0,0.0,25.0,0.0,25.0,0.0,25.0,0.0,1,0,,,,,0,,,,,,,,,,,,,,,,,,,,,,,,,,,,,,,,,,,,,,
2016-006,2016-10-23 03:00:00,15.5,93.0,0,30.0,1000.0,5.0,,,,,,25.0,5.0,1,0,,,,,0,,,,,,,,,,,,,,,,,,,,,,,,,,,,,,,,,,,,,,
2016-006,2016-10-23 06:00:00,15.5,93.0,0,30.0,1000.0,5.0,5.0,25.0,5.0,25.0,5.0,25.0,5.0,1,0,,,,,0,,,,,,,,,,,,,,,,,,,,,,,,,,,,,,,,,,,,,,
2016-006,2016-10-23 12:00:00,15.7,93.1,0,30.0,1000.0,5.0,0.0,30.0,0.0,25.0,5.0,25.0,5.0,1,0,,,,,0,,,,,,,,,,,,,,,,,,,,,,,,,,,,,,,,,,,,,,
2016-006,2016-10-23 18:00:00,16.0,93.2,0,30.0,1000.0,5.0,0.0,30.0,0.0,30.0,0.0,25.0,5.0,1,0,,,,,0,,,,,,,,,,,,,,,,,,,,,,,,,,,,,,,,,,,,,,
2016-006,2016-10-24 00:00:00,16.4,93.2,0,30.0,1000.0,5.0,0.0,30.0,0.0,30.0,0.0,25.0,5.0,1,0,,,,,0,,,,,,,,,,,,,,,,,,,,,,,,,,,,,,,,,,,,,,
2016-006,2016-10-24 03:00:00,16.4,93.2,0,30.0,1000.0,5.0,,,,,,30.0,0.0,1,0,,,,,0,,,,,,,,,,,,,,,,,,,,,,,,,,,,,,,,,,,,,,
2016-006,2016-10-24 06:00:00,16.5,93.1,0,30.0,1000.0,5.0,0.0,30.0,0.0,30.0,0.0,30.0,0.0,1,0,,,,,0,,,,,,,,,,,,,,,,,,,,,,,,,,,,,,,,,,,,,,
2016-006,2016-10-24 12:00:00,16.7,92.7,0,30.0,1000.0,5.0,0.0,30.0,0.0,30.0,0.0,30.0,0.0,1,0,,,,,0,,,,,,,,,,,,,,,,,,,,,,,,,,,,,,,,,,,,,,
2016-006,2016-10-24 18:00:00,16.8,92.3,0,30.0,1000.0,5.0,0.0,30.0,0.0,30.0,0.0,30.0,0.0,1,0,,,,,0,,,,,,,,,,,,,,,,,,,,,,,,,,,,,,,,,,,,,,
2016-006,2016-10-25 00:00:00,16.9,91.7,0,30.0,1000.0,5.0,0.0,30.0,0.0,30.0,0.0,30.0,0.0,1,0,,,,,0,,,,,,,,,,,,,,,,,,,,,,,,,,,,,,,,,,,,,,
2016-006,2016-10-25 03:00:00,17.0,91.2,0,35.0,998.0,6.0,,,,,,30.0,5.0,1,0,,,,,0,,,,,,,,,,,,,,,,,,,,,,,,,,,,,,,,,,,,,,
2016-006,2016-10-25 06:00:00,17.0,90.9,0,35.0,998.0,6.0,5.0,30.0,5.0,30.0,5.0,30.0,5.0,1,0,,,,,0,,,,,,,,,,,,,,,,,,,,,,,,,,,,,,,,,,,,,,
2016-006,2016-10-25 09:00:00,16.8,90.6,0,35.0,998.0,6.0,0.0,35.0,0.0,,,,,1,0,,,,,0,,,,,,,,,,,,,,,,,,,,,,,,,,,,,,,,,,,,,,
2016-006,2016-10-25 12:00:00,16.9,90.5,0,35.0,998.0,6.0,0.0,35.0,0.0,30.0,5.0,30.0,5.0,1,0,,,,,0,,,,,,,,,,,,,,,,,,,,,,,,,,,,,,,,,,,,,,
2016-006,2016-10-25 15:00:00,16.7,90.2,0,35.0,998.0,6.0,0.0,35.0,0.0,35.0,0.0,,,1,0,,,,,0,,,,,,,,,,,,,,,,,,,,,,,,,,,,,,,,,,,,,,
2016-006,2016-10-25 18:00:00,16.7,89.8,0,35.0,998.0,6.0,0.0,35.0,0.0,35.0,0.0,30.0,5.0,1,0,,,,,0,,,,,,,,,,,,,,,,,,,,,,,,,,,,,,,,,,,,,,
2016-006,2016-10-25 21:00:00,16.5,89.6,0,35.0,997.0,7.0,0.0,35.0,0.0,35.0,0.0,,,1,0,,,,,0,,,,,,,,,,,,,,,,,,,,,,,,,,,,,,,,,,,,,,
2016-006,2016-10-26 00:00:00,16.6,89.0,0,40.0,996.0,8.0,5.0,35.0,5.0,35.0,5.0,30.0,10.0,1,0,,,,,0,,,,,,,,,,,,,,,,,,,,,,,,,,,,,,,,,,,,,,
2016-006,2016-10-26 03:00:00,16.6,88.5,0,40.0,996.0,8.0,5.0,35.0,5.0,35.0,5.0,35.0,5.0,1,0,,,,,0,,,,,,,,,,,,,,,,,,,,,,,,,,,,,,,,,,,,,,
2016-006,2016-10-26 06:00:00,16.5,88.0,0,40.0,996.0,8.0,0.0,40.0,0.0,35.0,5.0,35.0,5.0,1,0,,,,,0,,,,,,,,,,,,,,,,,,,,,,,,,,,,,,,,,,,,,,
2016-006,2016-10-26 12:00:00,16.3,87.0,0,40.0,996.0,8.0,0.0,40.0,0.0,40.0,0.0,35.0,5.0,1,0,,,,,0,,,,,,,,,,,,,,,,,,,,,,,,,,,,,,,,,,,,,,
2016-006,2016-10-26 18:00:00,16.1,86.4,0,35.0,998.0,6.0,-5.0,40.0,-5.0,40.0,-5.0,35.0,0.0,1,0,,,,,0,,,,,,,,,,,,,,,,,,,,,,,,,,,,,,,,,,,,,,
2016-007,2016-11-02 18:00:00,12.7,88.0,0,25.0,1004.0,4.0,,,,,,,,1,0,,,,,0,,,,,,,,,,,,,,,,,,,,,,,,,,,,,,,,,,,,,,
2016-007,2016-11-03 00:00:00,13.0,87.0,0,25.0,1004.0,4.0,0.0,25.0,0.0,,,,,1,0,,,,,0,,,,,,,,,,,,,,,,,,,,,,,,,,,,,,,,,,,,,,
2016-007,2016-11-03 03:00:00,13.4,86.5,0,25.0,1004.0,4.0,,,,,,,,1,0,,,,,0,,,,,,,,,,,,,,,,,,,,,,,,,,,,,,,,,,,,,,
2016-007,2016-11-03 06:00:00,13.7,86.0,0,25.0,1004.0,4.0,0.0,25.0,0.0,25.0,0.0,,,1,0,,,,,0,,,,,,,,,,,,,,,,,,,,,,,,,,,,,,,,,,,,,,
2016-007,2016-11-03 12:00:00,14.2,85.5,0,25.0,1004.0,4.0,0.0,25.0,0.0,25.0,0.0,,,1,0,,,,,0,,,,,,,,,,,,,,,,,,,,,,,,,,,,,,,,,,,,,,
2016-007,2016-11-03 18:00:00,14.6,85.0,0,25.0,1004.0,4.0,0.0,25.0,0.0,25.0,0.0,25.0,0.0,1,0,,,,,0,,,,,,,,,,,,,,,,,,,,,,,,,,,,,,,,,,,,,,
2016-007,2016-11-04 00:00:00,15.5,84.8,0,25.0,1002.0,4.0,0.0,25.0,0.0,25.0,0.0,25.0,0.0,1,0,,,,,0,,,,,,,,,,,,,,,,,,,,,,,,,,,,,,,,,,,,,,
2016-007,2016-11-04 03:00:00,16.0,84.7,0,25.0,1002.0,4.0,,,,,,25.0,0.0,1,0,,,,,0,,,,,,,,,,,,,,,,,,,,,,,,,,,,,,,,,,,,,,
2016-007,2016-11-04 06:00:00,16.0,84.7,0,25.0,1000.0,4.0,0.0,25.0,0.0,25.0,0.0,25.0,0.0,1,0,,,,,0,,,,,,,,,,,,,,,,,,,,,,,,,,,,,,,,,,,,,,
2016-007,2016-11-04 12:00:00,16.3,84.7,0,25.0,1000.0,4.0,0.0,25.0,0.0,25.0,0.0,25.0,0.0,1,0,,,,,0,,,,,,,,,,,,,,,,,,,,,,,,,,,,,,,,,,,,,,
2016-007,2016-11-04 18:00:00,16.9,85.0,0,25.0,1000.0,4.0,0.0,25.0,0.0,25.0,0.0,25.0,0.0,1,0,,,,,0,,,,,,,,,,,,,,,,,,,,,,,,,,,,,,,,,,,,,,
2016-007,2016-11-05 00:00:00,17.7,86.0,0,25.0,1000.0,4.0,0.0,25.0,0.0,25.0,0.0,25.0,0.0,1,0,,,,,0,,,,,,,,,,,,,,,,,,,,,,,,,,,,,,,,,,,,,,
2016-007,2016-11-05 03:00:00,18.3,87.0,0,25.0,1000.0,4.0,,,,,,25.0,0.0,1,0,,,,,0,,,,,,,,,,,,,,,,,,,,,,,,,,,,,,,,,,,,,,
2016-007,2016-11-05 06:00:00,18.5,87.0,0,25.0,1000.0,4.0,0.0,25.0,0.0,25.0,0.0,25.0,0.0,1,0,,,,,0,,,,,,,,,,,,,,,,,,,,,,,,,,,,,,,,,,,,,,
2016-008,2016-11-29 12:00:00,6.5,87.5,0,25.0,1004.0,2.0,,,,,,,,1,0,,,,,0,,,,,,,,,,,,,,,,,,,,,,,,,,,,,,,,,,,,,,
2016-008,2016-11-29 18:00:00,7.2,86.7,0,25.0,1003.0,2.0,0.0,25.0,0.0,,,,,1,0,,,,,0,,,,,,,,,,,,,,,,,,,,,,,,,,,,,,,,,,,,,,
2016-008,2016-11-30 00:00:00,7.8,85.7,0,30.0,1002.0,3.0,5.0,25.0,5.0,25.0,5.0,,,1,0,,,,,0,,,,,,,,,,,,,,,,,,,,,,,,,,,,,,,,,,,,,,
2016-008,2016-11-30 03:00:00,8.2,85.3,0,35.0,1002.0,4.0,,,,,,,,1,0,,,,,0,,,,,,,,,,,,,,,,,,,,,,,,,,,,,,,,,,,,,,
2016-008,2016-11-30 06:00:00,8.7,85.0,0,35.0,1002.0,4.0,5.0,30.0,5.0,25.0,10.0,,,1,0,,,,,0,,,,,,,,,,,,,,,,,,,,,,,,,,,,,,,,,,,,,,
2016-008,2016-11-30 12:00:00,9.8,84.0,0,40.0,1000.0,4.0,5.0,35.0,5.0,30.0,10.0,25.0,15.0,1,0,,,,,0,,,,,,,,,,,,,,,,,,,,,,,,,,,,,,,,,,,,,,
2016-008,2016-11-30 18:00:00,10.3,83.0,0,40.0,1000.0,4.0,0.0,40.0,0.0,35.0,5.0,25.0,15.0,1,0,,,,,0,,,,,,,,,,,,,,,,,,,,,,,,,,,,,,,,,,,,,,
2016-008,2016-12-01 00:00:00,10.4,81.8,0,35.0,1000.0,4.0,-5.0,40.0,-5.0,40.0,-5.0,30.0,5.0,1,0,,,,,0,,,,,,,,,,,,,,,,,,,,,,,,,,,,,,,,,,,,,,
2016-009,2016-12-06 12:00:00,8.5,90.5,0,25.0,1002.0,3.0,,,,,,,,1,0,,,,,0,,,,,,,,,,,,,,,,,,,,,,,,,,,,,,,,,,,,,,
2016-009,2016-12-06 18:00:00,9.5,90.5,0,25.0,1002.0,3.0,0.0,25.0,0.0,,,,,1,0,,,,,0,,,,,,,,,,,,,,,,,,,,,,,,,,,,,,,,,,,,,,
2016-009,2016-12-07 00:00:00,9.8,90.5,0,25.0,1002.0,4.0,0.0,25.0,0.0,25.0,0.0,,,1,0,,,,,0,,,,,,,,,,,,,,,,,,,,,,,,,,,,,,,,,,,,,,
2016-009,2016-12-07 03:00:00,9.8,90.5,0,25.0,1002.0,4.0,,,,,,,,1,0,,,,,0,,,,,,,,,,,,,,,,,,,,,,,,,,,,,,,,,,,,,,
2016-009,2016-12-07 06:00:00,9.8,90.5,0,25.0,1002.0,4.0,0.0,25.0,0.0,25.0,0.0,,,1,0,,,,,0,,,,,,,,,,,,,,,,,,,,,,,,,,,,,,,,,,,,,,
2016-009,2016-12-07 12:00:00,10.0,90.5,0,25.0,1002.0,4.0,0.0,25.0,0.0,25.0,0.0,25.0,0.0,1,0,,,,,0,,,,,,,,,,,,,,,,,,,,,,,,,,,,,,,,,,,,,,
2016-009,2016-12-07 18:00:00,10.8,90.5,0,30.0,1000.0,5.0,5.0,25.0,5.0,25.0,5.0,25.0,5.0,1,0,,,,,0,,,,,,,,,,,,,,,,,,,,,,,,,,,,,,,,,,,,,,
2016-009,2016-12-08 00:00:00,11.2,90.5,0,35.0,998.0,6.0,5.0,30.0,5.0,25.0,10.0,25.0,10.0,1,0,,,,,0,,,,,,,,,,,,,,,,,,,,,,,,,,,,,,,,,,,,,,
2016-009,2016-12-08 03:00:00,11.5,90.5,0,35.0,998.0,7.0,,,,,,25.0,10.0,1,0,,,,,0,,,,,,,,,,,,,,,,,,,,,,,,,,,,,,,,,,,,,,
2016-009,2016-12-08 06:00:00,11.5,90.5,0,35.0,998.0,7.0,0.0,35.0,0.0,30.0,5.0,25.0,10.0,1,0,,,,,0,,,,,,,,,,,,,,,,,,,,,,,,,,,,,,,,,,,,,,
2016-009,2016-12-08 09:00:00,11.5,90.5,0,35.0,998.0,7.0,0.0,35.0,0.0,,,,,1,0,,,,,0,,,,,,,,,,,,,,,,,,,,,,,,,,,,,,,,,,,,,,
2016-009,2016-12-08 12:00:00,11.7,90.5,0,40.0,997.0,8.0,5.0,35.0,5.0,35.0,5.0,25.0,15.0,1,0,,,,,0,,,,,,,,,,,,,,,,,,,,,,,,,,,,,,,,,,,,,,
2016-009,2016-12-08 15:00:00,11.7,90.5,0,40.0,997.0,8.0,5.0,35.0,5.0,35.0,5.0,,,1,0,,,,,0,,,,,,,,,,,,,,,,,,,,,,,,,,,,,,,,,,,,,,
2016-009,2016-12-08 18:00:00,11.8,90.5,0,40.0,997.0,8.0,0.0,40.0,0.0,35.0,5.0,30.0,10.0,1,0,,,,,0,,,,,,,,,,,,,,,,,,,,,,,,,,,,,,,,,,,,,,
2016-009,2016-12-08 21:00:00,12.0,90.5,0,40.0,997.0,8.0,0.0,40.0,0.0,35.0,5.0,,,1,0,,,,,0,,,,,,,,,,,,,,,,,,,,,,,,,,,,,,,,,,,,,,
2016-009,2016-12-09 00:00:00,12.0,90.4,0,45.0,996.0,10.0,5.0,40.0,5.0,40.0,5.0,35.0,10.0,1,0,,,,,0,,,,,,,,,,,,,,,,,,,,,,,,,,,,,,,,,,,,,,
2016-009,2016-12-09 03:00:00,12.1,90.4,0,45.0,996.0,10.0,5.0,40.0,5.0,40.0,5.0,35.0,10.0,1,0,,,,,0,,,,,,,,,,,,,,,,,,,,,,,,,,,,,,,,,,,,,,
2016-009,2016-12-09 06:00:00,12.1,90.3,0,45.0,996.0,10.0,0.0,45.0,0.0,40.0,5.0,35.0,10.0,1,0,,,,,0,,,,,,,,,,,,,,,,,,,,,,,,,,,,,,,,,,,,,,
2016-009,2016-12-09 09:00:00,12.2,90.3,0,45.0,996.0,10.0,0.0,45.0,0.0,40.0,5.0,35.0,10.0,1,0,,,,,0,,,,,,,,,,,,,,,,,,,,,,,,,,,,,,,,,,,,,,
2016-009,2016-12-09 12:00:00,12.2,90.0,0,45.0,996.0,10.0,0.0,45.0,0.0,45.0,0.0,40.0,5.0,1,0,,,,,0,,,,,,,,,,,,,,,,,,,,,,,,,,,,,,,,,,,,,,
2016-009,2016-12-09 15:00:00,12.2,89.9,0,45.0,994.0,12.0,0.0,45.0,0.0,45.0,0.0,40.0,5.0,1,0,,,,,0,,,,,,,,,,,,,,,,,,,,,,,,,,,,,,,,,,,,,,
2016-009,2016-12-09 18:00:00,12.3,89.6,0,50.0,992.0,14.0,5.0,45.0,5.0,45.0,5.0,40.0,10.0,1,0,,,,,0,,,,,,,,,,,,,,,,,,,,,,,,,,,,,,,,,,,,,,
2016-009,2016-12-09 21:00:00,12.5,89.0,0,55.0,990.0,16.0,10.0,45.0,10.0,45.0,10.0,40.0,15.0,1,0,,,,,0,,,,,,,,,,,,,,,,,,,,,,,,,,,,,,,,,,,,,,
2016-009,2016-12-10 00:00:00,12.6,88.4,0,55.0,990.0,16.0,5.0,50.0,5.0,45.0,10.0,45.0,10.0,1,0,,,,,0,,,,,,,,,,,,,,,,,,,,,,,,,,,,,,,,,,,,,,
2016-009,2016-12-10 03:00:00,12.7,88.0,0,55.0,990.0,16.0,0.0,55.0,0.0,45.0,10.0,45.0,10.0,1,0,,,,,0,,,,,,,,,,,,,,,,,,,,,,,,,,,,,,,,,,,,,,
2016-009,2016-12-10 06:00:00,13.0,87.4,0,55.0,990.0,16.0,0.0,55.0,0.0,50.0,5.0,45.0,10.0,1,0,,,,,0,,,,,,,,,,,,,,,,,,,,,,,,,,,,,,,,,,,,,,
2016-009,2016-12-10 09:00:00,13.1,86.8,0,60.0,988.0,18.0,5.0,55.0,5.0,55.0,5.0,45.0,15.0,1,0,,,,,0,,,,,,,,,,,,,,,,,,,,,,,,,,,,,,,,,,,,,,
2016-009,2016-12-10 12:00:00,13.2,86.4,0,65.0,984.0,22.0,10.0,55.0,10.0,55.0,10.0,45.0,20.0,1,0,,,,,0,,,,,,,,,,,,,,,,,,,,,,,,,,,,,,,,,,,,,,
2016-009,2016-12-10 15:00:00,13.3,85.9,0,65.0,984.0,22.0,5.0,60.0,5.0,55.0,10.0,45.0,20.0,1,0,,,,,0,,,,,,,,,,,,,,,,,,,,,,,,,,,,,,,,,,,,,,
2016-009,2016-12-10 18:00:00,13.3,85.3,0,65.0,984.0,22.0,0.0,65.0,0.0,55.0,10.0,50.0,15.0,1,0,,,,,0,,,,,,,,,,,,,,,,,,,,,,,,,,,,,,,,,,,,,,
2016-009,2016-12-10 21:00:00,13.3,85.0,0,65.0,982.0,22.0,0.0,65.0,0.0,60.0,5.0,55.0,10.0,1,0,,,,,0,,,,,,,,,,,,,,,,,,,,,,,,,,,,,,,,,,,,,,
2016-009,2016-12-11 00:00:00,13.3,84.7,0,70.0,980.0,24.0,5.0,65.0,5.0,65.0,5.0,55.0,15.0,1,0,,,,,0,,,,,,,,,,,,,,,,,,,,,,,,,,,,,,,,,,,,,,
2016-009,2016-12-11 03:00:00,13.1,84.3,0,70.0,980.0,24.0,5.0,65.0,5.0,65.0,5.0,55.0,15.0,1,0,,,,,0,,,,,,,,,,,,,,,,,,,,,,,,,,,,,,,,,,,,,,
2016-009,2016-12-11 06:00:00,13.1,83.7,0,70.0,980.0,24.0,0.0,70.0,0.0,65.0,5.0,55.0,15.0,1,0,,,,,0,,,,,,,,,,,,,,,,,,,,,,,,,,,,,,,,,,,,,,
2016-009,2016-12-11 09:00:00,13.1,83.3,0,70.0,980.0,24.0,0.0,70.0,0.0,65.0,5.0,60.0,10.0,1,0,,,,,0,,,,,,,,,,,,,,,,,,,,,,,,,,,,,,,,,,,,,,
2016-009,2016-12-11 12:00:00,13.3,83.0,0,70.0,980.0,24.0,0.0,70.0,0.0,70.0,0.0,65.0,5.0,1,0,,,,,0,,,,,,,,,,,,,,,,,,,,,,,,,,,,,,,,,,,,,,
2016-009,2016-12-11 15:00:00,13.3,82.5,0,70.0,980.0,24.0,0.0,70.0,0.0,70.0,0.0,65.0,5.0,1,0,,,,,0,,,,,,,,,,,,,,,,,,,,,,,,,,,,,,,,,,,,,,
2016-009,2016-12-11 18:00:00,13.1,82.3,0,70.0,980.0,24.0,0.0,70.0,0.0,70.0,0.0,65.0,5.0,1,0,,,,,0,,,,,,,,,,,,,,,,,,,,,,,,,,,,,,,,,,,,,,
2016-009,2016-12-12 00:00:00,13.2,81.6,0,70.0,975.0,26.0,0.0,70.0,0.0,70.0,0.0,70.0,0.0,1,0,,,,,0,,,,,,,,,,,,,,,,,,,,,,,,,,,,,,,,,,,,,,
2017-001,2017-04-15 00:00:00,12.0,88.0,0,25.0,1001.0,3.0,,,,,,,,1,0,,,,,0,,,,,,,,,,,,,,,,,,,,,,,,,,,,,,,,,,,,,,
2017-001,2017-04-15 03:00:00,12.5,88.3,0,25.0,1001.0,3.0,,,,,,,,1,0,,,,,0,,,,,,,,,,,,,,,,,,,,,,,,,,,,,,,,,,,,,,
2017-001,2017-04-15 06:00:00,13.2,89.0,0,25.0,1000.0,4.0,0.0,25.0,0.0,,,,,1,0,,,,,0,,,,,,,,,,,,,,,,,,,,,,,,,,,,,,,,,,,,,,
2017-001,2017-04-15 09:00:00,13.7,89.5,0,30.0,999.0,5.0,5.0,25.0,5.0,,,,,1,0,,,,,0,,,,,,,,,,,,,,,,,,,,,,,,,,,,,,,,,,,,,,
2017-001,2017-04-15 12:00:00,14.3,90.1,0,30.0,999.0,5.0,5.0,25.0,5.0,25.0,5.0,,,1,0,,,,,0,,,,,,,,,,,,,,,,,,,,,,,,,,,,,,,,,,,,,,
2017-001,2017-04-15 18:00:00,15.3,91.0,0,35.0,998.0,6.0,5.0,30.0,5.0,25.0,10.0,,,1,0,,,,,0,,,,,,,,,,,,,,,,,,,,,,,,,,,,,,,,,,,,,,
2017-001,2017-04-15 21:00:00,15.5,91.2,0,40.0,996.0,8.0,,,,30.0,10.0,,,1,0,,,,,0,,,,,,,,,,,,,,,,,,,,,,,,,,,,,,,,,,,,,,
2017-001,2017-04-16 00:00:00,16.2,92.0,0,40.0,996.0,8.0,5.0,35.0,5.0,30.0,10.0,25.0,15.0,1,0,,,,,0,,,,,,,,,,,,,,,,,,,,,,,,,,,,,,,,,,,,,,
2017-002,2017-05-28 00:00:00,14.0,88.5,0,25.0,998.0,3.0,,,,,,,,1,0,,,,,0,,,,,,,,,,,,,,,,,,,,,,,,,,,,,,,,,,,,,,
2017-002,2017-05-28 03:00:00,14.5,89.5,0,25.0,998.0,3.0,,,,,,,,1,0,,,,,0,,,,,,,,,,,,,,,,,,,,,,,,,,,,,,,,,,,,,,
2017-002,2017-05-28 06:00:00,15.0,90.0,0,25.0,997.0,3.0,0.0,25.0,0.0,,,,,1,0,,,,,0,,,,,,,,,,,,,,,,,,,,,,,,,,,,,,,,,,,,,,
2017-002,2017-05-28 09:00:00,15.4,90.5,0,30.0,996.0,4.0,5.0,25.0,5.0,,,,,1,0,,,,,0,,,,,,,,,,,,,,,,,,,,,,,,,,,,,,,,,,,,,,
2017-002,2017-05-28 12:00:00,15.7,90.7,0,30.0,995.0,5.0,5.0,25.0,5.0,25.0,5.0,,,1,0,,,,,0,,,,,,,,,,,,,,,,,,,,,,,,,,,,,,,,,,,,,,
2017-002,2017-05-28 15:00:00,16.0,91.0,0,35.0,994.0,6.0,5.0,30.0,5.0,25.0,10.0,,,1,0,,,,,0,,,,,,,,,,,,,,,,,,,,,,,,,,,,,,,,,,,,,,
2017-002,2017-05-28 18:00:00,16.3,91.2,0,35.0,994.0,6.0,5.0,30.0,5.0,25.0,10.0,,,1,0,,,,,0,,,,,,,,,,,,,,,,,,,,,,,,,,,,,,,,,,,,,,
2017-002,2017-05-28 21:00:00,16.6,91.3,0,40.0,992.0,8.0,5.0,35.0,5.0,30.0,10.0,,,1,0,,,,,0,,,,,,,,,,,,,,,,,,,,,,,,,,,,,,,,,,,,,,
2017-002,2017-05-29 00:00:00,17.0,91.3,0,45.0,990.0,10.0,10.0,35.0,10.0,30.0,15.0,25.0,20.0,1,0,,,,,0,,,,,,,,,,,,,,,,,,,,,,,,,,,,,,,,,,,,,,
2017-002,2017-05-29 03:00:00,17.3,91.3,0,45.0,990.0,10.0,5.0,40.0,5.0,35.0,10.0,25.0,20.0,1,0,,,,,0,,,,,,,,,,,,,,,,,,,,,,,,,,,,,,,,,,,,,,
2017-002,2017-05-29 06:00:00,17.8,91.4,0,45.0,988.0,10.0,0.0,45.0,0.0,35.0,10.0,25.0,20.0,1,0,,,,,0,,,,,,,,,,,,,,,,,,,,,,,,,,,,,,,,,,,,,,
2017-002,2017-05-29 09:00:00,18.3,91.5,0,45.0,986.0,11.0,0.0,45.0,0.0,40.0,5.0,30.0,15.0,1,0,,,,,0,,,,,,,,,,,,,,,,,,,,,,,,,,,,,,,,,,,,,,
2017-002,2017-05-29 12:00:00,18.6,91.5,0,50.0,984.0,12.0,5.0,45.0,5.0,45.0,5.0,30.0,20.0,1,0,,,,,0,,,,,,,,,,,,,,,,,,,,,,,,,,,,,,,,,,,,,,
2017-002,2017-05-29 18:00:00,20.0,91.6,0,55.0,980.0,16.0,5.0,50.0,5.0,45.0,10.0,35.0,20.0,1,0,,,,,0,,,,,,,,,,,,,,,,,,,,,,,,,,,,,,,,,,,,,,
2017-003,2017-06-11 12:00:00,20.5,89.5,0,25.0,990.0,4.0,,,,,,,,1,0,,,,,0,,,,,,,,,,,,,,,,,,,,,,,,,,,,,,,,,,,,,,
2017-003,2017-06-11 18:00:00,21.5,90.0,0,25.0,988.0,6.0,0.0,25.0,0.0,,,,,1,0,,,,,0,,,,,,,,,,,,,,,,,,,,,,,,,,,,,,,,,,,,,,
2017-004,2017-07-18 00:00:00,19.0,86.0,0,25.0,992.0,4.0,,,,,,,,1,0,,,,,0,,,,,,,,,,,,,,,,,,,,,,,,,,,,,,,,,,,,,,
2017-006,2017-10-09 00:00:00,22.4,88.4,0,25.0,996.0,4.0,,,,,,,,1,0,,,,,0,,,,,,,,,,,,,,,,,,,,,,,,,,,,,,,,,,,,,,
2017-006,2017-10-09 03:00:00,22.5,88.4,0,30.0,996.0,5.0,,,,,,,,1,0,,,,,0,,,,,,,,,,,,,,,,,,,,,,,,,,,,,,,,,,,,,,
2017-006,2017-10-09 06:00:00,22.6,88.3,0,30.0,996.0,5.0,5.0,25.0,5.0,,,,,1,0,,,,,0,,,,,,,,,,,,,,,,,,,,,,,,,,,,,,,,,,,,,,
2017-007,2017-10-19 00:00:00,16.5,86.5,0,25.0,999.0,3.0,,,,,,,,1,0,,,,,0,,,,,,,,,,,,,,,,,,,,,,,,,,,,,,,,,,,,,,
2017-007,2017-10-19 03:00:00,16.8,86.5,0,25.0,998.0,4.0,,,,,,,,1,0,,,,,0,,,,,,,,,,,,,,,,,,,,,,,,,,,,,,,,,,,,,,
2017-007,2017-10-19 06:00:00,17.3,86.3,0,25.0,998.0,4.0,0.0,25.0,0.0,,,,,1,0,,,,,0,,,,,,,,,,,,,,,,,,,,,,,,,,,,,,,,,,,,,,
2017-007,2017-10-19 12:00:00,20.0,86.5,0,25.0,998.0,4.0,0.0,25.0,0.0,25.0,0.0,,,1,0,,,,,0,,,,,,,,,,,,,,,,,,,,,,,,,,,,,,,,,,,,,,
2017-008,2017-11-15 03:00:00,15.0,83.0,0,25.0,1004.0,4.0,,,,,,,,1,0,,,,,0,,,,,,,,,,,,,,,,,,,,,,,,,,,,,,,,,,,,,,
2017-008,2017-11-15 06:00:00,15.5,83.0,0,25.0,1004.0,4.0,,,,,,,,1,0,,,,,0,,,,,,,,,,,,,,,,,,,,,,,,,,,,,,,,,,,,,,
2017-008,2017-11-15 12:00:00,16.2,83.3,0,25.0,1001.0,4.0,0.0,25.0,0.0,,,,,1,0,,,,,0,,,,,,,,,,,,,,,,,,,,,,,,,,,,,,,,,,,,,,
2017-008,2017-11-15 18:00:00,17.0,83.8,0,25.0,1002.0,4.0,0.0,25.0,0.0,25.0,0.0,,,1,0,,,,,0,,,,,,,,,,,,,,,,,,,,,,,,,,,,,,,,,,,,,,
2017-008,2017-11-16 00:00:00,17.5,84.1,0,25.0,1004.0,4.0,0.0,25.0,0.0,25.0,0.0,,,1,0,,,,,0,,,,,,,,,,,,,,,,,,,,,,,,,,,,,,,,,,,,,,
2017-008,2017-11-16 03:00:00,17.7,84.3,0,25.0,1004.0,4.0,,,,,,25.0,0.0,1,0,,,,,0,,,,,,,,,,,,,,,,,,,,,,,,,,,,,,,,,,,,,,
2017-009,2017-11-29 03:00:00,6.5,81.8,0,25.0,1004.0,3.0,,,,,,,,1,0,,,,,0,,,,,,,,,,,,,,,,,,,,,,,,,,,,,,,,,,,,,,
2017-009,2017-11-29 06:00:00,6.5,80.4,0,25.0,1004.0,4.0,,,,,,,,1,0,,,,,0,,,,,,,,,,,,,,,,,,,,,,,,,,,,,,,,,,,,,,
2017-009,2017-11-29 12:00:00,6.2,80.0,0,25.0,1002.0,4.0,0.0,25.0,0.0,,,,,1,0,,,,,0,,,,,,,,,,,,,,,,,,,,,,,,,,,,,,,,,,,,,,
2017-009,2017-11-29 18:00:00,6.3,79.2,0,25.0,1002.0,4.0,0.0,25.0,0.0,25.0,0.0,,,1,0,,,,,0,,,,,,,,,,,,,,,,,,,,,,,,,,,,,,,,,,,,,,
2017-009,2017-11-29 21:00:00,6.5,78.6,0,30.0,1001.0,5.0,,,,,,,,1,0,,,,,0,,,,,,,,,,,,,,,,,,,,,,,,,,,,,,,,,,,,,,
2017-009,2017-11-30 00:00:00,6.7,78.3,0,30.0,1000.0,6.0,5.0,25.0,5.0,25.0,5.0,,,1,0,,,,,0,,,,,,,,,,,,,,,,,,,,,,,,,,,,,,,,,,,,,,
2017-009,2017-11-30 03:00:00,7.5,77.5,0,35.0,999.0,7.0,5.0,30.0,5.0,,,25.0,10.0,1,0,,,,,0,,,,,,,,,,,,,,,,,,,,,,,,,,,,,,,,,,,,,,
2017-009,2017-11-30 06:00:00,7.8,76.9,0,40.0,998.0,8.0,10.0,30.0,10.0,25.0,15.0,25.0,15.0,1,0,,,,,0,,,,,,,,,,,,,,,,,,,,,,,,,,,,,,,,,,,,,,
2017-009,2017-11-30 09:00:00,7.9,76.4,0,45.0,996.0,10.0,10.0,35.0,10.0,30.0,15.0,,,1,0,,,,,0,,,,,,,,,,,,,,,,,,,,,,,,,,,,,,,,,,,,,,
2017-009,2017-11-30 12:00:00,8.2,75.8,0,45.0,996.0,10.0,5.0,40.0,5.0,30.0,15.0,25.0,20.0,1,0,,,,,0,,,,,,,,,,,,,,,,,,,,,,,,,,,,,,,,,,,,,,
2017-009,2017-11-30 15:00:00,8.3,75.4,0,45.0,996.0,10.0,0.0,45.0,0.0,35.0,10.0,,,1,0,,,,,0,,,,,,,,,,,,,,,,,,,,,,,,,,,,,,,,,,,,,,
2017-009,2017-11-30 18:00:00,8.5,74.9,0,45.0,994.0,12.0,0.0,45.0,0.0,40.0,5.0,25.0,20.0,1,0,,,,,0,,,,,,,,,,,,,,,,,,,,,,,,,,,,,,,,,,,,,,
2017-009,2017-11-30 21:00:00,8.6,74.5,1,45.0,994.0,12.0,0.0,45.0,0.0,45.0,0.0,30.0,15.0,1,0,,,,,0,,,,,,,,,,,,,,,,,,,,,,,,,,,,,,,,,,,,,,
2017-009,2017-12-01 00:00:00,8.8,74.0,1,50.0,992.0,14.0,5.0,45.0,5.0,45.0,5.0,30.0,20.0,1,0,,,,,0,,,,,,,,,,,,,,,,,,,,,,,,,,,,,,,,,,,,,,
2017-009,2017-12-01 03:00:00,8.9,73.8,0,55.0,990.0,16.0,10.0,45.0,10.0,45.0,10.0,35.0,20.0,1,0,,,,,0,,,,,,,,,,,,,,,,,,,,,,,,,,,,,,,,,,,,,,
2017-009,2017-12-01 06:00:00,9.0,73.4,0,60.0,989.0,18.0,10.0,50.0,10.0,45.0,15.0,40.0,20.0,1,0,,,,,0,,,,,,,,,,,,,,,,,,,,,,,,,,,,,,,,,,,,,,
2017-009,2017-12-01 09:00:00,9.1,73.0,0,65.0,988.0,21.0,10.0,55.0,10.0,45.0,20.0,45.0,20.0,1,0,,,,,0,,,,,,,,,,,,,,,,,,,,,,,,,,,,,,,,,,,,,,
2017-009,2017-12-01 12:00:00,9.2,72.8,0,65.0,986.0,22.0,5.0,60.0,5.0,50.0,15.0,45.0,20.0,1,0,,,,,0,,,,,,,,,,,,,,,,,,,,,,,,,,,,,,,,,,,,,,
2017-009,2017-12-01 15:00:00,9.3,72.5,0,65.0,984.0,24.0,0.0,65.0,0.0,55.0,10.0,45.0,20.0,1,0,,,,,0,,,,,,,,,,,,,,,,,,,,,,,,,,,,,,,,,,,,,,
2017-009,2017-12-01 18:00:00,9.4,72.1,0,70.0,982.0,26.0,5.0,65.0,5.0,60.0,10.0,45.0,25.0,1,0,,,,,0,,,,,,,,,,,,,,,,,,,,,,,,,,,,,,,,,,,,,,
2017-009,2017-12-01 21:00:00,9.5,71.8,0,75.0,980.0,28.0,10.0,65.0,10.0,65.0,10.0,45.0,30.0,1,0,,,,,0,,,,,,,,,,,,,,,,,,,,,,,,,,,,,,,,,,,,,,
2017-009,2017-12-02 00:00:00,9.6,71.5,0,80.0,978.0,30.0,10.0,70.0,10.0,65.0,15.0,50.0,30.0,1,0,,,,,0,,,,,,,,,,,,,,,,,,,,,,,,,,,,,,,,,,,,,,
2017-009,2017-12-02 03:00:00,9.7,71.2,0,80.0,978.0,32.0,5.0,75.0,5.0,65.0,15.0,55.0,25.0,1,0,,,,,0,,,,,,,,,,,,,,,,,,,,,,,,,,,,,,,,,,,,,,
2017-009,2017-12-02 06:00:00,9.8,71.0,0,85.0,976.0,34.0,5.0,80.0,5.0,70.0,15.0,60.0,25.0,1,0,,,,,0,,,,,,,,,,,,,,,,,,,,,,,,,,,,,,,,,,,,,,
2017-009,2017-12-02 09:00:00,10.2,70.6,0,85.0,976.0,34.0,5.0,80.0,5.0,75.0,10.0,65.0,20.0,1,0,,,,,0,,,,,,,,,,,,,,,,,,,,,,,,,,,,,,,,,,,,,,
2017-009,2017-12-02 12:00:00,10.5,70.3,0,85.0,976.0,34.0,0.0,85.0,0.0,80.0,5.0,65.0,20.0,1,0,,,,,0,,,,,,,,,,,,,,,,,,,,,,,,,,,,,,,,,,,,,,
2017-009,2017-12-02 15:00:00,10.8,70.0,0,85.0,976.0,34.0,0.0,85.0,0.0,80.0,5.0,65.0,20.0,1,0,,,,,0,,,,,,,,,,,,,,,,,,,,,,,,,,,,,,,,,,,,,,
2017-009,2017-12-02 18:00:00,11.1,69.7,0,85.0,976.0,34.0,0.0,85.0,0.0,85.0,0.0,70.0,15.0,1,0,,,,,0,,,,,,,,,,,,,,,,,,,,,,,,,,,,,,,,,,,,,,
2017-009,2017-12-02 21:00:00,11.3,69.5,0,85.0,976.0,34.0,0.0,85.0,0.0,85.0,0.0,75.0,10.0,1,0,,,,,0,,,,,,,,,,,,,,,,,,,,,,,,,,,,,,,,,,,,,,
2017-009,2017-12-03 00:00:00,11.7,69.2,0,85.0,976.0,34.0,0.0,85.0,0.0,85.0,0.0,80.0,5.0,1,0,,,,,0,,,,,,,,,,,,,,,,,,,,,,,,,,,,,,,,,,,,,,
2017-009,2017-12-03 03:00:00,12.1,69.0,0,80.0,977.0,32.0,-5.0,85.0,-5.0,85.0,-5.0,80.0,0.0,1,0,,,,,0,,,,,,,,,,,,,,,,,,,,,,,,,,,,,,,,,,,,,,
2017-009,2017-12-03 06:00:00,12.3,68.9,0,75.0,978.0,30.0,-10.0,85.0,-10.0,85.0,-10.0,85.0,-10.0,1,0,,,,,0,,,,,,,,,,,,,,,,,,,,,,,,,,,,,,,,,,,,,,
2017-009,2017-12-03 09:00:00,12.4,68.8,0,75.0,980.0,28.0,-5.0,80.0,-5.0,85.0,-10.0,85.0,-10.0,1,0,,,,,0,,,,,,,,,,,,,,,,,,,,,,,,,,,,,,,,,,,,,,
2017-009,2017-12-03 12:00:00,12.9,68.7,0,75.0,982.0,28.0,0.0,75.0,0.0,85.0,-10.0,85.0,-10.0,1,0,,,,,0,,,,,,,,,,,,,,,,,,,,,,,,,,,,,,,,,,,,,,
2017-009,2017-12-03 15:00:00,13.1,68.6,0,75.0,982.0,28.0,0.0,75.0,0.0,80.0,-5.0,85.0,-10.0,1,0,,,,,0,,,,,,,,,,,,,,,,,,,,,,,,,,,,,,,,,,,,,,
2017-009,2017-12-03 18:00:00,13.5,68.5,0,75.0,982.0,28.0,0.0,75.0,0.0,75.0,0.0,85.0,-10.0,1,0,,,,,0,,,,,,,,,,,,,,,,,,,,,,,,,,,,,,,,,,,,,,
2017-009,2017-12-03 21:00:00,14.0,68.5,0,75.0,982.0,28.0,0.0,75.0,0.0,75.0,0.0,85.0,-10.0,1,0,,,,,0,,,,,,,,,,,,,,,,,,,,,,,,,,,,,,,,,,,,,,
2017-009,2017-12-04 00:00:00,14.5,68.5,0,70.0,984.0,24.0,-5.0,75.0,-5.0,75.0,-5.0,85.0,-15.0,1,0,,,,,0,,,,,,,,,,,,,,,,,,,,,,,,,,,,,,,,,,,,,,
2017-009,2017-12-04 03:00:00,14.7,68.5,0,65.0,986.0,22.0,-10.0,75.0,-10.0,75.0,-10.0,80.0,-15.0,1,0,,,,,0,,,,,,,,,,,,,,,,,,,,,,,,,,,,,,,,,,,,,,
2017-009,2017-12-04 06:00:00,14.9,68.7,0,65.0,986.0,22.0,-5.0,70.0,-5.0,75.0,-10.0,75.0,-10.0,1,0,,,,,0,,,,,,,,,,,,,,,,,,,,,,,,,,,,,,,,,,,,,,
2017-009,2017-12-04 09:00:00,15.2,69.0,0,65.0,986.0,22.0,0.0,65.0,0.0,75.0,-10.0,75.0,-10.0,1,0,,,,,0,,,,,,,,,,,,,,,,,,,,,,,,,,,,,,,,,,,,,,
2017-009,2017-12-04 12:00:00,15.7,69.2,0,60.0,988.0,18.0,-5.0,65.0,-5.0,70.0,-10.0,75.0,-15.0,1,0,,,,,0,,,,,,,,,,,,,,,,,,,,,,,,,,,,,,,,,,,,,,
2017-009,2017-12-04 15:00:00,16.1,69.5,0,60.0,988.0,18.0,-5.0,65.0,-5.0,65.0,-5.0,75.0,-15.0,1,0,,,,,0,,,,,,,,,,,,,,,,,,,,,,,,,,,,,,,,,,,,,,
2017-009,2017-12-04 18:00:00,16.5,69.8,0,55.0,990.0,16.0,-5.0,60.0,-5.0,65.0,-10.0,75.0,-20.0,1,0,,,,,0,,,,,,,,,,,,,,,,,,,,,,,,,,,,,,,,,,,,,,
2017-010,2017-12-06 03:00:00,8.5,88.5,0,25.0,1004.0,4.0,,,,,,,,1,0,,,,,0,,,,,,,,,,,,,,,,,,,,,,,,,,,,,,,,,,,,,,
2017-010,2017-12-06 06:00:00,8.8,88.3,0,25.0,1004.0,4.0,,,,,,,,1,0,,,,,0,,,,,,,,,,,,,,,,,,,,,,,,,,,,,,,,,,,,,,
2017-010,2017-12-06 12:00:00,9.8,88.0,0,25.0,1004.0,4.0,0.0,25.0,0.0,,,,,1,0,,,,,0,,,,,,,,,,,,,,,,,,,,,,,,,,,,,,,,,,,,,,
2017-010,2017-12-06 18:00:00,10.0,88.0,0,25.0,1004.0,4.0,0.0,25.0,0.0,25.0,0.0,,,1,0,,,,,0,,,,,,,,,,,,,,,,,,,,,,,,,,,,,,,,,,,,,,
2017-010,2017-12-07 00:00:00,11.1,88.0,0,25.0,1004.0,4.0,0.0,25.0,0.0,25.0,0.0,,,1,0,,,,,0,,,,,,,,,,,,,,,,,,,,,,,,,,,,,,,,,,,,,,
2017-010,2017-12-07 03:00:00,12.0,88.0,0,25.0,1004.0,4.0,,,,,,25.0,0.0,1,0,,,,,0,,,,,,,,,,,,,,,,,,,,,,,,,,,,,,,,,,,,,,
2017-010,2017-12-07 06:00:00,12.2,87.9,0,25.0,1004.0,4.0,0.0,25.0,0.0,25.0,0.0,25.0,0.0,1,0,,,,,0,,,,,,,,,,,,,,,,,,,,,,,,,,,,,,,,,,,,,,
2017-010,2017-12-07 12:00:00,12.8,87.7,0,25.0,1004.0,4.0,0.0,25.0,0.0,25.0,0.0,25.0,0.0,1,0,,,,,0,,,,,,,,,,,,,,,,,,,,,,,,,,,,,,,,,,,,,,
2017-010,2017-12-07 18:00:00,13.4,87.6,0,25.0,1004.0,4.0,0.0,25.0,0.0,25.0,0.0,25.0,0.0,1,0,,,,,0,,,,,,,,,,,,,,,,,,,,,,,,,,,,,,,,,,,,,,
2017-010,2017-12-08 00:00:00,14.3,87.0,0,30.0,1002.0,6.0,5.0,25.0,5.0,25.0,5.0,25.0,5.0,1,0,,,,,0,,,,,,,,,,,,,,,,,,,,,,,,,,,,,,,,,,,,,,
2017-010,2017-12-08 03:00:00,15.0,86.8,0,30.0,1002.0,6.0,,,,,,25.0,5.0,1,0,,,,,0,,,,,,,,,,,,,,,,,,,,,,,,,,,,,,,,,,,,,,
2017-010,2017-12-08 06:00:00,15.5,86.7,0,30.0,1002.0,6.0,0.0,30.0,0.0,25.0,5.0,25.0,5.0,1,0,,,,,0,,,,,,,,,,,,,,,,,,,,,,,,,,,,,,,,,,,,,,
2018-006,2018-07-21 03:00:00,21.0,88.0,0,25.0,989.0,4.0,,,,,,,,1,0,,,,,0,,,,,,,,,,,,,,,,,,,,,,,,,,,,,,,,,,,,,,
2018-006,2018-07-21 06:00:00,21.4,87.7,0,25.0,989.0,4.0,,,,,,,,1,0,,,,,0,,,,,,,,,,,,,,,,,,,,,,,,,,,,,,,,,,,,,,
2018-006,2018-07-21 12:00:00,21.7,87.4,0,30.0,988.0,5.0,5.0,25.0,5.0,,,,,1,0,,,,,0,,,,,,,,,,,,,,,,,,,,,,,,,,,,,,,,,,,,,,
2018-006,2018-07-21 18:00:00,22.0,87.0,0,25.0,990.0,3.0,-5.0,30.0,-5.0,25.0,0.0,,,1,0,,,,,0,,,,,,,,,,,,,,,,,,,,,,,,,,,,,,,,,,,,,,
2018-006,2018-07-22 00:00:00,22.2,86.8,0,25.0,992.0,3.0,0.0,25.0,0.0,30.0,-5.0,,,1,0,,,,,0,,,,,,,,,,,,,,,,,,,,,,,,,,,,,,,,,,,,,,
2018-009,2018-09-06 00:00:00,21.8,88.0,0,25.0,992.0,4.0,,,,,,,,1,0,,,,,0,,,,,,,,,,,,,,,,,,,,,,,,,,,,,,,,,,,,,,
2018-009,2018-09-06 03:00:00,21.8,87.9,0,30.0,990.0,5.0,,,,,,,,1,0,,,,,0,,,,,,,,,,,,,,,,,,,,,,,,,,,,,,,,,,,,,,
2018-010,2018-09-19 15:00:00,17.2,89.0,0,25.0,997.0,3.0,,,,,,,,1,0,,,,,0,,,,,,,,,,,,,,,,,,,,,,,,,,,,,,,,,,,,,,
2018-010,2018-09-19 18:00:00,17.4,88.8,0,25.0,996.0,4.0,,,,,,,,1,0,,,,,0,,,,,,,,,,,,,,,,,,,,,,,,,,,,,,,,,,,,,,
2018-010,2018-09-20 00:00:00,17.5,87.5,0,25.0,996.0,4.0,0.0,25.0,0.0,,,,,1,0,,,,,0,,,,,,,,,,,,,,,,,,,,,,,,,,,,,,,,,,,,,,
2018-010,2018-09-20 03:00:00,17.5,87.0,0,30.0,995.0,5.0,,,,25.0,5.0,,,1,0,,,,,0,,,,,,,,,,,,,,,,,,,,,,,,,,,,,,,,,,,,,,
2018-010,2018-09-20 06:00:00,17.6,86.8,0,30.0,995.0,5.0,5.0,25.0,5.0,25.0,5.0,,,1,0,,,,,0,,,,,,,,,,,,,,,,,,,,,,,,,,,,,,,,,,,,,,
2018-010,2018-09-20 12:00:00,18.4,85.8,0,30.0,994.0,6.0,0.0,30.0,0.0,25.0,5.0,,,1,0,,,,,0,,,,,,,,,,,,,,,,,,,,,,,,,,,,,,,,,,,,,,
2018-010,2018-09-20 18:00:00,19.2,85.0,0,35.0,992.0,8.0,5.0,30.0,5.0,30.0,5.0,25.0,10.0,1,0,,,,,0,,,,,,,,,,,,,,,,,,,,,,,,,,,,,,,,,,,,,,
2018-010,2018-09-21 00:00:00,20.0,83.7,0,30.0,994.0,6.0,-5.0,35.0,-5.0,30.0,0.0,25.0,5.0,1,0,,,,,0,,,,,,,,,,,,,,,,,,,,,,,,,,,,,,,,,,,,,,
2018-010,2018-09-21 03:00:00,20.5,82.5,0,30.0,994.0,6.0,,,,35.0,-5.0,30.0,0.0,1,0,,,,,0,,,,,,,,,,,,,,,,,,,,,,,,,,,,,,,,,,,,,,
2018-010,2018-09-21 06:00:00,21.0,81.4,0,30.0,995.0,5.0,0.0,30.0,0.0,35.0,-5.0,30.0,0.0,1,0,,,,,0,,,,,,,,,,,,,,,,,,,,,,,,,,,,,,,,,,,,,,
2018-012,2018-10-08 03:00:00,14.0,88.8,0,25.0,1002.0,3.0,,,,,,,,1,0,,,,,0,,,,,,,,,,,,,,,,,,,,,,,,,,,,,,,,,,,,,,
2018-012,2018-10-08 06:00:00,14.0,88.8,0,25.0,1002.0,4.0,,,,,,,,1,0,,,,,0,,,,,,,,,,,,,,,,,,,,,,,,,,,,,,,,,,,,,,
2018-012,2018-10-08 12:00:00,14.3,88.2,0,25.0,1002.0,4.0,0.0,25.0,0.0,,,,,1,0,,,,,0,,,,,,,,,,,,,,,,,,,,,,,,,,,,,,,,,,,,,,
2018-012,2018-10-08 18:00:00,14.5,87.6,0,30.0,1000.0,5.0,5.0,25.0,5.0,25.0,5.0,,,1,0,,,,,0,,,,,,,,,,,,,,,,,,,,,,,,,,,,,,,,,,,,,,
2018-012,2018-10-09 00:00:00,14.7,87.1,0,30.0,1000.0,5.0,0.0,30.0,0.0,25.0,5.0,,,1,0,,,,,0,,,,,,,,,,,,,,,,,,,,,,,,,,,,,,,,,,,,,,
2018-012,2018-10-09 03:00:00,14.7,86.9,1,30.0,999.0,6.0,,,,,,25.0,5.0,1,0,,,,,0,,,,,,,,,,,,,,,,,,,,,,,,,,,,,,,,,,,,,,
2018-012,2018-10-09 06:00:00,14.8,86.7,1,35.0,998.0,7.0,5.0,30.0,5.0,30.0,5.0,25.0,10.0,1,0,,,,,0,,,,,,,,,,,,,,,,,,,,,,,,,,,,,,,,,,,,,,
2018-012,2018-10-09 09:00:00,14.9,86.6,1,35.0,997.0,7.0,5.0,30.0,5.0,,,,,1,0,,,,,0,,,,,,,,,,,,,,,,,,,,,,,,,,,,,,,,,,,,,,
2018-012,2018-10-09 12:00:00,15.1,86.4,1,40.0,996.0,8.0,5.0,35.0,5.0,30.0,10.0,25.0,15.0,1,0,,,,,0,,,,,,,,,,,,,,,,,,,,,,,,,,,,,,,,,,,,,,
2018-012,2018-10-09 15:00:00,15.3,86.2,1,40.0,995.0,9.0,5.0,35.0,5.0,30.0,10.0,,,1,0,,,,,0,,,,,,,,,,,,,,,,,,,,,,,,,,,,,,,,,,,,,,
2018-012,2018-10-09 18:00:00,15.5,86.0,1,45.0,996.0,10.0,5.0,40.0,5.0,35.0,10.0,30.0,15.0,1,0,,,,,0,,,,,,,,,,,,,,,,,,,,,,,,,,,,,,,,,,,,,,
2018-012,2018-10-09 21:00:00,15.7,85.8,1,50.0,994.0,12.0,10.0,40.0,10.0,35.0,15.0,,,1,0,,,,,0,,,,,,,,,,,,,,,,,,,,,,,,,,,,,,,,,,,,,,
2018-012,2018-10-10 00:00:00,16.0,85.8,0,55.0,990.0,16.0,10.0,45.0,10.0,40.0,15.0,30.0,25.0,1,0,,,,,0,,,,,,,,,,,,,,,,,,,,,,,,,,,,,,,,,,,,,,
2018-012,2018-10-10 03:00:00,16.5,85.8,0,60.0,988.0,18.0,10.0,50.0,10.0,40.0,20.0,30.0,30.0,1,0,,,,,0,,,,,,,,,,,,,,,,,,,,,,,,,,,,,,,,,,,,,,
2018-012,2018-10-10 06:00:00,17.0,85.6,0,70.0,982.0,24.0,15.0,55.0,15.0,45.0,25.0,35.0,35.0,1,0,,,,,0,,,,,,,,,,,,,,,,,,,,,,,,,,,,,,,,,,,,,,
2018-012,2018-10-10 09:00:00,17.3,85.4,0,75.0,976.0,28.0,15.0,60.0,15.0,50.0,25.0,35.0,40.0,1,0,,,,,0,,,,,,,,,,,,,,,,,,,,,,,,,,,,,,,,,,,,,,
2018-012,2018-10-10 12:00:00,17.5,85.3,0,80.0,972.0,32.0,10.0,70.0,10.0,55.0,25.0,40.0,40.0,1,0,,,,,0,,,,,,,,,,,,,,,,,,,,,,,,,,,,,,,,,,,,,,
2018-012,2018-10-10 15:00:00,17.7,85.2,0,80.0,972.0,32.0,5.0,75.0,5.0,60.0,20.0,40.0,40.0,1,0,,,,,0,,,,,,,,,,,,,,,,,,,,,,,,,,,,,,,,,,,,,,
2018-012,2018-10-10 18:00:00,18.2,85.1,0,80.0,972.0,32.0,0.0,80.0,0.0,70.0,10.0,45.0,35.0,1,0,,,,,0,,,,,,,,,,,,,,,,,,,,,,,,,,,,,,,,,,,,,,
2018-012,2018-10-11 00:00:00,18.8,84.4,0,80.0,972.0,32.0,0.0,80.0,0.0,80.0,0.0,55.0,25.0,1,0,,,,,0,,,,,,,,,,,,,,,,,,,,,,,,,,,,,,,,,,,,,,
2018-012,2018-10-11 03:00:00,19.0,84.1,0,65.0,985.0,21.0,-15.0,80.0,-15.0,80.0,-15.0,60.0,5.0,1,0,,,,,0,,,,,,,,,,,,,,,,,,,,,,,,,,,,,,,,,,,,,,
2018-012,2018-10-11 06:00:00,19.3,83.8,0,60.0,988.0,18.0,-20.0,80.0,-20.0,80.0,-20.0,70.0,-10.0,1,0,,,,,0,,,,,,,,,,,,,,,,,,,,,,,,,,,,,,,,,,,,,,
2018-012,2018-10-11 09:00:00,19.6,83.8,0,50.0,994.0,12.0,-15.0,65.0,-15.0,80.0,-30.0,75.0,-25.0,1,0,,,,,0,,,,,,,,,,,,,,,,,,,,,,,,,,,,,,,,,,,,,,
2018-012,2018-10-11 12:00:00,19.9,83.7,0,45.0,996.0,10.0,-15.0,60.0,-15.0,80.0,-35.0,80.0,-35.0,1,0,,,,,0,,,,,,,,,,,,,,,,,,,,,,,,,,,,,,,,,,,,,,
2018-012,2018-10-11 18:00:00,20.3,84.3,0,30.0,999.0,6.0,-15.0,45.0,-15.0,60.0,-30.0,80.0,-50.0,1,0,,,,,0,,,,,,,,,,,,,,,,,,,,,,,,,,,,,,,,,,,,,,
2018-013,2018-11-10 03:00:00,11.7,92.5,0,25.0,1003.0,3.0,,,,,,,,1,0,,,,,0,,,,,,,,,,,,,,,,,,,,,,,,,,,,,,,,,,,,,,
2018-013,2018-11-10 06:00:00,12.0,92.0,0,25.0,1002.0,4.0,-10.0,35.0,-10.0,,,,,1,0,,,,,0,,,,,,,,,,,,,,,,,,,,,,,,,,,,,,,,,,,,,,
2018-013,2018-11-10 12:00:00,12.6,90.8,0,30.0,1001.0,5.0,5.0,25.0,5.0,35.0,-5.0,,,1,0,,,,,0,,,,,,,,,,,,,,,,,,,,,,,,,,,,,,,,,,,,,,
2018-013,2018-11-10 18:00:00,13.0,89.9,0,30.0,1000.0,6.0,0.0,30.0,0.0,25.0,5.0,,,1,0,,,,,0,,,,,,,,,,,,,,,,,,,,,,,,,,,,,,,,,,,,,,
2018-013,2018-11-11 03:00:00,13.5,88.9,0,35.0,999.0,7.0,,,,,,25.0,10.0,1,0,,,,,0,,,,,,,,,,,,,,,,,,,,,,,,,,,,,,,,,,,,,,
2018-013,2018-11-11 06:00:00,13.5,88.5,0,40.0,998.0,8.0,,,,30.0,10.0,25.0,15.0,1,0,,,,,0,,,,,,,,,,,,,,,,,,,,,,,,,,,,,,,,,,,,,,
2018-013,2018-11-11 09:00:00,13.5,88.2,0,40.0,998.0,8.0,5.0,35.0,5.0,,,,,1,0,,,,,0,,,,,,,,,,,,,,,,,,,,,,,,,,,,,,,,,,,,,,
2018-013,2018-11-11 12:00:00,13.5,88.0,0,40.0,998.0,8.0,0.0,40.0,0.0,,,30.0,10.0,1,0,,,,,0,,,,,,,,,,,,,,,,,,,,,,,,,,,,,,,,,,,,,,
2018-013,2018-11-11 15:00:00,13.5,87.7,0,40.0,998.0,8.0,0.0,40.0,0.0,35.0,5.0,,,1,0,,,,,0,,,,,,,,,,,,,,,,,,,,,,,,,,,,,,,,,,,,,,
2018-013,2018-11-11 18:00:00,13.4,87.4,0,40.0,998.0,8.0,0.0,40.0,0.0,40.0,0.0,30.0,10.0,1,0,,,,,0,,,,,,,,,,,,,,,,,,,,,,,,,,,,,,,,,,,,,,
2018-013,2018-11-11 21:00:00,13.5,87.2,0,40.0,998.0,8.0,0.0,40.0,0.0,40.0,0.0,,,1,0,,,,,0,,,,,,,,,,,,,,,,,,,,,,,,,,,,,,,,,,,,,,
2018-013,2018-11-12 00:00:00,13.3,87.1,0,40.0,998.0,8.0,0.0,40.0,0.0,40.0,0.0,,,1,0,,,,,0,,,,,,,,,,,,,,,,,,,,,,,,,,,,,,,,,,,,,,
2018-013,2018-11-12 03:00:00,13.1,87.0,0,40.0,998.0,8.0,0.0,40.0,0.0,40.0,0.0,35.0,5.0,1,0,,,,,0,,,,,,,,,,,,,,,,,,,,,,,,,,,,,,,,,,,,,,
2018-013,2018-11-12 06:00:00,12.9,86.9,0,40.0,998.0,8.0,0.0,40.0,0.0,40.0,0.0,40.0,0.0,1,0,,,,,0,,,,,,,,,,,,,,,,,,,,,,,,,,,,,,,,,,,,,,
2018-013,2018-11-12 09:00:00,12.9,86.9,0,40.0,998.0,8.0,0.0,40.0,0.0,40.0,0.0,40.0,0.0,1,0,,,,,0,,,,,,,,,,,,,,,,,,,,,,,,,,,,,,,,,,,,,,
2018-013,2018-11-12 12:00:00,12.6,87.3,0,40.0,998.0,8.0,0.0,40.0,0.0,40.0,0.0,40.0,0.0,1,0,,,,,0,,,,,,,,,,,,,,,,,,,,,,,,,,,,,,,,,,,,,,
2018-013,2018-11-12 15:00:00,12.9,87.5,0,40.0,998.0,8.0,0.0,40.0,0.0,40.0,0.0,40.0,0.0,1,0,,,,,0,,,,,,,,,,,,,,,,,,,,,,,,,,,,,,,,,,,,,,
2018-013,2018-11-12 18:00:00,13.2,87.5,0,45.0,996.0,8.0,5.0,40.0,5.0,40.0,5.0,40.0,5.0,1,0,,,,,0,,,,,,,,,,,,,,,,,,,,,,,,,,,,,,,,,,,,,,
2018-013,2018-11-12 21:00:00,13.2,87.3,0,45.0,996.0,8.0,5.0,40.0,5.0,40.0,5.0,40.0,5.0,1,0,,,,,0,,,,,,,,,,,,,,,,,,,,,,,,,,,,,,,,,,,,,,
2018-013,2018-11-13 00:00:00,13.2,87.2,0,40.0,998.0,8.0,-5.0,45.0,-5.0,40.0,0.0,40.0,0.0,1,0,,,,,0,,,,,,,,,,,,,,,,,,,,,,,,,,,,,,,,,,,,,,
2018-013,2018-11-13 03:00:00,13.3,87.1,0,40.0,998.0,8.0,-5.0,45.0,-5.0,40.0,0.0,40.0,0.0,1,0,,,,,0,,,,,,,,,,,,,,,,,,,,,,,,,,,,,,,,,,,,,,
2018-013,2018-11-13 06:00:00,13.5,86.6,0,40.0,998.0,8.0,0.0,40.0,0.0,45.0,-5.0,40.0,0.0,1,0,,,,,0,,,,,,,,,,,,,,,,,,,,,,,,,,,,,,,,,,,,,,
2018-013,2018-11-13 09:00:00,13.4,86.4,0,40.0,998.0,8.0,0.0,40.0,0.0,45.0,-5.0,40.0,0.0,1,0,,,,,0,,,,,,,,,,,,,,,,,,,,,,,,,,,,,,,,,,,,,,
2018-013,2018-11-13 12:00:00,13.4,86.0,0,40.0,998.0,8.0,0.0,40.0,0.0,40.0,0.0,40.0,0.0,1,0,,,,,0,,,,,,,,,,,,,,,,,,,,,,,,,,,,,,,,,,,,,,
2018-013,2018-11-13 15:00:00,13.2,85.8,0,40.0,998.0,8.0,0.0,40.0,0.0,40.0,0.0,40.0,0.0,1,0,,,,,0,,,,,,,,,,,,,,,,,,,,,,,,,,,,,,,,,,,,,,
2018-013,2018-11-13 18:00:00,13.2,85.6,0,40.0,998.0,8.0,0.0,40.0,0.0,40.0,0.0,45.0,-5.0,1,0,,,,,0,,,,,,,,,,,,,,,,,,,,,,,,,,,,,,,,,,,,,,
2018-013,2018-11-13 21:00:00,13.1,85.5,0,40.0,998.0,8.0,0.0,40.0,0.0,40.0,0.0,45.0,-5.0,1,0,,,,,0,,,,,,,,,,,,,,,,,,,,,,,,,,,,,,,,,,,,,,
2018-013,2018-11-14 00:00:00,13.1,85.3,0,40.0,998.0,8.0,0.0,40.0,0.0,40.0,0.0,40.0,0.0,1,0,,,,,0,,,,,,,,,,,,,,,,,,,,,,,,,,,,,,,,,,,,,,
2018-013,2018-11-14 03:00:00,13.0,85.1,0,40.0,998.0,8.0,0.0,40.0,0.0,40.0,0.0,40.0,0.0,1,0,,,,,0,,,,,,,,,,,,,,,,,,,,,,,,,,,,,,,,,,,,,,
2018-013,2018-11-14 06:00:00,12.8,84.8,0,45.0,996.0,10.0,5.0,40.0,5.0,40.0,5.0,40.0,5.0,1,0,,,,,0,,,,,,,,,,,,,,,,,,,,,,,,,,,,,,,,,,,,,,
2018-013,2018-11-14 09:00:00,12.6,84.6,0,45.0,996.0,10.0,5.0,40.0,5.0,40.0,5.0,40.0,5.0,1,0,,,,,0,,,,,,,,,,,,,,,,,,,,,,,,,,,,,,,,,,,,,,
2018-013,2018-11-14 12:00:00,12.4,84.2,0,45.0,996.0,10.0,0.0,45.0,0.0,40.0,5.0,40.0,5.0,1,0,,,,,0,,,,,,,,,,,,,,,,,,,,,,,,,,,,,,,,,,,,,,
2018-013,2018-11-14 15:00:00,12.2,84.2,0,45.0,996.0,10.0,0.0,45.0,0.0,40.0,5.0,40.0,5.0,1,0,,,,,0,,,,,,,,,,,,,,,,,,,,,,,,,,,,,,,,,,,,,,
2018-013,2018-11-14 18:00:00,12.0,83.8,0,45.0,996.0,10.0,0.0,45.0,0.0,45.0,0.0,40.0,5.0,1,0,,,,,0,,,,,,,,,,,,,,,,,,,,,,,,,,,,,,,,,,,,,,
2018-013,2018-11-14 21:00:00,11.8,83.4,0,45.0,996.0,10.0,0.0,45.0,0.0,45.0,0.0,40.0,5.0,1,0,,,,,0,,,,,,,,,,,,,,,,,,,,,,,,,,,,,,,,,,,,,,
2018-013,2018-11-15 00:00:00,11.5,83.2,0,45.0,996.0,10.0,0.0,45.0,0.0,45.0,0.0,40.0,5.0,1,0,,,,,0,,,,,,,,,,,,,,,,,,,,,,,,,,,,,,,,,,,,,,
2018-013,2018-11-15 03:00:00,11.3,82.6,0,50.0,994.0,12.0,5.0,45.0,5.0,45.0,5.0,40.0,10.0,1,0,,,,,0,,,,,,,,,,,,,,,,,,,,,,,,,,,,,,,,,,,,,,
2018-013,2018-11-15 06:00:00,11.2,82.0,0,55.0,990.0,15.0,10.0,45.0,10.0,45.0,10.0,45.0,10.0,1,0,,,,,0,,,,,,,,,,,,,,,,,,,,,,,,,,,,,,,,,,,,,,
2018-013,2018-11-15 12:00:00,10.8,81.2,0,60.0,988.0,18.0,5.0,55.0,5.0,45.0,15.0,45.0,15.0,1,0,,,,,0,,,,,,,,,,,,,,,,,,,,,,,,,,,,,,,,,,,,,,
2018-013,2018-11-15 18:00:00,10.5,80.3,0,70.0,976.0,30.0,10.0,60.0,10.0,55.0,15.0,45.0,25.0,1,0,,,,,0,,,,,,,,,,,,,,,,,,,,,,,,,,,,,,,,,,,,,,
2018-013,2018-11-16 00:00:00,10.4,79.2,0,55.0,990.0,15.0,-15.0,70.0,-15.0,60.0,-5.0,45.0,10.0,1,0,,,,,0,,,,,,,,,,,,,,,,,,,,,,,,,,,,,,,,,,,,,,
2018-013,2018-11-16 03:00:00,10.4,78.5,0,45.0,996.0,10.0,-25.0,70.0,-25.0,65.0,-20.0,50.0,-5.0,1,0,,,,,0,,,,,,,,,,,,,,,,,,,,,,,,,,,,,,,,,,,,,,
2018-013,2018-11-16 06:00:00,10.5,77.6,0,30.0,1000.0,6.0,-25.0,55.0,-25.0,70.0,-40.0,55.0,-25.0,1,0,,,,,0,,,,,,,,,,,,,,,,,,,,,,,,,,,,,,,,,,,,,,
2018-013,2018-11-16 12:00:00,10.1,76.4,0,25.0,1002.0,4.0,-5.0,30.0,-5.0,55.0,-30.0,60.0,-35.0,1,0,,,,,0,,,,,,,,,,,,,,,,,,,,,,,,,,,,,,,,,,,,,,
2018-013,2018-11-16 18:00:00,9.9,75.3,0,25.0,1002.0,4.0,0.0,25.0,0.0,30.0,-5.0,70.0,-45.0,1,0,,,,,0,,,,,,,,,,,,,,,,,,,,,,,,,,,,,,,,,,,,,,
2018-013,2018-11-17 00:00:00,9.8,74.3,0,30.0,1003.0,5.0,5.0,25.0,5.0,25.0,5.0,55.0,-25.0,1,0,,,,,0,,,,,,,,,,,,,,,,,,,,,,,,,,,,,,,,,,,,,,
2018-013,2018-11-17 03:00:00,9.8,73.7,0,30.0,1003.0,5.0,,,,,,45.0,-15.0,1,0,,,,,0,,,,,,,,,,,,,,,,,,,,,,,,,,,,,,,,,,,,,,
2018-013,2018-11-17 06:00:00,9.8,73.2,0,30.0,1003.0,5.0,0.0,30.0,0.0,25.0,5.0,30.0,0.0,1,0,,,,,0,,,,,,,,,,,,,,,,,,,,,,,,,,,,,,,,,,,,,,
2018-013,2018-11-17 12:00:00,9.9,71.7,0,30.0,1003.0,5.0,0.0,30.0,0.0,30.0,0.0,25.0,5.0,1,0,,,,,0,,,,,,,,,,,,,,,,,,,,,,,,,,,,,,,,,,,,,,
2018-013,2018-11-17 18:00:00,10.1,70.5,0,30.0,1003.0,5.0,0.0,30.0,0.0,30.0,0.0,25.0,5.0,1,0,,,,,0,,,,,,,,,,,,,,,,,,,,,,,,,,,,,,,,,,,,,,
2018-013,2018-11-18 00:00:00,10.3,69.6,0,30.0,1003.0,5.0,0.0,30.0,0.0,30.0,0.0,30.0,0.0,1,0,,,,,0,,,,,,,,,,,,,,,,,,,,,,,,,,,,,,,,,,,,,,
2018-013,2018-11-18 03:00:00,10.4,69.4,0,30.0,1003.0,5.0,,,,,,30.0,0.0,1,0,,,,,0,,,,,,,,,,,,,,,,,,,,,,,,,,,,,,,,,,,,,,
2018-013,2018-11-18 06:00:00,10.5,69.0,0,30.0,1003.0,5.0,0.0,30.0,0.0,30.0,0.0,30.0,0.0,1,0,,,,,0,,,,,,,,,,,,,,,,,,,,,,,,,,,,,,,,,,,,,,
2018-013,2018-11-18 12:00:00,10.7,68.5,0,30.0,1003.0,5.0,0.0,30.0,0.0,30.0,0.0,30.0,0.0,1,0,,,,,0,,,,,,,,,,,,,,,,,,,,,,,,,,,,,,,,,,,,,,
2018-014,2018-12-13 03:00:00,6.7,88.6,0,25.0,1004.0,3.0,,,,,,,,1,0,,,,,0,,,,,,,,,,,,,,,,,,,,,,,,,,,,,,,,,,,,,,
2018-014,2018-12-13 06:00:00,6.8,88.5,0,25.0,1003.0,4.0,-5.0,30.0,-5.0,,,,,1,0,,,,,0,,,,,,,,,,,,,,,,,,,,,,,,,,,,,,,,,,,,,,
2018-014,2018-12-13 12:00:00,7.3,88.2,0,25.0,1003.0,4.0,0.0,25.0,0.0,30.0,-5.0,,,1,0,,,,,0,,,,,,,,,,,,,,,,,,,,,,,,,,,,,,,,,,,,,,
2018-014,2018-12-13 18:00:00,7.6,88.0,0,30.0,1002.0,5.0,5.0,25.0,5.0,25.0,5.0,,,1,0,,,,,0,,,,,,,,,,,,,,,,,,,,,,,,,,,,,,,,,,,,,,
2018-014,2018-12-14 03:00:00,8.5,87.4,0,30.0,1002.0,5.0,,,,,,25.0,5.0,1,0,,,,,0,,,,,,,,,,,,,,,,,,,,,,,,,,,,,,,,,,,,,,
2018-014,2018-12-14 06:00:00,8.5,87.4,0,30.0,1002.0,5.0,,,,30.0,0.0,25.0,5.0,1,0,,,,,0,,,,,,,,,,,,,,,,,,,,,,,,,,,,,,,,,,,,,,
2018-014,2018-12-14 12:00:00,8.6,86.8,0,30.0,1002.0,5.0,0.0,30.0,0.0,,,25.0,5.0,1,0,,,,,0,,,,,,,,,,,,,,,,,,,,,,,,,,,,,,,,,,,,,,
2018-014,2018-12-14 18:00:00,8.8,86.2,0,30.0,1002.0,5.0,0.0,30.0,0.0,30.0,0.0,30.0,0.0,1,0,,,,,0,,,,,,,,,,,,,,,,,,,,,,,,,,,,,,,,,,,,,,
2018-014,2018-12-15 00:00:00,9.0,85.5,0,30.0,1002.0,5.0,0.0,30.0,0.0,30.0,0.0,,,1,0,,,,,0,,,,,,,,,,,,,,,,,,,,,,,,,,,,,,,,,,,,,,
2018-014,2018-12-15 03:00:00,9.2,85.2,0,30.0,1001.0,6.0,,,,,,30.0,0.0,1,0,,,,,0,,,,,,,,,,,,,,,,,,,,,,,,,,,,,,,,,,,,,,
2018-014,2018-12-15 06:00:00,9.4,85.1,0,30.0,1001.0,6.0,0.0,30.0,0.0,30.0,0.0,30.0,0.0,1,0,,,,,0,,,,,,,,,,,,,,,,,,,,,,,,,,,,,,,,,,,,,,
2018-014,2018-12-15 12:00:00,10.3,84.9,0,35.0,1000.0,7.0,5.0,30.0,5.0,30.0,5.0,30.0,5.0,1,0,,,,,0,,,,,,,,,,,,,,,,,,,,,,,,,,,,,,,,,,,,,,
2018-014,2018-12-15 15:00:00,10.7,84.7,0,35.0,1000.0,7.0,,,,30.0,5.0,,,1,0,,,,,0,,,,,,,,,,,,,,,,,,,,,,,,,,,,,,,,,,,,,,
2018-014,2018-12-15 18:00:00,11.0,84.6,0,35.0,1000.0,7.0,0.0,35.0,0.0,30.0,5.0,30.0,5.0,1,0,,,,,0,,,,,,,,,,,,,,,,,,,,,,,,,,,,,,,,,,,,,,
2018-014,2018-12-15 21:00:00,11.1,84.5,0,35.0,1000.0,7.0,0.0,35.0,0.0,,,,,1,0,,,,,0,,,,,,,,,,,,,,,,,,,,,,,,,,,,,,,,,,,,,,
2018-014,2018-12-16 00:00:00,11.3,84.3,0,40.0,998.0,8.0,5.0,35.0,5.0,35.0,5.0,30.0,10.0,1,0,,,,,0,,,,,,,,,,,,,,,,,,,,,,,,,,,,,,,,,,,,,,
2018-014,2018-12-16 03:00:00,11.8,84.1,0,45.0,996.0,10.0,10.0,35.0,10.0,35.0,10.0,30.0,15.0,1,0,,,,,0,,,,,,,,,,,,,,,,,,,,,,,,,,,,,,,,,,,,,,
2018-014,2018-12-16 06:00:00,12.2,83.9,0,45.0,996.0,10.0,5.0,40.0,5.0,35.0,10.0,30.0,15.0,1,0,,,,,0,,,,,,,,,,,,,,,,,,,,,,,,,,,,,,,,,,,,,,
2018-014,2018-12-16 09:00:00,12.0,83.6,0,50.0,994.0,13.0,5.0,45.0,5.0,35.0,15.0,,,1,0,,,,,0,,,,,,,,,,,,,,,,,,,,,,,,,,,,,,,,,,,,,,
2018-014,2018-12-16 12:00:00,13.3,83.0,0,55.0,992.0,15.0,10.0,45.0,10.0,40.0,15.0,35.0,20.0,1,0,,,,,0,,,,,,,,,,,,,,,,,,,,,,,,,,,,,,,,,,,,,,
2018-014,2018-12-16 15:00:00,13.8,82.7,0,55.0,992.0,15.0,5.0,50.0,5.0,45.0,10.0,35.0,20.0,1,0,,,,,0,,,,,,,,,,,,,,,,,,,,,,,,,,,,,,,,,,,,,,
2018-014,2018-12-16 18:00:00,14.0,82.5,0,55.0,992.0,15.0,0.0,55.0,0.0,45.0,10.0,35.0,20.0,1,0,,,,,0,,,,,,,,,,,,,,,,,,,,,,,,,,,,,,,,,,,,,,
2019-001,2019-01-04 12:00:00,8.5,99.7,0,45.0,998.0,10.0,,,,,,,,1,0,,,,,0,,,,,,,,,,,,,,,,,,,,,,,,,,,,,,,,,,,,,,
2019-001,2019-01-04 15:00:00,8.6,99.5,0,45.0,998.0,10.0,,,,,,,,1,0,,,,,0,,,,,,,,,,,,,,,,,,,,,,,,,,,,,,,,,,,,,,
2019-001,2019-01-04 18:00:00,8.7,99.2,0,45.0,998.0,10.0,0.0,45.0,0.0,,,,,1,0,,,,,0,,,,,,,,,,,,,,,,,,,,,,,,,,,,,,,,,,,,,,
2019-001,2019-01-04 21:00:00,8.8,99.0,0,45.0,998.0,10.0,0.0,45.0,0.0,,,,,1,0,,,,,0,,,,,,,,,,,,,,,,,,,,,,,,,,,,,,,,,,,,,,
2019-001,2019-01-05 00:00:00,8.9,98.7,0,40.0,1000.0,8.0,-5.0,45.0,-5.0,45.0,-5.0,,,1,0,,,,,0,,,,,,,,,,,,,,,,,,,,,,,,,,,,,,,,,,,,,,
2019-001,2019-01-05 03:00:00,9.1,98.1,0,40.0,1000.0,8.0,-5.0,45.0,-5.0,45.0,-5.0,,,1,0,,,,,0,,,,,,,,,,,,,,,,,,,,,,,,,,,,,,,,,,,,,,
2019-001,2019-01-05 06:00:00,9.3,97.6,0,40.0,1000.0,8.0,0.0,40.0,0.0,45.0,-5.0,,,1,0,,,,,0,,,,,,,,,,,,,,,,,,,,,,,,,,,,,,,,,,,,,,
2019-001,2019-01-05 12:00:00,9.8,97.1,0,40.0,1000.0,8.0,0.0,40.0,0.0,40.0,0.0,45.0,-5.0,1,0,,,,,0,,,,,,,,,,,,,,,,,,,,,,,,,,,,,,,,,,,,,,
2019-001,2019-01-05 18:00:00,10.4,96.5,0,35.0,1001.0,7.0,-5.0,40.0,-5.0,40.0,-5.0,45.0,-10.0,1,0,,,,,0,,,,,,,,,,,,,,,,,,,,,,,,,,,,,,,,,,,,,,
2019-001,2019-01-06 00:00:00,11.0,95.5,0,35.0,1001.0,7.0,0.0,35.0,0.0,40.0,-5.0,40.0,-5.0,1,0,,,,,0,,,,,,,,,,,,,,,,,,,,,,,,,,,,,,,,,,,,,,
2019-001,2019-01-06 03:00:00,11.1,94.6,0,35.0,1001.0,7.0,0.0,35.0,0.0,40.0,-5.0,40.0,-5.0,1,0,,,,,0,,,,,,,,,,,,,,,,,,,,,,,,,,,,,,,,,,,,,,
2019-001,2019-01-06 06:00:00,11.2,94.0,0,30.0,1002.0,6.0,-5.0,35.0,-5.0,35.0,-5.0,40.0,-10.0,1,0,,,,,0,,,,,,,,,,,,,,,,,,,,,,,,,,,,,,,,,,,,,,
2019-001,2019-01-06 12:00:00,11.5,92.9,0,30.0,1003.0,5.0,0.0,30.0,0.0,35.0,-5.0,40.0,-10.0,1,0,,,,,0,,,,,,,,,,,,,,,,,,,,,,,,,,,,,,,,,,,,,,
2019-001,2019-01-06 18:00:00,12.0,92.2,0,30.0,1003.0,5.0,0.0,30.0,0.0,30.0,0.0,35.0,-5.0,1,0,,,,,0,,,,,,,,,,,,,,,,,,,,,,,,,,,,,,,,,,,,,,
2019-002,2019-04-26 03:00:00,2.7,89.7,0,25.0,998.0,4.0,,,,,,,,1,0,,,,,0,,,,,,,,,,,,,,,,,,,,,,,,,,,,,,,,,,,,,,
2019-002,2019-04-26 06:00:00,3.0,89.4,0,25.0,998.0,4.0,,,,,,,,1,0,,,,,0,,,,,,,,,,,,,,,,,,,,,,,,,,,,,,,,,,,,,,
2019-002,2019-04-26 12:00:00,3.2,89.2,0,25.0,998.0,4.0,0.0,25.0,0.0,,,,,1,0,,,,,0,,,,,,,,,,,,,,,,,,,,,,,,,,,,,,,,,,,,,,
2019-002,2019-04-26 18:00:00,3.7,88.8,0,25.0,998.0,4.0,0.0,25.0,0.0,25.0,0.0,,,1,0,,,,,0,,,,,,,,,,,,,,,,,,,,,,,,,,,,,,,,,,,,,,
2019-002,2019-04-27 00:00:00,4.5,88.8,0,30.0,997.0,5.0,5.0,25.0,5.0,25.0,5.0,,,1,0,,,,,0,,,,,,,,,,,,,,,,,,,,,,,,,,,,,,,,,,,,,,
2019-002,2019-04-27 03:00:00,4.9,88.7,0,30.0,996.0,6.0,,,,,,25.0,5.0,1,0,,,,,0,,,,,,,,,,,,,,,,,,,,,,,,,,,,,,,,,,,,,,
2019-002,2019-04-27 06:00:00,5.2,88.6,0,35.0,995.0,7.0,5.0,30.0,5.0,25.0,10.0,25.0,10.0,1,0,,,,,0,,,,,,,,,,,,,,,,,,,,,,,,,,,,,,,,,,,,,,
2019-002,2019-04-27 09:00:00,5.4,88.5,0,40.0,994.0,8.0,10.0,30.0,10.0,,,,,1,0,,,,,0,,,,,,,,,,,,,,,,,,,,,,,,,,,,,,,,,,,,,,
2019-002,2019-04-27 12:00:00,5.9,88.5,0,45.0,992.0,10.0,10.0,35.0,10.0,30.0,15.0,25.0,20.0,1,0,,,,,0,,,,,,,,,,,,,,,,,,,,,,,,,,,,,,,,,,,,,,
2019-002,2019-04-27 15:00:00,6.3,88.5,0,45.0,992.0,10.0,5.0,40.0,5.0,30.0,15.0,,,1,0,,,,,0,,,,,,,,,,,,,,,,,,,,,,,,,,,,,,,,,,,,,,
2019-002,2019-04-27 18:00:00,6.6,88.2,0,45.0,992.0,10.0,0.0,45.0,0.0,35.0,10.0,25.0,20.0,1,0,,,,,0,,,,,,,,,,,,,,,,,,,,,,,,,,,,,,,,,,,,,,
2019-002,2019-04-27 21:00:00,6.9,87.9,0,45.0,992.0,10.0,0.0,45.0,0.0,40.0,5.0,,,1,0,,,,,0,,,,,,,,,,,,,,,,,,,,,,,,,,,,,,,,,,,,,,
2019-002,2019-04-28 00:00:00,7.3,87.9,0,45.0,992.0,10.0,0.0,45.0,0.0,45.0,0.0,30.0,15.0,1,0,,,,,0,,,,,,,,,,,,,,,,,,,,,,,,,,,,,,,,,,,,,,
2019-002,2019-04-28 03:00:00,7.3,87.9,0,45.0,992.0,10.0,0.0,45.0,0.0,45.0,0.0,30.0,15.0,1,0,,,,,0,,,,,,,,,,,,,,,,,,,,,,,,,,,,,,,,,,,,,,
2019-002,2019-04-28 06:00:00,7.4,87.8,0,45.0,992.0,10.0,0.0,45.0,0.0,45.0,0.0,35.0,10.0,1,0,,,,,0,,,,,,,,,,,,,,,,,,,,,,,,,,,,,,,,,,,,,,
2019-002,2019-04-28 09:00:00,7.7,87.5,0,45.0,992.0,10.0,0.0,45.0,0.0,45.0,0.0,40.0,5.0,1,0,,,,,0,,,,,,,,,,,,,,,,,,,,,,,,,,,,,,,,,,,,,,
2019-002,2019-04-28 12:00:00,8.2,87.0,0,45.0,992.0,10.0,0.0,45.0,0.0,45.0,0.0,45.0,0.0,1,0,,,,,0,,,,,,,,,,,,,,,,,,,,,,,,,,,,,,,,,,,,,,
2019-002,2019-04-28 15:00:00,8.3,86.9,0,45.0,992.0,10.0,0.0,45.0,0.0,45.0,0.0,45.0,0.0,1,0,,,,,0,,,,,,,,,,,,,,,,,,,,,,,,,,,,,,,,,,,,,,
2019-002,2019-04-28 18:00:00,8.4,86.9,0,45.0,992.0,10.0,0.0,45.0,0.0,45.0,0.0,45.0,0.0,1,0,,,,,0,,,,,,,,,,,,,,,,,,,,,,,,,,,,,,,,,,,,,,
2019-002,2019-04-28 21:00:00,8.5,86.9,0,45.0,992.0,10.0,0.0,45.0,0.0,45.0,0.0,45.0,0.0,1,0,,,,,0,,,,,,,,,,,,,,,,,,,,,,,,,,,,,,,,,,,,,,
2019-002,2019-04-29 00:00:00,8.6,86.9,0,45.0,992.0,10.0,0.0,45.0,0.0,45.0,0.0,45.0,0.0,1,0,,,,,0,,,,,,,,,,,,,,,,,,,,,,,,,,,,,,,,,,,,,,
2019-002,2019-04-29 03:00:00,8.7,86.9,1,45.0,992.0,10.0,0.0,45.0,0.0,45.0,0.0,45.0,0.0,1,0,,,,,0,,,,,,,,,,,,,,,,,,,,,,,,,,,,,,,,,,,,,,
2019-002,2019-04-29 06:00:00,9.2,86.9,1,45.0,992.0,10.0,0.0,45.0,0.0,45.0,0.0,45.0,0.0,1,0,,,,,0,,,,,,,,,,,,,,,,,,,,,,,,,,,,,,,,,,,,,,
2019-002,2019-04-29 09:00:00,9.7,86.8,1,45.0,992.0,10.0,0.0,45.0,0.0,45.0,0.0,45.0,0.0,1,0,,,,,0,,,,,,,,,,,,,,,,,,,,,,,,,,,,,,,,,,,,,,
2019-002,2019-04-29 12:00:00,10.1,86.7,1,55.0,986.0,16.0,10.0,45.0,10.0,45.0,10.0,45.0,10.0,1,0,,,,,0,,,,,,,,,,,,,,,,,,,,,,,,,,,,,,,,,,,,,,
2019-002,2019-04-29 15:00:00,10.4,86.7,1,55.0,986.0,16.0,10.0,45.0,10.0,45.0,10.0,45.0,10.0,1,0,,,,,0,,,,,,,,,,,,,,,,,,,,,,,,,,,,,,,,,,,,,,
2019-002,2019-04-29 18:00:00,10.8,86.6,1,55.0,986.0,16.0,0.0,55.0,0.0,45.0,10.0,45.0,10.0,1,0,,,,,0,,,,,,,,,,,,,,,,,,,,,,,,,,,,,,,,,,,,,,
2019-002,2019-04-29 21:00:00,11.1,86.5,1,65.0,982.0,20.0,10.0,55.0,10.0,45.0,20.0,45.0,20.0,1,0,,,,,0,,,,,,,,,,,,,,,,,,,,,,,,,,,,,,,,,,,,,,
2019-002,2019-04-30 00:00:00,11.7,86.5,0,70.0,980.0,22.0,15.0,55.0,15.0,55.0,15.0,45.0,25.0,1,0,,,,,0,,,,,,,,,,,,,,,,,,,,,,,,,,,,,,,,,,,,,,
2019-002,2019-04-30 03:00:00,12.3,86.2,0,75.0,974.0,28.0,10.0,65.0,10.0,55.0,20.0,45.0,30.0,1,0,,,,,0,,,,,,,,,,,,,,,,,,,,,,,,,,,,,,,,,,,,,,
2019-002,2019-04-30 06:00:00,12.6,85.7,0,80.0,970.0,32.0,10.0,70.0,10.0,55.0,25.0,45.0,35.0,1,0,,,,,0,,,,,,,,,,,,,,,,,,,,,,,,,,,,,,,,,,,,,,
2019-002,2019-04-30 09:00:00,13.0,85.3,0,85.0,966.0,36.0,10.0,75.0,10.0,65.0,20.0,45.0,40.0,1,0,,,,,0,,,,,,,,,,,,,,,,,,,,,,,,,,,,,,,,,,,,,,
2019-002,2019-04-30 12:00:00,13.3,84.7,0,90.0,962.0,40.0,10.0,80.0,10.0,70.0,20.0,55.0,35.0,1,0,,,,,0,,,,,,,,,,,,,,,,,,,,,,,,,,,,,,,,,,,,,,
2019-002,2019-04-30 15:00:00,13.4,84.5,0,95.0,957.0,45.0,10.0,85.0,10.0,75.0,20.0,55.0,40.0,1,0,,,,,0,,,,,,,,,,,,,,,,,,,,,,,,,,,,,,,,,,,,,,
2019-002,2019-04-30 18:00:00,13.5,84.4,0,95.0,957.0,45.0,5.0,90.0,5.0,80.0,15.0,55.0,40.0,1,0,,,,,0,,,,,,,,,,,,,,,,,,,,,,,,,,,,,,,,,,,,,,
2019-002,2019-04-30 21:00:00,13.6,84.2,0,95.0,957.0,45.0,0.0,95.0,0.0,85.0,10.0,65.0,30.0,1,0,,,,,0,,,,,,,,,,,,,,,,,,,,,,,,,,,,,,,,,,,,,,
2019-002,2019-05-01 00:00:00,13.9,84.0,0,95.0,957.0,45.0,0.0,95.0,0.0,90.0,5.0,70.0,25.0,1,0,,,,,0,,,,,,,,,,,,,,,,,,,,,,,,,,,,,,,,,,,,,,
2019-002,2019-05-01 03:00:00,14.1,83.9,0,95.0,957.0,45.0,0.0,95.0,0.0,95.0,0.0,75.0,20.0,1,0,,,,,0,,,,,,,,,,,,,,,,,,,,,,,,,,,,,,,,,,,,,,
2019-002,2019-05-01 06:00:00,14.2,83.9,0,95.0,957.0,45.0,0.0,95.0,0.0,95.0,0.0,80.0,15.0,1,0,,,,,0,,,,,,,,,,,,,,,,,,,,,,,,,,,,,,,,,,,,,,
2019-002,2019-05-01 09:00:00,14.5,84.1,0,95.0,955.0,45.0,0.0,95.0,0.0,95.0,0.0,85.0,10.0,1,0,,,,,0,,,,,,,,,,,,,,,,,,,,,,,,,,,,,,,,,,,,,,
2019-002,2019-05-01 12:00:00,14.9,84.1,0,100.0,950.0,50.0,5.0,95.0,5.0,95.0,5.0,90.0,10.0,1,0,,,,,0,,,,,,,,,,,,,,,,,,,,,,,,,,,,,,,,,,,,,,
2019-002,2019-05-01 15:00:00,15.1,84.1,0,100.0,950.0,50.0,5.0,95.0,5.0,95.0,5.0,95.0,5.0,1,0,,,,,0,,,,,,,,,,,,,,,,,,,,,,,,,,,,,,,,,,,,,,
2019-002,2019-05-01 18:00:00,15.2,84.1,0,100.0,950.0,50.0,0.0,100.0,0.0,95.0,5.0,95.0,5.0,1,0,,,,,0,,,,,,,,,,,,,,,,,,,,,,,,,,,,,,,,,,,,,,
2019-002,2019-05-01 21:00:00,15.5,84.2,0,100.0,950.0,50.0,0.0,100.0,0.0,95.0,5.0,95.0,5.0,1,0,,,,,0,,,,,,,,,,,,,,,,,,,,,,,,,,,,,,,,,,,,,,
2019-002,2019-05-02 00:00:00,15.9,84.5,0,105.0,945.0,55.0,5.0,100.0,5.0,100.0,5.0,95.0,10.0,1,0,,,,,0,,,,,,,,,,,,,,,,,,,,,,,,,,,,,,,,,,,,,,
2019-002,2019-05-02 03:00:00,16.2,84.6,0,105.0,945.0,55.0,5.0,100.0,5.0,100.0,5.0,95.0,10.0,1,0,,,,,0,,,,,,,,,,,,,,,,,,,,,,,,,,,,,,,,,,,,,,
2019-002,2019-05-02 06:00:00,16.7,84.8,0,110.0,940.0,60.0,5.0,105.0,5.0,100.0,10.0,95.0,15.0,1,0,,,,,0,,,,,,,,,,,,,,,,,,,,,,,,,,,,,,,,,,,,,,
2019-002,2019-05-02 09:00:00,17.1,84.8,0,115.0,932.0,66.0,10.0,105.0,10.0,100.0,15.0,95.0,20.0,1,0,,,,,0,,,,,,,,,,,,,,,,,,,,,,,,,,,,,,,,,,,,,,
2019-002,2019-05-02 12:00:00,17.5,84.8,0,115.0,932.0,66.0,5.0,110.0,5.0,105.0,10.0,100.0,15.0,1,0,,,,,0,,,,,,,,,,,,,,,,,,,,,,,,,,,,,,,,,,,,,,
2019-002,2019-05-02 15:00:00,17.8,84.9,0,115.0,934.0,66.0,0.0,115.0,0.0,105.0,10.0,100.0,15.0,1,0,,,,,0,,,,,,,,,,,,,,,,,,,,,,,,,,,,,,,,,,,,,,
2019-002,2019-05-02 18:00:00,18.2,85.0,0,115.0,934.0,66.0,0.0,115.0,0.0,110.0,5.0,100.0,15.0,1,0,,,,,0,,,,,,,,,,,,,,,,,,,,,,,,,,,,,,,,,,,,,,
2019-002,2019-05-02 21:00:00,18.6,85.2,0,115.0,934.0,66.0,0.0,115.0,0.0,115.0,0.0,100.0,15.0,1,0,,,,,0,,,,,,,,,,,,,,,,,,,,,,,,,,,,,,,,,,,,,,
2019-002,2019-05-03 00:00:00,19.1,85.5,0,105.0,945.0,55.0,-10.0,115.0,-10.0,115.0,-10.0,105.0,0.0,1,0,,,,,0,,,,,,,,,,,,,,,,,,,,,,,,,,,,,,,,,,,,,,
2019-002,2019-05-03 03:00:00,19.6,85.7,0,100.0,952.0,50.0,-15.0,115.0,-15.0,115.0,-15.0,105.0,-5.0,1,0,,,,,0,,,,,,,,,,,,,,,,,,,,,,,,,,,,,,,,,,,,,,
2019-002,2019-05-03 06:00:00,20.2,85.9,0,85.0,966.0,36.0,-20.0,105.0,-20.0,115.0,-30.0,110.0,-25.0,1,0,,,,,0,,,,,,,,,,,,,,,,,,,,,,,,,,,,,,,,,,,,,,
2019-002,2019-05-03 12:00:00,21.1,86.5,0,70.0,976.0,22.0,-15.0,85.0,-15.0,105.0,-35.0,115.0,-45.0,1,0,,,,,0,,,,,,,,,,,,,,,,,,,,,,,,,,,,,,,,,,,,,,
2019-004,2019-08-06 03:00:00,20.5,88.0,0,25.0,990.0,3.0,,,,,,,,1,0,,,,,0,,,,,,,,,,,,,,,,,,,,,,,,,,,,,,,,,,,,,,
2019-004,2019-08-06 06:00:00,20.5,88.0,0,25.0,990.0,3.0,,,,,,,,1,0,,,,,0,,,,,,,,,,,,,,,,,,,,,,,,,,,,,,,,,,,,,,
2019-004,2019-08-06 12:00:00,20.7,87.8,0,25.0,990.0,3.0,0.0,25.0,0.0,,,,,1,0,,,,,0,,,,,,,,,,,,,,,,,,,,,,,,,,,,,,,,,,,,,,
2019-004,2019-08-06 18:00:00,20.8,87.6,0,25.0,990.0,3.0,0.0,25.0,0.0,25.0,0.0,,,1,0,,,,,0,,,,,,,,,,,,,,,,,,,,,,,,,,,,,,,,,,,,,,
2019-004,2019-08-07 00:00:00,21.0,87.4,0,30.0,988.0,5.0,5.0,25.0,5.0,25.0,5.0,,,1,0,,,,,0,,,,,,,,,,,,,,,,,,,,,,,,,,,,,,,,,,,,,,
2019-004,2019-08-07 03:00:00,21.1,87.4,0,30.0,988.0,5.0,,,,,,25.0,5.0,1,0,,,,,0,,,,,,,,,,,,,,,,,,,,,,,,,,,,,,,,,,,,,,
2019-004,2019-08-07 06:00:00,21.2,87.2,0,30.0,988.0,5.0,0.0,30.0,0.0,25.0,5.0,25.0,5.0,1,0,,,,,0,,,,,,,,,,,,,,,,,,,,,,,,,,,,,,,,,,,,,,
2019-004,2019-08-07 12:00:00,21.9,86.5,0,30.0,988.0,5.0,0.0,30.0,0.0,30.0,0.0,25.0,5.0,1,0,,,,,0,,,,,,,,,,,,,,,,,,,,,,,,,,,,,,,,,,,,,,
2019-004,2019-08-07 18:00:00,22.4,85.6,0,30.0,988.0,5.0,0.0,30.0,0.0,30.0,0.0,25.0,5.0,1,0,,,,,0,,,,,,,,,,,,,,,,,,,,,,,,,,,,,,,,,,,,,,
2019-004,2019-08-08 00:00:00,22.8,84.0,0,25.0,999.0,4.0,-5.0,30.0,-5.0,30.0,-5.0,30.0,-5.0,1,0,,,,,0,,,,,,,,,,,,,,,,,,,,,,,,,,,,,,,,,,,,,,
2019-004,2019-08-08 03:00:00,23.0,82.9,0,25.0,999.0,4.0,,,,,,30.0,-5.0,1,0,,,,,0,,,,,,,,,,,,,,,,,,,,,,,,,,,,,,,,,,,,,,
2019-004,2019-08-08 06:00:00,23.4,81.9,0,25.0,999.0,4.0,0.0,25.0,0.0,30.0,-5.0,30.0,-5.0,1,0,,,,,0,,,,,,,,,,,,,,,,,,,,,,,,,,,,,,,,,,,,,,
2019-009,2019-11-05 00:00:00,13.1,91.5,0,20.0,1004.0,3.0,,,,,,,,1,0,,,,,0,,,,,,,,,,,,,,,,,,,,,,,,,,,,,,,,,,,,,,
2019-009,2019-11-05 03:00:00,13.1,91.0,0,25.0,1003.0,3.0,,,,,,,,1,0,,,,,0,,,,,,,,,,,,,,,,,,,,,,,,,,,,,,,,,,,,,,
2019-009,2019-11-05 06:00:00,13.1,90.7,0,25.0,1003.0,3.0,5.0,20.0,5.0,,,,,1,0,,,,,0,,,,,,,,,,,,,,,,,,,,,,,,,,,,,,,,,,,,,,
2019-009,2019-11-05 12:00:00,13.2,90.1,0,25.0,1003.0,3.0,0.0,25.0,0.0,20.0,5.0,,,1,0,,,,,0,,,,,,,,,,,,,,,,,,,,,,,,,,,,,,,,,,,,,,
2019-009,2019-11-05 18:00:00,13.3,89.8,0,25.0,1002.0,4.0,0.0,25.0,0.0,25.0,0.0,,,1,0,,,,,0,,,,,,,,,,,,,,,,,,,,,,,,,,,,,,,,,,,,,,
2019-009,2019-11-06 00:00:00,13.4,89.7,0,30.0,1001.0,5.0,5.0,25.0,5.0,25.0,5.0,20.0,10.0,1,0,,,,,0,,,,,,,,,,,,,,,,,,,,,,,,,,,,,,,,,,,,,,
2019-009,2019-11-06 03:00:00,13.4,89.6,0,30.0,1001.0,5.0,,,,,,25.0,5.0,1,0,,,,,0,,,,,,,,,,,,,,,,,,,,,,,,,,,,,,,,,,,,,,
2019-009,2019-11-06 06:00:00,13.4,89.4,0,30.0,1001.0,5.0,0.0,30.0,0.0,25.0,5.0,25.0,5.0,1,0,,,,,0,,,,,,,,,,,,,,,,,,,,,,,,,,,,,,,,,,,,,,
2019-009,2019-11-06 12:00:00,13.5,89.3,0,30.0,1000.0,6.0,0.0,30.0,0.0,30.0,0.0,25.0,5.0,1,0,,,,,0,,,,,,,,,,,,,,,,,,,,,,,,,,,,,,,,,,,,,,
2019-009,2019-11-06 18:00:00,13.8,89.3,0,35.0,998.0,7.0,5.0,30.0,5.0,30.0,5.0,25.0,10.0,1,0,,,,,0,,,,,,,,,,,,,,,,,,,,,,,,,,,,,,,,,,,,,,
2019-009,2019-11-07 00:00:00,14.2,89.3,1,35.0,998.0,7.0,0.0,35.0,0.0,30.0,5.0,30.0,5.0,1,0,,,,,0,,,,,,,,,,,,,,,,,,,,,,,,,,,,,,,,,,,,,,
2019-009,2019-11-07 03:00:00,14.7,89.3,1,35.0,998.0,7.0,,,,,,30.0,5.0,1,0,,,,,0,,,,,,,,,,,,,,,,,,,,,,,,,,,,,,,,,,,,,,
2019-009,2019-11-07 06:00:00,15.3,88.7,1,40.0,996.0,8.0,5.0,35.0,5.0,35.0,5.0,30.0,10.0,1,0,,,,,0,,,,,,,,,,,,,,,,,,,,,,,,,,,,,,,,,,,,,,
2019-009,2019-11-07 09:00:00,15.5,88.4,0,45.0,995.0,9.0,10.0,35.0,10.0,,,,,1,0,,,,,0,,,,,,,,,,,,,,,,,,,,,,,,,,,,,,,,,,,,,,
2019-009,2019-11-07 12:00:00,15.9,88.0,1,45.0,994.0,10.0,5.0,40.0,5.0,35.0,10.0,30.0,15.0,1,0,,,,,0,,,,,,,,,,,,,,,,,,,,,,,,,,,,,,,,,,,,,,
2019-009,2019-11-07 15:00:00,16.2,87.9,0,50.0,992.0,12.0,5.0,45.0,5.0,35.0,15.0,,,1,0,,,,,0,,,,,,,,,,,,,,,,,,,,,,,,,,,,,,,,,,,,,,
2019-009,2019-11-07 18:00:00,16.4,87.8,0,55.0,989.0,15.0,10.0,45.0,10.0,40.0,15.0,35.0,20.0,1,0,,,,,0,,,,,,,,,,,,,,,,,,,,,,,,,,,,,,,,,,,,,,
2019-009,2019-11-07 21:00:00,16.6,87.7,0,60.0,986.0,18.0,10.0,50.0,10.0,45.0,15.0,,,1,0,,,,,0,,,,,,,,,,,,,,,,,,,,,,,,,,,,,,,,,,,,,,
2019-009,2019-11-08 00:00:00,16.9,87.6,0,65.0,983.0,21.0,10.0,55.0,10.0,45.0,20.0,35.0,30.0,1,0,,,,,0,,,,,,,,,,,,,,,,,,,,,,,,,,,,,,,,,,,,,,
2019-009,2019-11-08 03:00:00,17.2,87.6,0,65.0,982.0,22.0,5.0,60.0,5.0,50.0,15.0,35.0,30.0,1,0,,,,,0,,,,,,,,,,,,,,,,,,,,,,,,,,,,,,,,,,,,,,
2019-009,2019-11-08 06:00:00,17.6,87.6,0,70.0,980.0,24.0,5.0,65.0,5.0,55.0,15.0,40.0,30.0,1,0,,,,,0,,,,,,,,,,,,,,,,,,,,,,,,,,,,,,,,,,,,,,
2019-009,2019-11-08 09:00:00,18.1,87.6,0,70.0,980.0,24.0,5.0,65.0,5.0,60.0,10.0,45.0,25.0,1,0,,,,,0,,,,,,,,,,,,,,,,,,,,,,,,,,,,,,,,,,,,,,
2019-009,2019-11-08 12:00:00,18.5,87.6,0,75.0,976.0,28.0,5.0,70.0,5.0,65.0,10.0,45.0,30.0,1,0,,,,,0,,,,,,,,,,,,,,,,,,,,,,,,,,,,,,,,,,,,,,
2019-009,2019-11-08 15:00:00,19.2,87.7,0,75.0,976.0,28.0,5.0,70.0,5.0,65.0,10.0,50.0,25.0,1,0,,,,,0,,,,,,,,,,,,,,,,,,,,,,,,,,,,,,,,,,,,,,
2019-009,2019-11-08 18:00:00,19.3,87.6,0,75.0,976.0,28.0,0.0,75.0,0.0,70.0,5.0,55.0,20.0,1,0,,,,,0,,,,,,,,,,,,,,,,,,,,,,,,,,,,,,,,,,,,,,
2019-009,2019-11-08 21:00:00,19.6,87.7,0,75.0,976.0,28.0,0.0,75.0,0.0,70.0,5.0,60.0,15.0,1,0,,,,,0,,,,,,,,,,,,,,,,,,,,,,,,,,,,,,,,,,,,,,
2019-009,2019-11-09 00:00:00,20.0,87.6,0,75.0,976.0,28.0,0.0,75.0,0.0,75.0,0.0,65.0,10.0,1,0,,,,,0,,,,,,,,,,,,,,,,,,,,,,,,,,,,,,,,,,,,,,
2019-009,2019-11-09 03:00:00,20.4,87.6,0,70.0,980.0,24.0,-5.0,75.0,-5.0,75.0,-5.0,65.0,5.0,1,0,,,,,0,,,,,,,,,,,,,,,,,,,,,,,,,,,,,,,,,,,,,,
2019-009,2019-11-09 06:00:00,20.6,87.8,0,70.0,982.0,22.0,-5.0,75.0,-5.0,75.0,-5.0,70.0,0.0,1,0,,,,,0,,,,,,,,,,,,,,,,,,,,,,,,,,,,,,,,,,,,,,
2019-009,2019-11-09 09:00:00,20.9,87.9,0,70.0,982.0,22.0,0.0,70.0,0.0,75.0,-5.0,70.0,0.0,1,0,,,,,0,,,,,,,,,,,,,,,,,,,,,,,,,,,,,,,,,,,,,,
2019-009,2019-11-09 12:00:00,21.2,88.1,0,70.0,982.0,22.0,0.0,70.0,0.0,75.0,-5.0,75.0,-5.0,1,0,,,,,0,,,,,,,,,,,,,,,,,,,,,,,,,,,,,,,,,,,,,,
2019-009,2019-11-09 18:00:00,21.6,88.6,0,60.0,990.0,18.0,-10.0,70.0,-10.0,70.0,-10.0,75.0,-15.0,1,0,,,,,0,,,,,,,,,,,,,,,,,,,,,,,,,,,,,,,,,,,,,,
2019-009,2019-11-10 00:00:00,22.1,89.5,0,45.0,998.0,10.0,-15.0,60.0,-15.0,70.0,-25.0,75.0,-30.0,1,0,,,,,0,,,,,,,,,,,,,,,,,,,,,,,,,,,,,,,,,,,,,,
2020-001,2020-05-16 00:00:00,10.4,87.0,0,25.0,1000.0,3.0,,,,,,,,1,0,,,,,0,,,,,,,,,,,,,,,,,,,,,,,,,,,,,,,,,,,,,,
2020-001,2020-05-16 03:00:00,10.7,86.5,0,25.0,1000.0,3.0,,,,,,,,1,0,,,,,0,,,,,,,,,,,,,,,,,,,,,,,,,,,,,,,,,,,,,,
2020-001,2020-05-16 06:00:00,10.9,86.3,1,25.0,1000.0,3.0,0.0,25.0,0.0,,,,,1,0,,,,,0,,,,,,,,,,,,,,,,,,,,,,,,,,,,,,,,,,,,,,
2020-001,2020-05-16 09:00:00,10.9,86.3,1,30.0,998.0,5.0,5.0,25.0,5.0,,,,,1,0,,,,,0,,,,,,,,,,,,,,,,,,,,,,,,,,,,,,,,,,,,,,
2020-001,2020-05-16 12:00:00,10.9,86.3,1,35.0,996.0,7.0,10.0,25.0,10.0,25.0,10.0,,,1,0,,,,,0,,,,,,,,,,,,,,,,,,,,,,,,,,,,,,,,,,,,,,
2020-001,2020-05-16 15:00:00,11.0,86.2,1,40.0,995.0,8.0,10.0,30.0,10.0,25.0,15.0,,,1,0,,,,,0,,,,,,,,,,,,,,,,,,,,,,,,,,,,,,,,,,,,,,
2020-001,2020-05-16 18:00:00,11.1,86.1,1,40.0,995.0,8.0,5.0,35.0,5.0,25.0,15.0,,,1,0,,,,,0,,,,,,,,,,,,,,,,,,,,,,,,,,,,,,,,,,,,,,
2020-001,2020-05-16 21:00:00,11.3,86.1,1,45.0,994.0,10.0,5.0,40.0,5.0,30.0,15.0,,,1,0,,,,,0,,,,,,,,,,,,,,,,,,,,,,,,,,,,,,,,,,,,,,
2020-001,2020-05-17 00:00:00,11.4,86.0,1,45.0,993.0,11.0,5.0,40.0,5.0,35.0,10.0,25.0,20.0,1,0,,,,,0,,,,,,,,,,,,,,,,,,,,,,,,,,,,,,,,,,,,,,
2020-001,2020-05-17 03:00:00,11.4,86.0,1,50.0,990.0,12.0,5.0,45.0,5.0,40.0,10.0,25.0,25.0,1,0,,,,,0,,,,,,,,,,,,,,,,,,,,,,,,,,,,,,,,,,,,,,
2020-001,2020-05-17 06:00:00,11.5,86.0,1,55.0,988.0,15.0,10.0,45.0,10.0,40.0,15.0,25.0,30.0,1,0,,,,,0,,,,,,,,,,,,,,,,,,,,,,,,,,,,,,,,,,,,,,
2020-001,2020-05-17 09:00:00,11.7,86.0,1,65.0,980.0,22.0,15.0,50.0,15.0,45.0,20.0,30.0,35.0,1,0,2020-001_20200517_0900.npy,2020-05-17 08:00:00,60.0,0.0482680822826808,1,,,,,,,,,,,,,,,,,,,,,,,,,,,,,,,,,,,,,,
2020-001,2020-05-17 12:00:00,12.0,86.0,1,70.0,978.0,25.0,15.0,55.0,15.0,45.0,25.0,35.0,35.0,1,0,,,,,0,,,,,,,,,,,,,,,,,,,,,,,,,,,,,,,,,,,,,,
2020-001,2020-05-17 15:00:00,12.8,86.2,1,75.0,972.0,28.0,10.0,65.0,10.0,50.0,25.0,40.0,35.0,1,0,,,,,0,,,,,,,,,,,,,,,,,,,,,,,,,,,,,,,,,,,,,,
2020-001,2020-05-17 18:00:00,12.5,86.1,1,80.0,970.0,32.0,10.0,70.0,10.0,55.0,25.0,40.0,40.0,1,0,,,,,0,,,,,,,,,,,,,,,,,,,,,,,,,,,,,,,,,,,,,,
2020-001,2020-05-17 21:00:00,12.9,86.4,1,90.0,962.0,40.0,15.0,75.0,15.0,65.0,25.0,45.0,45.0,1,0,,,,,0,,,,,,,,,,,,,,,,,,,,,,,,,,,,,,,,,,,,,,
2020-001,2020-05-18 00:00:00,13.2,86.3,0,100.0,952.0,50.0,20.0,80.0,20.0,70.0,30.0,45.0,55.0,1,0,,,,,0,,,,,,,,,,,,,,,,,,,,,,,,,,,,,,,,,,,,,,
2020-001,2020-05-18 03:00:00,13.3,86.2,0,115.0,936.0,66.0,25.0,90.0,25.0,75.0,40.0,50.0,65.0,1,0,2020-001_20200518_0300.npy,2020-05-18 03:00:00,0.0,0.0487669421487603,1,,,,,,,,,,,,,,,,,,,,,,,,,,,,,,,,,,,,,,
2020-001,2020-05-18 06:00:00,13.4,86.2,0,120.0,930.0,72.0,20.0,100.0,20.0,80.0,40.0,55.0,65.0,1,0,,,,,0,,,,,,,,,,,,,,,,,,,,,,,,,,,,,,,,,,,,,,
2020-001,2020-05-18 09:00:00,13.7,86.2,0,120.0,930.0,72.0,5.0,115.0,5.0,90.0,30.0,65.0,55.0,1,0,,,,,0,,,,,,,,,,,,,,,,,,,,,,,,,,,,,,,,,,,,,,
2020-001,2020-05-18 12:00:00,14.0,86.3,0,125.0,926.0,76.0,5.0,120.0,5.0,100.0,25.0,70.0,55.0,1,0,2020-001_20200518_1200.npy,2020-05-18 11:00:00,60.0,0.0457520661157024,1,,,,,,,,,,,,,,,,,,,,,,,,,,,,,,,,,,,,,,
2020-001,2020-05-18 15:00:00,14.5,86.4,0,125.0,926.0,76.0,5.0,120.0,5.0,115.0,10.0,75.0,50.0,1,0,,,,,0,,,,,,,,,,,,,,,,,,,,,,,,,,,,,,,,,,,,,,
2020-001,2020-05-18 18:00:00,14.9,86.5,0,130.0,920.0,84.0,5.0,125.0,5.0,120.0,10.0,80.0,50.0,1,0,,,,,0,,,,,,,,,,,,,,,,,,,,,,,,,,,,,,,,,,,,,,
2020-001,2020-05-18 21:00:00,15.2,86.6,0,130.0,920.0,84.0,5.0,125.0,5.0,120.0,10.0,90.0,40.0,1,0,,,,,0,,,,,,,,,,,,,,,,,,,,,,,,,,,,,,,,,,,,,,
2020-001,2020-05-19 00:00:00,15.6,86.7,0,125.0,926.0,76.0,-5.0,130.0,-5.0,125.0,0.0,100.0,25.0,1,0,,,,,0,,,,,,,,,,,,,,,,,,,,,,,,,,,,,,,,,,,,,,
2020-001,2020-05-19 03:00:00,16.0,86.8,0,120.0,930.0,72.0,-10.0,130.0,-10.0,125.0,-5.0,115.0,5.0,1,0,,,,,0,,,,,,,,,,,,,,,,,,,,,,,,,,,,,,,,,,,,,,
2020-001,2020-05-19 06:00:00,16.5,86.9,0,115.0,936.0,66.0,-10.0,125.0,-10.0,130.0,-15.0,120.0,-5.0,1,0,,,,,0,,,,,,,,,,,,,,,,,,,,,,,,,,,,,,,,,,,,,,
2020-001,2020-05-19 09:00:00,17.0,86.9,0,110.0,942.0,60.0,-10.0,120.0,-10.0,130.0,-20.0,120.0,-10.0,1,0,,,,,0,,,,,,,,,,,,,,,,,,,,,,,,,,,,,,,,,,,,,,
2020-001,2020-05-19 12:00:00,17.4,87.0,0,105.0,946.0,56.0,-10.0,115.0,-10.0,125.0,-20.0,125.0,-20.0,1,0,,,,,0,,,,,,,,,,,,,,,,,,,,,,,,,,,,,,,,,,,,,,
2020-001,2020-05-19 15:00:00,18.1,87.1,0,100.0,948.0,50.0,-10.0,110.0,-10.0,120.0,-20.0,125.0,-25.0,1,0,,,,,0,,,,,,,,,,,,,,,,,,,,,,,,,,,,,,,,,,,,,,
2020-001,2020-05-19 18:00:00,18.4,87.2,0,100.0,948.0,50.0,-5.0,105.0,-5.0,115.0,-15.0,130.0,-30.0,1,0,,,,,0,,,,,,,,,,,,,,,,,,,,,,,,,,,,,,,,,,,,,,
2020-001,2020-05-19 21:00:00,18.7,87.2,0,100.0,948.0,50.0,0.0,100.0,0.0,110.0,-10.0,130.0,-30.0,1,0,,,,,0,,,,,,,,,,,,,,,,,,,,,,,,,,,,,,,,,,,,,,
2020-001,2020-05-20 00:00:00,19.1,87.5,0,95.0,952.0,46.0,-5.0,100.0,-5.0,105.0,-10.0,125.0,-30.0,1,0,,,,,0,,,,,,,,,,,,,,,,,,,,,,,,,,,,,,,,,,,,,,
2020-001,2020-05-20 03:00:00,19.8,87.7,0,95.0,954.0,44.0,-5.0,100.0,-5.0,100.0,-5.0,120.0,-25.0,1,0,,,,,0,,,,,,,,,,,,,,,,,,,,,,,,,,,,,,,,,,,,,,
2020-001,2020-05-20 06:00:00,20.6,88.0,0,90.0,956.0,42.0,-5.0,95.0,-5.0,100.0,-10.0,115.0,-25.0,1,0,,,,,0,,,,,,,,,,,,,,,,,,,,,,,,,,,,,,,,,,,,,,
2020-001,2020-05-20 12:00:00,21.9,88.4,0,85.0,957.0,36.0,-5.0,90.0,-5.0,95.0,-10.0,105.0,-20.0,1,0,,,,,0,,,,,,,,,,,,,,,,,,,,,,,,,,,,,,,,,,,,,,
2020-004,2020-10-11 00:00:00,15.3,86.5,0,20.0,999.0,3.0,,,,,,,,1,0,,,,,0,,,,,,,,,,,,,,,,,,,,,,,,,,,,,,,,,,,,,,
2020-004,2020-10-11 03:00:00,15.4,86.2,0,25.0,998.0,4.0,,,,,,,,1,0,,,,,0,,,,,,,,,,,,,,,,,,,,,,,,,,,,,,,,,,,,,,
2020-004,2020-10-11 06:00:00,15.4,85.8,0,25.0,998.0,4.0,5.0,20.0,5.0,,,,,1,0,,,,,0,,,,,,,,,,,,,,,,,,,,,,,,,,,,,,,,,,,,,,
2020-004,2020-10-11 12:00:00,15.5,85.4,0,25.0,998.0,4.0,0.0,25.0,0.0,20.0,5.0,,,1,0,,,,,0,,,,,,,,,,,,,,,,,,,,,,,,,,,,,,,,,,,,,,
2020-004,2020-10-11 18:00:00,15.6,85.2,0,25.0,998.0,4.0,0.0,25.0,0.0,25.0,0.0,,,1,0,,,,,0,,,,,,,,,,,,,,,,,,,,,,,,,,,,,,,,,,,,,,
2020-004,2020-10-12 00:00:00,15.7,85.0,0,25.0,998.0,4.0,0.0,25.0,0.0,25.0,0.0,20.0,5.0,1,0,,,,,0,,,,,,,,,,,,,,,,,,,,,,,,,,,,,,,,,,,,,,
2020-004,2020-10-12 03:00:00,15.7,85.0,0,30.0,997.0,5.0,,,,,,25.0,5.0,1,0,,,,,0,,,,,,,,,,,,,,,,,,,,,,,,,,,,,,,,,,,,,,
2020-004,2020-10-12 06:00:00,15.9,84.8,0,30.0,997.0,5.0,5.0,25.0,5.0,25.0,5.0,25.0,5.0,1,0,,,,,0,,,,,,,,,,,,,,,,,,,,,,,,,,,,,,,,,,,,,,
2020-004,2020-10-12 12:00:00,16.1,84.6,0,30.0,997.0,5.0,0.0,30.0,0.0,25.0,5.0,25.0,5.0,1,0,,,,,0,,,,,,,,,,,,,,,,,,,,,,,,,,,,,,,,,,,,,,
2020-004,2020-10-12 18:00:00,16.5,83.4,0,30.0,997.0,5.0,0.0,30.0,0.0,30.0,0.0,25.0,5.0,1,0,,,,,0,,,,,,,,,,,,,,,,,,,,,,,,,,,,,,,,,,,,,,
2020-004,2020-10-13 00:00:00,16.9,82.5,0,30.0,997.0,5.0,0.0,30.0,0.0,30.0,0.0,25.0,5.0,1,0,,,,,0,,,,,,,,,,,,,,,,,,,,,,,,,,,,,,,,,,,,,,
2020-004,2020-10-13 03:00:00,17.0,82.1,0,30.0,996.0,6.0,,,,,,30.0,0.0,1,0,,,,,0,,,,,,,,,,,,,,,,,,,,,,,,,,,,,,,,,,,,,,
2020-004,2020-10-13 06:00:00,17.3,81.5,0,25.0,998.0,4.0,-5.0,30.0,-5.0,30.0,-5.0,30.0,-5.0,1,0,,,,,0,,,,,,,,,,,,,,,,,,,,,,,,,,,,,,,,,,,,,,
2020-006,2020-10-22 03:00:00,18.7,87.0,0,20.0,999.0,3.0,,,,,,,,1,0,,,,,0,,,,,,,,,,,,,,,,,,,,,,,,,,,,,,,,,,,,,,
2020-006,2020-10-22 06:00:00,19.0,87.0,0,25.0,998.0,4.0,,,,,,,,1,0,,,,,0,,,,,,,,,,,,,,,,,,,,,,,,,,,,,,,,,,,,,,
2020-006,2020-10-22 12:00:00,19.7,87.3,0,25.0,998.0,4.0,0.0,25.0,0.0,,,,,1,0,,,,,0,,,,,,,,,,,,,,,,,,,,,,,,,,,,,,,,,,,,,,
2020-006,2020-10-22 18:00:00,20.2,87.6,0,25.0,998.0,4.0,0.0,25.0,0.0,25.0,0.0,,,1,0,,,,,0,,,,,,,,,,,,,,,,,,,,,,,,,,,,,,,,,,,,,,
2020-007,2020-11-23 00:00:00,9.3,84.5,0,25.0,1002.0,3.0,,,,,,,,1,0,,,,,0,,,,,,,,,,,,,,,,,,,,,,,,,,,,,,,,,,,,,,
2020-007,2020-11-23 03:00:00,9.5,84.2,0,25.0,1002.0,3.0,0.0,25.0,0.0,,,,,1,0,,,,,0,,,,,,,,,,,,,,,,,,,,,,,,,,,,,,,,,,,,,,
2020-007,2020-11-23 06:00:00,9.6,84.0,0,25.0,1001.0,4.0,0.0,25.0,0.0,,,,,1,0,,,,,0,,,,,,,,,,,,,,,,,,,,,,,,,,,,,,,,,,,,,,
2020-007,2020-11-23 12:00:00,9.8,83.6,0,30.0,999.0,5.0,5.0,25.0,5.0,25.0,5.0,,,1,0,,,,,0,,,,,,,,,,,,,,,,,,,,,,,,,,,,,,,,,,,,,,
2020-007,2020-11-23 18:00:00,10.0,83.3,0,30.0,998.0,6.0,0.0,30.0,0.0,25.0,5.0,,,1,0,,,,,0,,,,,,,,,,,,,,,,,,,,,,,,,,,,,,,,,,,,,,
2020-007,2020-11-24 00:00:00,10.0,83.0,0,35.0,997.0,7.0,5.0,30.0,5.0,30.0,5.0,25.0,10.0,1,0,,,,,0,,,,,,,,,,,,,,,,,,,,,,,,,,,,,,,,,,,,,,
2020-007,2020-11-24 03:00:00,10.0,83.0,0,35.0,997.0,7.0,,,,,,25.0,10.0,1,0,,,,,0,,,,,,,,,,,,,,,,,,,,,,,,,,,,,,,,,,,,,,
2020-007,2020-11-24 06:00:00,10.0,82.7,0,40.0,994.0,8.0,5.0,35.0,5.0,30.0,10.0,25.0,15.0,1,0,,,,,0,,,,,,,,,,,,,,,,,,,,,,,,,,,,,,,,,,,,,,
2020-007,2020-11-24 09:00:00,10.0,82.6,0,45.0,992.0,10.0,10.0,35.0,10.0,,,,,1,0,,,,,0,,,,,,,,,,,,,,,,,,,,,,,,,,,,,,,,,,,,,,
2020-007,2020-11-24 12:00:00,10.1,82.5,0,45.0,992.0,10.0,5.0,40.0,5.0,35.0,10.0,30.0,15.0,1,0,,,,,0,,,,,,,,,,,,,,,,,,,,,,,,,,,,,,,,,,,,,,
2020-007,2020-11-24 15:00:00,10.1,82.4,0,45.0,992.0,10.0,0.0,45.0,0.0,35.0,10.0,,,1,0,,,,,0,,,,,,,,,,,,,,,,,,,,,,,,,,,,,,,,,,,,,,
2020-007,2020-11-24 18:00:00,10.2,82.3,0,50.0,990.0,12.0,5.0,45.0,5.0,40.0,10.0,30.0,20.0,1,0,,,,,0,,,,,,,,,,,,,,,,,,,,,,,,,,,,,,,,,,,,,,
2020-007,2020-11-24 21:00:00,10.3,82.2,0,55.0,988.0,16.0,10.0,45.0,10.0,45.0,10.0,,,1,0,,,,,0,,,,,,,,,,,,,,,,,,,,,,,,,,,,,,,,,,,,,,
2020-007,2020-11-25 00:00:00,10.5,82.0,0,60.0,986.0,18.0,10.0,50.0,10.0,45.0,15.0,35.0,25.0,1,0,,,,,0,,,,,,,,,,,,,,,,,,,,,,,,,,,,,,,,,,,,,,
2020-007,2020-11-25 03:00:00,10.7,81.7,0,60.0,986.0,18.0,5.0,55.0,5.0,45.0,15.0,35.0,25.0,1,0,,,,,0,,,,,,,,,,,,,,,,,,,,,,,,,,,,,,,,,,,,,,
2020-007,2020-11-25 06:00:00,11.0,81.3,0,60.0,986.0,18.0,0.0,60.0,0.0,50.0,10.0,40.0,20.0,1,0,,,,,0,,,,,,,,,,,,,,,,,,,,,,,,,,,,,,,,,,,,,,
2020-007,2020-11-25 09:00:00,11.2,81.0,0,65.0,982.0,22.0,5.0,60.0,5.0,55.0,10.0,45.0,20.0,1,0,,,,,0,,,,,,,,,,,,,,,,,,,,,,,,,,,,,,,,,,,,,,
2020-007,2020-11-25 12:00:00,11.4,80.7,0,65.0,982.0,22.0,5.0,60.0,5.0,60.0,5.0,45.0,20.0,1,0,,,,,0,,,,,,,,,,,,,,,,,,,,,,,,,,,,,,,,,,,,,,
2020-007,2020-11-25 18:00:00,12.0,80.1,0,65.0,982.0,22.0,0.0,65.0,0.0,60.0,5.0,50.0,15.0,1,0,,,,,0,,,,,,,,,,,,,,,,,,,,,,,,,,,,,,,,,,,,,,
2020-009,2020-11-30 00:00:00,7.5,88.0,0,20.0,1003.0,3.0,,,,,,,,1,0,,,,,0,,,,,,,,,,,,,,,,,,,,,,,,,,,,,,,,,,,,,,
2020-009,2020-11-30 03:00:00,7.7,87.7,0,25.0,1002.0,4.0,,,,,,,,1,0,,,,,0,,,,,,,,,,,,,,,,,,,,,,,,,,,,,,,,,,,,,,
2020-009,2020-11-30 06:00:00,7.8,87.4,0,25.0,1002.0,4.0,5.0,20.0,5.0,,,,,1,0,,,,,0,,,,,,,,,,,,,,,,,,,,,,,,,,,,,,,,,,,,,,
2020-009,2020-11-30 12:00:00,7.7,87.0,0,25.0,1002.0,4.0,0.0,25.0,0.0,20.0,5.0,,,1,0,,,,,0,,,,,,,,,,,,,,,,,,,,,,,,,,,,,,,,,,,,,,
2020-009,2020-11-30 18:00:00,7.8,86.6,0,25.0,1002.0,4.0,0.0,25.0,0.0,25.0,0.0,,,1,0,,,,,0,,,,,,,,,,,,,,,,,,,,,,,,,,,,,,,,,,,,,,
2020-009,2020-12-01 00:00:00,7.8,86.0,0,30.0,1000.0,6.0,5.0,25.0,5.0,25.0,5.0,20.0,10.0,1,0,,,,,0,,,,,,,,,,,,,,,,,,,,,,,,,,,,,,,,,,,,,,
2020-009,2020-12-01 03:00:00,7.8,85.7,0,30.0,1000.0,6.0,,,,,,25.0,5.0,1,0,,,,,0,,,,,,,,,,,,,,,,,,,,,,,,,,,,,,,,,,,,,,
2020-009,2020-12-01 06:00:00,7.8,85.3,0,30.0,1000.0,6.0,0.0,30.0,0.0,25.0,5.0,25.0,5.0,1,0,,,,,0,,,,,,,,,,,,,,,,,,,,,,,,,,,,,,,,,,,,,,
2020-009,2020-12-01 12:00:00,7.9,84.8,0,35.0,999.0,7.0,5.0,30.0,5.0,30.0,5.0,25.0,10.0,1,0,,,,,0,,,,,,,,,,,,,,,,,,,,,,,,,,,,,,,,,,,,,,
2020-009,2020-12-01 15:00:00,7.9,84.5,0,35.0,999.0,7.0,,,,30.0,5.0,,,1,0,,,,,0,,,,,,,,,,,,,,,,,,,,,,,,,,,,,,,,,,,,,,
2020-009,2020-12-01 18:00:00,8.1,84.2,0,35.0,999.0,7.0,0.0,35.0,0.0,30.0,5.0,25.0,10.0,1,0,,,,,0,,,,,,,,,,,,,,,,,,,,,,,,,,,,,,,,,,,,,,
2020-009,2020-12-01 21:00:00,8.4,83.4,0,35.0,999.0,7.0,0.0,35.0,0.0,,,,,1,0,,,,,0,,,,,,,,,,,,,,,,,,,,,,,,,,,,,,,,,,,,,,
2020-009,2020-12-02 00:00:00,8.6,83.0,0,40.0,998.0,8.0,5.0,35.0,5.0,35.0,5.0,30.0,10.0,1,0,,,,,0,,,,,,,,,,,,,,,,,,,,,,,,,,,,,,,,,,,,,,
2020-009,2020-12-02 03:00:00,8.7,82.5,0,40.0,998.0,8.0,5.0,35.0,5.0,35.0,5.0,30.0,10.0,1,0,,,,,0,,,,,,,,,,,,,,,,,,,,,,,,,,,,,,,,,,,,,,
2020-009,2020-12-02 06:00:00,8.8,82.2,0,45.0,996.0,10.0,5.0,40.0,5.0,35.0,10.0,30.0,15.0,1,0,,,,,0,,,,,,,,,,,,,,,,,,,,,,,,,,,,,,,,,,,,,,
2020-009,2020-12-02 09:00:00,8.8,81.8,0,45.0,996.0,10.0,5.0,40.0,5.0,35.0,10.0,,,1,0,,,,,0,,,,,,,,,,,,,,,,,,,,,,,,,,,,,,,,,,,,,,
2020-009,2020-12-02 12:00:00,8.8,81.4,0,45.0,996.0,10.0,0.0,45.0,0.0,40.0,5.0,35.0,10.0,1,0,,,,,0,,,,,,,,,,,,,,,,,,,,,,,,,,,,,,,,,,,,,,
2020-009,2020-12-02 15:00:00,8.8,81.4,0,45.0,996.0,10.0,0.0,45.0,0.0,40.0,5.0,35.0,10.0,1,0,,,,,0,,,,,,,,,,,,,,,,,,,,,,,,,,,,,,,,,,,,,,
2020-009,2020-12-02 18:00:00,8.9,80.9,0,45.0,996.0,10.0,0.0,45.0,0.0,45.0,0.0,35.0,10.0,1,0,,,,,0,,,,,,,,,,,,,,,,,,,,,,,,,,,,,,,,,,,,,,
2020-009,2020-12-02 21:00:00,9.0,80.8,0,40.0,998.0,8.0,-5.0,45.0,-5.0,45.0,-5.0,35.0,5.0,1,0,,,,,0,,,,,,,,,,,,,,,,,,,,,,,,,,,,,,,,,,,,,,
2020-009,2020-12-03 00:00:00,9.0,80.3,0,40.0,998.0,8.0,-5.0,45.0,-5.0,45.0,-5.0,40.0,0.0,1,0,,,,,0,,,,,,,,,,,,,,,,,,,,,,,,,,,,,,,,,,,,,,
2020-009,2020-12-03 03:00:00,9.1,80.2,0,40.0,998.0,8.0,0.0,40.0,0.0,45.0,-5.0,40.0,0.0,1,0,,,,,0,,,,,,,,,,,,,,,,,,,,,,,,,,,,,,,,,,,,,,
2020-009,2020-12-03 06:00:00,9.2,79.7,0,40.0,998.0,8.0,0.0,40.0,0.0,45.0,-5.0,45.0,-5.0,1,0,,,,,0,,,,,,,,,,,,,,,,,,,,,,,,,,,,,,,,,,,,,,
2020-009,2020-12-03 12:00:00,9.2,79.1,0,30.0,1000.0,6.0,-10.0,40.0,-10.0,40.0,-10.0,45.0,-15.0,1,0,,,,,0,,,,,,,,,,,,,,,,,,,,,,,,,,,,,,,,,,,,,,
2020-009,2020-12-03 18:00:00,9.1,78.6,0,30.0,1000.0,6.0,0.0,30.0,0.0,40.0,-10.0,45.0,-15.0,1,0,,,,,0,,,,,,,,,,,,,,,,,,,,,,,,,,,,,,,,,,,,,,
2020-009,2020-12-04 00:00:00,9.1,78.6,0,30.0,1000.0,6.0,0.0,30.0,0.0,30.0,0.0,40.0,-10.0,1,0,,,,,0,,,,,,,,,,,,,,,,,,,,,,,,,,,,,,,,,,,,,,
2020-009,2020-12-04 03:00:00,9.1,78.6,0,30.0,1001.0,5.0,0.0,30.0,0.0,30.0,0.0,40.0,-10.0,1,0,,,,,0,,,,,,,,,,,,,,,,,,,,,,,,,,,,,,,,,,,,,,
2021-001,2021-04-02 00:00:00,11.0,96.3,0,25.0,1000.0,3.0,,,,,,,,1,0,,,,,0,,,,,,,,,,,,,,,,,,,,,,,,,,,,,,,,,,,,,,
2021-001,2021-04-02 03:00:00,11.0,96.3,0,25.0,1000.0,3.0,,,,,,,,1,0,,,,,0,,,,,,,,,,,,,,,,,,,,,,,,,,,,,,,,,,,,,,
2021-003,2021-05-23 06:00:00,16.1,90.2,0,25.0,996.0,4.0,,,,,,,,1,0,,,,,0,,,,,,,,,,,,,,,,,,,,,,,,,,,,,,,,,,,,,,
2021-003,2021-05-23 12:00:00,16.2,89.9,0,25.0,994.0,4.0,0.0,25.0,0.0,,,,,1,0,,,,,0,,,,,,,,,,,,,,,,,,,,,,,,,,,,,,,,,,,,,,
2021-003,2021-05-23 18:00:00,16.3,89.7,0,30.0,992.0,5.0,5.0,25.0,5.0,25.0,5.0,,,1,0,,,,,0,,,,,,,,,,,,,,,,,,,,,,,,,,,,,,,,,,,,,,
2021-003,2021-05-24 00:00:00,16.3,89.7,0,35.0,990.0,7.0,5.0,30.0,5.0,25.0,10.0,,,1,0,,,,,0,,,,,,,,,,,,,,,,,,,,,,,,,,,,,,,,,,,,,,
2021-003,2021-05-24 03:00:00,16.5,89.6,0,40.0,988.0,8.0,,,,,,,,1,0,,,,,0,,,,,,,,,,,,,,,,,,,,,,,,,,,,,,,,,,,,,,
2021-003,2021-05-24 06:00:00,16.4,89.6,0,40.0,988.0,8.0,5.0,35.0,5.0,30.0,10.0,25.0,15.0,1,0,,,,,0,,,,,,,,,,,,,,,,,,,,,,,,,,,,,,,,,,,,,,
2021-003,2021-05-24 09:00:00,16.8,89.5,0,40.0,988.0,8.0,0.0,40.0,0.0,,,,,1,0,,,,,0,,,,,,,,,,,,,,,,,,,,,,,,,,,,,,,,,,,,,,
2021-003,2021-05-24 12:00:00,17.1,89.3,0,45.0,986.0,10.0,5.0,40.0,5.0,35.0,10.0,25.0,20.0,1,0,,,,,0,,,,,,,,,,,,,,,,,,,,,,,,,,,,,,,,,,,,,,
2021-003,2021-05-24 15:00:00,17.4,89.2,0,45.0,986.0,10.0,5.0,40.0,5.0,40.0,5.0,,,1,0,,,,,0,,,,,,,,,,,,,,,,,,,,,,,,,,,,,,,,,,,,,,
2021-003,2021-05-24 18:00:00,17.6,89.0,0,50.0,984.0,12.0,5.0,45.0,5.0,40.0,10.0,30.0,20.0,1,0,,,,,0,,,,,,,,,,,,,,,,,,,,,,,,,,,,,,,,,,,,,,
2021-003,2021-05-24 21:00:00,17.8,88.9,0,55.0,982.0,14.0,10.0,45.0,10.0,40.0,15.0,,,1,0,,,,,0,,,,,,,,,,,,,,,,,,,,,,,,,,,,,,,,,,,,,,
2021-003,2021-05-25 00:00:00,18.0,88.6,0,55.0,980.0,16.0,5.0,50.0,5.0,45.0,10.0,35.0,20.0,1,0,,,,,0,,,,,,,,,,,,,,,,,,,,,,,,,,,,,,,,,,,,,,
2021-003,2021-05-25 03:00:00,18.3,88.3,0,55.0,980.0,16.0,0.0,55.0,0.0,45.0,10.0,40.0,15.0,1,0,,,,,0,,,,,,,,,,,,,,,,,,,,,,,,,,,,,,,,,,,,,,
2021-003,2021-05-25 06:00:00,18.7,88.0,0,60.0,978.0,18.0,5.0,55.0,5.0,50.0,10.0,40.0,20.0,1,0,,,,,0,,,,,,,,,,,,,,,,,,,,,,,,,,,,,,,,,,,,,,
2021-003,2021-05-25 09:00:00,19.1,88.1,0,60.0,978.0,18.0,5.0,55.0,5.0,55.0,5.0,40.0,20.0,1,0,,,,,0,,,,,,,,,,,,,,,,,,,,,,,,,,,,,,,,,,,,,,
2021-003,2021-05-25 12:00:00,19.5,88.0,0,65.0,976.0,20.0,5.0,60.0,5.0,55.0,10.0,45.0,20.0,1,0,,,,,0,,,,,,,,,,,,,,,,,,,,,,,,,,,,,,,,,,,,,,
2021-003,2021-05-25 15:00:00,19.8,87.9,0,65.0,976.0,20.0,5.0,60.0,5.0,55.0,10.0,45.0,20.0,1,0,,,,,0,,,,,,,,,,,,,,,,,,,,,,,,,,,,,,,,,,,,,,
2021-003,2021-05-25 18:00:00,20.1,87.8,0,70.0,974.0,24.0,5.0,65.0,5.0,60.0,10.0,50.0,20.0,1,0,,,,,0,,,,,,,,,,,,,,,,,,,,,,,,,,,,,,,,,,,,,,
2021-003,2021-05-26 00:00:00,20.8,87.3,0,75.0,970.0,28.0,5.0,70.0,5.0,65.0,10.0,55.0,20.0,1,0,,,,,0,,,,,,,,,,,,,,,,,,,,,,,,,,,,,,,,,,,,,,
2021-003,2021-05-26 03:00:00,21.2,87.1,0,75.0,970.0,28.0,0.0,75.0,0.0,65.0,10.0,55.0,20.0,1,0,,,,,0,,,,,,,,,,,,,,,,,,,,,,,,,,,,,,,,,,,,,,
2021-003,2021-05-26 06:00:00,21.4,86.9,0,75.0,970.0,28.0,0.0,75.0,0.0,70.0,5.0,60.0,15.0,1,0,,,,,0,,,,,,,,,,,,,,,,,,,,,,,,,,,,,,,,,,,,,,
2021-003,2021-05-26 12:00:00,21.8,86.6,0,45.0,984.0,10.0,-30.0,75.0,-30.0,75.0,-30.0,65.0,-20.0,1,0,,,,,0,,,,,,,,,,,,,,,,,,,,,,,,,,,,,,,,,,,,,,
2021-003,2021-05-26 18:00:00,22.5,86.0,0,30.0,988.0,6.0,-15.0,45.0,-15.0,75.0,-45.0,70.0,-40.0,1,0,,,,,0,,,,,,,,,,,,,,,,,,,,,,,,,,,,,,,,,,,,,,
2021-004,2021-09-12 12:00:00,20.3,87.4,0,25.0,992.0,4.0,,,,,,,,1,0,,,,,0,,,,,,,,,,,,,,,,,,,,,,,,,,,,,,,,,,,,,,
2021-004,2021-09-12 18:00:00,20.4,87.1,0,25.0,992.0,4.0,0.0,25.0,0.0,,,,,1,0,,,,,0,,,,,,,,,,,,,,,,,,,,,,,,,,,,,,,,,,,,,,
2021-004,2021-09-13 00:00:00,20.6,87.0,0,30.0,990.0,4.0,5.0,25.0,5.0,25.0,5.0,,,1,0,,,,,0,,,,,,,,,,,,,,,,,,,,,,,,,,,,,,,,,,,,,,
2021-004,2021-09-13 03:00:00,20.9,86.5,0,30.0,990.0,6.0,,,,,,,,1,0,,,,,0,,,,,,,,,,,,,,,,,,,,,,,,,,,,,,,,,,,,,,
2021-004,2021-09-13 06:00:00,21.1,86.2,0,30.0,990.0,6.0,0.0,30.0,0.0,25.0,5.0,,,1,0,,,,,0,,,,,,,,,,,,,,,,,,,,,,,,,,,,,,,,,,,,,,
2021-004,2021-09-13 12:00:00,21.4,85.5,0,30.0,990.0,6.0,0.0,30.0,0.0,30.0,0.0,25.0,5.0,1,0,,,,,0,,,,,,,,,,,,,,,,,,,,,,,,,,,,,,,,,,,,,,
2021-004,2021-09-13 18:00:00,21.6,84.8,0,30.0,990.0,6.0,0.0,30.0,0.0,30.0,0.0,25.0,5.0,1,0,,,,,0,,,,,,,,,,,,,,,,,,,,,,,,,,,,,,,,,,,,,,
2021-005,2021-09-24 12:00:00,18.3,91.2,0,25.0,1000.0,4.0,,,,,,,,1,0,,,,,0,,,,,,,,,,,,,,,,,,,,,,,,,,,,,,,,,,,,,,
2021-005,2021-09-24 18:00:00,18.4,90.4,0,25.0,1000.0,4.0,0.0,25.0,0.0,,,,,1,0,,,,,0,,,,,,,,,,,,,,,,,,,,,,,,,,,,,,,,,,,,,,
2021-005,2021-09-25 00:00:00,18.4,89.7,0,30.0,999.0,5.0,5.0,25.0,5.0,25.0,5.0,,,1,0,,,,,0,,,,,,,,,,,,,,,,,,,,,,,,,,,,,,,,,,,,,,
2021-005,2021-09-25 03:00:00,18.4,89.3,0,30.0,998.0,6.0,,,,,,,,1,0,,,,,0,,,,,,,,,,,,,,,,,,,,,,,,,,,,,,,,,,,,,,
2021-005,2021-09-25 06:00:00,18.4,88.7,0,30.0,998.0,6.0,0.0,30.0,0.0,25.0,5.0,,,1,0,,,,,0,,,,,,,,,,,,,,,,,,,,,,,,,,,,,,,,,,,,,,
2021-005,2021-09-25 12:00:00,18.3,88.3,0,35.0,997.0,7.0,5.0,30.0,5.0,30.0,5.0,25.0,10.0,1,0,,,,,0,,,,,,,,,,,,,,,,,,,,,,,,,,,,,,,,,,,,,,
2021-005,2021-09-25 15:00:00,18.3,88.1,0,35.0,997.0,7.0,,,,30.0,5.0,,,1,0,,,,,0,,,,,,,,,,,,,,,,,,,,,,,,,,,,,,,,,,,,,,
2021-005,2021-09-25 18:00:00,18.3,87.9,0,35.0,996.0,7.0,0.0,35.0,0.0,30.0,5.0,25.0,10.0,1,0,,,,,0,,,,,,,,,,,,,,,,,,,,,,,,,,,,,,,,,,,,,,
2021-005,2021-09-25 21:00:00,18.3,87.6,0,35.0,996.0,7.0,0.0,35.0,0.0,,,,,1,0,,,,,0,,,,,,,,,,,,,,,,,,,,,,,,,,,,,,,,,,,,,,
2021-005,2021-09-26 00:00:00,18.3,87.3,0,40.0,994.0,8.0,5.0,35.0,5.0,35.0,5.0,30.0,10.0,1,0,,,,,0,,,,,,,,,,,,,,,,,,,,,,,,,,,,,,,,,,,,,,
2021-005,2021-09-26 03:00:00,18.4,86.4,0,40.0,994.0,8.0,5.0,35.0,5.0,35.0,5.0,30.0,10.0,1,0,,,,,0,,,,,,,,,,,,,,,,,,,,,,,,,,,,,,,,,,,,,,
2021-005,2021-09-26 06:00:00,18.4,85.9,0,45.0,992.0,10.0,5.0,40.0,5.0,35.0,10.0,30.0,15.0,1,0,,,,,0,,,,,,,,,,,,,,,,,,,,,,,,,,,,,,,,,,,,,,
2021-005,2021-09-26 12:00:00,18.4,84.6,0,45.0,992.0,10.0,0.0,45.0,0.0,40.0,5.0,35.0,10.0,1,0,,,,,0,,,,,,,,,,,,,,,,,,,,,,,,,,,,,,,,,,,,,,
2021-005,2021-09-26 18:00:00,18.4,83.4,0,35.0,994.0,7.0,-10.0,45.0,-10.0,45.0,-10.0,35.0,0.0,1,0,,,,,0,,,,,,,,,,,,,,,,,,,,,,,,,,,,,,,,,,,,,,
2021-005,2021-09-27 00:00:00,18.4,82.8,0,30.0,996.0,6.0,-5.0,35.0,-5.0,45.0,-15.0,40.0,-10.0,1,0,,,,,0,,,,,,,,,,,,,,,,,,,,,,,,,,,,,,,,,,,,,,
2021-005,2021-09-27 03:00:00,18.4,82.5,0,30.0,996.0,6.0,0.0,30.0,0.0,45.0,-15.0,40.0,-10.0,1,0,,,,,0,,,,,,,,,,,,,,,,,,,,,,,,,,,,,,,,,,,,,,
2021-008,2021-11-10 12:00:00,10.6,83.4,0,25.0,1000.0,4.0,,,,,,,,1,0,,,,,0,,,,,,,,,,,,,,,,,,,,,,,,,,,,,,,,,,,,,,
2021-008,2021-11-10 18:00:00,11.3,82.3,0,25.0,1000.0,4.0,0.0,25.0,0.0,,,,,1,0,,,,,0,,,,,,,,,,,,,,,,,,,,,,,,,,,,,,,,,,,,,,
2021-009,2021-11-18 03:00:00,11.0,82.3,0,25.0,1000.0,4.0,,,,,,,,1,0,,,,,0,,,,,,,,,,,,,,,,,,,,,,,,,,,,,,,,,,,,,,
2021-010,2021-12-02 12:00:00,11.0,89.0,0,25.0,1004.0,4.0,,,,,,,,1,0,,,,,0,,,,,,,,,,,,,,,,,,,,,,,,,,,,,,,,,,,,,,
2021-010,2021-12-02 18:00:00,12.0,87.5,0,25.0,1004.0,4.0,0.0,25.0,0.0,,,,,1,0,,,,,0,,,,,,,,,,,,,,,,,,,,,,,,,,,,,,,,,,,,,,
2021-010,2021-12-03 00:00:00,13.4,86.4,0,30.0,1002.0,5.0,5.0,25.0,5.0,25.0,5.0,,,1,0,,,,,0,,,,,,,,,,,,,,,,,,,,,,,,,,,,,,,,,,,,,,
2021-010,2021-12-03 03:00:00,14.0,86.0,0,30.0,1002.0,6.0,,,,,,,,1,0,,,,,0,,,,,,,,,,,,,,,,,,,,,,,,,,,,,,,,,,,,,,
2021-010,2021-12-03 06:00:00,14.5,85.6,0,35.0,1001.0,7.0,5.0,30.0,5.0,25.0,10.0,,,1,0,,,,,0,,,,,,,,,,,,,,,,,,,,,,,,,,,,,,,,,,,,,,
2021-010,2021-12-03 09:00:00,15.0,85.3,0,35.0,1001.0,7.0,5.0,30.0,5.0,,,,,1,0,,,,,0,,,,,,,,,,,,,,,,,,,,,,,,,,,,,,,,,,,,,,
2021-010,2021-12-03 12:00:00,15.5,85.0,0,40.0,1000.0,8.0,5.0,35.0,5.0,30.0,10.0,25.0,15.0,1,0,,,,,0,,,,,,,,,,,,,,,,,,,,,,,,,,,,,,,,,,,,,,
2021-010,2021-12-03 18:00:00,15.9,84.8,0,40.0,1000.0,8.0,0.0,40.0,0.0,35.0,5.0,25.0,15.0,1,0,,,,,0,,,,,,,,,,,,,,,,,,,,,,,,,,,,,,,,,,,,,,
2021-010,2021-12-04 00:00:00,16.2,84.7,0,40.0,1000.0,8.0,0.0,40.0,0.0,40.0,0.0,30.0,10.0,1,0,,,,,0,,,,,,,,,,,,,,,,,,,,,,,,,,,,,,,,,,,,,,
2021-010,2021-12-04 03:00:00,16.3,84.7,0,40.0,1000.0,8.0,0.0,40.0,0.0,40.0,0.0,30.0,10.0,1,0,,,,,0,,,,,,,,,,,,,,,,,,,,,,,,,,,,,,,,,,,,,,
2021-010,2021-12-04 06:00:00,16.4,84.7,0,35.0,1001.0,7.0,-5.0,40.0,-5.0,40.0,-5.0,35.0,0.0,1,0,,,,,0,,,,,,,,,,,,,,,,,,,,,,,,,,,,,,,,,,,,,,
2021-010,2021-12-04 09:00:00,16.5,84.7,0,35.0,1001.0,7.0,-5.0,40.0,-5.0,40.0,-5.0,35.0,0.0,1,0,,,,,0,,,,,,,,,,,,,,,,,,,,,,,,,,,,,,,,,,,,,,
2021-010,2021-12-04 12:00:00,16.9,84.8,0,30.0,1002.0,6.0,-5.0,35.0,-5.0,40.0,-10.0,40.0,-10.0,1,0,,,,,0,,,,,,,,,,,,,,,,,,,,,,,,,,,,,,,,,,,,,,
2021-010,2021-12-04 18:00:00,17.5,85.0,0,30.0,1002.0,6.0,0.0,30.0,0.0,35.0,-5.0,40.0,-10.0,1,0,,,,,0,,,,,,,,,,,,,,,,,,,,,,,,,,,,,,,,,,,,,,
2022-001,2022-03-03 00:00:00,5.3,84.0,0,25.0,1004.0,3.0,,,,,,,,1,0,,,,,0,,,,,,,,,,,,,,,,,,,,,,,,,,,,,,,,,,,,,,
2022-001,2022-03-03 03:00:00,5.6,83.7,0,25.0,1004.0,3.0,,,,,,,,1,0,,,,,0,,,,,,,,,,,,,,,,,,,,,,,,,,,,,,,,,,,,,,
2022-001,2022-03-03 06:00:00,6.1,83.4,0,25.0,1004.0,3.0,0.0,25.0,0.0,,,,,1,0,,,,,0,,,,,,,,,,,,,,,,,,,,,,,,,,,,,,,,,,,,,,
2022-001,2022-03-03 12:00:00,7.1,83.3,0,25.0,1004.0,3.0,0.0,25.0,0.0,25.0,0.0,,,1,0,,,,,0,,,,,,,,,,,,,,,,,,,,,,,,,,,,,,,,,,,,,,
2022-001,2022-03-03 18:00:00,7.8,83.1,0,25.0,1004.0,3.0,0.0,25.0,0.0,25.0,0.0,,,1,0,,,,,0,,,,,,,,,,,,,,,,,,,,,,,,,,,,,,,,,,,,,,
2022-001,2022-03-04 00:00:00,8.5,83.0,0,25.0,1004.0,3.0,0.0,25.0,0.0,25.0,0.0,25.0,0.0,1,0,,,,,0,,,,,,,,,,,,,,,,,,,,,,,,,,,,,,,,,,,,,,
2022-001,2022-03-04 03:00:00,8.9,82.9,0,25.0,1004.0,3.0,,,,,,25.0,0.0,1,0,,,,,0,,,,,,,,,,,,,,,,,,,,,,,,,,,,,,,,,,,,,,
2022-001,2022-03-04 06:00:00,9.2,82.8,0,25.0,1003.0,4.0,0.0,25.0,0.0,25.0,0.0,25.0,0.0,1,0,,,,,0,,,,,,,,,,,,,,,,,,,,,,,,,,,,,,,,,,,,,,
2022-001,2022-03-04 12:00:00,10.0,82.7,0,30.0,1002.0,5.0,5.0,25.0,5.0,25.0,5.0,25.0,5.0,1,0,,,,,0,,,,,,,,,,,,,,,,,,,,,,,,,,,,,,,,,,,,,,
2022-001,2022-03-04 18:00:00,10.3,82.6,0,30.0,1002.0,5.0,0.0,30.0,0.0,25.0,5.0,25.0,5.0,1,0,,,,,0,,,,,,,,,,,,,,,,,,,,,,,,,,,,,,,,,,,,,,
2022-001,2022-03-05 00:00:00,11.0,82.6,0,30.0,1002.0,5.0,0.0,30.0,0.0,30.0,0.0,25.0,5.0,1,0,,,,,0,,,,,,,,,,,,,,,,,,,,,,,,,,,,,,,,,,,,,,
2022-002,2022-03-20 00:00:00,9.8,92.5,0,25.0,1002.0,3.0,,,,,,,,1,0,,,,,0,,,,,,,,,,,,,,,,,,,,,,,,,,,,,,,,,,,,,,
2022-002,2022-03-20 03:00:00,10.1,92.6,0,25.0,1002.0,3.0,,,,,,,,1,0,,,,,0,,,,,,,,,,,,,,,,,,,,,,,,,,,,,,,,,,,,,,
2022-002,2022-03-20 06:00:00,10.4,92.9,0,25.0,1002.0,3.0,0.0,25.0,0.0,,,,,1,0,,,,,0,,,,,,,,,,,,,,,,,,,,,,,,,,,,,,,,,,,,,,
2022-002,2022-03-20 12:00:00,10.9,93.2,0,25.0,1002.0,3.0,0.0,25.0,0.0,25.0,0.0,,,1,0,,,,,0,,,,,,,,,,,,,,,,,,,,,,,,,,,,,,,,,,,,,,
2022-002,2022-03-20 18:00:00,11.3,93.4,0,25.0,1001.0,4.0,0.0,25.0,0.0,25.0,0.0,,,1,0,,,,,0,,,,,,,,,,,,,,,,,,,,,,,,,,,,,,,,,,,,,,
2022-002,2022-03-21 00:00:00,11.9,93.7,0,30.0,1000.0,5.0,5.0,25.0,5.0,25.0,5.0,25.0,5.0,1,0,,,,,0,,,,,,,,,,,,,,,,,,,,,,,,,,,,,,,,,,,,,,
2022-002,2022-03-21 03:00:00,12.3,93.8,0,30.0,1000.0,5.0,,,,,,25.0,5.0,1,0,,,,,0,,,,,,,,,,,,,,,,,,,,,,,,,,,,,,,,,,,,,,
2022-002,2022-03-21 06:00:00,12.6,93.9,0,30.0,1000.0,5.0,0.0,30.0,0.0,25.0,5.0,25.0,5.0,1,0,,,,,0,,,,,,,,,,,,,,,,,,,,,,,,,,,,,,,,,,,,,,
2022-002,2022-03-21 12:00:00,13.3,94.0,0,30.0,1000.0,5.0,0.0,30.0,0.0,30.0,0.0,25.0,5.0,1,0,,,,,0,,,,,,,,,,,,,,,,,,,,,,,,,,,,,,,,,,,,,,
2022-002,2022-03-21 18:00:00,14.0,94.0,0,30.0,1000.0,5.0,0.0,30.0,0.0,30.0,0.0,25.0,5.0,1,0,,,,,0,,,,,,,,,,,,,,,,,,,,,,,,,,,,,,,,,,,,,,
2022-002,2022-03-22 00:00:00,14.9,94.2,0,30.0,1000.0,5.0,0.0,30.0,0.0,30.0,0.0,30.0,0.0,1,0,,,,,0,,,,,,,,,,,,,,,,,,,,,,,,,,,,,,,,,,,,,,
2022-003,2022-05-07 06:00:00,9.4,91.3,0,25.0,996.0,4.0,,,,,,,,1,0,,,,,0,,,,,,,,,,,,,,,,,,,,,,,,,,,,,,,,,,,,,,
2022-003,2022-05-07 12:00:00,10.3,90.4,0,30.0,995.0,5.0,5.0,25.0,5.0,,,,,1,0,,,,,0,,,,,,,,,,,,,,,,,,,,,,,,,,,,,,,,,,,,,,
2022-003,2022-05-07 18:00:00,10.8,90.1,0,30.0,994.0,5.0,0.0,30.0,0.0,25.0,5.0,,,1,0,,,,,0,,,,,,,,,,,,,,,,,,,,,,,,,,,,,,,,,,,,,,
2022-003,2022-05-08 00:00:00,11.3,89.3,0,35.0,992.0,7.0,5.0,30.0,5.0,30.0,5.0,,,1,0,,,,,0,,,,,,,,,,,,,,,,,,,,,,,,,,,,,,,,,,,,,,
2022-003,2022-05-08 03:00:00,11.5,89.0,0,40.0,990.0,8.0,,,,,,,,1,0,,,,,0,,,,,,,,,,,,,,,,,,,,,,,,,,,,,,,,,,,,,,
2022-003,2022-05-08 06:00:00,11.8,88.7,0,45.0,988.0,10.0,10.0,35.0,10.0,30.0,15.0,25.0,20.0,1,0,,,,,0,,,,,,,,,,,,,,,,,,,,,,,,,,,,,,,,,,,,,,
2022-003,2022-05-08 09:00:00,12.0,88.4,0,45.0,988.0,10.0,5.0,40.0,5.0,,,,,1,0,,,,,0,,,,,,,,,,,,,,,,,,,,,,,,,,,,,,,,,,,,,,
2022-003,2022-05-08 12:00:00,12.3,88.2,0,50.0,986.0,12.0,5.0,45.0,5.0,35.0,15.0,30.0,20.0,1,0,,,,,0,,,,,,,,,,,,,,,,,,,,,,,,,,,,,,,,,,,,,,
2022-003,2022-05-08 15:00:00,12.7,87.8,0,50.0,986.0,12.0,5.0,45.0,5.0,40.0,10.0,,,1,0,,,,,0,,,,,,,,,,,,,,,,,,,,,,,,,,,,,,,,,,,,,,
2022-003,2022-05-08 18:00:00,13.1,87.5,0,55.0,984.0,14.0,5.0,50.0,5.0,45.0,10.0,30.0,25.0,1,0,,,,,0,,,,,,,,,,,,,,,,,,,,,,,,,,,,,,,,,,,,,,
2022-003,2022-05-08 21:00:00,13.5,87.1,0,55.0,984.0,14.0,5.0,50.0,5.0,45.0,10.0,,,1,0,,,,,0,,,,,,,,,,,,,,,,,,,,,,,,,,,,,,,,,,,,,,
2022-003,2022-05-09 00:00:00,13.9,86.8,0,55.0,983.0,15.0,0.0,55.0,0.0,50.0,5.0,35.0,20.0,1,0,,,,,0,,,,,,,,,,,,,,,,,,,,,,,,,,,,,,,,,,,,,,
2022-003,2022-05-09 03:00:00,14.2,86.5,0,55.0,982.0,16.0,0.0,55.0,0.0,50.0,5.0,40.0,15.0,1,0,,,,,0,,,,,,,,,,,,,,,,,,,,,,,,,,,,,,,,,,,,,,
2022-003,2022-05-09 06:00:00,14.6,86.3,0,55.0,982.0,16.0,0.0,55.0,0.0,55.0,0.0,45.0,10.0,1,0,,,,,0,,,,,,,,,,,,,,,,,,,,,,,,,,,,,,,,,,,,,,
2022-003,2022-05-09 09:00:00,14.7,86.0,0,55.0,982.0,16.0,0.0,55.0,0.0,55.0,0.0,45.0,10.0,1,0,,,,,0,,,,,,,,,,,,,,,,,,,,,,,,,,,,,,,,,,,,,,
2022-003,2022-05-09 12:00:00,14.9,85.8,0,55.0,982.0,16.0,0.0,55.0,0.0,55.0,0.0,50.0,5.0,1,0,,,,,0,,,,,,,,,,,,,,,,,,,,,,,,,,,,,,,,,,,,,,
2022-003,2022-05-09 15:00:00,15.0,85.5,0,55.0,982.0,16.0,0.0,55.0,0.0,55.0,0.0,50.0,5.0,1,0,,,,,0,,,,,,,,,,,,,,,,,,,,,,,,,,,,,,,,,,,,,,
2022-003,2022-05-09 18:00:00,15.1,85.2,0,55.0,982.0,16.0,0.0,55.0,0.0,55.0,0.0,55.0,0.0,1,0,,,,,0,,,,,,,,,,,,,,,,,,,,,,,,,,,,,,,,,,,,,,
2022-003,2022-05-09 21:00:00,15.2,84.9,0,55.0,982.0,16.0,0.0,55.0,0.0,55.0,0.0,55.0,0.0,1,0,,,,,0,,,,,,,,,,,,,,,,,,,,,,,,,,,,,,,,,,,,,,
2022-003,2022-05-10 00:00:00,15.3,84.6,0,55.0,982.0,16.0,0.0,55.0,0.0,55.0,0.0,55.0,0.0,1,0,,,,,0,,,,,,,,,,,,,,,,,,,,,,,,,,,,,,,,,,,,,,
2022-003,2022-05-10 03:00:00,15.4,84.0,0,55.0,984.0,14.0,0.0,55.0,0.0,55.0,0.0,55.0,0.0,1,0,,,,,0,,,,,,,,,,,,,,,,,,,,,,,,,,,,,,,,,,,,,,
2022-003,2022-05-10 06:00:00,15.5,83.5,0,55.0,984.0,14.0,0.0,55.0,0.0,55.0,0.0,55.0,0.0,1,0,,,,,0,,,,,,,,,,,,,,,,,,,,,,,,,,,,,,,,,,,,,,
2022-003,2022-05-10 09:00:00,15.6,83.1,0,55.0,984.0,14.0,0.0,55.0,0.0,55.0,0.0,55.0,0.0,1,0,,,,,0,,,,,,,,,,,,,,,,,,,,,,,,,,,,,,,,,,,,,,
2022-003,2022-05-10 12:00:00,15.7,82.8,0,50.0,984.0,14.0,-5.0,55.0,-5.0,55.0,-5.0,55.0,-5.0,1,0,,,,,0,,,,,,,,,,,,,,,,,,,,,,,,,,,,,,,,,,,,,,
2022-003,2022-05-10 15:00:00,15.8,82.4,0,50.0,985.0,13.0,-5.0,55.0,-5.0,55.0,-5.0,55.0,-5.0,1,0,,,,,0,,,,,,,,,,,,,,,,,,,,,,,,,,,,,,,,,,,,,,
2022-003,2022-05-10 18:00:00,15.9,82.1,0,50.0,986.0,12.0,0.0,50.0,0.0,55.0,-5.0,55.0,-5.0,1,0,,,,,0,,,,,,,,,,,,,,,,,,,,,,,,,,,,,,,,,,,,,,
2022-003,2022-05-11 00:00:00,16.1,81.8,0,45.0,988.0,10.0,-5.0,50.0,-5.0,50.0,-5.0,55.0,-10.0,1,0,,,,,0,,,,,,,,,,,,,,,,,,,,,,,,,,,,,,,,,,,,,,
2022-008,2022-08-14 03:00:00,21.7,87.8,0,25.0,994.0,4.0,,,,,,,,1,0,,,,,0,,,,,,,,,,,,,,,,,,,,,,,,,,,,,,,,,,,,,,
2022-008,2022-08-14 06:00:00,21.8,87.5,0,25.0,994.0,4.0,,,,,,,,1,0,,,,,0,,,,,,,,,,,,,,,,,,,,,,,,,,,,,,,,,,,,,,
2022-008,2022-08-14 12:00:00,22.1,86.0,0,25.0,994.0,4.0,0.0,25.0,0.0,,,,,1,0,,,,,0,,,,,,,,,,,,,,,,,,,,,,,,,,,,,,,,,,,,,,
2022-008,2022-08-14 18:00:00,22.2,84.0,0,25.0,994.0,4.0,0.0,25.0,0.0,25.0,0.0,,,1,0,,,,,0,,,,,,,,,,,,,,,,,,,,,,,,,,,,,,,,,,,,,,
2022-008,2022-08-15 00:00:00,22.4,82.8,0,25.0,994.0,4.0,0.0,25.0,0.0,25.0,0.0,,,1,0,,,,,0,,,,,,,,,,,,,,,,,,,,,,,,,,,,,,,,,,,,,,
2022-008,2022-08-15 03:00:00,22.6,82.0,0,25.0,994.0,4.0,,,,,,25.0,0.0,1,0,,,,,0,,,,,,,,,,,,,,,,,,,,,,,,,,,,,,,,,,,,,,
2022-008,2022-08-15 06:00:00,22.8,81.1,0,25.0,994.0,4.0,0.0,25.0,0.0,25.0,0.0,25.0,0.0,1,0,,,,,0,,,,,,,,,,,,,,,,,,,,,,,,,,,,,,,,,,,,,,
2022-009,2022-08-19 00:00:00,20.5,89.7,0,25.0,994.0,4.0,,,,,,,,1,0,2022-009_20220819_0000.npy,2022-08-19 00:00:00,0.0,0.0492826446280991,1,,,,,,,,,,,,,,,,,,,,,,,,,,,,,,,,,,,,,,
2022-009,2022-08-19 03:00:00,20.8,89.2,0,25.0,994.0,4.0,,,,,,,,1,0,,,,,0,,,,,,,,,,,,,,,,,,,,,,,,,,,,,,,,,,,,,,
2022-009,2022-08-19 06:00:00,21.1,88.8,0,30.0,993.0,5.0,5.0,25.0,5.0,,,,,1,0,,,,,0,,,,,,,,,,,,,,,,,,,,,,,,,,,,,,,,,,,,,,
2022-009,2022-08-19 12:00:00,21.5,88.1,0,30.0,992.0,6.0,0.0,30.0,0.0,25.0,5.0,,,1,0,,,,,0,,,,,,,,,,,,,,,,,,,,,,,,,,,,,,,,,,,,,,
2022-009,2022-08-19 18:00:00,22.1,87.0,0,30.0,992.0,6.0,0.0,30.0,0.0,30.0,0.0,,,1,0,,,,,0,,,,,,,,,,,,,,,,,,,,,,,,,,,,,,,,,,,,,,
2022-009,2022-08-20 00:00:00,22.5,86.0,0,30.0,992.0,6.0,0.0,30.0,0.0,30.0,0.0,25.0,5.0,1,0,,,,,0,,,,,,,,,,,,,,,,,,,,,,,,,,,,,,,,,,,,,,
2022-009,2022-08-20 03:00:00,22.6,85.6,0,30.0,992.0,6.0,,,,30.0,0.0,25.0,5.0,1,0,,,,,0,,,,,,,,,,,,,,,,,,,,,,,,,,,,,,,,,,,,,,
2022-009,2022-08-20 06:00:00,22.9,84.8,0,30.0,993.0,5.0,0.0,30.0,0.0,30.0,0.0,30.0,0.0,1,0,,,,,0,,,,,,,,,,,,,,,,,,,,,,,,,,,,,,,,,,,,,,
2022-009,2022-08-20 12:00:00,23.3,83.6,0,30.0,993.0,5.0,0.0,30.0,0.0,30.0,0.0,30.0,0.0,1,0,,,,,0,,,,,,,,,,,,,,,,,,,,,,,,,,,,,,,,,,,,,,
2022-009,2022-08-20 18:00:00,23.5,82.9,0,30.0,993.0,5.0,0.0,30.0,0.0,30.0,0.0,30.0,0.0,1,0,,,,,0,,,,,,,,,,,,,,,,,,,,,,,,,,,,,,,,,,,,,,
2022-009,2022-08-21 00:00:00,23.7,82.2,0,25.0,994.0,4.0,-5.0,30.0,-5.0,30.0,-5.0,30.0,-5.0,1,0,,,,,0,,,,,,,,,,,,,,,,,,,,,,,,,,,,,,,,,,,,,,
2022-009,2022-08-21 03:00:00,23.8,81.7,0,25.0,994.0,4.0,,,,,,30.0,-5.0,1,0,,,,,0,,,,,,,,,,,,,,,,,,,,,,,,,,,,,,,,,,,,,,
2022-009,2022-08-21 06:00:00,24.0,81.2,0,25.0,994.0,4.0,0.0,25.0,0.0,30.0,-5.0,30.0,-5.0,1,0,,,,,0,,,,,,,,,,,,,,,,,,,,,,,,,,,,,,,,,,,,,,
2022-009,2022-08-21 12:00:00,24.2,80.5,0,25.0,994.0,4.0,0.0,25.0,0.0,25.0,0.0,30.0,-5.0,1,0,,,,,0,,,,,,,,,,,,,,,,,,,,,,,,,,,,,,,,,,,,,,
2022-009,2022-08-21 18:00:00,24.25,79.8,0,25.0,995.0,4.0,0.0,25.0,0.0,25.0,0.0,30.0,-5.0,1,0,,,,,0,,,,,,,,,,,,,,,,,,,,,,,,,,,,,,,,,,,,,,
2022-009,2022-08-22 00:00:00,24.3,79.1,0,25.0,995.0,4.0,0.0,25.0,0.0,25.0,0.0,25.0,0.0,1,0,,,,,0,,,,,,,,,,,,,,,,,,,,,,,,,,,,,,,,,,,,,,
2022-011,2022-10-22 03:00:00,12.7,92.4,0,25.0,1004.0,3.0,,,,,,,,1,0,,,,,0,,,,,,,,,,,,,,,,,,,,,,,,,,,,,,,,,,,,,,
2022-011,2022-10-22 06:00:00,13.7,91.3,0,25.0,1003.0,4.0,,,,,,,,1,0,,,,,0,,,,,,,,,,,,,,,,,,,,,,,,,,,,,,,,,,,,,,
2022-011,2022-10-22 12:00:00,14.2,90.5,0,25.0,1002.0,4.0,0.0,25.0,0.0,,,,,1,0,,,,,0,,,,,,,,,,,,,,,,,,,,,,,,,,,,,,,,,,,,,,
2022-011,2022-10-22 18:00:00,14.9,89.8,0,25.0,1002.0,4.0,0.0,25.0,0.0,25.0,0.0,,,1,0,,,,,0,,,,,,,,,,,,,,,,,,,,,,,,,,,,,,,,,,,,,,
2022-011,2022-10-23 00:00:00,15.3,89.0,0,30.0,1001.0,5.0,5.0,25.0,5.0,25.0,5.0,,,1,0,,,,,0,,,,,,,,,,,,,,,,,,,,,,,,,,,,,,,,,,,,,,
2022-011,2022-10-23 03:00:00,15.6,88.4,0,30.0,1000.0,6.0,,,,,,25.0,5.0,1,0,,,,,0,,,,,,,,,,,,,,,,,,,,,,,,,,,,,,,,,,,,,,
2022-011,2022-10-23 06:00:00,15.9,88.2,0,30.0,1000.0,6.0,0.0,30.0,0.0,25.0,5.0,25.0,5.0,1,0,,,,,0,,,,,,,,,,,,,,,,,,,,,,,,,,,,,,,,,,,,,,
2022-011,2022-10-23 12:00:00,16.5,88.1,0,35.0,999.0,7.0,5.0,30.0,5.0,30.0,5.0,25.0,10.0,1,0,,,,,0,,,,,,,,,,,,,,,,,,,,,,,,,,,,,,,,,,,,,,
2022-011,2022-10-23 15:00:00,17.0,88.2,0,35.0,999.0,7.0,,,,30.0,5.0,,,1,0,,,,,0,,,,,,,,,,,,,,,,,,,,,,,,,,,,,,,,,,,,,,
2022-011,2022-10-23 18:00:00,17.3,88.3,0,35.0,998.0,7.0,0.0,35.0,0.0,30.0,5.0,25.0,10.0,1,0,,,,,0,,,,,,,,,,,,,,,,,,,,,,,,,,,,,,,,,,,,,,
2022-011,2022-10-23 21:00:00,17.5,88.4,0,40.0,997.0,8.0,5.0,35.0,5.0,,,,,1,0,,,,,0,,,,,,,,,,,,,,,,,,,,,,,,,,,,,,,,,,,,,,
2022-011,2022-10-24 00:00:00,18.0,88.6,0,40.0,996.0,9.0,5.0,35.0,5.0,35.0,5.0,30.0,10.0,1,0,,,,,0,,,,,,,,,,,,,,,,,,,,,,,,,,,,,,,,,,,,,,
2022-012,2022-11-20 00:00:00,10.0,85.5,0,25.0,1005.0,4.0,,,,,,,,1,0,,,,,0,,,,,,,,,,,,,,,,,,,,,,,,,,,,,,,,,,,,,,
2022-012,2022-11-20 03:00:00,10.0,85.5,0,25.0,1005.0,4.0,,,,,,,,1,0,,,,,0,,,,,,,,,,,,,,,,,,,,,,,,,,,,,,,,,,,,,,
2022-012,2022-11-20 06:00:00,10.3,85.3,0,25.0,1005.0,4.0,0.0,25.0,0.0,,,,,1,0,,,,,0,,,,,,,,,,,,,,,,,,,,,,,,,,,,,,,,,,,,,,
2022-012,2022-11-20 12:00:00,10.9,85.0,0,25.0,1003.0,4.0,0.0,25.0,0.0,25.0,0.0,,,1,0,,,,,0,,,,,,,,,,,,,,,,,,,,,,,,,,,,,,,,,,,,,,
2022-012,2022-11-20 18:00:00,11.4,84.6,0,25.0,1003.0,4.0,0.0,25.0,0.0,25.0,0.0,,,1,0,,,,,0,,,,,,,,,,,,,,,,,,,,,,,,,,,,,,,,,,,,,,
2022-012,2022-11-21 00:00:00,11.9,84.2,0,25.0,1003.0,4.0,0.0,25.0,0.0,25.0,0.0,25.0,0.0,1,0,,,,,0,,,,,,,,,,,,,,,,,,,,,,,,,,,,,,,,,,,,,,
2022-013,2022-12-06 12:00:00,8.2,88.2,0,25.0,1000.0,3.0,,,,,,,,1,0,,,,,0,,,,,,,,,,,,,,,,,,,,,,,,,,,,,,,,,,,,,,
2022-013,2022-12-06 18:00:00,8.4,87.0,0,25.0,1000.0,4.0,0.0,25.0,0.0,,,,,1,0,,,,,0,,,,,,,,,,,,,,,,,,,,,,,,,,,,,,,,,,,,,,
2022-013,2022-12-07 00:00:00,8.6,86.3,0,30.0,999.0,5.0,5.0,25.0,5.0,25.0,5.0,,,1,0,,,,,0,,,,,,,,,,,,,,,,,,,,,,,,,,,,,,,,,,,,,,
2022-013,2022-12-07 03:00:00,8.7,85.7,0,30.0,999.0,5.0,,,,,,,,1,0,,,,,0,,,,,,,,,,,,,,,,,,,,,,,,,,,,,,,,,,,,,,
2022-013,2022-12-07 06:00:00,8.7,85.5,0,30.0,998.0,5.0,0.0,30.0,0.0,25.0,5.0,,,1,0,,,,,0,,,,,,,,,,,,,,,,,,,,,,,,,,,,,,,,,,,,,,
2022-013,2022-12-07 12:00:00,8.9,85.0,0,30.0,998.0,6.0,0.0,30.0,0.0,30.0,0.0,25.0,5.0,1,0,,,,,0,,,,,,,,,,,,,,,,,,,,,,,,,,,,,,,,,,,,,,
2022-013,2022-12-07 18:00:00,9.2,84.6,0,35.0,997.0,7.0,5.0,30.0,5.0,30.0,5.0,25.0,10.0,1,0,,,,,0,,,,,,,,,,,,,,,,,,,,,,,,,,,,,,,,,,,,,,
2022-013,2022-12-07 21:00:00,9.3,84.4,0,35.0,997.0,7.0,,,,,,,,1,0,,,,,0,,,,,,,,,,,,,,,,,,,,,,,,,,,,,,,,,,,,,,
2022-013,2022-12-08 00:00:00,9.4,84.1,0,40.0,995.0,8.0,5.0,35.0,5.0,30.0,10.0,30.0,10.0,1,0,,,,,0,,,,,,,,,,,,,,,,,,,,,,,,,,,,,,,,,,,,,,
2022-013,2022-12-08 03:00:00,9.5,83.8,0,40.0,994.0,9.0,5.0,35.0,5.0,,,30.0,10.0,1,0,,,,,0,,,,,,,,,,,,,,,,,,,,,,,,,,,,,,,,,,,,,,
2022-013,2022-12-08 06:00:00,9.7,83.5,0,45.0,992.0,10.0,5.0,40.0,5.0,35.0,10.0,30.0,15.0,1,0,,,,,0,,,,,,,,,,,,,,,,,,,,,,,,,,,,,,,,,,,,,,
2022-013,2022-12-08 09:00:00,9.8,83.2,0,45.0,992.0,10.0,5.0,40.0,5.0,35.0,10.0,,,1,0,,,,,0,,,,,,,,,,,,,,,,,,,,,,,,,,,,,,,,,,,,,,
2022-013,2022-12-08 12:00:00,10.1,82.9,0,50.0,990.0,12.0,5.0,45.0,5.0,40.0,10.0,30.0,20.0,1,0,,,,,0,,,,,,,,,,,,,,,,,,,,,,,,,,,,,,,,,,,,,,
2022-013,2022-12-08 15:00:00,10.4,82.6,0,50.0,990.0,12.0,5.0,45.0,5.0,40.0,10.0,,,1,0,,,,,0,,,,,,,,,,,,,,,,,,,,,,,,,,,,,,,,,,,,,,
2022-013,2022-12-08 18:00:00,10.6,82.3,0,50.0,990.0,12.0,0.0,50.0,0.0,45.0,5.0,35.0,15.0,1,0,,,,,0,,,,,,,,,,,,,,,,,,,,,,,,,,,,,,,,,,,,,,
2022-013,2022-12-08 21:00:00,10.7,82.0,0,50.0,990.0,12.0,0.0,50.0,0.0,45.0,5.0,35.0,15.0,1,0,,,,,0,,,,,,,,,,,,,,,,,,,,,,,,,,,,,,,,,,,,,,
2022-013,2022-12-09 00:00:00,11.0,81.7,0,50.0,990.0,12.0,0.0,50.0,0.0,50.0,0.0,40.0,10.0,1,0,,,,,0,,,,,,,,,,,,,,,,,,,,,,,,,,,,,,,,,,,,,,
2022-013,2022-12-09 03:00:00,11.1,81.5,0,45.0,991.0,11.0,-5.0,50.0,-5.0,50.0,-5.0,40.0,5.0,1,0,,,,,0,,,,,,,,,,,,,,,,,,,,,,,,,,,,,,,,,,,,,,
2022-013,2022-12-09 06:00:00,11.4,81.3,0,45.0,992.0,10.0,-5.0,50.0,-5.0,50.0,-5.0,45.0,0.0,1,0,,,,,0,,,,,,,,,,,,,,,,,,,,,,,,,,,,,,,,,,,,,,
2022-015,2022-12-22 03:00:00,9.0,85.0,0,25.0,1004.0,4.0,,,,,,,,1,0,,,,,0,,,,,,,,,,,,,,,,,,,,,,,,,,,,,,,,,,,,,,
2022-015,2022-12-22 06:00:00,9.5,84.8,0,25.0,1004.0,4.0,,,,,,,,1,0,,,,,0,,,,,,,,,,,,,,,,,,,,,,,,,,,,,,,,,,,,,,
2022-015,2022-12-22 12:00:00,9.8,84.5,0,25.0,1004.0,4.0,0.0,25.0,0.0,,,,,1,0,,,,,0,,,,,,,,,,,,,,,,,,,,,,,,,,,,,,,,,,,,,,
2022-015,2022-12-22 18:00:00,10.1,84.2,0,25.0,1004.0,4.0,0.0,25.0,0.0,25.0,0.0,,,1,0,,,,,0,,,,,,,,,,,,,,,,,,,,,,,,,,,,,,,,,,,,,,
2022-015,2022-12-23 00:00:00,10.1,84.2,0,25.0,1004.0,4.0,0.0,25.0,0.0,25.0,0.0,,,1,0,,,,,0,,,,,,,,,,,,,,,,,,,,,,,,,,,,,,,,,,,,,,
2022-015,2022-12-23 03:00:00,10.1,84.2,0,25.0,1004.0,4.0,,,,,,25.0,0.0,1,0,,,,,0,,,,,,,,,,,,,,,,,,,,,,,,,,,,,,,,,,,,,,
2022-015,2022-12-23 06:00:00,10.4,84.8,0,25.0,1004.0,4.0,0.0,25.0,0.0,25.0,0.0,25.0,0.0,1,0,,,,,0,,,,,,,,,,,,,,,,,,,,,,,,,,,,,,,,,,,,,,
2022-015,2022-12-23 12:00:00,10.6,85.4,0,25.0,1004.0,4.0,0.0,25.0,0.0,25.0,0.0,25.0,0.0,1,0,,,,,0,,,,,,,,,,,,,,,,,,,,,,,,,,,,,,,,,,,,,,
2022-015,2022-12-23 18:00:00,10.4,85.3,0,25.0,1004.0,4.0,0.0,25.0,0.0,25.0,0.0,25.0,0.0,1,0,,,,,0,,,,,,,,,,,,,,,,,,,,,,,,,,,,,,,,,,,,,,
2022-015,2022-12-24 00:00:00,10.8,84.5,0,25.0,1004.0,4.0,0.0,25.0,0.0,25.0,0.0,25.0,0.0,1,0,,,,,0,,,,,,,,,,,,,,,,,,,,,,,,,,,,,,,,,,,,,,
2022-015,2022-12-24 03:00:00,10.7,84.2,0,25.0,1004.0,4.0,,,,,,25.0,0.0,1,0,,,,,0,,,,,,,,,,,,,,,,,,,,,,,,,,,,,,,,,,,,,,
2022-015,2022-12-24 06:00:00,10.4,83.7,0,25.0,1004.0,4.0,0.0,25.0,0.0,25.0,0.0,25.0,0.0,1,0,,,,,0,,,,,,,,,,,,,,,,,,,,,,,,,,,,,,,,,,,,,,
2023-001,2023-01-30 03:00:00,7.7,87.2,0,25.0,1004.0,4.0,,,,,,,,1,0,2023-001_20230130_0300.npy,2023-01-30 03:00:00,0.0,0.029462508294625,1,,,,,,,,,,,,,,,,,,,,,,,,,,,,,,,,,,,,,,
2023-001,2023-01-30 06:00:00,7.9,86.6,0,25.0,1004.0,4.0,,,,,,,,1,0,,,,,0,,,,,,,,,,,,,,,,,,,,,,,,,,,,,,,,,,,,,,
2023-001,2023-01-30 12:00:00,8.0,86.0,0,25.0,1004.0,4.0,0.0,25.0,0.0,,,,,1,0,,,,,0,,,,,,,,,,,,,,,,,,,,,,,,,,,,,,,,,,,,,,
2023-001,2023-01-30 18:00:00,8.1,85.3,0,25.0,1004.0,4.0,0.0,25.0,0.0,25.0,0.0,,,1,0,,,,,0,,,,,,,,,,,,,,,,,,,,,,,,,,,,,,,,,,,,,,
2023-001,2023-01-31 00:00:00,8.2,84.8,0,25.0,1004.0,4.0,0.0,25.0,0.0,25.0,0.0,,,1,0,,,,,0,,,,,,,,,,,,,,,,,,,,,,,,,,,,,,,,,,,,,,
2023-001,2023-01-31 03:00:00,8.4,84.3,0,25.0,1004.0,4.0,,,,,,25.0,0.0,1,0,,,,,0,,,,,,,,,,,,,,,,,,,,,,,,,,,,,,,,,,,,,,
2023-001,2023-01-31 06:00:00,8.6,83.9,0,25.0,1004.0,4.0,0.0,25.0,0.0,25.0,0.0,25.0,0.0,1,0,,,,,0,,,,,,,,,,,,,,,,,,,,,,,,,,,,,,,,,,,,,,
2023-001,2023-01-31 12:00:00,8.6,83.5,0,25.0,1004.0,4.0,0.0,25.0,0.0,25.0,0.0,25.0,0.0,1,0,,,,,0,,,,,,,,,,,,,,,,,,,,,,,,,,,,,,,,,,,,,,
2023-001,2023-01-31 18:00:00,8.3,82.9,0,25.0,1004.0,4.0,0.0,25.0,0.0,25.0,0.0,25.0,0.0,1,0,,,,,0,,,,,,,,,,,,,,,,,,,,,,,,,,,,,,,,,,,,,,
2023-001,2023-02-01 00:00:00,8.2,82.7,0,25.0,1004.0,4.0,0.0,25.0,0.0,25.0,0.0,25.0,0.0,1,0,,,,,0,,,,,,,,,,,,,,,,,,,,,,,,,,,,,,,,,,,,,,
2023-001,2023-02-01 03:00:00,8.2,82.5,0,25.0,1004.0,4.0,,,,,,25.0,0.0,1,0,,,,,0,,,,,,,,,,,,,,,,,,,,,,,,,,,,,,,,,,,,,,
2023-001,2023-02-01 06:00:00,8.2,82.5,0,25.0,1004.0,4.0,0.0,25.0,0.0,25.0,0.0,25.0,0.0,1,0,,,,,0,,,,,,,,,,,,,,,,,,,,,,,,,,,,,,,,,,,,,,
2023-001,2023-02-01 12:00:00,8.2,82.3,0,25.0,1004.0,4.0,0.0,25.0,0.0,25.0,0.0,25.0,0.0,1,0,,,,,0,,,,,,,,,,,,,,,,,,,,,,,,,,,,,,,,,,,,,,
2023-002,2023-05-09 12:00:00,8.3,89.5,0,25.0,1002.0,3.0,,,,,,,,1,0,,,,,0,,,,,,,,,,,,,,,,,,,,,,,,,,,,,,,,,,,,,,
2023-002,2023-05-09 18:00:00,8.5,89.3,0,25.0,1002.0,3.0,0.0,25.0,0.0,,,,,1,0,,,,,0,,,,,,,,,,,,,,,,,,,,,,,,,,,,,,,,,,,,,,
2023-002,2023-05-10 00:00:00,8.5,89.0,0,30.0,1000.0,4.0,5.0,25.0,5.0,25.0,5.0,,,1,0,,,,,0,,,,,,,,,,,,,,,,,,,,,,,,,,,,,,,,,,,,,,
2023-002,2023-05-10 03:00:00,8.8,88.9,0,30.0,1000.0,4.0,,,,,,,,1,0,,,,,0,,,,,,,,,,,,,,,,,,,,,,,,,,,,,,,,,,,,,,
2023-002,2023-05-10 06:00:00,9.1,88.7,0,30.0,999.0,4.0,0.0,30.0,0.0,25.0,5.0,,,1,0,,,,,0,,,,,,,,,,,,,,,,,,,,,,,,,,,,,,,,,,,,,,
2023-002,2023-05-10 12:00:00,10.0,88.4,0,30.0,998.0,5.0,0.0,30.0,0.0,30.0,0.0,25.0,5.0,1,0,,,,,0,,,,,,,,,,,,,,,,,,,,,,,,,,,,,,,,,,,,,,
2023-002,2023-05-10 18:00:00,10.8,88.2,0,30.0,998.0,5.0,0.0,30.0,0.0,30.0,0.0,25.0,5.0,1,0,,,,,0,,,,,,,,,,,,,,,,,,,,,,,,,,,,,,,,,,,,,,
2023-002,2023-05-11 00:00:00,11.2,88.1,1,35.0,997.0,6.0,5.0,30.0,5.0,30.0,5.0,30.0,5.0,1,0,2023-002_20230511_0000.npy,2023-05-11 00:00:00,0.0,0.0544528925619834,1,,,,,,,,,,,,,,,,,,,,,,,,,,,,,,,,,,,,,,
2023-002,2023-05-11 03:00:00,11.4,88.0,1,35.0,996.0,7.0,,,,,,30.0,5.0,1,0,,,,,0,,,,,,,,,,,,,,,,,,,,,,,,,,,,,,,,,,,,,,
2023-002,2023-05-11 06:00:00,11.6,88.0,1,45.0,996.0,10.0,10.0,35.0,10.0,30.0,15.0,30.0,15.0,1,0,,,,,0,,,,,,,,,,,,,,,,,,,,,,,,,,,,,,,,,,,,,,
2023-002,2023-05-11 09:00:00,11.8,88.0,1,45.0,996.0,10.0,10.0,35.0,10.0,,,,,1,0,,,,,0,,,,,,,,,,,,,,,,,,,,,,,,,,,,,,,,,,,,,,
2023-002,2023-05-11 12:00:00,12.2,88.0,1,50.0,994.0,12.0,5.0,45.0,5.0,35.0,15.0,30.0,20.0,1,0,,,,,0,,,,,,,,,,,,,,,,,,,,,,,,,,,,,,,,,,,,,,
2023-002,2023-05-11 15:00:00,12.5,88.1,1,50.0,992.0,12.0,5.0,45.0,5.0,35.0,15.0,,,1,0,,,,,0,,,,,,,,,,,,,,,,,,,,,,,,,,,,,,,,,,,,,,
2023-002,2023-05-11 18:00:00,12.7,88.1,1,50.0,992.0,12.0,0.0,50.0,0.0,45.0,5.0,30.0,20.0,1,0,,,,,0,,,,,,,,,,,,,,,,,,,,,,,,,,,,,,,,,,,,,,
2023-002,2023-05-11 21:00:00,12.9,88.1,1,60.0,986.0,18.0,10.0,50.0,10.0,45.0,15.0,,,1,0,,,,,0,,,,,,,,,,,,,,,,,,,,,,,,,,,,,,,,,,,,,,
2023-002,2023-05-12 00:00:00,13.2,88.1,1,65.0,982.0,22.0,15.0,50.0,15.0,50.0,15.0,35.0,30.0,1,0,,,,,0,,,,,,,,,,,,,,,,,,,,,,,,,,,,,,,,,,,,,,
2023-002,2023-05-12 03:00:00,13.6,88.2,1,65.0,982.0,22.0,5.0,60.0,5.0,50.0,15.0,35.0,30.0,1,0,,,,,0,,,,,,,,,,,,,,,,,,,,,,,,,,,,,,,,,,,,,,
2023-002,2023-05-12 06:00:00,14.0,88.3,1,75.0,974.0,30.0,10.0,65.0,10.0,50.0,25.0,45.0,30.0,1,0,,,,,0,,,,,,,,,,,,,,,,,,,,,,,,,,,,,,,,,,,,,,
2023-002,2023-05-12 09:00:00,14.3,88.4,0,85.0,970.0,36.0,20.0,65.0,20.0,60.0,25.0,45.0,40.0,1,0,,,,,0,,,,,,,,,,,,,,,,,,,,,,,,,,,,,,,,,,,,,,
2023-002,2023-05-12 12:00:00,14.6,88.6,0,85.0,970.0,36.0,10.0,75.0,10.0,65.0,20.0,50.0,35.0,1,0,,,,,0,,,,,,,,,,,,,,,,,,,,,,,,,,,,,,,,,,,,,,
2023-002,2023-05-12 15:00:00,14.8,88.7,0,90.0,964.0,40.0,5.0,85.0,5.0,65.0,25.0,50.0,40.0,1,0,,,,,0,,,,,,,,,,,,,,,,,,,,,,,,,,,,,,,,,,,,,,
2023-002,2023-05-12 18:00:00,15.1,88.8,0,100.0,954.0,50.0,15.0,85.0,15.0,75.0,25.0,50.0,50.0,1,0,,,,,0,,,,,,,,,,,,,,,,,,,,,,,,,,,,,,,,,,,,,,
2023-002,2023-05-12 21:00:00,15.2,88.9,0,100.0,954.0,50.0,10.0,90.0,10.0,85.0,15.0,60.0,40.0,1,0,,,,,0,,,,,,,,,,,,,,,,,,,,,,,,,,,,,,,,,,,,,,
2023-002,2023-05-13 00:00:00,15.4,89.1,0,100.0,954.0,50.0,0.0,100.0,0.0,85.0,15.0,65.0,35.0,1,0,,,,,0,,,,,,,,,,,,,,,,,,,,,,,,,,,,,,,,,,,,,,
2023-002,2023-05-13 03:00:00,15.7,89.5,0,100.0,954.0,50.0,0.0,100.0,0.0,90.0,10.0,65.0,35.0,1,0,,,,,0,,,,,,,,,,,,,,,,,,,,,,,,,,,,,,,,,,,,,,
2023-002,2023-05-13 06:00:00,16.0,90.0,0,105.0,950.0,54.0,5.0,100.0,5.0,100.0,5.0,75.0,30.0,1,0,,,,,0,,,,,,,,,,,,,,,,,,,,,,,,,,,,,,,,,,,,,,
2023-002,2023-05-13 09:00:00,16.4,90.3,0,105.0,950.0,54.0,5.0,100.0,5.0,100.0,5.0,85.0,20.0,1,0,,,,,0,,,,,,,,,,,,,,,,,,,,,,,,,,,,,,,,,,,,,,
2023-002,2023-05-13 12:00:00,16.9,90.8,0,110.0,944.0,60.0,5.0,105.0,5.0,100.0,10.0,85.0,25.0,1,0,,,,,0,,,,,,,,,,,,,,,,,,,,,,,,,,,,,,,,,,,,,,
2023-002,2023-05-13 15:00:00,17.4,90.9,0,110.0,944.0,60.0,5.0,105.0,5.0,100.0,10.0,90.0,20.0,1,0,,,,,0,,,,,,,,,,,,,,,,,,,,,,,,,,,,,,,,,,,,,,
2023-002,2023-05-13 18:00:00,17.9,91.0,0,115.0,938.0,66.0,5.0,110.0,5.0,105.0,10.0,100.0,15.0,1,0,,,,,0,,,,,,,,,,,,,,,,,,,,,,,,,,,,,,,,,,,,,,
2023-002,2023-05-13 21:00:00,18.3,91.3,0,115.0,938.0,66.0,5.0,110.0,5.0,105.0,10.0,100.0,15.0,1,0,,,,,0,,,,,,,,,,,,,,,,,,,,,,,,,,,,,,,,,,,,,,
2023-002,2023-05-14 00:00:00,18.7,91.5,0,115.0,938.0,66.0,0.0,115.0,0.0,110.0,5.0,100.0,15.0,1,0,,,,,0,,,,,,,,,,,,,,,,,,,,,,,,,,,,,,,,,,,,,,
2023-004,2023-08-01 00:00:00,20.5,91.5,0,25.0,992.0,4.0,,,,,,,,1,0,2023-004_20230801_0000.npy,2023-08-01 00:00:00,0.0,0.0850776859504132,1,,,,,,,,,,,,,,,,,,,,,,,,,,,,,,,,,,,,,,
2023-004,2023-08-01 03:00:00,21.2,91.2,0,30.0,990.0,6.0,,,,,,,,1,0,,,,,0,,,,,,,,,,,,,,,,,,,,,,,,,,,,,,,,,,,,,,
2023-004,2023-08-01 06:00:00,21.6,90.7,0,30.0,990.0,6.0,5.0,25.0,5.0,,,,,1,0,,,,,0,,,,,,,,,,,,,,,,,,,,,,,,,,,,,,,,,,,,,,
2023-004,2023-08-01 12:00:00,22.5,89.5,0,30.0,988.0,6.0,0.0,30.0,0.0,25.0,5.0,,,1,0,,,,,0,,,,,,,,,,,,,,,,,,,,,,,,,,,,,,,,,,,,,,
2023-004,2023-08-01 18:00:00,22.8,89.0,0,30.0,988.0,6.0,0.0,30.0,0.0,30.0,0.0,,,1,0,,,,,0,,,,,,,,,,,,,,,,,,,,,,,,,,,,,,,,,,,,,,
2023-004,2023-08-02 00:00:00,23.1,87.4,0,30.0,988.0,6.0,0.0,30.0,0.0,30.0,0.0,25.0,5.0,1,0,,,,,0,,,,,,,,,,,,,,,,,,,,,,,,,,,,,,,,,,,,,,
2023-004,2023-08-02 03:00:00,23.2,87.1,0,30.0,989.0,5.0,,,,,,30.0,0.0,1,0,,,,,0,,,,,,,,,,,,,,,,,,,,,,,,,,,,,,,,,,,,,,
2023-004,2023-08-02 06:00:00,23.3,86.3,0,30.0,989.0,5.0,0.0,30.0,0.0,30.0,0.0,30.0,0.0,1,0,,,,,0,,,,,,,,,,,,,,,,,,,,,,,,,,,,,,,,,,,,,,
2023-007,2023-10-21 18:00:00,14.7,86.4,0,25.0,1003.0,3.0,,,,,,,,1,0,,,,,0,,,,,,,,,,,,,,,,,,,,,,,,,,,,,,,,,,,,,,
2023-007,2023-10-21 21:00:00,14.8,86.3,0,25.0,1003.0,3.0,,,,,,,,1,0,,,,,0,,,,,,,,,,,,,,,,,,,,,,,,,,,,,,,,,,,,,,
2023-007,2023-10-22 00:00:00,14.9,86.3,0,25.0,1003.0,3.0,0.0,25.0,0.0,,,,,1,0,,,,,0,,,,,,,,,,,,,,,,,,,,,,,,,,,,,,,,,,,,,,
2023-007,2023-10-22 03:00:00,15.0,86.2,0,25.0,1003.0,3.0,0.0,25.0,0.0,,,,,1,0,,,,,0,,,,,,,,,,,,,,,,,,,,,,,,,,,,,,,,,,,,,,
2023-007,2023-10-22 06:00:00,15.3,86.2,0,25.0,1003.0,4.0,0.0,25.0,0.0,25.0,0.0,,,1,0,,,,,0,,,,,,,,,,,,,,,,,,,,,,,,,,,,,,,,,,,,,,
2023-007,2023-10-22 09:00:00,15.6,86.2,0,25.0,1002.0,4.0,0.0,25.0,0.0,25.0,0.0,,,1,0,,,,,0,,,,,,,,,,,,,,,,,,,,,,,,,,,,,,,,,,,,,,
2023-007,2023-10-22 12:00:00,15.8,86.3,0,30.0,1001.0,5.0,5.0,25.0,5.0,25.0,5.0,,,1,0,,,,,0,,,,,,,,,,,,,,,,,,,,,,,,,,,,,,,,,,,,,,
2023-007,2023-10-22 15:00:00,16.4,86.4,0,30.0,1001.0,5.0,5.0,25.0,5.0,25.0,5.0,,,1,0,,,,,0,,,,,,,,,,,,,,,,,,,,,,,,,,,,,,,,,,,,,,
2023-007,2023-10-22 18:00:00,16.4,86.5,0,30.0,1001.0,5.0,0.0,30.0,0.0,25.0,5.0,25.0,5.0,1,0,,,,,0,,,,,,,,,,,,,,,,,,,,,,,,,,,,,,,,,,,,,,
2023-007,2023-10-22 21:00:00,16.4,86.6,0,30.0,1001.0,5.0,0.0,30.0,0.0,25.0,5.0,25.0,5.0,1,0,,,,,0,,,,,,,,,,,,,,,,,,,,,,,,,,,,,,,,,,,,,,
2023-007,2023-10-23 00:00:00,16.7,86.7,0,30.0,1001.0,5.0,0.0,30.0,0.0,30.0,0.0,25.0,5.0,1,0,,,,,0,,,,,,,,,,,,,,,,,,,,,,,,,,,,,,,,,,,,,,
2023-007,2023-10-23 03:00:00,17.0,86.8,1,30.0,1001.0,5.0,0.0,30.0,0.0,30.0,0.0,25.0,5.0,1,0,2023-007_20231023_0300.npy,2023-10-23 03:00:00,0.0,0.0746781685467816,1,,,,,,,,,,,,,,,,,,,,,,,,,,,,,,,,,,,,,,
2023-007,2023-10-23 06:00:00,17.4,87.0,1,30.0,1000.0,6.0,0.0,30.0,0.0,30.0,0.0,25.0,5.0,1,0,,,,,0,,,,,,,,,,,,,,,,,,,,,,,,,,,,,,,,,,,,,,
2023-007,2023-10-23 09:00:00,17.9,87.2,1,30.0,1000.0,6.0,0.0,30.0,0.0,30.0,0.0,25.0,5.0,1,0,,,,,0,,,,,,,,,,,,,,,,,,,,,,,,,,,,,,,,,,,,,,
2023-007,2023-10-23 12:00:00,18.3,87.3,0,35.0,999.0,7.0,5.0,30.0,5.0,30.0,5.0,30.0,5.0,1,0,,,,,0,,,,,,,,,,,,,,,,,,,,,,,,,,,,,,,,,,,,,,
2023-007,2023-10-23 15:00:00,18.7,87.6,0,40.0,998.0,8.0,10.0,30.0,10.0,30.0,10.0,30.0,10.0,1,0,,,,,0,,,,,,,,,,,,,,,,,,,,,,,,,,,,,,,,,,,,,,
2023-007,2023-10-23 18:00:00,19.1,88.0,0,40.0,998.0,8.0,5.0,35.0,5.0,30.0,10.0,30.0,10.0,1,0,,,,,0,,,,,,,,,,,,,,,,,,,,,,,,,,,,,,,,,,,,,,
2023-007,2023-10-24 00:00:00,19.7,88.8,0,55.0,990.0,16.0,15.0,40.0,15.0,35.0,20.0,30.0,25.0,1,0,,,,,0,,,,,,,,,,,,,,,,,,,,,,,,,,,,,,,,,,,,,,
2023-007,2023-10-24 03:00:00,20.0,89.5,0,65.0,984.0,22.0,15.0,50.0,15.0,40.0,25.0,30.0,35.0,1,0,,,,,0,,,,,,,,,,,,,,,,,,,,,,,,,,,,,,,,,,,,,,
2023-007,2023-10-24 06:00:00,20.3,90.0,0,65.0,985.0,21.0,10.0,55.0,10.0,40.0,25.0,30.0,35.0,1,0,,,,,0,,,,,,,,,,,,,,,,,,,,,,,,,,,,,,,,,,,,,,
2023-008,2023-11-15 03:00:00,14.5,86.8,0,25.0,1005.0,3.0,,,,,,,,1,0,,,,,0,,,,,,,,,,,,,,,,,,,,,,,,,,,,,,,,,,,,,,
2023-008,2023-11-15 06:00:00,14.7,86.6,0,25.0,1005.0,3.0,,,,,,,,1,0,,,,,0,,,,,,,,,,,,,,,,,,,,,,,,,,,,,,,,,,,,,,
2023-008,2023-11-15 12:00:00,15.3,86.4,0,25.0,1004.0,4.0,0.0,25.0,0.0,,,,,1,0,,,,,0,,,,,,,,,,,,,,,,,,,,,,,,,,,,,,,,,,,,,,
2023-008,2023-11-15 18:00:00,16.0,86.4,0,25.0,1004.0,4.0,0.0,25.0,0.0,25.0,0.0,,,1,0,,,,,0,,,,,,,,,,,,,,,,,,,,,,,,,,,,,,,,,,,,,,
2023-008,2023-11-16 00:00:00,16.9,86.8,0,30.0,1003.0,5.0,5.0,25.0,5.0,25.0,5.0,,,1,0,,,,,0,,,,,,,,,,,,,,,,,,,,,,,,,,,,,,,,,,,,,,
2023-008,2023-11-16 03:00:00,17.4,87.0,0,30.0,1003.0,5.0,,,,,,25.0,5.0,1,0,,,,,0,,,,,,,,,,,,,,,,,,,,,,,,,,,,,,,,,,,,,,
2023-008,2023-11-16 06:00:00,17.9,87.3,0,30.0,1003.0,5.0,0.0,30.0,0.0,25.0,5.0,25.0,5.0,1,0,,,,,0,,,,,,,,,,,,,,,,,,,,,,,,,,,,,,,,,,,,,,
2023-008,2023-11-16 12:00:00,18.6,87.7,0,30.0,1003.0,5.0,0.0,30.0,0.0,30.0,0.0,25.0,5.0,1,0,,,,,0,,,,,,,,,,,,,,,,,,,,,,,,,,,,,,,,,,,,,,
2023-008,2023-11-16 18:00:00,19.1,88.0,0,30.0,1002.0,6.0,0.0,30.0,0.0,30.0,0.0,25.0,5.0,1,0,,,,,0,,,,,,,,,,,,,,,,,,,,,,,,,,,,,,,,,,,,,,
2023-008,2023-11-17 00:00:00,20.1,88.5,0,35.0,1001.0,7.0,5.0,30.0,5.0,30.0,5.0,30.0,5.0,1,0,,,,,0,,,,,,,,,,,,,,,,,,,,,,,,,,,,,,,,,,,,,,
2023-009,2023-12-01 03:00:00,9.3,86.2,0,20.0,1002.0,3.0,,,,,,,,1,0,,,,,0,,,,,,,,,,,,,,,,,,,,,,,,,,,,,,,,,,,,,,
2023-009,2023-12-01 06:00:00,9.5,86.0,0,25.0,1002.0,3.0,-5.0,30.0,-5.0,,,,,1,0,,,,,0,,,,,,,,,,,,,,,,,,,,,,,,,,,,,,,,,,,,,,
2023-009,2023-12-01 12:00:00,10.0,85.7,0,25.0,1001.0,3.0,0.0,25.0,0.0,30.0,-5.0,,,1,0,,,,,0,,,,,,,,,,,,,,,,,,,,,,,,,,,,,,,,,,,,,,
2023-009,2023-12-01 18:00:00,10.3,85.1,0,25.0,1000.0,4.0,0.0,25.0,0.0,25.0,0.0,,,1,0,,,,,0,,,,,,,,,,,,,,,,,,,,,,,,,,,,,,,,,,,,,,
2023-009,2023-12-02 03:00:00,10.6,83.6,0,30.0,997.0,5.0,,,,,,20.0,10.0,1,0,,,,,0,,,,,,,,,,,,,,,,,,,,,,,,,,,,,,,,,,,,,,
2023-009,2023-12-02 06:00:00,10.7,83.2,0,30.0,997.0,5.0,,,,25.0,5.0,25.0,5.0,1,0,,,,,0,,,,,,,,,,,,,,,,,,,,,,,,,,,,,,,,,,,,,,
2023-009,2023-12-02 12:00:00,10.9,83.1,0,30.0,997.0,5.0,0.0,30.0,0.0,,,25.0,5.0,1,0,,,,,0,,,,,,,,,,,,,,,,,,,,,,,,,,,,,,,,,,,,,,
2023-009,2023-12-02 18:00:00,11.1,82.7,0,30.0,996.0,6.0,0.0,30.0,0.0,30.0,0.0,25.0,5.0,1,0,,,,,0,,,,,,,,,,,,,,,,,,,,,,,,,,,,,,,,,,,,,,
2023-009,2023-12-03 00:00:00,11.4,82.5,0,35.0,995.0,7.0,5.0,30.0,5.0,30.0,5.0,,,1,0,,,,,0,,,,,,,,,,,,,,,,,,,,,,,,,,,,,,,,,,,,,,
2023-009,2023-12-03 03:00:00,11.5,82.4,0,35.0,995.0,7.0,,,,,,30.0,5.0,1,0,,,,,0,,,,,,,,,,,,,,,,,,,,,,,,,,,,,,,,,,,,,,
2023-009,2023-12-03 06:00:00,11.8,82.2,0,35.0,995.0,7.0,0.0,35.0,0.0,30.0,5.0,30.0,5.0,1,0,,,,,0,,,,,,,,,,,,,,,,,,,,,,,,,,,,,,,,,,,,,,
2023-009,2023-12-03 09:00:00,12.0,82.1,0,35.0,995.0,7.0,0.0,35.0,0.0,,,,,1,0,,,,,0,,,,,,,,,,,,,,,,,,,,,,,,,,,,,,,,,,,,,,
2023-009,2023-12-03 12:00:00,12.2,82.0,0,35.0,995.0,7.0,0.0,35.0,0.0,35.0,0.0,30.0,5.0,1,0,,,,,0,,,,,,,,,,,,,,,,,,,,,,,,,,,,,,,,,,,,,,
2023-009,2023-12-03 15:00:00,12.4,81.9,0,40.0,994.0,8.0,5.0,35.0,5.0,35.0,5.0,,,1,0,,,,,0,,,,,,,,,,,,,,,,,,,,,,,,,,,,,,,,,,,,,,
2023-009,2023-12-03 18:00:00,12.8,81.6,0,45.0,992.0,10.0,10.0,35.0,10.0,35.0,10.0,30.0,15.0,1,0,,,,,0,,,,,,,,,,,,,,,,,,,,,,,,,,,,,,,,,,,,,,
2023-009,2023-12-03 21:00:00,13.0,81.4,0,45.0,992.0,10.0,5.0,40.0,5.0,35.0,10.0,,,1,0,,,,,0,,,,,,,,,,,,,,,,,,,,,,,,,,,,,,,,,,,,,,
2023-009,2023-12-04 00:00:00,13.1,81.2,0,45.0,992.0,10.0,0.0,45.0,0.0,35.0,10.0,35.0,10.0,1,0,,,,,0,,,,,,,,,,,,,,,,,,,,,,,,,,,,,,,,,,,,,,
2023-009,2023-12-04 03:00:00,13.3,81.0,0,50.0,988.0,14.0,5.0,45.0,5.0,40.0,10.0,35.0,15.0,1,0,,,,,0,,,,,,,,,,,,,,,,,,,,,,,,,,,,,,,,,,,,,,
2023-009,2023-12-04 06:00:00,13.5,80.8,0,50.0,988.0,14.0,5.0,45.0,5.0,45.0,5.0,35.0,15.0,1,0,,,,,0,,,,,,,,,,,,,,,,,,,,,,,,,,,,,,,,,,,,,,
2023-009,2023-12-04 09:00:00,13.7,80.7,0,50.0,988.0,14.0,0.0,50.0,0.0,45.0,5.0,35.0,15.0,1,0,,,,,0,,,,,,,,,,,,,,,,,,,,,,,,,,,,,,,,,,,,,,
2023-009,2023-12-04 12:00:00,14.0,80.5,0,55.0,986.0,16.0,5.0,50.0,5.0,45.0,10.0,35.0,20.0,1,0,,,,,0,,,,,,,,,,,,,,,,,,,,,,,,,,,,,,,,,,,,,,
2023-009,2023-12-04 15:00:00,14.3,80.4,0,55.0,986.0,16.0,5.0,50.0,5.0,50.0,5.0,40.0,15.0,1,0,,,,,0,,,,,,,,,,,,,,,,,,,,,,,,,,,,,,,,,,,,,,
2023-009,2023-12-04 18:00:00,14.5,80.3,0,55.0,986.0,16.0,0.0,55.0,0.0,50.0,5.0,45.0,10.0,1,0,,,,,0,,,,,,,,,,,,,,,,,,,,,,,,,,,,,,,,,,,,,,
2023-009,2023-12-05 00:00:00,14.9,80.2,0,50.0,988.0,14.0,-5.0,55.0,-5.0,55.0,-5.0,45.0,5.0,1,0,,,,,0,,,,,,,,,,,,,,,,,,,,,,,,,,,,,,,,,,,,,,
2024-001,2024-05-24 00:00:00,15.0,88.4,0,25.0,996.0,3.0,,,,,,,,1,0,,,,,0,,,,,,,,,,,,,,,,,,,,,,,,,,,,,,,,,,,,,,
2024-001,2024-05-24 03:00:00,15.5,88.7,0,25.0,996.0,3.0,,,,,,,,1,0,,,,,0,,,,,,,,,,,,,,,,,,,,,,,,,,,,,,,,,,,,,,
2024-001,2024-05-24 06:00:00,15.8,88.9,0,25.0,996.0,3.0,0.0,25.0,0.0,,,,,1,0,,,,,0,,,,,,,,,,,,,,,,,,,,,,,,,,,,,,,,,,,,,,
2024-001,2024-05-24 12:00:00,16.2,89.1,0,25.0,995.0,3.0,0.0,25.0,0.0,25.0,0.0,,,1,0,,,,,0,,,,,,,,,,,,,,,,,,,,,,,,,,,,,,,,,,,,,,
2024-001,2024-05-24 18:00:00,16.8,89.4,0,25.0,995.0,3.0,0.0,25.0,0.0,25.0,0.0,,,1,0,,,,,0,,,,,,,,,,,,,,,,,,,,,,,,,,,,,,,,,,,,,,
2024-001,2024-05-25 00:00:00,17.6,89.7,0,30.0,993.0,4.0,5.0,25.0,5.0,25.0,5.0,25.0,5.0,1,0,,,,,0,,,,,,,,,,,,,,,,,,,,,,,,,,,,,,,,,,,,,,
2024-001,2024-05-25 03:00:00,18.0,89.7,0,30.0,992.0,5.0,,,,,,25.0,5.0,1,0,,,,,0,,,,,,,,,,,,,,,,,,,,,,,,,,,,,,,,,,,,,,
2024-001,2024-05-25 06:00:00,18.2,89.7,0,30.0,991.0,5.0,0.0,30.0,0.0,25.0,5.0,25.0,5.0,1,0,,,,,0,,,,,,,,,,,,,,,,,,,,,,,,,,,,,,,,,,,,,,
2024-001,2024-05-25 12:00:00,18.8,89.5,0,35.0,989.0,7.0,5.0,30.0,5.0,30.0,5.0,25.0,10.0,1,0,,,,,0,,,,,,,,,,,,,,,,,,,,,,,,,,,,,,,,,,,,,,
2024-001,2024-05-25 15:00:00,19.1,89.5,0,35.0,989.0,7.0,,,,30.0,5.0,,,1,0,,,,,0,,,,,,,,,,,,,,,,,,,,,,,,,,,,,,,,,,,,,,
2024-001,2024-05-25 18:00:00,19.3,89.4,0,40.0,988.0,8.0,5.0,35.0,5.0,30.0,10.0,25.0,15.0,1,0,,,,,0,,,,,,,,,,,,,,,,,,,,,,,,,,,,,,,,,,,,,,
2024-001,2024-05-25 21:00:00,19.4,89.4,0,45.0,986.0,10.0,10.0,35.0,10.0,,,,,1,0,,,,,0,,,,,,,,,,,,,,,,,,,,,,,,,,,,,,,,,,,,,,
2024-001,2024-05-26 00:00:00,19.5,89.4,0,50.0,984.0,12.0,10.0,40.0,10.0,35.0,15.0,30.0,20.0,1,0,,,,,0,,,,,,,,,,,,,,,,,,,,,,,,,,,,,,,,,,,,,,
2024-001,2024-05-26 03:00:00,19.8,89.3,0,50.0,984.0,12.0,5.0,45.0,5.0,35.0,15.0,30.0,20.0,1,0,,,,,0,,,,,,,,,,,,,,,,,,,,,,,,,,,,,,,,,,,,,,
2024-001,2024-05-26 06:00:00,20.2,89.2,0,50.0,983.0,13.0,0.0,50.0,0.0,40.0,10.0,30.0,20.0,1,0,,,,,0,,,,,,,,,,,,,,,,,,,,,,,,,,,,,,,,,,,,,,
2024-001,2024-05-26 09:00:00,20.6,89.2,0,55.0,981.0,15.0,5.0,50.0,5.0,45.0,10.0,,,1,0,,,,,0,,,,,,,,,,,,,,,,,,,,,,,,,,,,,,,,,,,,,,
2024-001,2024-05-26 12:00:00,21.1,89.2,0,60.0,978.0,18.0,10.0,50.0,10.0,50.0,10.0,35.0,25.0,1,0,,,,,0,,,,,,,,,,,,,,,,,,,,,,,,,,,,,,,,,,,,,,
2024-001,2024-05-26 15:00:00,21.4,89.2,0,60.0,978.0,18.0,5.0,55.0,5.0,50.0,10.0,35.0,25.0,1,0,,,,,0,,,,,,,,,,,,,,,,,,,,,,,,,,,,,,,,,,,,,,
2024-001,2024-05-26 18:00:00,21.7,89.2,0,60.0,978.0,18.0,0.0,60.0,0.0,50.0,10.0,40.0,20.0,1,0,,,,,0,,,,,,,,,,,,,,,,,,,,,,,,,,,,,,,,,,,,,,
2024-001,2024-05-27 00:00:00,22.5,89.2,0,45.0,982.0,12.0,-15.0,60.0,-15.0,60.0,-15.0,50.0,-5.0,1,0,,,,,0,,,,,,,,,,,,,,,,,,,,,,,,,,,,,,,,,,,,,,
2024-001,2024-05-27 03:00:00,22.8,89.2,0,40.0,984.0,10.0,-15.0,55.0,-15.0,60.0,-20.0,50.0,-10.0,1,0,,,,,0,,,,,,,,,,,,,,,,,,,,,,,,,,,,,,,,,,,,,,
2024-001,2024-05-27 06:00:00,23.0,89.2,0,35.0,985.0,9.0,-10.0,45.0,-10.0,60.0,-25.0,50.0,-15.0,1,0,,,,,0,,,,,,,,,,,,,,,,,,,,,,,,,,,,,,,,,,,,,,
2024-002,2024-07-19 03:00:00,19.1,86.2,0,25.0,992.0,3.0,,,,,,,,1,0,,,,,0,,,,,,,,,,,,,,,,,,,,,,,,,,,,,,,,,,,,,,
2024-002,2024-07-19 06:00:00,19.2,86.0,0,25.0,992.0,3.0,,,,,,,,1,0,,,,,0,,,,,,,,,,,,,,,,,,,,,,,,,,,,,,,,,,,,,,
2024-005,2024-08-31 00:00:00,17.5,84.6,0,25.0,998.0,3.0,,,,,,,,1,0,,,,,0,,,,,,,,,,,,,,,,,,,,,,,,,,,,,,,,,,,,,,
2024-005,2024-08-31 03:00:00,17.7,84.5,0,25.0,997.0,3.0,,,,,,,,1,0,,,,,0,,,,,,,,,,,,,,,,,,,,,,,,,,,,,,,,,,,,,,
2024-005,2024-08-31 06:00:00,17.9,84.3,0,25.0,996.0,3.0,0.0,25.0,0.0,,,,,1,0,,,,,0,,,,,,,,,,,,,,,,,,,,,,,,,,,,,,,,,,,,,,
2024-005,2024-08-31 12:00:00,18.1,84.0,0,25.0,997.0,4.0,0.0,25.0,0.0,25.0,0.0,,,1,0,,,,,0,,,,,,,,,,,,,,,,,,,,,,,,,,,,,,,,,,,,,,
2024-005,2024-08-31 18:00:00,18.2,83.8,0,25.0,997.0,4.0,0.0,25.0,0.0,25.0,0.0,,,1,0,,,,,0,,,,,,,,,,,,,,,,,,,,,,,,,,,,,,,,,,,,,,
2024-005,2024-09-01 00:00:00,18.5,83.0,0,25.0,997.0,4.0,0.0,25.0,0.0,25.0,0.0,25.0,0.0,1,0,,,,,0,,,,,,,,,,,,,,,,,,,,,,,,,,,,,,,,,,,,,,
2024-005,2024-09-01 03:00:00,18.7,82.4,0,25.0,998.0,3.0,,,,,,25.0,0.0,1,0,,,,,0,,,,,,,,,,,,,,,,,,,,,,,,,,,,,,,,,,,,,,
2024-005,2024-09-01 06:00:00,18.7,82.1,0,20.0,999.0,3.0,-5.0,25.0,-5.0,25.0,-5.0,25.0,-5.0,1,0,,,,,0,,,,,,,,,,,,,,,,,,,,,,,,,,,,,,,,,,,,,,
2024-006,2024-09-08 00:00:00,17.9,87.0,0,25.0,998.0,3.0,,,,,,,,1,0,2024-006_20240908_0000.npy,2024-09-08 00:00:00,0.0,0.065056403450564,1,,,,,,,,,,,,,,,,,,,,,,,,,,,,,,,,,,,,,,
2024-006,2024-09-08 03:00:00,18.2,86.8,0,25.0,998.0,3.0,,,,,,,,1,0,,,,,0,,,,,,,,,,,,,,,,,,,,,,,,,,,,,,,,,,,,,,
2024-006,2024-09-08 06:00:00,18.4,86.7,0,25.0,997.0,3.0,0.0,25.0,0.0,,,,,1,0,,,,,0,,,,,,,,,,,,,,,,,,,,,,,,,,,,,,,,,,,,,,
2024-006,2024-09-08 12:00:00,18.6,86.4,0,25.0,995.0,4.0,0.0,25.0,0.0,25.0,0.0,,,1,0,,,,,0,,,,,,,,,,,,,,,,,,,,,,,,,,,,,,,,,,,,,,
2024-006,2024-09-08 18:00:00,18.9,86.3,0,30.0,993.0,5.0,5.0,25.0,5.0,25.0,5.0,,,1,0,,,,,0,,,,,,,,,,,,,,,,,,,,,,,,,,,,,,,,,,,,,,
2024-006,2024-09-09 00:00:00,19.3,86.2,0,30.0,991.0,6.0,0.0,30.0,0.0,25.0,5.0,25.0,5.0,1,0,,,,,0,,,,,,,,,,,,,,,,,,,,,,,,,,,,,,,,,,,,,,
2024-006,2024-09-09 03:00:00,19.6,86.2,0,30.0,991.0,6.0,,,,,,25.0,5.0,1,0,,,,,0,,,,,,,,,,,,,,,,,,,,,,,,,,,,,,,,,,,,,,
2024-006,2024-09-09 06:00:00,20.0,86.0,0,30.0,992.0,6.0,0.0,30.0,0.0,30.0,0.0,25.0,5.0,1,0,,,,,0,,,,,,,,,,,,,,,,,,,,,,,,,,,,,,,,,,,,,,
2024-008,2024-09-13 12:00:00,22.0,90.8,0,20.0,993.0,3.0,,,,,,,,1,0,2024-008_20240913_1200.npy,2024-09-13 12:00:00,0.0,0.0790975447909754,1,,,,,,,,,,,,,,,,,,,,,,,,,,,,,,,,,,,,,,
2024-008,2024-09-13 18:00:00,22.3,90.4,0,25.0,992.0,4.0,5.0,20.0,5.0,,,,,1,0,,,,,0,,,,,,,,,,,,,,,,,,,,,,,,,,,,,,,,,,,,,,
2024-008,2024-09-14 00:00:00,22.5,89.6,0,30.0,990.0,5.0,5.0,25.0,5.0,20.0,10.0,,,1,0,,,,,0,,,,,,,,,,,,,,,,,,,,,,,,,,,,,,,,,,,,,,
2024-008,2024-09-14 03:00:00,22.7,88.8,0,30.0,990.0,5.0,,,,,,,,1,0,,,,,0,,,,,,,,,,,,,,,,,,,,,,,,,,,,,,,,,,,,,,
2024-008,2024-09-14 06:00:00,22.4,88.3,0,30.0,990.0,5.0,0.0,30.0,0.0,25.0,5.0,,,1,0,,,,,0,,,,,,,,,,,,,,,,,,,,,,,,,,,,,,,,,,,,,,
2024-008,2024-09-14 12:00:00,22.4,88.5,0,30.0,989.0,6.0,0.0,30.0,0.0,30.0,0.0,20.0,10.0,1,0,,,,,0,,,,,,,,,,,,,,,,,,,,,,,,,,,,,,,,,,,,,,
2024-008,2024-09-14 18:00:00,22.6,88.5,0,30.0,989.0,6.0,0.0,30.0,0.0,30.0,0.0,25.0,5.0,1,0,,,,,0,,,,,,,,,,,,,,,,,,,,,,,,,,,,,,,,,,,,,,
2024-008,2024-09-15 00:00:00,22.6,88.0,0,30.0,989.0,6.0,0.0,30.0,0.0,30.0,0.0,30.0,0.0,1,0,,,,,0,,,,,,,,,,,,,,,,,,,,,,,,,,,,,,,,,,,,,,
2024-008,2024-09-15 03:00:00,22.6,87.8,0,30.0,990.0,5.0,,,,,,30.0,0.0,1,0,,,,,0,,,,,,,,,,,,,,,,,,,,,,,,,,,,,,,,,,,,,,
2024-008,2024-09-15 06:00:00,22.7,87.6,0,30.0,990.0,5.0,0.0,30.0,0.0,30.0,0.0,30.0,0.0,1,0,,,,,0,,,,,,,,,,,,,,,,,,,,,,,,,,,,,,,,,,,,,,
2024-008,2024-09-15 12:00:00,22.8,87.4,0,30.0,990.0,5.0,0.0,30.0,0.0,30.0,0.0,30.0,0.0,1,0,,,,,0,,,,,,,,,,,,,,,,,,,,,,,,,,,,,,,,,,,,,,
2024-008,2024-09-15 18:00:00,22.9,87.2,0,30.0,990.0,5.0,0.0,30.0,0.0,30.0,0.0,30.0,0.0,1,0,,,,,0,,,,,,,,,,,,,,,,,,,,,,,,,,,,,,,,,,,,,,
2024-008,2024-09-16 00:00:00,23.0,87.0,0,30.0,990.0,5.0,0.0,30.0,0.0,30.0,0.0,30.0,0.0,1,0,,,,,0,,,,,,,,,,,,,,,,,,,,,,,,,,,,,,,,,,,,,,
2024-008,2024-09-16 03:00:00,23.1,86.7,0,30.0,990.0,5.0,,,,,,30.0,0.0,1,0,,,,,0,,,,,,,,,,,,,,,,,,,,,,,,,,,,,,,,,,,,,,
2024-008,2024-09-16 06:00:00,23.2,86.4,0,30.0,990.0,5.0,0.0,30.0,0.0,30.0,0.0,30.0,0.0,1,0,,,,,0,,,,,,,,,,,,,,,,,,,,,,,,,,,,,,,,,,,,,,
2024-008,2024-09-16 12:00:00,23.3,85.2,0,30.0,990.0,5.0,0.0,30.0,0.0,30.0,0.0,30.0,0.0,1,0,,,,,0,,,,,,,,,,,,,,,,,,,,,,,,,,,,,,,,,,,,,,
2024-008,2024-09-16 18:00:00,23.4,84.6,0,30.0,991.0,5.0,0.0,30.0,0.0,30.0,0.0,30.0,0.0,1,0,,,,,0,,,,,,,,,,,,,,,,,,,,,,,,,,,,,,,,,,,,,,
2024-010,2024-10-15 12:00:00,11.4,84.4,0,20.0,1002.0,3.0,,,,,,,,1,0,,,,,0,,,,,,,,,,,,,,,,,,,,,,,,,,,,,,,,,,,,,,
2024-010,2024-10-15 18:00:00,11.8,84.0,0,20.0,1002.0,3.0,0.0,20.0,0.0,,,,,1,0,,,,,0,,,,,,,,,,,,,,,,,,,,,,,,,,,,,,,,,,,,,,
2024-011,2024-10-22 00:00:00,15.4,91.6,0,20.0,1003.0,3.0,,,,,,,,1,0,,,,,0,,,,,,,,,,,,,,,,,,,,,,,,,,,,,,,,,,,,,,
2024-011,2024-10-22 03:00:00,15.5,91.4,0,20.0,1002.0,3.0,,,,,,,,1,0,,,,,0,,,,,,,,,,,,,,,,,,,,,,,,,,,,,,,,,,,,,,
2024-011,2024-10-22 06:00:00,15.5,91.3,0,25.0,1000.0,4.0,5.0,20.0,5.0,,,,,1,0,,,,,0,,,,,,,,,,,,,,,,,,,,,,,,,,,,,,,,,,,,,,
2024-011,2024-10-22 12:00:00,15.6,90.9,0,30.0,999.0,5.0,5.0,25.0,5.0,20.0,10.0,,,1,0,,,,,0,,,,,,,,,,,,,,,,,,,,,,,,,,,,,,,,,,,,,,
2024-011,2024-10-22 18:00:00,15.8,90.5,0,30.0,998.0,6.0,0.0,30.0,0.0,25.0,5.0,,,1,0,,,,,0,,,,,,,,,,,,,,,,,,,,,,,,,,,,,,,,,,,,,,
2024-011,2024-10-23 00:00:00,16.2,89.8,0,35.0,997.0,7.0,5.0,30.0,5.0,30.0,5.0,20.0,15.0,1,0,,,,,0,,,,,,,,,,,,,,,,,,,,,,,,,,,,,,,,,,,,,,
2024-011,2024-10-23 03:00:00,16.5,89.6,0,35.0,996.0,8.0,,,,,,20.0,15.0,1,0,,,,,0,,,,,,,,,,,,,,,,,,,,,,,,,,,,,,,,,,,,,,
2024-011,2024-10-23 06:00:00,16.7,89.2,0,40.0,995.0,9.0,5.0,35.0,5.0,30.0,10.0,25.0,15.0,1,0,,,,,0,,,,,,,,,,,,,,,,,,,,,,,,,,,,,,,,,,,,,,
2024-011,2024-10-23 09:00:00,16.9,89.1,0,45.0,994.0,10.0,10.0,35.0,10.0,,,,,1,0,,,,,0,,,,,,,,,,,,,,,,,,,,,,,,,,,,,,,,,,,,,,
2024-011,2024-10-23 12:00:00,17.2,88.9,0,45.0,992.0,12.0,5.0,40.0,5.0,35.0,10.0,30.0,15.0,1,0,,,,,0,,,,,,,,,,,,,,,,,,,,,,,,,,,,,,,,,,,,,,
2024-011,2024-10-23 15:00:00,17.6,88.7,0,45.0,992.0,12.0,0.0,45.0,0.0,35.0,10.0,,,1,0,,,,,0,,,,,,,,,,,,,,,,,,,,,,,,,,,,,,,,,,,,,,
2024-011,2024-10-23 18:00:00,17.9,88.5,0,50.0,990.0,14.0,5.0,45.0,5.0,40.0,10.0,30.0,20.0,1,0,,,,,0,,,,,,,,,,,,,,,,,,,,,,,,,,,,,,,,,,,,,,
2024-011,2024-10-23 21:00:00,18.3,88.3,0,50.0,990.0,14.0,5.0,45.0,5.0,45.0,5.0,,,1,0,,,,,0,,,,,,,,,,,,,,,,,,,,,,,,,,,,,,,,,,,,,,
2024-011,2024-10-24 00:00:00,18.6,88.2,0,55.0,988.0,16.0,5.0,50.0,5.0,45.0,10.0,35.0,20.0,1,0,,,,,0,,,,,,,,,,,,,,,,,,,,,,,,,,,,,,,,,,,,,,
2024-011,2024-10-24 03:00:00,18.9,88.0,0,55.0,988.0,16.0,5.0,50.0,5.0,45.0,10.0,35.0,20.0,1,0,,,,,0,,,,,,,,,,,,,,,,,,,,,,,,,,,,,,,,,,,,,,
2024-011,2024-10-24 06:00:00,19.2,87.8,0,55.0,988.0,16.0,0.0,55.0,0.0,50.0,5.0,40.0,15.0,1,0,,,,,0,,,,,,,,,,,,,,,,,,,,,,,,,,,,,,,,,,,,,,
2024-011,2024-10-24 09:00:00,19.4,87.6,0,60.0,986.0,18.0,5.0,55.0,5.0,50.0,10.0,45.0,15.0,1,0,,,,,0,,,,,,,,,,,,,,,,,,,,,,,,,,,,,,,,,,,,,,
2024-011,2024-10-24 12:00:00,19.8,87.5,0,60.0,986.0,18.0,5.0,55.0,5.0,55.0,5.0,45.0,15.0,1,0,,,,,0,,,,,,,,,,,,,,,,,,,,,,,,,,,,,,,,,,,,,,
2024-011,2024-10-24 18:00:00,20.5,87.1,0,55.0,988.0,16.0,-5.0,60.0,-5.0,55.0,0.0,50.0,5.0,1,0,,,,,0,,,,,,,,,,,,,,,,,,,,,,,,,,,,,,,,,,,,,,
2024-012,2024-11-25 03:00:00,5.0,85.3,0,20.0,1003.0,3.0,,,,,,,,1,0,,,,,0,,,,,,,,,,,,,,,,,,,,,,,,,,,,,,,,,,,,,,
2024-012,2024-11-25 06:00:00,5.1,84.5,0,20.0,1003.0,3.0,,,,,,,,1,0,,,,,0,,,,,,,,,,,,,,,,,,,,,,,,,,,,,,,,,,,,,,
2024-012,2024-11-25 12:00:00,5.2,83.5,0,25.0,1002.0,4.0,5.0,20.0,5.0,,,,,1,0,,,,,0,,,,,,,,,,,,,,,,,,,,,,,,,,,,,,,,,,,,,,
2024-012,2024-11-25 18:00:00,5.5,83.2,0,25.0,1002.0,4.0,0.0,25.0,0.0,20.0,5.0,,,1,0,,,,,0,,,,,,,,,,,,,,,,,,,,,,,,,,,,,,,,,,,,,,
2024-012,2024-11-26 00:00:00,6.0,82.9,0,25.0,1002.0,4.0,0.0,25.0,0.0,25.0,0.0,,,1,0,,,,,0,,,,,,,,,,,,,,,,,,,,,,,,,,,,,,,,,,,,,,
2024-012,2024-11-26 03:00:00,6.3,82.8,0,30.0,1001.0,5.0,,,,,,20.0,10.0,1,0,,,,,0,,,,,,,,,,,,,,,,,,,,,,,,,,,,,,,,,,,,,,
2024-012,2024-11-26 06:00:00,6.6,82.8,0,30.0,1001.0,5.0,5.0,25.0,5.0,25.0,5.0,20.0,10.0,1,0,,,,,0,,,,,,,,,,,,,,,,,,,,,,,,,,,,,,,,,,,,,,
2024-012,2024-11-26 12:00:00,7.0,82.7,0,30.0,1001.0,5.0,0.0,30.0,0.0,25.0,5.0,25.0,5.0,1,0,,,,,0,,,,,,,,,,,,,,,,,,,,,,,,,,,,,,,,,,,,,,
2024-012,2024-11-26 18:00:00,7.5,82.6,0,30.0,1001.0,5.0,0.0,30.0,0.0,30.0,0.0,25.0,5.0,1,0,,,,,0,,,,,,,,,,,,,,,,,,,,,,,,,,,,,,,,,,,,,,
2024-012,2024-11-27 00:00:00,8.2,82.4,0,30.0,1001.0,5.0,0.0,30.0,0.0,30.0,0.0,25.0,5.0,1,0,,,,,0,,,,,,,,,,,,,,,,,,,,,,,,,,,,,,,,,,,,,,
2024-012,2024-11-27 03:00:00,8.5,82.3,0,30.0,1001.0,5.0,,,,,,30.0,0.0,1,0,,,,,0,,,,,,,,,,,,,,,,,,,,,,,,,,,,,,,,,,,,,,
2024-012,2024-11-27 06:00:00,8.7,82.2,0,30.0,1001.0,5.0,0.0,30.0,0.0,30.0,0.0,30.0,0.0,1,0,,,,,0,,,,,,,,,,,,,,,,,,,,,,,,,,,,,,,,,,,,,,
2024-012,2024-11-27 12:00:00,8.9,82.2,0,30.0,1000.0,6.0,0.0,30.0,0.0,30.0,0.0,30.0,0.0,1,0,,,,,0,,,,,,,,,,,,,,,,,,,,,,,,,,,,,,,,,,,,,,
2024-012,2024-11-27 18:00:00,9.0,82.2,0,30.0,1000.0,6.0,0.0,30.0,0.0,30.0,0.0,30.0,0.0,1,0,,,,,0,,,,,,,,,,,,,,,,,,,,,,,,,,,,,,,,,,,,,,
2024-012,2024-11-28 00:00:00,9.0,82.2,0,30.0,1000.0,6.0,0.0,30.0,0.0,30.0,0.0,30.0,0.0,1,0,,,,,0,,,,,,,,,,,,,,,,,,,,,,,,,,,,,,,,,,,,,,
2024-012,2024-11-28 03:00:00,9.1,82.3,0,30.0,1000.0,6.0,,,,,,30.0,0.0,1,0,,,,,0,,,,,,,,,,,,,,,,,,,,,,,,,,,,,,,,,,,,,,
2024-012,2024-11-28 06:00:00,9.3,82.4,0,30.0,1000.0,6.0,0.0,30.0,0.0,30.0,0.0,30.0,0.0,1,0,,,,,0,,,,,,,,,,,,,,,,,,,,,,,,,,,,,,,,,,,,,,
2024-012,2024-11-28 12:00:00,9.6,82.7,0,30.0,1000.0,6.0,0.0,30.0,0.0,30.0,0.0,30.0,0.0,1,0,,,,,0,,,,,,,,,,,,,,,,,,,,,,,,,,,,,,,,,,,,,,
2024-012,2024-11-28 18:00:00,10.1,82.8,0,30.0,1000.0,6.0,0.0,30.0,0.0,30.0,0.0,30.0,0.0,1,0,,,,,0,,,,,,,,,,,,,,,,,,,,,,,,,,,,,,,,,,,,,,
2024-012,2024-11-29 00:00:00,10.4,82.7,0,30.0,1000.0,6.0,0.0,30.0,0.0,30.0,0.0,30.0,0.0,1,0,,,,,0,,,,,,,,,,,,,,,,,,,,,,,,,,,,,,,,,,,,,,
2024-012,2024-11-29 03:00:00,10.6,82.6,0,30.0,1000.0,6.0,,,,,,30.0,0.0,1,0,,,,,0,,,,,,,,,,,,,,,,,,,,,,,,,,,,,,,,,,,,,,
2024-012,2024-11-29 06:00:00,10.9,82.5,0,30.0,1000.0,6.0,0.0,30.0,0.0,30.0,0.0,30.0,0.0,1,0,,,,,0,,,,,,,,,,,,,,,,,,,,,,,,,,,,,,,,,,,,,,
2024-012,2024-11-29 09:00:00,11.2,82.2,0,35.0,999.0,7.0,5.0,30.0,5.0,,,,,1,0,,,,,0,,,,,,,,,,,,,,,,,,,,,,,,,,,,,,,,,,,,,,
2024-012,2024-11-29 12:00:00,11.5,81.9,0,35.0,999.0,7.0,5.0,30.0,5.0,30.0,5.0,30.0,5.0,1,0,,,,,0,,,,,,,,,,,,,,,,,,,,,,,,,,,,,,,,,,,,,,
2024-012,2024-11-29 15:00:00,11.6,81.7,0,35.0,999.0,7.0,0.0,35.0,0.0,30.0,5.0,,,1,0,,,,,0,,,,,,,,,,,,,,,,,,,,,,,,,,,,,,,,,,,,,,
2024-012,2024-11-29 18:00:00,11.8,81.7,0,35.0,999.0,7.0,0.0,35.0,0.0,30.0,5.0,30.0,5.0,1,0,,,,,0,,,,,,,,,,,,,,,,,,,,,,,,,,,,,,,,,,,,,,
2024-012,2024-11-29 21:00:00,11.9,81.5,0,40.0,996.0,8.0,5.0,35.0,5.0,35.0,5.0,,,1,0,,,,,0,,,,,,,,,,,,,,,,,,,,,,,,,,,,,,,,,,,,,,
2024-012,2024-11-30 00:00:00,12.2,81.2,0,45.0,996.0,10.0,10.0,35.0,10.0,35.0,10.0,30.0,15.0,1,0,,,,,0,,,,,,,,,,,,,,,,,,,,,,,,,,,,,,,,,,,,,,
2024-012,2024-11-30 03:00:00,12.3,80.9,0,45.0,996.0,10.0,5.0,40.0,5.0,35.0,10.0,30.0,15.0,1,0,,,,,0,,,,,,,,,,,,,,,,,,,,,,,,,,,,,,,,,,,,,,
2024-012,2024-11-30 06:00:00,12.3,80.7,0,45.0,996.0,10.0,0.0,45.0,0.0,35.0,10.0,30.0,15.0,1,0,,,,,0,,,,,,,,,,,,,,,,,,,,,,,,,,,,,,,,,,,,,,
2024-012,2024-11-30 12:00:00,12.3,80.3,0,40.0,998.0,11.0,-5.0,45.0,-5.0,45.0,-5.0,35.0,5.0,1,0,,,,,0,,,,,,,,,,,,,,,,,,,,,,,,,,,,,,,,,,,,,,
2024-012,2024-11-30 18:00:00,12.0,79.8,0,40.0,998.0,10.0,0.0,40.0,0.0,45.0,-5.0,35.0,5.0,1,0,,,,,0,,,,,,,,,,,,,,,,,,,,,,,,,,,,,,,,,,,,,,
2025-002,2025-05-29 00:00:00,20.8,88.3,0,25.0,988.0,4.0,,,,,,,,1,0,,,,,0,,,,,,,,,,,,,,,,,,,,,,,,,,,,,,,,,,,,,,
2025-002,2025-05-29 03:00:00,21.3,88.3,0,30.0,986.0,5.0,,,,,,,,1,0,,,,,0,,,,,,,,,,,,,,,,,,,,,,,,,,,,,,,,,,,,,,
2025-002,2025-05-29 06:00:00,22.0,88.4,0,30.0,986.0,5.0,5.0,25.0,5.0,,,,,1,0,,,,,0,,,,,,,,,,,,,,,,,,,,,,,,,,,,,,,,,,,,,,
2025-006,2025-07-25 00:00:00,21.4,89.5,0,25.0,988.0,4.0,,,,,,,,1,0,,,,,0,,,,,,,,,,,,,,,,,,,,,,,,,,,,,,,,,,,,,,
2025-006,2025-07-25 03:00:00,21.7,88.8,0,25.0,988.0,4.0,,,,,,,,1,0,,,,,0,,,,,,,,,,,,,,,,,,,,,,,,,,,,,,,,,,,,,,
2025-006,2025-07-25 06:00:00,22.0,88.4,0,25.0,988.0,4.0,0.0,25.0,0.0,,,,,1,0,,,,,0,,,,,,,,,,,,,,,,,,,,,,,,,,,,,,,,,,,,,,
2025-006,2025-07-25 12:00:00,22.6,87.4,0,25.0,988.0,4.0,0.0,25.0,0.0,25.0,0.0,,,1,0,,,,,0,,,,,,,,,,,,,,,,,,,,,,,,,,,,,,,,,,,,,,
2025-006,2025-07-25 18:00:00,23.0,86.6,0,25.0,988.0,4.0,0.0,25.0,0.0,25.0,0.0,,,1,0,,,,,0,,,,,,,,,,,,,,,,,,,,,,,,,,,,,,,,,,,,,,
2025-009,2025-09-26 12:00:00,19.3,86.1,0,25.0,998.0,4.0,,,,,,,,1,0,,,,,0,,,,,,,,,,,,,,,,,,,,,,,,,,,,,,,,,,,,,,
2025-009,2025-09-26 18:00:00,19.3,85.5,0,25.0,998.0,4.0,0.0,25.0,0.0,,,,,1,0,,,,,0,,,,,,,,,,,,,,,,,,,,,,,,,,,,,,,,,,,,,,
2025-009,2025-09-27 00:00:00,19.3,84.8,0,25.0,998.0,4.0,0.0,25.0,0.0,25.0,0.0,,,1,0,,,,,0,,,,,,,,,,,,,,,,,,,,,,,,,,,,,,,,,,,,,,
2025-010,2025-10-01 06:00:00,15.8,86.5,0,25.0,998.0,3.0,,,,,,,,1,0,,,,,0,,,,,,,,,,,,,,,,,,,,,,,,,,,,,,,,,,,,,,
2025-010,2025-10-01 12:00:00,16.3,86.3,0,25.0,997.0,4.0,0.0,25.0,0.0,,,,,1,0,,,,,0,,,,,,,,,,,,,,,,,,,,,,,,,,,,,,,,,,,,,,
2025-010,2025-10-01 18:00:00,16.8,86.0,0,30.0,996.0,5.0,5.0,25.0,5.0,25.0,5.0,,,1,0,,,,,0,,,,,,,,,,,,,,,,,,,,,,,,,,,,,,,,,,,,,,
2025-010,2025-10-02 00:00:00,17.7,85.7,0,30.0,996.0,5.0,0.0,30.0,0.0,25.0,5.0,,,1,0,,,,,0,,,,,,,,,,,,,,,,,,,,,,,,,,,,,,,,,,,,,,
2025-010,2025-10-02 03:00:00,18.0,85.6,0,30.0,995.0,6.0,,,,,,,,1,0,,,,,0,,,,,,,,,,,,,,,,,,,,,,,,,,,,,,,,,,,,,,
2025-010,2025-10-02 06:00:00,18.6,85.3,0,30.0,995.0,6.0,0.0,30.0,0.0,30.0,0.0,25.0,5.0,1,0,,,,,0,,,,,,,,,,,,,,,,,,,,,,,,,,,,,,,,,,,,,,
2025-013,2025-10-25 00:00:00,10.8,89.0,0,20.0,1003.0,3.0,,,,,,,,1,0,,,,,0,,,,,,,,,,,,,,,,,,,,,,,,,,,,,,,,,,,,,,
2025-013,2025-10-25 03:00:00,10.8,88.8,0,25.0,1002.0,4.0,,,,,,,,1,0,,,,,0,,,,,,,,,,,,,,,,,,,,,,,,,,,,,,,,,,,,,,
2025-013,2025-10-25 06:00:00,10.8,88.6,0,25.0,1002.0,4.0,5.0,20.0,5.0,,,,,1,0,,,,,0,,,,,,,,,,,,,,,,,,,,,,,,,,,,,,,,,,,,,,
2025-013,2025-10-25 12:00:00,10.9,88.1,0,25.0,1002.0,4.0,0.0,25.0,0.0,20.0,5.0,,,1,0,,,,,0,,,,,,,,,,,,,,,,,,,,,,,,,,,,,,,,,,,,,,
2025-013,2025-10-25 18:00:00,11.0,87.7,0,25.0,1002.0,4.0,0.0,25.0,0.0,25.0,0.0,,,1,0,,,,,0,,,,,,,,,,,,,,,,,,,,,,,,,,,,,,,,,,,,,,
2025-013,2025-10-26 00:00:00,11.1,87.3,0,30.0,1000.0,5.0,5.0,25.0,5.0,25.0,5.0,20.0,10.0,1,0,,,,,0,,,,,,,,,,,,,,,,,,,,,,,,,,,,,,,,,,,,,,
2025-013,2025-10-26 03:00:00,11.2,87.1,0,30.0,998.0,6.0,,,,,,25.0,5.0,1,0,,,,,0,,,,,,,,,,,,,,,,,,,,,,,,,,,,,,,,,,,,,,
2025-013,2025-10-26 06:00:00,11.3,86.9,0,30.0,998.0,6.0,0.0,30.0,0.0,25.0,5.0,25.0,5.0,1,0,,,,,0,,,,,,,,,,,,,,,,,,,,,,,,,,,,,,,,,,,,,,
2025-013,2025-10-26 12:00:00,11.4,86.6,0,30.0,998.0,6.0,0.0,30.0,0.0,30.0,0.0,25.0,5.0,1,0,,,,,0,,,,,,,,,,,,,,,,,,,,,,,,,,,,,,,,,,,,,,
2025-013,2025-10-26 18:00:00,11.6,85.9,0,35.0,997.0,7.0,5.0,30.0,5.0,30.0,5.0,25.0,10.0,1,0,,,,,0,,,,,,,,,,,,,,,,,,,,,,,,,,,,,,,,,,,,,,
2025-013,2025-10-26 21:00:00,11.9,85.5,0,35.0,997.0,7.0,,,,,,,,1,0,,,,,0,,,,,,,,,,,,,,,,,,,,,,,,,,,,,,,,,,,,,,
2025-013,2025-10-27 00:00:00,12.2,85.3,0,35.0,997.0,7.0,0.0,35.0,0.0,30.0,5.0,30.0,5.0,1,0,,,,,0,,,,,,,,,,,,,,,,,,,,,,,,,,,,,,,,,,,,,,
2025-013,2025-10-27 03:00:00,12.6,84.9,0,40.0,996.0,8.0,5.0,35.0,5.0,,,30.0,10.0,1,0,,,,,0,,,,,,,,,,,,,,,,,,,,,,,,,,,,,,,,,,,,,,
2025-013,2025-10-27 06:00:00,12.8,84.6,0,40.0,996.0,8.0,5.0,35.0,5.0,35.0,5.0,30.0,10.0,1,0,,,,,0,,,,,,,,,,,,,,,,,,,,,,,,,,,,,,,,,,,,,,
2025-013,2025-10-27 09:00:00,13.0,84.2,0,40.0,995.0,9.0,0.0,40.0,0.0,35.0,5.0,,,1,0,,,,,0,,,,,,,,,,,,,,,,,,,,,,,,,,,,,,,,,,,,,,
2025-013,2025-10-27 12:00:00,13.3,84.0,0,45.0,994.0,10.0,5.0,40.0,5.0,35.0,10.0,30.0,15.0,1,0,,,,,0,,,,,,,,,,,,,,,,,,,,,,,,,,,,,,,,,,,,,,
2025-013,2025-10-27 15:00:00,13.6,83.8,0,45.0,994.0,10.0,5.0,40.0,5.0,40.0,5.0,,,1,0,,,,,0,,,,,,,,,,,,,,,,,,,,,,,,,,,,,,,,,,,,,,
2025-013,2025-10-27 18:00:00,14.0,83.5,0,45.0,993.0,11.0,0.0,45.0,0.0,40.0,5.0,35.0,10.0,1,0,,,,,0,,,,,,,,,,,,,,,,,,,,,,,,,,,,,,,,,,,,,,
2025-013,2025-10-27 21:00:00,14.4,83.3,0,45.0,992.0,12.0,0.0,45.0,0.0,40.0,5.0,35.0,10.0,1,0,,,,,0,,,,,,,,,,,,,,,,,,,,,,,,,,,,,,,,,,,,,,
2025-013,2025-10-28 00:00:00,14.7,83.0,0,50.0,991.0,13.0,5.0,45.0,5.0,45.0,5.0,35.0,15.0,1,0,,,,,0,,,,,,,,,,,,,,,,,,,,,,,,,,,,,,,,,,,,,,
2025-013,2025-10-28 03:00:00,14.9,82.9,0,50.0,991.0,13.0,5.0,45.0,5.0,45.0,5.0,40.0,10.0,1,0,,,,,0,,,,,,,,,,,,,,,,,,,,,,,,,,,,,,,,,,,,,,
2025-013,2025-10-28 06:00:00,15.2,82.7,0,50.0,991.0,13.0,0.0,50.0,0.0,45.0,5.0,40.0,10.0,1,0,,,,,0,,,,,,,,,,,,,,,,,,,,,,,,,,,,,,,,,,,,,,
2025-013,2025-10-28 12:00:00,16.0,82.2,0,50.0,990.0,14.0,0.0,50.0,0.0,50.0,0.0,45.0,5.0,1,0,,,,,0,,,,,,,,,,,,,,,,,,,,,,,,,,,,,,,,,,,,,,
2025-013,2025-10-28 18:00:00,16.3,81.7,0,50.0,990.0,14.0,0.0,50.0,0.0,50.0,0.0,45.0,5.0,1,0,,,,,0,,,,,,,,,,,,,,,,,,,,,,,,,,,,,,,,,,,,,,
2025-014,2025-11-25 03:00:00,5.4,99.7,0,20.0,1004.0,3.0,,,,,,,,1,0,2025-014_20251125_0300.npy,2025-11-25 03:00:00,0.0,0.034499173553719,1,,,,,,,,,,,,,,,,,,,,,,,,,,,,,,,,,,,,,,
2025-014,2025-11-25 06:00:00,5.3,99.5,0,20.0,1004.0,3.0,,,,,,,,1,0,,,,,0,,,,,,,,,,,,,,,,,,,,,,,,,,,,,,,,,,,,,,
2025-014,2025-11-25 12:00:00,5.1,99.0,0,25.0,1003.0,4.0,5.0,20.0,5.0,,,,,1,0,,,,,0,,,,,,,,,,,,,,,,,,,,,,,,,,,,,,,,,,,,,,
2025-014,2025-11-25 18:00:00,5.1,98.5,0,30.0,1002.0,5.0,5.0,25.0,5.0,20.0,10.0,,,1,0,,,,,0,,,,,,,,,,,,,,,,,,,,,,,,,,,,,,,,,,,,,,
2025-014,2025-11-26 00:00:00,5.0,98.0,0,40.0,999.0,8.0,10.0,30.0,10.0,25.0,15.0,,,1,0,,,,,0,,,,,,,,,,,,,,,,,,,,,,,,,,,,,,,,,,,,,,
2025-014,2025-11-26 03:00:00,4.9,97.8,0,40.0,999.0,8.0,,,,,,20.0,20.0,1,0,,,,,0,,,,,,,,,,,,,,,,,,,,,,,,,,,,,,,,,,,,,,
2025-014,2025-11-26 06:00:00,4.7,97.8,0,40.0,999.0,8.0,0.0,40.0,0.0,30.0,10.0,20.0,20.0,1,0,,,,,0,,,,,,,,,,,,,,,,,,,,,,,,,,,,,,,,,,,,,,
2025-014,2025-11-26 12:00:00,4.3,98.1,0,35.0,1000.0,7.0,-5.0,40.0,-5.0,40.0,-5.0,25.0,10.0,1,0,,,,,0,,,,,,,,,,,,,,,,,,,,,,,,,,,,,,,,,,,,,,
2025-014,2025-11-26 15:00:00,4.1,98.3,0,35.0,1000.0,7.0,-5.0,40.0,-5.0,40.0,-5.0,,,1,0,,,,,0,,,,,,,,,,,,,,,,,,,,,,,,,,,,,,,,,,,,,,
2025-015,2025-11-26 18:00:00,5.9,82.6,0,25.0,1004.0,4.0,,,,,,,,1,0,,,,,0,,,,,,,,,,,,,,,,,,,,,,,,,,,,,,,,,,,,,,
2025-015,2025-11-27 00:00:00,6.3,82.4,0,30.0,1003.0,5.0,5.0,25.0,5.0,,,,,1,0,,,,,0,,,,,,,,,,,,,,,,,,,,,,,,,,,,,,,,,,,,,,
2025-015,2025-11-27 03:00:00,6.7,82.1,0,30.0,1003.0,5.0,,,,,,,,1,0,,,,,0,,,,,,,,,,,,,,,,,,,,,,,,,,,,,,,,,,,,,,
2025-015,2025-11-27 06:00:00,6.9,81.9,0,35.0,1002.0,6.0,5.0,30.0,5.0,25.0,10.0,,,1,0,,,,,0,,,,,,,,,,,,,,,,,,,,,,,,,,,,,,,,,,,,,,
2025-015,2025-11-27 09:00:00,7.2,81.8,0,35.0,1002.0,6.0,5.0,30.0,5.0,,,,,1,0,,,,,0,,,,,,,,,,,,,,,,,,,,,,,,,,,,,,,,,,,,,,
2025-015,2025-11-27 12:00:00,7.6,81.6,0,35.0,1002.0,6.0,0.0,35.0,0.0,30.0,5.0,,,1,0,,,,,0,,,,,,,,,,,,,,,,,,,,,,,,,,,,,,,,,,,,,,
2025-015,2025-11-27 15:00:00,7.7,81.5,0,35.0,1002.0,6.0,0.0,35.0,0.0,30.0,5.0,,,1,0,,,,,0,,,,,,,,,,,,,,,,,,,,,,,,,,,,,,,,,,,,,,
2025-015,2025-11-27 18:00:00,7.9,81.3,0,35.0,1002.0,6.0,0.0,35.0,0.0,35.0,0.0,25.0,10.0,1,0,,,,,0,,,,,,,,,,,,,,,,,,,,,,,,,,,,,,,,,,,,,,
2025-015,2025-11-27 21:00:00,8.1,81.2,0,35.0,1002.0,6.0,0.0,35.0,0.0,35.0,0.0,,,1,0,,,,,0,,,,,,,,,,,,,,,,,,,,,,,,,,,,,,,,,,,,,,
2025-015,2025-11-28 00:00:00,8.2,81.1,0,35.0,1002.0,6.0,0.0,35.0,0.0,35.0,0.0,30.0,5.0,1,0,,,,,0,,,,,,,,,,,,,,,,,,,,,,,,,,,,,,,,,,,,,,
2025-015,2025-11-28 03:00:00,8.3,81.0,0,35.0,1002.0,6.0,0.0,35.0,0.0,35.0,0.0,30.0,5.0,1,0,,,,,0,,,,,,,,,,,,,,,,,,,,,,,,,,,,,,,,,,,,,,
2025-015,2025-11-28 06:00:00,8.4,81.0,0,35.0,1002.0,6.0,0.0,35.0,0.0,35.0,0.0,35.0,0.0,1,0,,,,,0,,,,,,,,,,,,,,,,,,,,,,,,,,,,,,,,,,,,,,
2025-015,2025-11-28 09:00:00,8.5,81.0,0,35.0,1002.0,6.0,0.0,35.0,0.0,35.0,0.0,35.0,0.0,1,0,,,,,0,,,,,,,,,,,,,,,,,,,,,,,,,,,,,,,,,,,,,,
2025-015,2025-11-28 12:00:00,8.7,80.9,0,35.0,1002.0,6.0,0.0,35.0,0.0,35.0,0.0,35.0,0.0,1,0,,,,,0,,,,,,,,,,,,,,,,,,,,,,,,,,,,,,,,,,,,,,
2025-015,2025-11-28 15:00:00,8.8,80.8,0,35.0,1002.0,6.0,0.0,35.0,0.0,35.0,0.0,35.0,0.0,1,0,,,,,0,,,,,,,,,,,,,,,,,,,,,,,,,,,,,,,,,,,,,,
2025-015,2025-11-28 18:00:00,9.0,80.8,0,35.0,1002.0,6.0,0.0,35.0,0.0,35.0,0.0,35.0,0.0,1,0,,,,,0,,,,,,,,,,,,,,,,,,,,,,,,,,,,,,,,,,,,,,
2025-015,2025-11-28 21:00:00,9.2,80.8,0,35.0,1001.0,7.0,0.0,35.0,0.0,35.0,0.0,35.0,0.0,1,0,,,,,0,,,,,,,,,,,,,,,,,,,,,,,,,,,,,,,,,,,,,,
2025-015,2025-11-29 00:00:00,9.4,80.7,0,35.0,1001.0,7.0,0.0,35.0,0.0,35.0,0.0,35.0,0.0,1,0,,,,,0,,,,,,,,,,,,,,,,,,,,,,,,,,,,,,,,,,,,,,
2025-015,2025-11-29 03:00:00,9.6,80.7,0,40.0,1000.0,8.0,5.0,35.0,5.0,35.0,5.0,35.0,5.0,1,0,,,,,0,,,,,,,,,,,,,,,,,,,,,,,,,,,,,,,,,,,,,,
2025-015,2025-11-29 06:00:00,9.9,80.7,0,40.0,1000.0,8.0,5.0,35.0,5.0,35.0,5.0,35.0,5.0,1,0,,,,,0,,,,,,,,,,,,,,,,,,,,,,,,,,,,,,,,,,,,,,
2025-015,2025-11-29 09:00:00,10.1,80.6,0,40.0,1000.0,8.0,0.0,40.0,0.0,35.0,5.0,35.0,5.0,1,0,,,,,0,,,,,,,,,,,,,,,,,,,,,,,,,,,,,,,,,,,,,,
2025-015,2025-11-29 12:00:00,10.4,80.6,0,40.0,1000.0,8.0,0.0,40.0,0.0,35.0,5.0,35.0,5.0,1,0,,,,,0,,,,,,,,,,,,,,,,,,,,,,,,,,,,,,,,,,,,,,
2025-015,2025-11-29 18:00:00,10.7,80.6,0,40.0,1000.0,8.0,0.0,40.0,0.0,40.0,0.0,35.0,5.0,1,0,,,,,0,,,,,,,,,,,,,,,,,,,,,,,,,,,,,,,,,,,,,,
2025-015,2025-11-30 00:00:00,11.1,80.6,0,40.0,1000.0,8.0,0.0,40.0,0.0,40.0,0.0,35.0,5.0,1,0,,,,,0,,,,,,,,,,,,,,,,,,,,,,,,,,,,,,,,,,,,,,
2025-015,2025-11-30 03:00:00,11.4,80.6,0,40.0,1000.0,8.0,0.0,40.0,0.0,40.0,0.0,40.0,0.0,1,0,,,,,0,,,,,,,,,,,,,,,,,,,,,,,,,,,,,,,,,,,,,,
2025-015,2025-11-30 06:00:00,11.5,80.6,0,35.0,1001.0,7.0,-5.0,40.0,-5.0,40.0,-5.0,40.0,-5.0,1,0,,,,,0,,,,,,,,,,,,,,,,,,,,,,,,,,,,,,,,,,,,,,
2025-015,2025-11-30 12:00:00,11.8,80.6,0,30.0,1003.0,5.0,-5.0,35.0,-5.0,40.0,-10.0,40.0,-10.0,1,0,,,,,0,,,,,,,,,,,,,,,,,,,,,,,,,,,,,,,,,,,,,,
2025-015,2025-11-30 18:00:00,12.3,80.6,0,30.0,1003.0,5.0,0.0,30.0,0.0,35.0,-5.0,40.0,-10.0,1,0,,,,,0,,,,,,,,,,,,,,,,,,,,,,,,,,,,,,,,,,,,,,
2025-015,2025-12-01 00:00:00,12.8,80.6,0,30.0,1003.0,5.0,0.0,30.0,0.0,30.0,0.0,40.0,-10.0,1,0,,,,,0,,,,,,,,,,,,,,,,,,,,,,,,,,,,,,,,,,,,,,
2025-015,2025-12-01 03:00:00,12.8,80.6,0,30.0,1003.0,5.0,,,,,,40.0,-10.0,1,0,,,,,0,,,,,,,,,,,,,,,,,,,,,,,,,,,,,,,,,,,,,,
2025-015,2025-12-01 06:00:00,13.0,80.6,0,30.0,1003.0,5.0,0.0,30.0,0.0,30.0,0.0,35.0,-5.0,1,0,,,,,0,,,,,,,,,,,,,,,,,,,,,,,,,,,,,,,,,,,,,,
2025-015,2025-12-01 12:00:00,13.0,80.6,0,30.0,1003.0,5.0,0.0,30.0,0.0,30.0,0.0,30.0,0.0,1,0,,,,,0,,,,,,,,,,,,,,,,,,,,,,,,,,,,,,,,,,,,,,
2025-015,2025-12-01 18:00:00,13.0,80.6,0,30.0,1003.0,5.0,0.0,30.0,0.0,30.0,0.0,30.0,0.0,1,0,,,,,0,,,,,,,,,,,,,,,,,,,,,,,,,,,,,,,,,,,,,,
2026-001,2026-01-07 03:00:00,4.8,88.2,0,25.0,1008.0,3.0,,,,,,,,1,0,,,,,0,,,,,,,,,,,,,,,,,,,,,,,,,,,,,,,,,,,,,,
2026-001,2026-01-07 06:00:00,4.9,87.6,0,25.0,1008.0,4.0,,,,,,,,1,0,,,,,0,,,,,,,,,,,,,,,,,,,,,,,,,,,,,,,,,,,,,,
2026-001,2026-01-07 12:00:00,5.0,86.8,0,25.0,1007.0,5.0,0.0,25.0,0.0,,,,,1,0,,,,,0,,,,,,,,,,,,,,,,,,,,,,,,,,,,,,,,,,,,,,
2026-001,2026-01-07 18:00:00,5.2,86.0,0,25.0,1007.0,5.0,0.0,25.0,0.0,25.0,0.0,,,1,0,,,,,0,,,,,,,,,,,,,,,,,,,,,,,,,,,,,,,,,,,,,,
2026-001,2026-01-08 00:00:00,5.4,85.3,0,30.0,1006.0,5.0,5.0,25.0,5.0,25.0,5.0,,,1,0,,,,,0,,,,,,,,,,,,,,,,,,,,,,,,,,,,,,,,,,,,,,
2026-001,2026-01-08 03:00:00,5.5,84.8,0,30.0,1005.0,6.0,,,,,,25.0,5.0,1,0,,,,,0,,,,,,,,,,,,,,,,,,,,,,,,,,,,,,,,,,,,,,
2026-001,2026-01-08 06:00:00,5.7,84.5,0,30.0,1005.0,6.0,0.0,30.0,0.0,25.0,5.0,25.0,5.0,1,0,,,,,0,,,,,,,,,,,,,,,,,,,,,,,,,,,,,,,,,,,,,,
2026-001,2026-01-08 12:00:00,6.3,84.0,0,30.0,1005.0,5.0,0.0,30.0,0.0,30.0,0.0,25.0,5.0,1,0,,,,,0,,,,,,,,,,,,,,,,,,,,,,,,,,,,,,,,,,,,,,
2026-001,2026-01-08 18:00:00,6.7,83.6,0,30.0,1004.0,5.0,0.0,30.0,0.0,30.0,0.0,25.0,5.0,1,0,,,,,0,,,,,,,,,,,,,,,,,,,,,,,,,,,,,,,,,,,,,,
2026-001,2026-01-09 00:00:00,7.0,83.4,0,30.0,1004.0,5.0,0.0,30.0,0.0,30.0,0.0,30.0,0.0,1,0,,,,,0,,,,,,,,,,,,,,,,,,,,,,,,,,,,,,,,,,,,,,
2026-001,2026-01-09 03:00:00,7.4,83.2,0,30.0,1004.0,5.0,,,,,,30.0,0.0,1,0,,,,,0,,,,,,,,,,,,,,,,,,,,,,,,,,,,,,,,,,,,,,
2026-001,2026-01-09 06:00:00,7.8,83.0,0,30.0,1004.0,5.0,0.0,30.0,0.0,30.0,0.0,30.0,0.0,1,0,,,,,0,,,,,,,,,,,,,,,,,,,,,,,,,,,,,,,,,,,,,,
2026-001,2026-01-09 12:00:00,8.3,82.6,0,30.0,1004.0,5.0,0.0,30.0,0.0,30.0,0.0,30.0,0.0,1,0,,,,,0,,,,,,,,,,,,,,,,,,,,,,,,,,,,,,,,,,,,,,
